#Data Set Export - Depth Below Ground.Publish@RN016680,,
Latest telemetry data is sourced directly from logging devices and is unverified. No guarantee is made as to the accuracy or reliability of the data until it is approved. Use with caution.,,
Timestamp (UTC+09:30),Event Timestamp (UTC+09:30),Value (m)
1996-09-27 00:00:00,,-12.98
1996-09-27 00:00:01,,NaN
1996-10-17 19:39:59,,NaN
1996-10-17 19:40:00,,-13.034
1996-10-17 19:40:01,,NaN
1996-10-24 01:39:59,,NaN
1996-10-24 01:40:00,,-13.05
1996-10-24 01:40:01,,NaN
1996-11-07 15:19:59,,NaN
1996-11-07 15:20:00,,-13.037
1996-11-07 15:20:01,,NaN
1996-11-27 18:39:59,,NaN
1996-11-27 18:40:00,,-13.022
1996-11-28 11:00:00,,-13.023
1996-11-28 11:00:01,,NaN
1996-12-19 06:39:59,,NaN
1996-12-19 06:40:00,,-13.069
1996-12-20 16:00:00,,-13.07
1996-12-20 16:00:01,,NaN
1997-01-09 02:19:59,,NaN
1997-01-09 02:20:00,,-13.066
1997-01-09 02:20:01,,NaN
1997-01-29 21:59:59,,NaN
1997-01-29 22:00:00,,-13.062
1997-01-29 22:00:01,,NaN
1997-02-07 05:59:59,,NaN
1997-02-07 06:00:00,,-13.06
1997-02-07 06:00:01,,NaN
1997-02-19 17:39:59,,NaN
1997-02-19 17:40:00,,-13.08
1997-02-19 17:40:01,,NaN
1997-03-11 04:19:59,,NaN
1997-03-11 04:20:00,,-13.11
1997-03-12 13:20:00,,-13.112
1997-03-12 13:20:01,,NaN
1997-04-02 08:59:59,,NaN
1997-04-02 09:00:00,,-13.134
1997-04-02 09:00:01,,NaN
1997-04-18 06:29:59,,NaN
1997-04-18 06:30:00,,-13.149
1997-04-18 06:30:01,,NaN
1997-04-23 04:39:59,,NaN
1997-04-23 04:40:00,,-13.138
1997-04-23 04:40:01,,NaN
1997-05-14 00:19:59,,NaN
1997-05-14 00:20:00,,-13.092
1997-05-15 09:40:00,,-13.09
1997-05-15 09:40:01,,NaN
1997-06-03 19:59:59,,NaN
1997-06-03 20:00:00,,-13.097
1997-06-03 20:00:01,,NaN
1997-06-12 23:59:59,,NaN
1997-06-13 00:00:00,,-13.1
1997-06-13 00:00:01,,NaN
1997-10-07 17:59:59,,NaN
1997-10-07 18:00:00,,-13.121
1997-10-08 00:00:00,,-13.121
1997-10-08 06:00:00,,-13.121
1997-10-08 12:00:00,,-13.135
1997-10-08 18:00:00,,-13.128
1997-10-09 00:00:00,,-13.128
1997-10-09 06:00:00,,-13.127
1997-10-09 12:00:00,,-13.131
1997-10-09 18:00:00,,-13.115
1997-10-10 06:00:00,,-13.115
1997-10-10 12:00:00,,-13.125
1997-10-10 18:00:00,,-13.12
1997-10-11 00:00:00,,-13.121
1997-10-11 06:00:00,,-13.125
1997-10-11 12:00:00,,-13.143
1997-10-11 12:00:01,,NaN
1997-11-17 11:59:59,,NaN
1997-11-17 12:00:00,,-13.11
1997-11-17 12:00:01,,NaN
1998-03-03 11:59:59,,NaN
1998-03-03 12:00:00,,-13.16
1998-03-03 12:00:01,,NaN
1998-06-01 11:59:59,,NaN
1998-06-01 12:00:00,,-13.21
1998-06-01 12:00:01,,NaN
1998-09-15 11:59:59,,NaN
1998-09-15 12:00:00,,-13.23
1998-09-15 12:00:01,,NaN
1998-10-19 12:59:59,,NaN
1998-10-19 13:00:00,,-13.16
1998-10-19 18:00:00,,-13.16
1998-10-19 18:05:00,,-13.138
1998-10-20 00:05:00,,-13.231
1998-10-20 06:04:59,,-13.261
1998-10-20 12:04:59,,-13.326
1998-10-20 18:04:59,,-13.312
1998-10-21 00:04:59,,-13.332
1998-10-21 06:04:58,,-13.332
1998-10-21 12:04:58,,-13.356
1998-10-21 18:04:58,,-13.321
1998-10-22 00:04:58,,-13.332
1998-10-22 06:04:57,,-13.332
1998-10-22 12:04:57,,-13.342
1998-10-22 18:04:57,,-13.291
1998-10-23 00:04:57,,-13.305
1998-10-23 06:04:56,,-13.305
1998-10-23 12:04:56,,-13.308
1998-10-23 18:04:56,,-13.259
1998-10-24 00:04:56,,-13.256
1998-10-24 12:04:55,,-13.256
1998-10-24 18:04:55,,-13.213
1998-10-25 00:04:55,,-13.212
1998-10-25 06:04:54,,-13.211
1998-10-25 12:04:54,,-13.211
1998-10-25 18:04:54,,-13.152
1998-10-26 00:04:54,,-13.152
1998-10-26 06:04:53,,-13.162
1998-10-26 12:04:53,,-13.197
1998-10-26 18:04:53,,-13.197
1998-10-27 00:04:53,,-13.219
1998-10-27 06:04:52,,-13.243
1998-10-27 12:04:52,,-13.281
1998-10-27 18:04:52,,-13.265
1998-10-28 06:04:51,,-13.265
1998-10-28 12:04:51,,-13.269
1998-10-28 18:04:51,,-13.213
1998-10-29 00:04:51,,-13.245
1998-10-29 06:04:50,,-13.243
1998-10-29 12:04:50,,-13.252
1998-10-29 18:04:50,,-13.215
1998-10-30 00:04:50,,-13.245
1998-10-30 06:04:49,,-13.237
1998-10-30 12:04:49,,-13.256
1998-10-30 18:04:49,,-13.251
1998-10-31 00:04:49,,-13.269
1998-10-31 06:04:48,,-13.279
1998-10-31 12:04:48,,-13.309
1998-10-31 18:04:48,,-13.272
1998-11-01 00:04:48,,-13.289
1998-11-01 06:04:47,,-13.289
1998-11-01 12:04:47,,-13.294
1998-11-01 18:04:47,,-13.251
1998-11-02 00:04:47,,-13.26
1998-11-02 06:04:46,,-13.255
1998-11-02 12:04:46,,-13.273
1998-11-02 18:04:46,,-13.236
1998-11-03 00:04:46,,-13.249
1998-11-03 06:04:45,,-13.249
1998-11-03 12:04:45,,-13.252
1998-11-03 18:04:45,,-13.203
1998-11-04 00:04:45,,-13.217
1998-11-04 06:04:44,,-13.209
1998-11-04 12:04:44,,-13.221
1998-11-04 18:04:44,,-13.188
1998-11-05 00:04:44,,-13.213
1998-11-05 06:04:43,,-13.213
1998-11-05 12:04:43,,-13.248
1998-11-05 18:04:43,,-13.199
1998-11-06 00:04:43,,-13.212
1998-11-06 06:04:42,,-13.213
1998-11-06 12:04:42,,-13.232
1998-11-06 18:04:42,,-13.192
1998-11-07 00:04:42,,-13.193
1998-11-07 06:04:41,,-13.198
1998-11-07 12:04:41,,-13.22
1998-11-07 18:04:41,,-13.201
1998-11-08 00:04:41,,-13.235
1998-11-08 06:04:40,,-13.235
1998-11-08 12:04:40,,-13.246
1998-11-08 18:04:40,,-13.228
1998-11-09 00:04:40,,-13.237
1998-11-09 06:04:39,,-13.237
1998-11-09 12:04:39,,-13.242
1998-11-09 18:04:39,,-13.245
1998-11-10 00:04:39,,-13.257
1998-11-10 12:04:38,,-13.257
1998-11-10 18:04:38,,-13.235
1998-11-11 06:04:37,,-13.235
1998-11-11 12:04:37,,-13.237
1998-11-11 18:04:37,,-13.201
1998-11-12 00:04:37,,-13.204
1998-11-12 06:04:36,,-13.204
1998-11-12 12:04:36,,-13.217
1998-11-12 18:04:36,,-13.201
1998-11-13 00:04:36,,-13.201
1998-11-13 06:04:35,,-13.204
1998-11-13 12:04:35,,-13.224
1998-11-13 18:04:35,,-13.195
1998-11-14 00:04:35,,-13.197
1998-11-14 06:04:34,,-13.21
1998-11-14 12:04:34,,-13.234
1998-11-14 18:04:34,,-13.199
1998-11-15 00:04:34,,-13.199
1998-11-15 06:04:33,,-13.194
1998-11-15 12:04:33,,-13.215
1998-11-15 18:04:33,,-13.191
1998-11-16 00:04:33,,-13.203
1998-11-16 06:04:32,,-13.204
1998-11-16 12:04:32,,-13.241
1998-11-16 18:04:32,,-13.201
1998-11-17 00:04:32,,-13.213
1998-11-17 06:04:31,,-13.213
1998-11-17 12:04:31,,-13.242
1998-11-17 18:04:31,,-13.204
1998-11-18 00:04:31,,-13.222
1998-11-18 06:04:30,,-13.232
1998-11-18 12:04:30,,-13.26
1998-11-18 18:04:30,,-13.228
1998-11-19 00:04:30,,-13.238
1998-11-19 06:04:29,,-13.238
1998-11-19 12:04:29,,-13.292
1998-11-19 18:04:29,,-13.26
1998-11-20 00:04:29,,-13.26
1998-11-20 06:04:28,,-13.249
1998-11-20 12:04:28,,-13.255
1998-11-20 18:04:28,,-13.212
1998-11-21 06:04:27,,-13.212
1998-11-21 12:04:27,,-13.227
1998-11-21 18:04:27,,-13.184
1998-11-22 00:04:26,,-13.181
1998-11-22 06:04:26,,-13.181
1998-11-22 12:04:26,,-13.194
1998-11-22 18:04:26,,-13.16
1998-11-23 00:04:25,,-13.16
1998-11-23 06:04:25,,-13.154
1998-11-23 12:04:25,,-13.154
1998-11-23 18:04:25,,-13.106
1998-11-24 00:04:24,,-13.113
1998-11-24 06:04:24,,-13.114
1998-11-24 12:04:24,,-13.13
1998-11-24 18:04:24,,-13.113
1998-11-25 00:04:23,,-13.129
1998-11-25 06:04:23,,-13.149
1998-11-25 12:04:23,,-13.17
1998-11-25 18:04:23,,-13.158
1998-11-26 00:04:22,,-13.157
1998-11-26 06:04:22,,-13.17
1998-11-26 12:04:22,,-13.211
1998-11-26 18:04:22,,-13.206
1998-11-27 00:04:21,,-13.206
1998-11-27 06:04:21,,-13.212
1998-11-27 12:04:21,,-13.246
1998-11-27 18:04:21,,-13.246
1998-11-28 00:04:20,,-13.285
1998-11-28 06:04:20,,-13.299
1998-11-28 12:04:20,,-13.326
1998-11-28 18:04:20,,-13.293
1998-11-29 00:04:19,,-13.293
1998-11-29 06:04:19,,-13.301
1998-11-29 12:04:19,,-13.325
1998-11-29 18:04:19,,-13.281
1998-11-30 00:04:18,,-13.3
1998-11-30 06:04:18,,-13.3
1998-11-30 12:04:18,,-13.319
1998-11-30 18:04:18,,-13.269
1998-12-01 00:04:17,,-13.271
1998-12-01 06:04:17,,-13.271
1998-12-01 12:04:17,,-13.291
1998-12-01 18:04:17,,-13.236
1998-12-02 00:04:16,,-13.25
1998-12-02 06:04:16,,-13.25
1998-12-02 12:04:16,,-13.279
1998-12-02 18:04:16,,-13.225
1998-12-03 00:04:15,,-13.25
1998-12-03 06:04:15,,-13.25
1998-12-03 12:04:15,,-13.277
1998-12-03 18:04:15,,-13.233
1998-12-04 00:04:14,,-13.252
1998-12-04 06:04:14,,-13.254
1998-12-04 12:04:14,,-13.278
1998-12-04 18:04:14,,-13.235
1998-12-05 00:04:13,,-13.263
1998-12-05 06:04:13,,-13.268
1998-12-05 12:04:13,,-13.293
1998-12-05 18:04:13,,-13.267
1998-12-06 00:04:12,,-13.28
1998-12-06 06:04:12,,-13.281
1998-12-06 12:04:12,,-13.293
1998-12-06 18:04:12,,-13.255
1998-12-07 00:04:11,,-13.26
1998-12-07 06:04:11,,-13.261
1998-12-07 12:04:11,,-13.278
1998-12-07 18:04:11,,-13.252
1998-12-08 00:04:10,,-13.247
1998-12-08 06:04:10,,-13.249
1998-12-08 12:04:10,,-13.266
1998-12-08 18:04:10,,-13.259
1998-12-09 06:04:09,,-13.259
1998-12-09 12:04:09,,-13.273
1998-12-09 18:04:09,,-13.248
1998-12-10 06:04:08,,-13.248
1998-12-10 12:04:08,,-13.26
1998-12-10 18:04:08,,-13.234
1998-12-11 00:04:07,,-13.233
1998-12-11 06:04:07,,-13.237
1998-12-11 12:04:07,,-13.265
1998-12-11 18:04:07,,-13.228
1998-12-12 00:04:06,,-13.234
1998-12-12 06:04:06,,-13.251
1998-12-12 12:04:06,,-13.269
1998-12-12 18:04:06,,-13.237
1998-12-13 00:04:05,,-13.245
1998-12-13 06:04:05,,-13.253
1998-12-13 12:04:05,,-13.274
1998-12-13 18:04:05,,-13.241
1998-12-14 00:04:04,,-13.25
1998-12-14 06:04:04,,-13.253
1998-12-14 12:04:04,,-13.264
1998-12-14 18:04:04,,-13.231
1998-12-15 00:04:03,,-13.244
1998-12-15 06:04:03,,-13.244
1998-12-15 12:04:03,,-13.253
1998-12-15 18:04:03,,-13.223
1998-12-16 00:04:02,,-13.224
1998-12-16 06:04:02,,-13.224
1998-12-16 12:04:02,,-13.26
1998-12-16 18:04:02,,-13.215
1998-12-17 00:04:01,,-13.224
1998-12-17 06:04:01,,-13.224
1998-12-17 12:04:01,,-13.246
1998-12-17 18:04:01,,-13.207
1998-12-18 00:04:00,,-13.217
1998-12-18 06:04:00,,-13.217
1998-12-18 12:04:00,,-13.264
1998-12-18 18:04:00,,-13.232
1998-12-19 00:03:59,,-13.231
1998-12-19 06:03:59,,-13.228
1998-12-19 12:03:59,,-13.235
1998-12-19 18:03:59,,-13.188
1998-12-20 00:03:58,,-13.203
1998-12-20 06:03:58,,-13.2
1998-12-20 12:03:58,,-13.24
1998-12-20 18:03:58,,-13.228
1998-12-21 00:03:57,,-13.261
1998-12-21 06:03:57,,-13.267
1998-12-21 12:03:57,,-13.298
1998-12-21 18:03:57,,-13.299
1998-12-22 00:03:56,,-13.305
1998-12-22 12:03:56,,-13.305
1998-12-22 18:03:56,,-13.268
1998-12-23 12:03:55,,-13.268
1998-12-23 18:03:55,,-13.243
1998-12-24 00:03:54,,-13.241
1998-12-24 12:03:54,,-13.241
1998-12-24 18:03:54,,-13.229
1998-12-25 00:03:53,,-13.229
1998-12-25 06:03:53,,-13.228
1998-12-25 12:03:53,,-13.228
1998-12-25 18:03:52,,-13.203
1998-12-26 06:03:52,,-13.203
1998-12-26 12:03:52,,-13.206
1998-12-26 18:03:51,,-13.188
1998-12-27 00:03:51,,-13.201
1998-12-27 06:03:51,,-13.233
1998-12-27 12:03:51,,-13.257
1998-12-27 18:03:50,,-13.238
1998-12-28 00:03:50,,-13.237
1998-12-28 06:03:50,,-13.253
1998-12-28 12:03:50,,-13.268
1998-12-28 18:03:49,,-13.247
1998-12-29 00:03:49,,-13.26
1998-12-29 06:03:49,,-13.249
1998-12-29 12:03:49,,-13.252
1998-12-29 18:03:48,,-13.207
1998-12-30 00:03:48,,-13.213
1998-12-30 06:03:48,,-13.217
1998-12-30 12:03:48,,-13.249
1998-12-30 18:03:47,,-13.208
1998-12-31 00:03:47,,-13.227
1998-12-31 06:03:47,,-13.227
1998-12-31 12:03:47,,-13.253
1998-12-31 18:03:46,,-13.215
1999-01-01 00:03:46,,-13.237
1999-01-01 06:03:46,,-13.237
1999-01-01 12:03:46,,-13.252
1999-01-01 18:03:45,,-13.208
1999-01-02 00:03:45,,-13.228
1999-01-02 06:03:45,,-13.229
1999-01-02 12:03:45,,-13.247
1999-01-02 18:03:44,,-13.201
1999-01-03 00:03:44,,-13.226
1999-01-03 06:03:44,,-13.227
1999-01-03 12:03:44,,-13.257
1999-01-03 18:03:43,,-13.209
1999-01-04 00:03:43,,-13.225
1999-01-04 06:03:43,,-13.229
1999-01-04 12:03:43,,-13.257
1999-01-04 18:03:42,,-13.213
1999-01-05 00:03:42,,-13.22
1999-01-05 06:03:42,,-13.225
1999-01-05 12:03:42,,-13.249
1999-01-05 18:03:41,,-13.208
1999-01-06 00:03:41,,-13.221
1999-01-06 06:03:41,,-13.221
1999-01-06 12:03:41,,-13.231
1999-01-06 18:03:40,,-13.204
1999-01-07 00:03:40,,-13.205
1999-01-07 06:03:40,,-13.215
1999-01-07 12:03:40,,-13.231
1999-01-07 18:03:39,,-13.217
1999-01-08 00:03:39,,-13.217
1999-01-08 06:03:39,,-13.221
1999-01-08 12:03:39,,-13.241
1999-01-08 18:03:38,,-13.221
1999-01-09 00:03:38,,-13.217
1999-01-09 06:03:38,,-13.23
1999-01-09 12:03:38,,-13.25
1999-01-09 18:03:37,,-13.237
1999-01-10 00:03:37,,-13.232
1999-01-10 06:03:37,,-13.235
1999-01-10 12:03:37,,-13.257
1999-01-10 18:03:36,,-13.227
1999-01-11 00:03:36,,-13.227
1999-01-11 06:03:36,,-13.233
1999-01-11 12:03:36,,-13.257
1999-01-11 18:03:35,,-13.235
1999-01-12 00:03:35,,-13.266
1999-01-12 06:03:35,,-13.269
1999-01-12 12:03:35,,-13.293
1999-01-12 18:03:34,,-13.264
1999-01-13 00:03:34,,-13.288
1999-01-13 06:03:34,,-13.293
1999-01-13 12:03:34,,-13.309
1999-01-13 18:03:33,,-13.264
1999-01-14 00:03:33,,-13.273
1999-01-14 06:03:33,,-13.273
1999-01-14 12:03:33,,-13.293
1999-01-14 18:03:32,,-13.259
1999-01-15 00:03:32,,-13.264
1999-01-15 06:03:32,,-13.264
1999-01-15 12:03:32,,-13.265
1999-01-15 18:03:31,,-13.231
1999-01-16 00:03:31,,-13.24
1999-01-16 06:03:31,,-13.256
1999-01-16 12:03:31,,-13.289
1999-01-16 18:03:30,,-13.255
1999-01-17 00:03:30,,-13.259
1999-01-17 06:03:30,,-13.259
1999-01-17 12:03:30,,-13.274
1999-01-17 18:03:29,,-13.217
1999-01-18 00:03:29,,-13.22
1999-01-18 06:03:29,,-13.217
1999-01-18 12:03:29,,-13.217
1999-01-18 18:03:28,,-13.168
1999-01-19 00:03:28,,-13.179
1999-01-19 06:03:28,,-13.181
1999-01-19 12:03:28,,-13.208
1999-01-19 18:03:27,,-13.187
1999-01-20 00:03:27,,-13.213
1999-01-20 06:03:27,,-13.225
1999-01-20 12:03:27,,-13.251
1999-01-20 18:03:26,,-13.231
1999-01-21 00:03:26,,-13.235
1999-01-21 06:03:26,,-13.243
1999-01-21 12:03:26,,-13.257
1999-01-21 18:03:25,,-13.233
1999-01-22 00:03:25,,-13.233
1999-01-22 06:03:25,,-13.241
1999-01-22 12:03:25,,-13.253
1999-01-22 18:03:24,,-13.224
1999-01-23 00:03:24,,-13.221
1999-01-23 06:03:24,,-13.225
1999-01-23 12:03:24,,-13.242
1999-01-23 18:03:23,,-13.217
1999-01-24 00:03:23,,-13.224
1999-01-24 06:03:23,,-13.236
1999-01-24 12:03:23,,-13.257
1999-01-24 18:03:22,,-13.233
1999-01-25 00:03:22,,-13.232
1999-01-25 06:03:22,,-13.236
1999-01-25 12:03:22,,-13.252
1999-01-25 18:03:21,,-13.216
1999-01-26 00:03:21,,-13.216
1999-01-26 06:03:21,,-13.221
1999-01-26 12:03:21,,-13.236
1999-01-26 18:03:20,,-13.201
1999-01-27 00:03:20,,-13.22
1999-01-27 06:03:20,,-13.245
1999-01-27 12:03:19,,-13.274
1999-01-27 18:03:19,,-13.235
1999-01-28 00:03:19,,-13.24
1999-01-28 06:03:19,,-13.25
1999-01-28 12:03:18,,-13.281
1999-01-28 18:03:18,,-13.239
1999-01-29 00:03:18,,-13.241
1999-01-29 06:03:18,,-13.242
1999-01-29 12:03:17,,-13.273
1999-01-29 18:03:17,,-13.215
1999-01-30 00:03:17,,-13.245
1999-01-30 06:03:17,,-13.255
1999-01-30 12:03:16,,-13.291
1999-01-30 18:03:16,,-13.249
1999-01-31 00:03:16,,-13.265
1999-01-31 06:03:16,,-13.278
1999-01-31 12:03:15,,-13.309
1999-01-31 18:03:15,,-13.276
1999-02-01 00:03:15,,-13.3
1999-02-01 06:03:15,,-13.309
1999-02-01 12:03:14,,-13.321
1999-02-01 18:03:14,,-13.296
1999-02-02 00:03:14,,-13.302
1999-02-02 06:03:14,,-13.303
1999-02-02 12:03:13,,-13.321
1999-02-02 18:03:13,,-13.283
1999-02-03 00:03:13,,-13.3
1999-02-03 06:03:13,,-13.301
1999-02-03 12:03:12,,-13.324
1999-02-03 18:03:12,,-13.294
1999-02-04 00:03:12,,-13.297
1999-02-04 06:03:12,,-13.305
1999-02-04 12:03:11,,-13.313
1999-02-04 18:03:11,,-13.269
1999-02-05 00:03:11,,-13.272
1999-02-05 06:03:11,,-13.279
1999-02-05 12:03:10,,-13.281
1999-02-05 18:03:10,,-13.263
1999-02-06 06:03:10,,-13.263
1999-02-06 12:03:09,,-13.27
1999-02-06 18:03:09,,-13.245
1999-02-07 00:03:09,,-13.254
1999-02-07 06:03:09,,-13.274
1999-02-07 12:03:08,,-13.294
1999-02-07 18:03:08,,-13.281
1999-02-08 00:03:08,,-13.288
1999-02-08 06:03:08,,-13.289
1999-02-08 12:03:07,,-13.3
1999-02-08 18:03:07,,-13.272
1999-02-09 00:03:07,,-13.271
1999-02-09 06:03:07,,-13.271
1999-02-09 12:03:06,,-13.283
1999-02-09 18:03:06,,-13.273
1999-02-10 00:03:06,,-13.273
1999-02-10 06:03:06,,-13.26
1999-02-10 12:03:05,,-13.275
1999-02-10 18:03:05,,-13.255
1999-02-11 00:03:05,,-13.256
1999-02-11 06:03:05,,-13.27
1999-02-11 12:03:04,,-13.296
1999-02-11 18:03:04,,-13.261
1999-02-12 00:03:04,,-13.269
1999-02-12 06:03:04,,-13.269
1999-02-12 12:03:03,,-13.293
1999-02-12 18:03:03,,-13.255
1999-02-13 00:03:03,,-13.266
1999-02-13 06:03:03,,-13.267
1999-02-13 12:03:02,,-13.275
1999-02-13 18:03:02,,-13.231
1999-02-14 00:03:02,,-13.236
1999-02-14 06:03:02,,-13.237
1999-02-14 12:03:01,,-13.275
1999-02-14 18:03:01,,-13.235
1999-02-15 00:03:01,,-13.255
1999-02-15 06:03:01,,-13.256
1999-02-15 12:03:00,,-13.286
1999-02-15 18:03:00,,-13.255
1999-02-16 00:03:00,,-13.276
1999-02-16 06:03:00,,-13.28
1999-02-16 12:02:59,,-13.317
1999-02-16 18:02:59,,-13.293
1999-02-17 00:02:59,,-13.313
1999-02-17 06:02:59,,-13.313
1999-02-17 12:02:58,,-13.338
1999-02-17 18:02:58,,-13.313
1999-02-18 00:02:58,,-13.325
1999-02-18 06:02:58,,-13.332
1999-02-18 12:02:57,,-13.369
1999-02-18 18:02:57,,-13.337
1999-02-19 00:02:57,,-13.353
1999-02-19 06:02:57,,-13.36
1999-02-19 12:02:56,,-13.373
1999-02-19 18:02:56,,-13.336
1999-02-20 00:02:56,,-13.34
1999-02-20 06:02:56,,-13.346
1999-02-20 12:02:55,,-13.349
1999-02-20 18:02:55,,-13.329
1999-02-21 00:02:55,,-13.313
1999-02-21 06:02:55,,-13.322
1999-02-21 12:02:54,,-13.331
1999-02-21 18:02:54,,-13.312
1999-02-22 00:02:54,,-13.307
1999-02-22 06:02:54,,-13.307
1999-02-22 12:02:53,,-13.321
1999-02-22 18:02:53,,-13.299
1999-02-23 00:02:53,,-13.297
1999-02-23 06:02:53,,-13.297
1999-02-23 12:02:52,,-13.321
1999-02-23 18:02:52,,-13.307
1999-02-24 00:02:52,,-13.313
1999-02-24 06:02:52,,-13.348
1999-02-24 12:02:51,,-13.373
1999-02-24 18:02:51,,-13.343
1999-02-25 06:02:51,,-13.343
1999-02-25 12:02:50,,-13.344
1999-02-25 18:02:50,,-13.307
1999-02-26 06:02:50,,-13.307
1999-02-26 12:02:49,,-13.319
1999-02-26 18:02:49,,-13.303
1999-02-27 00:02:49,,-13.311
1999-02-27 06:02:49,,-13.311
1999-02-27 12:02:48,,-13.331
1999-02-27 18:02:48,,-13.297
1999-02-28 00:02:48,,-13.316
1999-02-28 06:02:48,,-13.316
1999-02-28 12:02:47,,-13.337
1999-02-28 18:02:47,,-13.297
1999-03-01 00:02:47,,-13.317
1999-03-01 06:02:46,,-13.317
1999-03-01 12:02:46,,-13.331
1999-03-01 18:02:46,,-13.297
1999-03-02 00:02:46,,-13.312
1999-03-02 06:02:45,,-13.312
1999-03-02 12:02:45,,-13.341
1999-03-02 18:02:45,,-13.303
1999-03-03 00:02:45,,-13.324
1999-03-03 06:02:44,,-13.325
1999-03-03 12:02:44,,-13.35
1999-03-03 18:02:44,,-13.236
1999-03-04 00:02:44,,-13.24
1999-03-04 06:02:43,,-13.242
1999-03-04 12:02:43,,-13.271
1999-03-04 18:02:43,,-13.24
1999-03-05 00:02:43,,-13.25
1999-03-05 06:02:42,,-13.256
1999-03-05 12:02:42,,-13.279
1999-03-05 18:02:42,,-13.251
1999-03-06 00:02:42,,-13.252
1999-03-06 06:02:41,,-13.259
1999-03-06 12:02:41,,-13.28
1999-03-06 18:02:41,,-13.24
1999-03-07 00:02:41,,-13.259
1999-03-07 06:02:40,,-13.264
1999-03-07 12:02:40,,-13.281
1999-03-07 18:02:40,,-13.25
1999-03-08 00:02:40,,-13.284
1999-03-08 06:02:39,,-13.291
1999-03-08 12:02:39,,-13.301
1999-03-08 18:02:39,,-13.282
1999-03-09 00:02:39,,-13.284
1999-03-09 06:02:38,,-13.3
1999-03-09 12:02:38,,-13.308
1999-03-09 18:02:38,,-13.272
1999-03-10 00:02:38,,-13.284
1999-03-10 06:02:37,,-13.291
1999-03-10 12:02:37,,-13.309
1999-03-10 18:02:37,,-13.281
1999-03-11 06:02:36,,-13.281
1999-03-11 12:02:36,,-13.294
1999-03-11 18:02:36,,-13.264
1999-03-12 06:02:35,,-13.264
1999-03-12 12:02:35,,-13.281
1999-03-12 18:02:35,,-13.261
1999-03-13 00:02:35,,-13.261
1999-03-13 06:02:34,,-13.271
1999-03-13 12:02:34,,-13.293
1999-03-13 18:02:34,,-13.26
1999-03-14 00:02:34,,-13.27
1999-03-14 06:02:33,,-13.271
1999-03-14 12:02:33,,-13.297
1999-03-14 18:02:33,,-13.261
1999-03-15 00:02:33,,-13.265
1999-03-15 06:02:32,,-13.265
1999-03-15 12:02:32,,-13.292
1999-03-15 18:02:32,,-13.241
1999-03-16 00:02:32,,-13.257
1999-03-16 06:02:31,,-13.257
1999-03-16 12:02:31,,-13.282
1999-03-16 18:02:31,,-13.24
1999-03-17 00:02:31,,-13.26
1999-03-17 06:02:30,,-13.26
1999-03-17 12:02:30,,-13.289
1999-03-17 18:02:30,,-13.257
1999-03-18 00:02:30,,-13.277
1999-03-18 06:02:29,,-13.28
1999-03-18 12:02:29,,-13.298
1999-03-18 18:02:29,,-13.271
1999-03-19 00:02:29,,-13.276
1999-03-19 06:02:28,,-13.276
1999-03-19 12:02:28,,-13.285
1999-03-19 18:02:28,,-13.252
1999-03-20 00:02:28,,-13.261
1999-03-20 06:02:27,,-13.262
1999-03-20 12:02:27,,-13.262
1999-03-20 18:02:27,,-13.24
1999-03-21 06:02:26,,-13.24
1999-03-21 12:02:26,,-13.258
1999-03-21 18:02:26,,-13.248
1999-03-22 00:02:26,,-13.267
1999-03-22 06:02:25,,-13.301
1999-03-22 12:02:25,,-13.313
1999-03-22 18:02:25,,-13.312
1999-03-23 00:02:25,,-13.32
1999-03-23 06:02:24,,-13.333
1999-03-23 12:02:24,,-13.347
1999-03-23 18:02:24,,-13.323
1999-03-25 12:02:22,,-13.323
1999-03-25 18:02:22,,-13.322
1999-03-26 00:02:22,,-13.321
1999-03-26 06:02:21,,-13.321
1999-03-26 12:02:21,,-13.324
1999-03-26 18:02:21,,-13.313
1999-03-27 06:02:20,,-13.313
1999-03-27 12:02:20,,-13.319
1999-03-27 18:02:20,,-13.312
1999-03-28 00:02:20,,-13.312
1999-03-28 06:02:19,,-13.325
1999-03-28 12:02:19,,-13.368
1999-03-28 18:02:19,,-13.343
1999-03-29 00:02:19,,-13.364
1999-03-29 06:02:18,,-13.364
1999-03-29 12:02:18,,-13.366
1999-03-29 18:02:18,,-13.343
1999-03-30 06:02:17,,-13.343
1999-03-30 12:02:17,,-13.358
1999-03-30 18:02:17,,-13.343
1999-03-31 00:02:17,,-13.349
1999-03-31 06:02:16,,-13.353
1999-03-31 12:02:16,,-13.373
1999-03-31 18:02:16,,-13.353
1999-04-01 00:02:16,,-13.389
1999-04-01 06:02:15,,-13.389
1999-04-01 12:02:15,,-13.395
1999-04-01 18:02:15,,-13.387
1999-04-02 00:02:15,,-13.39
1999-04-02 06:02:14,,-13.392
1999-04-02 12:02:14,,-13.397
1999-04-02 18:02:14,,-13.367
1999-04-03 00:02:14,,-13.372
1999-04-03 12:02:13,,-13.372
1999-04-03 18:02:13,,-13.367
1999-04-04 18:02:12,,-13.367
1999-04-05 00:02:11,,-13.366
1999-04-05 00:02:12,,NaN
1999-04-07 12:02:08,,NaN
1999-04-07 12:02:09,,-13.366
1999-04-07 18:02:09,,-13.365
1999-04-09 18:02:07,,-13.365
1999-04-10 00:02:06,,-13.366
1999-04-10 06:02:06,,-13.366
1999-04-10 12:02:06,,-13.372
1999-04-10 18:02:06,,-13.366
1999-04-11 06:02:05,,-13.366
1999-04-11 12:02:05,,-13.372
1999-04-11 18:02:05,,-13.365
1999-04-12 00:02:04,,-13.364
1999-04-12 00:02:05,,NaN
1999-04-14 06:02:01,,NaN
1999-04-14 06:02:02,,-13.364
1999-04-14 12:02:02,,-13.363
1999-04-15 06:02:01,,-13.363
1999-04-15 12:02:01,,-13.372
1999-04-15 18:02:01,,-13.362
1999-04-16 00:02:00,,-13.366
1999-04-16 06:02:00,,-13.366
1999-04-16 12:02:00,,-13.372
1999-04-16 18:02:00,,-13.362
1999-04-17 00:01:59,,-13.363
1999-04-17 06:01:59,,-13.363
1999-04-17 12:01:59,,-13.367
1999-04-17 18:01:59,,-13.362
1999-04-18 18:01:58,,-13.362
1999-04-19 00:01:57,,-13.361
1999-04-20 12:01:56,,-13.361
1999-04-20 18:01:56,,-13.36
1999-04-21 00:01:55,,-13.363
1999-04-21 06:01:55,,-13.372
1999-04-21 12:01:55,,-13.394
1999-04-21 18:01:55,,-13.394
1999-04-22 00:01:54,,-13.396
1999-04-22 12:01:54,,-13.396
1999-04-22 18:01:54,,-13.375
1999-04-23 06:01:53,,-13.375
1999-04-23 12:01:53,,-13.367
1999-04-23 18:01:53,,-13.366
1999-04-25 00:01:51,,-13.366
1999-04-25 06:01:51,,-13.365
1999-04-26 18:01:50,,-13.365
1999-04-27 00:01:49,,-13.364
1999-04-27 06:01:49,,-13.364
1999-04-27 12:01:49,,-13.369
1999-04-27 18:01:49,,-13.367
1999-04-28 06:01:48,,-13.367
1999-04-28 12:01:48,,-13.376
1999-04-28 18:01:48,,-13.367
1999-04-29 00:01:47,,-13.372
1999-04-29 06:01:47,,-13.372
1999-04-29 12:01:47,,-13.391
1999-04-29 18:01:47,,-13.388
1999-04-30 00:01:46,,-13.391
1999-04-30 06:01:46,,-13.394
1999-04-30 12:01:46,,-13.416
1999-04-30 18:01:46,,-13.416
1999-05-01 00:01:45,,-13.427
1999-05-01 06:01:45,,-13.427
1999-05-01 12:01:45,,-13.44
1999-05-01 18:01:45,,-13.438
1999-05-03 00:01:43,,-13.438
1999-05-03 06:01:43,,-13.437
1999-05-03 06:01:44,,NaN
1999-05-05 12:01:40,,NaN
1999-05-05 12:01:41,,-13.437
1999-05-05 18:01:41,,-13.436
1999-05-05 18:01:42,,NaN
1999-05-12 00:01:33,,NaN
1999-05-12 00:01:34,,-13.436
1999-05-12 06:01:34,,-13.435
1999-05-12 06:01:35,,NaN
1999-05-14 18:01:30,,NaN
1999-05-14 18:01:31,,-13.435
1999-05-15 00:01:31,,-13.434
1999-05-15 00:01:32,,NaN
1999-05-18 06:01:27,,NaN
1999-05-18 06:01:28,,-13.434
1999-05-18 12:01:28,,-13.433
1999-05-18 12:01:29,,NaN
1999-05-20 18:01:24,,NaN
1999-05-20 18:01:25,,-13.433
1999-05-21 00:01:25,,-13.432
1999-05-21 00:01:26,,NaN
1999-05-30 00:01:15,,NaN
1999-05-30 00:01:16,,-13.432
1999-05-30 06:01:16,,-13.431
1999-06-01 06:01:14,,-13.431
1999-06-01 12:01:14,,-13.443
1999-06-01 12:01:15,,NaN
1999-06-14 12:00:59,,NaN
1999-06-14 12:01:00,,-13.443
1999-06-14 18:01:00,,-13.442
1999-06-14 18:01:01,,NaN
1999-06-22 06:00:52,,NaN
1999-06-22 06:00:53,,-13.442
1999-06-22 12:00:52,,-13.451
1999-06-23 06:00:52,,-13.451
1999-06-23 12:00:51,,-13.453
1999-06-23 12:00:52,,NaN
1999-06-28 06:00:46,,NaN
1999-06-28 06:00:47,,-13.453
1999-06-28 12:00:46,,-13.452
1999-06-28 12:00:47,,NaN
1999-07-01 06:00:43,,NaN
1999-07-01 06:00:44,,-13.452
1999-07-01 12:00:43,,-13.453
1999-07-02 06:00:43,,-13.453
1999-07-02 12:00:42,,-13.459
1999-07-02 12:00:43,,NaN
1999-07-29 18:00:14,,NaN
1999-07-29 18:00:15,,-13.459
1999-07-30 00:00:15,,-13.458
1999-07-30 00:00:16,,NaN
1999-08-13 11:59:59,,NaN
1999-08-13 12:00:00,,-13.45
1999-08-13 18:00:00,,-13.34
1999-08-14 00:00:00,,-13.366
1999-08-14 06:00:00,,-13.369
1999-08-14 12:00:00,,-13.387
1999-08-14 18:00:00,,-13.372
1999-08-15 00:00:00,,-13.377
1999-08-15 06:00:00,,-13.379
1999-08-15 12:00:00,,-13.388
1999-08-15 18:00:00,,-13.364
1999-08-16 00:00:00,,-13.363
1999-08-16 12:00:00,,-13.363
1999-08-16 18:00:00,,-13.321
1999-08-17 06:00:00,,-13.321
1999-08-17 12:00:00,,-13.331
1999-08-17 18:00:00,,-13.322
1999-08-18 00:00:00,,-13.321
1999-08-18 06:00:00,,-13.321
1999-08-18 12:00:00,,-13.334
1999-08-18 18:00:00,,-13.322
1999-08-19 00:00:00,,-13.321
1999-08-19 12:00:00,,-13.321
1999-08-19 18:00:00,,-13.294
1999-08-20 00:00:00,,-13.294
1999-08-20 06:00:00,,-13.289
1999-08-20 12:00:00,,-13.289
1999-08-20 18:00:00,,-13.252
1999-08-21 00:00:00,,-13.251
1999-08-21 06:00:00,,-13.244
1999-08-21 12:00:00,,-13.244
1999-08-21 18:00:00,,-13.22
1999-08-22 00:00:00,,-13.22
1999-08-22 06:00:00,,-13.216
1999-08-22 12:00:00,,-13.226
1999-08-22 18:00:00,,-13.218
1999-08-23 00:00:00,,-13.227
1999-08-23 06:00:00,,-13.227
1999-08-23 12:00:00,,-13.25
1999-08-23 18:00:00,,-13.233
1999-08-24 00:00:00,,-13.233
1999-08-24 06:00:00,,-13.228
1999-08-24 12:00:00,,-13.229
1999-08-24 18:00:00,,-13.202
1999-08-25 00:00:00,,-13.206
1999-08-25 12:00:00,,-13.206
1999-08-25 18:00:00,,-13.178
1999-08-26 00:00:00,,-13.193
1999-08-26 06:00:00,,-13.193
1999-08-26 12:00:00,,-13.239
1999-08-26 18:00:00,,-13.239
1999-08-27 00:00:00,,-13.285
1999-08-27 06:00:00,,-13.286
1999-08-27 12:00:00,,-13.334
1999-08-27 18:00:00,,-13.316
1999-08-28 00:00:00,,-13.334
1999-08-28 06:00:00,,-13.336
1999-08-28 12:00:00,,-13.35
1999-08-28 18:00:00,,-13.32
1999-08-29 00:00:00,,-13.329
1999-08-29 06:00:00,,-13.333
1999-08-29 12:00:00,,-13.342
1999-08-29 18:00:00,,-13.305
1999-08-30 00:00:00,,-13.309
1999-08-30 06:00:00,,-13.315
1999-08-30 12:00:00,,-13.318
1999-08-30 18:00:00,,-13.293
1999-08-31 00:00:00,,-13.292
1999-08-31 06:00:00,,-13.292
1999-08-31 12:00:00,,-13.331
1999-08-31 18:00:00,,-13.297
1999-09-01 06:00:00,,-13.297
1999-09-01 12:00:00,,-13.306
1999-09-01 18:00:00,,-13.294
1999-09-02 12:00:00,,-13.294
1999-09-02 18:00:00,,-13.252
1999-09-03 00:00:00,,-13.251
1999-09-03 12:00:00,,-13.251
1999-09-03 18:00:00,,-13.216
1999-09-04 00:00:00,,-13.216
1999-09-04 06:00:00,,-13.201
1999-09-04 12:00:00,,-13.201
1999-09-04 18:00:00,,-13.17
1999-09-05 00:00:00,,-13.17
1999-09-05 06:00:00,,-13.194
1999-09-05 12:00:00,,-13.238
1999-09-05 18:00:00,,-13.234
1999-09-06 00:00:00,,-13.242
1999-09-06 06:00:00,,-13.242
1999-09-06 12:00:00,,-13.282
1999-09-06 18:00:00,,-13.257
1999-09-07 00:00:00,,-13.276
1999-09-07 06:00:00,,-13.276
1999-09-07 12:00:00,,-13.304
1999-09-07 18:00:00,,-13.268
1999-09-08 00:00:00,,-13.285
1999-09-08 06:00:00,,-13.28
1999-09-08 12:00:00,,-13.291
1999-09-08 18:00:00,,-13.258
1999-09-09 00:00:00,,-13.264
1999-09-09 06:00:00,,-13.261
1999-09-09 12:00:00,,-13.274
1999-09-09 18:00:00,,-13.241
1999-09-10 00:00:00,,-13.257
1999-09-10 06:00:00,,-13.258
1999-09-10 12:00:00,,-13.287
1999-09-10 18:00:00,,-13.26
1999-09-11 00:00:00,,-13.282
1999-09-11 06:00:00,,-13.283
1999-09-11 12:00:00,,-13.291
1999-09-11 18:00:00,,-13.246
1999-09-12 00:00:00,,-13.244
1999-09-12 12:00:00,,-13.244
1999-09-12 18:00:00,,-13.228
1999-09-13 00:00:00,,-13.228
1999-09-13 06:00:00,,-13.234
1999-09-13 12:00:00,,-13.259
1999-09-13 18:00:00,,-13.235
1999-09-14 00:00:00,,-13.234
1999-09-14 12:00:00,,-13.234
1999-09-14 18:00:00,,-13.185
1999-09-15 00:00:00,,-13.181
1999-09-15 06:00:00,,-13.179
1999-09-15 12:00:00,,-13.179
1999-09-15 18:00:00,,-13.177
1999-09-16 18:00:00,,-13.177
1999-09-17 00:00:00,,-13.223
1999-09-17 06:00:00,,-13.259
1999-09-17 12:00:00,,-13.303
1999-09-17 18:00:00,,-13.299
1999-09-18 00:00:00,,-13.314
1999-09-18 06:00:00,,-13.326
1999-09-18 12:00:00,,-13.358
1999-09-18 18:00:00,,-13.346
1999-09-19 06:00:00,,-13.346
1999-09-19 12:00:00,,-13.375
1999-09-19 18:00:00,,-13.349
1999-09-20 06:00:00,,-13.349
1999-09-20 12:00:00,,-13.368
1999-09-20 18:00:00,,-13.329
1999-09-21 06:00:00,,-13.329
1999-09-21 12:00:00,,-13.332
1999-09-21 18:00:00,,-13.298
1999-09-22 06:00:00,,-13.298
1999-09-22 12:00:00,,-13.31
1999-09-22 18:00:00,,-13.283
1999-09-23 00:00:00,,-13.288
1999-09-23 06:00:00,,-13.287
1999-09-23 12:00:00,,-13.3
1999-09-23 18:00:00,,-13.269
1999-09-24 00:00:00,,-13.283
1999-09-24 06:00:00,,-13.283
1999-09-24 12:00:00,,-13.309
1999-09-24 18:00:00,,-13.283
1999-09-25 00:00:00,,-13.292
1999-09-25 06:00:00,,-13.292
1999-09-25 12:00:00,,-13.31
1999-09-25 18:00:00,,-13.282
1999-09-26 00:00:00,,-13.287
1999-09-26 06:00:00,,-13.287
1999-09-26 12:00:00,,-13.32
1999-09-26 18:00:00,,-13.294
1999-09-27 00:00:00,,-13.302
1999-09-27 06:00:00,,-13.302
1999-09-27 12:00:00,,-13.311
1999-09-27 18:00:00,,-13.273
1999-09-28 00:00:00,,-13.278
1999-09-28 06:00:00,,-13.277
1999-09-28 12:00:00,,-13.277
1999-09-28 18:00:00,,-13.242
1999-09-29 00:00:00,,-13.241
1999-09-29 06:00:00,,-13.241
1999-09-29 12:00:00,,-13.271
1999-09-29 18:00:00,,-13.27
1999-09-30 00:00:00,,-13.293
1999-09-30 06:00:00,,-13.299
1999-09-30 12:00:00,,-13.316
1999-09-30 18:00:00,,-13.316
1999-10-01 00:00:00,,-13.315
1999-10-01 06:00:00,,-13.295
1999-10-01 12:00:00,,-13.295
1999-10-01 18:00:00,,-13.283
1999-10-02 00:00:00,,-13.283
1999-10-02 06:00:00,,-13.275
1999-10-02 12:00:00,,-13.283
1999-10-02 18:00:00,,-13.271
1999-10-03 00:00:00,,-13.271
1999-10-03 06:00:00,,-13.267
1999-10-03 12:00:00,,-13.27
1999-10-03 18:00:00,,-13.243
1999-10-04 00:00:00,,-13.242
1999-10-04 06:00:00,,-13.256
1999-10-04 12:00:00,,-13.287
1999-10-04 18:00:00,,-13.274
1999-10-05 00:00:00,,-13.275
1999-10-05 06:00:00,,-13.275
1999-10-05 12:00:00,,-13.302
1999-10-05 18:00:00,,-13.275
1999-10-06 00:00:00,,-13.283
1999-10-06 06:00:00,,-13.283
1999-10-06 12:00:00,,-13.299
1999-10-06 18:00:00,,-13.268
1999-10-07 00:00:00,,-13.276
1999-10-07 06:00:00,,-13.273
1999-10-07 12:00:00,,-13.276
1999-10-07 18:00:00,,-13.218
1999-10-08 00:00:00,,-13.218
1999-10-08 06:00:00,,-13.217
1999-10-08 12:00:00,,-13.217
1999-10-08 18:00:00,,-13.19
1999-10-09 00:00:00,,-13.195
1999-10-09 06:00:00,,-13.187
1999-10-09 12:00:00,,-13.191
1999-10-09 18:00:00,,-13.162
1999-10-10 00:00:00,,-13.199
1999-10-10 06:00:00,,-13.205
1999-10-10 12:00:00,,-13.227
1999-10-10 18:00:00,,-13.203
1999-10-11 00:00:00,,-13.211
1999-10-11 06:00:00,,-13.211
1999-10-11 12:00:00,,-13.238
1999-10-11 18:00:00,,-13.202
1999-10-12 00:00:00,,-13.214
1999-10-12 06:00:00,,-13.231
1999-10-12 12:00:00,,-13.247
1999-10-12 18:00:00,,-13.238
1999-10-13 06:00:00,,-13.238
1999-10-13 12:00:00,,-13.252
1999-10-13 18:00:00,,-13.231
1999-10-14 06:00:00,,-13.231
1999-10-14 12:00:00,,-13.236
1999-10-14 18:00:00,,-13.223
1999-10-15 00:00:00,,-13.224
1999-10-15 06:00:00,,-13.224
1999-10-15 12:00:00,,-13.242
1999-10-15 18:00:00,,-13.242
1999-10-16 00:00:00,,-13.256
1999-10-16 06:00:00,,-13.259
1999-10-16 12:00:00,,-13.276
1999-10-16 18:00:00,,-13.255
1999-10-17 00:00:00,,-13.254
1999-10-17 06:00:00,,-13.245
1999-10-17 12:00:00,,-13.247
1999-10-17 18:00:00,,-13.241
1999-10-18 00:00:00,,-13.26
1999-10-18 06:00:00,,-13.29
1999-10-18 12:00:00,,-13.317
1999-10-18 18:00:00,,-13.315
1999-10-19 06:00:00,,-13.315
1999-10-19 12:00:00,,-13.32
1999-10-19 18:00:00,,-13.299
1999-10-20 06:00:00,,-13.299
1999-10-20 12:00:00,,-13.312
1999-10-20 18:00:00,,-13.293
1999-10-21 00:00:00,,-13.295
1999-10-21 06:00:00,,-13.295
1999-10-21 12:00:00,,-13.312
1999-10-21 18:00:00,,-13.289
1999-10-22 06:00:00,,-13.289
1999-10-22 12:00:00,,-13.312
1999-10-22 18:00:00,,-13.294
1999-10-23 06:00:00,,-13.294
1999-10-23 12:00:00,,-13.309
1999-10-23 18:00:00,,-13.265
1999-10-24 00:00:00,,-13.281
1999-10-24 06:00:00,,-13.281
1999-10-24 12:00:00,,-13.302
1999-10-24 18:00:00,,-13.253
1999-10-25 00:00:00,,-13.259
1999-10-25 06:00:00,,-13.259
1999-10-25 12:00:00,,-13.264
1999-10-25 18:00:00,,-13.222
1999-10-26 00:00:00,,-13.223
1999-10-26 06:00:00,,-13.239
1999-10-26 12:00:00,,-13.271
1999-10-26 18:00:00,,-13.271
1999-10-27 00:00:00,,-13.281
1999-10-27 06:00:00,,-13.281
1999-10-27 12:00:00,,-13.308
1999-10-27 18:00:00,,-13.293
1999-10-28 00:00:00,,-13.299
1999-10-28 06:00:00,,-13.299
1999-10-28 12:00:00,,-13.307
1999-10-28 18:00:00,,-13.265
1999-10-29 00:00:00,,-13.261
1999-10-29 06:00:00,,-13.258
1999-10-29 12:00:00,,-13.258
1999-10-29 18:00:00,,-13.25
1999-10-30 00:00:00,,-13.251
1999-10-30 06:00:00,,-13.251
1999-10-30 12:00:00,,-13.264
1999-10-30 18:00:00,,-13.244
1999-10-31 00:00:00,,-13.244
1999-10-31 06:00:00,,-13.255
1999-10-31 12:00:00,,-13.28
1999-10-31 18:00:00,,-13.277
1999-11-01 00:00:00,,-13.286
1999-11-01 06:00:00,,-13.299
1999-11-01 12:00:00,,-13.32
1999-11-01 18:00:00,,-13.302
1999-11-02 00:00:00,,-13.303
1999-11-02 06:00:00,,-13.303
1999-11-02 12:00:00,,-13.314
1999-11-02 18:00:00,,-13.277
1999-11-03 00:00:00,,-13.277
1999-11-03 06:00:00,,-13.26
1999-11-03 12:00:00,,-13.266
1999-11-03 18:00:00,,-13.223
1999-11-04 00:00:00,,-13.223
1999-11-04 06:00:00,,-13.205
1999-11-04 12:00:00,,-13.21
1999-11-04 18:00:00,,-13.209
1999-11-05 00:00:00,,-13.209
1999-11-05 06:00:00,,-13.197
1999-11-05 12:00:00,,-13.216
1999-11-05 18:00:00,,-13.195
1999-11-06 06:00:00,,-13.195
1999-11-06 12:00:00,,-13.22
1999-11-06 18:00:00,,-13.178
1999-11-07 00:00:00,,-13.199
1999-11-07 06:00:00,,-13.199
1999-11-07 12:00:00,,-13.212
1999-11-07 18:00:00,,-13.154
1999-11-08 00:00:00,,-13.167
1999-11-08 06:00:00,,-13.189
1999-11-08 12:00:00,,-13.227
1999-11-08 18:00:00,,-13.214
1999-11-09 00:00:00,,-13.259
1999-11-09 06:00:00,,-13.283
1999-11-09 12:00:00,,-13.323
1999-11-09 18:00:00,,-13.31
1999-11-10 00:00:00,,-13.328
1999-11-10 06:00:00,,-13.334
1999-11-10 12:00:00,,-13.365
1999-11-10 18:00:00,,-13.337
1999-11-11 00:00:00,,-13.354
1999-11-11 06:00:00,,-13.355
1999-11-11 12:00:00,,-13.368
1999-11-11 18:00:00,,-13.345
1999-11-12 00:00:00,,-13.347
1999-11-12 06:00:00,,-13.351
1999-11-12 12:00:00,,-13.351
1999-11-12 18:00:00,,-13.306
1999-11-13 00:00:00,,-13.301
1999-11-13 06:00:00,,-13.301
1999-11-13 12:00:00,,-13.308
1999-11-13 18:00:00,,-13.278
1999-11-14 00:00:00,,-13.277
1999-11-14 12:00:00,,-13.277
1999-11-14 18:00:00,,-13.245
1999-11-15 00:00:00,,-13.244
1999-11-15 06:00:00,,-13.235
1999-11-15 12:00:00,,-13.235
1999-11-15 18:00:00,,-13.222
1999-11-16 00:00:00,,-13.241
1999-11-16 06:00:00,,-13.241
1999-11-16 12:00:00,,-13.264
1999-11-16 18:00:00,,-13.247
1999-11-17 06:00:00,,-13.247
1999-11-17 12:00:00,,-13.251
1999-11-17 18:00:00,,-13.202
1999-11-18 00:00:00,,-13.203
1999-11-18 06:00:00,,-13.204
1999-11-18 12:00:00,,-13.221
1999-11-18 18:00:00,,-13.183
1999-11-19 00:00:00,,-13.186
1999-11-19 06:00:00,,-13.199
1999-11-19 12:00:00,,-13.223
1999-11-19 18:00:00,,-13.196
1999-11-20 00:00:00,,-13.204
1999-11-20 06:00:00,,-13.211
1999-11-20 12:00:00,,-13.251
1999-11-20 18:00:00,,-13.207
1999-11-21 00:00:00,,-13.221
1999-11-21 06:00:00,,-13.231
1999-11-21 12:00:00,,-13.268
1999-11-21 18:00:00,,-13.228
1999-11-22 00:00:00,,-13.254
1999-11-22 06:00:00,,-13.264
1999-11-22 12:00:00,,-13.312
1999-11-22 18:00:00,,-13.271
1999-11-23 00:00:00,,-13.294
1999-11-23 06:00:00,,-13.294
1999-11-23 12:00:00,,-13.327
1999-11-23 18:00:00,,-13.289
1999-11-24 00:00:00,,-13.306
1999-11-24 06:00:00,,-13.314
1999-11-24 12:00:00,,-13.314
1999-11-24 18:00:00,,-13.265
1999-11-25 00:00:00,,-13.276
1999-11-25 12:00:00,,-13.276
1999-11-25 18:00:00,,-13.266
1999-11-26 00:00:00,,-13.265
1999-11-26 00:00:01,,NaN
1999-12-03 05:59:59,,NaN
1999-12-03 06:00:00,,-13.265
1999-12-03 12:00:00,,-13.296
1999-12-03 18:00:00,,-13.276
1999-12-04 00:00:00,,-13.29
1999-12-04 06:00:00,,-13.301
1999-12-04 12:00:00,,-13.328
1999-12-04 18:00:00,,-13.301
1999-12-05 06:00:00,,-13.301
1999-12-05 12:00:00,,-13.324
1999-12-05 18:00:00,,-13.29
1999-12-06 06:00:00,,-13.29
1999-12-06 12:00:00,,-13.311
1999-12-06 18:00:00,,-13.293
1999-12-07 00:00:00,,-13.293
1999-12-07 06:00:00,,-13.292
1999-12-07 12:00:00,,-13.295
1999-12-07 18:00:00,,-13.29
1999-12-07 18:00:01,,NaN
1999-12-11 05:59:59,,NaN
1999-12-11 06:00:00,,-13.29
1999-12-11 12:00:00,,-13.3
1999-12-11 18:00:00,,-13.3
1999-12-12 00:00:00,,-13.314
1999-12-12 06:00:00,,-13.319
1999-12-12 12:00:00,,-13.339
1999-12-12 18:00:00,,-13.317
1999-12-13 00:00:00,,-13.313
1999-12-13 06:00:00,,-13.313
1999-12-13 12:00:00,,-13.319
1999-12-13 18:00:00,,-13.298
1999-12-14 00:00:00,,-13.296
1999-12-14 12:00:00,,-13.296
1999-12-14 18:00:00,,-13.258
1999-12-15 00:00:00,,-13.255
1999-12-15 06:00:00,,-13.251
1999-12-15 12:00:00,,-13.251
1999-12-15 18:00:00,,-13.226
1999-12-16 00:00:00,,-13.225
1999-12-16 06:00:00,,-13.225
1999-12-16 12:00:00,,-13.248
1999-12-17 00:00:00,,-13.248
1999-12-17 06:00:00,,-13.235
1999-12-17 12:00:00,,-13.235
1999-12-17 18:00:00,,-13.226
1999-12-18 00:00:00,,-13.247
1999-12-18 06:00:00,,-13.254
1999-12-18 12:00:00,,-13.291
1999-12-18 18:00:00,,-13.274
1999-12-19 00:00:00,,-13.274
1999-12-19 06:00:00,,-13.279
1999-12-19 12:00:00,,-13.306
1999-12-19 18:00:00,,-13.285
1999-12-20 00:00:00,,-13.289
1999-12-20 06:00:00,,-13.289
1999-12-20 12:00:00,,-13.314
1999-12-20 18:00:00,,-13.294
1999-12-21 00:00:00,,-13.298
1999-12-21 06:00:00,,-13.298
1999-12-21 12:00:00,,-13.307
1999-12-21 18:00:00,,-13.269
1999-12-22 00:00:00,,-13.269
1999-12-22 06:00:00,,-13.268
1999-12-22 12:00:00,,-13.268
1999-12-22 18:00:00,,-13.217
1999-12-23 00:00:00,,-13.221
1999-12-23 06:00:00,,-13.224
1999-12-23 12:00:00,,-13.248
1999-12-23 18:00:00,,-13.206
1999-12-24 00:00:00,,-13.23
1999-12-24 06:00:00,,-13.23
1999-12-24 12:00:00,,-13.251
1999-12-24 18:00:00,,-13.218
1999-12-25 00:00:00,,-13.218
1999-12-25 06:00:00,,-13.184
1999-12-25 12:00:00,,-13.22
1999-12-25 18:00:00,,-13.201
1999-12-26 00:00:00,,-13.213
1999-12-26 06:00:00,,-13.217
1999-12-26 12:00:00,,-13.232
1999-12-26 18:00:00,,-13.221
1999-12-27 00:00:00,,-13.227
1999-12-27 06:00:00,,-13.241
1999-12-27 12:00:00,,-13.26
1999-12-28 00:00:00,,-13.26
1999-12-28 06:00:00,,-13.283
1999-12-28 12:00:00,,-13.294
1999-12-28 18:00:00,,-13.267
1999-12-29 00:00:00,,-13.266
1999-12-29 06:00:00,,-13.266
1999-12-29 12:00:00,,-13.268
1999-12-29 18:00:00,,-13.245
1999-12-30 00:00:00,,-13.244
1999-12-30 06:00:00,,-13.246
1999-12-30 12:00:00,,-13.267
1999-12-30 18:00:00,,-13.267
1999-12-31 00:00:00,,-13.272
1999-12-31 06:00:00,,-13.291
1999-12-31 12:00:00,,-13.311
1999-12-31 18:00:00,,-13.302
1999-12-31 18:00:01,,NaN
2000-01-31 17:59:59,,NaN
2000-01-31 18:00:00,,-13.317
2000-02-01 06:00:00,,-13.317
2000-02-01 12:00:00,,-13.343
2000-02-01 18:00:00,,-13.322
2000-02-02 06:00:00,,-13.322
2000-02-02 12:00:00,,-13.354
2000-02-02 18:00:00,,-13.334
2000-02-03 06:00:00,,-13.334
2000-02-03 12:00:00,,-13.361
2000-02-03 18:00:00,,-13.321
2000-02-04 06:00:00,,-13.321
2000-02-04 12:00:00,,-13.331
2000-02-04 18:00:00,,-13.285
2000-02-05 00:00:00,,-13.292
2000-02-05 06:00:00,,-13.292
2000-02-05 12:00:00,,-13.319
2000-02-05 18:00:00,,-13.29
2000-02-06 00:00:00,,-13.291
2000-02-06 06:00:00,,-13.303
2000-02-06 12:00:00,,-13.33
2000-02-06 18:00:00,,-13.298
2000-02-07 00:00:00,,-13.297
2000-02-07 06:00:00,,-13.297
2000-02-07 12:00:00,,-13.323
2000-02-07 18:00:00,,-13.308
2000-02-08 00:00:00,,-13.33
2000-02-08 06:00:00,,-13.332
2000-02-08 12:00:00,,-13.347
2000-02-08 18:00:00,,-13.32
2000-02-09 00:00:00,,-13.316
2000-02-09 06:00:00,,-13.312
2000-02-09 12:00:00,,-13.312
2000-02-09 18:00:00,,-13.292
2000-02-10 00:00:00,,-13.29
2000-02-10 06:00:00,,-13.284
2000-02-10 12:00:00,,-13.284
2000-02-10 18:00:00,,-13.266
2000-02-11 00:00:00,,-13.261
2000-02-11 12:00:00,,-13.261
2000-02-11 18:00:00,,-13.238
2000-02-12 18:00:00,,-13.238
2000-02-13 00:00:00,,-13.228
2000-02-13 06:00:00,,-13.225
2000-02-13 12:00:00,,-13.232
2000-02-14 06:00:00,,-13.232
2000-02-14 12:00:00,,-13.235
2000-02-14 18:00:00,,-13.23
2000-02-15 12:00:00,,-13.23
2000-02-15 18:00:00,,-13.224
2000-02-17 06:00:00,,-13.224
2000-02-17 12:00:00,,-13.23
2000-02-17 18:00:00,,-13.224
2000-02-18 06:00:00,,-13.224
2000-02-18 12:00:00,,-13.254
2000-02-18 18:00:00,,-13.225
2000-02-19 00:00:00,,-13.234
2000-02-19 06:00:00,,-13.234
2000-02-19 12:00:00,,-13.26
2000-02-19 18:00:00,,-13.228
2000-02-20 00:00:00,,-13.234
2000-02-20 06:00:00,,-13.235
2000-02-20 12:00:00,,-13.241
2000-02-20 18:00:00,,-13.216
2000-02-21 00:00:00,,-13.216
2000-02-21 06:00:00,,-13.213
2000-02-21 12:00:00,,-13.215
2000-02-21 18:00:00,,-13.2
2000-02-22 00:00:00,,-13.2
2000-02-22 06:00:00,,-13.203
2000-02-22 12:00:00,,-13.222
2000-02-22 18:00:00,,-13.217
2000-02-23 00:00:00,,-13.226
2000-02-23 06:00:00,,-13.228
2000-02-23 12:00:00,,-13.233
2000-02-23 18:00:00,,-13.23
2000-02-24 00:00:00,,-13.234
2000-02-24 06:00:00,,-13.242
2000-02-24 12:00:00,,-13.243
2000-02-24 18:00:00,,-13.241
2000-02-25 06:00:00,,-13.241
2000-02-25 12:00:00,,-13.23
2000-02-26 00:00:00,,-13.23
2000-02-26 06:00:00,,-13.234
2000-02-26 12:00:00,,-13.261
2000-02-26 18:00:00,,-13.261
2000-02-27 00:00:00,,-13.264
2000-02-27 06:00:00,,-13.27
2000-02-27 12:00:00,,-13.289
2000-02-27 18:00:00,,-13.281
2000-02-28 00:00:00,,-13.28
2000-02-28 06:00:00,,-13.281
2000-02-28 12:00:00,,-13.302
2000-02-28 18:00:00,,-13.29
2000-02-29 06:00:00,,-13.29
2000-02-29 12:00:00,,-13.312
2000-02-29 18:00:00,,-13.282
2000-03-01 06:00:00,,-13.282
2000-03-01 12:00:00,,-13.294
2000-03-01 18:00:00,,-13.282
2000-03-02 00:00:00,,-13.284
2000-03-02 06:00:00,,-13.285
2000-03-02 12:00:00,,-13.314
2000-03-02 18:00:00,,-13.301
2000-03-03 00:00:00,,-13.314
2000-03-03 06:00:00,,-13.314
2000-03-03 12:00:00,,-13.361
2000-03-03 18:00:00,,-13.343
2000-03-04 00:00:00,,-13.351
2000-03-04 06:00:00,,-13.351
2000-03-04 12:00:00,,-13.383
2000-03-04 18:00:00,,-13.356
2000-03-05 06:00:00,,-13.356
2000-03-05 12:00:00,,-13.361
2000-03-05 18:00:00,,-13.341
2000-03-06 00:00:00,,-13.345
2000-03-06 06:00:00,,-13.345
2000-03-06 12:00:00,,-13.366
2000-03-06 18:00:00,,-13.35
2000-03-07 00:00:00,,-13.365
2000-03-07 06:00:00,,-13.365
2000-03-07 12:00:00,,-13.39
2000-03-07 18:00:00,,-13.382
2000-03-08 00:00:00,,-13.382
2000-03-08 06:00:00,,-13.374
2000-03-08 12:00:00,,-13.383
2000-03-08 18:00:00,,-13.382
2000-03-09 00:00:00,,-13.378
2000-03-09 06:00:00,,-13.365
2000-03-09 12:00:00,,-13.365
2000-03-09 18:00:00,,-13.36
2000-03-10 00:00:00,,-13.361
2000-03-10 06:00:00,,-13.361
2000-03-10 12:00:00,,-13.366
2000-03-10 18:00:00,,-13.35
2000-03-11 12:00:00,,-13.35
2000-03-11 18:00:00,,-13.313
2000-03-12 00:00:00,,-13.31
2000-03-12 12:00:00,,-13.31
2000-03-12 18:00:00,,-13.297
2000-03-13 00:00:00,,-13.297
2000-03-13 06:00:00,,-13.304
2000-03-13 12:00:00,,-13.323
2000-03-13 18:00:00,,-13.309
2000-03-14 00:00:00,,-13.316
2000-03-14 06:00:00,,-13.327
2000-03-14 12:00:00,,-13.351
2000-03-14 18:00:00,,-13.336
2000-03-15 06:00:00,,-13.336
2000-03-15 12:00:00,,-13.353
2000-03-15 18:00:00,,-13.333
2000-03-16 06:00:00,,-13.333
2000-03-16 12:00:00,,-13.351
2000-03-16 18:00:00,,-13.327
2000-03-17 06:00:00,,-13.327
2000-03-17 12:00:00,,-13.334
2000-03-17 18:00:00,,-13.322
2000-03-18 00:00:00,,-13.33
2000-03-18 06:00:00,,-13.333
2000-03-18 12:00:00,,-13.366
2000-03-18 18:00:00,,-13.345
2000-03-19 00:00:00,,-13.358
2000-03-19 06:00:00,,-13.358
2000-03-19 12:00:00,,-13.383
2000-03-19 18:00:00,,-13.35
2000-03-20 00:00:00,,-13.362
2000-03-20 06:00:00,,-13.363
2000-03-20 12:00:00,,-13.383
2000-03-20 18:00:00,,-13.361
2000-03-21 00:00:00,,-13.374
2000-03-21 06:00:00,,-13.375
2000-03-21 12:00:00,,-13.384
2000-03-21 18:00:00,,-13.365
2000-03-22 00:00:00,,-13.366
2000-03-22 06:00:00,,-13.37
2000-03-22 12:00:00,,-13.37
2000-03-22 18:00:00,,-13.358
2000-03-23 06:00:00,,-13.358
2000-03-23 12:00:00,,-13.377
2000-03-23 18:00:00,,-13.377
2000-03-24 00:00:00,,-13.388
2000-03-24 06:00:00,,-13.39
2000-03-24 06:00:01,,NaN
2000-03-28 11:59:59,,NaN
2000-03-28 12:00:00,,-13.39
2000-03-28 18:00:00,,-13.366
2000-03-29 00:00:00,,-13.366
2000-03-29 06:00:00,,-13.384
2000-03-29 12:00:00,,-13.39
2000-03-29 12:00:01,,NaN
2000-04-05 05:59:59,,NaN
2000-04-05 06:00:00,,-13.39
2000-04-05 12:00:00,,-13.418
2000-04-05 18:00:00,,-13.405
2000-04-06 00:00:00,,-13.414
2000-04-06 06:00:00,,-13.414
2000-04-06 12:00:00,,-13.418
2000-04-06 18:00:00,,-13.401
2000-04-07 00:00:00,,-13.41
2000-04-07 06:00:00,,-13.41
2000-04-07 12:00:00,,-13.415
2000-04-07 18:00:00,,-13.397
2000-04-08 00:00:00,,-13.394
2000-04-08 06:00:00,,-13.394
2000-04-08 12:00:00,,-13.393
2000-04-08 18:00:00,,-13.361
2000-04-09 00:00:00,,-13.361
2000-04-09 06:00:00,,-13.362
2000-04-09 18:00:00,,-13.362
2000-04-10 00:00:00,,-13.376
2000-04-10 06:00:00,,-13.389
2000-04-10 12:00:00,,-13.398
2000-04-10 18:00:00,,-13.392
2000-04-11 00:00:00,,-13.392
2000-04-11 06:00:00,,-13.401
2000-04-11 12:00:00,,-13.411
2000-04-11 18:00:00,,-13.401
2000-04-12 06:00:00,,-13.401
2000-04-12 12:00:00,,-13.414
2000-04-12 18:00:00,,-13.397
2000-04-13 06:00:00,,-13.397
2000-04-13 12:00:00,,-13.398
2000-04-13 18:00:00,,-13.364
2000-04-14 00:00:00,,-13.363
2000-04-14 06:00:00,,-13.363
2000-04-14 12:00:00,,-13.374
2000-04-14 18:00:00,,-13.353
2000-04-15 00:00:00,,-13.354
2000-04-15 06:00:00,,-13.354
2000-04-15 12:00:00,,-13.375
2000-04-15 18:00:00,,-13.344
2000-04-16 00:00:00,,-13.345
2000-04-16 06:00:00,,-13.345
2000-04-16 12:00:00,,-13.374
2000-04-16 18:00:00,,-13.346
2000-04-17 00:00:00,,-13.377
2000-04-17 06:00:00,,-13.377
2000-04-17 12:00:00,,-13.401
2000-04-17 18:00:00,,-13.396
2000-04-18 00:00:00,,-13.418
2000-04-18 06:00:00,,-13.418
2000-04-18 12:00:00,,-13.43
2000-04-18 18:00:00,,-13.421
2000-04-19 00:00:00,,-13.427
2000-04-19 06:00:00,,-13.426
2000-04-19 12:00:00,,-13.429
2000-04-19 18:00:00,,-13.412
2000-04-20 00:00:00,,-13.411
2000-04-20 06:00:00,,-13.39
2000-04-20 12:00:00,,-13.382
2000-04-20 18:00:00,,-13.368
2000-04-21 00:00:00,,-13.368
2000-04-21 06:00:00,,-13.345
2000-04-21 12:00:00,,-13.342
2000-04-21 18:00:00,,-13.304
2000-04-22 00:00:00,,-13.338
2000-04-22 06:00:00,,-13.34
2000-04-22 12:00:00,,-13.366
2000-04-22 18:00:00,,-13.366
2000-04-23 00:00:00,,-13.394
2000-04-23 06:00:00,,-13.395
2000-04-23 12:00:00,,-13.41
2000-04-23 18:00:00,,-13.41
2000-04-24 00:00:00,,-13.414
2000-04-24 06:00:00,,-13.418
2000-04-24 12:00:00,,-13.421
2000-04-24 18:00:00,,-13.418
2000-04-25 12:00:00,,-13.418
2000-04-25 18:00:00,,-13.408
2000-04-26 12:00:00,,-13.408
2000-04-26 18:00:00,,-13.38
2000-04-27 06:00:00,,-13.38
2000-04-27 12:00:00,,-13.387
2000-04-27 18:00:00,,-13.37
2000-04-28 12:00:00,,-13.37
2000-04-28 18:00:00,,-13.362
2000-04-29 12:00:00,,-13.362
2000-04-29 18:00:00,,-13.333
2000-04-30 00:00:00,,-13.337
2000-04-30 06:00:00,,-13.337
2000-04-30 12:00:00,,-13.379
2000-04-30 18:00:00,,-13.379
2000-05-01 00:00:00,,-13.412
2000-05-01 06:00:00,,-13.412
2000-05-01 12:00:00,,-13.426
2000-05-01 18:00:00,,-13.406
2000-05-02 00:00:00,,-13.431
2000-05-02 06:00:00,,-13.431
2000-05-02 12:00:00,,-13.434
2000-05-02 18:00:00,,-13.41
2000-05-03 00:00:00,,-13.425
2000-05-03 06:00:00,,-13.409
2000-05-03 12:00:00,,-13.409
2000-05-03 18:00:00,,-13.382
2000-05-04 00:00:00,,-13.398
2000-05-04 06:00:00,,-13.398
2000-05-04 12:00:00,,-13.411
2000-05-04 18:00:00,,-13.406
2000-05-05 00:00:00,,-13.427
2000-05-05 06:00:00,,-13.429
2000-05-05 12:00:00,,-13.459
2000-05-05 18:00:00,,-13.459
2000-05-06 00:00:00,,-13.484
2000-05-06 06:00:00,,-13.49
2000-05-06 12:00:00,,-13.493
2000-05-06 18:00:00,,-13.485
2000-05-07 00:00:00,,-13.491
2000-05-07 06:00:00,,-13.493
2000-05-07 12:00:00,,-13.493
2000-05-07 18:00:00,,-13.47
2000-05-08 00:00:00,,-13.47
2000-05-08 06:00:00,,-13.474
2000-05-08 12:00:00,,-13.474
2000-05-08 18:00:00,,-13.462
2000-05-08 18:00:01,,NaN
2000-05-13 11:59:59,,NaN
2000-05-13 12:00:00,,-13.462
2000-05-13 18:00:00,,-13.461
2000-05-15 06:00:00,,-13.461
2000-05-15 12:00:00,,-13.486
2000-05-15 18:00:00,,-13.465
2000-05-16 00:00:00,,-13.479
2000-05-16 06:00:00,,-13.479
2000-05-16 12:00:00,,-13.49
2000-05-18 06:00:00,,-13.49
2000-05-18 12:00:00,,-13.505
2000-05-18 18:00:00,,-13.493
2000-05-19 00:00:00,,-13.498
2000-05-19 06:00:00,,-13.497
2000-05-19 12:00:00,,-13.497
2000-05-19 18:00:00,,-13.475
2000-05-20 00:00:00,,-13.477
2000-05-20 12:00:00,,-13.477
2000-05-20 18:00:00,,-13.466
2000-05-21 00:00:00,,-13.474
2000-05-21 06:00:00,,-13.474
2000-05-21 12:00:00,,-13.475
2000-05-21 18:00:00,,-13.469
2000-05-22 00:00:00,,-13.474
2000-05-22 12:00:00,,-13.474
2000-05-22 18:00:00,,-13.449
2000-05-23 00:00:00,,-13.45
2000-05-23 06:00:00,,-13.444
2000-05-23 12:00:00,,-13.437
2000-05-23 18:00:00,,-13.4
2000-05-24 00:00:00,,-13.399
2000-05-24 06:00:00,,-13.399
2000-05-24 12:00:00,,-13.388
2000-05-24 18:00:00,,-13.37
2000-05-25 12:00:00,,-13.37
2000-05-25 18:00:00,,-13.351
2000-05-26 00:00:00,,-13.351
2000-05-26 06:00:00,,-13.35
2000-05-26 12:00:00,,-13.35
2000-05-26 18:00:00,,-13.345
2000-05-27 00:00:00,,-13.35
2000-05-27 06:00:00,,-13.364
2000-05-27 12:00:00,,-13.401
2000-05-27 18:00:00,,-13.401
2000-05-28 00:00:00,,-13.426
2000-05-28 06:00:00,,-13.446
2000-05-28 12:00:00,,-13.475
2000-05-28 18:00:00,,-13.458
2000-05-29 00:00:00,,-13.462
2000-05-29 06:00:00,,-13.462
2000-05-29 12:00:00,,-13.475
2000-05-29 18:00:00,,-13.458
2000-05-30 06:00:00,,-13.458
2000-05-30 12:00:00,,-13.469
2000-05-30 18:00:00,,-13.458
2000-05-31 00:00:00,,-13.466
2000-05-31 06:00:00,,-13.464
2000-05-31 12:00:00,,-13.465
2000-05-31 18:00:00,,-13.46
2000-06-02 12:00:00,,-13.46
2000-06-02 18:00:00,,-13.459
2000-06-03 00:00:00,,-13.454
2000-06-03 12:00:00,,-13.454
2000-06-03 18:00:00,,-13.428
2000-06-04 00:00:00,,-13.434
2000-06-04 06:00:00,,-13.441
2000-06-04 12:00:00,,-13.443
2000-06-04 18:00:00,,-13.434
2000-06-05 00:00:00,,-13.456
2000-06-05 06:00:00,,-13.467
2000-06-05 12:00:00,,-13.466
2000-06-05 18:00:00,,-13.466
2000-06-06 00:00:00,,-13.469
2000-06-06 06:00:00,,-13.471
2000-06-06 12:00:00,,-13.481
2000-06-07 12:00:00,,-13.481
2000-06-07 18:00:00,,-13.452
2000-06-08 12:00:00,,-13.452
2000-06-08 18:00:00,,-13.442
2000-06-09 00:00:00,,-13.442
2000-06-09 06:00:00,,-13.454
2000-06-09 12:00:00,,-13.469
2000-06-09 18:00:00,,-13.466
2000-06-10 06:00:00,,-13.466
2000-06-10 12:00:00,,-13.473
2000-06-10 18:00:00,,-13.465
2000-06-11 06:00:00,,-13.465
2000-06-11 12:00:00,,-13.474
2000-06-11 18:00:00,,-13.466
2000-06-12 00:00:00,,-13.481
2000-06-12 06:00:00,,-13.481
2000-06-12 12:00:00,,-13.498
2000-06-12 18:00:00,,-13.486
2000-06-13 00:00:00,,-13.494
2000-06-13 06:00:00,,-13.494
2000-06-13 12:00:00,,-13.504
2000-06-13 18:00:00,,-13.492
2000-06-14 00:00:00,,-13.495
2000-06-14 06:00:00,,-13.495
2000-06-14 12:00:00,,-13.504
2000-06-14 18:00:00,,-13.48
2000-06-15 12:00:00,,-13.48
2000-06-15 18:00:00,,-13.46
2000-06-16 00:00:00,,-13.46
2000-06-16 06:00:00,,-13.459
2000-06-16 12:00:00,,-13.458
2000-06-16 18:00:00,,-13.446
2000-06-17 00:00:00,,-13.457
2000-06-17 12:00:00,,-13.457
2000-06-17 18:00:00,,-13.444
2000-06-18 00:00:00,,-13.444
2000-06-18 06:00:00,,-13.442
2000-06-18 12:00:00,,-13.442
2000-06-18 18:00:00,,-13.401
2000-06-19 06:00:00,,-13.401
2000-06-19 12:00:00,,-13.399
2000-06-19 18:00:00,,-13.389
2000-06-21 06:00:00,,-13.389
2000-06-21 12:00:00,,-13.395
2000-06-22 00:00:00,,-13.395
2000-06-22 06:00:00,,-13.403
2000-06-22 12:00:00,,-13.419
2000-06-23 06:00:00,,-13.419
2000-06-23 12:00:00,,-13.427
2000-06-24 12:00:00,,-13.427
2000-06-24 18:00:00,,-13.408
2000-06-25 12:00:00,,-13.408
2000-06-25 18:00:00,,-13.385
2000-06-26 00:00:00,,-13.384
2000-06-26 06:00:00,,-13.377
2000-06-26 12:00:00,,-13.376
2000-06-26 18:00:00,,-13.335
2000-06-27 12:00:00,,-13.335
2000-06-27 18:00:00,,-13.329
2000-06-28 00:00:00,,-13.33
2000-06-28 06:00:00,,-13.333
2000-06-28 12:00:00,,-13.37
2000-06-28 18:00:00,,-13.37
2000-06-29 00:00:00,,-13.386
2000-06-29 06:00:00,,-13.398
2000-06-29 12:00:00,,-13.437
2000-06-29 18:00:00,,-13.426
2000-06-30 00:00:00,,-13.446
2000-06-30 06:00:00,,-13.446
2000-06-30 12:00:00,,-13.456
2000-06-30 18:00:00,,-13.43
2000-07-01 00:00:00,,-13.446
2000-07-01 06:00:00,,-13.441
2000-07-01 12:00:00,,-13.442
2000-07-01 18:00:00,,-13.417
2000-07-02 00:00:00,,-13.417
2000-07-02 06:00:00,,-13.412
2000-07-02 06:00:01,,NaN
2000-07-16 05:59:59,,NaN
2000-07-16 06:00:00,,-13.412
2000-07-16 12:00:00,,-13.433
2000-07-16 18:00:00,,-13.433
2000-07-17 00:00:00,,-13.447
2000-07-17 06:00:00,,-13.449
2000-07-17 12:00:00,,-13.453
2000-07-17 18:00:00,,-13.426
2000-07-18 12:00:00,,-13.426
2000-07-18 18:00:00,,-13.385
2000-07-19 00:00:00,,-13.385
2000-07-19 06:00:00,,-13.373
2000-07-19 12:00:00,,-13.372
2000-07-19 18:00:00,,-13.359
2000-07-20 00:00:00,,-13.358
2000-07-20 06:00:00,,-13.362
2000-07-20 12:00:00,,-13.378
2000-07-21 00:00:00,,-13.378
2000-07-21 06:00:00,,-13.385
2000-07-21 12:00:00,,-13.403
2000-07-21 18:00:00,,-13.402
2000-07-22 12:00:00,,-13.402
2000-07-22 18:00:00,,-13.381
2000-07-23 00:00:00,,-13.38
2000-07-23 12:00:00,,-13.38
2000-07-23 18:00:00,,-13.376
2000-07-25 12:00:00,,-13.376
2000-07-25 18:00:00,,-13.368
2000-07-26 00:00:00,,-13.368
2000-07-26 06:00:00,,-13.385
2000-07-26 12:00:00,,-13.421
2000-07-26 18:00:00,,-13.421
2000-07-27 00:00:00,,-13.442
2000-07-27 06:00:00,,-13.442
2000-07-27 12:00:00,,-13.468
2000-07-27 18:00:00,,-13.46
2000-07-28 00:00:00,,-13.463
2000-07-28 06:00:00,,-13.463
2000-07-28 12:00:00,,-13.475
2000-07-28 18:00:00,,-13.45
2000-07-29 06:00:00,,-13.45
2000-07-29 12:00:00,,-13.452
2000-07-29 18:00:00,,-13.44
2000-07-31 12:00:00,,-13.44
2000-07-31 18:00:00,,-13.367
2000-08-01 00:00:00,,-13.372
2000-08-01 06:00:00,,-13.373
2000-08-01 12:00:00,,-13.387
2000-08-01 18:00:00,,-13.381
2000-08-02 00:00:00,,-13.395
2000-08-02 06:00:00,,-13.396
2000-08-02 12:00:00,,-13.399
2000-08-02 18:00:00,,-13.372
2000-08-03 00:00:00,,-13.371
2000-08-03 12:00:00,,-13.371
2000-08-03 18:00:00,,-13.345
2000-08-04 00:00:00,,-13.343
2000-08-04 12:00:00,,-13.343
2000-08-04 18:00:00,,-13.338
2000-08-05 00:00:00,,-13.337
2000-08-05 06:00:00,,-13.337
2000-08-05 12:00:00,,-13.338
2000-08-05 18:00:00,,-13.337
2000-08-06 06:00:00,,-13.337
2000-08-06 12:00:00,,-13.338
2000-08-06 18:00:00,,-13.326
2000-08-07 00:00:00,,-13.325
2000-08-07 12:00:00,,-13.325
2000-08-07 18:00:00,,-13.313
2000-08-08 00:00:00,,-13.313
2000-08-08 06:00:00,,-13.306
2000-08-08 18:00:00,,-13.306
2000-08-09 00:00:00,,-13.315
2000-08-09 06:00:00,,-13.315
2000-08-09 12:00:00,,-13.338
2000-08-09 18:00:00,,-13.33
2000-08-10 06:00:00,,-13.33
2000-08-10 12:00:00,,-13.338
2000-08-10 18:00:00,,-13.33
2000-08-11 06:00:00,,-13.33
2000-08-11 12:00:00,,-13.363
2000-08-11 18:00:00,,-13.363
2000-08-12 00:00:00,,-13.381
2000-08-12 06:00:00,,-13.381
2000-08-12 12:00:00,,-13.411
2000-08-12 18:00:00,,-13.393
2000-08-13 00:00:00,,-13.411
2000-08-13 12:00:00,,-13.411
2000-08-13 18:00:00,,-13.386
2000-08-14 00:00:00,,-13.387
2000-08-14 06:00:00,,-13.387
2000-08-14 12:00:00,,-13.4
2000-08-14 18:00:00,,-13.369
2000-08-15 12:00:00,,-13.369
2000-08-15 18:00:00,,-13.323
2000-08-16 00:00:00,,-13.321
2000-08-16 06:00:00,,-13.321
2000-08-16 12:00:00,,-13.325
2000-08-16 18:00:00,,-13.289
2000-08-17 00:00:00,,-13.287
2000-08-17 06:00:00,,-13.287
2000-08-17 12:00:00,,-13.286
2000-08-17 18:00:00,,-13.242
2000-08-18 00:00:00,,-13.252
2000-08-18 06:00:00,,-13.26
2000-08-18 12:00:00,,-13.284
2000-08-18 18:00:00,,-13.283
2000-08-19 00:00:00,,-13.29
2000-08-19 06:00:00,,-13.295
2000-08-19 12:00:00,,-13.321
2000-08-19 18:00:00,,-13.306
2000-08-20 00:00:00,,-13.309
2000-08-20 06:00:00,,-13.311
2000-08-20 12:00:00,,-13.329
2000-08-20 18:00:00,,-13.314
2000-08-21 00:00:00,,-13.31
2000-08-21 12:00:00,,-13.31
2000-08-21 18:00:00,,-13.266
2000-08-22 06:00:00,,-13.266
2000-08-22 12:00:00,,-13.291
2000-08-23 00:00:00,,-13.291
2000-08-23 06:00:00,,-13.298
2000-08-23 12:00:00,,-13.323
2000-08-23 18:00:00,,-13.309
2000-08-24 06:00:00,,-13.309
2000-08-24 12:00:00,,-13.315
2000-08-24 18:00:00,,-13.289
2000-08-25 00:00:00,,-13.289
2000-08-25 06:00:00,,-13.281
2000-08-25 12:00:00,,-13.286
2000-08-25 18:00:00,,-13.273
2000-08-26 00:00:00,,-13.273
2000-08-26 06:00:00,,-13.269
2000-08-26 12:00:00,,-13.278
2000-08-26 18:00:00,,-13.25
2000-08-27 06:00:00,,-13.25
2000-08-27 12:00:00,,-13.259
2000-08-27 18:00:00,,-13.238
2000-08-28 00:00:00,,-13.253
2000-08-28 06:00:00,,-13.254
2000-08-28 12:00:00,,-13.293
2000-08-28 18:00:00,,-13.267
2000-08-29 00:00:00,,-13.266
2000-08-29 06:00:00,,-13.259
2000-08-29 12:00:00,,-13.257
2000-08-29 18:00:00,,-13.221
2000-08-30 00:00:00,,-13.228
2000-08-30 06:00:00,,-13.228
2000-08-30 12:00:00,,-13.268
2000-08-30 18:00:00,,-13.263
2000-08-31 00:00:00,,-13.27
2000-08-31 06:00:00,,-13.271
2000-08-31 12:00:00,,-13.286
2000-08-31 18:00:00,,-13.251
2000-09-01 00:00:00,,-13.246
2000-09-01 06:00:00,,-13.246
2000-09-01 12:00:00,,-13.247
2000-09-01 18:00:00,,-13.248
2000-09-02 00:00:00,,-13.291
2000-09-02 06:00:00,,-13.306
2000-09-02 12:00:00,,-13.375
2000-09-03 06:00:00,,-13.375
2000-09-03 12:00:00,,-13.392
2000-09-03 18:00:00,,-13.389
2000-09-04 00:00:00,,-13.387
2000-09-04 12:00:00,,-13.387
2000-09-04 18:00:00,,-13.354
2000-09-05 00:00:00,,-13.353
2000-09-05 06:00:00,,-13.337
2000-09-05 12:00:00,,-13.337
2000-09-05 18:00:00,,-13.334
2000-09-06 00:00:00,,-13.334
2000-09-06 06:00:00,,-13.333
2000-09-08 06:00:00,,-13.333
2000-09-08 12:00:00,,-13.356
2000-09-08 18:00:00,,-13.355
2000-09-09 00:00:00,,-13.37
2000-09-09 06:00:00,,-13.375
2000-09-09 12:00:00,,-13.412
2000-09-09 18:00:00,,-13.407
2000-09-10 00:00:00,,-13.419
2000-09-10 06:00:00,,-13.419
2000-09-10 12:00:00,,-13.448
2000-09-10 18:00:00,,-13.426
2000-09-11 00:00:00,,-13.431
2000-09-11 06:00:00,,-13.431
2000-09-11 12:00:00,,-13.447
2000-09-11 18:00:00,,-13.43
2000-09-12 00:00:00,,-13.436
2000-09-12 06:00:00,,-13.436
2000-09-12 12:00:00,,-13.452
2000-09-12 18:00:00,,-13.425
2000-09-13 06:00:00,,-13.425
2000-09-13 12:00:00,,-13.426
2000-09-13 18:00:00,,-13.383
2000-09-14 06:00:00,,-13.383
2000-09-14 12:00:00,,-13.388
2000-09-14 18:00:00,,-13.37
2000-09-15 00:00:00,,-13.373
2000-09-15 06:00:00,,-13.373
2000-09-15 12:00:00,,-13.387
2000-09-15 18:00:00,,-13.375
2000-09-16 00:00:00,,-13.382
2000-09-16 06:00:00,,-13.384
2000-09-16 12:00:00,,-13.404
2000-09-16 18:00:00,,-13.393
2000-09-17 00:00:00,,-13.393
2000-09-17 06:00:00,,-13.394
2000-09-17 12:00:00,,-13.402
2000-09-18 06:00:00,,-13.402
2000-09-18 12:00:00,,-13.408
2000-09-18 18:00:00,,-13.387
2000-09-19 00:00:00,,-13.386
2000-09-19 06:00:00,,-13.382
2000-09-19 12:00:00,,-13.382
2000-09-19 18:00:00,,-13.35
2000-09-20 12:00:00,,-13.35
2000-09-20 18:00:00,,-13.349
2000-09-21 06:00:00,,-13.349
2000-09-21 12:00:00,,-13.367
2000-09-22 06:00:00,,-13.367
2000-09-22 12:00:00,,-13.384
2000-09-22 18:00:00,,-13.377
2000-09-23 06:00:00,,-13.377
2000-09-23 12:00:00,,-13.387
2000-09-23 18:00:00,,-13.378
2000-09-24 06:00:00,,-13.378
2000-09-24 12:00:00,,-13.384
2000-09-24 18:00:00,,-13.355
2000-09-25 00:00:00,,-13.362
2000-09-25 06:00:00,,-13.362
2000-09-25 12:00:00,,-13.367
2000-09-25 18:00:00,,-13.338
2000-09-26 06:00:00,,-13.338
2000-09-26 12:00:00,,-13.34
2000-09-26 18:00:00,,-13.315
2000-09-27 00:00:00,,-13.319
2000-09-27 06:00:00,,-13.319
2000-09-27 12:00:00,,-13.325
2000-09-27 18:00:00,,-13.298
2000-09-28 00:00:00,,-13.305
2000-09-28 06:00:00,,-13.305
2000-09-28 12:00:00,,-13.318
2000-09-28 18:00:00,,-13.293
2000-09-29 00:00:00,,-13.3
2000-09-29 06:00:00,,-13.302
2000-09-29 12:00:00,,-13.318
2000-09-29 18:00:00,,-13.307
2000-09-30 00:00:00,,-13.323
2000-09-30 06:00:00,,-13.326
2000-09-30 12:00:00,,-13.354
2000-09-30 18:00:00,,-13.329
2000-10-01 00:00:00,,-13.326
2000-10-01 06:00:00,,-13.327
2000-10-01 12:00:00,,-13.357
2000-10-01 18:00:00,,-13.357
2000-10-02 00:00:00,,-13.367
2000-10-02 06:00:00,,-13.371
2000-10-02 12:00:00,,-13.388
2000-10-02 18:00:00,,-13.382
2000-10-03 12:00:00,,-13.382
2000-10-03 18:00:00,,-13.369
2000-10-04 12:00:00,,-13.369
2000-10-04 18:00:00,,-13.351
2000-10-05 12:00:00,,-13.351
2000-10-05 18:00:00,,-13.329
2000-10-06 00:00:00,,-13.327
2000-10-06 06:00:00,,-13.327
2000-10-06 12:00:00,,-13.343
2000-10-06 18:00:00,,-13.325
2000-10-07 12:00:00,,-13.325
2000-10-07 18:00:00,,-13.291
2000-10-08 06:00:00,,-13.291
2000-10-08 12:00:00,,-13.301
2000-10-08 18:00:00,,-13.281
2000-10-09 00:00:00,,-13.29
2000-10-09 06:00:00,,-13.302
2000-10-09 12:00:00,,-13.334
2000-10-09 18:00:00,,-13.307
2000-10-10 00:00:00,,-13.333
2000-10-10 06:00:00,,-13.333
2000-10-10 12:00:00,,-13.375
2000-10-10 18:00:00,,-13.374
2000-10-11 00:00:00,,-13.391
2000-10-11 06:00:00,,-13.389
2000-10-11 12:00:00,,-13.39
2000-10-11 18:00:00,,-13.353
2000-10-12 00:00:00,,-13.348
2000-10-12 06:00:00,,-13.335
2000-10-12 12:00:00,,-13.335
2000-10-12 18:00:00,,-13.281
2000-10-13 00:00:00,,-13.278
2000-10-13 06:00:00,,-13.262
2000-10-13 12:00:00,,-13.273
2000-10-13 18:00:00,,-13.263
2000-10-14 00:00:00,,-13.305
2000-10-14 06:00:00,,-13.321
2000-10-14 12:00:00,,-13.371
2000-10-14 18:00:00,,-13.35
2000-10-15 00:00:00,,-13.366
2000-10-15 06:00:00,,-13.367
2000-10-15 12:00:00,,-13.384
2000-10-15 18:00:00,,-13.355
2000-10-16 00:00:00,,-13.358
2000-10-16 06:00:00,,-13.36
2000-10-16 12:00:00,,-13.368
2000-10-16 18:00:00,,-13.337
2000-10-17 00:00:00,,-13.333
2000-10-17 06:00:00,,-13.303
2000-10-17 12:00:00,,-13.297
2000-10-17 18:00:00,,-13.282
2000-10-18 00:00:00,,-13.277
2000-10-18 06:00:00,,-13.277
2000-10-18 12:00:00,,-13.306
2000-10-18 18:00:00,,-13.315
2000-10-19 00:00:00,,-13.338
2000-10-19 06:00:00,,-13.366
2000-10-19 12:00:00,,-13.407
2000-10-20 06:00:00,,-13.407
2000-10-20 12:00:00,,-13.408
2000-10-20 18:00:00,,-13.398
2000-10-21 00:00:00,,-13.398
2000-10-21 06:00:00,,-13.372
2000-10-21 12:00:00,,-13.368
2000-10-21 18:00:00,,-13.323
2000-10-22 00:00:00,,-13.323
2000-10-22 06:00:00,,-13.299
2000-10-22 18:00:00,,-13.299
2000-10-23 00:00:00,,-13.256
2000-10-23 06:00:00,,-13.256
2000-10-23 12:00:00,,-13.274
2000-10-23 18:00:00,,-13.265
2000-10-24 00:00:00,,-13.267
2000-10-24 06:00:00,,-13.271
2000-10-24 12:00:00,,-13.303
2000-10-24 18:00:00,,-13.292
2000-10-25 00:00:00,,-13.298
2000-10-25 06:00:00,,-13.298
2000-10-25 12:00:00,,-13.32
2000-10-25 18:00:00,,-13.293
2000-10-26 00:00:00,,-13.294
2000-10-26 06:00:00,,-13.298
2000-10-26 12:00:00,,-13.32
2000-10-26 18:00:00,,-13.292
2000-10-27 00:00:00,,-13.333
2000-10-27 06:00:00,,-13.335
2000-10-27 12:00:00,,-13.374
2000-10-27 18:00:00,,-13.341
2000-10-28 00:00:00,,-13.357
2000-10-28 06:00:00,,-13.359
2000-10-28 12:00:00,,-13.374
2000-10-28 18:00:00,,-13.354
2000-10-29 00:00:00,,-13.363
2000-10-29 12:00:00,,-13.363
2000-10-29 18:00:00,,-13.34
2000-10-30 00:00:00,,-13.339
2000-10-30 12:00:00,,-13.339
2000-10-30 18:00:00,,-13.283
2000-10-31 00:00:00,,-13.283
2000-10-31 06:00:00,,-13.263
2000-10-31 12:00:00,,-13.263
2000-10-31 18:00:00,,-13.262
2000-11-01 00:00:00,,-13.225
2000-11-01 06:00:00,,-13.225
2000-11-01 12:00:00,,-13.247
2000-11-01 18:00:00,,-13.247
2000-11-02 00:00:00,,-13.251
2000-11-02 06:00:00,,-13.256
2000-11-02 12:00:00,,-13.268
2000-11-03 06:00:00,,-13.268
2000-11-03 12:00:00,,-13.284
2000-11-04 06:00:00,,-13.284
2000-11-04 12:00:00,,-13.302
2000-11-04 18:00:00,,-13.281
2000-11-05 00:00:00,,-13.3
2000-11-05 06:00:00,,-13.303
2000-11-05 12:00:00,,-13.303
2000-11-05 18:00:00,,-13.261
2000-11-06 00:00:00,,-13.263
2000-11-06 06:00:00,,-13.271
2000-11-06 12:00:00,,-13.288
2000-11-06 18:00:00,,-13.281
2000-11-07 06:00:00,,-13.281
2000-11-07 12:00:00,,-13.287
2000-11-07 18:00:00,,-13.255
2000-11-08 12:00:00,,-13.255
2000-11-08 18:00:00,,-13.235
2000-11-09 06:00:00,,-13.235
2000-11-09 12:00:00,,-13.239
2000-11-09 18:00:00,,-13.234
2000-11-10 00:00:00,,-13.234
2000-11-10 06:00:00,,-13.243
2000-11-10 12:00:00,,-13.283
2000-11-10 18:00:00,,-13.282
2000-11-11 00:00:00,,-13.291
2000-11-11 06:00:00,,-13.303
2000-11-11 12:00:00,,-13.342
2000-11-11 18:00:00,,-13.301
2000-11-12 00:00:00,,-13.307
2000-11-12 06:00:00,,-13.301
2000-11-12 12:00:00,,-13.301
2000-11-12 18:00:00,,-13.286
2000-11-13 00:00:00,,-13.285
2000-11-13 06:00:00,,-13.285
2000-11-13 12:00:00,,-13.311
2000-11-13 18:00:00,,-13.292
2000-11-14 06:00:00,,-13.292
2000-11-14 12:00:00,,-13.311
2000-11-14 18:00:00,,-13.291
2000-11-15 12:00:00,,-13.291
2000-11-15 18:00:00,,-13.277
2000-11-16 00:00:00,,-13.277
2000-11-16 06:00:00,,-13.283
2000-11-16 12:00:00,,-13.283
2000-11-16 18:00:00,,-13.274
2000-11-18 06:00:00,,-13.274
2000-11-18 12:00:00,,-13.275
2000-11-18 18:00:00,,-13.266
2000-11-19 00:00:00,,-13.266
2000-11-19 06:00:00,,-13.271
2000-11-19 12:00:00,,-13.287
2000-11-19 18:00:00,,-13.282
2000-11-20 12:00:00,,-13.282
2000-11-20 18:00:00,,-13.267
2000-11-21 00:00:00,,-13.267
2000-11-21 06:00:00,,-13.271
2000-11-21 12:00:00,,-13.288
2000-11-21 18:00:00,,-13.283
2000-11-22 00:00:00,,-13.285
2000-11-22 06:00:00,,-13.291
2000-11-22 12:00:00,,-13.313
2000-11-22 18:00:00,,-13.313
2000-11-23 00:00:00,,-13.323
2000-11-23 06:00:00,,-13.325
2000-11-23 12:00:00,,-13.363
2000-11-23 18:00:00,,-13.337
2000-11-24 00:00:00,,-13.338
2000-11-25 00:00:00,,-13.335
2000-11-25 06:00:00,,-13.335
2000-11-25 12:00:00,,-13.334
2000-11-26 06:00:00,,-13.334
2000-11-26 12:00:00,,-13.338
2000-11-26 18:00:00,,-13.334
2000-11-27 12:00:00,,-13.334
2000-11-27 18:00:00,,-13.333
2000-11-28 12:00:00,,-13.333
2000-11-28 18:00:00,,-13.332
2000-11-29 00:00:00,,-13.3
2000-11-29 06:00:00,,-13.3
2000-11-29 12:00:00,,-13.315
2000-11-29 18:00:00,,-13.31
2000-11-30 06:00:00,,-13.31
2000-11-30 12:00:00,,-13.327
2000-11-30 18:00:00,,-13.325
2000-12-01 00:00:00,,-13.331
2000-12-01 06:00:00,,-13.363
2000-12-01 12:00:00,,-13.379
2000-12-01 18:00:00,,-13.369
2000-12-02 06:00:00,,-13.369
2000-12-02 12:00:00,,-13.37
2000-12-02 18:00:00,,-13.357
2000-12-03 12:00:00,,-13.357
2000-12-03 18:00:00,,-13.348
2000-12-04 00:00:00,,-13.345
2000-12-04 06:00:00,,-13.345
2000-12-04 12:00:00,,-13.347
2000-12-04 18:00:00,,-13.345
2000-12-05 06:00:00,,-13.345
2000-12-05 12:00:00,,-13.365
2000-12-05 18:00:00,,-13.353
2000-12-06 00:00:00,,-13.353
2000-12-06 06:00:00,,-13.349
2000-12-06 12:00:00,,-13.349
2000-12-06 18:00:00,,-13.327
2000-12-07 00:00:00,,-13.327
2000-12-07 06:00:00,,-13.318
2000-12-07 12:00:00,,-13.318
2000-12-07 18:00:00,,-13.293
2000-12-08 00:00:00,,-13.293
2000-12-08 06:00:00,,-13.276
2000-12-08 12:00:00,,-13.276
2000-12-08 18:00:00,,-13.242
2000-12-09 00:00:00,,-13.262
2000-12-09 06:00:00,,-13.262
2000-12-09 12:00:00,,-13.278
2000-12-09 18:00:00,,-13.266
2000-12-10 00:00:00,,-13.288
2000-12-10 06:00:00,,-13.288
2000-12-10 12:00:00,,-13.315
2000-12-10 18:00:00,,-13.289
2000-12-11 00:00:00,,-13.294
2000-12-11 06:00:00,,-13.294
2000-12-11 12:00:00,,-13.295
2000-12-11 18:00:00,,-13.273
2000-12-12 00:00:00,,-13.276
2000-12-12 12:00:00,,-13.276
2000-12-12 18:00:00,,-13.209
2000-12-13 00:00:00,,-13.209
2000-12-13 06:00:00,,-13.186
2000-12-14 06:00:00,,-13.186
2000-12-14 12:00:00,,-13.214
2000-12-14 18:00:00,,-13.218
2000-12-15 00:00:00,,-13.249
2000-12-15 06:00:00,,-13.256
2000-12-15 12:00:00,,-13.273
2000-12-15 18:00:00,,-13.273
2000-12-16 00:00:00,,-13.282
2000-12-16 06:00:00,,-13.29
2000-12-16 12:00:00,,-13.298
2000-12-16 18:00:00,,-13.293
2000-12-17 06:00:00,,-13.293
2000-12-17 12:00:00,,-13.296
2000-12-17 18:00:00,,-13.289
2000-12-18 06:00:00,,-13.289
2000-12-18 12:00:00,,-13.291
2000-12-18 18:00:00,,-13.29
2000-12-19 06:00:00,,-13.29
2000-12-19 12:00:00,,-13.298
2000-12-19 18:00:00,,-13.278
2000-12-20 00:00:00,,-13.28
2000-12-20 06:00:00,,-13.28
2000-12-20 12:00:00,,-13.281
2000-12-20 18:00:00,,-13.249
2000-12-21 06:00:00,,-13.249
2000-12-21 12:00:00,,-13.271
2000-12-21 18:00:00,,-13.256
2000-12-22 00:00:00,,-13.256
2000-12-22 06:00:00,,-13.266
2000-12-22 12:00:00,,-13.298
2000-12-22 18:00:00,,-13.286
2000-12-23 00:00:00,,-13.314
2000-12-23 06:00:00,,-13.322
2000-12-23 12:00:00,,-13.345
2000-12-23 18:00:00,,-13.322
2000-12-24 00:00:00,,-13.34
2000-12-24 06:00:00,,-13.34
2000-12-24 12:00:00,,-13.363
2000-12-24 18:00:00,,-13.337
2000-12-25 00:00:00,,-13.345
2000-12-25 06:00:00,,-13.345
2000-12-25 12:00:00,,-13.363
2000-12-25 18:00:00,,-13.336
2000-12-26 00:00:00,,-13.339
2000-12-26 12:00:00,,-13.339
2000-12-26 18:00:00,,-13.329
2000-12-28 06:00:00,,-13.329
2000-12-28 12:00:00,,-13.347
2000-12-28 18:00:00,,-13.341
2000-12-29 00:00:00,,-13.344
2000-12-29 06:00:00,,-13.344
2000-12-29 12:00:00,,-13.353
2000-12-29 18:00:00,,-13.341
2000-12-30 00:00:00,,-13.342
2000-12-30 06:00:00,,-13.347
2000-12-30 12:00:00,,-13.357
2000-12-31 06:00:00,,-13.357
2000-12-31 12:00:00,,-13.381
2001-01-01 06:00:00,,-13.381
2001-01-01 12:00:00,,-13.396
2001-01-02 00:00:00,,-13.396
2001-01-02 06:00:00,,-13.403
2001-01-02 12:00:00,,-13.42
2001-01-02 18:00:00,,-13.409
2001-01-03 00:00:00,,-13.408
2001-01-03 06:00:00,,-13.409
2001-01-03 12:00:00,,-13.424
2001-01-03 18:00:00,,-13.405
2001-01-04 06:00:00,,-13.405
2001-01-04 12:00:00,,-13.408
2001-01-04 18:00:00,,-13.403
2001-01-05 00:00:00,,-13.401
2001-01-05 06:00:00,,-13.408
2001-01-05 12:00:00,,-13.421
2001-01-05 18:00:00,,-13.408
2001-01-06 06:00:00,,-13.408
2001-01-06 12:00:00,,-13.421
2001-01-06 18:00:00,,-13.408
2001-01-08 12:00:00,,-13.408
2001-01-08 18:00:00,,-13.407
2001-01-08 18:00:01,,-13.407
2001-01-08 18:00:02,,NaN
2002-01-24 11:59:59,,NaN
2002-01-24 12:00:00,,-13.525
2002-01-24 18:00:00,,-13.525
2002-01-25 00:00:00,,-13.525
2002-01-25 00:00:01,,NaN
2002-03-07 23:59:59,,NaN
2002-03-08 00:00:00,,-13.525
2002-03-08 06:00:00,,-13.524
2002-03-08 06:00:01,,NaN
2002-07-02 17:59:59,,NaN
2002-07-02 18:00:00,,-13.524
2002-07-03 00:00:00,,-13.523
2002-07-03 00:00:01,,NaN
2002-11-02 23:59:59,,NaN
2002-11-03 00:00:00,,-13.523
2002-11-03 06:00:00,,-13.522
2002-11-03 06:00:01,,NaN
2002-11-06 11:59:59,,NaN
2002-11-06 12:00:00,,-13.522
2002-11-06 18:00:00,,-13.521
2002-11-06 18:00:01,,NaN
2002-12-08 11:59:59,,NaN
2002-12-08 12:00:00,,-13.521
2002-12-08 18:00:00,,-13.52
2002-12-08 18:00:01,,NaN
2002-12-16 23:59:59,,NaN
2002-12-17 00:00:00,,-13.52
2002-12-17 06:00:00,,-13.519
2002-12-17 06:00:01,,NaN
2003-05-15 11:59:59,,NaN
2003-05-15 12:00:00,,-13.519
2003-05-15 15:48:00,,-13.468
2003-05-15 15:49:00,,-13.468
2003-05-15 15:49:01,,NaN
2004-01-20 15:51:59,,NaN
2004-01-20 15:52:00,,-13.52
2004-01-20 15:52:01,,NaN
2004-10-15 00:00:00,,NaN
2004-10-15 00:00:01,,-13.558
2004-10-15 06:00:02,,-13.558
2004-10-15 12:00:03,,-13.574
2004-10-16 12:00:07,,-13.574
2004-10-16 18:00:08,,-13.565
2004-10-17 12:00:10,,-13.565
2004-10-17 18:00:11,,-13.556
2004-10-19 06:00:17,,-13.556
2004-10-19 12:00:18,,-13.567
2004-10-20 06:00:21,,-13.567
2004-10-20 12:00:22,,-13.571
2004-10-21 12:00:26,,-13.571
2004-10-21 18:00:27,,-13.566
2004-10-22 00:00:28,,-13.566
2004-10-22 06:00:28,,-13.564
2004-10-22 12:00:29,,-13.564
2004-10-22 18:00:30,,-13.544
2004-10-23 12:00:33,,-13.544
2004-10-23 18:00:34,,-13.54
2004-10-24 06:00:36,,-13.54
2004-10-24 12:00:37,,-13.56
2004-10-25 06:00:40,,-13.56
2004-10-25 12:00:41,,-13.567
2004-10-25 18:00:42,,-13.564
2004-10-26 06:00:44,,-13.564
2004-10-26 12:00:45,,-13.571
2004-10-26 18:00:46,,-13.571
2004-10-27 00:00:47,,-13.576
2004-10-27 18:00:49,,-13.576
2004-10-28 00:00:50,,-13.586
2004-10-28 06:00:51,,-13.586
2004-10-28 12:00:52,,-13.591
2004-10-29 12:00:56,,-13.591
2004-10-29 18:00:57,,-13.585
2004-10-30 12:01:00,,-13.585
2004-10-30 18:01:01,,-13.569
2004-10-31 00:01:02,,-13.566
2004-10-31 12:01:04,,-13.566
2004-10-31 18:01:05,,-13.556
2004-11-01 00:01:06,,-13.555
2004-11-01 18:01:08,,-13.555
2004-11-02 00:01:09,,-13.552
2004-11-02 12:01:11,,-13.552
2004-11-02 18:01:12,,-13.547
2004-11-03 12:01:15,,-13.547
2004-11-03 18:01:16,,-13.531
2004-11-04 00:01:17,,-13.528
2004-11-04 18:01:20,,-13.528
2004-11-05 00:01:21,,-13.529
2004-11-05 06:01:22,,-13.544
2004-11-05 12:01:23,,-13.562
2004-11-06 06:01:25,,-13.562
2004-11-06 12:01:26,,-13.576
2004-11-07 06:01:29,,-13.576
2004-11-07 12:01:30,,-13.58
2004-11-07 12:01:31,,NaN
2004-11-09 12:01:37,,NaN
2004-11-09 12:01:38,,-13.58
2004-11-09 18:01:39,,-13.564
2004-11-10 00:01:40,,-13.564
2004-11-10 06:01:41,,-13.559
2004-11-10 12:01:42,,-13.559
2004-11-10 18:01:43,,-13.539
2004-11-11 06:01:44,,-13.539
2004-11-11 12:01:45,,-13.554
2004-11-12 06:01:48,,-13.554
2004-11-12 12:01:49,,-13.568
2004-11-12 18:01:50,,-13.564
2004-11-13 06:01:52,,-13.564
2004-11-13 12:01:53,,-13.572
2004-11-14 06:01:56,,-13.572
2004-11-14 12:01:57,,-13.578
2004-11-14 18:01:58,,-13.576
2004-11-14 18:01:59,,NaN
2004-11-17 12:02:07,,NaN
2004-11-17 12:02:08,,-13.576
2004-11-17 18:02:09,,-13.571
2004-11-18 00:02:10,,-13.57
2004-11-18 06:02:11,,-13.567
2004-11-18 12:02:12,,-13.567
2004-11-18 18:02:13,,-13.555
2004-11-19 00:02:14,,-13.555
2004-11-19 06:02:15,,-13.552
2004-11-19 12:02:16,,-13.561
2004-11-19 18:02:17,,-13.561
2004-11-20 00:02:18,,-13.57
2004-11-20 06:02:19,,-13.576
2004-11-20 12:02:20,,-13.582
2004-11-21 06:02:22,,-13.582
2004-11-21 12:02:23,,-13.586
2004-11-21 12:02:24,,NaN
2004-11-23 12:02:30,,NaN
2004-11-23 12:02:31,,-13.586
2004-11-23 18:02:32,,-13.585
2004-11-24 12:02:35,,-13.585
2004-11-24 18:02:36,,-13.574
2004-11-25 06:02:38,,-13.574
2004-11-25 12:02:39,,-13.576
2004-11-25 18:02:40,,-13.573
2004-11-26 06:02:41,,-13.573
2004-11-26 12:02:42,,-13.575
2004-11-27 06:02:45,,-13.575
2004-11-27 12:02:46,,-13.577
2004-11-27 18:02:47,,-13.577
2004-11-28 00:02:48,,-13.576
2004-11-29 12:02:54,,-13.576
2004-11-29 18:02:55,,-13.556
2004-11-30 12:02:58,,-13.556
2004-11-30 18:02:59,,-13.537
2004-12-01 00:02:59,,-13.535
2004-12-01 06:03:00,,-13.535
2004-12-01 12:03:01,,-13.55
2004-12-01 18:03:02,,-13.556
2004-12-02 00:03:03,,-13.569
2004-12-02 06:03:04,,-13.576
2004-12-02 12:03:05,,-13.581
2004-12-03 12:03:09,,-13.581
2004-12-03 18:03:10,,-13.576
2004-12-04 00:03:11,,-13.575
2004-12-04 12:03:13,,-13.575
2004-12-04 18:03:14,,-13.571
2004-12-06 00:03:18,,-13.571
2004-12-06 06:03:19,,-13.57
2004-12-06 12:03:20,,-13.57
2004-12-06 18:03:21,,-13.551
2004-12-07 06:03:23,,-13.551
2004-12-07 12:03:24,,-13.552
2004-12-07 18:03:25,,-13.551
2004-12-08 00:03:26,,-13.547
2004-12-09 12:03:32,,-13.547
2004-12-09 18:03:33,,-13.541
2004-12-10 06:03:35,,-13.541
2004-12-10 12:03:36,,-13.542
2004-12-10 18:03:37,,-13.537
2004-12-11 06:03:38,,-13.537
2004-12-11 12:03:39,,-13.543
2004-12-11 12:03:40,,NaN
2004-12-14 06:03:49,,NaN
2004-12-14 06:03:50,,-13.543
2004-12-14 12:03:51,,-13.554
2004-12-15 00:03:53,,-13.554
2004-12-15 06:03:54,,-13.562
2004-12-15 12:03:55,,-13.576
2004-12-16 06:03:57,,-13.576
2004-12-16 12:03:58,,-13.581
2004-12-17 18:04:03,,-13.581
2004-12-18 00:04:04,,-13.58
2004-12-18 12:04:06,,-13.58
2004-12-18 18:04:07,,-13.572
2004-12-19 00:04:08,,-13.571
2004-12-19 06:04:09,,-13.571
2004-12-19 12:04:10,,-13.574
2004-12-20 06:04:13,,-13.574
2004-12-20 12:04:14,,-13.576
2004-12-21 12:04:17,,-13.576
2004-12-21 18:04:18,,-13.57
2004-12-22 12:04:21,,-13.57
2004-12-22 18:04:22,,-13.564
2004-12-24 06:04:28,,-13.564
2004-12-24 12:04:29,,-13.57
2004-12-25 06:04:32,,-13.57
2004-12-25 12:04:33,,-13.572
2004-12-26 12:04:36,,-13.572
2004-12-26 18:04:37,,-13.563
2004-12-27 00:04:38,,-13.562
2004-12-27 12:04:40,,-13.562
2004-12-27 18:04:41,,-13.555
2004-12-28 06:04:43,,-13.555
2004-12-28 12:04:44,,-13.567
2004-12-29 06:04:47,,-13.567
2004-12-29 12:04:48,,-13.572
2004-12-30 18:04:52,,-13.572
2004-12-31 00:04:53,,-13.571
2004-12-31 18:04:56,,-13.571
2005-01-01 00:04:57,,-13.57
2005-01-01 12:04:59,,-13.57
2005-01-01 18:05:00,,-13.565
2005-01-02 12:05:03,,-13.565
2005-01-02 18:05:04,,-13.561
2005-01-03 12:05:07,,-13.561
2005-01-03 18:05:08,,-13.56
2005-01-04 00:05:09,,-13.524
2005-01-04 18:05:11,,-13.524
2005-01-05 00:05:12,,-13.525
2005-01-05 06:05:13,,-13.529
2005-01-05 12:05:14,,-13.542
2005-01-05 18:05:15,,-13.542
2005-01-06 00:05:16,,-13.547
2005-01-06 06:05:17,,-13.556
2005-01-06 12:05:18,,-13.571
2005-01-07 06:05:21,,-13.571
2005-01-07 12:05:22,,-13.58
2005-01-09 06:05:29,,-13.58
2005-01-09 12:05:30,,-13.581
2005-01-11 06:05:36,,-13.581
2005-01-11 12:05:37,,-13.582
2005-01-11 12:05:38,,NaN
2005-01-13 12:05:44,,NaN
2005-01-13 12:05:45,,-13.582
2005-01-13 18:05:46,,-13.581
2005-01-14 00:05:47,,-13.576
2005-01-14 00:05:48,,NaN
2005-01-16 06:05:54,,NaN
2005-01-16 06:05:55,,-13.576
2005-01-16 12:05:56,,-13.589
2005-01-16 18:05:57,,-13.589
2005-01-17 00:05:58,,-13.602
2005-01-17 06:05:59,,-13.618
2005-01-17 12:06:00,,-13.626
2005-01-17 12:34:00,,-13.628
2005-01-17 13:00:00,,-13.628
2005-01-18 13:00:04,,-13.627
2005-01-18 17:00:05,,-13.627
2005-01-18 18:15:05,,-13.619
2005-01-19 13:30:08,,-13.615
2005-01-19 17:15:09,,-13.591
2005-01-19 21:15:10,,-13.587
2005-01-20 21:15:14,,-13.582
2005-01-21 07:45:16,,-13.586
2005-01-21 11:15:17,,-13.594
2005-01-21 15:30:17,,-13.59
2005-01-21 20:00:18,,-13.582
2005-01-22 20:00:22,,-13.582
2005-01-23 07:45:24,,-13.586
2005-01-23 11:30:25,,-13.594
2005-01-23 16:30:26,,-13.59
2005-01-24 00:30:27,,-13.587
2005-01-24 08:30:29,,-13.592
2005-01-24 12:15:29,,-13.596
2005-01-24 16:30:30,,-13.591
2005-01-24 20:00:31,,-13.585
2005-01-25 20:00:35,,-13.583
2005-01-27 17:45:43,,-13.583
2005-01-27 18:00:43,,-13.544
2005-01-28 18:00:47,,-13.544
2005-01-29 04:30:49,,-13.543
2005-01-29 11:00:50,,-13.552
2005-01-29 16:30:51,,-13.555
2005-01-30 06:15:53,,-13.56
2005-01-30 10:30:54,,-13.57
2005-01-31 10:30:58,,-13.573
2005-02-01 10:31:03,,-13.572
2005-02-02 06:46:06,,-13.577
2005-02-02 08:16:06,,-13.59
2005-02-02 11:46:07,,-13.6
2005-02-03 04:31:10,,-13.605
2005-02-03 09:46:11,,-13.618
2005-02-04 09:46:15,,-13.614
2005-02-04 15:16:16,,-13.609
2005-02-04 19:31:17,,-13.6
2005-02-05 15:31:20,,-13.596
2005-02-05 18:46:21,,-13.587
2005-02-06 07:16:23,,-13.592
2005-02-06 11:16:24,,-13.6
2005-02-06 15:31:25,,-13.596
2005-02-06 18:31:25,,-13.587
2005-02-07 12:31:28,,-13.588
2005-02-07 16:46:29,,-13.583
2005-02-08 16:01:33,,-13.563
2005-02-08 19:31:34,,-13.551
2005-02-09 08:01:36,,-13.555
2005-02-09 11:16:36,,-13.565
2005-02-10 05:31:40,,-13.57
2005-02-10 07:46:40,,-13.581
2005-02-10 09:01:40,,-13.591
2005-02-10 12:01:41,,-13.598
2005-02-10 19:01:42,,-13.593
2005-02-11 05:46:44,,-13.595
2005-02-11 10:16:45,,-13.61
2005-02-12 10:16:49,,-13.615
2005-02-13 07:16:52,,-13.62
2005-02-13 11:31:53,,-13.625
2005-02-14 08:31:57,,-13.63
2005-02-14 14:16:58,,-13.633
2005-02-14 14:16:59,,NaN
2005-02-16 14:17:05,,NaN
2005-02-16 14:17:06,,-13.633
2005-02-17 14:02:10,,-13.628
2005-02-17 15:02:11,,-13.619
2005-02-17 20:32:12,,-13.609
2005-02-18 14:02:15,,-13.604
2005-02-18 17:47:15,,-13.586
2005-02-19 06:17:18,,-13.591
2005-02-19 09:17:18,,-13.606
2005-02-20 03:47:21,,-13.61
2005-02-20 08:32:22,,-13.625
2005-02-20 15:32:23,,-13.628
2005-02-21 08:17:26,,-13.622
2005-02-21 11:17:27,,-13.628
2005-02-22 11:17:31,,-13.633
2005-02-23 11:17:35,,-13.629
2005-02-23 16:02:36,,-13.627
2005-02-23 17:17:36,,-13.617
2005-02-24 17:17:40,,-13.616
2005-02-25 03:47:42,,-13.615
2005-02-25 08:47:43,,-13.62
2005-02-25 11:47:44,,-13.625
2005-02-26 08:32:47,,-13.63
2005-02-26 12:17:48,,-13.636
2005-02-27 12:17:52,,-13.632
2005-02-27 18:17:53,,-13.627
2005-02-27 19:32:53,,-13.62
2005-02-28 19:32:58,,-13.615
2005-03-01 07:48:00,,-13.62
2005-03-01 11:33:00,,-13.625
2005-03-02 07:03:04,,-13.629
2005-03-02 11:48:05,,-13.634
2005-03-03 11:48:09,,-13.634
2005-03-03 15:48:10,,-13.629
2005-03-03 17:03:10,,-13.627
2005-03-03 18:18:10,,-13.62
2005-03-04 15:33:14,,-13.615
2005-03-04 18:48:14,,-13.608
2005-03-05 08:03:17,,-13.613
2005-03-05 14:18:18,,-13.615
2005-03-06 07:03:21,,-13.62
2005-03-06 10:18:21,,-13.633
2005-03-07 08:48:25,,-13.638
2005-03-07 12:03:26,,-13.644
2005-03-08 12:03:30,,-13.645
2005-03-08 16:03:31,,-13.64
2005-03-08 20:18:31,,-13.636
2005-03-09 20:18:36,,-13.632
2005-03-10 20:18:40,,-13.627
2005-03-11 15:33:43,,-13.627
2005-03-11 16:48:43,,-13.616
2005-03-12 10:48:47,,-13.616
2005-03-13 10:48:51,,-13.614
2005-03-13 17:33:52,,-13.61
2005-03-13 23:03:53,,-13.607
2005-03-14 23:03:57,,-13.603
2005-03-15 23:04:01,,-13.606
2005-03-16 23:04:06,,-13.606
2005-03-17 16:19:09,,-13.603
2005-03-17 20:34:09,,-13.598
2005-03-18 20:34:14,,-13.597
2005-03-19 05:49:15,,-13.602
2005-03-19 10:19:16,,-13.611
2005-03-20 07:19:20,,-13.616
2005-03-20 15:19:21,,-13.624
2005-03-20 19:04:22,,-13.62
2005-03-21 19:04:26,,-13.619
2005-03-22 19:04:30,,-13.614
2005-03-23 19:04:34,,-13.615
2005-03-24 09:19:37,,-13.62
2005-03-24 12:49:37,,-13.625
2005-03-25 09:19:41,,-13.63
2005-03-25 14:19:42,,-13.634
2005-03-26 08:49:45,,-13.639
2005-03-26 12:19:46,,-13.644
2005-03-27 12:19:50,,-13.648
2005-03-28 12:19:54,,-13.647
2005-03-28 17:04:55,,-13.643
2005-03-28 21:04:56,,-13.639
2005-03-29 21:05:00,,-13.638
2005-03-30 16:05:03,,-13.638
2005-03-30 16:20:03,,-13.621
2005-03-30 22:35:04,,-13.619
2005-03-31 22:35:08,,-13.615
2005-04-01 22:35:13,,-13.618
2005-04-02 22:35:17,,-13.615
2005-04-03 20:35:21,,-13.619
2005-04-03 22:05:21,,-13.629
2005-04-04 06:20:22,,-13.644
2005-04-04 11:20:23,,-13.658
2005-04-05 08:20:27,,-13.663
2005-04-05 12:05:28,,-13.668
2005-04-05 15:20:28,,-13.663
2005-04-05 18:05:29,,-13.657
2005-04-06 13:35:32,,-13.652
2005-04-06 16:05:33,,-13.634
2005-04-07 01:50:34,,-13.633
2005-04-07 15:20:37,,-13.628
2005-04-07 16:35:37,,-13.617
2005-04-08 16:35:41,,-13.615
2005-04-09 02:20:43,,-13.614
2005-04-10 02:20:47,,-13.616
2005-04-11 02:20:51,,-13.62
2005-04-11 09:20:52,,-13.625
2005-04-11 12:50:53,,-13.629
2005-04-11 12:50:54,,NaN
2005-04-13 12:51:00,,NaN
2005-04-13 12:51:01,,-13.629
2005-04-14 12:51:06,,-13.632
2005-04-15 08:36:09,,-13.636
2005-04-15 16:36:10,,-13.639
2005-04-16 03:06:12,,-13.638
2005-04-17 03:06:17,,-13.634
2005-04-18 03:06:21,,-13.631
2005-04-19 03:06:25,,-13.635
2005-04-19 07:21:26,,-13.639
2005-04-19 10:21:26,,-13.65
2005-04-20 06:51:30,,-13.654
2005-04-20 10:06:30,,-13.668
2005-04-21 10:06:35,,-13.667
2005-04-21 15:51:36,,-13.664
2005-04-21 22:06:37,,-13.662
2005-04-22 09:21:39,,-13.667
2005-04-23 03:21:42,,-13.667
2005-04-24 03:21:46,,-13.669
2005-04-25 03:21:50,,-13.667
2005-04-26 03:21:54,,-13.664
2005-04-27 03:21:59,,-13.664
2005-04-27 11:20:00,,-13.671
2005-04-27 11:20:01,,NaN
2005-08-16 14:42:59,,NaN
2005-08-16 14:43:00,,-13.644
2005-08-18 14:43:00,,-13.644
2005-08-18 18:13:00,,-13.636
2005-08-19 18:13:00,,-13.632
2005-08-20 08:58:00,,-13.637
2005-08-20 11:43:00,,-13.645
2005-08-21 11:43:00,,-13.65
2005-08-22 10:28:00,,-13.655
2005-08-22 17:43:00,,-13.656
2005-08-23 02:43:00,,-13.654
2005-08-24 02:43:00,,-13.65
2005-08-24 15:13:00,,-13.645
2005-08-24 18:13:00,,-13.64
2005-08-25 18:13:00,,-13.64
2005-08-26 18:13:00,,-13.638
2005-08-27 18:13:00,,-13.638
2005-08-28 18:13:00,,-13.635
2005-08-29 15:13:00,,-13.635
2005-08-29 15:28:00,,-13.609
2005-08-30 15:28:00,,-13.604
2005-08-30 15:28:01,,NaN
2005-09-02 07:27:59,,NaN
2005-09-02 07:28:00,,-13.604
2005-09-02 08:28:00,,-13.62
2005-09-02 17:28:00,,-13.616
2005-09-02 23:13:00,,-13.613
2005-09-03 14:28:00,,-13.61
2005-09-03 15:43:00,,-13.604
2005-09-03 17:58:00,,-13.592
2005-09-04 17:58:00,,-13.59
2005-09-05 07:58:00,,-13.594
2005-09-05 11:43:00,,-13.607
2005-09-06 11:43:00,,-13.605
2005-09-07 11:43:00,,-13.6
2005-09-07 17:13:00,,-13.597
2005-09-07 23:58:00,,-13.593
2005-09-08 23:58:00,,-13.593
2005-09-09 23:58:00,,-13.588
2005-09-10 23:58:00,,-13.588
2005-09-11 07:28:00,,-13.593
2005-09-11 10:58:00,,-13.605
2005-09-12 10:58:00,,-13.608
2005-09-13 03:13:00,,-13.603
2005-09-13 10:43:00,,-13.601
2005-09-14 05:28:00,,-13.606
2005-09-14 11:13:00,,-13.619
2005-09-15 11:13:00,,-13.616
2005-09-15 13:58:00,,-13.611
2005-09-15 15:13:00,,-13.601
2005-09-15 20:13:00,,-13.598
2005-09-16 06:43:00,,-13.603
2005-09-16 09:43:00,,-13.626
2005-09-16 13:13:00,,-13.633
2005-09-16 21:43:00,,-13.637
2005-09-17 01:28:00,,-13.643
2005-09-17 09:13:00,,-13.648
2005-09-17 12:28:00,,-13.653
2005-09-18 12:28:00,,-13.649
2005-09-19 12:28:00,,-13.654
2005-09-20 10:13:00,,-13.659
2005-09-20 16:58:00,,-13.658
2005-09-20 18:28:00,,-13.654
2005-09-21 17:13:00,,-13.649
2005-09-22 11:13:00,,-13.648
2005-09-23 11:13:00,,-13.648
2005-09-24 11:13:00,,-13.647
2005-09-24 13:43:00,,-13.644
2005-09-24 17:58:00,,-13.63
2005-09-25 03:13:00,,-13.625
2005-09-25 06:58:00,,-13.621
2005-09-25 14:43:00,,-13.616
2005-09-25 18:43:00,,-13.612
2005-09-26 08:58:00,,-13.617
2005-09-26 12:43:00,,-13.621
2005-09-27 12:43:00,,-13.623
2005-09-27 15:58:00,,-13.618
2005-09-28 13:28:00,,-13.608
2005-09-28 16:28:00,,-13.592
2005-09-29 07:43:00,,-13.597
2005-09-29 11:43:00,,-13.609
2005-09-30 08:28:00,,-13.613
2005-09-30 12:28:00,,-13.619
2005-10-01 12:28:00,,-13.621
2005-10-02 12:28:00,,-13.617
2005-10-02 16:13:00,,-13.612
2005-10-02 19:58:00,,-13.608
2005-10-03 08:58:00,,-13.613
2005-10-03 10:28:00,,-13.618
2005-10-04 07:28:00,,-13.623
2005-10-04 10:43:00,,-13.632
2005-10-05 10:43:00,,-13.633
2005-10-05 17:58:00,,-13.628
2005-10-06 01:58:00,,-13.625
2005-10-06 15:13:00,,-13.62
2005-10-06 18:58:00,,-13.611
2005-10-07 03:28:00,,-13.606
2005-10-07 08:28:00,,-13.603
2005-10-07 15:13:00,,-13.598
2005-10-07 18:13:00,,-13.588
2005-10-07 23:58:00,,-13.586
2005-10-08 05:58:00,,-13.59
2005-10-08 07:28:00,,-13.598
2005-10-08 11:58:00,,-13.612
2005-10-09 06:28:00,,-13.617
2005-10-09 10:13:00,,-13.627
2005-10-10 10:13:00,,-13.627
2005-10-10 14:13:00,,-13.622
2005-10-10 18:28:00,,-13.612
2005-10-11 18:28:00,,-13.613
2005-10-11 21:28:00,,-13.617
2005-10-12 00:58:00,,-13.623
2005-10-12 08:13:00,,-13.627
2005-10-12 12:43:00,,-13.631
2005-10-12 17:58:00,,-13.626
2005-10-13 08:28:00,,-13.627
2005-10-13 09:58:00,,-13.631
2005-10-14 09:58:00,,-13.633
2005-10-15 09:58:00,,-13.629
2005-10-15 15:58:00,,-13.624
2005-10-15 20:13:00,,-13.619
2005-10-16 16:58:00,,-13.614
2005-10-16 22:13:00,,-13.614
2005-10-17 07:13:00,,-13.616
2005-10-18 07:13:00,,-13.611
2005-10-18 14:28:00,,-13.611
2005-10-18 16:13:00,,-13.588
2005-10-18 16:28:00,,-13.569
2005-10-19 07:13:00,,-13.573
2005-10-19 10:58:00,,-13.586
2005-10-20 09:13:00,,-13.589
2005-10-20 12:13:00,,-13.595
2005-10-21 12:13:00,,-13.6
2005-10-22 08:28:00,,-13.603
2005-10-22 12:13:00,,-13.608
2005-10-23 12:13:00,,-13.608
2005-10-23 15:43:00,,-13.603
2005-10-24 00:28:00,,-13.601
2005-10-25 00:28:00,,-13.603
2005-10-25 16:43:00,,-13.598
2005-10-25 22:28:00,,-13.594
2005-10-26 22:28:00,,-13.594
2005-10-27 03:43:00,,-13.596
2005-10-27 06:58:00,,-13.603
2005-10-27 09:58:00,,-13.613
2005-10-29 09:58:00,,-13.613
2005-10-30 07:13:00,,-13.617
2005-10-30 10:43:00,,-13.63
2005-10-31 10:43:00,,-13.63
2005-10-31 16:43:00,,-13.625
2005-11-01 00:13:00,,-13.623
2005-11-01 15:28:00,,-13.621
2005-11-01 16:58:00,,-13.603
2005-11-01 22:43:00,,-13.6
2005-11-02 08:43:00,,-13.605
2005-11-02 12:13:00,,-13.611
2005-11-03 01:28:00,,-13.611
2005-11-03 02:28:00,,-13.619
2005-11-03 09:43:00,,-13.624
2005-11-03 12:43:00,,-13.629
2005-11-04 08:43:00,,-13.633
2005-11-04 12:13:00,,-13.638
2005-11-05 12:13:00,,-13.637
2005-11-05 15:28:00,,-13.635
2005-11-05 18:28:00,,-13.619
2005-11-06 06:58:00,,-13.616
2005-11-06 17:13:00,,-13.611
2005-11-07 03:43:00,,-13.609
2005-11-08 03:43:00,,-13.612
2005-11-10 03:43:00,,-13.612
2005-11-10 06:58:00,,-13.616
2005-11-10 09:58:00,,-13.624
2005-11-11 07:43:00,,-13.629
2005-11-11 12:28:00,,-13.633
2005-11-12 12:28:00,,-13.638
2005-11-13 08:13:00,,-13.643
2005-11-13 11:13:00,,-13.649
2005-11-13 15:58:00,,-13.644
2005-11-13 21:28:00,,-13.635
2005-11-14 21:28:00,,-13.635
2005-11-15 21:28:00,,-13.636
2005-11-16 21:28:00,,-13.636
2005-11-17 16:13:00,,-13.631
2005-11-17 20:43:00,,-13.626
2005-11-18 14:28:00,,-13.624
2005-11-18 17:43:00,,-13.609
2005-11-18 19:13:00,,-13.605
2005-11-19 08:43:00,,-13.61
2005-11-19 15:13:00,,-13.612
2005-11-20 15:13:00,,-13.616
2005-11-21 15:13:00,,-13.616
2005-11-22 06:58:00,,-13.621
2005-11-22 15:13:00,,-13.63
2005-11-23 15:13:00,,-13.63
2005-11-24 15:13:00,,-13.631
2005-11-25 15:13:00,,-13.625
2005-11-25 19:13:00,,-13.617
2005-11-26 19:13:00,,-13.616
2005-11-26 21:43:00,,-13.622
2005-11-27 00:13:00,,-13.63
2005-11-27 04:28:00,,-13.634
2005-11-27 08:58:00,,-13.653
2005-11-27 17:43:00,,-13.652
2005-11-28 07:58:00,,-13.657
2005-11-28 14:43:00,,-13.659
2005-11-28 17:43:00,,-13.648
2005-11-29 13:43:00,,-13.621
2005-11-29 16:28:00,,-13.601
2005-11-29 19:28:00,,-13.593
2005-11-30 16:13:00,,-13.588
2005-11-30 20:13:00,,-13.581
2005-12-01 07:28:00,,-13.586
2005-12-01 10:28:00,,-13.599
2005-12-02 05:13:00,,-13.602
2005-12-02 10:28:00,,-13.626
2005-12-02 17:28:00,,-13.621
2005-12-03 02:13:00,,-13.619
2005-12-03 09:58:00,,-13.624
2005-12-03 15:43:00,,-13.621
2005-12-03 18:58:00,,-13.61
2005-12-04 18:58:00,,-13.61
2005-12-05 18:58:00,,-13.605
2005-12-06 18:58:00,,-13.606
2005-12-07 06:13:00,,-13.611
2005-12-07 09:13:00,,-13.621
2005-12-07 18:28:00,,-13.622
2005-12-07 19:43:00,,-13.616
2005-12-08 06:28:00,,-13.621
2005-12-08 10:28:00,,-13.628
2005-12-09 10:28:00,,-13.628
2005-12-10 10:28:00,,-13.63
2005-12-11 10:28:00,,-13.63
2005-12-11 14:58:00,,-13.627
2005-12-11 16:13:00,,-13.616
2005-12-12 16:13:00,,-13.621
2005-12-13 14:28:00,,-13.621
2005-12-13 15:28:00,,-13.611
2005-12-13 21:58:00,,-13.608
2005-12-14 01:28:00,,-13.616
2005-12-14 08:28:00,,-13.621
2005-12-14 12:58:00,,-13.624
2005-12-15 12:58:00,,-13.628
2005-12-16 12:58:00,,-13.629
2005-12-17 12:58:00,,-13.629
2005-12-18 07:13:00,,-13.632
2005-12-18 10:58:00,,-13.642
2005-12-19 08:13:00,,-13.647
2005-12-19 13:43:00,,-13.65
2005-12-20 09:28:00,,-13.655
2005-12-20 21:28:00,,-13.653
2005-12-21 21:28:00,,-13.653
2005-12-22 18:58:00,,-13.648
2005-12-23 12:58:00,,-13.647
2005-12-23 15:28:00,,-13.643
2005-12-23 19:58:00,,-13.635
2005-12-24 19:58:00,,-13.637
2005-12-25 04:28:00,,-13.644
2005-12-25 05:43:00,,-13.654
2005-12-25 09:43:00,,-13.66
2005-12-25 16:58:00,,-13.659
2005-12-25 23:28:00,,-13.657
2005-12-26 16:13:00,,-13.652
2005-12-26 20:58:00,,-13.649
2005-12-27 20:58:00,,-13.644
2005-12-28 06:43:00,,-13.649
2005-12-28 09:28:00,,-13.658
2005-12-28 15:28:00,,-13.656
2005-12-28 19:43:00,,-13.649
2005-12-29 06:43:00,,-13.654
2005-12-29 10:43:00,,-13.664
2005-12-30 10:43:00,,-13.661
2005-12-31 10:43:00,,-13.66
2005-12-31 15:13:00,,-13.656
2005-12-31 19:13:00,,-13.64
2006-01-01 19:13:00,,-13.637
2006-01-02 19:13:00,,-13.634
2006-01-03 19:13:00,,-13.629
2006-01-05 19:13:00,,-13.629
2006-01-06 08:28:00,,-13.634
2006-01-06 14:58:00,,-13.636
2006-01-07 06:13:00,,-13.641
2006-01-07 08:43:00,,-13.654
2006-01-08 02:28:00,,-13.649
2006-01-08 18:43:00,,-13.639
2006-01-09 09:43:00,,-13.634
2006-01-09 15:13:00,,-13.629
2006-01-09 18:13:00,,-13.617
2006-01-10 18:13:00,,-13.613
2006-01-11 18:13:00,,-13.615
2006-01-12 06:28:00,,-13.62
2006-01-12 09:28:00,,-13.629
2006-01-12 15:58:00,,-13.629
2006-01-12 22:43:00,,-13.625
2006-01-13 02:43:00,,-13.629
2006-01-13 15:43:00,,-13.625
2006-01-13 18:43:00,,-13.616
2006-01-14 18:43:00,,-13.617
2006-01-15 18:43:00,,-13.618
2006-01-16 17:28:00,,-13.613
2006-01-17 02:13:00,,-13.611
2006-01-19 02:13:00,,-13.611
2006-01-19 21:28:00,,-13.616
2006-01-20 00:28:00,,-13.621
2006-01-20 05:28:00,,-13.622
2006-01-20 06:58:00,,-13.629
2006-01-20 12:13:00,,-13.635
2006-01-21 12:13:00,,-13.636
2006-01-22 12:13:00,,-13.632
2006-01-22 15:13:00,,-13.627
2006-01-22 18:13:00,,-13.618
2006-01-23 03:58:00,,-13.617
2006-01-24 03:58:00,,-13.616
2006-01-25 03:58:00,,-13.617
2006-01-25 16:43:00,,-13.612
2006-01-25 22:28:00,,-13.606
2006-01-26 22:28:00,,-13.603
2006-01-27 16:13:00,,-13.603
2006-01-27 16:28:00,,-13.586
2006-01-27 19:58:00,,-13.581
2006-01-28 06:28:00,,-13.585
2006-01-28 09:28:00,,-13.596
2006-01-28 16:58:00,,-13.596
2006-01-28 21:28:00,,-13.592
2006-01-29 21:28:00,,-13.588
2006-01-30 09:58:00,,-13.593
2006-01-31 06:58:00,,-13.595
2006-02-01 06:58:00,,-13.597
2006-02-01 21:58:00,,-13.602
2006-02-02 01:28:00,,-13.617
2006-02-02 06:28:00,,-13.622
2006-02-02 09:28:00,,-13.63
2006-02-02 10:58:00,,-13.63
2006-02-02 12:13:00,,-13.641
2006-02-02 22:28:00,,-13.645
2006-02-03 02:28:00,,-13.65
2006-02-04 00:28:00,,-13.654
2006-02-04 10:28:00,,-13.659
2006-02-04 16:43:00,,-13.655
2006-02-05 01:43:00,,-13.653
2006-02-06 01:43:00,,-13.656
2006-02-06 06:13:00,,-13.66
2006-02-06 10:43:00,,-13.665
2006-02-06 18:58:00,,-13.666
2006-02-06 20:13:00,,-13.684
2006-02-07 01:43:00,,-13.687
2006-02-07 17:43:00,,-13.682
2006-02-08 11:43:00,,-13.681
2006-02-08 16:43:00,,-13.676
2006-02-08 20:43:00,,-13.669
2006-02-09 09:13:00,,-13.674
2006-02-09 14:28:00,,-13.678
2006-02-10 09:58:00,,-13.683
2006-02-10 13:58:00,,-13.687
2006-02-10 17:13:00,,-13.683
2006-02-10 18:43:00,,-13.679
2006-02-11 17:58:00,,-13.675
2006-02-12 02:58:00,,-13.673
2006-02-12 08:58:00,,-13.678
2006-02-12 14:13:00,,-13.682
2006-02-12 17:58:00,,-13.677
2006-02-13 07:58:00,,-13.677
2006-02-13 11:43:00,,-13.684
2006-02-14 11:43:00,,-13.682
2006-02-14 17:58:00,,-13.677
2006-02-15 11:58:00,,-13.676
2006-02-15 16:58:00,,-13.671
2006-02-15 20:43:00,,-13.664
2006-02-16 17:13:00,,-13.659
2006-02-16 18:43:00,,-13.653
2006-02-17 18:13:00,,-13.648
2006-02-18 07:13:00,,-13.648
2006-02-18 12:28:00,,-13.658
2006-02-18 17:28:00,,-13.653
2006-02-18 21:28:00,,-13.649
2006-02-19 04:28:00,,-13.654
2006-02-19 10:58:00,,-13.658
2006-02-20 00:13:00,,-13.662
2006-02-20 19:43:00,,-13.67
2006-02-20 19:43:01,,NaN
2006-02-23 18:12:59,,NaN
2006-02-23 18:13:00,,-13.67
2006-02-23 18:28:00,,-13.657
2006-02-24 07:58:00,,-13.662
2006-02-24 11:58:00,,-13.666
2006-02-24 16:28:00,,-13.661
2006-02-24 22:43:00,,-13.659
2006-02-25 22:43:00,,-13.655
2006-02-26 07:58:00,,-13.66
2006-02-26 11:28:00,,-13.668
2006-02-27 09:13:00,,-13.673
2006-02-27 10:28:00,,-13.682
2006-02-27 17:28:00,,-13.677
2006-02-28 10:28:00,,-13.676
2006-02-28 16:13:00,,-13.677
2006-02-28 18:58:00,,-13.671
2006-03-01 18:58:00,,-13.669
2006-03-02 17:58:00,,-13.664
2006-03-03 08:43:00,,-13.664
2006-03-03 14:43:00,,-13.668
2006-03-04 05:13:00,,-13.673
2006-03-04 14:13:00,,-13.683
2006-03-05 14:13:00,,-13.683
2006-03-05 16:58:00,,-13.676
2006-03-05 21:13:00,,-13.672
2006-03-06 16:43:00,,-13.668
2006-03-06 22:13:00,,-13.665
2006-03-07 22:13:00,,-13.665
2006-03-08 09:13:00,,-13.67
2006-03-08 21:13:00,,-13.668
2006-03-09 21:13:00,,-13.666
2006-03-10 21:13:00,,-13.671
2006-03-11 21:13:00,,-13.666
2006-03-12 16:28:00,,-13.661
2006-03-12 20:13:00,,-13.655
2006-03-13 08:13:00,,-13.66
2006-03-13 11:43:00,,-13.668
2006-03-14 10:28:00,,-13.673
2006-03-14 22:28:00,,-13.671
2006-03-15 13:15:00,,-13.669
2006-03-15 13:30:00,,-13.68
2006-03-16 13:30:00,,-13.676
2006-03-17 13:30:00,,-13.675
2006-03-18 13:30:00,,-13.677
2006-03-19 08:45:00,,-13.682
2006-03-19 12:15:00,,-13.687
2006-03-20 12:15:00,,-13.687
2006-03-21 00:30:00,,-13.688
2006-03-22 00:30:00,,-13.688
2006-03-22 14:30:00,,-13.683
2006-03-22 19:30:00,,-13.678
2006-03-23 19:30:00,,-13.677
2006-03-24 19:30:00,,-13.677
2006-03-25 08:15:00,,-13.682
2006-03-25 12:00:00,,-13.687
2006-03-26 12:00:00,,-13.687
2006-03-27 12:00:00,,-13.688
2006-03-28 12:00:00,,-13.689
2006-03-30 08:30:00,,-13.689
2006-03-30 08:45:00,,-13.73
2006-03-30 16:00:00,,-13.725
2006-03-30 19:45:00,,-13.72
2006-03-31 19:45:00,,-13.72
2006-04-01 16:00:00,,-13.715
2006-04-01 19:15:00,,-13.71
2006-04-02 14:45:00,,-13.705
2006-04-02 19:30:00,,-13.696
2006-04-03 14:00:00,,-13.692
2006-04-03 17:45:00,,-13.679
2006-04-04 16:15:00,,-13.674
2006-04-04 23:30:00,,-13.672
2006-04-05 08:15:00,,-13.677
2006-04-05 12:15:00,,-13.681
2006-04-06 01:45:00,,-13.686
2006-04-06 05:30:00,,-13.689
2006-04-06 07:00:00,,-13.699
2006-04-06 13:00:00,,-13.703
2006-04-07 13:00:00,,-13.707
2006-04-07 16:30:00,,-13.702
2006-04-08 10:30:00,,-13.701
2006-04-08 15:45:00,,-13.696
2006-04-09 07:00:00,,-13.695
2006-04-09 10:30:00,,-13.706
2006-04-09 17:00:00,,-13.702
2006-04-10 02:00:00,,-13.7
2006-04-10 08:00:00,,-13.704
2006-04-10 13:15:00,,-13.709
2006-04-10 15:45:00,,-13.704
2006-04-10 20:00:00,,-13.701
2006-04-11 15:30:00,,-13.696
2006-04-11 18:30:00,,-13.691
2006-04-12 18:30:00,,-13.686
2006-04-13 18:30:00,,-13.689
2006-04-13 23:00:00,,-13.693
2006-04-14 05:15:00,,-13.696
2006-04-14 08:00:00,,-13.701
2006-04-14 11:15:00,,-13.71
2006-04-15 00:15:00,,-13.713
2006-04-15 18:15:00,,-13.726
2006-04-16 14:00:00,,-13.721
2006-04-16 18:45:00,,-13.706
2006-04-17 16:30:00,,-13.706
2006-04-17 17:30:00,,-13.699
2006-04-18 09:00:00,,-13.704
2006-04-18 14:30:00,,-13.707
2006-04-19 14:30:00,,-13.711
2006-04-20 06:45:00,,-13.716
2006-04-20 12:15:00,,-13.724
2006-04-21 06:00:00,,-13.728
2006-04-21 11:30:00,,-13.733
2006-04-22 11:30:00,,-13.733
2006-04-22 15:00:00,,-13.728
2006-04-22 19:30:00,,-13.725
2006-04-23 08:00:00,,-13.73
2006-04-23 13:00:00,,-13.733
2006-04-23 15:15:00,,-13.728
2006-04-23 20:00:00,,-13.725
2006-04-24 15:30:00,,-13.721
2006-04-25 00:30:00,,-13.719
2006-04-25 14:15:00,,-13.714
2006-04-25 18:00:00,,-13.704
2006-04-26 14:45:00,,-13.699
2006-04-26 17:30:00,,-13.69
2006-04-27 13:00:00,,-13.686
2006-04-27 16:30:00,,-13.669
2006-04-28 16:30:00,,-13.669
2006-04-29 09:15:00,,-13.674
2006-04-29 18:15:00,,-13.676
2006-04-29 21:00:00,,-13.68
2006-04-30 00:30:00,,-13.695
2006-04-30 21:00:00,,-13.7
2006-05-01 01:00:00,,-13.71
2006-05-02 01:00:00,,-13.715
2006-05-02 23:15:00,,-13.719
2006-05-03 06:45:00,,-13.723
2006-05-03 10:30:00,,-13.73
2006-05-04 10:30:00,,-13.733
2006-05-06 10:30:00,,-13.733
2006-05-06 13:15:00,,-13.731
2006-05-06 14:45:00,,-13.724
2006-05-06 17:45:00,,-13.719
2006-05-07 17:45:00,,-13.719
2006-05-08 06:45:00,,-13.724
2006-05-08 10:00:00,,-13.735
2006-05-08 10:00:01,,NaN
2009-10-29 11:43:59,,NaN
2009-10-29 11:44:00,,-13.96
2009-10-29 18:00:00,,-13.931
2009-10-30 00:00:00,,-13.946
2009-10-30 06:00:00,,-13.949
2009-10-30 12:00:00,,-13.957
2009-10-30 18:00:00,,-13.933
2009-10-31 00:00:00,,-13.953
2009-10-31 06:00:00,,-13.948
2009-10-31 12:00:00,,-13.953
2009-10-31 18:00:00,,-13.923
2009-11-01 00:00:00,,-13.943
2009-11-01 06:00:00,,-13.946
2009-11-01 12:00:00,,-13.958
2009-11-01 18:00:00,,-13.926
2009-11-02 00:00:00,,-13.949
2009-11-02 06:00:00,,-13.946
2009-11-02 12:00:00,,-13.958
2009-11-02 18:00:00,,-13.926
2009-11-03 00:00:00,,-13.943
2009-11-03 06:00:00,,-13.951
2009-11-03 12:00:00,,-13.958
2009-11-03 18:00:00,,-13.929
2009-11-04 00:00:00,,-13.952
2009-11-04 06:00:00,,-13.957
2009-11-04 12:00:00,,-13.971
2009-11-04 18:00:00,,-13.94
2009-11-05 00:00:00,,-13.953
2009-11-05 06:00:00,,-13.951
2009-11-05 12:00:00,,-13.958
2009-11-05 18:00:00,,-13.93
2009-11-06 00:00:00,,-13.943
2009-11-06 06:00:00,,-13.945
2009-11-06 12:00:00,,-13.954
2009-11-06 18:00:00,,-13.931
2009-11-07 00:00:00,,-13.943
2009-11-07 06:00:00,,-13.945
2009-11-07 12:00:00,,-13.952
2009-11-07 18:00:00,,-13.932
2009-11-08 00:00:00,,-13.937
2009-11-08 06:00:00,,-13.939
2009-11-08 12:00:00,,-13.947
2009-11-08 18:00:00,,-13.929
2009-11-09 00:00:00,,-13.934
2009-11-09 06:00:00,,-13.934
2009-11-09 12:00:00,,-13.934
2009-11-09 18:00:00,,-13.912
2009-11-10 00:00:00,,-13.917
2009-11-10 06:00:00,,-13.923
2009-11-10 12:00:00,,-13.926
2009-11-10 18:00:00,,-13.911
2009-11-11 00:00:00,,-13.926
2009-11-11 06:00:00,,-13.938
2009-11-11 12:00:00,,-13.946
2009-11-11 18:00:00,,-13.931
2009-11-12 00:00:00,,-13.946
2009-11-12 06:00:00,,-13.955
2009-11-12 10:40:00,,-13.98
2009-11-12 12:00:00,,-13.972
2009-11-12 18:00:00,,-13.951
2009-11-13 00:00:00,,-13.962
2009-11-13 06:00:00,,-13.962
2009-11-13 12:00:00,,-13.965
2009-11-13 18:00:00,,-13.937
2009-11-14 00:00:00,,-13.948
2009-11-14 06:00:00,,-13.938
2009-11-14 12:00:00,,-13.942
2009-11-14 18:00:00,,-13.911
2009-11-15 00:00:00,,-13.921
2009-11-15 06:00:00,,-13.917
2009-11-15 12:00:00,,-13.926
2009-11-15 18:00:00,,-13.897
2009-11-16 00:00:00,,-13.914
2009-11-16 06:00:00,,-13.909
2009-11-16 12:00:00,,-13.918
2009-11-16 18:00:00,,-13.885
2009-11-17 00:00:00,,-13.897
2009-11-17 06:00:00,,-13.896
2009-11-17 12:00:00,,-13.91
2009-11-17 18:00:00,,-13.879
2009-11-18 00:00:00,,-13.895
2009-11-18 06:00:00,,-13.895
2009-11-18 12:00:00,,-13.91
2009-11-18 18:00:00,,-13.901
2009-11-19 00:00:00,,-13.931
2009-11-19 06:00:00,,-13.924
2009-11-19 12:00:00,,-13.93
2009-11-19 18:00:00,,-13.904
2009-11-20 00:00:00,,-13.916
2009-11-20 06:00:00,,-13.914
2009-11-20 12:00:00,,-13.917
2009-11-20 18:00:00,,-13.892
2009-11-21 00:00:00,,-13.91
2009-11-21 06:00:00,,-13.907
2009-11-21 12:00:00,,-13.91
2009-11-21 18:00:00,,-13.89
2009-11-22 00:00:00,,-13.911
2009-11-22 06:00:00,,-13.931
2009-11-22 12:00:00,,-13.954
2009-11-22 18:00:00,,-13.936
2009-11-23 00:00:00,,-13.951
2009-11-23 06:00:00,,-13.973
2009-11-23 12:00:00,,-13.991
2009-11-23 18:00:00,,-13.978
2009-11-24 00:00:00,,-13.989
2009-11-24 06:00:00,,-13.988
2009-11-24 12:00:00,,-13.982
2009-11-24 18:00:00,,-13.962
2009-11-25 00:00:00,,-13.97
2009-11-25 06:00:00,,-13.965
2009-11-25 12:00:00,,-13.959
2009-11-25 18:00:00,,-13.936
2009-11-26 00:00:00,,-13.944
2009-11-26 06:00:00,,-13.943
2009-11-26 12:00:00,,-13.944
2009-11-26 18:00:00,,-13.921
2009-11-27 00:00:00,,-13.932
2009-11-27 06:00:00,,-13.932
2009-11-27 12:00:00,,-13.938
2009-11-27 18:00:00,,-13.919
2009-11-28 00:00:00,,-13.933
2009-11-28 06:00:00,,-13.942
2009-11-28 12:00:00,,-13.953
2009-11-28 18:00:00,,-13.929
2009-11-29 00:00:00,,-13.943
2009-11-29 06:00:00,,-13.951
2009-11-29 12:00:00,,-13.959
2009-11-29 18:00:00,,-13.93
2009-11-30 00:00:00,,-13.947
2009-11-30 06:00:00,,-13.956
2009-11-30 12:00:00,,-13.97
2009-11-30 18:00:00,,-13.937
2009-12-01 00:00:00,,-13.954
2009-12-01 06:00:00,,-13.963
2009-12-01 12:00:00,,-13.975
2009-12-01 18:00:00,,-13.939
2009-12-02 00:00:00,,-13.958
2009-12-02 06:00:00,,-13.961
2009-12-02 12:00:00,,-13.977
2009-12-02 18:00:00,,-13.944
2009-12-03 00:00:00,,-13.962
2009-12-03 06:00:00,,-13.96
2009-12-03 12:00:00,,-13.975
2009-12-03 18:00:00,,-13.947
2009-12-04 00:00:00,,-13.965
2009-12-04 06:00:00,,-13.966
2009-12-04 12:00:00,,-13.977
2009-12-04 18:00:00,,-13.952
2009-12-05 00:00:00,,-13.965
2009-12-05 06:00:00,,-13.968
2009-12-05 12:00:00,,-13.974
2009-12-05 18:00:00,,-13.949
2009-12-06 00:00:00,,-13.958
2009-12-06 06:00:00,,-13.959
2009-12-06 12:00:00,,-13.961
2009-12-06 18:00:00,,-13.935
2009-12-07 00:00:00,,-13.941
2009-12-07 06:00:00,,-13.942
2009-12-07 12:00:00,,-13.943
2009-12-07 18:00:00,,-13.923
2009-12-08 00:00:00,,-13.924
2009-12-08 06:00:00,,-13.924
2009-12-08 12:00:00,,-13.922
2009-12-08 18:00:00,,-13.902
2009-12-09 00:00:00,,-13.908
2009-12-09 06:00:00,,-13.919
2009-12-09 12:00:00,,-13.917
2009-12-09 18:00:00,,-13.911
2009-12-10 00:00:00,,-13.929
2009-12-10 06:00:00,,-13.933
2009-12-10 12:00:00,,-13.942
2009-12-10 18:00:00,,-13.93
2009-12-11 00:00:00,,-13.965
2009-12-11 06:00:00,,-13.969
2009-12-11 12:00:00,,-13.987
2009-12-11 18:00:00,,-13.974
2009-12-12 00:00:00,,-13.979
2009-12-12 06:00:00,,-13.978
2009-12-12 12:00:00,,-13.984
2009-12-12 18:00:00,,-13.968
2009-12-13 00:00:00,,-13.975
2009-12-13 06:00:00,,-13.971
2009-12-13 12:00:00,,-13.981
2009-12-13 18:00:00,,-13.957
2009-12-14 00:00:00,,-13.969
2009-12-14 06:00:00,,-13.964
2009-12-14 12:00:00,,-13.971
2009-12-14 18:00:00,,-13.945
2009-12-15 00:00:00,,-13.96
2009-12-15 06:00:00,,-13.959
2009-12-15 12:00:00,,-13.966
2009-12-15 18:00:00,,-13.935
2009-12-16 00:00:00,,-13.947
2009-12-16 06:00:00,,-13.945
2009-12-16 12:00:00,,-13.952
2009-12-16 18:00:00,,-13.913
2009-12-17 00:00:00,,-13.939
2009-12-17 06:00:00,,-13.946
2009-12-17 12:00:00,,-13.964
2009-12-17 18:00:00,,-13.937
2009-12-18 00:00:00,,-13.959
2009-12-18 06:00:00,,-13.955
2009-12-18 12:00:00,,-13.975
2009-12-18 18:00:00,,-13.955
2009-12-19 00:00:00,,-13.976
2009-12-19 06:00:00,,-13.971
2009-12-19 12:00:00,,-13.975
2009-12-19 18:00:00,,-13.948
2009-12-20 00:00:00,,-13.961
2009-12-20 06:00:00,,-13.962
2009-12-20 12:00:00,,-13.969
2009-12-20 18:00:00,,-13.937
2009-12-21 00:00:00,,-13.946
2009-12-21 06:00:00,,-13.946
2009-12-21 12:00:00,,-13.951
2009-12-21 18:00:00,,-13.923
2009-12-22 00:00:00,,-13.937
2009-12-22 06:00:00,,-13.937
2009-12-22 12:00:00,,-13.943
2009-12-22 18:00:00,,-13.923
2009-12-23 00:00:00,,-13.933
2009-12-23 06:00:00,,-13.934
2009-12-23 12:00:00,,-13.932
2009-12-23 18:00:00,,-13.907
2009-12-24 00:00:00,,-13.911
2009-12-24 06:00:00,,-13.917
2009-12-24 12:00:00,,-13.92
2009-12-24 18:00:00,,-13.915
2009-12-25 00:00:00,,-13.938
2009-12-25 06:00:00,,-13.948
2009-12-25 12:00:00,,-13.952
2009-12-25 18:00:00,,-13.935
2009-12-26 00:00:00,,-13.951
2009-12-26 06:00:00,,-13.962
2009-12-26 12:00:00,,-13.962
2009-12-26 18:00:00,,-13.938
2009-12-27 00:00:00,,-13.949
2009-12-27 06:00:00,,-13.959
2009-12-27 12:00:00,,-13.963
2009-12-27 18:00:00,,-13.935
2009-12-28 00:00:00,,-13.951
2009-12-28 06:00:00,,-13.955
2009-12-28 12:00:00,,-13.959
2009-12-28 18:00:00,,-13.931
2009-12-29 00:00:00,,-13.945
2009-12-29 06:00:00,,-13.945
2009-12-29 12:00:00,,-13.951
2009-12-29 18:00:00,,-13.918
2009-12-30 00:00:00,,-13.935
2009-12-30 06:00:00,,-13.932
2009-12-30 12:00:00,,-13.949
2009-12-30 18:00:00,,-13.911
2009-12-31 00:00:00,,-13.924
2009-12-31 06:00:00,,-13.919
2009-12-31 12:00:00,,-13.931
2009-12-31 18:00:00,,-13.894
2010-01-01 00:00:00,,-13.916
2010-01-01 06:00:00,,-13.917
2010-01-01 12:00:00,,-13.933
2010-01-01 18:00:00,,-13.9
2010-01-02 00:00:00,,-13.924
2010-01-02 06:00:00,,-13.929
2010-01-02 12:00:00,,-13.945
2010-01-02 18:00:00,,-13.92
2010-01-03 00:00:00,,-13.95
2010-01-03 06:00:00,,-13.958
2010-01-03 12:00:00,,-13.965
2010-01-03 18:00:00,,-13.931
2010-01-04 00:00:00,,-13.942
2010-01-04 06:00:00,,-13.946
2010-01-04 12:00:00,,-13.952
2010-01-04 18:00:00,,-13.925
2010-01-05 00:00:00,,-13.933
2010-01-05 06:00:00,,-13.931
2010-01-05 12:00:00,,-13.942
2010-01-05 18:00:00,,-13.923
2010-01-06 00:00:00,,-13.933
2010-01-06 06:00:00,,-13.935
2010-01-06 12:00:00,,-13.931
2010-01-06 18:00:00,,-13.913
2010-01-07 00:00:00,,-13.905
2010-01-07 06:00:00,,-13.873
2010-01-07 12:00:00,,-13.879
2010-01-07 18:00:00,,-13.871
2010-01-08 00:00:00,,-13.887
2010-01-08 06:00:00,,-13.895
2010-01-08 12:00:00,,-13.901
2010-01-08 18:00:00,,-13.893
2010-01-09 00:00:00,,-13.911
2010-01-09 06:00:00,,-13.894
2010-01-09 12:00:00,,-13.916
2010-01-09 18:00:00,,-13.909
2010-01-10 00:00:00,,-13.929
2010-01-10 06:00:00,,-13.926
2010-01-10 12:00:00,,-13.937
2010-01-10 18:00:00,,-13.912
2010-01-11 00:00:00,,-13.924
2010-01-11 06:00:00,,-13.92
2010-01-11 12:00:00,,-13.93
2010-01-11 18:00:00,,-13.9
2010-01-12 00:00:00,,-13.915
2010-01-12 06:00:00,,-13.913
2010-01-12 12:00:00,,-13.925
2010-01-12 18:00:00,,-13.9
2010-01-13 00:00:00,,-13.926
2010-01-13 06:00:00,,-13.924
2010-01-13 12:00:00,,-13.946
2010-01-13 18:00:00,,-13.93
2010-01-14 00:00:00,,-13.952
2010-01-14 06:00:00,,-13.947
2010-01-14 12:00:00,,-13.959
2010-01-14 18:00:00,,-13.93
2010-01-15 00:00:00,,-13.946
2010-01-15 06:00:00,,-13.943
2010-01-15 12:00:00,,-13.954
2010-01-15 18:00:00,,-13.928
2010-01-16 00:00:00,,-13.941
2010-01-16 06:00:00,,-13.936
2010-01-16 12:00:00,,-13.947
2010-01-16 18:00:00,,-13.922
2010-01-17 00:00:00,,-13.94
2010-01-17 06:00:00,,-13.939
2010-01-17 12:00:00,,-13.956
2010-01-17 18:00:00,,-13.933
2010-01-18 00:00:00,,-13.955
2010-01-18 06:00:00,,-13.956
2010-01-18 12:00:00,,-13.963
2010-01-18 18:00:00,,-13.939
2010-01-19 00:00:00,,-13.958
2010-01-19 06:00:00,,-13.96
2010-01-19 12:00:00,,-13.965
2010-01-19 18:00:00,,-13.945
2010-01-20 00:00:00,,-13.956
2010-01-20 06:00:00,,-13.959
2010-01-20 12:00:00,,-13.961
2010-01-20 18:00:00,,-13.936
2010-01-21 00:00:00,,-13.943
2010-01-21 06:00:00,,-13.942
2010-01-21 12:00:00,,-13.941
2010-01-21 18:00:00,,-13.918
2010-01-22 00:00:00,,-13.926
2010-01-22 06:00:00,,-13.928
2010-01-22 12:00:00,,-13.932
2010-01-22 18:00:00,,-13.917
2010-01-23 00:00:00,,-13.928
2010-01-23 06:00:00,,-13.932
2010-01-23 12:00:00,,-13.932
2010-01-23 18:00:00,,-13.917
2010-01-24 00:00:00,,-13.928
2010-01-24 06:00:00,,-13.93
2010-01-24 12:00:00,,-13.929
2010-01-24 18:00:00,,-13.909
2010-01-25 00:00:00,,-13.92
2010-01-25 06:00:00,,-13.923
2010-01-25 12:00:00,,-13.93
2010-01-25 18:00:00,,-13.91
2010-01-26 00:00:00,,-13.921
2010-01-26 06:00:00,,-13.922
2010-01-26 12:00:00,,-13.927
2010-01-26 18:00:00,,-13.906
2010-01-27 00:00:00,,-13.918
2010-01-27 06:00:00,,-13.923
2010-01-27 12:00:00,,-13.932
2010-01-27 18:00:00,,-13.907
2010-01-28 00:00:00,,-13.917
2010-01-28 06:00:00,,-13.912
2010-01-28 12:00:00,,-13.924
2010-01-28 18:00:00,,-13.89
2010-01-29 00:00:00,,-13.916
2010-01-29 06:00:00,,-13.912
2010-01-29 12:00:00,,-13.926
2010-01-29 18:00:00,,-13.897
2010-01-30 00:00:00,,-13.923
2010-01-30 06:00:00,,-13.913
2010-01-30 12:00:00,,-13.924
2010-01-30 18:00:00,,-13.895
2010-01-31 00:00:00,,-13.922
2010-01-31 06:00:00,,-13.921
2010-01-31 12:00:00,,-13.936
2010-01-31 18:00:00,,-13.913
2010-02-01 00:00:00,,-13.929
2010-02-01 06:00:00,,-13.931
2010-02-01 12:00:00,,-13.943
2010-02-01 18:00:00,,-13.917
2010-02-02 00:00:00,,-13.927
2010-02-02 06:00:00,,-13.927
2010-02-02 12:00:00,,-13.93
2010-02-02 18:00:00,,-13.905
2010-02-03 00:00:00,,-13.914
2010-02-03 06:00:00,,-13.917
2010-02-03 12:00:00,,-13.92
2010-02-03 18:00:00,,-13.904
2010-02-04 00:00:00,,-13.917
2010-02-04 06:00:00,,-13.928
2010-02-04 12:00:00,,-13.947
2010-02-04 18:00:00,,-13.937
2010-02-05 00:00:00,,-13.953
2010-02-05 06:00:00,,-13.971
2010-02-05 12:00:00,,-13.983
2010-02-05 18:00:00,,-13.962
2010-02-06 00:00:00,,-13.973
2010-02-06 06:00:00,,-13.986
2010-02-06 12:00:00,,-13.993
2010-02-06 18:00:00,,-13.971
2010-02-07 00:00:00,,-13.984
2010-02-07 06:00:00,,-13.989
2010-02-07 12:00:00,,-13.993
2010-02-07 18:00:00,,-13.968
2010-02-08 00:00:00,,-13.977
2010-02-08 06:00:00,,-13.983
2010-02-08 12:00:00,,-13.988
2010-02-08 18:00:00,,-13.96
2010-02-09 00:00:00,,-13.969
2010-02-09 06:00:00,,-13.97
2010-02-09 12:00:00,,-13.976
2010-02-09 18:00:00,,-13.954
2010-02-10 00:00:00,,-13.967
2010-02-10 06:00:00,,-13.965
2010-02-10 12:00:00,,-13.968
2010-02-10 18:00:00,,-13.939
2010-02-11 00:00:00,,-13.954
2010-02-11 06:00:00,,-13.956
2010-02-11 12:00:00,,-13.962
2010-02-11 18:00:00,,-13.928
2010-02-12 00:00:00,,-13.949
2010-02-12 06:00:00,,-13.938
2010-02-12 12:00:00,,-13.951
2010-02-12 18:00:00,,-13.917
2010-02-13 00:00:00,,-13.924
2010-02-13 06:00:00,,-13.92
2010-02-13 12:00:00,,-13.934
2010-02-13 18:00:00,,-13.909
2010-02-14 00:00:00,,-13.932
2010-02-14 06:00:00,,-13.931
2010-02-14 12:00:00,,-13.952
2010-02-14 18:00:00,,-13.93
2010-02-15 00:00:00,,-13.954
2010-02-15 06:00:00,,-13.956
2010-02-15 12:00:00,,-13.976
2010-02-15 18:00:00,,-13.948
2010-02-16 00:00:00,,-13.967
2010-02-16 06:00:00,,-13.965
2010-02-16 12:00:00,,-13.979
2010-02-16 18:00:00,,-13.95
2010-02-17 00:00:00,,-13.97
2010-02-17 06:00:00,,-13.967
2010-02-17 12:00:00,,-13.979
2010-02-17 18:00:00,,-13.957
2010-02-18 00:00:00,,-13.977
2010-02-18 06:00:00,,-13.98
2010-02-18 12:00:00,,-13.987
2010-02-18 18:00:00,,-13.964
2010-02-19 00:00:00,,-13.98
2010-02-19 06:00:00,,-13.977
2010-02-19 12:00:00,,-13.983
2010-02-19 18:00:00,,-13.96
2010-02-20 00:00:00,,-13.968
2010-02-20 06:00:00,,-13.965
2010-02-20 12:00:00,,-13.966
2010-02-20 18:00:00,,-13.945
2010-02-21 00:00:00,,-13.957
2010-02-21 06:00:00,,-13.959
2010-02-21 12:00:00,,-13.965
2010-02-21 18:00:00,,-13.942
2010-02-22 00:00:00,,-13.955
2010-02-22 06:00:00,,-13.963
2010-02-22 12:00:00,,-13.97
2010-02-22 18:00:00,,-13.946
2010-02-23 00:00:00,,-13.972
2010-02-23 06:00:00,,-13.969
2010-02-23 12:00:00,,-13.976
2010-02-23 18:00:00,,-13.953
2010-02-24 00:00:00,,-13.973
2010-02-24 06:00:00,,-13.966
2010-02-24 12:00:00,,-13.97
2010-02-24 18:00:00,,-13.951
2010-02-25 00:00:00,,-13.964
2010-02-25 06:00:00,,-13.951
2010-02-25 12:00:00,,-13.966
2010-02-25 18:00:00,,-13.948
2010-02-26 00:00:00,,-13.964
2010-02-26 06:00:00,,-13.952
2010-02-26 12:00:00,,-13.96
2010-02-26 18:00:00,,-13.931
2010-02-27 00:00:00,,-13.948
2010-02-27 06:00:00,,-13.93
2010-02-27 12:00:00,,-13.937
2010-02-27 18:00:00,,-13.908
2010-02-28 00:00:00,,-13.915
2010-02-28 06:00:00,,-13.883
2010-02-28 12:00:00,,-13.886
2010-02-28 18:00:00,,-13.873
2010-03-01 00:00:00,,-13.911
2010-03-01 06:00:00,,-13.907
2010-03-01 12:00:00,,-13.938
2010-03-01 18:00:00,,-13.935
2010-03-02 00:00:00,,-13.958
2010-03-02 06:00:00,,-13.941
2010-03-02 12:00:00,,-13.958
2010-03-02 18:00:00,,-13.939
2010-03-03 00:00:00,,-13.962
2010-03-03 06:00:00,,-13.951
2010-03-03 12:00:00,,-13.959
2010-03-03 18:00:00,,-13.943
2010-03-04 00:00:00,,-13.955
2010-03-04 06:00:00,,-13.946
2010-03-04 12:00:00,,-13.954
2010-03-04 18:00:00,,-13.942
2010-03-05 00:00:00,,-13.954
2010-03-05 06:00:00,,-13.955
2010-03-05 12:00:00,,-13.962
2010-03-05 18:00:00,,-13.95
2010-03-06 00:00:00,,-13.96
2010-03-06 06:00:00,,-13.959
2010-03-06 12:00:00,,-13.967
2010-03-06 18:00:00,,-13.952
2010-03-07 00:00:00,,-13.968
2010-03-07 06:00:00,,-13.974
2010-03-07 12:00:00,,-13.975
2010-03-07 18:00:00,,-13.958
2010-03-08 00:00:00,,-13.973
2010-03-08 06:00:00,,-13.981
2010-03-08 12:00:00,,-13.991
2010-03-08 18:00:00,,-13.979
2010-03-09 00:00:00,,-13.996
2010-03-09 06:00:00,,-14.004
2010-03-09 12:00:00,,-14.017
2010-03-09 18:00:00,,-14
2010-03-10 00:00:00,,-14.018
2010-03-10 06:00:00,,-14.022
2010-03-10 12:00:00,,-14.03
2010-03-10 18:00:00,,-14.011
2010-03-11 00:00:00,,-14.025
2010-03-11 06:00:00,,-14.026
2010-03-11 12:00:00,,-14.036
2010-03-11 18:00:00,,-14.012
2010-03-12 00:00:00,,-14.028
2010-03-12 06:00:00,,-14.027
2010-03-12 12:00:00,,-14.032
2010-03-12 18:00:00,,-14.007
2010-03-13 00:00:00,,-14.023
2010-03-13 06:00:00,,-14.01
2010-03-13 12:00:00,,-14.021
2010-03-13 18:00:00,,-13.992
2010-03-14 00:00:00,,-14.001
2010-03-14 06:00:00,,-13.985
2010-03-14 12:00:00,,-13.99
2010-03-14 18:00:00,,-13.962
2010-03-15 00:00:00,,-13.981
2010-03-15 06:00:00,,-13.974
2010-03-15 12:00:00,,-13.985
2010-03-15 18:00:00,,-13.959
2010-03-16 00:00:00,,-13.977
2010-03-16 06:00:00,,-13.974
2010-03-16 12:00:00,,-13.984
2010-03-16 18:00:00,,-13.959
2010-03-17 00:00:00,,-13.98
2010-03-17 06:00:00,,-13.977
2010-03-17 12:00:00,,-13.994
2010-03-17 18:00:00,,-13.974
2010-03-18 00:00:00,,-13.994
2010-03-18 06:00:00,,-13.988
2010-03-18 12:00:00,,-13.996
2010-03-18 18:00:00,,-13.972
2010-03-19 00:00:00,,-13.986
2010-03-19 06:00:00,,-13.978
2010-03-19 12:00:00,,-13.984
2010-03-19 18:00:00,,-13.964
2010-03-20 00:00:00,,-13.977
2010-03-20 06:00:00,,-13.976
2010-03-20 12:00:00,,-13.982
2010-03-20 18:00:00,,-13.964
2010-03-21 00:00:00,,-13.975
2010-03-21 06:00:00,,-13.977
2010-03-21 12:00:00,,-13.979
2010-03-21 18:00:00,,-13.957
2010-03-22 00:00:00,,-13.966
2010-03-22 06:00:00,,-13.968
2010-03-22 12:00:00,,-13.968
2010-03-22 18:00:00,,-13.957
2010-03-23 00:00:00,,-13.966
2010-03-23 06:00:00,,-13.966
2010-03-23 12:00:00,,-13.968
2010-03-23 18:00:00,,-13.959
2010-03-24 00:00:00,,-13.969
2010-03-24 06:00:00,,-13.971
2010-03-24 12:00:00,,-13.979
2010-03-24 18:00:00,,-13.966
2010-03-25 00:00:00,,-13.977
2010-03-25 06:00:00,,-13.974
2010-03-25 12:00:00,,-13.981
2010-03-25 18:00:00,,-13.965
2010-03-26 00:00:00,,-13.976
2010-03-26 06:00:00,,-13.972
2010-03-26 12:00:00,,-13.982
2010-03-26 18:00:00,,-13.962
2010-03-27 00:00:00,,-13.976
2010-03-27 06:00:00,,-13.968
2010-03-27 12:00:00,,-13.976
2010-03-27 18:00:00,,-13.953
2010-03-28 00:00:00,,-13.967
2010-03-28 06:00:00,,-13.956
2010-03-28 12:00:00,,-13.965
2010-03-28 18:00:00,,-13.938
2010-03-29 00:00:00,,-13.957
2010-03-29 06:00:00,,-13.949
2010-03-29 12:00:00,,-13.969
2010-03-29 18:00:00,,-13.95
2010-03-30 00:00:00,,-13.97
2010-03-30 06:00:00,,-13.962
2010-03-30 12:00:00,,-13.981
2010-03-30 18:00:00,,-13.96
2010-03-31 00:00:00,,-13.979
2010-03-31 06:00:00,,-13.967
2010-03-31 12:00:00,,-13.979
2010-03-31 18:00:00,,-13.955
2010-04-01 00:00:00,,-13.975
2010-04-01 06:00:00,,-13.968
2010-04-01 12:00:00,,-13.978
2010-04-01 18:00:00,,-13.953
2010-04-02 00:00:00,,-13.967
2010-04-02 06:00:00,,-13.963
2010-04-02 12:00:00,,-13.962
2010-04-02 18:00:00,,-13.945
2010-04-03 00:00:00,,-13.96
2010-04-03 06:00:00,,-13.96
2010-04-03 12:00:00,,-13.963
2010-04-03 18:00:00,,-13.944
2010-04-04 00:00:00,,-13.957
2010-04-04 06:00:00,,-13.957
2010-04-04 12:00:00,,-13.956
2010-04-04 18:00:00,,-13.937
2010-04-05 00:00:00,,-13.945
2010-04-05 06:00:00,,-13.947
2010-04-05 12:00:00,,-13.947
2010-04-05 18:00:00,,-13.929
2010-04-06 00:00:00,,-13.939
2010-04-06 06:00:00,,-13.941
2010-04-06 12:00:00,,-13.951
2010-04-06 18:00:00,,-13.939
2010-04-07 00:00:00,,-13.954
2010-04-07 06:00:00,,-13.961
2010-04-07 12:00:00,,-13.97
2010-04-07 18:00:00,,-13.957
2010-04-08 00:00:00,,-13.974
2010-04-08 06:00:00,,-13.977
2010-04-08 12:00:00,,-13.985
2010-04-08 18:00:00,,-13.961
2010-04-09 00:00:00,,-13.971
2010-04-09 06:00:00,,-13.968
2010-04-09 12:00:00,,-13.976
2010-04-09 18:00:00,,-13.954
2010-04-10 00:00:00,,-13.967
2010-04-10 06:00:00,,-13.96
2010-04-10 12:00:00,,-13.974
2010-04-10 18:00:00,,-13.955
2010-04-11 00:00:00,,-13.97
2010-04-11 06:00:00,,-13.967
2010-04-11 12:00:00,,-13.981
2010-04-11 18:00:00,,-13.965
2010-04-12 00:00:00,,-13.981
2010-04-12 06:00:00,,-13.977
2010-04-12 12:00:00,,-13.993
2010-04-12 18:00:00,,-13.977
2010-04-13 00:00:00,,-14.004
2010-04-13 06:00:00,,-14.001
2010-04-13 12:00:00,,-14.019
2010-04-13 18:00:00,,-13.998
2010-04-14 00:00:00,,-14.017
2010-04-14 06:00:00,,-14.005
2010-04-14 12:00:00,,-14.011
2010-04-14 18:00:00,,-13.987
2010-04-15 00:00:00,,-14.007
2010-04-15 06:00:00,,-13.996
2010-04-15 12:00:00,,-14.008
2010-04-15 18:00:00,,-13.984
2010-04-16 00:00:00,,-14
2010-04-16 06:00:00,,-13.987
2010-04-16 12:00:00,,-13.994
2010-04-16 18:00:00,,-13.974
2010-04-17 00:00:00,,-13.991
2010-04-17 06:00:00,,-13.985
2010-04-17 12:00:00,,-13.992
2010-04-17 18:00:00,,-13.976
2010-04-18 00:00:00,,-13.991
2010-04-18 06:00:00,,-13.985
2010-04-18 12:00:00,,-13.987
2010-04-18 18:00:00,,-13.974
2010-04-19 00:00:00,,-13.986
2010-04-19 06:00:00,,-13.982
2010-04-19 12:00:00,,-13.983
2010-04-19 18:00:00,,-13.966
2010-04-20 00:00:00,,-13.981
2010-04-20 06:00:00,,-13.979
2010-04-20 12:00:00,,-13.979
2010-04-20 18:00:00,,-13.963
2010-04-21 00:00:00,,-13.973
2010-04-21 06:00:00,,-13.978
2010-04-21 12:00:00,,-13.981
2010-04-21 18:00:00,,-13.97
2010-04-22 00:00:00,,-13.987
2010-04-22 06:00:00,,-13.995
2010-04-22 12:00:00,,-13.998
2010-04-22 18:00:00,,-13.983
2010-04-23 00:00:00,,-13.995
2010-04-23 06:00:00,,-13.998
2010-04-23 12:00:00,,-14.001
2010-04-23 18:00:00,,-13.981
2010-04-24 00:00:00,,-13.989
2010-04-24 06:00:00,,-13.988
2010-04-24 12:00:00,,-13.993
2010-04-24 18:00:00,,-13.976
2010-04-25 00:00:00,,-13.991
2010-04-25 06:00:00,,-13.99
2010-04-25 12:00:00,,-14.007
2010-04-25 18:00:00,,-13.997
2010-04-26 00:00:00,,-14.019
2010-04-26 06:00:00,,-14.008
2010-04-26 12:00:00,,-14.02
2010-04-26 18:00:00,,-13.998
2010-04-27 00:00:00,,-14.014
2010-04-27 06:00:00,,-14.006
2010-04-27 12:00:00,,-14.024
2010-04-27 18:00:00,,-14.007
2010-04-28 00:00:00,,-14.026
2010-04-28 06:00:00,,-14.016
2010-04-28 12:00:00,,-14.036
2010-04-28 18:00:00,,-14.014
2010-04-29 00:00:00,,-14.039
2010-04-29 06:00:00,,-14.026
2010-04-29 12:00:00,,-14.034
2010-04-29 18:00:00,,-14.011
2010-04-30 00:00:00,,-14.032
2010-04-30 06:00:00,,-14.022
2010-04-30 12:00:00,,-14.027
2010-04-30 18:00:00,,-14.005
2010-05-01 00:00:00,,-14.023
2010-05-01 06:00:00,,-14.01
2010-05-01 12:00:00,,-14.018
2010-05-01 18:00:00,,-13.998
2010-05-02 00:00:00,,-14.013
2010-05-02 06:00:00,,-14.005
2010-05-02 12:00:00,,-14.01
2010-05-02 18:00:00,,-13.992
2010-05-03 00:00:00,,-14.004
2010-05-03 06:00:00,,-13.998
2010-05-03 12:00:00,,-13.997
2010-05-03 18:00:00,,-13.979
2010-05-04 00:00:00,,-13.988
2010-05-04 06:00:00,,-13.987
2010-05-04 12:00:00,,-13.99
2010-05-04 18:00:00,,-13.977
2010-05-05 00:00:00,,-13.989
2010-05-05 06:00:00,,-13.993
2010-05-05 12:00:00,,-14.002
2010-05-05 18:00:00,,-13.989
2010-05-06 00:00:00,,-14.01
2010-05-06 06:00:00,,-14.009
2010-05-06 12:00:00,,-14.012
2010-05-06 18:00:00,,-13.996
2010-05-07 00:00:00,,-14.005
2010-05-07 06:00:00,,-14.004
2010-05-07 12:00:00,,-14.002
2010-05-07 18:00:00,,-13.986
2010-05-08 00:00:00,,-13.997
2010-05-08 06:00:00,,-13.99
2010-05-08 12:00:00,,-13.993
2010-05-08 18:00:00,,-13.975
2010-05-09 00:00:00,,-13.984
2010-05-09 06:00:00,,-13.974
2010-05-09 12:00:00,,-13.976
2010-05-09 18:00:00,,-13.954
2010-05-10 00:00:00,,-13.964
2010-05-10 06:00:00,,-13.961
2010-05-10 12:00:00,,-13.971
2010-05-10 18:00:00,,-13.952
2010-05-11 00:00:00,,-13.968
2010-05-11 06:00:00,,-13.966
2010-05-11 12:00:00,,-13.979
2010-05-11 18:00:00,,-13.968
2010-05-12 00:00:00,,-13.996
2010-05-12 06:00:00,,-13.989
2010-05-12 12:00:00,,-14.003
2010-05-12 18:00:00,,-13.984
2010-05-13 00:00:00,,-14.003
2010-05-13 06:00:00,,-13.99
2010-05-13 12:00:00,,-13.994
2010-05-13 18:00:00,,-13.969
2010-05-14 00:00:00,,-13.983
2010-05-14 06:00:00,,-13.97
2010-05-14 12:00:00,,-13.979
2010-05-14 18:00:00,,-13.954
2010-05-15 00:00:00,,-13.97
2010-05-15 06:00:00,,-13.946
2010-05-15 12:00:00,,-13.965
2010-05-15 18:00:00,,-13.955
2010-05-16 00:00:00,,-13.968
2010-05-16 06:00:00,,-13.952
2010-05-16 12:00:00,,-13.969
2010-05-16 18:00:00,,-13.961
2010-05-17 00:00:00,,-13.976
2010-05-17 06:00:00,,-13.97
2010-05-17 12:00:00,,-13.979
2010-05-17 18:00:00,,-13.967
2010-05-18 00:00:00,,-13.986
2010-05-18 06:00:00,,-13.983
2010-05-18 12:00:00,,-13.989
2010-05-18 18:00:00,,-13.972
2010-05-19 00:00:00,,-13.985
2010-05-19 06:00:00,,-13.986
2010-05-19 12:00:00,,-13.984
2010-05-19 18:00:00,,-13.972
2010-05-20 00:00:00,,-13.971
2010-05-20 06:00:00,,-13.973
2010-05-20 12:00:00,,-13.974
2010-05-20 18:00:00,,-13.968
2010-05-21 00:00:00,,-13.974
2010-05-21 06:00:00,,-13.976
2010-05-21 12:00:00,,-13.976
2010-05-21 18:00:00,,-13.969
2010-05-22 00:00:00,,-13.975
2010-05-22 06:00:00,,-13.971
2010-05-22 12:00:00,,-13.966
2010-05-22 18:00:00,,-13.95
2010-05-23 00:00:00,,-13.954
2010-05-23 06:00:00,,-13.946
2010-05-23 12:00:00,,-13.95
2010-05-23 18:00:00,,-13.932
2010-05-24 00:00:00,,-13.941
2010-05-24 06:00:00,,-13.935
2010-05-24 12:00:00,,-13.944
2010-05-24 18:00:00,,-13.932
2010-05-25 00:00:00,,-13.951
2010-05-25 06:00:00,,-13.949
2010-05-25 12:00:00,,-13.965
2010-05-25 18:00:00,,-13.951
2010-05-26 00:00:00,,-13.972
2010-05-26 06:00:00,,-13.965
2010-05-26 12:00:00,,-13.983
2010-05-26 18:00:00,,-13.96
2010-05-27 00:00:00,,-13.978
2010-05-27 06:00:00,,-13.969
2010-05-27 12:00:00,,-13.977
2010-05-27 18:00:00,,-13.957
2010-05-28 00:00:00,,-13.963
2010-05-28 06:00:00,,-13.95
2010-05-28 12:00:00,,-13.962
2010-05-28 18:00:00,,-13.955
2010-05-29 00:00:00,,-13.987
2010-05-29 06:00:00,,-13.989
2010-05-29 12:00:00,,-14.009
2010-05-29 18:00:00,,-13.995
2010-05-30 00:00:00,,-14.017
2010-05-30 06:00:00,,-14.01
2010-05-30 12:00:00,,-14.021
2010-05-30 18:00:00,,-14
2010-05-31 00:00:00,,-14.012
2010-05-31 06:00:00,,-14.001
2010-05-31 12:00:00,,-14.004
2010-05-31 18:00:00,,-13.984
2010-06-01 00:00:00,,-13.994
2010-06-01 06:00:00,,-13.984
2010-06-01 12:00:00,,-13.984
2010-06-01 18:00:00,,-13.966
2010-06-02 00:00:00,,-13.974
2010-06-02 06:00:00,,-13.975
2010-06-02 12:00:00,,-13.989
2010-06-02 18:00:00,,-13.984
2010-06-03 00:00:00,,-14.002
2010-06-03 06:00:00,,-14.008
2010-06-03 12:00:00,,-14.014
2010-06-03 18:00:00,,-14.001
2010-06-04 00:00:00,,-14.011
2010-06-04 06:00:00,,-14.009
2010-06-04 12:00:00,,-14.011
2010-06-04 18:00:00,,-13.997
2010-06-05 00:00:00,,-14.005
2010-06-05 06:00:00,,-14.004
2010-06-05 12:00:00,,-14.01
2010-06-05 18:00:00,,-13.998
2010-06-06 00:00:00,,-14.006
2010-06-06 06:00:00,,-14.002
2010-06-06 12:00:00,,-14.012
2010-06-06 18:00:00,,-14
2010-06-07 00:00:00,,-14.012
2010-06-07 06:00:00,,-14.009
2010-06-07 12:00:00,,-14.015
2010-06-07 18:00:00,,-14
2010-06-08 00:00:00,,-14.007
2010-06-08 06:00:00,,-14.003
2010-06-08 12:00:00,,-14.01
2010-06-08 18:00:00,,-13.992
2010-06-09 00:00:00,,-14.004
2010-06-09 06:00:00,,-13.998
2010-06-09 12:00:00,,-14.012
2010-06-09 15:33:00,,-14.02
2010-06-09 18:00:00,,-14.02
2010-06-10 00:00:00,,-14.039
2010-06-10 06:00:00,,-14.031
2010-06-10 12:00:00,,-14.039
2010-06-10 18:00:00,,-14.025
2010-06-11 00:00:00,,-14.041
2010-06-11 06:00:00,,-14.034
2010-06-11 12:00:00,,-14.046
2010-06-11 18:00:00,,-14.021
2010-06-12 00:00:00,,-14.044
2010-06-12 06:00:00,,-14.031
2010-06-12 12:00:00,,-14.044
2010-06-12 18:00:00,,-14.022
2010-06-13 00:00:00,,-14.043
2010-06-13 06:00:00,,-14.031
2010-06-13 12:00:00,,-14.043
2010-06-13 18:00:00,,-14.023
2010-06-14 00:00:00,,-14.042
2010-06-14 06:00:00,,-14.035
2010-06-14 12:00:00,,-14.043
2010-06-14 18:00:00,,-14.024
2010-06-15 00:00:00,,-14.04
2010-06-15 06:00:00,,-14.027
2010-06-15 12:00:00,,-14.027
2010-06-15 18:00:00,,-14.006
2010-06-16 00:00:00,,-14.013
2010-06-16 06:00:00,,-14.012
2010-06-16 12:00:00,,-14.011
2010-06-16 18:00:00,,-13.993
2010-06-17 00:00:00,,-14.003
2010-06-17 06:00:00,,-14.001
2010-06-17 12:00:00,,-14.007
2010-06-17 18:00:00,,-13.996
2010-06-18 00:00:00,,-14.004
2010-06-18 06:00:00,,-14.008
2010-06-18 12:00:00,,-14.011
2010-06-18 18:00:00,,-14.002
2010-06-19 00:00:00,,-14.018
2010-06-19 06:00:00,,-14.026
2010-06-19 12:00:00,,-14.037
2010-06-19 18:00:00,,-14.032
2010-06-20 00:00:00,,-14.04
2010-06-20 06:00:00,,-14.041
2010-06-20 12:00:00,,-14.05
2010-06-20 18:00:00,,-14.036
2010-06-21 00:00:00,,-14.039
2010-06-21 06:00:00,,-14.037
2010-06-21 12:00:00,,-14.052
2010-06-21 18:00:00,,-14.039
2010-06-22 00:00:00,,-14.047
2010-06-22 06:00:00,,-14.041
2010-06-22 12:00:00,,-14.043
2010-06-22 18:00:00,,-14.024
2010-06-23 00:00:00,,-14.033
2010-06-23 06:00:00,,-14.028
2010-06-23 12:00:00,,-14.033
2010-06-23 18:00:00,,-14.01
2010-06-24 00:00:00,,-14.016
2010-06-24 06:00:00,,-14.002
2010-06-24 12:00:00,,-14
2010-06-24 18:00:00,,-13.975
2010-06-25 00:00:00,,-13.984
2010-06-25 06:00:00,,-13.973
2010-06-25 12:00:00,,-13.989
2010-06-25 18:00:00,,-13.979
2010-06-26 00:00:00,,-14.003
2010-06-26 06:00:00,,-14.001
2010-06-26 12:00:00,,-14.015
2010-06-26 18:00:00,,-13.996
2010-06-27 00:00:00,,-14.018
2010-06-27 06:00:00,,-14.008
2010-06-27 12:00:00,,-14.019
2010-06-27 18:00:00,,-13.993
2010-06-28 00:00:00,,-14.007
2010-06-28 06:00:00,,-13.994
2010-06-28 12:00:00,,-14.005
2010-06-28 18:00:00,,-13.986
2010-06-29 00:00:00,,-14
2010-06-29 06:00:00,,-13.994
2010-06-29 12:00:00,,-14.002
2010-06-29 18:00:00,,-13.988
2010-06-30 00:00:00,,-13.999
2010-06-30 06:00:00,,-13.996
2010-06-30 12:00:00,,-14.015
2010-06-30 18:00:00,,-14.007
2010-07-01 00:00:00,,-14.017
2010-07-01 06:00:00,,-14.015
2010-07-01 12:00:00,,-14.027
2010-07-01 18:00:00,,-14.02
2010-07-02 00:00:00,,-14.026
2010-07-02 06:00:00,,-14.031
2010-07-02 12:00:00,,-14.035
2010-07-02 18:00:00,,-14.021
2010-07-03 00:00:00,,-14.034
2010-07-03 06:00:00,,-14.036
2010-07-03 12:00:00,,-14.041
2010-07-03 18:00:00,,-14.024
2010-07-04 00:00:00,,-14.025
2010-07-04 06:00:00,,-14.019
2010-07-04 12:00:00,,-14.011
2010-07-04 18:00:00,,-13.999
2010-07-05 00:00:00,,-14.001
2010-07-05 06:00:00,,-13.993
2010-07-05 12:00:00,,-13.998
2010-07-05 18:00:00,,-13.992
2010-07-06 00:00:00,,-13.993
2010-07-06 06:00:00,,-13.992
2010-07-06 12:00:00,,-13.994
2010-07-06 18:00:00,,-13.991
2010-07-07 00:00:00,,-14.002
2010-07-07 06:00:00,,-13.999
2010-07-07 12:00:00,,-14.006
2010-07-07 18:00:00,,-13.998
2010-07-08 00:00:00,,-14.007
2010-07-08 06:00:00,,-13.996
2010-07-08 12:00:00,,-14.002
2010-07-08 18:00:00,,-13.987
2010-07-09 00:00:00,,-13.994
2010-07-09 06:00:00,,-13.982
2010-07-09 12:00:00,,-13.985
2010-07-09 18:00:00,,-13.965
2010-07-10 00:00:00,,-13.978
2010-07-10 06:00:00,,-13.968
2010-07-10 12:00:00,,-13.98
2010-07-10 18:00:00,,-13.967
2010-07-11 00:00:00,,-13.986
2010-07-11 06:00:00,,-13.973
2010-07-11 12:00:00,,-13.996
2010-07-11 18:00:00,,-13.973
2010-07-12 00:00:00,,-13.992
2010-07-12 06:00:00,,-13.976
2010-07-12 12:00:00,,-13.981
2010-07-12 18:00:00,,-13.953
2010-07-13 00:00:00,,-13.963
2010-07-13 06:00:00,,-13.95
2010-07-13 12:00:00,,-13.97
2010-07-13 18:00:00,,-13.97
2010-07-14 00:00:00,,-13.994
2010-07-14 06:00:00,,-13.994
2010-07-14 12:00:00,,-14.017
2010-07-14 18:00:00,,-14.004
2010-07-15 00:00:00,,-14.019
2010-07-15 06:00:00,,-14.013
2010-07-15 12:00:00,,-14.024
2010-07-15 18:00:00,,-14.011
2010-07-16 00:00:00,,-14.014
2010-07-16 06:00:00,,-14.01
2010-07-16 12:00:00,,-14.02
2010-07-16 18:00:00,,-14.004
2010-07-17 00:00:00,,-14.007
2010-07-17 06:00:00,,-14.008
2010-07-17 12:00:00,,-14.013
2010-07-17 18:00:00,,-13.996
2010-07-18 00:00:00,,-13.998
2010-07-18 06:00:00,,-13.993
2010-07-18 12:00:00,,-13.997
2010-07-18 18:00:00,,-13.983
2010-07-19 00:00:00,,-13.991
2010-07-19 06:00:00,,-13.995
2010-07-19 12:00:00,,-14.013
2010-07-19 18:00:00,,-14.003
2010-07-20 00:00:00,,-14.014
2010-07-20 06:00:00,,-14.017
2010-07-20 12:00:00,,-14.026
2010-07-20 18:00:00,,-14.013
2010-07-21 00:00:00,,-14.02
2010-07-21 06:00:00,,-14.021
2010-07-21 12:00:00,,-14.021
2010-07-21 18:00:00,,-14.003
2010-07-22 00:00:00,,-14.017
2010-07-22 06:00:00,,-14.016
2010-07-22 12:00:00,,-14.023
2010-07-22 18:00:00,,-14.003
2010-07-23 00:00:00,,-14.019
2010-07-23 06:00:00,,-14.01
2010-07-23 12:00:00,,-14.023
2010-07-23 18:00:00,,-14.003
2010-07-24 00:00:00,,-14.02
2010-07-24 06:00:00,,-14.008
2010-07-24 12:00:00,,-14.018
2010-07-24 18:00:00,,-14.004
2010-07-25 00:00:00,,-14.019
2010-07-25 06:00:00,,-14.009
2010-07-25 12:00:00,,-14.02
2010-07-25 18:00:00,,-14.001
2010-07-26 00:00:00,,-14.017
2010-07-26 06:00:00,,-14.011
2010-07-26 12:00:00,,-14.019
2010-07-26 18:00:00,,-13.998
2010-07-27 00:00:00,,-14.017
2010-07-27 06:00:00,,-14.004
2010-07-27 12:00:00,,-14.011
2010-07-27 18:00:00,,-13.984
2010-07-28 00:00:00,,-13.997
2010-07-28 06:00:00,,-13.984
2010-07-28 12:00:00,,-13.992
2010-07-28 18:00:00,,-13.965
2010-07-29 00:00:00,,-13.973
2010-07-29 06:00:00,,-13.963
2010-07-29 12:00:00,,-13.969
2010-07-29 18:00:00,,-13.947
2010-07-30 00:00:00,,-13.963
2010-07-30 06:00:00,,-13.954
2010-07-30 12:00:00,,-13.966
2010-07-30 18:00:00,,-13.961
2010-07-31 00:00:00,,-13.986
2010-07-31 06:00:00,,-13.994
2010-07-31 12:00:00,,-14.018
2010-07-31 18:00:00,,-14.017
2010-08-01 00:00:00,,-14.03
2010-08-01 06:00:00,,-14.033
2010-08-01 12:00:00,,-14.046
2010-08-01 18:00:00,,-14.033
2010-08-02 00:00:00,,-14.047
2010-08-02 06:00:00,,-14.046
2010-08-02 12:00:00,,-14.052
2010-08-02 18:00:00,,-14.037
2010-08-03 00:00:00,,-14.037
2010-08-03 06:00:00,,-14.027
2010-08-03 12:00:00,,-14.023
2010-08-03 18:00:00,,-14.004
2010-08-04 00:00:00,,-14.005
2010-08-04 06:00:00,,-13.998
2010-08-04 12:00:00,,-13.996
2010-08-04 18:00:00,,-13.978
2010-08-05 00:00:00,,-13.99
2010-08-05 06:00:00,,-13.994
2010-08-05 12:00:00,,-14.003
2010-08-05 18:00:00,,-13.991
2010-08-06 00:00:00,,-14.008
2010-08-06 06:00:00,,-14.007
2010-08-06 12:00:00,,-14.014
2010-08-06 18:00:00,,-13.99
2010-08-07 00:00:00,,-14.001
2010-08-07 06:00:00,,-13.995
2010-08-07 12:00:00,,-13.998
2010-08-07 18:00:00,,-13.968
2010-08-08 00:00:00,,-13.977
2010-08-08 06:00:00,,-13.962
2010-08-08 12:00:00,,-13.967
2010-08-08 18:00:00,,-13.939
2010-08-09 00:00:00,,-13.951
2010-08-09 06:00:00,,-13.933
2010-08-09 12:00:00,,-13.948
2010-08-09 18:00:00,,-13.935
2010-08-10 00:00:00,,-13.971
2010-08-10 06:00:00,,-13.968
2010-08-10 12:00:00,,-13.993
2010-08-10 18:00:00,,-13.982
2010-08-11 00:00:00,,-14.014
2010-08-11 06:00:00,,-14.006
2010-08-11 12:00:00,,-14.024
2010-08-11 18:00:00,,-13.996
2010-08-12 00:00:00,,-14.013
2010-08-12 06:00:00,,-14.01
2010-08-12 12:00:00,,-14.019
2010-08-12 18:00:00,,-13.988
2010-08-13 00:00:00,,-13.994
2010-08-13 06:00:00,,-13.979
2010-08-13 12:00:00,,-13.974
2010-08-13 18:00:00,,-13.944
2010-08-14 00:00:00,,-13.946
2010-08-14 06:00:00,,-13.94
2010-08-14 12:00:00,,-13.952
2010-08-14 18:00:00,,-13.941
2010-08-15 00:00:00,,-13.967
2010-08-15 06:00:00,,-13.975
2010-08-15 12:00:00,,-13.992
2010-08-15 18:00:00,,-13.98
2010-08-16 00:00:00,,-13.99
2010-08-16 06:00:00,,-13.986
2010-08-16 12:00:00,,-13.992
2010-08-16 18:00:00,,-13.97
2010-08-17 00:00:00,,-13.97
2010-08-17 06:00:00,,-13.958
2010-08-17 12:00:00,,-13.953
2010-08-17 18:00:00,,-13.927
2010-08-18 00:00:00,,-13.929
2010-08-18 06:00:00,,-13.93
2010-08-18 12:00:00,,-13.941
2010-08-18 18:00:00,,-13.934
2010-08-19 00:00:00,,-13.952
2010-08-19 06:00:00,,-13.951
2010-08-19 12:00:00,,-13.963
2010-08-19 18:00:00,,-13.95
2010-08-20 00:00:00,,-13.973
2010-08-20 06:00:00,,-13.977
2010-08-20 12:00:00,,-13.991
2010-08-20 18:00:00,,-13.973
2010-08-21 00:00:00,,-13.989
2010-08-21 06:00:00,,-13.976
2010-08-21 12:00:00,,-13.986
2010-08-21 18:00:00,,-13.959
2010-08-22 00:00:00,,-13.968
2010-08-22 06:00:00,,-13.949
2010-08-22 12:00:00,,-13.961
2010-08-22 18:00:00,,-13.939
2010-08-23 00:00:00,,-13.964
2010-08-23 06:00:00,,-13.952
2010-08-23 12:00:00,,-13.974
2010-08-23 18:00:00,,-13.952
2010-08-24 00:00:00,,-13.983
2010-08-24 06:00:00,,-13.975
2010-08-24 12:00:00,,-13.996
2010-08-24 18:00:00,,-13.973
2010-08-25 00:00:00,,-13.988
2010-08-25 06:00:00,,-13.98
2010-08-25 12:00:00,,-13.997
2010-08-25 18:00:00,,-13.982
2010-08-26 00:00:00,,-13.999
2010-08-26 06:00:00,,-13.988
2010-08-26 12:00:00,,-14.001
2010-08-26 18:00:00,,-13.978
2010-08-27 00:00:00,,-13.998
2010-08-27 06:00:00,,-13.991
2010-08-27 12:00:00,,-14.006
2010-08-27 18:00:00,,-13.984
2010-08-28 00:00:00,,-14.003
2010-08-28 06:00:00,,-14.001
2010-08-28 12:00:00,,-14.02
2010-08-28 18:00:00,,-13.998
2010-08-29 00:00:00,,-14.016
2010-08-29 06:00:00,,-14.013
2010-08-29 12:00:00,,-14.022
2010-08-29 18:00:00,,-14.003
2010-08-30 00:00:00,,-14.01
2010-08-30 06:00:00,,-14.006
2010-08-30 12:00:00,,-14.009
2010-08-30 18:00:00,,-13.986
2010-08-31 00:00:00,,-13.989
2010-08-31 06:00:00,,-13.989
2010-08-31 12:00:00,,-13.988
2010-08-31 18:00:00,,-13.962
2010-09-01 00:00:00,,-13.965
2010-09-01 06:00:00,,-13.962
2010-09-01 12:00:00,,-13.965
2010-09-01 18:00:00,,-13.944
2010-09-02 00:00:00,,-13.952
2010-09-02 06:00:00,,-13.951
2010-09-02 12:00:00,,-13.961
2010-09-02 18:00:00,,-13.943
2010-09-03 00:00:00,,-13.938
2010-09-03 06:00:00,,-13.929
2010-09-03 12:00:00,,-13.93
2010-09-03 18:00:00,,-13.917
2010-09-04 00:00:00,,-13.942
2010-09-04 06:00:00,,-13.946
2010-09-04 12:00:00,,-13.967
2010-09-04 18:00:00,,-13.958
2010-09-05 00:00:00,,-13.975
2010-09-05 06:00:00,,-13.98
2010-09-05 12:00:00,,-14.002
2010-09-05 18:00:00,,-13.987
2010-09-06 00:00:00,,-14.006
2010-09-06 06:00:00,,-13.997
2010-09-06 12:00:00,,-14.009
2010-09-06 18:00:00,,-13.985
2010-09-07 00:00:00,,-14.004
2010-09-07 06:00:00,,-13.985
2010-09-07 12:00:00,,-13.992
2010-09-07 18:00:00,,-13.963
2010-09-08 00:00:00,,-13.978
2010-09-08 06:00:00,,-13.967
2010-09-08 12:00:00,,-13.982
2010-09-08 18:00:00,,-13.957
2010-09-09 00:00:00,,-13.968
2010-09-09 06:00:00,,-13.951
2010-09-09 12:00:00,,-13.971
2010-09-09 18:00:00,,-13.937
2010-09-10 00:00:00,,-13.96
2010-09-10 06:00:00,,-13.957
2010-09-10 12:00:00,,-13.984
2010-09-10 18:00:00,,-13.967
2010-09-11 00:00:00,,-13.979
2010-09-11 06:00:00,,-13.975
2010-09-11 12:00:00,,-13.988
2010-09-11 18:00:00,,-13.965
2010-09-12 00:00:00,,-13.974
2010-09-12 06:00:00,,-13.964
2010-09-12 12:00:00,,-13.973
2010-09-12 18:00:00,,-13.962
2010-09-13 00:00:00,,-13.973
2010-09-13 06:00:00,,-13.968
2010-09-13 12:00:00,,-13.978
2010-09-13 18:00:00,,-13.965
2010-09-14 00:00:00,,-13.972
2010-09-14 06:00:00,,-13.975
2010-09-14 12:00:00,,-13.982
2010-09-14 18:00:00,,-13.973
2010-09-15 00:00:00,,-13.989
2010-09-15 06:00:00,,-13.99
2010-09-15 12:00:00,,-14.002
2010-09-15 18:00:00,,-13.99
2010-09-16 00:00:00,,-14.007
2010-09-16 06:00:00,,-13.999
2010-09-16 12:00:00,,-14.007
2010-09-16 18:00:00,,-13.999
2010-09-17 00:00:00,,-14.005
2010-09-17 06:00:00,,-13.995
2010-09-17 12:00:00,,-13.997
2010-09-17 18:00:00,,-13.982
2010-09-18 00:00:00,,-13.983
2010-09-18 06:00:00,,-13.965
2010-09-18 12:00:00,,-13.973
2010-09-18 18:00:00,,-13.969
2010-09-19 00:00:00,,-13.993
2010-09-19 06:00:00,,-13.988
2010-09-19 12:00:00,,-14.002
2010-09-19 18:00:00,,-13.996
2010-09-20 00:00:00,,-14.011
2010-09-20 06:00:00,,-14.007
2010-09-20 12:00:00,,-14.015
2010-09-20 18:00:00,,-13.997
2010-09-21 00:00:00,,-14.018
2010-09-21 06:00:00,,-14.005
2010-09-21 12:00:00,,-14.014
2010-09-21 18:00:00,,-13.989
2010-09-22 00:00:00,,-14.009
2010-09-22 06:00:00,,-13.997
2010-09-22 12:00:00,,-14.007
2010-09-22 18:00:00,,-13.978
2010-09-23 00:00:00,,-14.002
2010-09-23 06:00:00,,-13.991
2010-09-23 12:00:00,,-14.007
2010-09-23 18:00:00,,-13.985
2010-09-24 00:00:00,,-14.001
2010-09-24 06:00:00,,-13.992
2010-09-24 12:00:00,,-14.008
2010-09-24 18:00:00,,-13.978
2010-09-25 00:00:00,,-13.991
2010-09-25 06:00:00,,-13.983
2010-09-25 12:00:00,,-13.989
2010-09-25 18:00:00,,-13.966
2010-09-26 00:00:00,,-13.983
2010-09-26 06:00:00,,-13.973
2010-09-26 12:00:00,,-13.984
2010-09-26 18:00:00,,-13.959
2010-09-27 00:00:00,,-13.975
2010-09-27 06:00:00,,-13.968
2010-09-27 12:00:00,,-13.977
2010-09-27 18:00:00,,-13.952
2010-09-28 00:00:00,,-13.964
2010-09-28 06:00:00,,-13.961
2010-09-28 12:00:00,,-13.97
2010-09-28 18:00:00,,-13.95
2010-09-29 00:00:00,,-13.956
2010-09-29 06:00:00,,-13.962
2010-09-29 12:00:00,,-13.981
2010-09-29 18:00:00,,-13.968
2010-09-30 00:00:00,,-13.978
2010-09-30 06:00:00,,-13.975
2010-09-30 12:00:00,,-13.982
2010-09-30 18:00:00,,-13.963
2010-10-01 00:00:00,,-13.969
2010-10-01 06:00:00,,-13.969
2010-10-01 12:00:00,,-13.968
2010-10-01 18:00:00,,-13.956
2010-10-02 00:00:00,,-13.966
2010-10-02 06:00:00,,-13.969
2010-10-02 12:00:00,,-13.975
2010-10-02 18:00:00,,-13.957
2010-10-03 00:00:00,,-13.965
2010-10-03 06:00:00,,-13.969
2010-10-03 12:00:00,,-13.975
2010-10-03 18:00:00,,-13.955
2010-10-04 00:00:00,,-13.965
2010-10-04 06:00:00,,-13.962
2010-10-04 12:00:00,,-13.966
2010-10-04 18:00:00,,-13.944
2010-10-05 00:00:00,,-13.976
2010-10-05 06:00:00,,-13.977
2010-10-05 12:00:00,,-13.978
2010-10-05 18:00:00,,-13.954
2010-10-06 00:00:00,,-13.962
2010-10-06 06:00:00,,-13.954
2010-10-06 12:00:00,,-13.964
2010-10-06 18:00:00,,-13.951
2010-10-07 00:00:00,,-13.977
2010-10-07 06:00:00,,-13.967
2010-10-07 12:00:00,,-13.993
2010-10-07 18:00:00,,-13.976
2010-10-08 00:00:00,,-13.998
2010-10-08 06:00:00,,-13.987
2010-10-08 12:00:00,,-14.001
2010-10-08 18:00:00,,-13.974
2010-10-09 00:00:00,,-13.996
2010-10-09 06:00:00,,-13.979
2010-10-09 12:00:00,,-13.988
2010-10-09 18:00:00,,-13.958
2010-10-10 00:00:00,,-13.977
2010-10-10 06:00:00,,-13.969
2010-10-10 12:00:00,,-13.978
2010-10-10 18:00:00,,-13.951
2010-10-11 00:00:00,,-13.963
2010-10-11 06:00:00,,-13.961
2010-10-11 12:00:00,,-13.973
2010-10-11 18:00:00,,-13.951
2010-10-12 00:00:00,,-13.962
2010-10-12 06:00:00,,-13.96
2010-10-12 12:00:00,,-13.973
2010-10-12 18:00:00,,-13.963
2010-10-13 00:00:00,,-13.968
2010-10-13 06:00:00,,-13.957
2010-10-13 12:00:00,,-13.959
2010-10-13 18:00:00,,-13.937
2010-10-14 00:00:00,,-13.938
2010-10-14 06:00:00,,-13.928
2010-10-14 12:00:00,,-13.919
2010-10-14 18:00:00,,-13.896
2010-10-15 00:00:00,,-13.911
2010-10-15 06:00:00,,-13.925
2010-10-15 12:00:00,,-13.959
2010-10-15 18:00:00,,-13.964
2010-10-16 00:00:00,,-13.984
2010-10-16 06:00:00,,-13.989
2010-10-16 12:00:00,,-13.997
2010-10-16 18:00:00,,-13.977
2010-10-17 00:00:00,,-13.993
2010-10-17 06:00:00,,-13.991
2010-10-17 12:00:00,,-13.995
2010-10-17 18:00:00,,-13.979
2010-10-18 00:00:00,,-13.993
2010-10-18 06:00:00,,-13.994
2010-10-18 12:00:00,,-14.003
2010-10-18 18:00:00,,-13.985
2010-10-19 00:00:00,,-14
2010-10-19 06:00:00,,-13.998
2010-10-19 12:00:00,,-14.01
2010-10-19 18:00:00,,-13.985
2010-10-20 00:00:00,,-14.005
2010-10-20 06:00:00,,-13.993
2010-10-20 12:00:00,,-13.995
2010-10-20 18:00:00,,-13.969
2010-10-21 00:00:00,,-13.985
2010-10-21 06:00:00,,-13.972
2010-10-21 12:00:00,,-13.981
2010-10-21 18:00:00,,-13.955
2010-10-22 00:00:00,,-13.97
2010-10-22 06:00:00,,-13.963
2010-10-22 12:00:00,,-13.977
2010-10-22 18:00:00,,-13.95
2010-10-23 00:00:00,,-13.966
2010-10-23 06:00:00,,-13.961
2010-10-23 12:00:00,,-13.974
2010-10-23 18:00:00,,-13.951
2010-10-24 00:00:00,,-13.968
2010-10-24 06:00:00,,-13.966
2010-10-24 12:00:00,,-13.982
2010-10-24 18:00:00,,-13.954
2010-10-25 00:00:00,,-13.968
2010-10-25 06:00:00,,-13.959
2010-10-25 12:00:00,,-13.966
2010-10-25 18:00:00,,-13.957
2010-10-26 00:00:00,,-13.979
2010-10-26 06:00:00,,-13.973
2010-10-26 12:00:00,,-13.985
2010-10-26 18:00:00,,-13.964
2010-10-27 00:00:00,,-13.979
2010-10-27 06:00:00,,-13.973
2010-10-27 12:00:00,,-13.987
2010-10-27 18:00:00,,-13.958
2010-10-28 00:00:00,,-13.964
2010-10-28 06:00:00,,-13.955
2010-10-28 12:00:00,,-13.954
2010-10-28 18:00:00,,-13.928
2010-10-29 00:00:00,,-13.927
2010-10-29 06:00:00,,-13.926
2010-10-29 12:00:00,,-13.932
2010-10-29 18:00:00,,-13.928
2010-10-30 00:00:00,,-13.939
2010-10-30 06:00:00,,-13.955
2010-10-30 12:00:00,,-13.976
2010-10-30 18:00:00,,-13.969
2010-10-31 00:00:00,,-13.982
2010-10-31 06:00:00,,-13.989
2010-10-31 12:00:00,,-13.995
2010-10-31 18:00:00,,-13.983
2010-11-01 00:00:00,,-13.999
2010-11-01 06:00:00,,-13.999
2010-11-01 12:00:00,,-13.998
2010-11-01 18:00:00,,-13.983
2010-11-02 00:00:00,,-13.996
2010-11-02 06:00:00,,-13.994
2010-11-02 12:00:00,,-13.999
2010-11-02 18:00:00,,-13.981
2010-11-03 00:00:00,,-13.999
2010-11-03 06:00:00,,-13.992
2010-11-03 12:00:00,,-14.001
2010-11-03 18:00:00,,-13.979
2010-11-04 00:00:00,,-13.995
2010-11-04 06:00:00,,-13.989
2010-11-04 12:00:00,,-13.994
2010-11-04 18:00:00,,-13.961
2010-11-05 00:00:00,,-13.975
2010-11-05 06:00:00,,-13.967
2010-11-05 12:00:00,,-13.973
2010-11-05 18:00:00,,-13.941
2010-11-06 00:00:00,,-13.958
2010-11-06 06:00:00,,-13.951
2010-11-06 12:00:00,,-13.966
2010-11-06 18:00:00,,-13.932
2010-11-07 00:00:00,,-13.947
2010-11-07 06:00:00,,-13.944
2010-11-07 12:00:00,,-13.961
2010-11-07 18:00:00,,-13.931
2010-11-08 00:00:00,,-13.945
2010-11-08 06:00:00,,-13.938
2010-11-08 12:00:00,,-13.955
2010-11-08 18:00:00,,-13.935
2010-11-09 00:00:00,,-13.952
2010-11-09 06:00:00,,-13.968
2010-11-09 12:00:00,,-13.985
2010-11-09 18:00:00,,-13.963
2010-11-10 00:00:00,,-13.98
2010-11-10 06:00:00,,-13.985
2010-11-10 12:00:00,,-13.984
2010-11-10 18:00:00,,-13.957
2010-11-11 00:00:00,,-13.96
2010-11-11 06:00:00,,-13.953
2010-11-11 12:00:00,,-13.944
2010-11-11 18:00:00,,-13.915
2010-11-12 00:00:00,,-13.915
2010-11-12 06:00:00,,-13.915
2010-11-12 12:00:00,,-13.914
2010-11-12 18:00:00,,-13.923
2010-11-13 00:00:00,,-13.934
2010-11-13 06:00:00,,-13.935
2010-11-13 12:00:00,,-13.951
2010-11-13 18:00:00,,-13.942
2010-11-14 00:00:00,,-13.954
2010-11-14 06:00:00,,-13.967
2010-11-14 12:00:00,,-13.968
2010-11-14 18:00:00,,-13.951
2010-11-15 00:00:00,,-13.968
2010-11-15 06:00:00,,-13.96
2010-11-15 12:00:00,,-13.964
2010-11-15 18:00:00,,-13.951
2010-11-16 00:00:00,,-13.953
2010-11-16 06:00:00,,-13.954
2010-11-16 12:00:00,,-13.958
2010-11-16 18:00:00,,-13.946
2010-11-17 00:00:00,,-13.967
2010-11-17 06:00:00,,-13.961
2010-11-17 12:00:00,,-13.971
2010-11-17 18:00:00,,-13.956
2010-11-18 00:00:00,,-13.975
2010-11-18 06:00:00,,-13.976
2010-11-18 12:00:00,,-13.986
2010-11-18 18:00:00,,-13.967
2010-11-19 00:00:00,,-13.982
2010-11-19 06:00:00,,-13.977
2010-11-19 12:00:00,,-13.985
2010-11-19 18:00:00,,-13.961
2010-11-20 00:00:00,,-13.978
2010-11-20 06:00:00,,-13.975
2010-11-20 12:00:00,,-13.985
2010-11-20 18:00:00,,-13.955
2010-11-21 00:00:00,,-13.97
2010-11-21 06:00:00,,-13.964
2010-11-21 12:00:00,,-13.977
2010-11-21 18:00:00,,-13.946
2010-11-22 00:00:00,,-13.959
2010-11-22 06:00:00,,-13.954
2010-11-22 12:00:00,,-13.964
2010-11-22 18:00:00,,-13.937
2010-11-23 00:00:00,,-13.954
2010-11-23 06:00:00,,-13.956
2010-11-23 12:00:00,,-13.969
2010-11-23 18:00:00,,-13.941
2010-11-24 00:00:00,,-13.961
2010-11-24 06:00:00,,-13.958
2010-11-24 12:00:00,,-13.969
2010-11-24 18:00:00,,-13.944
2010-11-25 00:00:00,,-13.957
2010-11-25 06:00:00,,-13.955
2010-11-25 12:00:00,,-13.961
2010-11-25 18:00:00,,-13.936
2010-11-26 00:00:00,,-13.942
2010-11-26 06:00:00,,-13.944
2010-11-26 12:00:00,,-13.939
2010-11-26 18:00:00,,-13.918
2010-11-27 00:00:00,,-13.932
2010-11-27 06:00:00,,-13.942
2010-11-27 12:00:00,,-13.946
2010-11-27 18:00:00,,-13.932
2010-11-28 00:00:00,,-13.953
2010-11-28 06:00:00,,-13.969
2010-11-28 12:00:00,,-13.976
2010-11-28 18:00:00,,-13.965
2010-11-29 00:00:00,,-13.976
2010-11-29 06:00:00,,-13.985
2010-11-29 12:00:00,,-13.977
2010-11-29 18:00:00,,-13.959
2010-11-30 00:00:00,,-13.968
2010-11-30 06:00:00,,-13.966
2010-11-30 12:00:00,,-13.962
2010-11-30 18:00:00,,-13.941
2010-12-01 00:00:00,,-13.945
2010-12-01 06:00:00,,-13.949
2010-12-01 12:00:00,,-13.949
2010-12-01 18:00:00,,-13.93
2010-12-02 00:00:00,,-13.943
2010-12-02 06:00:00,,-13.943
2010-12-02 10:06:00,,-13.97
2010-12-02 12:00:00,,-13.962
2010-12-02 18:00:00,,-13.943
2010-12-03 00:00:00,,-13.953
2010-12-03 06:00:00,,-13.95
2010-12-03 12:00:00,,-13.955
2010-12-03 18:00:00,,-13.924
2010-12-04 00:00:00,,-13.942
2010-12-04 06:00:00,,-13.937
2010-12-04 12:00:00,,-13.945
2010-12-04 18:00:00,,-13.915
2010-12-05 00:00:00,,-13.938
2010-12-05 06:00:00,,-13.929
2010-12-05 12:00:00,,-13.948
2010-12-05 18:00:00,,-13.918
2010-12-06 00:00:00,,-13.937
2010-12-06 06:00:00,,-13.931
2010-12-06 12:00:00,,-13.944
2010-12-06 18:00:00,,-13.916
2010-12-07 00:00:00,,-13.929
2010-12-07 06:00:00,,-13.924
2010-12-07 12:00:00,,-13.937
2010-12-07 18:00:00,,-13.905
2010-12-08 00:00:00,,-13.924
2010-12-08 06:00:00,,-13.934
2010-12-08 12:00:00,,-13.949
2010-12-08 18:00:00,,-13.926
2010-12-09 00:00:00,,-13.948
2010-12-09 06:00:00,,-13.955
2010-12-09 12:00:00,,-13.967
2010-12-09 18:00:00,,-13.947
2010-12-10 00:00:00,,-13.975
2010-12-10 06:00:00,,-13.972
2010-12-10 12:00:00,,-13.994
2010-12-10 18:00:00,,-13.979
2010-12-11 00:00:00,,-13.98
2010-12-11 06:00:00,,-13.976
2010-12-11 12:00:00,,-13.978
2010-12-11 18:00:00,,-13.954
2010-12-12 00:00:00,,-13.96
2010-12-12 06:00:00,,-13.964
2010-12-12 12:00:00,,-13.97
2010-12-12 18:00:00,,-13.955
2010-12-13 00:00:00,,-13.967
2010-12-13 06:00:00,,-13.977
2010-12-13 12:00:00,,-13.983
2010-12-13 18:00:00,,-13.965
2010-12-14 00:00:00,,-13.971
2010-12-14 06:00:00,,-13.975
2010-12-14 12:00:00,,-13.974
2010-12-14 18:00:00,,-13.95
2010-12-15 00:00:00,,-13.954
2010-12-15 06:00:00,,-13.958
2010-12-15 12:00:00,,-13.96
2010-12-15 18:00:00,,-13.94
2010-12-16 00:00:00,,-13.945
2010-12-16 06:00:00,,-13.952
2010-12-16 12:00:00,,-13.957
2010-12-16 18:00:00,,-13.932
2010-12-17 00:00:00,,-13.943
2010-12-17 06:00:00,,-13.952
2010-12-17 12:00:00,,-13.952
2010-12-17 18:00:00,,-13.922
2010-12-18 00:00:00,,-13.935
2010-12-18 06:00:00,,-13.945
2010-12-18 12:00:00,,-13.951
2010-12-18 18:00:00,,-13.917
2010-12-19 00:00:00,,-13.928
2010-12-19 06:00:00,,-13.927
2010-12-19 12:00:00,,-13.946
2010-12-19 18:00:00,,-13.93
2010-12-20 00:00:00,,-13.954
2010-12-20 06:00:00,,-13.955
2010-12-20 12:00:00,,-13.974
2010-12-20 18:00:00,,-13.952
2010-12-21 00:00:00,,-13.971
2010-12-21 06:00:00,,-13.965
2010-12-21 12:00:00,,-13.979
2010-12-21 18:00:00,,-13.948
2010-12-22 00:00:00,,-13.969
2010-12-22 06:00:00,,-13.965
2010-12-22 12:00:00,,-13.98
2010-12-22 18:00:00,,-13.95
2010-12-23 00:00:00,,-13.973
2010-12-23 06:00:00,,-13.973
2010-12-23 12:00:00,,-13.988
2010-12-23 18:00:00,,-13.965
2010-12-24 00:00:00,,-13.979
2010-12-24 06:00:00,,-13.976
2010-12-24 12:00:00,,-13.984
2010-12-24 18:00:00,,-13.955
2010-12-25 00:00:00,,-13.965
2010-12-25 06:00:00,,-13.959
2010-12-25 12:00:00,,-13.958
2010-12-25 18:00:00,,-13.933
2010-12-26 00:00:00,,-13.942
2010-12-26 06:00:00,,-13.941
2010-12-26 12:00:00,,-13.939
2010-12-26 18:00:00,,-13.919
2010-12-27 00:00:00,,-13.931
2010-12-27 06:00:00,,-13.946
2010-12-27 12:00:00,,-13.95
2010-12-27 18:00:00,,-13.941
2010-12-28 00:00:00,,-13.958
2010-12-28 06:00:00,,-13.967
2010-12-28 12:00:00,,-13.966
2010-12-28 18:00:00,,-13.948
2010-12-29 00:00:00,,-13.962
2010-12-29 06:00:00,,-13.967
2010-12-29 12:00:00,,-13.97
2010-12-29 18:00:00,,-13.951
2010-12-30 00:00:00,,-13.967
2010-12-30 06:00:00,,-13.972
2010-12-30 12:00:00,,-13.979
2010-12-30 18:00:00,,-13.957
2010-12-31 00:00:00,,-13.97
2010-12-31 06:00:00,,-13.972
2010-12-31 12:00:00,,-13.978
2010-12-31 18:00:00,,-13.962
2011-01-01 00:00:00,,-13.972
2011-01-01 06:00:00,,-13.967
2011-01-01 12:00:00,,-13.985
2011-01-01 18:00:00,,-13.96
2011-01-02 00:00:00,,-13.975
2011-01-02 06:00:00,,-13.971
2011-01-02 12:00:00,,-13.983
2011-01-02 18:00:00,,-13.951
2011-01-03 00:00:00,,-13.971
2011-01-03 06:00:00,,-13.966
2011-01-03 12:00:00,,-13.977
2011-01-03 18:00:00,,-13.945
2011-01-04 00:00:00,,-13.962
2011-01-04 06:00:00,,-13.953
2011-01-04 12:00:00,,-13.966
2011-01-04 18:00:00,,-13.937
2011-01-05 00:00:00,,-13.956
2011-01-05 06:00:00,,-13.959
2011-01-05 12:00:00,,-13.969
2011-01-05 18:00:00,,-13.934
2011-01-06 00:00:00,,-13.951
2011-01-06 06:00:00,,-13.951
2011-01-06 12:00:00,,-13.962
2011-01-06 18:00:00,,-13.926
2011-01-07 00:00:00,,-13.935
2011-01-07 06:00:00,,-13.935
2011-01-07 12:00:00,,-13.939
2011-01-07 18:00:00,,-13.919
2011-01-08 00:00:00,,-13.936
2011-01-08 06:00:00,,-13.935
2011-01-08 12:00:00,,-13.94
2011-01-08 18:00:00,,-13.92
2011-01-09 00:00:00,,-13.936
2011-01-09 06:00:00,,-13.927
2011-01-09 12:00:00,,-13.94
2011-01-09 18:00:00,,-13.93
2011-01-10 00:00:00,,-13.935
2011-01-10 06:00:00,,-13.928
2011-01-10 12:00:00,,-13.928
2011-01-10 18:00:00,,-13.912
2011-01-11 00:00:00,,-13.922
2011-01-11 06:00:00,,-13.92
2011-01-11 12:00:00,,-13.92
2011-01-11 18:00:00,,-13.901
2011-01-12 00:00:00,,-13.912
2011-01-12 06:00:00,,-13.906
2011-01-12 12:00:00,,-13.907
2011-01-12 18:00:00,,-13.88
2011-01-13 00:00:00,,-13.889
2011-01-13 06:00:00,,-13.905
2011-01-13 12:00:00,,-13.924
2011-01-13 18:00:00,,-13.922
2011-01-14 00:00:00,,-13.942
2011-01-14 06:00:00,,-13.954
2011-01-14 12:00:00,,-13.963
2011-01-14 18:00:00,,-13.948
2011-01-15 00:00:00,,-13.957
2011-01-15 06:00:00,,-13.967
2011-01-15 12:00:00,,-13.97
2011-01-15 18:00:00,,-13.946
2011-01-16 00:00:00,,-13.962
2011-01-16 06:00:00,,-13.965
2011-01-16 12:00:00,,-13.967
2011-01-16 18:00:00,,-13.944
2011-01-17 00:00:00,,-13.962
2011-01-17 06:00:00,,-13.966
2011-01-17 12:00:00,,-13.975
2011-01-17 18:00:00,,-13.948
2011-01-18 00:00:00,,-13.966
2011-01-18 06:00:00,,-13.966
2011-01-18 12:00:00,,-13.979
2011-01-18 18:00:00,,-13.943
2011-01-19 00:00:00,,-13.961
2011-01-19 06:00:00,,-13.956
2011-01-19 12:00:00,,-13.973
2011-01-19 18:00:00,,-13.945
2011-01-20 00:00:00,,-13.961
2011-01-20 06:00:00,,-13.957
2011-01-20 12:00:00,,-13.975
2011-01-20 18:00:00,,-13.942
2011-01-21 00:00:00,,-13.965
2011-01-21 06:00:00,,-13.966
2011-01-21 12:00:00,,-13.981
2011-01-21 18:00:00,,-13.954
2011-01-22 00:00:00,,-13.977
2011-01-22 06:00:00,,-13.972
2011-01-22 12:00:00,,-13.986
2011-01-22 18:00:00,,-13.969
2011-01-23 00:00:00,,-13.983
2011-01-23 06:00:00,,-13.977
2011-01-23 12:00:00,,-13.986
2011-01-23 18:00:00,,-13.965
2011-01-24 00:00:00,,-13.975
2011-01-24 06:00:00,,-13.973
2011-01-24 12:00:00,,-13.978
2011-01-24 18:00:00,,-13.959
2011-01-25 00:00:00,,-13.97
2011-01-25 06:00:00,,-13.981
2011-01-25 12:00:00,,-13.991
2011-01-25 18:00:00,,-13.98
2011-01-26 00:00:00,,-13.992
2011-01-26 06:00:00,,-14.004
2011-01-26 12:00:00,,-14.012
2011-01-26 18:00:00,,-14
2011-01-27 00:00:00,,-14.009
2011-01-27 06:00:00,,-14.009
2011-01-27 12:00:00,,-14.005
2011-01-27 18:00:00,,-13.984
2011-01-28 00:00:00,,-13.991
2011-01-28 06:00:00,,-13.995
2011-01-28 12:00:00,,-14.005
2011-01-28 18:00:00,,-13.987
2011-01-29 00:00:00,,-13.997
2011-01-29 06:00:00,,-13.999
2011-01-29 12:00:00,,-14.007
2011-01-29 18:00:00,,-13.981
2011-01-30 00:00:00,,-13.992
2011-01-30 06:00:00,,-13.989
2011-01-30 12:00:00,,-13.993
2011-01-30 18:00:00,,-13.964
2011-01-31 00:00:00,,-13.991
2011-01-31 06:00:00,,-13.985
2011-01-31 12:00:00,,-13.995
2011-01-31 18:00:00,,-13.975
2011-02-01 00:00:00,,-13.984
2011-02-01 06:00:00,,-13.974
2011-02-01 12:00:00,,-13.99
2011-02-01 18:00:00,,-13.973
2011-02-02 00:00:00,,-13.987
2011-02-02 06:00:00,,-13.98
2011-02-02 12:00:00,,-13.995
2011-02-02 18:00:00,,-13.967
2011-02-03 00:00:00,,-13.994
2011-02-03 06:00:00,,-13.979
2011-02-03 12:00:00,,-13.991
2011-02-03 18:00:00,,-13.958
2011-02-04 00:00:00,,-13.967
2011-02-04 06:00:00,,-13.949
2011-02-04 12:00:00,,-13.957
2011-02-04 18:00:00,,-13.917
2011-02-05 00:00:00,,-13.93
2011-02-05 06:00:00,,-13.917
2011-02-05 12:00:00,,-13.929
2011-02-05 18:00:00,,-13.908
2011-02-06 00:00:00,,-13.926
2011-02-06 06:00:00,,-13.919
2011-02-06 12:00:00,,-13.936
2011-02-06 18:00:00,,-13.944
2011-02-07 00:00:00,,-13.973
2011-02-07 06:00:00,,-13.972
2011-02-07 12:00:00,,-13.992
2011-02-07 18:00:00,,-13.977
2011-02-08 00:00:00,,-13.998
2011-02-08 06:00:00,,-13.995
2011-02-08 12:00:00,,-14
2011-02-08 18:00:00,,-13.98
2011-02-09 00:00:00,,-13.998
2011-02-09 06:00:00,,-13.999
2011-02-09 12:00:00,,-14.009
2011-02-09 18:00:00,,-13.989
2011-02-10 00:00:00,,-14.006
2011-02-10 06:00:00,,-14.003
2011-02-10 12:00:00,,-14.005
2011-02-10 18:00:00,,-13.983
2011-02-11 00:00:00,,-14.009
2011-02-11 06:00:00,,-14.006
2011-02-11 12:00:00,,-14.008
2011-02-11 18:00:00,,-13.988
2011-02-12 00:00:00,,-14
2011-02-12 06:00:00,,-13.999
2011-02-12 12:00:00,,-14.002
2011-02-12 18:00:00,,-13.98
2011-02-13 00:00:00,,-13.992
2011-02-13 06:00:00,,-13.995
2011-02-13 12:00:00,,-14.002
2011-02-13 18:00:00,,-13.982
2011-02-14 00:00:00,,-13.995
2011-02-14 06:00:00,,-13.998
2011-02-14 12:00:00,,-14.005
2011-02-14 18:00:00,,-13.984
2011-02-15 00:00:00,,-13.997
2011-02-15 06:00:00,,-13.996
2011-02-15 12:00:00,,-14.006
2011-02-15 18:00:00,,-13.983
2011-02-16 00:00:00,,-13.996
2011-02-16 06:00:00,,-13.991
2011-02-16 12:00:00,,-14.009
2011-02-16 18:00:00,,-13.979
2011-02-17 00:00:00,,-13.994
2011-02-17 06:00:00,,-13.985
2011-02-17 12:00:00,,-13.996
2011-02-17 18:00:00,,-13.961
2011-02-18 00:00:00,,-13.982
2011-02-18 06:00:00,,-13.971
2011-02-18 12:00:00,,-13.986
2011-02-18 18:00:00,,-13.96
2011-02-19 00:00:00,,-13.981
2011-02-19 06:00:00,,-13.973
2011-02-19 12:00:00,,-13.995
2011-02-19 18:00:00,,-13.969
2011-02-20 00:00:00,,-13.993
2011-02-20 06:00:00,,-13.988
2011-02-20 12:00:00,,-14.005
2011-02-20 18:00:00,,-13.977
2011-02-21 00:00:00,,-14.003
2011-02-21 06:00:00,,-13.998
2011-02-21 12:00:00,,-14.012
2011-02-21 18:00:00,,-13.98
2011-02-22 00:00:00,,-13.999
2011-02-22 06:00:00,,-13.995
2011-02-22 12:00:00,,-14.005
2011-02-22 18:00:00,,-13.986
2011-02-23 00:00:00,,-14.004
2011-02-23 06:00:00,,-14.002
2011-02-23 12:00:00,,-14
2011-02-23 18:00:00,,-13.98
2011-02-24 00:00:00,,-13.992
2011-02-24 06:00:00,,-13.991
2011-02-24 12:00:00,,-13.99
2011-02-24 18:00:00,,-13.97
2011-02-25 00:00:00,,-13.98
2011-02-25 06:00:00,,-13.981
2011-02-25 12:00:00,,-13.987
2011-02-25 18:00:00,,-13.968
2011-02-26 00:00:00,,-13.975
2011-02-26 06:00:00,,-13.974
2011-02-26 12:00:00,,-13.979
2011-02-26 18:00:00,,-13.957
2011-02-27 00:00:00,,-13.971
2011-02-27 06:00:00,,-13.968
2011-02-27 12:00:00,,-13.977
2011-02-27 18:00:00,,-13.953
2011-02-28 00:00:00,,-13.968
2011-02-28 06:00:00,,-13.968
2011-02-28 12:00:00,,-13.971
2011-02-28 18:00:00,,-13.948
2011-03-01 00:00:00,,-13.962
2011-03-01 06:00:00,,-13.961
2011-03-01 12:00:00,,-13.975
2011-03-01 18:00:00,,-13.951
2011-03-02 00:00:00,,-13.974
2011-03-02 06:00:00,,-13.966
2011-03-02 12:00:00,,-13.976
2011-03-02 18:00:00,,-13.948
2011-03-03 00:00:00,,-13.964
2011-03-03 06:00:00,,-13.955
2011-03-03 12:00:00,,-13.964
2011-03-03 18:00:00,,-13.938
2011-03-04 00:00:00,,-13.956
2011-03-04 06:00:00,,-13.943
2011-03-04 12:00:00,,-13.962
2011-03-04 18:00:00,,-13.945
2011-03-05 00:00:00,,-13.977
2011-03-05 06:00:00,,-13.97
2011-03-05 12:00:00,,-13.989
2011-03-05 18:00:00,,-13.965
2011-03-06 00:00:00,,-13.991
2011-03-06 06:00:00,,-13.983
2011-03-06 12:00:00,,-13.998
2011-03-06 18:00:00,,-13.967
2011-03-07 00:00:00,,-13.979
2011-03-07 06:00:00,,-13.971
2011-03-07 12:00:00,,-13.986
2011-03-07 18:00:00,,-13.959
2011-03-08 00:00:00,,-13.975
2011-03-08 06:00:00,,-13.965
2011-03-08 12:00:00,,-13.98
2011-03-08 18:00:00,,-13.956
2011-03-09 00:00:00,,-13.973
2011-03-09 06:00:00,,-13.966
2011-03-09 12:00:00,,-13.977
2011-03-09 18:00:00,,-13.961
2011-03-10 00:00:00,,-13.971
2011-03-10 06:00:00,,-13.967
2011-03-10 12:00:00,,-13.972
2011-03-10 18:00:00,,-13.955
2011-03-11 00:00:00,,-13.967
2011-03-11 06:00:00,,-13.959
2011-03-11 12:00:00,,-13.959
2011-03-11 18:00:00,,-13.942
2011-03-12 00:00:00,,-13.957
2011-03-12 06:00:00,,-13.959
2011-03-12 12:00:00,,-13.963
2011-03-12 18:00:00,,-13.951
2011-03-13 00:00:00,,-13.968
2011-03-13 06:00:00,,-13.966
2011-03-13 12:00:00,,-13.969
2011-03-13 18:00:00,,-13.956
2011-03-14 00:00:00,,-13.969
2011-03-14 06:00:00,,-13.967
2011-03-14 12:00:00,,-13.975
2011-03-14 18:00:00,,-13.964
2011-03-15 00:00:00,,-13.983
2011-03-15 06:00:00,,-13.986
2011-03-15 12:00:00,,-13.996
2011-03-15 18:00:00,,-13.976
2011-03-16 00:00:00,,-13.992
2011-03-16 06:00:00,,-13.989
2011-03-16 12:00:00,,-14
2011-03-16 18:00:00,,-13.976
2011-03-17 00:00:00,,-14
2011-03-17 06:00:00,,-14.001
2011-03-17 12:00:00,,-14.014
2011-03-17 18:00:00,,-13.993
2011-03-18 00:00:00,,-14.011
2011-03-18 06:00:00,,-14.001
2011-03-18 12:00:00,,-14.012
2011-03-18 18:00:00,,-13.978
2011-03-19 00:00:00,,-13.997
2011-03-19 06:00:00,,-13.985
2011-03-19 12:00:00,,-13.996
2011-03-19 18:00:00,,-13.964
2011-03-20 00:00:00,,-13.978
2011-03-20 06:00:00,,-13.968
2011-03-20 12:00:00,,-13.987
2011-03-20 18:00:00,,-13.958
2011-03-21 00:00:00,,-13.987
2011-03-21 06:00:00,,-13.981
2011-03-21 12:00:00,,-14.002
2011-03-21 18:00:00,,-13.977
2011-03-22 00:00:00,,-13.999
2011-03-22 06:00:00,,-13.994
2011-03-22 12:00:00,,-14.012
2011-03-22 18:00:00,,-13.993
2011-03-23 00:00:00,,-14.013
2011-03-23 06:00:00,,-14.007
2011-03-23 12:00:00,,-14.015
2011-03-23 18:00:00,,-13.999
2011-03-24 00:00:00,,-14.017
2011-03-24 06:00:00,,-14.024
2011-03-24 12:00:00,,-14.028
2011-03-24 18:00:00,,-14.015
2011-03-25 00:00:00,,-14.032
2011-03-25 06:00:00,,-14.037
2011-03-25 12:00:00,,-14.044
2011-03-25 18:00:00,,-14.031
2011-03-26 00:00:00,,-14.043
2011-03-26 06:00:00,,-14.043
2011-03-26 12:00:00,,-14.044
2011-03-26 18:00:00,,-14.029
2011-03-27 00:00:00,,-14.041
2011-03-27 06:00:00,,-14.04
2011-03-27 12:00:00,,-14.036
2011-03-27 18:00:00,,-14.018
2011-03-28 00:00:00,,-14.031
2011-03-28 06:00:00,,-14.027
2011-03-28 12:00:00,,-14.029
2011-03-28 18:00:00,,-14.014
2011-03-29 00:00:00,,-14.025
2011-03-29 06:00:00,,-14.018
2011-03-29 12:00:00,,-14.023
2011-03-29 18:00:00,,-14.007
2011-03-30 00:00:00,,-14.023
2011-03-30 06:00:00,,-14.02
2011-03-30 12:00:00,,-14.029
2011-03-30 18:00:00,,-14.008
2011-03-31 00:00:00,,-14.03
2011-03-31 06:00:00,,-14.028
2011-03-31 12:00:00,,-14.036
2011-03-31 18:00:00,,-14.016
2011-04-01 00:00:00,,-14.034
2011-04-01 06:00:00,,-14.026
2011-04-01 12:00:00,,-14.04
2011-04-01 18:00:00,,-14.021
2011-04-02 00:00:00,,-14.039
2011-04-02 06:00:00,,-14.033
2011-04-02 12:00:00,,-14.045
2011-04-02 18:00:00,,-14.024
2011-04-03 00:00:00,,-14.042
2011-04-03 06:00:00,,-14.033
2011-04-03 12:00:00,,-14.048
2011-04-03 18:00:00,,-14.031
2011-04-04 00:00:00,,-14.048
2011-04-04 06:00:00,,-14.041
2011-04-04 12:00:00,,-14.053
2011-04-04 18:00:00,,-14.036
2011-04-05 00:00:00,,-14.051
2011-04-05 06:00:00,,-14.037
2011-04-05 12:00:00,,-14.048
2011-04-05 18:00:00,,-14.032
2011-04-06 00:00:00,,-14.047
2011-04-06 06:00:00,,-14.034
2011-04-06 12:00:00,,-14.043
2011-04-06 18:00:00,,-14.025
2011-04-07 00:00:00,,-14.04
2011-04-07 06:00:00,,-14.031
2011-04-07 12:00:00,,-14.033
2011-04-07 18:00:00,,-14.015
2011-04-08 00:00:00,,-14.031
2011-04-08 06:00:00,,-14.024
2011-04-08 12:00:00,,-14.034
2011-04-08 18:00:00,,-14.019
2011-04-09 00:00:00,,-14.035
2011-04-09 06:00:00,,-14.032
2011-04-09 12:00:00,,-14.036
2011-04-09 18:00:00,,-14.022
2011-04-10 00:00:00,,-14.036
2011-04-10 06:00:00,,-14.037
2011-04-10 12:00:00,,-14.042
2011-04-10 18:00:00,,-14.024
2011-04-11 00:00:00,,-14.037
2011-04-11 06:00:00,,-14.035
2011-04-11 12:00:00,,-14.029
2011-04-11 18:00:00,,-14.008
2011-04-12 00:00:00,,-14.025
2011-04-12 06:00:00,,-14.027
2011-04-12 12:00:00,,-14.027
2011-04-12 18:00:00,,-14.01
2011-04-13 00:00:00,,-14.019
2011-04-13 06:00:00,,-14.021
2011-04-13 12:00:00,,-14.019
2011-04-13 18:00:00,,-13.997
2011-04-14 00:00:00,,-14.003
2011-04-14 06:00:00,,-13.994
2011-04-14 12:00:00,,-13.994
2011-04-14 18:00:00,,-13.973
2011-04-15 00:00:00,,-13.984
2011-04-15 06:00:00,,-13.995
2011-04-15 12:00:00,,-14.013
2011-04-15 18:00:00,,-13.997
2011-04-16 00:00:00,,-14.027
2011-04-16 06:00:00,,-14.026
2011-04-16 12:00:00,,-14.042
2011-04-16 18:00:00,,-14.025
2011-04-17 00:00:00,,-14.05
2011-04-17 06:00:00,,-14.039
2011-04-17 12:00:00,,-14.052
2011-04-17 18:00:00,,-14.027
2011-04-18 00:00:00,,-14.046
2011-04-18 06:00:00,,-14.03
2011-04-18 12:00:00,,-14.037
2011-04-18 18:00:00,,-14.007
2011-04-19 00:00:00,,-14.033
2011-04-19 06:00:00,,-14.022
2011-04-19 12:00:00,,-14.031
2011-04-19 18:00:00,,-14.016
2011-04-20 00:00:00,,-14.037
2011-04-20 06:00:00,,-14.029
2011-04-20 12:00:00,,-14.036
2011-04-20 18:00:00,,-14.016
2011-04-21 00:00:00,,-14.035
2011-04-21 06:00:00,,-14.029
2011-04-21 12:00:00,,-14.034
2011-04-21 18:00:00,,-14.015
2011-04-22 00:00:00,,-14.036
2011-04-22 06:00:00,,-14.03
2011-04-22 12:00:00,,-14.037
2011-04-22 18:00:00,,-14.022
2011-04-23 00:00:00,,-14.04
2011-04-23 06:00:00,,-14.042
2011-04-23 12:00:00,,-14.044
2011-04-23 18:00:00,,-14.024
2011-04-24 00:00:00,,-14.037
2011-04-24 06:00:00,,-14.042
2011-04-24 12:00:00,,-14.043
2011-04-24 18:00:00,,-14.028
2011-04-25 00:00:00,,-14.037
2011-04-25 06:00:00,,-14.041
2011-04-25 12:00:00,,-14.041
2011-04-25 18:00:00,,-14.024
2011-04-26 00:00:00,,-14.034
2011-04-26 06:00:00,,-14.034
2011-04-26 12:00:00,,-14.034
2011-04-26 18:00:00,,-14.019
2011-04-27 00:00:00,,-14.026
2011-04-27 06:00:00,,-14.025
2011-04-27 12:00:00,,-14.028
2011-04-27 18:00:00,,-14.011
2011-04-28 00:00:00,,-14.024
2011-04-28 06:00:00,,-14.024
2011-04-28 12:00:00,,-14.026
2011-04-28 18:00:00,,-14.006
2011-04-29 00:00:00,,-14.02
2011-04-29 06:00:00,,-14.02
2011-04-29 12:00:00,,-14.028
2011-04-29 18:00:00,,-14.008
2011-04-30 00:00:00,,-14.019
2011-04-30 06:00:00,,-14.012
2011-04-30 12:00:00,,-14.021
2011-04-30 18:00:00,,-13.999
2011-05-01 00:00:00,,-14.011
2011-05-01 06:00:00,,-14.001
2011-05-01 12:00:00,,-14.008
2011-05-01 18:00:00,,-13.984
2011-05-02 00:00:00,,-14.001
2011-05-02 06:00:00,,-13.997
2011-05-02 12:00:00,,-14.011
2011-05-02 18:00:00,,-13.991
2011-05-03 00:00:00,,-14.019
2011-05-03 06:00:00,,-14.012
2011-05-03 12:00:00,,-14.032
2011-05-03 18:00:00,,-14.013
2011-05-04 00:00:00,,-14.045
2011-05-04 06:00:00,,-14.039
2011-05-04 12:00:00,,-14.051
2011-05-04 18:00:00,,-14.029
2011-05-05 00:00:00,,-14.051
2011-05-05 06:00:00,,-14.042
2011-05-05 12:00:00,,-14.05
2011-05-05 18:00:00,,-14.028
2011-05-06 00:00:00,,-14.044
2011-05-06 06:00:00,,-14.037
2011-05-06 12:00:00,,-14.037
2011-05-06 18:00:00,,-14.015
2011-05-07 00:00:00,,-14.032
2011-05-07 06:00:00,,-14.019
2011-05-07 12:00:00,,-14.025
2011-05-07 18:00:00,,-14.009
2011-05-08 00:00:00,,-14.023
2011-05-08 06:00:00,,-14.018
2011-05-08 12:00:00,,-14.027
2011-05-08 18:00:00,,-14.017
2011-05-09 00:00:00,,-14.029
2011-05-09 06:00:00,,-14.032
2011-05-09 12:00:00,,-14.039
2011-05-09 18:00:00,,-14.031
2011-05-10 00:00:00,,-14.048
2011-05-10 06:00:00,,-14.056
2011-05-10 12:00:00,,-14.057
2011-05-10 18:00:00,,-14.042
2011-05-11 00:00:00,,-14.052
2011-05-11 06:00:00,,-14.055
2011-05-11 12:00:00,,-14.058
2011-05-11 18:00:00,,-14.044
2011-05-12 00:00:00,,-14.056
2011-05-12 06:00:00,,-14.062
2011-05-12 12:00:00,,-14.061
2011-05-12 18:00:00,,-14.042
2011-05-13 00:00:00,,-14.05
2011-05-13 06:00:00,,-14.044
2011-05-13 12:00:00,,-14.051
2011-05-13 18:00:00,,-14.03
2011-05-14 00:00:00,,-14.045
2011-05-14 06:00:00,,-14.044
2011-05-14 12:00:00,,-14.055
2011-05-14 18:00:00,,-14.042
2011-05-15 00:00:00,,-14.058
2011-05-15 06:00:00,,-14.054
2011-05-15 12:00:00,,-14.069
2011-05-15 18:00:00,,-14.053
2011-05-16 00:00:00,,-14.074
2011-05-16 06:00:00,,-14.061
2011-05-16 12:00:00,,-14.069
2011-05-16 18:00:00,,-14.044
2011-05-17 00:00:00,,-14.061
2011-05-17 06:00:00,,-14.045
2011-05-17 12:00:00,,-14.049
2011-05-17 18:00:00,,-14.029
2011-05-18 00:00:00,,-14.045
2011-05-18 06:00:00,,-14.033
2011-05-18 12:00:00,,-14.042
2011-05-18 18:00:00,,-14.021
2011-05-19 00:00:00,,-14.039
2011-05-19 06:00:00,,-14.033
2011-05-19 12:00:00,,-14.042
2011-05-19 18:00:00,,-14.023
2011-05-20 00:00:00,,-14.038
2011-05-20 06:00:00,,-14.024
2011-05-20 12:00:00,,-14.027
2011-05-20 18:00:00,,-14.006
2011-05-21 00:00:00,,-14.019
2011-05-21 06:00:00,,-14.011
2011-05-21 12:00:00,,-14.016
2011-05-21 18:00:00,,-13.994
2011-05-22 00:00:00,,-14.004
2011-05-22 06:00:00,,-14.002
2011-05-22 12:00:00,,-14.004
2011-05-22 18:00:00,,-13.994
2011-05-23 00:00:00,,-14.01
2011-05-23 06:00:00,,-14.018
2011-05-23 12:00:00,,-14.028
2011-05-23 18:00:00,,-14.019
2011-05-24 00:00:00,,-14.03
2011-05-24 06:00:00,,-14.031
2011-05-24 12:00:00,,-14.03
2011-05-24 18:00:00,,-14.018
2011-05-25 00:00:00,,-14.032
2011-05-25 06:00:00,,-14.036
2011-05-25 12:00:00,,-14.036
2011-05-25 18:00:00,,-14.018
2011-05-26 00:00:00,,-14.032
2011-05-26 06:00:00,,-14.034
2011-05-26 12:00:00,,-14.036
2011-05-26 18:00:00,,-14.03
2011-05-27 00:00:00,,-14.035
2011-05-27 06:00:00,,-14.031
2011-05-27 12:00:00,,-14.036
2011-05-27 18:00:00,,-14.018
2011-05-28 00:00:00,,-14.032
2011-05-28 06:00:00,,-14.027
2011-05-28 12:00:00,,-14.033
2011-05-28 18:00:00,,-14.019
2011-05-29 00:00:00,,-14.038
2011-05-29 06:00:00,,-14.037
2011-05-29 12:00:00,,-14.048
2011-05-29 18:00:00,,-14.031
2011-05-30 00:00:00,,-14.052
2011-05-30 06:00:00,,-14.045
2011-05-30 12:00:00,,-14.053
2011-05-30 18:00:00,,-14.026
2011-05-31 00:00:00,,-14.042
2011-05-31 06:00:00,,-14.037
2011-05-31 12:00:00,,-14.042
2011-05-31 18:00:00,,-14.017
2011-06-01 00:00:00,,-14.036
2011-06-01 06:00:00,,-14.03
2011-06-01 12:00:00,,-14.046
2011-06-01 18:00:00,,-14.023
2011-06-02 00:00:00,,-14.041
2011-06-02 06:00:00,,-14.033
2011-06-02 12:00:00,,-14.045
2011-06-02 18:00:00,,-14.021
2011-06-03 00:00:00,,-14.034
2011-06-03 06:00:00,,-14.027
2011-06-03 12:00:00,,-14.036
2011-06-03 18:00:00,,-14.011
2011-06-04 00:00:00,,-14.021
2011-06-04 06:00:00,,-14.012
2011-06-04 12:00:00,,-14.022
2011-06-04 18:00:00,,-14.002
2011-06-05 00:00:00,,-14.01
2011-06-05 06:00:00,,-14.01
2011-06-05 12:00:00,,-14.012
2011-06-05 18:00:00,,-13.996
2011-06-06 00:00:00,,-14.008
2011-06-06 06:00:00,,-14.004
2011-06-06 12:00:00,,-14.012
2011-06-06 18:00:00,,-13.995
2011-06-07 00:00:00,,-14
2011-06-07 06:00:00,,-14.003
2011-06-07 12:00:00,,-14.008
2011-06-07 18:00:00,,-13.998
2011-06-08 00:00:00,,-14.006
2011-06-08 06:00:00,,-14.01
2011-06-08 12:00:00,,-14.022
2011-06-08 18:00:00,,-14.017
2011-06-09 00:00:00,,-14.018
2011-06-09 06:00:00,,-14.018
2011-06-09 12:00:00,,-14.024
2011-06-09 18:00:00,,-14.02
2011-06-10 00:00:00,,-14.028
2011-06-10 06:00:00,,-14.033
2011-06-10 12:00:00,,-14.034
2011-06-10 18:00:00,,-14.026
2011-06-11 00:00:00,,-14.038
2011-06-11 06:00:00,,-14.038
2011-06-11 12:00:00,,-14.045
2011-06-11 18:00:00,,-14.037
2011-06-12 00:00:00,,-14.047
2011-06-12 06:00:00,,-14.046
2011-06-12 12:00:00,,-14.054
2011-06-12 18:00:00,,-14.039
2011-06-13 00:00:00,,-14.052
2011-06-13 06:00:00,,-14.043
2011-06-13 12:00:00,,-14.051
2011-06-13 18:00:00,,-14.035
2011-06-14 00:00:00,,-14.051
2011-06-14 06:00:00,,-14.04
2011-06-14 12:00:00,,-14.056
2011-06-14 18:00:00,,-14.036
2011-06-15 00:00:00,,-14.055
2011-06-15 06:00:00,,-14.046
2011-06-15 12:00:00,,-14.058
2011-06-15 18:00:00,,-14.037
2011-06-16 00:00:00,,-14.048
2011-06-16 06:00:00,,-14.046
2011-06-16 12:00:00,,-14.058
2011-06-16 18:00:00,,-14.034
2011-06-17 00:00:00,,-14.047
2011-06-17 06:00:00,,-14.037
2011-06-17 12:00:00,,-14.049
2011-06-17 18:00:00,,-14.029
2011-06-18 00:00:00,,-14.047
2011-06-18 06:00:00,,-14.038
2011-06-18 12:00:00,,-14.047
2011-06-18 18:00:00,,-14.017
2011-06-19 00:00:00,,-14.028
2011-06-19 06:00:00,,-14.022
2011-06-19 12:00:00,,-14.026
2011-06-19 18:00:00,,-14.005
2011-06-20 00:00:00,,-14.019
2011-06-20 06:00:00,,-14.017
2011-06-20 12:00:00,,-14.023
2011-06-20 18:00:00,,-14.005
2011-06-21 00:00:00,,-14.014
2011-06-21 06:00:00,,-14.018
2011-06-21 12:00:00,,-14.024
2011-06-21 18:00:00,,-14.011
2011-06-22 00:00:00,,-14.023
2011-06-22 06:00:00,,-14.031
2011-06-22 12:00:00,,-14.038
2011-06-22 18:00:00,,-14.021
2011-06-23 00:00:00,,-14.03
2011-06-23 06:00:00,,-14.033
2011-06-23 12:00:00,,-14.038
2011-06-23 18:00:00,,-14.023
2011-06-24 00:00:00,,-14.029
2011-06-24 06:00:00,,-14.031
2011-06-24 12:00:00,,-14.038
2011-06-24 18:00:00,,-14.022
2011-06-25 00:00:00,,-14.032
2011-06-25 06:00:00,,-14.035
2011-06-25 12:00:00,,-14.042
2011-06-25 18:00:00,,-14.024
2011-06-26 00:00:00,,-14.032
2011-06-26 06:00:00,,-14.03
2011-06-26 12:00:00,,-14.034
2011-06-26 18:00:00,,-14.015
2011-06-27 00:00:00,,-14.026
2011-06-27 06:00:00,,-14.022
2011-06-27 12:00:00,,-14.029
2011-06-27 18:00:00,,-14.01
2011-06-28 00:00:00,,-14.028
2011-06-28 06:00:00,,-14.019
2011-06-28 12:00:00,,-14.028
2011-06-28 18:00:00,,-14.009
2011-06-29 00:00:00,,-14.024
2011-06-29 06:00:00,,-14.019
2011-06-29 12:00:00,,-14.033
2011-06-29 18:00:00,,-14.017
2011-06-30 00:00:00,,-14.037
2011-06-30 06:00:00,,-14.034
2011-06-30 12:00:00,,-14.044
2011-06-30 18:00:00,,-14.019
2011-07-01 00:00:00,,-14.032
2011-07-01 06:00:00,,-14.019
2011-07-01 12:00:00,,-14.03
2011-07-01 18:00:00,,-14.005
2011-07-02 00:00:00,,-14.019
2011-07-02 06:00:00,,-13.999
2011-07-02 12:00:00,,-14.004
2011-07-02 18:00:00,,-13.982
2011-07-03 00:00:00,,-13.997
2011-07-03 06:00:00,,-13.985
2011-07-03 12:00:00,,-13.998
2011-07-03 18:00:00,,-13.984
2011-07-04 00:00:00,,-14.007
2011-07-04 06:00:00,,-14.012
2011-07-04 12:00:00,,-14.026
2011-07-04 18:00:00,,-14.011
2011-07-05 00:00:00,,-14.037
2011-07-05 06:00:00,,-14.039
2011-07-05 12:00:00,,-14.046
2011-07-05 18:00:00,,-14.022
2011-07-06 00:00:00,,-14.03
2011-07-06 06:00:00,,-14.025
2011-07-06 12:00:00,,-14.023
2011-07-06 18:00:00,,-14.008
2011-07-07 00:00:00,,-14.026
2011-07-07 06:00:00,,-14.038
2011-07-07 12:00:00,,-14.05
2011-07-07 18:00:00,,-14.041
2011-07-08 00:00:00,,-14.057
2011-07-08 06:00:00,,-14.067
2011-07-08 12:00:00,,-14.075
2011-07-08 18:00:00,,-14.057
2011-07-09 00:00:00,,-14.063
2011-07-09 06:00:00,,-14.069
2011-07-09 12:00:00,,-14.065
2011-07-09 18:00:00,,-14.045
2011-07-10 00:00:00,,-14.054
2011-07-10 06:00:00,,-14.046
2011-07-10 12:00:00,,-14.052
2011-07-10 18:00:00,,-14.032
2011-07-11 00:00:00,,-14.045
2011-07-11 06:00:00,,-14.046
2011-07-11 12:00:00,,-14.052
2011-07-11 18:00:00,,-14.033
2011-07-12 00:00:00,,-14.043
2011-07-12 06:00:00,,-14.031
2011-07-12 12:00:00,,-14.036
2011-07-12 18:00:00,,-14.013
2011-07-13 00:00:00,,-14.026
2011-07-13 06:00:00,,-14.01
2011-07-13 12:00:00,,-14.02
2011-07-13 18:00:00,,-14.006
2011-07-14 00:00:00,,-14.024
2011-07-14 06:00:00,,-14.014
2011-07-14 12:00:00,,-14.029
2011-07-14 18:00:00,,-14.017
2011-07-15 00:00:00,,-14.042
2011-07-15 06:00:00,,-14.03
2011-07-15 12:00:00,,-14.045
2011-07-15 18:00:00,,-14.019
2011-07-16 00:00:00,,-14.036
2011-07-16 06:00:00,,-14.024
2011-07-16 12:00:00,,-14.032
2011-07-16 18:00:00,,-14.008
2011-07-17 00:00:00,,-14.024
2011-07-17 06:00:00,,-14.021
2011-07-17 12:00:00,,-14.031
2011-07-17 18:00:00,,-14.009
2011-07-18 00:00:00,,-14.026
2011-07-18 06:00:00,,-14.027
2011-07-18 12:00:00,,-14.036
2011-07-18 18:00:00,,-14.015
2011-07-19 00:00:00,,-14.034
2011-07-19 06:00:00,,-14.031
2011-07-19 12:00:00,,-14.037
2011-07-19 18:00:00,,-14.014
2011-07-20 00:00:00,,-14.03
2011-07-20 06:00:00,,-14.03
2011-07-20 12:00:00,,-14.033
2011-07-20 18:00:00,,-14.009
2011-07-21 00:00:00,,-14.021
2011-07-21 06:00:00,,-14.026
2011-07-21 12:00:00,,-14.033
2011-07-21 18:00:00,,-14.011
2011-07-22 00:00:00,,-14.017
2011-07-22 06:00:00,,-14.023
2011-07-22 12:00:00,,-14.024
2011-07-22 18:00:00,,-14.004
2011-07-23 00:00:00,,-14.012
2011-07-23 06:00:00,,-14.019
2011-07-23 12:00:00,,-14.025
2011-07-23 18:00:00,,-14.007
2011-07-24 00:00:00,,-14.016
2011-07-24 06:00:00,,-14.02
2011-07-24 12:00:00,,-14.024
2011-07-24 18:00:00,,-14.011
2011-07-25 00:00:00,,-14.02
2011-07-25 06:00:00,,-14.02
2011-07-25 12:00:00,,-14.027
2011-07-25 18:00:00,,-14.01
2011-07-26 00:00:00,,-14.024
2011-07-26 06:00:00,,-14.025
2011-07-26 12:00:00,,-14.035
2011-07-26 18:00:00,,-14.02
2011-07-27 00:00:00,,-14.032
2011-07-27 06:00:00,,-14.032
2011-07-27 12:00:00,,-14.046
2011-07-27 18:00:00,,-14.024
2011-07-28 00:00:00,,-14.035
2011-07-28 06:00:00,,-14.027
2011-07-28 12:00:00,,-14.037
2011-07-28 18:00:00,,-14.009
2011-07-29 00:00:00,,-14.019
2011-07-29 06:00:00,,-14.009
2011-07-29 12:00:00,,-14.024
2011-07-29 18:00:00,,-13.999
2011-07-30 00:00:00,,-14.011
2011-07-30 06:00:00,,-14.001
2011-07-30 12:00:00,,-14.016
2011-07-30 18:00:00,,-13.992
2011-07-31 00:00:00,,-14.011
2011-07-31 06:00:00,,-14.002
2011-07-31 12:00:00,,-14.02
2011-07-31 18:00:00,,-13.999
2011-08-01 00:00:00,,-14.021
2011-08-01 06:00:00,,-14.015
2011-08-01 12:00:00,,-14.029
2011-08-01 18:00:00,,-14.005
2011-08-02 00:00:00,,-14.024
2011-08-02 06:00:00,,-14.022
2011-08-02 12:00:00,,-14.036
2011-08-02 18:00:00,,-14.01
2011-08-03 00:00:00,,-14.021
2011-08-03 06:00:00,,-14.02
2011-08-03 12:00:00,,-14.028
2011-08-03 18:00:00,,-14.003
2011-08-04 00:00:00,,-14.008
2011-08-04 06:00:00,,-14.007
2011-08-04 12:00:00,,-14.016
2011-08-04 18:00:00,,-13.995
2011-08-05 00:00:00,,-14.003
2011-08-05 06:00:00,,-14.002
2011-08-05 12:00:00,,-14.008
2011-08-05 18:00:00,,-13.998
2011-08-06 00:00:00,,-14.004
2011-08-06 06:00:00,,-14.011
2011-08-06 12:00:00,,-14.017
2011-08-06 18:00:00,,-14.005
2011-08-07 00:00:00,,-14.008
2011-08-07 06:00:00,,-14.014
2011-08-07 12:00:00,,-14.023
2011-08-07 18:00:00,,-14.009
2011-08-08 00:00:00,,-14.013
2011-08-08 06:00:00,,-14.012
2011-08-08 12:00:00,,-14.019
2011-08-08 18:00:00,,-13.999
2011-08-09 00:00:00,,-14.002
2011-08-09 06:00:00,,-13.993
2011-08-09 12:00:00,,-13.995
2011-08-09 18:00:00,,-13.967
2011-08-10 00:00:00,,-13.978
2011-08-10 06:00:00,,-13.975
2011-08-10 12:00:00,,-13.993
2011-08-10 18:00:00,,-13.975
2011-08-11 00:00:00,,-13.998
2011-08-11 06:00:00,,-13.996
2011-08-11 12:00:00,,-14.011
2011-08-11 18:00:00,,-13.992
2011-08-12 00:00:00,,-14.011
2011-08-12 06:00:00,,-14.004
2011-08-12 12:00:00,,-14.019
2011-08-12 18:00:00,,-13.992
2011-08-13 00:00:00,,-14.013
2011-08-13 06:00:00,,-14.014
2011-08-13 12:00:00,,-14.027
2011-08-13 18:00:00,,-14.005
2011-08-14 00:00:00,,-14.029
2011-08-14 06:00:00,,-14.03
2011-08-14 12:00:00,,-14.044
2011-08-14 18:00:00,,-14.013
2011-08-15 00:00:00,,-14.033
2011-08-15 06:00:00,,-14.027
2011-08-15 12:00:00,,-14.034
2011-08-15 18:00:00,,-13.998
2011-08-16 00:00:00,,-14.007
2011-08-16 06:00:00,,-13.993
2011-08-16 12:00:00,,-13.995
2011-08-16 18:00:00,,-13.961
2011-08-17 00:00:00,,-13.977
2011-08-17 06:00:00,,-13.988
2011-08-17 12:00:00,,-14.018
2011-08-17 18:00:00,,-14.007
2011-08-18 00:00:00,,-14.032
2011-08-18 06:00:00,,-14.036
2011-08-18 12:00:00,,-14.056
2011-08-18 18:00:00,,-14.037
2011-08-19 00:00:00,,-14.051
2011-08-19 06:00:00,,-14.052
2011-08-19 12:00:00,,-14.06
2011-08-19 18:00:00,,-14.039
2011-08-20 00:00:00,,-14.051
2011-08-20 06:00:00,,-14.057
2011-08-20 12:00:00,,-14.063
2011-08-20 18:00:00,,-14.041
2011-08-21 00:00:00,,-14.052
2011-08-21 06:00:00,,-14.056
2011-08-21 12:00:00,,-14.064
2011-08-21 18:00:00,,-14.047
2011-08-22 00:00:00,,-14.056
2011-08-22 06:00:00,,-14.062
2011-08-22 12:00:00,,-14.068
2011-08-22 18:00:00,,-14.052
2011-08-23 00:00:00,,-14.059
2011-08-23 06:00:00,,-14.059
2011-08-23 12:00:00,,-14.061
2011-08-23 18:00:00,,-14.042
2011-08-24 00:00:00,,-14.048
2011-08-24 06:00:00,,-14.047
2011-08-24 12:00:00,,-14.053
2011-08-24 18:00:00,,-14.027
2011-08-25 00:00:00,,-14.033
2011-08-25 06:00:00,,-14.03
2011-08-25 12:00:00,,-14.036
2011-08-25 18:00:00,,-14.014
2011-08-26 00:00:00,,-14.023
2011-08-26 06:00:00,,-14.016
2011-08-26 12:00:00,,-14.027
2011-08-26 18:00:00,,-14.003
2011-08-27 00:00:00,,-14.026
2011-08-27 06:00:00,,-14.018
2011-08-27 12:00:00,,-14.035
2011-08-27 18:00:00,,-14.009
2011-08-28 00:00:00,,-14.032
2011-08-28 06:00:00,,-14.024
2011-08-28 12:00:00,,-14.04
2011-08-28 18:00:00,,-14.005
2011-08-29 00:00:00,,-14.025
2011-08-29 06:00:00,,-14.019
2011-08-29 12:00:00,,-14.037
2011-08-29 18:00:00,,-14.009
2011-08-30 00:00:00,,-14.027
2011-08-30 06:00:00,,-14.016
2011-08-30 12:00:00,,-14.036
2011-08-30 18:00:00,,-14.008
2011-08-31 00:00:00,,-14.021
2011-08-31 06:00:00,,-14.018
2011-08-31 12:00:00,,-14.032
2011-08-31 18:00:00,,-14
2011-09-01 00:00:00,,-14.019
2011-09-01 06:00:00,,-14.015
2011-09-01 12:00:00,,-14.022
2011-09-01 18:00:00,,-13.995
2011-09-02 00:00:00,,-14.013
2011-09-02 06:00:00,,-14.011
2011-09-02 12:00:00,,-14.017
2011-09-02 18:00:00,,-13.995
2011-09-03 00:00:00,,-14
2011-09-03 06:00:00,,-14.001
2011-09-03 12:00:00,,-14.004
2011-09-03 18:00:00,,-13.991
2011-09-04 00:00:00,,-14.001
2011-09-04 06:00:00,,-14.003
2011-09-04 12:00:00,,-14.014
2011-09-04 18:00:00,,-13.999
2011-09-05 00:00:00,,-14.011
2011-09-05 06:00:00,,-14.017
2011-09-05 12:00:00,,-14.023
2011-09-05 18:00:00,,-14.006
2011-09-06 00:00:00,,-14.009
2011-09-06 06:00:00,,-14.008
2011-09-06 12:00:00,,-14.014
2011-09-06 18:00:00,,-13.996
2011-09-07 00:00:00,,-14.003
2011-09-07 06:00:00,,-14.002
2011-09-07 12:00:00,,-14.005
2011-09-07 18:00:00,,-13.99
2011-09-08 00:00:00,,-13.994
2011-09-08 06:00:00,,-13.997
2011-09-08 12:00:00,,-14.022
2011-09-08 18:00:00,,-14.014
2011-09-09 00:00:00,,-14.042
2011-09-09 06:00:00,,-14.043
2011-09-09 12:00:00,,-14.061
2011-09-09 18:00:00,,-14.043
2011-09-10 00:00:00,,-14.068
2011-09-10 06:00:00,,-14.064
2011-09-10 12:00:00,,-14.074
2011-09-10 18:00:00,,-14.044
2011-09-11 00:00:00,,-14.061
2011-09-11 06:00:00,,-14.05
2011-09-11 12:00:00,,-14.059
2011-09-11 18:00:00,,-14.031
2011-09-12 00:00:00,,-14.054
2011-09-12 06:00:00,,-14.048
2011-09-12 12:00:00,,-14.069
2011-09-12 18:00:00,,-14.039
2011-09-13 00:00:00,,-14.061
2011-09-13 06:00:00,,-14.05
2011-09-13 12:00:00,,-14.064
2011-09-13 18:00:00,,-14.034
2011-09-14 00:00:00,,-14.049
2011-09-14 06:00:00,,-14.044
2011-09-14 12:00:00,,-14.056
2011-09-14 18:00:00,,-14.026
2011-09-15 00:00:00,,-14.041
2011-09-15 06:00:00,,-14.034
2011-09-15 12:00:00,,-14.044
2011-09-15 18:00:00,,-14.011
2011-09-16 00:00:00,,-14.022
2011-09-16 06:00:00,,-14.019
2011-09-16 12:00:00,,-14.025
2011-09-16 18:00:00,,-13.992
2011-09-17 00:00:00,,-14.001
2011-09-17 06:00:00,,-13.997
2011-09-17 12:00:00,,-14.002
2011-09-17 18:00:00,,-13.976
2011-09-18 00:00:00,,-13.99
2011-09-18 06:00:00,,-13.988
2011-09-18 12:00:00,,-13.994
2011-09-18 18:00:00,,-13.968
2011-09-19 00:00:00,,-13.977
2011-09-19 06:00:00,,-13.973
2011-09-19 12:00:00,,-13.979
2011-09-19 18:00:00,,-13.97
2011-09-20 00:00:00,,-13.99
2011-09-20 06:00:00,,-14.003
2011-09-20 12:00:00,,-14.02
2011-09-20 18:00:00,,-14.004
2011-09-21 00:00:00,,-14.024
2011-09-21 06:00:00,,-14.026
2011-09-21 12:00:00,,-14.028
2011-09-21 18:00:00,,-14.004
2011-09-22 00:00:00,,-14.011
2011-09-22 06:00:00,,-14.011
2011-09-22 12:00:00,,-14.016
2011-09-22 18:00:00,,-13.994
2011-09-23 00:00:00,,-14.006
2011-09-23 06:00:00,,-14.005
2011-09-23 12:00:00,,-14.014
2011-09-23 18:00:00,,-13.994
2011-09-24 00:00:00,,-14.007
2011-09-24 06:00:00,,-14.002
2011-09-24 12:00:00,,-14.011
2011-09-24 18:00:00,,-13.992
2011-09-25 00:00:00,,-14.011
2011-09-25 06:00:00,,-14.001
2011-09-25 12:00:00,,-14.011
2011-09-25 18:00:00,,-13.982
2011-09-26 00:00:00,,-14
2011-09-26 06:00:00,,-13.986
2011-09-26 12:00:00,,-13.997
2011-09-26 18:00:00,,-13.961
2011-09-27 00:00:00,,-13.974
2011-09-27 06:00:00,,-13.958
2011-09-27 12:00:00,,-13.974
2011-09-27 18:00:00,,-13.942
2011-09-28 00:00:00,,-13.964
2011-09-28 06:00:00,,-13.95
2011-09-28 12:00:00,,-13.963
2011-09-28 18:00:00,,-13.94
2011-09-29 00:00:00,,-13.981
2011-09-29 06:00:00,,-13.99
2011-09-29 12:00:00,,-14.011
2011-09-29 18:00:00,,-13.977
2011-09-30 00:00:00,,-13.991
2011-09-30 06:00:00,,-13.99
2011-09-30 12:00:00,,-14.004
2011-09-30 18:00:00,,-13.974
2011-10-01 00:00:00,,-13.994
2011-10-01 06:00:00,,-13.997
2011-10-01 12:00:00,,-14.009
2011-10-01 18:00:00,,-13.987
2011-10-02 00:00:00,,-14
2011-10-02 06:00:00,,-13.995
2011-10-02 12:00:00,,-14.016
2011-10-02 18:00:00,,-13.993
2011-10-03 00:00:00,,-14.001
2011-10-03 06:00:00,,-13.998
2011-10-03 12:00:00,,-14.003
2011-10-03 18:00:00,,-13.983
2011-10-04 00:00:00,,-13.979
2011-10-04 06:00:00,,-13.984
2011-10-04 12:00:00,,-13.987
2011-10-04 18:00:00,,-13.971
2011-10-05 00:00:00,,-13.981
2011-10-05 06:00:00,,-13.987
2011-10-05 12:00:00,,-13.998
2011-10-05 18:00:00,,-13.98
2011-10-06 00:00:00,,-13.996
2011-10-06 06:00:00,,-14.003
2011-10-06 12:00:00,,-14.008
2011-10-06 18:00:00,,-13.982
2011-10-07 00:00:00,,-13.993
2011-10-07 06:00:00,,-13.993
2011-10-07 12:00:00,,-14.004
2011-10-07 18:00:00,,-13.977
2011-10-08 00:00:00,,-13.997
2011-10-08 06:00:00,,-13.999
2011-10-08 12:00:00,,-14.012
2011-10-08 18:00:00,,-13.985
2011-10-09 00:00:00,,-13.998
2011-10-09 06:00:00,,-13.992
2011-10-09 12:00:00,,-13.999
2011-10-09 18:00:00,,-13.967
2011-10-10 00:00:00,,-13.975
2011-10-10 06:00:00,,-13.964
2011-10-10 12:00:00,,-13.976
2011-10-10 18:00:00,,-13.955
2011-10-11 00:00:00,,-13.993
2011-10-11 06:00:00,,-13.994
2011-10-11 12:00:00,,-14.006
2011-10-11 18:00:00,,-13.973
2011-10-12 00:00:00,,-13.989
2011-10-12 06:00:00,,-13.988
2011-10-12 12:00:00,,-13.996
2011-10-12 18:00:00,,-13.958
2011-10-13 00:00:00,,-13.973
2011-10-13 06:00:00,,-13.975
2011-10-13 12:00:00,,-13.986
2011-10-13 18:00:00,,-13.952
2011-10-14 00:00:00,,-13.968
2011-10-14 06:00:00,,-13.967
2011-10-14 12:00:00,,-13.986
2011-10-14 18:00:00,,-13.968
2011-10-15 00:00:00,,-13.993
2011-10-15 06:00:00,,-14.011
2011-10-15 12:00:00,,-14.027
2011-10-15 18:00:00,,-14.001
2011-10-16 00:00:00,,-14.029
2011-10-16 06:00:00,,-14.039
2011-10-16 12:00:00,,-14.045
2011-10-16 18:00:00,,-14.021
2011-10-17 00:00:00,,-14.039
2011-10-17 06:00:00,,-14.046
2011-10-17 12:00:00,,-14.051
2011-10-17 18:00:00,,-14.025
2011-10-18 00:00:00,,-14.034
2011-10-18 06:00:00,,-14.03
2011-10-18 12:00:00,,-14.032
2011-10-18 18:00:00,,-14.008
2011-10-19 00:00:00,,-14.017
2011-10-19 06:00:00,,-14.019
2011-10-19 12:00:00,,-14.02
2011-10-19 18:00:00,,-14.002
2011-10-20 00:00:00,,-14.008
2011-10-20 06:00:00,,-14.01
2011-10-20 12:00:00,,-14.01
2011-10-20 18:00:00,,-13.987
2011-10-21 00:00:00,,-14.006
2011-10-21 06:00:00,,-14.019
2011-10-21 12:00:00,,-14.023
2011-10-21 18:00:00,,-14.014
2011-10-22 00:00:00,,-14.02
2011-10-22 06:00:00,,-14.01
2011-10-22 12:00:00,,-14.011
2011-10-22 18:00:00,,-13.995
2011-10-23 00:00:00,,-14
2011-10-23 06:00:00,,-13.994
2011-10-23 12:00:00,,-14.003
2011-10-23 18:00:00,,-13.982
2011-10-24 00:00:00,,-13.993
2011-10-24 06:00:00,,-13.991
2011-10-24 12:00:00,,-14.001
2011-10-24 18:00:00,,-13.981
2011-10-25 00:00:00,,-13.995
2011-10-25 06:00:00,,-13.992
2011-10-25 12:00:00,,-14.009
2011-10-25 18:00:00,,-13.981
2011-10-26 00:00:00,,-14.002
2011-10-26 06:00:00,,-13.999
2011-10-26 12:00:00,,-14.017
2011-10-26 18:00:00,,-13.984
2011-10-27 00:00:00,,-14.005
2011-10-27 06:00:00,,-13.997
2011-10-27 12:00:00,,-14.01
2011-10-27 18:00:00,,-13.979
2011-10-28 00:00:00,,-13.995
2011-10-28 06:00:00,,-13.989
2011-10-28 12:00:00,,-14.002
2011-10-28 18:00:00,,-13.974
2011-10-29 00:00:00,,-13.983
2011-10-29 06:00:00,,-13.98
2011-10-29 12:00:00,,-13.995
2011-10-29 18:00:00,,-13.971
2011-10-30 00:00:00,,-13.995
2011-10-30 06:00:00,,-13.993
2011-10-30 12:00:00,,-14
2011-10-30 18:00:00,,-13.991
2011-10-31 00:00:00,,-14.008
2011-10-31 06:00:00,,-14.016
2011-10-31 12:00:00,,-14.021
2011-10-31 18:00:00,,-14.018
2011-11-01 00:00:00,,-14.023
2011-11-01 06:00:00,,-14.015
2011-11-01 12:00:00,,-14.012
2011-11-01 18:00:00,,-13.999
2011-11-02 00:00:00,,-14.011
2011-11-02 06:00:00,,-14.009
2011-11-02 12:00:00,,-14.01
2011-11-02 18:00:00,,-13.992
2011-11-03 00:00:00,,-14
2011-11-03 06:00:00,,-13.993
2011-11-03 12:00:00,,-13.998
2011-11-03 18:00:00,,-13.989
2011-11-04 00:00:00,,-13.999
2011-11-04 06:00:00,,-13.996
2011-11-04 12:00:00,,-13.988
2011-11-04 18:00:00,,-13.965
2011-11-05 00:00:00,,-13.972
2011-11-05 06:00:00,,-13.977
2011-11-05 12:00:00,,-13.977
2011-11-05 18:00:00,,-13.956
2011-11-06 00:00:00,,-13.973
2011-11-06 06:00:00,,-13.971
2011-11-06 12:00:00,,-13.98
2011-11-06 18:00:00,,-13.956
2011-11-07 00:00:00,,-13.971
2011-11-07 06:00:00,,-13.971
2011-11-07 12:00:00,,-13.981
2011-11-07 18:00:00,,-13.956
2011-11-08 00:00:00,,-13.974
2011-11-08 06:00:00,,-13.978
2011-11-08 12:00:00,,-13.989
2011-11-08 18:00:00,,-13.968
2011-11-09 00:00:00,,-14.001
2011-11-09 06:00:00,,-13.988
2011-11-09 12:00:00,,-14.001
2011-11-09 18:00:00,,-13.984
2011-11-10 00:00:00,,-14.009
2011-11-10 06:00:00,,-14.014
2011-11-10 12:00:00,,-14.034
2011-11-10 18:00:00,,-14.006
2011-11-11 00:00:00,,-14.033
2011-11-11 06:00:00,,-14.032
2011-11-11 12:00:00,,-14.049
2011-11-11 18:00:00,,-14.02
2011-11-12 00:00:00,,-14.032
2011-11-12 06:00:00,,-14.022
2011-11-12 12:00:00,,-14.029
2011-11-12 18:00:00,,-13.994
2011-11-13 00:00:00,,-14.006
2011-11-13 06:00:00,,-13.996
2011-11-13 12:00:00,,-14.012
2011-11-13 18:00:00,,-13.992
2011-11-14 00:00:00,,-14.001
2011-11-14 06:00:00,,-14
2011-11-14 12:00:00,,-14.011
2011-11-14 18:00:00,,-13.99
2011-11-15 00:00:00,,-14.002
2011-11-15 06:00:00,,-14.001
2011-11-15 12:00:00,,-14.007
2011-11-15 18:00:00,,-13.986
2011-11-16 00:00:00,,-14.004
2011-11-16 06:00:00,,-14.009
2011-11-16 12:00:00,,-14.013
2011-11-16 18:00:00,,-13.996
2011-11-17 00:00:00,,-14.007
2011-11-17 06:00:00,,-14.006
2011-11-17 12:00:00,,-14.009
2011-11-17 18:00:00,,-13.983
2011-11-18 00:00:00,,-13.991
2011-11-18 06:00:00,,-13.997
2011-11-18 12:00:00,,-13.998
2011-11-18 18:00:00,,-13.973
2011-11-19 00:00:00,,-13.976
2011-11-19 06:00:00,,-13.984
2011-11-19 12:00:00,,-13.998
2011-11-19 18:00:00,,-13.981
2011-11-20 00:00:00,,-13.993
2011-11-20 06:00:00,,-13.999
2011-11-20 12:00:00,,-14.002
2011-11-20 18:00:00,,-13.991
2011-11-21 00:00:00,,-14.007
2011-11-21 06:00:00,,-13.997
2011-11-21 12:00:00,,-13.991
2011-11-21 18:00:00,,-13.967
2011-11-22 00:00:00,,-13.977
2011-11-22 06:00:00,,-13.973
2011-11-22 12:00:00,,-13.984
2011-11-22 18:00:00,,-13.969
2011-11-23 00:00:00,,-14.003
2011-11-23 06:00:00,,-14.007
2011-11-23 12:00:00,,-14.023
2011-11-23 18:00:00,,-14.006
2011-11-24 00:00:00,,-14.037
2011-11-24 06:00:00,,-14.032
2011-11-24 12:00:00,,-14.045
2011-11-24 18:00:00,,-14.015
2011-11-25 00:00:00,,-14.039
2011-11-25 06:00:00,,-14.032
2011-11-25 12:00:00,,-14.048
2011-11-25 18:00:00,,-14.01
2011-11-26 00:00:00,,-14.028
2011-11-26 06:00:00,,-14.026
2011-11-26 12:00:00,,-14.034
2011-11-26 18:00:00,,-13.997
2011-11-27 00:00:00,,-14.012
2011-11-27 06:00:00,,-14.009
2011-11-27 12:00:00,,-14.018
2011-11-27 18:00:00,,-13.987
2011-11-28 00:00:00,,-13.998
2011-11-28 06:00:00,,-13.998
2011-11-28 12:00:00,,-14.003
2011-11-28 18:00:00,,-13.977
2011-11-29 00:00:00,,-13.983
2011-11-29 06:00:00,,-13.981
2011-11-29 12:00:00,,-13.985
2011-11-29 18:00:00,,-13.965
2011-11-30 00:00:00,,-13.974
2011-11-30 06:00:00,,-13.982
2011-11-30 12:00:00,,-14
2011-11-30 18:00:00,,-13.994
2011-12-01 00:00:00,,-14.016
2011-12-01 06:00:00,,-14.024
2011-12-01 12:00:00,,-14.021
2011-12-01 18:00:00,,-14.002
2011-12-02 00:00:00,,-14.01
2011-12-02 06:00:00,,-14.012
2011-12-02 12:00:00,,-14.009
2011-12-02 18:00:00,,-13.989
2011-12-03 00:00:00,,-13.995
2011-12-03 06:00:00,,-14
2011-12-03 12:00:00,,-14.013
2011-12-03 18:00:00,,-14.01
2011-12-04 00:00:00,,-14.009
2011-12-04 06:00:00,,-14.005
2011-12-04 12:00:00,,-14.002
2011-12-04 18:00:00,,-13.987
2011-12-05 00:00:00,,-13.999
2011-12-05 06:00:00,,-13.994
2011-12-05 12:00:00,,-13.991
2011-12-05 18:00:00,,-13.969
2011-12-06 00:00:00,,-13.985
2011-12-06 06:00:00,,-13.99
2011-12-06 12:00:00,,-13.997
2011-12-06 18:00:00,,-13.972
2011-12-07 00:00:00,,-13.99
2011-12-07 06:00:00,,-13.99
2011-12-07 12:00:00,,-13.995
2011-12-07 18:00:00,,-13.963
2011-12-08 00:00:00,,-13.973
2011-12-08 06:00:00,,-13.97
2011-12-08 12:00:00,,-13.985
2011-12-08 18:00:00,,-13.951
2011-12-09 00:00:00,,-13.964
2011-12-09 06:00:00,,-13.956
2011-12-09 12:00:00,,-13.968
2011-12-09 18:00:00,,-13.944
2011-12-10 00:00:00,,-13.967
2011-12-10 06:00:00,,-13.966
2011-12-10 12:00:00,,-13.977
2011-12-10 18:00:00,,-13.948
2011-12-11 00:00:00,,-13.966
2011-12-11 06:00:00,,-13.973
2011-12-11 12:00:00,,-13.992
2011-12-11 18:00:00,,-13.961
2011-12-12 00:00:00,,-13.986
2011-12-12 06:00:00,,-13.994
2011-12-12 12:00:00,,-14.002
2011-12-12 18:00:00,,-13.97
2011-12-13 00:00:00,,-13.992
2011-12-13 06:00:00,,-13.997
2011-12-13 12:00:00,,-14.013
2011-12-13 18:00:00,,-13.981
2011-12-14 00:00:00,,-13.998
2011-12-14 06:00:00,,-14.001
2011-12-14 12:00:00,,-14.004
2011-12-14 18:00:00,,-13.984
2011-12-15 00:00:00,,-13.99
2011-12-15 06:00:00,,-13.988
2011-12-15 12:00:00,,-13.993
2011-12-15 18:00:00,,-13.974
2011-12-16 00:00:00,,-13.978
2011-12-16 06:00:00,,-13.981
2011-12-16 12:00:00,,-13.986
2011-12-16 18:00:00,,-13.981
2011-12-17 00:00:00,,-13.988
2011-12-17 06:00:00,,-13.994
2011-12-17 12:00:00,,-14
2011-12-17 18:00:00,,-13.98
2011-12-18 00:00:00,,-14.001
2011-12-18 06:00:00,,-14.007
2011-12-18 12:00:00,,-14
2011-12-18 18:00:00,,-13.981
2011-12-19 00:00:00,,-13.996
2011-12-19 06:00:00,,-14.001
2011-12-19 12:00:00,,-14.002
2011-12-19 18:00:00,,-13.975
2011-12-20 00:00:00,,-13.992
2011-12-20 06:00:00,,-14
2011-12-20 12:00:00,,-14.004
2011-12-20 18:00:00,,-13.983
2011-12-21 00:00:00,,-13.995
2011-12-21 06:00:00,,-14.008
2011-12-21 12:00:00,,-14.004
2011-12-21 18:00:00,,-13.984
2011-12-22 00:00:00,,-14.001
2011-12-22 06:00:00,,-13.994
2011-12-22 12:00:00,,-14.002
2011-12-22 18:00:00,,-13.975
2011-12-23 00:00:00,,-13.994
2011-12-23 06:00:00,,-13.993
2011-12-23 12:00:00,,-14.003
2011-12-23 18:00:00,,-13.972
2011-12-24 00:00:00,,-13.994
2011-12-24 06:00:00,,-13.995
2011-12-24 12:00:00,,-14.006
2011-12-24 18:00:00,,-13.971
2011-12-25 00:00:00,,-13.989
2011-12-25 06:00:00,,-13.981
2011-12-25 12:00:00,,-13.995
2011-12-25 18:00:00,,-13.964
2011-12-26 00:00:00,,-13.983
2011-12-26 06:00:00,,-13.978
2011-12-26 12:00:00,,-13.994
2011-12-26 18:00:00,,-13.971
2011-12-27 00:00:00,,-13.999
2011-12-27 06:00:00,,-14.005
2011-12-27 12:00:00,,-14.012
2011-12-27 18:00:00,,-13.993
2011-12-28 00:00:00,,-14.006
2011-12-28 06:00:00,,-14.005
2011-12-28 12:00:00,,-14.012
2011-12-28 18:00:00,,-13.989
2011-12-29 00:00:00,,-14
2011-12-29 06:00:00,,-14.004
2011-12-29 12:00:00,,-14.012
2011-12-29 18:00:00,,-13.998
2011-12-30 00:00:00,,-14.008
2011-12-30 06:00:00,,-14.011
2011-12-30 12:00:00,,-14.014
2011-12-30 18:00:00,,-13.996
2011-12-31 00:00:00,,-14.005
2011-12-31 06:00:00,,-14.01
2011-12-31 12:00:00,,-14.013
2011-12-31 18:00:00,,-13.994
2012-01-01 00:00:00,,-13.997
2012-01-01 06:00:00,,-14.003
2012-01-01 12:00:00,,-14.006
2012-01-01 18:00:00,,-13.983
2012-01-02 00:00:00,,-13.994
2012-01-02 06:00:00,,-14.005
2012-01-02 12:00:00,,-14.011
2012-01-02 18:00:00,,-13.989
2012-01-03 00:00:00,,-14.01
2012-01-03 06:00:00,,-14.017
2012-01-03 12:00:00,,-14.024
2012-01-03 18:00:00,,-14.006
2012-01-04 00:00:00,,-14.022
2012-01-04 06:00:00,,-14.025
2012-01-04 12:00:00,,-14.028
2012-01-04 18:00:00,,-14.008
2012-01-05 00:00:00,,-14.038
2012-01-05 06:00:00,,-14.026
2012-01-05 12:00:00,,-14.035
2012-01-05 18:00:00,,-14.01
2012-01-06 00:00:00,,-14.026
2012-01-06 06:00:00,,-14.014
2012-01-06 12:00:00,,-14.02
2012-01-06 18:00:00,,-13.99
2012-01-07 00:00:00,,-14.011
2012-01-07 06:00:00,,-14.009
2012-01-07 12:00:00,,-14.015
2012-01-07 18:00:00,,-13.986
2012-01-08 00:00:00,,-14.011
2012-01-08 06:00:00,,-14.007
2012-01-08 12:00:00,,-14.028
2012-01-08 18:00:00,,-14
2012-01-09 00:00:00,,-14.023
2012-01-09 06:00:00,,-14.024
2012-01-09 12:00:00,,-14.038
2012-01-09 18:00:00,,-14.006
2012-01-10 00:00:00,,-14.024
2012-01-10 06:00:00,,-14.031
2012-01-10 12:00:00,,-14.055
2012-01-10 18:00:00,,-14.037
2012-01-11 00:00:00,,-14.047
2012-01-11 06:00:00,,-14.041
2012-01-11 12:00:00,,-14.056
2012-01-11 18:00:00,,-14.026
2012-01-12 00:00:00,,-14.04
2012-01-12 06:00:00,,-14.039
2012-01-12 12:00:00,,-14.044
2012-01-12 18:00:00,,-14.02
2012-01-13 00:00:00,,-14.031
2012-01-13 06:00:00,,-14.031
2012-01-13 12:00:00,,-14.036
2012-01-13 18:00:00,,-14.012
2012-01-14 00:00:00,,-14.024
2012-01-14 06:00:00,,-14.027
2012-01-14 12:00:00,,-14.024
2012-01-14 18:00:00,,-14.009
2012-01-15 00:00:00,,-14.015
2012-01-15 06:00:00,,-14.016
2012-01-15 12:00:00,,-14.017
2012-01-15 18:00:00,,-14
2012-01-16 00:00:00,,-14.006
2012-01-16 06:00:00,,-14.005
2012-01-16 12:00:00,,-14.003
2012-01-16 18:00:00,,-13.986
2012-01-17 00:00:00,,-13.995
2012-01-17 06:00:00,,-14.005
2012-01-17 12:00:00,,-14.011
2012-01-17 18:00:00,,-13.993
2012-01-18 00:00:00,,-14.007
2012-01-18 06:00:00,,-14.014
2012-01-18 12:00:00,,-14.017
2012-01-18 18:00:00,,-13.993
2012-01-19 00:00:00,,-14.007
2012-01-19 06:00:00,,-14.011
2012-01-19 12:00:00,,-14.014
2012-01-19 18:00:00,,-13.989
2012-01-20 00:00:00,,-14.001
2012-01-20 06:00:00,,-14.002
2012-01-20 12:00:00,,-14.008
2012-01-20 18:00:00,,-13.978
2012-01-21 00:00:00,,-13.993
2012-01-21 06:00:00,,-13.994
2012-01-21 12:00:00,,-14.004
2012-01-21 18:00:00,,-13.975
2012-01-22 00:00:00,,-13.994
2012-01-22 06:00:00,,-14.001
2012-01-22 12:00:00,,-14.014
2012-01-22 18:00:00,,-13.982
2012-01-23 00:00:00,,-14
2012-01-23 06:00:00,,-13.994
2012-01-23 12:00:00,,-14.006
2012-01-23 18:00:00,,-13.967
2012-01-24 00:00:00,,-13.984
2012-01-24 06:00:00,,-13.98
2012-01-24 12:00:00,,-13.996
2012-01-24 18:00:00,,-13.97
2012-01-25 00:00:00,,-13.993
2012-01-25 06:00:00,,-13.99
2012-01-25 12:00:00,,-13.997
2012-01-25 18:00:00,,-13.971
2012-01-26 00:00:00,,-13.993
2012-01-26 06:00:00,,-13.992
2012-01-26 12:00:00,,-13.996
2012-01-26 18:00:00,,-13.971
2012-01-27 00:00:00,,-13.987
2012-01-27 06:00:00,,-13.98
2012-01-27 12:00:00,,-13.979
2012-01-27 18:00:00,,-13.958
2012-01-28 00:00:00,,-13.973
2012-01-28 06:00:00,,-13.968
2012-01-28 12:00:00,,-13.97
2012-01-28 18:00:00,,-13.947
2012-01-29 00:00:00,,-13.959
2012-01-29 06:00:00,,-13.956
2012-01-29 12:00:00,,-13.962
2012-01-29 18:00:00,,-13.944
2012-01-30 00:00:00,,-13.958
2012-01-30 06:00:00,,-13.965
2012-01-30 12:00:00,,-13.976
2012-01-30 18:00:00,,-13.964
2012-01-31 00:00:00,,-13.985
2012-01-31 06:00:00,,-14.006
2012-01-31 12:00:00,,-14.021
2012-01-31 18:00:00,,-13.999
2012-02-01 00:00:00,,-14.017
2012-02-01 06:00:00,,-14.025
2012-02-01 12:00:00,,-14.026
2012-02-01 18:00:00,,-13.995
2012-02-02 00:00:00,,-14.007
2012-02-02 06:00:00,,-14.01
2012-02-02 12:00:00,,-14.011
2012-02-02 18:00:00,,-13.984
2012-02-03 00:00:00,,-13.999
2012-02-03 06:00:00,,-13.999
2012-02-03 12:00:00,,-14.006
2012-02-03 18:00:00,,-13.977
2012-02-04 00:00:00,,-13.991
2012-02-04 06:00:00,,-13.994
2012-02-04 12:00:00,,-13.995
2012-02-04 18:00:00,,-13.964
2012-02-05 00:00:00,,-13.975
2012-02-05 06:00:00,,-13.972
2012-02-05 12:00:00,,-13.994
2012-02-05 18:00:00,,-13.979
2012-02-06 00:00:00,,-14.01
2012-02-06 06:00:00,,-14.015
2012-02-06 12:00:00,,-14.036
2012-02-06 18:00:00,,-14.008
2012-02-07 00:00:00,,-14.033
2012-02-07 06:00:00,,-14.035
2012-02-07 12:00:00,,-14.052
2012-02-07 18:00:00,,-14.02
2012-02-08 00:00:00,,-14.042
2012-02-08 06:00:00,,-14.045
2012-02-08 12:00:00,,-14.065
2012-02-08 18:00:00,,-14.03
2012-02-09 00:00:00,,-14.05
2012-02-09 06:00:00,,-14.047
2012-02-09 12:00:00,,-14.059
2012-02-09 18:00:00,,-14.026
2012-02-10 00:00:00,,-14.044
2012-02-10 06:00:00,,-14.047
2012-02-10 12:00:00,,-14.059
2012-02-10 18:00:00,,-14.031
2012-02-11 00:00:00,,-14.051
2012-02-11 06:00:00,,-14.053
2012-02-11 12:00:00,,-14.061
2012-02-11 18:00:00,,-14.032
2012-02-12 00:00:00,,-14.048
2012-02-12 06:00:00,,-14.057
2012-02-12 12:00:00,,-14.065
2012-02-12 18:00:00,,-14.044
2012-02-13 00:00:00,,-14.053
2012-02-13 06:00:00,,-14.06
2012-02-13 12:00:00,,-14.063
2012-02-13 18:00:00,,-14.039
2012-02-14 00:00:00,,-14.05
2012-02-14 06:00:00,,-14.056
2012-02-14 12:00:00,,-14.052
2012-02-14 18:00:00,,-14.025
2012-02-15 00:00:00,,-14.035
2012-02-15 06:00:00,,-14.039
2012-02-15 12:00:00,,-14.034
2012-02-15 18:00:00,,-14.011
2012-02-16 00:00:00,,-14.023
2012-02-16 06:00:00,,-14.031
2012-02-16 12:00:00,,-14.038
2012-02-16 18:00:00,,-14.016
2012-02-17 00:00:00,,-14.027
2012-02-17 06:00:00,,-14.033
2012-02-17 12:00:00,,-14.043
2012-02-17 18:00:00,,-14.022
2012-02-18 00:00:00,,-14.035
2012-02-18 06:00:00,,-14.032
2012-02-18 12:00:00,,-14.046
2012-02-18 18:00:00,,-14.018
2012-02-19 00:00:00,,-14.04
2012-02-19 06:00:00,,-14.042
2012-02-19 12:00:00,,-14.055
2012-02-19 18:00:00,,-14.018
2012-02-20 00:00:00,,-14.036
2012-02-20 06:00:00,,-14.033
2012-02-20 12:00:00,,-14.048
2012-02-20 18:00:00,,-14.013
2012-02-21 00:00:00,,-14.034
2012-02-21 06:00:00,,-14.026
2012-02-21 12:00:00,,-14.035
2012-02-21 18:00:00,,-14.007
2012-02-22 00:00:00,,-14.035
2012-02-22 06:00:00,,-14.038
2012-02-22 12:00:00,,-14.052
2012-02-22 18:00:00,,-14.027
2012-02-23 00:00:00,,-14.052
2012-02-23 06:00:00,,-14.045
2012-02-23 12:00:00,,-14.058
2012-02-23 18:00:00,,-14.026
2012-02-24 00:00:00,,-14.044
2012-02-24 06:00:00,,-14.038
2012-02-24 12:00:00,,-14.045
2012-02-24 18:00:00,,-14.011
2012-02-25 00:00:00,,-14.026
2012-02-25 06:00:00,,-14.024
2012-02-25 12:00:00,,-14.032
2012-02-25 18:00:00,,-14.006
2012-02-26 00:00:00,,-14.023
2012-02-26 06:00:00,,-14.024
2012-02-26 12:00:00,,-14.03
2012-02-26 18:00:00,,-14.002
2012-02-27 00:00:00,,-14.013
2012-02-27 06:00:00,,-14.005
2012-02-27 12:00:00,,-14.009
2012-02-27 18:00:00,,-14.001
2012-02-28 00:00:00,,-14.009
2012-02-28 06:00:00,,-14.002
2012-02-28 12:00:00,,-14.007
2012-02-28 18:00:00,,-13.982
2012-02-29 00:00:00,,-13.998
2012-02-29 06:00:00,,-14.003
2012-02-29 12:00:00,,-14.006
2012-02-29 18:00:00,,-13.984
2012-03-01 00:00:00,,-13.993
2012-03-01 06:00:00,,-13.991
2012-03-01 12:00:00,,-13.99
2012-03-01 18:00:00,,-13.971
2012-03-02 00:00:00,,-13.984
2012-03-02 06:00:00,,-13.98
2012-03-02 12:00:00,,-13.989
2012-03-02 18:00:00,,-13.981
2012-03-03 00:00:00,,-14
2012-03-03 06:00:00,,-13.997
2012-03-03 12:00:00,,-14.013
2012-03-03 18:00:00,,-14.001
2012-03-04 00:00:00,,-14.027
2012-03-04 06:00:00,,-14.028
2012-03-04 12:00:00,,-14.042
2012-03-04 18:00:00,,-14.028
2012-03-05 00:00:00,,-14.049
2012-03-05 06:00:00,,-14.048
2012-03-05 12:00:00,,-14.063
2012-03-05 18:00:00,,-14.038
2012-03-06 00:00:00,,-14.058
2012-03-06 06:00:00,,-14.053
2012-03-06 12:00:00,,-14.066
2012-03-06 18:00:00,,-14.041
2012-03-07 00:00:00,,-14.062
2012-03-07 06:00:00,,-14.05
2012-03-07 12:00:00,,-14.055
2012-03-07 18:00:00,,-14.023
2012-03-08 00:00:00,,-14.041
2012-03-08 06:00:00,,-14.033
2012-03-08 12:00:00,,-14.042
2012-03-08 18:00:00,,-14.013
2012-03-09 00:00:00,,-14.037
2012-03-09 06:00:00,,-14.036
2012-03-09 12:00:00,,-14.052
2012-03-09 18:00:00,,-14.027
2012-03-10 00:00:00,,-14.051
2012-03-10 06:00:00,,-14.044
2012-03-10 12:00:00,,-14.059
2012-03-10 18:00:00,,-14.03
2012-03-11 00:00:00,,-14.049
2012-03-11 06:00:00,,-14.045
2012-03-11 12:00:00,,-14.052
2012-03-11 18:00:00,,-14.03
2012-03-12 00:00:00,,-14.047
2012-03-12 06:00:00,,-14.04
2012-03-12 12:00:00,,-14.046
2012-03-12 18:00:00,,-14.031
2012-03-13 00:00:00,,-14.044
2012-03-13 06:00:00,,-14.035
2012-03-13 12:00:00,,-14.033
2012-03-13 18:00:00,,-14.011
2012-03-14 00:00:00,,-14.023
2012-03-14 06:00:00,,-14.024
2012-03-14 12:00:00,,-14.02
2012-03-14 18:00:00,,-13.997
2012-03-15 00:00:00,,-14.003
2012-03-15 06:00:00,,-14.002
2012-03-15 12:00:00,,-14.001
2012-03-15 18:00:00,,-13.979
2012-03-16 00:00:00,,-13.99
2012-03-16 06:00:00,,-13.989
2012-03-16 12:00:00,,-13.998
2012-03-16 18:00:00,,-13.991
2012-03-17 00:00:00,,-14.011
2012-03-17 06:00:00,,-14.014
2012-03-17 12:00:00,,-14.02
2012-03-17 18:00:00,,-14.002
2012-03-18 00:00:00,,-14.028
2012-03-18 06:00:00,,-14.025
2012-03-18 12:00:00,,-14.029
2012-03-18 18:00:00,,-14.011
2012-03-19 00:00:00,,-14.023
2012-03-19 06:00:00,,-14.015
2012-03-19 12:00:00,,-14.018
2012-03-19 18:00:00,,-13.991
2012-03-20 00:00:00,,-14.01
2012-03-20 06:00:00,,-13.998
2012-03-20 12:00:00,,-14.006
2012-03-20 18:00:00,,-13.982
2012-03-21 00:00:00,,-14.004
2012-03-21 06:00:00,,-14.001
2012-03-21 12:00:00,,-14.019
2012-03-21 18:00:00,,-14
2012-03-22 00:00:00,,-14.025
2012-03-22 06:00:00,,-14.025
2012-03-22 12:00:00,,-14.043
2012-03-22 18:00:00,,-14.021
2012-03-23 00:00:00,,-14.052
2012-03-23 06:00:00,,-14.055
2012-03-23 12:00:00,,-14.076
2012-03-23 18:00:00,,-14.052
2012-03-24 00:00:00,,-14.078
2012-03-24 06:00:00,,-14.073
2012-03-24 12:00:00,,-14.08
2012-03-24 18:00:00,,-14.055
2012-03-25 00:00:00,,-14.079
2012-03-25 06:00:00,,-14.073
2012-03-25 12:00:00,,-14.081
2012-03-25 18:00:00,,-14.058
2012-03-26 00:00:00,,-14.075
2012-03-26 06:00:00,,-14.071
2012-03-26 12:00:00,,-14.078
2012-03-26 18:00:00,,-14.057
2012-03-27 00:00:00,,-14.073
2012-03-27 06:00:00,,-14.074
2012-03-27 12:00:00,,-14.078
2012-03-27 18:00:00,,-14.058
2012-03-28 00:00:00,,-14.073
2012-03-28 06:00:00,,-14.071
2012-03-28 12:00:00,,-14.073
2012-03-28 18:00:00,,-14.054
2012-03-29 00:00:00,,-14.068
2012-03-29 06:00:00,,-14.07
2012-03-29 12:00:00,,-14.069
2012-03-29 18:00:00,,-14.051
2012-03-30 00:00:00,,-14.061
2012-03-30 06:00:00,,-14.065
2012-03-30 12:00:00,,-14.068
2012-03-30 18:00:00,,-14.049
2012-03-31 00:00:00,,-14.058
2012-03-31 06:00:00,,-14.067
2012-03-31 12:00:00,,-14.073
2012-03-31 18:00:00,,-14.057
2012-04-01 00:00:00,,-14.066
2012-04-01 06:00:00,,-14.07
2012-04-01 12:00:00,,-14.074
2012-04-01 18:00:00,,-14.054
2012-04-02 00:00:00,,-14.067
2012-04-02 06:00:00,,-14.073
2012-04-02 12:00:00,,-14.078
2012-04-02 18:00:00,,-14.06
2012-04-03 00:00:00,,-14.073
2012-04-03 06:00:00,,-14.072
2012-04-03 12:00:00,,-14.086
2012-04-03 18:00:00,,-14.062
2012-04-04 00:00:00,,-14.07
2012-04-04 06:00:00,,-14.067
2012-04-04 12:00:00,,-14.076
2012-04-04 18:00:00,,-14.047
2012-04-05 00:00:00,,-14.067
2012-04-05 06:00:00,,-14.057
2012-04-05 12:00:00,,-14.069
2012-04-05 18:00:00,,-14.046
2012-04-06 00:00:00,,-14.065
2012-04-06 06:00:00,,-14.057
2012-04-06 12:00:00,,-14.077
2012-04-06 18:00:00,,-14.055
2012-04-07 00:00:00,,-14.079
2012-04-07 06:00:00,,-14.067
2012-04-07 12:00:00,,-14.084
2012-04-07 18:00:00,,-14.059
2012-04-08 00:00:00,,-14.079
2012-04-08 06:00:00,,-14.068
2012-04-08 12:00:00,,-14.081
2012-04-08 18:00:00,,-14.058
2012-04-09 00:00:00,,-14.079
2012-04-09 06:00:00,,-14.076
2012-04-09 12:00:00,,-14.092
2012-04-09 18:00:00,,-14.081
2012-04-10 00:00:00,,-14.104
2012-04-10 06:00:00,,-14.104
2012-04-10 12:00:00,,-14.115
2012-04-10 18:00:00,,-14.098
2012-04-11 00:00:00,,-14.108
2012-04-11 06:00:00,,-14.103
2012-04-11 12:00:00,,-14.104
2012-04-11 18:00:00,,-14.083
2012-04-12 00:00:00,,-14.097
2012-04-12 06:00:00,,-14.099
2012-04-12 12:00:00,,-14.1
2012-04-12 18:00:00,,-14.092
2012-04-13 00:00:00,,-14.097
2012-04-13 06:00:00,,-14.092
2012-04-13 12:00:00,,-14.083
2012-04-13 18:00:00,,-14.077
2012-04-14 00:00:00,,-14.08
2012-04-14 06:00:00,,-14.079
2012-04-14 12:00:00,,-14.08
2012-04-14 18:00:00,,-14.06
2012-04-15 00:00:00,,-14.071
2012-04-15 06:00:00,,-14.07
2012-04-15 12:00:00,,-14.075
2012-04-15 18:00:00,,-14.055
2012-04-16 00:00:00,,-14.067
2012-04-16 06:00:00,,-14.064
2012-04-16 12:00:00,,-14.07
2012-04-16 18:00:00,,-14.049
2012-04-17 00:00:00,,-14.062
2012-04-17 06:00:00,,-14.053
2012-04-17 12:00:00,,-14.056
2012-04-17 18:00:00,,-14.033
2012-04-18 00:00:00,,-14.048
2012-04-18 06:00:00,,-14.038
2012-04-18 12:00:00,,-14.043
2012-04-18 18:00:00,,-14.023
2012-04-19 00:00:00,,-14.042
2012-04-19 06:00:00,,-14.032
2012-04-19 12:00:00,,-14.041
2012-04-19 18:00:00,,-14.023
2012-04-20 00:00:00,,-14.042
2012-04-20 06:00:00,,-14.033
2012-04-20 12:00:00,,-14.046
2012-04-20 18:00:00,,-14.021
2012-04-21 00:00:00,,-14.039
2012-04-21 06:00:00,,-14.021
2012-04-21 12:00:00,,-14.029
2012-04-21 18:00:00,,-14.006
2012-04-22 00:00:00,,-14.022
2012-04-22 06:00:00,,-14.015
2012-04-22 12:00:00,,-14.03
2012-04-22 18:00:00,,-14.016
2012-04-23 00:00:00,,-14.042
2012-04-23 06:00:00,,-14.035
2012-04-23 12:00:00,,-14.055
2012-04-23 18:00:00,,-14.045
2012-04-24 00:00:00,,-14.061
2012-04-24 06:00:00,,-14.054
2012-04-24 12:00:00,,-14.071
2012-04-24 18:00:00,,-14.068
2012-04-25 00:00:00,,-14.086
2012-04-25 06:00:00,,-14.08
2012-04-25 12:00:00,,-14.093
2012-04-25 18:00:00,,-14.074
2012-04-26 00:00:00,,-14.095
2012-04-26 06:00:00,,-14.089
2012-04-26 12:00:00,,-14.089
2012-04-26 18:00:00,,-14.071
2012-04-27 00:00:00,,-14.08
2012-04-27 06:00:00,,-14.078
2012-04-27 12:00:00,,-14.082
2012-04-27 18:00:00,,-14.066
2012-04-28 00:00:00,,-14.073
2012-04-28 06:00:00,,-14.074
2012-04-28 12:00:00,,-14.073
2012-04-28 18:00:00,,-14.062
2012-04-29 00:00:00,,-14.073
2012-04-29 06:00:00,,-14.072
2012-04-29 12:00:00,,-14.067
2012-04-29 18:00:00,,-14.051
2012-04-30 00:00:00,,-14.06
2012-04-30 06:00:00,,-14.058
2012-04-30 12:00:00,,-14.054
2012-04-30 18:00:00,,-14.042
2012-05-01 00:00:00,,-14.051
2012-05-01 06:00:00,,-14.055
2012-05-01 12:00:00,,-14.063
2012-05-01 18:00:00,,-14.053
2012-05-02 00:00:00,,-14.071
2012-05-02 06:00:00,,-14.071
2012-05-02 12:00:00,,-14.083
2012-05-02 18:00:00,,-14.067
2012-05-03 00:00:00,,-14.08
2012-05-03 06:00:00,,-14.074
2012-05-03 12:00:00,,-14.081
2012-05-03 18:00:00,,-14.057
2012-05-04 00:00:00,,-14.078
2012-05-04 06:00:00,,-14.076
2012-05-04 12:00:00,,-14.083
2012-05-04 18:00:00,,-14.055
2012-05-05 00:00:00,,-14.077
2012-05-05 06:00:00,,-14.066
2012-05-05 12:00:00,,-14.073
2012-05-05 18:00:00,,-14.044
2012-05-06 00:00:00,,-14.065
2012-05-06 06:00:00,,-14.054
2012-05-06 12:00:00,,-14.061
2012-05-06 18:00:00,,-14.034
2012-05-07 00:00:00,,-14.06
2012-05-07 06:00:00,,-14.045
2012-05-07 12:00:00,,-14.051
2012-05-07 18:00:00,,-14.025
2012-05-08 00:00:00,,-14.044
2012-05-08 06:00:00,,-14.038
2012-05-08 12:00:00,,-14.043
2012-05-08 18:00:00,,-14.029
2012-05-09 00:00:00,,-14.05
2012-05-09 06:00:00,,-14.05
2012-05-09 12:00:00,,-14.058
2012-05-09 18:00:00,,-14.045
2012-05-10 00:00:00,,-14.062
2012-05-10 06:00:00,,-14.059
2012-05-10 12:00:00,,-14.061
2012-05-10 18:00:00,,-14.049
2012-05-11 00:00:00,,-14.062
2012-05-11 06:00:00,,-14.064
2012-05-11 12:00:00,,-14.062
2012-05-11 18:00:00,,-14.05
2012-05-12 00:00:00,,-14.063
2012-05-12 06:00:00,,-14.063
2012-05-12 12:00:00,,-14.067
2012-05-12 18:00:00,,-14.055
2012-05-13 00:00:00,,-14.07
2012-05-13 06:00:00,,-14.078
2012-05-13 12:00:00,,-14.084
2012-05-13 18:00:00,,-14.072
2012-05-14 00:00:00,,-14.09
2012-05-14 06:00:00,,-14.091
2012-05-14 12:00:00,,-14.098
2012-05-14 18:00:00,,-14.085
2012-05-15 00:00:00,,-14.101
2012-05-15 06:00:00,,-14.097
2012-05-15 12:00:00,,-14.096
2012-05-15 18:00:00,,-14.078
2012-05-16 00:00:00,,-14.088
2012-05-16 06:00:00,,-14.079
2012-05-16 12:00:00,,-14.079
2012-05-16 18:00:00,,-14.057
2012-05-17 00:00:00,,-14.07
2012-05-17 06:00:00,,-14.066
2012-05-17 12:00:00,,-14.076
2012-05-17 18:00:00,,-14.056
2012-05-18 00:00:00,,-14.073
2012-05-18 06:00:00,,-14.067
2012-05-18 12:00:00,,-14.078
2012-05-18 18:00:00,,-14.065
2012-05-19 00:00:00,,-14.081
2012-05-19 06:00:00,,-14.077
2012-05-19 12:00:00,,-14.087
2012-05-19 18:00:00,,-14.069
2012-05-20 00:00:00,,-14.091
2012-05-20 06:00:00,,-14.077
2012-05-20 12:00:00,,-14.087
2012-05-20 18:00:00,,-14.065
2012-05-21 00:00:00,,-14.084
2012-05-21 06:00:00,,-14.073
2012-05-21 12:00:00,,-14.086
2012-05-21 18:00:00,,-14.065
2012-05-22 00:00:00,,-14.088
2012-05-22 06:00:00,,-14.077
2012-05-22 12:00:00,,-14.086
2012-05-22 18:00:00,,-14.064
2012-05-23 00:00:00,,-14.081
2012-05-23 06:00:00,,-14.067
2012-05-23 12:00:00,,-14.07
2012-05-23 18:00:00,,-14.053
2012-05-24 00:00:00,,-14.069
2012-05-24 06:00:00,,-14.076
2012-05-24 12:00:00,,-14.092
2012-05-24 18:00:00,,-14.083
2012-05-25 00:00:00,,-14.104
2012-05-25 06:00:00,,-14.101
2012-05-25 12:00:00,,-14.107
2012-05-25 18:00:00,,-14.088
2012-05-26 00:00:00,,-14.102
2012-05-26 06:00:00,,-14.099
2012-05-26 12:00:00,,-14.096
2012-05-26 18:00:00,,-14.078
2012-05-27 00:00:00,,-14.093
2012-05-27 06:00:00,,-14.087
2012-05-27 12:00:00,,-14.085
2012-05-27 18:00:00,,-14.072
2012-05-28 00:00:00,,-14.089
2012-05-28 06:00:00,,-14.086
2012-05-28 12:00:00,,-14.087
2012-05-28 18:00:00,,-14.077
2012-05-29 00:00:00,,-14.088
2012-05-29 06:00:00,,-14.089
2012-05-29 12:00:00,,-14.09
2012-05-29 18:00:00,,-14.081
2012-05-30 00:00:00,,-14.089
2012-05-30 06:00:00,,-14.082
2012-05-30 12:00:00,,-14.079
2012-05-30 18:00:00,,-14.063
2012-05-31 00:00:00,,-14.066
2012-05-31 06:00:00,,-14.054
2012-05-31 12:00:00,,-14.055
2012-05-31 18:00:00,,-14.04
2012-06-01 00:00:00,,-14.055
2012-06-01 06:00:00,,-14.049
2012-06-01 12:00:00,,-14.058
2012-06-01 18:00:00,,-14.04
2012-06-02 00:00:00,,-14.056
2012-06-02 06:00:00,,-14.045
2012-06-02 12:00:00,,-14.056
2012-06-02 18:00:00,,-14.041
2012-06-03 00:00:00,,-14.057
2012-06-03 06:00:00,,-14.046
2012-06-03 12:00:00,,-14.058
2012-06-03 18:00:00,,-14.038
2012-06-04 00:00:00,,-14.062
2012-06-04 06:00:00,,-14.05
2012-06-04 12:00:00,,-14.066
2012-06-04 18:00:00,,-14.044
2012-06-05 00:00:00,,-14.067
2012-06-05 06:00:00,,-14.057
2012-06-05 12:00:00,,-14.071
2012-06-05 18:00:00,,-14.049
2012-06-06 00:00:00,,-14.069
2012-06-06 06:00:00,,-14.058
2012-06-06 12:00:00,,-14.07
2012-06-06 18:00:00,,-14.047
2012-06-07 00:00:00,,-14.064
2012-06-07 06:00:00,,-14.064
2012-06-07 12:00:00,,-14.073
2012-06-07 18:00:00,,-14.061
2012-06-08 00:00:00,,-14.081
2012-06-08 06:00:00,,-14.076
2012-06-08 12:00:00,,-14.083
2012-06-08 18:00:00,,-14.067
2012-06-09 00:00:00,,-14.08
2012-06-09 06:00:00,,-14.083
2012-06-09 12:00:00,,-14.084
2012-06-09 18:00:00,,-14.063
2012-06-10 00:00:00,,-14.071
2012-06-10 06:00:00,,-14.074
2012-06-10 12:00:00,,-14.075
2012-06-10 18:00:00,,-14.062
2012-06-11 00:00:00,,-14.058
2012-06-11 06:00:00,,-14.059
2012-06-11 12:00:00,,-14.059
2012-06-11 18:00:00,,-14.044
2012-06-12 00:00:00,,-14.048
2012-06-12 06:00:00,,-14.048
2012-06-12 12:00:00,,-14.054
2012-06-12 18:00:00,,-14.039
2012-06-13 00:00:00,,-14.039
2012-06-13 06:00:00,,-14.04
2012-06-13 12:00:00,,-14.047
2012-06-13 18:00:00,,-14.025
2012-06-14 00:00:00,,-14.027
2012-06-14 06:00:00,,-14.023
2012-06-14 12:00:00,,-14.031
2012-06-14 18:00:00,,-14.017
2012-06-15 00:00:00,,-14.027
2012-06-15 06:00:00,,-14.021
2012-06-15 12:00:00,,-14.029
2012-06-15 18:00:00,,-14.019
2012-06-16 00:00:00,,-14.04
2012-06-16 06:00:00,,-14.044
2012-06-16 12:00:00,,-14.071
2012-06-16 18:00:00,,-14.065
2012-06-17 00:00:00,,-14.092
2012-06-17 06:00:00,,-14.096
2012-06-17 12:00:00,,-14.117
2012-06-17 18:00:00,,-14.098
2012-06-18 00:00:00,,-14.114
2012-06-18 06:00:00,,-14.105
2012-06-18 12:00:00,,-14.116
2012-06-18 18:00:00,,-14.091
2012-06-19 00:00:00,,-14.106
2012-06-19 06:00:00,,-14.093
2012-06-19 12:00:00,,-14.098
2012-06-19 18:00:00,,-14.068
2012-06-20 00:00:00,,-14.08
2012-06-20 06:00:00,,-14.069
2012-06-20 12:00:00,,-14.076
2012-06-20 15:30:00,,-14.07
2012-06-20 16:00:00,,-14.066
2012-06-20 17:00:00,,-14.063
2012-06-20 18:00:00,,-14.062
2012-06-20 19:00:00,,-14.063
2012-06-20 20:00:00,,-14.066
2012-06-20 21:00:00,,-14.066
2012-06-20 22:00:00,,-14.07
2012-06-20 23:00:00,,-14.072
2012-06-21 00:00:00,,-14.072
2012-06-21 01:00:00,,-14.071
2012-06-21 02:00:00,,-14.069
2012-06-21 03:00:00,,-14.063
2012-06-21 04:00:00,,-14.059
2012-06-21 05:00:00,,-14.057
2012-06-21 06:00:00,,-14.057
2012-06-21 07:00:00,,-14.059
2012-06-21 08:00:00,,-14.064
2012-06-21 09:00:00,,-14.066
2012-06-21 10:00:00,,-14.067
2012-06-21 11:00:00,,-14.066
2012-06-21 12:00:00,,-14.063
2012-06-21 13:00:00,,-14.058
2012-06-21 14:00:00,,-14.052
2012-06-21 15:00:00,,-14.045
2012-06-21 16:00:00,,-14.041
2012-06-21 17:00:00,,-14.038
2012-06-21 18:00:00,,-14.037
2012-06-21 19:00:00,,-14.039
2012-06-21 20:00:00,,-14.043
2012-06-21 21:00:00,,-14.047
2012-06-21 22:00:00,,-14.05
2012-06-21 23:00:00,,-14.052
2012-06-22 00:00:00,,-14.059
2012-06-22 01:00:00,,-14.065
2012-06-22 02:00:00,,-14.068
2012-06-22 03:00:00,,-14.07
2012-06-22 04:00:00,,-14.072
2012-06-22 05:00:00,,-14.071
2012-06-22 06:00:00,,-14.072
2012-06-22 07:00:00,,-14.076
2012-06-22 08:00:00,,-14.08
2012-06-22 09:00:00,,-14.084
2012-06-22 10:00:00,,-14.09
2012-06-22 11:00:00,,-14.093
2012-06-22 12:00:00,,-14.095
2012-06-22 13:00:00,,-14.093
2012-06-22 14:00:00,,-14.091
2012-06-22 15:00:00,,-14.088
2012-06-22 16:00:00,,-14.087
2012-06-22 17:00:00,,-14.086
2012-06-22 18:00:00,,-14.087
2012-06-22 19:00:00,,-14.091
2012-06-22 20:00:00,,-14.097
2012-06-22 21:00:00,,-14.102
2012-06-22 22:00:00,,-14.107
2012-06-22 23:00:00,,-14.112
2012-06-23 00:00:00,,-14.116
2012-06-23 01:00:00,,-14.119
2012-06-23 02:00:00,,-14.122
2012-06-23 03:00:00,,-14.12
2012-06-23 04:00:00,,-14.12
2012-06-23 05:00:00,,-14.12
2012-06-23 06:00:00,,-14.119
2012-06-23 07:00:00,,-14.117
2012-06-23 08:00:00,,-14.122
2012-06-23 09:00:00,,-14.126
2012-06-23 10:00:00,,-14.128
2012-06-23 11:00:00,,-14.129
2012-06-23 12:00:00,,-14.13
2012-06-23 13:00:00,,-14.127
2012-06-23 14:00:00,,-14.122
2012-06-23 15:00:00,,-14.119
2012-06-23 16:00:00,,-14.118
2012-06-23 17:00:00,,-14.118
2012-06-23 18:00:00,,-14.119
2012-06-23 19:00:00,,-14.121
2012-06-23 20:00:00,,-14.126
2012-06-23 21:00:00,,-14.129
2012-06-23 22:00:00,,-14.131
2012-06-23 23:00:00,,-14.136
2012-06-24 00:00:00,,-14.136
2012-06-24 01:00:00,,-14.139
2012-06-24 02:00:00,,-14.141
2012-06-24 03:00:00,,-14.138
2012-06-24 04:00:00,,-14.138
2012-06-24 05:00:00,,-14.135
2012-06-24 06:00:00,,-14.134
2012-06-24 07:00:00,,-14.133
2012-06-24 08:00:00,,-14.135
2012-06-24 09:00:00,,-14.138
2012-06-24 10:00:00,,-14.141
2012-06-24 11:00:00,,-14.14
2012-06-24 12:00:00,,-14.14
2012-06-24 13:00:00,,-14.136
2012-06-24 14:00:00,,-14.135
2012-06-24 15:00:00,,-14.133
2012-06-24 16:00:00,,-14.131
2012-06-24 17:00:00,,-14.128
2012-06-24 18:00:00,,-14.127
2012-06-24 19:00:00,,-14.129
2012-06-24 20:00:00,,-14.13
2012-06-24 21:00:00,,-14.132
2012-06-24 22:00:00,,-14.132
2012-06-24 23:00:00,,-14.134
2012-06-25 00:00:00,,-14.135
2012-06-25 01:00:00,,-14.135
2012-06-25 02:00:00,,-14.133
2012-06-25 03:00:00,,-14.131
2012-06-25 04:00:00,,-14.131
2012-06-25 05:00:00,,-14.13
2012-06-25 06:00:00,,-14.128
2012-06-25 07:00:00,,-14.129
2012-06-25 08:00:00,,-14.129
2012-06-25 09:00:00,,-14.129
2012-06-25 10:00:00,,-14.132
2012-06-25 11:00:00,,-14.131
2012-06-25 12:00:00,,-14.13
2012-06-25 13:00:00,,-14.125
2012-06-25 14:00:00,,-14.12
2012-06-25 15:00:00,,-14.117
2012-06-25 16:00:00,,-14.113
2012-06-25 17:00:00,,-14.113
2012-06-25 18:00:00,,-14.113
2012-06-25 19:00:00,,-14.116
2012-06-25 20:00:00,,-14.118
2012-06-25 21:00:00,,-14.118
2012-06-25 22:00:00,,-14.12
2012-06-25 23:00:00,,-14.12
2012-06-26 00:00:00,,-14.12
2012-06-26 01:00:00,,-14.119
2012-06-26 02:00:00,,-14.117
2012-06-26 03:00:00,,-14.116
2012-06-26 04:00:00,,-14.115
2012-06-26 05:00:00,,-14.116
2012-06-26 06:00:00,,-14.116
2012-06-26 07:00:00,,-14.111
2012-06-26 08:00:00,,-14.114
2012-06-26 09:00:00,,-14.115
2012-06-26 10:00:00,,-14.114
2012-06-26 11:00:00,,-14.113
2012-06-26 12:00:00,,-14.109
2012-06-26 13:00:00,,-14.105
2012-06-26 14:00:00,,-14.099
2012-06-26 15:00:00,,-14.096
2012-06-26 16:00:00,,-14.096
2012-06-26 17:00:00,,-14.094
2012-06-26 18:00:00,,-14.095
2012-06-26 19:00:00,,-14.095
2012-06-26 20:00:00,,-14.097
2012-06-26 21:00:00,,-14.098
2012-06-26 22:00:00,,-14.098
2012-06-26 23:00:00,,-14.099
2012-06-27 00:00:00,,-14.098
2012-06-27 01:00:00,,-14.098
2012-06-27 02:00:00,,-14.097
2012-06-27 03:00:00,,-14.095
2012-06-27 04:00:00,,-14.094
2012-06-27 05:00:00,,-14.094
2012-06-27 06:00:00,,-14.093
2012-06-27 07:00:00,,-14.095
2012-06-27 08:00:00,,-14.097
2012-06-27 09:00:00,,-14.097
2012-06-27 10:00:00,,-14.097
2012-06-27 11:00:00,,-14.095
2012-06-27 12:00:00,,-14.094
2012-06-27 13:00:00,,-14.087
2012-06-27 14:00:00,,-14.083
2012-06-27 15:00:00,,-14.079
2012-06-27 16:00:00,,-14.074
2012-06-27 17:00:00,,-14.07
2012-06-27 18:00:00,,-14.071
2012-06-27 19:00:00,,-14.074
2012-06-27 20:00:00,,-14.075
2012-06-27 21:00:00,,-14.079
2012-06-27 22:00:00,,-14.079
2012-06-27 23:00:00,,-14.076
2012-06-28 00:00:00,,-14.077
2012-06-28 01:00:00,,-14.075
2012-06-28 02:00:00,,-14.072
2012-06-28 03:00:00,,-14.072
2012-06-28 04:00:00,,-14.074
2012-06-28 05:00:00,,-14.073
2012-06-28 06:00:00,,-14.073
2012-06-28 07:00:00,,-14.073
2012-06-28 08:00:00,,-14.075
2012-06-28 09:00:00,,-14.075
2012-06-28 10:00:00,,-14.076
2012-06-28 11:00:00,,-14.074
2012-06-28 12:00:00,,-14.069
2012-06-28 13:00:00,,-14.062
2012-06-28 14:00:00,,-14.057
2012-06-28 15:00:00,,-14.052
2012-06-28 16:00:00,,-14.052
2012-06-28 17:00:00,,-14.051
2012-06-28 18:00:00,,-14.053
2012-06-28 19:00:00,,-14.053
2012-06-28 20:00:00,,-14.056
2012-06-28 21:00:00,,-14.055
2012-06-28 22:00:00,,-14.055
2012-06-28 23:00:00,,-14.053
2012-06-29 00:00:00,,-14.053
2012-06-29 01:00:00,,-14.05
2012-06-29 02:00:00,,-14.051
2012-06-29 03:00:00,,-14.049
2012-06-29 04:00:00,,-14.049
2012-06-29 05:00:00,,-14.049
2012-06-29 06:00:00,,-14.05
2012-06-29 07:00:00,,-14.053
2012-06-29 08:00:00,,-14.056
2012-06-29 09:00:00,,-14.059
2012-06-29 10:00:00,,-14.061
2012-06-29 11:00:00,,-14.058
2012-06-29 12:00:00,,-14.055
2012-06-29 13:00:00,,-14.05
2012-06-29 14:00:00,,-14.044
2012-06-29 15:00:00,,-14.041
2012-06-29 16:00:00,,-14.041
2012-06-29 17:00:00,,-14.041
2012-06-29 18:00:00,,-14.043
2012-06-29 19:00:00,,-14.047
2012-06-29 20:00:00,,-14.051
2012-06-29 21:00:00,,-14.053
2012-06-29 22:00:00,,-14.056
2012-06-29 23:00:00,,-14.057
2012-06-30 00:00:00,,-14.057
2012-06-30 01:00:00,,-14.057
2012-06-30 02:00:00,,-14.055
2012-06-30 03:00:00,,-14.055
2012-06-30 04:00:00,,-14.057
2012-06-30 05:00:00,,-14.057
2012-06-30 06:00:00,,-14.061
2012-06-30 07:00:00,,-14.066
2012-06-30 08:00:00,,-14.072
2012-06-30 09:00:00,,-14.077
2012-06-30 10:00:00,,-14.08
2012-06-30 11:00:00,,-14.08
2012-06-30 12:00:00,,-14.079
2012-06-30 13:00:00,,-14.073
2012-06-30 14:00:00,,-14.069
2012-06-30 15:00:00,,-14.064
2012-06-30 16:00:00,,-14.064
2012-06-30 17:00:00,,-14.063
2012-06-30 18:00:00,,-14.066
2012-06-30 19:00:00,,-14.071
2012-06-30 20:00:00,,-14.078
2012-06-30 21:00:00,,-14.082
2012-06-30 22:00:00,,-14.086
2012-06-30 23:00:00,,-14.088
2012-07-01 00:00:00,,-14.09
2012-07-01 01:00:00,,-14.089
2012-07-01 02:00:00,,-14.087
2012-07-01 03:00:00,,-14.088
2012-07-01 04:00:00,,-14.088
2012-07-01 05:00:00,,-14.091
2012-07-01 06:00:00,,-14.093
2012-07-01 07:00:00,,-14.097
2012-07-01 08:00:00,,-14.104
2012-07-01 09:00:00,,-14.11
2012-07-01 10:00:00,,-14.114
2012-07-01 11:00:00,,-14.115
2012-07-01 12:00:00,,-14.115
2012-07-01 13:00:00,,-14.111
2012-07-01 14:00:00,,-14.105
2012-07-01 15:00:00,,-14.102
2012-07-01 16:00:00,,-14.098
2012-07-01 17:00:00,,-14.097
2012-07-01 18:00:00,,-14.098
2012-07-01 19:00:00,,-14.101
2012-07-01 20:00:00,,-14.107
2012-07-01 21:00:00,,-14.111
2012-07-01 22:00:00,,-14.114
2012-07-01 23:00:00,,-14.115
2012-07-02 00:00:00,,-14.115
2012-07-02 01:00:00,,-14.114
2012-07-02 02:00:00,,-14.113
2012-07-02 03:00:00,,-14.11
2012-07-02 04:00:00,,-14.109
2012-07-02 05:00:00,,-14.107
2012-07-02 06:00:00,,-14.108
2012-07-02 07:00:00,,-14.112
2012-07-02 08:00:00,,-14.115
2012-07-02 09:00:00,,-14.119
2012-07-02 10:00:00,,-14.12
2012-07-02 11:00:00,,-14.12
2012-07-02 12:00:00,,-14.118
2012-07-02 13:00:00,,-14.111
2012-07-02 14:00:00,,-14.104
2012-07-02 15:00:00,,-14.097
2012-07-02 16:00:00,,-14.093
2012-07-02 17:00:00,,-14.089
2012-07-02 18:00:00,,-14.091
2012-07-02 19:00:00,,-14.094
2012-07-02 20:00:00,,-14.1
2012-07-02 21:00:00,,-14.105
2012-07-02 22:00:00,,-14.109
2012-07-02 23:00:00,,-14.112
2012-07-03 00:00:00,,-14.113
2012-07-03 01:00:00,,-14.111
2012-07-03 02:00:00,,-14.109
2012-07-03 03:00:00,,-14.105
2012-07-03 04:00:00,,-14.103
2012-07-03 05:00:00,,-14.1
2012-07-03 06:00:00,,-14.101
2012-07-03 07:00:00,,-14.101
2012-07-03 08:00:00,,-14.104
2012-07-03 09:00:00,,-14.108
2012-07-03 10:00:00,,-14.111
2012-07-03 11:00:00,,-14.112
2012-07-03 12:00:00,,-14.11
2012-07-03 13:00:00,,-14.106
2012-07-03 14:00:00,,-14.101
2012-07-03 15:00:00,,-14.094
2012-07-03 16:00:00,,-14.09
2012-07-03 17:00:00,,-14.088
2012-07-03 18:00:00,,-14.089
2012-07-03 19:00:00,,-14.094
2012-07-03 20:00:00,,-14.097
2012-07-03 21:00:00,,-14.102
2012-07-03 22:00:00,,-14.106
2012-07-03 23:00:00,,-14.11
2012-07-04 00:00:00,,-14.111
2012-07-04 01:00:00,,-14.111
2012-07-04 02:00:00,,-14.109
2012-07-04 03:00:00,,-14.105
2012-07-04 04:00:00,,-14.103
2012-07-04 05:00:00,,-14.1
2012-07-04 06:00:00,,-14.101
2012-07-04 07:00:00,,-14.102
2012-07-04 08:00:00,,-14.107
2012-07-04 09:00:00,,-14.111
2012-07-04 10:00:00,,-14.116
2012-07-04 11:00:00,,-14.118
2012-07-04 12:00:00,,-14.118
2012-07-04 13:00:00,,-14.114
2012-07-04 14:00:00,,-14.109
2012-07-04 15:00:00,,-14.105
2012-07-04 16:00:00,,-14.1
2012-07-04 17:00:00,,-14.099
2012-07-04 18:00:00,,-14.099
2012-07-04 19:00:00,,-14.101
2012-07-04 20:00:00,,-14.107
2012-07-04 21:00:00,,-14.112
2012-07-04 22:00:00,,-14.116
2012-07-04 23:00:00,,-14.12
2012-07-05 00:00:00,,-14.12
2012-07-05 01:00:00,,-14.12
2012-07-05 02:00:00,,-14.119
2012-07-05 03:00:00,,-14.116
2012-07-05 04:00:00,,-14.114
2012-07-05 05:00:00,,-14.111
2012-07-05 06:00:00,,-14.11
2012-07-05 07:00:00,,-14.111
2012-07-05 08:00:00,,-14.115
2012-07-05 09:00:00,,-14.118
2012-07-05 10:00:00,,-14.12
2012-07-05 11:00:00,,-14.12
2012-07-05 12:00:00,,-14.12
2012-07-05 13:00:00,,-14.115
2012-07-05 14:00:00,,-14.11
2012-07-05 15:00:00,,-14.104
2012-07-05 16:00:00,,-14.101
2012-07-05 17:00:00,,-14.098
2012-07-05 18:00:00,,-14.099
2012-07-05 19:00:00,,-14.1
2012-07-05 20:00:00,,-14.105
2012-07-05 21:00:00,,-14.108
2012-07-05 22:00:00,,-14.112
2012-07-05 23:00:00,,-14.114
2012-07-06 00:00:00,,-14.115
2012-07-06 01:00:00,,-14.115
2012-07-06 02:00:00,,-14.113
2012-07-06 03:00:00,,-14.11
2012-07-06 04:00:00,,-14.107
2012-07-06 05:00:00,,-14.102
2012-07-06 06:00:00,,-14.102
2012-07-06 07:00:00,,-14.101
2012-07-06 08:00:00,,-14.102
2012-07-06 09:00:00,,-14.103
2012-07-06 10:00:00,,-14.105
2012-07-06 11:00:00,,-14.105
2012-07-06 12:00:00,,-14.101
2012-07-06 13:00:00,,-14.097
2012-07-06 14:00:00,,-14.091
2012-07-06 15:00:00,,-14.086
2012-07-06 16:00:00,,-14.081
2012-07-06 17:00:00,,-14.076
2012-07-06 18:00:00,,-14.074
2012-07-06 19:00:00,,-14.075
2012-07-06 20:00:00,,-14.077
2012-07-06 21:00:00,,-14.078
2012-07-06 22:00:00,,-14.081
2012-07-06 23:00:00,,-14.085
2012-07-07 00:00:00,,-14.086
2012-07-07 01:00:00,,-14.085
2012-07-07 02:00:00,,-14.086
2012-07-07 03:00:00,,-14.083
2012-07-07 04:00:00,,-14.079
2012-07-07 05:00:00,,-14.077
2012-07-07 06:00:00,,-14.074
2012-07-07 07:00:00,,-14.073
2012-07-07 08:00:00,,-14.073
2012-07-07 09:00:00,,-14.076
2012-07-07 10:00:00,,-14.076
2012-07-07 11:00:00,,-14.076
2012-07-07 12:00:00,,-14.075
2012-07-07 13:00:00,,-14.07
2012-07-07 14:00:00,,-14.064
2012-07-07 15:00:00,,-14.06
2012-07-07 16:00:00,,-14.055
2012-07-07 17:00:00,,-14.051
2012-07-07 18:00:00,,-14.05
2012-07-07 19:00:00,,-14.05
2012-07-07 20:00:00,,-14.053
2012-07-07 21:00:00,,-14.055
2012-07-07 22:00:00,,-14.055
2012-07-07 23:00:00,,-14.057
2012-07-08 00:00:00,,-14.059
2012-07-08 01:00:00,,-14.059
2012-07-08 02:00:00,,-14.057
2012-07-08 03:00:00,,-14.056
2012-07-08 04:00:00,,-14.054
2012-07-08 05:00:00,,-14.052
2012-07-08 06:00:00,,-14.05
2012-07-08 07:00:00,,-14.05
2012-07-08 08:00:00,,-14.051
2012-07-08 09:00:00,,-14.052
2012-07-08 10:00:00,,-14.052
2012-07-08 11:00:00,,-14.051
2012-07-08 12:00:00,,-14.047
2012-07-08 13:00:00,,-14.045
2012-07-08 14:00:00,,-14.041
2012-07-08 15:00:00,,-14.037
2012-07-08 16:00:00,,-14.035
2012-07-08 17:00:00,,-14.035
2012-07-08 18:00:00,,-14.035
2012-07-08 19:00:00,,-14.037
2012-07-08 20:00:00,,-14.039
2012-07-08 21:00:00,,-14.04
2012-07-08 22:00:00,,-14.041
2012-07-08 23:00:00,,-14.042
2012-07-09 00:00:00,,-14.043
2012-07-09 01:00:00,,-14.044
2012-07-09 02:00:00,,-14.044
2012-07-09 03:00:00,,-14.041
2012-07-09 04:00:00,,-14.042
2012-07-09 05:00:00,,-14.04
2012-07-09 06:00:00,,-14.041
2012-07-09 07:00:00,,-14.041
2012-07-09 08:00:00,,-14.043
2012-07-09 09:00:00,,-14.044
2012-07-09 10:00:00,,-14.047
2012-07-09 11:00:00,,-14.047
2012-07-09 12:00:00,,-14.046
2012-07-09 13:00:00,,-14.042
2012-07-09 14:00:00,,-14.039
2012-07-09 15:00:00,,-14.035
2012-07-09 16:00:00,,-14.034
2012-07-09 17:00:00,,-14.033
2012-07-09 18:00:00,,-14.032
2012-07-09 19:00:00,,-14.035
2012-07-09 20:00:00,,-14.037
2012-07-09 21:00:00,,-14.04
2012-07-09 22:00:00,,-14.042
2012-07-09 23:00:00,,-14.044
2012-07-10 00:00:00,,-14.046
2012-07-10 01:00:00,,-14.047
2012-07-10 02:00:00,,-14.047
2012-07-10 03:00:00,,-14.048
2012-07-10 04:00:00,,-14.048
2012-07-10 05:00:00,,-14.048
2012-07-10 06:00:00,,-14.049
2012-07-10 07:00:00,,-14.049
2012-07-10 08:00:00,,-14.052
2012-07-10 09:00:00,,-14.053
2012-07-10 10:00:00,,-14.053
2012-07-10 11:00:00,,-14.054
2012-07-10 12:00:00,,-14.052
2012-07-10 13:00:00,,-14.047
2012-07-10 14:00:00,,-14.043
2012-07-10 15:00:00,,-14.041
2012-07-10 16:00:00,,-14.039
2012-07-10 17:00:00,,-14.037
2012-07-10 18:00:00,,-14.036
2012-07-10 19:00:00,,-14.037
2012-07-10 20:00:00,,-14.04
2012-07-10 21:00:00,,-14.041
2012-07-10 22:00:00,,-14.041
2012-07-10 23:00:00,,-14.042
2012-07-11 00:00:00,,-14.041
2012-07-11 01:00:00,,-14.039
2012-07-11 02:00:00,,-14.039
2012-07-11 03:00:00,,-14.038
2012-07-11 04:00:00,,-14.038
2012-07-11 05:00:00,,-14.037
2012-07-11 06:00:00,,-14.036
2012-07-11 07:00:00,,-14.038
2012-07-11 08:00:00,,-14.039
2012-07-11 09:00:00,,-14.04
2012-07-11 10:00:00,,-14.039
2012-07-11 11:00:00,,-14.038
2012-07-11 12:00:00,,-14.034
2012-07-11 13:00:00,,-14.028
2012-07-11 14:00:00,,-14.024
2012-07-11 15:00:00,,-14.019
2012-07-11 16:00:00,,-14.018
2012-07-11 17:00:00,,-14.018
2012-07-11 18:00:00,,-14.019
2012-07-11 19:00:00,,-14.022
2012-07-11 20:00:00,,-14.023
2012-07-11 21:00:00,,-14.025
2012-07-11 22:00:00,,-14.026
2012-07-11 23:00:00,,-14.027
2012-07-12 00:00:00,,-14.027
2012-07-12 01:00:00,,-14.028
2012-07-12 02:00:00,,-14.027
2012-07-12 03:00:00,,-14.026
2012-07-12 04:00:00,,-14.027
2012-07-12 05:00:00,,-14.028
2012-07-12 06:00:00,,-14.029
2012-07-12 07:00:00,,-14.032
2012-07-12 08:00:00,,-14.034
2012-07-12 09:00:00,,-14.038
2012-07-12 10:00:00,,-14.038
2012-07-12 11:00:00,,-14.037
2012-07-12 12:00:00,,-14.036
2012-07-12 13:00:00,,-14.031
2012-07-12 14:00:00,,-14.028
2012-07-12 15:00:00,,-14.025
2012-07-12 16:00:00,,-14.025
2012-07-12 17:00:00,,-14.025
2012-07-12 18:00:00,,-14.029
2012-07-12 19:00:00,,-14.031
2012-07-12 20:00:00,,-14.033
2012-07-12 21:00:00,,-14.037
2012-07-12 22:00:00,,-14.038
2012-07-12 23:00:00,,-14.038
2012-07-13 00:00:00,,-14.038
2012-07-13 01:00:00,,-14.037
2012-07-13 02:00:00,,-14.039
2012-07-13 03:00:00,,-14.037
2012-07-13 04:00:00,,-14.04
2012-07-13 05:00:00,,-14.041
2012-07-13 06:00:00,,-14.043
2012-07-13 07:00:00,,-14.049
2012-07-13 08:00:00,,-14.053
2012-07-13 09:00:00,,-14.055
2012-07-13 10:00:00,,-14.059
2012-07-13 11:00:00,,-14.057
2012-07-13 12:00:00,,-14.056
2012-07-13 13:00:00,,-14.053
2012-07-13 14:00:00,,-14.048
2012-07-13 15:00:00,,-14.046
2012-07-13 16:00:00,,-14.044
2012-07-13 17:00:00,,-14.044
2012-07-13 18:00:00,,-14.048
2012-07-13 19:00:00,,-14.051
2012-07-13 20:00:00,,-14.055
2012-07-13 21:00:00,,-14.057
2012-07-13 22:00:00,,-14.06
2012-07-13 23:00:00,,-14.061
2012-07-14 00:00:00,,-14.062
2012-07-14 01:00:00,,-14.059
2012-07-14 02:00:00,,-14.059
2012-07-14 03:00:00,,-14.058
2012-07-14 04:00:00,,-14.059
2012-07-14 05:00:00,,-14.059
2012-07-14 06:00:00,,-14.061
2012-07-14 07:00:00,,-14.066
2012-07-14 08:00:00,,-14.071
2012-07-14 09:00:00,,-14.077
2012-07-14 10:00:00,,-14.08
2012-07-14 11:00:00,,-14.08
2012-07-14 12:00:00,,-14.08
2012-07-14 13:00:00,,-14.076
2012-07-14 14:00:00,,-14.071
2012-07-14 15:00:00,,-14.069
2012-07-14 16:00:00,,-14.068
2012-07-14 17:00:00,,-14.069
2012-07-14 18:00:00,,-14.072
2012-07-14 19:00:00,,-14.077
2012-07-14 20:00:00,,-14.084
2012-07-14 21:00:00,,-14.091
2012-07-14 22:00:00,,-14.095
2012-07-14 23:00:00,,-14.098
2012-07-15 00:00:00,,-14.1
2012-07-15 01:00:00,,-14.101
2012-07-15 02:00:00,,-14.101
2012-07-15 03:00:00,,-14.098
2012-07-15 04:00:00,,-14.099
2012-07-15 05:00:00,,-14.099
2012-07-15 06:00:00,,-14.103
2012-07-15 07:00:00,,-14.107
2012-07-15 08:00:00,,-14.113
2012-07-15 09:00:00,,-14.117
2012-07-15 10:00:00,,-14.122
2012-07-15 11:00:00,,-14.122
2012-07-15 12:00:00,,-14.12
2012-07-15 13:00:00,,-14.115
2012-07-15 14:00:00,,-14.11
2012-07-15 15:00:00,,-14.104
2012-07-15 16:00:00,,-14.102
2012-07-15 17:00:00,,-14.1
2012-07-15 18:00:00,,-14.103
2012-07-15 19:00:00,,-14.105
2012-07-15 20:00:00,,-14.111
2012-07-15 21:00:00,,-14.116
2012-07-15 22:00:00,,-14.12
2012-07-15 23:00:00,,-14.121
2012-07-16 00:00:00,,-14.121
2012-07-16 01:00:00,,-14.116
2012-07-16 02:00:00,,-14.115
2012-07-16 03:00:00,,-14.113
2012-07-16 04:00:00,,-14.109
2012-07-16 05:00:00,,-14.11
2012-07-16 06:00:00,,-14.111
2012-07-16 07:00:00,,-14.111
2012-07-16 08:00:00,,-14.114
2012-07-16 09:00:00,,-14.116
2012-07-16 10:00:00,,-14.116
2012-07-16 11:00:00,,-14.115
2012-07-16 12:00:00,,-14.111
2012-07-16 13:00:00,,-14.104
2012-07-16 14:00:00,,-14.097
2012-07-16 15:00:00,,-14.092
2012-07-16 16:00:00,,-14.086
2012-07-16 17:00:00,,-14.083
2012-07-16 18:00:00,,-14.085
2012-07-16 19:00:00,,-14.086
2012-07-16 20:00:00,,-14.089
2012-07-16 21:00:00,,-14.094
2012-07-16 22:00:00,,-14.098
2012-07-16 23:00:00,,-14.098
2012-07-17 00:00:00,,-14.097
2012-07-17 01:00:00,,-14.096
2012-07-17 02:00:00,,-14.094
2012-07-17 03:00:00,,-14.091
2012-07-17 04:00:00,,-14.089
2012-07-17 05:00:00,,-14.087
2012-07-17 06:00:00,,-14.089
2012-07-17 07:00:00,,-14.091
2012-07-17 08:00:00,,-14.093
2012-07-17 09:00:00,,-14.094
2012-07-17 10:00:00,,-14.098
2012-07-17 11:00:00,,-14.098
2012-07-17 12:00:00,,-14.093
2012-07-17 13:00:00,,-14.089
2012-07-17 14:00:00,,-14.082
2012-07-17 15:00:00,,-14.076
2012-07-17 16:00:00,,-14.073
2012-07-17 17:00:00,,-14.071
2012-07-17 18:00:00,,-14.073
2012-07-17 19:00:00,,-14.075
2012-07-17 20:00:00,,-14.081
2012-07-17 21:00:00,,-14.085
2012-07-17 22:00:00,,-14.091
2012-07-17 23:00:00,,-14.094
2012-07-18 00:00:00,,-14.095
2012-07-18 01:00:00,,-14.094
2012-07-18 02:00:00,,-14.092
2012-07-18 03:00:00,,-14.088
2012-07-18 04:00:00,,-14.086
2012-07-18 05:00:00,,-14.086
2012-07-18 06:00:00,,-14.084
2012-07-18 07:00:00,,-14.087
2012-07-18 08:00:00,,-14.092
2012-07-18 09:00:00,,-14.096
2012-07-18 10:00:00,,-14.101
2012-07-18 11:00:00,,-14.101
2012-07-18 12:00:00,,-14.101
2012-07-18 13:00:00,,-14.094
2012-07-18 14:00:00,,-14.087
2012-07-18 15:00:00,,-14.083
2012-07-18 16:00:00,,-14.079
2012-07-18 17:00:00,,-14.077
2012-07-18 18:00:00,,-14.079
2012-07-18 19:00:00,,-14.082
2012-07-18 20:00:00,,-14.089
2012-07-18 21:00:00,,-14.095
2012-07-18 22:00:00,,-14.1
2012-07-18 23:00:00,,-14.104
2012-07-19 00:00:00,,-14.105
2012-07-19 01:00:00,,-14.103
2012-07-19 02:00:00,,-14.102
2012-07-19 03:00:00,,-14.101
2012-07-19 04:00:00,,-14.1
2012-07-19 05:00:00,,-14.1
2012-07-19 06:00:00,,-14.1
2012-07-19 07:00:00,,-14.101
2012-07-19 08:00:00,,-14.106
2012-07-19 09:00:00,,-14.111
2012-07-19 10:00:00,,-14.115
2012-07-19 11:00:00,,-14.118
2012-07-19 12:00:00,,-14.118
2012-07-19 13:00:00,,-14.112
2012-07-19 14:00:00,,-14.106
2012-07-19 15:00:00,,-14.101
2012-07-19 16:00:00,,-14.097
2012-07-19 17:00:00,,-14.095
2012-07-19 18:00:00,,-14.095
2012-07-19 19:00:00,,-14.098
2012-07-19 20:00:00,,-14.103
2012-07-19 21:00:00,,-14.106
2012-07-19 22:00:00,,-14.112
2012-07-19 23:00:00,,-14.114
2012-07-20 00:00:00,,-14.118
2012-07-20 01:00:00,,-14.118
2012-07-20 02:00:00,,-14.118
2012-07-20 03:00:00,,-14.116
2012-07-20 04:00:00,,-14.114
2012-07-20 05:00:00,,-14.112
2012-07-20 06:00:00,,-14.112
2012-07-20 07:00:00,,-14.116
2012-07-20 08:00:00,,-14.118
2012-07-20 09:00:00,,-14.123
2012-07-20 10:00:00,,-14.125
2012-07-20 11:00:00,,-14.127
2012-07-20 12:00:00,,-14.127
2012-07-20 13:00:00,,-14.122
2012-07-20 14:00:00,,-14.117
2012-07-20 15:00:00,,-14.112
2012-07-20 16:00:00,,-14.107
2012-07-20 17:00:00,,-14.105
2012-07-20 18:00:00,,-14.104
2012-07-20 19:00:00,,-14.109
2012-07-20 20:00:00,,-14.112
2012-07-20 21:00:00,,-14.117
2012-07-20 22:00:00,,-14.122
2012-07-20 23:00:00,,-14.125
2012-07-21 00:00:00,,-14.127
2012-07-21 01:00:00,,-14.127
2012-07-21 02:00:00,,-14.127
2012-07-21 03:00:00,,-14.125
2012-07-21 04:00:00,,-14.124
2012-07-21 05:00:00,,-14.121
2012-07-21 06:00:00,,-14.121
2012-07-21 07:00:00,,-14.121
2012-07-21 08:00:00,,-14.124
2012-07-21 09:00:00,,-14.126
2012-07-21 10:00:00,,-14.128
2012-07-21 11:00:00,,-14.129
2012-07-21 12:00:00,,-14.126
2012-07-21 13:00:00,,-14.121
2012-07-21 14:00:00,,-14.116
2012-07-21 15:00:00,,-14.109
2012-07-21 16:00:00,,-14.104
2012-07-21 17:00:00,,-14.101
2012-07-21 18:00:00,,-14.1
2012-07-21 19:00:00,,-14.103
2012-07-21 20:00:00,,-14.105
2012-07-21 21:00:00,,-14.11
2012-07-21 22:00:00,,-14.112
2012-07-21 23:00:00,,-14.113
2012-07-22 00:00:00,,-14.114
2012-07-22 01:00:00,,-14.113
2012-07-22 02:00:00,,-14.113
2012-07-22 03:00:00,,-14.109
2012-07-22 04:00:00,,-14.108
2012-07-22 05:00:00,,-14.105
2012-07-22 06:00:00,,-14.104
2012-07-22 07:00:00,,-14.102
2012-07-22 08:00:00,,-14.105
2012-07-22 09:00:00,,-14.105
2012-07-22 10:00:00,,-14.108
2012-07-22 11:00:00,,-14.108
2012-07-22 12:00:00,,-14.106
2012-07-22 13:00:00,,-14.1
2012-07-22 14:00:00,,-14.093
2012-07-22 15:00:00,,-14.088
2012-07-22 16:00:00,,-14.082
2012-07-22 17:00:00,,-14.078
2012-07-22 18:00:00,,-14.076
2012-07-22 19:00:00,,-14.079
2012-07-22 20:00:00,,-14.081
2012-07-22 21:00:00,,-14.085
2012-07-22 22:00:00,,-14.087
2012-07-22 23:00:00,,-14.09
2012-07-23 00:00:00,,-14.091
2012-07-23 01:00:00,,-14.093
2012-07-23 02:00:00,,-14.094
2012-07-23 03:00:00,,-14.094
2012-07-23 04:00:00,,-14.09
2012-07-23 05:00:00,,-14.09
2012-07-23 06:00:00,,-14.087
2012-07-23 07:00:00,,-14.087
2012-07-23 08:00:00,,-14.087
2012-07-23 09:00:00,,-14.089
2012-07-23 10:00:00,,-14.09
2012-07-23 11:00:00,,-14.089
2012-07-23 12:00:00,,-14.086
2012-07-23 13:00:00,,-14.082
2012-07-23 14:00:00,,-14.074
2012-07-23 15:00:00,,-14.069
2012-07-23 16:00:00,,-14.065
2012-07-23 17:00:00,,-14.064
2012-07-23 18:00:00,,-14.062
2012-07-23 19:00:00,,-14.063
2012-07-23 20:00:00,,-14.064
2012-07-23 21:00:00,,-14.067
2012-07-23 22:00:00,,-14.069
2012-07-23 23:00:00,,-14.071
2012-07-24 00:00:00,,-14.074
2012-07-24 01:00:00,,-14.073
2012-07-24 02:00:00,,-14.074
2012-07-24 03:00:00,,-14.074
2012-07-24 04:00:00,,-14.073
2012-07-24 05:00:00,,-14.072
2012-07-24 06:00:00,,-14.072
2012-07-24 07:00:00,,-14.072
2012-07-24 08:00:00,,-14.075
2012-07-24 09:00:00,,-14.077
2012-07-24 10:00:00,,-14.077
2012-07-24 11:00:00,,-14.076
2012-07-24 12:00:00,,-14.075
2012-07-24 13:00:00,,-14.071
2012-07-24 14:00:00,,-14.066
2012-07-24 15:00:00,,-14.061
2012-07-24 16:00:00,,-14.059
2012-07-24 17:00:00,,-14.055
2012-07-24 18:00:00,,-14.053
2012-07-24 19:00:00,,-14.053
2012-07-24 20:00:00,,-14.055
2012-07-24 21:00:00,,-14.057
2012-07-24 22:00:00,,-14.06
2012-07-24 23:00:00,,-14.061
2012-07-25 00:00:00,,-14.061
2012-07-25 01:00:00,,-14.062
2012-07-25 02:00:00,,-14.062
2012-07-25 03:00:00,,-14.064
2012-07-25 04:00:00,,-14.064
2012-07-25 05:00:00,,-14.063
2012-07-25 06:00:00,,-14.065
2012-07-25 07:00:00,,-14.066
2012-07-25 08:00:00,,-14.069
2012-07-25 09:00:00,,-14.069
2012-07-25 10:00:00,,-14.071
2012-07-25 11:00:00,,-14.073
2012-07-25 12:00:00,,-14.073
2012-07-25 13:00:00,,-14.07
2012-07-25 14:00:00,,-14.066
2012-07-25 15:00:00,,-14.064
2012-07-25 16:00:00,,-14.062
2012-07-25 17:00:00,,-14.061
2012-07-25 18:00:00,,-14.061
2012-07-25 19:00:00,,-14.061
2012-07-25 20:00:00,,-14.065
2012-07-25 21:00:00,,-14.067
2012-07-25 22:00:00,,-14.067
2012-07-25 23:00:00,,-14.069
2012-07-26 00:00:00,,-14.07
2012-07-26 01:00:00,,-14.071
2012-07-26 02:00:00,,-14.07
2012-07-26 03:00:00,,-14.071
2012-07-26 04:00:00,,-14.074
2012-07-26 05:00:00,,-14.076
2012-07-26 06:00:00,,-14.077
2012-07-26 07:00:00,,-14.08
2012-07-26 08:00:00,,-14.083
2012-07-26 09:00:00,,-14.085
2012-07-26 10:00:00,,-14.087
2012-07-26 11:00:00,,-14.087
2012-07-26 12:00:00,,-14.085
2012-07-26 13:00:00,,-14.082
2012-07-26 14:00:00,,-14.08
2012-07-26 15:00:00,,-14.078
2012-07-26 16:00:00,,-14.075
2012-07-26 17:00:00,,-14.075
2012-07-26 18:00:00,,-14.077
2012-07-26 19:00:00,,-14.078
2012-07-26 20:00:00,,-14.082
2012-07-26 21:00:00,,-14.085
2012-07-26 22:00:00,,-14.089
2012-07-26 23:00:00,,-14.09
2012-07-27 00:00:00,,-14.091
2012-07-27 01:00:00,,-14.091
2012-07-27 02:00:00,,-14.093
2012-07-27 03:00:00,,-14.093
2012-07-27 04:00:00,,-14.092
2012-07-27 05:00:00,,-14.095
2012-07-27 06:00:00,,-14.099
2012-07-27 07:00:00,,-14.103
2012-07-27 08:00:00,,-14.105
2012-07-27 09:00:00,,-14.109
2012-07-27 10:00:00,,-14.113
2012-07-27 11:00:00,,-14.112
2012-07-27 12:00:00,,-14.111
2012-07-27 13:00:00,,-14.106
2012-07-27 14:00:00,,-14.103
2012-07-27 15:00:00,,-14.099
2012-07-27 16:00:00,,-14.099
2012-07-27 17:00:00,,-14.098
2012-07-27 18:00:00,,-14.099
2012-07-27 19:00:00,,-14.102
2012-07-27 20:00:00,,-14.104
2012-07-27 21:00:00,,-14.106
2012-07-27 22:00:00,,-14.108
2012-07-27 23:00:00,,-14.108
2012-07-28 00:00:00,,-14.108
2012-07-28 01:00:00,,-14.107
2012-07-28 02:00:00,,-14.11
2012-07-28 03:00:00,,-14.111
2012-07-28 04:00:00,,-14.113
2012-07-28 05:00:00,,-14.114
2012-07-28 06:00:00,,-14.118
2012-07-28 07:00:00,,-14.121
2012-07-28 08:00:00,,-14.124
2012-07-28 09:00:00,,-14.127
2012-07-28 10:00:00,,-14.128
2012-07-28 11:00:00,,-14.126
2012-07-28 12:00:00,,-14.122
2012-07-28 13:00:00,,-14.117
2012-07-28 14:00:00,,-14.111
2012-07-28 15:00:00,,-14.104
2012-07-28 16:00:00,,-14.099
2012-07-28 17:00:00,,-14.099
2012-07-28 18:00:00,,-14.101
2012-07-28 19:00:00,,-14.102
2012-07-28 20:00:00,,-14.105
2012-07-28 21:00:00,,-14.108
2012-07-28 22:00:00,,-14.111
2012-07-28 23:00:00,,-14.111
2012-07-29 00:00:00,,-14.11
2012-07-29 01:00:00,,-14.108
2012-07-29 02:00:00,,-14.107
2012-07-29 03:00:00,,-14.107
2012-07-29 04:00:00,,-14.107
2012-07-29 05:00:00,,-14.107
2012-07-29 06:00:00,,-14.111
2012-07-29 07:00:00,,-14.114
2012-07-29 08:00:00,,-14.118
2012-07-29 09:00:00,,-14.121
2012-07-29 10:00:00,,-14.123
2012-07-29 11:00:00,,-14.122
2012-07-29 12:00:00,,-14.12
2012-07-29 13:00:00,,-14.112
2012-07-29 14:00:00,,-14.107
2012-07-29 15:00:00,,-14.1
2012-07-29 16:00:00,,-14.098
2012-07-29 17:00:00,,-14.096
2012-07-29 18:00:00,,-14.097
2012-07-29 19:00:00,,-14.1
2012-07-29 20:00:00,,-14.106
2012-07-29 21:00:00,,-14.109
2012-07-29 22:00:00,,-14.114
2012-07-29 23:00:00,,-14.116
2012-07-30 00:00:00,,-14.116
2012-07-30 01:00:00,,-14.115
2012-07-30 02:00:00,,-14.113
2012-07-30 03:00:00,,-14.111
2012-07-30 04:00:00,,-14.107
2012-07-30 05:00:00,,-14.109
2012-07-30 06:00:00,,-14.111
2012-07-30 07:00:00,,-14.113
2012-07-30 08:00:00,,-14.118
2012-07-30 09:00:00,,-14.119
2012-07-30 10:00:00,,-14.123
2012-07-30 11:00:00,,-14.123
2012-07-30 12:00:00,,-14.119
2012-07-30 13:00:00,,-14.111
2012-07-30 14:00:00,,-14.105
2012-07-30 15:00:00,,-14.1
2012-07-30 16:00:00,,-14.098
2012-07-30 17:00:00,,-14.096
2012-07-30 18:00:00,,-14.099
2012-07-30 19:00:00,,-14.103
2012-07-30 20:00:00,,-14.105
2012-07-30 21:00:00,,-14.111
2012-07-30 22:00:00,,-14.114
2012-07-30 23:00:00,,-14.116
2012-07-31 00:00:00,,-14.116
2012-07-31 01:00:00,,-14.115
2012-07-31 02:00:00,,-14.111
2012-07-31 03:00:00,,-14.107
2012-07-31 04:00:00,,-14.105
2012-07-31 05:00:00,,-14.107
2012-07-31 06:00:00,,-14.108
2012-07-31 07:00:00,,-14.111
2012-07-31 08:00:00,,-14.115
2012-07-31 09:00:00,,-14.119
2012-07-31 10:00:00,,-14.121
2012-07-31 11:00:00,,-14.121
2012-07-31 12:00:00,,-14.117
2012-07-31 13:00:00,,-14.111
2012-07-31 14:00:00,,-14.102
2012-07-31 15:00:00,,-14.096
2012-07-31 16:00:00,,-14.092
2012-07-31 17:00:00,,-14.088
2012-07-31 18:00:00,,-14.088
2012-07-31 19:00:00,,-14.093
2012-07-31 20:00:00,,-14.097
2012-07-31 21:00:00,,-14.1
2012-07-31 22:00:00,,-14.103
2012-07-31 23:00:00,,-14.104
2012-08-01 00:00:00,,-14.105
2012-08-01 01:00:00,,-14.105
2012-08-01 02:00:00,,-14.102
2012-08-01 03:00:00,,-14.098
2012-08-01 04:00:00,,-14.095
2012-08-01 05:00:00,,-14.094
2012-08-01 06:00:00,,-14.095
2012-08-01 07:00:00,,-14.098
2012-08-01 08:00:00,,-14.1
2012-08-01 09:00:00,,-14.103
2012-08-01 10:00:00,,-14.105
2012-08-01 11:00:00,,-14.106
2012-08-01 12:00:00,,-14.105
2012-08-01 13:00:00,,-14.097
2012-08-01 14:00:00,,-14.091
2012-08-01 15:00:00,,-14.085
2012-08-01 16:00:00,,-14.081
2012-08-01 17:00:00,,-14.076
2012-08-01 18:00:00,,-14.077
2012-08-01 19:00:00,,-14.078
2012-08-01 20:00:00,,-14.081
2012-08-01 21:00:00,,-14.085
2012-08-01 22:00:00,,-14.089
2012-08-01 23:00:00,,-14.093
2012-08-02 00:00:00,,-14.092
2012-08-02 01:00:00,,-14.09
2012-08-02 02:00:00,,-14.086
2012-08-02 03:00:00,,-14.084
2012-08-02 04:00:00,,-14.081
2012-08-02 05:00:00,,-14.081
2012-08-02 06:00:00,,-14.083
2012-08-02 07:00:00,,-14.085
2012-08-02 08:00:00,,-14.089
2012-08-02 09:00:00,,-14.094
2012-08-02 10:00:00,,-14.096
2012-08-02 11:00:00,,-14.097
2012-08-02 12:00:00,,-14.094
2012-08-02 13:00:00,,-14.087
2012-08-02 14:00:00,,-14.079
2012-08-02 15:00:00,,-14.073
2012-08-02 16:00:00,,-14.067
2012-08-02 17:00:00,,-14.062
2012-08-02 18:00:00,,-14.062
2012-08-02 19:00:00,,-14.062
2012-08-02 20:00:00,,-14.068
2012-08-02 21:00:00,,-14.071
2012-08-02 22:00:00,,-14.073
2012-08-02 23:00:00,,-14.076
2012-08-03 00:00:00,,-14.076
2012-08-03 01:00:00,,-14.076
2012-08-03 02:00:00,,-14.075
2012-08-03 03:00:00,,-14.071
2012-08-03 04:00:00,,-14.069
2012-08-03 05:00:00,,-14.067
2012-08-03 06:00:00,,-14.069
2012-08-03 07:00:00,,-14.071
2012-08-03 08:00:00,,-14.076
2012-08-03 09:00:00,,-14.081
2012-08-03 10:00:00,,-14.083
2012-08-03 11:00:00,,-14.085
2012-08-03 12:00:00,,-14.083
2012-08-03 13:00:00,,-14.077
2012-08-03 14:00:00,,-14.072
2012-08-03 15:00:00,,-14.067
2012-08-03 16:00:00,,-14.063
2012-08-03 17:00:00,,-14.061
2012-08-03 18:00:00,,-14.059
2012-08-03 19:00:00,,-14.06
2012-08-03 20:00:00,,-14.064
2012-08-03 21:00:00,,-14.066
2012-08-03 22:00:00,,-14.07
2012-08-03 23:00:00,,-14.072
2012-08-04 00:00:00,,-14.074
2012-08-04 01:00:00,,-14.076
2012-08-04 02:00:00,,-14.075
2012-08-04 03:00:00,,-14.072
2012-08-04 04:00:00,,-14.072
2012-08-04 05:00:00,,-14.07
2012-08-04 06:00:00,,-14.07
2012-08-04 07:00:00,,-14.072
2012-08-04 08:00:00,,-14.076
2012-08-04 09:00:00,,-14.078
2012-08-04 10:00:00,,-14.082
2012-08-04 11:00:00,,-14.083
2012-08-04 12:00:00,,-14.083
2012-08-04 13:00:00,,-14.079
2012-08-04 14:00:00,,-14.074
2012-08-04 15:00:00,,-14.068
2012-08-04 16:00:00,,-14.065
2012-08-04 17:00:00,,-14.061
2012-08-04 18:00:00,,-14.061
2012-08-04 19:00:00,,-14.06
2012-08-04 20:00:00,,-14.063
2012-08-04 21:00:00,,-14.067
2012-08-04 22:00:00,,-14.07
2012-08-04 23:00:00,,-14.072
2012-08-05 00:00:00,,-14.074
2012-08-05 01:00:00,,-14.075
2012-08-05 02:00:00,,-14.077
2012-08-05 03:00:00,,-14.076
2012-08-05 04:00:00,,-14.076
2012-08-05 05:00:00,,-14.074
2012-08-05 06:00:00,,-14.074
2012-08-05 07:00:00,,-14.076
2012-08-05 08:00:00,,-14.079
2012-08-05 09:00:00,,-14.083
2012-08-05 10:00:00,,-14.087
2012-08-05 11:00:00,,-14.088
2012-08-05 12:00:00,,-14.088
2012-08-05 13:00:00,,-14.086
2012-08-05 14:00:00,,-14.08
2012-08-05 15:00:00,,-14.076
2012-08-05 16:00:00,,-14.073
2012-08-05 17:00:00,,-14.07
2012-08-05 18:00:00,,-14.069
2012-08-05 19:00:00,,-14.068
2012-08-05 20:00:00,,-14.072
2012-08-05 21:00:00,,-14.074
2012-08-05 22:00:00,,-14.079
2012-08-05 23:00:00,,-14.082
2012-08-06 00:00:00,,-14.086
2012-08-06 01:00:00,,-14.087
2012-08-06 02:00:00,,-14.089
2012-08-06 03:00:00,,-14.089
2012-08-06 04:00:00,,-14.09
2012-08-06 05:00:00,,-14.09
2012-08-06 06:00:00,,-14.091
2012-08-06 07:00:00,,-14.093
2012-08-06 08:00:00,,-14.097
2012-08-06 09:00:00,,-14.101
2012-08-06 10:00:00,,-14.106
2012-08-06 11:00:00,,-14.107
2012-08-06 12:00:00,,-14.107
2012-08-06 13:00:00,,-14.105
2012-08-06 14:00:00,,-14.1
2012-08-06 15:00:00,,-14.095
2012-08-06 16:00:00,,-14.091
2012-08-06 17:00:00,,-14.087
2012-08-06 18:00:00,,-14.085
2012-08-06 19:00:00,,-14.086
2012-08-06 20:00:00,,-14.089
2012-08-06 21:00:00,,-14.092
2012-08-06 22:00:00,,-14.095
2012-08-06 23:00:00,,-14.098
2012-08-07 00:00:00,,-14.099
2012-08-07 01:00:00,,-14.101
2012-08-07 02:00:00,,-14.102
2012-08-07 03:00:00,,-14.1
2012-08-07 04:00:00,,-14.1
2012-08-07 05:00:00,,-14.099
2012-08-07 06:00:00,,-14.098
2012-08-07 07:00:00,,-14.099
2012-08-07 08:00:00,,-14.102
2012-08-07 09:00:00,,-14.104
2012-08-07 10:00:00,,-14.105
2012-08-07 11:00:00,,-14.106
2012-08-07 12:00:00,,-14.104
2012-08-07 13:00:00,,-14.099
2012-08-07 14:00:00,,-14.095
2012-08-07 15:00:00,,-14.091
2012-08-07 16:00:00,,-14.087
2012-08-07 17:00:00,,-14.083
2012-08-07 18:00:00,,-14.082
2012-08-07 19:00:00,,-14.082
2012-08-07 20:00:00,,-14.083
2012-08-07 21:00:00,,-14.085
2012-08-07 22:00:00,,-14.086
2012-08-07 23:00:00,,-14.087
2012-08-08 00:00:00,,-14.089
2012-08-08 01:00:00,,-14.089
2012-08-08 02:00:00,,-14.088
2012-08-08 03:00:00,,-14.088
2012-08-08 04:00:00,,-14.088
2012-08-08 05:00:00,,-14.088
2012-08-08 06:00:00,,-14.089
2012-08-08 07:00:00,,-14.09
2012-08-08 08:00:00,,-14.093
2012-08-08 09:00:00,,-14.094
2012-08-08 10:00:00,,-14.095
2012-08-08 11:00:00,,-14.095
2012-08-08 12:00:00,,-14.094
2012-08-08 13:00:00,,-14.09
2012-08-08 14:00:00,,-14.085
2012-08-08 15:00:00,,-14.081
2012-08-08 16:00:00,,-14.076
2012-08-08 17:00:00,,-14.074
2012-08-08 18:00:00,,-14.074
2012-08-08 19:00:00,,-14.074
2012-08-08 20:00:00,,-14.077
2012-08-08 21:00:00,,-14.077
2012-08-08 22:00:00,,-14.079
2012-08-08 23:00:00,,-14.079
2012-08-09 00:00:00,,-14.081
2012-08-09 01:00:00,,-14.081
2012-08-09 02:00:00,,-14.081
2012-08-09 03:00:00,,-14.081
2012-08-09 04:00:00,,-14.081
2012-08-09 05:00:00,,-14.083
2012-08-09 06:00:00,,-14.085
2012-08-09 07:00:00,,-14.086
2012-08-09 08:00:00,,-14.091
2012-08-09 09:00:00,,-14.094
2012-08-09 10:00:00,,-14.097
2012-08-09 11:00:00,,-14.098
2012-08-09 12:00:00,,-14.097
2012-08-09 13:00:00,,-14.094
2012-08-09 14:00:00,,-14.091
2012-08-09 15:00:00,,-14.088
2012-08-09 16:00:00,,-14.087
2012-08-09 17:00:00,,-14.087
2012-08-09 18:00:00,,-14.087
2012-08-09 19:00:00,,-14.091
2012-08-09 20:00:00,,-14.095
2012-08-09 21:00:00,,-14.099
2012-08-09 22:00:00,,-14.102
2012-08-09 23:00:00,,-14.104
2012-08-10 00:00:00,,-14.105
2012-08-10 01:00:00,,-14.105
2012-08-10 02:00:00,,-14.107
2012-08-10 03:00:00,,-14.107
2012-08-10 04:00:00,,-14.109
2012-08-10 05:00:00,,-14.11
2012-08-10 06:00:00,,-14.115
2012-08-10 07:00:00,,-14.119
2012-08-10 08:00:00,,-14.123
2012-08-10 09:00:00,,-14.127
2012-08-10 10:00:00,,-14.13
2012-08-10 11:00:00,,-14.131
2012-08-10 12:00:00,,-14.129
2012-08-10 13:00:00,,-14.124
2012-08-10 14:00:00,,-14.12
2012-08-10 15:00:00,,-14.115
2012-08-10 16:00:00,,-14.114
2012-08-10 17:00:00,,-14.114
2012-08-10 18:00:00,,-14.114
2012-08-10 19:00:00,,-14.115
2012-08-10 20:00:00,,-14.119
2012-08-10 21:00:00,,-14.121
2012-08-10 22:00:00,,-14.124
2012-08-10 23:00:00,,-14.125
2012-08-11 00:00:00,,-14.126
2012-08-11 01:00:00,,-14.125
2012-08-11 02:00:00,,-14.124
2012-08-11 03:00:00,,-14.124
2012-08-11 04:00:00,,-14.124
2012-08-11 05:00:00,,-14.125
2012-08-11 06:00:00,,-14.126
2012-08-11 07:00:00,,-14.129
2012-08-11 08:00:00,,-14.133
2012-08-11 09:00:00,,-14.136
2012-08-11 10:00:00,,-14.136
2012-08-11 11:00:00,,-14.136
2012-08-11 12:00:00,,-14.132
2012-08-11 13:00:00,,-14.126
2012-08-11 14:00:00,,-14.119
2012-08-11 15:00:00,,-14.115
2012-08-11 16:00:00,,-14.111
2012-08-11 17:00:00,,-14.112
2012-08-11 18:00:00,,-14.11
2012-08-11 19:00:00,,-14.113
2012-08-11 20:00:00,,-14.116
2012-08-11 21:00:00,,-14.118
2012-08-11 22:00:00,,-14.119
2012-08-11 23:00:00,,-14.12
2012-08-12 00:00:00,,-14.118
2012-08-12 01:00:00,,-14.118
2012-08-12 02:00:00,,-14.116
2012-08-12 03:00:00,,-14.113
2012-08-12 04:00:00,,-14.112
2012-08-12 05:00:00,,-14.114
2012-08-12 06:00:00,,-14.115
2012-08-12 07:00:00,,-14.12
2012-08-12 08:00:00,,-14.122
2012-08-12 09:00:00,,-14.123
2012-08-12 10:00:00,,-14.125
2012-08-12 11:00:00,,-14.123
2012-08-12 12:00:00,,-14.118
2012-08-12 13:00:00,,-14.111
2012-08-12 14:00:00,,-14.105
2012-08-12 15:00:00,,-14.098
2012-08-12 16:00:00,,-14.096
2012-08-12 17:00:00,,-14.093
2012-08-12 18:00:00,,-14.094
2012-08-12 19:00:00,,-14.094
2012-08-12 20:00:00,,-14.097
2012-08-12 21:00:00,,-14.098
2012-08-12 22:00:00,,-14.101
2012-08-12 23:00:00,,-14.1
2012-08-13 00:00:00,,-14.1
2012-08-13 01:00:00,,-14.099
2012-08-13 02:00:00,,-14.097
2012-08-13 03:00:00,,-14.097
2012-08-13 04:00:00,,-14.097
2012-08-13 05:00:00,,-14.096
2012-08-13 06:00:00,,-14.099
2012-08-13 07:00:00,,-14.102
2012-08-13 08:00:00,,-14.106
2012-08-13 09:00:00,,-14.109
2012-08-13 10:00:00,,-14.108
2012-08-13 11:00:00,,-14.108
2012-08-13 12:00:00,,-14.104
2012-08-13 13:00:00,,-14.097
2012-08-13 14:00:00,,-14.092
2012-08-13 15:00:00,,-14.084
2012-08-13 16:00:00,,-14.081
2012-08-13 17:00:00,,-14.08
2012-08-13 18:00:00,,-14.079
2012-08-13 19:00:00,,-14.08
2012-08-13 20:00:00,,-14.084
2012-08-13 21:00:00,,-14.087
2012-08-13 22:00:00,,-14.09
2012-08-13 23:00:00,,-14.089
2012-08-14 00:00:00,,-14.089
2012-08-14 01:00:00,,-14.085
2012-08-14 02:00:00,,-14.082
2012-08-14 03:00:00,,-14.082
2012-08-14 04:00:00,,-14.081
2012-08-14 05:00:00,,-14.079
2012-08-14 06:00:00,,-14.081
2012-08-14 07:00:00,,-14.086
2012-08-14 08:00:00,,-14.09
2012-08-14 09:00:00,,-14.093
2012-08-14 10:00:00,,-14.095
2012-08-14 11:00:00,,-14.094
2012-08-14 12:00:00,,-14.092
2012-08-14 13:00:00,,-14.086
2012-08-14 14:00:00,,-14.08
2012-08-14 15:00:00,,-14.076
2012-08-14 16:00:00,,-14.073
2012-08-14 17:00:00,,-14.073
2012-08-14 18:00:00,,-14.072
2012-08-14 19:00:00,,-14.075
2012-08-14 20:00:00,,-14.08
2012-08-14 21:00:00,,-14.083
2012-08-14 22:00:00,,-14.085
2012-08-14 23:00:00,,-14.087
2012-08-15 00:00:00,,-14.085
2012-08-15 01:00:00,,-14.083
2012-08-15 02:00:00,,-14.08
2012-08-15 03:00:00,,-14.076
2012-08-15 04:00:00,,-14.075
2012-08-15 05:00:00,,-14.073
2012-08-15 06:00:00,,-14.074
2012-08-15 07:00:00,,-14.079
2012-08-15 08:00:00,,-14.083
2012-08-15 09:00:00,,-14.086
2012-08-15 10:00:00,,-14.088
2012-08-15 11:00:00,,-14.088
2012-08-15 12:00:00,,-14.086
2012-08-15 13:00:00,,-14.08
2012-08-15 14:00:00,,-14.074
2012-08-15 15:00:00,,-14.066
2012-08-15 16:00:00,,-14.062
2012-08-15 17:00:00,,-14.061
2012-08-15 18:00:00,,-14.061
2012-08-15 19:00:00,,-14.063
2012-08-15 20:00:00,,-14.067
2012-08-15 21:00:00,,-14.07
2012-08-15 22:00:00,,-14.075
2012-08-15 23:00:00,,-14.074
2012-08-16 00:00:00,,-14.075
2012-08-16 01:00:00,,-14.072
2012-08-16 02:00:00,,-14.069
2012-08-16 03:00:00,,-14.065
2012-08-16 04:00:00,,-14.063
2012-08-16 05:00:00,,-14.06
2012-08-16 06:00:00,,-14.063
2012-08-16 07:00:00,,-14.065
2012-08-16 08:00:00,,-14.069
2012-08-16 09:00:00,,-14.072
2012-08-16 10:00:00,,-14.074
2012-08-16 11:00:00,,-14.074
2012-08-16 12:00:00,,-14.07
2012-08-16 13:00:00,,-14.065
2012-08-16 14:00:00,,-14.058
2012-08-16 15:00:00,,-14.051
2012-08-16 16:00:00,,-14.047
2012-08-16 17:00:00,,-14.042
2012-08-16 18:00:00,,-14.042
2012-08-16 19:00:00,,-14.046
2012-08-16 20:00:00,,-14.05
2012-08-16 21:00:00,,-14.054
2012-08-16 22:00:00,,-14.058
2012-08-16 23:00:00,,-14.062
2012-08-17 00:00:00,,-14.063
2012-08-17 01:00:00,,-14.064
2012-08-17 02:00:00,,-14.062
2012-08-17 03:00:00,,-14.06
2012-08-17 04:00:00,,-14.058
2012-08-17 05:00:00,,-14.056
2012-08-17 06:00:00,,-14.058
2012-08-17 07:00:00,,-14.063
2012-08-17 08:00:00,,-14.067
2012-08-17 09:00:00,,-14.073
2012-08-17 10:00:00,,-14.079
2012-08-17 11:00:00,,-14.081
2012-08-17 12:00:00,,-14.079
2012-08-17 13:00:00,,-14.074
2012-08-17 14:00:00,,-14.068
2012-08-17 15:00:00,,-14.063
2012-08-17 16:00:00,,-14.057
2012-08-17 17:00:00,,-14.053
2012-08-17 18:00:00,,-14.053
2012-08-17 19:00:00,,-14.056
2012-08-17 20:00:00,,-14.062
2012-08-17 21:00:00,,-14.068
2012-08-17 22:00:00,,-14.074
2012-08-17 23:00:00,,-14.077
2012-08-18 00:00:00,,-14.078
2012-08-18 01:00:00,,-14.077
2012-08-18 02:00:00,,-14.076
2012-08-18 03:00:00,,-14.073
2012-08-18 04:00:00,,-14.071
2012-08-18 05:00:00,,-14.069
2012-08-18 06:00:00,,-14.072
2012-08-18 07:00:00,,-14.076
2012-08-18 08:00:00,,-14.079
2012-08-18 09:00:00,,-14.085
2012-08-18 10:00:00,,-14.09
2012-08-18 11:00:00,,-14.093
2012-08-18 12:00:00,,-14.092
2012-08-18 13:00:00,,-14.086
2012-08-18 14:00:00,,-14.08
2012-08-18 15:00:00,,-14.074
2012-08-18 16:00:00,,-14.07
2012-08-18 17:00:00,,-14.066
2012-08-18 18:00:00,,-14.069
2012-08-18 19:00:00,,-14.071
2012-08-18 20:00:00,,-14.077
2012-08-18 21:00:00,,-14.083
2012-08-18 22:00:00,,-14.089
2012-08-18 23:00:00,,-14.094
2012-08-19 00:00:00,,-14.098
2012-08-19 01:00:00,,-14.097
2012-08-19 02:00:00,,-14.096
2012-08-19 03:00:00,,-14.095
2012-08-19 04:00:00,,-14.093
2012-08-19 05:00:00,,-14.093
2012-08-19 06:00:00,,-14.092
2012-08-19 07:00:00,,-14.093
2012-08-19 08:00:00,,-14.094
2012-08-19 09:00:00,,-14.098
2012-08-19 10:00:00,,-14.102
2012-08-19 11:00:00,,-14.103
2012-08-19 12:00:00,,-14.101
2012-08-19 13:00:00,,-14.096
2012-08-19 14:00:00,,-14.09
2012-08-19 15:00:00,,-14.084
2012-08-19 16:00:00,,-14.077
2012-08-19 17:00:00,,-14.072
2012-08-19 18:00:00,,-14.069
2012-08-19 19:00:00,,-14.072
2012-08-19 20:00:00,,-14.073
2012-08-19 21:00:00,,-14.076
2012-08-19 22:00:00,,-14.079
2012-08-19 23:00:00,,-14.081
2012-08-20 00:00:00,,-14.084
2012-08-20 01:00:00,,-14.084
2012-08-20 02:00:00,,-14.084
2012-08-20 03:00:00,,-14.08
2012-08-20 04:00:00,,-14.077
2012-08-20 05:00:00,,-14.075
2012-08-20 06:00:00,,-14.072
2012-08-20 07:00:00,,-14.075
2012-08-20 08:00:00,,-14.077
2012-08-20 09:00:00,,-14.078
2012-08-20 10:00:00,,-14.079
2012-08-20 11:00:00,,-14.08
2012-08-20 12:00:00,,-14.078
2012-08-20 13:00:00,,-14.072
2012-08-20 14:00:00,,-14.066
2012-08-20 15:00:00,,-14.06
2012-08-20 16:00:00,,-14.052
2012-08-20 17:00:00,,-14.048
2012-08-20 18:00:00,,-14.047
2012-08-20 19:00:00,,-14.045
2012-08-20 20:00:00,,-14.047
2012-08-20 21:00:00,,-14.049
2012-08-20 22:00:00,,-14.05
2012-08-20 23:00:00,,-14.054
2012-08-21 00:00:00,,-14.054
2012-08-21 01:00:00,,-14.054
2012-08-21 02:00:00,,-14.053
2012-08-21 03:00:00,,-14.051
2012-08-21 04:00:00,,-14.05
2012-08-21 05:00:00,,-14.047
2012-08-21 06:00:00,,-14.047
2012-08-21 07:00:00,,-14.047
2012-08-21 08:00:00,,-14.049
2012-08-21 09:00:00,,-14.051
2012-08-21 10:00:00,,-14.053
2012-08-21 11:00:00,,-14.053
2012-08-21 12:00:00,,-14.052
2012-08-21 13:00:00,,-14.047
2012-08-21 14:00:00,,-14.043
2012-08-21 15:00:00,,-14.038
2012-08-21 16:00:00,,-14.033
2012-08-21 17:00:00,,-14.028
2012-08-21 18:00:00,,-14.025
2012-08-21 19:00:00,,-14.025
2012-08-21 20:00:00,,-14.027
2012-08-21 21:00:00,,-14.029
2012-08-21 22:00:00,,-14.032
2012-08-21 23:00:00,,-14.033
2012-08-22 00:00:00,,-14.035
2012-08-22 01:00:00,,-14.036
2012-08-22 02:00:00,,-14.036
2012-08-22 03:00:00,,-14.034
2012-08-22 04:00:00,,-14.034
2012-08-22 05:00:00,,-14.032
2012-08-22 06:00:00,,-14.033
2012-08-22 07:00:00,,-14.033
2012-08-22 08:00:00,,-14.035
2012-08-22 09:00:00,,-14.036
2012-08-22 10:00:00,,-14.037
2012-08-22 11:00:00,,-14.037
2012-08-22 12:00:00,,-14.036
2012-08-22 13:00:00,,-14.032
2012-08-22 14:00:00,,-14.028
2012-08-22 15:00:00,,-14.024
2012-08-22 16:00:00,,-14.02
2012-08-22 17:00:00,,-14.015
2012-08-22 18:00:00,,-14.013
2012-08-22 19:00:00,,-14.012
2012-08-22 20:00:00,,-14.013
2012-08-22 21:00:00,,-14.016
2012-08-22 22:00:00,,-14.019
2012-08-22 23:00:00,,-14.022
2012-08-23 00:00:00,,-14.024
2012-08-23 01:00:00,,-14.025
2012-08-23 02:00:00,,-14.027
2012-08-23 03:00:00,,-14.028
2012-08-23 04:00:00,,-14.029
2012-08-23 05:00:00,,-14.031
2012-08-23 06:00:00,,-14.035
2012-08-23 07:00:00,,-14.041
2012-08-23 08:00:00,,-14.045
2012-08-23 09:00:00,,-14.049
2012-08-23 10:00:00,,-14.053
2012-08-23 11:00:00,,-14.055
2012-08-23 12:00:00,,-14.057
2012-08-23 13:00:00,,-14.057
2012-08-23 14:00:00,,-14.054
2012-08-23 15:00:00,,-14.052
2012-08-23 16:00:00,,-14.052
2012-08-23 17:00:00,,-14.051
2012-08-23 18:00:00,,-14.052
2012-08-23 19:00:00,,-14.053
2012-08-23 20:00:00,,-14.055
2012-08-23 21:00:00,,-14.057
2012-08-23 22:00:00,,-14.062
2012-08-23 23:00:00,,-14.064
2012-08-24 00:00:00,,-14.066
2012-08-24 01:00:00,,-14.069
2012-08-24 02:00:00,,-14.071
2012-08-24 03:00:00,,-14.073
2012-08-24 04:00:00,,-14.074
2012-08-24 05:00:00,,-14.077
2012-08-24 06:00:00,,-14.08
2012-08-24 07:00:00,,-14.085
2012-08-24 08:00:00,,-14.089
2012-08-24 09:00:00,,-14.093
2012-08-24 10:00:00,,-14.096
2012-08-24 11:00:00,,-14.098
2012-08-24 12:00:00,,-14.095
2012-08-24 13:00:00,,-14.092
2012-08-24 14:00:00,,-14.088
2012-08-24 15:00:00,,-14.085
2012-08-24 16:00:00,,-14.083
2012-08-24 17:00:00,,-14.081
2012-08-24 18:00:00,,-14.081
2012-08-24 19:00:00,,-14.083
2012-08-24 20:00:00,,-14.086
2012-08-24 21:00:00,,-14.088
2012-08-24 22:00:00,,-14.088
2012-08-24 23:00:00,,-14.089
2012-08-25 00:00:00,,-14.09
2012-08-25 01:00:00,,-14.089
2012-08-25 02:00:00,,-14.087
2012-08-25 03:00:00,,-14.086
2012-08-25 04:00:00,,-14.086
2012-08-25 05:00:00,,-14.086
2012-08-25 06:00:00,,-14.089
2012-08-25 07:00:00,,-14.092
2012-08-25 08:00:00,,-14.095
2012-08-25 09:00:00,,-14.097
2012-08-25 10:00:00,,-14.096
2012-08-25 11:00:00,,-14.095
2012-08-25 12:00:00,,-14.092
2012-08-25 13:00:00,,-14.085
2012-08-25 14:00:00,,-14.081
2012-08-25 15:00:00,,-14.076
2012-08-25 16:00:00,,-14.073
2012-08-25 17:00:00,,-14.072
2012-08-25 18:00:00,,-14.071
2012-08-25 19:00:00,,-14.073
2012-08-25 20:00:00,,-14.075
2012-08-25 21:00:00,,-14.076
2012-08-25 22:00:00,,-14.076
2012-08-25 23:00:00,,-14.078
2012-08-26 00:00:00,,-14.078
2012-08-26 01:00:00,,-14.077
2012-08-26 02:00:00,,-14.078
2012-08-26 03:00:00,,-14.078
2012-08-26 04:00:00,,-14.08
2012-08-26 05:00:00,,-14.08
2012-08-26 06:00:00,,-14.085
2012-08-26 07:00:00,,-14.089
2012-08-26 08:00:00,,-14.092
2012-08-26 09:00:00,,-14.095
2012-08-26 10:00:00,,-14.097
2012-08-26 11:00:00,,-14.097
2012-08-26 12:00:00,,-14.093
2012-08-26 13:00:00,,-14.088
2012-08-26 14:00:00,,-14.083
2012-08-26 15:00:00,,-14.08
2012-08-26 16:00:00,,-14.075
2012-08-26 17:00:00,,-14.076
2012-08-26 18:00:00,,-14.077
2012-08-26 19:00:00,,-14.078
2012-08-26 20:00:00,,-14.083
2012-08-26 21:00:00,,-14.086
2012-08-26 22:00:00,,-14.087
2012-08-26 23:00:00,,-14.087
2012-08-27 00:00:00,,-14.087
2012-08-27 01:00:00,,-14.086
2012-08-27 02:00:00,,-14.083
2012-08-27 03:00:00,,-14.082
2012-08-27 04:00:00,,-14.081
2012-08-27 05:00:00,,-14.082
2012-08-27 06:00:00,,-14.086
2012-08-27 07:00:00,,-14.09
2012-08-27 08:00:00,,-14.095
2012-08-27 09:00:00,,-14.097
2012-08-27 10:00:00,,-14.099
2012-08-27 11:00:00,,-14.097
2012-08-27 12:00:00,,-14.093
2012-08-27 13:00:00,,-14.086
2012-08-27 14:00:00,,-14.079
2012-08-27 15:00:00,,-14.073
2012-08-27 16:00:00,,-14.071
2012-08-27 17:00:00,,-14.068
2012-08-27 18:00:00,,-14.068
2012-08-27 19:00:00,,-14.071
2012-08-27 20:00:00,,-14.073
2012-08-27 21:00:00,,-14.076
2012-08-27 22:00:00,,-14.077
2012-08-27 23:00:00,,-14.077
2012-08-28 00:00:00,,-14.077
2012-08-28 01:00:00,,-14.075
2012-08-28 02:00:00,,-14.073
2012-08-28 03:00:00,,-14.071
2012-08-28 04:00:00,,-14.071
2012-08-28 05:00:00,,-14.07
2012-08-28 06:00:00,,-14.073
2012-08-28 07:00:00,,-14.078
2012-08-28 08:00:00,,-14.083
2012-08-28 09:00:00,,-14.087
2012-08-28 10:00:00,,-14.091
2012-08-28 11:00:00,,-14.089
2012-08-28 12:00:00,,-14.085
2012-08-28 13:00:00,,-14.079
2012-08-28 14:00:00,,-14.072
2012-08-28 15:00:00,,-14.064
2012-08-28 16:00:00,,-14.06
2012-08-28 17:00:00,,-14.058
2012-08-28 18:00:00,,-14.058
2012-08-28 19:00:00,,-14.061
2012-08-28 20:00:00,,-14.065
2012-08-28 21:00:00,,-14.069
2012-08-28 22:00:00,,-14.071
2012-08-28 23:00:00,,-14.073
2012-08-29 00:00:00,,-14.074
2012-08-29 01:00:00,,-14.071
2012-08-29 02:00:00,,-14.066
2012-08-29 03:00:00,,-14.063
2012-08-29 04:00:00,,-14.059
2012-08-29 05:00:00,,-14.057
2012-08-29 06:00:00,,-14.058
2012-08-29 07:00:00,,-14.061
2012-08-29 08:00:00,,-14.067
2012-08-29 09:00:00,,-14.071
2012-08-29 10:00:00,,-14.071
2012-08-29 11:00:00,,-14.071
2012-08-29 12:00:00,,-14.067
2012-08-29 13:00:00,,-14.061
2012-08-29 14:00:00,,-14.054
2012-08-29 15:00:00,,-14.048
2012-08-29 16:00:00,,-14.042
2012-08-29 17:00:00,,-14.039
2012-08-29 18:00:00,,-14.04
2012-08-29 19:00:00,,-14.044
2012-08-29 20:00:00,,-14.05
2012-08-29 21:00:00,,-14.055
2012-08-29 22:00:00,,-14.059
2012-08-29 23:00:00,,-14.059
2012-08-30 00:00:00,,-14.06
2012-08-30 01:00:00,,-14.059
2012-08-30 02:00:00,,-14.057
2012-08-30 03:00:00,,-14.052
2012-08-30 04:00:00,,-14.052
2012-08-30 05:00:00,,-14.052
2012-08-30 06:00:00,,-14.057
2012-08-30 07:00:00,,-14.062
2012-08-30 08:00:00,,-14.068
2012-08-30 09:00:00,,-14.074
2012-08-30 10:00:00,,-14.077
2012-08-30 11:00:00,,-14.08
2012-08-30 12:00:00,,-14.077
2012-08-30 13:00:00,,-14.072
2012-08-30 14:00:00,,-14.065
2012-08-30 15:00:00,,-14.058
2012-08-30 16:00:00,,-14.053
2012-08-30 17:00:00,,-14.05
2012-08-30 18:00:00,,-14.05
2012-08-30 19:00:00,,-14.055
2012-08-30 20:00:00,,-14.059
2012-08-30 21:00:00,,-14.064
2012-08-30 22:00:00,,-14.071
2012-08-30 23:00:00,,-14.074
2012-08-31 00:00:00,,-14.079
2012-08-31 01:00:00,,-14.08
2012-08-31 02:00:00,,-14.079
2012-08-31 03:00:00,,-14.077
2012-08-31 04:00:00,,-14.076
2012-08-31 05:00:00,,-14.076
2012-08-31 06:00:00,,-14.078
2012-08-31 07:00:00,,-14.083
2012-08-31 08:00:00,,-14.087
2012-08-31 09:00:00,,-14.094
2012-08-31 10:00:00,,-14.099
2012-08-31 11:00:00,,-14.102
2012-08-31 12:00:00,,-14.102
2012-08-31 13:00:00,,-14.097
2012-08-31 14:00:00,,-14.09
2012-08-31 15:00:00,,-14.085
2012-08-31 16:00:00,,-14.079
2012-08-31 17:00:00,,-14.077
2012-08-31 18:00:00,,-14.077
2012-08-31 19:00:00,,-14.08
2012-08-31 20:00:00,,-14.084
2012-08-31 21:00:00,,-14.09
2012-08-31 22:00:00,,-14.096
2012-08-31 23:00:00,,-14.099
2012-09-01 00:00:00,,-14.101
2012-09-01 01:00:00,,-14.102
2012-09-01 02:00:00,,-14.099
2012-09-01 03:00:00,,-14.096
2012-09-01 04:00:00,,-14.093
2012-09-01 05:00:00,,-14.092
2012-09-01 06:00:00,,-14.093
2012-09-01 07:00:00,,-14.094
2012-09-01 08:00:00,,-14.098
2012-09-01 09:00:00,,-14.1
2012-09-01 10:00:00,,-14.104
2012-09-01 11:00:00,,-14.103
2012-09-01 12:00:00,,-14.101
2012-09-01 13:00:00,,-14.093
2012-09-01 14:00:00,,-14.087
2012-09-01 15:00:00,,-14.078
2012-09-01 16:00:00,,-14.074
2012-09-01 17:00:00,,-14.07
2012-09-01 18:00:00,,-14.071
2012-09-01 19:00:00,,-14.071
2012-09-01 20:00:00,,-14.075
2012-09-01 21:00:00,,-14.079
2012-09-01 22:00:00,,-14.084
2012-09-01 23:00:00,,-14.087
2012-09-02 00:00:00,,-14.088
2012-09-02 01:00:00,,-14.089
2012-09-02 02:00:00,,-14.087
2012-09-02 03:00:00,,-14.085
2012-09-02 04:00:00,,-14.082
2012-09-02 05:00:00,,-14.081
2012-09-02 06:00:00,,-14.084
2012-09-02 07:00:00,,-14.086
2012-09-02 08:00:00,,-14.092
2012-09-02 09:00:00,,-14.095
2012-09-02 10:00:00,,-14.097
2012-09-02 11:00:00,,-14.095
2012-09-02 12:00:00,,-14.092
2012-09-02 13:00:00,,-14.087
2012-09-02 14:00:00,,-14.08
2012-09-02 15:00:00,,-14.074
2012-09-02 16:00:00,,-14.067
2012-09-02 17:00:00,,-14.064
2012-09-02 18:00:00,,-14.061
2012-09-02 19:00:00,,-14.062
2012-09-02 20:00:00,,-14.066
2012-09-02 21:00:00,,-14.071
2012-09-02 22:00:00,,-14.075
2012-09-02 23:00:00,,-14.078
2012-09-03 00:00:00,,-14.08
2012-09-03 01:00:00,,-14.08
2012-09-03 02:00:00,,-14.08
2012-09-03 03:00:00,,-14.078
2012-09-03 04:00:00,,-14.077
2012-09-03 05:00:00,,-14.075
2012-09-03 06:00:00,,-14.075
2012-09-03 07:00:00,,-14.075
2012-09-03 08:00:00,,-14.077
2012-09-03 09:00:00,,-14.079
2012-09-03 10:00:00,,-14.081
2012-09-03 11:00:00,,-14.081
2012-09-03 12:00:00,,-14.078
2012-09-03 13:00:00,,-14.074
2012-09-03 14:00:00,,-14.068
2012-09-03 15:00:00,,-14.064
2012-09-03 16:00:00,,-14.057
2012-09-03 17:00:00,,-14.055
2012-09-03 18:00:00,,-14.052
2012-09-03 19:00:00,,-14.053
2012-09-03 20:00:00,,-14.055
2012-09-03 21:00:00,,-14.058
2012-09-03 22:00:00,,-14.061
2012-09-03 23:00:00,,-14.064
2012-09-04 00:00:00,,-14.066
2012-09-04 01:00:00,,-14.066
2012-09-04 02:00:00,,-14.069
2012-09-04 03:00:00,,-14.068
2012-09-04 04:00:00,,-14.067
2012-09-04 05:00:00,,-14.067
2012-09-04 06:00:00,,-14.067
2012-09-04 07:00:00,,-14.069
2012-09-04 08:00:00,,-14.071
2012-09-04 09:00:00,,-14.072
2012-09-04 10:00:00,,-14.074
2012-09-04 11:00:00,,-14.073
2012-09-04 12:00:00,,-14.07
2012-09-04 13:00:00,,-14.065
2012-09-04 14:00:00,,-14.059
2012-09-04 15:00:00,,-14.052
2012-09-04 16:00:00,,-14.046
2012-09-04 17:00:00,,-14.043
2012-09-04 18:00:00,,-14.039
2012-09-04 19:00:00,,-14.038
2012-09-04 20:00:00,,-14.042
2012-09-04 21:00:00,,-14.045
2012-09-04 22:00:00,,-14.045
2012-09-04 23:00:00,,-14.048
2012-09-05 00:00:00,,-14.05
2012-09-05 01:00:00,,-14.05
2012-09-05 02:00:00,,-14.048
2012-09-05 03:00:00,,-14.044
2012-09-05 04:00:00,,-14.04
2012-09-05 05:00:00,,-14.04
2012-09-05 06:00:00,,-14.04
2012-09-05 07:00:00,,-14.041
2012-09-05 08:00:00,,-14.044
2012-09-05 09:00:00,,-14.048
2012-09-05 10:00:00,,-14.05
2012-09-05 11:00:00,,-14.052
2012-09-05 12:00:00,,-14.051
2012-09-05 13:00:00,,-14.048
2012-09-05 14:00:00,,-14.044
2012-09-05 15:00:00,,-14.039
2012-09-05 16:00:00,,-14.037
2012-09-05 17:00:00,,-14.034
2012-09-05 18:00:00,,-14.034
2012-09-05 19:00:00,,-14.034
2012-09-05 20:00:00,,-14.037
2012-09-05 21:00:00,,-14.039
2012-09-05 22:00:00,,-14.043
2012-09-05 23:00:00,,-14.044
2012-09-06 00:00:00,,-14.047
2012-09-06 01:00:00,,-14.047
2012-09-06 02:00:00,,-14.047
2012-09-06 03:00:00,,-14.046
2012-09-06 04:00:00,,-14.048
2012-09-06 05:00:00,,-14.049
2012-09-06 06:00:00,,-14.051
2012-09-06 07:00:00,,-14.053
2012-09-06 08:00:00,,-14.056
2012-09-06 09:00:00,,-14.058
2012-09-06 10:00:00,,-14.061
2012-09-06 11:00:00,,-14.061
2012-09-06 12:00:00,,-14.06
2012-09-06 13:00:00,,-14.056
2012-09-06 14:00:00,,-14.05
2012-09-06 15:00:00,,-14.044
2012-09-06 16:00:00,,-14.041
2012-09-06 17:00:00,,-14.039
2012-09-06 18:00:00,,-14.038
2012-09-06 19:00:00,,-14.039
2012-09-06 20:00:00,,-14.043
2012-09-06 21:00:00,,-14.046
2012-09-06 22:00:00,,-14.051
2012-09-06 23:00:00,,-14.052
2012-09-07 00:00:00,,-14.056
2012-09-07 01:00:00,,-14.057
2012-09-07 02:00:00,,-14.059
2012-09-07 03:00:00,,-14.062
2012-09-07 04:00:00,,-14.065
2012-09-07 05:00:00,,-14.067
2012-09-07 06:00:00,,-14.072
2012-09-07 07:00:00,,-14.077
2012-09-07 08:00:00,,-14.081
2012-09-07 09:00:00,,-14.087
2012-09-07 10:00:00,,-14.092
2012-09-07 11:00:00,,-14.093
2012-09-07 12:00:00,,-14.093
2012-09-07 13:00:00,,-14.091
2012-09-07 14:00:00,,-14.088
2012-09-07 15:00:00,,-14.086
2012-09-07 16:00:00,,-14.083
2012-09-07 17:00:00,,-14.084
2012-09-07 18:00:00,,-14.084
2012-09-07 19:00:00,,-14.088
2012-09-07 20:00:00,,-14.092
2012-09-07 21:00:00,,-14.098
2012-09-07 22:00:00,,-14.102
2012-09-07 23:00:00,,-14.106
2012-09-08 00:00:00,,-14.108
2012-09-08 01:00:00,,-14.109
2012-09-08 02:00:00,,-14.111
2012-09-08 03:00:00,,-14.112
2012-09-08 04:00:00,,-14.111
2012-09-08 05:00:00,,-14.113
2012-09-08 06:00:00,,-14.115
2012-09-08 07:00:00,,-14.119
2012-09-08 08:00:00,,-14.121
2012-09-08 09:00:00,,-14.124
2012-09-08 10:00:00,,-14.126
2012-09-08 11:00:00,,-14.124
2012-09-08 12:00:00,,-14.122
2012-09-08 13:00:00,,-14.115
2012-09-08 14:00:00,,-14.111
2012-09-08 15:00:00,,-14.106
2012-09-08 16:00:00,,-14.103
2012-09-08 17:00:00,,-14.1
2012-09-08 18:00:00,,-14.101
2012-09-08 19:00:00,,-14.1
2012-09-08 20:00:00,,-14.105
2012-09-08 21:00:00,,-14.108
2012-09-08 22:00:00,,-14.112
2012-09-08 23:00:00,,-14.115
2012-09-09 00:00:00,,-14.116
2012-09-09 01:00:00,,-14.113
2012-09-09 02:00:00,,-14.11
2012-09-09 03:00:00,,-14.107
2012-09-09 04:00:00,,-14.108
2012-09-09 05:00:00,,-14.107
2012-09-09 06:00:00,,-14.111
2012-09-09 07:00:00,,-14.114
2012-09-09 08:00:00,,-14.119
2012-09-09 09:00:00,,-14.121
2012-09-09 10:00:00,,-14.121
2012-09-09 11:00:00,,-14.117
2012-09-09 12:00:00,,-14.112
2012-09-09 13:00:00,,-14.105
2012-09-09 14:00:00,,-14.098
2012-09-09 15:00:00,,-14.093
2012-09-09 16:00:00,,-14.088
2012-09-09 17:00:00,,-14.088
2012-09-09 18:00:00,,-14.088
2012-09-09 19:00:00,,-14.09
2012-09-09 20:00:00,,-14.091
2012-09-09 21:00:00,,-14.095
2012-09-09 22:00:00,,-14.096
2012-09-09 23:00:00,,-14.096
2012-09-10 00:00:00,,-14.096
2012-09-10 01:00:00,,-14.094
2012-09-10 02:00:00,,-14.094
2012-09-10 03:00:00,,-14.091
2012-09-10 04:00:00,,-14.091
2012-09-10 05:00:00,,-14.091
2012-09-10 06:00:00,,-14.095
2012-09-10 07:00:00,,-14.097
2012-09-10 08:00:00,,-14.102
2012-09-10 09:00:00,,-14.105
2012-09-10 10:00:00,,-14.103
2012-09-10 11:00:00,,-14.101
2012-09-10 12:00:00,,-14.097
2012-09-10 13:00:00,,-14.09
2012-09-10 14:00:00,,-14.085
2012-09-10 15:00:00,,-14.08
2012-09-10 16:00:00,,-14.076
2012-09-10 17:00:00,,-14.077
2012-09-10 18:00:00,,-14.077
2012-09-10 19:00:00,,-14.08
2012-09-10 20:00:00,,-14.086
2012-09-10 21:00:00,,-14.087
2012-09-10 22:00:00,,-14.09
2012-09-10 23:00:00,,-14.09
2012-09-11 00:00:00,,-14.09
2012-09-11 01:00:00,,-14.089
2012-09-11 02:00:00,,-14.088
2012-09-11 03:00:00,,-14.087
2012-09-11 04:00:00,,-14.085
2012-09-11 05:00:00,,-14.084
2012-09-11 06:00:00,,-14.088
2012-09-11 07:00:00,,-14.092
2012-09-11 08:00:00,,-14.096
2012-09-11 09:00:00,,-14.099
2012-09-11 10:00:00,,-14.101
2012-09-11 11:00:00,,-14.1
2012-09-11 12:00:00,,-14.097
2012-09-11 13:00:00,,-14.09
2012-09-11 14:00:00,,-14.083
2012-09-11 15:00:00,,-14.079
2012-09-11 16:00:00,,-14.074
2012-09-11 17:00:00,,-14.073
2012-09-11 18:00:00,,-14.071
2012-09-11 19:00:00,,-14.074
2012-09-11 20:00:00,,-14.077
2012-09-11 21:00:00,,-14.082
2012-09-11 22:00:00,,-14.084
2012-09-11 23:00:00,,-14.083
2012-09-12 00:00:00,,-14.084
2012-09-12 01:00:00,,-14.082
2012-09-12 02:00:00,,-14.082
2012-09-12 03:00:00,,-14.081
2012-09-12 04:00:00,,-14.079
2012-09-12 05:00:00,,-14.079
2012-09-12 06:00:00,,-14.082
2012-09-12 07:00:00,,-14.085
2012-09-12 08:00:00,,-14.089
2012-09-12 09:00:00,,-14.092
2012-09-12 10:00:00,,-14.093
2012-09-12 11:00:00,,-14.09
2012-09-12 12:00:00,,-14.085
2012-09-12 13:00:00,,-14.079
2012-09-12 14:00:00,,-14.072
2012-09-12 15:00:00,,-14.065
2012-09-12 16:00:00,,-14.063
2012-09-12 17:00:00,,-14.06
2012-09-12 18:00:00,,-14.061
2012-09-12 19:00:00,,-14.062
2012-09-12 20:00:00,,-14.066
2012-09-12 21:00:00,,-14.068
2012-09-12 22:00:00,,-14.07
2012-09-12 23:00:00,,-14.07
2012-09-13 00:00:00,,-14.07
2012-09-13 01:00:00,,-14.068
2012-09-13 02:00:00,,-14.065
2012-09-13 03:00:00,,-14.063
2012-09-13 04:00:00,,-14.06
2012-09-13 05:00:00,,-14.063
2012-09-13 06:00:00,,-14.065
2012-09-13 07:00:00,,-14.072
2012-09-13 08:00:00,,-14.079
2012-09-13 09:00:00,,-14.085
2012-09-13 10:00:00,,-14.09
2012-09-13 11:00:00,,-14.091
2012-09-13 12:00:00,,-14.086
2012-09-13 13:00:00,,-14.081
2012-09-13 14:00:00,,-14.074
2012-09-13 15:00:00,,-14.069
2012-09-13 16:00:00,,-14.065
2012-09-13 17:00:00,,-14.065
2012-09-13 18:00:00,,-14.067
2012-09-13 19:00:00,,-14.073
2012-09-13 20:00:00,,-14.078
2012-09-13 21:00:00,,-14.084
2012-09-13 22:00:00,,-14.089
2012-09-13 23:00:00,,-14.092
2012-09-14 00:00:00,,-14.093
2012-09-14 01:00:00,,-14.09
2012-09-14 02:00:00,,-14.09
2012-09-14 03:00:00,,-14.086
2012-09-14 04:00:00,,-14.084
2012-09-14 05:00:00,,-14.085
2012-09-14 06:00:00,,-14.088
2012-09-14 07:00:00,,-14.094
2012-09-14 08:00:00,,-14.1
2012-09-14 09:00:00,,-14.103
2012-09-14 10:00:00,,-14.104
2012-09-14 11:00:00,,-14.102
2012-09-14 12:00:00,,-14.099
2012-09-14 13:00:00,,-14.091
2012-09-14 14:00:00,,-14.085
2012-09-14 15:00:00,,-14.078
2012-09-14 16:00:00,,-14.073
2012-09-14 17:00:00,,-14.069
2012-09-14 18:00:00,,-14.071
2012-09-14 19:00:00,,-14.074
2012-09-14 20:00:00,,-14.079
2012-09-14 21:00:00,,-14.086
2012-09-14 22:00:00,,-14.09
2012-09-14 23:00:00,,-14.092
2012-09-15 00:00:00,,-14.094
2012-09-15 01:00:00,,-14.094
2012-09-15 02:00:00,,-14.09
2012-09-15 03:00:00,,-14.088
2012-09-15 04:00:00,,-14.086
2012-09-15 05:00:00,,-14.086
2012-09-15 06:00:00,,-14.089
2012-09-15 07:00:00,,-14.093
2012-09-15 08:00:00,,-14.098
2012-09-15 09:00:00,,-14.103
2012-09-15 10:00:00,,-14.106
2012-09-15 11:00:00,,-14.105
2012-09-15 12:00:00,,-14.102
2012-09-15 13:00:00,,-14.095
2012-09-15 14:00:00,,-14.088
2012-09-15 15:00:00,,-14.08
2012-09-15 16:00:00,,-14.074
2012-09-15 17:00:00,,-14.072
2012-09-15 18:00:00,,-14.072
2012-09-15 19:00:00,,-14.075
2012-09-15 20:00:00,,-14.081
2012-09-15 21:00:00,,-14.086
2012-09-15 22:00:00,,-14.091
2012-09-15 23:00:00,,-14.094
2012-09-16 00:00:00,,-14.094
2012-09-16 01:00:00,,-14.094
2012-09-16 02:00:00,,-14.091
2012-09-16 03:00:00,,-14.087
2012-09-16 04:00:00,,-14.085
2012-09-16 05:00:00,,-14.085
2012-09-16 06:00:00,,-14.084
2012-09-16 07:00:00,,-14.089
2012-09-16 08:00:00,,-14.094
2012-09-16 09:00:00,,-14.098
2012-09-16 10:00:00,,-14.1
2012-09-16 11:00:00,,-14.099
2012-09-16 12:00:00,,-14.097
2012-09-16 13:00:00,,-14.091
2012-09-16 14:00:00,,-14.083
2012-09-16 15:00:00,,-14.075
2012-09-16 16:00:00,,-14.068
2012-09-16 17:00:00,,-14.063
2012-09-16 18:00:00,,-14.062
2012-09-16 19:00:00,,-14.064
2012-09-16 20:00:00,,-14.068
2012-09-16 21:00:00,,-14.073
2012-09-16 22:00:00,,-14.077
2012-09-16 23:00:00,,-14.08
2012-09-17 00:00:00,,-14.083
2012-09-17 01:00:00,,-14.082
2012-09-17 02:00:00,,-14.079
2012-09-17 03:00:00,,-14.075
2012-09-17 04:00:00,,-14.07
2012-09-17 05:00:00,,-14.069
2012-09-17 06:00:00,,-14.07
2012-09-17 07:00:00,,-14.071
2012-09-17 08:00:00,,-14.076
2012-09-17 09:00:00,,-14.081
2012-09-17 10:00:00,,-14.085
2012-09-17 11:00:00,,-14.084
2012-09-17 12:00:00,,-14.082
2012-09-17 13:00:00,,-14.077
2012-09-17 14:00:00,,-14.07
2012-09-17 15:00:00,,-14.06
2012-09-17 16:00:00,,-14.053
2012-09-17 17:00:00,,-14.046
2012-09-17 18:00:00,,-14.043
2012-09-17 19:00:00,,-14.043
2012-09-17 20:00:00,,-14.046
2012-09-17 21:00:00,,-14.047
2012-09-17 22:00:00,,-14.05
2012-09-17 23:00:00,,-14.052
2012-09-18 00:00:00,,-14.053
2012-09-18 01:00:00,,-14.051
2012-09-18 02:00:00,,-14.051
2012-09-18 03:00:00,,-14.049
2012-09-18 04:00:00,,-14.046
2012-09-18 05:00:00,,-14.046
2012-09-18 06:00:00,,-14.045
2012-09-18 07:00:00,,-14.048
2012-09-18 08:00:00,,-14.053
2012-09-18 09:00:00,,-14.055
2012-09-18 10:00:00,,-14.057
2012-09-18 11:00:00,,-14.057
2012-09-18 12:00:00,,-14.054
2012-09-18 13:00:00,,-14.049
2012-09-18 14:00:00,,-14.043
2012-09-18 15:00:00,,-14.038
2012-09-18 16:00:00,,-14.032
2012-09-18 17:00:00,,-14.029
2012-09-18 18:00:00,,-14.026
2012-09-18 19:00:00,,-14.026
2012-09-18 20:00:00,,-14.029
2012-09-18 21:00:00,,-14.032
2012-09-18 22:00:00,,-14.035
2012-09-18 23:00:00,,-14.037
2012-09-19 00:00:00,,-14.039
2012-09-19 01:00:00,,-14.039
2012-09-19 02:00:00,,-14.037
2012-09-19 03:00:00,,-14.036
2012-09-19 04:00:00,,-14.034
2012-09-19 05:00:00,,-14.033
2012-09-19 06:00:00,,-14.033
2012-09-19 07:00:00,,-14.034
2012-09-19 08:00:00,,-14.037
2012-09-19 09:00:00,,-14.04
2012-09-19 10:00:00,,-14.042
2012-09-19 11:00:00,,-14.044
2012-09-19 12:00:00,,-14.043
2012-09-19 13:00:00,,-14.04
2012-09-19 14:00:00,,-14.035
2012-09-19 15:00:00,,-14.032
2012-09-19 16:00:00,,-14.027
2012-09-19 17:00:00,,-14.024
2012-09-19 18:00:00,,-14.023
2012-09-19 19:00:00,,-14.023
2012-09-19 20:00:00,,-14.026
2012-09-19 21:00:00,,-14.029
2012-09-19 22:00:00,,-14.035
2012-09-19 23:00:00,,-14.036
2012-09-20 00:00:00,,-14.04
2012-09-20 01:00:00,,-14.039
2012-09-20 02:00:00,,-14.039
2012-09-20 03:00:00,,-14.038
2012-09-20 04:00:00,,-14.036
2012-09-20 05:00:00,,-14.035
2012-09-20 06:00:00,,-14.035
2012-09-20 07:00:00,,-14.039
2012-09-20 08:00:00,,-14.042
2012-09-20 09:00:00,,-14.046
2012-09-20 10:00:00,,-14.048
2012-09-20 11:00:00,,-14.049
2012-09-20 12:00:00,,-14.048
2012-09-20 13:00:00,,-14.043
2012-09-20 14:00:00,,-14.04
2012-09-20 15:00:00,,-14.036
2012-09-20 16:00:00,,-14.034
2012-09-20 17:00:00,,-14.031
2012-09-20 18:00:00,,-14.031
2012-09-20 19:00:00,,-14.032
2012-09-20 20:00:00,,-14.035
2012-09-20 21:00:00,,-14.039
2012-09-20 22:00:00,,-14.044
2012-09-20 23:00:00,,-14.045
2012-09-21 00:00:00,,-14.047
2012-09-21 01:00:00,,-14.048
2012-09-21 02:00:00,,-14.047
2012-09-21 03:00:00,,-14.048
2012-09-21 04:00:00,,-14.045
2012-09-21 05:00:00,,-14.047
2012-09-21 06:00:00,,-14.048
2012-09-21 07:00:00,,-14.05
2012-09-21 08:00:00,,-14.054
2012-09-21 09:00:00,,-14.058
2012-09-21 10:00:00,,-14.063
2012-09-21 11:00:00,,-14.062
2012-09-21 12:00:00,,-14.06
2012-09-21 13:00:00,,-14.056
2012-09-21 14:00:00,,-14.053
2012-09-21 15:00:00,,-14.048
2012-09-21 16:00:00,,-14.046
2012-09-21 17:00:00,,-14.042
2012-09-21 18:00:00,,-14.042
2012-09-21 19:00:00,,-14.042
2012-09-21 20:00:00,,-14.044
2012-09-21 21:00:00,,-14.045
2012-09-21 22:00:00,,-14.048
2012-09-21 23:00:00,,-14.05
2012-09-22 00:00:00,,-14.051
2012-09-22 01:00:00,,-14.05
2012-09-22 02:00:00,,-14.049
2012-09-22 03:00:00,,-14.049
2012-09-22 04:00:00,,-14.05
2012-09-22 05:00:00,,-14.051
2012-09-22 06:00:00,,-14.053
2012-09-22 07:00:00,,-14.056
2012-09-22 08:00:00,,-14.058
2012-09-22 09:00:00,,-14.059
2012-09-22 10:00:00,,-14.059
2012-09-22 11:00:00,,-14.056
2012-09-22 12:00:00,,-14.053
2012-09-22 13:00:00,,-14.047
2012-09-22 14:00:00,,-14.043
2012-09-22 15:00:00,,-14.038
2012-09-22 16:00:00,,-14.037
2012-09-22 17:00:00,,-14.035
2012-09-22 18:00:00,,-14.034
2012-09-22 19:00:00,,-14.035
2012-09-22 20:00:00,,-14.037
2012-09-22 21:00:00,,-14.039
2012-09-22 22:00:00,,-14.04
2012-09-22 23:00:00,,-14.04
2012-09-23 00:00:00,,-14.04
2012-09-23 01:00:00,,-14.039
2012-09-23 02:00:00,,-14.039
2012-09-23 03:00:00,,-14.036
2012-09-23 04:00:00,,-14.036
2012-09-23 05:00:00,,-14.038
2012-09-23 06:00:00,,-14.042
2012-09-23 07:00:00,,-14.045
2012-09-23 08:00:00,,-14.048
2012-09-23 09:00:00,,-14.05
2012-09-23 10:00:00,,-14.052
2012-09-23 11:00:00,,-14.052
2012-09-23 12:00:00,,-14.049
2012-09-23 13:00:00,,-14.048
2012-09-23 14:00:00,,-14.045
2012-09-23 15:00:00,,-14.042
2012-09-23 16:00:00,,-14.041
2012-09-23 17:00:00,,-14.041
2012-09-23 18:00:00,,-14.042
2012-09-23 19:00:00,,-14.045
2012-09-23 20:00:00,,-14.05
2012-09-23 21:00:00,,-14.054
2012-09-23 22:00:00,,-14.058
2012-09-23 23:00:00,,-14.059
2012-09-24 00:00:00,,-14.059
2012-09-24 01:00:00,,-14.057
2012-09-24 02:00:00,,-14.057
2012-09-24 03:00:00,,-14.055
2012-09-24 04:00:00,,-14.059
2012-09-24 05:00:00,,-14.062
2012-09-24 06:00:00,,-14.066
2012-09-24 07:00:00,,-14.069
2012-09-24 08:00:00,,-14.074
2012-09-24 09:00:00,,-14.078
2012-09-24 10:00:00,,-14.079
2012-09-24 11:00:00,,-14.078
2012-09-24 12:00:00,,-14.073
2012-09-24 13:00:00,,-14.067
2012-09-24 14:00:00,,-14.06
2012-09-24 15:00:00,,-14.055
2012-09-24 16:00:00,,-14.052
2012-09-24 17:00:00,,-14.051
2012-09-24 18:00:00,,-14.052
2012-09-24 19:00:00,,-14.055
2012-09-24 20:00:00,,-14.06
2012-09-24 21:00:00,,-14.064
2012-09-24 22:00:00,,-14.067
2012-09-24 23:00:00,,-14.068
2012-09-25 00:00:00,,-14.068
2012-09-25 01:00:00,,-14.066
2012-09-25 02:00:00,,-14.062
2012-09-25 03:00:00,,-14.06
2012-09-25 04:00:00,,-14.061
2012-09-25 05:00:00,,-14.061
2012-09-25 06:00:00,,-14.063
2012-09-25 07:00:00,,-14.066
2012-09-25 08:00:00,,-14.071
2012-09-25 09:00:00,,-14.072
2012-09-25 10:00:00,,-14.073
2012-09-25 11:00:00,,-14.07
2012-09-25 12:00:00,,-14.066
2012-09-25 13:00:00,,-14.059
2012-09-25 14:00:00,,-14.054
2012-09-25 15:00:00,,-14.048
2012-09-25 16:00:00,,-14.046
2012-09-25 17:00:00,,-14.044
2012-09-25 18:00:00,,-14.046
2012-09-25 19:00:00,,-14.05
2012-09-25 20:00:00,,-14.057
2012-09-25 21:00:00,,-14.06
2012-09-25 22:00:00,,-14.062
2012-09-25 23:00:00,,-14.064
2012-09-26 00:00:00,,-14.064
2012-09-26 01:00:00,,-14.062
2012-09-26 02:00:00,,-14.06
2012-09-26 03:00:00,,-14.057
2012-09-26 04:00:00,,-14.056
2012-09-26 05:00:00,,-14.053
2012-09-26 06:00:00,,-14.058
2012-09-26 07:00:00,,-14.061
2012-09-26 08:00:00,,-14.066
2012-09-26 09:00:00,,-14.069
2012-09-26 10:00:00,,-14.07
2012-09-26 11:00:00,,-14.068
2012-09-26 12:00:00,,-14.064
2012-09-26 13:00:00,,-14.059
2012-09-26 14:00:00,,-14.053
2012-09-26 15:00:00,,-14.049
2012-09-26 16:00:00,,-14.047
2012-09-26 17:00:00,,-14.048
2012-09-26 18:00:00,,-14.051
2012-09-26 19:00:00,,-14.058
2012-09-26 20:00:00,,-14.063
2012-09-26 21:00:00,,-14.063
2012-09-26 22:00:00,,-14.064
2012-09-26 23:00:00,,-14.063
2012-09-27 00:00:00,,-14.064
2012-09-27 01:00:00,,-14.058
2012-09-27 02:00:00,,-14.053
2012-09-27 03:00:00,,-14.047
2012-09-27 04:00:00,,-14.044
2012-09-27 05:00:00,,-14.044
2012-09-27 06:00:00,,-14.047
2012-09-27 07:00:00,,-14.05
2012-09-27 08:00:00,,-14.056
2012-09-27 09:00:00,,-14.059
2012-09-27 10:00:00,,-14.06
2012-09-27 11:00:00,,-14.058
2012-09-27 12:00:00,,-14.053
2012-09-27 13:00:00,,-14.046
2012-09-27 14:00:00,,-14.038
2012-09-27 15:00:00,,-14.03
2012-09-27 16:00:00,,-14.025
2012-09-27 17:00:00,,-14.021
2012-09-27 18:00:00,,-14.021
2012-09-27 19:00:00,,-14.024
2012-09-27 20:00:00,,-14.03
2012-09-27 21:00:00,,-14.036
2012-09-27 22:00:00,,-14.041
2012-09-27 23:00:00,,-14.041
2012-09-28 00:00:00,,-14.041
2012-09-28 01:00:00,,-14.038
2012-09-28 02:00:00,,-14.03
2012-09-28 03:00:00,,-14.029
2012-09-28 04:00:00,,-14.03
2012-09-28 05:00:00,,-14.026
2012-09-28 06:00:00,,-14.028
2012-09-28 07:00:00,,-14.034
2012-09-28 08:00:00,,-14.039
2012-09-28 09:00:00,,-14.043
2012-09-28 10:00:00,,-14.044
2012-09-28 11:00:00,,-14.043
2012-09-28 12:00:00,,-14.041
2012-09-28 13:00:00,,-14.033
2012-09-28 14:00:00,,-14.026
2012-09-28 15:00:00,,-14.019
2012-09-28 16:00:00,,-14.014
2012-09-28 17:00:00,,-14.012
2012-09-28 18:00:00,,-14.012
2012-09-28 19:00:00,,-14.022
2012-09-28 20:00:00,,-14.035
2012-09-28 21:00:00,,-14.049
2012-09-28 22:00:00,,-14.056
2012-09-28 23:00:00,,-14.063
2012-09-29 00:00:00,,-14.065
2012-09-29 01:00:00,,-14.064
2012-09-29 02:00:00,,-14.063
2012-09-29 03:00:00,,-14.064
2012-09-29 04:00:00,,-14.064
2012-09-29 05:00:00,,-14.061
2012-09-29 06:00:00,,-14.064
2012-09-29 07:00:00,,-14.07
2012-09-29 08:00:00,,-14.078
2012-09-29 09:00:00,,-14.086
2012-09-29 10:00:00,,-14.096
2012-09-29 11:00:00,,-14.102
2012-09-29 12:00:00,,-14.101
2012-09-29 13:00:00,,-14.098
2012-09-29 14:00:00,,-14.093
2012-09-29 15:00:00,,-14.087
2012-09-29 16:00:00,,-14.082
2012-09-29 17:00:00,,-14.082
2012-09-29 18:00:00,,-14.083
2012-09-29 19:00:00,,-14.086
2012-09-29 20:00:00,,-14.093
2012-09-29 21:00:00,,-14.1
2012-09-29 22:00:00,,-14.107
2012-09-29 23:00:00,,-14.111
2012-09-30 00:00:00,,-14.112
2012-09-30 01:00:00,,-14.112
2012-09-30 02:00:00,,-14.111
2012-09-30 03:00:00,,-14.109
2012-09-30 04:00:00,,-14.108
2012-09-30 05:00:00,,-14.107
2012-09-30 06:00:00,,-14.109
2012-09-30 07:00:00,,-14.114
2012-09-30 08:00:00,,-14.119
2012-09-30 09:00:00,,-14.125
2012-09-30 10:00:00,,-14.128
2012-09-30 11:00:00,,-14.129
2012-09-30 12:00:00,,-14.125
2012-09-30 13:00:00,,-14.121
2012-09-30 14:00:00,,-14.115
2012-09-30 15:00:00,,-14.108
2012-09-30 16:00:00,,-14.103
2012-09-30 17:00:00,,-14.098
2012-09-30 18:00:00,,-14.098
2012-09-30 19:00:00,,-14.101
2012-09-30 20:00:00,,-14.103
2012-09-30 21:00:00,,-14.11
2012-09-30 22:00:00,,-14.116
2012-09-30 23:00:00,,-14.12
2012-10-01 00:00:00,,-14.123
2012-10-01 01:00:00,,-14.124
2012-10-01 02:00:00,,-14.122
2012-10-01 03:00:00,,-14.121
2012-10-01 04:00:00,,-14.119
2012-10-01 05:00:00,,-14.12
2012-10-01 06:00:00,,-14.123
2012-10-01 07:00:00,,-14.126
2012-10-01 08:00:00,,-14.131
2012-10-01 09:00:00,,-14.136
2012-10-01 10:00:00,,-14.137
2012-10-01 11:00:00,,-14.14
2012-10-01 12:00:00,,-14.138
2012-10-01 13:00:00,,-14.134
2012-10-01 14:00:00,,-14.127
2012-10-01 15:00:00,,-14.12
2012-10-01 16:00:00,,-14.115
2012-10-01 17:00:00,,-14.112
2012-10-01 18:00:00,,-14.113
2012-10-01 19:00:00,,-14.113
2012-10-01 20:00:00,,-14.118
2012-10-01 21:00:00,,-14.122
2012-10-01 22:00:00,,-14.127
2012-10-01 23:00:00,,-14.13
2012-10-02 00:00:00,,-14.131
2012-10-02 01:00:00,,-14.13
2012-10-02 02:00:00,,-14.127
2012-10-02 03:00:00,,-14.127
2012-10-02 04:00:00,,-14.124
2012-10-02 05:00:00,,-14.125
2012-10-02 06:00:00,,-14.128
2012-10-02 07:00:00,,-14.13
2012-10-02 08:00:00,,-14.134
2012-10-02 09:00:00,,-14.138
2012-10-02 10:00:00,,-14.138
2012-10-02 11:00:00,,-14.137
2012-10-02 12:00:00,,-14.135
2012-10-02 13:00:00,,-14.127
2012-10-02 14:00:00,,-14.119
2012-10-02 15:00:00,,-14.112
2012-10-02 16:00:00,,-14.105
2012-10-02 17:00:00,,-14.1
2012-10-02 18:00:00,,-14.098
2012-10-02 19:00:00,,-14.099
2012-10-02 20:00:00,,-14.102
2012-10-02 21:00:00,,-14.105
2012-10-02 22:00:00,,-14.108
2012-10-02 23:00:00,,-14.109
2012-10-03 00:00:00,,-14.111
2012-10-03 01:00:00,,-14.109
2012-10-03 02:00:00,,-14.106
2012-10-03 03:00:00,,-14.103
2012-10-03 04:00:00,,-14.1
2012-10-03 05:00:00,,-14.101
2012-10-03 06:00:00,,-14.1
2012-10-03 07:00:00,,-14.101
2012-10-03 08:00:00,,-14.104
2012-10-03 09:00:00,,-14.106
2012-10-03 10:00:00,,-14.106
2012-10-03 11:00:00,,-14.104
2012-10-03 12:00:00,,-14.101
2012-10-03 13:00:00,,-14.096
2012-10-03 14:00:00,,-14.087
2012-10-03 15:00:00,,-14.08
2012-10-03 16:00:00,,-14.072
2012-10-03 17:00:00,,-14.066
2012-10-03 18:00:00,,-14.063
2012-10-03 19:00:00,,-14.063
2012-10-03 20:00:00,,-14.066
2012-10-03 21:00:00,,-14.069
2012-10-03 22:00:00,,-14.071
2012-10-03 23:00:00,,-14.073
2012-10-04 00:00:00,,-14.074
2012-10-04 01:00:00,,-14.073
2012-10-04 02:00:00,,-14.071
2012-10-04 03:00:00,,-14.069
2012-10-04 04:00:00,,-14.067
2012-10-04 05:00:00,,-14.065
2012-10-04 06:00:00,,-14.066
2012-10-04 07:00:00,,-14.069
2012-10-04 08:00:00,,-14.073
2012-10-04 09:00:00,,-14.074
2012-10-04 10:00:00,,-14.075
2012-10-04 11:00:00,,-14.074
2012-10-04 12:00:00,,-14.072
2012-10-04 13:00:00,,-14.067
2012-10-04 14:00:00,,-14.062
2012-10-04 15:00:00,,-14.057
2012-10-04 16:00:00,,-14.053
2012-10-04 17:00:00,,-14.049
2012-10-04 18:00:00,,-14.047
2012-10-04 19:00:00,,-14.049
2012-10-04 20:00:00,,-14.05
2012-10-04 21:00:00,,-14.052
2012-10-04 22:00:00,,-14.055
2012-10-04 23:00:00,,-14.057
2012-10-05 00:00:00,,-14.058
2012-10-05 01:00:00,,-14.058
2012-10-05 02:00:00,,-14.057
2012-10-05 03:00:00,,-14.055
2012-10-05 04:00:00,,-14.055
2012-10-05 05:00:00,,-14.057
2012-10-05 06:00:00,,-14.059
2012-10-05 07:00:00,,-14.062
2012-10-05 08:00:00,,-14.065
2012-10-05 09:00:00,,-14.069
2012-10-05 10:00:00,,-14.071
2012-10-05 11:00:00,,-14.07
2012-10-05 12:00:00,,-14.068
2012-10-05 13:00:00,,-14.064
2012-10-05 14:00:00,,-14.059
2012-10-05 15:00:00,,-14.055
2012-10-05 16:00:00,,-14.052
2012-10-05 17:00:00,,-14.048
2012-10-05 18:00:00,,-14.047
2012-10-05 19:00:00,,-14.049
2012-10-05 20:00:00,,-14.052
2012-10-05 21:00:00,,-14.054
2012-10-05 22:00:00,,-14.057
2012-10-05 23:00:00,,-14.058
2012-10-06 00:00:00,,-14.058
2012-10-06 01:00:00,,-14.057
2012-10-06 02:00:00,,-14.056
2012-10-06 03:00:00,,-14.055
2012-10-06 04:00:00,,-14.054
2012-10-06 05:00:00,,-14.054
2012-10-06 06:00:00,,-14.057
2012-10-06 07:00:00,,-14.06
2012-10-06 08:00:00,,-14.063
2012-10-06 09:00:00,,-14.066
2012-10-06 10:00:00,,-14.067
2012-10-06 11:00:00,,-14.066
2012-10-06 12:00:00,,-14.064
2012-10-06 13:00:00,,-14.061
2012-10-06 14:00:00,,-14.057
2012-10-06 15:00:00,,-14.052
2012-10-06 16:00:00,,-14.049
2012-10-06 17:00:00,,-14.046
2012-10-06 18:00:00,,-14.047
2012-10-06 19:00:00,,-14.048
2012-10-06 20:00:00,,-14.05
2012-10-06 21:00:00,,-14.053
2012-10-06 22:00:00,,-14.054
2012-10-06 23:00:00,,-14.056
2012-10-07 00:00:00,,-14.057
2012-10-07 01:00:00,,-14.06
2012-10-07 02:00:00,,-14.061
2012-10-07 03:00:00,,-14.06
2012-10-07 04:00:00,,-14.063
2012-10-07 05:00:00,,-14.065
2012-10-07 06:00:00,,-14.068
2012-10-07 07:00:00,,-14.07
2012-10-07 08:00:00,,-14.074
2012-10-07 09:00:00,,-14.076
2012-10-07 10:00:00,,-14.079
2012-10-07 11:00:00,,-14.076
2012-10-07 12:00:00,,-14.073
2012-10-07 13:00:00,,-14.069
2012-10-07 14:00:00,,-14.063
2012-10-07 15:00:00,,-14.06
2012-10-07 16:00:00,,-14.056
2012-10-07 17:00:00,,-14.053
2012-10-07 18:00:00,,-14.052
2012-10-07 19:00:00,,-14.053
2012-10-07 20:00:00,,-14.056
2012-10-07 21:00:00,,-14.056
2012-10-07 22:00:00,,-14.059
2012-10-07 23:00:00,,-14.059
2012-10-08 00:00:00,,-14.059
2012-10-08 01:00:00,,-14.056
2012-10-08 02:00:00,,-14.053
2012-10-08 03:00:00,,-14.052
2012-10-08 04:00:00,,-14.053
2012-10-08 05:00:00,,-14.053
2012-10-08 06:00:00,,-14.055
2012-10-08 07:00:00,,-14.057
2012-10-08 08:00:00,,-14.06
2012-10-08 09:00:00,,-14.061
2012-10-08 10:00:00,,-14.061
2012-10-08 11:00:00,,-14.06
2012-10-08 12:00:00,,-14.055
2012-10-08 13:00:00,,-14.05
2012-10-08 14:00:00,,-14.045
2012-10-08 15:00:00,,-14.041
2012-10-08 16:00:00,,-14.035
2012-10-08 17:00:00,,-14.033
2012-10-08 18:00:00,,-14.033
2012-10-08 19:00:00,,-14.035
2012-10-08 20:00:00,,-14.036
2012-10-08 21:00:00,,-14.039
2012-10-08 22:00:00,,-14.039
2012-10-08 23:00:00,,-14.039
2012-10-09 00:00:00,,-14.039
2012-10-09 01:00:00,,-14.037
2012-10-09 02:00:00,,-14.035
2012-10-09 03:00:00,,-14.033
2012-10-09 04:00:00,,-14.033
2012-10-09 05:00:00,,-14.032
2012-10-09 06:00:00,,-14.036
2012-10-09 07:00:00,,-14.04
2012-10-09 08:00:00,,-14.045
2012-10-09 09:00:00,,-14.049
2012-10-09 10:00:00,,-14.047
2012-10-09 11:00:00,,-14.044
2012-10-09 12:00:00,,-14.041
2012-10-09 13:00:00,,-14.035
2012-10-09 14:00:00,,-14.029
2012-10-09 15:00:00,,-14.024
2012-10-09 16:00:00,,-14.022
2012-10-09 17:00:00,,-14.018
2012-10-09 18:00:00,,-14.019
2012-10-09 19:00:00,,-14.02
2012-10-09 20:00:00,,-14.021
2012-10-09 21:00:00,,-14.023
2012-10-09 22:00:00,,-14.025
2012-10-09 23:00:00,,-14.027
2012-10-10 00:00:00,,-14.028
2012-10-10 01:00:00,,-14.028
2012-10-10 02:00:00,,-14.027
2012-10-10 03:00:00,,-14.027
2012-10-10 04:00:00,,-14.028
2012-10-10 05:00:00,,-14.031
2012-10-10 06:00:00,,-14.032
2012-10-10 07:00:00,,-14.041
2012-10-10 08:00:00,,-14.046
2012-10-10 09:00:00,,-14.049
2012-10-10 10:00:00,,-14.051
2012-10-10 11:00:00,,-14.052
2012-10-10 12:00:00,,-14.052
2012-10-10 13:00:00,,-14.048
2012-10-10 14:00:00,,-14.045
2012-10-10 15:00:00,,-14.044
2012-10-10 16:00:00,,-14.045
2012-10-10 17:00:00,,-14.048
2012-10-10 18:00:00,,-14.055
2012-10-10 19:00:00,,-14.061
2012-10-10 20:00:00,,-14.069
2012-10-10 21:00:00,,-14.073
2012-10-10 22:00:00,,-14.08
2012-10-10 23:00:00,,-14.083
2012-10-11 00:00:00,,-14.084
2012-10-11 01:00:00,,-14.087
2012-10-11 02:00:00,,-14.089
2012-10-11 03:00:00,,-14.091
2012-10-11 04:00:00,,-14.096
2012-10-11 05:00:00,,-14.099
2012-10-11 06:00:00,,-14.105
2012-10-11 07:00:00,,-14.111
2012-10-11 08:00:00,,-14.116
2012-10-11 09:00:00,,-14.121
2012-10-11 10:00:00,,-14.123
2012-10-11 11:00:00,,-14.123
2012-10-11 12:00:00,,-14.119
2012-10-11 13:00:00,,-14.114
2012-10-11 14:00:00,,-14.109
2012-10-11 15:00:00,,-14.105
2012-10-11 16:00:00,,-14.101
2012-10-11 17:00:00,,-14.099
2012-10-11 18:00:00,,-14.101
2012-10-11 19:00:00,,-14.104
2012-10-11 20:00:00,,-14.109
2012-10-11 21:00:00,,-14.113
2012-10-11 22:00:00,,-14.116
2012-10-11 23:00:00,,-14.117
2012-10-12 00:00:00,,-14.116
2012-10-12 01:00:00,,-14.115
2012-10-12 02:00:00,,-14.111
2012-10-12 03:00:00,,-14.109
2012-10-12 04:00:00,,-14.11
2012-10-12 05:00:00,,-14.11
2012-10-12 06:00:00,,-14.113
2012-10-12 07:00:00,,-14.119
2012-10-12 08:00:00,,-14.125
2012-10-12 09:00:00,,-14.129
2012-10-12 10:00:00,,-14.131
2012-10-12 11:00:00,,-14.128
2012-10-12 12:00:00,,-14.125
2012-10-12 13:00:00,,-14.119
2012-10-12 14:00:00,,-14.112
2012-10-12 15:00:00,,-14.106
2012-10-12 16:00:00,,-14.103
2012-10-12 17:00:00,,-14.101
2012-10-12 18:00:00,,-14.104
2012-10-12 19:00:00,,-14.107
2012-10-12 20:00:00,,-14.112
2012-10-12 21:00:00,,-14.116
2012-10-12 22:00:00,,-14.121
2012-10-12 23:00:00,,-14.121
2012-10-13 00:00:00,,-14.122
2012-10-13 01:00:00,,-14.118
2012-10-13 02:00:00,,-14.115
2012-10-13 03:00:00,,-14.111
2012-10-13 04:00:00,,-14.11
2012-10-13 05:00:00,,-14.113
2012-10-13 06:00:00,,-14.116
2012-10-13 07:00:00,,-14.122
2012-10-13 08:00:00,,-14.125
2012-10-13 09:00:00,,-14.128
2012-10-13 10:00:00,,-14.129
2012-10-13 11:00:00,,-14.125
2012-10-13 12:00:00,,-14.121
2012-10-13 13:00:00,,-14.113
2012-10-13 14:00:00,,-14.105
2012-10-13 15:00:00,,-14.099
2012-10-13 16:00:00,,-14.092
2012-10-13 17:00:00,,-14.089
2012-10-13 18:00:00,,-14.089
2012-10-13 19:00:00,,-14.092
2012-10-13 20:00:00,,-14.098
2012-10-13 21:00:00,,-14.103
2012-10-13 22:00:00,,-14.107
2012-10-13 23:00:00,,-14.11
2012-10-14 00:00:00,,-14.11
2012-10-14 01:00:00,,-14.107
2012-10-14 02:00:00,,-14.105
2012-10-14 03:00:00,,-14.102
2012-10-14 04:00:00,,-14.099
2012-10-14 05:00:00,,-14.099
2012-10-14 06:00:00,,-14.102
2012-10-14 07:00:00,,-14.107
2012-10-14 08:00:00,,-14.113
2012-10-14 09:00:00,,-14.118
2012-10-14 10:00:00,,-14.119
2012-10-14 11:00:00,,-14.118
2012-10-14 12:00:00,,-14.114
2012-10-14 13:00:00,,-14.108
2012-10-14 14:00:00,,-14.099
2012-10-14 15:00:00,,-14.091
2012-10-14 16:00:00,,-14.085
2012-10-14 17:00:00,,-14.081
2012-10-14 18:00:00,,-14.082
2012-10-14 19:00:00,,-14.085
2012-10-14 20:00:00,,-14.089
2012-10-14 21:00:00,,-14.094
2012-10-14 22:00:00,,-14.099
2012-10-14 23:00:00,,-14.101
2012-10-15 00:00:00,,-14.103
2012-10-15 01:00:00,,-14.102
2012-10-15 02:00:00,,-14.098
2012-10-15 03:00:00,,-14.094
2012-10-15 04:00:00,,-14.093
2012-10-15 05:00:00,,-14.091
2012-10-15 06:00:00,,-14.093
2012-10-15 07:00:00,,-14.098
2012-10-15 08:00:00,,-14.103
2012-10-15 09:00:00,,-14.105
2012-10-15 10:00:00,,-14.107
2012-10-15 11:00:00,,-14.107
2012-10-15 12:00:00,,-14.104
2012-10-15 13:00:00,,-14.097
2012-10-15 14:00:00,,-14.09
2012-10-15 15:00:00,,-14.083
2012-10-15 16:00:00,,-14.076
2012-10-15 17:00:00,,-14.071
2012-10-15 18:00:00,,-14.069
2012-10-15 19:00:00,,-14.071
2012-10-15 20:00:00,,-14.074
2012-10-15 21:00:00,,-14.079
2012-10-15 22:00:00,,-14.083
2012-10-15 23:00:00,,-14.086
2012-10-16 00:00:00,,-14.086
2012-10-16 01:00:00,,-14.084
2012-10-16 02:00:00,,-14.082
2012-10-16 03:00:00,,-14.078
2012-10-16 04:00:00,,-14.077
2012-10-16 05:00:00,,-14.075
2012-10-16 06:00:00,,-14.075
2012-10-16 07:00:00,,-14.078
2012-10-16 08:00:00,,-14.081
2012-10-16 09:00:00,,-14.084
2012-10-16 10:00:00,,-14.086
2012-10-16 11:00:00,,-14.085
2012-10-16 12:00:00,,-14.083
2012-10-16 13:00:00,,-14.077
2012-10-16 14:00:00,,-14.07
2012-10-16 15:00:00,,-14.063
2012-10-16 16:00:00,,-14.056
2012-10-16 17:00:00,,-14.053
2012-10-16 18:00:00,,-14.049
2012-10-16 19:00:00,,-14.051
2012-10-16 20:00:00,,-14.052
2012-10-16 21:00:00,,-14.056
2012-10-16 22:00:00,,-14.059
2012-10-16 23:00:00,,-14.062
2012-10-17 00:00:00,,-14.064
2012-10-17 01:00:00,,-14.063
2012-10-17 02:00:00,,-14.062
2012-10-17 03:00:00,,-14.06
2012-10-17 04:00:00,,-14.058
2012-10-17 05:00:00,,-14.059
2012-10-17 06:00:00,,-14.061
2012-10-17 07:00:00,,-14.065
2012-10-17 08:00:00,,-14.07
2012-10-17 09:00:00,,-14.074
2012-10-17 10:00:00,,-14.077
2012-10-17 11:00:00,,-14.077
2012-10-17 12:00:00,,-14.076
2012-10-17 13:00:00,,-14.071
2012-10-17 14:00:00,,-14.065
2012-10-17 15:00:00,,-14.058
2012-10-17 16:00:00,,-14.053
2012-10-17 17:00:00,,-14.047
2012-10-17 18:00:00,,-14.045
2012-10-17 19:00:00,,-14.043
2012-10-17 20:00:00,,-14.047
2012-10-17 21:00:00,,-14.051
2012-10-17 22:00:00,,-14.055
2012-10-17 23:00:00,,-14.059
2012-10-18 00:00:00,,-14.061
2012-10-18 01:00:00,,-14.061
2012-10-18 02:00:00,,-14.061
2012-10-18 03:00:00,,-14.059
2012-10-18 04:00:00,,-14.059
2012-10-18 05:00:00,,-14.058
2012-10-18 06:00:00,,-14.061
2012-10-18 07:00:00,,-14.065
2012-10-18 08:00:00,,-14.069
2012-10-18 09:00:00,,-14.072
2012-10-18 10:00:00,,-14.074
2012-10-18 11:00:00,,-14.076
2012-10-18 12:00:00,,-14.075
2012-10-18 13:00:00,,-14.071
2012-10-18 14:00:00,,-14.064
2012-10-18 15:00:00,,-14.059
2012-10-18 16:00:00,,-14.054
2012-10-18 17:00:00,,-14.049
2012-10-18 18:00:00,,-14.049
2012-10-18 19:00:00,,-14.048
2012-10-18 20:00:00,,-14.051
2012-10-18 21:00:00,,-14.052
2012-10-18 22:00:00,,-14.056
2012-10-18 23:00:00,,-14.058
2012-10-19 00:00:00,,-14.06
2012-10-19 01:00:00,,-14.06
2012-10-19 02:00:00,,-14.06
2012-10-19 03:00:00,,-14.057
2012-10-19 04:00:00,,-14.058
2012-10-19 05:00:00,,-14.057
2012-10-19 06:00:00,,-14.059
2012-10-19 07:00:00,,-14.062
2012-10-19 08:00:00,,-14.066
2012-10-19 09:00:00,,-14.069
2012-10-19 10:00:00,,-14.072
2012-10-19 11:00:00,,-14.071
2012-10-19 12:00:00,,-14.069
2012-10-19 13:00:00,,-14.066
2012-10-19 14:00:00,,-14.061
2012-10-19 15:00:00,,-14.056
2012-10-19 16:00:00,,-14.052
2012-10-19 17:00:00,,-14.047
2012-10-19 18:00:00,,-14.047
2012-10-19 19:00:00,,-14.046
2012-10-19 20:00:00,,-14.048
2012-10-19 21:00:00,,-14.051
2012-10-19 22:00:00,,-14.053
2012-10-19 23:00:00,,-14.055
2012-10-20 00:00:00,,-14.056
2012-10-20 01:00:00,,-14.056
2012-10-20 02:00:00,,-14.055
2012-10-20 03:00:00,,-14.053
2012-10-20 04:00:00,,-14.053
2012-10-20 05:00:00,,-14.054
2012-10-20 06:00:00,,-14.057
2012-10-20 07:00:00,,-14.061
2012-10-20 08:00:00,,-14.065
2012-10-20 09:00:00,,-14.068
2012-10-20 10:00:00,,-14.069
2012-10-20 11:00:00,,-14.069
2012-10-20 12:00:00,,-14.067
2012-10-20 13:00:00,,-14.063
2012-10-20 14:00:00,,-14.059
2012-10-20 15:00:00,,-14.055
2012-10-20 16:00:00,,-14.05
2012-10-20 17:00:00,,-14.048
2012-10-20 18:00:00,,-14.049
2012-10-20 19:00:00,,-14.049
2012-10-20 20:00:00,,-14.051
2012-10-20 21:00:00,,-14.052
2012-10-20 22:00:00,,-14.053
2012-10-20 23:00:00,,-14.056
2012-10-21 00:00:00,,-14.055
2012-10-21 01:00:00,,-14.054
2012-10-21 02:00:00,,-14.053
2012-10-21 03:00:00,,-14.054
2012-10-21 04:00:00,,-14.054
2012-10-21 05:00:00,,-14.056
2012-10-21 06:00:00,,-14.06
2012-10-21 07:00:00,,-14.064
2012-10-21 08:00:00,,-14.066
2012-10-21 09:00:00,,-14.068
2012-10-21 10:00:00,,-14.07
2012-10-21 11:00:00,,-14.069
2012-10-21 12:00:00,,-14.066
2012-10-21 13:00:00,,-14.063
2012-10-21 14:00:00,,-14.059
2012-10-21 15:00:00,,-14.054
2012-10-21 16:00:00,,-14.05
2012-10-21 17:00:00,,-14.048
2012-10-21 18:00:00,,-14.048
2012-10-21 19:00:00,,-14.05
2012-10-21 20:00:00,,-14.052
2012-10-21 21:00:00,,-14.053
2012-10-21 22:00:00,,-14.054
2012-10-21 23:00:00,,-14.055
2012-10-22 00:00:00,,-14.055
2012-10-22 01:00:00,,-14.054
2012-10-22 02:00:00,,-14.053
2012-10-22 03:00:00,,-14.053
2012-10-22 04:00:00,,-14.056
2012-10-22 05:00:00,,-14.058
2012-10-22 06:00:00,,-14.062
2012-10-22 07:00:00,,-14.066
2012-10-22 08:00:00,,-14.07
2012-10-22 09:00:00,,-14.071
2012-10-22 10:00:00,,-14.071
2012-10-22 11:00:00,,-14.069
2012-10-22 12:00:00,,-14.066
2012-10-22 13:00:00,,-14.059
2012-10-22 14:00:00,,-14.053
2012-10-22 15:00:00,,-14.05
2012-10-22 16:00:00,,-14.047
2012-10-22 17:00:00,,-14.044
2012-10-22 18:00:00,,-14.045
2012-10-22 19:00:00,,-14.046
2012-10-22 20:00:00,,-14.049
2012-10-22 21:00:00,,-14.051
2012-10-22 22:00:00,,-14.052
2012-10-22 23:00:00,,-14.053
2012-10-23 00:00:00,,-14.053
2012-10-23 01:00:00,,-14.052
2012-10-23 02:00:00,,-14.05
2012-10-23 03:00:00,,-14.05
2012-10-23 04:00:00,,-14.051
2012-10-23 05:00:00,,-14.052
2012-10-23 06:00:00,,-14.055
2012-10-23 07:00:00,,-14.058
2012-10-23 08:00:00,,-14.062
2012-10-23 09:00:00,,-14.063
2012-10-23 10:00:00,,-14.063
2012-10-23 11:00:00,,-14.06
2012-10-23 12:00:00,,-14.054
2012-10-23 13:00:00,,-14.048
2012-10-23 14:00:00,,-14.042
2012-10-23 15:00:00,,-14.037
2012-10-23 16:00:00,,-14.034
2012-10-23 17:00:00,,-14.034
2012-10-23 18:00:00,,-14.034
2012-10-23 19:00:00,,-14.037
2012-10-23 20:00:00,,-14.041
2012-10-23 21:00:00,,-14.044
2012-10-23 22:00:00,,-14.046
2012-10-23 23:00:00,,-14.046
2012-10-24 00:00:00,,-14.045
2012-10-24 01:00:00,,-14.043
2012-10-24 02:00:00,,-14.041
2012-10-24 03:00:00,,-14.039
2012-10-24 04:00:00,,-14.039
2012-10-24 05:00:00,,-14.042
2012-10-24 06:00:00,,-14.047
2012-10-24 07:00:00,,-14.052
2012-10-24 08:00:00,,-14.058
2012-10-24 09:00:00,,-14.06
2012-10-24 10:00:00,,-14.06
2012-10-24 11:00:00,,-14.057
2012-10-24 12:00:00,,-14.052
2012-10-24 13:00:00,,-14.046
2012-10-24 14:00:00,,-14.04
2012-10-24 15:00:00,,-14.034
2012-10-24 16:00:00,,-14.031
2012-10-24 17:00:00,,-14.027
2012-10-24 18:00:00,,-14.028
2012-10-24 19:00:00,,-14.031
2012-10-24 20:00:00,,-14.035
2012-10-24 21:00:00,,-14.039
2012-10-24 22:00:00,,-14.042
2012-10-24 23:00:00,,-14.04
2012-10-25 00:00:00,,-14.042
2012-10-25 01:00:00,,-14.043
2012-10-25 02:00:00,,-14.04
2012-10-25 03:00:00,,-14.042
2012-10-25 04:00:00,,-14.043
2012-10-25 05:00:00,,-14.046
2012-10-25 06:00:00,,-14.052
2012-10-25 07:00:00,,-14.061
2012-10-25 08:00:00,,-14.068
2012-10-25 09:00:00,,-14.073
2012-10-25 10:00:00,,-14.073
2012-10-25 11:00:00,,-14.07
2012-10-25 12:00:00,,-14.067
2012-10-25 13:00:00,,-14.061
2012-10-25 14:00:00,,-14.055
2012-10-25 15:00:00,,-14.05
2012-10-25 16:00:00,,-14.045
2012-10-25 17:00:00,,-14.044
2012-10-25 18:00:00,,-14.046
2012-10-25 19:00:00,,-14.051
2012-10-25 20:00:00,,-14.055
2012-10-25 21:00:00,,-14.061
2012-10-25 22:00:00,,-14.067
2012-10-25 23:00:00,,-14.073
2012-10-26 00:00:00,,-14.072
2012-10-26 01:00:00,,-14.068
2012-10-26 02:00:00,,-14.064
2012-10-26 03:00:00,,-14.06
2012-10-26 04:00:00,,-14.059
2012-10-26 05:00:00,,-14.067
2012-10-26 06:00:00,,-14.071
2012-10-26 07:00:00,,-14.076
2012-10-26 08:00:00,,-14.086
2012-10-26 09:00:00,,-14.092
2012-10-26 10:00:00,,-14.091
2012-10-26 11:00:00,,-14.092
2012-10-26 12:00:00,,-14.089
2012-10-26 13:00:00,,-14.084
2012-10-26 14:00:00,,-14.079
2012-10-26 15:00:00,,-14.073
2012-10-26 16:00:00,,-14.069
2012-10-26 17:00:00,,-14.068
2012-10-26 18:00:00,,-14.071
2012-10-26 19:00:00,,-14.073
2012-10-26 20:00:00,,-14.078
2012-10-26 21:00:00,,-14.083
2012-10-26 22:00:00,,-14.086
2012-10-26 23:00:00,,-14.09
2012-10-27 00:00:00,,-14.088
2012-10-27 01:00:00,,-14.086
2012-10-27 02:00:00,,-14.082
2012-10-27 03:00:00,,-14.079
2012-10-27 04:00:00,,-14.078
2012-10-27 05:00:00,,-14.079
2012-10-27 06:00:00,,-14.082
2012-10-27 07:00:00,,-14.087
2012-10-27 08:00:00,,-14.093
2012-10-27 09:00:00,,-14.096
2012-10-27 10:00:00,,-14.098
2012-10-27 11:00:00,,-14.097
2012-10-27 12:00:00,,-14.093
2012-10-27 13:00:00,,-14.087
2012-10-27 14:00:00,,-14.079
2012-10-27 15:00:00,,-14.073
2012-10-27 16:00:00,,-14.068
2012-10-27 17:00:00,,-14.065
2012-10-27 18:00:00,,-14.065
2012-10-27 19:00:00,,-14.068
2012-10-27 20:00:00,,-14.073
2012-10-27 21:00:00,,-14.079
2012-10-27 22:00:00,,-14.084
2012-10-27 23:00:00,,-14.087
2012-10-28 00:00:00,,-14.089
2012-10-28 01:00:00,,-14.087
2012-10-28 02:00:00,,-14.085
2012-10-28 03:00:00,,-14.082
2012-10-28 04:00:00,,-14.083
2012-10-28 05:00:00,,-14.084
2012-10-28 06:00:00,,-14.089
2012-10-28 07:00:00,,-14.093
2012-10-28 08:00:00,,-14.098
2012-10-28 09:00:00,,-14.101
2012-10-28 10:00:00,,-14.102
2012-10-28 11:00:00,,-14.1
2012-10-28 12:00:00,,-14.095
2012-10-28 13:00:00,,-14.088
2012-10-28 14:00:00,,-14.079
2012-10-28 15:00:00,,-14.073
2012-10-28 16:00:00,,-14.066
2012-10-28 17:00:00,,-14.062
2012-10-28 18:00:00,,-14.063
2012-10-28 19:00:00,,-14.063
2012-10-28 20:00:00,,-14.067
2012-10-28 21:00:00,,-14.071
2012-10-28 22:00:00,,-14.077
2012-10-28 23:00:00,,-14.08
2012-10-29 00:00:00,,-14.08
2012-10-29 01:00:00,,-14.079
2012-10-29 02:00:00,,-14.075
2012-10-29 03:00:00,,-14.073
2012-10-29 04:00:00,,-14.073
2012-10-29 05:00:00,,-14.072
2012-10-29 06:00:00,,-14.075
2012-10-29 07:00:00,,-14.079
2012-10-29 08:00:00,,-14.083
2012-10-29 09:00:00,,-14.087
2012-10-29 10:00:00,,-14.089
2012-10-29 11:00:00,,-14.087
2012-10-29 12:00:00,,-14.082
2012-10-29 13:00:00,,-14.076
2012-10-29 14:00:00,,-14.068
2012-10-29 15:00:00,,-14.06
2012-10-29 16:00:00,,-14.054
2012-10-29 17:00:00,,-14.052
2012-10-29 18:00:00,,-14.049
2012-10-29 19:00:00,,-14.052
2012-10-29 20:00:00,,-14.054
2012-10-29 21:00:00,,-14.059
2012-10-29 22:00:00,,-14.061
2012-10-29 23:00:00,,-14.064
2012-10-30 00:00:00,,-14.065
2012-10-30 01:00:00,,-14.064
2012-10-30 02:00:00,,-14.061
2012-10-30 03:00:00,,-14.057
2012-10-30 04:00:00,,-14.058
2012-10-30 05:00:00,,-14.058
2012-10-30 06:00:00,,-14.062
2012-10-30 07:00:00,,-14.065
2012-10-30 08:00:00,,-14.07
2012-10-30 09:00:00,,-14.073
2012-10-30 10:00:00,,-14.075
2012-10-30 11:00:00,,-14.074
2012-10-30 12:00:00,,-14.072
2012-10-30 13:00:00,,-14.067
2012-10-30 14:00:00,,-14.061
2012-10-30 15:00:00,,-14.056
2012-10-30 16:00:00,,-14.051
2012-10-30 17:00:00,,-14.046
2012-10-30 18:00:00,,-14.045
2012-10-30 19:00:00,,-14.046
2012-10-30 20:00:00,,-14.051
2012-10-30 21:00:00,,-14.054
2012-10-30 22:00:00,,-14.059
2012-10-30 23:00:00,,-14.064
2012-10-31 00:00:00,,-14.064
2012-10-31 01:00:00,,-14.064
2012-10-31 02:00:00,,-14.063
2012-10-31 03:00:00,,-14.061
2012-10-31 04:00:00,,-14.058
2012-10-31 05:00:00,,-14.059
2012-10-31 06:00:00,,-14.061
2012-10-31 07:00:00,,-14.066
2012-10-31 08:00:00,,-14.069
2012-10-31 09:00:00,,-14.072
2012-10-31 10:00:00,,-14.073
2012-10-31 11:00:00,,-14.072
2012-10-31 12:00:00,,-14.069
2012-10-31 13:00:00,,-14.063
2012-10-31 14:00:00,,-14.057
2012-10-31 15:00:00,,-14.052
2012-10-31 16:00:00,,-14.046
2012-10-31 17:00:00,,-14.042
2012-10-31 18:00:00,,-14.04
2012-10-31 19:00:00,,-14.041
2012-10-31 20:00:00,,-14.044
2012-10-31 21:00:00,,-14.047
2012-10-31 22:00:00,,-14.051
2012-10-31 23:00:00,,-14.053
2012-11-01 00:00:00,,-14.054
2012-11-01 01:00:00,,-14.054
2012-11-01 02:00:00,,-14.053
2012-11-01 03:00:00,,-14.05
2012-11-01 04:00:00,,-14.049
2012-11-01 05:00:00,,-14.049
2012-11-01 06:00:00,,-14.051
2012-11-01 07:00:00,,-14.058
2012-11-01 08:00:00,,-14.062
2012-11-01 09:00:00,,-14.065
2012-11-01 10:00:00,,-14.067
2012-11-01 11:00:00,,-14.066
2012-11-01 12:00:00,,-14.063
2012-11-01 13:00:00,,-14.059
2012-11-01 14:00:00,,-14.054
2012-11-01 15:00:00,,-14.047
2012-11-01 16:00:00,,-14.042
2012-11-01 17:00:00,,-14.036
2012-11-01 18:00:00,,-14.034
2012-11-01 19:00:00,,-14.035
2012-11-01 20:00:00,,-14.039
2012-11-01 21:00:00,,-14.042
2012-11-01 22:00:00,,-14.047
2012-11-01 23:00:00,,-14.051
2012-11-02 00:00:00,,-14.054
2012-11-02 01:00:00,,-14.054
2012-11-02 02:00:00,,-14.054
2012-11-02 03:00:00,,-14.054
2012-11-02 04:00:00,,-14.054
2012-11-02 05:00:00,,-14.056
2012-11-02 06:00:00,,-14.058
2012-11-02 07:00:00,,-14.061
2012-11-02 08:00:00,,-14.063
2012-11-02 09:00:00,,-14.066
2012-11-02 10:00:00,,-14.067
2012-11-02 11:00:00,,-14.066
2012-11-02 12:00:00,,-14.064
2012-11-02 13:00:00,,-14.059
2012-11-02 14:00:00,,-14.053
2012-11-02 15:00:00,,-14.046
2012-11-02 16:00:00,,-14.041
2012-11-02 17:00:00,,-14.035
2012-11-02 18:00:00,,-14.033
2012-11-02 19:00:00,,-14.032
2012-11-02 20:00:00,,-14.035
2012-11-02 21:00:00,,-14.037
2012-11-02 22:00:00,,-14.042
2012-11-02 23:00:00,,-14.046
2012-11-03 00:00:00,,-14.048
2012-11-03 01:00:00,,-14.048
2012-11-03 02:00:00,,-14.047
2012-11-03 03:00:00,,-14.052
2012-11-03 04:00:00,,-14.053
2012-11-03 05:00:00,,-14.051
2012-11-03 06:00:00,,-14.054
2012-11-03 07:00:00,,-14.06
2012-11-03 08:00:00,,-14.064
2012-11-03 09:00:00,,-14.067
2012-11-03 10:00:00,,-14.068
2012-11-03 11:00:00,,-14.067
2012-11-03 12:00:00,,-14.065
2012-11-03 13:00:00,,-14.062
2012-11-03 14:00:00,,-14.057
2012-11-03 15:00:00,,-14.053
2012-11-03 16:00:00,,-14.046
2012-11-03 17:00:00,,-14.042
2012-11-03 18:00:00,,-14.04
2012-11-03 19:00:00,,-14.041
2012-11-03 20:00:00,,-14.044
2012-11-03 21:00:00,,-14.047
2012-11-03 22:00:00,,-14.049
2012-11-03 23:00:00,,-14.052
2012-11-04 00:00:00,,-14.055
2012-11-04 01:00:00,,-14.054
2012-11-04 02:00:00,,-14.052
2012-11-04 03:00:00,,-14.049
2012-11-04 04:00:00,,-14.05
2012-11-04 05:00:00,,-14.049
2012-11-04 06:00:00,,-14.052
2012-11-04 07:00:00,,-14.055
2012-11-04 08:00:00,,-14.059
2012-11-04 09:00:00,,-14.062
2012-11-04 10:00:00,,-14.061
2012-11-04 11:00:00,,-14.06
2012-11-04 12:00:00,,-14.055
2012-11-04 13:00:00,,-14.05
2012-11-04 14:00:00,,-14.045
2012-11-04 15:00:00,,-14.04
2012-11-04 16:00:00,,-14.037
2012-11-04 17:00:00,,-14.033
2012-11-04 18:00:00,,-14.033
2012-11-04 19:00:00,,-14.032
2012-11-04 20:00:00,,-14.034
2012-11-04 21:00:00,,-14.036
2012-11-04 22:00:00,,-14.04
2012-11-04 23:00:00,,-14.041
2012-11-05 00:00:00,,-14.041
2012-11-05 01:00:00,,-14.041
2012-11-05 02:00:00,,-14.039
2012-11-05 03:00:00,,-14.036
2012-11-05 04:00:00,,-14.036
2012-11-05 05:00:00,,-14.041
2012-11-05 06:00:00,,-14.045
2012-11-05 07:00:00,,-14.055
2012-11-05 08:00:00,,-14.058
2012-11-05 09:00:00,,-14.064
2012-11-05 10:00:00,,-14.063
2012-11-05 11:00:00,,-14.063
2012-11-05 12:00:00,,-14.061
2012-11-05 13:00:00,,-14.058
2012-11-05 14:00:00,,-14.054
2012-11-05 15:00:00,,-14.051
2012-11-05 16:00:00,,-14.047
2012-11-05 17:00:00,,-14.04
2012-11-05 18:00:00,,-14.039
2012-11-05 19:00:00,,-14.041
2012-11-05 20:00:00,,-14.042
2012-11-05 21:00:00,,-14.044
2012-11-05 22:00:00,,-14.046
2012-11-05 23:00:00,,-14.055
2012-11-06 00:00:00,,-14.061
2012-11-06 01:00:00,,-14.065
2012-11-06 02:00:00,,-14.065
2012-11-06 03:00:00,,-14.064
2012-11-06 04:00:00,,-14.066
2012-11-06 05:00:00,,-14.068
2012-11-06 06:00:00,,-14.071
2012-11-06 07:00:00,,-14.068
2012-11-06 08:00:00,,-14.065
2012-11-06 09:00:00,,-14.069
2012-11-06 10:00:00,,-14.07
2012-11-06 11:00:00,,-14.068
2012-11-06 12:00:00,,-14.069
2012-11-06 13:00:00,,-14.069
2012-11-06 14:00:00,,-14.066
2012-11-06 15:00:00,,-14.064
2012-11-06 16:00:00,,-14.061
2012-11-06 17:00:00,,-14.058
2012-11-06 18:00:00,,-14.053
2012-11-06 19:00:00,,-14.054
2012-11-06 20:00:00,,-14.057
2012-11-06 21:00:00,,-14.059
2012-11-06 22:00:00,,-14.062
2012-11-06 23:00:00,,-14.068
2012-11-07 00:00:00,,-14.068
2012-11-07 01:00:00,,-14.062
2012-11-07 02:00:00,,-14.059
2012-11-07 03:00:00,,-14.055
2012-11-07 04:00:00,,-14.053
2012-11-07 05:00:00,,-14.056
2012-11-07 06:00:00,,-14.059
2012-11-07 07:00:00,,-14.062
2012-11-07 08:00:00,,-14.063
2012-11-07 09:00:00,,-14.064
2012-11-07 10:00:00,,-14.063
2012-11-07 11:00:00,,-14.061
2012-11-07 12:00:00,,-14.058
2012-11-07 13:00:00,,-14.053
2012-11-07 14:00:00,,-14.047
2012-11-07 15:00:00,,-14.041
2012-11-07 16:00:00,,-14.037
2012-11-07 17:00:00,,-14.032
2012-11-07 18:00:00,,-14.029
2012-11-07 19:00:00,,-14.03
2012-11-07 20:00:00,,-14.031
2012-11-07 21:00:00,,-14.032
2012-11-07 22:00:00,,-14.036
2012-11-07 23:00:00,,-14.037
2012-11-08 00:00:00,,-14.03
2012-11-08 01:00:00,,-14.025
2012-11-08 02:00:00,,-14.024
2012-11-08 03:00:00,,-14.024
2012-11-08 04:00:00,,-14.024
2012-11-08 05:00:00,,-14.029
2012-11-08 06:00:00,,-14.035
2012-11-08 07:00:00,,-14.04
2012-11-08 08:00:00,,-14.045
2012-11-08 09:00:00,,-14.048
2012-11-08 10:00:00,,-14.049
2012-11-08 11:00:00,,-14.05
2012-11-08 12:00:00,,-14.049
2012-11-08 13:00:00,,-14.045
2012-11-08 14:00:00,,-14.04
2012-11-08 15:00:00,,-14.03
2012-11-08 16:00:00,,-14.029
2012-11-08 17:00:00,,-14.037
2012-11-08 18:00:00,,-14.04
2012-11-08 19:00:00,,-14.043
2012-11-08 20:00:00,,-14.05
2012-11-08 21:00:00,,-14.057
2012-11-08 22:00:00,,-14.061
2012-11-08 23:00:00,,-14.063
2012-11-09 00:00:00,,-14.063
2012-11-09 01:00:00,,-14.064
2012-11-09 02:00:00,,-14.065
2012-11-09 03:00:00,,-14.067
2012-11-09 04:00:00,,-14.071
2012-11-09 05:00:00,,-14.074
2012-11-09 06:00:00,,-14.08
2012-11-09 07:00:00,,-14.085
2012-11-09 08:00:00,,-14.09
2012-11-09 09:00:00,,-14.095
2012-11-09 10:00:00,,-14.096
2012-11-09 11:00:00,,-14.096
2012-11-09 12:00:00,,-14.094
2012-11-09 13:00:00,,-14.09
2012-11-09 14:00:00,,-14.086
2012-11-09 15:00:00,,-14.081
2012-11-09 16:00:00,,-14.078
2012-11-09 17:00:00,,-14.078
2012-11-09 18:00:00,,-14.08
2012-11-09 19:00:00,,-14.086
2012-11-09 20:00:00,,-14.091
2012-11-09 21:00:00,,-14.095
2012-11-09 22:00:00,,-14.099
2012-11-09 23:00:00,,-14.099
2012-11-10 00:00:00,,-14.099
2012-11-10 01:00:00,,-14.097
2012-11-10 02:00:00,,-14.095
2012-11-10 03:00:00,,-14.095
2012-11-10 04:00:00,,-14.094
2012-11-10 05:00:00,,-14.097
2012-11-10 06:00:00,,-14.103
2012-11-10 07:00:00,,-14.108
2012-11-10 08:00:00,,-14.112
2012-11-10 09:00:00,,-14.114
2012-11-10 10:00:00,,-14.114
2012-11-10 11:00:00,,-14.113
2012-11-10 12:00:00,,-14.109
2012-11-10 13:00:00,,-14.102
2012-11-10 14:00:00,,-14.094
2012-11-10 15:00:00,,-14.09
2012-11-10 16:00:00,,-14.085
2012-11-10 17:00:00,,-14.083
2012-11-10 18:00:00,,-14.082
2012-11-10 19:00:00,,-14.085
2012-11-10 20:00:00,,-14.089
2012-11-10 21:00:00,,-14.093
2012-11-10 22:00:00,,-14.095
2012-11-10 23:00:00,,-14.096
2012-11-11 00:00:00,,-14.095
2012-11-11 01:00:00,,-14.093
2012-11-11 02:00:00,,-14.09
2012-11-11 03:00:00,,-14.088
2012-11-11 04:00:00,,-14.088
2012-11-11 05:00:00,,-14.09
2012-11-11 06:00:00,,-14.094
2012-11-11 07:00:00,,-14.098
2012-11-11 08:00:00,,-14.103
2012-11-11 09:00:00,,-14.105
2012-11-11 10:00:00,,-14.106
2012-11-11 11:00:00,,-14.103
2012-11-11 12:00:00,,-14.098
2012-11-11 13:00:00,,-14.092
2012-11-11 14:00:00,,-14.084
2012-11-11 15:00:00,,-14.075
2012-11-11 16:00:00,,-14.072
2012-11-11 17:00:00,,-14.069
2012-11-11 18:00:00,,-14.07
2012-11-11 19:00:00,,-14.073
2012-11-11 20:00:00,,-14.08
2012-11-11 21:00:00,,-14.083
2012-11-11 22:00:00,,-14.088
2012-11-11 23:00:00,,-14.09
2012-11-12 00:00:00,,-14.089
2012-11-12 01:00:00,,-14.087
2012-11-12 02:00:00,,-14.084
2012-11-12 03:00:00,,-14.083
2012-11-12 04:00:00,,-14.082
2012-11-12 05:00:00,,-14.084
2012-11-12 06:00:00,,-14.086
2012-11-12 07:00:00,,-14.092
2012-11-12 08:00:00,,-14.096
2012-11-12 09:00:00,,-14.1
2012-11-12 10:00:00,,-14.101
2012-11-12 11:00:00,,-14.099
2012-11-12 12:00:00,,-14.095
2012-11-12 13:00:00,,-14.09
2012-11-12 14:00:00,,-14.083
2012-11-12 15:00:00,,-14.076
2012-11-12 16:00:00,,-14.069
2012-11-12 17:00:00,,-14.067
2012-11-12 18:00:00,,-14.069
2012-11-12 19:00:00,,-14.071
2012-11-12 20:00:00,,-14.078
2012-11-12 21:00:00,,-14.082
2012-11-12 22:00:00,,-14.085
2012-11-12 23:00:00,,-14.088
2012-11-13 00:00:00,,-14.087
2012-11-13 01:00:00,,-14.086
2012-11-13 02:00:00,,-14.084
2012-11-13 03:00:00,,-14.081
2012-11-13 04:00:00,,-14.079
2012-11-13 05:00:00,,-14.08
2012-11-13 06:00:00,,-14.084
2012-11-13 07:00:00,,-14.087
2012-11-13 08:00:00,,-14.092
2012-11-13 09:00:00,,-14.096
2012-11-13 10:00:00,,-14.099
2012-11-13 11:00:00,,-14.099
2012-11-13 12:00:00,,-14.096
2012-11-13 13:00:00,,-14.089
2012-11-13 14:00:00,,-14.083
2012-11-13 15:00:00,,-14.075
2012-11-13 16:00:00,,-14.069
2012-11-13 17:00:00,,-14.065
2012-11-13 18:00:00,,-14.064
2012-11-13 19:00:00,,-14.065
2012-11-13 20:00:00,,-14.069
2012-11-13 21:00:00,,-14.073
2012-11-13 22:00:00,,-14.077
2012-11-13 23:00:00,,-14.08
2012-11-14 00:00:00,,-14.082
2012-11-14 01:00:00,,-14.08
2012-11-14 02:00:00,,-14.077
2012-11-14 03:00:00,,-14.074
2012-11-14 04:00:00,,-14.073
2012-11-14 05:00:00,,-14.075
2012-11-14 06:00:00,,-14.076
2012-11-14 07:00:00,,-14.079
2012-11-14 08:00:00,,-14.084
2012-11-14 09:00:00,,-14.088
2012-11-14 10:00:00,,-14.091
2012-11-14 11:00:00,,-14.091
2012-11-14 12:00:00,,-14.088
2012-11-14 13:00:00,,-14.084
2012-11-14 14:00:00,,-14.078
2012-11-14 15:00:00,,-14.07
2012-11-14 16:00:00,,-14.065
2012-11-14 17:00:00,,-14.059
2012-11-14 18:00:00,,-14.056
2012-11-14 19:00:00,,-14.059
2012-11-14 20:00:00,,-14.061
2012-11-14 21:00:00,,-14.064
2012-11-14 22:00:00,,-14.069
2012-11-14 23:00:00,,-14.071
2012-11-15 00:00:00,,-14.073
2012-11-15 01:00:00,,-14.071
2012-11-15 02:00:00,,-14.069
2012-11-15 03:00:00,,-14.066
2012-11-15 04:00:00,,-14.065
2012-11-15 05:00:00,,-14.062
2012-11-15 06:00:00,,-14.063
2012-11-15 07:00:00,,-14.066
2012-11-15 08:00:00,,-14.07
2012-11-15 09:00:00,,-14.073
2012-11-15 10:00:00,,-14.076
2012-11-15 11:00:00,,-14.075
2012-11-15 12:00:00,,-14.073
2012-11-15 13:00:00,,-14.067
2012-11-15 14:00:00,,-14.061
2012-11-15 15:00:00,,-14.055
2012-11-15 16:00:00,,-14.05
2012-11-15 17:00:00,,-14.043
2012-11-15 18:00:00,,-14.039
2012-11-15 19:00:00,,-14.038
2012-11-15 20:00:00,,-14.041
2012-11-15 21:00:00,,-14.043
2012-11-15 22:00:00,,-14.046
2012-11-15 23:00:00,,-14.049
2012-11-16 00:00:00,,-14.05
2012-11-16 01:00:00,,-14.048
2012-11-16 02:00:00,,-14.045
2012-11-16 03:00:00,,-14.044
2012-11-16 04:00:00,,-14.043
2012-11-16 05:00:00,,-14.043
2012-11-16 06:00:00,,-14.041
2012-11-16 07:00:00,,-14.045
2012-11-16 08:00:00,,-14.048
2012-11-16 09:00:00,,-14.049
2012-11-16 10:00:00,,-14.05
2012-11-16 11:00:00,,-14.051
2012-11-16 12:00:00,,-14.049
2012-11-16 13:00:00,,-14.046
2012-11-16 14:00:00,,-14.042
2012-11-16 15:00:00,,-14.037
2012-11-16 16:00:00,,-14.032
2012-11-16 17:00:00,,-14.027
2012-11-16 18:00:00,,-14.026
2012-11-16 19:00:00,,-14.03
2012-11-16 20:00:00,,-14.037
2012-11-16 21:00:00,,-14.041
2012-11-16 22:00:00,,-14.044
2012-11-16 23:00:00,,-14.046
2012-11-17 00:00:00,,-14.047
2012-11-17 01:00:00,,-14.045
2012-11-17 02:00:00,,-14.044
2012-11-17 03:00:00,,-14.045
2012-11-17 04:00:00,,-14.045
2012-11-17 05:00:00,,-14.047
2012-11-17 06:00:00,,-14.049
2012-11-17 07:00:00,,-14.051
2012-11-17 08:00:00,,-14.052
2012-11-17 09:00:00,,-14.055
2012-11-17 10:00:00,,-14.057
2012-11-17 11:00:00,,-14.059
2012-11-17 12:00:00,,-14.058
2012-11-17 13:00:00,,-14.056
2012-11-17 14:00:00,,-14.05
2012-11-17 15:00:00,,-14.045
2012-11-17 16:00:00,,-14.039
2012-11-17 17:00:00,,-14.034
2012-11-17 18:00:00,,-14.031
2012-11-17 19:00:00,,-14.029
2012-11-17 20:00:00,,-14.031
2012-11-17 21:00:00,,-14.034
2012-11-17 22:00:00,,-14.041
2012-11-17 23:00:00,,-14.046
2012-11-18 00:00:00,,-14.05
2012-11-18 01:00:00,,-14.052
2012-11-18 02:00:00,,-14.054
2012-11-18 03:00:00,,-14.055
2012-11-18 04:00:00,,-14.061
2012-11-18 05:00:00,,-14.065
2012-11-18 06:00:00,,-14.069
2012-11-18 07:00:00,,-14.072
2012-11-18 08:00:00,,-14.072
2012-11-18 09:00:00,,-14.074
2012-11-18 10:00:00,,-14.074
2012-11-18 11:00:00,,-14.074
2012-11-18 12:00:00,,-14.073
2012-11-18 13:00:00,,-14.07
2012-11-18 14:00:00,,-14.067
2012-11-18 15:00:00,,-14.062
2012-11-18 16:00:00,,-14.058
2012-11-18 17:00:00,,-14.053
2012-11-18 18:00:00,,-14.049
2012-11-18 19:00:00,,-14.049
2012-11-18 20:00:00,,-14.049
2012-11-18 21:00:00,,-14.053
2012-11-18 22:00:00,,-14.056
2012-11-18 23:00:00,,-14.059
2012-11-19 00:00:00,,-14.061
2012-11-19 01:00:00,,-14.065
2012-11-19 02:00:00,,-14.064
2012-11-19 03:00:00,,-14.066
2012-11-19 04:00:00,,-14.069
2012-11-19 05:00:00,,-14.071
2012-11-19 06:00:00,,-14.072
2012-11-19 07:00:00,,-14.075
2012-11-19 08:00:00,,-14.078
2012-11-19 09:00:00,,-14.079
2012-11-19 10:00:00,,-14.081
2012-11-19 11:00:00,,-14.079
2012-11-19 12:00:00,,-14.075
2012-11-19 13:00:00,,-14.072
2012-11-19 14:00:00,,-14.068
2012-11-19 15:00:00,,-14.064
2012-11-19 16:00:00,,-14.061
2012-11-19 17:00:00,,-14.058
2012-11-19 18:00:00,,-14.054
2012-11-19 19:00:00,,-14.053
2012-11-19 20:00:00,,-14.054
2012-11-19 21:00:00,,-14.057
2012-11-19 22:00:00,,-14.06
2012-11-19 23:00:00,,-14.06
2012-11-20 00:00:00,,-14.061
2012-11-20 01:00:00,,-14.061
2012-11-20 02:00:00,,-14.061
2012-11-20 03:00:00,,-14.065
2012-11-20 04:00:00,,-14.068
2012-11-20 05:00:00,,-14.07
2012-11-20 06:00:00,,-14.075
2012-11-20 07:00:00,,-14.079
2012-11-20 08:00:00,,-14.081
2012-11-20 09:00:00,,-14.083
2012-11-20 10:00:00,,-14.084
2012-11-20 11:00:00,,-14.083
2012-11-20 12:00:00,,-14.079
2012-11-20 13:00:00,,-14.074
2012-11-20 14:00:00,,-14.069
2012-11-20 15:00:00,,-14.066
2012-11-20 16:00:00,,-14.065
2012-11-20 17:00:00,,-14.061
2012-11-20 18:00:00,,-14.059
2012-11-20 19:00:00,,-14.06
2012-11-20 20:00:00,,-14.06
2012-11-20 21:00:00,,-14.061
2012-11-20 22:00:00,,-14.061
2012-11-20 23:00:00,,-14.062
2012-11-21 00:00:00,,-14.061
2012-11-21 01:00:00,,-14.061
2012-11-21 02:00:00,,-14.061
2012-11-21 03:00:00,,-14.063
2012-11-21 04:00:00,,-14.066
2012-11-21 05:00:00,,-14.068
2012-11-21 06:00:00,,-14.072
2012-11-21 07:00:00,,-14.076
2012-11-21 08:00:00,,-14.079
2012-11-21 09:00:00,,-14.079
2012-11-21 10:00:00,,-14.079
2012-11-21 11:00:00,,-14.078
2012-11-21 12:00:00,,-14.076
2012-11-21 13:00:00,,-14.071
2012-11-21 14:00:00,,-14.066
2012-11-21 15:00:00,,-14.063
2012-11-21 16:00:00,,-14.061
2012-11-21 17:00:00,,-14.058
2012-11-21 18:00:00,,-14.059
2012-11-21 19:00:00,,-14.06
2012-11-21 20:00:00,,-14.063
2012-11-21 21:00:00,,-14.065
2012-11-21 22:00:00,,-14.067
2012-11-21 23:00:00,,-14.069
2012-11-22 00:00:00,,-14.069
2012-11-22 01:00:00,,-14.068
2012-11-22 02:00:00,,-14.065
2012-11-22 03:00:00,,-14.067
2012-11-22 04:00:00,,-14.069
2012-11-22 05:00:00,,-14.071
2012-11-22 06:00:00,,-14.075
2012-11-22 07:00:00,,-14.079
2012-11-22 08:00:00,,-14.083
2012-11-22 09:00:00,,-14.085
2012-11-22 10:00:00,,-14.085
2012-11-22 11:00:00,,-14.081
2012-11-22 12:00:00,,-14.077
2012-11-22 13:00:00,,-14.071
2012-11-22 14:00:00,,-14.067
2012-11-22 15:00:00,,-14.063
2012-11-22 16:00:00,,-14.058
2012-11-22 17:00:00,,-14.056
2012-11-22 18:00:00,,-14.057
2012-11-22 19:00:00,,-14.059
2012-11-22 20:00:00,,-14.063
2012-11-22 21:00:00,,-14.066
2012-11-22 22:00:00,,-14.067
2012-11-22 23:00:00,,-14.069
2012-11-23 00:00:00,,-14.067
2012-11-23 01:00:00,,-14.064
2012-11-23 02:00:00,,-14.062
2012-11-23 03:00:00,,-14.06
2012-11-23 04:00:00,,-14.061
2012-11-23 05:00:00,,-14.063
2012-11-23 06:00:00,,-14.068
2012-11-23 07:00:00,,-14.073
2012-11-23 08:00:00,,-14.076
2012-11-23 09:00:00,,-14.079
2012-11-23 10:00:00,,-14.078
2012-11-23 11:00:00,,-14.076
2012-11-23 12:00:00,,-14.072
2012-11-23 13:00:00,,-14.067
2012-11-23 14:00:00,,-14.061
2012-11-23 15:00:00,,-14.056
2012-11-23 16:00:00,,-14.053
2012-11-23 17:00:00,,-14.051
2012-11-23 18:00:00,,-14.052
2012-11-23 19:00:00,,-14.052
2012-11-23 20:00:00,,-14.056
2012-11-23 21:00:00,,-14.06
2012-11-23 22:00:00,,-14.061
2012-11-23 23:00:00,,-14.063
2012-11-24 00:00:00,,-14.062
2012-11-24 01:00:00,,-14.058
2012-11-24 02:00:00,,-14.057
2012-11-24 03:00:00,,-14.058
2012-11-24 04:00:00,,-14.062
2012-11-24 05:00:00,,-14.069
2012-11-24 06:00:00,,-14.075
2012-11-24 07:00:00,,-14.081
2012-11-24 08:00:00,,-14.086
2012-11-24 09:00:00,,-14.087
2012-11-24 10:00:00,,-14.087
2012-11-24 11:00:00,,-14.085
2012-11-24 12:00:00,,-14.08
2012-11-24 13:00:00,,-14.074
2012-11-24 14:00:00,,-14.067
2012-11-24 15:00:00,,-14.061
2012-11-24 16:00:00,,-14.056
2012-11-24 17:00:00,,-14.054
2012-11-24 18:00:00,,-14.056
2012-11-24 19:00:00,,-14.057
2012-11-24 20:00:00,,-14.06
2012-11-24 21:00:00,,-14.062
2012-11-24 22:00:00,,-14.063
2012-11-24 23:00:00,,-14.066
2012-11-25 00:00:00,,-14.065
2012-11-25 01:00:00,,-14.063
2012-11-25 02:00:00,,-14.06
2012-11-25 03:00:00,,-14.059
2012-11-25 04:00:00,,-14.059
2012-11-25 05:00:00,,-14.063
2012-11-25 06:00:00,,-14.066
2012-11-25 07:00:00,,-14.072
2012-11-25 08:00:00,,-14.078
2012-11-25 09:00:00,,-14.083
2012-11-25 10:00:00,,-14.085
2012-11-25 11:00:00,,-14.086
2012-11-25 12:00:00,,-14.081
2012-11-25 13:00:00,,-14.075
2012-11-25 14:00:00,,-14.069
2012-11-25 15:00:00,,-14.061
2012-11-25 16:00:00,,-14.057
2012-11-25 17:00:00,,-14.052
2012-11-25 18:00:00,,-14.052
2012-11-25 19:00:00,,-14.055
2012-11-25 20:00:00,,-14.062
2012-11-25 21:00:00,,-14.074
2012-11-25 22:00:00,,-14.081
2012-11-25 23:00:00,,-14.088
2012-11-26 00:00:00,,-14.088
2012-11-26 01:00:00,,-14.085
2012-11-26 02:00:00,,-14.079
2012-11-26 03:00:00,,-14.073
2012-11-26 04:00:00,,-14.07
2012-11-26 05:00:00,,-14.073
2012-11-26 06:00:00,,-14.076
2012-11-26 07:00:00,,-14.08
2012-11-26 08:00:00,,-14.083
2012-11-26 09:00:00,,-14.086
2012-11-26 10:00:00,,-14.086
2012-11-26 11:00:00,,-14.083
2012-11-26 12:00:00,,-14.08
2012-11-26 13:00:00,,-14.072
2012-11-26 14:00:00,,-14.064
2012-11-26 15:00:00,,-14.058
2012-11-26 16:00:00,,-14.052
2012-11-26 17:00:00,,-14.048
2012-11-26 18:00:00,,-14.049
2012-11-26 19:00:00,,-14.049
2012-11-26 20:00:00,,-14.053
2012-11-26 21:00:00,,-14.057
2012-11-26 22:00:00,,-14.059
2012-11-26 23:00:00,,-14.062
2012-11-27 00:00:00,,-14.062
2012-11-27 01:00:00,,-14.06
2012-11-27 02:00:00,,-14.057
2012-11-27 03:00:00,,-14.056
2012-11-27 04:00:00,,-14.055
2012-11-27 05:00:00,,-14.054
2012-11-27 06:00:00,,-14.056
2012-11-27 07:00:00,,-14.06
2012-11-27 08:00:00,,-14.064
2012-11-27 09:00:00,,-14.069
2012-11-27 10:00:00,,-14.071
2012-11-27 11:00:00,,-14.073
2012-11-27 12:00:00,,-14.072
2012-11-27 13:00:00,,-14.068
2012-11-27 14:00:00,,-14.062
2012-11-27 15:00:00,,-14.056
2012-11-27 16:00:00,,-14.051
2012-11-27 17:00:00,,-14.047
2012-11-27 18:00:00,,-14.047
2012-11-27 19:00:00,,-14.046
2012-11-27 20:00:00,,-14.049
2012-11-27 21:00:00,,-14.053
2012-11-27 22:00:00,,-14.058
2012-11-27 23:00:00,,-14.061
2012-11-28 00:00:00,,-14.062
2012-11-28 01:00:00,,-14.06
2012-11-28 02:00:00,,-14.057
2012-11-28 03:00:00,,-14.055
2012-11-28 04:00:00,,-14.052
2012-11-28 05:00:00,,-14.052
2012-11-28 06:00:00,,-14.057
2012-11-28 07:00:00,,-14.062
2012-11-28 08:00:00,,-14.066
2012-11-28 09:00:00,,-14.069
2012-11-28 10:00:00,,-14.071
2012-11-28 11:00:00,,-14.071
2012-11-28 12:00:00,,-14.068
2012-11-28 13:00:00,,-14.063
2012-11-28 14:00:00,,-14.056
2012-11-28 15:00:00,,-14.049
2012-11-28 16:00:00,,-14.041
2012-11-28 17:00:00,,-14.034
2012-11-28 18:00:00,,-14.03
2012-11-28 19:00:00,,-14.03
2012-11-28 20:00:00,,-14.033
2012-11-28 21:00:00,,-14.037
2012-11-28 22:00:00,,-14.041
2012-11-28 23:00:00,,-14.043
2012-11-29 00:00:00,,-14.043
2012-11-29 01:00:00,,-14.043
2012-11-29 02:00:00,,-14.041
2012-11-29 03:00:00,,-14.039
2012-11-29 04:00:00,,-14.039
2012-11-29 05:00:00,,-14.039
2012-11-29 06:00:00,,-14.043
2012-11-29 07:00:00,,-14.046
2012-11-29 08:00:00,,-14.053
2012-11-29 09:00:00,,-14.058
2012-11-29 10:00:00,,-14.061
2012-11-29 11:00:00,,-14.06
2012-11-29 12:00:00,,-14.059
2012-11-29 13:00:00,,-14.054
2012-11-29 14:00:00,,-14.049
2012-11-29 15:00:00,,-14.041
2012-11-29 16:00:00,,-14.034
2012-11-29 17:00:00,,-14.03
2012-11-29 18:00:00,,-14.03
2012-11-29 19:00:00,,-14.032
2012-11-29 20:00:00,,-14.039
2012-11-29 21:00:00,,-14.049
2012-11-29 22:00:00,,-14.056
2012-11-29 23:00:00,,-14.06
2012-11-30 00:00:00,,-14.063
2012-11-30 01:00:00,,-14.06
2012-11-30 02:00:00,,-14.059
2012-11-30 03:00:00,,-14.058
2012-11-30 04:00:00,,-14.056
2012-11-30 05:00:00,,-14.056
2012-11-30 06:00:00,,-14.056
2012-11-30 07:00:00,,-14.057
2012-11-30 08:00:00,,-14.06
2012-11-30 09:00:00,,-14.064
2012-11-30 10:00:00,,-14.067
2012-11-30 11:00:00,,-14.069
2012-11-30 12:00:00,,-14.069
2012-11-30 13:00:00,,-14.064
2012-11-30 14:00:00,,-14.058
2012-11-30 15:00:00,,-14.052
2012-11-30 16:00:00,,-14.049
2012-11-30 17:00:00,,-14.048
2012-11-30 18:00:00,,-14.045
2012-11-30 19:00:00,,-14.046
2012-11-30 20:00:00,,-14.05
2012-11-30 21:00:00,,-14.052
2012-11-30 22:00:00,,-14.057
2012-11-30 23:00:00,,-14.06
2012-12-01 00:00:00,,-14.062
2012-12-01 01:00:00,,-14.063
2012-12-01 02:00:00,,-14.06
2012-12-01 03:00:00,,-14.06
2012-12-01 04:00:00,,-14.06
2012-12-01 05:00:00,,-14.061
2012-12-01 06:00:00,,-14.067
2012-12-01 07:00:00,,-14.071
2012-12-01 08:00:00,,-14.075
2012-12-01 09:00:00,,-14.08
2012-12-01 10:00:00,,-14.083
2012-12-01 11:00:00,,-14.084
2012-12-01 12:00:00,,-14.083
2012-12-01 13:00:00,,-14.079
2012-12-01 14:00:00,,-14.074
2012-12-01 15:00:00,,-14.06
2012-12-01 16:00:00,,-14.062
2012-12-01 17:00:00,,-14.063
2012-12-01 18:00:00,,-14.063
2012-12-01 19:00:00,,-14.066
2012-12-01 20:00:00,,-14.069
2012-12-01 21:00:00,,-14.073
2012-12-01 22:00:00,,-14.075
2012-12-01 23:00:00,,-14.079
2012-12-02 00:00:00,,-14.082
2012-12-02 01:00:00,,-14.078
2012-12-02 02:00:00,,-14.076
2012-12-02 03:00:00,,-14.076
2012-12-02 04:00:00,,-14.078
2012-12-02 05:00:00,,-14.078
2012-12-02 06:00:00,,-14.081
2012-12-02 07:00:00,,-14.084
2012-12-02 08:00:00,,-14.089
2012-12-02 09:00:00,,-14.093
2012-12-02 10:00:00,,-14.096
2012-12-02 11:00:00,,-14.098
2012-12-02 12:00:00,,-14.097
2012-12-02 13:00:00,,-14.095
2012-12-02 14:00:00,,-14.091
2012-12-02 15:00:00,,-14.086
2012-12-02 16:00:00,,-14.083
2012-12-02 17:00:00,,-14.079
2012-12-02 18:00:00,,-14.077
2012-12-02 19:00:00,,-14.075
2012-12-02 20:00:00,,-14.074
2012-12-02 21:00:00,,-14.076
2012-12-02 22:00:00,,-14.08
2012-12-02 23:00:00,,-14.084
2012-12-03 00:00:00,,-14.085
2012-12-03 01:00:00,,-14.086
2012-12-03 02:00:00,,-14.085
2012-12-03 03:00:00,,-14.082
2012-12-03 04:00:00,,-14.083
2012-12-03 05:00:00,,-14.083
2012-12-03 06:00:00,,-14.084
2012-12-03 07:00:00,,-14.088
2012-12-03 08:00:00,,-14.094
2012-12-03 09:00:00,,-14.098
2012-12-03 10:00:00,,-14.099
2012-12-03 11:00:00,,-14.099
2012-12-03 12:00:00,,-14.096
2012-12-03 13:00:00,,-14.093
2012-12-03 14:00:00,,-14.089
2012-12-03 15:00:00,,-14.085
2012-12-03 16:00:00,,-14.08
2012-12-03 17:00:00,,-14.076
2012-12-03 18:00:00,,-14.074
2012-12-03 19:00:00,,-14.072
2012-12-03 20:00:00,,-14.075
2012-12-03 21:00:00,,-14.078
2012-12-03 22:00:00,,-14.081
2012-12-03 23:00:00,,-14.083
2012-12-04 00:00:00,,-14.082
2012-12-04 01:00:00,,-14.081
2012-12-04 02:00:00,,-14.079
2012-12-04 03:00:00,,-14.078
2012-12-04 04:00:00,,-14.078
2012-12-04 05:00:00,,-14.077
2012-12-04 06:00:00,,-14.08
2012-12-04 07:00:00,,-14.083
2012-12-04 08:00:00,,-14.086
2012-12-04 09:00:00,,-14.088
2012-12-04 10:00:00,,-14.093
2012-12-04 11:00:00,,-14.096
2012-12-04 12:00:00,,-14.096
2012-12-04 13:00:00,,-14.094
2012-12-04 14:00:00,,-14.093
2012-12-04 15:00:00,,-14.091
2012-12-04 16:00:00,,-14.091
2012-12-04 17:00:00,,-14.089
2012-12-04 18:00:00,,-14.089
2012-12-04 19:00:00,,-14.091
2012-12-04 20:00:00,,-14.093
2012-12-04 21:00:00,,-14.095
2012-12-04 22:00:00,,-14.095
2012-12-04 23:00:00,,-14.096
2012-12-05 00:00:00,,-14.096
2012-12-05 01:00:00,,-14.093
2012-12-05 02:00:00,,-14.091
2012-12-05 03:00:00,,-14.091
2012-12-05 04:00:00,,-14.091
2012-12-05 05:00:00,,-14.092
2012-12-05 06:00:00,,-14.095
2012-12-05 07:00:00,,-14.096
2012-12-05 08:00:00,,-14.099
2012-12-05 09:00:00,,-14.101
2012-12-05 10:00:00,,-14.102
2012-12-05 11:00:00,,-14.101
2012-12-05 12:00:00,,-14.1
2012-12-05 13:00:00,,-14.097
2012-12-05 14:00:00,,-14.093
2012-12-05 15:00:00,,-14.089
2012-12-05 16:00:00,,-14.087
2012-12-05 17:00:00,,-14.083
2012-12-05 18:00:00,,-14.083
2012-12-05 19:00:00,,-14.083
2012-12-05 20:00:00,,-14.085
2012-12-05 21:00:00,,-14.088
2012-12-05 22:00:00,,-14.092
2012-12-05 23:00:00,,-14.092
2012-12-06 00:00:00,,-14.093
2012-12-06 01:00:00,,-14.093
2012-12-06 02:00:00,,-14.092
2012-12-06 03:00:00,,-14.091
2012-12-06 04:00:00,,-14.093
2012-12-06 05:00:00,,-14.094
2012-12-06 06:00:00,,-14.097
2012-12-06 07:00:00,,-14.101
2012-12-06 08:00:00,,-14.102
2012-12-06 09:00:00,,-14.105
2012-12-06 10:00:00,,-14.104
2012-12-06 11:00:00,,-14.102
2012-12-06 12:00:00,,-14.1
2012-12-06 13:00:00,,-14.095
2012-12-06 14:00:00,,-14.091
2012-12-06 15:00:00,,-14.086
2012-12-06 16:00:00,,-14.084
2012-12-06 17:00:00,,-14.081
2012-12-06 18:00:00,,-14.081
2012-12-06 19:00:00,,-14.082
2012-12-06 20:00:00,,-14.083
2012-12-06 21:00:00,,-14.084
2012-12-06 22:00:00,,-14.085
2012-12-06 23:00:00,,-14.085
2012-12-07 00:00:00,,-14.085
2012-12-07 01:00:00,,-14.084
2012-12-07 02:00:00,,-14.083
2012-12-07 03:00:00,,-14.085
2012-12-07 04:00:00,,-14.086
2012-12-07 05:00:00,,-14.089
2012-12-07 06:00:00,,-14.092
2012-12-07 07:00:00,,-14.097
2012-12-07 08:00:00,,-14.099
2012-12-07 09:00:00,,-14.101
2012-12-07 10:00:00,,-14.101
2012-12-07 11:00:00,,-14.099
2012-12-07 12:00:00,,-14.095
2012-12-07 13:00:00,,-14.09
2012-12-07 14:00:00,,-14.085
2012-12-07 15:00:00,,-14.08
2012-12-07 16:00:00,,-14.077
2012-12-07 17:00:00,,-14.074
2012-12-07 18:00:00,,-14.073
2012-12-07 19:00:00,,-14.074
2012-12-07 20:00:00,,-14.075
2012-12-07 21:00:00,,-14.075
2012-12-07 22:00:00,,-14.075
2012-12-07 23:00:00,,-14.077
2012-12-08 00:00:00,,-14.076
2012-12-08 01:00:00,,-14.076
2012-12-08 02:00:00,,-14.074
2012-12-08 03:00:00,,-14.075
2012-12-08 04:00:00,,-14.075
2012-12-08 05:00:00,,-14.077
2012-12-08 06:00:00,,-14.079
2012-12-08 07:00:00,,-14.083
2012-12-08 08:00:00,,-14.087
2012-12-08 09:00:00,,-14.09
2012-12-08 10:00:00,,-14.088
2012-12-08 11:00:00,,-14.086
2012-12-08 12:00:00,,-14.081
2012-12-08 13:00:00,,-14.075
2012-12-08 14:00:00,,-14.071
2012-12-08 15:00:00,,-14.066
2012-12-08 16:00:00,,-14.063
2012-12-08 17:00:00,,-14.059
2012-12-08 18:00:00,,-14.057
2012-12-08 19:00:00,,-14.059
2012-12-08 20:00:00,,-14.06
2012-12-08 21:00:00,,-14.062
2012-12-08 22:00:00,,-14.064
2012-12-08 23:00:00,,-14.066
2012-12-09 00:00:00,,-14.069
2012-12-09 01:00:00,,-14.067
2012-12-09 02:00:00,,-14.066
2012-12-09 03:00:00,,-14.068
2012-12-09 04:00:00,,-14.07
2012-12-09 05:00:00,,-14.072
2012-12-09 06:00:00,,-14.075
2012-12-09 07:00:00,,-14.081
2012-12-09 08:00:00,,-14.085
2012-12-09 09:00:00,,-14.086
2012-12-09 10:00:00,,-14.084
2012-12-09 11:00:00,,-14.082
2012-12-09 12:00:00,,-14.079
2012-12-09 13:00:00,,-14.072
2012-12-09 14:00:00,,-14.067
2012-12-09 15:00:00,,-14.063
2012-12-09 16:00:00,,-14.061
2012-12-09 17:00:00,,-14.058
2012-12-09 18:00:00,,-14.058
2012-12-09 19:00:00,,-14.061
2012-12-09 20:00:00,,-14.068
2012-12-09 21:00:00,,-14.072
2012-12-09 22:00:00,,-14.076
2012-12-09 23:00:00,,-14.079
2012-12-10 00:00:00,,-14.079
2012-12-10 01:00:00,,-14.076
2012-12-10 02:00:00,,-14.076
2012-12-10 03:00:00,,-14.075
2012-12-10 04:00:00,,-14.075
2012-12-10 05:00:00,,-14.081
2012-12-10 06:00:00,,-14.088
2012-12-10 07:00:00,,-14.093
2012-12-10 08:00:00,,-14.096
2012-12-10 09:00:00,,-14.098
2012-12-10 10:00:00,,-14.098
2012-12-10 11:00:00,,-14.096
2012-12-10 12:00:00,,-14.09
2012-12-10 13:00:00,,-14.083
2012-12-10 14:00:00,,-14.077
2012-12-10 15:00:00,,-14.073
2012-12-10 16:00:00,,-14.068
2012-12-10 17:00:00,,-14.066
2012-12-10 18:00:00,,-14.066
2012-12-10 19:00:00,,-14.069
2012-12-10 20:00:00,,-14.073
2012-12-10 21:00:00,,-14.077
2012-12-10 22:00:00,,-14.079
2012-12-10 23:00:00,,-14.083
2012-12-11 00:00:00,,-14.081
2012-12-11 01:00:00,,-14.079
2012-12-11 02:00:00,,-14.076
2012-12-11 03:00:00,,-14.074
2012-12-11 04:00:00,,-14.076
2012-12-11 05:00:00,,-14.079
2012-12-11 06:00:00,,-14.085
2012-12-11 07:00:00,,-14.089
2012-12-11 08:00:00,,-14.095
2012-12-11 09:00:00,,-14.097
2012-12-11 10:00:00,,-14.098
2012-12-11 11:00:00,,-14.096
2012-12-11 12:00:00,,-14.092
2012-12-11 13:00:00,,-14.084
2012-12-11 14:00:00,,-14.076
2012-12-11 15:00:00,,-14.069
2012-12-11 16:00:00,,-14.062
2012-12-11 17:00:00,,-14.059
2012-12-11 18:00:00,,-14.057
2012-12-11 19:00:00,,-14.057
2012-12-11 20:00:00,,-14.06
2012-12-11 21:00:00,,-14.065
2012-12-11 22:00:00,,-14.071
2012-12-11 23:00:00,,-14.073
2012-12-12 00:00:00,,-14.073
2012-12-12 01:00:00,,-14.072
2012-12-12 02:00:00,,-14.068
2012-12-12 03:00:00,,-14.066
2012-12-12 04:00:00,,-14.069
2012-12-12 05:00:00,,-14.069
2012-12-12 06:00:00,,-14.074
2012-12-12 07:00:00,,-14.079
2012-12-12 08:00:00,,-14.085
2012-12-12 09:00:00,,-14.089
2012-12-12 10:00:00,,-14.09
2012-12-12 11:00:00,,-14.091
2012-12-12 12:00:00,,-14.087
2012-12-12 13:00:00,,-14.081
2012-12-12 14:00:00,,-14.073
2012-12-12 15:00:00,,-14.064
2012-12-12 16:00:00,,-14.057
2012-12-12 17:00:00,,-14.052
2012-12-12 18:00:00,,-14.05
2012-12-12 19:00:00,,-14.053
2012-12-12 20:00:00,,-14.057
2012-12-12 21:00:00,,-14.061
2012-12-12 22:00:00,,-14.067
2012-12-12 23:00:00,,-14.072
2012-12-13 00:00:00,,-14.073
2012-12-13 01:00:00,,-14.071
2012-12-13 02:00:00,,-14.068
2012-12-13 03:00:00,,-14.065
2012-12-13 04:00:00,,-14.062
2012-12-13 05:00:00,,-14.063
2012-12-13 06:00:00,,-14.064
2012-12-13 07:00:00,,-14.069
2012-12-13 08:00:00,,-14.074
2012-12-13 09:00:00,,-14.079
2012-12-13 10:00:00,,-14.081
2012-12-13 11:00:00,,-14.082
2012-12-13 12:00:00,,-14.079
2012-12-13 13:00:00,,-14.075
2012-12-13 14:00:00,,-14.069
2012-12-13 15:00:00,,-14.062
2012-12-13 16:00:00,,-14.057
2012-12-13 17:00:00,,-14.051
2012-12-13 18:00:00,,-14.051
2012-12-13 19:00:00,,-14.051
2012-12-13 20:00:00,,-14.054
2012-12-13 21:00:00,,-14.058
2012-12-13 22:00:00,,-14.063
2012-12-13 23:00:00,,-14.067
2012-12-14 00:00:00,,-14.069
2012-12-14 01:00:00,,-14.074
2012-12-14 02:00:00,,-14.073
2012-12-14 03:00:00,,-14.069
2012-12-14 04:00:00,,-14.067
2012-12-14 05:00:00,,-14.066
2012-12-14 06:00:00,,-14.067
2012-12-14 07:00:00,,-14.069
2012-12-14 08:00:00,,-14.074
2012-12-14 09:00:00,,-14.078
2012-12-14 10:00:00,,-14.08
2012-12-14 11:00:00,,-14.081
2012-12-14 12:00:00,,-14.079
2012-12-14 13:00:00,,-14.073
2012-12-14 14:00:00,,-14.068
2012-12-14 15:00:00,,-14.062
2012-12-14 16:00:00,,-14.055
2012-12-14 17:00:00,,-14.048
2012-12-14 18:00:00,,-14.044
2012-12-14 19:00:00,,-14.045
2012-12-14 20:00:00,,-14.047
2012-12-14 21:00:00,,-14.052
2012-12-14 22:00:00,,-14.058
2012-12-14 23:00:00,,-14.063
2012-12-15 00:00:00,,-14.065
2012-12-15 01:00:00,,-14.067
2012-12-15 02:00:00,,-14.067
2012-12-15 03:00:00,,-14.067
2012-12-15 04:00:00,,-14.065
2012-12-15 05:00:00,,-14.062
2012-12-15 06:00:00,,-14.063
2012-12-15 07:00:00,,-14.064
2012-12-15 08:00:00,,-14.066
2012-12-15 09:00:00,,-14.068
2012-12-15 10:00:00,,-14.069
2012-12-15 11:00:00,,-14.069
2012-12-15 12:00:00,,-14.068
2012-12-15 13:00:00,,-14.064
2012-12-15 14:00:00,,-14.058
2012-12-15 15:00:00,,-14.049
2012-12-15 16:00:00,,-14.042
2012-12-15 17:00:00,,-14.039
2012-12-15 18:00:00,,-14.04
2012-12-15 19:00:00,,-14.046
2012-12-15 20:00:00,,-14.049
2012-12-15 21:00:00,,-14.051
2012-12-15 22:00:00,,-14.054
2012-12-15 23:00:00,,-14.054
2012-12-16 00:00:00,,-14.053
2012-12-16 01:00:00,,-14.054
2012-12-16 02:00:00,,-14.054
2012-12-16 03:00:00,,-14.055
2012-12-16 04:00:00,,-14.055
2012-12-16 05:00:00,,-14.058
2012-12-16 06:00:00,,-14.059
2012-12-16 07:00:00,,-14.061
2012-12-16 08:00:00,,-14.064
2012-12-16 09:00:00,,-14.064
2012-12-16 10:00:00,,-14.066
2012-12-16 11:00:00,,-14.067
2012-12-16 12:00:00,,-14.066
2012-12-16 13:00:00,,-14.065
2012-12-16 14:00:00,,-14.061
2012-12-16 15:00:00,,-14.054
2012-12-16 16:00:00,,-14.047
2012-12-16 17:00:00,,-14.043
2012-12-16 18:00:00,,-14.042
2012-12-16 19:00:00,,-14.043
2012-12-16 20:00:00,,-14.047
2012-12-16 21:00:00,,-14.057
2012-12-16 22:00:00,,-14.061
2012-12-16 23:00:00,,-14.063
2012-12-17 00:00:00,,-14.063
2012-12-17 01:00:00,,-14.069
2012-12-17 02:00:00,,-14.069
2012-12-17 03:00:00,,-14.068
2012-12-17 04:00:00,,-14.066
2012-12-17 05:00:00,,-14.065
2012-12-17 06:00:00,,-14.066
2012-12-17 07:00:00,,-14.069
2012-12-17 08:00:00,,-14.07
2012-12-17 09:00:00,,-14.071
2012-12-17 10:00:00,,-14.071
2012-12-17 11:00:00,,-14.071
2012-12-17 12:00:00,,-14.07
2012-12-17 13:00:00,,-14.067
2012-12-17 14:00:00,,-14.064
2012-12-17 15:00:00,,-14.058
2012-12-17 16:00:00,,-14.051
2012-12-17 17:00:00,,-14.046
2012-12-17 18:00:00,,-14.045
2012-12-17 19:00:00,,-14.046
2012-12-17 20:00:00,,-14.049
2012-12-17 21:00:00,,-14.054
2012-12-17 22:00:00,,-14.058
2012-12-17 23:00:00,,-14.059
2012-12-18 00:00:00,,-14.061
2012-12-18 01:00:00,,-14.062
2012-12-18 02:00:00,,-14.062
2012-12-18 03:00:00,,-14.065
2012-12-18 04:00:00,,-14.065
2012-12-18 05:00:00,,-14.066
2012-12-18 06:00:00,,-14.067
2012-12-18 07:00:00,,-14.07
2012-12-18 08:00:00,,-14.07
2012-12-18 09:00:00,,-14.07
2012-12-18 10:00:00,,-14.069
2012-12-18 11:00:00,,-14.07
2012-12-18 12:00:00,,-14.071
2012-12-18 13:00:00,,-14.07
2012-12-18 14:00:00,,-14.065
2012-12-18 15:00:00,,-14.062
2012-12-18 16:00:00,,-14.062
2012-12-18 17:00:00,,-14.058
2012-12-18 18:00:00,,-14.054
2012-12-18 19:00:00,,-14.053
2012-12-18 20:00:00,,-14.055
2012-12-18 21:00:00,,-14.057
2012-12-18 22:00:00,,-14.06
2012-12-18 23:00:00,,-14.062
2012-12-19 00:00:00,,-14.061
2012-12-19 01:00:00,,-14.059
2012-12-19 02:00:00,,-14.057
2012-12-19 03:00:00,,-14.056
2012-12-19 04:00:00,,-14.056
2012-12-19 05:00:00,,-14.055
2012-12-19 06:00:00,,-14.057
2012-12-19 07:00:00,,-14.061
2012-12-19 08:00:00,,-14.062
2012-12-19 09:00:00,,-14.055
2012-12-19 10:00:00,,-14.057
2012-12-19 11:00:00,,-14.058
2012-12-19 12:00:00,,-14.056
2012-12-19 13:00:00,,-14.055
2012-12-19 14:00:00,,-14.053
2012-12-19 15:00:00,,-14.05
2012-12-19 16:00:00,,-14.048
2012-12-19 17:00:00,,-14.046
2012-12-19 18:00:00,,-14.045
2012-12-19 19:00:00,,-14.049
2012-12-19 20:00:00,,-14.052
2012-12-19 21:00:00,,-14.053
2012-12-19 22:00:00,,-14.053
2012-12-19 23:00:00,,-14.055
2012-12-20 00:00:00,,-14.055
2012-12-20 01:00:00,,-14.054
2012-12-20 02:00:00,,-14.054
2012-12-20 03:00:00,,-14.054
2012-12-20 04:00:00,,-14.055
2012-12-20 05:00:00,,-14.057
2012-12-20 06:00:00,,-14.061
2012-12-20 07:00:00,,-14.064
2012-12-20 08:00:00,,-14.068
2012-12-20 09:00:00,,-14.067
2012-12-20 10:00:00,,-14.067
2012-12-20 11:00:00,,-14.068
2012-12-20 12:00:00,,-14.067
2012-12-20 13:00:00,,-14.065
2012-12-20 14:00:00,,-14.063
2012-12-20 15:00:00,,-14.06
2012-12-20 16:00:00,,-14.059
2012-12-20 17:00:00,,-14.059
2012-12-20 18:00:00,,-14.06
2012-12-20 19:00:00,,-14.063
2012-12-20 20:00:00,,-14.066
2012-12-20 21:00:00,,-14.069
2012-12-20 22:00:00,,-14.073
2012-12-20 23:00:00,,-14.074
2012-12-21 00:00:00,,-14.074
2012-12-21 01:00:00,,-14.073
2012-12-21 02:00:00,,-14.073
2012-12-21 03:00:00,,-14.072
2012-12-21 04:00:00,,-14.073
2012-12-21 05:00:00,,-14.075
2012-12-21 06:00:00,,-14.077
2012-12-21 07:00:00,,-14.079
2012-12-21 08:00:00,,-14.081
2012-12-21 09:00:00,,-14.084
2012-12-21 10:00:00,,-14.085
2012-12-21 11:00:00,,-14.083
2012-12-21 12:00:00,,-14.08
2012-12-21 13:00:00,,-14.075
2012-12-21 14:00:00,,-14.071
2012-12-21 15:00:00,,-14.066
2012-12-21 16:00:00,,-14.061
2012-12-21 17:00:00,,-14.059
2012-12-21 18:00:00,,-14.056
2012-12-21 19:00:00,,-14.057
2012-12-21 20:00:00,,-14.059
2012-12-21 21:00:00,,-14.06
2012-12-21 22:00:00,,-14.063
2012-12-21 23:00:00,,-14.063
2012-12-22 00:00:00,,-14.063
2012-12-22 01:00:00,,-14.061
2012-12-22 02:00:00,,-14.059
2012-12-22 03:00:00,,-14.059
2012-12-22 04:00:00,,-14.058
2012-12-22 05:00:00,,-14.057
2012-12-22 06:00:00,,-14.061
2012-12-22 07:00:00,,-14.064
2012-12-22 08:00:00,,-14.066
2012-12-22 09:00:00,,-14.068
2012-12-22 10:00:00,,-14.067
2012-12-22 11:00:00,,-14.066
2012-12-22 12:00:00,,-14.063
2012-12-22 13:00:00,,-14.059
2012-12-22 14:00:00,,-14.054
2012-12-22 15:00:00,,-14.049
2012-12-22 16:00:00,,-14.043
2012-12-22 17:00:00,,-14.04
2012-12-22 18:00:00,,-14.041
2012-12-22 19:00:00,,-14.041
2012-12-22 20:00:00,,-14.043
2012-12-22 21:00:00,,-14.046
2012-12-22 22:00:00,,-14.049
2012-12-22 23:00:00,,-14.052
2012-12-23 00:00:00,,-14.052
2012-12-23 01:00:00,,-14.05
2012-12-23 02:00:00,,-14.05
2012-12-23 03:00:00,,-14.048
2012-12-23 04:00:00,,-14.05
2012-12-23 05:00:00,,-14.052
2012-12-23 06:00:00,,-14.057
2012-12-23 07:00:00,,-14.063
2012-12-23 08:00:00,,-14.068
2012-12-23 09:00:00,,-14.07
2012-12-23 10:00:00,,-14.07
2012-12-23 11:00:00,,-14.068
2012-12-23 12:00:00,,-14.065
2012-12-23 13:00:00,,-14.06
2012-12-23 14:00:00,,-14.055
2012-12-23 15:00:00,,-14.05
2012-12-23 16:00:00,,-14.045
2012-12-23 17:00:00,,-14.043
2012-12-23 18:00:00,,-14.042
2012-12-23 19:00:00,,-14.043
2012-12-23 20:00:00,,-14.047
2012-12-23 21:00:00,,-14.05
2012-12-23 22:00:00,,-14.054
2012-12-23 23:00:00,,-14.057
2012-12-24 00:00:00,,-14.058
2012-12-24 01:00:00,,-14.056
2012-12-24 02:00:00,,-14.056
2012-12-24 03:00:00,,-14.054
2012-12-24 04:00:00,,-14.055
2012-12-24 05:00:00,,-14.058
2012-12-24 06:00:00,,-14.064
2012-12-24 07:00:00,,-14.071
2012-12-24 08:00:00,,-14.077
2012-12-24 09:00:00,,-14.081
2012-12-24 10:00:00,,-14.081
2012-12-24 11:00:00,,-14.081
2012-12-24 12:00:00,,-14.078
2012-12-24 13:00:00,,-14.073
2012-12-24 14:00:00,,-14.068
2012-12-24 15:00:00,,-14.063
2012-12-24 16:00:00,,-14.058
2012-12-24 17:00:00,,-14.056
2012-12-24 18:00:00,,-14.056
2012-12-24 19:00:00,,-14.059
2012-12-24 20:00:00,,-14.062
2012-12-24 21:00:00,,-14.066
2012-12-24 22:00:00,,-14.07
2012-12-24 23:00:00,,-14.073
2012-12-25 00:00:00,,-14.074
2012-12-25 01:00:00,,-14.073
2012-12-25 02:00:00,,-14.072
2012-12-25 03:00:00,,-14.074
2012-12-25 04:00:00,,-14.073
2012-12-25 05:00:00,,-14.075
2012-12-25 06:00:00,,-14.079
2012-12-25 07:00:00,,-14.084
2012-12-25 08:00:00,,-14.088
2012-12-25 09:00:00,,-14.09
2012-12-25 10:00:00,,-14.092
2012-12-25 11:00:00,,-14.091
2012-12-25 12:00:00,,-14.089
2012-12-25 13:00:00,,-14.084
2012-12-25 14:00:00,,-14.079
2012-12-25 15:00:00,,-14.073
2012-12-25 16:00:00,,-14.068
2012-12-25 17:00:00,,-14.063
2012-12-25 18:00:00,,-14.06
2012-12-25 19:00:00,,-14.061
2012-12-25 20:00:00,,-14.063
2012-12-25 21:00:00,,-14.069
2012-12-25 22:00:00,,-14.074
2012-12-25 23:00:00,,-14.077
2012-12-26 00:00:00,,-14.077
2012-12-26 01:00:00,,-14.076
2012-12-26 02:00:00,,-14.075
2012-12-26 03:00:00,,-14.073
2012-12-26 04:00:00,,-14.073
2012-12-26 05:00:00,,-14.075
2012-12-26 06:00:00,,-14.079
2012-12-26 07:00:00,,-14.085
2012-12-26 08:00:00,,-14.091
2012-12-26 09:00:00,,-14.093
2012-12-26 10:00:00,,-14.093
2012-12-26 11:00:00,,-14.092
2012-12-26 12:00:00,,-14.089
2012-12-26 13:00:00,,-14.083
2012-12-26 14:00:00,,-14.077
2012-12-26 15:00:00,,-14.07
2012-12-26 16:00:00,,-14.062
2012-12-26 17:00:00,,-14.057
2012-12-26 18:00:00,,-14.053
2012-12-26 19:00:00,,-14.052
2012-12-26 20:00:00,,-14.054
2012-12-26 21:00:00,,-14.058
2012-12-26 22:00:00,,-14.063
2012-12-26 23:00:00,,-14.067
2012-12-27 00:00:00,,-14.069
2012-12-27 01:00:00,,-14.068
2012-12-27 02:00:00,,-14.065
2012-12-27 03:00:00,,-14.065
2012-12-27 04:00:00,,-14.064
2012-12-27 05:00:00,,-14.066
2012-12-27 06:00:00,,-14.071
2012-12-27 07:00:00,,-14.076
2012-12-27 08:00:00,,-14.082
2012-12-27 09:00:00,,-14.085
2012-12-27 10:00:00,,-14.088
2012-12-27 11:00:00,,-14.087
2012-12-27 12:00:00,,-14.084
2012-12-27 13:00:00,,-14.078
2012-12-27 14:00:00,,-14.074
2012-12-27 15:00:00,,-14.069
2012-12-27 16:00:00,,-14.063
2012-12-27 17:00:00,,-14.059
2012-12-27 18:00:00,,-14.057
2012-12-27 19:00:00,,-14.058
2012-12-27 20:00:00,,-14.062
2012-12-27 21:00:00,,-14.066
2012-12-27 22:00:00,,-14.071
2012-12-27 23:00:00,,-14.076
2012-12-28 00:00:00,,-14.078
2012-12-28 01:00:00,,-14.078
2012-12-28 02:00:00,,-14.076
2012-12-28 03:00:00,,-14.074
2012-12-28 04:00:00,,-14.075
2012-12-28 05:00:00,,-14.075
2012-12-28 06:00:00,,-14.079
2012-12-28 07:00:00,,-14.082
2012-12-28 08:00:00,,-14.088
2012-12-28 09:00:00,,-14.091
2012-12-28 10:00:00,,-14.093
2012-12-28 11:00:00,,-14.093
2012-12-28 12:00:00,,-14.091
2012-12-28 13:00:00,,-14.088
2012-12-28 14:00:00,,-14.083
2012-12-28 15:00:00,,-14.079
2012-12-28 16:00:00,,-14.072
2012-12-28 17:00:00,,-14.068
2012-12-28 18:00:00,,-14.066
2012-12-28 19:00:00,,-14.067
2012-12-28 20:00:00,,-14.071
2012-12-28 21:00:00,,-14.075
2012-12-28 22:00:00,,-14.08
2012-12-28 23:00:00,,-14.083
2012-12-29 00:00:00,,-14.085
2012-12-29 01:00:00,,-14.085
2012-12-29 02:00:00,,-14.085
2012-12-29 03:00:00,,-14.085
2012-12-29 04:00:00,,-14.085
2012-12-29 05:00:00,,-14.087
2012-12-29 06:00:00,,-14.089
2012-12-29 07:00:00,,-14.094
2012-12-29 08:00:00,,-14.097
2012-12-29 09:00:00,,-14.101
2012-12-29 10:00:00,,-14.102
2012-12-29 11:00:00,,-14.102
2012-12-29 12:00:00,,-14.1
2012-12-29 13:00:00,,-14.097
2012-12-29 14:00:00,,-14.091
2012-12-29 15:00:00,,-14.085
2012-12-29 16:00:00,,-14.079
2012-12-29 17:00:00,,-14.074
2012-12-29 18:00:00,,-14.072
2012-12-29 19:00:00,,-14.073
2012-12-29 20:00:00,,-14.076
2012-12-29 21:00:00,,-14.08
2012-12-29 22:00:00,,-14.084
2012-12-29 23:00:00,,-14.087
2012-12-30 00:00:00,,-14.089
2012-12-30 01:00:00,,-14.089
2012-12-30 02:00:00,,-14.089
2012-12-30 03:00:00,,-14.089
2012-12-30 04:00:00,,-14.088
2012-12-30 05:00:00,,-14.088
2012-12-30 06:00:00,,-14.089
2012-12-30 07:00:00,,-14.093
2012-12-30 08:00:00,,-14.096
2012-12-30 09:00:00,,-14.097
2012-12-30 10:00:00,,-14.1
2012-12-30 11:00:00,,-14.099
2012-12-30 12:00:00,,-14.096
2012-12-30 13:00:00,,-14.091
2012-12-30 14:00:00,,-14.086
2012-12-30 15:00:00,,-14.079
2012-12-30 16:00:00,,-14.073
2012-12-30 17:00:00,,-14.067
2012-12-30 18:00:00,,-14.064
2012-12-30 19:00:00,,-14.065
2012-12-30 20:00:00,,-14.067
2012-12-30 21:00:00,,-14.071
2012-12-30 22:00:00,,-14.074
2012-12-30 23:00:00,,-14.078
2012-12-31 00:00:00,,-14.079
2012-12-31 01:00:00,,-14.08
2012-12-31 02:00:00,,-14.079
2012-12-31 03:00:00,,-14.077
2012-12-31 04:00:00,,-14.076
2012-12-31 05:00:00,,-14.075
2012-12-31 06:00:00,,-14.075
2012-12-31 07:00:00,,-14.078
2012-12-31 08:00:00,,-14.079
2012-12-31 09:00:00,,-14.081
2012-12-31 10:00:00,,-14.082
2012-12-31 11:00:00,,-14.082
2012-12-31 12:00:00,,-14.081
2012-12-31 13:00:00,,-14.079
2012-12-31 14:00:00,,-14.076
2012-12-31 15:00:00,,-14.07
2012-12-31 16:00:00,,-14.067
2012-12-31 17:00:00,,-14.063
2012-12-31 18:00:00,,-14.061
2012-12-31 19:00:00,,-14.062
2012-12-31 20:00:00,,-14.064
2012-12-31 21:00:00,,-14.065
2012-12-31 22:00:00,,-14.069
2012-12-31 23:00:00,,-14.072
2013-01-01 00:00:00,,-14.073
2013-01-01 01:00:00,,-14.073
2013-01-01 02:00:00,,-14.072
2013-01-01 03:00:00,,-14.072
2013-01-01 04:00:00,,-14.071
2013-01-01 05:00:00,,-14.073
2013-01-01 06:00:00,,-14.076
2013-01-01 07:00:00,,-14.081
2013-01-01 08:00:00,,-14.085
2013-01-01 09:00:00,,-14.087
2013-01-01 10:00:00,,-14.088
2013-01-01 11:00:00,,-14.088
2013-01-01 12:00:00,,-14.088
2013-01-01 13:00:00,,-14.085
2013-01-01 14:00:00,,-14.081
2013-01-01 15:00:00,,-14.077
2013-01-01 16:00:00,,-14.073
2013-01-01 17:00:00,,-14.069
2013-01-01 18:00:00,,-14.064
2013-01-01 19:00:00,,-14.066
2013-01-01 20:00:00,,-14.074
2013-01-01 21:00:00,,-14.074
2013-01-01 22:00:00,,-14.076
2013-01-01 23:00:00,,-14.08
2013-01-02 00:00:00,,-14.082
2013-01-02 01:00:00,,-14.081
2013-01-02 02:00:00,,-14.081
2013-01-02 03:00:00,,-14.081
2013-01-02 04:00:00,,-14.081
2013-01-02 05:00:00,,-14.082
2013-01-02 06:00:00,,-14.083
2013-01-02 07:00:00,,-14.085
2013-01-02 08:00:00,,-14.087
2013-01-02 09:00:00,,-14.088
2013-01-02 10:00:00,,-14.088
2013-01-02 11:00:00,,-14.088
2013-01-02 12:00:00,,-14.086
2013-01-02 13:00:00,,-14.083
2013-01-02 14:00:00,,-14.08
2013-01-02 15:00:00,,-14.077
2013-01-02 16:00:00,,-14.073
2013-01-02 17:00:00,,-14.068
2013-01-02 18:00:00,,-14.066
2013-01-02 19:00:00,,-14.067
2013-01-02 20:00:00,,-14.067
2013-01-02 21:00:00,,-14.069
2013-01-02 22:00:00,,-14.072
2013-01-02 23:00:00,,-14.075
2013-01-03 00:00:00,,-14.077
2013-01-03 01:00:00,,-14.078
2013-01-03 02:00:00,,-14.078
2013-01-03 03:00:00,,-14.076
2013-01-03 04:00:00,,-14.077
2013-01-03 05:00:00,,-14.078
2013-01-03 06:00:00,,-14.079
2013-01-03 07:00:00,,-14.081
2013-01-03 08:00:00,,-14.083
2013-01-03 09:00:00,,-14.081
2013-01-03 10:00:00,,-14.081
2013-01-03 11:00:00,,-14.079
2013-01-03 12:00:00,,-14.076
2013-01-03 13:00:00,,-14.072
2013-01-03 14:00:00,,-14.068
2013-01-03 15:00:00,,-14.063
2013-01-03 16:00:00,,-14.059
2013-01-03 17:00:00,,-14.054
2013-01-03 18:00:00,,-14.051
2013-01-03 19:00:00,,-14.05
2013-01-03 20:00:00,,-14.051
2013-01-03 21:00:00,,-14.051
2013-01-03 22:00:00,,-14.052
2013-01-03 23:00:00,,-14.053
2013-01-04 00:00:00,,-14.053
2013-01-04 01:00:00,,-14.053
2013-01-04 02:00:00,,-14.052
2013-01-04 03:00:00,,-14.052
2013-01-04 04:00:00,,-14.054
2013-01-04 05:00:00,,-14.054
2013-01-04 06:00:00,,-14.056
2013-01-04 07:00:00,,-14.058
2013-01-04 08:00:00,,-14.059
2013-01-04 09:00:00,,-14.059
2013-01-04 10:00:00,,-14.059
2013-01-04 11:00:00,,-14.057
2013-01-04 12:00:00,,-14.054
2013-01-04 13:00:00,,-14.051
2013-01-04 14:00:00,,-14.046
2013-01-04 15:00:00,,-14.044
2013-01-04 16:00:00,,-14.044
2013-01-04 17:00:00,,-14.04
2013-01-04 18:00:00,,-14.039
2013-01-04 19:00:00,,-14.038
2013-01-04 20:00:00,,-14.039
2013-01-04 21:00:00,,-14.041
2013-01-04 22:00:00,,-14.044
2013-01-04 23:00:00,,-14.047
2013-01-05 00:00:00,,-14.047
2013-01-05 01:00:00,,-14.046
2013-01-05 02:00:00,,-14.047
2013-01-05 03:00:00,,-14.05
2013-01-05 04:00:00,,-14.05
2013-01-05 05:00:00,,-14.053
2013-01-05 06:00:00,,-14.056
2013-01-05 07:00:00,,-14.063
2013-01-05 08:00:00,,-14.07
2013-01-05 09:00:00,,-14.072
2013-01-05 10:00:00,,-14.072
2013-01-05 11:00:00,,-14.071
2013-01-05 12:00:00,,-14.071
2013-01-05 13:00:00,,-14.069
2013-01-05 14:00:00,,-14.066
2013-01-05 15:00:00,,-14.065
2013-01-05 16:00:00,,-14.061
2013-01-05 17:00:00,,-14.068
2013-01-05 18:00:00,,-14.081
2013-01-05 19:00:00,,-14.085
2013-01-05 20:00:00,,-14.081
2013-01-05 21:00:00,,-14.079
2013-01-05 22:00:00,,-14.085
2013-01-05 23:00:00,,-14.084
2013-01-06 00:00:00,,-14.084
2013-01-06 01:00:00,,-14.083
2013-01-06 02:00:00,,-14.082
2013-01-06 03:00:00,,-14.082
2013-01-06 04:00:00,,-14.083
2013-01-06 05:00:00,,-14.086
2013-01-06 06:00:00,,-14.09
2013-01-06 07:00:00,,-14.094
2013-01-06 08:00:00,,-14.096
2013-01-06 09:00:00,,-14.096
2013-01-06 10:00:00,,-14.096
2013-01-06 11:00:00,,-14.093
2013-01-06 12:00:00,,-14.09
2013-01-06 13:00:00,,-14.085
2013-01-06 14:00:00,,-14.082
2013-01-06 15:00:00,,-14.077
2013-01-06 16:00:00,,-14.073
2013-01-06 17:00:00,,-14.073
2013-01-06 18:00:00,,-14.072
2013-01-06 19:00:00,,-14.073
2013-01-06 20:00:00,,-14.075
2013-01-06 21:00:00,,-14.08
2013-01-06 22:00:00,,-14.082
2013-01-06 23:00:00,,-14.083
2013-01-07 00:00:00,,-14.082
2013-01-07 01:00:00,,-14.079
2013-01-07 02:00:00,,-14.078
2013-01-07 03:00:00,,-14.079
2013-01-07 04:00:00,,-14.08
2013-01-07 05:00:00,,-14.084
2013-01-07 06:00:00,,-14.088
2013-01-07 07:00:00,,-14.093
2013-01-07 08:00:00,,-14.096
2013-01-07 09:00:00,,-14.097
2013-01-07 10:00:00,,-14.095
2013-01-07 11:00:00,,-14.093
2013-01-07 12:00:00,,-14.089
2013-01-07 13:00:00,,-14.084
2013-01-07 14:00:00,,-14.077
2013-01-07 15:00:00,,-14.072
2013-01-07 16:00:00,,-14.066
2013-01-07 17:00:00,,-14.063
2013-01-07 18:00:00,,-14.063
2013-01-07 19:00:00,,-14.065
2013-01-07 20:00:00,,-14.067
2013-01-07 21:00:00,,-14.069
2013-01-07 22:00:00,,-14.071
2013-01-07 23:00:00,,-14.072
2013-01-08 00:00:00,,-14.071
2013-01-08 01:00:00,,-14.069
2013-01-08 02:00:00,,-14.066
2013-01-08 03:00:00,,-14.065
2013-01-08 04:00:00,,-14.064
2013-01-08 05:00:00,,-14.065
2013-01-08 06:00:00,,-14.068
2013-01-08 07:00:00,,-14.073
2013-01-08 08:00:00,,-14.077
2013-01-08 09:00:00,,-14.078
2013-01-08 10:00:00,,-14.077
2013-01-08 11:00:00,,-14.074
2013-01-08 12:00:00,,-14.068
2013-01-08 13:00:00,,-14.062
2013-01-08 14:00:00,,-14.055
2013-01-08 15:00:00,,-14.049
2013-01-08 16:00:00,,-14.042
2013-01-08 17:00:00,,-14.038
2013-01-08 18:00:00,,-14.036
2013-01-08 19:00:00,,-14.038
2013-01-08 20:00:00,,-14.043
2013-01-08 21:00:00,,-14.047
2013-01-08 22:00:00,,-14.05
2013-01-08 23:00:00,,-14.053
2013-01-09 00:00:00,,-14.054
2013-01-09 01:00:00,,-14.052
2013-01-09 02:00:00,,-14.049
2013-01-09 03:00:00,,-14.045
2013-01-09 04:00:00,,-14.045
2013-01-09 05:00:00,,-14.045
2013-01-09 06:00:00,,-14.048
2013-01-09 07:00:00,,-14.053
2013-01-09 08:00:00,,-14.056
2013-01-09 09:00:00,,-14.059
2013-01-09 10:00:00,,-14.058
2013-01-09 11:00:00,,-14.055
2013-01-09 12:00:00,,-14.052
2013-01-09 13:00:00,,-14.045
2013-01-09 14:00:00,,-14.038
2013-01-09 15:00:00,,-14.031
2013-01-09 16:00:00,,-14.025
2013-01-09 17:00:00,,-14.021
2013-01-09 18:00:00,,-14.018
2013-01-09 19:00:00,,-14.02
2013-01-09 20:00:00,,-14.024
2013-01-09 21:00:00,,-14.028
2013-01-09 22:00:00,,-14.031
2013-01-09 23:00:00,,-14.035
2013-01-10 00:00:00,,-14.036
2013-01-10 01:00:00,,-14.035
2013-01-10 02:00:00,,-14.032
2013-01-10 03:00:00,,-14.031
2013-01-10 04:00:00,,-14.033
2013-01-10 05:00:00,,-14.036
2013-01-10 06:00:00,,-14.041
2013-01-10 07:00:00,,-14.046
2013-01-10 08:00:00,,-14.052
2013-01-10 09:00:00,,-14.056
2013-01-10 10:00:00,,-14.058
2013-01-10 11:00:00,,-14.058
2013-01-10 12:00:00,,-14.055
2013-01-10 13:00:00,,-14.049
2013-01-10 14:00:00,,-14.043
2013-01-10 15:00:00,,-14.036
2013-01-10 16:00:00,,-14.028
2013-01-10 17:00:00,,-14.024
2013-01-10 18:00:00,,-14.022
2013-01-10 19:00:00,,-14.024
2013-01-10 20:00:00,,-14.026
2013-01-10 21:00:00,,-14.03
2013-01-10 22:00:00,,-14.034
2013-01-10 23:00:00,,-14.037
2013-01-11 00:00:00,,-14.037
2013-01-11 01:00:00,,-14.037
2013-01-11 02:00:00,,-14.036
2013-01-11 03:00:00,,-14.037
2013-01-11 04:00:00,,-14.04
2013-01-11 05:00:00,,-14.041
2013-01-11 06:00:00,,-14.044
2013-01-11 07:00:00,,-14.049
2013-01-11 08:00:00,,-14.054
2013-01-11 09:00:00,,-14.057
2013-01-11 10:00:00,,-14.061
2013-01-11 11:00:00,,-14.06
2013-01-11 12:00:00,,-14.059
2013-01-11 13:00:00,,-14.055
2013-01-11 14:00:00,,-14.049
2013-01-11 15:00:00,,-14.041
2013-01-11 16:00:00,,-14.035
2013-01-11 17:00:00,,-14.03
2013-01-11 18:00:00,,-14.028
2013-01-11 19:00:00,,-14.029
2013-01-11 20:00:00,,-14.034
2013-01-11 21:00:00,,-14.042
2013-01-11 22:00:00,,-14.049
2013-01-11 23:00:00,,-14.054
2013-01-12 00:00:00,,-14.057
2013-01-12 01:00:00,,-14.059
2013-01-12 02:00:00,,-14.059
2013-01-12 03:00:00,,-14.063
2013-01-12 04:00:00,,-14.064
2013-01-12 05:00:00,,-14.065
2013-01-12 06:00:00,,-14.069
2013-01-12 07:00:00,,-14.075
2013-01-12 08:00:00,,-14.078
2013-01-12 09:00:00,,-14.084
2013-01-12 10:00:00,,-14.084
2013-01-12 11:00:00,,-14.086
2013-01-12 12:00:00,,-14.087
2013-01-12 13:00:00,,-14.083
2013-01-12 14:00:00,,-14.079
2013-01-12 15:00:00,,-14.072
2013-01-12 16:00:00,,-14.065
2013-01-12 17:00:00,,-14.059
2013-01-12 18:00:00,,-14.056
2013-01-12 19:00:00,,-14.06
2013-01-12 20:00:00,,-14.061
2013-01-12 21:00:00,,-14.066
2013-01-12 22:00:00,,-14.07
2013-01-12 23:00:00,,-14.074
2013-01-13 00:00:00,,-14.076
2013-01-13 01:00:00,,-14.074
2013-01-13 02:00:00,,-14.073
2013-01-13 03:00:00,,-14.071
2013-01-13 04:00:00,,-14.071
2013-01-13 05:00:00,,-14.071
2013-01-13 06:00:00,,-14.073
2013-01-13 07:00:00,,-14.077
2013-01-13 08:00:00,,-14.081
2013-01-13 09:00:00,,-14.084
2013-01-13 10:00:00,,-14.087
2013-01-13 11:00:00,,-14.088
2013-01-13 12:00:00,,-14.087
2013-01-13 13:00:00,,-14.084
2013-01-13 14:00:00,,-14.079
2013-01-13 15:00:00,,-14.083
2013-01-13 16:00:00,,-14.079
2013-01-13 17:00:00,,-14.074
2013-01-13 18:00:00,,-14.072
2013-01-13 19:00:00,,-14.072
2013-01-13 20:00:00,,-14.074
2013-01-13 21:00:00,,-14.076
2013-01-13 22:00:00,,-14.082
2013-01-13 23:00:00,,-14.087
2013-01-14 00:00:00,,-14.091
2013-01-14 01:00:00,,-14.09
2013-01-14 02:00:00,,-14.087
2013-01-14 03:00:00,,-14.084
2013-01-14 04:00:00,,-14.083
2013-01-14 05:00:00,,-14.084
2013-01-14 06:00:00,,-14.085
2013-01-14 07:00:00,,-14.089
2013-01-14 08:00:00,,-14.092
2013-01-14 09:00:00,,-14.095
2013-01-14 10:00:00,,-14.095
2013-01-14 11:00:00,,-14.094
2013-01-14 12:00:00,,-14.093
2013-01-14 13:00:00,,-14.089
2013-01-14 14:00:00,,-14.084
2013-01-14 15:00:00,,-14.08
2013-01-14 16:00:00,,-14.075
2013-01-14 17:00:00,,-14.07
2013-01-14 18:00:00,,-14.067
2013-01-14 19:00:00,,-14.066
2013-01-14 20:00:00,,-14.069
2013-01-14 21:00:00,,-14.071
2013-01-14 22:00:00,,-14.075
2013-01-14 23:00:00,,-14.078
2013-01-15 00:00:00,,-14.08
2013-01-15 01:00:00,,-14.08
2013-01-15 02:00:00,,-14.08
2013-01-15 03:00:00,,-14.08
2013-01-15 04:00:00,,-14.082
2013-01-15 05:00:00,,-14.085
2013-01-15 06:00:00,,-14.092
2013-01-15 07:00:00,,-14.096
2013-01-15 08:00:00,,-14.099
2013-01-15 09:00:00,,-14.102
2013-01-15 10:00:00,,-14.102
2013-01-15 11:00:00,,-14.1
2013-01-15 12:00:00,,-14.098
2013-01-15 13:00:00,,-14.095
2013-01-15 14:00:00,,-14.091
2013-01-15 15:00:00,,-14.085
2013-01-15 16:00:00,,-14.078
2013-01-15 17:00:00,,-14.073
2013-01-15 18:00:00,,-14.071
2013-01-15 19:00:00,,-14.069
2013-01-15 20:00:00,,-14.068
2013-01-15 21:00:00,,-14.07
2013-01-15 22:00:00,,-14.073
2013-01-15 23:00:00,,-14.075
2013-01-16 00:00:00,,-14.075
2013-01-16 01:00:00,,-14.075
2013-01-16 02:00:00,,-14.073
2013-01-16 03:00:00,,-14.073
2013-01-16 04:00:00,,-14.075
2013-01-16 05:00:00,,-14.076
2013-01-16 06:00:00,,-14.079
2013-01-16 07:00:00,,-14.081
2013-01-16 08:00:00,,-14.082
2013-01-16 09:00:00,,-14.082
2013-01-16 10:00:00,,-14.081
2013-01-16 11:00:00,,-14.078
2013-01-16 12:00:00,,-14.075
2013-01-16 13:00:00,,-14.071
2013-01-16 14:00:00,,-14.065
2013-01-16 15:00:00,,-14.061
2013-01-16 16:00:00,,-14.056
2013-01-16 17:00:00,,-14.052
2013-01-16 18:00:00,,-14.047
2013-01-16 19:00:00,,-14.045
2013-01-16 20:00:00,,-14.046
2013-01-16 21:00:00,,-14.046
2013-01-16 22:00:00,,-14.048
2013-01-16 23:00:00,,-14.05
2013-01-17 00:00:00,,-14.049
2013-01-17 01:00:00,,-14.046
2013-01-17 02:00:00,,-14.046
2013-01-17 03:00:00,,-14.045
2013-01-17 04:00:00,,-14.044
2013-01-17 05:00:00,,-14.044
2013-01-17 06:00:00,,-14.045
2013-01-17 07:00:00,,-14.048
2013-01-17 08:00:00,,-14.05
2013-01-17 09:00:00,,-14.049
2013-01-17 10:00:00,,-14.049
2013-01-17 11:00:00,,-14.05
2013-01-17 12:00:00,,-14.049
2013-01-17 13:00:00,,-14.045
2013-01-17 14:00:00,,-14.043
2013-01-17 15:00:00,,-14.04
2013-01-17 16:00:00,,-14.04
2013-01-17 17:00:00,,-14.036
2013-01-17 18:00:00,,-14.036
2013-01-17 19:00:00,,-14.04
2013-01-17 20:00:00,,-14.043
2013-01-17 21:00:00,,-14.045
2013-01-17 22:00:00,,-14.046
2013-01-17 23:00:00,,-14.049
2013-01-18 00:00:00,,-14.051
2013-01-18 01:00:00,,-14.052
2013-01-18 02:00:00,,-14.052
2013-01-18 03:00:00,,-14.052
2013-01-18 04:00:00,,-14.052
2013-01-18 05:00:00,,-14.055
2013-01-18 06:00:00,,-14.059
2013-01-18 07:00:00,,-14.062
2013-01-18 08:00:00,,-14.065
2013-01-18 09:00:00,,-14.066
2013-01-18 10:00:00,,-14.067
2013-01-18 11:00:00,,-14.068
2013-01-18 12:00:00,,-14.067
2013-01-18 13:00:00,,-14.064
2013-01-18 14:00:00,,-14.06
2013-01-18 15:00:00,,-14.055
2013-01-18 16:00:00,,-14.053
2013-01-18 17:00:00,,-14.051
2013-01-18 18:00:00,,-14.05
2013-01-18 19:00:00,,-14.053
2013-01-18 20:00:00,,-14.057
2013-01-18 21:00:00,,-14.061
2013-01-18 22:00:00,,-14.065
2013-01-18 23:00:00,,-14.068
2013-01-19 00:00:00,,-14.067
2013-01-19 01:00:00,,-14.067
2013-01-19 02:00:00,,-14.065
2013-01-19 03:00:00,,-14.065
2013-01-19 04:00:00,,-14.065
2013-01-19 05:00:00,,-14.066
2013-01-19 06:00:00,,-14.069
2013-01-19 07:00:00,,-14.074
2013-01-19 08:00:00,,-14.075
2013-01-19 09:00:00,,-14.075
2013-01-19 10:00:00,,-14.076
2013-01-19 11:00:00,,-14.073
2013-01-19 12:00:00,,-14.069
2013-01-19 13:00:00,,-14.064
2013-01-19 14:00:00,,-14.059
2013-01-19 15:00:00,,-14.055
2013-01-19 16:00:00,,-14.051
2013-01-19 17:00:00,,-14.049
2013-01-19 18:00:00,,-14.049
2013-01-19 19:00:00,,-14.051
2013-01-19 20:00:00,,-14.053
2013-01-19 21:00:00,,-14.055
2013-01-19 22:00:00,,-14.058
2013-01-19 23:00:00,,-14.06
2013-01-20 00:00:00,,-14.061
2013-01-20 01:00:00,,-14.06
2013-01-20 02:00:00,,-14.059
2013-01-20 03:00:00,,-14.059
2013-01-20 04:00:00,,-14.059
2013-01-20 05:00:00,,-14.061
2013-01-20 06:00:00,,-14.063
2013-01-20 07:00:00,,-14.065
2013-01-20 08:00:00,,-14.067
2013-01-20 09:00:00,,-14.07
2013-01-20 10:00:00,,-14.071
2013-01-20 11:00:00,,-14.067
2013-01-20 12:00:00,,-14.063
2013-01-20 13:00:00,,-14.059
2013-01-20 14:00:00,,-14.055
2013-01-20 15:00:00,,-14.051
2013-01-20 16:00:00,,-14.046
2013-01-20 17:00:00,,-14.044
2013-01-20 18:00:00,,-14.046
2013-01-20 19:00:00,,-14.046
2013-01-20 20:00:00,,-14.049
2013-01-20 21:00:00,,-14.05
2013-01-20 22:00:00,,-14.053
2013-01-20 23:00:00,,-14.058
2013-01-21 00:00:00,,-14.06
2013-01-21 01:00:00,,-14.059
2013-01-21 02:00:00,,-14.058
2013-01-21 03:00:00,,-14.058
2013-01-21 04:00:00,,-14.06
2013-01-21 05:00:00,,-14.06
2013-01-21 06:00:00,,-14.064
2013-01-21 07:00:00,,-14.07
2013-01-21 08:00:00,,-14.074
2013-01-21 09:00:00,,-14.076
2013-01-21 10:00:00,,-14.077
2013-01-21 11:00:00,,-14.075
2013-01-21 12:00:00,,-14.071
2013-01-21 13:00:00,,-14.066
2013-01-21 14:00:00,,-14.061
2013-01-21 15:00:00,,-14.057
2013-01-21 16:00:00,,-14.051
2013-01-21 17:00:00,,-14.049
2013-01-21 18:00:00,,-14.048
2013-01-21 19:00:00,,-14.052
2013-01-21 20:00:00,,-14.055
2013-01-21 21:00:00,,-14.056
2013-01-21 22:00:00,,-14.059
2013-01-21 23:00:00,,-14.063
2013-01-22 00:00:00,,-14.063
2013-01-22 01:00:00,,-14.061
2013-01-22 02:00:00,,-14.06
2013-01-22 03:00:00,,-14.058
2013-01-22 04:00:00,,-14.058
2013-01-22 05:00:00,,-14.058
2013-01-22 06:00:00,,-14.063
2013-01-22 07:00:00,,-14.067
2013-01-22 08:00:00,,-14.072
2013-01-22 09:00:00,,-14.074
2013-01-22 10:00:00,,-14.075
2013-01-22 11:00:00,,-14.075
2013-01-22 12:00:00,,-14.073
2013-01-22 13:00:00,,-14.069
2013-01-22 14:00:00,,-14.064
2013-01-22 15:00:00,,-14.061
2013-01-22 16:00:00,,-14.057
2013-01-22 17:00:00,,-14.052
2013-01-22 18:00:00,,-14.052
2013-01-22 19:00:00,,-14.054
2013-01-22 20:00:00,,-14.058
2013-01-22 21:00:00,,-14.062
2013-01-22 22:00:00,,-14.066
2013-01-22 23:00:00,,-14.069
2013-01-23 00:00:00,,-14.071
2013-01-23 01:00:00,,-14.071
2013-01-23 02:00:00,,-14.071
2013-01-23 03:00:00,,-14.07
2013-01-23 04:00:00,,-14.068
2013-01-23 05:00:00,,-14.069
2013-01-23 06:00:00,,-14.072
2013-01-23 07:00:00,,-14.077
2013-01-23 08:00:00,,-14.081
2013-01-23 09:00:00,,-14.083
2013-01-23 10:00:00,,-14.085
2013-01-23 11:00:00,,-14.084
2013-01-23 12:00:00,,-14.081
2013-01-23 13:00:00,,-14.075
2013-01-23 14:00:00,,-14.069
2013-01-23 15:00:00,,-14.063
2013-01-23 16:00:00,,-14.059
2013-01-23 17:00:00,,-14.055
2013-01-23 18:00:00,,-14.056
2013-01-23 19:00:00,,-14.056
2013-01-23 20:00:00,,-14.06
2013-01-23 21:00:00,,-14.064
2013-01-23 22:00:00,,-14.067
2013-01-23 23:00:00,,-14.07
2013-01-24 00:00:00,,-14.07
2013-01-24 01:00:00,,-14.069
2013-01-24 02:00:00,,-14.069
2013-01-24 03:00:00,,-14.067
2013-01-24 04:00:00,,-14.07
2013-01-24 05:00:00,,-14.07
2013-01-24 06:00:00,,-14.074
2013-01-24 07:00:00,,-14.079
2013-01-24 08:00:00,,-14.083
2013-01-24 09:00:00,,-14.085
2013-01-24 10:00:00,,-14.084
2013-01-24 11:00:00,,-14.082
2013-01-24 12:00:00,,-14.078
2013-01-24 13:00:00,,-14.072
2013-01-24 14:00:00,,-14.065
2013-01-24 15:00:00,,-14.059
2013-01-24 16:00:00,,-14.055
2013-01-24 17:00:00,,-14.05
2013-01-24 18:00:00,,-14.049
2013-01-24 19:00:00,,-14.05
2013-01-24 20:00:00,,-14.053
2013-01-24 21:00:00,,-14.057
2013-01-24 22:00:00,,-14.06
2013-01-24 23:00:00,,-14.062
2013-01-25 00:00:00,,-14.063
2013-01-25 01:00:00,,-14.062
2013-01-25 02:00:00,,-14.061
2013-01-25 03:00:00,,-14.059
2013-01-25 04:00:00,,-14.059
2013-01-25 05:00:00,,-14.058
2013-01-25 06:00:00,,-14.061
2013-01-25 07:00:00,,-14.067
2013-01-25 08:00:00,,-14.073
2013-01-25 09:00:00,,-14.078
2013-01-25 10:00:00,,-14.079
2013-01-25 11:00:00,,-14.078
2013-01-25 12:00:00,,-14.076
2013-01-25 13:00:00,,-14.073
2013-01-25 14:00:00,,-14.07
2013-01-25 15:00:00,,-14.066
2013-01-25 16:00:00,,-14.062
2013-01-25 17:00:00,,-14.06
2013-01-25 18:00:00,,-14.06
2013-01-25 19:00:00,,-14.064
2013-01-25 20:00:00,,-14.07
2013-01-25 21:00:00,,-14.075
2013-01-25 22:00:00,,-14.08
2013-01-25 23:00:00,,-14.084
2013-01-26 00:00:00,,-14.086
2013-01-26 01:00:00,,-14.085
2013-01-26 02:00:00,,-14.084
2013-01-26 03:00:00,,-14.083
2013-01-26 04:00:00,,-14.081
2013-01-26 05:00:00,,-14.081
2013-01-26 06:00:00,,-14.084
2013-01-26 07:00:00,,-14.089
2013-01-26 08:00:00,,-14.094
2013-01-26 09:00:00,,-14.099
2013-01-26 10:00:00,,-14.101
2013-01-26 11:00:00,,-14.099
2013-01-26 12:00:00,,-14.096
2013-01-26 13:00:00,,-14.091
2013-01-26 14:00:00,,-14.088
2013-01-26 15:00:00,,-14.083
2013-01-26 16:00:00,,-14.078
2013-01-26 17:00:00,,-14.075
2013-01-26 18:00:00,,-14.075
2013-01-26 19:00:00,,-14.076
2013-01-26 20:00:00,,-14.082
2013-01-26 21:00:00,,-14.087
2013-01-26 22:00:00,,-14.093
2013-01-26 23:00:00,,-14.097
2013-01-27 00:00:00,,-14.099
2013-01-27 01:00:00,,-14.097
2013-01-27 02:00:00,,-14.095
2013-01-27 03:00:00,,-14.092
2013-01-27 04:00:00,,-14.091
2013-01-27 05:00:00,,-14.091
2013-01-27 06:00:00,,-14.095
2013-01-27 07:00:00,,-14.098
2013-01-27 08:00:00,,-14.1
2013-01-27 09:00:00,,-14.105
2013-01-27 10:00:00,,-14.108
2013-01-27 11:00:00,,-14.109
2013-01-27 12:00:00,,-14.107
2013-01-27 13:00:00,,-14.102
2013-01-27 14:00:00,,-14.095
2013-01-27 15:00:00,,-14.088
2013-01-27 16:00:00,,-14.081
2013-01-27 17:00:00,,-14.076
2013-01-27 18:00:00,,-14.073
2013-01-27 19:00:00,,-14.072
2013-01-27 20:00:00,,-14.075
2013-01-27 21:00:00,,-14.08
2013-01-27 22:00:00,,-14.086
2013-01-27 23:00:00,,-14.091
2013-01-28 00:00:00,,-14.094
2013-01-28 01:00:00,,-14.095
2013-01-28 02:00:00,,-14.095
2013-01-28 03:00:00,,-14.095
2013-01-28 04:00:00,,-14.094
2013-01-28 05:00:00,,-14.095
2013-01-28 06:00:00,,-14.095
2013-01-28 07:00:00,,-14.1
2013-01-28 08:00:00,,-14.104
2013-01-28 09:00:00,,-14.107
2013-01-28 10:00:00,,-14.109
2013-01-28 11:00:00,,-14.11
2013-01-28 12:00:00,,-14.107
2013-01-28 13:00:00,,-14.104
2013-01-28 14:00:00,,-14.099
2013-01-28 15:00:00,,-14.093
2013-01-28 16:00:00,,-14.087
2013-01-28 17:00:00,,-14.084
2013-01-28 18:00:00,,-14.08
2013-01-28 19:00:00,,-14.08
2013-01-28 20:00:00,,-14.084
2013-01-28 21:00:00,,-14.091
2013-01-28 22:00:00,,-14.095
2013-01-28 23:00:00,,-14.1
2013-01-29 00:00:00,,-14.104
2013-01-29 01:00:00,,-14.106
2013-01-29 02:00:00,,-14.107
2013-01-29 03:00:00,,-14.106
2013-01-29 04:00:00,,-14.107
2013-01-29 05:00:00,,-14.107
2013-01-29 06:00:00,,-14.108
2013-01-29 07:00:00,,-14.112
2013-01-29 08:00:00,,-14.117
2013-01-29 09:00:00,,-14.121
2013-01-29 10:00:00,,-14.122
2013-01-29 11:00:00,,-14.125
2013-01-29 12:00:00,,-14.125
2013-01-29 13:00:00,,-14.121
2013-01-29 14:00:00,,-14.116
2013-01-29 15:00:00,,-14.111
2013-01-29 16:00:00,,-14.106
2013-01-29 17:00:00,,-14.1
2013-01-29 18:00:00,,-14.097
2013-01-29 19:00:00,,-14.099
2013-01-29 20:00:00,,-14.1
2013-01-29 21:00:00,,-14.105
2013-01-29 22:00:00,,-14.109
2013-01-29 23:00:00,,-14.115
2013-01-30 00:00:00,,-14.118
2013-01-30 01:00:00,,-14.118
2013-01-30 02:00:00,,-14.119
2013-01-30 03:00:00,,-14.119
2013-01-30 04:00:00,,-14.119
2013-01-30 05:00:00,,-14.118
2013-01-30 06:00:00,,-14.119
2013-01-30 07:00:00,,-14.122
2013-01-30 08:00:00,,-14.125
2013-01-30 09:00:00,,-14.128
2013-01-30 10:00:00,,-14.131
2013-01-30 11:00:00,,-14.13
2013-01-30 12:00:00,,-14.128
2013-01-30 13:00:00,,-14.126
2013-01-30 14:00:00,,-14.121
2013-01-30 15:00:00,,-14.116
2013-01-30 16:00:00,,-14.111
2013-01-30 17:00:00,,-14.105
2013-01-30 18:00:00,,-14.102
2013-01-30 19:00:00,,-14.101
2013-01-30 20:00:00,,-14.103
2013-01-30 21:00:00,,-14.105
2013-01-30 22:00:00,,-14.108
2013-01-30 23:00:00,,-14.113
2013-01-31 00:00:00,,-14.117
2013-01-31 01:00:00,,-14.119
2013-01-31 02:00:00,,-14.122
2013-01-31 03:00:00,,-14.121
2013-01-31 04:00:00,,-14.122
2013-01-31 05:00:00,,-14.121
2013-01-31 06:00:00,,-14.121
2013-01-31 07:00:00,,-14.122
2013-01-31 08:00:00,,-14.125
2013-01-31 09:00:00,,-14.127
2013-01-31 10:00:00,,-14.128
2013-01-31 11:00:00,,-14.128
2013-01-31 12:00:00,,-14.126
2013-01-31 13:00:00,,-14.123
2013-01-31 14:00:00,,-14.119
2013-01-31 15:00:00,,-14.114
2013-01-31 16:00:00,,-14.111
2013-01-31 17:00:00,,-14.105
2013-01-31 18:00:00,,-14.103
2013-01-31 19:00:00,,-14.101
2013-01-31 20:00:00,,-14.103
2013-01-31 21:00:00,,-14.105
2013-01-31 22:00:00,,-14.109
2013-01-31 23:00:00,,-14.113
2013-02-01 00:00:00,,-14.116
2013-02-01 01:00:00,,-14.118
2013-02-01 02:00:00,,-14.118
2013-02-01 03:00:00,,-14.118
2013-02-01 04:00:00,,-14.118
2013-02-01 05:00:00,,-14.12
2013-02-01 06:00:00,,-14.123
2013-02-01 07:00:00,,-14.125
2013-02-01 08:00:00,,-14.127
2013-02-01 09:00:00,,-14.13
2013-02-01 10:00:00,,-14.131
2013-02-01 11:00:00,,-14.131
2013-02-01 12:00:00,,-14.13
2013-02-01 13:00:00,,-14.127
2013-02-01 14:00:00,,-14.124
2013-02-01 15:00:00,,-14.119
2013-02-01 16:00:00,,-14.114
2013-02-01 17:00:00,,-14.113
2013-02-01 18:00:00,,-14.111
2013-02-01 19:00:00,,-14.11
2013-02-01 20:00:00,,-14.112
2013-02-01 21:00:00,,-14.114
2013-02-01 22:00:00,,-14.118
2013-02-01 23:00:00,,-14.121
2013-02-02 00:00:00,,-14.126
2013-02-02 01:00:00,,-14.128
2013-02-02 02:00:00,,-14.13
2013-02-02 03:00:00,,-14.13
2013-02-02 04:00:00,,-14.132
2013-02-02 05:00:00,,-14.133
2013-02-02 06:00:00,,-14.134
2013-02-02 07:00:00,,-14.137
2013-02-02 08:00:00,,-14.138
2013-02-02 09:00:00,,-14.139
2013-02-02 10:00:00,,-14.138
2013-02-02 11:00:00,,-14.136
2013-02-02 12:00:00,,-14.133
2013-02-02 13:00:00,,-14.128
2013-02-02 14:00:00,,-14.124
2013-02-02 15:00:00,,-14.119
2013-02-02 16:00:00,,-14.116
2013-02-02 17:00:00,,-14.113
2013-02-02 18:00:00,,-14.109
2013-02-02 19:00:00,,-14.107
2013-02-02 20:00:00,,-14.108
2013-02-02 21:00:00,,-14.111
2013-02-02 22:00:00,,-14.115
2013-02-02 23:00:00,,-14.118
2013-02-03 00:00:00,,-14.121
2013-02-03 01:00:00,,-14.122
2013-02-03 02:00:00,,-14.122
2013-02-03 03:00:00,,-14.123
2013-02-03 04:00:00,,-14.125
2013-02-03 05:00:00,,-14.125
2013-02-03 06:00:00,,-14.127
2013-02-03 07:00:00,,-14.131
2013-02-03 08:00:00,,-14.133
2013-02-03 09:00:00,,-14.134
2013-02-03 10:00:00,,-14.134
2013-02-03 11:00:00,,-14.131
2013-02-03 12:00:00,,-14.129
2013-02-03 13:00:00,,-14.123
2013-02-03 14:00:00,,-14.119
2013-02-03 15:00:00,,-14.115
2013-02-03 16:00:00,,-14.11
2013-02-03 17:00:00,,-14.107
2013-02-03 18:00:00,,-14.107
2013-02-03 19:00:00,,-14.108
2013-02-03 20:00:00,,-14.109
2013-02-03 21:00:00,,-14.112
2013-02-03 22:00:00,,-14.114
2013-02-03 23:00:00,,-14.118
2013-02-04 00:00:00,,-14.12
2013-02-04 01:00:00,,-14.121
2013-02-04 02:00:00,,-14.122
2013-02-04 03:00:00,,-14.123
2013-02-04 04:00:00,,-14.125
2013-02-04 05:00:00,,-14.127
2013-02-04 06:00:00,,-14.13
2013-02-04 07:00:00,,-14.135
2013-02-04 08:00:00,,-14.137
2013-02-04 09:00:00,,-14.138
2013-02-04 10:00:00,,-14.139
2013-02-04 11:00:00,,-14.137
2013-02-04 12:00:00,,-14.132
2013-02-04 13:00:00,,-14.129
2013-02-04 14:00:00,,-14.123
2013-02-04 15:00:00,,-14.118
2013-02-04 16:00:00,,-14.115
2013-02-04 17:00:00,,-14.111
2013-02-04 18:00:00,,-14.11
2013-02-04 19:00:00,,-14.111
2013-02-04 20:00:00,,-14.113
2013-02-04 21:00:00,,-14.115
2013-02-04 22:00:00,,-14.118
2013-02-04 23:00:00,,-14.122
2013-02-05 00:00:00,,-14.124
2013-02-05 01:00:00,,-14.122
2013-02-05 02:00:00,,-14.122
2013-02-05 03:00:00,,-14.121
2013-02-05 04:00:00,,-14.122
2013-02-05 05:00:00,,-14.123
2013-02-05 06:00:00,,-14.125
2013-02-05 07:00:00,,-14.13
2013-02-05 08:00:00,,-14.133
2013-02-05 09:00:00,,-14.134
2013-02-05 10:00:00,,-14.133
2013-02-05 11:00:00,,-14.131
2013-02-05 12:00:00,,-14.127
2013-02-05 13:00:00,,-14.12
2013-02-05 14:00:00,,-14.115
2013-02-05 15:00:00,,-14.109
2013-02-05 16:00:00,,-14.105
2013-02-05 17:00:00,,-14.102
2013-02-05 18:00:00,,-14.101
2013-02-05 19:00:00,,-14.101
2013-02-05 20:00:00,,-14.104
2013-02-05 21:00:00,,-14.105
2013-02-05 22:00:00,,-14.107
2013-02-05 23:00:00,,-14.108
2013-02-06 00:00:00,,-14.107
2013-02-06 01:00:00,,-14.105
2013-02-06 02:00:00,,-14.104
2013-02-06 03:00:00,,-14.1
2013-02-06 04:00:00,,-14.099
2013-02-06 05:00:00,,-14.101
2013-02-06 06:00:00,,-14.105
2013-02-06 07:00:00,,-14.108
2013-02-06 08:00:00,,-14.113
2013-02-06 09:00:00,,-14.114
2013-02-06 10:00:00,,-14.114
2013-02-06 11:00:00,,-14.11
2013-02-06 12:00:00,,-14.105
2013-02-06 13:00:00,,-14.098
2013-02-06 14:00:00,,-14.091
2013-02-06 15:00:00,,-14.085
2013-02-06 16:00:00,,-14.081
2013-02-06 17:00:00,,-14.076
2013-02-06 18:00:00,,-14.075
2013-02-06 19:00:00,,-14.077
2013-02-06 20:00:00,,-14.078
2013-02-06 21:00:00,,-14.081
2013-02-06 22:00:00,,-14.083
2013-02-06 23:00:00,,-14.083
2013-02-07 00:00:00,,-14.083
2013-02-07 01:00:00,,-14.08
2013-02-07 02:00:00,,-14.077
2013-02-07 03:00:00,,-14.076
2013-02-07 04:00:00,,-14.075
2013-02-07 05:00:00,,-14.078
2013-02-07 06:00:00,,-14.08
2013-02-07 07:00:00,,-14.086
2013-02-07 08:00:00,,-14.091
2013-02-07 09:00:00,,-14.096
2013-02-07 10:00:00,,-14.095
2013-02-07 11:00:00,,-14.093
2013-02-07 12:00:00,,-14.088
2013-02-07 13:00:00,,-14.082
2013-02-07 14:00:00,,-14.075
2013-02-07 15:00:00,,-14.07
2013-02-07 16:00:00,,-14.066
2013-02-07 17:00:00,,-14.061
2013-02-07 18:00:00,,-14.06
2013-02-07 19:00:00,,-14.062
2013-02-07 20:00:00,,-14.066
2013-02-07 21:00:00,,-14.072
2013-02-07 22:00:00,,-14.076
2013-02-07 23:00:00,,-14.078
2013-02-08 00:00:00,,-14.08
2013-02-08 01:00:00,,-14.078
2013-02-08 02:00:00,,-14.078
2013-02-08 03:00:00,,-14.075
2013-02-08 04:00:00,,-14.079
2013-02-08 05:00:00,,-14.082
2013-02-08 06:00:00,,-14.088
2013-02-08 07:00:00,,-14.094
2013-02-08 08:00:00,,-14.101
2013-02-08 09:00:00,,-14.106
2013-02-08 10:00:00,,-14.109
2013-02-08 11:00:00,,-14.108
2013-02-08 12:00:00,,-14.105
2013-02-08 13:00:00,,-14.1
2013-02-08 14:00:00,,-14.093
2013-02-08 15:00:00,,-14.087
2013-02-08 16:00:00,,-14.081
2013-02-08 17:00:00,,-14.074
2013-02-08 18:00:00,,-14.075
2013-02-08 19:00:00,,-14.084
2013-02-08 20:00:00,,-14.089
2013-02-08 21:00:00,,-14.096
2013-02-08 22:00:00,,-14.106
2013-02-08 23:00:00,,-14.109
2013-02-09 00:00:00,,-14.108
2013-02-09 01:00:00,,-14.107
2013-02-09 02:00:00,,-14.108
2013-02-09 03:00:00,,-14.107
2013-02-09 04:00:00,,-14.105
2013-02-09 05:00:00,,-14.107
2013-02-09 06:00:00,,-14.108
2013-02-09 07:00:00,,-14.111
2013-02-09 08:00:00,,-14.115
2013-02-09 09:00:00,,-14.118
2013-02-09 10:00:00,,-14.119
2013-02-09 11:00:00,,-14.118
2013-02-09 12:00:00,,-14.117
2013-02-09 13:00:00,,-14.114
2013-02-09 14:00:00,,-14.109
2013-02-09 15:00:00,,-14.103
2013-02-09 16:00:00,,-14.096
2013-02-09 17:00:00,,-14.092
2013-02-09 18:00:00,,-14.092
2013-02-09 19:00:00,,-14.095
2013-02-09 20:00:00,,-14.101
2013-02-09 21:00:00,,-14.108
2013-02-09 22:00:00,,-14.112
2013-02-09 23:00:00,,-14.114
2013-02-10 00:00:00,,-14.112
2013-02-10 01:00:00,,-14.109
2013-02-10 02:00:00,,-14.105
2013-02-10 03:00:00,,-14.099
2013-02-10 04:00:00,,-14.095
2013-02-10 05:00:00,,-14.093
2013-02-10 06:00:00,,-14.092
2013-02-10 07:00:00,,-14.095
2013-02-10 08:00:00,,-14.098
2013-02-10 09:00:00,,-14.104
2013-02-10 10:00:00,,-14.108
2013-02-10 11:00:00,,-14.11
2013-02-10 12:00:00,,-14.111
2013-02-10 13:00:00,,-14.109
2013-02-10 14:00:00,,-14.107
2013-02-10 15:00:00,,-14.104
2013-02-10 16:00:00,,-14.102
2013-02-10 17:00:00,,-14.099
2013-02-10 18:00:00,,-14.096
2013-02-10 19:00:00,,-14.097
2013-02-10 20:00:00,,-14.101
2013-02-10 21:00:00,,-14.104
2013-02-10 22:00:00,,-14.112
2013-02-10 23:00:00,,-14.116
2013-02-11 00:00:00,,-14.116
2013-02-11 01:00:00,,-14.116
2013-02-11 02:00:00,,-14.115
2013-02-11 03:00:00,,-14.112
2013-02-11 04:00:00,,-14.109
2013-02-11 05:00:00,,-14.105
2013-02-11 06:00:00,,-14.103
2013-02-11 07:00:00,,-14.104
2013-02-11 08:00:00,,-14.107
2013-02-11 09:00:00,,-14.11
2013-02-11 10:00:00,,-14.116
2013-02-11 11:00:00,,-14.117
2013-02-11 12:00:00,,-14.116
2013-02-11 13:00:00,,-14.114
2013-02-11 14:00:00,,-14.108
2013-02-11 15:00:00,,-14.103
2013-02-11 16:00:00,,-14.098
2013-02-11 17:00:00,,-14.092
2013-02-11 18:00:00,,-14.09
2013-02-11 19:00:00,,-14.091
2013-02-11 20:00:00,,-14.093
2013-02-11 21:00:00,,-14.1
2013-02-11 22:00:00,,-14.107
2013-02-11 23:00:00,,-14.111
2013-02-12 00:00:00,,-14.114
2013-02-12 01:00:00,,-14.116
2013-02-12 02:00:00,,-14.114
2013-02-12 03:00:00,,-14.112
2013-02-12 04:00:00,,-14.11
2013-02-12 05:00:00,,-14.107
2013-02-12 06:00:00,,-14.106
2013-02-12 07:00:00,,-14.107
2013-02-12 08:00:00,,-14.11
2013-02-12 09:00:00,,-14.111
2013-02-12 10:00:00,,-14.115
2013-02-12 11:00:00,,-14.117
2013-02-12 12:00:00,,-14.115
2013-02-12 13:00:00,,-14.113
2013-02-12 14:00:00,,-14.107
2013-02-12 15:00:00,,-14.103
2013-02-12 16:00:00,,-14.098
2013-02-12 17:00:00,,-14.092
2013-02-12 18:00:00,,-14.089
2013-02-12 19:00:00,,-14.091
2013-02-12 20:00:00,,-14.092
2013-02-12 21:00:00,,-14.095
2013-02-12 22:00:00,,-14.099
2013-02-12 23:00:00,,-14.102
2013-02-13 00:00:00,,-14.104
2013-02-13 01:00:00,,-14.104
2013-02-13 02:00:00,,-14.102
2013-02-13 03:00:00,,-14.099
2013-02-13 04:00:00,,-14.098
2013-02-13 05:00:00,,-14.097
2013-02-13 06:00:00,,-14.096
2013-02-13 07:00:00,,-14.098
2013-02-13 08:00:00,,-14.1
2013-02-13 09:00:00,,-14.102
2013-02-13 10:00:00,,-14.104
2013-02-13 11:00:00,,-14.104
2013-02-13 12:00:00,,-14.104
2013-02-13 13:00:00,,-14.102
2013-02-13 14:00:00,,-14.097
2013-02-13 15:00:00,,-14.092
2013-02-13 16:00:00,,-14.087
2013-02-13 17:00:00,,-14.081
2013-02-13 18:00:00,,-14.076
2013-02-13 19:00:00,,-14.075
2013-02-13 20:00:00,,-14.076
2013-02-13 21:00:00,,-14.08
2013-02-13 22:00:00,,-14.083
2013-02-13 23:00:00,,-14.09
2013-02-14 00:00:00,,-14.096
2013-02-14 01:00:00,,-14.098
2013-02-14 02:00:00,,-14.097
2013-02-14 03:00:00,,-14.096
2013-02-14 04:00:00,,-14.095
2013-02-14 05:00:00,,-14.096
2013-02-14 06:00:00,,-14.096
2013-02-14 07:00:00,,-14.097
2013-02-14 08:00:00,,-14.099
2013-02-14 09:00:00,,-14.102
2013-02-14 10:00:00,,-14.104
2013-02-14 11:00:00,,-14.102
2013-02-14 12:00:00,,-14.1
2013-02-14 13:00:00,,-14.097
2013-02-14 14:00:00,,-14.092
2013-02-14 15:00:00,,-14.086
2013-02-14 16:00:00,,-14.078
2013-02-14 17:00:00,,-14.072
2013-02-14 18:00:00,,-14.07
2013-02-14 19:00:00,,-14.071
2013-02-14 20:00:00,,-14.072
2013-02-14 21:00:00,,-14.076
2013-02-14 22:00:00,,-14.08
2013-02-14 23:00:00,,-14.084
2013-02-15 00:00:00,,-14.087
2013-02-15 01:00:00,,-14.087
2013-02-15 02:00:00,,-14.087
2013-02-15 03:00:00,,-14.086
2013-02-15 04:00:00,,-14.085
2013-02-15 05:00:00,,-14.083
2013-02-15 06:00:00,,-14.084
2013-02-15 07:00:00,,-14.084
2013-02-15 08:00:00,,-14.087
2013-02-15 09:00:00,,-14.089
2013-02-15 10:00:00,,-14.091
2013-02-15 11:00:00,,-14.091
2013-02-15 12:00:00,,-14.089
2013-02-15 13:00:00,,-14.085
2013-02-15 14:00:00,,-14.08
2013-02-15 15:00:00,,-14.074
2013-02-15 16:00:00,,-14.069
2013-02-15 17:00:00,,-14.063
2013-02-15 18:00:00,,-14.06
2013-02-15 19:00:00,,-14.061
2013-02-15 20:00:00,,-14.063
2013-02-15 21:00:00,,-14.066
2013-02-15 22:00:00,,-14.071
2013-02-15 23:00:00,,-14.075
2013-02-16 00:00:00,,-14.078
2013-02-16 01:00:00,,-14.078
2013-02-16 02:00:00,,-14.08
2013-02-16 03:00:00,,-14.082
2013-02-16 04:00:00,,-14.081
2013-02-16 05:00:00,,-14.083
2013-02-16 06:00:00,,-14.083
2013-02-16 07:00:00,,-14.085
2013-02-16 08:00:00,,-14.087
2013-02-16 09:00:00,,-14.089
2013-02-16 10:00:00,,-14.091
2013-02-16 11:00:00,,-14.089
2013-02-16 12:00:00,,-14.086
2013-02-16 13:00:00,,-14.083
2013-02-16 14:00:00,,-14.08
2013-02-16 15:00:00,,-14.075
2013-02-16 16:00:00,,-14.071
2013-02-16 17:00:00,,-14.067
2013-02-16 18:00:00,,-14.065
2013-02-16 19:00:00,,-14.064
2013-02-16 20:00:00,,-14.067
2013-02-16 21:00:00,,-14.07
2013-02-16 22:00:00,,-14.073
2013-02-16 23:00:00,,-14.075
2013-02-17 00:00:00,,-14.077
2013-02-17 01:00:00,,-14.078
2013-02-17 02:00:00,,-14.078
2013-02-17 03:00:00,,-14.079
2013-02-17 04:00:00,,-14.079
2013-02-17 05:00:00,,-14.079
2013-02-17 06:00:00,,-14.081
2013-02-17 07:00:00,,-14.082
2013-02-17 08:00:00,,-14.084
2013-02-17 09:00:00,,-14.086
2013-02-17 10:00:00,,-14.087
2013-02-17 11:00:00,,-14.086
2013-02-17 12:00:00,,-14.082
2013-02-17 13:00:00,,-14.078
2013-02-17 14:00:00,,-14.072
2013-02-17 15:00:00,,-14.065
2013-02-17 16:00:00,,-14.059
2013-02-17 17:00:00,,-14.055
2013-02-17 18:00:00,,-14.05
2013-02-17 19:00:00,,-14.05
2013-02-17 20:00:00,,-14.052
2013-02-17 21:00:00,,-14.056
2013-02-17 22:00:00,,-14.059
2013-02-17 23:00:00,,-14.062
2013-02-18 00:00:00,,-14.064
2013-02-18 01:00:00,,-14.064
2013-02-18 02:00:00,,-14.063
2013-02-18 03:00:00,,-14.064
2013-02-18 04:00:00,,-14.065
2013-02-18 05:00:00,,-14.067
2013-02-18 06:00:00,,-14.069
2013-02-18 07:00:00,,-14.072
2013-02-18 08:00:00,,-14.074
2013-02-18 09:00:00,,-14.075
2013-02-18 10:00:00,,-14.074
2013-02-18 11:00:00,,-14.072
2013-02-18 12:00:00,,-14.067
2013-02-18 13:00:00,,-14.062
2013-02-18 14:00:00,,-14.058
2013-02-18 15:00:00,,-14.052
2013-02-18 16:00:00,,-14.049
2013-02-18 17:00:00,,-14.046
2013-02-18 18:00:00,,-14.047
2013-02-18 19:00:00,,-14.046
2013-02-18 20:00:00,,-14.05
2013-02-18 21:00:00,,-14.054
2013-02-18 22:00:00,,-14.059
2013-02-18 23:00:00,,-14.065
2013-02-19 00:00:00,,-14.068
2013-02-19 01:00:00,,-14.071
2013-02-19 02:00:00,,-14.073
2013-02-19 03:00:00,,-14.075
2013-02-19 04:00:00,,-14.077
2013-02-19 05:00:00,,-14.08
2013-02-19 06:00:00,,-14.083
2013-02-19 07:00:00,,-14.087
2013-02-19 08:00:00,,-14.091
2013-02-19 09:00:00,,-14.094
2013-02-19 10:00:00,,-14.096
2013-02-19 11:00:00,,-14.095
2013-02-19 12:00:00,,-14.092
2013-02-19 13:00:00,,-14.087
2013-02-19 14:00:00,,-14.081
2013-02-19 15:00:00,,-14.077
2013-02-19 16:00:00,,-14.073
2013-02-19 17:00:00,,-14.073
2013-02-19 18:00:00,,-14.072
2013-02-19 19:00:00,,-14.075
2013-02-19 20:00:00,,-14.079
2013-02-19 21:00:00,,-14.083
2013-02-19 22:00:00,,-14.089
2013-02-19 23:00:00,,-14.093
2013-02-20 00:00:00,,-14.096
2013-02-20 01:00:00,,-14.097
2013-02-20 02:00:00,,-14.097
2013-02-20 03:00:00,,-14.096
2013-02-20 04:00:00,,-14.097
2013-02-20 05:00:00,,-14.097
2013-02-20 06:00:00,,-14.099
2013-02-20 07:00:00,,-14.101
2013-02-20 08:00:00,,-14.104
2013-02-20 09:00:00,,-14.106
2013-02-20 10:00:00,,-14.108
2013-02-20 11:00:00,,-14.106
2013-02-20 12:00:00,,-14.102
2013-02-20 13:00:00,,-14.097
2013-02-20 14:00:00,,-14.091
2013-02-20 15:00:00,,-14.084
2013-02-20 16:00:00,,-14.082
2013-02-20 17:00:00,,-14.08
2013-02-20 18:00:00,,-14.08
2013-02-20 19:00:00,,-14.082
2013-02-20 20:00:00,,-14.086
2013-02-20 21:00:00,,-14.09
2013-02-20 22:00:00,,-14.095
2013-02-20 23:00:00,,-14.099
2013-02-21 00:00:00,,-14.101
2013-02-21 01:00:00,,-14.1
2013-02-21 02:00:00,,-14.099
2013-02-21 03:00:00,,-14.098
2013-02-21 04:00:00,,-14.096
2013-02-21 05:00:00,,-14.097
2013-02-21 06:00:00,,-14.099
2013-02-21 07:00:00,,-14.103
2013-02-21 08:00:00,,-14.106
2013-02-21 09:00:00,,-14.107
2013-02-21 10:00:00,,-14.107
2013-02-21 11:00:00,,-14.105
2013-02-21 12:00:00,,-14.101
2013-02-21 13:00:00,,-14.094
2013-02-21 14:00:00,,-14.087
2013-02-21 15:00:00,,-14.082
2013-02-21 16:00:00,,-14.077
2013-02-21 17:00:00,,-14.073
2013-02-21 18:00:00,,-14.072
2013-02-21 19:00:00,,-14.075
2013-02-21 20:00:00,,-14.08
2013-02-21 21:00:00,,-14.083
2013-02-21 22:00:00,,-14.086
2013-02-21 23:00:00,,-14.089
2013-02-22 00:00:00,,-14.089
2013-02-22 01:00:00,,-14.087
2013-02-22 02:00:00,,-14.085
2013-02-22 03:00:00,,-14.083
2013-02-22 04:00:00,,-14.083
2013-02-22 05:00:00,,-14.085
2013-02-22 06:00:00,,-14.088
2013-02-22 07:00:00,,-14.093
2013-02-22 08:00:00,,-14.098
2013-02-22 09:00:00,,-14.102
2013-02-22 10:00:00,,-14.105
2013-02-22 11:00:00,,-14.104
2013-02-22 12:00:00,,-14.099
2013-02-22 13:00:00,,-14.093
2013-02-22 14:00:00,,-14.086
2013-02-22 15:00:00,,-14.079
2013-02-22 16:00:00,,-14.075
2013-02-22 17:00:00,,-14.07
2013-02-22 18:00:00,,-14.068
2013-02-22 19:00:00,,-14.069
2013-02-22 20:00:00,,-14.073
2013-02-22 21:00:00,,-14.076
2013-02-22 22:00:00,,-14.079
2013-02-22 23:00:00,,-14.08
2013-02-23 00:00:00,,-14.079
2013-02-23 01:00:00,,-14.078
2013-02-23 02:00:00,,-14.075
2013-02-23 03:00:00,,-14.071
2013-02-23 04:00:00,,-14.069
2013-02-23 05:00:00,,-14.069
2013-02-23 06:00:00,,-14.072
2013-02-23 07:00:00,,-14.077
2013-02-23 08:00:00,,-14.081
2013-02-23 09:00:00,,-14.084
2013-02-23 10:00:00,,-14.087
2013-02-23 11:00:00,,-14.086
2013-02-23 12:00:00,,-14.081
2013-02-23 13:00:00,,-14.075
2013-02-23 14:00:00,,-14.069
2013-02-23 15:00:00,,-14.062
2013-02-23 16:00:00,,-14.057
2013-02-23 17:00:00,,-14.051
2013-02-23 18:00:00,,-14.05
2013-02-23 19:00:00,,-14.049
2013-02-23 20:00:00,,-14.054
2013-02-23 21:00:00,,-14.055
2013-02-23 22:00:00,,-14.058
2013-02-23 23:00:00,,-14.06
2013-02-24 00:00:00,,-14.062
2013-02-24 01:00:00,,-14.063
2013-02-24 02:00:00,,-14.062
2013-02-24 03:00:00,,-14.059
2013-02-24 04:00:00,,-14.058
2013-02-24 05:00:00,,-14.059
2013-02-24 06:00:00,,-14.06
2013-02-24 07:00:00,,-14.065
2013-02-24 08:00:00,,-14.069
2013-02-24 09:00:00,,-14.074
2013-02-24 10:00:00,,-14.076
2013-02-24 11:00:00,,-14.077
2013-02-24 12:00:00,,-14.074
2013-02-24 13:00:00,,-14.068
2013-02-24 14:00:00,,-14.061
2013-02-24 15:00:00,,-14.054
2013-02-24 16:00:00,,-14.048
2013-02-24 17:00:00,,-14.043
2013-02-24 18:00:00,,-14.046
2013-02-24 19:00:00,,-14.048
2013-02-24 20:00:00,,-14.053
2013-02-24 21:00:00,,-14.056
2013-02-24 22:00:00,,-14.063
2013-02-24 23:00:00,,-14.069
2013-02-25 00:00:00,,-14.074
2013-02-25 01:00:00,,-14.073
2013-02-25 02:00:00,,-14.071
2013-02-25 03:00:00,,-14.068
2013-02-25 04:00:00,,-14.067
2013-02-25 05:00:00,,-14.067
2013-02-25 06:00:00,,-14.069
2013-02-25 07:00:00,,-14.074
2013-02-25 08:00:00,,-14.079
2013-02-25 09:00:00,,-14.085
2013-02-25 10:00:00,,-14.087
2013-02-25 11:00:00,,-14.087
2013-02-25 12:00:00,,-14.085
2013-02-25 13:00:00,,-14.081
2013-02-25 14:00:00,,-14.075
2013-02-25 15:00:00,,-14.068
2013-02-25 16:00:00,,-14.062
2013-02-25 17:00:00,,-14.057
2013-02-25 18:00:00,,-14.055
2013-02-25 19:00:00,,-14.057
2013-02-25 20:00:00,,-14.062
2013-02-25 21:00:00,,-14.067
2013-02-25 22:00:00,,-14.071
2013-02-25 23:00:00,,-14.075
2013-02-26 00:00:00,,-14.076
2013-02-26 01:00:00,,-14.077
2013-02-26 02:00:00,,-14.074
2013-02-26 03:00:00,,-14.071
2013-02-26 04:00:00,,-14.068
2013-02-26 05:00:00,,-14.068
2013-02-26 06:00:00,,-14.069
2013-02-26 07:00:00,,-14.072
2013-02-26 08:00:00,,-14.075
2013-02-26 09:00:00,,-14.078
2013-02-26 10:00:00,,-14.081
2013-02-26 11:00:00,,-14.084
2013-02-26 12:00:00,,-14.082
2013-02-26 13:00:00,,-14.079
2013-02-26 14:00:00,,-14.073
2013-02-26 15:00:00,,-14.067
2013-02-26 16:00:00,,-14.061
2013-02-26 17:00:00,,-14.054
2013-02-26 18:00:00,,-14.052
2013-02-26 19:00:00,,-14.052
2013-02-26 20:00:00,,-14.059
2013-02-26 21:00:00,,-14.069
2013-02-26 22:00:00,,-14.071
2013-02-26 23:00:00,,-14.078
2013-02-27 00:00:00,,-14.081
2013-02-27 01:00:00,,-14.079
2013-02-27 02:00:00,,-14.076
2013-02-27 03:00:00,,-14.073
2013-02-27 04:00:00,,-14.071
2013-02-27 05:00:00,,-14.066
2013-02-27 06:00:00,,-14.067
2013-02-27 07:00:00,,-14.072
2013-02-27 08:00:00,,-14.077
2013-02-27 09:00:00,,-14.08
2013-02-27 10:00:00,,-14.084
2013-02-27 11:00:00,,-14.086
2013-02-27 12:00:00,,-14.085
2013-02-27 13:00:00,,-14.082
2013-02-27 14:00:00,,-14.077
2013-02-27 15:00:00,,-14.071
2013-02-27 16:00:00,,-14.064
2013-02-27 17:00:00,,-14.06
2013-02-27 18:00:00,,-14.059
2013-02-27 19:00:00,,-14.059
2013-02-27 20:00:00,,-14.065
2013-02-27 21:00:00,,-14.074
2013-02-27 22:00:00,,-14.08
2013-02-27 23:00:00,,-14.084
2013-02-28 00:00:00,,-14.086
2013-02-28 01:00:00,,-14.086
2013-02-28 02:00:00,,-14.084
2013-02-28 03:00:00,,-14.081
2013-02-28 04:00:00,,-14.08
2013-02-28 05:00:00,,-14.08
2013-02-28 06:00:00,,-14.081
2013-02-28 07:00:00,,-14.086
2013-02-28 08:00:00,,-14.093
2013-02-28 09:00:00,,-14.096
2013-02-28 10:00:00,,-14.097
2013-02-28 11:00:00,,-14.1
2013-02-28 12:00:00,,-14.098
2013-02-28 13:00:00,,-14.096
2013-02-28 14:00:00,,-14.093
2013-02-28 15:00:00,,-14.088
2013-02-28 16:00:00,,-14.083
2013-02-28 17:00:00,,-14.08
2013-02-28 18:00:00,,-14.078
2013-02-28 19:00:00,,-14.078
2013-02-28 20:00:00,,-14.082
2013-02-28 21:00:00,,-14.087
2013-02-28 22:00:00,,-14.091
2013-02-28 23:00:00,,-14.095
2013-03-01 00:00:00,,-14.1
2013-03-01 01:00:00,,-14.101
2013-03-01 02:00:00,,-14.099
2013-03-01 03:00:00,,-14.098
2013-03-01 04:00:00,,-14.096
2013-03-01 05:00:00,,-14.094
2013-03-01 06:00:00,,-14.095
2013-03-01 07:00:00,,-14.097
2013-03-01 08:00:00,,-14.1
2013-03-01 09:00:00,,-14.103
2013-03-01 10:00:00,,-14.105
2013-03-01 11:00:00,,-14.106
2013-03-01 12:00:00,,-14.107
2013-03-01 13:00:00,,-14.104
2013-03-01 14:00:00,,-14.1
2013-03-01 15:00:00,,-14.095
2013-03-01 16:00:00,,-14.091
2013-03-01 17:00:00,,-14.086
2013-03-01 18:00:00,,-14.083
2013-03-01 19:00:00,,-14.084
2013-03-01 20:00:00,,-14.084
2013-03-01 21:00:00,,-14.087
2013-03-01 22:00:00,,-14.091
2013-03-01 23:00:00,,-14.097
2013-03-02 00:00:00,,-14.099
2013-03-02 01:00:00,,-14.099
2013-03-02 02:00:00,,-14.099
2013-03-02 03:00:00,,-14.098
2013-03-02 04:00:00,,-14.097
2013-03-02 05:00:00,,-14.097
2013-03-02 06:00:00,,-14.097
2013-03-02 07:00:00,,-14.099
2013-03-02 08:00:00,,-14.1
2013-03-02 09:00:00,,-14.103
2013-03-02 10:00:00,,-14.105
2013-03-02 11:00:00,,-14.105
2013-03-02 12:00:00,,-14.104
2013-03-02 13:00:00,,-14.1
2013-03-02 14:00:00,,-14.093
2013-03-02 15:00:00,,-14.088
2013-03-02 16:00:00,,-14.081
2013-03-02 17:00:00,,-14.075
2013-03-02 18:00:00,,-14.073
2013-03-02 19:00:00,,-14.07
2013-03-02 20:00:00,,-14.071
2013-03-02 21:00:00,,-14.073
2013-03-02 22:00:00,,-14.076
2013-03-02 23:00:00,,-14.079
2013-03-03 00:00:00,,-14.082
2013-03-03 01:00:00,,-14.084
2013-03-03 02:00:00,,-14.084
2013-03-03 03:00:00,,-14.083
2013-03-03 04:00:00,,-14.081
2013-03-03 05:00:00,,-14.08
2013-03-03 06:00:00,,-14.08
2013-03-03 07:00:00,,-14.08
2013-03-03 08:00:00,,-14.08
2013-03-03 09:00:00,,-14.081
2013-03-03 10:00:00,,-14.081
2013-03-03 11:00:00,,-14.08
2013-03-03 12:00:00,,-14.079
2013-03-03 13:00:00,,-14.076
2013-03-03 14:00:00,,-14.069
2013-03-03 15:00:00,,-14.063
2013-03-03 16:00:00,,-14.059
2013-03-03 17:00:00,,-14.054
2013-03-03 18:00:00,,-14.052
2013-03-03 19:00:00,,-14.052
2013-03-03 20:00:00,,-14.054
2013-03-03 21:00:00,,-14.056
2013-03-03 22:00:00,,-14.061
2013-03-03 23:00:00,,-14.065
2013-03-04 00:00:00,,-14.068
2013-03-04 01:00:00,,-14.069
2013-03-04 02:00:00,,-14.071
2013-03-04 03:00:00,,-14.072
2013-03-04 04:00:00,,-14.073
2013-03-04 05:00:00,,-14.074
2013-03-04 06:00:00,,-14.074
2013-03-04 07:00:00,,-14.076
2013-03-04 08:00:00,,-14.079
2013-03-04 09:00:00,,-14.08
2013-03-04 10:00:00,,-14.08
2013-03-04 11:00:00,,-14.079
2013-03-04 12:00:00,,-14.076
2013-03-04 13:00:00,,-14.072
2013-03-04 14:00:00,,-14.069
2013-03-04 15:00:00,,-14.065
2013-03-04 16:00:00,,-14.062
2013-03-04 17:00:00,,-14.06
2013-03-04 18:00:00,,-14.059
2013-03-04 19:00:00,,-14.061
2013-03-04 20:00:00,,-14.062
2013-03-04 21:00:00,,-14.066
2013-03-04 22:00:00,,-14.07
2013-03-04 23:00:00,,-14.074
2013-03-05 00:00:00,,-14.075
2013-03-05 01:00:00,,-14.077
2013-03-05 02:00:00,,-14.076
2013-03-05 03:00:00,,-14.076
2013-03-05 04:00:00,,-14.077
2013-03-05 05:00:00,,-14.079
2013-03-05 06:00:00,,-14.082
2013-03-05 07:00:00,,-14.085
2013-03-05 08:00:00,,-14.088
2013-03-05 09:00:00,,-14.088
2013-03-05 10:00:00,,-14.089
2013-03-05 11:00:00,,-14.087
2013-03-05 12:00:00,,-14.086
2013-03-05 13:00:00,,-14.082
2013-03-05 14:00:00,,-14.077
2013-03-05 15:00:00,,-14.073
2013-03-05 16:00:00,,-14.07
2013-03-05 17:00:00,,-14.069
2013-03-05 18:00:00,,-14.069
2013-03-05 19:00:00,,-14.071
2013-03-05 20:00:00,,-14.075
2013-03-05 21:00:00,,-14.079
2013-03-05 22:00:00,,-14.082
2013-03-05 23:00:00,,-14.086
2013-03-06 00:00:00,,-14.087
2013-03-06 01:00:00,,-14.086
2013-03-06 02:00:00,,-14.087
2013-03-06 03:00:00,,-14.088
2013-03-06 04:00:00,,-14.088
2013-03-06 05:00:00,,-14.09
2013-03-06 06:00:00,,-14.093
2013-03-06 07:00:00,,-14.095
2013-03-06 08:00:00,,-14.097
2013-03-06 09:00:00,,-14.099
2013-03-06 10:00:00,,-14.099
2013-03-06 11:00:00,,-14.097
2013-03-06 12:00:00,,-14.092
2013-03-06 13:00:00,,-14.086
2013-03-06 14:00:00,,-14.081
2013-03-06 15:00:00,,-14.075
2013-03-06 16:00:00,,-14.073
2013-03-06 17:00:00,,-14.07
2013-03-06 18:00:00,,-14.069
2013-03-06 19:00:00,,-14.071
2013-03-06 20:00:00,,-14.075
2013-03-06 21:00:00,,-14.079
2013-03-06 22:00:00,,-14.084
2013-03-06 23:00:00,,-14.087
2013-03-07 00:00:00,,-14.089
2013-03-07 01:00:00,,-14.09
2013-03-07 02:00:00,,-14.089
2013-03-07 03:00:00,,-14.089
2013-03-07 04:00:00,,-14.089
2013-03-07 05:00:00,,-14.091
2013-03-07 06:00:00,,-14.093
2013-03-07 07:00:00,,-14.097
2013-03-07 08:00:00,,-14.1
2013-03-07 09:00:00,,-14.102
2013-03-07 10:00:00,,-14.101
2013-03-07 11:00:00,,-14.099
2013-03-07 12:00:00,,-14.094
2013-03-07 13:00:00,,-14.089
2013-03-07 14:00:00,,-14.081
2013-03-07 15:00:00,,-14.076
2013-03-07 16:00:00,,-14.072
2013-03-07 17:00:00,,-14.07
2013-03-07 18:00:00,,-14.071
2013-03-07 19:00:00,,-14.074
2013-03-07 20:00:00,,-14.079
2013-03-07 21:00:00,,-14.085
2013-03-07 22:00:00,,-14.089
2013-03-07 23:00:00,,-14.091
2013-03-08 00:00:00,,-14.092
2013-03-08 01:00:00,,-14.093
2013-03-08 02:00:00,,-14.091
2013-03-08 03:00:00,,-14.09
2013-03-08 04:00:00,,-14.091
2013-03-08 05:00:00,,-14.093
2013-03-08 06:00:00,,-14.097
2013-03-08 07:00:00,,-14.1
2013-03-08 08:00:00,,-14.105
2013-03-08 09:00:00,,-14.109
2013-03-08 10:00:00,,-14.108
2013-03-08 11:00:00,,-14.108
2013-03-08 12:00:00,,-14.104
2013-03-08 13:00:00,,-14.097
2013-03-08 14:00:00,,-14.09
2013-03-08 15:00:00,,-14.084
2013-03-08 16:00:00,,-14.08
2013-03-08 17:00:00,,-14.077
2013-03-08 18:00:00,,-14.078
2013-03-08 19:00:00,,-14.079
2013-03-08 20:00:00,,-14.082
2013-03-08 21:00:00,,-14.086
2013-03-08 22:00:00,,-14.091
2013-03-08 23:00:00,,-14.093
2013-03-09 00:00:00,,-14.095
2013-03-09 01:00:00,,-14.093
2013-03-09 02:00:00,,-14.092
2013-03-09 03:00:00,,-14.09
2013-03-09 04:00:00,,-14.089
2013-03-09 05:00:00,,-14.091
2013-03-09 06:00:00,,-14.095
2013-03-09 07:00:00,,-14.102
2013-03-09 08:00:00,,-14.108
2013-03-09 09:00:00,,-14.114
2013-03-09 10:00:00,,-14.117
2013-03-09 11:00:00,,-14.116
2013-03-09 12:00:00,,-14.113
2013-03-09 13:00:00,,-14.107
2013-03-09 14:00:00,,-14.1
2013-03-09 15:00:00,,-14.092
2013-03-09 16:00:00,,-14.091
2013-03-09 17:00:00,,-14.086
2013-03-09 18:00:00,,-14.088
2013-03-09 19:00:00,,-14.093
2013-03-09 20:00:00,,-14.1
2013-03-09 21:00:00,,-14.107
2013-03-09 22:00:00,,-14.113
2013-03-09 23:00:00,,-14.115
2013-03-10 00:00:00,,-14.115
2013-03-10 01:00:00,,-14.113
2013-03-10 02:00:00,,-14.11
2013-03-10 03:00:00,,-14.107
2013-03-10 04:00:00,,-14.106
2013-03-10 05:00:00,,-14.106
2013-03-10 06:00:00,,-14.108
2013-03-10 07:00:00,,-14.113
2013-03-10 08:00:00,,-14.12
2013-03-10 09:00:00,,-14.125
2013-03-10 10:00:00,,-14.128
2013-03-10 11:00:00,,-14.129
2013-03-10 12:00:00,,-14.126
2013-03-10 13:00:00,,-14.121
2013-03-10 14:00:00,,-14.113
2013-03-10 15:00:00,,-14.105
2013-03-10 16:00:00,,-14.1
2013-03-10 17:00:00,,-14.095
2013-03-10 18:00:00,,-14.093
2013-03-10 19:00:00,,-14.094
2013-03-10 20:00:00,,-14.099
2013-03-10 21:00:00,,-14.103
2013-03-10 22:00:00,,-14.11
2013-03-10 23:00:00,,-14.113
2013-03-11 00:00:00,,-14.115
2013-03-11 01:00:00,,-14.114
2013-03-11 02:00:00,,-14.112
2013-03-11 03:00:00,,-14.109
2013-03-11 04:00:00,,-14.108
2013-03-11 05:00:00,,-14.107
2013-03-11 06:00:00,,-14.108
2013-03-11 07:00:00,,-14.111
2013-03-11 08:00:00,,-14.116
2013-03-11 09:00:00,,-14.119
2013-03-11 10:00:00,,-14.123
2013-03-11 11:00:00,,-14.123
2013-03-11 12:00:00,,-14.12
2013-03-11 13:00:00,,-14.117
2013-03-11 14:00:00,,-14.107
2013-03-11 15:00:00,,-14.101
2013-03-11 16:00:00,,-14.095
2013-03-11 17:00:00,,-14.091
2013-03-11 18:00:00,,-14.088
2013-03-11 19:00:00,,-14.089
2013-03-11 20:00:00,,-14.094
2013-03-11 21:00:00,,-14.099
2013-03-11 22:00:00,,-14.103
2013-03-11 23:00:00,,-14.108
2013-03-12 00:00:00,,-14.11
2013-03-12 01:00:00,,-14.11
2013-03-12 02:00:00,,-14.107
2013-03-12 03:00:00,,-14.105
2013-03-12 04:00:00,,-14.103
2013-03-12 05:00:00,,-14.102
2013-03-12 06:00:00,,-14.105
2013-03-12 07:00:00,,-14.107
2013-03-12 08:00:00,,-14.111
2013-03-12 09:00:00,,-14.116
2013-03-12 10:00:00,,-14.119
2013-03-12 11:00:00,,-14.12
2013-03-12 12:00:00,,-14.118
2013-03-12 13:00:00,,-14.114
2013-03-12 14:00:00,,-14.107
2013-03-12 15:00:00,,-14.1
2013-03-12 16:00:00,,-14.093
2013-03-12 17:00:00,,-14.089
2013-03-12 18:00:00,,-14.086
2013-03-12 19:00:00,,-14.086
2013-03-12 20:00:00,,-14.089
2013-03-12 21:00:00,,-14.094
2013-03-12 22:00:00,,-14.1
2013-03-12 23:00:00,,-14.105
2013-03-13 00:00:00,,-14.108
2013-03-13 01:00:00,,-14.108
2013-03-13 02:00:00,,-14.108
2013-03-13 03:00:00,,-14.107
2013-03-13 04:00:00,,-14.106
2013-03-13 05:00:00,,-14.105
2013-03-13 06:00:00,,-14.103
2013-03-13 07:00:00,,-14.104
2013-03-13 08:00:00,,-14.108
2013-03-13 09:00:00,,-14.112
2013-03-13 10:00:00,,-14.117
2013-03-13 11:00:00,,-14.117
2013-03-13 12:00:00,,-14.118
2013-03-13 13:00:00,,-14.115
2013-03-13 14:00:00,,-14.109
2013-03-13 15:00:00,,-14.103
2013-03-13 16:00:00,,-14.097
2013-03-13 17:00:00,,-14.094
2013-03-13 18:00:00,,-14.092
2013-03-13 19:00:00,,-14.094
2013-03-13 20:00:00,,-14.099
2013-03-13 21:00:00,,-14.105
2013-03-13 22:00:00,,-14.111
2013-03-13 23:00:00,,-14.116
2013-03-14 00:00:00,,-14.119
2013-03-14 01:00:00,,-14.121
2013-03-14 02:00:00,,-14.12
2013-03-14 03:00:00,,-14.118
2013-03-14 04:00:00,,-14.117
2013-03-14 05:00:00,,-14.117
2013-03-14 06:00:00,,-14.118
2013-03-14 07:00:00,,-14.119
2013-03-14 08:00:00,,-14.122
2013-03-14 08:57:00,,-14.125
2013-03-14 10:00:00,,-14.124
2013-03-14 11:00:00,,-14.126
2013-03-14 12:00:00,,-14.126
2013-03-14 13:00:00,,-14.122
2013-03-14 14:00:00,,-14.117
2013-03-14 15:00:00,,-14.112
2013-03-14 16:00:00,,-14.108
2013-03-14 17:00:00,,-14.105
2013-03-14 18:00:00,,-14.104
2013-03-14 19:00:00,,-14.103
2013-03-14 20:00:00,,-14.107
2013-03-14 21:00:00,,-14.113
2013-03-14 22:00:00,,-14.121
2013-03-14 23:00:00,,-14.126
2013-03-15 00:00:00,,-14.131
2013-03-15 01:00:00,,-14.134
2013-03-15 02:00:00,,-14.134
2013-03-15 03:00:00,,-14.134
2013-03-15 04:00:00,,-14.133
2013-03-15 05:00:00,,-14.132
2013-03-15 06:00:00,,-14.134
2013-03-15 07:00:00,,-14.135
2013-03-15 08:00:00,,-14.138
2013-03-15 09:00:00,,-14.14
2013-03-15 10:00:00,,-14.143
2013-03-15 11:00:00,,-14.143
2013-03-15 12:00:00,,-14.143
2013-03-15 13:00:00,,-14.138
2013-03-15 14:00:00,,-14.134
2013-03-15 15:00:00,,-14.128
2013-03-15 16:00:00,,-14.124
2013-03-15 17:00:00,,-14.12
2013-03-15 18:00:00,,-14.118
2013-03-15 19:00:00,,-14.118
2013-03-15 20:00:00,,-14.121
2013-03-15 21:00:00,,-14.125
2013-03-15 22:00:00,,-14.13
2013-03-15 23:00:00,,-14.134
2013-03-16 00:00:00,,-14.136
2013-03-16 01:00:00,,-14.139
2013-03-16 02:00:00,,-14.138
2013-03-16 03:00:00,,-14.138
2013-03-16 04:00:00,,-14.138
2013-03-16 05:00:00,,-14.137
2013-03-16 06:00:00,,-14.139
2013-03-16 07:00:00,,-14.142
2013-03-16 08:00:00,,-14.144
2013-03-16 09:00:00,,-14.148
2013-03-16 10:00:00,,-14.15
2013-03-16 11:00:00,,-14.149
2013-03-16 12:00:00,,-14.148
2013-03-16 13:00:00,,-14.143
2013-03-16 14:00:00,,-14.138
2013-03-16 15:00:00,,-14.133
2013-03-16 16:00:00,,-14.129
2013-03-16 17:00:00,,-14.126
2013-03-16 18:00:00,,-14.124
2013-03-16 19:00:00,,-14.124
2013-03-16 20:00:00,,-14.127
2013-03-16 21:00:00,,-14.131
2013-03-16 22:00:00,,-14.136
2013-03-16 23:00:00,,-14.139
2013-03-17 00:00:00,,-14.14
2013-03-17 01:00:00,,-14.141
2013-03-17 02:00:00,,-14.142
2013-03-17 03:00:00,,-14.145
2013-03-17 04:00:00,,-14.146
2013-03-17 05:00:00,,-14.147
2013-03-17 06:00:00,,-14.149
2013-03-17 07:00:00,,-14.151
2013-03-17 08:00:00,,-14.153
2013-03-17 09:00:00,,-14.155
2013-03-17 10:00:00,,-14.156
2013-03-17 11:00:00,,-14.154
2013-03-17 12:00:00,,-14.153
2013-03-17 13:00:00,,-14.149
2013-03-17 14:00:00,,-14.144
2013-03-17 15:00:00,,-14.139
2013-03-17 16:00:00,,-14.136
2013-03-17 17:00:00,,-14.133
2013-03-17 18:00:00,,-14.13
2013-03-17 19:00:00,,-14.131
2013-03-17 20:00:00,,-14.134
2013-03-17 21:00:00,,-14.138
2013-03-17 22:00:00,,-14.141
2013-03-17 23:00:00,,-14.143
2013-03-18 00:00:00,,-14.145
2013-03-18 01:00:00,,-14.144
2013-03-18 02:00:00,,-14.143
2013-03-18 03:00:00,,-14.143
2013-03-18 04:00:00,,-14.144
2013-03-18 05:00:00,,-14.145
2013-03-18 06:00:00,,-14.146
2013-03-18 07:00:00,,-14.148
2013-03-18 08:00:00,,-14.152
2013-03-18 09:00:00,,-14.152
2013-03-18 10:00:00,,-14.152
2013-03-18 11:00:00,,-14.152
2013-03-18 12:00:00,,-14.148
2013-03-18 13:00:00,,-14.143
2013-03-18 14:00:00,,-14.138
2013-03-18 15:00:00,,-14.134
2013-03-18 16:00:00,,-14.129
2013-03-18 17:00:00,,-14.127
2013-03-18 18:00:00,,-14.126
2013-03-18 19:00:00,,-14.128
2013-03-18 20:00:00,,-14.129
2013-03-18 21:00:00,,-14.133
2013-03-18 22:00:00,,-14.136
2013-03-18 23:00:00,,-14.14
2013-03-19 00:00:00,,-14.142
2013-03-19 01:00:00,,-14.142
2013-03-19 02:00:00,,-14.142
2013-03-19 03:00:00,,-14.142
2013-03-19 04:00:00,,-14.143
2013-03-19 05:00:00,,-14.143
2013-03-19 06:00:00,,-14.144
2013-03-19 07:00:00,,-14.146
2013-03-19 08:00:00,,-14.15
2013-03-19 09:00:00,,-14.151
2013-03-19 10:00:00,,-14.151
2013-03-19 11:00:00,,-14.15
2013-03-19 12:00:00,,-14.148
2013-03-19 13:00:00,,-14.142
2013-03-19 14:00:00,,-14.136
2013-03-19 15:00:00,,-14.132
2013-03-19 16:00:00,,-14.127
2013-03-19 17:00:00,,-14.126
2013-03-19 18:00:00,,-14.127
2013-03-19 19:00:00,,-14.128
2013-03-19 20:00:00,,-14.132
2013-03-19 21:00:00,,-14.137
2013-03-19 22:00:00,,-14.14
2013-03-19 23:00:00,,-14.142
2013-03-20 00:00:00,,-14.143
2013-03-20 01:00:00,,-14.143
2013-03-20 02:00:00,,-14.143
2013-03-20 03:00:00,,-14.143
2013-03-20 04:00:00,,-14.141
2013-03-20 05:00:00,,-14.141
2013-03-20 06:00:00,,-14.142
2013-03-20 07:00:00,,-14.145
2013-03-20 08:00:00,,-14.146
2013-03-20 09:00:00,,-14.149
2013-03-20 10:00:00,,-14.149
2013-03-20 11:00:00,,-14.146
2013-03-20 12:00:00,,-14.143
2013-03-20 13:00:00,,-14.135
2013-03-20 14:00:00,,-14.129
2013-03-20 15:00:00,,-14.123
2013-03-20 16:00:00,,-14.119
2013-03-20 17:00:00,,-14.114
2013-03-20 18:00:00,,-14.113
2013-03-20 19:00:00,,-14.114
2013-03-20 20:00:00,,-14.116
2013-03-20 21:00:00,,-14.119
2013-03-20 22:00:00,,-14.122
2013-03-20 23:00:00,,-14.123
2013-03-21 00:00:00,,-14.122
2013-03-21 01:00:00,,-14.12
2013-03-21 02:00:00,,-14.118
2013-03-21 03:00:00,,-14.117
2013-03-21 04:00:00,,-14.116
2013-03-21 05:00:00,,-14.117
2013-03-21 06:00:00,,-14.118
2013-03-21 07:00:00,,-14.12
2013-03-21 08:00:00,,-14.122
2013-03-21 09:00:00,,-14.125
2013-03-21 10:00:00,,-14.125
2013-03-21 11:00:00,,-14.123
2013-03-21 12:00:00,,-14.119
2013-03-21 13:00:00,,-14.113
2013-03-21 14:00:00,,-14.106
2013-03-21 15:00:00,,-14.102
2013-03-21 16:00:00,,-14.097
2013-03-21 17:00:00,,-14.096
2013-03-21 18:00:00,,-14.095
2013-03-21 19:00:00,,-14.097
2013-03-21 20:00:00,,-14.099
2013-03-21 21:00:00,,-14.102
2013-03-21 22:00:00,,-14.104
2013-03-21 23:00:00,,-14.104
2013-03-22 00:00:00,,-14.104
2013-03-22 01:00:00,,-14.104
2013-03-22 02:00:00,,-14.103
2013-03-22 03:00:00,,-14.103
2013-03-22 04:00:00,,-14.105
2013-03-22 05:00:00,,-14.106
2013-03-22 06:00:00,,-14.111
2013-03-22 07:00:00,,-14.116
2013-03-22 08:00:00,,-14.12
2013-03-22 09:00:00,,-14.122
2013-03-22 10:00:00,,-14.125
2013-03-22 11:00:00,,-14.125
2013-03-22 12:00:00,,-14.122
2013-03-22 13:00:00,,-14.116
2013-03-22 14:00:00,,-14.111
2013-03-22 15:00:00,,-14.106
2013-03-22 16:00:00,,-14.103
2013-03-22 17:00:00,,-14.102
2013-03-22 18:00:00,,-14.103
2013-03-22 19:00:00,,-14.107
2013-03-22 20:00:00,,-14.111
2013-03-22 21:00:00,,-14.114
2013-03-22 22:00:00,,-14.118
2013-03-22 23:00:00,,-14.122
2013-03-23 00:00:00,,-14.122
2013-03-23 01:00:00,,-14.121
2013-03-23 02:00:00,,-14.121
2013-03-23 03:00:00,,-14.12
2013-03-23 04:00:00,,-14.122
2013-03-23 05:00:00,,-14.125
2013-03-23 06:00:00,,-14.129
2013-03-23 07:00:00,,-14.135
2013-03-23 08:00:00,,-14.139
2013-03-23 09:00:00,,-14.143
2013-03-23 10:00:00,,-14.145
2013-03-23 11:00:00,,-14.144
2013-03-23 12:00:00,,-14.14
2013-03-23 13:00:00,,-14.133
2013-03-23 14:00:00,,-14.126
2013-03-23 15:00:00,,-14.119
2013-03-23 16:00:00,,-14.116
2013-03-23 17:00:00,,-14.113
2013-03-23 18:00:00,,-14.113
2013-03-23 19:00:00,,-14.116
2013-03-23 20:00:00,,-14.121
2013-03-23 21:00:00,,-14.126
2013-03-23 22:00:00,,-14.131
2013-03-23 23:00:00,,-14.133
2013-03-24 00:00:00,,-14.135
2013-03-24 01:00:00,,-14.136
2013-03-24 02:00:00,,-14.134
2013-03-24 03:00:00,,-14.133
2013-03-24 04:00:00,,-14.132
2013-03-24 05:00:00,,-14.132
2013-03-24 06:00:00,,-14.135
2013-03-24 07:00:00,,-14.139
2013-03-24 08:00:00,,-14.144
2013-03-24 09:00:00,,-14.15
2013-03-24 10:00:00,,-14.154
2013-03-24 11:00:00,,-14.154
2013-03-24 12:00:00,,-14.15
2013-03-24 13:00:00,,-14.142
2013-03-24 14:00:00,,-14.133
2013-03-24 15:00:00,,-14.124
2013-03-24 16:00:00,,-14.116
2013-03-24 17:00:00,,-14.112
2013-03-24 18:00:00,,-14.11
2013-03-24 19:00:00,,-14.117
2013-03-24 20:00:00,,-14.123
2013-03-24 21:00:00,,-14.129
2013-03-24 22:00:00,,-14.133
2013-03-24 23:00:00,,-14.132
2013-03-25 00:00:00,,-14.132
2013-03-25 01:00:00,,-14.128
2013-03-25 02:00:00,,-14.124
2013-03-25 03:00:00,,-14.121
2013-03-25 04:00:00,,-14.12
2013-03-25 05:00:00,,-14.121
2013-03-25 06:00:00,,-14.122
2013-03-25 07:00:00,,-14.127
2013-03-25 08:00:00,,-14.129
2013-03-25 09:00:00,,-14.134
2013-03-25 10:00:00,,-14.135
2013-03-25 11:00:00,,-14.134
2013-03-25 12:00:00,,-14.13
2013-03-25 13:00:00,,-14.124
2013-03-25 14:00:00,,-14.115
2013-03-25 15:00:00,,-14.106
2013-03-25 16:00:00,,-14.1
2013-03-25 17:00:00,,-14.097
2013-03-25 18:00:00,,-14.097
2013-03-25 19:00:00,,-14.1
2013-03-25 20:00:00,,-14.106
2013-03-25 21:00:00,,-14.113
2013-03-25 22:00:00,,-14.119
2013-03-25 23:00:00,,-14.12
2013-03-26 00:00:00,,-14.119
2013-03-26 01:00:00,,-14.116
2013-03-26 02:00:00,,-14.113
2013-03-26 03:00:00,,-14.109
2013-03-26 04:00:00,,-14.107
2013-03-26 05:00:00,,-14.105
2013-03-26 06:00:00,,-14.106
2013-03-26 07:00:00,,-14.109
2013-03-26 08:00:00,,-14.112
2013-03-26 09:00:00,,-14.115
2013-03-26 10:00:00,,-14.118
2013-03-26 11:00:00,,-14.117
2013-03-26 12:00:00,,-14.113
2013-03-26 13:00:00,,-14.106
2013-03-26 14:00:00,,-14.099
2013-03-26 15:00:00,,-14.092
2013-03-26 16:00:00,,-14.085
2013-03-26 17:00:00,,-14.084
2013-03-26 18:00:00,,-14.081
2013-03-26 19:00:00,,-14.084
2013-03-26 20:00:00,,-14.09
2013-03-26 21:00:00,,-14.094
2013-03-26 22:00:00,,-14.099
2013-03-26 23:00:00,,-14.102
2013-03-27 00:00:00,,-14.104
2013-03-27 01:00:00,,-14.102
2013-03-27 02:00:00,,-14.101
2013-03-27 03:00:00,,-14.098
2013-03-27 04:00:00,,-14.096
2013-03-27 05:00:00,,-14.095
2013-03-27 06:00:00,,-14.098
2013-03-27 07:00:00,,-14.102
2013-03-27 08:00:00,,-14.108
2013-03-27 09:00:00,,-14.113
2013-03-27 10:00:00,,-14.117
2013-03-27 11:00:00,,-14.118
2013-03-27 12:00:00,,-14.115
2013-03-27 13:00:00,,-14.109
2013-03-27 14:00:00,,-14.102
2013-03-27 15:00:00,,-14.095
2013-03-27 16:00:00,,-14.09
2013-03-27 17:00:00,,-14.087
2013-03-27 18:00:00,,-14.086
2013-03-27 19:00:00,,-14.088
2013-03-27 20:00:00,,-14.093
2013-03-27 21:00:00,,-14.099
2013-03-27 22:00:00,,-14.104
2013-03-27 23:00:00,,-14.109
2013-03-28 00:00:00,,-14.11
2013-03-28 01:00:00,,-14.111
2013-03-28 02:00:00,,-14.113
2013-03-28 03:00:00,,-14.115
2013-03-28 04:00:00,,-14.116
2013-03-28 05:00:00,,-14.117
2013-03-28 06:00:00,,-14.12
2013-03-28 07:00:00,,-14.124
2013-03-28 08:00:00,,-14.13
2013-03-28 09:00:00,,-14.136
2013-03-28 10:00:00,,-14.142
2013-03-28 11:00:00,,-14.144
2013-03-28 12:00:00,,-14.144
2013-03-28 13:00:00,,-14.141
2013-03-28 14:00:00,,-14.138
2013-03-28 15:00:00,,-14.134
2013-03-28 16:00:00,,-14.131
2013-03-28 17:00:00,,-14.128
2013-03-28 18:00:00,,-14.127
2013-03-28 19:00:00,,-14.131
2013-03-28 20:00:00,,-14.134
2013-03-28 21:00:00,,-14.139
2013-03-28 22:00:00,,-14.144
2013-03-28 23:00:00,,-14.147
2013-03-29 00:00:00,,-14.15
2013-03-29 01:00:00,,-14.149
2013-03-29 02:00:00,,-14.146
2013-03-29 03:00:00,,-14.143
2013-03-29 04:00:00,,-14.138
2013-03-29 05:00:00,,-14.135
2013-03-29 06:00:00,,-14.132
2013-03-29 07:00:00,,-14.132
2013-03-29 08:00:00,,-14.134
2013-03-29 09:00:00,,-14.137
2013-03-29 10:00:00,,-14.141
2013-03-29 11:00:00,,-14.141
2013-03-29 12:00:00,,-14.139
2013-03-29 13:00:00,,-14.135
2013-03-29 14:00:00,,-14.129
2013-03-29 15:00:00,,-14.123
2013-03-29 16:00:00,,-14.118
2013-03-29 17:00:00,,-14.116
2013-03-29 18:00:00,,-14.114
2013-03-29 19:00:00,,-14.114
2013-03-29 20:00:00,,-14.119
2013-03-29 21:00:00,,-14.122
2013-03-29 22:00:00,,-14.126
2013-03-29 23:00:00,,-14.128
2013-03-30 00:00:00,,-14.128
2013-03-30 01:00:00,,-14.127
2013-03-30 02:00:00,,-14.124
2013-03-30 03:00:00,,-14.119
2013-03-30 04:00:00,,-14.115
2013-03-30 05:00:00,,-14.112
2013-03-30 06:00:00,,-14.111
2013-03-30 07:00:00,,-14.112
2013-03-30 08:00:00,,-14.114
2013-03-30 09:00:00,,-14.118
2013-03-30 10:00:00,,-14.12
2013-03-30 11:00:00,,-14.12
2013-03-30 12:00:00,,-14.118
2013-03-30 13:00:00,,-14.114
2013-03-30 14:00:00,,-14.109
2013-03-30 15:00:00,,-14.104
2013-03-30 16:00:00,,-14.101
2013-03-30 17:00:00,,-14.099
2013-03-30 18:00:00,,-14.099
2013-03-30 19:00:00,,-14.1
2013-03-30 20:00:00,,-14.104
2013-03-30 21:00:00,,-14.109
2013-03-30 22:00:00,,-14.114
2013-03-30 23:00:00,,-14.118
2013-03-31 00:00:00,,-14.121
2013-03-31 01:00:00,,-14.126
2013-03-31 02:00:00,,-14.128
2013-03-31 03:00:00,,-14.128
2013-03-31 04:00:00,,-14.128
2013-03-31 05:00:00,,-14.127
2013-03-31 06:00:00,,-14.129
2013-03-31 07:00:00,,-14.131
2013-03-31 08:00:00,,-14.135
2013-03-31 09:00:00,,-14.14
2013-03-31 10:00:00,,-14.143
2013-03-31 11:00:00,,-14.144
2013-03-31 12:00:00,,-14.143
2013-03-31 13:00:00,,-14.139
2013-03-31 14:00:00,,-14.136
2013-03-31 15:00:00,,-14.133
2013-03-31 16:00:00,,-14.131
2013-03-31 17:00:00,,-14.131
2013-03-31 18:00:00,,-14.132
2013-03-31 19:00:00,,-14.134
2013-03-31 20:00:00,,-14.137
2013-03-31 21:00:00,,-14.141
2013-03-31 22:00:00,,-14.145
2013-03-31 23:00:00,,-14.148
2013-04-01 00:00:00,,-14.15
2013-04-01 01:00:00,,-14.151
2013-04-01 02:00:00,,-14.152
2013-04-01 03:00:00,,-14.152
2013-04-01 04:00:00,,-14.151
2013-04-01 05:00:00,,-14.151
2013-04-01 06:00:00,,-14.151
2013-04-01 07:00:00,,-14.152
2013-04-01 08:00:00,,-14.154
2013-04-01 09:00:00,,-14.156
2013-04-01 10:00:00,,-14.157
2013-04-01 11:00:00,,-14.156
2013-04-01 12:00:00,,-14.154
2013-04-01 13:00:00,,-14.151
2013-04-01 14:00:00,,-14.146
2013-04-01 15:00:00,,-14.143
2013-04-01 16:00:00,,-14.139
2013-04-01 17:00:00,,-14.137
2013-04-01 18:00:00,,-14.136
2013-04-01 19:00:00,,-14.137
2013-04-01 20:00:00,,-14.139
2013-04-01 21:00:00,,-14.144
2013-04-01 22:00:00,,-14.148
2013-04-01 23:00:00,,-14.151
2013-04-02 00:00:00,,-14.154
2013-04-02 01:00:00,,-14.155
2013-04-02 02:00:00,,-14.155
2013-04-02 03:00:00,,-14.155
2013-04-02 04:00:00,,-14.155
2013-04-02 05:00:00,,-14.155
2013-04-02 06:00:00,,-14.155
2013-04-02 07:00:00,,-14.156
2013-04-02 08:00:00,,-14.159
2013-04-02 09:00:00,,-14.16
2013-04-02 10:00:00,,-14.159
2013-04-02 11:00:00,,-14.158
2013-04-02 12:00:00,,-14.153
2013-04-02 13:00:00,,-14.148
2013-04-02 14:00:00,,-14.144
2013-04-02 15:00:00,,-14.139
2013-04-02 16:00:00,,-14.136
2013-04-02 17:00:00,,-14.135
2013-04-02 18:00:00,,-14.136
2013-04-02 19:00:00,,-14.137
2013-04-02 20:00:00,,-14.14
2013-04-02 21:00:00,,-14.143
2013-04-02 22:00:00,,-14.146
2013-04-02 23:00:00,,-14.148
2013-04-03 00:00:00,,-14.147
2013-04-03 01:00:00,,-14.148
2013-04-03 02:00:00,,-14.148
2013-04-03 03:00:00,,-14.147
2013-04-03 04:00:00,,-14.149
2013-04-03 05:00:00,,-14.149
2013-04-03 06:00:00,,-14.151
2013-04-03 07:00:00,,-14.153
2013-04-03 08:00:00,,-14.154
2013-04-03 09:00:00,,-14.155
2013-04-03 10:00:00,,-14.154
2013-04-03 11:00:00,,-14.151
2013-04-03 12:00:00,,-14.147
2013-04-03 13:00:00,,-14.141
2013-04-03 14:00:00,,-14.135
2013-04-03 15:00:00,,-14.131
2013-04-03 16:00:00,,-14.129
2013-04-03 17:00:00,,-14.13
2013-04-03 18:00:00,,-14.13
2013-04-03 19:00:00,,-14.132
2013-04-03 20:00:00,,-14.136
2013-04-03 21:00:00,,-14.14
2013-04-03 22:00:00,,-14.143
2013-04-03 23:00:00,,-14.144
2013-04-04 00:00:00,,-14.144
2013-04-04 01:00:00,,-14.143
2013-04-04 02:00:00,,-14.143
2013-04-04 03:00:00,,-14.143
2013-04-04 04:00:00,,-14.144
2013-04-04 05:00:00,,-14.145
2013-04-04 06:00:00,,-14.147
2013-04-04 07:00:00,,-14.149
2013-04-04 08:00:00,,-14.153
2013-04-04 09:00:00,,-14.155
2013-04-04 10:00:00,,-14.155
2013-04-04 11:00:00,,-14.155
2013-04-04 12:00:00,,-14.15
2013-04-04 13:00:00,,-14.144
2013-04-04 14:00:00,,-14.139
2013-04-04 15:00:00,,-14.135
2013-04-04 16:00:00,,-14.132
2013-04-04 17:00:00,,-14.132
2013-04-04 18:00:00,,-14.133
2013-04-04 19:00:00,,-14.137
2013-04-04 20:00:00,,-14.141
2013-04-04 21:00:00,,-14.144
2013-04-04 22:00:00,,-14.146
2013-04-04 23:00:00,,-14.145
2013-04-05 00:00:00,,-14.144
2013-04-05 01:00:00,,-14.141
2013-04-05 02:00:00,,-14.14
2013-04-05 03:00:00,,-14.139
2013-04-05 04:00:00,,-14.14
2013-04-05 05:00:00,,-14.14
2013-04-05 06:00:00,,-14.144
2013-04-05 07:00:00,,-14.148
2013-04-05 08:00:00,,-14.152
2013-04-05 09:00:00,,-14.153
2013-04-05 10:00:00,,-14.157
2013-04-05 11:00:00,,-14.159
2013-04-05 12:00:00,,-14.157
2013-04-05 13:00:00,,-14.153
2013-04-05 14:00:00,,-14.15
2013-04-05 15:00:00,,-14.15
2013-04-05 16:00:00,,-14.149
2013-04-05 17:00:00,,-14.15
2013-04-05 18:00:00,,-14.152
2013-04-05 19:00:00,,-14.154
2013-04-05 20:00:00,,-14.157
2013-04-05 21:00:00,,-14.159
2013-04-05 22:00:00,,-14.162
2013-04-05 23:00:00,,-14.161
2013-04-06 00:00:00,,-14.158
2013-04-06 01:00:00,,-14.155
2013-04-06 02:00:00,,-14.153
2013-04-06 03:00:00,,-14.149
2013-04-06 04:00:00,,-14.149
2013-04-06 05:00:00,,-14.148
2013-04-06 06:00:00,,-14.149
2013-04-06 07:00:00,,-14.153
2013-04-06 08:00:00,,-14.154
2013-04-06 09:00:00,,-14.156
2013-04-06 10:00:00,,-14.155
2013-04-06 11:00:00,,-14.152
2013-04-06 12:00:00,,-14.148
2013-04-06 13:00:00,,-14.141
2013-04-06 14:00:00,,-14.134
2013-04-06 15:00:00,,-14.129
2013-04-06 16:00:00,,-14.126
2013-04-06 17:00:00,,-14.124
2013-04-06 18:00:00,,-14.124
2013-04-06 19:00:00,,-14.129
2013-04-06 20:00:00,,-14.131
2013-04-06 21:00:00,,-14.134
2013-04-06 22:00:00,,-14.137
2013-04-06 23:00:00,,-14.138
2013-04-07 00:00:00,,-14.137
2013-04-07 01:00:00,,-14.135
2013-04-07 02:00:00,,-14.13
2013-04-07 03:00:00,,-14.127
2013-04-07 04:00:00,,-14.126
2013-04-07 05:00:00,,-14.126
2013-04-07 06:00:00,,-14.128
2013-04-07 07:00:00,,-14.132
2013-04-07 08:00:00,,-14.136
2013-04-07 09:00:00,,-14.14
2013-04-07 10:00:00,,-14.141
2013-04-07 11:00:00,,-14.141
2013-04-07 12:00:00,,-14.139
2013-04-07 13:00:00,,-14.132
2013-04-07 14:00:00,,-14.124
2013-04-07 15:00:00,,-14.119
2013-04-07 16:00:00,,-14.116
2013-04-07 17:00:00,,-14.115
2013-04-07 18:00:00,,-14.116
2013-04-07 19:00:00,,-14.121
2013-04-07 20:00:00,,-14.126
2013-04-07 21:00:00,,-14.131
2013-04-07 22:00:00,,-14.136
2013-04-07 23:00:00,,-14.139
2013-04-08 00:00:00,,-14.14
2013-04-08 01:00:00,,-14.137
2013-04-08 02:00:00,,-14.134
2013-04-08 03:00:00,,-14.132
2013-04-08 04:00:00,,-14.132
2013-04-08 05:00:00,,-14.132
2013-04-08 06:00:00,,-14.135
2013-04-08 07:00:00,,-14.139
2013-04-08 08:00:00,,-14.145
2013-04-08 09:00:00,,-14.15
2013-04-08 10:00:00,,-14.153
2013-04-08 11:00:00,,-14.152
2013-04-08 12:00:00,,-14.15
2013-04-08 13:00:00,,-14.143
2013-04-08 14:00:00,,-14.137
2013-04-08 15:00:00,,-14.132
2013-04-08 16:00:00,,-14.128
2013-04-08 17:00:00,,-14.126
2013-04-08 18:00:00,,-14.126
2013-04-08 19:00:00,,-14.13
2013-04-08 20:00:00,,-14.135
2013-04-08 21:00:00,,-14.142
2013-04-08 22:00:00,,-14.148
2013-04-08 23:00:00,,-14.15
2013-04-09 00:00:00,,-14.151
2013-04-09 01:00:00,,-14.149
2013-04-09 02:00:00,,-14.146
2013-04-09 03:00:00,,-14.143
2013-04-09 04:00:00,,-14.141
2013-04-09 05:00:00,,-14.139
2013-04-09 06:00:00,,-14.141
2013-04-09 07:00:00,,-14.143
2013-04-09 08:00:00,,-14.148
2013-04-09 09:00:00,,-14.152
2013-04-09 10:00:00,,-14.155
2013-04-09 11:00:00,,-14.156
2013-04-09 12:00:00,,-14.152
2013-04-09 13:00:00,,-14.145
2013-04-09 14:00:00,,-14.137
2013-04-09 15:00:00,,-14.131
2013-04-09 16:00:00,,-14.128
2013-04-09 17:00:00,,-14.124
2013-04-09 18:00:00,,-14.124
2013-04-09 19:00:00,,-14.128
2013-04-09 20:00:00,,-14.134
2013-04-09 21:00:00,,-14.138
2013-04-09 22:00:00,,-14.143
2013-04-09 23:00:00,,-14.146
2013-04-10 00:00:00,,-14.146
2013-04-10 01:00:00,,-14.146
2013-04-10 02:00:00,,-14.143
2013-04-10 03:00:00,,-14.139
2013-04-10 04:00:00,,-14.137
2013-04-10 05:00:00,,-14.136
2013-04-10 06:00:00,,-14.136
2013-04-10 07:00:00,,-14.138
2013-04-10 08:00:00,,-14.141
2013-04-10 09:00:00,,-14.144
2013-04-10 10:00:00,,-14.147
2013-04-10 11:00:00,,-14.146
2013-04-10 12:00:00,,-14.143
2013-04-10 13:00:00,,-14.137
2013-04-10 14:00:00,,-14.131
2013-04-10 15:00:00,,-14.123
2013-04-10 16:00:00,,-14.118
2013-04-10 17:00:00,,-14.115
2013-04-10 18:00:00,,-14.114
2013-04-10 19:00:00,,-14.118
2013-04-10 20:00:00,,-14.121
2013-04-10 21:00:00,,-14.128
2013-04-10 22:00:00,,-14.132
2013-04-10 23:00:00,,-14.135
2013-04-11 00:00:00,,-14.137
2013-04-11 01:00:00,,-14.136
2013-04-11 02:00:00,,-14.134
2013-04-11 03:00:00,,-14.13
2013-04-11 04:00:00,,-14.129
2013-04-11 05:00:00,,-14.129
2013-04-11 06:00:00,,-14.128
2013-04-11 07:00:00,,-14.13
2013-04-11 08:00:00,,-14.133
2013-04-11 09:00:00,,-14.136
2013-04-11 10:00:00,,-14.137
2013-04-11 11:00:00,,-14.138
2013-04-11 12:00:00,,-14.136
2013-04-11 13:00:00,,-14.132
2013-04-11 14:00:00,,-14.126
2013-04-11 15:00:00,,-14.121
2013-04-11 16:00:00,,-14.114
2013-04-11 17:00:00,,-14.113
2013-04-11 18:00:00,,-14.113
2013-04-11 19:00:00,,-14.115
2013-04-11 20:00:00,,-14.12
2013-04-11 21:00:00,,-14.125
2013-04-11 22:00:00,,-14.13
2013-04-11 23:00:00,,-14.131
2013-04-12 00:00:00,,-14.133
2013-04-12 01:00:00,,-14.135
2013-04-12 02:00:00,,-14.132
2013-04-12 03:00:00,,-14.13
2013-04-12 04:00:00,,-14.127
2013-04-12 05:00:00,,-14.126
2013-04-12 06:00:00,,-14.127
2013-04-12 07:00:00,,-14.13
2013-04-12 08:00:00,,-14.135
2013-04-12 09:00:00,,-14.137
2013-04-12 10:00:00,,-14.138
2013-04-12 11:00:00,,-14.138
2013-04-12 12:00:00,,-14.136
2013-04-12 13:00:00,,-14.133
2013-04-12 14:00:00,,-14.128
2013-04-12 15:00:00,,-14.122
2013-04-12 16:00:00,,-14.117
2013-04-12 17:00:00,,-14.113
2013-04-12 18:00:00,,-14.112
2013-04-12 19:00:00,,-14.114
2013-04-12 20:00:00,,-14.118
2013-04-12 21:00:00,,-14.123
2013-04-12 22:00:00,,-14.128
2013-04-12 23:00:00,,-14.131
2013-04-13 00:00:00,,-14.133
2013-04-13 01:00:00,,-14.133
2013-04-13 02:00:00,,-14.133
2013-04-13 03:00:00,,-14.131
2013-04-13 04:00:00,,-14.13
2013-04-13 05:00:00,,-14.129
2013-04-13 06:00:00,,-14.13
2013-04-13 07:00:00,,-14.131
2013-04-13 08:00:00,,-14.132
2013-04-13 09:00:00,,-14.137
2013-04-13 10:00:00,,-14.138
2013-04-13 11:00:00,,-14.139
2013-04-13 12:00:00,,-14.137
2013-04-13 13:00:00,,-14.132
2013-04-13 14:00:00,,-14.126
2013-04-13 15:00:00,,-14.122
2013-04-13 16:00:00,,-14.116
2013-04-13 17:00:00,,-14.113
2013-04-13 18:00:00,,-14.111
2013-04-13 19:00:00,,-14.113
2013-04-13 20:00:00,,-14.116
2013-04-13 21:00:00,,-14.12
2013-04-13 22:00:00,,-14.125
2013-04-13 23:00:00,,-14.127
2013-04-14 00:00:00,,-14.127
2013-04-14 01:00:00,,-14.127
2013-04-14 02:00:00,,-14.124
2013-04-14 03:00:00,,-14.123
2013-04-14 04:00:00,,-14.121
2013-04-14 05:00:00,,-14.12
2013-04-14 06:00:00,,-14.12
2013-04-14 07:00:00,,-14.122
2013-04-14 08:00:00,,-14.125
2013-04-14 09:00:00,,-14.128
2013-04-14 10:00:00,,-14.128
2013-04-14 11:00:00,,-14.128
2013-04-14 12:00:00,,-14.126
2013-04-14 13:00:00,,-14.121
2013-04-14 14:00:00,,-14.115
2013-04-14 15:00:00,,-14.11
2013-04-14 16:00:00,,-14.105
2013-04-14 17:00:00,,-14.102
2013-04-14 18:00:00,,-14.101
2013-04-14 19:00:00,,-14.1
2013-04-14 20:00:00,,-14.103
2013-04-14 21:00:00,,-14.106
2013-04-14 22:00:00,,-14.109
2013-04-14 23:00:00,,-14.111
2013-04-15 00:00:00,,-14.112
2013-04-15 01:00:00,,-14.111
2013-04-15 02:00:00,,-14.11
2013-04-15 03:00:00,,-14.108
2013-04-15 04:00:00,,-14.106
2013-04-15 05:00:00,,-14.105
2013-04-15 06:00:00,,-14.105
2013-04-15 07:00:00,,-14.105
2013-04-15 08:00:00,,-14.106
2013-04-15 09:00:00,,-14.108
2013-04-15 10:00:00,,-14.109
2013-04-15 11:00:00,,-14.107
2013-04-15 12:00:00,,-14.107
2013-04-15 13:00:00,,-14.101
2013-04-15 14:00:00,,-14.096
2013-04-15 15:00:00,,-14.092
2013-04-15 16:00:00,,-14.09
2013-04-15 17:00:00,,-14.086
2013-04-15 18:00:00,,-14.086
2013-04-15 19:00:00,,-14.086
2013-04-15 20:00:00,,-14.091
2013-04-15 21:00:00,,-14.093
2013-04-15 22:00:00,,-14.099
2013-04-15 23:00:00,,-14.102
2013-04-16 00:00:00,,-14.104
2013-04-16 01:00:00,,-14.105
2013-04-16 02:00:00,,-14.105
2013-04-16 03:00:00,,-14.107
2013-04-16 04:00:00,,-14.109
2013-04-16 05:00:00,,-14.112
2013-04-16 06:00:00,,-14.114
2013-04-16 07:00:00,,-14.117
2013-04-16 08:00:00,,-14.122
2013-04-16 09:00:00,,-14.124
2013-04-16 10:00:00,,-14.125
2013-04-16 11:00:00,,-14.125
2013-04-16 12:00:00,,-14.124
2013-04-16 13:00:00,,-14.118
2013-04-16 14:00:00,,-14.113
2013-04-16 15:00:00,,-14.109
2013-04-16 16:00:00,,-14.106
2013-04-16 17:00:00,,-14.104
2013-04-16 18:00:00,,-14.103
2013-04-16 19:00:00,,-14.105
2013-04-16 20:00:00,,-14.108
2013-04-16 21:00:00,,-14.111
2013-04-16 22:00:00,,-14.111
2013-04-16 23:00:00,,-14.113
2013-04-17 00:00:00,,-14.115
2013-04-17 01:00:00,,-14.117
2013-04-17 02:00:00,,-14.119
2013-04-17 03:00:00,,-14.118
2013-04-17 04:00:00,,-14.121
2013-04-17 05:00:00,,-14.121
2013-04-17 06:00:00,,-14.123
2013-04-17 07:00:00,,-14.125
2013-04-17 08:00:00,,-14.127
2013-04-17 09:00:00,,-14.128
2013-04-17 10:00:00,,-14.129
2013-04-17 11:00:00,,-14.128
2013-04-17 12:00:00,,-14.124
2013-04-17 13:00:00,,-14.119
2013-04-17 14:00:00,,-14.114
2013-04-17 15:00:00,,-14.11
2013-04-17 16:00:00,,-14.106
2013-04-17 17:00:00,,-14.105
2013-04-17 18:00:00,,-14.105
2013-04-17 19:00:00,,-14.107
2013-04-17 20:00:00,,-14.111
2013-04-17 21:00:00,,-14.112
2013-04-17 22:00:00,,-14.115
2013-04-17 23:00:00,,-14.114
2013-04-18 00:00:00,,-14.116
2013-04-18 01:00:00,,-14.116
2013-04-18 02:00:00,,-14.117
2013-04-18 03:00:00,,-14.116
2013-04-18 04:00:00,,-14.118
2013-04-18 05:00:00,,-14.12
2013-04-18 06:00:00,,-14.122
2013-04-18 07:00:00,,-14.126
2013-04-18 08:00:00,,-14.13
2013-04-18 09:00:00,,-14.132
2013-04-18 10:00:00,,-14.133
2013-04-18 11:00:00,,-14.132
2013-04-18 12:00:00,,-14.127
2013-04-18 13:00:00,,-14.123
2013-04-18 14:00:00,,-14.118
2013-04-18 15:00:00,,-14.114
2013-04-18 16:00:00,,-14.113
2013-04-18 17:00:00,,-14.112
2013-04-18 18:00:00,,-14.113
2013-04-18 19:00:00,,-14.115
2013-04-18 20:00:00,,-14.118
2013-04-18 21:00:00,,-14.12
2013-04-18 22:00:00,,-14.123
2013-04-18 23:00:00,,-14.124
2013-04-19 00:00:00,,-14.125
2013-04-19 01:00:00,,-14.126
2013-04-19 02:00:00,,-14.126
2013-04-19 03:00:00,,-14.126
2013-04-19 04:00:00,,-14.128
2013-04-19 05:00:00,,-14.128
2013-04-19 06:00:00,,-14.132
2013-04-19 07:00:00,,-14.136
2013-04-19 08:00:00,,-14.139
2013-04-19 09:00:00,,-14.142
2013-04-19 10:00:00,,-14.144
2013-04-19 11:00:00,,-14.142
2013-04-19 12:00:00,,-14.138
2013-04-19 13:00:00,,-14.133
2013-04-19 14:00:00,,-14.128
2013-04-19 15:00:00,,-14.123
2013-04-19 16:00:00,,-14.121
2013-04-19 17:00:00,,-14.12
2013-04-19 18:00:00,,-14.121
2013-04-19 19:00:00,,-14.124
2013-04-19 20:00:00,,-14.128
2013-04-19 21:00:00,,-14.132
2013-04-19 22:00:00,,-14.134
2013-04-19 23:00:00,,-14.134
2013-04-20 00:00:00,,-14.133
2013-04-20 01:00:00,,-14.132
2013-04-20 02:00:00,,-14.13
2013-04-20 03:00:00,,-14.128
2013-04-20 04:00:00,,-14.129
2013-04-20 05:00:00,,-14.129
2013-04-20 06:00:00,,-14.133
2013-04-20 07:00:00,,-14.137
2013-04-20 08:00:00,,-14.141
2013-04-20 09:00:00,,-14.142
2013-04-20 10:00:00,,-14.143
2013-04-20 11:00:00,,-14.141
2013-04-20 12:00:00,,-14.136
2013-04-20 13:00:00,,-14.129
2013-04-20 14:00:00,,-14.123
2013-04-20 15:00:00,,-14.117
2013-04-20 16:00:00,,-14.114
2013-04-20 17:00:00,,-14.112
2013-04-20 18:00:00,,-14.112
2013-04-20 19:00:00,,-14.114
2013-04-20 20:00:00,,-14.117
2013-04-20 21:00:00,,-14.119
2013-04-20 22:00:00,,-14.12
2013-04-20 23:00:00,,-14.12
2013-04-21 00:00:00,,-14.12
2013-04-21 01:00:00,,-14.119
2013-04-21 02:00:00,,-14.115
2013-04-21 03:00:00,,-14.112
2013-04-21 04:00:00,,-14.11
2013-04-21 05:00:00,,-14.111
2013-04-21 06:00:00,,-14.112
2013-04-21 07:00:00,,-14.114
2013-04-21 08:00:00,,-14.118
2013-04-21 09:00:00,,-14.12
2013-04-21 10:00:00,,-14.12
2013-04-21 11:00:00,,-14.117
2013-04-21 12:00:00,,-14.113
2013-04-21 13:00:00,,-14.106
2013-04-21 14:00:00,,-14.099
2013-04-21 15:00:00,,-14.095
2013-04-21 16:00:00,,-14.091
2013-04-21 17:00:00,,-14.089
2013-04-21 18:00:00,,-14.09
2013-04-21 19:00:00,,-14.093
2013-04-21 20:00:00,,-14.098
2013-04-21 21:00:00,,-14.1
2013-04-21 22:00:00,,-14.101
2013-04-21 23:00:00,,-14.1
2013-04-22 00:00:00,,-14.096
2013-04-22 01:00:00,,-14.093
2013-04-22 02:00:00,,-14.09
2013-04-22 03:00:00,,-14.088
2013-04-22 04:00:00,,-14.087
2013-04-22 05:00:00,,-14.088
2013-04-22 06:00:00,,-14.092
2013-04-22 07:00:00,,-14.097
2013-04-22 08:00:00,,-14.102
2013-04-22 09:00:00,,-14.109
2013-04-22 10:00:00,,-14.111
2013-04-22 11:00:00,,-14.111
2013-04-22 12:00:00,,-14.107
2013-04-22 13:00:00,,-14.101
2013-04-22 14:00:00,,-14.095
2013-04-22 15:00:00,,-14.091
2013-04-22 16:00:00,,-14.093
2013-04-22 17:00:00,,-14.092
2013-04-22 18:00:00,,-14.093
2013-04-22 19:00:00,,-14.098
2013-04-22 20:00:00,,-14.104
2013-04-22 21:00:00,,-14.114
2013-04-22 22:00:00,,-14.121
2013-04-22 23:00:00,,-14.122
2013-04-23 00:00:00,,-14.124
2013-04-23 01:00:00,,-14.123
2013-04-23 02:00:00,,-14.121
2013-04-23 03:00:00,,-14.12
2013-04-23 04:00:00,,-14.121
2013-04-23 05:00:00,,-14.122
2013-04-23 06:00:00,,-14.126
2013-04-23 07:00:00,,-14.132
2013-04-23 08:00:00,,-14.138
2013-04-23 09:00:00,,-14.145
2013-04-23 10:00:00,,-14.148
2013-04-23 11:00:00,,-14.148
2013-04-23 12:00:00,,-14.145
2013-04-23 13:00:00,,-14.14
2013-04-23 14:00:00,,-14.134
2013-04-23 15:00:00,,-14.129
2013-04-23 16:00:00,,-14.127
2013-04-23 17:00:00,,-14.126
2013-04-23 18:00:00,,-14.13
2013-04-23 19:00:00,,-14.134
2013-04-23 20:00:00,,-14.14
2013-04-23 21:00:00,,-14.144
2013-04-23 22:00:00,,-14.15
2013-04-23 23:00:00,,-14.151
2013-04-24 00:00:00,,-14.15
2013-04-24 01:00:00,,-14.149
2013-04-24 02:00:00,,-14.146
2013-04-24 03:00:00,,-14.145
2013-04-24 04:00:00,,-14.146
2013-04-24 05:00:00,,-14.146
2013-04-24 06:00:00,,-14.15
2013-04-24 07:00:00,,-14.155
2013-04-24 08:00:00,,-14.162
2013-04-24 09:00:00,,-14.168
2013-04-24 10:00:00,,-14.171
2013-04-24 11:00:00,,-14.172
2013-04-24 12:00:00,,-14.169
2013-04-24 13:00:00,,-14.162
2013-04-24 14:00:00,,-14.155
2013-04-24 15:00:00,,-14.148
2013-04-24 16:00:00,,-14.143
2013-04-24 17:00:00,,-14.141
2013-04-24 18:00:00,,-14.142
2013-04-24 19:00:00,,-14.145
2013-04-24 20:00:00,,-14.152
2013-04-24 21:00:00,,-14.158
2013-04-24 22:00:00,,-14.162
2013-04-24 23:00:00,,-14.166
2013-04-25 00:00:00,,-14.167
2013-04-25 01:00:00,,-14.165
2013-04-25 02:00:00,,-14.163
2013-04-25 03:00:00,,-14.161
2013-04-25 04:00:00,,-14.16
2013-04-25 05:00:00,,-14.16
2013-04-25 06:00:00,,-14.162
2013-04-25 07:00:00,,-14.166
2013-04-25 08:00:00,,-14.172
2013-04-25 09:00:00,,-14.176
2013-04-25 10:00:00,,-14.179
2013-04-25 11:00:00,,-14.18
2013-04-25 12:00:00,,-14.178
2013-04-25 13:00:00,,-14.174
2013-04-25 14:00:00,,-14.167
2013-04-25 15:00:00,,-14.161
2013-04-25 16:00:00,,-14.157
2013-04-25 17:00:00,,-14.154
2013-04-25 18:00:00,,-14.155
2013-04-25 19:00:00,,-14.16
2013-04-25 20:00:00,,-14.165
2013-04-25 21:00:00,,-14.17
2013-04-25 22:00:00,,-14.176
2013-04-25 23:00:00,,-14.18
2013-04-26 00:00:00,,-14.181
2013-04-26 01:00:00,,-14.181
2013-04-26 02:00:00,,-14.179
2013-04-26 03:00:00,,-14.177
2013-04-26 04:00:00,,-14.174
2013-04-26 05:00:00,,-14.171
2013-04-26 06:00:00,,-14.17
2013-04-26 07:00:00,,-14.173
2013-04-26 08:00:00,,-14.176
2013-04-26 09:00:00,,-14.181
2013-04-26 10:00:00,,-14.184
2013-04-26 11:00:00,,-14.184
2013-04-26 12:00:00,,-14.181
2013-04-26 13:00:00,,-14.175
2013-04-26 14:00:00,,-14.168
2013-04-26 15:00:00,,-14.161
2013-04-26 16:00:00,,-14.156
2013-04-26 17:00:00,,-14.152
2013-04-26 18:00:00,,-14.15
2013-04-26 19:00:00,,-14.152
2013-04-26 20:00:00,,-14.157
2013-04-26 21:00:00,,-14.162
2013-04-26 22:00:00,,-14.165
2013-04-26 23:00:00,,-14.169
2013-04-27 00:00:00,,-14.17
2013-04-27 01:00:00,,-14.169
2013-04-27 02:00:00,,-14.168
2013-04-27 03:00:00,,-14.164
2013-04-27 04:00:00,,-14.158
2013-04-27 05:00:00,,-14.154
2013-04-27 06:00:00,,-14.151
2013-04-27 07:00:00,,-14.152
2013-04-27 08:00:00,,-14.154
2013-04-27 09:00:00,,-14.158
2013-04-27 10:00:00,,-14.16
2013-04-27 11:00:00,,-14.161
2013-04-27 12:00:00,,-14.159
2013-04-27 13:00:00,,-14.154
2013-04-27 14:00:00,,-14.148
2013-04-27 15:00:00,,-14.142
2013-04-27 16:00:00,,-14.136
2013-04-27 17:00:00,,-14.133
2013-04-27 18:00:00,,-14.132
2013-04-27 19:00:00,,-14.134
2013-04-27 20:00:00,,-14.138
2013-04-27 21:00:00,,-14.141
2013-04-27 22:00:00,,-14.145
2013-04-27 23:00:00,,-14.147
2013-04-28 00:00:00,,-14.148
2013-04-28 01:00:00,,-14.15
2013-04-28 02:00:00,,-14.149
2013-04-28 03:00:00,,-14.148
2013-04-28 04:00:00,,-14.146
2013-04-28 05:00:00,,-14.144
2013-04-28 06:00:00,,-14.142
2013-04-28 07:00:00,,-14.143
2013-04-28 08:00:00,,-14.146
2013-04-28 09:00:00,,-14.148
2013-04-28 10:00:00,,-14.15
2013-04-28 11:00:00,,-14.151
2013-04-28 12:00:00,,-14.149
2013-04-28 13:00:00,,-14.144
2013-04-28 14:00:00,,-14.138
2013-04-28 15:00:00,,-14.134
2013-04-28 16:00:00,,-14.129
2013-04-28 17:00:00,,-14.127
2013-04-28 18:00:00,,-14.126
2013-04-28 19:00:00,,-14.127
2013-04-28 20:00:00,,-14.131
2013-04-28 21:00:00,,-14.135
2013-04-28 22:00:00,,-14.138
2013-04-28 23:00:00,,-14.142
2013-04-29 00:00:00,,-14.142
2013-04-29 01:00:00,,-14.143
2013-04-29 02:00:00,,-14.144
2013-04-29 03:00:00,,-14.143
2013-04-29 04:00:00,,-14.141
2013-04-29 05:00:00,,-14.14
2013-04-29 06:00:00,,-14.14
2013-04-29 07:00:00,,-14.143
2013-04-29 08:00:00,,-14.144
2013-04-29 09:00:00,,-14.147
2013-04-29 10:00:00,,-14.149
2013-04-29 11:00:00,,-14.149
2013-04-29 12:00:00,,-14.148
2013-04-29 13:00:00,,-14.144
2013-04-29 14:00:00,,-14.141
2013-04-29 15:00:00,,-14.138
2013-04-29 16:00:00,,-14.135
2013-04-29 17:00:00,,-14.133
2013-04-29 18:00:00,,-14.133
2013-04-29 19:00:00,,-14.134
2013-04-29 20:00:00,,-14.136
2013-04-29 21:00:00,,-14.14
2013-04-29 22:00:00,,-14.143
2013-04-29 23:00:00,,-14.144
2013-04-30 00:00:00,,-14.146
2013-04-30 01:00:00,,-14.146
2013-04-30 02:00:00,,-14.147
2013-04-30 03:00:00,,-14.147
2013-04-30 04:00:00,,-14.147
2013-04-30 05:00:00,,-14.148
2013-04-30 06:00:00,,-14.148
2013-04-30 07:00:00,,-14.149
2013-04-30 08:00:00,,-14.151
2013-04-30 09:00:00,,-14.152
2013-04-30 10:00:00,,-14.154
2013-04-30 11:00:00,,-14.153
2013-04-30 12:00:00,,-14.15
2013-04-30 13:00:00,,-14.146
2013-04-30 14:00:00,,-14.141
2013-04-30 15:00:00,,-14.137
2013-04-30 16:00:00,,-14.134
2013-04-30 17:00:00,,-14.132
2013-04-30 18:00:00,,-14.132
2013-04-30 19:00:00,,-14.133
2013-04-30 20:00:00,,-14.135
2013-04-30 21:00:00,,-14.138
2013-04-30 22:00:00,,-14.141
2013-04-30 23:00:00,,-14.142
2013-05-01 00:00:00,,-14.144
2013-05-01 01:00:00,,-14.145
2013-05-01 02:00:00,,-14.145
2013-05-01 03:00:00,,-14.143
2013-05-01 04:00:00,,-14.142
2013-05-01 05:00:00,,-14.142
2013-05-01 06:00:00,,-14.143
2013-05-01 07:00:00,,-14.145
2013-05-01 08:00:00,,-14.145
2013-05-01 09:00:00,,-14.146
2013-05-01 10:00:00,,-14.146
2013-05-01 11:00:00,,-14.145
2013-05-01 12:00:00,,-14.141
2013-05-01 13:00:00,,-14.137
2013-05-01 14:00:00,,-14.132
2013-05-01 15:00:00,,-14.128
2013-05-01 16:00:00,,-14.126
2013-05-01 17:00:00,,-14.125
2013-05-01 18:00:00,,-14.126
2013-05-01 19:00:00,,-14.128
2013-05-01 20:00:00,,-14.13
2013-05-01 21:00:00,,-14.133
2013-05-01 22:00:00,,-14.137
2013-05-01 23:00:00,,-14.138
2013-05-02 00:00:00,,-14.139
2013-05-02 01:00:00,,-14.139
2013-05-02 02:00:00,,-14.139
2013-05-02 03:00:00,,-14.139
2013-05-02 04:00:00,,-14.139
2013-05-02 05:00:00,,-14.139
2013-05-02 06:00:00,,-14.14
2013-05-02 07:00:00,,-14.141
2013-05-02 08:00:00,,-14.144
2013-05-02 09:00:00,,-14.143
2013-05-02 10:00:00,,-14.144
2013-05-02 11:00:00,,-14.142
2013-05-02 12:00:00,,-14.137
2013-05-02 13:00:00,,-14.131
2013-05-02 14:00:00,,-14.127
2013-05-02 15:00:00,,-14.124
2013-05-02 16:00:00,,-14.124
2013-05-02 17:00:00,,-14.122
2013-05-02 18:00:00,,-14.124
2013-05-02 19:00:00,,-14.127
2013-05-02 20:00:00,,-14.132
2013-05-02 21:00:00,,-14.134
2013-05-02 22:00:00,,-14.135
2013-05-02 23:00:00,,-14.136
2013-05-03 00:00:00,,-14.136
2013-05-03 01:00:00,,-14.136
2013-05-03 02:00:00,,-14.136
2013-05-03 03:00:00,,-14.135
2013-05-03 04:00:00,,-14.135
2013-05-03 05:00:00,,-14.138
2013-05-03 06:00:00,,-14.139
2013-05-03 07:00:00,,-14.144
2013-05-03 08:00:00,,-14.147
2013-05-03 09:00:00,,-14.148
2013-05-03 10:00:00,,-14.149
2013-05-03 11:00:00,,-14.149
2013-05-03 12:00:00,,-14.145
2013-05-03 13:00:00,,-14.139
2013-05-03 14:00:00,,-14.133
2013-05-03 15:00:00,,-14.131
2013-05-03 16:00:00,,-14.127
2013-05-03 17:00:00,,-14.127
2013-05-03 18:00:00,,-14.129
2013-05-03 19:00:00,,-14.132
2013-05-03 20:00:00,,-14.136
2013-05-03 21:00:00,,-14.141
2013-05-03 22:00:00,,-14.142
2013-05-03 23:00:00,,-14.144
2013-05-04 00:00:00,,-14.145
2013-05-04 01:00:00,,-14.144
2013-05-04 02:00:00,,-14.143
2013-05-04 03:00:00,,-14.141
2013-05-04 04:00:00,,-14.143
2013-05-04 05:00:00,,-14.143
2013-05-04 06:00:00,,-14.145
2013-05-04 07:00:00,,-14.148
2013-05-04 08:00:00,,-14.153
2013-05-04 09:00:00,,-14.154
2013-05-04 10:00:00,,-14.156
2013-05-04 11:00:00,,-14.155
2013-05-04 12:00:00,,-14.149
2013-05-04 13:00:00,,-14.142
2013-05-04 14:00:00,,-14.136
2013-05-04 15:00:00,,-14.131
2013-05-04 16:00:00,,-14.129
2013-05-04 17:00:00,,-14.127
2013-05-04 18:00:00,,-14.129
2013-05-04 19:00:00,,-14.133
2013-05-04 20:00:00,,-14.137
2013-05-04 21:00:00,,-14.139
2013-05-04 22:00:00,,-14.141
2013-05-04 23:00:00,,-14.141
2013-05-05 00:00:00,,-14.139
2013-05-05 01:00:00,,-14.136
2013-05-05 02:00:00,,-14.133
2013-05-05 03:00:00,,-14.131
2013-05-05 04:00:00,,-14.13
2013-05-05 05:00:00,,-14.129
2013-05-05 06:00:00,,-14.134
2013-05-05 07:00:00,,-14.137
2013-05-05 08:00:00,,-14.141
2013-05-05 09:00:00,,-14.143
2013-05-05 10:00:00,,-14.143
2013-05-05 11:00:00,,-14.139
2013-05-05 12:00:00,,-14.133
2013-05-05 13:00:00,,-14.127
2013-05-05 14:00:00,,-14.121
2013-05-05 15:00:00,,-14.115
2013-05-05 16:00:00,,-14.112
2013-05-05 17:00:00,,-14.111
2013-05-05 18:00:00,,-14.113
2013-05-05 19:00:00,,-14.116
2013-05-05 20:00:00,,-14.12
2013-05-05 21:00:00,,-14.124
2013-05-05 22:00:00,,-14.126
2013-05-05 23:00:00,,-14.127
2013-05-06 00:00:00,,-14.124
2013-05-06 01:00:00,,-14.122
2013-05-06 02:00:00,,-14.121
2013-05-06 03:00:00,,-14.119
2013-05-06 04:00:00,,-14.118
2013-05-06 05:00:00,,-14.119
2013-05-06 06:00:00,,-14.122
2013-05-06 07:00:00,,-14.125
2013-05-06 08:00:00,,-14.129
2013-05-06 09:00:00,,-14.133
2013-05-06 10:00:00,,-14.133
2013-05-06 11:00:00,,-14.133
2013-05-06 12:00:00,,-14.126
2013-05-06 13:00:00,,-14.12
2013-05-06 14:00:00,,-14.113
2013-05-06 15:00:00,,-14.108
2013-05-06 16:00:00,,-14.106
2013-05-06 17:00:00,,-14.106
2013-05-06 18:00:00,,-14.105
2013-05-06 19:00:00,,-14.108
2013-05-06 20:00:00,,-14.114
2013-05-06 21:00:00,,-14.118
2013-05-06 22:00:00,,-14.12
2013-05-06 23:00:00,,-14.122
2013-05-07 00:00:00,,-14.12
2013-05-07 01:00:00,,-14.118
2013-05-07 02:00:00,,-14.113
2013-05-07 03:00:00,,-14.111
2013-05-07 04:00:00,,-14.111
2013-05-07 05:00:00,,-14.112
2013-05-07 06:00:00,,-14.115
2013-05-07 07:00:00,,-14.12
2013-05-07 08:00:00,,-14.126
2013-05-07 09:00:00,,-14.13
2013-05-07 10:00:00,,-14.133
2013-05-07 11:00:00,,-14.132
2013-05-07 12:00:00,,-14.132
2013-05-07 13:00:00,,-14.127
2013-05-07 14:00:00,,-14.122
2013-05-07 15:00:00,,-14.115
2013-05-07 16:00:00,,-14.113
2013-05-07 17:00:00,,-14.112
2013-05-07 18:00:00,,-14.114
2013-05-07 19:00:00,,-14.118
2013-05-07 20:00:00,,-14.123
2013-05-07 21:00:00,,-14.128
2013-05-07 22:00:00,,-14.131
2013-05-07 23:00:00,,-14.134
2013-05-08 00:00:00,,-14.134
2013-05-08 01:00:00,,-14.133
2013-05-08 02:00:00,,-14.131
2013-05-08 03:00:00,,-14.129
2013-05-08 04:00:00,,-14.128
2013-05-08 05:00:00,,-14.128
2013-05-08 06:00:00,,-14.132
2013-05-08 07:00:00,,-14.135
2013-05-08 08:00:00,,-14.14
2013-05-08 09:00:00,,-14.145
2013-05-08 10:00:00,,-14.149
2013-05-08 11:00:00,,-14.151
2013-05-08 12:00:00,,-14.149
2013-05-08 13:00:00,,-14.141
2013-05-08 14:00:00,,-14.133
2013-05-08 15:00:00,,-14.127
2013-05-08 16:00:00,,-14.124
2013-05-08 17:00:00,,-14.12
2013-05-08 18:00:00,,-14.121
2013-05-08 19:00:00,,-14.123
2013-05-08 20:00:00,,-14.13
2013-05-08 21:00:00,,-14.136
2013-05-08 22:00:00,,-14.14
2013-05-08 23:00:00,,-14.143
2013-05-09 00:00:00,,-14.144
2013-05-09 01:00:00,,-14.142
2013-05-09 02:00:00,,-14.14
2013-05-09 03:00:00,,-14.139
2013-05-09 04:00:00,,-14.136
2013-05-09 05:00:00,,-14.135
2013-05-09 06:00:00,,-14.135
2013-05-09 07:00:00,,-14.138
2013-05-09 08:00:00,,-14.142
2013-05-09 09:00:00,,-14.145
2013-05-09 10:00:00,,-14.147
2013-05-09 11:00:00,,-14.148
2013-05-09 12:00:00,,-14.147
2013-05-09 13:00:00,,-14.14
2013-05-09 14:00:00,,-14.134
2013-05-09 15:00:00,,-14.13
2013-05-09 16:00:00,,-14.128
2013-05-09 17:00:00,,-14.127
2013-05-09 18:00:00,,-14.126
2013-05-09 19:00:00,,-14.129
2013-05-09 20:00:00,,-14.133
2013-05-09 21:00:00,,-14.138
2013-05-09 22:00:00,,-14.141
2013-05-09 23:00:00,,-14.144
2013-05-10 00:00:00,,-14.144
2013-05-10 01:00:00,,-14.142
2013-05-10 02:00:00,,-14.141
2013-05-10 03:00:00,,-14.138
2013-05-10 04:00:00,,-14.136
2013-05-10 05:00:00,,-14.134
2013-05-10 06:00:00,,-14.134
2013-05-10 07:00:00,,-14.137
2013-05-10 08:00:00,,-14.14
2013-05-10 09:00:00,,-14.144
2013-05-10 10:00:00,,-14.149
2013-05-10 11:00:00,,-14.149
2013-05-10 12:00:00,,-14.146
2013-05-10 13:00:00,,-14.142
2013-05-10 14:00:00,,-14.135
2013-05-10 15:00:00,,-14.129
2013-05-10 16:00:00,,-14.124
2013-05-10 17:00:00,,-14.122
2013-05-10 18:00:00,,-14.12
2013-05-10 19:00:00,,-14.122
2013-05-10 20:00:00,,-14.124
2013-05-10 21:00:00,,-14.128
2013-05-10 22:00:00,,-14.13
2013-05-10 23:00:00,,-14.132
2013-05-11 00:00:00,,-14.135
2013-05-11 01:00:00,,-14.135
2013-05-11 02:00:00,,-14.132
2013-05-11 03:00:00,,-14.13
2013-05-11 04:00:00,,-14.129
2013-05-11 05:00:00,,-14.126
2013-05-11 06:00:00,,-14.126
2013-05-11 07:00:00,,-14.128
2013-05-11 08:00:00,,-14.133
2013-05-11 09:00:00,,-14.135
2013-05-11 10:00:00,,-14.138
2013-05-11 11:00:00,,-14.139
2013-05-11 12:00:00,,-14.137
2013-05-11 13:00:00,,-14.131
2013-05-11 14:00:00,,-14.124
2013-05-11 15:00:00,,-14.118
2013-05-11 16:00:00,,-14.114
2013-05-11 17:00:00,,-14.111
2013-05-11 18:00:00,,-14.11
2013-05-11 19:00:00,,-14.111
2013-05-11 20:00:00,,-14.115
2013-05-11 21:00:00,,-14.119
2013-05-11 22:00:00,,-14.122
2013-05-11 23:00:00,,-14.123
2013-05-12 00:00:00,,-14.123
2013-05-12 01:00:00,,-14.123
2013-05-12 02:00:00,,-14.126
2013-05-12 03:00:00,,-14.126
2013-05-12 04:00:00,,-14.125
2013-05-12 05:00:00,,-14.123
2013-05-12 06:00:00,,-14.124
2013-05-12 07:00:00,,-14.129
2013-05-12 08:00:00,,-14.135
2013-05-12 09:00:00,,-14.143
2013-05-12 10:00:00,,-14.148
2013-05-12 11:00:00,,-14.151
2013-05-12 12:00:00,,-14.152
2013-05-12 13:00:00,,-14.152
2013-05-12 14:00:00,,-14.151
2013-05-12 15:00:00,,-14.145
2013-05-12 16:00:00,,-14.143
2013-05-12 17:00:00,,-14.143
2013-05-12 18:00:00,,-14.144
2013-05-12 19:00:00,,-14.144
2013-05-12 20:00:00,,-14.143
2013-05-12 21:00:00,,-14.146
2013-05-12 22:00:00,,-14.15
2013-05-12 23:00:00,,-14.151
2013-05-13 00:00:00,,-14.152
2013-05-13 01:00:00,,-14.149
2013-05-13 02:00:00,,-14.147
2013-05-13 03:00:00,,-14.147
2013-05-13 04:00:00,,-14.143
2013-05-13 05:00:00,,-14.141
2013-05-13 06:00:00,,-14.142
2013-05-13 07:00:00,,-14.143
2013-05-13 08:00:00,,-14.146
2013-05-13 09:00:00,,-14.15
2013-05-13 10:00:00,,-14.154
2013-05-13 11:00:00,,-14.156
2013-05-13 12:00:00,,-14.155
2013-05-13 13:00:00,,-14.154
2013-05-13 14:00:00,,-14.15
2013-05-13 15:00:00,,-14.148
2013-05-13 16:00:00,,-14.146
2013-05-13 17:00:00,,-14.145
2013-05-13 18:00:00,,-14.145
2013-05-13 19:00:00,,-14.146
2013-05-13 20:00:00,,-14.15
2013-05-13 21:00:00,,-14.152
2013-05-13 22:00:00,,-14.155
2013-05-13 23:00:00,,-14.155
2013-05-14 00:00:00,,-14.155
2013-05-14 01:00:00,,-14.154
2013-05-14 02:00:00,,-14.152
2013-05-14 03:00:00,,-14.148
2013-05-14 04:00:00,,-14.146
2013-05-14 05:00:00,,-14.143
2013-05-14 06:00:00,,-14.142
2013-05-14 07:00:00,,-14.14
2013-05-14 08:00:00,,-14.142
2013-05-14 09:00:00,,-14.145
2013-05-14 10:00:00,,-14.147
2013-05-14 11:00:00,,-14.148
2013-05-14 12:00:00,,-14.145
2013-05-14 13:00:00,,-14.141
2013-05-14 14:00:00,,-14.137
2013-05-14 15:00:00,,-14.129
2013-05-14 16:00:00,,-14.126
2013-05-14 17:00:00,,-14.125
2013-05-14 18:00:00,,-14.127
2013-05-14 19:00:00,,-14.127
2013-05-14 20:00:00,,-14.131
2013-05-14 21:00:00,,-14.133
2013-05-14 22:00:00,,-14.137
2013-05-14 23:00:00,,-14.138
2013-05-15 00:00:00,,-14.14
2013-05-15 01:00:00,,-14.139
2013-05-15 02:00:00,,-14.134
2013-05-15 03:00:00,,-14.133
2013-05-15 04:00:00,,-14.133
2013-05-15 05:00:00,,-14.134
2013-05-15 06:00:00,,-14.13
2013-05-15 07:00:00,,-14.128
2013-05-15 08:00:00,,-14.127
2013-05-15 09:00:00,,-14.132
2013-05-15 10:00:00,,-14.136
2013-05-15 11:00:00,,-14.133
2013-05-15 12:00:00,,-14.129
2013-05-15 13:00:00,,-14.128
2013-05-15 14:00:00,,-14.125
2013-05-15 15:00:00,,-14.121
2013-05-15 16:00:00,,-14.121
2013-05-15 17:00:00,,-14.12
2013-05-15 18:00:00,,-14.12
2013-05-15 19:00:00,,-14.123
2013-05-15 20:00:00,,-14.123
2013-05-15 21:00:00,,-14.125
2013-05-15 22:00:00,,-14.127
2013-05-15 23:00:00,,-14.13
2013-05-16 00:00:00,,-14.132
2013-05-16 01:00:00,,-14.134
2013-05-16 02:00:00,,-14.134
2013-05-16 03:00:00,,-14.133
2013-05-16 04:00:00,,-14.132
2013-05-16 05:00:00,,-14.13
2013-05-16 06:00:00,,-14.13
2013-05-16 07:00:00,,-14.132
2013-05-16 08:00:00,,-14.132
2013-05-16 09:00:00,,-14.134
2013-05-16 10:00:00,,-14.135
2013-05-16 11:00:00,,-14.136
2013-05-16 12:00:00,,-14.133
2013-05-16 13:00:00,,-14.129
2013-05-16 14:00:00,,-14.125
2013-05-16 15:00:00,,-14.123
2013-05-16 16:00:00,,-14.123
2013-05-16 17:00:00,,-14.123
2013-05-16 18:00:00,,-14.124
2013-05-16 19:00:00,,-14.125
2013-05-16 20:00:00,,-14.127
2013-05-16 21:00:00,,-14.13
2013-05-16 22:00:00,,-14.132
2013-05-16 23:00:00,,-14.134
2013-05-17 00:00:00,,-14.137
2013-05-17 01:00:00,,-14.136
2013-05-17 02:00:00,,-14.136
2013-05-17 03:00:00,,-14.133
2013-05-17 04:00:00,,-14.134
2013-05-17 05:00:00,,-14.133
2013-05-17 06:00:00,,-14.132
2013-05-17 07:00:00,,-14.135
2013-05-17 08:00:00,,-14.138
2013-05-17 09:00:00,,-14.139
2013-05-17 10:00:00,,-14.14
2013-05-17 11:00:00,,-14.139
2013-05-17 12:00:00,,-14.136
2013-05-17 13:00:00,,-14.133
2013-05-17 14:00:00,,-14.13
2013-05-17 15:00:00,,-14.13
2013-05-17 16:00:00,,-14.131
2013-05-17 17:00:00,,-14.131
2013-05-17 18:00:00,,-14.136
2013-05-17 19:00:00,,-14.138
2013-05-17 20:00:00,,-14.14
2013-05-17 21:00:00,,-14.141
2013-05-17 22:00:00,,-14.141
2013-05-17 23:00:00,,-14.143
2013-05-18 00:00:00,,-14.143
2013-05-18 01:00:00,,-14.142
2013-05-18 02:00:00,,-14.142
2013-05-18 03:00:00,,-14.142
2013-05-18 04:00:00,,-14.141
2013-05-18 05:00:00,,-14.141
2013-05-18 06:00:00,,-14.141
2013-05-18 07:00:00,,-14.143
2013-05-18 08:00:00,,-14.148
2013-05-18 09:00:00,,-14.149
2013-05-18 10:00:00,,-14.151
2013-05-18 11:00:00,,-14.15
2013-05-18 12:00:00,,-14.146
2013-05-18 13:00:00,,-14.141
2013-05-18 14:00:00,,-14.135
2013-05-18 15:00:00,,-14.13
2013-05-18 16:00:00,,-14.129
2013-05-18 17:00:00,,-14.128
2013-05-18 18:00:00,,-14.129
2013-05-18 19:00:00,,-14.132
2013-05-18 20:00:00,,-14.135
2013-05-18 21:00:00,,-14.138
2013-05-18 22:00:00,,-14.14
2013-05-18 23:00:00,,-14.141
2013-05-19 00:00:00,,-14.14
2013-05-19 01:00:00,,-14.14
2013-05-19 02:00:00,,-14.139
2013-05-19 03:00:00,,-14.138
2013-05-19 04:00:00,,-14.139
2013-05-19 05:00:00,,-14.14
2013-05-19 06:00:00,,-14.141
2013-05-19 07:00:00,,-14.144
2013-05-19 08:00:00,,-14.147
2013-05-19 09:00:00,,-14.148
2013-05-19 10:00:00,,-14.147
2013-05-19 11:00:00,,-14.146
2013-05-19 12:00:00,,-14.143
2013-05-19 13:00:00,,-14.136
2013-05-19 14:00:00,,-14.13
2013-05-19 15:00:00,,-14.124
2013-05-19 16:00:00,,-14.121
2013-05-19 17:00:00,,-14.121
2013-05-19 18:00:00,,-14.124
2013-05-19 19:00:00,,-14.125
2013-05-19 20:00:00,,-14.128
2013-05-19 21:00:00,,-14.129
2013-05-19 22:00:00,,-14.131
2013-05-19 23:00:00,,-14.133
2013-05-20 00:00:00,,-14.131
2013-05-20 01:00:00,,-14.129
2013-05-20 02:00:00,,-14.128
2013-05-20 03:00:00,,-14.126
2013-05-20 04:00:00,,-14.124
2013-05-20 05:00:00,,-14.123
2013-05-20 06:00:00,,-14.124
2013-05-20 07:00:00,,-14.127
2013-05-20 08:00:00,,-14.13
2013-05-20 09:00:00,,-14.131
2013-05-20 10:00:00,,-14.13
2013-05-20 11:00:00,,-14.126
2013-05-20 12:00:00,,-14.123
2013-05-20 13:00:00,,-14.116
2013-05-20 14:00:00,,-14.111
2013-05-20 15:00:00,,-14.106
2013-05-20 16:00:00,,-14.104
2013-05-20 17:00:00,,-14.103
2013-05-20 18:00:00,,-14.104
2013-05-20 19:00:00,,-14.108
2013-05-20 20:00:00,,-14.111
2013-05-20 21:00:00,,-14.114
2013-05-20 22:00:00,,-14.114
2013-05-20 23:00:00,,-14.113
2013-05-21 00:00:00,,-14.111
2013-05-21 01:00:00,,-14.106
2013-05-21 02:00:00,,-14.104
2013-05-21 03:00:00,,-14.1
2013-05-21 04:00:00,,-14.099
2013-05-21 05:00:00,,-14.102
2013-05-21 06:00:00,,-14.105
2013-05-21 07:00:00,,-14.108
2013-05-21 08:00:00,,-14.108
2013-05-21 09:00:00,,-14.109
2013-05-21 10:00:00,,-14.106
2013-05-21 11:00:00,,-14.101
2013-05-21 12:00:00,,-14.097
2013-05-21 13:00:00,,-14.088
2013-05-21 14:00:00,,-14.082
2013-05-21 15:00:00,,-14.079
2013-05-21 16:00:00,,-14.078
2013-05-21 17:00:00,,-14.078
2013-05-21 18:00:00,,-14.08
2013-05-21 19:00:00,,-14.085
2013-05-21 20:00:00,,-14.091
2013-05-21 21:00:00,,-14.098
2013-05-21 22:00:00,,-14.1
2013-05-21 23:00:00,,-14.1
2013-05-22 00:00:00,,-14.098
2013-05-22 01:00:00,,-14.097
2013-05-22 02:00:00,,-14.094
2013-05-22 03:00:00,,-14.092
2013-05-22 04:00:00,,-14.093
2013-05-22 05:00:00,,-14.093
2013-05-22 06:00:00,,-14.097
2013-05-22 07:00:00,,-14.101
2013-05-22 08:00:00,,-14.108
2013-05-22 09:00:00,,-14.112
2013-05-22 10:00:00,,-14.117
2013-05-22 11:00:00,,-14.117
2013-05-22 12:00:00,,-14.115
2013-05-22 13:00:00,,-14.112
2013-05-22 14:00:00,,-14.106
2013-05-22 15:00:00,,-14.104
2013-05-22 16:00:00,,-14.105
2013-05-22 17:00:00,,-14.105
2013-05-22 18:00:00,,-14.11
2013-05-22 19:00:00,,-14.116
2013-05-22 20:00:00,,-14.124
2013-05-22 21:00:00,,-14.13
2013-05-22 22:00:00,,-14.135
2013-05-22 23:00:00,,-14.136
2013-05-23 00:00:00,,-14.137
2013-05-23 01:00:00,,-14.135
2013-05-23 02:00:00,,-14.134
2013-05-23 03:00:00,,-14.132
2013-05-23 04:00:00,,-14.132
2013-05-23 05:00:00,,-14.133
2013-05-23 06:00:00,,-14.135
2013-05-23 07:00:00,,-14.142
2013-05-23 08:00:00,,-14.146
2013-05-23 09:00:00,,-14.152
2013-05-23 10:00:00,,-14.156
2013-05-23 11:00:00,,-14.157
2013-05-23 12:00:00,,-14.154
2013-05-23 13:00:00,,-14.151
2013-05-23 14:00:00,,-14.145
2013-05-23 15:00:00,,-14.14
2013-05-23 16:00:00,,-14.136
2013-05-23 17:00:00,,-14.137
2013-05-23 18:00:00,,-14.139
2013-05-23 19:00:00,,-14.145
2013-05-23 20:00:00,,-14.153
2013-05-23 21:00:00,,-14.16
2013-05-23 22:00:00,,-14.166
2013-05-23 23:00:00,,-14.169
2013-05-24 00:00:00,,-14.169
2013-05-24 01:00:00,,-14.168
2013-05-24 02:00:00,,-14.166
2013-05-24 03:00:00,,-14.164
2013-05-24 04:00:00,,-14.162
2013-05-24 05:00:00,,-14.162
2013-05-24 06:00:00,,-14.162
2013-05-24 07:00:00,,-14.166
2013-05-24 08:00:00,,-14.171
2013-05-24 09:00:00,,-14.177
2013-05-24 10:00:00,,-14.181
2013-05-24 11:00:00,,-14.181
2013-05-24 12:00:00,,-14.18
2013-05-24 13:00:00,,-14.174
2013-05-24 14:00:00,,-14.167
2013-05-24 15:00:00,,-14.162
2013-05-24 16:00:00,,-14.159
2013-05-24 17:00:00,,-14.156
2013-05-24 18:00:00,,-14.158
2013-05-24 19:00:00,,-14.162
2013-05-24 20:00:00,,-14.166
2013-05-24 21:00:00,,-14.171
2013-05-24 22:00:00,,-14.176
2013-05-24 23:00:00,,-14.178
2013-05-25 00:00:00,,-14.178
2013-05-25 01:00:00,,-14.175
2013-05-25 02:00:00,,-14.173
2013-05-25 03:00:00,,-14.171
2013-05-25 04:00:00,,-14.168
2013-05-25 05:00:00,,-14.166
2013-05-25 06:00:00,,-14.167
2013-05-25 07:00:00,,-14.168
2013-05-25 08:00:00,,-14.173
2013-05-25 09:00:00,,-14.177
2013-05-25 10:00:00,,-14.182
2013-05-25 11:00:00,,-14.186
2013-05-25 12:00:00,,-14.184
2013-05-25 13:00:00,,-14.179
2013-05-25 14:00:00,,-14.171
2013-05-25 15:00:00,,-14.166
2013-05-25 16:00:00,,-14.162
2013-05-25 17:00:00,,-14.159
2013-05-25 18:00:00,,-14.159
2013-05-25 19:00:00,,-14.161
2013-05-25 20:00:00,,-14.165
2013-05-25 21:00:00,,-14.169
2013-05-25 22:00:00,,-14.173
2013-05-25 23:00:00,,-14.174
2013-05-26 00:00:00,,-14.177
2013-05-26 01:00:00,,-14.176
2013-05-26 02:00:00,,-14.173
2013-05-26 03:00:00,,-14.171
2013-05-26 04:00:00,,-14.168
2013-05-26 05:00:00,,-14.165
2013-05-26 06:00:00,,-14.165
2013-05-26 07:00:00,,-14.165
2013-05-26 08:00:00,,-14.168
2013-05-26 09:00:00,,-14.17
2013-05-26 10:00:00,,-14.173
2013-05-26 11:00:00,,-14.174
2013-05-26 12:00:00,,-14.172
2013-05-26 13:00:00,,-14.166
2013-05-26 14:00:00,,-14.16
2013-05-26 15:00:00,,-14.155
2013-05-26 16:00:00,,-14.151
2013-05-26 17:00:00,,-14.148
2013-05-26 18:00:00,,-14.147
2013-05-26 19:00:00,,-14.149
2013-05-26 20:00:00,,-14.151
2013-05-26 21:00:00,,-14.156
2013-05-26 22:00:00,,-14.159
2013-05-26 23:00:00,,-14.163
2013-05-27 00:00:00,,-14.165
2013-05-27 01:00:00,,-14.164
2013-05-27 02:00:00,,-14.164
2013-05-27 03:00:00,,-14.161
2013-05-27 04:00:00,,-14.156
2013-05-27 05:00:00,,-14.153
2013-05-27 06:00:00,,-14.152
2013-05-27 07:00:00,,-14.152
2013-05-27 08:00:00,,-14.156
2013-05-27 09:00:00,,-14.157
2013-05-27 10:00:00,,-14.16
2013-05-27 11:00:00,,-14.161
2013-05-27 12:00:00,,-14.159
2013-05-27 13:00:00,,-14.155
2013-05-27 14:00:00,,-14.148
2013-05-27 15:00:00,,-14.143
2013-05-27 16:00:00,,-14.14
2013-05-27 17:00:00,,-14.135
2013-05-27 18:00:00,,-14.135
2013-05-27 19:00:00,,-14.135
2013-05-27 20:00:00,,-14.138
2013-05-27 21:00:00,,-14.14
2013-05-27 22:00:00,,-14.144
2013-05-27 23:00:00,,-14.147
2013-05-28 00:00:00,,-14.147
2013-05-28 01:00:00,,-14.148
2013-05-28 02:00:00,,-14.15
2013-05-28 03:00:00,,-14.148
2013-05-28 04:00:00,,-14.145
2013-05-28 05:00:00,,-14.142
2013-05-28 06:00:00,,-14.14
2013-05-28 07:00:00,,-14.139
2013-05-28 08:00:00,,-14.14
2013-05-28 09:00:00,,-14.143
2013-05-28 10:00:00,,-14.146
2013-05-28 11:00:00,,-14.144
2013-05-28 12:00:00,,-14.143
2013-05-28 13:00:00,,-14.14
2013-05-28 14:00:00,,-14.136
2013-05-28 15:00:00,,-14.132
2013-05-28 16:00:00,,-14.13
2013-05-28 17:00:00,,-14.127
2013-05-28 18:00:00,,-14.126
2013-05-28 19:00:00,,-14.127
2013-05-28 20:00:00,,-14.13
2013-05-28 21:00:00,,-14.131
2013-05-28 22:00:00,,-14.132
2013-05-28 23:00:00,,-14.135
2013-05-29 00:00:00,,-14.139
2013-05-29 01:00:00,,-14.139
2013-05-29 02:00:00,,-14.141
2013-05-29 03:00:00,,-14.139
2013-05-29 04:00:00,,-14.138
2013-05-29 05:00:00,,-14.137
2013-05-29 06:00:00,,-14.137
2013-05-29 07:00:00,,-14.136
2013-05-29 08:00:00,,-14.137
2013-05-29 09:00:00,,-14.14
2013-05-29 10:00:00,,-14.141
2013-05-29 11:00:00,,-14.142
2013-05-29 12:00:00,,-14.141
2013-05-29 13:00:00,,-14.136
2013-05-29 14:00:00,,-14.13
2013-05-29 15:00:00,,-14.126
2013-05-29 16:00:00,,-14.121
2013-05-29 17:00:00,,-14.12
2013-05-29 18:00:00,,-14.118
2013-05-29 19:00:00,,-14.12
2013-05-29 20:00:00,,-14.123
2013-05-29 21:00:00,,-14.124
2013-05-29 22:00:00,,-14.126
2013-05-29 23:00:00,,-14.127
2013-05-30 00:00:00,,-14.126
2013-05-30 01:00:00,,-14.125
2013-05-30 02:00:00,,-14.126
2013-05-30 03:00:00,,-14.126
2013-05-30 04:00:00,,-14.127
2013-05-30 05:00:00,,-14.127
2013-05-30 06:00:00,,-14.128
2013-05-30 07:00:00,,-14.13
2013-05-30 08:00:00,,-14.13
2013-05-30 09:00:00,,-14.132
2013-05-30 10:00:00,,-14.133
2013-05-30 11:00:00,,-14.132
2013-05-30 12:00:00,,-14.132
2013-05-30 13:00:00,,-14.13
2013-05-30 14:00:00,,-14.125
2013-05-30 15:00:00,,-14.122
2013-05-30 16:00:00,,-14.121
2013-05-30 17:00:00,,-14.12
2013-05-30 18:00:00,,-14.119
2013-05-30 19:00:00,,-14.12
2013-05-30 20:00:00,,-14.123
2013-05-30 21:00:00,,-14.125
2013-05-30 22:00:00,,-14.126
2013-05-30 23:00:00,,-14.125
2013-05-31 00:00:00,,-14.125
2013-05-31 01:00:00,,-14.126
2013-05-31 02:00:00,,-14.126
2013-05-31 03:00:00,,-14.128
2013-05-31 04:00:00,,-14.128
2013-05-31 05:00:00,,-14.128
2013-05-31 06:00:00,,-14.13
2013-05-31 07:00:00,,-14.131
2013-05-31 08:00:00,,-14.134
2013-05-31 09:00:00,,-14.134
2013-05-31 10:00:00,,-14.137
2013-05-31 11:00:00,,-14.134
2013-05-31 12:00:00,,-14.132
2013-05-31 13:00:00,,-14.127
2013-05-31 14:00:00,,-14.122
2013-05-31 15:00:00,,-14.119
2013-05-31 16:00:00,,-14.116
2013-05-31 17:00:00,,-14.115
2013-05-31 18:00:00,,-14.116
2013-05-31 19:00:00,,-14.118
2013-05-31 20:00:00,,-14.121
2013-05-31 21:00:00,,-14.122
2013-05-31 22:00:00,,-14.123
2013-05-31 23:00:00,,-14.124
2013-06-01 00:00:00,,-14.122
2013-06-01 01:00:00,,-14.121
2013-06-01 02:00:00,,-14.121
2013-06-01 03:00:00,,-14.122
2013-06-01 04:00:00,,-14.121
2013-06-01 05:00:00,,-14.122
2013-06-01 06:00:00,,-14.122
2013-06-01 07:00:00,,-14.126
2013-06-01 08:00:00,,-14.128
2013-06-01 09:00:00,,-14.129
2013-06-01 10:00:00,,-14.13
2013-06-01 11:00:00,,-14.128
2013-06-01 12:00:00,,-14.127
2013-06-01 13:00:00,,-14.121
2013-06-01 14:00:00,,-14.117
2013-06-01 15:00:00,,-14.115
2013-06-01 16:00:00,,-14.115
2013-06-01 17:00:00,,-14.116
2013-06-01 18:00:00,,-14.117
2013-06-01 19:00:00,,-14.121
2013-06-01 20:00:00,,-14.126
2013-06-01 21:00:00,,-14.131
2013-06-01 22:00:00,,-14.132
2013-06-01 23:00:00,,-14.134
2013-06-02 00:00:00,,-14.135
2013-06-02 01:00:00,,-14.135
2013-06-02 02:00:00,,-14.137
2013-06-02 03:00:00,,-14.138
2013-06-02 04:00:00,,-14.14
2013-06-02 05:00:00,,-14.142
2013-06-02 06:00:00,,-14.145
2013-06-02 07:00:00,,-14.149
2013-06-02 08:00:00,,-14.153
2013-06-02 09:00:00,,-14.155
2013-06-02 10:00:00,,-14.155
2013-06-02 11:00:00,,-14.154
2013-06-02 12:00:00,,-14.149
2013-06-02 13:00:00,,-14.144
2013-06-02 14:00:00,,-14.139
2013-06-02 15:00:00,,-14.138
2013-06-02 16:00:00,,-14.135
2013-06-02 17:00:00,,-14.137
2013-06-02 18:00:00,,-14.139
2013-06-02 19:00:00,,-14.143
2013-06-02 20:00:00,,-14.148
2013-06-02 21:00:00,,-14.151
2013-06-02 22:00:00,,-14.154
2013-06-02 23:00:00,,-14.153
2013-06-03 00:00:00,,-14.151
2013-06-03 01:00:00,,-14.149
2013-06-03 02:00:00,,-14.149
2013-06-03 03:00:00,,-14.148
2013-06-03 04:00:00,,-14.148
2013-06-03 05:00:00,,-14.151
2013-06-03 06:00:00,,-14.155
2013-06-03 07:00:00,,-14.159
2013-06-03 08:00:00,,-14.162
2013-06-03 09:00:00,,-14.166
2013-06-03 10:00:00,,-14.166
2013-06-03 11:00:00,,-14.164
2013-06-03 12:00:00,,-14.159
2013-06-03 13:00:00,,-14.152
2013-06-03 14:00:00,,-14.146
2013-06-03 15:00:00,,-14.143
2013-06-03 16:00:00,,-14.141
2013-06-03 17:00:00,,-14.141
2013-06-03 18:00:00,,-14.143
2013-06-03 19:00:00,,-14.146
2013-06-03 20:00:00,,-14.152
2013-06-03 21:00:00,,-14.154
2013-06-03 22:00:00,,-14.157
2013-06-03 23:00:00,,-14.158
2013-06-04 00:00:00,,-14.157
2013-06-04 01:00:00,,-14.155
2013-06-04 02:00:00,,-14.153
2013-06-04 03:00:00,,-14.148
2013-06-04 04:00:00,,-14.145
2013-06-04 05:00:00,,-14.146
2013-06-04 06:00:00,,-14.147
2013-06-04 07:00:00,,-14.151
2013-06-04 08:00:00,,-14.155
2013-06-04 09:00:00,,-14.156
2013-06-04 10:00:00,,-14.154
2013-06-04 11:00:00,,-14.153
2013-06-04 12:00:00,,-14.147
2013-06-04 13:00:00,,-14.139
2013-06-04 14:00:00,,-14.133
2013-06-04 15:00:00,,-14.129
2013-06-04 16:00:00,,-14.125
2013-06-04 17:00:00,,-14.124
2013-06-04 18:00:00,,-14.128
2013-06-04 19:00:00,,-14.13
2013-06-04 20:00:00,,-14.134
2013-06-04 21:00:00,,-14.136
2013-06-04 22:00:00,,-14.138
2013-06-04 23:00:00,,-14.139
2013-06-05 00:00:00,,-14.136
2013-06-05 01:00:00,,-14.134
2013-06-05 02:00:00,,-14.131
2013-06-05 03:00:00,,-14.127
2013-06-05 04:00:00,,-14.126
2013-06-05 05:00:00,,-14.124
2013-06-05 06:00:00,,-14.124
2013-06-05 07:00:00,,-14.126
2013-06-05 08:00:00,,-14.129
2013-06-05 09:00:00,,-14.132
2013-06-05 10:00:00,,-14.132
2013-06-05 11:00:00,,-14.132
2013-06-05 12:00:00,,-14.13
2013-06-05 13:00:00,,-14.122
2013-06-05 14:00:00,,-14.116
2013-06-05 15:00:00,,-14.111
2013-06-05 16:00:00,,-14.109
2013-06-05 17:00:00,,-14.11
2013-06-05 18:00:00,,-14.112
2013-06-05 19:00:00,,-14.116
2013-06-05 20:00:00,,-14.122
2013-06-05 21:00:00,,-14.125
2013-06-05 22:00:00,,-14.13
2013-06-05 23:00:00,,-14.13
2013-06-06 00:00:00,,-14.131
2013-06-06 01:00:00,,-14.131
2013-06-06 02:00:00,,-14.13
2013-06-06 03:00:00,,-14.127
2013-06-06 04:00:00,,-14.126
2013-06-06 05:00:00,,-14.123
2013-06-06 06:00:00,,-14.124
2013-06-06 07:00:00,,-14.126
2013-06-06 08:00:00,,-14.134
2013-06-06 09:00:00,,-14.137
2013-06-06 10:00:00,,-14.141
2013-06-06 11:00:00,,-14.141
2013-06-06 12:00:00,,-14.14
2013-06-06 13:00:00,,-14.134
2013-06-06 14:00:00,,-14.128
2013-06-06 15:00:00,,-14.125
2013-06-06 16:00:00,,-14.124
2013-06-06 17:00:00,,-14.125
2013-06-06 18:00:00,,-14.128
2013-06-06 19:00:00,,-14.134
2013-06-06 20:00:00,,-14.14
2013-06-06 21:00:00,,-14.145
2013-06-06 22:00:00,,-14.15
2013-06-06 23:00:00,,-14.152
2013-06-07 00:00:00,,-14.153
2013-06-07 01:00:00,,-14.151
2013-06-07 02:00:00,,-14.15
2013-06-07 03:00:00,,-14.149
2013-06-07 04:00:00,,-14.147
2013-06-07 05:00:00,,-14.147
2013-06-07 06:00:00,,-14.148
2013-06-07 07:00:00,,-14.152
2013-06-07 08:00:00,,-14.157
2013-06-07 09:00:00,,-14.163
2013-06-07 10:00:00,,-14.166
2013-06-07 11:00:00,,-14.168
2013-06-07 12:00:00,,-14.168
2013-06-07 13:00:00,,-14.164
2013-06-07 14:00:00,,-14.158
2013-06-07 15:00:00,,-14.153
2013-06-07 16:00:00,,-14.152
2013-06-07 17:00:00,,-14.149
2013-06-07 18:00:00,,-14.151
2013-06-07 19:00:00,,-14.154
2013-06-07 20:00:00,,-14.159
2013-06-07 21:00:00,,-14.163
2013-06-07 22:00:00,,-14.167
2013-06-07 23:00:00,,-14.17
2013-06-08 00:00:00,,-14.171
2013-06-08 01:00:00,,-14.169
2013-06-08 02:00:00,,-14.169
2013-06-08 03:00:00,,-14.166
2013-06-08 04:00:00,,-14.164
2013-06-08 05:00:00,,-14.163
2013-06-08 06:00:00,,-14.16
2013-06-08 07:00:00,,-14.161
2013-06-08 08:00:00,,-14.164
2013-06-08 09:00:00,,-14.167
2013-06-08 10:00:00,,-14.17
2013-06-08 11:00:00,,-14.17
2013-06-08 12:00:00,,-14.168
2013-06-08 13:00:00,,-14.16
2013-06-08 14:00:00,,-14.155
2013-06-08 15:00:00,,-14.148
2013-06-08 16:00:00,,-14.143
2013-06-08 17:00:00,,-14.14
2013-06-08 18:00:00,,-14.141
2013-06-08 19:00:00,,-14.144
2013-06-08 20:00:00,,-14.146
2013-06-08 21:00:00,,-14.149
2013-06-08 22:00:00,,-14.151
2013-06-08 23:00:00,,-14.154
2013-06-09 00:00:00,,-14.154
2013-06-09 01:00:00,,-14.152
2013-06-09 02:00:00,,-14.147
2013-06-09 03:00:00,,-14.144
2013-06-09 04:00:00,,-14.142
2013-06-09 05:00:00,,-14.139
2013-06-09 06:00:00,,-14.138
2013-06-09 07:00:00,,-14.138
2013-06-09 08:00:00,,-14.14
2013-06-09 09:00:00,,-14.142
2013-06-09 10:00:00,,-14.143
2013-06-09 11:00:00,,-14.145
2013-06-09 12:00:00,,-14.141
2013-06-09 13:00:00,,-14.135
2013-06-09 14:00:00,,-14.128
2013-06-09 15:00:00,,-14.122
2013-06-09 16:00:00,,-14.118
2013-06-09 17:00:00,,-14.114
2013-06-09 18:00:00,,-14.115
2013-06-09 19:00:00,,-14.116
2013-06-09 20:00:00,,-14.119
2013-06-09 21:00:00,,-14.124
2013-06-09 22:00:00,,-14.126
2013-06-09 23:00:00,,-14.129
2013-06-10 00:00:00,,-14.131
2013-06-10 01:00:00,,-14.129
2013-06-10 02:00:00,,-14.128
2013-06-10 03:00:00,,-14.125
2013-06-10 04:00:00,,-14.123
2013-06-10 05:00:00,,-14.123
2013-06-10 06:00:00,,-14.122
2013-06-10 07:00:00,,-14.122
2013-06-10 08:00:00,,-14.124
2013-06-10 09:00:00,,-14.127
2013-06-10 10:00:00,,-14.131
2013-06-10 11:00:00,,-14.131
2013-06-10 12:00:00,,-14.13
2013-06-10 13:00:00,,-14.125
2013-06-10 14:00:00,,-14.121
2013-06-10 15:00:00,,-14.116
2013-06-10 16:00:00,,-14.112
2013-06-10 17:00:00,,-14.111
2013-06-10 18:00:00,,-14.108
2013-06-10 19:00:00,,-14.111
2013-06-10 20:00:00,,-14.115
2013-06-10 21:00:00,,-14.117
2013-06-10 22:00:00,,-14.121
2013-06-10 23:00:00,,-14.122
2013-06-11 00:00:00,,-14.124
2013-06-11 01:00:00,,-14.123
2013-06-11 02:00:00,,-14.123
2013-06-11 03:00:00,,-14.121
2013-06-11 04:00:00,,-14.12
2013-06-11 05:00:00,,-14.117
2013-06-11 06:00:00,,-14.116
2013-06-11 07:00:00,,-14.116
2013-06-11 08:00:00,,-14.119
2013-06-11 09:00:00,,-14.121
2013-06-11 10:00:00,,-14.124
2013-06-11 11:00:00,,-14.124
2013-06-11 12:00:00,,-14.123
2013-06-11 13:00:00,,-14.121
2013-06-11 14:00:00,,-14.115
2013-06-11 15:00:00,,-14.11
2013-06-11 16:00:00,,-14.107
2013-06-11 17:00:00,,-14.104
2013-06-11 18:00:00,,-14.105
2013-06-11 19:00:00,,-14.106
2013-06-11 20:00:00,,-14.108
2013-06-11 21:00:00,,-14.113
2013-06-11 22:00:00,,-14.115
2013-06-11 23:00:00,,-14.118
2013-06-12 00:00:00,,-14.122
2013-06-12 01:00:00,,-14.121
2013-06-12 02:00:00,,-14.124
2013-06-12 03:00:00,,-14.123
2013-06-12 04:00:00,,-14.123
2013-06-12 05:00:00,,-14.122
2013-06-12 06:00:00,,-14.123
2013-06-12 07:00:00,,-14.126
2013-06-12 08:00:00,,-14.129
2013-06-12 09:00:00,,-14.131
2013-06-12 10:00:00,,-14.133
2013-06-12 11:00:00,,-14.133
2013-06-12 12:00:00,,-14.131
2013-06-12 13:00:00,,-14.126
2013-06-12 14:00:00,,-14.122
2013-06-12 15:00:00,,-14.117
2013-06-12 16:00:00,,-14.114
2013-06-12 17:00:00,,-14.113
2013-06-12 18:00:00,,-14.113
2013-06-12 19:00:00,,-14.112
2013-06-12 20:00:00,,-14.116
2013-06-12 21:00:00,,-14.116
2013-06-12 22:00:00,,-14.119
2013-06-12 23:00:00,,-14.12
2013-06-13 00:00:00,,-14.124
2013-06-13 01:00:00,,-14.126
2013-06-13 02:00:00,,-14.129
2013-06-13 03:00:00,,-14.126
2013-06-13 04:00:00,,-14.124
2013-06-13 05:00:00,,-14.121
2013-06-13 06:00:00,,-14.12
2013-06-13 07:00:00,,-14.121
2013-06-13 08:00:00,,-14.125
2013-06-13 09:00:00,,-14.125
2013-06-13 10:00:00,,-14.127
2013-06-13 11:00:00,,-14.126
2013-06-13 12:00:00,,-14.124
2013-06-13 13:00:00,,-14.121
2013-06-13 14:00:00,,-14.115
2013-06-13 15:00:00,,-14.112
2013-06-13 16:00:00,,-14.111
2013-06-13 17:00:00,,-14.109
2013-06-13 18:00:00,,-14.109
2013-06-13 19:00:00,,-14.11
2013-06-13 20:00:00,,-14.113
2013-06-13 21:00:00,,-14.114
2013-06-13 22:00:00,,-14.118
2013-06-13 23:00:00,,-14.12
2013-06-14 00:00:00,,-14.123
2013-06-14 01:00:00,,-14.124
2013-06-14 02:00:00,,-14.125
2013-06-14 03:00:00,,-14.127
2013-06-14 04:00:00,,-14.128
2013-06-14 05:00:00,,-14.13
2013-06-14 06:00:00,,-14.13
2013-06-14 07:00:00,,-14.132
2013-06-14 08:00:00,,-14.134
2013-06-14 09:00:00,,-14.137
2013-06-14 10:00:00,,-14.138
2013-06-14 11:00:00,,-14.14
2013-06-14 12:00:00,,-14.139
2013-06-14 13:00:00,,-14.135
2013-06-14 14:00:00,,-14.132
2013-06-14 15:00:00,,-14.129
2013-06-14 16:00:00,,-14.125
2013-06-14 17:00:00,,-14.125
2013-06-14 18:00:00,,-14.125
2013-06-14 19:00:00,,-14.126
2013-06-14 20:00:00,,-14.129
2013-06-14 21:00:00,,-14.131
2013-06-14 22:00:00,,-14.134
2013-06-14 23:00:00,,-14.136
2013-06-15 00:00:00,,-14.137
2013-06-15 01:00:00,,-14.14
2013-06-15 02:00:00,,-14.141
2013-06-15 03:00:00,,-14.142
2013-06-15 04:00:00,,-14.141
2013-06-15 05:00:00,,-14.144
2013-06-15 06:00:00,,-14.142
2013-06-15 07:00:00,,-14.142
2013-06-15 08:00:00,,-14.145
2013-06-15 09:00:00,,-14.147
2013-06-15 10:00:00,,-14.147
2013-06-15 11:00:00,,-14.147
2013-06-15 12:00:00,,-14.144
2013-06-15 13:00:00,,-14.14
2013-06-15 14:00:00,,-14.135
2013-06-15 15:00:00,,-14.132
2013-06-15 16:00:00,,-14.132
2013-06-15 17:00:00,,-14.131
2013-06-15 18:00:00,,-14.13
2013-06-15 19:00:00,,-14.132
2013-06-15 20:00:00,,-14.135
2013-06-15 21:00:00,,-14.133
2013-06-15 22:00:00,,-14.136
2013-06-15 23:00:00,,-14.135
2013-06-16 00:00:00,,-14.134
2013-06-16 01:00:00,,-14.133
2013-06-16 02:00:00,,-14.132
2013-06-16 03:00:00,,-14.131
2013-06-16 04:00:00,,-14.132
2013-06-16 05:00:00,,-14.13
2013-06-16 06:00:00,,-14.129
2013-06-16 07:00:00,,-14.129
2013-06-16 08:00:00,,-14.131
2013-06-16 09:00:00,,-14.134
2013-06-16 10:00:00,,-14.135
2013-06-16 11:00:00,,-14.134
2013-06-16 12:00:00,,-14.132
2013-06-16 13:00:00,,-14.127
2013-06-16 14:00:00,,-14.123
2013-06-16 15:00:00,,-14.12
2013-06-16 16:00:00,,-14.118
2013-06-16 17:00:00,,-14.117
2013-06-16 18:00:00,,-14.116
2013-06-16 19:00:00,,-14.117
2013-06-16 20:00:00,,-14.118
2013-06-16 21:00:00,,-14.119
2013-06-16 22:00:00,,-14.119
2013-06-16 23:00:00,,-14.119
2013-06-17 00:00:00,,-14.118
2013-06-17 01:00:00,,-14.116
2013-06-17 02:00:00,,-14.116
2013-06-17 03:00:00,,-14.115
2013-06-17 04:00:00,,-14.114
2013-06-17 05:00:00,,-14.114
2013-06-17 06:00:00,,-14.115
2013-06-17 07:00:00,,-14.117
2013-06-17 08:00:00,,-14.121
2013-06-17 09:00:00,,-14.123
2013-06-17 10:00:00,,-14.123
2013-06-17 11:00:00,,-14.122
2013-06-17 12:00:00,,-14.117
2013-06-17 13:00:00,,-14.112
2013-06-17 14:00:00,,-14.107
2013-06-17 15:00:00,,-14.106
2013-06-17 16:00:00,,-14.105
2013-06-17 17:00:00,,-14.104
2013-06-17 18:00:00,,-14.106
2013-06-17 19:00:00,,-14.107
2013-06-17 20:00:00,,-14.112
2013-06-17 21:00:00,,-14.114
2013-06-17 22:00:00,,-14.118
2013-06-17 23:00:00,,-14.118
2013-06-18 00:00:00,,-14.118
2013-06-18 01:00:00,,-14.118
2013-06-18 02:00:00,,-14.118
2013-06-18 03:00:00,,-14.12
2013-06-18 04:00:00,,-14.122
2013-06-18 05:00:00,,-14.122
2013-06-18 06:00:00,,-14.124
2013-06-18 07:00:00,,-14.126
2013-06-18 08:00:00,,-14.128
2013-06-18 09:00:00,,-14.131
2013-06-18 10:00:00,,-14.131
2013-06-18 11:00:00,,-14.132
2013-06-18 12:00:00,,-14.128
2013-06-18 13:00:00,,-14.124
2013-06-18 14:00:00,,-14.12
2013-06-18 15:00:00,,-14.119
2013-06-18 16:00:00,,-14.118
2013-06-18 17:00:00,,-14.118
2013-06-18 18:00:00,,-14.119
2013-06-18 19:00:00,,-14.123
2013-06-18 20:00:00,,-14.127
2013-06-18 21:00:00,,-14.129
2013-06-18 22:00:00,,-14.129
2013-06-18 23:00:00,,-14.132
2013-06-19 00:00:00,,-14.133
2013-06-19 01:00:00,,-14.131
2013-06-19 02:00:00,,-14.132
2013-06-19 03:00:00,,-14.134
2013-06-19 04:00:00,,-14.133
2013-06-19 05:00:00,,-14.134
2013-06-19 06:00:00,,-14.137
2013-06-19 07:00:00,,-14.138
2013-06-19 08:00:00,,-14.143
2013-06-19 09:00:00,,-14.145
2013-06-19 10:00:00,,-14.148
2013-06-19 11:00:00,,-14.148
2013-06-19 12:00:00,,-14.145
2013-06-19 13:00:00,,-14.14
2013-06-19 14:00:00,,-14.137
2013-06-19 15:00:00,,-14.134
2013-06-19 16:00:00,,-14.134
2013-06-19 17:00:00,,-14.134
2013-06-19 18:00:00,,-14.138
2013-06-19 19:00:00,,-14.141
2013-06-19 20:00:00,,-14.146
2013-06-19 21:00:00,,-14.147
2013-06-19 22:00:00,,-14.149
2013-06-19 23:00:00,,-14.148
2013-06-20 00:00:00,,-14.147
2013-06-20 01:00:00,,-14.145
2013-06-20 02:00:00,,-14.143
2013-06-20 03:00:00,,-14.139
2013-06-20 04:00:00,,-14.138
2013-06-20 05:00:00,,-14.141
2013-06-20 06:00:00,,-14.144
2013-06-20 07:00:00,,-14.146
2013-06-20 08:00:00,,-14.148
2013-06-20 09:00:00,,-14.152
2013-06-20 10:00:00,,-14.154
2013-06-20 11:00:00,,-14.155
2013-06-20 12:00:00,,-14.152
2013-06-20 13:00:00,,-14.147
2013-06-20 14:00:00,,-14.143
2013-06-20 15:00:00,,-14.139
2013-06-20 16:00:00,,-14.138
2013-06-20 17:00:00,,-14.139
2013-06-20 18:00:00,,-14.141
2013-06-20 19:00:00,,-14.144
2013-06-20 20:00:00,,-14.149
2013-06-20 21:00:00,,-14.154
2013-06-20 22:00:00,,-14.157
2013-06-20 23:00:00,,-14.159
2013-06-21 00:00:00,,-14.158
2013-06-21 01:00:00,,-14.155
2013-06-21 02:00:00,,-14.152
2013-06-21 03:00:00,,-14.149
2013-06-21 04:00:00,,-14.146
2013-06-21 05:00:00,,-14.145
2013-06-21 06:00:00,,-14.146
2013-06-21 07:00:00,,-14.151
2013-06-21 08:00:00,,-14.156
2013-06-21 09:00:00,,-14.16
2013-06-21 10:00:00,,-14.163
2013-06-21 11:00:00,,-14.164
2013-06-21 12:00:00,,-14.162
2013-06-21 13:00:00,,-14.156
2013-06-21 14:00:00,,-14.151
2013-06-21 15:00:00,,-14.144
2013-06-21 16:00:00,,-14.141
2013-06-21 17:00:00,,-14.14
2013-06-21 18:00:00,,-14.143
2013-06-21 19:00:00,,-14.146
2013-06-21 20:00:00,,-14.151
2013-06-21 21:00:00,,-14.155
2013-06-21 22:00:00,,-14.16
2013-06-21 23:00:00,,-14.16
2013-06-22 00:00:00,,-14.161
2013-06-22 01:00:00,,-14.158
2013-06-22 02:00:00,,-14.155
2013-06-22 03:00:00,,-14.15
2013-06-22 04:00:00,,-14.15
2013-06-22 05:00:00,,-14.148
2013-06-22 06:00:00,,-14.149
2013-06-22 07:00:00,,-14.152
2013-06-22 08:00:00,,-14.156
2013-06-22 09:00:00,,-14.16
2013-06-22 10:00:00,,-14.165
2013-06-22 11:00:00,,-14.168
2013-06-22 12:00:00,,-14.166
2013-06-22 13:00:00,,-14.16
2013-06-22 14:00:00,,-14.154
2013-06-22 15:00:00,,-14.149
2013-06-22 16:00:00,,-14.147
2013-06-22 17:00:00,,-14.144
2013-06-22 18:00:00,,-14.143
2013-06-22 19:00:00,,-14.146
2013-06-22 20:00:00,,-14.15
2013-06-22 21:00:00,,-14.156
2013-06-22 22:00:00,,-14.159
2013-06-22 23:00:00,,-14.162
2013-06-23 00:00:00,,-14.163
2013-06-23 01:00:00,,-14.163
2013-06-23 02:00:00,,-14.161
2013-06-23 03:00:00,,-14.159
2013-06-23 04:00:00,,-14.157
2013-06-23 05:00:00,,-14.156
2013-06-23 06:00:00,,-14.156
2013-06-23 07:00:00,,-14.159
2013-06-23 08:00:00,,-14.163
2013-06-23 09:00:00,,-14.167
2013-06-23 10:00:00,,-14.171
2013-06-23 11:00:00,,-14.172
2013-06-23 12:00:00,,-14.17
2013-06-23 13:00:00,,-14.165
2013-06-23 14:00:00,,-14.158
2013-06-23 15:00:00,,-14.151
2013-06-23 16:00:00,,-14.145
2013-06-23 17:00:00,,-14.142
2013-06-23 18:00:00,,-14.142
2013-06-23 19:00:00,,-14.144
2013-06-23 20:00:00,,-14.148
2013-06-23 21:00:00,,-14.154
2013-06-23 22:00:00,,-14.157
2013-06-23 23:00:00,,-14.161
2013-06-24 00:00:00,,-14.163
2013-06-24 01:00:00,,-14.163
2013-06-24 02:00:00,,-14.159
2013-06-24 03:00:00,,-14.156
2013-06-24 04:00:00,,-14.154
2013-06-24 05:00:00,,-14.153
2013-06-24 06:00:00,,-14.15
2013-06-24 07:00:00,,-14.151
2013-06-24 08:00:00,,-14.152
2013-06-24 09:00:00,,-14.157
2013-06-24 10:00:00,,-14.162
2013-06-24 11:00:00,,-14.164
2013-06-24 12:00:00,,-14.165
2013-06-24 13:00:00,,-14.161
2013-06-24 14:00:00,,-14.155
2013-06-24 15:00:00,,-14.148
2013-06-24 16:00:00,,-14.143
2013-06-24 17:00:00,,-14.142
2013-06-24 18:00:00,,-14.142
2013-06-24 19:00:00,,-14.144
2013-06-24 20:00:00,,-14.147
2013-06-24 21:00:00,,-14.153
2013-06-24 22:00:00,,-14.156
2013-06-24 23:00:00,,-14.159
2013-06-25 00:00:00,,-14.16
2013-06-25 01:00:00,,-14.162
2013-06-25 02:00:00,,-14.163
2013-06-25 03:00:00,,-14.159
2013-06-25 04:00:00,,-14.154
2013-06-25 05:00:00,,-14.151
2013-06-25 06:00:00,,-14.149
2013-06-25 07:00:00,,-14.149
2013-06-25 08:00:00,,-14.149
2013-06-25 09:00:00,,-14.152
2013-06-25 10:00:00,,-14.154
2013-06-25 11:00:00,,-14.157
2013-06-25 12:00:00,,-14.152
2013-06-25 13:00:00,,-14.147
2013-06-25 14:00:00,,-14.142
2013-06-25 15:00:00,,-14.137
2013-06-25 16:00:00,,-14.133
2013-06-25 17:00:00,,-14.133
2013-06-25 18:00:00,,-14.133
2013-06-25 19:00:00,,-14.133
2013-06-25 20:00:00,,-14.136
2013-06-25 21:00:00,,-14.139
2013-06-25 22:00:00,,-14.142
2013-06-25 23:00:00,,-14.144
2013-06-26 00:00:00,,-14.146
2013-06-26 01:00:00,,-14.145
2013-06-26 02:00:00,,-14.142
2013-06-26 03:00:00,,-14.136
2013-06-26 04:00:00,,-14.135
2013-06-26 05:00:00,,-14.128
2013-06-26 06:00:00,,-14.125
2013-06-26 07:00:00,,-14.124
2013-06-26 08:00:00,,-14.126
2013-06-26 09:00:00,,-14.129
2013-06-26 10:00:00,,-14.131
2013-06-26 11:00:00,,-14.131
2013-06-26 12:00:00,,-14.129
2013-06-26 13:00:00,,-14.128
2013-06-26 14:00:00,,-14.123
2013-06-26 15:00:00,,-14.119
2013-06-26 16:00:00,,-14.119
2013-06-26 17:00:00,,-14.117
2013-06-26 18:00:00,,-14.118
2013-06-26 19:00:00,,-14.121
2013-06-26 20:00:00,,-14.125
2013-06-26 21:00:00,,-14.124
2013-06-26 22:00:00,,-14.126
2013-06-26 23:00:00,,-14.129
2013-06-27 00:00:00,,-14.133
2013-06-27 01:00:00,,-14.13
2013-06-27 02:00:00,,-14.129
2013-06-27 03:00:00,,-14.128
2013-06-27 04:00:00,,-14.126
2013-06-27 05:00:00,,-14.123
2013-06-27 06:00:00,,-14.122
2013-06-27 07:00:00,,-14.121
2013-06-27 08:00:00,,-14.122
2013-06-27 09:00:00,,-14.123
2013-06-27 10:00:00,,-14.126
2013-06-27 11:00:00,,-14.128
2013-06-27 12:00:00,,-14.128
2013-06-27 13:00:00,,-14.125
2013-06-27 14:00:00,,-14.122
2013-06-27 15:00:00,,-14.119
2013-06-27 16:00:00,,-14.118
2013-06-27 17:00:00,,-14.115
2013-06-27 18:00:00,,-14.115
2013-06-27 19:00:00,,-14.117
2013-06-27 20:00:00,,-14.119
2013-06-27 21:00:00,,-14.122
2013-06-27 22:00:00,,-14.125
2013-06-27 23:00:00,,-14.128
2013-06-28 00:00:00,,-14.131
2013-06-28 01:00:00,,-14.134
2013-06-28 02:00:00,,-14.135
2013-06-28 03:00:00,,-14.136
2013-06-28 04:00:00,,-14.137
2013-06-28 05:00:00,,-14.136
2013-06-28 06:00:00,,-14.137
2013-06-28 07:00:00,,-14.138
2013-06-28 08:00:00,,-14.139
2013-06-28 09:00:00,,-14.144
2013-06-28 10:00:00,,-14.146
2013-06-28 11:00:00,,-14.149
2013-06-28 12:00:00,,-14.15
2013-06-28 13:00:00,,-14.147
2013-06-28 14:00:00,,-14.144
2013-06-28 15:00:00,,-14.145
2013-06-28 16:00:00,,-14.143
2013-06-28 17:00:00,,-14.144
2013-06-28 18:00:00,,-14.147
2013-06-28 19:00:00,,-14.151
2013-06-28 20:00:00,,-14.155
2013-06-28 21:00:00,,-14.157
2013-06-28 22:00:00,,-14.159
2013-06-28 23:00:00,,-14.161
2013-06-29 00:00:00,,-14.162
2013-06-29 01:00:00,,-14.162
2013-06-29 02:00:00,,-14.163
2013-06-29 03:00:00,,-14.166
2013-06-29 04:00:00,,-14.167
2013-06-29 05:00:00,,-14.169
2013-06-29 06:00:00,,-14.172
2013-06-29 07:00:00,,-14.173
2013-06-29 08:00:00,,-14.177
2013-06-29 09:00:00,,-14.18
2013-06-29 10:00:00,,-14.184
2013-06-29 11:00:00,,-14.184
2013-06-29 12:00:00,,-14.185
2013-06-29 13:00:00,,-14.182
2013-06-29 14:00:00,,-14.179
2013-06-29 15:00:00,,-14.177
2013-06-29 16:00:00,,-14.179
2013-06-29 17:00:00,,-14.18
2013-06-29 18:00:00,,-14.182
2013-06-29 19:00:00,,-14.184
2013-06-29 20:00:00,,-14.186
2013-06-29 21:00:00,,-14.188
2013-06-29 22:00:00,,-14.189
2013-06-29 23:00:00,,-14.19
2013-06-30 00:00:00,,-14.19
2013-06-30 01:00:00,,-14.19
2013-06-30 02:00:00,,-14.19
2013-06-30 03:00:00,,-14.19
2013-06-30 04:00:00,,-14.19
2013-06-30 05:00:00,,-14.191
2013-06-30 06:00:00,,-14.194
2013-06-30 07:00:00,,-14.197
2013-06-30 08:00:00,,-14.2
2013-06-30 09:00:00,,-14.202
2013-06-30 10:00:00,,-14.202
2013-06-30 11:00:00,,-14.201
2013-06-30 12:00:00,,-14.2
2013-06-30 13:00:00,,-14.195
2013-06-30 14:00:00,,-14.189
2013-06-30 15:00:00,,-14.186
2013-06-30 16:00:00,,-14.185
2013-06-30 17:00:00,,-14.182
2013-06-30 18:00:00,,-14.182
2013-06-30 19:00:00,,-14.184
2013-06-30 20:00:00,,-14.188
2013-06-30 21:00:00,,-14.189
2013-06-30 22:00:00,,-14.192
2013-06-30 23:00:00,,-14.192
2013-07-01 00:00:00,,-14.191
2013-07-01 01:00:00,,-14.19
2013-07-01 02:00:00,,-14.189
2013-07-01 03:00:00,,-14.188
2013-07-01 04:00:00,,-14.187
2013-07-01 05:00:00,,-14.188
2013-07-01 06:00:00,,-14.188
2013-07-01 07:00:00,,-14.188
2013-07-01 08:00:00,,-14.189
2013-07-01 09:00:00,,-14.19
2013-07-01 10:00:00,,-14.19
2013-07-01 11:00:00,,-14.188
2013-07-01 12:00:00,,-14.184
2013-07-01 13:00:00,,-14.178
2013-07-01 14:00:00,,-14.172
2013-07-01 15:00:00,,-14.167
2013-07-01 16:00:00,,-14.164
2013-07-01 17:00:00,,-14.164
2013-07-01 18:00:00,,-14.165
2013-07-01 19:00:00,,-14.167
2013-07-01 20:00:00,,-14.17
2013-07-01 21:00:00,,-14.172
2013-07-01 22:00:00,,-14.173
2013-07-01 23:00:00,,-14.172
2013-07-02 00:00:00,,-14.169
2013-07-02 01:00:00,,-14.169
2013-07-02 02:00:00,,-14.168
2013-07-02 03:00:00,,-14.166
2013-07-02 04:00:00,,-14.166
2013-07-02 05:00:00,,-14.167
2013-07-02 06:00:00,,-14.169
2013-07-02 07:00:00,,-14.171
2013-07-02 08:00:00,,-14.173
2013-07-02 09:00:00,,-14.175
2013-07-02 10:00:00,,-14.176
2013-07-02 11:00:00,,-14.175
2013-07-02 12:00:00,,-14.171
2013-07-02 13:00:00,,-14.163
2013-07-02 14:00:00,,-14.158
2013-07-02 15:00:00,,-14.152
2013-07-02 16:00:00,,-14.149
2013-07-02 17:00:00,,-14.148
2013-07-02 18:00:00,,-14.147
2013-07-02 19:00:00,,-14.151
2013-07-02 20:00:00,,-14.154
2013-07-02 21:00:00,,-14.157
2013-07-02 22:00:00,,-14.158
2013-07-02 23:00:00,,-14.158
2013-07-03 00:00:00,,-14.157
2013-07-03 01:00:00,,-14.154
2013-07-03 02:00:00,,-14.152
2013-07-03 03:00:00,,-14.151
2013-07-03 04:00:00,,-14.15
2013-07-03 05:00:00,,-14.148
2013-07-03 06:00:00,,-14.15
2013-07-03 07:00:00,,-14.151
2013-07-03 08:00:00,,-14.153
2013-07-03 09:00:00,,-14.156
2013-07-03 10:00:00,,-14.157
2013-07-03 11:00:00,,-14.156
2013-07-03 12:00:00,,-14.151
2013-07-03 13:00:00,,-14.146
2013-07-03 14:00:00,,-14.138
2013-07-03 15:00:00,,-14.132
2013-07-03 16:00:00,,-14.13
2013-07-03 17:00:00,,-14.127
2013-07-03 18:00:00,,-14.125
2013-07-03 19:00:00,,-14.126
2013-07-03 20:00:00,,-14.128
2013-07-03 21:00:00,,-14.128
2013-07-03 22:00:00,,-14.13
2013-07-03 23:00:00,,-14.129
2013-07-04 00:00:00,,-14.128
2013-07-04 01:00:00,,-14.127
2013-07-04 02:00:00,,-14.125
2013-07-04 03:00:00,,-14.122
2013-07-04 04:00:00,,-14.12
2013-07-04 05:00:00,,-14.12
2013-07-04 06:00:00,,-14.119
2013-07-04 07:00:00,,-14.121
2013-07-04 08:00:00,,-14.125
2013-07-04 09:00:00,,-14.129
2013-07-04 10:00:00,,-14.131
2013-07-04 11:00:00,,-14.131
2013-07-04 12:00:00,,-14.129
2013-07-04 13:00:00,,-14.123
2013-07-04 14:00:00,,-14.115
2013-07-04 15:00:00,,-14.108
2013-07-04 16:00:00,,-14.105
2013-07-04 17:00:00,,-14.105
2013-07-04 18:00:00,,-14.105
2013-07-04 19:00:00,,-14.107
2013-07-04 20:00:00,,-14.113
2013-07-04 21:00:00,,-14.116
2013-07-04 22:00:00,,-14.12
2013-07-04 23:00:00,,-14.122
2013-07-05 00:00:00,,-14.123
2013-07-05 01:00:00,,-14.121
2013-07-05 02:00:00,,-14.119
2013-07-05 03:00:00,,-14.117
2013-07-05 04:00:00,,-14.116
2013-07-05 05:00:00,,-14.115
2013-07-05 06:00:00,,-14.117
2013-07-05 07:00:00,,-14.122
2013-07-05 08:00:00,,-14.126
2013-07-05 09:00:00,,-14.129
2013-07-05 10:00:00,,-14.133
2013-07-05 11:00:00,,-14.135
2013-07-05 12:00:00,,-14.132
2013-07-05 13:00:00,,-14.126
2013-07-05 14:00:00,,-14.121
2013-07-05 15:00:00,,-14.117
2013-07-05 16:00:00,,-14.114
2013-07-05 17:00:00,,-14.114
2013-07-05 18:00:00,,-14.116
2013-07-05 19:00:00,,-14.12
2013-07-05 20:00:00,,-14.125
2013-07-05 21:00:00,,-14.132
2013-07-05 22:00:00,,-14.135
2013-07-05 23:00:00,,-14.137
2013-07-06 00:00:00,,-14.14
2013-07-06 01:00:00,,-14.139
2013-07-06 02:00:00,,-14.138
2013-07-06 03:00:00,,-14.137
2013-07-06 04:00:00,,-14.136
2013-07-06 05:00:00,,-14.135
2013-07-06 06:00:00,,-14.136
2013-07-06 07:00:00,,-14.139
2013-07-06 08:00:00,,-14.144
2013-07-06 09:00:00,,-14.148
2013-07-06 10:00:00,,-14.151
2013-07-06 11:00:00,,-14.152
2013-07-06 12:00:00,,-14.151
2013-07-06 13:00:00,,-14.146
2013-07-06 14:00:00,,-14.139
2013-07-06 15:00:00,,-14.134
2013-07-06 16:00:00,,-14.131
2013-07-06 17:00:00,,-14.13
2013-07-06 18:00:00,,-14.13
2013-07-06 19:00:00,,-14.133
2013-07-06 20:00:00,,-14.139
2013-07-06 21:00:00,,-14.144
2013-07-06 22:00:00,,-14.15
2013-07-06 23:00:00,,-14.151
2013-07-07 00:00:00,,-14.153
2013-07-07 01:00:00,,-14.154
2013-07-07 02:00:00,,-14.153
2013-07-07 03:00:00,,-14.15
2013-07-07 04:00:00,,-14.148
2013-07-07 05:00:00,,-14.148
2013-07-07 06:00:00,,-14.151
2013-07-07 07:00:00,,-14.154
2013-07-07 08:00:00,,-14.159
2013-07-07 09:00:00,,-14.163
2013-07-07 10:00:00,,-14.168
2013-07-07 11:00:00,,-14.171
2013-07-07 12:00:00,,-14.17
2013-07-07 13:00:00,,-14.164
2013-07-07 14:00:00,,-14.158
2013-07-07 15:00:00,,-14.153
2013-07-07 16:00:00,,-14.149
2013-07-07 17:00:00,,-14.147
2013-07-07 18:00:00,,-14.148
2013-07-07 19:00:00,,-14.152
2013-07-07 20:00:00,,-14.156
2013-07-07 21:00:00,,-14.161
2013-07-07 22:00:00,,-14.166
2013-07-07 23:00:00,,-14.171
2013-07-08 00:00:00,,-14.173
2013-07-08 01:00:00,,-14.172
2013-07-08 02:00:00,,-14.169
2013-07-08 03:00:00,,-14.165
2013-07-08 04:00:00,,-14.162
2013-07-08 05:00:00,,-14.162
2013-07-08 06:00:00,,-14.163
2013-07-08 07:00:00,,-14.165
2013-07-08 08:00:00,,-14.169
2013-07-08 09:00:00,,-14.172
2013-07-08 10:00:00,,-14.176
2013-07-08 11:00:00,,-14.178
2013-07-08 12:00:00,,-14.177
2013-07-08 13:00:00,,-14.172
2013-07-08 14:00:00,,-14.166
2013-07-08 15:00:00,,-14.163
2013-07-08 16:00:00,,-14.16
2013-07-08 17:00:00,,-14.161
2013-07-08 18:00:00,,-14.159
2013-07-08 19:00:00,,-14.161
2013-07-08 20:00:00,,-14.166
2013-07-08 21:00:00,,-14.17
2013-07-08 22:00:00,,-14.171
2013-07-08 23:00:00,,-14.174
2013-07-09 00:00:00,,-14.173
2013-07-09 01:00:00,,-14.173
2013-07-09 02:00:00,,-14.17
2013-07-09 03:00:00,,-14.167
2013-07-09 04:00:00,,-14.164
2013-07-09 05:00:00,,-14.162
2013-07-09 06:00:00,,-14.162
2013-07-09 07:00:00,,-14.164
2013-07-09 08:00:00,,-14.166
2013-07-09 09:00:00,,-14.17
2013-07-09 10:00:00,,-14.173
2013-07-09 11:00:00,,-14.172
2013-07-09 12:00:00,,-14.171
2013-07-09 13:00:00,,-14.166
2013-07-09 14:00:00,,-14.162
2013-07-09 15:00:00,,-14.156
2013-07-09 16:00:00,,-14.152
2013-07-09 17:00:00,,-14.151
2013-07-09 18:00:00,,-14.151
2013-07-09 19:00:00,,-14.15
2013-07-09 20:00:00,,-14.151
2013-07-09 21:00:00,,-14.153
2013-07-09 22:00:00,,-14.154
2013-07-09 23:00:00,,-14.154
2013-07-10 00:00:00,,-14.155
2013-07-10 01:00:00,,-14.154
2013-07-10 02:00:00,,-14.152
2013-07-10 03:00:00,,-14.15
2013-07-10 04:00:00,,-14.145
2013-07-10 05:00:00,,-14.143
2013-07-10 06:00:00,,-14.144
2013-07-10 07:00:00,,-14.146
2013-07-10 08:00:00,,-14.148
2013-07-10 09:00:00,,-14.152
2013-07-10 10:00:00,,-14.155
2013-07-10 11:00:00,,-14.156
2013-07-10 12:00:00,,-14.155
2013-07-10 13:00:00,,-14.148
2013-07-10 14:00:00,,-14.142
2013-07-10 15:00:00,,-14.138
2013-07-10 16:00:00,,-14.133
2013-07-10 17:00:00,,-14.132
2013-07-10 18:00:00,,-14.132
2013-07-10 19:00:00,,-14.132
2013-07-10 20:00:00,,-14.136
2013-07-10 21:00:00,,-14.139
2013-07-10 22:00:00,,-14.142
2013-07-10 23:00:00,,-14.145
2013-07-11 00:00:00,,-14.147
2013-07-11 01:00:00,,-14.149
2013-07-11 02:00:00,,-14.149
2013-07-11 03:00:00,,-14.149
2013-07-11 04:00:00,,-14.147
2013-07-11 05:00:00,,-14.147
2013-07-11 06:00:00,,-14.148
2013-07-11 07:00:00,,-14.149
2013-07-11 08:00:00,,-14.15
2013-07-11 09:00:00,,-14.151
2013-07-11 10:00:00,,-14.154
2013-07-11 11:00:00,,-14.154
2013-07-11 12:00:00,,-14.153
2013-07-11 13:00:00,,-14.149
2013-07-11 14:00:00,,-14.143
2013-07-11 15:00:00,,-14.138
2013-07-11 16:00:00,,-14.133
2013-07-11 17:00:00,,-14.131
2013-07-11 18:00:00,,-14.129
2013-07-11 19:00:00,,-14.127
2013-07-11 20:00:00,,-14.129
2013-07-11 21:00:00,,-14.132
2013-07-11 22:00:00,,-14.135
2013-07-11 23:00:00,,-14.138
2013-07-12 00:00:00,,-14.139
2013-07-12 01:00:00,,-14.139
2013-07-12 02:00:00,,-14.139
2013-07-12 03:00:00,,-14.138
2013-07-12 04:00:00,,-14.137
2013-07-12 05:00:00,,-14.136
2013-07-12 06:00:00,,-14.134
2013-07-12 07:00:00,,-14.135
2013-07-12 08:00:00,,-14.136
2013-07-12 09:00:00,,-14.136
2013-07-12 10:00:00,,-14.138
2013-07-12 11:00:00,,-14.139
2013-07-12 12:00:00,,-14.137
2013-07-12 13:00:00,,-14.132
2013-07-12 14:00:00,,-14.127
2013-07-12 15:00:00,,-14.122
2013-07-12 16:00:00,,-14.117
2013-07-12 17:00:00,,-14.114
2013-07-12 18:00:00,,-14.112
2013-07-12 19:00:00,,-14.112
2013-07-12 20:00:00,,-14.114
2013-07-12 21:00:00,,-14.116
2013-07-12 22:00:00,,-14.119
2013-07-12 23:00:00,,-14.119
2013-07-13 00:00:00,,-14.121
2013-07-13 01:00:00,,-14.121
2013-07-13 02:00:00,,-14.121
2013-07-13 03:00:00,,-14.121
2013-07-13 04:00:00,,-14.12
2013-07-13 05:00:00,,-14.118
2013-07-13 06:00:00,,-14.116
2013-07-13 07:00:00,,-14.118
2013-07-13 08:00:00,,-14.118
2013-07-13 09:00:00,,-14.121
2013-07-13 10:00:00,,-14.122
2013-07-13 11:00:00,,-14.123
2013-07-13 12:00:00,,-14.123
2013-07-13 13:00:00,,-14.12
2013-07-13 14:00:00,,-14.116
2013-07-13 15:00:00,,-14.111
2013-07-13 16:00:00,,-14.108
2013-07-13 17:00:00,,-14.105
2013-07-13 18:00:00,,-14.104
2013-07-13 19:00:00,,-14.106
2013-07-13 20:00:00,,-14.109
2013-07-13 21:00:00,,-14.11
2013-07-13 22:00:00,,-14.113
2013-07-13 23:00:00,,-14.115
2013-07-14 00:00:00,,-14.115
2013-07-14 01:00:00,,-14.117
2013-07-14 02:00:00,,-14.117
2013-07-14 03:00:00,,-14.117
2013-07-14 04:00:00,,-14.116
2013-07-14 05:00:00,,-14.114
2013-07-14 06:00:00,,-14.114
2013-07-14 07:00:00,,-14.116
2013-07-14 08:00:00,,-14.117
2013-07-14 09:00:00,,-14.12
2013-07-14 10:00:00,,-14.122
2013-07-14 11:00:00,,-14.124
2013-07-14 12:00:00,,-14.124
2013-07-14 13:00:00,,-14.12
2013-07-14 14:00:00,,-14.117
2013-07-14 15:00:00,,-14.114
2013-07-14 16:00:00,,-14.113
2013-07-14 17:00:00,,-14.11
2013-07-14 18:00:00,,-14.109
2013-07-14 19:00:00,,-14.11
2013-07-14 20:00:00,,-14.113
2013-07-14 21:00:00,,-14.114
2013-07-14 22:00:00,,-14.117
2013-07-14 23:00:00,,-14.122
2013-07-15 00:00:00,,-14.123
2013-07-15 01:00:00,,-14.124
2013-07-15 02:00:00,,-14.126
2013-07-15 03:00:00,,-14.125
2013-07-15 04:00:00,,-14.128
2013-07-15 05:00:00,,-14.128
2013-07-15 06:00:00,,-14.13
2013-07-15 07:00:00,,-14.132
2013-07-15 08:00:00,,-14.134
2013-07-15 09:00:00,,-14.136
2013-07-15 10:00:00,,-14.139
2013-07-15 11:00:00,,-14.14
2013-07-15 12:00:00,,-14.141
2013-07-15 13:00:00,,-14.138
2013-07-15 14:00:00,,-14.135
2013-07-15 15:00:00,,-14.131
2013-07-15 16:00:00,,-14.129
2013-07-15 17:00:00,,-14.129
2013-07-15 18:00:00,,-14.129
2013-07-15 19:00:00,,-14.13
2013-07-15 20:00:00,,-14.132
2013-07-15 21:00:00,,-14.133
2013-07-15 22:00:00,,-14.136
2013-07-15 23:00:00,,-14.137
2013-07-16 00:00:00,,-14.138
2013-07-16 01:00:00,,-14.137
2013-07-16 02:00:00,,-14.137
2013-07-16 03:00:00,,-14.137
2013-07-16 04:00:00,,-14.138
2013-07-16 05:00:00,,-14.138
2013-07-16 06:00:00,,-14.138
2013-07-16 07:00:00,,-14.139
2013-07-16 08:00:00,,-14.141
2013-07-16 09:00:00,,-14.142
2013-07-16 10:00:00,,-14.143
2013-07-16 11:00:00,,-14.143
2013-07-16 12:00:00,,-14.14
2013-07-16 13:00:00,,-14.135
2013-07-16 14:00:00,,-14.129
2013-07-16 15:00:00,,-14.124
2013-07-16 16:00:00,,-14.121
2013-07-16 17:00:00,,-14.12
2013-07-16 18:00:00,,-14.118
2013-07-16 19:00:00,,-14.12
2013-07-16 20:00:00,,-14.122
2013-07-16 21:00:00,,-14.122
2013-07-16 22:00:00,,-14.121
2013-07-16 23:00:00,,-14.119
2013-07-17 00:00:00,,-14.118
2013-07-17 01:00:00,,-14.116
2013-07-17 02:00:00,,-14.113
2013-07-17 03:00:00,,-14.114
2013-07-17 04:00:00,,-14.114
2013-07-17 05:00:00,,-14.113
2013-07-17 06:00:00,,-14.113
2013-07-17 07:00:00,,-14.114
2013-07-17 08:00:00,,-14.116
2013-07-17 09:00:00,,-14.117
2013-07-17 10:00:00,,-14.117
2013-07-17 11:00:00,,-14.113
2013-07-17 12:00:00,,-14.108
2013-07-17 13:00:00,,-14.101
2013-07-17 14:00:00,,-14.093
2013-07-17 15:00:00,,-14.087
2013-07-17 16:00:00,,-14.085
2013-07-17 17:00:00,,-14.083
2013-07-17 18:00:00,,-14.083
2013-07-17 19:00:00,,-14.085
2013-07-17 20:00:00,,-14.088
2013-07-17 21:00:00,,-14.088
2013-07-17 22:00:00,,-14.09
2013-07-17 23:00:00,,-14.088
2013-07-18 00:00:00,,-14.086
2013-07-18 01:00:00,,-14.082
2013-07-18 02:00:00,,-14.08
2013-07-18 03:00:00,,-14.079
2013-07-18 04:00:00,,-14.08
2013-07-18 05:00:00,,-14.08
2013-07-18 06:00:00,,-14.084
2013-07-18 07:00:00,,-14.088
2013-07-18 08:00:00,,-14.091
2013-07-18 09:00:00,,-14.094
2013-07-18 10:00:00,,-14.095
2013-07-18 11:00:00,,-14.094
2013-07-18 12:00:00,,-14.092
2013-07-18 13:00:00,,-14.088
2013-07-18 14:00:00,,-14.081
2013-07-18 15:00:00,,-14.078
2013-07-18 16:00:00,,-14.076
2013-07-18 17:00:00,,-14.078
2013-07-18 18:00:00,,-14.08
2013-07-18 19:00:00,,-14.084
2013-07-18 20:00:00,,-14.09
2013-07-18 21:00:00,,-14.094
2013-07-18 22:00:00,,-14.096
2013-07-18 23:00:00,,-14.098
2013-07-19 00:00:00,,-14.098
2013-07-19 01:00:00,,-14.1
2013-07-19 02:00:00,,-14.099
2013-07-19 03:00:00,,-14.098
2013-07-19 04:00:00,,-14.099
2013-07-19 05:00:00,,-14.1
2013-07-19 06:00:00,,-14.104
2013-07-19 07:00:00,,-14.108
2013-07-19 08:00:00,,-14.114
2013-07-19 09:00:00,,-14.119
2013-07-19 10:00:00,,-14.123
2013-07-19 11:00:00,,-14.124
2013-07-19 12:00:00,,-14.123
2013-07-19 13:00:00,,-14.119
2013-07-19 14:00:00,,-14.114
2013-07-19 15:00:00,,-14.111
2013-07-19 16:00:00,,-14.11
2013-07-19 17:00:00,,-14.111
2013-07-19 18:00:00,,-14.114
2013-07-19 19:00:00,,-14.118
2013-07-19 20:00:00,,-14.125
2013-07-19 21:00:00,,-14.131
2013-07-19 22:00:00,,-14.135
2013-07-19 23:00:00,,-14.139
2013-07-20 00:00:00,,-14.139
2013-07-20 01:00:00,,-14.139
2013-07-20 02:00:00,,-14.138
2013-07-20 03:00:00,,-14.136
2013-07-20 04:00:00,,-14.136
2013-07-20 05:00:00,,-14.137
2013-07-20 06:00:00,,-14.139
2013-07-20 07:00:00,,-14.142
2013-07-20 08:00:00,,-14.147
2013-07-20 09:00:00,,-14.149
2013-07-20 10:00:00,,-14.153
2013-07-20 11:00:00,,-14.153
2013-07-20 12:00:00,,-14.151
2013-07-20 13:00:00,,-14.145
2013-07-20 14:00:00,,-14.137
2013-07-20 15:00:00,,-14.131
2013-07-20 16:00:00,,-14.126
2013-07-20 17:00:00,,-14.125
2013-07-20 18:00:00,,-14.125
2013-07-20 19:00:00,,-14.128
2013-07-20 20:00:00,,-14.133
2013-07-20 21:00:00,,-14.138
2013-07-20 22:00:00,,-14.144
2013-07-20 23:00:00,,-14.147
2013-07-21 00:00:00,,-14.147
2013-07-21 01:00:00,,-14.146
2013-07-21 02:00:00,,-14.143
2013-07-21 03:00:00,,-14.14
2013-07-21 04:00:00,,-14.139
2013-07-21 05:00:00,,-14.138
2013-07-21 06:00:00,,-14.137
2013-07-21 07:00:00,,-14.141
2013-07-21 08:00:00,,-14.145
2013-07-21 09:00:00,,-14.149
2013-07-21 10:00:00,,-14.152
2013-07-21 11:00:00,,-14.152
2013-07-21 12:00:00,,-14.15
2013-07-21 13:00:00,,-14.145
2013-07-21 14:00:00,,-14.137
2013-07-21 15:00:00,,-14.132
2013-07-21 16:00:00,,-14.128
2013-07-21 17:00:00,,-14.127
2013-07-21 18:00:00,,-14.127
2013-07-21 19:00:00,,-14.132
2013-07-21 20:00:00,,-14.137
2013-07-21 21:00:00,,-14.143
2013-07-21 22:00:00,,-14.148
2013-07-21 23:00:00,,-14.152
2013-07-22 00:00:00,,-14.155
2013-07-22 01:00:00,,-14.155
2013-07-22 02:00:00,,-14.152
2013-07-22 03:00:00,,-14.151
2013-07-22 04:00:00,,-14.149
2013-07-22 05:00:00,,-14.148
2013-07-22 06:00:00,,-14.15
2013-07-22 07:00:00,,-14.155
2013-07-22 08:00:00,,-14.159
2013-07-22 09:00:00,,-14.165
2013-07-22 10:00:00,,-14.17
2013-07-22 11:00:00,,-14.172
2013-07-22 12:00:00,,-14.172
2013-07-22 13:00:00,,-14.169
2013-07-22 14:00:00,,-14.163
2013-07-22 15:00:00,,-14.158
2013-07-22 16:00:00,,-14.154
2013-07-22 17:00:00,,-14.151
2013-07-22 18:00:00,,-14.152
2013-07-22 19:00:00,,-14.154
2013-07-22 20:00:00,,-14.16
2013-07-22 21:00:00,,-14.166
2013-07-22 22:00:00,,-14.175
2013-07-22 23:00:00,,-14.178
2013-07-23 00:00:00,,-14.182
2013-07-23 01:00:00,,-14.183
2013-07-23 02:00:00,,-14.182
2013-07-23 03:00:00,,-14.18
2013-07-23 04:00:00,,-14.178
2013-07-23 05:00:00,,-14.178
2013-07-23 06:00:00,,-14.178
2013-07-23 07:00:00,,-14.183
2013-07-23 08:00:00,,-14.187
2013-07-23 09:00:00,,-14.192
2013-07-23 10:00:00,,-14.198
2013-07-23 11:00:00,,-14.201
2013-07-23 12:00:00,,-14.199
2013-07-23 13:00:00,,-14.195
2013-07-23 14:00:00,,-14.188
2013-07-23 15:00:00,,-14.182
2013-07-23 16:00:00,,-14.179
2013-07-23 17:00:00,,-14.175
2013-07-23 18:00:00,,-14.174
2013-07-23 19:00:00,,-14.176
2013-07-23 20:00:00,,-14.18
2013-07-23 21:00:00,,-14.184
2013-07-23 22:00:00,,-14.19
2013-07-23 23:00:00,,-14.194
2013-07-24 00:00:00,,-14.198
2013-07-24 01:00:00,,-14.197
2013-07-24 02:00:00,,-14.195
2013-07-24 03:00:00,,-14.193
2013-07-24 04:00:00,,-14.19
2013-07-24 05:00:00,,-14.186
2013-07-24 06:00:00,,-14.184
2013-07-24 07:00:00,,-14.186
2013-07-24 08:00:00,,-14.188
2013-07-24 09:00:00,,-14.191
2013-07-24 10:00:00,,-14.193
2013-07-24 11:00:00,,-14.195
2013-07-24 12:00:00,,-14.192
2013-07-24 13:00:00,,-14.186
2013-07-24 14:00:00,,-14.181
2013-07-24 15:00:00,,-14.172
2013-07-24 16:00:00,,-14.167
2013-07-24 17:00:00,,-14.163
2013-07-24 18:00:00,,-14.161
2013-07-24 19:00:00,,-14.162
2013-07-24 20:00:00,,-14.164
2013-07-24 21:00:00,,-14.168
2013-07-24 22:00:00,,-14.173
2013-07-24 23:00:00,,-14.176
2013-07-25 00:00:00,,-14.179
2013-07-25 01:00:00,,-14.18
2013-07-25 02:00:00,,-14.179
2013-07-25 03:00:00,,-14.176
2013-07-25 04:00:00,,-14.173
2013-07-25 05:00:00,,-14.17
2013-07-25 06:00:00,,-14.166
2013-07-25 07:00:00,,-14.166
2013-07-25 08:00:00,,-14.169
2013-07-25 09:00:00,,-14.171
2013-07-25 10:00:00,,-14.174
2013-07-25 11:00:00,,-14.174
2013-07-25 12:00:00,,-14.173
2013-07-25 13:00:00,,-14.171
2013-07-25 14:00:00,,-14.166
2013-07-25 15:00:00,,-14.161
2013-07-25 16:00:00,,-14.155
2013-07-25 17:00:00,,-14.151
2013-07-25 18:00:00,,-14.148
2013-07-25 19:00:00,,-14.148
2013-07-25 20:00:00,,-14.149
2013-07-25 21:00:00,,-14.152
2013-07-25 22:00:00,,-14.154
2013-07-25 23:00:00,,-14.157
2013-07-26 00:00:00,,-14.159
2013-07-26 01:00:00,,-14.161
2013-07-26 02:00:00,,-14.159
2013-07-26 03:00:00,,-14.158
2013-07-26 04:00:00,,-14.155
2013-07-26 05:00:00,,-14.152
2013-07-26 06:00:00,,-14.149
2013-07-26 07:00:00,,-14.148
2013-07-26 08:00:00,,-14.149
2013-07-26 09:00:00,,-14.151
2013-07-26 10:00:00,,-14.152
2013-07-26 11:00:00,,-14.153
2013-07-26 12:00:00,,-14.153
2013-07-26 13:00:00,,-14.148
2013-07-26 14:00:00,,-14.143
2013-07-26 15:00:00,,-14.137
2013-07-26 16:00:00,,-14.133
2013-07-26 17:00:00,,-14.129
2013-07-26 18:00:00,,-14.128
2013-07-26 19:00:00,,-14.128
2013-07-26 20:00:00,,-14.129
2013-07-26 21:00:00,,-14.129
2013-07-26 22:00:00,,-14.13
2013-07-26 23:00:00,,-14.131
2013-07-27 00:00:00,,-14.133
2013-07-27 01:00:00,,-14.133
2013-07-27 02:00:00,,-14.131
2013-07-27 03:00:00,,-14.131
2013-07-27 04:00:00,,-14.13
2013-07-27 05:00:00,,-14.127
2013-07-27 06:00:00,,-14.125
2013-07-27 07:00:00,,-14.123
2013-07-27 08:00:00,,-14.124
2013-07-27 09:00:00,,-14.125
2013-07-27 10:00:00,,-14.126
2013-07-27 11:00:00,,-14.125
2013-07-27 12:00:00,,-14.124
2013-07-27 13:00:00,,-14.12
2013-07-27 14:00:00,,-14.117
2013-07-27 15:00:00,,-14.112
2013-07-27 16:00:00,,-14.107
2013-07-27 17:00:00,,-14.106
2013-07-27 18:00:00,,-14.105
2013-07-27 19:00:00,,-14.105
2013-07-27 20:00:00,,-14.106
2013-07-27 21:00:00,,-14.108
2013-07-27 22:00:00,,-14.108
2013-07-27 23:00:00,,-14.111
2013-07-28 00:00:00,,-14.112
2013-07-28 01:00:00,,-14.113
2013-07-28 02:00:00,,-14.113
2013-07-28 03:00:00,,-14.113
2013-07-28 04:00:00,,-14.114
2013-07-28 05:00:00,,-14.114
2013-07-28 06:00:00,,-14.115
2013-07-28 07:00:00,,-14.116
2013-07-28 08:00:00,,-14.118
2013-07-28 09:00:00,,-14.12
2013-07-28 10:00:00,,-14.122
2013-07-28 11:00:00,,-14.123
2013-07-28 12:00:00,,-14.122
2013-07-28 13:00:00,,-14.118
2013-07-28 14:00:00,,-14.115
2013-07-28 15:00:00,,-14.111
2013-07-28 16:00:00,,-14.109
2013-07-28 17:00:00,,-14.108
2013-07-28 18:00:00,,-14.109
2013-07-28 19:00:00,,-14.11
2013-07-28 20:00:00,,-14.114
2013-07-28 21:00:00,,-14.116
2013-07-28 22:00:00,,-14.118
2013-07-28 23:00:00,,-14.12
2013-07-29 00:00:00,,-14.123
2013-07-29 01:00:00,,-14.122
2013-07-29 02:00:00,,-14.125
2013-07-29 03:00:00,,-14.126
2013-07-29 04:00:00,,-14.126
2013-07-29 05:00:00,,-14.125
2013-07-29 06:00:00,,-14.127
2013-07-29 07:00:00,,-14.129
2013-07-29 08:00:00,,-14.13
2013-07-29 09:00:00,,-14.133
2013-07-29 10:00:00,,-14.134
2013-07-29 11:00:00,,-14.134
2013-07-29 12:00:00,,-14.133
2013-07-29 13:00:00,,-14.13
2013-07-29 14:00:00,,-14.126
2013-07-29 15:00:00,,-14.123
2013-07-29 16:00:00,,-14.122
2013-07-29 17:00:00,,-14.121
2013-07-29 18:00:00,,-14.122
2013-07-29 19:00:00,,-14.125
2013-07-29 20:00:00,,-14.128
2013-07-29 21:00:00,,-14.131
2013-07-29 22:00:00,,-14.134
2013-07-29 23:00:00,,-14.135
2013-07-30 00:00:00,,-14.137
2013-07-30 01:00:00,,-14.136
2013-07-30 02:00:00,,-14.135
2013-07-30 03:00:00,,-14.135
2013-07-30 04:00:00,,-14.134
2013-07-30 05:00:00,,-14.133
2013-07-30 06:00:00,,-14.134
2013-07-30 07:00:00,,-14.136
2013-07-30 08:00:00,,-14.141
2013-07-30 09:00:00,,-14.142
2013-07-30 10:00:00,,-14.144
2013-07-30 11:00:00,,-14.143
2013-07-30 12:00:00,,-14.14
2013-07-30 13:00:00,,-14.135
2013-07-30 14:00:00,,-14.13
2013-07-30 15:00:00,,-14.126
2013-07-30 16:00:00,,-14.124
2013-07-30 17:00:00,,-14.124
2013-07-30 18:00:00,,-14.124
2013-07-30 19:00:00,,-14.126
2013-07-30 20:00:00,,-14.128
2013-07-30 21:00:00,,-14.131
2013-07-30 22:00:00,,-14.133
2013-07-30 23:00:00,,-14.133
2013-07-31 00:00:00,,-14.134
2013-07-31 01:00:00,,-14.13
2013-07-31 02:00:00,,-14.129
2013-07-31 03:00:00,,-14.129
2013-07-31 04:00:00,,-14.131
2013-07-31 05:00:00,,-14.132
2013-07-31 06:00:00,,-14.134
2013-07-31 07:00:00,,-14.135
2013-07-31 08:00:00,,-14.137
2013-07-31 09:00:00,,-14.14
2013-07-31 10:00:00,,-14.141
2013-07-31 11:00:00,,-14.14
2013-07-31 12:00:00,,-14.136
2013-07-31 13:00:00,,-14.131
2013-07-31 14:00:00,,-14.124
2013-07-31 15:00:00,,-14.12
2013-07-31 16:00:00,,-14.119
2013-07-31 17:00:00,,-14.117
2013-07-31 18:00:00,,-14.117
2013-07-31 19:00:00,,-14.119
2013-07-31 20:00:00,,-14.122
2013-07-31 21:00:00,,-14.123
2013-07-31 22:00:00,,-14.124
2013-07-31 23:00:00,,-14.124
2013-08-01 00:00:00,,-14.123
2013-08-01 01:00:00,,-14.122
2013-08-01 02:00:00,,-14.12
2013-08-01 03:00:00,,-14.119
2013-08-01 04:00:00,,-14.117
2013-08-01 05:00:00,,-14.117
2013-08-01 06:00:00,,-14.121
2013-08-01 07:00:00,,-14.124
2013-08-01 08:00:00,,-14.128
2013-08-01 09:00:00,,-14.13
2013-08-01 10:00:00,,-14.132
2013-08-01 11:00:00,,-14.132
2013-08-01 12:00:00,,-14.129
2013-08-01 13:00:00,,-14.124
2013-08-01 14:00:00,,-14.119
2013-08-01 15:00:00,,-14.115
2013-08-01 16:00:00,,-14.113
2013-08-01 17:00:00,,-14.112
2013-08-01 18:00:00,,-14.113
2013-08-01 19:00:00,,-14.117
2013-08-01 20:00:00,,-14.121
2013-08-01 21:00:00,,-14.124
2013-08-01 22:00:00,,-14.127
2013-08-01 23:00:00,,-14.129
2013-08-02 00:00:00,,-14.129
2013-08-02 01:00:00,,-14.13
2013-08-02 02:00:00,,-14.128
2013-08-02 03:00:00,,-14.129
2013-08-02 04:00:00,,-14.131
2013-08-02 05:00:00,,-14.131
2013-08-02 06:00:00,,-14.135
2013-08-02 07:00:00,,-14.14
2013-08-02 08:00:00,,-14.144
2013-08-02 09:00:00,,-14.149
2013-08-02 10:00:00,,-14.154
2013-08-02 11:00:00,,-14.155
2013-08-02 12:00:00,,-14.153
2013-08-02 13:00:00,,-14.149
2013-08-02 14:00:00,,-14.143
2013-08-02 15:00:00,,-14.139
2013-08-02 16:00:00,,-14.135
2013-08-02 17:00:00,,-14.136
2013-08-02 18:00:00,,-14.136
2013-08-02 19:00:00,,-14.14
2013-08-02 20:00:00,,-14.145
2013-08-02 21:00:00,,-14.15
2013-08-02 22:00:00,,-14.152
2013-08-02 23:00:00,,-14.155
2013-08-03 00:00:00,,-14.155
2013-08-03 01:00:00,,-14.155
2013-08-03 02:00:00,,-14.155
2013-08-03 03:00:00,,-14.154
2013-08-03 04:00:00,,-14.154
2013-08-03 05:00:00,,-14.155
2013-08-03 06:00:00,,-14.157
2013-08-03 07:00:00,,-14.16
2013-08-03 08:00:00,,-14.164
2013-08-03 09:00:00,,-14.168
2013-08-03 10:00:00,,-14.171
2013-08-03 11:00:00,,-14.171
2013-08-03 12:00:00,,-14.168
2013-08-03 13:00:00,,-14.164
2013-08-03 14:00:00,,-14.157
2013-08-03 15:00:00,,-14.151
2013-08-03 16:00:00,,-14.147
2013-08-03 17:00:00,,-14.146
2013-08-03 18:00:00,,-14.145
2013-08-03 19:00:00,,-14.148
2013-08-03 20:00:00,,-14.152
2013-08-03 21:00:00,,-14.156
2013-08-03 22:00:00,,-14.159
2013-08-03 23:00:00,,-14.161
2013-08-04 00:00:00,,-14.16
2013-08-04 01:00:00,,-14.159
2013-08-04 02:00:00,,-14.157
2013-08-04 03:00:00,,-14.154
2013-08-04 04:00:00,,-14.152
2013-08-04 05:00:00,,-14.15
2013-08-04 06:00:00,,-14.151
2013-08-04 07:00:00,,-14.155
2013-08-04 08:00:00,,-14.159
2013-08-04 09:00:00,,-14.163
2013-08-04 10:00:00,,-14.167
2013-08-04 11:00:00,,-14.167
2013-08-04 12:00:00,,-14.165
2013-08-04 13:00:00,,-14.159
2013-08-04 14:00:00,,-14.152
2013-08-04 15:00:00,,-14.146
2013-08-04 16:00:00,,-14.141
2013-08-04 17:00:00,,-14.137
2013-08-04 18:00:00,,-14.136
2013-08-04 19:00:00,,-14.138
2013-08-04 20:00:00,,-14.143
2013-08-04 21:00:00,,-14.145
2013-08-04 22:00:00,,-14.148
2013-08-04 23:00:00,,-14.15
2013-08-05 00:00:00,,-14.15
2013-08-05 01:00:00,,-14.149
2013-08-05 02:00:00,,-14.148
2013-08-05 03:00:00,,-14.143
2013-08-05 04:00:00,,-14.142
2013-08-05 05:00:00,,-14.14
2013-08-05 06:00:00,,-14.141
2013-08-05 07:00:00,,-14.144
2013-08-05 08:00:00,,-14.148
2013-08-05 09:00:00,,-14.153
2013-08-05 10:00:00,,-14.157
2013-08-05 11:00:00,,-14.158
2013-08-05 12:00:00,,-14.154
2013-08-05 13:00:00,,-14.148
2013-08-05 14:00:00,,-14.14
2013-08-05 15:00:00,,-14.133
2013-08-05 16:00:00,,-14.129
2013-08-05 17:00:00,,-14.125
2013-08-05 18:00:00,,-14.125
2013-08-05 19:00:00,,-14.127
2013-08-05 20:00:00,,-14.132
2013-08-05 21:00:00,,-14.135
2013-08-05 22:00:00,,-14.138
2013-08-05 23:00:00,,-14.139
2013-08-06 00:00:00,,-14.139
2013-08-06 01:00:00,,-14.137
2013-08-06 02:00:00,,-14.135
2013-08-06 03:00:00,,-14.131
2013-08-06 04:00:00,,-14.128
2013-08-06 05:00:00,,-14.126
2013-08-06 06:00:00,,-14.127
2013-08-06 07:00:00,,-14.13
2013-08-06 08:00:00,,-14.136
2013-08-06 09:00:00,,-14.141
2013-08-06 10:00:00,,-14.143
2013-08-06 11:00:00,,-14.143
2013-08-06 12:00:00,,-14.141
2013-08-06 13:00:00,,-14.135
2013-08-06 14:00:00,,-14.128
2013-08-06 15:00:00,,-14.122
2013-08-06 16:00:00,,-14.117
2013-08-06 17:00:00,,-14.113
2013-08-06 18:00:00,,-14.114
2013-08-06 19:00:00,,-14.116
2013-08-06 20:00:00,,-14.121
2013-08-06 21:00:00,,-14.126
2013-08-06 22:00:00,,-14.129
2013-08-06 23:00:00,,-14.131
2013-08-07 00:00:00,,-14.131
2013-08-07 01:00:00,,-14.13
2013-08-07 02:00:00,,-14.128
2013-08-07 03:00:00,,-14.125
2013-08-07 04:00:00,,-14.122
2013-08-07 05:00:00,,-14.121
2013-08-07 06:00:00,,-14.121
2013-08-07 07:00:00,,-14.123
2013-08-07 08:00:00,,-14.128
2013-08-07 09:00:00,,-14.132
2013-08-07 10:00:00,,-14.136
2013-08-07 11:00:00,,-14.137
2013-08-07 12:00:00,,-14.135
2013-08-07 13:00:00,,-14.13
2013-08-07 14:00:00,,-14.123
2013-08-07 15:00:00,,-14.118
2013-08-07 16:00:00,,-14.113
2013-08-07 17:00:00,,-14.109
2013-08-07 18:00:00,,-14.11
2013-08-07 19:00:00,,-14.112
2013-08-07 20:00:00,,-14.116
2013-08-07 21:00:00,,-14.121
2013-08-07 22:00:00,,-14.126
2013-08-07 23:00:00,,-14.129
2013-08-08 00:00:00,,-14.131
2013-08-08 01:00:00,,-14.131
2013-08-08 02:00:00,,-14.13
2013-08-08 03:00:00,,-14.127
2013-08-08 04:00:00,,-14.125
2013-08-08 05:00:00,,-14.124
2013-08-08 06:00:00,,-14.124
2013-08-08 07:00:00,,-14.127
2013-08-08 08:00:00,,-14.129
2013-08-08 09:00:00,,-14.134
2013-08-08 10:00:00,,-14.138
2013-08-08 11:00:00,,-14.139
2013-08-08 12:00:00,,-14.138
2013-08-08 13:00:00,,-14.134
2013-08-08 14:00:00,,-14.127
2013-08-08 15:00:00,,-14.12
2013-08-08 16:00:00,,-14.117
2013-08-08 17:00:00,,-14.112
2013-08-08 18:00:00,,-14.112
2013-08-08 19:00:00,,-14.113
2013-08-08 20:00:00,,-14.115
2013-08-08 21:00:00,,-14.12
2013-08-08 22:00:00,,-14.123
2013-08-08 23:00:00,,-14.125
2013-08-09 00:00:00,,-14.126
2013-08-09 01:00:00,,-14.127
2013-08-09 02:00:00,,-14.126
2013-08-09 03:00:00,,-14.125
2013-08-09 04:00:00,,-14.123
2013-08-09 05:00:00,,-14.121
2013-08-09 06:00:00,,-14.122
2013-08-09 07:00:00,,-14.124
2013-08-09 08:00:00,,-14.125
2013-08-09 09:00:00,,-14.128
2013-08-09 10:00:00,,-14.132
2013-08-09 11:00:00,,-14.134
2013-08-09 12:00:00,,-14.132
2013-08-09 13:00:00,,-14.128
2013-08-09 14:00:00,,-14.123
2013-08-09 15:00:00,,-14.117
2013-08-09 16:00:00,,-14.112
2013-08-09 17:00:00,,-14.108
2013-08-09 18:00:00,,-14.107
2013-08-09 19:00:00,,-14.107
2013-08-09 20:00:00,,-14.109
2013-08-09 21:00:00,,-14.112
2013-08-09 22:00:00,,-14.114
2013-08-09 23:00:00,,-14.118
2013-08-10 00:00:00,,-14.119
2013-08-10 01:00:00,,-14.12
2013-08-10 02:00:00,,-14.119
2013-08-10 03:00:00,,-14.117
2013-08-10 04:00:00,,-14.115
2013-08-10 05:00:00,,-14.114
2013-08-10 06:00:00,,-14.115
2013-08-10 07:00:00,,-14.116
2013-08-10 08:00:00,,-14.118
2013-08-10 09:00:00,,-14.121
2013-08-10 10:00:00,,-14.123
2013-08-10 11:00:00,,-14.125
2013-08-10 12:00:00,,-14.124
2013-08-10 13:00:00,,-14.12
2013-08-10 14:00:00,,-14.116
2013-08-10 15:00:00,,-14.111
2013-08-10 16:00:00,,-14.107
2013-08-10 17:00:00,,-14.104
2013-08-10 18:00:00,,-14.101
2013-08-10 19:00:00,,-14.102
2013-08-10 20:00:00,,-14.103
2013-08-10 21:00:00,,-14.106
2013-08-10 22:00:00,,-14.109
2013-08-10 23:00:00,,-14.114
2013-08-11 00:00:00,,-14.115
2013-08-11 01:00:00,,-14.116
2013-08-11 02:00:00,,-14.115
2013-08-11 03:00:00,,-14.114
2013-08-11 04:00:00,,-14.111
2013-08-11 05:00:00,,-14.11
2013-08-11 06:00:00,,-14.107
2013-08-11 07:00:00,,-14.108
2013-08-11 08:00:00,,-14.111
2013-08-11 09:00:00,,-14.113
2013-08-11 10:00:00,,-14.115
2013-08-11 11:00:00,,-14.115
2013-08-11 12:00:00,,-14.114
2013-08-11 13:00:00,,-14.11
2013-08-11 14:00:00,,-14.106
2013-08-11 15:00:00,,-14.101
2013-08-11 16:00:00,,-14.097
2013-08-11 17:00:00,,-14.093
2013-08-11 18:00:00,,-14.09
2013-08-11 19:00:00,,-14.09
2013-08-11 20:00:00,,-14.091
2013-08-11 21:00:00,,-14.095
2013-08-11 22:00:00,,-14.097
2013-08-11 23:00:00,,-14.1
2013-08-12 00:00:00,,-14.101
2013-08-12 01:00:00,,-14.102
2013-08-12 02:00:00,,-14.101
2013-08-12 03:00:00,,-14.101
2013-08-12 04:00:00,,-14.099
2013-08-12 05:00:00,,-14.1
2013-08-12 06:00:00,,-14.1
2013-08-12 07:00:00,,-14.099
2013-08-12 08:00:00,,-14.1
2013-08-12 09:00:00,,-14.102
2013-08-12 10:00:00,,-14.103
2013-08-12 11:00:00,,-14.105
2013-08-12 12:00:00,,-14.103
2013-08-12 13:00:00,,-14.101
2013-08-12 14:00:00,,-14.098
2013-08-12 15:00:00,,-14.096
2013-08-12 16:00:00,,-14.094
2013-08-12 17:00:00,,-14.094
2013-08-12 18:00:00,,-14.094
2013-08-12 19:00:00,,-14.095
2013-08-12 20:00:00,,-14.097
2013-08-12 21:00:00,,-14.102
2013-08-12 22:00:00,,-14.106
2013-08-12 23:00:00,,-14.109
2013-08-13 00:00:00,,-14.113
2013-08-13 01:00:00,,-14.114
2013-08-13 02:00:00,,-14.116
2013-08-13 03:00:00,,-14.117
2013-08-13 04:00:00,,-14.117
2013-08-13 05:00:00,,-14.117
2013-08-13 06:00:00,,-14.119
2013-08-13 07:00:00,,-14.122
2013-08-13 08:00:00,,-14.126
2013-08-13 09:00:00,,-14.127
2013-08-13 10:00:00,,-14.129
2013-08-13 11:00:00,,-14.129
2013-08-13 12:00:00,,-14.127
2013-08-13 13:00:00,,-14.123
2013-08-13 14:00:00,,-14.118
2013-08-13 15:00:00,,-14.112
2013-08-13 16:00:00,,-14.108
2013-08-13 17:00:00,,-14.106
2013-08-13 18:00:00,,-14.105
2013-08-13 19:00:00,,-14.105
2013-08-13 20:00:00,,-14.106
2013-08-13 21:00:00,,-14.107
2013-08-13 22:00:00,,-14.108
2013-08-13 23:00:00,,-14.108
2013-08-14 00:00:00,,-14.108
2013-08-14 01:00:00,,-14.108
2013-08-14 02:00:00,,-14.108
2013-08-14 03:00:00,,-14.107
2013-08-14 04:00:00,,-14.106
2013-08-14 05:00:00,,-14.105
2013-08-14 06:00:00,,-14.106
2013-08-14 07:00:00,,-14.11
2013-08-14 08:00:00,,-14.113
2013-08-14 09:00:00,,-14.116
2013-08-14 10:00:00,,-14.119
2013-08-14 11:00:00,,-14.121
2013-08-14 12:00:00,,-14.118
2013-08-14 13:00:00,,-14.115
2013-08-14 14:00:00,,-14.111
2013-08-14 15:00:00,,-14.108
2013-08-14 16:00:00,,-14.108
2013-08-14 17:00:00,,-14.106
2013-08-14 18:00:00,,-14.107
2013-08-14 19:00:00,,-14.109
2013-08-14 20:00:00,,-14.112
2013-08-14 21:00:00,,-14.115
2013-08-14 22:00:00,,-14.119
2013-08-14 23:00:00,,-14.121
2013-08-15 00:00:00,,-14.122
2013-08-15 01:00:00,,-14.124
2013-08-15 02:00:00,,-14.124
2013-08-15 03:00:00,,-14.125
2013-08-15 04:00:00,,-14.126
2013-08-15 05:00:00,,-14.127
2013-08-15 06:00:00,,-14.129
2013-08-15 07:00:00,,-14.131
2013-08-15 08:00:00,,-14.134
2013-08-15 09:00:00,,-14.137
2013-08-15 10:00:00,,-14.138
2013-08-15 11:00:00,,-14.138
2013-08-15 12:00:00,,-14.135
2013-08-15 13:00:00,,-14.129
2013-08-15 14:00:00,,-14.124
2013-08-15 15:00:00,,-14.118
2013-08-15 16:00:00,,-14.113
2013-08-15 17:00:00,,-14.112
2013-08-15 18:00:00,,-14.111
2013-08-15 19:00:00,,-14.111
2013-08-15 20:00:00,,-14.112
2013-08-15 21:00:00,,-14.112
2013-08-15 22:00:00,,-14.111
2013-08-15 23:00:00,,-14.11
2013-08-16 00:00:00,,-14.108
2013-08-16 01:00:00,,-14.104
2013-08-16 02:00:00,,-14.101
2013-08-16 03:00:00,,-14.099
2013-08-16 04:00:00,,-14.097
2013-08-16 05:00:00,,-14.095
2013-08-16 06:00:00,,-14.096
2013-08-16 07:00:00,,-14.097
2013-08-16 08:00:00,,-14.099
2013-08-16 09:00:00,,-14.101
2013-08-16 10:00:00,,-14.102
2013-08-16 11:00:00,,-14.1
2013-08-16 12:00:00,,-14.096
2013-08-16 13:00:00,,-14.089
2013-08-16 14:00:00,,-14.083
2013-08-16 15:00:00,,-14.077
2013-08-16 16:00:00,,-14.074
2013-08-16 17:00:00,,-14.073
2013-08-16 18:00:00,,-14.075
2013-08-16 19:00:00,,-14.079
2013-08-16 20:00:00,,-14.085
2013-08-16 21:00:00,,-14.089
2013-08-16 22:00:00,,-14.091
2013-08-16 23:00:00,,-14.093
2013-08-17 00:00:00,,-14.093
2013-08-17 01:00:00,,-14.093
2013-08-17 02:00:00,,-14.094
2013-08-17 03:00:00,,-14.094
2013-08-17 04:00:00,,-14.097
2013-08-17 05:00:00,,-14.098
2013-08-17 06:00:00,,-14.103
2013-08-17 07:00:00,,-14.109
2013-08-17 08:00:00,,-14.115
2013-08-17 09:00:00,,-14.122
2013-08-17 10:00:00,,-14.126
2013-08-17 11:00:00,,-14.126
2013-08-17 12:00:00,,-14.124
2013-08-17 13:00:00,,-14.12
2013-08-17 14:00:00,,-14.115
2013-08-17 15:00:00,,-14.112
2013-08-17 16:00:00,,-14.112
2013-08-17 17:00:00,,-14.113
2013-08-17 18:00:00,,-14.116
2013-08-17 19:00:00,,-14.12
2013-08-17 20:00:00,,-14.125
2013-08-17 21:00:00,,-14.129
2013-08-17 22:00:00,,-14.13
2013-08-17 23:00:00,,-14.13
2013-08-18 00:00:00,,-14.129
2013-08-18 01:00:00,,-14.127
2013-08-18 02:00:00,,-14.124
2013-08-18 03:00:00,,-14.121
2013-08-18 04:00:00,,-14.12
2013-08-18 05:00:00,,-14.121
2013-08-18 06:00:00,,-14.125
2013-08-18 07:00:00,,-14.13
2013-08-18 08:00:00,,-14.135
2013-08-18 09:00:00,,-14.139
2013-08-18 10:00:00,,-14.141
2013-08-18 11:00:00,,-14.141
2013-08-18 12:00:00,,-14.136
2013-08-18 13:00:00,,-14.131
2013-08-18 14:00:00,,-14.124
2013-08-18 15:00:00,,-14.118
2013-08-18 16:00:00,,-14.113
2013-08-18 17:00:00,,-14.112
2013-08-18 18:00:00,,-14.114
2013-08-18 19:00:00,,-14.117
2013-08-18 20:00:00,,-14.123
2013-08-18 21:00:00,,-14.127
2013-08-18 22:00:00,,-14.131
2013-08-18 23:00:00,,-14.132
2013-08-19 00:00:00,,-14.132
2013-08-19 01:00:00,,-14.13
2013-08-19 02:00:00,,-14.127
2013-08-19 03:00:00,,-14.125
2013-08-19 04:00:00,,-14.123
2013-08-19 05:00:00,,-14.124
2013-08-19 06:00:00,,-14.126
2013-08-19 07:00:00,,-14.13
2013-08-19 08:00:00,,-14.134
2013-08-19 09:00:00,,-14.138
2013-08-19 10:00:00,,-14.142
2013-08-19 11:00:00,,-14.141
2013-08-19 12:00:00,,-14.137
2013-08-19 13:00:00,,-14.131
2013-08-19 14:00:00,,-14.124
2013-08-19 15:00:00,,-14.118
2013-08-19 16:00:00,,-14.113
2013-08-19 17:00:00,,-14.11
2013-08-19 18:00:00,,-14.111
2013-08-19 19:00:00,,-14.113
2013-08-19 20:00:00,,-14.119
2013-08-19 21:00:00,,-14.124
2013-08-19 22:00:00,,-14.128
2013-08-19 23:00:00,,-14.13
2013-08-20 00:00:00,,-14.13
2013-08-20 01:00:00,,-14.131
2013-08-20 02:00:00,,-14.127
2013-08-20 03:00:00,,-14.125
2013-08-20 04:00:00,,-14.122
2013-08-20 05:00:00,,-14.122
2013-08-20 06:00:00,,-14.125
2013-08-20 07:00:00,,-14.128
2013-08-20 08:00:00,,-14.135
2013-08-20 09:00:00,,-14.14
2013-08-20 10:00:00,,-14.144
2013-08-20 11:00:00,,-14.146
2013-08-20 12:00:00,,-14.143
2013-08-20 13:00:00,,-14.138
2013-08-20 14:00:00,,-14.132
2013-08-20 15:00:00,,-14.126
2013-08-20 16:00:00,,-14.121
2013-08-20 17:00:00,,-14.119
2013-08-20 18:00:00,,-14.12
2013-08-20 19:00:00,,-14.123
2013-08-20 20:00:00,,-14.128
2013-08-20 21:00:00,,-14.134
2013-08-20 22:00:00,,-14.141
2013-08-20 23:00:00,,-14.146
2013-08-21 00:00:00,,-14.149
2013-08-21 01:00:00,,-14.148
2013-08-21 02:00:00,,-14.145
2013-08-21 03:00:00,,-14.14
2013-08-21 04:00:00,,-14.136
2013-08-21 05:00:00,,-14.133
2013-08-21 06:00:00,,-14.134
2013-08-21 07:00:00,,-14.137
2013-08-21 08:00:00,,-14.141
2013-08-21 09:00:00,,-14.147
2013-08-21 10:00:00,,-14.151
2013-08-21 11:00:00,,-14.152
2013-08-21 12:00:00,,-14.15
2013-08-21 13:00:00,,-14.145
2013-08-21 14:00:00,,-14.139
2013-08-21 15:00:00,,-14.132
2013-08-21 16:00:00,,-14.127
2013-08-21 17:00:00,,-14.124
2013-08-21 18:00:00,,-14.123
2013-08-21 19:00:00,,-14.125
2013-08-21 20:00:00,,-14.128
2013-08-21 21:00:00,,-14.134
2013-08-21 22:00:00,,-14.14
2013-08-21 23:00:00,,-14.145
2013-08-22 00:00:00,,-14.148
2013-08-22 01:00:00,,-14.15
2013-08-22 02:00:00,,-14.15
2013-08-22 03:00:00,,-14.147
2013-08-22 04:00:00,,-14.144
2013-08-22 05:00:00,,-14.142
2013-08-22 06:00:00,,-14.143
2013-08-22 07:00:00,,-14.146
2013-08-22 08:00:00,,-14.151
2013-08-22 09:00:00,,-14.157
2013-08-22 10:00:00,,-14.162
2013-08-22 11:00:00,,-14.164
2013-08-22 12:00:00,,-14.163
2013-08-22 13:00:00,,-14.16
2013-08-22 14:00:00,,-14.154
2013-08-22 15:00:00,,-14.148
2013-08-22 16:00:00,,-14.144
2013-08-22 17:00:00,,-14.139
2013-08-22 18:00:00,,-14.138
2013-08-22 19:00:00,,-14.14
2013-08-22 20:00:00,,-14.144
2013-08-22 21:00:00,,-14.148
2013-08-22 22:00:00,,-14.153
2013-08-22 23:00:00,,-14.158
2013-08-23 00:00:00,,-14.161
2013-08-23 01:00:00,,-14.164
2013-08-23 02:00:00,,-14.162
2013-08-23 03:00:00,,-14.161
2013-08-23 04:00:00,,-14.159
2013-08-23 05:00:00,,-14.158
2013-08-23 06:00:00,,-14.159
2013-08-23 07:00:00,,-14.161
2013-08-23 08:00:00,,-14.164
2013-08-23 09:00:00,,-14.169
2013-08-23 10:00:00,,-14.174
2013-08-23 11:00:00,,-14.175
2013-08-23 12:00:00,,-14.174
2013-08-23 13:00:00,,-14.17
2013-08-23 14:00:00,,-14.165
2013-08-23 15:00:00,,-14.159
2013-08-23 16:00:00,,-14.154
2013-08-23 17:00:00,,-14.15
2013-08-23 18:00:00,,-14.149
2013-08-23 19:00:00,,-14.149
2013-08-23 20:00:00,,-14.152
2013-08-23 21:00:00,,-14.155
2013-08-23 22:00:00,,-14.161
2013-08-23 23:00:00,,-14.165
2013-08-24 00:00:00,,-14.168
2013-08-24 01:00:00,,-14.169
2013-08-24 02:00:00,,-14.168
2013-08-24 03:00:00,,-14.166
2013-08-24 04:00:00,,-14.163
2013-08-24 05:00:00,,-14.163
2013-08-24 06:00:00,,-14.163
2013-08-24 07:00:00,,-14.165
2013-08-24 08:00:00,,-14.169
2013-08-24 09:00:00,,-14.174
2013-08-24 10:00:00,,-14.177
2013-08-24 11:00:00,,-14.178
2013-08-24 12:00:00,,-14.175
2013-08-24 13:00:00,,-14.171
2013-08-24 14:00:00,,-14.165
2013-08-24 15:00:00,,-14.158
2013-08-24 16:00:00,,-14.155
2013-08-24 17:00:00,,-14.149
2013-08-24 18:00:00,,-14.147
2013-08-24 19:00:00,,-14.147
2013-08-24 20:00:00,,-14.148
2013-08-24 21:00:00,,-14.15
2013-08-24 22:00:00,,-14.153
2013-08-24 23:00:00,,-14.156
2013-08-25 00:00:00,,-14.159
2013-08-25 01:00:00,,-14.161
2013-08-25 02:00:00,,-14.16
2013-08-25 03:00:00,,-14.16
2013-08-25 04:00:00,,-14.158
2013-08-25 05:00:00,,-14.157
2013-08-25 06:00:00,,-14.158
2013-08-25 07:00:00,,-14.16
2013-08-25 08:00:00,,-14.163
2013-08-25 09:00:00,,-14.165
2013-08-25 10:00:00,,-14.168
2013-08-25 11:00:00,,-14.168
2013-08-25 12:00:00,,-14.167
2013-08-25 13:00:00,,-14.162
2013-08-25 14:00:00,,-14.156
2013-08-25 15:00:00,,-14.15
2013-08-25 16:00:00,,-14.146
2013-08-25 17:00:00,,-14.14
2013-08-25 18:00:00,,-14.138
2013-08-25 19:00:00,,-14.138
2013-08-25 20:00:00,,-14.14
2013-08-25 21:00:00,,-14.142
2013-08-25 22:00:00,,-14.145
2013-08-25 23:00:00,,-14.147
2013-08-26 00:00:00,,-14.149
2013-08-26 01:00:00,,-14.15
2013-08-26 02:00:00,,-14.15
2013-08-26 03:00:00,,-14.149
2013-08-26 04:00:00,,-14.148
2013-08-26 05:00:00,,-14.148
2013-08-26 06:00:00,,-14.148
2013-08-26 07:00:00,,-14.15
2013-08-26 08:00:00,,-14.152
2013-08-26 09:00:00,,-14.154
2013-08-26 10:00:00,,-14.156
2013-08-26 11:00:00,,-14.156
2013-08-26 12:00:00,,-14.153
2013-08-26 13:00:00,,-14.148
2013-08-26 14:00:00,,-14.143
2013-08-26 15:00:00,,-14.138
2013-08-26 16:00:00,,-14.133
2013-08-26 17:00:00,,-14.13
2013-08-26 18:00:00,,-14.129
2013-08-26 19:00:00,,-14.128
2013-08-26 20:00:00,,-14.13
2013-08-26 21:00:00,,-14.132
2013-08-26 22:00:00,,-14.133
2013-08-26 23:00:00,,-14.134
2013-08-27 00:00:00,,-14.135
2013-08-27 01:00:00,,-14.136
2013-08-27 02:00:00,,-14.135
2013-08-27 03:00:00,,-14.135
2013-08-27 04:00:00,,-14.134
2013-08-27 05:00:00,,-14.134
2013-08-27 06:00:00,,-14.136
2013-08-27 07:00:00,,-14.138
2013-08-27 08:00:00,,-14.14
2013-08-27 09:00:00,,-14.144
2013-08-27 10:00:00,,-14.145
2013-08-27 11:00:00,,-14.145
2013-08-27 12:00:00,,-14.143
2013-08-27 13:00:00,,-14.139
2013-08-27 14:00:00,,-14.134
2013-08-27 15:00:00,,-14.13
2013-08-27 16:00:00,,-14.125
2013-08-27 17:00:00,,-14.123
2013-08-27 18:00:00,,-14.122
2013-08-27 19:00:00,,-14.123
2013-08-27 20:00:00,,-14.125
2013-08-27 21:00:00,,-14.127
2013-08-27 22:00:00,,-14.128
2013-08-27 23:00:00,,-14.129
2013-08-28 00:00:00,,-14.129
2013-08-28 01:00:00,,-14.127
2013-08-28 02:00:00,,-14.126
2013-08-28 03:00:00,,-14.124
2013-08-28 04:00:00,,-14.123
2013-08-28 05:00:00,,-14.122
2013-08-28 06:00:00,,-14.125
2013-08-28 07:00:00,,-14.126
2013-08-28 08:00:00,,-14.128
2013-08-28 09:00:00,,-14.131
2013-08-28 10:00:00,,-14.131
2013-08-28 11:00:00,,-14.13
2013-08-28 12:00:00,,-14.126
2013-08-28 13:00:00,,-14.121
2013-08-28 14:00:00,,-14.115
2013-08-28 15:00:00,,-14.11
2013-08-28 16:00:00,,-14.106
2013-08-28 17:00:00,,-14.102
2013-08-28 18:00:00,,-14.101
2013-08-28 19:00:00,,-14.103
2013-08-28 20:00:00,,-14.105
2013-08-28 21:00:00,,-14.107
2013-08-28 22:00:00,,-14.109
2013-08-28 23:00:00,,-14.109
2013-08-29 00:00:00,,-14.108
2013-08-29 01:00:00,,-14.107
2013-08-29 02:00:00,,-14.106
2013-08-29 03:00:00,,-14.104
2013-08-29 04:00:00,,-14.103
2013-08-29 05:00:00,,-14.102
2013-08-29 06:00:00,,-14.105
2013-08-29 07:00:00,,-14.107
2013-08-29 08:00:00,,-14.112
2013-08-29 09:00:00,,-14.113
2013-08-29 10:00:00,,-14.115
2013-08-29 11:00:00,,-14.115
2013-08-29 12:00:00,,-14.112
2013-08-29 13:00:00,,-14.107
2013-08-29 14:00:00,,-14.103
2013-08-29 15:00:00,,-14.099
2013-08-29 16:00:00,,-14.098
2013-08-29 17:00:00,,-14.097
2013-08-29 18:00:00,,-14.097
2013-08-29 19:00:00,,-14.1
2013-08-29 20:00:00,,-14.104
2013-08-29 21:00:00,,-14.107
2013-08-29 22:00:00,,-14.108
2013-08-29 23:00:00,,-14.108
2013-08-30 00:00:00,,-14.107
2013-08-30 01:00:00,,-14.108
2013-08-30 02:00:00,,-14.106
2013-08-30 03:00:00,,-14.104
2013-08-30 04:00:00,,-14.105
2013-08-30 05:00:00,,-14.106
2013-08-30 06:00:00,,-14.108
2013-08-30 07:00:00,,-14.113
2013-08-30 08:00:00,,-14.117
2013-08-30 09:00:00,,-14.12
2013-08-30 10:00:00,,-14.12
2013-08-30 11:00:00,,-14.119
2013-08-30 12:00:00,,-14.115
2013-08-30 13:00:00,,-14.11
2013-08-30 14:00:00,,-14.105
2013-08-30 15:00:00,,-14.1
2013-08-30 16:00:00,,-14.098
2013-08-30 17:00:00,,-14.096
2013-08-30 18:00:00,,-14.097
2013-08-30 19:00:00,,-14.101
2013-08-30 20:00:00,,-14.104
2013-08-30 21:00:00,,-14.108
2013-08-30 22:00:00,,-14.11
2013-08-30 23:00:00,,-14.11
2013-08-31 00:00:00,,-14.108
2013-08-31 01:00:00,,-14.105
2013-08-31 02:00:00,,-14.103
2013-08-31 03:00:00,,-14.101
2013-08-31 04:00:00,,-14.102
2013-08-31 05:00:00,,-14.105
2013-08-31 06:00:00,,-14.108
2013-08-31 07:00:00,,-14.112
2013-08-31 08:00:00,,-14.117
2013-08-31 09:00:00,,-14.121
2013-08-31 10:00:00,,-14.123
2013-08-31 11:00:00,,-14.123
2013-08-31 12:00:00,,-14.121
2013-08-31 13:00:00,,-14.118
2013-08-31 14:00:00,,-14.113
2013-08-31 15:00:00,,-14.109
2013-08-31 16:00:00,,-14.106
2013-08-31 17:00:00,,-14.106
2013-08-31 18:00:00,,-14.109
2013-08-31 19:00:00,,-14.112
2013-08-31 20:00:00,,-14.117
2013-08-31 21:00:00,,-14.122
2013-08-31 22:00:00,,-14.126
2013-08-31 23:00:00,,-14.126
2013-09-01 00:00:00,,-14.128
2013-09-01 01:00:00,,-14.126
2013-09-01 02:00:00,,-14.125
2013-09-01 03:00:00,,-14.123
2013-09-01 04:00:00,,-14.124
2013-09-01 05:00:00,,-14.123
2013-09-01 06:00:00,,-14.129
2013-09-01 07:00:00,,-14.134
2013-09-01 08:00:00,,-14.14
2013-09-01 09:00:00,,-14.143
2013-09-01 10:00:00,,-14.147
2013-09-01 11:00:00,,-14.146
2013-09-01 12:00:00,,-14.144
2013-09-01 13:00:00,,-14.139
2013-09-01 14:00:00,,-14.133
2013-09-01 15:00:00,,-14.129
2013-09-01 16:00:00,,-14.128
2013-09-01 17:00:00,,-14.126
2013-09-01 18:00:00,,-14.129
2013-09-01 19:00:00,,-14.133
2013-09-01 20:00:00,,-14.138
2013-09-01 21:00:00,,-14.143
2013-09-01 22:00:00,,-14.146
2013-09-01 23:00:00,,-14.148
2013-09-02 00:00:00,,-14.149
2013-09-02 01:00:00,,-14.147
2013-09-02 02:00:00,,-14.146
2013-09-02 03:00:00,,-14.144
2013-09-02 04:00:00,,-14.145
2013-09-02 05:00:00,,-14.146
2013-09-02 06:00:00,,-14.15
2013-09-02 07:00:00,,-14.156
2013-09-02 08:00:00,,-14.162
2013-09-02 09:00:00,,-14.167
2013-09-02 10:00:00,,-14.17
2013-09-02 11:00:00,,-14.168
2013-09-02 12:00:00,,-14.166
2013-09-02 13:00:00,,-14.16
2013-09-02 14:00:00,,-14.153
2013-09-02 15:00:00,,-14.148
2013-09-02 16:00:00,,-14.143
2013-09-02 17:00:00,,-14.141
2013-09-02 18:00:00,,-14.141
2013-09-02 19:00:00,,-14.145
2013-09-02 20:00:00,,-14.149
2013-09-02 21:00:00,,-14.153
2013-09-02 22:00:00,,-14.157
2013-09-02 23:00:00,,-14.157
2013-09-03 00:00:00,,-14.156
2013-09-03 01:00:00,,-14.155
2013-09-03 02:00:00,,-14.151
2013-09-03 03:00:00,,-14.149
2013-09-03 04:00:00,,-14.147
2013-09-03 05:00:00,,-14.147
2013-09-03 06:00:00,,-14.15
2013-09-03 07:00:00,,-14.153
2013-09-03 08:00:00,,-14.156
2013-09-03 09:00:00,,-14.161
2013-09-03 10:00:00,,-14.163
2013-09-03 11:00:00,,-14.162
2013-09-03 12:00:00,,-14.159
2013-09-03 13:00:00,,-14.154
2013-09-03 14:00:00,,-14.148
2013-09-03 15:00:00,,-14.141
2013-09-03 16:00:00,,-14.136
2013-09-03 17:00:00,,-14.135
2013-09-03 18:00:00,,-14.134
2013-09-03 19:00:00,,-14.137
2013-09-03 20:00:00,,-14.143
2013-09-03 21:00:00,,-14.147
2013-09-03 22:00:00,,-14.15
2013-09-03 23:00:00,,-14.152
2013-09-04 00:00:00,,-14.153
2013-09-04 01:00:00,,-14.152
2013-09-04 02:00:00,,-14.148
2013-09-04 03:00:00,,-14.145
2013-09-04 04:00:00,,-14.146
2013-09-04 05:00:00,,-14.145
2013-09-04 06:00:00,,-14.148
2013-09-04 07:00:00,,-14.152
2013-09-04 08:00:00,,-14.156
2013-09-04 09:00:00,,-14.161
2013-09-04 10:00:00,,-14.162
2013-09-04 11:00:00,,-14.162
2013-09-04 12:00:00,,-14.161
2013-09-04 13:00:00,,-14.155
2013-09-04 14:00:00,,-14.148
2013-09-04 15:00:00,,-14.141
2013-09-04 16:00:00,,-14.136
2013-09-04 17:00:00,,-14.134
2013-09-04 18:00:00,,-14.134
2013-09-04 19:00:00,,-14.137
2013-09-04 20:00:00,,-14.144
2013-09-04 21:00:00,,-14.149
2013-09-04 22:00:00,,-14.154
2013-09-04 23:00:00,,-14.158
2013-09-05 00:00:00,,-14.16
2013-09-05 01:00:00,,-14.159
2013-09-05 02:00:00,,-14.156
2013-09-05 03:00:00,,-14.153
2013-09-05 04:00:00,,-14.151
2013-09-05 05:00:00,,-14.15
2013-09-05 06:00:00,,-14.152
2013-09-05 07:00:00,,-14.155
2013-09-05 08:00:00,,-14.159
2013-09-05 09:00:00,,-14.163
2013-09-05 10:00:00,,-14.165
2013-09-05 11:00:00,,-14.165
2013-09-05 12:00:00,,-14.164
2013-09-05 13:00:00,,-14.158
2013-09-05 14:00:00,,-14.152
2013-09-05 15:00:00,,-14.145
2013-09-05 16:00:00,,-14.139
2013-09-05 17:00:00,,-14.136
2013-09-05 18:00:00,,-14.137
2013-09-05 19:00:00,,-14.14
2013-09-05 20:00:00,,-14.145
2013-09-05 21:00:00,,-14.151
2013-09-05 22:00:00,,-14.154
2013-09-05 23:00:00,,-14.157
2013-09-06 00:00:00,,-14.159
2013-09-06 01:00:00,,-14.159
2013-09-06 02:00:00,,-14.157
2013-09-06 03:00:00,,-14.155
2013-09-06 04:00:00,,-14.152
2013-09-06 05:00:00,,-14.152
2013-09-06 06:00:00,,-14.153
2013-09-06 07:00:00,,-14.156
2013-09-06 08:00:00,,-14.161
2013-09-06 09:00:00,,-14.166
2013-09-06 10:00:00,,-14.168
2013-09-06 11:00:00,,-14.168
2013-09-06 12:00:00,,-14.165
2013-09-06 13:00:00,,-14.16
2013-09-06 14:00:00,,-14.153
2013-09-06 15:00:00,,-14.146
2013-09-06 16:00:00,,-14.14
2013-09-06 17:00:00,,-14.135
2013-09-06 18:00:00,,-14.133
2013-09-06 19:00:00,,-14.134
2013-09-06 20:00:00,,-14.136
2013-09-06 21:00:00,,-14.139
2013-09-06 22:00:00,,-14.143
2013-09-06 23:00:00,,-14.146
2013-09-07 00:00:00,,-14.149
2013-09-07 01:00:00,,-14.149
2013-09-07 02:00:00,,-14.148
2013-09-07 03:00:00,,-14.146
2013-09-07 04:00:00,,-14.143
2013-09-07 05:00:00,,-14.143
2013-09-07 06:00:00,,-14.144
2013-09-07 07:00:00,,-14.146
2013-09-07 08:00:00,,-14.149
2013-09-07 09:00:00,,-14.152
2013-09-07 10:00:00,,-14.155
2013-09-07 11:00:00,,-14.156
2013-09-07 12:00:00,,-14.154
2013-09-07 13:00:00,,-14.149
2013-09-07 14:00:00,,-14.142
2013-09-07 15:00:00,,-14.136
2013-09-07 16:00:00,,-14.129
2013-09-07 17:00:00,,-14.125
2013-09-07 18:00:00,,-14.123
2013-09-07 19:00:00,,-14.125
2013-09-07 20:00:00,,-14.128
2013-09-07 21:00:00,,-14.132
2013-09-07 22:00:00,,-14.137
2013-09-07 23:00:00,,-14.14
2013-09-08 00:00:00,,-14.141
2013-09-08 01:00:00,,-14.141
2013-09-08 02:00:00,,-14.141
2013-09-08 03:00:00,,-14.138
2013-09-08 04:00:00,,-14.135
2013-09-08 05:00:00,,-14.133
2013-09-08 06:00:00,,-14.133
2013-09-08 07:00:00,,-14.135
2013-09-08 08:00:00,,-14.14
2013-09-08 09:00:00,,-14.143
2013-09-08 10:00:00,,-14.145
2013-09-08 11:00:00,,-14.145
2013-09-08 12:00:00,,-14.144
2013-09-08 13:00:00,,-14.14
2013-09-08 14:00:00,,-14.134
2013-09-08 15:00:00,,-14.126
2013-09-08 16:00:00,,-14.12
2013-09-08 17:00:00,,-14.115
2013-09-08 18:00:00,,-14.112
2013-09-08 19:00:00,,-14.113
2013-09-08 20:00:00,,-14.115
2013-09-08 21:00:00,,-14.118
2013-09-08 22:00:00,,-14.122
2013-09-08 23:00:00,,-14.125
2013-09-09 00:00:00,,-14.127
2013-09-09 01:00:00,,-14.128
2013-09-09 02:00:00,,-14.125
2013-09-09 03:00:00,,-14.122
2013-09-09 04:00:00,,-14.119
2013-09-09 05:00:00,,-14.117
2013-09-09 06:00:00,,-14.117
2013-09-09 07:00:00,,-14.119
2013-09-09 08:00:00,,-14.12
2013-09-09 09:00:00,,-14.122
2013-09-09 10:00:00,,-14.122
2013-09-09 11:00:00,,-14.121
2013-09-09 12:00:00,,-14.12
2013-09-09 13:00:00,,-14.116
2013-09-09 14:00:00,,-14.11
2013-09-09 15:00:00,,-14.104
2013-09-09 16:00:00,,-14.098
2013-09-09 17:00:00,,-14.094
2013-09-09 18:00:00,,-14.092
2013-09-09 19:00:00,,-14.091
2013-09-09 20:00:00,,-14.093
2013-09-09 21:00:00,,-14.094
2013-09-09 22:00:00,,-14.096
2013-09-09 23:00:00,,-14.098
2013-09-10 00:00:00,,-14.099
2013-09-10 01:00:00,,-14.098
2013-09-10 02:00:00,,-14.097
2013-09-10 03:00:00,,-14.095
2013-09-10 04:00:00,,-14.092
2013-09-10 05:00:00,,-14.091
2013-09-10 06:00:00,,-14.091
2013-09-10 07:00:00,,-14.093
2013-09-10 08:00:00,,-14.097
2013-09-10 09:00:00,,-14.101
2013-09-10 10:00:00,,-14.103
2013-09-10 11:00:00,,-14.104
2013-09-10 12:00:00,,-14.101
2013-09-10 13:00:00,,-14.098
2013-09-10 14:00:00,,-14.095
2013-09-10 15:00:00,,-14.089
2013-09-10 16:00:00,,-14.085
2013-09-10 17:00:00,,-14.083
2013-09-10 18:00:00,,-14.081
2013-09-10 19:00:00,,-14.082
2013-09-10 20:00:00,,-14.084
2013-09-10 21:00:00,,-14.087
2013-09-10 22:00:00,,-14.09
2013-09-10 23:00:00,,-14.093
2013-09-11 00:00:00,,-14.096
2013-09-11 01:00:00,,-14.097
2013-09-11 02:00:00,,-14.098
2013-09-11 03:00:00,,-14.098
2013-09-11 04:00:00,,-14.097
2013-09-11 05:00:00,,-14.098
2013-09-11 06:00:00,,-14.1
2013-09-11 07:00:00,,-14.104
2013-09-11 08:00:00,,-14.107
2013-09-11 09:00:00,,-14.11
2013-09-11 10:00:00,,-14.11
2013-09-11 11:00:00,,-14.11
2013-09-11 12:00:00,,-14.108
2013-09-11 13:00:00,,-14.104
2013-09-11 14:00:00,,-14.1
2013-09-11 15:00:00,,-14.095
2013-09-11 16:00:00,,-14.092
2013-09-11 17:00:00,,-14.09
2013-09-11 18:00:00,,-14.091
2013-09-11 19:00:00,,-14.092
2013-09-11 20:00:00,,-14.094
2013-09-11 21:00:00,,-14.096
2013-09-11 22:00:00,,-14.098
2013-09-11 23:00:00,,-14.098
2013-09-12 00:00:00,,-14.098
2013-09-12 01:00:00,,-14.096
2013-09-12 02:00:00,,-14.095
2013-09-12 03:00:00,,-14.094
2013-09-12 04:00:00,,-14.092
2013-09-12 05:00:00,,-14.094
2013-09-12 06:00:00,,-14.098
2013-09-12 07:00:00,,-14.101
2013-09-12 08:00:00,,-14.102
2013-09-12 09:00:00,,-14.105
2013-09-12 10:00:00,,-14.107
2013-09-12 11:00:00,,-14.106
2013-09-12 12:00:00,,-14.103
2013-09-12 13:00:00,,-14.1
2013-09-12 14:00:00,,-14.097
2013-09-12 15:00:00,,-14.094
2013-09-12 16:00:00,,-14.091
2013-09-12 17:00:00,,-14.089
2013-09-12 18:00:00,,-14.09
2013-09-12 19:00:00,,-14.091
2013-09-12 20:00:00,,-14.094
2013-09-12 21:00:00,,-14.096
2013-09-12 22:00:00,,-14.099
2013-09-12 23:00:00,,-14.099
2013-09-13 00:00:00,,-14.1
2013-09-13 01:00:00,,-14.1
2013-09-13 02:00:00,,-14.099
2013-09-13 03:00:00,,-14.099
2013-09-13 04:00:00,,-14.1
2013-09-13 05:00:00,,-14.102
2013-09-13 06:00:00,,-14.106
2013-09-13 07:00:00,,-14.11
2013-09-13 08:00:00,,-14.114
2013-09-13 09:00:00,,-14.118
2013-09-13 10:00:00,,-14.118
2013-09-13 11:00:00,,-14.117
2013-09-13 12:00:00,,-14.114
2013-09-13 13:00:00,,-14.108
2013-09-13 14:00:00,,-14.101
2013-09-13 15:00:00,,-14.097
2013-09-13 16:00:00,,-14.095
2013-09-13 17:00:00,,-14.093
2013-09-13 18:00:00,,-14.092
2013-09-13 19:00:00,,-14.094
2013-09-13 20:00:00,,-14.096
2013-09-13 21:00:00,,-14.098
2013-09-13 22:00:00,,-14.1
2013-09-13 23:00:00,,-14.1
2013-09-14 00:00:00,,-14.099
2013-09-14 01:00:00,,-14.096
2013-09-14 02:00:00,,-14.095
2013-09-14 03:00:00,,-14.093
2013-09-14 04:00:00,,-14.094
2013-09-14 05:00:00,,-14.094
2013-09-14 06:00:00,,-14.097
2013-09-14 07:00:00,,-14.101
2013-09-14 08:00:00,,-14.104
2013-09-14 09:00:00,,-14.107
2013-09-14 10:00:00,,-14.107
2013-09-14 11:00:00,,-14.103
2013-09-14 12:00:00,,-14.098
2013-09-14 13:00:00,,-14.09
2013-09-14 14:00:00,,-14.084
2013-09-14 15:00:00,,-14.079
2013-09-14 16:00:00,,-14.074
2013-09-14 17:00:00,,-14.072
2013-09-14 18:00:00,,-14.072
2013-09-14 19:00:00,,-14.074
2013-09-14 20:00:00,,-14.077
2013-09-14 21:00:00,,-14.08
2013-09-14 22:00:00,,-14.082
2013-09-14 23:00:00,,-14.082
2013-09-15 00:00:00,,-14.082
2013-09-15 01:00:00,,-14.079
2013-09-15 02:00:00,,-14.076
2013-09-15 03:00:00,,-14.075
2013-09-15 04:00:00,,-14.077
2013-09-15 05:00:00,,-14.08
2013-09-15 06:00:00,,-14.084
2013-09-15 07:00:00,,-14.089
2013-09-15 08:00:00,,-14.094
2013-09-15 09:00:00,,-14.097
2013-09-15 10:00:00,,-14.098
2013-09-15 11:00:00,,-14.096
2013-09-15 12:00:00,,-14.091
2013-09-15 13:00:00,,-14.086
2013-09-15 14:00:00,,-14.078
2013-09-15 15:00:00,,-14.074
2013-09-15 16:00:00,,-14.071
2013-09-15 17:00:00,,-14.07
2013-09-15 18:00:00,,-14.072
2013-09-15 19:00:00,,-14.077
2013-09-15 20:00:00,,-14.082
2013-09-15 21:00:00,,-14.086
2013-09-15 22:00:00,,-14.088
2013-09-15 23:00:00,,-14.089
2013-09-16 00:00:00,,-14.089
2013-09-16 01:00:00,,-14.088
2013-09-16 02:00:00,,-14.087
2013-09-16 03:00:00,,-14.087
2013-09-16 04:00:00,,-14.087
2013-09-16 05:00:00,,-14.091
2013-09-16 06:00:00,,-14.097
2013-09-16 07:00:00,,-14.102
2013-09-16 08:00:00,,-14.109
2013-09-16 09:00:00,,-14.112
2013-09-16 10:00:00,,-14.115
2013-09-16 11:00:00,,-14.116
2013-09-16 12:00:00,,-14.112
2013-09-16 13:00:00,,-14.106
2013-09-16 14:00:00,,-14.101
2013-09-16 15:00:00,,-14.096
2013-09-16 16:00:00,,-14.094
2013-09-16 17:00:00,,-14.093
2013-09-16 18:00:00,,-14.094
2013-09-16 19:00:00,,-14.098
2013-09-16 20:00:00,,-14.103
2013-09-16 21:00:00,,-14.108
2013-09-16 22:00:00,,-14.11
2013-09-16 23:00:00,,-14.11
2013-09-17 00:00:00,,-14.11
2013-09-17 01:00:00,,-14.108
2013-09-17 02:00:00,,-14.104
2013-09-17 03:00:00,,-14.103
2013-09-17 04:00:00,,-14.102
2013-09-17 05:00:00,,-14.101
2013-09-17 06:00:00,,-14.103
2013-09-17 07:00:00,,-14.109
2013-09-17 08:00:00,,-14.114
2013-09-17 09:00:00,,-14.118
2013-09-17 10:00:00,,-14.12
2013-09-17 11:00:00,,-14.118
2013-09-17 12:00:00,,-14.113
2013-09-17 13:00:00,,-14.105
2013-09-17 14:00:00,,-14.097
2013-09-17 15:00:00,,-14.09
2013-09-17 16:00:00,,-14.083
2013-09-17 17:00:00,,-14.079
2013-09-17 18:00:00,,-14.077
2013-09-17 19:00:00,,-14.079
2013-09-17 20:00:00,,-14.085
2013-09-17 21:00:00,,-14.088
2013-09-17 22:00:00,,-14.09
2013-09-17 23:00:00,,-14.09
2013-09-18 00:00:00,,-14.089
2013-09-18 01:00:00,,-14.087
2013-09-18 02:00:00,,-14.083
2013-09-18 03:00:00,,-14.081
2013-09-18 04:00:00,,-14.08
2013-09-18 05:00:00,,-14.079
2013-09-18 06:00:00,,-14.081
2013-09-18 07:00:00,,-14.086
2013-09-18 08:00:00,,-14.095
2013-09-18 09:00:00,,-14.102
2013-09-18 10:00:00,,-14.108
2013-09-18 11:00:00,,-14.109
2013-09-18 12:00:00,,-14.107
2013-09-18 13:00:00,,-14.102
2013-09-18 14:00:00,,-14.095
2013-09-18 15:00:00,,-14.088
2013-09-18 16:00:00,,-14.082
2013-09-18 17:00:00,,-14.078
2013-09-18 18:00:00,,-14.077
2013-09-18 19:00:00,,-14.08
2013-09-18 20:00:00,,-14.085
2013-09-18 21:00:00,,-14.091
2013-09-18 22:00:00,,-14.096
2013-09-18 23:00:00,,-14.1
2013-09-19 00:00:00,,-14.104
2013-09-19 01:00:00,,-14.104
2013-09-19 02:00:00,,-14.101
2013-09-19 03:00:00,,-14.1
2013-09-19 04:00:00,,-14.097
2013-09-19 05:00:00,,-14.097
2013-09-19 06:00:00,,-14.1
2013-09-19 07:00:00,,-14.105
2013-09-19 08:00:00,,-14.111
2013-09-19 09:00:00,,-14.118
2013-09-19 10:00:00,,-14.123
2013-09-19 11:00:00,,-14.123
2013-09-19 12:00:00,,-14.121
2013-09-19 13:00:00,,-14.116
2013-09-19 14:00:00,,-14.109
2013-09-19 15:00:00,,-14.102
2013-09-19 16:00:00,,-14.097
2013-09-19 17:00:00,,-14.094
2013-09-19 18:00:00,,-14.095
2013-09-19 19:00:00,,-14.097
2013-09-19 20:00:00,,-14.103
2013-09-19 21:00:00,,-14.109
2013-09-19 22:00:00,,-14.113
2013-09-19 23:00:00,,-14.118
2013-09-20 00:00:00,,-14.121
2013-09-20 01:00:00,,-14.121
2013-09-20 02:00:00,,-14.119
2013-09-20 03:00:00,,-14.117
2013-09-20 04:00:00,,-14.116
2013-09-20 05:00:00,,-14.115
2013-09-20 06:00:00,,-14.117
2013-09-20 07:00:00,,-14.121
2013-09-20 08:00:00,,-14.126
2013-09-20 09:00:00,,-14.133
2013-09-20 10:00:00,,-14.137
2013-09-20 11:00:00,,-14.139
2013-09-20 12:00:00,,-14.137
2013-09-20 13:00:00,,-14.131
2013-09-20 14:00:00,,-14.124
2013-09-20 15:00:00,,-14.116
2013-09-20 16:00:00,,-14.109
2013-09-20 17:00:00,,-14.104
2013-09-20 18:00:00,,-14.102
2013-09-20 19:00:00,,-14.104
2013-09-20 20:00:00,,-14.107
2013-09-20 21:00:00,,-14.11
2013-09-20 22:00:00,,-14.114
2013-09-20 23:00:00,,-14.117
2013-09-21 00:00:00,,-14.119
2013-09-21 01:00:00,,-14.118
2013-09-21 02:00:00,,-14.116
2013-09-21 03:00:00,,-14.114
2013-09-21 04:00:00,,-14.113
2013-09-21 05:00:00,,-14.112
2013-09-21 06:00:00,,-14.115
2013-09-21 07:00:00,,-14.119
2013-09-21 08:00:00,,-14.124
2013-09-21 09:00:00,,-14.128
2013-09-21 10:00:00,,-14.131
2013-09-21 11:00:00,,-14.131
2013-09-21 12:00:00,,-14.128
2013-09-21 13:00:00,,-14.123
2013-09-21 14:00:00,,-14.117
2013-09-21 15:00:00,,-14.111
2013-09-21 16:00:00,,-14.105
2013-09-21 17:00:00,,-14.102
2013-09-21 18:00:00,,-14.099
2013-09-21 19:00:00,,-14.099
2013-09-21 20:00:00,,-14.101
2013-09-21 21:00:00,,-14.105
2013-09-21 22:00:00,,-14.108
2013-09-21 23:00:00,,-14.11
2013-09-22 00:00:00,,-14.111
2013-09-22 01:00:00,,-14.111
2013-09-22 02:00:00,,-14.109
2013-09-22 03:00:00,,-14.109
2013-09-22 04:00:00,,-14.108
2013-09-22 05:00:00,,-14.107
2013-09-22 06:00:00,,-14.108
2013-09-22 07:00:00,,-14.11
2013-09-22 08:00:00,,-14.115
2013-09-22 09:00:00,,-14.119
2013-09-22 10:00:00,,-14.121
2013-09-22 11:00:00,,-14.122
2013-09-22 12:00:00,,-14.121
2013-09-22 13:00:00,,-14.117
2013-09-22 14:00:00,,-14.112
2013-09-22 15:00:00,,-14.105
2013-09-22 16:00:00,,-14.098
2013-09-22 17:00:00,,-14.094
2013-09-22 18:00:00,,-14.09
2013-09-22 19:00:00,,-14.089
2013-09-22 20:00:00,,-14.091
2013-09-22 21:00:00,,-14.093
2013-09-22 22:00:00,,-14.095
2013-09-22 23:00:00,,-14.096
2013-09-23 00:00:00,,-14.097
2013-09-23 01:00:00,,-14.095
2013-09-23 02:00:00,,-14.095
2013-09-23 03:00:00,,-14.092
2013-09-23 04:00:00,,-14.092
2013-09-23 05:00:00,,-14.089
2013-09-23 06:00:00,,-14.091
2013-09-23 07:00:00,,-14.096
2013-09-23 08:00:00,,-14.1
2013-09-23 09:00:00,,-14.103
2013-09-23 10:00:00,,-14.104
2013-09-23 11:00:00,,-14.104
2013-09-23 12:00:00,,-14.103
2013-09-23 13:00:00,,-14.099
2013-09-23 14:00:00,,-14.092
2013-09-23 15:00:00,,-14.086
2013-09-23 16:00:00,,-14.081
2013-09-23 17:00:00,,-14.078
2013-09-23 18:00:00,,-14.076
2013-09-23 19:00:00,,-14.076
2013-09-23 20:00:00,,-14.079
2013-09-23 21:00:00,,-14.082
2013-09-23 22:00:00,,-14.086
2013-09-23 23:00:00,,-14.089
2013-09-24 00:00:00,,-14.09
2013-09-24 01:00:00,,-14.091
2013-09-24 02:00:00,,-14.09
2013-09-24 03:00:00,,-14.089
2013-09-24 04:00:00,,-14.088
2013-09-24 05:00:00,,-14.088
2013-09-24 06:00:00,,-14.09
2013-09-24 07:00:00,,-14.093
2013-09-24 08:00:00,,-14.097
2013-09-24 09:00:00,,-14.101
2013-09-24 10:00:00,,-14.103
2013-09-24 11:00:00,,-14.104
2013-09-24 12:00:00,,-14.103
2013-09-24 13:00:00,,-14.1
2013-09-24 14:00:00,,-14.097
2013-09-24 15:00:00,,-14.093
2013-09-24 16:00:00,,-14.09
2013-09-24 17:00:00,,-14.087
2013-09-24 18:00:00,,-14.086
2013-09-24 19:00:00,,-14.086
2013-09-24 20:00:00,,-14.089
2013-09-24 21:00:00,,-14.093
2013-09-24 22:00:00,,-14.097
2013-09-24 23:00:00,,-14.099
2013-09-25 00:00:00,,-14.101
2013-09-25 01:00:00,,-14.101
2013-09-25 02:00:00,,-14.101
2013-09-25 03:00:00,,-14.1
2013-09-25 04:00:00,,-14.101
2013-09-25 05:00:00,,-14.102
2013-09-25 06:00:00,,-14.104
2013-09-25 07:00:00,,-14.107
2013-09-25 08:00:00,,-14.111
2013-09-25 09:00:00,,-14.115
2013-09-25 10:00:00,,-14.117
2013-09-25 11:00:00,,-14.117
2013-09-25 12:00:00,,-14.117
2013-09-25 13:00:00,,-14.113
2013-09-25 14:00:00,,-14.109
2013-09-25 15:00:00,,-14.104
2013-09-25 16:00:00,,-14.101
2013-09-25 17:00:00,,-14.098
2013-09-25 18:00:00,,-14.097
2013-09-25 19:00:00,,-14.098
2013-09-25 20:00:00,,-14.101
2013-09-25 21:00:00,,-14.104
2013-09-25 22:00:00,,-14.107
2013-09-25 23:00:00,,-14.109
2013-09-26 00:00:00,,-14.11
2013-09-26 01:00:00,,-14.111
2013-09-26 02:00:00,,-14.111
2013-09-26 03:00:00,,-14.113
2013-09-26 04:00:00,,-14.113
2013-09-26 05:00:00,,-14.117
2013-09-26 06:00:00,,-14.12
2013-09-26 07:00:00,,-14.125
2013-09-26 08:00:00,,-14.129
2013-09-26 09:00:00,,-14.133
2013-09-26 10:00:00,,-14.137
2013-09-26 11:00:00,,-14.139
2013-09-26 12:00:00,,-14.137
2013-09-26 13:00:00,,-14.134
2013-09-26 14:00:00,,-14.129
2013-09-26 15:00:00,,-14.126
2013-09-26 16:00:00,,-14.123
2013-09-26 17:00:00,,-14.121
2013-09-26 18:00:00,,-14.12
2013-09-26 19:00:00,,-14.122
2013-09-26 20:00:00,,-14.124
2013-09-26 21:00:00,,-14.126
2013-09-26 22:00:00,,-14.127
2013-09-26 23:00:00,,-14.127
2013-09-27 00:00:00,,-14.126
2013-09-27 01:00:00,,-14.123
2013-09-27 02:00:00,,-14.122
2013-09-27 03:00:00,,-14.121
2013-09-27 04:00:00,,-14.121
2013-09-27 05:00:00,,-14.121
2013-09-27 06:00:00,,-14.123
2013-09-27 07:00:00,,-14.127
2013-09-27 08:00:00,,-14.131
2013-09-27 09:00:00,,-14.134
2013-09-27 10:00:00,,-14.135
2013-09-27 11:00:00,,-14.134
2013-09-27 12:00:00,,-14.13
2013-09-27 13:00:00,,-14.126
2013-09-27 14:00:00,,-14.123
2013-09-27 15:00:00,,-14.12
2013-09-27 16:00:00,,-14.12
2013-09-27 17:00:00,,-14.119
2013-09-27 18:00:00,,-14.119
2013-09-27 19:00:00,,-14.122
2013-09-27 20:00:00,,-14.125
2013-09-27 21:00:00,,-14.125
2013-09-27 22:00:00,,-14.127
2013-09-27 23:00:00,,-14.124
2013-09-28 00:00:00,,-14.123
2013-09-28 01:00:00,,-14.122
2013-09-28 02:00:00,,-14.119
2013-09-28 03:00:00,,-14.117
2013-09-28 04:00:00,,-14.117
2013-09-28 05:00:00,,-14.117
2013-09-28 06:00:00,,-14.121
2013-09-28 07:00:00,,-14.127
2013-09-28 08:00:00,,-14.134
2013-09-28 09:00:00,,-14.142
2013-09-28 10:00:00,,-14.146
2013-09-28 11:00:00,,-14.147
2013-09-28 12:00:00,,-14.15
2013-09-28 13:00:00,,-14.147
2013-09-28 14:00:00,,-14.144
2013-09-28 15:00:00,,-14.139
2013-09-28 16:00:00,,-14.136
2013-09-28 17:00:00,,-14.135
2013-09-28 18:00:00,,-14.133
2013-09-28 19:00:00,,-14.137
2013-09-28 20:00:00,,-14.14
2013-09-28 21:00:00,,-14.142
2013-09-28 22:00:00,,-14.141
2013-09-28 23:00:00,,-14.14
2013-09-29 00:00:00,,-14.139
2013-09-29 01:00:00,,-14.138
2013-09-29 02:00:00,,-14.134
2013-09-29 03:00:00,,-14.129
2013-09-29 04:00:00,,-14.128
2013-09-29 05:00:00,,-14.127
2013-09-29 06:00:00,,-14.129
2013-09-29 07:00:00,,-14.132
2013-09-29 08:00:00,,-14.135
2013-09-29 09:00:00,,-14.137
2013-09-29 10:00:00,,-14.138
2013-09-29 11:00:00,,-14.138
2013-09-29 12:00:00,,-14.135
2013-09-29 13:00:00,,-14.128
2013-09-29 14:00:00,,-14.122
2013-09-29 15:00:00,,-14.117
2013-09-29 16:00:00,,-14.112
2013-09-29 17:00:00,,-14.11
2013-09-29 18:00:00,,-14.112
2013-09-29 19:00:00,,-14.116
2013-09-29 20:00:00,,-14.118
2013-09-29 21:00:00,,-14.121
2013-09-29 22:00:00,,-14.123
2013-09-29 23:00:00,,-14.123
2013-09-30 00:00:00,,-14.123
2013-09-30 01:00:00,,-14.119
2013-09-30 02:00:00,,-14.116
2013-09-30 03:00:00,,-14.113
2013-09-30 04:00:00,,-14.112
2013-09-30 05:00:00,,-14.113
2013-09-30 06:00:00,,-14.115
2013-09-30 07:00:00,,-14.119
2013-09-30 08:00:00,,-14.122
2013-09-30 09:00:00,,-14.124
2013-09-30 10:00:00,,-14.126
2013-09-30 11:00:00,,-14.124
2013-09-30 12:00:00,,-14.122
2013-09-30 13:00:00,,-14.115
2013-09-30 14:00:00,,-14.107
2013-09-30 15:00:00,,-14.101
2013-09-30 16:00:00,,-14.098
2013-09-30 17:00:00,,-14.095
2013-09-30 18:00:00,,-14.096
2013-09-30 19:00:00,,-14.098
2013-09-30 20:00:00,,-14.101
2013-09-30 21:00:00,,-14.105
2013-09-30 22:00:00,,-14.108
2013-09-30 23:00:00,,-14.109
2013-10-01 00:00:00,,-14.108
2013-10-01 01:00:00,,-14.105
2013-10-01 02:00:00,,-14.101
2013-10-01 03:00:00,,-14.099
2013-10-01 04:00:00,,-14.098
2013-10-01 05:00:00,,-14.099
2013-10-01 06:00:00,,-14.105
2013-10-01 07:00:00,,-14.109
2013-10-01 08:00:00,,-14.114
2013-10-01 09:00:00,,-14.12
2013-10-01 10:00:00,,-14.124
2013-10-01 11:00:00,,-14.127
2013-10-01 12:00:00,,-14.127
2013-10-01 13:00:00,,-14.122
2013-10-01 14:00:00,,-14.118
2013-10-01 15:00:00,,-14.115
2013-10-01 16:00:00,,-14.113
2013-10-01 17:00:00,,-14.112
2013-10-01 18:00:00,,-14.114
2013-10-01 19:00:00,,-14.12
2013-10-01 20:00:00,,-14.126
2013-10-01 21:00:00,,-14.132
2013-10-01 22:00:00,,-14.137
2013-10-01 23:00:00,,-14.139
2013-10-02 00:00:00,,-14.139
2013-10-02 01:00:00,,-14.138
2013-10-02 02:00:00,,-14.135
2013-10-02 03:00:00,,-14.133
2013-10-02 04:00:00,,-14.132
2013-10-02 05:00:00,,-14.135
2013-10-02 06:00:00,,-14.14
2013-10-02 07:00:00,,-14.147
2013-10-02 08:00:00,,-14.153
2013-10-02 09:00:00,,-14.158
2013-10-02 10:00:00,,-14.16
2013-10-02 11:00:00,,-14.16
2013-10-02 12:00:00,,-14.157
2013-10-02 13:00:00,,-14.151
2013-10-02 14:00:00,,-14.145
2013-10-02 15:00:00,,-14.139
2013-10-02 16:00:00,,-14.134
2013-10-02 17:00:00,,-14.132
2013-10-02 18:00:00,,-14.131
2013-10-02 19:00:00,,-14.134
2013-10-02 20:00:00,,-14.138
2013-10-02 21:00:00,,-14.144
2013-10-02 22:00:00,,-14.149
2013-10-02 23:00:00,,-14.153
2013-10-03 00:00:00,,-14.154
2013-10-03 01:00:00,,-14.153
2013-10-03 02:00:00,,-14.15
2013-10-03 03:00:00,,-14.149
2013-10-03 04:00:00,,-14.148
2013-10-03 05:00:00,,-14.15
2013-10-03 06:00:00,,-14.152
2013-10-03 07:00:00,,-14.158
2013-10-03 08:00:00,,-14.163
2013-10-03 09:00:00,,-14.169
2013-10-03 10:00:00,,-14.173
2013-10-03 11:00:00,,-14.172
2013-10-03 12:00:00,,-14.168
2013-10-03 13:00:00,,-14.164
2013-10-03 14:00:00,,-14.155
2013-10-03 15:00:00,,-14.149
2013-10-03 16:00:00,,-14.144
2013-10-03 17:00:00,,-14.141
2013-10-03 18:00:00,,-14.142
2013-10-03 19:00:00,,-14.145
2013-10-03 20:00:00,,-14.151
2013-10-03 21:00:00,,-14.156
2013-10-03 22:00:00,,-14.161
2013-10-03 23:00:00,,-14.163
2013-10-04 00:00:00,,-14.163
2013-10-04 01:00:00,,-14.159
2013-10-04 02:00:00,,-14.156
2013-10-04 03:00:00,,-14.152
2013-10-04 04:00:00,,-14.15
2013-10-04 05:00:00,,-14.15
2013-10-04 06:00:00,,-14.152
2013-10-04 07:00:00,,-14.155
2013-10-04 08:00:00,,-14.159
2013-10-04 09:00:00,,-14.162
2013-10-04 10:00:00,,-14.165
2013-10-04 11:00:00,,-14.164
2013-10-04 12:00:00,,-14.161
2013-10-04 13:00:00,,-14.154
2013-10-04 14:00:00,,-14.144
2013-10-04 15:00:00,,-14.136
2013-10-04 16:00:00,,-14.129
2013-10-04 17:00:00,,-14.125
2013-10-04 18:00:00,,-14.124
2013-10-04 19:00:00,,-14.125
2013-10-04 20:00:00,,-14.128
2013-10-04 21:00:00,,-14.132
2013-10-04 22:00:00,,-14.136
2013-10-04 23:00:00,,-14.137
2013-10-05 00:00:00,,-14.137
2013-10-05 01:00:00,,-14.135
2013-10-05 02:00:00,,-14.131
2013-10-05 03:00:00,,-14.128
2013-10-05 04:00:00,,-14.125
2013-10-05 05:00:00,,-14.123
2013-10-05 06:00:00,,-14.126
2013-10-05 07:00:00,,-14.129
2013-10-05 08:00:00,,-14.133
2013-10-05 09:00:00,,-14.138
2013-10-05 10:00:00,,-14.14
2013-10-05 11:00:00,,-14.139
2013-10-05 12:00:00,,-14.136
2013-10-05 13:00:00,,-14.13
2013-10-05 14:00:00,,-14.122
2013-10-05 15:00:00,,-14.114
2013-10-05 16:00:00,,-14.108
2013-10-05 17:00:00,,-14.103
2013-10-05 18:00:00,,-14.1
2013-10-05 19:00:00,,-14.101
2013-10-05 20:00:00,,-14.105
2013-10-05 21:00:00,,-14.108
2013-10-05 22:00:00,,-14.112
2013-10-05 23:00:00,,-14.114
2013-10-06 00:00:00,,-14.115
2013-10-06 01:00:00,,-14.114
2013-10-06 02:00:00,,-14.111
2013-10-06 03:00:00,,-14.108
2013-10-06 04:00:00,,-14.105
2013-10-06 05:00:00,,-14.106
2013-10-06 06:00:00,,-14.108
2013-10-06 07:00:00,,-14.111
2013-10-06 08:00:00,,-14.116
2013-10-06 09:00:00,,-14.121
2013-10-06 10:00:00,,-14.123
2013-10-06 11:00:00,,-14.122
2013-10-06 12:00:00,,-14.119
2013-10-06 13:00:00,,-14.114
2013-10-06 14:00:00,,-14.107
2013-10-06 15:00:00,,-14.1
2013-10-06 16:00:00,,-14.094
2013-10-06 17:00:00,,-14.091
2013-10-06 18:00:00,,-14.088
2013-10-06 19:00:00,,-14.09
2013-10-06 20:00:00,,-14.093
2013-10-06 21:00:00,,-14.098
2013-10-06 22:00:00,,-14.103
2013-10-06 23:00:00,,-14.105
2013-10-07 00:00:00,,-14.106
2013-10-07 01:00:00,,-14.105
2013-10-07 02:00:00,,-14.103
2013-10-07 03:00:00,,-14.101
2013-10-07 04:00:00,,-14.099
2013-10-07 05:00:00,,-14.099
2013-10-07 06:00:00,,-14.101
2013-10-07 07:00:00,,-14.104
2013-10-07 08:00:00,,-14.108
2013-10-07 09:00:00,,-14.112
2013-10-07 10:00:00,,-14.114
2013-10-07 11:00:00,,-14.114
2013-10-07 12:00:00,,-14.113
2013-10-07 13:00:00,,-14.109
2013-10-07 14:00:00,,-14.105
2013-10-07 15:00:00,,-14.1
2013-10-07 16:00:00,,-14.095
2013-10-07 17:00:00,,-14.091
2013-10-07 18:00:00,,-14.089
2013-10-07 19:00:00,,-14.091
2013-10-07 20:00:00,,-14.094
2013-10-07 21:00:00,,-14.099
2013-10-07 22:00:00,,-14.103
2013-10-07 23:00:00,,-14.107
2013-10-08 00:00:00,,-14.109
2013-10-08 01:00:00,,-14.11
2013-10-08 02:00:00,,-14.109
2013-10-08 03:00:00,,-14.109
2013-10-08 04:00:00,,-14.11
2013-10-08 05:00:00,,-14.111
2013-10-08 06:00:00,,-14.113
2013-10-08 07:00:00,,-14.116
2013-10-08 08:00:00,,-14.123
2013-10-08 09:00:00,,-14.127
2013-10-08 10:00:00,,-14.129
2013-10-08 11:00:00,,-14.13
2013-10-08 12:00:00,,-14.129
2013-10-08 13:00:00,,-14.126
2013-10-08 14:00:00,,-14.121
2013-10-08 15:00:00,,-14.116
2013-10-08 16:00:00,,-14.112
2013-10-08 17:00:00,,-14.108
2013-10-08 18:00:00,,-14.106
2013-10-08 19:00:00,,-14.106
2013-10-08 20:00:00,,-14.109
2013-10-08 21:00:00,,-14.112
2013-10-08 22:00:00,,-14.115
2013-10-08 23:00:00,,-14.119
2013-10-09 00:00:00,,-14.121
2013-10-09 01:00:00,,-14.122
2013-10-09 02:00:00,,-14.122
2013-10-09 03:00:00,,-14.122
2013-10-09 04:00:00,,-14.122
2013-10-09 05:00:00,,-14.122
2013-10-09 06:00:00,,-14.124
2013-10-09 07:00:00,,-14.126
2013-10-09 08:00:00,,-14.128
2013-10-09 09:00:00,,-14.13
2013-10-09 10:00:00,,-14.133
2013-10-09 11:00:00,,-14.132
2013-10-09 12:00:00,,-14.13
2013-10-09 13:00:00,,-14.125
2013-10-09 14:00:00,,-14.12
2013-10-09 15:00:00,,-14.115
2013-10-09 16:00:00,,-14.11
2013-10-09 17:00:00,,-14.107
2013-10-09 18:00:00,,-14.104
2013-10-09 19:00:00,,-14.104
2013-10-09 20:00:00,,-14.105
2013-10-09 21:00:00,,-14.106
2013-10-09 22:00:00,,-14.107
2013-10-09 23:00:00,,-14.11
2013-10-10 00:00:00,,-14.11
2013-10-10 01:00:00,,-14.11
2013-10-10 02:00:00,,-14.11
2013-10-10 03:00:00,,-14.109
2013-10-10 04:00:00,,-14.11
2013-10-10 05:00:00,,-14.11
2013-10-10 06:00:00,,-14.111
2013-10-10 07:00:00,,-14.112
2013-10-10 08:00:00,,-14.113
2013-10-10 09:00:00,,-14.115
2013-10-10 10:00:00,,-14.114
2013-10-10 11:00:00,,-14.113
2013-10-10 12:00:00,,-14.113
2013-10-10 13:00:00,,-14.11
2013-10-10 14:00:00,,-14.108
2013-10-10 15:00:00,,-14.104
2013-10-10 16:00:00,,-14.101
2013-10-10 17:00:00,,-14.098
2013-10-10 18:00:00,,-14.097
2013-10-10 19:00:00,,-14.097
2013-10-10 20:00:00,,-14.099
2013-10-10 21:00:00,,-14.1
2013-10-10 22:00:00,,-14.105
2013-10-10 23:00:00,,-14.11
2013-10-11 00:00:00,,-14.113
2013-10-11 01:00:00,,-14.116
2013-10-11 02:00:00,,-14.118
2013-10-11 03:00:00,,-14.119
2013-10-11 04:00:00,,-14.122
2013-10-11 05:00:00,,-14.125
2013-10-11 06:00:00,,-14.128
2013-10-11 07:00:00,,-14.131
2013-10-11 08:00:00,,-14.137
2013-10-11 09:00:00,,-14.139
2013-10-11 10:00:00,,-14.138
2013-10-11 11:00:00,,-14.136
2013-10-11 12:00:00,,-14.135
2013-10-11 13:00:00,,-14.13
2013-10-11 14:00:00,,-14.126
2013-10-11 15:00:00,,-14.122
2013-10-11 16:00:00,,-14.117
2013-10-11 17:00:00,,-14.114
2013-10-11 18:00:00,,-14.113
2013-10-11 19:00:00,,-14.114
2013-10-11 20:00:00,,-14.115
2013-10-11 21:00:00,,-14.117
2013-10-11 22:00:00,,-14.118
2013-10-11 23:00:00,,-14.117
2013-10-12 00:00:00,,-14.114
2013-10-12 01:00:00,,-14.114
2013-10-12 02:00:00,,-14.11
2013-10-12 03:00:00,,-14.107
2013-10-12 04:00:00,,-14.107
2013-10-12 05:00:00,,-14.108
2013-10-12 06:00:00,,-14.11
2013-10-12 07:00:00,,-14.113
2013-10-12 08:00:00,,-14.117
2013-10-12 09:00:00,,-14.117
2013-10-12 10:00:00,,-14.118
2013-10-12 11:00:00,,-14.115
2013-10-12 12:00:00,,-14.112
2013-10-12 13:00:00,,-14.108
2013-10-12 14:00:00,,-14.101
2013-10-12 15:00:00,,-14.096
2013-10-12 16:00:00,,-14.092
2013-10-12 17:00:00,,-14.09
2013-10-12 18:00:00,,-14.091
2013-10-12 19:00:00,,-14.094
2013-10-12 20:00:00,,-14.097
2013-10-12 21:00:00,,-14.099
2013-10-12 22:00:00,,-14.101
2013-10-12 23:00:00,,-14.1
2013-10-13 00:00:00,,-14.097
2013-10-13 01:00:00,,-14.095
2013-10-13 02:00:00,,-14.093
2013-10-13 03:00:00,,-14.091
2013-10-13 04:00:00,,-14.091
2013-10-13 05:00:00,,-14.094
2013-10-13 06:00:00,,-14.098
2013-10-13 07:00:00,,-14.102
2013-10-13 08:00:00,,-14.106
2013-10-13 09:00:00,,-14.11
2013-10-13 10:00:00,,-14.113
2013-10-13 11:00:00,,-14.117
2013-10-13 12:00:00,,-14.117
2013-10-13 13:00:00,,-14.116
2013-10-13 14:00:00,,-14.114
2013-10-13 15:00:00,,-14.112
2013-10-13 16:00:00,,-14.114
2013-10-13 17:00:00,,-14.117
2013-10-13 18:00:00,,-14.122
2013-10-13 19:00:00,,-14.124
2013-10-13 20:00:00,,-14.132
2013-10-13 21:00:00,,-14.136
2013-10-13 22:00:00,,-14.142
2013-10-13 23:00:00,,-14.143
2013-10-14 00:00:00,,-14.145
2013-10-14 01:00:00,,-14.143
2013-10-14 02:00:00,,-14.146
2013-10-14 03:00:00,,-14.146
2013-10-14 04:00:00,,-14.147
2013-10-14 05:00:00,,-14.153
2013-10-14 06:00:00,,-14.161
2013-10-14 07:00:00,,-14.167
2013-10-14 08:00:00,,-14.173
2013-10-14 09:00:00,,-14.179
2013-10-14 10:00:00,,-14.179
2013-10-14 11:00:00,,-14.178
2013-10-14 12:00:00,,-14.172
2013-10-14 13:00:00,,-14.165
2013-10-14 14:00:00,,-14.158
2013-10-14 15:00:00,,-14.154
2013-10-14 16:00:00,,-14.15
2013-10-14 17:00:00,,-14.151
2013-10-14 18:00:00,,-14.153
2013-10-14 19:00:00,,-14.156
2013-10-14 20:00:00,,-14.16
2013-10-14 21:00:00,,-14.164
2013-10-14 22:00:00,,-14.167
2013-10-14 23:00:00,,-14.167
2013-10-15 00:00:00,,-14.165
2013-10-15 01:00:00,,-14.162
2013-10-15 02:00:00,,-14.158
2013-10-15 03:00:00,,-14.156
2013-10-15 04:00:00,,-14.156
2013-10-15 05:00:00,,-14.159
2013-10-15 06:00:00,,-14.163
2013-10-15 07:00:00,,-14.167
2013-10-15 08:00:00,,-14.174
2013-10-15 09:00:00,,-14.178
2013-10-15 10:00:00,,-14.177
2013-10-15 11:00:00,,-14.173
2013-10-15 12:00:00,,-14.168
2013-10-15 13:00:00,,-14.161
2013-10-15 14:00:00,,-14.155
2013-10-15 15:00:00,,-14.15
2013-10-15 16:00:00,,-14.146
2013-10-15 17:00:00,,-14.142
2013-10-15 18:00:00,,-14.143
2013-10-15 19:00:00,,-14.144
2013-10-15 20:00:00,,-14.147
2013-10-15 21:00:00,,-14.15
2013-10-15 22:00:00,,-14.152
2013-10-15 23:00:00,,-14.153
2013-10-16 00:00:00,,-14.15
2013-10-16 01:00:00,,-14.148
2013-10-16 02:00:00,,-14.144
2013-10-16 03:00:00,,-14.142
2013-10-16 04:00:00,,-14.141
2013-10-16 05:00:00,,-14.142
2013-10-16 06:00:00,,-14.145
2013-10-16 07:00:00,,-14.148
2013-10-16 08:00:00,,-14.151
2013-10-16 09:00:00,,-14.155
2013-10-16 10:00:00,,-14.154
2013-10-16 11:00:00,,-14.15
2013-10-16 12:00:00,,-14.143
2013-10-16 13:00:00,,-14.135
2013-10-16 14:00:00,,-14.126
2013-10-16 15:00:00,,-14.118
2013-10-16 16:00:00,,-14.112
2013-10-16 17:00:00,,-14.109
2013-10-16 18:00:00,,-14.109
2013-10-16 19:00:00,,-14.113
2013-10-16 20:00:00,,-14.117
2013-10-16 21:00:00,,-14.122
2013-10-16 22:00:00,,-14.124
2013-10-16 23:00:00,,-14.124
2013-10-17 00:00:00,,-14.122
2013-10-17 01:00:00,,-14.119
2013-10-17 02:00:00,,-14.114
2013-10-17 03:00:00,,-14.109
2013-10-17 04:00:00,,-14.107
2013-10-17 05:00:00,,-14.107
2013-10-17 06:00:00,,-14.111
2013-10-17 07:00:00,,-14.118
2013-10-17 08:00:00,,-14.126
2013-10-17 09:00:00,,-14.133
2013-10-17 10:00:00,,-14.136
2013-10-17 11:00:00,,-14.137
2013-10-17 12:00:00,,-14.136
2013-10-17 13:00:00,,-14.132
2013-10-17 14:00:00,,-14.126
2013-10-17 15:00:00,,-14.119
2013-10-17 16:00:00,,-14.114
2013-10-17 17:00:00,,-14.112
2013-10-17 18:00:00,,-14.113
2013-10-17 19:00:00,,-14.116
2013-10-17 20:00:00,,-14.123
2013-10-17 21:00:00,,-14.13
2013-10-17 22:00:00,,-14.135
2013-10-17 23:00:00,,-14.14
2013-10-18 00:00:00,,-14.142
2013-10-18 01:00:00,,-14.142
2013-10-18 02:00:00,,-14.141
2013-10-18 03:00:00,,-14.139
2013-10-18 04:00:00,,-14.139
2013-10-18 05:00:00,,-14.141
2013-10-18 06:00:00,,-14.144
2013-10-18 07:00:00,,-14.15
2013-10-18 08:00:00,,-14.155
2013-10-18 09:00:00,,-14.161
2013-10-18 10:00:00,,-14.166
2013-10-18 11:00:00,,-14.166
2013-10-18 12:00:00,,-14.162
2013-10-18 13:00:00,,-14.156
2013-10-18 14:00:00,,-14.148
2013-10-18 15:00:00,,-14.139
2013-10-18 16:00:00,,-14.132
2013-10-18 17:00:00,,-14.127
2013-10-18 18:00:00,,-14.126
2013-10-18 19:00:00,,-14.129
2013-10-18 20:00:00,,-14.133
2013-10-18 21:00:00,,-14.138
2013-10-18 22:00:00,,-14.144
2013-10-18 23:00:00,,-14.147
2013-10-19 00:00:00,,-14.149
2013-10-19 01:00:00,,-14.147
2013-10-19 02:00:00,,-14.144
2013-10-19 03:00:00,,-14.14
2013-10-19 04:00:00,,-14.139
2013-10-19 05:00:00,,-14.138
2013-10-19 06:00:00,,-14.139
2013-10-19 07:00:00,,-14.141
2013-10-19 08:00:00,,-14.145
2013-10-19 09:00:00,,-14.148
2013-10-19 10:00:00,,-14.149
2013-10-19 11:00:00,,-14.147
2013-10-19 12:00:00,,-14.143
2013-10-19 13:00:00,,-14.136
2013-10-19 14:00:00,,-14.128
2013-10-19 15:00:00,,-14.12
2013-10-19 16:00:00,,-14.113
2013-10-19 17:00:00,,-14.109
2013-10-19 18:00:00,,-14.106
2013-10-19 19:00:00,,-14.108
2013-10-19 20:00:00,,-14.11
2013-10-19 21:00:00,,-14.115
2013-10-19 22:00:00,,-14.118
2013-10-19 23:00:00,,-14.122
2013-10-20 00:00:00,,-14.123
2013-10-20 01:00:00,,-14.122
2013-10-20 02:00:00,,-14.12
2013-10-20 03:00:00,,-14.116
2013-10-20 04:00:00,,-14.114
2013-10-20 05:00:00,,-14.114
2013-10-20 06:00:00,,-14.115
2013-10-20 07:00:00,,-14.117
2013-10-20 08:00:00,,-14.12
2013-10-20 09:00:00,,-14.123
2013-10-20 10:00:00,,-14.124
2013-10-20 11:00:00,,-14.122
2013-10-20 12:00:00,,-14.119
2013-10-20 13:00:00,,-14.113
2013-10-20 14:00:00,,-14.105
2013-10-20 15:00:00,,-14.098
2013-10-20 16:00:00,,-14.091
2013-10-20 17:00:00,,-14.087
2013-10-20 18:00:00,,-14.085
2013-10-20 19:00:00,,-14.085
2013-10-20 20:00:00,,-14.089
2013-10-20 21:00:00,,-14.092
2013-10-20 22:00:00,,-14.095
2013-10-20 23:00:00,,-14.098
2013-10-21 00:00:00,,-14.098
2013-10-21 01:00:00,,-14.097
2013-10-21 02:00:00,,-14.094
2013-10-21 03:00:00,,-14.091
2013-10-21 04:00:00,,-14.091
2013-10-21 05:00:00,,-14.091
2013-10-21 06:00:00,,-14.092
2013-10-21 07:00:00,,-14.093
2013-10-21 08:00:00,,-14.098
2013-10-21 09:00:00,,-14.102
2013-10-21 10:00:00,,-14.106
2013-10-21 11:00:00,,-14.107
2013-10-21 12:00:00,,-14.106
2013-10-21 13:00:00,,-14.101
2013-10-21 14:00:00,,-14.096
2013-10-21 15:00:00,,-14.089
2013-10-21 16:00:00,,-14.083
2013-10-21 17:00:00,,-14.079
2013-10-21 18:00:00,,-14.078
2013-10-21 19:00:00,,-14.079
2013-10-21 20:00:00,,-14.082
2013-10-21 21:00:00,,-14.085
2013-10-21 22:00:00,,-14.088
2013-10-21 23:00:00,,-14.09
2013-10-22 00:00:00,,-14.09
2013-10-22 01:00:00,,-14.091
2013-10-22 02:00:00,,-14.092
2013-10-22 03:00:00,,-14.093
2013-10-22 04:00:00,,-14.094
2013-10-22 05:00:00,,-14.097
2013-10-22 06:00:00,,-14.1
2013-10-22 07:00:00,,-14.106
2013-10-22 08:00:00,,-14.111
2013-10-22 09:00:00,,-14.117
2013-10-22 10:00:00,,-14.12
2013-10-22 11:00:00,,-14.123
2013-10-22 12:00:00,,-14.124
2013-10-22 13:00:00,,-14.12
2013-10-22 14:00:00,,-14.118
2013-10-22 15:00:00,,-14.114
2013-10-22 16:00:00,,-14.113
2013-10-22 17:00:00,,-14.109
2013-10-22 18:00:00,,-14.108
2013-10-22 19:00:00,,-14.108
2013-10-22 20:00:00,,-14.11
2013-10-22 21:00:00,,-14.115
2013-10-22 22:00:00,,-14.121
2013-10-22 23:00:00,,-14.125
2013-10-23 00:00:00,,-14.127
2013-10-23 01:00:00,,-14.126
2013-10-23 02:00:00,,-14.127
2013-10-23 03:00:00,,-14.127
2013-10-23 04:00:00,,-14.127
2013-10-23 05:00:00,,-14.128
2013-10-23 06:00:00,,-14.129
2013-10-23 07:00:00,,-14.132
2013-10-23 08:00:00,,-14.135
2013-10-23 09:00:00,,-14.137
2013-10-23 10:00:00,,-14.139
2013-10-23 11:00:00,,-14.14
2013-10-23 12:00:00,,-14.139
2013-10-23 13:00:00,,-14.137
2013-10-23 14:00:00,,-14.132
2013-10-23 15:00:00,,-14.127
2013-10-23 16:00:00,,-14.124
2013-10-23 17:00:00,,-14.122
2013-10-23 18:00:00,,-14.122
2013-10-23 19:00:00,,-14.127
2013-10-23 20:00:00,,-14.132
2013-10-23 21:00:00,,-14.138
2013-10-23 22:00:00,,-14.143
2013-10-23 23:00:00,,-14.148
2013-10-24 00:00:00,,-14.15
2013-10-24 01:00:00,,-14.15
2013-10-24 02:00:00,,-14.149
2013-10-24 03:00:00,,-14.149
2013-10-24 04:00:00,,-14.15
2013-10-24 05:00:00,,-14.149
2013-10-24 06:00:00,,-14.152
2013-10-24 07:00:00,,-14.155
2013-10-24 08:00:00,,-14.157
2013-10-24 09:00:00,,-14.16
2013-10-24 10:00:00,,-14.164
2013-10-24 11:00:00,,-14.165
2013-10-24 12:00:00,,-14.164
2013-10-24 13:00:00,,-14.161
2013-10-24 14:00:00,,-14.158
2013-10-24 15:00:00,,-14.154
2013-10-24 16:00:00,,-14.15
2013-10-24 17:00:00,,-14.148
2013-10-24 18:00:00,,-14.147
2013-10-24 19:00:00,,-14.149
2013-10-24 20:00:00,,-14.151
2013-10-24 21:00:00,,-14.154
2013-10-24 22:00:00,,-14.156
2013-10-24 23:00:00,,-14.159
2013-10-25 00:00:00,,-14.161
2013-10-25 01:00:00,,-14.162
2013-10-25 02:00:00,,-14.161
2013-10-25 03:00:00,,-14.162
2013-10-25 04:00:00,,-14.163
2013-10-25 05:00:00,,-14.165
2013-10-25 06:00:00,,-14.168
2013-10-25 07:00:00,,-14.172
2013-10-25 08:00:00,,-14.175
2013-10-25 09:00:00,,-14.176
2013-10-25 10:00:00,,-14.176
2013-10-25 11:00:00,,-14.173
2013-10-25 12:00:00,,-14.17
2013-10-25 13:00:00,,-14.165
2013-10-25 14:00:00,,-14.161
2013-10-25 15:00:00,,-14.156
2013-10-25 16:00:00,,-14.151
2013-10-25 17:00:00,,-14.148
2013-10-25 18:00:00,,-14.148
2013-10-25 19:00:00,,-14.149
2013-10-25 20:00:00,,-14.152
2013-10-25 21:00:00,,-14.156
2013-10-25 22:00:00,,-14.16
2013-10-25 23:00:00,,-14.163
2013-10-26 00:00:00,,-14.166
2013-10-26 01:00:00,,-14.166
2013-10-26 02:00:00,,-14.165
2013-10-26 03:00:00,,-14.165
2013-10-26 04:00:00,,-14.166
2013-10-26 05:00:00,,-14.168
2013-10-26 06:00:00,,-14.17
2013-10-26 07:00:00,,-14.174
2013-10-26 08:00:00,,-14.176
2013-10-26 09:00:00,,-14.178
2013-10-26 10:00:00,,-14.177
2013-10-26 11:00:00,,-14.175
2013-10-26 12:00:00,,-14.171
2013-10-26 13:00:00,,-14.166
2013-10-26 14:00:00,,-14.161
2013-10-26 15:00:00,,-14.156
2013-10-26 16:00:00,,-14.153
2013-10-26 17:00:00,,-14.15
2013-10-26 18:00:00,,-14.149
2013-10-26 19:00:00,,-14.149
2013-10-26 20:00:00,,-14.152
2013-10-26 21:00:00,,-14.154
2013-10-26 22:00:00,,-14.155
2013-10-26 23:00:00,,-14.157
2013-10-27 00:00:00,,-14.156
2013-10-27 01:00:00,,-14.155
2013-10-27 02:00:00,,-14.153
2013-10-27 03:00:00,,-14.152
2013-10-27 04:00:00,,-14.152
2013-10-27 05:00:00,,-14.153
2013-10-27 06:00:00,,-14.156
2013-10-27 07:00:00,,-14.159
2013-10-27 08:00:00,,-14.162
2013-10-27 09:00:00,,-14.163
2013-10-27 10:00:00,,-14.161
2013-10-27 11:00:00,,-14.158
2013-10-27 12:00:00,,-14.152
2013-10-27 13:00:00,,-14.146
2013-10-27 14:00:00,,-14.14
2013-10-27 15:00:00,,-14.136
2013-10-27 16:00:00,,-14.132
2013-10-27 17:00:00,,-14.129
2013-10-27 18:00:00,,-14.128
2013-10-27 19:00:00,,-14.129
2013-10-27 20:00:00,,-14.131
2013-10-27 21:00:00,,-14.133
2013-10-27 22:00:00,,-14.134
2013-10-27 23:00:00,,-14.135
2013-10-28 00:00:00,,-14.134
2013-10-28 01:00:00,,-14.132
2013-10-28 02:00:00,,-14.129
2013-10-28 03:00:00,,-14.127
2013-10-28 04:00:00,,-14.127
2013-10-28 05:00:00,,-14.128
2013-10-28 06:00:00,,-14.13
2013-10-28 07:00:00,,-14.132
2013-10-28 08:00:00,,-14.135
2013-10-28 09:00:00,,-14.135
2013-10-28 10:00:00,,-14.134
2013-10-28 11:00:00,,-14.133
2013-10-28 12:00:00,,-14.129
2013-10-28 13:00:00,,-14.124
2013-10-28 14:00:00,,-14.117
2013-10-28 15:00:00,,-14.114
2013-10-28 16:00:00,,-14.11
2013-10-28 17:00:00,,-14.109
2013-10-28 18:00:00,,-14.108
2013-10-28 19:00:00,,-14.109
2013-10-28 20:00:00,,-14.111
2013-10-28 21:00:00,,-14.114
2013-10-28 22:00:00,,-14.115
2013-10-28 23:00:00,,-14.117
2013-10-29 00:00:00,,-14.118
2013-10-29 01:00:00,,-14.117
2013-10-29 02:00:00,,-14.116
2013-10-29 03:00:00,,-14.118
2013-10-29 04:00:00,,-14.119
2013-10-29 05:00:00,,-14.124
2013-10-29 06:00:00,,-14.131
2013-10-29 07:00:00,,-14.137
2013-10-29 08:00:00,,-14.143
2013-10-29 09:00:00,,-14.149
2013-10-29 10:00:00,,-14.151
2013-10-29 11:00:00,,-14.148
2013-10-29 12:00:00,,-14.145
2013-10-29 13:00:00,,-14.139
2013-10-29 14:00:00,,-14.134
2013-10-29 15:00:00,,-14.129
2013-10-29 16:00:00,,-14.126
2013-10-29 17:00:00,,-14.125
2013-10-29 18:00:00,,-14.126
2013-10-29 19:00:00,,-14.127
2013-10-29 20:00:00,,-14.131
2013-10-29 21:00:00,,-14.135
2013-10-29 22:00:00,,-14.137
2013-10-29 23:00:00,,-14.137
2013-10-30 00:00:00,,-14.136
2013-10-30 01:00:00,,-14.135
2013-10-30 02:00:00,,-14.134
2013-10-30 03:00:00,,-14.133
2013-10-30 04:00:00,,-14.134
2013-10-30 05:00:00,,-14.138
2013-10-30 06:00:00,,-14.143
2013-10-30 07:00:00,,-14.148
2013-10-30 08:00:00,,-14.152
2013-10-30 09:00:00,,-14.156
2013-10-30 10:00:00,,-14.157
2013-10-30 11:00:00,,-14.156
2013-10-30 12:00:00,,-14.151
2013-10-30 13:00:00,,-14.147
2013-10-30 14:00:00,,-14.141
2013-10-30 15:00:00,,-14.134
2013-10-30 16:00:00,,-14.131
2013-10-30 17:00:00,,-14.129
2013-10-30 18:00:00,,-14.129
2013-10-30 19:00:00,,-14.13
2013-10-30 20:00:00,,-14.134
2013-10-30 21:00:00,,-14.138
2013-10-30 22:00:00,,-14.142
2013-10-30 23:00:00,,-14.144
2013-10-31 00:00:00,,-14.142
2013-10-31 01:00:00,,-14.141
2013-10-31 02:00:00,,-14.137
2013-10-31 03:00:00,,-14.136
2013-10-31 04:00:00,,-14.138
2013-10-31 05:00:00,,-14.142
2013-10-31 06:00:00,,-14.148
2013-10-31 07:00:00,,-14.154
2013-10-31 08:00:00,,-14.158
2013-10-31 09:00:00,,-14.161
2013-10-31 10:00:00,,-14.163
2013-10-31 11:00:00,,-14.161
2013-10-31 12:00:00,,-14.157
2013-10-31 13:00:00,,-14.151
2013-10-31 14:00:00,,-14.144
2013-10-31 15:00:00,,-14.138
2013-10-31 16:00:00,,-14.133
2013-10-31 17:00:00,,-14.129
2013-10-31 18:00:00,,-14.13
2013-10-31 19:00:00,,-14.134
2013-10-31 20:00:00,,-14.14
2013-10-31 21:00:00,,-14.145
2013-10-31 22:00:00,,-14.149
2013-10-31 23:00:00,,-14.151
2013-11-01 00:00:00,,-14.15
2013-11-01 01:00:00,,-14.148
2013-11-01 02:00:00,,-14.145
2013-11-01 03:00:00,,-14.144
2013-11-01 04:00:00,,-14.143
2013-11-01 05:00:00,,-14.144
2013-11-01 06:00:00,,-14.148
2013-11-01 07:00:00,,-14.155
2013-11-01 08:00:00,,-14.16
2013-11-01 09:00:00,,-14.163
2013-11-01 10:00:00,,-14.164
2013-11-01 11:00:00,,-14.161
2013-11-01 12:00:00,,-14.156
2013-11-01 13:00:00,,-14.149
2013-11-01 14:00:00,,-14.141
2013-11-01 15:00:00,,-14.134
2013-11-01 16:00:00,,-14.128
2013-11-01 17:00:00,,-14.124
2013-11-01 18:00:00,,-14.124
2013-11-01 19:00:00,,-14.127
2013-11-01 20:00:00,,-14.133
2013-11-01 21:00:00,,-14.138
2013-11-01 22:00:00,,-14.143
2013-11-01 23:00:00,,-14.144
2013-11-02 00:00:00,,-14.145
2013-11-02 01:00:00,,-14.143
2013-11-02 02:00:00,,-14.14
2013-11-02 03:00:00,,-14.137
2013-11-02 04:00:00,,-14.137
2013-11-02 05:00:00,,-14.138
2013-11-02 06:00:00,,-14.142
2013-11-02 07:00:00,,-14.146
2013-11-02 08:00:00,,-14.15
2013-11-02 09:00:00,,-14.152
2013-11-02 10:00:00,,-14.153
2013-11-02 11:00:00,,-14.151
2013-11-02 12:00:00,,-14.147
2013-11-02 13:00:00,,-14.14
2013-11-02 14:00:00,,-14.132
2013-11-02 15:00:00,,-14.124
2013-11-02 16:00:00,,-14.119
2013-11-02 17:00:00,,-14.113
2013-11-02 18:00:00,,-14.113
2013-11-02 19:00:00,,-14.116
2013-11-02 20:00:00,,-14.121
2013-11-02 21:00:00,,-14.126
2013-11-02 22:00:00,,-14.13
2013-11-02 23:00:00,,-14.132
2013-11-03 00:00:00,,-14.132
2013-11-03 01:00:00,,-14.129
2013-11-03 02:00:00,,-14.126
2013-11-03 03:00:00,,-14.125
2013-11-03 04:00:00,,-14.124
2013-11-03 05:00:00,,-14.125
2013-11-03 06:00:00,,-14.128
2013-11-03 07:00:00,,-14.133
2013-11-03 08:00:00,,-14.138
2013-11-03 09:00:00,,-14.142
2013-11-03 10:00:00,,-14.145
2013-11-03 11:00:00,,-14.143
2013-11-03 12:00:00,,-14.14
2013-11-03 13:00:00,,-14.135
2013-11-03 14:00:00,,-14.128
2013-11-03 15:00:00,,-14.121
2013-11-03 16:00:00,,-14.117
2013-11-03 17:00:00,,-14.111
2013-11-03 18:00:00,,-14.111
2013-11-03 19:00:00,,-14.113
2013-11-03 20:00:00,,-14.117
2013-11-03 21:00:00,,-14.123
2013-11-03 22:00:00,,-14.128
2013-11-03 23:00:00,,-14.133
2013-11-04 00:00:00,,-14.135
2013-11-04 01:00:00,,-14.134
2013-11-04 02:00:00,,-14.134
2013-11-04 03:00:00,,-14.133
2013-11-04 04:00:00,,-14.133
2013-11-04 05:00:00,,-14.133
2013-11-04 06:00:00,,-14.136
2013-11-04 07:00:00,,-14.141
2013-11-04 08:00:00,,-14.145
2013-11-04 09:00:00,,-14.15
2013-11-04 10:00:00,,-14.152
2013-11-04 11:00:00,,-14.151
2013-11-04 12:00:00,,-14.149
2013-11-04 13:00:00,,-14.144
2013-11-04 14:00:00,,-14.138
2013-11-04 15:00:00,,-14.132
2013-11-04 16:00:00,,-14.125
2013-11-04 17:00:00,,-14.121
2013-11-04 18:00:00,,-14.118
2013-11-04 19:00:00,,-14.12
2013-11-04 20:00:00,,-14.124
2013-11-04 21:00:00,,-14.128
2013-11-04 22:00:00,,-14.134
2013-11-04 23:00:00,,-14.138
2013-11-05 00:00:00,,-14.14
2013-11-05 01:00:00,,-14.141
2013-11-05 02:00:00,,-14.14
2013-11-05 03:00:00,,-14.137
2013-11-05 04:00:00,,-14.136
2013-11-05 05:00:00,,-14.136
2013-11-05 06:00:00,,-14.137
2013-11-05 07:00:00,,-14.141
2013-11-05 08:00:00,,-14.144
2013-11-05 09:00:00,,-14.147
2013-11-05 10:00:00,,-14.15
2013-11-05 11:00:00,,-14.15
2013-11-05 12:00:00,,-14.147
2013-11-05 13:00:00,,-14.143
2013-11-05 14:00:00,,-14.137
2013-11-05 15:00:00,,-14.131
2013-11-05 16:00:00,,-14.123
2013-11-05 17:00:00,,-14.119
2013-11-05 18:00:00,,-14.115
2013-11-05 19:00:00,,-14.114
2013-11-05 20:00:00,,-14.115
2013-11-05 21:00:00,,-14.118
2013-11-05 22:00:00,,-14.123
2013-11-05 23:00:00,,-14.127
2013-11-06 00:00:00,,-14.129
2013-11-06 01:00:00,,-14.127
2013-11-06 02:00:00,,-14.126
2013-11-06 03:00:00,,-14.126
2013-11-06 04:00:00,,-14.126
2013-11-06 05:00:00,,-14.125
2013-11-06 06:00:00,,-14.126
2013-11-06 07:00:00,,-14.128
2013-11-06 08:00:00,,-14.13
2013-11-06 09:00:00,,-14.132
2013-11-06 10:00:00,,-14.133
2013-11-06 11:00:00,,-14.131
2013-11-06 12:00:00,,-14.129
2013-11-06 13:00:00,,-14.124
2013-11-06 14:00:00,,-14.119
2013-11-06 15:00:00,,-14.112
2013-11-06 16:00:00,,-14.106
2013-11-06 17:00:00,,-14.101
2013-11-06 18:00:00,,-14.096
2013-11-06 19:00:00,,-14.096
2013-11-06 20:00:00,,-14.097
2013-11-06 21:00:00,,-14.099
2013-11-06 22:00:00,,-14.102
2013-11-06 23:00:00,,-14.106
2013-11-07 00:00:00,,-14.108
2013-11-07 01:00:00,,-14.109
2013-11-07 02:00:00,,-14.107
2013-11-07 03:00:00,,-14.106
2013-11-07 04:00:00,,-14.106
2013-11-07 05:00:00,,-14.105
2013-11-07 06:00:00,,-14.105
2013-11-07 07:00:00,,-14.107
2013-11-07 08:00:00,,-14.108
2013-11-07 09:00:00,,-14.11
2013-11-07 10:00:00,,-14.11
2013-11-07 11:00:00,,-14.108
2013-11-07 12:00:00,,-14.105
2013-11-07 13:00:00,,-14.101
2013-11-07 14:00:00,,-14.096
2013-11-07 15:00:00,,-14.09
2013-11-07 16:00:00,,-14.085
2013-11-07 17:00:00,,-14.08
2013-11-07 18:00:00,,-14.078
2013-11-07 19:00:00,,-14.078
2013-11-07 20:00:00,,-14.078
2013-11-07 21:00:00,,-14.08
2013-11-07 22:00:00,,-14.083
2013-11-07 23:00:00,,-14.083
2013-11-08 00:00:00,,-14.083
2013-11-08 01:00:00,,-14.082
2013-11-08 02:00:00,,-14.08
2013-11-08 03:00:00,,-14.08
2013-11-08 04:00:00,,-14.085
2013-11-08 05:00:00,,-14.091
2013-11-08 06:00:00,,-14.095
2013-11-08 07:00:00,,-14.101
2013-11-08 08:00:00,,-14.107
2013-11-08 09:00:00,,-14.112
2013-11-08 10:00:00,,-14.114
2013-11-08 11:00:00,,-14.115
2013-11-08 12:00:00,,-14.113
2013-11-08 13:00:00,,-14.11
2013-11-08 14:00:00,,-14.106
2013-11-08 15:00:00,,-14.102
2013-11-08 16:00:00,,-14.099
2013-11-08 17:00:00,,-14.096
2013-11-08 18:00:00,,-14.094
2013-11-08 19:00:00,,-14.094
2013-11-08 20:00:00,,-14.095
2013-11-08 21:00:00,,-14.096
2013-11-08 22:00:00,,-14.097
2013-11-08 23:00:00,,-14.099
2013-11-09 00:00:00,,-14.099
2013-11-09 01:00:00,,-14.099
2013-11-09 02:00:00,,-14.101
2013-11-09 03:00:00,,-14.102
2013-11-09 04:00:00,,-14.106
2013-11-09 05:00:00,,-14.111
2013-11-09 06:00:00,,-14.114
2013-11-09 07:00:00,,-14.123
2013-11-09 08:00:00,,-14.127
2013-11-09 09:00:00,,-14.128
2013-11-09 10:00:00,,-14.124
2013-11-09 11:00:00,,-14.124
2013-11-09 12:00:00,,-14.122
2013-11-09 13:00:00,,-14.119
2013-11-09 14:00:00,,-14.117
2013-11-09 15:00:00,,-14.113
2013-11-09 16:00:00,,-14.109
2013-11-09 17:00:00,,-14.107
2013-11-09 18:00:00,,-14.105
2013-11-09 19:00:00,,-14.105
2013-11-09 20:00:00,,-14.106
2013-11-09 21:00:00,,-14.108
2013-11-09 22:00:00,,-14.112
2013-11-09 23:00:00,,-14.119
2013-11-10 00:00:00,,-14.124
2013-11-10 01:00:00,,-14.124
2013-11-10 02:00:00,,-14.122
2013-11-10 03:00:00,,-14.121
2013-11-10 04:00:00,,-14.123
2013-11-10 05:00:00,,-14.125
2013-11-10 06:00:00,,-14.128
2013-11-10 07:00:00,,-14.133
2013-11-10 08:00:00,,-14.137
2013-11-10 09:00:00,,-14.138
2013-11-10 10:00:00,,-14.138
2013-11-10 11:00:00,,-14.137
2013-11-10 12:00:00,,-14.133
2013-11-10 13:00:00,,-14.128
2013-11-10 14:00:00,,-14.123
2013-11-10 15:00:00,,-14.118
2013-11-10 16:00:00,,-14.115
2013-11-10 17:00:00,,-14.114
2013-11-10 18:00:00,,-14.114
2013-11-10 19:00:00,,-14.114
2013-11-10 20:00:00,,-14.116
2013-11-10 21:00:00,,-14.119
2013-11-10 22:00:00,,-14.121
2013-11-10 23:00:00,,-14.121
2013-11-11 00:00:00,,-14.12
2013-11-11 01:00:00,,-14.12
2013-11-11 02:00:00,,-14.119
2013-11-11 03:00:00,,-14.12
2013-11-11 04:00:00,,-14.123
2013-11-11 05:00:00,,-14.129
2013-11-11 06:00:00,,-14.132
2013-11-11 07:00:00,,-14.137
2013-11-11 08:00:00,,-14.14
2013-11-11 09:00:00,,-14.141
2013-11-11 10:00:00,,-14.141
2013-11-11 11:00:00,,-14.138
2013-11-11 12:00:00,,-14.132
2013-11-11 13:00:00,,-14.128
2013-11-11 14:00:00,,-14.122
2013-11-11 15:00:00,,-14.117
2013-11-11 16:00:00,,-14.113
2013-11-11 17:00:00,,-14.11
2013-11-11 18:00:00,,-14.11
2013-11-11 19:00:00,,-14.111
2013-11-11 20:00:00,,-14.113
2013-11-11 21:00:00,,-14.117
2013-11-11 22:00:00,,-14.121
2013-11-11 23:00:00,,-14.123
2013-11-12 00:00:00,,-14.121
2013-11-12 01:00:00,,-14.119
2013-11-12 02:00:00,,-14.117
2013-11-12 03:00:00,,-14.118
2013-11-12 04:00:00,,-14.121
2013-11-12 05:00:00,,-14.124
2013-11-12 06:00:00,,-14.128
2013-11-12 07:00:00,,-14.133
2013-11-12 08:00:00,,-14.137
2013-11-12 09:00:00,,-14.14
2013-11-12 10:00:00,,-14.139
2013-11-12 11:00:00,,-14.137
2013-11-12 12:00:00,,-14.133
2013-11-12 13:00:00,,-14.128
2013-11-12 14:00:00,,-14.12
2013-11-12 15:00:00,,-14.114
2013-11-12 16:00:00,,-14.11
2013-11-12 17:00:00,,-14.109
2013-11-12 18:00:00,,-14.109
2013-11-12 19:00:00,,-14.111
2013-11-12 20:00:00,,-14.113
2013-11-12 21:00:00,,-14.116
2013-11-12 22:00:00,,-14.119
2013-11-12 23:00:00,,-14.122
2013-11-13 00:00:00,,-14.121
2013-11-13 01:00:00,,-14.12
2013-11-13 02:00:00,,-14.117
2013-11-13 03:00:00,,-14.117
2013-11-13 04:00:00,,-14.118
2013-11-13 05:00:00,,-14.122
2013-11-13 06:00:00,,-14.126
2013-11-13 07:00:00,,-14.132
2013-11-13 08:00:00,,-14.137
2013-11-13 09:00:00,,-14.142
2013-11-13 10:00:00,,-14.143
2013-11-13 11:00:00,,-14.144
2013-11-13 12:00:00,,-14.14
2013-11-13 13:00:00,,-14.137
2013-11-13 14:00:00,,-14.129
2013-11-13 15:00:00,,-14.124
2013-11-13 16:00:00,,-14.12
2013-11-13 17:00:00,,-14.118
2013-11-13 18:00:00,,-14.12
2013-11-13 19:00:00,,-14.123
2013-11-13 20:00:00,,-14.126
2013-11-13 21:00:00,,-14.128
2013-11-13 22:00:00,,-14.13
2013-11-13 23:00:00,,-14.132
2013-11-14 00:00:00,,-14.131
2013-11-14 01:00:00,,-14.129
2013-11-14 02:00:00,,-14.127
2013-11-14 03:00:00,,-14.127
2013-11-14 04:00:00,,-14.126
2013-11-14 05:00:00,,-14.129
2013-11-14 06:00:00,,-14.134
2013-11-14 07:00:00,,-14.14
2013-11-14 08:00:00,,-14.143
2013-11-14 09:00:00,,-14.146
2013-11-14 10:00:00,,-14.146
2013-11-14 11:00:00,,-14.143
2013-11-14 12:00:00,,-14.139
2013-11-14 13:00:00,,-14.132
2013-11-14 14:00:00,,-14.125
2013-11-14 15:00:00,,-14.118
2013-11-14 16:00:00,,-14.113
2013-11-14 17:00:00,,-14.11
2013-11-14 18:00:00,,-14.11
2013-11-14 19:00:00,,-14.113
2013-11-14 20:00:00,,-14.116
2013-11-14 21:00:00,,-14.119
2013-11-14 22:00:00,,-14.123
2013-11-14 23:00:00,,-14.126
2013-11-15 00:00:00,,-14.128
2013-11-15 01:00:00,,-14.126
2013-11-15 02:00:00,,-14.122
2013-11-15 03:00:00,,-14.12
2013-11-15 04:00:00,,-14.12
2013-11-15 05:00:00,,-14.123
2013-11-15 06:00:00,,-14.126
2013-11-15 07:00:00,,-14.13
2013-11-15 08:00:00,,-14.135
2013-11-15 09:00:00,,-14.138
2013-11-15 10:00:00,,-14.139
2013-11-15 11:00:00,,-14.137
2013-11-15 12:00:00,,-14.133
2013-11-15 13:00:00,,-14.127
2013-11-15 14:00:00,,-14.12
2013-11-15 15:00:00,,-14.114
2013-11-15 16:00:00,,-14.108
2013-11-15 17:00:00,,-14.104
2013-11-15 18:00:00,,-14.103
2013-11-15 19:00:00,,-14.104
2013-11-15 20:00:00,,-14.107
2013-11-15 21:00:00,,-14.111
2013-11-15 22:00:00,,-14.115
2013-11-15 23:00:00,,-14.116
2013-11-16 00:00:00,,-14.115
2013-11-16 01:00:00,,-14.113
2013-11-16 02:00:00,,-14.108
2013-11-16 03:00:00,,-14.102
2013-11-16 04:00:00,,-14.1
2013-11-16 05:00:00,,-14.099
2013-11-16 06:00:00,,-14.1
2013-11-16 07:00:00,,-14.102
2013-11-16 08:00:00,,-14.104
2013-11-16 09:00:00,,-14.107
2013-11-16 10:00:00,,-14.107
2013-11-16 11:00:00,,-14.104
2013-11-16 12:00:00,,-14.1
2013-11-16 13:00:00,,-14.095
2013-11-16 14:00:00,,-14.088
2013-11-16 15:00:00,,-14.083
2013-11-16 16:00:00,,-14.078
2013-11-16 17:00:00,,-14.076
2013-11-16 18:00:00,,-14.075
2013-11-16 19:00:00,,-14.077
2013-11-16 20:00:00,,-14.083
2013-11-16 21:00:00,,-14.088
2013-11-16 22:00:00,,-14.094
2013-11-16 23:00:00,,-14.099
2013-11-17 00:00:00,,-14.099
2013-11-17 01:00:00,,-14.098
2013-11-17 02:00:00,,-14.095
2013-11-17 03:00:00,,-14.09
2013-11-17 04:00:00,,-14.091
2013-11-17 05:00:00,,-14.091
2013-11-17 06:00:00,,-14.09
2013-11-17 07:00:00,,-14.094
2013-11-17 08:00:00,,-14.098
2013-11-17 09:00:00,,-14.106
2013-11-17 10:00:00,,-14.11
2013-11-17 11:00:00,,-14.113
2013-11-17 12:00:00,,-14.112
2013-11-17 13:00:00,,-14.108
2013-11-17 14:00:00,,-14.103
2013-11-17 15:00:00,,-14.096
2013-11-17 16:00:00,,-14.09
2013-11-17 17:00:00,,-14.086
2013-11-17 18:00:00,,-14.085
2013-11-17 19:00:00,,-14.086
2013-11-17 20:00:00,,-14.089
2013-11-17 21:00:00,,-14.093
2013-11-17 22:00:00,,-14.096
2013-11-17 23:00:00,,-14.1
2013-11-18 00:00:00,,-14.101
2013-11-18 01:00:00,,-14.101
2013-11-18 02:00:00,,-14.098
2013-11-18 03:00:00,,-14.097
2013-11-18 04:00:00,,-14.095
2013-11-18 05:00:00,,-14.096
2013-11-18 06:00:00,,-14.1
2013-11-18 07:00:00,,-14.105
2013-11-18 08:00:00,,-14.109
2013-11-18 09:00:00,,-14.113
2013-11-18 10:00:00,,-14.115
2013-11-18 11:00:00,,-14.113
2013-11-18 12:00:00,,-14.11
2013-11-18 13:00:00,,-14.105
2013-11-18 14:00:00,,-14.1
2013-11-18 15:00:00,,-14.094
2013-11-18 16:00:00,,-14.088
2013-11-18 17:00:00,,-14.085
2013-11-18 18:00:00,,-14.087
2013-11-18 19:00:00,,-14.089
2013-11-18 20:00:00,,-14.093
2013-11-18 21:00:00,,-14.097
2013-11-18 22:00:00,,-14.103
2013-11-18 23:00:00,,-14.107
2013-11-19 00:00:00,,-14.106
2013-11-19 01:00:00,,-14.104
2013-11-19 02:00:00,,-14.102
2013-11-19 03:00:00,,-14.1
2013-11-19 04:00:00,,-14.098
2013-11-19 05:00:00,,-14.098
2013-11-19 06:00:00,,-14.098
2013-11-19 07:00:00,,-14.1
2013-11-19 08:00:00,,-14.103
2013-11-19 09:00:00,,-14.106
2013-11-19 10:00:00,,-14.105
2013-11-19 11:00:00,,-14.105
2013-11-19 12:00:00,,-14.102
2013-11-19 13:00:00,,-14.098
2013-11-19 14:00:00,,-14.091
2013-11-19 15:00:00,,-14.085
2013-11-19 16:00:00,,-14.078
2013-11-19 17:00:00,,-14.072
2013-11-19 18:00:00,,-14.069
2013-11-19 19:00:00,,-14.07
2013-11-19 20:00:00,,-14.073
2013-11-19 21:00:00,,-14.077
2013-11-19 22:00:00,,-14.081
2013-11-19 23:00:00,,-14.086
2013-11-20 00:00:00,,-14.086
2013-11-20 01:00:00,,-14.085
2013-11-20 02:00:00,,-14.082
2013-11-20 03:00:00,,-14.081
2013-11-20 04:00:00,,-14.079
2013-11-20 05:00:00,,-14.079
2013-11-20 06:00:00,,-14.08
2013-11-20 07:00:00,,-14.084
2013-11-20 08:00:00,,-14.089
2013-11-20 09:00:00,,-14.092
2013-11-20 10:00:00,,-14.093
2013-11-20 11:00:00,,-14.092
2013-11-20 12:00:00,,-14.092
2013-11-20 13:00:00,,-14.089
2013-11-20 14:00:00,,-14.085
2013-11-20 15:00:00,,-14.08
2013-11-20 16:00:00,,-14.076
2013-11-20 17:00:00,,-14.071
2013-11-20 18:00:00,,-14.07
2013-11-20 19:00:00,,-14.069
2013-11-20 20:00:00,,-14.074
2013-11-20 21:00:00,,-14.077
2013-11-20 22:00:00,,-14.082
2013-11-20 23:00:00,,-14.087
2013-11-21 00:00:00,,-14.09
2013-11-21 01:00:00,,-14.091
2013-11-21 02:00:00,,-14.092
2013-11-21 03:00:00,,-14.09
2013-11-21 04:00:00,,-14.09
2013-11-21 05:00:00,,-14.091
2013-11-21 06:00:00,,-14.091
2013-11-21 07:00:00,,-14.094
2013-11-21 08:00:00,,-14.096
2013-11-21 09:00:00,,-14.098
2013-11-21 10:00:00,,-14.099
2013-11-21 11:00:00,,-14.099
2013-11-21 12:00:00,,-14.097
2013-11-21 13:00:00,,-14.095
2013-11-21 14:00:00,,-14.091
2013-11-21 15:00:00,,-14.086
2013-11-21 16:00:00,,-14.081
2013-11-21 17:00:00,,-14.076
2013-11-21 18:00:00,,-14.074
2013-11-21 19:00:00,,-14.074
2013-11-21 20:00:00,,-14.077
2013-11-21 21:00:00,,-14.083
2013-11-21 22:00:00,,-14.09
2013-11-21 23:00:00,,-14.096
2013-11-22 00:00:00,,-14.098
2013-11-22 01:00:00,,-14.098
2013-11-22 02:00:00,,-14.098
2013-11-22 03:00:00,,-14.099
2013-11-22 04:00:00,,-14.104
2013-11-22 05:00:00,,-14.104
2013-11-22 06:00:00,,-14.107
2013-11-22 07:00:00,,-14.111
2013-11-22 08:00:00,,-14.113
2013-11-22 09:00:00,,-14.116
2013-11-22 10:00:00,,-14.118
2013-11-22 11:00:00,,-14.117
2013-11-22 12:00:00,,-14.116
2013-11-22 13:00:00,,-14.113
2013-11-22 14:00:00,,-14.109
2013-11-22 15:00:00,,-14.104
2013-11-22 16:00:00,,-14.099
2013-11-22 17:00:00,,-14.094
2013-11-22 18:00:00,,-14.091
2013-11-22 19:00:00,,-14.09
2013-11-22 20:00:00,,-14.09
2013-11-22 21:00:00,,-14.092
2013-11-22 22:00:00,,-14.095
2013-11-22 23:00:00,,-14.098
2013-11-23 00:00:00,,-14.1
2013-11-23 01:00:00,,-14.099
2013-11-23 02:00:00,,-14.098
2013-11-23 03:00:00,,-14.099
2013-11-23 04:00:00,,-14.1
2013-11-23 05:00:00,,-14.101
2013-11-23 06:00:00,,-14.102
2013-11-23 07:00:00,,-14.105
2013-11-23 08:00:00,,-14.108
2013-11-23 09:00:00,,-14.109
2013-11-23 10:00:00,,-14.11
2013-11-23 11:00:00,,-14.109
2013-11-23 12:00:00,,-14.106
2013-11-23 13:00:00,,-14.101
2013-11-23 14:00:00,,-14.096
2013-11-23 15:00:00,,-14.091
2013-11-23 16:00:00,,-14.086
2013-11-23 17:00:00,,-14.084
2013-11-23 18:00:00,,-14.084
2013-11-23 19:00:00,,-14.085
2013-11-23 20:00:00,,-14.088
2013-11-23 21:00:00,,-14.089
2013-11-23 22:00:00,,-14.091
2013-11-23 23:00:00,,-14.093
2013-11-24 00:00:00,,-14.094
2013-11-24 01:00:00,,-14.096
2013-11-24 02:00:00,,-14.097
2013-11-24 03:00:00,,-14.097
2013-11-24 04:00:00,,-14.097
2013-11-24 05:00:00,,-14.099
2013-11-24 06:00:00,,-14.101
2013-11-24 07:00:00,,-14.104
2013-11-24 08:00:00,,-14.106
2013-11-24 09:00:00,,-14.106
2013-11-24 10:00:00,,-14.105
2013-11-24 11:00:00,,-14.102
2013-11-24 12:00:00,,-14.1
2013-11-24 13:00:00,,-14.095
2013-11-24 14:00:00,,-14.089
2013-11-24 15:00:00,,-14.084
2013-11-24 16:00:00,,-14.078
2013-11-24 17:00:00,,-14.076
2013-11-24 18:00:00,,-14.075
2013-11-24 19:00:00,,-14.075
2013-11-24 20:00:00,,-14.075
2013-11-24 21:00:00,,-14.078
2013-11-24 22:00:00,,-14.08
2013-11-24 23:00:00,,-14.082
2013-11-25 00:00:00,,-14.083
2013-11-25 01:00:00,,-14.084
2013-11-25 02:00:00,,-14.083
2013-11-25 03:00:00,,-14.084
2013-11-25 04:00:00,,-14.085
2013-11-25 05:00:00,,-14.088
2013-11-25 06:00:00,,-14.091
2013-11-25 07:00:00,,-14.095
2013-11-25 08:00:00,,-14.096
2013-11-25 09:00:00,,-14.096
2013-11-25 10:00:00,,-14.094
2013-11-25 11:00:00,,-14.091
2013-11-25 12:00:00,,-14.087
2013-11-25 13:00:00,,-14.082
2013-11-25 14:00:00,,-14.078
2013-11-25 15:00:00,,-14.073
2013-11-25 16:00:00,,-14.072
2013-11-25 17:00:00,,-14.072
2013-11-25 18:00:00,,-14.071
2013-11-25 19:00:00,,-14.074
2013-11-25 20:00:00,,-14.077
2013-11-25 21:00:00,,-14.082
2013-11-25 22:00:00,,-14.084
2013-11-25 23:00:00,,-14.087
2013-11-26 00:00:00,,-14.087
2013-11-26 01:00:00,,-14.085
2013-11-26 02:00:00,,-14.083
2013-11-26 03:00:00,,-14.083
2013-11-26 04:00:00,,-14.084
2013-11-26 05:00:00,,-14.087
2013-11-26 06:00:00,,-14.092
2013-11-26 07:00:00,,-14.096
2013-11-26 08:00:00,,-14.1
2013-11-26 09:00:00,,-14.1
2013-11-26 10:00:00,,-14.101
2013-11-26 11:00:00,,-14.098
2013-11-26 12:00:00,,-14.095
2013-11-26 13:00:00,,-14.091
2013-11-26 14:00:00,,-14.087
2013-11-26 15:00:00,,-14.084
2013-11-26 16:00:00,,-14.081
2013-11-26 17:00:00,,-14.079
2013-11-26 18:00:00,,-14.084
2013-11-26 19:00:00,,-14.094
2013-11-26 20:00:00,,-14.097
2013-11-26 21:00:00,,-14.1
2013-11-26 22:00:00,,-14.102
2013-11-26 23:00:00,,-14.106
2013-11-27 00:00:00,,-14.107
2013-11-27 01:00:00,,-14.107
2013-11-27 02:00:00,,-14.104
2013-11-27 03:00:00,,-14.105
2013-11-27 04:00:00,,-14.105
2013-11-27 05:00:00,,-14.105
2013-11-27 06:00:00,,-14.108
2013-11-27 07:00:00,,-14.112
2013-11-27 08:00:00,,-14.114
2013-11-27 09:00:00,,-14.116
2013-11-27 10:00:00,,-14.117
2013-11-27 11:00:00,,-14.115
2013-11-27 12:00:00,,-14.111
2013-11-27 13:00:00,,-14.106
2013-11-27 14:00:00,,-14.099
2013-11-27 15:00:00,,-14.095
2013-11-27 16:00:00,,-14.093
2013-11-27 17:00:00,,-14.091
2013-11-27 18:00:00,,-14.09
2013-11-27 19:00:00,,-14.093
2013-11-27 20:00:00,,-14.097
2013-11-27 21:00:00,,-14.098
2013-11-27 22:00:00,,-14.099
2013-11-27 23:00:00,,-14.098
2013-11-28 00:00:00,,-14.095
2013-11-28 01:00:00,,-14.094
2013-11-28 02:00:00,,-14.096
2013-11-28 03:00:00,,-14.095
2013-11-28 04:00:00,,-14.096
2013-11-28 05:00:00,,-14.098
2013-11-28 06:00:00,,-14.101
2013-11-28 07:00:00,,-14.104
2013-11-28 08:00:00,,-14.109
2013-11-28 09:00:00,,-14.112
2013-11-28 10:00:00,,-14.112
2013-11-28 11:00:00,,-14.109
2013-11-28 12:00:00,,-14.104
2013-11-28 13:00:00,,-14.103
2013-11-28 14:00:00,,-14.095
2013-11-28 15:00:00,,-14.097
2013-11-28 16:00:00,,-14.101
2013-11-28 17:00:00,,-14.089
2013-11-28 18:00:00,,-14.09
2013-11-28 19:00:00,,-14.093
2013-11-28 20:00:00,,-14.094
2013-11-28 21:00:00,,-14.098
2013-11-28 22:00:00,,-14.099
2013-11-28 23:00:00,,-14.101
2013-11-29 00:00:00,,-14.101
2013-11-29 01:00:00,,-14.099
2013-11-29 02:00:00,,-14.098
2013-11-29 03:00:00,,-14.099
2013-11-29 04:00:00,,-14.099
2013-11-29 05:00:00,,-14.103
2013-11-29 06:00:00,,-14.107
2013-11-29 07:00:00,,-14.112
2013-11-29 08:00:00,,-14.117
2013-11-29 09:00:00,,-14.119
2013-11-29 10:00:00,,-14.121
2013-11-29 11:00:00,,-14.118
2013-11-29 12:00:00,,-14.114
2013-11-29 13:00:00,,-14.109
2013-11-29 14:00:00,,-14.103
2013-11-29 15:00:00,,-14.098
2013-11-29 16:00:00,,-14.094
2013-11-29 17:00:00,,-14.091
2013-11-29 18:00:00,,-14.091
2013-11-29 19:00:00,,-14.093
2013-11-29 20:00:00,,-14.096
2013-11-29 21:00:00,,-14.099
2013-11-29 22:00:00,,-14.101
2013-11-29 23:00:00,,-14.102
2013-11-30 00:00:00,,-14.103
2013-11-30 01:00:00,,-14.101
2013-11-30 02:00:00,,-14.1
2013-11-30 03:00:00,,-14.099
2013-11-30 04:00:00,,-14.102
2013-11-30 05:00:00,,-14.105
2013-11-30 06:00:00,,-14.11
2013-11-30 07:00:00,,-14.115
2013-11-30 08:00:00,,-14.121
2013-11-30 09:00:00,,-14.124
2013-11-30 10:00:00,,-14.126
2013-11-30 11:00:00,,-14.124
2013-11-30 12:00:00,,-14.12
2013-11-30 13:00:00,,-14.113
2013-11-30 14:00:00,,-14.106
2013-11-30 15:00:00,,-14.101
2013-11-30 16:00:00,,-14.097
2013-11-30 17:00:00,,-14.095
2013-11-30 18:00:00,,-14.095
2013-11-30 19:00:00,,-14.097
2013-11-30 20:00:00,,-14.101
2013-11-30 21:00:00,,-14.104
2013-11-30 22:00:00,,-14.107
2013-11-30 23:00:00,,-14.11
2013-12-01 00:00:00,,-14.11
2013-12-01 01:00:00,,-14.108
2013-12-01 02:00:00,,-14.108
2013-12-01 03:00:00,,-14.108
2013-12-01 04:00:00,,-14.107
2013-12-01 05:00:00,,-14.11
2013-12-01 06:00:00,,-14.117
2013-12-01 07:00:00,,-14.122
2013-12-01 08:00:00,,-14.128
2013-12-01 09:00:00,,-14.133
2013-12-01 10:00:00,,-14.135
2013-12-01 11:00:00,,-14.134
2013-12-01 12:00:00,,-14.131
2013-12-01 13:00:00,,-14.125
2013-12-01 14:00:00,,-14.118
2013-12-01 15:00:00,,-14.112
2013-12-01 16:00:00,,-14.107
2013-12-01 17:00:00,,-14.105
2013-12-01 18:00:00,,-14.103
2013-12-01 19:00:00,,-14.105
2013-12-01 20:00:00,,-14.108
2013-12-01 21:00:00,,-14.112
2013-12-01 22:00:00,,-14.117
2013-12-01 23:00:00,,-14.12
2013-12-02 00:00:00,,-14.119
2013-12-02 01:00:00,,-14.117
2013-12-02 02:00:00,,-14.115
2013-12-02 03:00:00,,-14.115
2013-12-02 04:00:00,,-14.116
2013-12-02 05:00:00,,-14.118
2013-12-02 06:00:00,,-14.122
2013-12-02 07:00:00,,-14.128
2013-12-02 08:00:00,,-14.133
2013-12-02 09:00:00,,-14.135
2013-12-02 10:00:00,,-14.138
2013-12-02 11:00:00,,-14.138
2013-12-02 12:00:00,,-14.135
2013-12-02 13:00:00,,-14.129
2013-12-02 14:00:00,,-14.12
2013-12-02 15:00:00,,-14.111
2013-12-02 16:00:00,,-14.104
2013-12-02 17:00:00,,-14.101
2013-12-02 18:00:00,,-14.107
2013-12-02 19:00:00,,-14.11
2013-12-02 20:00:00,,-14.114
2013-12-02 21:00:00,,-14.119
2013-12-02 22:00:00,,-14.122
2013-12-02 23:00:00,,-14.125
2013-12-03 00:00:00,,-14.126
2013-12-03 01:00:00,,-14.123
2013-12-03 02:00:00,,-14.117
2013-12-03 03:00:00,,-14.114
2013-12-03 04:00:00,,-14.113
2013-12-03 05:00:00,,-14.111
2013-12-03 06:00:00,,-14.111
2013-12-03 07:00:00,,-14.114
2013-12-03 08:00:00,,-14.12
2013-12-03 09:00:00,,-14.126
2013-12-03 10:00:00,,-14.129
2013-12-03 11:00:00,,-14.132
2013-12-03 12:00:00,,-14.131
2013-12-03 13:00:00,,-14.124
2013-12-03 14:00:00,,-14.117
2013-12-03 15:00:00,,-14.108
2013-12-03 16:00:00,,-14.1
2013-12-03 17:00:00,,-14.095
2013-12-03 18:00:00,,-14.097
2013-12-03 19:00:00,,-14.099
2013-12-03 20:00:00,,-14.101
2013-12-03 21:00:00,,-14.106
2013-12-03 22:00:00,,-14.108
2013-12-03 23:00:00,,-14.111
2013-12-04 00:00:00,,-14.11
2013-12-04 01:00:00,,-14.105
2013-12-04 02:00:00,,-14.102
2013-12-04 03:00:00,,-14.096
2013-12-04 04:00:00,,-14.093
2013-12-04 05:00:00,,-14.094
2013-12-04 06:00:00,,-14.099
2013-12-04 07:00:00,,-14.105
2013-12-04 08:00:00,,-14.11
2013-12-04 09:00:00,,-14.118
2013-12-04 10:00:00,,-14.126
2013-12-04 11:00:00,,-14.131
2013-12-04 12:00:00,,-14.13
2013-12-04 13:00:00,,-14.125
2013-12-04 14:00:00,,-14.122
2013-12-04 15:00:00,,-14.118
2013-12-04 16:00:00,,-14.112
2013-12-04 17:00:00,,-14.107
2013-12-04 18:00:00,,-14.103
2013-12-04 19:00:00,,-14.101
2013-12-04 20:00:00,,-14.103
2013-12-04 21:00:00,,-14.105
2013-12-04 22:00:00,,-14.111
2013-12-04 23:00:00,,-14.115
2013-12-05 00:00:00,,-14.118
2013-12-05 01:00:00,,-14.119
2013-12-05 02:00:00,,-14.118
2013-12-05 03:00:00,,-14.117
2013-12-05 04:00:00,,-14.118
2013-12-05 05:00:00,,-14.119
2013-12-05 06:00:00,,-14.123
2013-12-05 07:00:00,,-14.127
2013-12-05 08:00:00,,-14.133
2013-12-05 09:00:00,,-14.136
2013-12-05 10:00:00,,-14.142
2013-12-05 11:00:00,,-14.145
2013-12-05 12:00:00,,-14.147
2013-12-05 13:00:00,,-14.148
2013-12-05 14:00:00,,-14.146
2013-12-05 15:00:00,,-14.142
2013-12-05 16:00:00,,-14.137
2013-12-05 17:00:00,,-14.132
2013-12-05 18:00:00,,-14.131
2013-12-05 19:00:00,,-14.132
2013-12-05 20:00:00,,-14.134
2013-12-05 21:00:00,,-14.138
2013-12-05 22:00:00,,-14.143
2013-12-05 23:00:00,,-14.147
2013-12-06 00:00:00,,-14.15
2013-12-06 01:00:00,,-14.151
2013-12-06 02:00:00,,-14.15
2013-12-06 03:00:00,,-14.15
2013-12-06 04:00:00,,-14.152
2013-12-06 05:00:00,,-14.154
2013-12-06 06:00:00,,-14.155
2013-12-06 07:00:00,,-14.158
2013-12-06 08:00:00,,-14.161
2013-12-06 09:00:00,,-14.164
2013-12-06 10:00:00,,-14.164
2013-12-06 11:00:00,,-14.164
2013-12-06 12:00:00,,-14.163
2013-12-06 13:00:00,,-14.159
2013-12-06 14:00:00,,-14.155
2013-12-06 15:00:00,,-14.15
2013-12-06 16:00:00,,-14.144
2013-12-06 17:00:00,,-14.139
2013-12-06 18:00:00,,-14.137
2013-12-06 19:00:00,,-14.136
2013-12-06 20:00:00,,-14.136
2013-12-06 21:00:00,,-14.138
2013-12-06 22:00:00,,-14.141
2013-12-06 23:00:00,,-14.145
2013-12-07 00:00:00,,-14.147
2013-12-07 01:00:00,,-14.149
2013-12-07 02:00:00,,-14.15
2013-12-07 03:00:00,,-14.15
2013-12-07 04:00:00,,-14.152
2013-12-07 05:00:00,,-14.153
2013-12-07 06:00:00,,-14.153
2013-12-07 07:00:00,,-14.154
2013-12-07 08:00:00,,-14.156
2013-12-07 09:00:00,,-14.158
2013-12-07 10:00:00,,-14.157
2013-12-07 11:00:00,,-14.157
2013-12-07 12:00:00,,-14.154
2013-12-07 13:00:00,,-14.151
2013-12-07 14:00:00,,-14.146
2013-12-07 15:00:00,,-14.142
2013-12-07 16:00:00,,-14.138
2013-12-07 17:00:00,,-14.135
2013-12-07 18:00:00,,-14.132
2013-12-07 19:00:00,,-14.131
2013-12-07 20:00:00,,-14.13
2013-12-07 21:00:00,,-14.13
2013-12-07 22:00:00,,-14.131
2013-12-07 23:00:00,,-14.133
2013-12-08 00:00:00,,-14.133
2013-12-08 01:00:00,,-14.133
2013-12-08 02:00:00,,-14.133
2013-12-08 03:00:00,,-14.132
2013-12-08 04:00:00,,-14.132
2013-12-08 05:00:00,,-14.133
2013-12-08 06:00:00,,-14.136
2013-12-08 07:00:00,,-14.138
2013-12-08 08:00:00,,-14.139
2013-12-08 09:00:00,,-14.14
2013-12-08 10:00:00,,-14.138
2013-12-08 11:00:00,,-14.136
2013-12-08 12:00:00,,-14.133
2013-12-08 13:00:00,,-14.129
2013-12-08 14:00:00,,-14.124
2013-12-08 15:00:00,,-14.12
2013-12-08 16:00:00,,-14.115
2013-12-08 17:00:00,,-14.111
2013-12-08 18:00:00,,-14.109
2013-12-08 19:00:00,,-14.107
2013-12-08 20:00:00,,-14.106
2013-12-08 21:00:00,,-14.106
2013-12-08 22:00:00,,-14.108
2013-12-08 23:00:00,,-14.107
2013-12-09 00:00:00,,-14.106
2013-12-09 01:00:00,,-14.105
2013-12-09 02:00:00,,-14.104
2013-12-09 03:00:00,,-14.101
2013-12-09 04:00:00,,-14.101
2013-12-09 05:00:00,,-14.102
2013-12-09 06:00:00,,-14.104
2013-12-09 07:00:00,,-14.108
2013-12-09 08:00:00,,-14.11
2013-12-09 09:00:00,,-14.111
2013-12-09 10:00:00,,-14.109
2013-12-09 11:00:00,,-14.108
2013-12-09 12:00:00,,-14.105
2013-12-09 13:00:00,,-14.1
2013-12-09 14:00:00,,-14.097
2013-12-09 15:00:00,,-14.094
2013-12-09 16:00:00,,-14.091
2013-12-09 17:00:00,,-14.09
2013-12-09 18:00:00,,-14.091
2013-12-09 19:00:00,,-14.093
2013-12-09 20:00:00,,-14.097
2013-12-09 21:00:00,,-14.101
2013-12-09 22:00:00,,-14.103
2013-12-09 23:00:00,,-14.103
2013-12-10 00:00:00,,-14.102
2013-12-10 01:00:00,,-14.101
2013-12-10 02:00:00,,-14.1
2013-12-10 03:00:00,,-14.101
2013-12-10 04:00:00,,-14.103
2013-12-10 05:00:00,,-14.109
2013-12-10 06:00:00,,-14.112
2013-12-10 07:00:00,,-14.118
2013-12-10 08:00:00,,-14.125
2013-12-10 09:00:00,,-14.127
2013-12-10 10:00:00,,-14.129
2013-12-10 11:00:00,,-14.128
2013-12-10 12:00:00,,-14.124
2013-12-10 13:00:00,,-14.119
2013-12-10 14:00:00,,-14.116
2013-12-10 15:00:00,,-14.112
2013-12-10 16:00:00,,-14.109
2013-12-10 17:00:00,,-14.107
2013-12-10 18:00:00,,-14.108
2013-12-10 19:00:00,,-14.111
2013-12-10 20:00:00,,-14.113
2013-12-10 21:00:00,,-14.115
2013-12-10 22:00:00,,-14.118
2013-12-10 23:00:00,,-14.12
2013-12-11 00:00:00,,-14.121
2013-12-11 01:00:00,,-14.117
2013-12-11 02:00:00,,-14.116
2013-12-11 03:00:00,,-14.116
2013-12-11 04:00:00,,-14.118
2013-12-11 05:00:00,,-14.12
2013-12-11 06:00:00,,-14.125
2013-12-11 07:00:00,,-14.133
2013-12-11 08:00:00,,-14.139
2013-12-11 09:00:00,,-14.142
2013-12-11 10:00:00,,-14.141
2013-12-11 11:00:00,,-14.139
2013-12-11 12:00:00,,-14.136
2013-12-11 13:00:00,,-14.132
2013-12-11 14:00:00,,-14.128
2013-12-11 15:00:00,,-14.125
2013-12-11 16:00:00,,-14.122
2013-12-11 17:00:00,,-14.121
2013-12-11 18:00:00,,-14.123
2013-12-11 19:00:00,,-14.127
2013-12-11 20:00:00,,-14.131
2013-12-11 21:00:00,,-14.135
2013-12-11 22:00:00,,-14.139
2013-12-11 23:00:00,,-14.139
2013-12-12 00:00:00,,-14.139
2013-12-12 01:00:00,,-14.136
2013-12-12 02:00:00,,-14.132
2013-12-12 03:00:00,,-14.13
2013-12-12 04:00:00,,-14.13
2013-12-12 05:00:00,,-14.13
2013-12-12 06:00:00,,-14.133
2013-12-12 07:00:00,,-14.138
2013-12-12 08:00:00,,-14.142
2013-12-12 09:00:00,,-14.144
2013-12-12 10:00:00,,-14.143
2013-12-12 11:00:00,,-14.141
2013-12-12 12:00:00,,-14.137
2013-12-12 13:00:00,,-14.131
2013-12-12 14:00:00,,-14.126
2013-12-12 15:00:00,,-14.121
2013-12-12 16:00:00,,-14.117
2013-12-12 17:00:00,,-14.114
2013-12-12 18:00:00,,-14.114
2013-12-12 19:00:00,,-14.116
2013-12-12 20:00:00,,-14.118
2013-12-12 21:00:00,,-14.123
2013-12-12 22:00:00,,-14.126
2013-12-12 23:00:00,,-14.128
2013-12-13 00:00:00,,-14.128
2013-12-13 01:00:00,,-14.126
2013-12-13 02:00:00,,-14.125
2013-12-13 03:00:00,,-14.125
2013-12-13 04:00:00,,-14.127
2013-12-13 05:00:00,,-14.131
2013-12-13 06:00:00,,-14.135
2013-12-13 07:00:00,,-14.14
2013-12-13 08:00:00,,-14.146
2013-12-13 09:00:00,,-14.149
2013-12-13 10:00:00,,-14.15
2013-12-13 11:00:00,,-14.149
2013-12-13 12:00:00,,-14.146
2013-12-13 13:00:00,,-14.141
2013-12-13 14:00:00,,-14.135
2013-12-13 15:00:00,,-14.129
2013-12-13 16:00:00,,-14.124
2013-12-13 17:00:00,,-14.121
2013-12-13 18:00:00,,-14.121
2013-12-13 19:00:00,,-14.122
2013-12-13 20:00:00,,-14.126
2013-12-13 21:00:00,,-14.131
2013-12-13 22:00:00,,-14.135
2013-12-13 23:00:00,,-14.138
2013-12-14 00:00:00,,-14.139
2013-12-14 01:00:00,,-14.138
2013-12-14 02:00:00,,-14.134
2013-12-14 03:00:00,,-14.133
2013-12-14 04:00:00,,-14.134
2013-12-14 05:00:00,,-14.137
2013-12-14 06:00:00,,-14.141
2013-12-14 07:00:00,,-14.148
2013-12-14 08:00:00,,-14.152
2013-12-14 09:00:00,,-14.156
2013-12-14 10:00:00,,-14.156
2013-12-14 11:00:00,,-14.155
2013-12-14 12:00:00,,-14.15
2013-12-14 13:00:00,,-14.144
2013-12-14 14:00:00,,-14.137
2013-12-14 15:00:00,,-14.131
2013-12-14 16:00:00,,-14.125
2013-12-14 17:00:00,,-14.122
2013-12-14 18:00:00,,-14.121
2013-12-14 19:00:00,,-14.123
2013-12-14 20:00:00,,-14.126
2013-12-14 21:00:00,,-14.129
2013-12-14 22:00:00,,-14.133
2013-12-14 23:00:00,,-14.136
2013-12-15 00:00:00,,-14.137
2013-12-15 01:00:00,,-14.134
2013-12-15 02:00:00,,-14.131
2013-12-15 03:00:00,,-14.129
2013-12-15 04:00:00,,-14.128
2013-12-15 05:00:00,,-14.131
2013-12-15 06:00:00,,-14.135
2013-12-15 07:00:00,,-14.14
2013-12-15 08:00:00,,-14.145
2013-12-15 09:00:00,,-14.148
2013-12-15 10:00:00,,-14.149
2013-12-15 11:00:00,,-14.147
2013-12-15 12:00:00,,-14.143
2013-12-15 13:00:00,,-14.137
2013-12-15 14:00:00,,-14.131
2013-12-15 15:00:00,,-14.124
2013-12-15 16:00:00,,-14.12
2013-12-15 17:00:00,,-14.117
2013-12-15 18:00:00,,-14.117
2013-12-15 19:00:00,,-14.119
2013-12-15 20:00:00,,-14.122
2013-12-15 21:00:00,,-14.125
2013-12-15 22:00:00,,-14.128
2013-12-15 23:00:00,,-14.13
2013-12-16 00:00:00,,-14.129
2013-12-16 01:00:00,,-14.127
2013-12-16 02:00:00,,-14.124
2013-12-16 03:00:00,,-14.122
2013-12-16 04:00:00,,-14.121
2013-12-16 05:00:00,,-14.124
2013-12-16 06:00:00,,-14.128
2013-12-16 07:00:00,,-14.133
2013-12-16 08:00:00,,-14.139
2013-12-16 09:00:00,,-14.142
2013-12-16 10:00:00,,-14.144
2013-12-16 11:00:00,,-14.143
2013-12-16 12:00:00,,-14.141
2013-12-16 13:00:00,,-14.136
2013-12-16 14:00:00,,-14.132
2013-12-16 15:00:00,,-14.13
2013-12-16 16:00:00,,-14.128
2013-12-16 17:00:00,,-14.125
2013-12-16 18:00:00,,-14.123
2013-12-16 19:00:00,,-14.127
2013-12-16 20:00:00,,-14.133
2013-12-16 21:00:00,,-14.137
2013-12-16 22:00:00,,-14.14
2013-12-16 23:00:00,,-14.142
2013-12-17 00:00:00,,-14.141
2013-12-17 01:00:00,,-14.138
2013-12-17 02:00:00,,-14.133
2013-12-17 03:00:00,,-14.127
2013-12-17 04:00:00,,-14.125
2013-12-17 05:00:00,,-14.126
2013-12-17 06:00:00,,-14.129
2013-12-17 07:00:00,,-14.135
2013-12-17 08:00:00,,-14.138
2013-12-17 09:00:00,,-14.139
2013-12-17 10:00:00,,-14.141
2013-12-17 11:00:00,,-14.139
2013-12-17 12:00:00,,-14.138
2013-12-17 13:00:00,,-14.133
2013-12-17 14:00:00,,-14.127
2013-12-17 15:00:00,,-14.122
2013-12-17 16:00:00,,-14.115
2013-12-17 17:00:00,,-14.111
2013-12-17 18:00:00,,-14.109
2013-12-17 19:00:00,,-14.11
2013-12-17 20:00:00,,-14.111
2013-12-17 21:00:00,,-14.113
2013-12-17 22:00:00,,-14.118
2013-12-17 23:00:00,,-14.121
2013-12-18 00:00:00,,-14.122
2013-12-18 01:00:00,,-14.122
2013-12-18 02:00:00,,-14.12
2013-12-18 03:00:00,,-14.12
2013-12-18 04:00:00,,-14.119
2013-12-18 05:00:00,,-14.12
2013-12-18 06:00:00,,-14.122
2013-12-18 07:00:00,,-14.124
2013-12-18 08:00:00,,-14.128
2013-12-18 09:00:00,,-14.131
2013-12-18 10:00:00,,-14.134
2013-12-18 11:00:00,,-14.136
2013-12-18 12:00:00,,-14.136
2013-12-18 13:00:00,,-14.133
2013-12-18 14:00:00,,-14.129
2013-12-18 15:00:00,,-14.124
2013-12-18 16:00:00,,-14.121
2013-12-18 17:00:00,,-14.117
2013-12-18 18:00:00,,-14.118
2013-12-18 19:00:00,,-14.12
2013-12-18 20:00:00,,-14.122
2013-12-18 21:00:00,,-14.123
2013-12-18 22:00:00,,-14.127
2013-12-18 23:00:00,,-14.131
2013-12-19 00:00:00,,-14.133
2013-12-19 01:00:00,,-14.134
2013-12-19 02:00:00,,-14.13
2013-12-19 03:00:00,,-14.128
2013-12-19 04:00:00,,-14.126
2013-12-19 05:00:00,,-14.125
2013-12-19 06:00:00,,-14.127
2013-12-19 07:00:00,,-14.129
2013-12-19 08:00:00,,-14.132
2013-12-19 09:00:00,,-14.133
2013-12-19 10:00:00,,-14.134
2013-12-19 11:00:00,,-14.134
2013-12-19 12:00:00,,-14.133
2013-12-19 13:00:00,,-14.13
2013-12-19 14:00:00,,-14.126
2013-12-19 15:00:00,,-14.121
2013-12-19 16:00:00,,-14.114
2013-12-19 17:00:00,,-14.109
2013-12-19 18:00:00,,-14.107
2013-12-19 19:00:00,,-14.108
2013-12-19 20:00:00,,-14.113
2013-12-19 21:00:00,,-14.118
2013-12-19 22:00:00,,-14.123
2013-12-19 23:00:00,,-14.126
2013-12-20 00:00:00,,-14.128
2013-12-20 01:00:00,,-14.127
2013-12-20 02:00:00,,-14.123
2013-12-20 03:00:00,,-14.121
2013-12-20 04:00:00,,-14.119
2013-12-20 05:00:00,,-14.117
2013-12-20 06:00:00,,-14.118
2013-12-20 07:00:00,,-14.121
2013-12-20 08:00:00,,-14.123
2013-12-20 09:00:00,,-14.126
2013-12-20 10:00:00,,-14.127
2013-12-20 11:00:00,,-14.127
2013-12-20 12:00:00,,-14.125
2013-12-20 13:00:00,,-14.121
2013-12-20 14:00:00,,-14.116
2013-12-20 15:00:00,,-14.11
2013-12-20 16:00:00,,-14.105
2013-12-20 17:00:00,,-14.097
2013-12-20 18:00:00,,-14.095
2013-12-20 19:00:00,,-14.094
2013-12-20 20:00:00,,-14.096
2013-12-20 21:00:00,,-14.099
2013-12-20 22:00:00,,-14.103
2013-12-20 23:00:00,,-14.106
2013-12-21 00:00:00,,-14.107
2013-12-21 01:00:00,,-14.107
2013-12-21 02:00:00,,-14.107
2013-12-21 03:00:00,,-14.106
2013-12-21 04:00:00,,-14.105
2013-12-21 05:00:00,,-14.106
2013-12-21 06:00:00,,-14.107
2013-12-21 07:00:00,,-14.109
2013-12-21 08:00:00,,-14.111
2013-12-21 09:00:00,,-14.113
2013-12-21 10:00:00,,-14.114
2013-12-21 11:00:00,,-14.114
2013-12-21 12:00:00,,-14.113
2013-12-21 13:00:00,,-14.11
2013-12-21 14:00:00,,-14.106
2013-12-21 15:00:00,,-14.102
2013-12-21 16:00:00,,-14.1
2013-12-21 17:00:00,,-14.106
2013-12-21 18:00:00,,-14.102
2013-12-21 19:00:00,,-14.102
2013-12-21 20:00:00,,-14.102
2013-12-21 21:00:00,,-14.106
2013-12-21 22:00:00,,-14.108
2013-12-21 23:00:00,,-14.113
2013-12-22 00:00:00,,-14.119
2013-12-22 01:00:00,,-14.121
2013-12-22 02:00:00,,-14.12
2013-12-22 03:00:00,,-14.119
2013-12-22 04:00:00,,-14.116
2013-12-22 05:00:00,,-14.117
2013-12-22 06:00:00,,-14.119
2013-12-22 07:00:00,,-14.12
2013-12-22 08:00:00,,-14.12
2013-12-22 09:00:00,,-14.12
2013-12-22 10:00:00,,-14.121
2013-12-22 11:00:00,,-14.121
2013-12-22 12:00:00,,-14.12
2013-12-22 13:00:00,,-14.118
2013-12-22 14:00:00,,-14.114
2013-12-22 15:00:00,,-14.109
2013-12-22 16:00:00,,-14.102
2013-12-22 17:00:00,,-14.1
2013-12-22 18:00:00,,-14.1
2013-12-22 19:00:00,,-14.101
2013-12-22 20:00:00,,-14.104
2013-12-22 21:00:00,,-14.109
2013-12-22 22:00:00,,-14.113
2013-12-22 23:00:00,,-14.117
2013-12-23 00:00:00,,-14.119
2013-12-23 01:00:00,,-14.12
2013-12-23 02:00:00,,-14.121
2013-12-23 03:00:00,,-14.122
2013-12-23 04:00:00,,-14.124
2013-12-23 05:00:00,,-14.125
2013-12-23 06:00:00,,-14.127
2013-12-23 07:00:00,,-14.131
2013-12-23 08:00:00,,-14.133
2013-12-23 09:00:00,,-14.138
2013-12-23 10:00:00,,-14.138
2013-12-23 11:00:00,,-14.141
2013-12-23 12:00:00,,-14.143
2013-12-23 13:00:00,,-14.141
2013-12-23 14:00:00,,-14.139
2013-12-23 15:00:00,,-14.138
2013-12-23 16:00:00,,-14.136
2013-12-23 17:00:00,,-14.134
2013-12-23 18:00:00,,-14.134
2013-12-23 19:00:00,,-14.134
2013-12-23 20:00:00,,-14.136
2013-12-23 21:00:00,,-14.14
2013-12-23 22:00:00,,-14.144
2013-12-23 23:00:00,,-14.146
2013-12-24 00:00:00,,-14.146
2013-12-24 01:00:00,,-14.145
2013-12-24 02:00:00,,-14.143
2013-12-24 03:00:00,,-14.144
2013-12-24 04:00:00,,-14.144
2013-12-24 05:00:00,,-14.146
2013-12-24 06:00:00,,-14.144
2013-12-24 07:00:00,,-14.145
2013-12-24 08:00:00,,-14.147
2013-12-24 09:00:00,,-14.15
2013-12-24 10:00:00,,-14.152
2013-12-24 11:00:00,,-14.153
2013-12-24 12:00:00,,-14.151
2013-12-24 13:00:00,,-14.148
2013-12-24 14:00:00,,-14.145
2013-12-24 15:00:00,,-14.143
2013-12-24 16:00:00,,-14.141
2013-12-24 17:00:00,,-14.14
2013-12-24 18:00:00,,-14.14
2013-12-24 19:00:00,,-14.138
2013-12-24 20:00:00,,-14.14
2013-12-24 21:00:00,,-14.139
2013-12-24 22:00:00,,-14.14
2013-12-24 23:00:00,,-14.14
2013-12-25 00:00:00,,-14.139
2013-12-25 01:00:00,,-14.136
2013-12-25 02:00:00,,-14.136
2013-12-25 03:00:00,,-14.134
2013-12-25 04:00:00,,-14.133
2013-12-25 05:00:00,,-14.132
2013-12-25 06:00:00,,-14.133
2013-12-25 07:00:00,,-14.137
2013-12-25 08:00:00,,-14.139
2013-12-25 09:00:00,,-14.142
2013-12-25 10:00:00,,-14.143
2013-12-25 11:00:00,,-14.143
2013-12-25 12:00:00,,-14.142
2013-12-25 13:00:00,,-14.14
2013-12-25 14:00:00,,-14.14
2013-12-25 15:00:00,,-14.139
2013-12-25 16:00:00,,-14.138
2013-12-25 17:00:00,,-14.136
2013-12-25 18:00:00,,-14.135
2013-12-25 19:00:00,,-14.134
2013-12-25 20:00:00,,-14.134
2013-12-25 21:00:00,,-14.135
2013-12-25 22:00:00,,-14.136
2013-12-25 23:00:00,,-14.136
2013-12-26 00:00:00,,-14.136
2013-12-26 01:00:00,,-14.134
2013-12-26 02:00:00,,-14.133
2013-12-26 03:00:00,,-14.133
2013-12-26 04:00:00,,-14.131
2013-12-26 05:00:00,,-14.132
2013-12-26 06:00:00,,-14.134
2013-12-26 07:00:00,,-14.137
2013-12-26 08:00:00,,-14.141
2013-12-26 09:00:00,,-14.143
2013-12-26 10:00:00,,-14.143
2013-12-26 11:00:00,,-14.141
2013-12-26 12:00:00,,-14.139
2013-12-26 13:00:00,,-14.136
2013-12-26 14:00:00,,-14.132
2013-12-26 15:00:00,,-14.127
2013-12-26 16:00:00,,-14.123
2013-12-26 17:00:00,,-14.12
2013-12-26 18:00:00,,-14.119
2013-12-26 19:00:00,,-14.121
2013-12-26 20:00:00,,-14.122
2013-12-26 21:00:00,,-14.124
2013-12-26 22:00:00,,-14.126
2013-12-26 23:00:00,,-14.128
2013-12-27 00:00:00,,-14.128
2013-12-27 01:00:00,,-14.127
2013-12-27 02:00:00,,-14.124
2013-12-27 03:00:00,,-14.122
2013-12-27 04:00:00,,-14.121
2013-12-27 05:00:00,,-14.121
2013-12-27 06:00:00,,-14.123
2013-12-27 07:00:00,,-14.125
2013-12-27 08:00:00,,-14.128
2013-12-27 09:00:00,,-14.129
2013-12-27 10:00:00,,-14.129
2013-12-27 11:00:00,,-14.127
2013-12-27 12:00:00,,-14.122
2013-12-27 13:00:00,,-14.117
2013-12-27 14:00:00,,-14.112
2013-12-27 15:00:00,,-14.106
2013-12-27 16:00:00,,-14.102
2013-12-27 17:00:00,,-14.1
2013-12-27 18:00:00,,-14.1
2013-12-27 19:00:00,,-14.102
2013-12-27 20:00:00,,-14.105
2013-12-27 21:00:00,,-14.108
2013-12-27 22:00:00,,-14.11
2013-12-27 23:00:00,,-14.111
2013-12-28 00:00:00,,-14.109
2013-12-28 01:00:00,,-14.106
2013-12-28 02:00:00,,-14.104
2013-12-28 03:00:00,,-14.103
2013-12-28 04:00:00,,-14.103
2013-12-28 05:00:00,,-14.105
2013-12-28 06:00:00,,-14.107
2013-12-28 07:00:00,,-14.112
2013-12-28 08:00:00,,-14.117
2013-12-28 09:00:00,,-14.118
2013-12-28 10:00:00,,-14.119
2013-12-28 11:00:00,,-14.117
2013-12-28 12:00:00,,-14.114
2013-12-28 13:00:00,,-14.108
2013-12-28 14:00:00,,-14.103
2013-12-28 15:00:00,,-14.1
2013-12-28 16:00:00,,-14.096
2013-12-28 17:00:00,,-14.094
2013-12-28 18:00:00,,-14.094
2013-12-28 19:00:00,,-14.095
2013-12-28 20:00:00,,-14.098
2013-12-28 21:00:00,,-14.1
2013-12-28 22:00:00,,-14.104
2013-12-28 23:00:00,,-14.105
2013-12-29 00:00:00,,-14.104
2013-12-29 01:00:00,,-14.101
2013-12-29 02:00:00,,-14.098
2013-12-29 03:00:00,,-14.097
2013-12-29 04:00:00,,-14.097
2013-12-29 05:00:00,,-14.099
2013-12-29 06:00:00,,-14.108
2013-12-29 07:00:00,,-14.115
2013-12-29 08:00:00,,-14.122
2013-12-29 09:00:00,,-14.127
2013-12-29 10:00:00,,-14.129
2013-12-29 11:00:00,,-14.129
2013-12-29 12:00:00,,-14.126
2013-12-29 13:00:00,,-14.121
2013-12-29 14:00:00,,-14.116
2013-12-29 15:00:00,,-14.11
2013-12-29 16:00:00,,-14.105
2013-12-29 17:00:00,,-14.101
2013-12-29 18:00:00,,-14.102
2013-12-29 19:00:00,,-14.106
2013-12-29 20:00:00,,-14.111
2013-12-29 21:00:00,,-14.12
2013-12-29 22:00:00,,-14.121
2013-12-29 23:00:00,,-14.12
2013-12-30 00:00:00,,-14.12
2013-12-30 01:00:00,,-14.118
2013-12-30 02:00:00,,-14.116
2013-12-30 03:00:00,,-14.115
2013-12-30 04:00:00,,-14.115
2013-12-30 05:00:00,,-14.119
2013-12-30 06:00:00,,-14.124
2013-12-30 07:00:00,,-14.13
2013-12-30 08:00:00,,-14.136
2013-12-30 09:00:00,,-14.139
2013-12-30 10:00:00,,-14.14
2013-12-30 11:00:00,,-14.139
2013-12-30 12:00:00,,-14.135
2013-12-30 13:00:00,,-14.13
2013-12-30 14:00:00,,-14.122
2013-12-30 15:00:00,,-14.116
2013-12-30 16:00:00,,-14.109
2013-12-30 17:00:00,,-14.103
2013-12-30 18:00:00,,-14.1
2013-12-30 19:00:00,,-14.102
2013-12-30 20:00:00,,-14.106
2013-12-30 21:00:00,,-14.111
2013-12-30 22:00:00,,-14.114
2013-12-30 23:00:00,,-14.117
2013-12-31 00:00:00,,-14.119
2013-12-31 01:00:00,,-14.118
2013-12-31 02:00:00,,-14.116
2013-12-31 03:00:00,,-14.115
2013-12-31 04:00:00,,-14.115
2013-12-31 05:00:00,,-14.116
2013-12-31 06:00:00,,-14.121
2013-12-31 07:00:00,,-14.126
2013-12-31 08:00:00,,-14.131
2013-12-31 09:00:00,,-14.135
2013-12-31 10:00:00,,-14.137
2013-12-31 11:00:00,,-14.136
2013-12-31 12:00:00,,-14.133
2013-12-31 13:00:00,,-14.126
2013-12-31 14:00:00,,-14.12
2013-12-31 15:00:00,,-14.113
2013-12-31 16:00:00,,-14.106
2013-12-31 17:00:00,,-14.101
2013-12-31 18:00:00,,-14.1
2013-12-31 19:00:00,,-14.1
2013-12-31 20:00:00,,-14.103
2013-12-31 21:00:00,,-14.106
2013-12-31 22:00:00,,-14.11
2013-12-31 23:00:00,,-14.113
2014-01-01 00:00:00,,-14.113
2014-01-01 01:00:00,,-14.113
2014-01-01 02:00:00,,-14.111
2014-01-01 03:00:00,,-14.11
2014-01-01 04:00:00,,-14.109
2014-01-01 05:00:00,,-14.11
2014-01-01 06:00:00,,-14.112
2014-01-01 07:00:00,,-14.117
2014-01-01 08:00:00,,-14.121
2014-01-01 09:00:00,,-14.124
2014-01-01 10:00:00,,-14.126
2014-01-01 11:00:00,,-14.126
2014-01-01 12:00:00,,-14.124
2014-01-01 13:00:00,,-14.121
2014-01-01 14:00:00,,-14.116
2014-01-01 15:00:00,,-14.109
2014-01-01 16:00:00,,-14.101
2014-01-01 17:00:00,,-14.096
2014-01-01 18:00:00,,-14.094
2014-01-01 19:00:00,,-14.095
2014-01-01 20:00:00,,-14.098
2014-01-01 21:00:00,,-14.101
2014-01-01 22:00:00,,-14.105
2014-01-01 23:00:00,,-14.109
2014-01-02 00:00:00,,-14.11
2014-01-02 01:00:00,,-14.109
2014-01-02 02:00:00,,-14.107
2014-01-02 03:00:00,,-14.104
2014-01-02 04:00:00,,-14.101
2014-01-02 05:00:00,,-14.101
2014-01-02 06:00:00,,-14.103
2014-01-02 07:00:00,,-14.108
2014-01-02 08:00:00,,-14.116
2014-01-02 09:00:00,,-14.12
2014-01-02 10:00:00,,-14.123
2014-01-02 11:00:00,,-14.123
2014-01-02 12:00:00,,-14.122
2014-01-02 13:00:00,,-14.119
2014-01-02 14:00:00,,-14.114
2014-01-02 15:00:00,,-14.108
2014-01-02 16:00:00,,-14.101
2014-01-02 17:00:00,,-14.095
2014-01-02 18:00:00,,-14.092
2014-01-02 19:00:00,,-14.091
2014-01-02 20:00:00,,-14.093
2014-01-02 21:00:00,,-14.098
2014-01-02 22:00:00,,-14.102
2014-01-02 23:00:00,,-14.106
2014-01-03 00:00:00,,-14.108
2014-01-03 01:00:00,,-14.106
2014-01-03 02:00:00,,-14.104
2014-01-03 03:00:00,,-14.102
2014-01-03 04:00:00,,-14.102
2014-01-03 05:00:00,,-14.102
2014-01-03 06:00:00,,-14.104
2014-01-03 07:00:00,,-14.105
2014-01-03 08:00:00,,-14.11
2014-01-03 09:00:00,,-14.115
2014-01-03 10:00:00,,-14.119
2014-01-03 11:00:00,,-14.122
2014-01-03 12:00:00,,-14.123
2014-01-03 13:00:00,,-14.122
2014-01-03 14:00:00,,-14.119
2014-01-03 15:00:00,,-14.114
2014-01-03 16:00:00,,-14.109
2014-01-03 17:00:00,,-14.106
2014-01-03 18:00:00,,-14.102
2014-01-03 19:00:00,,-14.102
2014-01-03 20:00:00,,-14.103
2014-01-03 21:00:00,,-14.107
2014-01-03 22:00:00,,-14.113
2014-01-03 23:00:00,,-14.117
2014-01-04 00:00:00,,-14.12
2014-01-04 01:00:00,,-14.122
2014-01-04 02:00:00,,-14.122
2014-01-04 03:00:00,,-14.123
2014-01-04 04:00:00,,-14.121
2014-01-04 05:00:00,,-14.123
2014-01-04 06:00:00,,-14.126
2014-01-04 07:00:00,,-14.129
2014-01-04 08:00:00,,-14.132
2014-01-04 09:00:00,,-14.136
2014-01-04 10:00:00,,-14.139
2014-01-04 11:00:00,,-14.141
2014-01-04 12:00:00,,-14.141
2014-01-04 13:00:00,,-14.139
2014-01-04 14:00:00,,-14.136
2014-01-04 15:00:00,,-14.13
2014-01-04 16:00:00,,-14.125
2014-01-04 17:00:00,,-14.121
2014-01-04 18:00:00,,-14.115
2014-01-04 19:00:00,,-14.112
2014-01-04 20:00:00,,-14.112
2014-01-04 21:00:00,,-14.115
2014-01-04 22:00:00,,-14.121
2014-01-04 23:00:00,,-14.125
2014-01-05 00:00:00,,-14.127
2014-01-05 01:00:00,,-14.127
2014-01-05 02:00:00,,-14.127
2014-01-05 03:00:00,,-14.126
2014-01-05 04:00:00,,-14.127
2014-01-05 05:00:00,,-14.129
2014-01-05 06:00:00,,-14.133
2014-01-05 07:00:00,,-14.136
2014-01-05 08:00:00,,-14.139
2014-01-05 09:00:00,,-14.142
2014-01-05 10:00:00,,-14.143
2014-01-05 11:00:00,,-14.145
2014-01-05 12:00:00,,-14.144
2014-01-05 13:00:00,,-14.143
2014-01-05 14:00:00,,-14.14
2014-01-05 15:00:00,,-14.135
2014-01-05 16:00:00,,-14.132
2014-01-05 17:00:00,,-14.128
2014-01-05 18:00:00,,-14.126
2014-01-05 19:00:00,,-14.125
2014-01-05 20:00:00,,-14.126
2014-01-05 21:00:00,,-14.13
2014-01-05 22:00:00,,-14.133
2014-01-05 23:00:00,,-14.137
2014-01-06 00:00:00,,-14.138
2014-01-06 01:00:00,,-14.138
2014-01-06 02:00:00,,-14.14
2014-01-06 03:00:00,,-14.141
2014-01-06 04:00:00,,-14.144
2014-01-06 05:00:00,,-14.147
2014-01-06 06:00:00,,-14.15
2014-01-06 07:00:00,,-14.153
2014-01-06 08:00:00,,-14.155
2014-01-06 09:00:00,,-14.158
2014-01-06 10:00:00,,-14.159
2014-01-06 11:00:00,,-14.16
2014-01-06 12:00:00,,-14.16
2014-01-06 13:00:00,,-14.157
2014-01-06 14:00:00,,-14.154
2014-01-06 15:00:00,,-14.151
2014-01-06 16:00:00,,-14.148
2014-01-06 17:00:00,,-14.145
2014-01-06 18:00:00,,-14.145
2014-01-06 19:00:00,,-14.145
2014-01-06 20:00:00,,-14.146
2014-01-06 21:00:00,,-14.147
2014-01-06 22:00:00,,-14.149
2014-01-06 23:00:00,,-14.152
2014-01-07 00:00:00,,-14.152
2014-01-07 01:00:00,,-14.154
2014-01-07 02:00:00,,-14.155
2014-01-07 03:00:00,,-14.156
2014-01-07 04:00:00,,-14.157
2014-01-07 05:00:00,,-14.158
2014-01-07 06:00:00,,-14.161
2014-01-07 07:00:00,,-14.165
2014-01-07 08:00:00,,-14.166
2014-01-07 09:00:00,,-14.165
2014-01-07 10:00:00,,-14.163
2014-01-07 11:00:00,,-14.16
2014-01-07 12:00:00,,-14.156
2014-01-07 13:00:00,,-14.151
2014-01-07 14:00:00,,-14.146
2014-01-07 15:00:00,,-14.141
2014-01-07 16:00:00,,-14.135
2014-01-07 17:00:00,,-14.132
2014-01-07 18:00:00,,-14.131
2014-01-07 19:00:00,,-14.132
2014-01-07 20:00:00,,-14.134
2014-01-07 21:00:00,,-14.136
2014-01-07 22:00:00,,-14.137
2014-01-07 23:00:00,,-14.14
2014-01-08 00:00:00,,-14.14
2014-01-08 01:00:00,,-14.139
2014-01-08 02:00:00,,-14.138
2014-01-08 03:00:00,,-14.138
2014-01-08 04:00:00,,-14.139
2014-01-08 05:00:00,,-14.14
2014-01-08 06:00:00,,-14.143
2014-01-08 07:00:00,,-14.146
2014-01-08 08:00:00,,-14.147
2014-01-08 09:00:00,,-14.147
2014-01-08 10:00:00,,-14.145
2014-01-08 11:00:00,,-14.142
2014-01-08 12:00:00,,-14.138
2014-01-08 13:00:00,,-14.134
2014-01-08 14:00:00,,-14.129
2014-01-08 15:00:00,,-14.124
2014-01-08 16:00:00,,-14.119
2014-01-08 17:00:00,,-14.117
2014-01-08 18:00:00,,-14.116
2014-01-08 19:00:00,,-14.117
2014-01-08 20:00:00,,-14.119
2014-01-08 21:00:00,,-14.12
2014-01-08 22:00:00,,-14.123
2014-01-08 23:00:00,,-14.126
2014-01-09 00:00:00,,-14.126
2014-01-09 01:00:00,,-14.125
2014-01-09 02:00:00,,-14.124
2014-01-09 03:00:00,,-14.124
2014-01-09 04:00:00,,-14.124
2014-01-09 05:00:00,,-14.127
2014-01-09 06:00:00,,-14.13
2014-01-09 07:00:00,,-14.133
2014-01-09 08:00:00,,-14.136
2014-01-09 09:00:00,,-14.137
2014-01-09 10:00:00,,-14.136
2014-01-09 11:00:00,,-14.135
2014-01-09 12:00:00,,-14.133
2014-01-09 13:00:00,,-14.129
2014-01-09 14:00:00,,-14.125
2014-01-09 15:00:00,,-14.12
2014-01-09 16:00:00,,-14.116
2014-01-09 17:00:00,,-14.113
2014-01-09 18:00:00,,-14.114
2014-01-09 19:00:00,,-14.116
2014-01-09 20:00:00,,-14.117
2014-01-09 21:00:00,,-14.12
2014-01-09 22:00:00,,-14.123
2014-01-09 23:00:00,,-14.124
2014-01-10 00:00:00,,-14.126
2014-01-10 01:00:00,,-14.125
2014-01-10 02:00:00,,-14.124
2014-01-10 03:00:00,,-14.123
2014-01-10 04:00:00,,-14.123
2014-01-10 05:00:00,,-14.125
2014-01-10 06:00:00,,-14.131
2014-01-10 07:00:00,,-14.137
2014-01-10 08:00:00,,-14.143
2014-01-10 09:00:00,,-14.145
2014-01-10 10:00:00,,-14.146
2014-01-10 11:00:00,,-14.144
2014-01-10 12:00:00,,-14.141
2014-01-10 13:00:00,,-14.136
2014-01-10 14:00:00,,-14.132
2014-01-10 15:00:00,,-14.129
2014-01-10 16:00:00,,-14.126
2014-01-10 17:00:00,,-14.124
2014-01-10 18:00:00,,-14.122
2014-01-10 19:00:00,,-14.125
2014-01-10 20:00:00,,-14.127
2014-01-10 21:00:00,,-14.129
2014-01-10 22:00:00,,-14.134
2014-01-10 23:00:00,,-14.135
2014-01-11 00:00:00,,-14.136
2014-01-11 01:00:00,,-14.134
2014-01-11 02:00:00,,-14.133
2014-01-11 03:00:00,,-14.131
2014-01-11 04:00:00,,-14.132
2014-01-11 05:00:00,,-14.136
2014-01-11 06:00:00,,-14.141
2014-01-11 07:00:00,,-14.145
2014-01-11 08:00:00,,-14.148
2014-01-11 09:00:00,,-14.151
2014-01-11 10:00:00,,-14.15
2014-01-11 11:00:00,,-14.148
2014-01-11 12:00:00,,-14.144
2014-01-11 13:00:00,,-14.138
2014-01-11 14:00:00,,-14.132
2014-01-11 15:00:00,,-14.125
2014-01-11 16:00:00,,-14.119
2014-01-11 17:00:00,,-14.114
2014-01-11 18:00:00,,-14.112
2014-01-11 19:00:00,,-14.114
2014-01-11 20:00:00,,-14.116
2014-01-11 21:00:00,,-14.119
2014-01-11 22:00:00,,-14.122
2014-01-11 23:00:00,,-14.126
2014-01-12 00:00:00,,-14.127
2014-01-12 01:00:00,,-14.126
2014-01-12 02:00:00,,-14.126
2014-01-12 03:00:00,,-14.126
2014-01-12 04:00:00,,-14.126
2014-01-12 05:00:00,,-14.125
2014-01-12 06:00:00,,-14.129
2014-01-12 07:00:00,,-14.133
2014-01-12 08:00:00,,-14.137
2014-01-12 09:00:00,,-14.14
2014-01-12 10:00:00,,-14.139
2014-01-12 11:00:00,,-14.137
2014-01-12 12:00:00,,-14.133
2014-01-12 13:00:00,,-14.128
2014-01-12 14:00:00,,-14.121
2014-01-12 15:00:00,,-14.114
2014-01-12 16:00:00,,-14.106
2014-01-12 17:00:00,,-14.102
2014-01-12 18:00:00,,-14.101
2014-01-12 19:00:00,,-14.104
2014-01-12 20:00:00,,-14.109
2014-01-12 21:00:00,,-14.114
2014-01-12 22:00:00,,-14.117
2014-01-12 23:00:00,,-14.121
2014-01-13 00:00:00,,-14.12
2014-01-13 01:00:00,,-14.118
2014-01-13 02:00:00,,-14.115
2014-01-13 03:00:00,,-14.112
2014-01-13 04:00:00,,-14.111
2014-01-13 05:00:00,,-14.112
2014-01-13 06:00:00,,-14.116
2014-01-13 07:00:00,,-14.12
2014-01-13 08:00:00,,-14.124
2014-01-13 09:00:00,,-14.126
2014-01-13 10:00:00,,-14.126
2014-01-13 11:00:00,,-14.124
2014-01-13 12:00:00,,-14.119
2014-01-13 13:00:00,,-14.113
2014-01-13 14:00:00,,-14.105
2014-01-13 15:00:00,,-14.099
2014-01-13 16:00:00,,-14.093
2014-01-13 17:00:00,,-14.089
2014-01-13 18:00:00,,-14.088
2014-01-13 19:00:00,,-14.091
2014-01-13 20:00:00,,-14.096
2014-01-13 21:00:00,,-14.101
2014-01-13 22:00:00,,-14.107
2014-01-13 23:00:00,,-14.111
2014-01-14 00:00:00,,-14.111
2014-01-14 01:00:00,,-14.111
2014-01-14 02:00:00,,-14.109
2014-01-14 03:00:00,,-14.107
2014-01-14 04:00:00,,-14.107
2014-01-14 05:00:00,,-14.108
2014-01-14 06:00:00,,-14.111
2014-01-14 07:00:00,,-14.115
2014-01-14 08:00:00,,-14.119
2014-01-14 09:00:00,,-14.123
2014-01-14 10:00:00,,-14.124
2014-01-14 11:00:00,,-14.123
2014-01-14 12:00:00,,-14.121
2014-01-14 13:00:00,,-14.117
2014-01-14 14:00:00,,-14.112
2014-01-14 15:00:00,,-14.106
2014-01-14 16:00:00,,-14.1
2014-01-14 17:00:00,,-14.097
2014-01-14 18:00:00,,-14.098
2014-01-14 19:00:00,,-14.098
2014-01-14 20:00:00,,-14.102
2014-01-14 21:00:00,,-14.109
2014-01-14 22:00:00,,-14.114
2014-01-14 23:00:00,,-14.118
2014-01-15 00:00:00,,-14.119
2014-01-15 01:00:00,,-14.118
2014-01-15 02:00:00,,-14.114
2014-01-15 03:00:00,,-14.114
2014-01-15 04:00:00,,-14.112
2014-01-15 05:00:00,,-14.114
2014-01-15 06:00:00,,-14.116
2014-01-15 07:00:00,,-14.119
2014-01-15 08:00:00,,-14.123
2014-01-15 09:00:00,,-14.126
2014-01-15 10:00:00,,-14.128
2014-01-15 11:00:00,,-14.129
2014-01-15 12:00:00,,-14.128
2014-01-15 13:00:00,,-14.125
2014-01-15 14:00:00,,-14.121
2014-01-15 15:00:00,,-14.117
2014-01-15 16:00:00,,-14.111
2014-01-15 17:00:00,,-14.108
2014-01-15 18:00:00,,-14.109
2014-01-15 19:00:00,,-14.11
2014-01-15 20:00:00,,-14.113
2014-01-15 21:00:00,,-14.112
2014-01-15 22:00:00,,-14.117
2014-01-15 23:00:00,,-14.12
2014-01-16 00:00:00,,-14.121
2014-01-16 01:00:00,,-14.119
2014-01-16 02:00:00,,-14.115
2014-01-16 03:00:00,,-14.111
2014-01-16 04:00:00,,-14.108
2014-01-16 05:00:00,,-14.107
2014-01-16 06:00:00,,-14.109
2014-01-16 07:00:00,,-14.112
2014-01-16 08:00:00,,-14.115
2014-01-16 09:00:00,,-14.119
2014-01-16 10:00:00,,-14.12
2014-01-16 11:00:00,,-14.121
2014-01-16 12:00:00,,-14.12
2014-01-16 13:00:00,,-14.118
2014-01-16 14:00:00,,-14.114
2014-01-16 15:00:00,,-14.108
2014-01-16 16:00:00,,-14.102
2014-01-16 17:00:00,,-14.098
2014-01-16 18:00:00,,-14.096
2014-01-16 19:00:00,,-14.097
2014-01-16 20:00:00,,-14.1
2014-01-16 21:00:00,,-14.103
2014-01-16 22:00:00,,-14.106
2014-01-16 23:00:00,,-14.109
2014-01-17 00:00:00,,-14.11
2014-01-17 01:00:00,,-14.108
2014-01-17 02:00:00,,-14.105
2014-01-17 03:00:00,,-14.102
2014-01-17 04:00:00,,-14.099
2014-01-17 05:00:00,,-14.097
2014-01-17 06:00:00,,-14.098
2014-01-17 07:00:00,,-14.1
2014-01-17 08:00:00,,-14.103
2014-01-17 09:00:00,,-14.106
2014-01-17 10:00:00,,-14.108
2014-01-17 11:00:00,,-14.11
2014-01-17 12:00:00,,-14.11
2014-01-17 13:00:00,,-14.107
2014-01-17 14:00:00,,-14.101
2014-01-17 15:00:00,,-14.095
2014-01-17 16:00:00,,-14.09
2014-01-17 17:00:00,,-14.085
2014-01-17 18:00:00,,-14.084
2014-01-17 19:00:00,,-14.086
2014-01-17 20:00:00,,-14.089
2014-01-17 21:00:00,,-14.094
2014-01-17 22:00:00,,-14.096
2014-01-17 23:00:00,,-14.099
2014-01-18 00:00:00,,-14.1
2014-01-18 01:00:00,,-14.096
2014-01-18 02:00:00,,-14.09
2014-01-18 03:00:00,,-14.08
2014-01-18 04:00:00,,-14.078
2014-01-18 05:00:00,,-14.08
2014-01-18 06:00:00,,-14.083
2014-01-18 07:00:00,,-14.086
2014-01-18 08:00:00,,-14.089
2014-01-18 09:00:00,,-14.093
2014-01-18 10:00:00,,-14.096
2014-01-18 11:00:00,,-14.099
2014-01-18 12:00:00,,-14.101
2014-01-18 13:00:00,,-14.1
2014-01-18 14:00:00,,-14.097
2014-01-18 15:00:00,,-14.094
2014-01-18 16:00:00,,-14.089
2014-01-18 17:00:00,,-14.086
2014-01-18 18:00:00,,-14.085
2014-01-18 19:00:00,,-14.089
2014-01-18 20:00:00,,-14.093
2014-01-18 21:00:00,,-14.099
2014-01-18 22:00:00,,-14.104
2014-01-18 23:00:00,,-14.109
2014-01-19 00:00:00,,-14.111
2014-01-19 01:00:00,,-14.108
2014-01-19 02:00:00,,-14.105
2014-01-19 03:00:00,,-14.102
2014-01-19 04:00:00,,-14.1
2014-01-19 05:00:00,,-14.099
2014-01-19 06:00:00,,-14.101
2014-01-19 07:00:00,,-14.105
2014-01-19 08:00:00,,-14.108
2014-01-19 09:00:00,,-14.111
2014-01-19 10:00:00,,-14.113
2014-01-19 11:00:00,,-14.116
2014-01-19 12:00:00,,-14.116
2014-01-19 13:00:00,,-14.115
2014-01-19 14:00:00,,-14.113
2014-01-19 15:00:00,,-14.108
2014-01-19 16:00:00,,-14.102
2014-01-19 17:00:00,,-14.098
2014-01-19 18:00:00,,-14.095
2014-01-19 19:00:00,,-14.095
2014-01-19 20:00:00,,-14.096
2014-01-19 21:00:00,,-14.098
2014-01-19 22:00:00,,-14.101
2014-01-19 23:00:00,,-14.105
2014-01-20 00:00:00,,-14.106
2014-01-20 01:00:00,,-14.105
2014-01-20 02:00:00,,-14.106
2014-01-20 03:00:00,,-14.106
2014-01-20 04:00:00,,-14.102
2014-01-20 05:00:00,,-14.098
2014-01-20 06:00:00,,-14.097
2014-01-20 07:00:00,,-14.1
2014-01-20 08:00:00,,-14.101
2014-01-20 09:00:00,,-14.103
2014-01-20 10:00:00,,-14.103
2014-01-20 11:00:00,,-14.104
2014-01-20 12:00:00,,-14.105
2014-01-20 13:00:00,,-14.105
2014-01-20 14:00:00,,-14.104
2014-01-20 15:00:00,,-14.101
2014-01-20 16:00:00,,-14.096
2014-01-20 17:00:00,,-14.092
2014-01-20 18:00:00,,-14.09
2014-01-20 19:00:00,,-14.089
2014-01-20 20:00:00,,-14.09
2014-01-20 21:00:00,,-14.093
2014-01-20 22:00:00,,-14.099
2014-01-20 23:00:00,,-14.103
2014-01-21 00:00:00,,-14.106
2014-01-21 01:00:00,,-14.108
2014-01-21 02:00:00,,-14.108
2014-01-21 03:00:00,,-14.109
2014-01-21 04:00:00,,-14.108
2014-01-21 05:00:00,,-14.106
2014-01-21 06:00:00,,-14.105
2014-01-21 07:00:00,,-14.107
2014-01-21 08:00:00,,-14.11
2014-01-21 09:00:00,,-14.111
2014-01-21 10:00:00,,-14.113
2014-01-21 11:00:00,,-14.113
2014-01-21 12:00:00,,-14.113
2014-01-21 13:00:00,,-14.11
2014-01-21 14:00:00,,-14.108
2014-01-21 15:00:00,,-14.103
2014-01-21 16:00:00,,-14.099
2014-01-21 17:00:00,,-14.095
2014-01-21 18:00:00,,-14.091
2014-01-21 19:00:00,,-14.091
2014-01-21 20:00:00,,-14.093
2014-01-21 21:00:00,,-14.097
2014-01-21 22:00:00,,-14.101
2014-01-21 23:00:00,,-14.106
2014-01-22 00:00:00,,-14.108
2014-01-22 01:00:00,,-14.109
2014-01-22 02:00:00,,-14.109
2014-01-22 03:00:00,,-14.11
2014-01-22 04:00:00,,-14.11
2014-01-22 05:00:00,,-14.108
2014-01-22 06:00:00,,-14.109
2014-01-22 07:00:00,,-14.111
2014-01-22 08:00:00,,-14.113
2014-01-22 09:00:00,,-14.117
2014-01-22 10:00:00,,-14.118
2014-01-22 11:00:00,,-14.12
2014-01-22 12:00:00,,-14.119
2014-01-22 13:00:00,,-14.118
2014-01-22 14:00:00,,-14.116
2014-01-22 15:00:00,,-14.113
2014-01-22 16:00:00,,-14.11
2014-01-22 17:00:00,,-14.108
2014-01-22 18:00:00,,-14.107
2014-01-22 19:00:00,,-14.106
2014-01-22 20:00:00,,-14.107
2014-01-22 21:00:00,,-14.108
2014-01-22 22:00:00,,-14.112
2014-01-22 23:00:00,,-14.114
2014-01-23 00:00:00,,-14.115
2014-01-23 01:00:00,,-14.115
2014-01-23 02:00:00,,-14.114
2014-01-23 03:00:00,,-14.115
2014-01-23 04:00:00,,-14.115
2014-01-23 05:00:00,,-14.115
2014-01-23 06:00:00,,-14.116
2014-01-23 07:00:00,,-14.116
2014-01-23 08:00:00,,-14.119
2014-01-23 09:00:00,,-14.119
2014-01-23 10:00:00,,-14.119
2014-01-23 11:00:00,,-14.12
2014-01-23 12:00:00,,-14.118
2014-01-23 13:00:00,,-14.113
2014-01-23 14:00:00,,-14.111
2014-01-23 15:00:00,,-14.108
2014-01-23 16:00:00,,-14.105
2014-01-23 17:00:00,,-14.102
2014-01-23 18:00:00,,-14.1
2014-01-23 19:00:00,,-14.098
2014-01-23 20:00:00,,-14.101
2014-01-23 21:00:00,,-14.1
2014-01-23 22:00:00,,-14.103
2014-01-23 23:00:00,,-14.104
2014-01-24 00:00:00,,-14.104
2014-01-24 01:00:00,,-14.104
2014-01-24 02:00:00,,-14.105
2014-01-24 03:00:00,,-14.105
2014-01-24 04:00:00,,-14.105
2014-01-24 05:00:00,,-14.105
2014-01-24 06:00:00,,-14.107
2014-01-24 07:00:00,,-14.109
2014-01-24 08:00:00,,-14.113
2014-01-24 09:00:00,,-14.113
2014-01-24 10:00:00,,-14.112
2014-01-24 11:00:00,,-14.111
2014-01-24 12:00:00,,-14.109
2014-01-24 13:00:00,,-14.104
2014-01-24 14:00:00,,-14.101
2014-01-24 15:00:00,,-14.098
2014-01-24 16:00:00,,-14.095
2014-01-24 17:00:00,,-14.091
2014-01-24 18:00:00,,-14.09
2014-01-24 19:00:00,,-14.089
2014-01-24 20:00:00,,-14.091
2014-01-24 21:00:00,,-14.093
2014-01-24 22:00:00,,-14.096
2014-01-24 23:00:00,,-14.097
2014-01-25 00:00:00,,-14.097
2014-01-25 01:00:00,,-14.104
2014-01-25 02:00:00,,-14.104
2014-01-25 03:00:00,,-14.106
2014-01-25 04:00:00,,-14.108
2014-01-25 05:00:00,,-14.112
2014-01-25 06:00:00,,-14.116
2014-01-25 07:00:00,,-14.121
2014-01-25 08:00:00,,-14.125
2014-01-25 09:00:00,,-14.127
2014-01-25 10:00:00,,-14.128
2014-01-25 11:00:00,,-14.127
2014-01-25 12:00:00,,-14.124
2014-01-25 13:00:00,,-14.121
2014-01-25 14:00:00,,-14.117
2014-01-25 15:00:00,,-14.114
2014-01-25 16:00:00,,-14.11
2014-01-25 17:00:00,,-14.108
2014-01-25 18:00:00,,-14.109
2014-01-25 19:00:00,,-14.113
2014-01-25 20:00:00,,-14.118
2014-01-25 21:00:00,,-14.123
2014-01-25 22:00:00,,-14.126
2014-01-25 23:00:00,,-14.129
2014-01-26 00:00:00,,-14.129
2014-01-26 01:00:00,,-14.128
2014-01-26 02:00:00,,-14.127
2014-01-26 03:00:00,,-14.125
2014-01-26 04:00:00,,-14.122
2014-01-26 05:00:00,,-14.123
2014-01-26 06:00:00,,-14.127
2014-01-26 07:00:00,,-14.131
2014-01-26 08:00:00,,-14.133
2014-01-26 09:00:00,,-14.133
2014-01-26 10:00:00,,-14.133
2014-01-26 11:00:00,,-14.131
2014-01-26 12:00:00,,-14.128
2014-01-26 13:00:00,,-14.123
2014-01-26 14:00:00,,-14.118
2014-01-26 15:00:00,,-14.112
2014-01-26 16:00:00,,-14.108
2014-01-26 17:00:00,,-14.103
2014-01-26 18:00:00,,-14.1
2014-01-26 19:00:00,,-14.102
2014-01-26 20:00:00,,-14.104
2014-01-26 21:00:00,,-14.106
2014-01-26 22:00:00,,-14.108
2014-01-26 23:00:00,,-14.114
2014-01-27 00:00:00,,-14.115
2014-01-27 01:00:00,,-14.113
2014-01-27 02:00:00,,-14.112
2014-01-27 03:00:00,,-14.111
2014-01-27 04:00:00,,-14.112
2014-01-27 05:00:00,,-14.114
2014-01-27 06:00:00,,-14.116
2014-01-27 07:00:00,,-14.12
2014-01-27 08:00:00,,-14.126
2014-01-27 09:00:00,,-14.129
2014-01-27 10:00:00,,-14.129
2014-01-27 11:00:00,,-14.129
2014-01-27 12:00:00,,-14.126
2014-01-27 13:00:00,,-14.121
2014-01-27 14:00:00,,-14.115
2014-01-27 15:00:00,,-14.108
2014-01-27 16:00:00,,-14.104
2014-01-27 17:00:00,,-14.099
2014-01-27 18:00:00,,-14.099
2014-01-27 19:00:00,,-14.107
2014-01-27 20:00:00,,-14.108
2014-01-27 21:00:00,,-14.111
2014-01-27 22:00:00,,-14.118
2014-01-27 23:00:00,,-14.12
2014-01-28 00:00:00,,-14.12
2014-01-28 01:00:00,,-14.121
2014-01-28 02:00:00,,-14.117
2014-01-28 03:00:00,,-14.115
2014-01-28 04:00:00,,-14.115
2014-01-28 05:00:00,,-14.116
2014-01-28 06:00:00,,-14.118
2014-01-28 07:00:00,,-14.122
2014-01-28 08:00:00,,-14.127
2014-01-28 09:00:00,,-14.132
2014-01-28 10:00:00,,-14.134
2014-01-28 11:00:00,,-14.136
2014-01-28 12:00:00,,-14.132
2014-01-28 13:00:00,,-14.125
2014-01-28 14:00:00,,-14.118
2014-01-28 15:00:00,,-14.111
2014-01-28 16:00:00,,-14.108
2014-01-28 17:00:00,,-14.093
2014-01-28 18:00:00,,-14.097
2014-01-28 19:00:00,,-14.101
2014-01-28 20:00:00,,-14.108
2014-01-28 21:00:00,,-14.111
2014-01-28 22:00:00,,-14.114
2014-01-28 23:00:00,,-14.117
2014-01-29 00:00:00,,-14.117
2014-01-29 01:00:00,,-14.115
2014-01-29 02:00:00,,-14.11
2014-01-29 03:00:00,,-14.106
2014-01-29 04:00:00,,-14.103
2014-01-29 05:00:00,,-14.103
2014-01-29 06:00:00,,-14.105
2014-01-29 07:00:00,,-14.109
2014-01-29 08:00:00,,-14.114
2014-01-29 09:00:00,,-14.119
2014-01-29 10:00:00,,-14.121
2014-01-29 11:00:00,,-14.122
2014-01-29 12:00:00,,-14.12
2014-01-29 13:00:00,,-14.115
2014-01-29 14:00:00,,-14.108
2014-01-29 15:00:00,,-14.101
2014-01-29 16:00:00,,-14.095
2014-01-29 17:00:00,,-14.09
2014-01-29 18:00:00,,-14.089
2014-01-29 19:00:00,,-14.089
2014-01-29 20:00:00,,-14.092
2014-01-29 21:00:00,,-14.096
2014-01-29 22:00:00,,-14.101
2014-01-29 23:00:00,,-14.106
2014-01-30 00:00:00,,-14.107
2014-01-30 01:00:00,,-14.106
2014-01-30 02:00:00,,-14.103
2014-01-30 03:00:00,,-14.099
2014-01-30 04:00:00,,-14.096
2014-01-30 05:00:00,,-14.096
2014-01-30 06:00:00,,-14.098
2014-01-30 07:00:00,,-14.101
2014-01-30 08:00:00,,-14.107
2014-01-30 09:00:00,,-14.111
2014-01-30 10:00:00,,-14.115
2014-01-30 11:00:00,,-14.117
2014-01-30 12:00:00,,-14.115
2014-01-30 13:00:00,,-14.111
2014-01-30 14:00:00,,-14.105
2014-01-30 15:00:00,,-14.097
2014-01-30 16:00:00,,-14.09
2014-01-30 17:00:00,,-14.086
2014-01-30 18:00:00,,-14.083
2014-01-30 19:00:00,,-14.083
2014-01-30 20:00:00,,-14.084
2014-01-30 21:00:00,,-14.087
2014-01-30 22:00:00,,-14.091
2014-01-30 23:00:00,,-14.094
2014-01-31 00:00:00,,-14.096
2014-01-31 01:00:00,,-14.096
2014-01-31 02:00:00,,-14.094
2014-01-31 03:00:00,,-14.092
2014-01-31 04:00:00,,-14.089
2014-01-31 05:00:00,,-14.087
2014-01-31 06:00:00,,-14.089
2014-01-31 07:00:00,,-14.092
2014-01-31 08:00:00,,-14.095
2014-01-31 09:00:00,,-14.098
2014-01-31 10:00:00,,-14.1
2014-01-31 11:00:00,,-14.103
2014-01-31 12:00:00,,-14.103
2014-01-31 13:00:00,,-14.099
2014-01-31 14:00:00,,-14.095
2014-01-31 15:00:00,,-14.088
2014-01-31 16:00:00,,-14.083
2014-01-31 17:00:00,,-14.079
2014-01-31 18:00:00,,-14.076
2014-01-31 19:00:00,,-14.076
2014-01-31 20:00:00,,-14.079
2014-01-31 21:00:00,,-14.081
2014-01-31 22:00:00,,-14.087
2014-01-31 23:00:00,,-14.09
2014-02-01 00:00:00,,-14.092
2014-02-01 01:00:00,,-14.09
2014-02-01 02:00:00,,-14.089
2014-02-01 03:00:00,,-14.085
2014-02-01 04:00:00,,-14.082
2014-02-01 05:00:00,,-14.081
2014-02-01 06:00:00,,-14.08
2014-02-01 07:00:00,,-14.081
2014-02-01 08:00:00,,-14.083
2014-02-01 09:00:00,,-14.086
2014-02-01 10:00:00,,-14.088
2014-02-01 11:00:00,,-14.089
2014-02-01 12:00:00,,-14.089
2014-02-01 13:00:00,,-14.086
2014-02-01 14:00:00,,-14.082
2014-02-01 15:00:00,,-14.075
2014-02-01 16:00:00,,-14.071
2014-02-01 17:00:00,,-14.066
2014-02-01 18:00:00,,-14.062
2014-02-01 19:00:00,,-14.061
2014-02-01 20:00:00,,-14.063
2014-02-01 21:00:00,,-14.067
2014-02-01 22:00:00,,-14.069
2014-02-01 23:00:00,,-14.075
2014-02-02 00:00:00,,-14.079
2014-02-02 01:00:00,,-14.079
2014-02-02 02:00:00,,-14.078
2014-02-02 03:00:00,,-14.079
2014-02-02 04:00:00,,-14.08
2014-02-02 05:00:00,,-14.08
2014-02-02 06:00:00,,-14.081
2014-02-02 07:00:00,,-14.084
2014-02-02 08:00:00,,-14.086
2014-02-02 09:00:00,,-14.089
2014-02-02 10:00:00,,-14.091
2014-02-02 11:00:00,,-14.09
2014-02-02 12:00:00,,-14.089
2014-02-02 13:00:00,,-14.086
2014-02-02 14:00:00,,-14.082
2014-02-02 15:00:00,,-14.074
2014-02-02 16:00:00,,-14.072
2014-02-02 17:00:00,,-14.069
2014-02-02 18:00:00,,-14.065
2014-02-02 19:00:00,,-14.066
2014-02-02 20:00:00,,-14.068
2014-02-02 21:00:00,,-14.071
2014-02-02 22:00:00,,-14.075
2014-02-02 23:00:00,,-14.08
2014-02-03 00:00:00,,-14.082
2014-02-03 01:00:00,,-14.083
2014-02-03 02:00:00,,-14.085
2014-02-03 03:00:00,,-14.085
2014-02-03 04:00:00,,-14.083
2014-02-03 05:00:00,,-14.085
2014-02-03 06:00:00,,-14.084
2014-02-03 07:00:00,,-14.086
2014-02-03 08:00:00,,-14.088
2014-02-03 09:00:00,,-14.09
2014-02-03 10:00:00,,-14.091
2014-02-03 11:00:00,,-14.094
2014-02-03 12:00:00,,-14.093
2014-02-03 13:00:00,,-14.09
2014-02-03 14:00:00,,-14.088
2014-02-03 15:00:00,,-14.083
2014-02-03 16:00:00,,-14.077
2014-02-03 17:00:00,,-14.074
2014-02-03 18:00:00,,-14.074
2014-02-03 19:00:00,,-14.077
2014-02-03 20:00:00,,-14.081
2014-02-03 21:00:00,,-14.083
2014-02-03 22:00:00,,-14.088
2014-02-03 23:00:00,,-14.091
2014-02-04 00:00:00,,-14.095
2014-02-04 01:00:00,,-14.098
2014-02-04 02:00:00,,-14.099
2014-02-04 03:00:00,,-14.097
2014-02-04 04:00:00,,-14.097
2014-02-04 05:00:00,,-14.096
2014-02-04 06:00:00,,-14.097
2014-02-04 07:00:00,,-14.101
2014-02-04 08:00:00,,-14.102
2014-02-04 09:00:00,,-14.103
2014-02-04 10:00:00,,-14.106
2014-02-04 11:00:00,,-14.107
2014-02-04 12:00:00,,-14.104
2014-02-04 13:00:00,,-14.103
2014-02-04 14:00:00,,-14.103
2014-02-04 15:00:00,,-14.102
2014-02-04 16:00:00,,-14.1
2014-02-04 17:00:00,,-14.098
2014-02-04 18:00:00,,-14.098
2014-02-04 19:00:00,,-14.098
2014-02-04 20:00:00,,-14.099
2014-02-04 21:00:00,,-14.102
2014-02-04 22:00:00,,-14.105
2014-02-04 23:00:00,,-14.108
2014-02-05 00:00:00,,-14.107
2014-02-05 01:00:00,,-14.104
2014-02-05 02:00:00,,-14.104
2014-02-05 03:00:00,,-14.103
2014-02-05 04:00:00,,-14.101
2014-02-05 05:00:00,,-14.102
2014-02-05 06:00:00,,-14.103
2014-02-05 07:00:00,,-14.107
2014-02-05 08:00:00,,-14.108
2014-02-05 09:00:00,,-14.11
2014-02-05 10:00:00,,-14.11
2014-02-05 11:00:00,,-14.109
2014-02-05 12:00:00,,-14.109
2014-02-05 13:00:00,,-14.107
2014-02-05 14:00:00,,-14.105
2014-02-05 15:00:00,,-14.101
2014-02-05 16:00:00,,-14.098
2014-02-05 17:00:00,,-14.093
2014-02-05 18:00:00,,-14.092
2014-02-05 19:00:00,,-14.092
2014-02-05 20:00:00,,-14.094
2014-02-05 21:00:00,,-14.097
2014-02-05 22:00:00,,-14.1
2014-02-05 23:00:00,,-14.102
2014-02-06 00:00:00,,-14.103
2014-02-06 01:00:00,,-14.104
2014-02-06 02:00:00,,-14.104
2014-02-06 03:00:00,,-14.103
2014-02-06 04:00:00,,-14.103
2014-02-06 05:00:00,,-14.104
2014-02-06 06:00:00,,-14.107
2014-02-06 07:00:00,,-14.11
2014-02-06 08:00:00,,-14.112
2014-02-06 09:00:00,,-14.114
2014-02-06 10:00:00,,-14.114
2014-02-06 11:00:00,,-14.115
2014-02-06 12:00:00,,-14.113
2014-02-06 13:00:00,,-14.11
2014-02-06 14:00:00,,-14.107
2014-02-06 15:00:00,,-14.103
2014-02-06 16:00:00,,-14.099
2014-02-06 17:00:00,,-14.096
2014-02-06 18:00:00,,-14.094
2014-02-06 19:00:00,,-14.094
2014-02-06 20:00:00,,-14.096
2014-02-06 21:00:00,,-14.099
2014-02-06 22:00:00,,-14.102
2014-02-06 23:00:00,,-14.105
2014-02-07 00:00:00,,-14.106
2014-02-07 01:00:00,,-14.106
2014-02-07 02:00:00,,-14.106
2014-02-07 03:00:00,,-14.106
2014-02-07 04:00:00,,-14.107
2014-02-07 05:00:00,,-14.109
2014-02-07 06:00:00,,-14.113
2014-02-07 07:00:00,,-14.117
2014-02-07 08:00:00,,-14.12
2014-02-07 09:00:00,,-14.122
2014-02-07 10:00:00,,-14.122
2014-02-07 11:00:00,,-14.121
2014-02-07 12:00:00,,-14.119
2014-02-07 13:00:00,,-14.114
2014-02-07 14:00:00,,-14.111
2014-02-07 15:00:00,,-14.107
2014-02-07 16:00:00,,-14.103
2014-02-07 17:00:00,,-14.099
2014-02-07 18:00:00,,-14.099
2014-02-07 19:00:00,,-14.099
2014-02-07 20:00:00,,-14.103
2014-02-07 21:00:00,,-14.107
2014-02-07 22:00:00,,-14.111
2014-02-07 23:00:00,,-14.115
2014-02-08 00:00:00,,-14.115
2014-02-08 01:00:00,,-14.114
2014-02-08 02:00:00,,-14.114
2014-02-08 03:00:00,,-14.114
2014-02-08 04:00:00,,-14.113
2014-02-08 05:00:00,,-14.115
2014-02-08 06:00:00,,-14.119
2014-02-08 07:00:00,,-14.121
2014-02-08 08:00:00,,-14.125
2014-02-08 09:00:00,,-14.127
2014-02-08 10:00:00,,-14.126
2014-02-08 11:00:00,,-14.125
2014-02-08 12:00:00,,-14.122
2014-02-08 13:00:00,,-14.118
2014-02-08 14:00:00,,-14.113
2014-02-08 15:00:00,,-14.109
2014-02-08 16:00:00,,-14.105
2014-02-08 17:00:00,,-14.102
2014-02-08 18:00:00,,-14.102
2014-02-08 19:00:00,,-14.103
2014-02-08 20:00:00,,-14.107
2014-02-08 21:00:00,,-14.112
2014-02-08 22:00:00,,-14.116
2014-02-08 23:00:00,,-14.119
2014-02-09 00:00:00,,-14.119
2014-02-09 01:00:00,,-14.118
2014-02-09 02:00:00,,-14.118
2014-02-09 03:00:00,,-14.118
2014-02-09 04:00:00,,-14.119
2014-02-09 05:00:00,,-14.121
2014-02-09 06:00:00,,-14.125
2014-02-09 07:00:00,,-14.131
2014-02-09 08:00:00,,-14.135
2014-02-09 09:00:00,,-14.138
2014-02-09 10:00:00,,-14.14
2014-02-09 11:00:00,,-14.14
2014-02-09 12:00:00,,-14.137
2014-02-09 13:00:00,,-14.132
2014-02-09 14:00:00,,-14.127
2014-02-09 15:00:00,,-14.123
2014-02-09 16:00:00,,-14.118
2014-02-09 17:00:00,,-14.114
2014-02-09 18:00:00,,-14.112
2014-02-09 19:00:00,,-14.113
2014-02-09 20:00:00,,-14.116
2014-02-09 21:00:00,,-14.12
2014-02-09 22:00:00,,-14.124
2014-02-09 23:00:00,,-14.127
2014-02-10 00:00:00,,-14.126
2014-02-10 01:00:00,,-14.125
2014-02-10 02:00:00,,-14.123
2014-02-10 03:00:00,,-14.12
2014-02-10 04:00:00,,-14.119
2014-02-10 05:00:00,,-14.12
2014-02-10 06:00:00,,-14.124
2014-02-10 07:00:00,,-14.128
2014-02-10 08:00:00,,-14.132
2014-02-10 09:00:00,,-14.134
2014-02-10 10:00:00,,-14.134
2014-02-10 11:00:00,,-14.132
2014-02-10 12:00:00,,-14.128
2014-02-10 13:00:00,,-14.123
2014-02-10 14:00:00,,-14.118
2014-02-10 15:00:00,,-14.113
2014-02-10 16:00:00,,-14.106
2014-02-10 17:00:00,,-14.102
2014-02-10 18:00:00,,-14.101
2014-02-10 19:00:00,,-14.101
2014-02-10 20:00:00,,-14.108
2014-02-10 21:00:00,,-14.112
2014-02-10 22:00:00,,-14.116
2014-02-10 23:00:00,,-14.119
2014-02-11 00:00:00,,-14.119
2014-02-11 01:00:00,,-14.117
2014-02-11 02:00:00,,-14.115
2014-02-11 03:00:00,,-14.113
2014-02-11 04:00:00,,-14.113
2014-02-11 05:00:00,,-14.115
2014-02-11 06:00:00,,-14.117
2014-02-11 07:00:00,,-14.121
2014-02-11 08:00:00,,-14.124
2014-02-11 09:00:00,,-14.126
2014-02-11 10:00:00,,-14.127
2014-02-11 11:00:00,,-14.126
2014-02-11 12:00:00,,-14.123
2014-02-11 13:00:00,,-14.119
2014-02-11 14:00:00,,-14.112
2014-02-11 15:00:00,,-14.106
2014-02-11 16:00:00,,-14.102
2014-02-11 17:00:00,,-14.097
2014-02-11 18:00:00,,-14.095
2014-02-11 19:00:00,,-14.099
2014-02-11 20:00:00,,-14.103
2014-02-11 21:00:00,,-14.109
2014-02-11 22:00:00,,-14.112
2014-02-11 23:00:00,,-14.116
2014-02-12 00:00:00,,-14.116
2014-02-12 01:00:00,,-14.114
2014-02-12 02:00:00,,-14.112
2014-02-12 03:00:00,,-14.111
2014-02-12 04:00:00,,-14.11
2014-02-12 05:00:00,,-14.109
2014-02-12 06:00:00,,-14.112
2014-02-12 07:00:00,,-14.116
2014-02-12 08:00:00,,-14.123
2014-02-12 09:00:00,,-14.127
2014-02-12 10:00:00,,-14.13
2014-02-12 11:00:00,,-14.131
2014-02-12 12:00:00,,-14.129
2014-02-12 13:00:00,,-14.124
2014-02-12 14:00:00,,-14.119
2014-02-12 15:00:00,,-14.115
2014-02-12 16:00:00,,-14.113
2014-02-12 17:00:00,,-14.113
2014-02-12 18:00:00,,-14.116
2014-02-12 19:00:00,,-14.12
2014-02-12 20:00:00,,-14.126
2014-02-12 21:00:00,,-14.132
2014-02-12 22:00:00,,-14.136
2014-02-12 23:00:00,,-14.141
2014-02-13 00:00:00,,-14.141
2014-02-13 01:00:00,,-14.141
2014-02-13 02:00:00,,-14.136
2014-02-13 03:00:00,,-14.133
2014-02-13 04:00:00,,-14.131
2014-02-13 05:00:00,,-14.131
2014-02-13 06:00:00,,-14.133
2014-02-13 07:00:00,,-14.138
2014-02-13 08:00:00,,-14.143
2014-02-13 09:00:00,,-14.147
2014-02-13 10:00:00,,-14.149
2014-02-13 11:00:00,,-14.148
2014-02-13 12:00:00,,-14.145
2014-02-13 13:00:00,,-14.14
2014-02-13 14:00:00,,-14.134
2014-02-13 15:00:00,,-14.127
2014-02-13 16:00:00,,-14.121
2014-02-13 17:00:00,,-14.116
2014-02-13 18:00:00,,-14.115
2014-02-13 19:00:00,,-14.116
2014-02-13 20:00:00,,-14.12
2014-02-13 21:00:00,,-14.124
2014-02-13 22:00:00,,-14.127
2014-02-13 23:00:00,,-14.13
2014-02-14 00:00:00,,-14.129
2014-02-14 01:00:00,,-14.125
2014-02-14 02:00:00,,-14.121
2014-02-14 03:00:00,,-14.118
2014-02-14 04:00:00,,-14.115
2014-02-14 05:00:00,,-14.115
2014-02-14 06:00:00,,-14.116
2014-02-14 07:00:00,,-14.119
2014-02-14 08:00:00,,-14.122
2014-02-14 09:00:00,,-14.127
2014-02-14 10:00:00,,-14.126
2014-02-14 11:00:00,,-14.126
2014-02-14 12:00:00,,-14.123
2014-02-14 13:00:00,,-14.117
2014-02-14 14:00:00,,-14.11
2014-02-14 15:00:00,,-14.103
2014-02-14 16:00:00,,-14.095
2014-02-14 17:00:00,,-14.09
2014-02-14 18:00:00,,-14.09
2014-02-14 19:00:00,,-14.09
2014-02-14 20:00:00,,-14.095
2014-02-14 21:00:00,,-14.098
2014-02-14 22:00:00,,-14.102
2014-02-14 23:00:00,,-14.104
2014-02-15 00:00:00,,-14.105
2014-02-15 01:00:00,,-14.103
2014-02-15 02:00:00,,-14.099
2014-02-15 03:00:00,,-14.097
2014-02-15 04:00:00,,-14.096
2014-02-15 05:00:00,,-14.094
2014-02-15 06:00:00,,-14.095
2014-02-15 07:00:00,,-14.099
2014-02-15 08:00:00,,-14.103
2014-02-15 09:00:00,,-14.107
2014-02-15 10:00:00,,-14.11
2014-02-15 11:00:00,,-14.106
2014-02-15 12:00:00,,-14.105
2014-02-15 13:00:00,,-14.1
2014-02-15 14:00:00,,-14.094
2014-02-15 15:00:00,,-14.091
2014-02-15 16:00:00,,-14.088
2014-02-15 17:00:00,,-14.085
2014-02-15 18:00:00,,-14.085
2014-02-15 19:00:00,,-14.086
2014-02-15 20:00:00,,-14.091
2014-02-15 21:00:00,,-14.095
2014-02-15 22:00:00,,-14.101
2014-02-15 23:00:00,,-14.106
2014-02-16 00:00:00,,-14.108
2014-02-16 01:00:00,,-14.108
2014-02-16 02:00:00,,-14.106
2014-02-16 03:00:00,,-14.107
2014-02-16 04:00:00,,-14.107
2014-02-16 05:00:00,,-14.109
2014-02-16 06:00:00,,-14.113
2014-02-16 07:00:00,,-14.119
2014-02-16 08:00:00,,-14.126
2014-02-16 09:00:00,,-14.132
2014-02-16 10:00:00,,-14.134
2014-02-16 11:00:00,,-14.137
2014-02-16 12:00:00,,-14.137
2014-02-16 13:00:00,,-14.134
2014-02-16 14:00:00,,-14.131
2014-02-16 15:00:00,,-14.125
2014-02-16 16:00:00,,-14.118
2014-02-16 17:00:00,,-14.113
2014-02-16 18:00:00,,-14.111
2014-02-16 19:00:00,,-14.112
2014-02-16 20:00:00,,-14.116
2014-02-16 21:00:00,,-14.121
2014-02-16 22:00:00,,-14.127
2014-02-16 23:00:00,,-14.132
2014-02-17 00:00:00,,-14.135
2014-02-17 01:00:00,,-14.137
2014-02-17 02:00:00,,-14.135
2014-02-17 03:00:00,,-14.134
2014-02-17 04:00:00,,-14.133
2014-02-17 05:00:00,,-14.132
2014-02-17 06:00:00,,-14.134
2014-02-17 07:00:00,,-14.136
2014-02-17 08:00:00,,-14.139
2014-02-17 09:00:00,,-14.142
2014-02-17 10:00:00,,-14.146
2014-02-17 11:00:00,,-14.148
2014-02-17 12:00:00,,-14.148
2014-02-17 13:00:00,,-14.145
2014-02-17 14:00:00,,-14.14
2014-02-17 15:00:00,,-14.133
2014-02-17 16:00:00,,-14.127
2014-02-17 17:00:00,,-14.121
2014-02-17 18:00:00,,-14.117
2014-02-17 19:00:00,,-14.116
2014-02-17 20:00:00,,-14.118
2014-02-17 21:00:00,,-14.121
2014-02-17 22:00:00,,-14.126
2014-02-17 23:00:00,,-14.13
2014-02-18 00:00:00,,-14.134
2014-02-18 01:00:00,,-14.134
2014-02-18 02:00:00,,-14.134
2014-02-18 03:00:00,,-14.134
2014-02-18 04:00:00,,-14.134
2014-02-18 05:00:00,,-14.134
2014-02-18 06:00:00,,-14.134
2014-02-18 07:00:00,,-14.134
2014-02-18 08:00:00,,-14.136
2014-02-18 09:00:00,,-14.138
2014-02-18 10:00:00,,-14.139
2014-02-18 11:00:00,,-14.138
2014-02-18 12:00:00,,-14.136
2014-02-18 13:00:00,,-14.133
2014-02-18 14:00:00,,-14.128
2014-02-18 15:00:00,,-14.124
2014-02-18 16:00:00,,-14.119
2014-02-18 17:00:00,,-14.115
2014-02-18 18:00:00,,-14.112
2014-02-18 19:00:00,,-14.111
2014-02-18 20:00:00,,-14.112
2014-02-18 21:00:00,,-14.114
2014-02-18 22:00:00,,-14.118
2014-02-18 23:00:00,,-14.122
2014-02-19 00:00:00,,-14.124
2014-02-19 01:00:00,,-14.124
2014-02-19 02:00:00,,-14.122
2014-02-19 03:00:00,,-14.119
2014-02-19 04:00:00,,-14.118
2014-02-19 05:00:00,,-14.117
2014-02-19 06:00:00,,-14.118
2014-02-19 07:00:00,,-14.12
2014-02-19 08:00:00,,-14.123
2014-02-19 09:00:00,,-14.128
2014-02-19 10:00:00,,-14.131
2014-02-19 11:00:00,,-14.134
2014-02-19 12:00:00,,-14.135
2014-02-19 13:00:00,,-14.134
2014-02-19 14:00:00,,-14.131
2014-02-19 15:00:00,,-14.127
2014-02-19 16:00:00,,-14.123
2014-02-19 17:00:00,,-14.121
2014-02-19 18:00:00,,-14.12
2014-02-19 19:00:00,,-14.121
2014-02-19 20:00:00,,-14.123
2014-02-19 21:00:00,,-14.127
2014-02-19 22:00:00,,-14.132
2014-02-19 23:00:00,,-14.137
2014-02-20 00:00:00,,-14.14
2014-02-20 01:00:00,,-14.142
2014-02-20 02:00:00,,-14.145
2014-02-20 03:00:00,,-14.146
2014-02-20 04:00:00,,-14.147
2014-02-20 05:00:00,,-14.149
2014-02-20 06:00:00,,-14.151
2014-02-20 07:00:00,,-14.153
2014-02-20 08:00:00,,-14.157
2014-02-20 09:00:00,,-14.159
2014-02-20 10:00:00,,-14.16
2014-02-20 11:00:00,,-14.162
2014-02-20 12:00:00,,-14.162
2014-02-20 13:00:00,,-14.16
2014-02-20 14:00:00,,-14.158
2014-02-20 15:00:00,,-14.153
2014-02-20 16:00:00,,-14.151
2014-02-20 17:00:00,,-14.149
2014-02-20 18:00:00,,-14.149
2014-02-20 19:00:00,,-14.15
2014-02-20 20:00:00,,-14.153
2014-02-20 21:00:00,,-14.156
2014-02-20 22:00:00,,-14.161
2014-02-20 23:00:00,,-14.165
2014-02-21 00:00:00,,-14.17
2014-02-21 01:00:00,,-14.172
2014-02-21 02:00:00,,-14.172
2014-02-21 03:00:00,,-14.173
2014-02-21 04:00:00,,-14.173
2014-02-21 05:00:00,,-14.175
2014-02-21 06:00:00,,-14.177
2014-02-21 07:00:00,,-14.179
2014-02-21 08:00:00,,-14.181
2014-02-21 09:00:00,,-14.184
2014-02-21 10:00:00,,-14.185
2014-02-21 11:00:00,,-14.185
2014-02-21 12:00:00,,-14.181
2014-02-21 13:00:00,,-14.178
2014-02-21 14:00:00,,-14.174
2014-02-21 15:00:00,,-14.169
2014-02-21 16:00:00,,-14.166
2014-02-21 17:00:00,,-14.162
2014-02-21 18:00:00,,-14.161
2014-02-21 19:00:00,,-14.162
2014-02-21 20:00:00,,-14.164
2014-02-21 21:00:00,,-14.167
2014-02-21 22:00:00,,-14.17
2014-02-21 23:00:00,,-14.172
2014-02-22 00:00:00,,-14.174
2014-02-22 01:00:00,,-14.176
2014-02-22 02:00:00,,-14.175
2014-02-22 03:00:00,,-14.176
2014-02-22 04:00:00,,-14.177
2014-02-22 05:00:00,,-14.178
2014-02-22 06:00:00,,-14.18
2014-02-22 07:00:00,,-14.182
2014-02-22 08:00:00,,-14.183
2014-02-22 09:00:00,,-14.184
2014-02-22 10:00:00,,-14.183
2014-02-22 11:00:00,,-14.18
2014-02-22 12:00:00,,-14.177
2014-02-22 13:00:00,,-14.173
2014-02-22 14:00:00,,-14.167
2014-02-22 15:00:00,,-14.163
2014-02-22 16:00:00,,-14.158
2014-02-22 17:00:00,,-14.155
2014-02-22 18:00:00,,-14.155
2014-02-22 19:00:00,,-14.157
2014-02-22 20:00:00,,-14.16
2014-02-22 21:00:00,,-14.163
2014-02-22 22:00:00,,-14.166
2014-02-22 23:00:00,,-14.168
2014-02-23 00:00:00,,-14.168
2014-02-23 01:00:00,,-14.165
2014-02-23 02:00:00,,-14.163
2014-02-23 03:00:00,,-14.161
2014-02-23 04:00:00,,-14.161
2014-02-23 05:00:00,,-14.163
2014-02-23 06:00:00,,-14.163
2014-02-23 07:00:00,,-14.166
2014-02-23 08:00:00,,-14.167
2014-02-23 09:00:00,,-14.17
2014-02-23 10:00:00,,-14.169
2014-02-23 11:00:00,,-14.168
2014-02-23 12:00:00,,-14.163
2014-02-23 13:00:00,,-14.159
2014-02-23 14:00:00,,-14.154
2014-02-23 15:00:00,,-14.149
2014-02-23 16:00:00,,-14.146
2014-02-23 17:00:00,,-14.144
2014-02-23 18:00:00,,-14.145
2014-02-23 19:00:00,,-14.148
2014-02-23 20:00:00,,-14.153
2014-02-23 21:00:00,,-14.156
2014-02-23 22:00:00,,-14.16
2014-02-23 23:00:00,,-14.161
2014-02-24 00:00:00,,-14.159
2014-02-24 01:00:00,,-14.157
2014-02-24 02:00:00,,-14.153
2014-02-24 03:00:00,,-14.151
2014-02-24 04:00:00,,-14.15
2014-02-24 05:00:00,,-14.151
2014-02-24 06:00:00,,-14.154
2014-02-24 07:00:00,,-14.156
2014-02-24 08:00:00,,-14.16
2014-02-24 09:00:00,,-14.163
2014-02-24 10:00:00,,-14.162
2014-02-24 11:00:00,,-14.159
2014-02-24 12:00:00,,-14.154
2014-02-24 13:00:00,,-14.148
2014-02-24 14:00:00,,-14.141
2014-02-24 15:00:00,,-14.135
2014-02-24 16:00:00,,-14.13
2014-02-24 17:00:00,,-14.129
2014-02-24 18:00:00,,-14.129
2014-02-24 19:00:00,,-14.132
2014-02-24 20:00:00,,-14.136
2014-02-24 21:00:00,,-14.14
2014-02-24 22:00:00,,-14.144
2014-02-24 23:00:00,,-14.149
2014-02-25 00:00:00,,-14.151
2014-02-25 01:00:00,,-14.15
2014-02-25 02:00:00,,-14.149
2014-02-25 03:00:00,,-14.149
2014-02-25 04:00:00,,-14.15
2014-02-25 05:00:00,,-14.149
2014-02-25 06:00:00,,-14.15
2014-02-25 07:00:00,,-14.152
2014-02-25 08:00:00,,-14.155
2014-02-25 09:00:00,,-14.157
2014-02-25 10:00:00,,-14.158
2014-02-25 11:00:00,,-14.159
2014-02-25 12:00:00,,-14.156
2014-02-25 13:00:00,,-14.151
2014-02-25 14:00:00,,-14.146
2014-02-25 15:00:00,,-14.14
2014-02-25 16:00:00,,-14.136
2014-02-25 17:00:00,,-14.135
2014-02-25 18:00:00,,-14.135
2014-02-25 19:00:00,,-14.138
2014-02-25 20:00:00,,-14.142
2014-02-25 21:00:00,,-14.148
2014-02-25 22:00:00,,-14.151
2014-02-25 23:00:00,,-14.152
2014-02-26 00:00:00,,-14.151
2014-02-26 01:00:00,,-14.148
2014-02-26 02:00:00,,-14.144
2014-02-26 03:00:00,,-14.141
2014-02-26 04:00:00,,-14.137
2014-02-26 05:00:00,,-14.136
2014-02-26 06:00:00,,-14.13
2014-02-26 07:00:00,,-14.129
2014-02-26 08:00:00,,-14.134
2014-02-26 09:00:00,,-14.14
2014-02-26 10:00:00,,-14.144
2014-02-26 11:00:00,,-14.145
2014-02-26 12:00:00,,-14.143
2014-02-26 13:00:00,,-14.139
2014-02-26 14:00:00,,-14.135
2014-02-26 15:00:00,,-14.13
2014-02-26 16:00:00,,-14.127
2014-02-26 17:00:00,,-14.125
2014-02-26 18:00:00,,-14.127
2014-02-26 19:00:00,,-14.131
2014-02-26 20:00:00,,-14.136
2014-02-26 21:00:00,,-14.141
2014-02-26 22:00:00,,-14.146
2014-02-26 23:00:00,,-14.147
2014-02-27 00:00:00,,-14.147
2014-02-27 01:00:00,,-14.145
2014-02-27 02:00:00,,-14.141
2014-02-27 03:00:00,,-14.138
2014-02-27 04:00:00,,-14.136
2014-02-27 05:00:00,,-14.136
2014-02-27 06:00:00,,-14.138
2014-02-27 07:00:00,,-14.144
2014-02-27 08:00:00,,-14.15
2014-02-27 09:00:00,,-14.155
2014-02-27 10:00:00,,-14.158
2014-02-27 11:00:00,,-14.158
2014-02-27 12:00:00,,-14.156
2014-02-27 13:00:00,,-14.152
2014-02-27 14:00:00,,-14.145
2014-02-27 15:00:00,,-14.14
2014-02-27 16:00:00,,-14.134
2014-02-27 17:00:00,,-14.132
2014-02-27 18:00:00,,-14.132
2014-02-27 19:00:00,,-14.134
2014-02-27 20:00:00,,-14.14
2014-02-27 21:00:00,,-14.146
2014-02-27 22:00:00,,-14.152
2014-02-27 23:00:00,,-14.154
2014-02-28 00:00:00,,-14.154
2014-02-28 01:00:00,,-14.152
2014-02-28 02:00:00,,-14.148
2014-02-28 03:00:00,,-14.145
2014-02-28 04:00:00,,-14.143
2014-02-28 05:00:00,,-14.143
2014-02-28 06:00:00,,-14.145
2014-02-28 07:00:00,,-14.15
2014-02-28 08:00:00,,-14.155
2014-02-28 09:00:00,,-14.16
2014-02-28 10:00:00,,-14.164
2014-02-28 11:00:00,,-14.164
2014-02-28 12:00:00,,-14.163
2014-02-28 13:00:00,,-14.158
2014-02-28 14:00:00,,-14.152
2014-02-28 15:00:00,,-14.146
2014-02-28 16:00:00,,-14.139
2014-02-28 17:00:00,,-14.134
2014-02-28 18:00:00,,-14.133
2014-02-28 19:00:00,,-14.136
2014-02-28 20:00:00,,-14.14
2014-02-28 21:00:00,,-14.146
2014-02-28 22:00:00,,-14.152
2014-02-28 23:00:00,,-14.158
2014-03-01 00:00:00,,-14.159
2014-03-01 01:00:00,,-14.157
2014-03-01 02:00:00,,-14.155
2014-03-01 03:00:00,,-14.151
2014-03-01 04:00:00,,-14.149
2014-03-01 05:00:00,,-14.148
2014-03-01 06:00:00,,-14.148
2014-03-01 07:00:00,,-14.152
2014-03-01 08:00:00,,-14.155
2014-03-01 09:00:00,,-14.16
2014-03-01 10:00:00,,-14.164
2014-03-01 11:00:00,,-14.165
2014-03-01 12:00:00,,-14.164
2014-03-01 13:00:00,,-14.16
2014-03-01 14:00:00,,-14.154
2014-03-01 15:00:00,,-14.148
2014-03-01 16:00:00,,-14.141
2014-03-01 17:00:00,,-14.136
2014-03-01 18:00:00,,-14.134
2014-03-01 19:00:00,,-14.135
2014-03-01 20:00:00,,-14.14
2014-03-01 21:00:00,,-14.145
2014-03-01 22:00:00,,-14.151
2014-03-01 23:00:00,,-14.156
2014-03-02 00:00:00,,-14.159
2014-03-02 01:00:00,,-14.157
2014-03-02 02:00:00,,-14.156
2014-03-02 03:00:00,,-14.153
2014-03-02 04:00:00,,-14.15
2014-03-02 05:00:00,,-14.148
2014-03-02 06:00:00,,-14.15
2014-03-02 07:00:00,,-14.151
2014-03-02 08:00:00,,-14.156
2014-03-02 09:00:00,,-14.161
2014-03-02 10:00:00,,-14.166
2014-03-02 11:00:00,,-14.167
2014-03-02 12:00:00,,-14.166
2014-03-02 13:00:00,,-14.161
2014-03-02 14:00:00,,-14.157
2014-03-02 15:00:00,,-14.15
2014-03-02 16:00:00,,-14.144
2014-03-02 17:00:00,,-14.139
2014-03-02 18:00:00,,-14.137
2014-03-02 19:00:00,,-14.137
2014-03-02 20:00:00,,-14.141
2014-03-02 21:00:00,,-14.146
2014-03-02 22:00:00,,-14.151
2014-03-02 23:00:00,,-14.156
2014-03-03 00:00:00,,-14.159
2014-03-03 01:00:00,,-14.16
2014-03-03 02:00:00,,-14.159
2014-03-03 03:00:00,,-14.158
2014-03-03 04:00:00,,-14.156
2014-03-03 05:00:00,,-14.155
2014-03-03 06:00:00,,-14.155
2014-03-03 07:00:00,,-14.156
2014-03-03 08:00:00,,-14.159
2014-03-03 09:00:00,,-14.163
2014-03-03 10:00:00,,-14.166
2014-03-03 11:00:00,,-14.167
2014-03-03 12:00:00,,-14.166
2014-03-03 13:00:00,,-14.163
2014-03-03 14:00:00,,-14.158
2014-03-03 15:00:00,,-14.153
2014-03-03 16:00:00,,-14.148
2014-03-03 17:00:00,,-14.144
2014-03-03 18:00:00,,-14.141
2014-03-03 19:00:00,,-14.141
2014-03-03 20:00:00,,-14.144
2014-03-03 21:00:00,,-14.15
2014-03-03 22:00:00,,-14.158
2014-03-03 23:00:00,,-14.164
2014-03-04 00:00:00,,-14.169
2014-03-04 01:00:00,,-14.169
2014-03-04 02:00:00,,-14.168
2014-03-04 03:00:00,,-14.168
2014-03-04 04:00:00,,-14.166
2014-03-04 05:00:00,,-14.164
2014-03-04 06:00:00,,-14.165
2014-03-04 07:00:00,,-14.166
2014-03-04 08:00:00,,-14.169
2014-03-04 09:00:00,,-14.171
2014-03-04 10:00:00,,-14.173
2014-03-04 11:00:00,,-14.174
2014-03-04 12:00:00,,-14.173
2014-03-04 13:00:00,,-14.17
2014-03-04 14:00:00,,-14.166
2014-03-04 15:00:00,,-14.161
2014-03-04 16:00:00,,-14.156
2014-03-04 17:00:00,,-14.151
2014-03-04 18:00:00,,-14.148
2014-03-04 19:00:00,,-14.148
2014-03-04 20:00:00,,-14.149
2014-03-04 21:00:00,,-14.151
2014-03-04 22:00:00,,-14.157
2014-03-04 23:00:00,,-14.161
2014-03-05 00:00:00,,-14.162
2014-03-05 01:00:00,,-14.163
2014-03-05 02:00:00,,-14.163
2014-03-05 03:00:00,,-14.162
2014-03-05 04:00:00,,-14.161
2014-03-05 05:00:00,,-14.159
2014-03-05 06:00:00,,-14.159
2014-03-05 07:00:00,,-14.16
2014-03-05 08:00:00,,-14.162
2014-03-05 09:00:00,,-14.163
2014-03-05 10:00:00,,-14.165
2014-03-05 11:00:00,,-14.165
2014-03-05 12:00:00,,-14.163
2014-03-05 13:00:00,,-14.158
2014-03-05 14:00:00,,-14.154
2014-03-05 15:00:00,,-14.15
2014-03-05 16:00:00,,-14.146
2014-03-05 17:00:00,,-14.142
2014-03-05 18:00:00,,-14.139
2014-03-05 19:00:00,,-14.139
2014-03-05 20:00:00,,-14.14
2014-03-05 21:00:00,,-14.143
2014-03-05 22:00:00,,-14.146
2014-03-05 23:00:00,,-14.15
2014-03-06 00:00:00,,-14.152
2014-03-06 01:00:00,,-14.152
2014-03-06 02:00:00,,-14.151
2014-03-06 03:00:00,,-14.149
2014-03-06 04:00:00,,-14.146
2014-03-06 05:00:00,,-14.146
2014-03-06 06:00:00,,-14.146
2014-03-06 07:00:00,,-14.148
2014-03-06 08:00:00,,-14.151
2014-03-06 09:00:00,,-14.153
2014-03-06 10:00:00,,-14.155
2014-03-06 11:00:00,,-14.153
2014-03-06 12:00:00,,-14.152
2014-03-06 13:00:00,,-14.148
2014-03-06 14:00:00,,-14.143
2014-03-06 15:00:00,,-14.139
2014-03-06 16:00:00,,-14.135
2014-03-06 17:00:00,,-14.134
2014-03-06 18:00:00,,-14.132
2014-03-06 19:00:00,,-14.134
2014-03-06 20:00:00,,-14.136
2014-03-06 21:00:00,,-14.14
2014-03-06 22:00:00,,-14.144
2014-03-06 23:00:00,,-14.148
2014-03-07 00:00:00,,-14.151
2014-03-07 01:00:00,,-14.152
2014-03-07 02:00:00,,-14.152
2014-03-07 03:00:00,,-14.151
2014-03-07 04:00:00,,-14.15
2014-03-07 05:00:00,,-14.152
2014-03-07 06:00:00,,-14.153
2014-03-07 07:00:00,,-14.155
2014-03-07 08:00:00,,-14.158
2014-03-07 09:00:00,,-14.16
2014-03-07 10:00:00,,-14.161
2014-03-07 11:00:00,,-14.16
2014-03-07 12:00:00,,-14.157
2014-03-07 13:00:00,,-14.153
2014-03-07 14:00:00,,-14.147
2014-03-07 15:00:00,,-14.143
2014-03-07 16:00:00,,-14.14
2014-03-07 17:00:00,,-14.139
2014-03-07 18:00:00,,-14.139
2014-03-07 19:00:00,,-14.139
2014-03-07 20:00:00,,-14.144
2014-03-07 21:00:00,,-14.148
2014-03-07 22:00:00,,-14.155
2014-03-07 23:00:00,,-14.158
2014-03-08 00:00:00,,-14.157
2014-03-08 01:00:00,,-14.156
2014-03-08 02:00:00,,-14.156
2014-03-08 03:00:00,,-14.154
2014-03-08 04:00:00,,-14.153
2014-03-08 05:00:00,,-14.153
2014-03-08 06:00:00,,-14.155
2014-03-08 07:00:00,,-14.157
2014-03-08 08:00:00,,-14.159
2014-03-08 09:00:00,,-14.161
2014-03-08 10:00:00,,-14.161
2014-03-08 11:00:00,,-14.159
2014-03-08 12:00:00,,-14.157
2014-03-08 13:00:00,,-14.153
2014-03-08 14:00:00,,-14.149
2014-03-08 15:00:00,,-14.146
2014-03-08 16:00:00,,-14.144
2014-03-08 17:00:00,,-14.141
2014-03-08 18:00:00,,-14.14
2014-03-08 19:00:00,,-14.141
2014-03-08 20:00:00,,-14.142
2014-03-08 21:00:00,,-14.145
2014-03-08 22:00:00,,-14.146
2014-03-08 23:00:00,,-14.147
2014-03-09 00:00:00,,-14.145
2014-03-09 01:00:00,,-14.145
2014-03-09 02:00:00,,-14.143
2014-03-09 03:00:00,,-14.142
2014-03-09 04:00:00,,-14.142
2014-03-09 05:00:00,,-14.144
2014-03-09 06:00:00,,-14.146
2014-03-09 07:00:00,,-14.148
2014-03-09 08:00:00,,-14.151
2014-03-09 09:00:00,,-14.154
2014-03-09 10:00:00,,-14.155
2014-03-09 11:00:00,,-14.153
2014-03-09 12:00:00,,-14.15
2014-03-09 13:00:00,,-14.144
2014-03-09 14:00:00,,-14.139
2014-03-09 15:00:00,,-14.134
2014-03-09 16:00:00,,-14.131
2014-03-09 17:00:00,,-14.131
2014-03-09 18:00:00,,-14.131
2014-03-09 19:00:00,,-14.133
2014-03-09 20:00:00,,-14.135
2014-03-09 21:00:00,,-14.137
2014-03-09 22:00:00,,-14.14
2014-03-09 23:00:00,,-14.141
2014-03-10 00:00:00,,-14.142
2014-03-10 01:00:00,,-14.142
2014-03-10 02:00:00,,-14.142
2014-03-10 03:00:00,,-14.142
2014-03-10 04:00:00,,-14.143
2014-03-10 05:00:00,,-14.146
2014-03-10 06:00:00,,-14.149
2014-03-10 07:00:00,,-14.153
2014-03-10 08:00:00,,-14.157
2014-03-10 09:00:00,,-14.16
2014-03-10 10:00:00,,-14.161
2014-03-10 11:00:00,,-14.16
2014-03-10 12:00:00,,-14.158
2014-03-10 13:00:00,,-14.152
2014-03-10 14:00:00,,-14.147
2014-03-10 15:00:00,,-14.142
2014-03-10 16:00:00,,-14.139
2014-03-10 17:00:00,,-14.138
2014-03-10 18:00:00,,-14.139
2014-03-10 19:00:00,,-14.142
2014-03-10 20:00:00,,-14.145
2014-03-10 21:00:00,,-14.148
2014-03-10 22:00:00,,-14.152
2014-03-10 23:00:00,,-14.154
2014-03-11 00:00:00,,-14.154
2014-03-11 01:00:00,,-14.151
2014-03-11 02:00:00,,-14.151
2014-03-11 03:00:00,,-14.15
2014-03-11 04:00:00,,-14.151
2014-03-11 05:00:00,,-14.154
2014-03-11 06:00:00,,-14.158
2014-03-11 07:00:00,,-14.162
2014-03-11 08:00:00,,-14.166
2014-03-11 09:00:00,,-14.169
2014-03-11 10:00:00,,-14.17
2014-03-11 11:00:00,,-14.169
2014-03-11 12:00:00,,-14.164
2014-03-11 13:00:00,,-14.158
2014-03-11 14:00:00,,-14.151
2014-03-11 15:00:00,,-14.146
2014-03-11 16:00:00,,-14.142
2014-03-11 17:00:00,,-14.14
2014-03-11 18:00:00,,-14.14
2014-03-11 19:00:00,,-14.143
2014-03-11 20:00:00,,-14.147
2014-03-11 21:00:00,,-14.152
2014-03-11 22:00:00,,-14.156
2014-03-11 23:00:00,,-14.157
2014-03-12 00:00:00,,-14.157
2014-03-12 01:00:00,,-14.156
2014-03-12 02:00:00,,-14.154
2014-03-12 03:00:00,,-14.151
2014-03-12 04:00:00,,-14.152
2014-03-12 05:00:00,,-14.153
2014-03-12 06:00:00,,-14.156
2014-03-12 07:00:00,,-14.159
2014-03-12 08:00:00,,-14.165
2014-03-12 09:00:00,,-14.169
2014-03-12 10:00:00,,-14.171
2014-03-12 11:00:00,,-14.171
2014-03-12 12:00:00,,-14.168
2014-03-12 13:00:00,,-14.161
2014-03-12 14:00:00,,-14.154
2014-03-12 15:00:00,,-14.148
2014-03-12 16:00:00,,-14.143
2014-03-12 17:00:00,,-14.14
2014-03-12 18:00:00,,-14.139
2014-03-12 19:00:00,,-14.142
2014-03-12 20:00:00,,-14.147
2014-03-12 21:00:00,,-14.152
2014-03-12 22:00:00,,-14.153
2014-03-12 23:00:00,,-14.157
2014-03-13 00:00:00,,-14.157
2014-03-13 01:00:00,,-14.156
2014-03-13 02:00:00,,-14.154
2014-03-13 03:00:00,,-14.152
2014-03-13 04:00:00,,-14.151
2014-03-13 05:00:00,,-14.152
2014-03-13 06:00:00,,-14.154
2014-03-13 07:00:00,,-14.157
2014-03-13 08:00:00,,-14.162
2014-03-13 09:00:00,,-14.166
2014-03-13 10:00:00,,-14.168
2014-03-13 11:00:00,,-14.167
2014-03-13 12:00:00,,-14.163
2014-03-13 13:00:00,,-14.156
2014-03-13 14:00:00,,-14.149
2014-03-13 15:00:00,,-14.144
2014-03-13 16:00:00,,-14.138
2014-03-13 17:00:00,,-14.137
2014-03-13 18:00:00,,-14.136
2014-03-13 19:00:00,,-14.138
2014-03-13 20:00:00,,-14.143
2014-03-13 21:00:00,,-14.148
2014-03-13 22:00:00,,-14.151
2014-03-13 23:00:00,,-14.154
2014-03-14 00:00:00,,-14.154
2014-03-14 01:00:00,,-14.153
2014-03-14 02:00:00,,-14.15
2014-03-14 03:00:00,,-14.149
2014-03-14 04:00:00,,-14.149
2014-03-14 05:00:00,,-14.149
2014-03-14 06:00:00,,-14.152
2014-03-14 07:00:00,,-14.154
2014-03-14 08:00:00,,-14.16
2014-03-14 09:00:00,,-14.163
2014-03-14 10:00:00,,-14.165
2014-03-14 11:00:00,,-14.164
2014-03-14 12:00:00,,-14.161
2014-03-14 13:00:00,,-14.155
2014-03-14 14:00:00,,-14.149
2014-03-14 15:00:00,,-14.141
2014-03-14 16:00:00,,-14.136
2014-03-14 17:00:00,,-14.133
2014-03-14 18:00:00,,-14.132
2014-03-14 19:00:00,,-14.133
2014-03-14 20:00:00,,-14.136
2014-03-14 21:00:00,,-14.141
2014-03-14 22:00:00,,-14.145
2014-03-14 23:00:00,,-14.147
2014-03-15 00:00:00,,-14.148
2014-03-15 01:00:00,,-14.146
2014-03-15 02:00:00,,-14.143
2014-03-15 03:00:00,,-14.139
2014-03-15 04:00:00,,-14.137
2014-03-15 05:00:00,,-14.136
2014-03-15 06:00:00,,-14.138
2014-03-15 07:00:00,,-14.141
2014-03-15 08:00:00,,-14.144
2014-03-15 09:00:00,,-14.148
2014-03-15 10:00:00,,-14.151
2014-03-15 11:00:00,,-14.151
2014-03-15 12:00:00,,-14.148
2014-03-15 13:00:00,,-14.143
2014-03-15 14:00:00,,-14.137
2014-03-15 15:00:00,,-14.13
2014-03-15 16:00:00,,-14.125
2014-03-15 17:00:00,,-14.122
2014-03-15 18:00:00,,-14.121
2014-03-15 19:00:00,,-14.122
2014-03-15 20:00:00,,-14.126
2014-03-15 21:00:00,,-14.131
2014-03-15 22:00:00,,-14.135
2014-03-15 23:00:00,,-14.137
2014-03-16 00:00:00,,-14.137
2014-03-16 01:00:00,,-14.138
2014-03-16 02:00:00,,-14.134
2014-03-16 03:00:00,,-14.134
2014-03-16 04:00:00,,-14.133
2014-03-16 05:00:00,,-14.133
2014-03-16 06:00:00,,-14.136
2014-03-16 07:00:00,,-14.141
2014-03-16 08:00:00,,-14.145
2014-03-16 09:00:00,,-14.15
2014-03-16 10:00:00,,-14.152
2014-03-16 11:00:00,,-14.152
2014-03-16 12:00:00,,-14.152
2014-03-16 13:00:00,,-14.147
2014-03-16 14:00:00,,-14.141
2014-03-16 15:00:00,,-14.136
2014-03-16 16:00:00,,-14.13
2014-03-16 17:00:00,,-14.127
2014-03-16 18:00:00,,-14.127
2014-03-16 19:00:00,,-14.129
2014-03-16 20:00:00,,-14.133
2014-03-16 21:00:00,,-14.141
2014-03-16 22:00:00,,-14.148
2014-03-16 23:00:00,,-14.153
2014-03-17 00:00:00,,-14.157
2014-03-17 01:00:00,,-14.156
2014-03-17 02:00:00,,-14.156
2014-03-17 03:00:00,,-14.154
2014-03-17 04:00:00,,-14.154
2014-03-17 05:00:00,,-14.154
2014-03-17 06:00:00,,-14.157
2014-03-17 07:00:00,,-14.16
2014-03-17 08:00:00,,-14.165
2014-03-17 09:00:00,,-14.17
2014-03-17 10:00:00,,-14.174
2014-03-17 11:00:00,,-14.175
2014-03-17 12:00:00,,-14.173
2014-03-17 13:00:00,,-14.169
2014-03-17 14:00:00,,-14.163
2014-03-17 15:00:00,,-14.158
2014-03-17 16:00:00,,-14.153
2014-03-17 17:00:00,,-14.15
2014-03-17 18:00:00,,-14.148
2014-03-17 19:00:00,,-14.148
2014-03-17 20:00:00,,-14.152
2014-03-17 21:00:00,,-14.16
2014-03-17 22:00:00,,-14.168
2014-03-17 23:00:00,,-14.171
2014-03-18 00:00:00,,-14.172
2014-03-18 01:00:00,,-14.172
2014-03-18 02:00:00,,-14.171
2014-03-18 03:00:00,,-14.169
2014-03-18 04:00:00,,-14.167
2014-03-18 05:00:00,,-14.166
2014-03-18 06:00:00,,-14.168
2014-03-18 07:00:00,,-14.171
2014-03-18 08:00:00,,-14.175
2014-03-18 09:00:00,,-14.18
2014-03-18 10:00:00,,-14.184
2014-03-18 11:00:00,,-14.187
2014-03-18 12:00:00,,-14.186
2014-03-18 13:00:00,,-14.183
2014-03-18 14:00:00,,-14.177
2014-03-18 15:00:00,,-14.172
2014-03-18 16:00:00,,-14.167
2014-03-18 17:00:00,,-14.163
2014-03-18 18:00:00,,-14.162
2014-03-18 19:00:00,,-14.162
2014-03-18 20:00:00,,-14.165
2014-03-18 21:00:00,,-14.17
2014-03-18 22:00:00,,-14.176
2014-03-18 23:00:00,,-14.179
2014-03-19 00:00:00,,-14.182
2014-03-19 01:00:00,,-14.184
2014-03-19 02:00:00,,-14.182
2014-03-19 03:00:00,,-14.179
2014-03-19 04:00:00,,-14.177
2014-03-19 05:00:00,,-14.176
2014-03-19 06:00:00,,-14.177
2014-03-19 07:00:00,,-14.179
2014-03-19 08:00:00,,-14.182
2014-03-19 09:00:00,,-14.185
2014-03-19 10:00:00,,-14.186
2014-03-19 11:00:00,,-14.187
2014-03-19 12:00:00,,-14.185
2014-03-19 13:00:00,,-14.18
2014-03-19 14:00:00,,-14.176
2014-03-19 15:00:00,,-14.169
2014-03-19 16:00:00,,-14.164
2014-03-19 17:00:00,,-14.16
2014-03-19 18:00:00,,-14.157
2014-03-19 19:00:00,,-14.157
2014-03-19 20:00:00,,-14.16
2014-03-19 21:00:00,,-14.163
2014-03-19 22:00:00,,-14.166
2014-03-19 23:00:00,,-14.168
2014-03-20 00:00:00,,-14.169
2014-03-20 01:00:00,,-14.17
2014-03-20 02:00:00,,-14.169
2014-03-20 03:00:00,,-14.165
2014-03-20 04:00:00,,-14.162
2014-03-20 05:00:00,,-14.16
2014-03-20 06:00:00,,-14.159
2014-03-20 07:00:00,,-14.159
2014-03-20 08:00:00,,-14.16
2014-03-20 09:00:00,,-14.162
2014-03-20 10:00:00,,-14.162
2014-03-20 11:00:00,,-14.161
2014-03-20 12:00:00,,-14.158
2014-03-20 13:00:00,,-14.153
2014-03-20 14:00:00,,-14.147
2014-03-20 15:00:00,,-14.141
2014-03-20 16:00:00,,-14.135
2014-03-20 17:00:00,,-14.131
2014-03-20 18:00:00,,-14.129
2014-03-20 19:00:00,,-14.131
2014-03-20 20:00:00,,-14.133
2014-03-20 21:00:00,,-14.136
2014-03-20 22:00:00,,-14.138
2014-03-20 23:00:00,,-14.141
2014-03-21 00:00:00,,-14.143
2014-03-21 01:00:00,,-14.145
2014-03-21 02:00:00,,-14.144
2014-03-21 03:00:00,,-14.142
2014-03-21 04:00:00,,-14.142
2014-03-21 05:00:00,,-14.142
2014-03-21 06:00:00,,-14.143
2014-03-21 07:00:00,,-14.144
2014-03-21 08:00:00,,-14.146
2014-03-21 09:00:00,,-14.148
2014-03-21 10:00:00,,-14.15
2014-03-21 11:00:00,,-14.149
2014-03-21 12:00:00,,-14.148
2014-03-21 13:00:00,,-14.145
2014-03-21 14:00:00,,-14.139
2014-03-21 15:00:00,,-14.135
2014-03-21 16:00:00,,-14.138
2014-03-21 17:00:00,,-14.141
2014-03-21 18:00:00,,-14.139
2014-03-21 19:00:00,,-14.138
2014-03-21 20:00:00,,-14.137
2014-03-21 21:00:00,,-14.139
2014-03-21 22:00:00,,-14.143
2014-03-21 23:00:00,,-14.143
2014-03-22 00:00:00,,-14.146
2014-03-22 01:00:00,,-14.147
2014-03-22 02:00:00,,-14.146
2014-03-22 03:00:00,,-14.146
2014-03-22 04:00:00,,-14.145
2014-03-22 05:00:00,,-14.145
2014-03-22 06:00:00,,-14.145
2014-03-22 07:00:00,,-14.146
2014-03-22 08:00:00,,-14.148
2014-03-22 09:00:00,,-14.15
2014-03-22 10:00:00,,-14.153
2014-03-22 11:00:00,,-14.152
2014-03-22 12:00:00,,-14.15
2014-03-22 13:00:00,,-14.148
2014-03-22 14:00:00,,-14.145
2014-03-22 15:00:00,,-14.142
2014-03-22 16:00:00,,-14.14
2014-03-22 17:00:00,,-14.137
2014-03-22 18:00:00,,-14.138
2014-03-22 19:00:00,,-14.138
2014-03-22 20:00:00,,-14.141
2014-03-22 21:00:00,,-14.143
2014-03-22 22:00:00,,-14.148
2014-03-22 23:00:00,,-14.15
2014-03-23 00:00:00,,-14.152
2014-03-23 01:00:00,,-14.152
2014-03-23 02:00:00,,-14.153
2014-03-23 03:00:00,,-14.153
2014-03-23 04:00:00,,-14.153
2014-03-23 05:00:00,,-14.154
2014-03-23 06:00:00,,-14.156
2014-03-23 07:00:00,,-14.158
2014-03-23 08:00:00,,-14.161
2014-03-23 09:00:00,,-14.165
2014-03-23 10:00:00,,-14.164
2014-03-23 11:00:00,,-14.164
2014-03-23 12:00:00,,-14.161
2014-03-23 13:00:00,,-14.158
2014-03-23 14:00:00,,-14.153
2014-03-23 15:00:00,,-14.151
2014-03-23 16:00:00,,-14.149
2014-03-23 17:00:00,,-14.149
2014-03-23 18:00:00,,-14.148
2014-03-23 19:00:00,,-14.15
2014-03-23 20:00:00,,-14.152
2014-03-23 21:00:00,,-14.154
2014-03-23 22:00:00,,-14.156
2014-03-23 23:00:00,,-14.157
2014-03-24 00:00:00,,-14.159
2014-03-24 01:00:00,,-14.159
2014-03-24 02:00:00,,-14.159
2014-03-24 03:00:00,,-14.161
2014-03-24 04:00:00,,-14.162
2014-03-24 05:00:00,,-14.165
2014-03-24 06:00:00,,-14.167
2014-03-24 07:00:00,,-14.169
2014-03-24 08:00:00,,-14.172
2014-03-24 09:00:00,,-14.174
2014-03-24 10:00:00,,-14.174
2014-03-24 11:00:00,,-14.173
2014-03-24 12:00:00,,-14.169
2014-03-24 13:00:00,,-14.163
2014-03-24 14:00:00,,-14.157
2014-03-24 15:00:00,,-14.151
2014-03-24 16:00:00,,-14.147
2014-03-24 17:00:00,,-14.146
2014-03-24 18:00:00,,-14.145
2014-03-24 19:00:00,,-14.147
2014-03-24 20:00:00,,-14.151
2014-03-24 21:00:00,,-14.156
2014-03-24 22:00:00,,-14.158
2014-03-24 23:00:00,,-14.159
2014-03-25 00:00:00,,-14.16
2014-03-25 01:00:00,,-14.16
2014-03-25 02:00:00,,-14.161
2014-03-25 03:00:00,,-14.162
2014-03-25 04:00:00,,-14.162
2014-03-25 05:00:00,,-14.166
2014-03-25 06:00:00,,-14.168
2014-03-25 07:00:00,,-14.171
2014-03-25 08:00:00,,-14.174
2014-03-25 09:00:00,,-14.176
2014-03-25 10:00:00,,-14.175
2014-03-25 11:00:00,,-14.173
2014-03-25 12:00:00,,-14.169
2014-03-25 13:00:00,,-14.163
2014-03-25 14:00:00,,-14.155
2014-03-25 15:00:00,,-14.151
2014-03-25 16:00:00,,-14.147
2014-03-25 17:00:00,,-14.146
2014-03-25 18:00:00,,-14.146
2014-03-25 19:00:00,,-14.149
2014-03-25 20:00:00,,-14.154
2014-03-25 21:00:00,,-14.157
2014-03-25 22:00:00,,-14.161
2014-03-25 23:00:00,,-14.163
2014-03-26 00:00:00,,-14.162
2014-03-26 01:00:00,,-14.161
2014-03-26 02:00:00,,-14.16
2014-03-26 03:00:00,,-14.159
2014-03-26 04:00:00,,-14.159
2014-03-26 05:00:00,,-14.16
2014-03-26 06:00:00,,-14.163
2014-03-26 07:00:00,,-14.166
2014-03-26 08:00:00,,-14.17
2014-03-26 09:00:00,,-14.173
2014-03-26 10:00:00,,-14.173
2014-03-26 11:00:00,,-14.171
2014-03-26 12:00:00,,-14.166
2014-03-26 13:00:00,,-14.159
2014-03-26 14:00:00,,-14.154
2014-03-26 15:00:00,,-14.148
2014-03-26 16:00:00,,-14.145
2014-03-26 17:00:00,,-14.144
2014-03-26 18:00:00,,-14.145
2014-03-26 19:00:00,,-14.147
2014-03-26 20:00:00,,-14.151
2014-03-26 21:00:00,,-14.155
2014-03-26 22:00:00,,-14.157
2014-03-26 23:00:00,,-14.158
2014-03-27 00:00:00,,-14.157
2014-03-27 01:00:00,,-14.155
2014-03-27 02:00:00,,-14.151
2014-03-27 03:00:00,,-14.148
2014-03-27 04:00:00,,-14.148
2014-03-27 05:00:00,,-14.151
2014-03-27 06:00:00,,-14.154
2014-03-27 07:00:00,,-14.158
2014-03-27 08:00:00,,-14.162
2014-03-27 09:00:00,,-14.165
2014-03-27 10:00:00,,-14.167
2014-03-27 11:00:00,,-14.166
2014-03-27 12:00:00,,-14.161
2014-03-27 13:00:00,,-14.154
2014-03-27 14:00:00,,-14.148
2014-03-27 15:00:00,,-14.141
2014-03-27 16:00:00,,-14.137
2014-03-27 17:00:00,,-14.136
2014-03-27 18:00:00,,-14.136
2014-03-27 19:00:00,,-14.138
2014-03-27 20:00:00,,-14.142
2014-03-27 21:00:00,,-14.145
2014-03-27 22:00:00,,-14.149
2014-03-27 23:00:00,,-14.149
2014-03-28 00:00:00,,-14.149
2014-03-28 01:00:00,,-14.147
2014-03-28 02:00:00,,-14.146
2014-03-28 03:00:00,,-14.144
2014-03-28 04:00:00,,-14.143
2014-03-28 05:00:00,,-14.144
2014-03-28 06:00:00,,-14.149
2014-03-28 07:00:00,,-14.154
2014-03-28 08:00:00,,-14.16
2014-03-28 09:00:00,,-14.165
2014-03-28 10:00:00,,-14.168
2014-03-28 11:00:00,,-14.168
2014-03-28 12:00:00,,-14.165
2014-03-28 13:00:00,,-14.159
2014-03-28 14:00:00,,-14.152
2014-03-28 15:00:00,,-14.146
2014-03-28 16:00:00,,-14.141
2014-03-28 17:00:00,,-14.139
2014-03-28 18:00:00,,-14.139
2014-03-28 19:00:00,,-14.142
2014-03-28 20:00:00,,-14.146
2014-03-28 21:00:00,,-14.151
2014-03-28 22:00:00,,-14.153
2014-03-28 23:00:00,,-14.156
2014-03-29 00:00:00,,-14.155
2014-03-29 01:00:00,,-14.153
2014-03-29 02:00:00,,-14.151
2014-03-29 03:00:00,,-14.148
2014-03-29 04:00:00,,-14.146
2014-03-29 05:00:00,,-14.147
2014-03-29 06:00:00,,-14.15
2014-03-29 07:00:00,,-14.155
2014-03-29 08:00:00,,-14.161
2014-03-29 09:00:00,,-14.166
2014-03-29 10:00:00,,-14.169
2014-03-29 11:00:00,,-14.17
2014-03-29 12:00:00,,-14.167
2014-03-29 13:00:00,,-14.161
2014-03-29 14:00:00,,-14.154
2014-03-29 15:00:00,,-14.148
2014-03-29 16:00:00,,-14.143
2014-03-29 17:00:00,,-14.14
2014-03-29 18:00:00,,-14.139
2014-03-29 19:00:00,,-14.142
2014-03-29 20:00:00,,-14.146
2014-03-29 21:00:00,,-14.152
2014-03-29 22:00:00,,-14.156
2014-03-29 23:00:00,,-14.158
2014-03-30 00:00:00,,-14.158
2014-03-30 01:00:00,,-14.156
2014-03-30 02:00:00,,-14.153
2014-03-30 03:00:00,,-14.15
2014-03-30 04:00:00,,-14.149
2014-03-30 05:00:00,,-14.149
2014-03-30 06:00:00,,-14.152
2014-03-30 07:00:00,,-14.157
2014-03-30 08:00:00,,-14.163
2014-03-30 09:00:00,,-14.169
2014-03-30 10:00:00,,-14.174
2014-03-30 11:00:00,,-14.175
2014-03-30 12:00:00,,-14.172
2014-03-30 13:00:00,,-14.167
2014-03-30 14:00:00,,-14.161
2014-03-30 15:00:00,,-14.155
2014-03-30 16:00:00,,-14.15
2014-03-30 17:00:00,,-14.147
2014-03-30 18:00:00,,-14.146
2014-03-30 19:00:00,,-14.148
2014-03-30 20:00:00,,-14.152
2014-03-30 21:00:00,,-14.157
2014-03-30 22:00:00,,-14.161
2014-03-30 23:00:00,,-14.163
2014-03-31 00:00:00,,-14.162
2014-03-31 01:00:00,,-14.161
2014-03-31 02:00:00,,-14.158
2014-03-31 03:00:00,,-14.156
2014-03-31 04:00:00,,-14.152
2014-03-31 05:00:00,,-14.153
2014-03-31 06:00:00,,-14.154
2014-03-31 07:00:00,,-14.157
2014-03-31 08:00:00,,-14.163
2014-03-31 09:00:00,,-14.168
2014-03-31 10:00:00,,-14.171
2014-03-31 11:00:00,,-14.171
2014-03-31 12:00:00,,-14.168
2014-03-31 13:00:00,,-14.162
2014-03-31 14:00:00,,-14.156
2014-03-31 15:00:00,,-14.15
2014-03-31 16:00:00,,-14.145
2014-03-31 17:00:00,,-14.141
2014-03-31 18:00:00,,-14.14
2014-03-31 19:00:00,,-14.141
2014-03-31 20:00:00,,-14.142
2014-03-31 21:00:00,,-14.146
2014-03-31 22:00:00,,-14.15
2014-03-31 23:00:00,,-14.153
2014-04-01 00:00:00,,-14.152
2014-04-01 01:00:00,,-14.151
2014-04-01 02:00:00,,-14.148
2014-04-01 03:00:00,,-14.146
2014-04-01 04:00:00,,-14.143
2014-04-01 05:00:00,,-14.142
2014-04-01 06:00:00,,-14.143
2014-04-01 07:00:00,,-14.144
2014-04-01 08:00:00,,-14.148
2014-04-01 09:00:00,,-14.152
2014-04-01 10:00:00,,-14.154
2014-04-01 11:00:00,,-14.155
2014-04-01 12:00:00,,-14.151
2014-04-01 13:00:00,,-14.146
2014-04-01 14:00:00,,-14.139
2014-04-01 15:00:00,,-14.133
2014-04-01 16:00:00,,-14.128
2014-04-01 17:00:00,,-14.123
2014-04-01 18:00:00,,-14.121
2014-04-01 19:00:00,,-14.121
2014-04-01 20:00:00,,-14.123
2014-04-01 21:00:00,,-14.127
2014-04-01 22:00:00,,-14.131
2014-04-01 23:00:00,,-14.133
2014-04-02 00:00:00,,-14.135
2014-04-02 01:00:00,,-14.135
2014-04-02 02:00:00,,-14.133
2014-04-02 03:00:00,,-14.131
2014-04-02 04:00:00,,-14.13
2014-04-02 05:00:00,,-14.129
2014-04-02 06:00:00,,-14.129
2014-04-02 07:00:00,,-14.13
2014-04-02 08:00:00,,-14.132
2014-04-02 09:00:00,,-14.136
2014-04-02 10:00:00,,-14.138
2014-04-02 11:00:00,,-14.138
2014-04-02 12:00:00,,-14.135
2014-04-02 13:00:00,,-14.132
2014-04-02 14:00:00,,-14.127
2014-04-02 15:00:00,,-14.122
2014-04-02 16:00:00,,-14.118
2014-04-02 17:00:00,,-14.115
2014-04-02 18:00:00,,-14.113
2014-04-02 19:00:00,,-14.114
2014-04-02 20:00:00,,-14.117
2014-04-02 21:00:00,,-14.121
2014-04-02 22:00:00,,-14.124
2014-04-02 23:00:00,,-14.126
2014-04-03 00:00:00,,-14.127
2014-04-03 01:00:00,,-14.128
2014-04-03 02:00:00,,-14.127
2014-04-03 03:00:00,,-14.126
2014-04-03 04:00:00,,-14.126
2014-04-03 05:00:00,,-14.128
2014-04-03 06:00:00,,-14.131
2014-04-03 07:00:00,,-14.135
2014-04-03 08:00:00,,-14.138
2014-04-03 09:00:00,,-14.144
2014-04-03 10:00:00,,-14.147
2014-04-03 11:00:00,,-14.149
2014-04-03 12:00:00,,-14.149
2014-04-03 13:00:00,,-14.147
2014-04-03 14:00:00,,-14.143
2014-04-03 15:00:00,,-14.139
2014-04-03 16:00:00,,-14.136
2014-04-03 17:00:00,,-14.134
2014-04-03 18:00:00,,-14.133
2014-04-03 19:00:00,,-14.134
2014-04-03 20:00:00,,-14.137
2014-04-03 21:00:00,,-14.142
2014-04-03 22:00:00,,-14.147
2014-04-03 23:00:00,,-14.15
2014-04-04 00:00:00,,-14.153
2014-04-04 01:00:00,,-14.153
2014-04-04 02:00:00,,-14.153
2014-04-04 03:00:00,,-14.154
2014-04-04 04:00:00,,-14.154
2014-04-04 05:00:00,,-14.155
2014-04-04 06:00:00,,-14.156
2014-04-04 07:00:00,,-14.157
2014-04-04 08:00:00,,-14.159
2014-04-04 09:00:00,,-14.161
2014-04-04 10:00:00,,-14.163
2014-04-04 11:00:00,,-14.162
2014-04-04 12:00:00,,-14.16
2014-04-04 13:00:00,,-14.157
2014-04-04 14:00:00,,-14.152
2014-04-04 15:00:00,,-14.148
2014-04-04 16:00:00,,-14.145
2014-04-04 17:00:00,,-14.141
2014-04-04 18:00:00,,-14.138
2014-04-04 19:00:00,,-14.141
2014-04-04 20:00:00,,-14.145
2014-04-04 21:00:00,,-14.151
2014-04-04 22:00:00,,-14.153
2014-04-04 23:00:00,,-14.157
2014-04-05 00:00:00,,-14.162
2014-04-05 01:00:00,,-14.161
2014-04-05 02:00:00,,-14.161
2014-04-05 03:00:00,,-14.163
2014-04-05 04:00:00,,-14.163
2014-04-05 05:00:00,,-14.164
2014-04-05 06:00:00,,-14.164
2014-04-05 07:00:00,,-14.163
2014-04-05 08:00:00,,-14.165
2014-04-05 09:00:00,,-14.166
2014-04-05 10:00:00,,-14.166
2014-04-05 11:00:00,,-14.167
2014-04-05 12:00:00,,-14.164
2014-04-05 13:00:00,,-14.159
2014-04-05 14:00:00,,-14.155
2014-04-05 15:00:00,,-14.15
2014-04-05 16:00:00,,-14.148
2014-04-05 17:00:00,,-14.144
2014-04-05 18:00:00,,-14.142
2014-04-05 19:00:00,,-14.143
2014-04-05 20:00:00,,-14.147
2014-04-05 21:00:00,,-14.15
2014-04-05 22:00:00,,-14.151
2014-04-05 23:00:00,,-14.153
2014-04-06 00:00:00,,-14.154
2014-04-06 01:00:00,,-14.155
2014-04-06 02:00:00,,-14.155
2014-04-06 03:00:00,,-14.154
2014-04-06 04:00:00,,-14.154
2014-04-06 05:00:00,,-14.155
2014-04-06 06:00:00,,-14.155
2014-04-06 07:00:00,,-14.155
2014-04-06 08:00:00,,-14.157
2014-04-06 09:00:00,,-14.159
2014-04-06 10:00:00,,-14.16
2014-04-06 11:00:00,,-14.158
2014-04-06 12:00:00,,-14.154
2014-04-06 13:00:00,,-14.15
2014-04-06 14:00:00,,-14.144
2014-04-06 15:00:00,,-14.14
2014-04-06 16:00:00,,-14.137
2014-04-06 17:00:00,,-14.136
2014-04-06 18:00:00,,-14.135
2014-04-06 19:00:00,,-14.137
2014-04-06 20:00:00,,-14.14
2014-04-06 21:00:00,,-14.147
2014-04-06 22:00:00,,-14.15
2014-04-06 23:00:00,,-14.15
2014-04-07 00:00:00,,-14.148
2014-04-07 01:00:00,,-14.148
2014-04-07 02:00:00,,-14.145
2014-04-07 03:00:00,,-14.145
2014-04-07 04:00:00,,-14.144
2014-04-07 05:00:00,,-14.146
2014-04-07 06:00:00,,-14.146
2014-04-07 07:00:00,,-14.15
2014-04-07 08:00:00,,-14.152
2014-04-07 09:00:00,,-14.152
2014-04-07 10:00:00,,-14.152
2014-04-07 11:00:00,,-14.15
2014-04-07 12:00:00,,-14.145
2014-04-07 13:00:00,,-14.137
2014-04-07 14:00:00,,-14.133
2014-04-07 15:00:00,,-14.128
2014-04-07 16:00:00,,-14.124
2014-04-07 17:00:00,,-14.122
2014-04-07 18:00:00,,-14.123
2014-04-07 19:00:00,,-14.123
2014-04-07 20:00:00,,-14.126
2014-04-07 21:00:00,,-14.129
2014-04-07 22:00:00,,-14.131
2014-04-07 23:00:00,,-14.132
2014-04-08 00:00:00,,-14.131
2014-04-08 01:00:00,,-14.129
2014-04-08 02:00:00,,-14.129
2014-04-08 03:00:00,,-14.128
2014-04-08 04:00:00,,-14.128
2014-04-08 05:00:00,,-14.13
2014-04-08 06:00:00,,-14.132
2014-04-08 07:00:00,,-14.135
2014-04-08 08:00:00,,-14.137
2014-04-08 09:00:00,,-14.14
2014-04-08 10:00:00,,-14.144
2014-04-08 11:00:00,,-14.145
2014-04-08 12:00:00,,-14.143
2014-04-08 13:00:00,,-14.14
2014-04-08 14:00:00,,-14.137
2014-04-08 15:00:00,,-14.133
2014-04-08 16:00:00,,-14.131
2014-04-08 17:00:00,,-14.131
2014-04-08 18:00:00,,-14.133
2014-04-08 19:00:00,,-14.136
2014-04-08 20:00:00,,-14.139
2014-04-08 21:00:00,,-14.141
2014-04-08 22:00:00,,-14.14
2014-04-08 23:00:00,,-14.14
2014-04-09 00:00:00,,-14.14
2014-04-09 01:00:00,,-14.138
2014-04-09 02:00:00,,-14.137
2014-04-09 03:00:00,,-14.134
2014-04-09 04:00:00,,-14.133
2014-04-09 05:00:00,,-14.132
2014-04-09 06:00:00,,-14.133
2014-04-09 07:00:00,,-14.137
2014-04-09 08:00:00,,-14.142
2014-04-09 09:00:00,,-14.144
2014-04-09 10:00:00,,-14.146
2014-04-09 11:00:00,,-14.145
2014-04-09 12:00:00,,-14.142
2014-04-09 13:00:00,,-14.138
2014-04-09 14:00:00,,-14.131
2014-04-09 15:00:00,,-14.128
2014-04-09 16:00:00,,-14.128
2014-04-09 17:00:00,,-14.127
2014-04-09 18:00:00,,-14.131
2014-04-09 19:00:00,,-14.136
2014-04-09 20:00:00,,-14.139
2014-04-09 21:00:00,,-14.141
2014-04-09 22:00:00,,-14.144
2014-04-09 23:00:00,,-14.144
2014-04-10 00:00:00,,-14.143
2014-04-10 01:00:00,,-14.14
2014-04-10 02:00:00,,-14.137
2014-04-10 03:00:00,,-14.134
2014-04-10 04:00:00,,-14.135
2014-04-10 05:00:00,,-14.136
2014-04-10 06:00:00,,-14.14
2014-04-10 07:00:00,,-14.142
2014-04-10 08:00:00,,-14.146
2014-04-10 09:00:00,,-14.148
2014-04-10 10:00:00,,-14.149
2014-04-10 11:00:00,,-14.147
2014-04-10 12:00:00,,-14.145
2014-04-10 13:00:00,,-14.139
2014-04-10 14:00:00,,-14.134
2014-04-10 15:00:00,,-14.129
2014-04-10 16:00:00,,-14.128
2014-04-10 17:00:00,,-14.127
2014-04-10 18:00:00,,-14.127
2014-04-10 19:00:00,,-14.13
2014-04-10 20:00:00,,-14.133
2014-04-10 21:00:00,,-14.137
2014-04-10 22:00:00,,-14.141
2014-04-10 23:00:00,,-14.141
2014-04-11 00:00:00,,-14.141
2014-04-11 01:00:00,,-14.139
2014-04-11 02:00:00,,-14.138
2014-04-11 03:00:00,,-14.136
2014-04-11 04:00:00,,-14.135
2014-04-11 05:00:00,,-14.135
2014-04-11 06:00:00,,-14.137
2014-04-11 07:00:00,,-14.143
2014-04-11 08:00:00,,-14.147
2014-04-11 09:00:00,,-14.151
2014-04-11 10:00:00,,-14.153
2014-04-11 11:00:00,,-14.152
2014-04-11 12:00:00,,-14.149
2014-04-11 13:00:00,,-14.143
2014-04-11 14:00:00,,-14.136
2014-04-11 15:00:00,,-14.132
2014-04-11 16:00:00,,-14.13
2014-04-11 17:00:00,,-14.131
2014-04-11 18:00:00,,-14.134
2014-04-11 19:00:00,,-14.138
2014-04-11 20:00:00,,-14.143
2014-04-11 21:00:00,,-14.149
2014-04-11 22:00:00,,-14.152
2014-04-11 23:00:00,,-14.154
2014-04-12 00:00:00,,-14.153
2014-04-12 01:00:00,,-14.152
2014-04-12 02:00:00,,-14.15
2014-04-12 03:00:00,,-14.147
2014-04-12 04:00:00,,-14.145
2014-04-12 05:00:00,,-14.144
2014-04-12 06:00:00,,-14.146
2014-04-12 07:00:00,,-14.149
2014-04-12 08:00:00,,-14.152
2014-04-12 09:00:00,,-14.155
2014-04-12 10:00:00,,-14.157
2014-04-12 11:00:00,,-14.156
2014-04-12 12:00:00,,-14.151
2014-04-12 13:00:00,,-14.145
2014-04-12 14:00:00,,-14.139
2014-04-12 15:00:00,,-14.133
2014-04-12 16:00:00,,-14.13
2014-04-12 17:00:00,,-14.129
2014-04-12 18:00:00,,-14.131
2014-04-12 19:00:00,,-14.135
2014-04-12 20:00:00,,-14.141
2014-04-12 21:00:00,,-14.147
2014-04-12 22:00:00,,-14.151
2014-04-12 23:00:00,,-14.154
2014-04-13 00:00:00,,-14.154
2014-04-13 01:00:00,,-14.153
2014-04-13 02:00:00,,-14.15
2014-04-13 03:00:00,,-14.147
2014-04-13 04:00:00,,-14.146
2014-04-13 05:00:00,,-14.146
2014-04-13 06:00:00,,-14.152
2014-04-13 07:00:00,,-14.15
2014-04-13 08:00:00,,-14.155
2014-04-13 09:00:00,,-14.158
2014-04-13 10:00:00,,-14.162
2014-04-13 11:00:00,,-14.163
2014-04-13 12:00:00,,-14.16
2014-04-13 13:00:00,,-14.155
2014-04-13 14:00:00,,-14.149
2014-04-13 15:00:00,,-14.145
2014-04-13 16:00:00,,-14.141
2014-04-13 17:00:00,,-14.139
2014-04-13 18:00:00,,-14.141
2014-04-13 19:00:00,,-14.144
2014-04-13 20:00:00,,-14.152
2014-04-13 21:00:00,,-14.157
2014-04-13 22:00:00,,-14.162
2014-04-13 23:00:00,,-14.164
2014-04-14 00:00:00,,-14.164
2014-04-14 01:00:00,,-14.163
2014-04-14 02:00:00,,-14.16
2014-04-14 03:00:00,,-14.158
2014-04-14 04:00:00,,-14.155
2014-04-14 05:00:00,,-14.154
2014-04-14 06:00:00,,-14.155
2014-04-14 07:00:00,,-14.158
2014-04-14 08:00:00,,-14.161
2014-04-14 09:00:00,,-14.165
2014-04-14 10:00:00,,-14.167
2014-04-14 11:00:00,,-14.167
2014-04-14 12:00:00,,-14.164
2014-04-14 13:00:00,,-14.16
2014-04-14 14:00:00,,-14.155
2014-04-14 15:00:00,,-14.149
2014-04-14 16:00:00,,-14.145
2014-04-14 17:00:00,,-14.142
2014-04-14 18:00:00,,-14.145
2014-04-14 19:00:00,,-14.149
2014-04-14 20:00:00,,-14.155
2014-04-14 21:00:00,,-14.161
2014-04-14 22:00:00,,-14.166
2014-04-14 23:00:00,,-14.17
2014-04-15 00:00:00,,-14.171
2014-04-15 01:00:00,,-14.17
2014-04-15 02:00:00,,-14.168
2014-04-15 03:00:00,,-14.165
2014-04-15 04:00:00,,-14.163
2014-04-15 05:00:00,,-14.163
2014-04-15 06:00:00,,-14.163
2014-04-15 07:00:00,,-14.165
2014-04-15 08:00:00,,-14.169
2014-04-15 09:00:00,,-14.174
2014-04-15 10:00:00,,-14.177
2014-04-15 11:00:00,,-14.179
2014-04-15 12:00:00,,-14.178
2014-04-15 13:00:00,,-14.174
2014-04-15 14:00:00,,-14.168
2014-04-15 15:00:00,,-14.161
2014-04-15 16:00:00,,-14.158
2014-04-15 17:00:00,,-14.156
2014-04-15 18:00:00,,-14.156
2014-04-15 19:00:00,,-14.157
2014-04-15 20:00:00,,-14.162
2014-04-15 21:00:00,,-14.168
2014-04-15 22:00:00,,-14.171
2014-04-15 23:00:00,,-14.175
2014-04-16 00:00:00,,-14.178
2014-04-16 01:00:00,,-14.177
2014-04-16 02:00:00,,-14.176
2014-04-16 03:00:00,,-14.171
2014-04-16 04:00:00,,-14.17
2014-04-16 05:00:00,,-14.169
2014-04-16 06:00:00,,-14.169
2014-04-16 07:00:00,,-14.172
2014-04-16 08:00:00,,-14.175
2014-04-16 09:00:00,,-14.178
2014-04-16 10:00:00,,-14.182
2014-04-16 11:00:00,,-14.183
2014-04-16 12:00:00,,-14.182
2014-04-16 13:00:00,,-14.176
2014-04-16 14:00:00,,-14.171
2014-04-16 15:00:00,,-14.165
2014-04-16 16:00:00,,-14.159
2014-04-16 17:00:00,,-14.157
2014-04-16 18:00:00,,-14.157
2014-04-16 19:00:00,,-14.159
2014-04-16 20:00:00,,-14.163
2014-04-16 21:00:00,,-14.168
2014-04-16 22:00:00,,-14.173
2014-04-16 23:00:00,,-14.177
2014-04-17 00:00:00,,-14.178
2014-04-17 01:00:00,,-14.179
2014-04-17 02:00:00,,-14.178
2014-04-17 03:00:00,,-14.177
2014-04-17 04:00:00,,-14.175
2014-04-17 05:00:00,,-14.174
2014-04-17 06:00:00,,-14.174
2014-04-17 07:00:00,,-14.175
2014-04-17 08:00:00,,-14.178
2014-04-17 09:00:00,,-14.182
2014-04-17 10:00:00,,-14.184
2014-04-17 11:00:00,,-14.185
2014-04-17 12:00:00,,-14.184
2014-04-17 13:00:00,,-14.181
2014-04-17 14:00:00,,-14.175
2014-04-17 15:00:00,,-14.17
2014-04-17 16:00:00,,-14.166
2014-04-17 17:00:00,,-14.163
2014-04-17 18:00:00,,-14.163
2014-04-17 19:00:00,,-14.164
2014-04-17 20:00:00,,-14.168
2014-04-17 21:00:00,,-14.173
2014-04-17 22:00:00,,-14.179
2014-04-17 23:00:00,,-14.183
2014-04-18 00:00:00,,-14.184
2014-04-18 01:00:00,,-14.185
2014-04-18 02:00:00,,-14.184
2014-04-18 03:00:00,,-14.182
2014-04-18 04:00:00,,-14.179
2014-04-18 05:00:00,,-14.178
2014-04-18 06:00:00,,-14.177
2014-04-18 07:00:00,,-14.178
2014-04-18 08:00:00,,-14.179
2014-04-18 09:00:00,,-14.18
2014-04-18 10:00:00,,-14.181
2014-04-18 11:00:00,,-14.184
2014-04-18 12:00:00,,-14.183
2014-04-18 13:00:00,,-14.181
2014-04-18 14:00:00,,-14.175
2014-04-18 15:00:00,,-14.173
2014-04-18 16:00:00,,-14.169
2014-04-18 17:00:00,,-14.166
2014-04-18 18:00:00,,-14.165
2014-04-18 19:00:00,,-14.166
2014-04-18 20:00:00,,-14.169
2014-04-18 21:00:00,,-14.173
2014-04-18 22:00:00,,-14.177
2014-04-18 23:00:00,,-14.18
2014-04-19 00:00:00,,-14.183
2014-04-19 01:00:00,,-14.183
2014-04-19 02:00:00,,-14.181
2014-04-19 03:00:00,,-14.18
2014-04-19 04:00:00,,-14.179
2014-04-19 05:00:00,,-14.177
2014-04-19 06:00:00,,-14.176
2014-04-19 07:00:00,,-14.176
2014-04-19 08:00:00,,-14.177
2014-04-19 09:00:00,,-14.177
2014-04-19 10:00:00,,-14.179
2014-04-19 11:00:00,,-14.178
2014-04-19 12:00:00,,-14.176
2014-04-19 13:00:00,,-14.172
2014-04-19 14:00:00,,-14.166
2014-04-19 15:00:00,,-14.161
2014-04-19 16:00:00,,-14.157
2014-04-19 17:00:00,,-14.154
2014-04-19 18:00:00,,-14.153
2014-04-19 19:00:00,,-14.152
2014-04-19 20:00:00,,-14.154
2014-04-19 21:00:00,,-14.157
2014-04-19 22:00:00,,-14.159
2014-04-19 23:00:00,,-14.162
2014-04-20 00:00:00,,-14.163
2014-04-20 01:00:00,,-14.165
2014-04-20 02:00:00,,-14.163
2014-04-20 03:00:00,,-14.164
2014-04-20 04:00:00,,-14.163
2014-04-20 05:00:00,,-14.162
2014-04-20 06:00:00,,-14.161
2014-04-20 07:00:00,,-14.162
2014-04-20 08:00:00,,-14.165
2014-04-20 09:00:00,,-14.165
2014-04-20 10:00:00,,-14.167
2014-04-20 11:00:00,,-14.167
2014-04-20 12:00:00,,-14.164
2014-04-20 13:00:00,,-14.161
2014-04-20 14:00:00,,-14.157
2014-04-20 15:00:00,,-14.152
2014-04-20 16:00:00,,-14.15
2014-04-20 17:00:00,,-14.149
2014-04-20 18:00:00,,-14.148
2014-04-20 19:00:00,,-14.15
2014-04-20 20:00:00,,-14.152
2014-04-20 21:00:00,,-14.155
2014-04-20 22:00:00,,-14.156
2014-04-20 23:00:00,,-14.158
2014-04-21 00:00:00,,-14.159
2014-04-21 01:00:00,,-14.159
2014-04-21 02:00:00,,-14.158
2014-04-21 03:00:00,,-14.157
2014-04-21 04:00:00,,-14.157
2014-04-21 05:00:00,,-14.157
2014-04-21 06:00:00,,-14.159
2014-04-21 07:00:00,,-14.16
2014-04-21 08:00:00,,-14.163
2014-04-21 09:00:00,,-14.165
2014-04-21 10:00:00,,-14.165
2014-04-21 11:00:00,,-14.164
2014-04-21 12:00:00,,-14.161
2014-04-21 13:00:00,,-14.157
2014-04-21 14:00:00,,-14.152
2014-04-21 15:00:00,,-14.148
2014-04-21 16:00:00,,-14.146
2014-04-21 17:00:00,,-14.146
2014-04-21 18:00:00,,-14.147
2014-04-21 19:00:00,,-14.148
2014-04-21 20:00:00,,-14.15
2014-04-21 21:00:00,,-14.152
2014-04-21 22:00:00,,-14.152
2014-04-21 23:00:00,,-14.153
2014-04-22 00:00:00,,-14.155
2014-04-22 01:00:00,,-14.156
2014-04-22 02:00:00,,-14.154
2014-04-22 03:00:00,,-14.154
2014-04-22 04:00:00,,-14.155
2014-04-22 05:00:00,,-14.156
2014-04-22 06:00:00,,-14.157
2014-04-22 07:00:00,,-14.158
2014-04-22 08:00:00,,-14.16
2014-04-22 09:00:00,,-14.161
2014-04-22 10:00:00,,-14.162
2014-04-22 11:00:00,,-14.16
2014-04-22 12:00:00,,-14.158
2014-04-22 13:00:00,,-14.153
2014-04-22 14:00:00,,-14.147
2014-04-22 15:00:00,,-14.145
2014-04-22 16:00:00,,-14.142
2014-04-22 17:00:00,,-14.141
2014-04-22 18:00:00,,-14.141
2014-04-22 19:00:00,,-14.141
2014-04-22 20:00:00,,-14.145
2014-04-22 21:00:00,,-14.146
2014-04-22 22:00:00,,-14.15
2014-04-22 23:00:00,,-14.151
2014-04-23 00:00:00,,-14.15
2014-04-23 01:00:00,,-14.148
2014-04-23 02:00:00,,-14.149
2014-04-23 03:00:00,,-14.147
2014-04-23 04:00:00,,-14.148
2014-04-23 05:00:00,,-14.148
2014-04-23 06:00:00,,-14.149
2014-04-23 07:00:00,,-14.151
2014-04-23 08:00:00,,-14.153
2014-04-23 09:00:00,,-14.154
2014-04-23 10:00:00,,-14.155
2014-04-23 11:00:00,,-14.154
2014-04-23 12:00:00,,-14.151
2014-04-23 13:00:00,,-14.146
2014-04-23 14:00:00,,-14.14
2014-04-23 15:00:00,,-14.136
2014-04-23 16:00:00,,-14.134
2014-04-23 17:00:00,,-14.133
2014-04-23 18:00:00,,-14.134
2014-04-23 19:00:00,,-14.137
2014-04-23 20:00:00,,-14.141
2014-04-23 21:00:00,,-14.144
2014-04-23 22:00:00,,-14.146
2014-04-23 23:00:00,,-14.146
2014-04-24 00:00:00,,-14.145
2014-04-24 01:00:00,,-14.144
2014-04-24 02:00:00,,-14.141
2014-04-24 03:00:00,,-14.14
2014-04-24 04:00:00,,-14.14
2014-04-24 05:00:00,,-14.14
2014-04-24 06:00:00,,-14.142
2014-04-24 07:00:00,,-14.146
2014-04-24 08:00:00,,-14.15
2014-04-24 09:00:00,,-14.152
2014-04-24 10:00:00,,-14.155
2014-04-24 11:00:00,,-14.152
2014-04-24 12:00:00,,-14.147
2014-04-24 13:00:00,,-14.141
2014-04-24 14:00:00,,-14.135
2014-04-24 15:00:00,,-14.13
2014-04-24 16:00:00,,-14.128
2014-04-24 17:00:00,,-14.127
2014-04-24 18:00:00,,-14.129
2014-04-24 19:00:00,,-14.132
2014-04-24 20:00:00,,-14.137
2014-04-24 21:00:00,,-14.141
2014-04-24 22:00:00,,-14.143
2014-04-24 23:00:00,,-14.143
2014-04-25 00:00:00,,-14.141
2014-04-25 01:00:00,,-14.139
2014-04-25 02:00:00,,-14.136
2014-04-25 03:00:00,,-14.135
2014-04-25 04:00:00,,-14.135
2014-04-25 05:00:00,,-14.136
2014-04-25 06:00:00,,-14.14
2014-04-25 07:00:00,,-14.144
2014-04-25 08:00:00,,-14.149
2014-04-25 09:00:00,,-14.153
2014-04-25 10:00:00,,-14.154
2014-04-25 11:00:00,,-14.153
2014-04-25 12:00:00,,-14.148
2014-04-25 13:00:00,,-14.141
2014-04-25 14:00:00,,-14.135
2014-04-25 15:00:00,,-14.131
2014-04-25 16:00:00,,-14.127
2014-04-25 17:00:00,,-14.126
2014-04-25 18:00:00,,-14.127
2014-04-25 19:00:00,,-14.131
2014-04-25 20:00:00,,-14.137
2014-04-25 21:00:00,,-14.141
2014-04-25 22:00:00,,-14.145
2014-04-25 23:00:00,,-14.148
2014-04-26 00:00:00,,-14.148
2014-04-26 01:00:00,,-14.145
2014-04-26 02:00:00,,-14.143
2014-04-26 03:00:00,,-14.141
2014-04-26 04:00:00,,-14.14
2014-04-26 05:00:00,,-14.14
2014-04-26 06:00:00,,-14.142
2014-04-26 07:00:00,,-14.147
2014-04-26 08:00:00,,-14.152
2014-04-26 09:00:00,,-14.156
2014-04-26 10:00:00,,-14.157
2014-04-26 11:00:00,,-14.156
2014-04-26 12:00:00,,-14.151
2014-04-26 13:00:00,,-14.145
2014-04-26 14:00:00,,-14.138
2014-04-26 15:00:00,,-14.133
2014-04-26 16:00:00,,-14.129
2014-04-26 17:00:00,,-14.128
2014-04-26 18:00:00,,-14.131
2014-04-26 19:00:00,,-14.135
2014-04-26 20:00:00,,-14.141
2014-04-26 21:00:00,,-14.147
2014-04-26 22:00:00,,-14.15
2014-04-26 23:00:00,,-14.152
2014-04-27 00:00:00,,-14.153
2014-04-27 01:00:00,,-14.151
2014-04-27 02:00:00,,-14.149
2014-04-27 03:00:00,,-14.147
2014-04-27 04:00:00,,-14.146
2014-04-27 05:00:00,,-14.146
2014-04-27 06:00:00,,-14.148
2014-04-27 07:00:00,,-14.152
2014-04-27 08:00:00,,-14.158
2014-04-27 09:00:00,,-14.162
2014-04-27 10:00:00,,-14.165
2014-04-27 11:00:00,,-14.163
2014-04-27 12:00:00,,-14.158
2014-04-27 13:00:00,,-14.15
2014-04-27 14:00:00,,-14.143
2014-04-27 15:00:00,,-14.136
2014-04-27 16:00:00,,-14.132
2014-04-27 17:00:00,,-14.131
2014-04-27 18:00:00,,-14.131
2014-04-27 19:00:00,,-14.134
2014-04-27 20:00:00,,-14.14
2014-04-27 21:00:00,,-14.146
2014-04-27 22:00:00,,-14.15
2014-04-27 23:00:00,,-14.152
2014-04-28 00:00:00,,-14.152
2014-04-28 01:00:00,,-14.151
2014-04-28 02:00:00,,-14.149
2014-04-28 03:00:00,,-14.146
2014-04-28 04:00:00,,-14.143
2014-04-28 05:00:00,,-14.143
2014-04-28 06:00:00,,-14.145
2014-04-28 07:00:00,,-14.148
2014-04-28 08:00:00,,-14.155
2014-04-28 09:00:00,,-14.16
2014-04-28 10:00:00,,-14.163
2014-04-28 11:00:00,,-14.164
2014-04-28 12:00:00,,-14.16
2014-04-28 13:00:00,,-14.154
2014-04-28 14:00:00,,-14.148
2014-04-28 15:00:00,,-14.142
2014-04-28 16:00:00,,-14.138
2014-04-28 17:00:00,,-14.136
2014-04-28 18:00:00,,-14.133
2014-04-28 19:00:00,,-14.134
2014-04-28 20:00:00,,-14.138
2014-04-28 21:00:00,,-14.143
2014-04-28 22:00:00,,-14.147
2014-04-28 23:00:00,,-14.149
2014-04-29 00:00:00,,-14.148
2014-04-29 01:00:00,,-14.145
2014-04-29 02:00:00,,-14.142
2014-04-29 03:00:00,,-14.137
2014-04-29 04:00:00,,-14.135
2014-04-29 05:00:00,,-14.132
2014-04-29 06:00:00,,-14.134
2014-04-29 07:00:00,,-14.137
2014-04-29 08:00:00,,-14.141
2014-04-29 09:00:00,,-14.145
2014-04-29 10:00:00,,-14.147
2014-04-29 11:00:00,,-14.147
2014-04-29 12:00:00,,-14.145
2014-04-29 13:00:00,,-14.139
2014-04-29 14:00:00,,-14.134
2014-04-29 15:00:00,,-14.129
2014-04-29 16:00:00,,-14.124
2014-04-29 17:00:00,,-14.124
2014-04-29 18:00:00,,-14.128
2014-04-29 19:00:00,,-14.134
2014-04-29 20:00:00,,-14.143
2014-04-29 21:00:00,,-14.152
2014-04-29 22:00:00,,-14.161
2014-04-29 23:00:00,,-14.165
2014-04-30 00:00:00,,-14.168
2014-04-30 01:00:00,,-14.169
2014-04-30 02:00:00,,-14.166
2014-04-30 03:00:00,,-14.165
2014-04-30 04:00:00,,-14.163
2014-04-30 05:00:00,,-14.161
2014-04-30 06:00:00,,-14.161
2014-04-30 07:00:00,,-14.162
2014-04-30 08:00:00,,-14.167
2014-04-30 09:00:00,,-14.17
2014-04-30 10:00:00,,-14.173
2014-04-30 11:00:00,,-14.176
2014-04-30 12:00:00,,-14.176
2014-04-30 13:00:00,,-14.172
2014-04-30 14:00:00,,-14.166
2014-04-30 15:00:00,,-14.162
2014-04-30 16:00:00,,-14.16
2014-04-30 17:00:00,,-14.156
2014-04-30 18:00:00,,-14.156
2014-04-30 19:00:00,,-14.159
2014-04-30 20:00:00,,-14.163
2014-04-30 21:00:00,,-14.17
2014-04-30 22:00:00,,-14.176
2014-04-30 23:00:00,,-14.179
2014-05-01 00:00:00,,-14.18
2014-05-01 01:00:00,,-14.179
2014-05-01 02:00:00,,-14.177
2014-05-01 03:00:00,,-14.175
2014-05-01 04:00:00,,-14.172
2014-05-01 05:00:00,,-14.17
2014-05-01 06:00:00,,-14.168
2014-05-01 07:00:00,,-14.168
2014-05-01 08:00:00,,-14.169
2014-05-01 09:00:00,,-14.173
2014-05-01 10:00:00,,-14.175
2014-05-01 11:00:00,,-14.175
2014-05-01 12:00:00,,-14.173
2014-05-01 13:00:00,,-14.168
2014-05-01 14:00:00,,-14.163
2014-05-01 15:00:00,,-14.157
2014-05-01 16:00:00,,-14.153
2014-05-01 17:00:00,,-14.15
2014-05-01 18:00:00,,-14.149
2014-05-01 19:00:00,,-14.153
2014-05-01 20:00:00,,-14.156
2014-05-01 21:00:00,,-14.159
2014-05-01 22:00:00,,-14.162
2014-05-01 23:00:00,,-14.166
2014-05-02 00:00:00,,-14.167
2014-05-02 01:00:00,,-14.169
2014-05-02 02:00:00,,-14.167
2014-05-02 03:00:00,,-14.165
2014-05-02 04:00:00,,-14.164
2014-05-02 05:00:00,,-14.161
2014-05-02 06:00:00,,-14.161
2014-05-02 07:00:00,,-14.162
2014-05-02 08:00:00,,-14.164
2014-05-02 09:00:00,,-14.167
2014-05-02 10:00:00,,-14.168
2014-05-02 11:00:00,,-14.172
2014-05-02 12:00:00,,-14.168
2014-05-02 13:00:00,,-14.164
2014-05-02 14:00:00,,-14.16
2014-05-02 15:00:00,,-14.154
2014-05-02 16:00:00,,-14.15
2014-05-02 17:00:00,,-14.148
2014-05-02 18:00:00,,-14.147
2014-05-02 19:00:00,,-14.149
2014-05-02 20:00:00,,-14.151
2014-05-02 21:00:00,,-14.153
2014-05-02 22:00:00,,-14.158
2014-05-02 23:00:00,,-14.161
2014-05-03 00:00:00,,-14.161
2014-05-03 01:00:00,,-14.161
2014-05-03 02:00:00,,-14.162
2014-05-03 03:00:00,,-14.16
2014-05-03 04:00:00,,-14.16
2014-05-03 05:00:00,,-14.16
2014-05-03 06:00:00,,-14.159
2014-05-03 07:00:00,,-14.16
2014-05-03 08:00:00,,-14.164
2014-05-03 09:00:00,,-14.167
2014-05-03 10:00:00,,-14.169
2014-05-03 11:00:00,,-14.168
2014-05-03 12:00:00,,-14.165
2014-05-03 13:00:00,,-14.16
2014-05-03 14:00:00,,-14.155
2014-05-03 15:00:00,,-14.152
2014-05-03 16:00:00,,-14.148
2014-05-03 17:00:00,,-14.145
2014-05-03 18:00:00,,-14.145
2014-05-03 19:00:00,,-14.146
2014-05-03 20:00:00,,-14.147
2014-05-03 21:00:00,,-14.15
2014-05-03 22:00:00,,-14.155
2014-05-03 23:00:00,,-14.156
2014-05-04 00:00:00,,-14.157
2014-05-04 01:00:00,,-14.158
2014-05-04 02:00:00,,-14.158
2014-05-04 03:00:00,,-14.157
2014-05-04 04:00:00,,-14.158
2014-05-04 05:00:00,,-14.158
2014-05-04 06:00:00,,-14.159
2014-05-04 07:00:00,,-14.161
2014-05-04 08:00:00,,-14.165
2014-05-04 09:00:00,,-14.168
2014-05-04 10:00:00,,-14.171
2014-05-04 11:00:00,,-14.171
2014-05-04 12:00:00,,-14.17
2014-05-04 13:00:00,,-14.166
2014-05-04 14:00:00,,-14.163
2014-05-04 15:00:00,,-14.16
2014-05-04 16:00:00,,-14.157
2014-05-04 17:00:00,,-14.155
2014-05-04 18:00:00,,-14.155
2014-05-04 19:00:00,,-14.157
2014-05-04 20:00:00,,-14.16
2014-05-04 21:00:00,,-14.164
2014-05-04 22:00:00,,-14.165
2014-05-04 23:00:00,,-14.166
2014-05-05 00:00:00,,-14.168
2014-05-05 01:00:00,,-14.17
2014-05-05 02:00:00,,-14.171
2014-05-05 03:00:00,,-14.172
2014-05-05 04:00:00,,-14.171
2014-05-05 05:00:00,,-14.17
2014-05-05 06:00:00,,-14.174
2014-05-05 07:00:00,,-14.176
2014-05-05 08:00:00,,-14.181
2014-05-05 09:00:00,,-14.184
2014-05-05 10:00:00,,-14.184
2014-05-05 11:00:00,,-14.185
2014-05-05 12:00:00,,-14.182
2014-05-05 13:00:00,,-14.178
2014-05-05 14:00:00,,-14.174
2014-05-05 15:00:00,,-14.171
2014-05-05 16:00:00,,-14.168
2014-05-05 17:00:00,,-14.165
2014-05-05 18:00:00,,-14.166
2014-05-05 19:00:00,,-14.169
2014-05-05 20:00:00,,-14.17
2014-05-05 21:00:00,,-14.172
2014-05-05 22:00:00,,-14.176
2014-05-05 23:00:00,,-14.177
2014-05-06 00:00:00,,-14.179
2014-05-06 01:00:00,,-14.179
2014-05-06 02:00:00,,-14.178
2014-05-06 03:00:00,,-14.178
2014-05-06 04:00:00,,-14.178
2014-05-06 05:00:00,,-14.178
2014-05-06 06:00:00,,-14.18
2014-05-06 07:00:00,,-14.182
2014-05-06 08:00:00,,-14.185
2014-05-06 09:00:00,,-14.187
2014-05-06 10:00:00,,-14.187
2014-05-06 11:00:00,,-14.186
2014-05-06 12:00:00,,-14.182
2014-05-06 13:00:00,,-14.177
2014-05-06 14:00:00,,-14.171
2014-05-06 15:00:00,,-14.167
2014-05-06 16:00:00,,-14.167
2014-05-06 17:00:00,,-14.164
2014-05-06 18:00:00,,-14.165
2014-05-06 19:00:00,,-14.168
2014-05-06 20:00:00,,-14.171
2014-05-06 21:00:00,,-14.172
2014-05-06 22:00:00,,-14.171
2014-05-06 23:00:00,,-14.172
2014-05-07 00:00:00,,-14.174
2014-05-07 01:00:00,,-14.175
2014-05-07 02:00:00,,-14.173
2014-05-07 03:00:00,,-14.174
2014-05-07 04:00:00,,-14.173
2014-05-07 05:00:00,,-14.172
2014-05-07 06:00:00,,-14.173
2014-05-07 07:00:00,,-14.174
2014-05-07 08:00:00,,-14.18
2014-05-07 09:00:00,,-14.181
2014-05-07 10:00:00,,-14.18
2014-05-07 11:00:00,,-14.179
2014-05-07 12:00:00,,-14.174
2014-05-07 13:00:00,,-14.168
2014-05-07 14:00:00,,-14.165
2014-05-07 15:00:00,,-14.16
2014-05-07 16:00:00,,-14.156
2014-05-07 17:00:00,,-14.156
2014-05-07 18:00:00,,-14.158
2014-05-07 19:00:00,,-14.16
2014-05-07 20:00:00,,-14.165
2014-05-07 21:00:00,,-14.167
2014-05-07 22:00:00,,-14.17
2014-05-07 23:00:00,,-14.171
2014-05-08 00:00:00,,-14.169
2014-05-08 01:00:00,,-14.168
2014-05-08 02:00:00,,-14.168
2014-05-08 03:00:00,,-14.168
2014-05-08 04:00:00,,-14.167
2014-05-08 05:00:00,,-14.167
2014-05-08 06:00:00,,-14.169
2014-05-08 07:00:00,,-14.168
2014-05-08 08:00:00,,-14.17
2014-05-08 09:00:00,,-14.169
2014-05-08 10:00:00,,-14.17
2014-05-08 11:00:00,,-14.166
2014-05-08 12:00:00,,-14.162
2014-05-08 13:00:00,,-14.156
2014-05-08 14:00:00,,-14.151
2014-05-08 15:00:00,,-14.146
2014-05-08 16:00:00,,-14.143
2014-05-08 17:00:00,,-14.142
2014-05-08 18:00:00,,-14.143
2014-05-08 19:00:00,,-14.146
2014-05-08 20:00:00,,-14.15
2014-05-08 21:00:00,,-14.154
2014-05-08 22:00:00,,-14.154
2014-05-08 23:00:00,,-14.151
2014-05-09 00:00:00,,-14.149
2014-05-09 01:00:00,,-14.149
2014-05-09 02:00:00,,-14.149
2014-05-09 03:00:00,,-14.147
2014-05-09 04:00:00,,-14.148
2014-05-09 05:00:00,,-14.147
2014-05-09 06:00:00,,-14.148
2014-05-09 07:00:00,,-14.152
2014-05-09 08:00:00,,-14.157
2014-05-09 09:00:00,,-14.158
2014-05-09 10:00:00,,-14.158
2014-05-09 11:00:00,,-14.157
2014-05-09 12:00:00,,-14.152
2014-05-09 13:00:00,,-14.145
2014-05-09 14:00:00,,-14.137
2014-05-09 15:00:00,,-14.134
2014-05-09 16:00:00,,-14.132
2014-05-09 17:00:00,,-14.132
2014-05-09 18:00:00,,-14.134
2014-05-09 19:00:00,,-14.138
2014-05-09 20:00:00,,-14.142
2014-05-09 21:00:00,,-14.145
2014-05-09 22:00:00,,-14.147
2014-05-09 23:00:00,,-14.147
2014-05-10 00:00:00,,-14.146
2014-05-10 01:00:00,,-14.144
2014-05-10 02:00:00,,-14.143
2014-05-10 03:00:00,,-14.141
2014-05-10 04:00:00,,-14.142
2014-05-10 05:00:00,,-14.142
2014-05-10 06:00:00,,-14.145
2014-05-10 07:00:00,,-14.149
2014-05-10 08:00:00,,-14.155
2014-05-10 09:00:00,,-14.157
2014-05-10 10:00:00,,-14.159
2014-05-10 11:00:00,,-14.158
2014-05-10 12:00:00,,-14.154
2014-05-10 13:00:00,,-14.149
2014-05-10 14:00:00,,-14.145
2014-05-10 15:00:00,,-14.139
2014-05-10 16:00:00,,-14.139
2014-05-10 17:00:00,,-14.138
2014-05-10 18:00:00,,-14.14
2014-05-10 19:00:00,,-14.142
2014-05-10 20:00:00,,-14.148
2014-05-10 21:00:00,,-14.152
2014-05-10 22:00:00,,-14.154
2014-05-10 23:00:00,,-14.155
2014-05-11 00:00:00,,-14.155
2014-05-11 01:00:00,,-14.154
2014-05-11 02:00:00,,-14.153
2014-05-11 03:00:00,,-14.151
2014-05-11 04:00:00,,-14.151
2014-05-11 05:00:00,,-14.152
2014-05-11 06:00:00,,-14.155
2014-05-11 07:00:00,,-14.159
2014-05-11 08:00:00,,-14.165
2014-05-11 09:00:00,,-14.169
2014-05-11 10:00:00,,-14.171
2014-05-11 11:00:00,,-14.17
2014-05-11 12:00:00,,-14.168
2014-05-11 13:00:00,,-14.163
2014-05-11 14:00:00,,-14.157
2014-05-11 15:00:00,,-14.152
2014-05-11 16:00:00,,-14.15
2014-05-11 17:00:00,,-14.15
2014-05-11 18:00:00,,-14.153
2014-05-11 19:00:00,,-14.157
2014-05-11 20:00:00,,-14.162
2014-05-11 21:00:00,,-14.165
2014-05-11 22:00:00,,-14.169
2014-05-11 23:00:00,,-14.171
2014-05-12 00:00:00,,-14.169
2014-05-12 01:00:00,,-14.168
2014-05-12 02:00:00,,-14.167
2014-05-12 03:00:00,,-14.165
2014-05-12 04:00:00,,-14.164
2014-05-12 05:00:00,,-14.164
2014-05-12 06:00:00,,-14.167
2014-05-12 07:00:00,,-14.173
2014-05-12 08:00:00,,-14.177
2014-05-12 09:00:00,,-14.181
2014-05-12 10:00:00,,-14.184
2014-05-12 11:00:00,,-14.184
2014-05-12 12:00:00,,-14.181
2014-05-12 13:00:00,,-14.176
2014-05-12 14:00:00,,-14.171
2014-05-12 15:00:00,,-14.166
2014-05-12 16:00:00,,-14.164
2014-05-12 17:00:00,,-14.164
2014-05-12 18:00:00,,-14.168
2014-05-12 19:00:00,,-14.171
2014-05-12 20:00:00,,-14.176
2014-05-12 21:00:00,,-14.181
2014-05-12 22:00:00,,-14.181
2014-05-12 23:00:00,,-14.182
2014-05-13 00:00:00,,-14.182
2014-05-13 01:00:00,,-14.18
2014-05-13 02:00:00,,-14.176
2014-05-13 03:00:00,,-14.174
2014-05-13 04:00:00,,-14.171
2014-05-13 05:00:00,,-14.17
2014-05-13 06:00:00,,-14.171
2014-05-13 07:00:00,,-14.175
2014-05-13 08:00:00,,-14.18
2014-05-13 09:00:00,,-14.184
2014-05-13 10:00:00,,-14.186
2014-05-13 11:00:00,,-14.186
2014-05-13 12:00:00,,-14.182
2014-05-13 13:00:00,,-14.176
2014-05-13 14:00:00,,-14.17
2014-05-13 15:00:00,,-14.164
2014-05-13 16:00:00,,-14.16
2014-05-13 17:00:00,,-14.159
2014-05-13 18:00:00,,-14.161
2014-05-13 19:00:00,,-14.163
2014-05-13 20:00:00,,-14.167
2014-05-13 21:00:00,,-14.172
2014-05-13 22:00:00,,-14.175
2014-05-13 23:00:00,,-14.177
2014-05-14 00:00:00,,-14.177
2014-05-14 01:00:00,,-14.173
2014-05-14 02:00:00,,-14.171
2014-05-14 03:00:00,,-14.166
2014-05-14 04:00:00,,-14.164
2014-05-14 05:00:00,,-14.162
2014-05-14 06:00:00,,-14.162
2014-05-14 07:00:00,,-14.165
2014-05-14 08:00:00,,-14.169
2014-05-14 09:00:00,,-14.174
2014-05-14 10:00:00,,-14.177
2014-05-14 11:00:00,,-14.176
2014-05-14 12:00:00,,-14.173
2014-05-14 13:00:00,,-14.167
2014-05-14 14:00:00,,-14.161
2014-05-14 15:00:00,,-14.154
2014-05-14 16:00:00,,-14.149
2014-05-14 17:00:00,,-14.147
2014-05-14 18:00:00,,-14.147
2014-05-14 19:00:00,,-14.149
2014-05-14 20:00:00,,-14.154
2014-05-14 21:00:00,,-14.161
2014-05-14 22:00:00,,-14.166
2014-05-14 23:00:00,,-14.168
2014-05-15 00:00:00,,-14.167
2014-05-15 01:00:00,,-14.167
2014-05-15 02:00:00,,-14.165
2014-05-15 03:00:00,,-14.162
2014-05-15 04:00:00,,-14.161
2014-05-15 05:00:00,,-14.159
2014-05-15 06:00:00,,-14.159
2014-05-15 07:00:00,,-14.162
2014-05-15 08:00:00,,-14.165
2014-05-15 09:00:00,,-14.168
2014-05-15 10:00:00,,-14.172
2014-05-15 11:00:00,,-14.173
2014-05-15 12:00:00,,-14.172
2014-05-15 13:00:00,,-14.167
2014-05-15 14:00:00,,-14.161
2014-05-15 15:00:00,,-14.156
2014-05-15 16:00:00,,-14.151
2014-05-15 17:00:00,,-14.148
2014-05-15 18:00:00,,-14.148
2014-05-15 19:00:00,,-14.149
2014-05-15 20:00:00,,-14.153
2014-05-15 21:00:00,,-14.158
2014-05-15 22:00:00,,-14.162
2014-05-15 23:00:00,,-14.166
2014-05-16 00:00:00,,-14.166
2014-05-16 01:00:00,,-14.167
2014-05-16 02:00:00,,-14.168
2014-05-16 03:00:00,,-14.165
2014-05-16 04:00:00,,-14.162
2014-05-16 05:00:00,,-14.162
2014-05-16 06:00:00,,-14.162
2014-05-16 07:00:00,,-14.162
2014-05-16 08:00:00,,-14.166
2014-05-16 09:00:00,,-14.169
2014-05-16 10:00:00,,-14.173
2014-05-16 11:00:00,,-14.174
2014-05-16 12:00:00,,-14.173
2014-05-16 13:00:00,,-14.168
2014-05-16 14:00:00,,-14.164
2014-05-16 15:00:00,,-14.157
2014-05-16 16:00:00,,-14.155
2014-05-16 17:00:00,,-14.153
2014-05-16 18:00:00,,-14.153
2014-05-16 19:00:00,,-14.156
2014-05-16 20:00:00,,-14.159
2014-05-16 21:00:00,,-14.163
2014-05-16 22:00:00,,-14.167
2014-05-16 23:00:00,,-14.169
2014-05-17 00:00:00,,-14.172
2014-05-17 01:00:00,,-14.172
2014-05-17 02:00:00,,-14.171
2014-05-17 03:00:00,,-14.168
2014-05-17 04:00:00,,-14.165
2014-05-17 05:00:00,,-14.163
2014-05-17 06:00:00,,-14.161
2014-05-17 07:00:00,,-14.161
2014-05-17 08:00:00,,-14.163
2014-05-17 09:00:00,,-14.164
2014-05-17 10:00:00,,-14.167
2014-05-17 11:00:00,,-14.168
2014-05-17 12:00:00,,-14.166
2014-05-17 13:00:00,,-14.164
2014-05-17 14:00:00,,-14.159
2014-05-17 15:00:00,,-14.156
2014-05-17 16:00:00,,-14.154
2014-05-17 17:00:00,,-14.151
2014-05-17 18:00:00,,-14.151
2014-05-17 19:00:00,,-14.152
2014-05-17 20:00:00,,-14.155
2014-05-17 21:00:00,,-14.159
2014-05-17 22:00:00,,-14.162
2014-05-17 23:00:00,,-14.165
2014-05-18 00:00:00,,-14.166
2014-05-18 01:00:00,,-14.167
2014-05-18 02:00:00,,-14.167
2014-05-18 03:00:00,,-14.166
2014-05-18 04:00:00,,-14.165
2014-05-18 05:00:00,,-14.163
2014-05-18 06:00:00,,-14.162
2014-05-18 07:00:00,,-14.162
2014-05-18 08:00:00,,-14.163
2014-05-18 09:00:00,,-14.164
2014-05-18 10:00:00,,-14.166
2014-05-18 11:00:00,,-14.166
2014-05-18 12:00:00,,-14.165
2014-05-18 13:00:00,,-14.162
2014-05-18 14:00:00,,-14.158
2014-05-18 15:00:00,,-14.154
2014-05-18 16:00:00,,-14.152
2014-05-18 17:00:00,,-14.15
2014-05-18 18:00:00,,-14.15
2014-05-18 19:00:00,,-14.152
2014-05-18 20:00:00,,-14.153
2014-05-18 21:00:00,,-14.158
2014-05-18 22:00:00,,-14.16
2014-05-18 23:00:00,,-14.164
2014-05-19 00:00:00,,-14.165
2014-05-19 01:00:00,,-14.166
2014-05-19 02:00:00,,-14.166
2014-05-19 03:00:00,,-14.166
2014-05-19 04:00:00,,-14.166
2014-05-19 05:00:00,,-14.164
2014-05-19 06:00:00,,-14.163
2014-05-19 07:00:00,,-14.163
2014-05-19 08:00:00,,-14.164
2014-05-19 09:00:00,,-14.164
2014-05-19 10:00:00,,-14.165
2014-05-19 11:00:00,,-14.165
2014-05-19 12:00:00,,-14.164
2014-05-19 13:00:00,,-14.164
2014-05-19 14:00:00,,-14.162
2014-05-19 15:00:00,,-14.163
2014-05-19 16:00:00,,-14.162
2014-05-19 17:00:00,,-14.161
2014-05-19 18:00:00,,-14.161
2014-05-19 19:00:00,,-14.162
2014-05-19 20:00:00,,-14.165
2014-05-19 21:00:00,,-14.166
2014-05-19 22:00:00,,-14.167
2014-05-19 23:00:00,,-14.169
2014-05-20 00:00:00,,-14.169
2014-05-20 01:00:00,,-14.17
2014-05-20 02:00:00,,-14.169
2014-05-20 03:00:00,,-14.168
2014-05-20 04:00:00,,-14.169
2014-05-20 05:00:00,,-14.168
2014-05-20 06:00:00,,-14.168
2014-05-20 07:00:00,,-14.168
2014-05-20 08:00:00,,-14.167
2014-05-20 09:00:00,,-14.168
2014-05-20 10:00:00,,-14.168
2014-05-20 11:00:00,,-14.167
2014-05-20 12:00:00,,-14.164
2014-05-20 13:00:00,,-14.16
2014-05-20 14:00:00,,-14.156
2014-05-20 15:00:00,,-14.152
2014-05-20 16:00:00,,-14.151
2014-05-20 17:00:00,,-14.151
2014-05-20 18:00:00,,-14.152
2014-05-20 19:00:00,,-14.154
2014-05-20 20:00:00,,-14.155
2014-05-20 21:00:00,,-14.156
2014-05-20 22:00:00,,-14.157
2014-05-20 23:00:00,,-14.156
2014-05-21 00:00:00,,-14.156
2014-05-21 01:00:00,,-14.157
2014-05-21 02:00:00,,-14.157
2014-05-21 03:00:00,,-14.156
2014-05-21 04:00:00,,-14.158
2014-05-21 05:00:00,,-14.157
2014-05-21 06:00:00,,-14.159
2014-05-21 07:00:00,,-14.16
2014-05-21 08:00:00,,-14.162
2014-05-21 09:00:00,,-14.162
2014-05-21 10:00:00,,-14.161
2014-05-21 11:00:00,,-14.159
2014-05-21 12:00:00,,-14.155
2014-05-21 13:00:00,,-14.149
2014-05-21 14:00:00,,-14.144
2014-05-21 15:00:00,,-14.142
2014-05-21 16:00:00,,-14.14
2014-05-21 17:00:00,,-14.14
2014-05-21 18:00:00,,-14.14
2014-05-21 19:00:00,,-14.142
2014-05-21 20:00:00,,-14.144
2014-05-21 21:00:00,,-14.146
2014-05-21 22:00:00,,-14.145
2014-05-21 23:00:00,,-14.146
2014-05-22 00:00:00,,-14.144
2014-05-22 01:00:00,,-14.145
2014-05-22 02:00:00,,-14.143
2014-05-22 03:00:00,,-14.143
2014-05-22 04:00:00,,-14.143
2014-05-22 05:00:00,,-14.143
2014-05-22 06:00:00,,-14.144
2014-05-22 07:00:00,,-14.146
2014-05-22 08:00:00,,-14.149
2014-05-22 09:00:00,,-14.151
2014-05-22 10:00:00,,-14.152
2014-05-22 11:00:00,,-14.155
2014-05-22 12:00:00,,-14.151
2014-05-22 13:00:00,,-14.147
2014-05-22 14:00:00,,-14.144
2014-05-22 15:00:00,,-14.141
2014-05-22 16:00:00,,-14.139
2014-05-22 17:00:00,,-14.138
2014-05-22 18:00:00,,-14.139
2014-05-22 19:00:00,,-14.141
2014-05-22 20:00:00,,-14.143
2014-05-22 21:00:00,,-14.145
2014-05-22 22:00:00,,-14.146
2014-05-22 23:00:00,,-14.147
2014-05-23 00:00:00,,-14.147
2014-05-23 01:00:00,,-14.145
2014-05-23 02:00:00,,-14.145
2014-05-23 03:00:00,,-14.146
2014-05-23 04:00:00,,-14.146
2014-05-23 05:00:00,,-14.147
2014-05-23 06:00:00,,-14.15
2014-05-23 07:00:00,,-14.153
2014-05-23 08:00:00,,-14.157
2014-05-23 09:00:00,,-14.16
2014-05-23 10:00:00,,-14.162
2014-05-23 11:00:00,,-14.16
2014-05-23 12:00:00,,-14.156
2014-05-23 13:00:00,,-14.149
2014-05-23 14:00:00,,-14.144
2014-05-23 15:00:00,,-14.139
2014-05-23 16:00:00,,-14.137
2014-05-23 17:00:00,,-14.137
2014-05-23 18:00:00,,-14.139
2014-05-23 19:00:00,,-14.144
2014-05-23 20:00:00,,-14.149
2014-05-23 21:00:00,,-14.151
2014-05-23 22:00:00,,-14.153
2014-05-23 23:00:00,,-14.154
2014-05-24 00:00:00,,-14.153
2014-05-24 01:00:00,,-14.153
2014-05-24 02:00:00,,-14.15
2014-05-24 03:00:00,,-14.15
2014-05-24 04:00:00,,-14.15
2014-05-24 05:00:00,,-14.15
2014-05-24 06:00:00,,-14.151
2014-05-24 07:00:00,,-14.155
2014-05-24 08:00:00,,-14.161
2014-05-24 09:00:00,,-14.165
2014-05-24 10:00:00,,-14.167
2014-05-24 11:00:00,,-14.168
2014-05-24 12:00:00,,-14.164
2014-05-24 13:00:00,,-14.157
2014-05-24 14:00:00,,-14.151
2014-05-24 15:00:00,,-14.145
2014-05-24 16:00:00,,-14.141
2014-05-24 17:00:00,,-14.141
2014-05-24 18:00:00,,-14.143
2014-05-24 19:00:00,,-14.145
2014-05-24 20:00:00,,-14.15
2014-05-24 21:00:00,,-14.154
2014-05-24 22:00:00,,-14.155
2014-05-24 23:00:00,,-14.157
2014-05-25 00:00:00,,-14.157
2014-05-25 01:00:00,,-14.156
2014-05-25 02:00:00,,-14.155
2014-05-25 03:00:00,,-14.152
2014-05-25 04:00:00,,-14.153
2014-05-25 05:00:00,,-14.153
2014-05-25 06:00:00,,-14.156
2014-05-25 07:00:00,,-14.161
2014-05-25 08:00:00,,-14.165
2014-05-25 09:00:00,,-14.167
2014-05-25 10:00:00,,-14.169
2014-05-25 11:00:00,,-14.169
2014-05-25 12:00:00,,-14.165
2014-05-25 13:00:00,,-14.16
2014-05-25 14:00:00,,-14.152
2014-05-25 15:00:00,,-14.146
2014-05-25 16:00:00,,-14.142
2014-05-25 17:00:00,,-14.141
2014-05-25 18:00:00,,-14.14
2014-05-25 19:00:00,,-14.144
2014-05-25 20:00:00,,-14.148
2014-05-25 21:00:00,,-14.151
2014-05-25 22:00:00,,-14.154
2014-05-25 23:00:00,,-14.155
2014-05-26 00:00:00,,-14.154
2014-05-26 01:00:00,,-14.151
2014-05-26 02:00:00,,-14.147
2014-05-26 03:00:00,,-14.143
2014-05-26 04:00:00,,-14.14
2014-05-26 05:00:00,,-14.14
2014-05-26 06:00:00,,-14.141
2014-05-26 07:00:00,,-14.144
2014-05-26 08:00:00,,-14.148
2014-05-26 09:00:00,,-14.15
2014-05-26 10:00:00,,-14.152
2014-05-26 11:00:00,,-14.15
2014-05-26 12:00:00,,-14.149
2014-05-26 13:00:00,,-14.146
2014-05-26 14:00:00,,-14.142
2014-05-26 15:00:00,,-14.137
2014-05-26 16:00:00,,-14.134
2014-05-26 17:00:00,,-14.132
2014-05-26 18:00:00,,-14.135
2014-05-26 19:00:00,,-14.138
2014-05-26 20:00:00,,-14.143
2014-05-26 21:00:00,,-14.148
2014-05-26 22:00:00,,-14.151
2014-05-26 23:00:00,,-14.151
2014-05-27 00:00:00,,-14.15
2014-05-27 01:00:00,,-14.149
2014-05-27 02:00:00,,-14.147
2014-05-27 03:00:00,,-14.143
2014-05-27 04:00:00,,-14.143
2014-05-27 05:00:00,,-14.143
2014-05-27 06:00:00,,-14.144
2014-05-27 07:00:00,,-14.147
2014-05-27 08:00:00,,-14.151
2014-05-27 09:00:00,,-14.155
2014-05-27 10:00:00,,-14.158
2014-05-27 11:00:00,,-14.158
2014-05-27 12:00:00,,-14.156
2014-05-27 13:00:00,,-14.152
2014-05-27 14:00:00,,-14.145
2014-05-27 15:00:00,,-14.139
2014-05-27 16:00:00,,-14.134
2014-05-27 17:00:00,,-14.133
2014-05-27 18:00:00,,-14.132
2014-05-27 19:00:00,,-14.136
2014-05-27 20:00:00,,-14.139
2014-05-27 21:00:00,,-14.144
2014-05-27 22:00:00,,-14.147
2014-05-27 23:00:00,,-14.149
2014-05-28 00:00:00,,-14.15
2014-05-28 01:00:00,,-14.148
2014-05-28 02:00:00,,-14.147
2014-05-28 03:00:00,,-14.147
2014-05-28 04:00:00,,-14.146
2014-05-28 05:00:00,,-14.146
2014-05-28 06:00:00,,-14.146
2014-05-28 07:00:00,,-14.15
2014-05-28 08:00:00,,-14.155
2014-05-28 09:00:00,,-14.161
2014-05-28 10:00:00,,-14.164
2014-05-28 11:00:00,,-14.165
2014-05-28 12:00:00,,-14.163
2014-05-28 13:00:00,,-14.158
2014-05-28 14:00:00,,-14.153
2014-05-28 15:00:00,,-14.147
2014-05-28 16:00:00,,-14.143
2014-05-28 17:00:00,,-14.142
2014-05-28 18:00:00,,-14.142
2014-05-28 19:00:00,,-14.145
2014-05-28 20:00:00,,-14.149
2014-05-28 21:00:00,,-14.154
2014-05-28 22:00:00,,-14.157
2014-05-28 23:00:00,,-14.159
2014-05-29 00:00:00,,-14.159
2014-05-29 01:00:00,,-14.158
2014-05-29 02:00:00,,-14.155
2014-05-29 03:00:00,,-14.154
2014-05-29 04:00:00,,-14.151
2014-05-29 05:00:00,,-14.15
2014-05-29 06:00:00,,-14.151
2014-05-29 07:00:00,,-14.153
2014-05-29 08:00:00,,-14.157
2014-05-29 09:00:00,,-14.161
2014-05-29 10:00:00,,-14.164
2014-05-29 11:00:00,,-14.165
2014-05-29 12:00:00,,-14.16
2014-05-29 13:00:00,,-14.157
2014-05-29 14:00:00,,-14.15
2014-05-29 15:00:00,,-14.146
2014-05-29 16:00:00,,-14.142
2014-05-29 17:00:00,,-14.141
2014-05-29 18:00:00,,-14.139
2014-05-29 19:00:00,,-14.141
2014-05-29 20:00:00,,-14.143
2014-05-29 21:00:00,,-14.146
2014-05-29 22:00:00,,-14.149
2014-05-29 23:00:00,,-14.151
2014-05-30 00:00:00,,-14.151
2014-05-30 01:00:00,,-14.151
2014-05-30 02:00:00,,-14.149
2014-05-30 03:00:00,,-14.146
2014-05-30 04:00:00,,-14.142
2014-05-30 05:00:00,,-14.141
2014-05-30 06:00:00,,-14.138
2014-05-30 07:00:00,,-14.139
2014-05-30 08:00:00,,-14.141
2014-05-30 09:00:00,,-14.144
2014-05-30 10:00:00,,-14.146
2014-05-30 11:00:00,,-14.146
2014-05-30 12:00:00,,-14.144
2014-05-30 13:00:00,,-14.14
2014-05-30 14:00:00,,-14.136
2014-05-30 15:00:00,,-14.132
2014-05-30 16:00:00,,-14.129
2014-05-30 17:00:00,,-14.128
2014-05-30 18:00:00,,-14.129
2014-05-30 19:00:00,,-14.13
2014-05-30 20:00:00,,-14.134
2014-05-30 21:00:00,,-14.139
2014-05-30 22:00:00,,-14.142
2014-05-30 23:00:00,,-14.145
2014-05-31 00:00:00,,-14.145
2014-05-31 01:00:00,,-14.145
2014-05-31 02:00:00,,-14.145
2014-05-31 03:00:00,,-14.144
2014-05-31 04:00:00,,-14.144
2014-05-31 05:00:00,,-14.143
2014-05-31 06:00:00,,-14.143
2014-05-31 07:00:00,,-14.144
2014-05-31 08:00:00,,-14.149
2014-05-31 09:00:00,,-14.154
2014-05-31 10:00:00,,-14.157
2014-05-31 11:00:00,,-14.159
2014-05-31 12:00:00,,-14.159
2014-05-31 13:00:00,,-14.156
2014-05-31 14:00:00,,-14.152
2014-05-31 15:00:00,,-14.148
2014-05-31 16:00:00,,-14.145
2014-05-31 17:00:00,,-14.143
2014-05-31 18:00:00,,-14.142
2014-05-31 19:00:00,,-14.146
2014-05-31 20:00:00,,-14.15
2014-05-31 21:00:00,,-14.152
2014-05-31 22:00:00,,-14.158
2014-05-31 23:00:00,,-14.162
2014-06-01 00:00:00,,-14.163
2014-06-01 01:00:00,,-14.166
2014-06-01 02:00:00,,-14.166
2014-06-01 03:00:00,,-14.163
2014-06-01 04:00:00,,-14.161
2014-06-01 05:00:00,,-14.158
2014-06-01 06:00:00,,-14.158
2014-06-01 07:00:00,,-14.158
2014-06-01 08:00:00,,-14.162
2014-06-01 09:00:00,,-14.164
2014-06-01 10:00:00,,-14.168
2014-06-01 11:00:00,,-14.169
2014-06-01 12:00:00,,-14.167
2014-06-01 13:00:00,,-14.163
2014-06-01 14:00:00,,-14.159
2014-06-01 15:00:00,,-14.155
2014-06-01 16:00:00,,-14.151
2014-06-01 17:00:00,,-14.15
2014-06-01 18:00:00,,-14.151
2014-06-01 19:00:00,,-14.152
2014-06-01 20:00:00,,-14.155
2014-06-01 21:00:00,,-14.158
2014-06-01 22:00:00,,-14.16
2014-06-01 23:00:00,,-14.164
2014-06-02 00:00:00,,-14.168
2014-06-02 01:00:00,,-14.168
2014-06-02 02:00:00,,-14.168
2014-06-02 03:00:00,,-14.167
2014-06-02 04:00:00,,-14.165
2014-06-02 05:00:00,,-14.165
2014-06-02 06:00:00,,-14.164
2014-06-02 07:00:00,,-14.167
2014-06-02 08:00:00,,-14.167
2014-06-02 09:00:00,,-14.169
2014-06-02 10:00:00,,-14.17
2014-06-02 11:00:00,,-14.17
2014-06-02 12:00:00,,-14.17
2014-06-02 13:00:00,,-14.166
2014-06-02 14:00:00,,-14.161
2014-06-02 15:00:00,,-14.158
2014-06-02 16:00:00,,-14.157
2014-06-02 17:00:00,,-14.153
2014-06-02 18:00:00,,-14.152
2014-06-02 19:00:00,,-14.152
2014-06-02 20:00:00,,-14.155
2014-06-02 21:00:00,,-14.159
2014-06-02 22:00:00,,-14.162
2014-06-02 23:00:00,,-14.164
2014-06-03 00:00:00,,-14.167
2014-06-03 01:00:00,,-14.168
2014-06-03 02:00:00,,-14.167
2014-06-03 03:00:00,,-14.167
2014-06-03 04:00:00,,-14.165
2014-06-03 05:00:00,,-14.166
2014-06-03 06:00:00,,-14.167
2014-06-03 07:00:00,,-14.167
2014-06-03 08:00:00,,-14.169
2014-06-03 09:00:00,,-14.169
2014-06-03 10:00:00,,-14.17
2014-06-03 11:00:00,,-14.169
2014-06-03 12:00:00,,-14.17
2014-06-03 13:00:00,,-14.165
2014-06-03 14:00:00,,-14.161
2014-06-03 15:00:00,,-14.157
2014-06-03 16:00:00,,-14.157
2014-06-03 17:00:00,,-14.155
2014-06-03 18:00:00,,-14.154
2014-06-03 19:00:00,,-14.154
2014-06-03 20:00:00,,-14.157
2014-06-03 21:00:00,,-14.161
2014-06-03 22:00:00,,-14.162
2014-06-03 23:00:00,,-14.165
2014-06-04 00:00:00,,-14.168
2014-06-04 01:00:00,,-14.171
2014-06-04 02:00:00,,-14.17
2014-06-04 03:00:00,,-14.172
2014-06-04 04:00:00,,-14.173
2014-06-04 05:00:00,,-14.173
2014-06-04 06:00:00,,-14.173
2014-06-04 07:00:00,,-14.175
2014-06-04 08:00:00,,-14.178
2014-06-04 09:00:00,,-14.18
2014-06-04 10:00:00,,-14.181
2014-06-04 11:00:00,,-14.181
2014-06-04 12:00:00,,-14.178
2014-06-04 13:00:00,,-14.174
2014-06-04 14:00:00,,-14.171
2014-06-04 15:00:00,,-14.167
2014-06-04 16:00:00,,-14.165
2014-06-04 17:00:00,,-14.163
2014-06-04 18:00:00,,-14.164
2014-06-04 19:00:00,,-14.168
2014-06-04 20:00:00,,-14.171
2014-06-04 21:00:00,,-14.173
2014-06-04 22:00:00,,-14.176
2014-06-04 23:00:00,,-14.176
2014-06-05 00:00:00,,-14.179
2014-06-05 01:00:00,,-14.179
2014-06-05 02:00:00,,-14.179
2014-06-05 03:00:00,,-14.178
2014-06-05 04:00:00,,-14.179
2014-06-05 05:00:00,,-14.179
2014-06-05 06:00:00,,-14.18
2014-06-05 07:00:00,,-14.182
2014-06-05 08:00:00,,-14.183
2014-06-05 09:00:00,,-14.185
2014-06-05 10:00:00,,-14.186
2014-06-05 11:00:00,,-14.184
2014-06-05 12:00:00,,-14.18
2014-06-05 13:00:00,,-14.176
2014-06-05 14:00:00,,-14.172
2014-06-05 15:00:00,,-14.167
2014-06-05 16:00:00,,-14.168
2014-06-05 17:00:00,,-14.169
2014-06-05 18:00:00,,-14.17
2014-06-05 19:00:00,,-14.172
2014-06-05 20:00:00,,-14.174
2014-06-05 21:00:00,,-14.177
2014-06-05 22:00:00,,-14.18
2014-06-05 23:00:00,,-14.18
2014-06-06 00:00:00,,-14.181
2014-06-06 01:00:00,,-14.18
2014-06-06 02:00:00,,-14.18
2014-06-06 03:00:00,,-14.181
2014-06-06 04:00:00,,-14.181
2014-06-06 05:00:00,,-14.182
2014-06-06 06:00:00,,-14.183
2014-06-06 07:00:00,,-14.185
2014-06-06 08:00:00,,-14.188
2014-06-06 09:00:00,,-14.189
2014-06-06 10:00:00,,-14.19
2014-06-06 11:00:00,,-14.189
2014-06-06 12:00:00,,-14.185
2014-06-06 13:00:00,,-14.182
2014-06-06 14:00:00,,-14.177
2014-06-06 15:00:00,,-14.173
2014-06-06 16:00:00,,-14.173
2014-06-06 17:00:00,,-14.173
2014-06-06 18:00:00,,-14.176
2014-06-06 19:00:00,,-14.18
2014-06-06 20:00:00,,-14.184
2014-06-06 21:00:00,,-14.188
2014-06-06 22:00:00,,-14.191
2014-06-06 23:00:00,,-14.192
2014-06-07 00:00:00,,-14.192
2014-06-07 01:00:00,,-14.192
2014-06-07 02:00:00,,-14.193
2014-06-07 03:00:00,,-14.193
2014-06-07 04:00:00,,-14.194
2014-06-07 05:00:00,,-14.195
2014-06-07 06:00:00,,-14.196
2014-06-07 07:00:00,,-14.198
2014-06-07 08:00:00,,-14.2
2014-06-07 09:00:00,,-14.2
2014-06-07 10:00:00,,-14.199
2014-06-07 11:00:00,,-14.197
2014-06-07 12:00:00,,-14.193
2014-06-07 13:00:00,,-14.185
2014-06-07 14:00:00,,-14.18
2014-06-07 15:00:00,,-14.178
2014-06-07 16:00:00,,-14.177
2014-06-07 17:00:00,,-14.176
2014-06-07 18:00:00,,-14.177
2014-06-07 19:00:00,,-14.182
2014-06-07 20:00:00,,-14.186
2014-06-07 21:00:00,,-14.189
2014-06-07 22:00:00,,-14.189
2014-06-07 23:00:00,,-14.188
2014-06-08 00:00:00,,-14.187
2014-06-08 01:00:00,,-14.185
2014-06-08 02:00:00,,-14.185
2014-06-08 03:00:00,,-14.186
2014-06-08 04:00:00,,-14.19
2014-06-08 05:00:00,,-14.189
2014-06-08 06:00:00,,-14.188
2014-06-08 07:00:00,,-14.188
2014-06-08 08:00:00,,-14.19
2014-06-08 09:00:00,,-14.191
2014-06-08 10:00:00,,-14.192
2014-06-08 11:00:00,,-14.19
2014-06-08 12:00:00,,-14.188
2014-06-08 13:00:00,,-14.183
2014-06-08 14:00:00,,-14.179
2014-06-08 15:00:00,,-14.175
2014-06-08 16:00:00,,-14.174
2014-06-08 17:00:00,,-14.175
2014-06-08 18:00:00,,-14.178
2014-06-08 19:00:00,,-14.179
2014-06-08 20:00:00,,-14.181
2014-06-08 21:00:00,,-14.183
2014-06-08 22:00:00,,-14.184
2014-06-08 23:00:00,,-14.182
2014-06-09 00:00:00,,-14.183
2014-06-09 01:00:00,,-14.182
2014-06-09 02:00:00,,-14.181
2014-06-09 03:00:00,,-14.181
2014-06-09 04:00:00,,-14.18
2014-06-09 05:00:00,,-14.179
2014-06-09 06:00:00,,-14.179
2014-06-09 07:00:00,,-14.182
2014-06-09 08:00:00,,-14.184
2014-06-09 09:00:00,,-14.187
2014-06-09 10:00:00,,-14.187
2014-06-09 11:00:00,,-14.184
2014-06-09 12:00:00,,-14.178
2014-06-09 13:00:00,,-14.172
2014-06-09 14:00:00,,-14.166
2014-06-09 15:00:00,,-14.161
2014-06-09 16:00:00,,-14.158
2014-06-09 17:00:00,,-14.158
2014-06-09 18:00:00,,-14.158
2014-06-09 19:00:00,,-14.163
2014-06-09 20:00:00,,-14.167
2014-06-09 21:00:00,,-14.168
2014-06-09 22:00:00,,-14.172
2014-06-09 23:00:00,,-14.172
2014-06-10 00:00:00,,-14.171
2014-06-10 01:00:00,,-14.167
2014-06-10 02:00:00,,-14.162
2014-06-10 03:00:00,,-14.159
2014-06-10 04:00:00,,-14.154
2014-06-10 05:00:00,,-14.15
2014-06-10 06:00:00,,-14.151
2014-06-10 07:00:00,,-14.155
2014-06-10 08:00:00,,-14.159
2014-06-10 09:00:00,,-14.161
2014-06-10 10:00:00,,-14.164
2014-06-10 11:00:00,,-14.162
2014-06-10 12:00:00,,-14.158
2014-06-10 13:00:00,,-14.15
2014-06-10 14:00:00,,-14.143
2014-06-10 15:00:00,,-14.138
2014-06-10 16:00:00,,-14.133
2014-06-10 17:00:00,,-14.131
2014-06-10 18:00:00,,-14.132
2014-06-10 19:00:00,,-14.135
2014-06-10 20:00:00,,-14.137
2014-06-10 21:00:00,,-14.139
2014-06-10 22:00:00,,-14.141
2014-06-10 23:00:00,,-14.142
2014-06-11 00:00:00,,-14.14
2014-06-11 01:00:00,,-14.138
2014-06-11 02:00:00,,-14.135
2014-06-11 03:00:00,,-14.131
2014-06-11 04:00:00,,-14.13
2014-06-11 05:00:00,,-14.129
2014-06-11 06:00:00,,-14.13
2014-06-11 07:00:00,,-14.133
2014-06-11 08:00:00,,-14.136
2014-06-11 09:00:00,,-14.14
2014-06-11 10:00:00,,-14.141
2014-06-11 11:00:00,,-14.139
2014-06-11 12:00:00,,-14.136
2014-06-11 13:00:00,,-14.126
2014-06-11 14:00:00,,-14.118
2014-06-11 15:00:00,,-14.113
2014-06-11 16:00:00,,-14.107
2014-06-11 17:00:00,,-14.105
2014-06-11 18:00:00,,-14.105
2014-06-11 19:00:00,,-14.108
2014-06-11 20:00:00,,-14.112
2014-06-11 21:00:00,,-14.117
2014-06-11 22:00:00,,-14.119
2014-06-11 23:00:00,,-14.121
2014-06-12 00:00:00,,-14.121
2014-06-12 01:00:00,,-14.118
2014-06-12 02:00:00,,-14.116
2014-06-12 03:00:00,,-14.111
2014-06-12 04:00:00,,-14.108
2014-06-12 05:00:00,,-14.106
2014-06-12 06:00:00,,-14.104
2014-06-12 07:00:00,,-14.107
2014-06-12 08:00:00,,-14.111
2014-06-12 09:00:00,,-14.115
2014-06-12 10:00:00,,-14.119
2014-06-12 11:00:00,,-14.121
2014-06-12 12:00:00,,-14.118
2014-06-12 13:00:00,,-14.112
2014-06-12 14:00:00,,-14.106
2014-06-12 15:00:00,,-14.102
2014-06-12 16:00:00,,-14.099
2014-06-12 17:00:00,,-14.096
2014-06-12 18:00:00,,-14.098
2014-06-12 19:00:00,,-14.102
2014-06-12 20:00:00,,-14.109
2014-06-12 21:00:00,,-14.115
2014-06-12 22:00:00,,-14.119
2014-06-12 23:00:00,,-14.125
2014-06-13 00:00:00,,-14.127
2014-06-13 01:00:00,,-14.128
2014-06-13 02:00:00,,-14.126
2014-06-13 03:00:00,,-14.125
2014-06-13 04:00:00,,-14.126
2014-06-13 05:00:00,,-14.126
2014-06-13 06:00:00,,-14.129
2014-06-13 07:00:00,,-14.133
2014-06-13 08:00:00,,-14.14
2014-06-13 09:00:00,,-14.147
2014-06-13 10:00:00,,-14.153
2014-06-13 11:00:00,,-14.156
2014-06-13 12:00:00,,-14.157
2014-06-13 13:00:00,,-14.153
2014-06-13 14:00:00,,-14.147
2014-06-13 15:00:00,,-14.145
2014-06-13 16:00:00,,-14.142
2014-06-13 17:00:00,,-14.14
2014-06-13 18:00:00,,-14.141
2014-06-13 19:00:00,,-14.144
2014-06-13 20:00:00,,-14.151
2014-06-13 21:00:00,,-14.158
2014-06-13 22:00:00,,-14.163
2014-06-13 23:00:00,,-14.168
2014-06-14 00:00:00,,-14.17
2014-06-14 01:00:00,,-14.172
2014-06-14 02:00:00,,-14.173
2014-06-14 03:00:00,,-14.17
2014-06-14 04:00:00,,-14.169
2014-06-14 05:00:00,,-14.169
2014-06-14 06:00:00,,-14.17
2014-06-14 07:00:00,,-14.17
2014-06-14 08:00:00,,-14.174
2014-06-14 09:00:00,,-14.178
2014-06-14 10:00:00,,-14.183
2014-06-14 11:00:00,,-14.185
2014-06-14 12:00:00,,-14.184
2014-06-14 13:00:00,,-14.18
2014-06-14 14:00:00,,-14.176
2014-06-14 15:00:00,,-14.17
2014-06-14 16:00:00,,-14.166
2014-06-14 17:00:00,,-14.163
2014-06-14 18:00:00,,-14.162
2014-06-14 19:00:00,,-14.166
2014-06-14 20:00:00,,-14.17
2014-06-14 21:00:00,,-14.176
2014-06-14 22:00:00,,-14.18
2014-06-14 23:00:00,,-14.186
2014-06-15 00:00:00,,-14.189
2014-06-15 01:00:00,,-14.189
2014-06-15 02:00:00,,-14.188
2014-06-15 03:00:00,,-14.188
2014-06-15 04:00:00,,-14.184
2014-06-15 05:00:00,,-14.181
2014-06-15 06:00:00,,-14.179
2014-06-15 07:00:00,,-14.179
2014-06-15 08:00:00,,-14.182
2014-06-15 09:00:00,,-14.184
2014-06-15 10:00:00,,-14.187
2014-06-15 11:00:00,,-14.188
2014-06-15 12:00:00,,-14.19
2014-06-15 13:00:00,,-14.185
2014-06-15 14:00:00,,-14.18
2014-06-15 15:00:00,,-14.176
2014-06-15 16:00:00,,-14.172
2014-06-15 17:00:00,,-14.17
2014-06-15 18:00:00,,-14.169
2014-06-15 19:00:00,,-14.172
2014-06-15 20:00:00,,-14.175
2014-06-15 21:00:00,,-14.178
2014-06-15 22:00:00,,-14.181
2014-06-15 23:00:00,,-14.183
2014-06-16 00:00:00,,-14.186
2014-06-16 01:00:00,,-14.19
2014-06-16 02:00:00,,-14.191
2014-06-16 03:00:00,,-14.191
2014-06-16 04:00:00,,-14.19
2014-06-16 05:00:00,,-14.187
2014-06-16 06:00:00,,-14.186
2014-06-16 07:00:00,,-14.186
2014-06-16 08:00:00,,-14.19
2014-06-16 09:00:00,,-14.193
2014-06-16 10:00:00,,-14.196
2014-06-16 11:00:00,,-14.198
2014-06-16 12:00:00,,-14.195
2014-06-16 13:00:00,,-14.193
2014-06-16 14:00:00,,-14.189
2014-06-16 15:00:00,,-14.185
2014-06-16 16:00:00,,-14.182
2014-06-16 17:00:00,,-14.18
2014-06-16 18:00:00,,-14.179
2014-06-16 19:00:00,,-14.179
2014-06-16 20:00:00,,-14.183
2014-06-16 21:00:00,,-14.186
2014-06-16 22:00:00,,-14.191
2014-06-16 23:00:00,,-14.193
2014-06-17 00:00:00,,-14.196
2014-06-17 01:00:00,,-14.197
2014-06-17 02:00:00,,-14.198
2014-06-17 03:00:00,,-14.195
2014-06-17 04:00:00,,-14.194
2014-06-17 05:00:00,,-14.192
2014-06-17 06:00:00,,-14.193
2014-06-17 07:00:00,,-14.192
2014-06-17 08:00:00,,-14.193
2014-06-17 09:00:00,,-14.194
2014-06-17 10:00:00,,-14.194
2014-06-17 11:00:00,,-14.197
2014-06-17 12:00:00,,-14.194
2014-06-17 13:00:00,,-14.19
2014-06-17 14:00:00,,-14.187
2014-06-17 15:00:00,,-14.183
2014-06-17 16:00:00,,-14.181
2014-06-17 17:00:00,,-14.177
2014-06-17 18:00:00,,-14.174
2014-06-17 19:00:00,,-14.174
2014-06-17 20:00:00,,-14.175
2014-06-17 21:00:00,,-14.177
2014-06-17 22:00:00,,-14.179
2014-06-17 23:00:00,,-14.181
2014-06-18 00:00:00,,-14.183
2014-06-18 01:00:00,,-14.184
2014-06-18 02:00:00,,-14.183
2014-06-18 03:00:00,,-14.182
2014-06-18 04:00:00,,-14.18
2014-06-18 05:00:00,,-14.18
2014-06-18 06:00:00,,-14.181
2014-06-18 07:00:00,,-14.181
2014-06-18 08:00:00,,-14.182
2014-06-18 09:00:00,,-14.181
2014-06-18 10:00:00,,-14.181
2014-06-18 11:00:00,,-14.179
2014-06-18 12:00:00,,-14.175
2014-06-18 13:00:00,,-14.17
2014-06-18 14:00:00,,-14.165
2014-06-18 15:00:00,,-14.161
2014-06-18 16:00:00,,-14.158
2014-06-18 17:00:00,,-14.157
2014-06-18 18:00:00,,-14.156
2014-06-18 19:00:00,,-14.159
2014-06-18 20:00:00,,-14.158
2014-06-18 21:00:00,,-14.159
2014-06-18 22:00:00,,-14.16
2014-06-18 23:00:00,,-14.159
2014-06-19 00:00:00,,-14.159
2014-06-19 01:00:00,,-14.159
2014-06-19 02:00:00,,-14.16
2014-06-19 03:00:00,,-14.161
2014-06-19 04:00:00,,-14.161
2014-06-19 05:00:00,,-14.16
2014-06-19 06:00:00,,-14.16
2014-06-19 07:00:00,,-14.16
2014-06-19 08:00:00,,-14.159
2014-06-19 09:00:00,,-14.159
2014-06-19 10:00:00,,-14.159
2014-06-19 11:00:00,,-14.157
2014-06-19 12:00:00,,-14.155
2014-06-19 13:00:00,,-14.151
2014-06-19 14:00:00,,-14.147
2014-06-19 15:00:00,,-14.143
2014-06-19 16:00:00,,-14.142
2014-06-19 17:00:00,,-14.141
2014-06-19 18:00:00,,-14.141
2014-06-19 19:00:00,,-14.143
2014-06-19 20:00:00,,-14.144
2014-06-19 21:00:00,,-14.146
2014-06-19 22:00:00,,-14.147
2014-06-19 23:00:00,,-14.149
2014-06-20 00:00:00,,-14.149
2014-06-20 01:00:00,,-14.149
2014-06-20 02:00:00,,-14.149
2014-06-20 03:00:00,,-14.151
2014-06-20 04:00:00,,-14.152
2014-06-20 05:00:00,,-14.153
2014-06-20 06:00:00,,-14.153
2014-06-20 07:00:00,,-14.157
2014-06-20 08:00:00,,-14.16
2014-06-20 09:00:00,,-14.163
2014-06-20 10:00:00,,-14.164
2014-06-20 11:00:00,,-14.162
2014-06-20 12:00:00,,-14.16
2014-06-20 13:00:00,,-14.155
2014-06-20 14:00:00,,-14.151
2014-06-20 15:00:00,,-14.149
2014-06-20 16:00:00,,-14.148
2014-06-20 17:00:00,,-14.147
2014-06-20 18:00:00,,-14.15
2014-06-20 19:00:00,,-14.151
2014-06-20 20:00:00,,-14.154
2014-06-20 21:00:00,,-14.156
2014-06-20 22:00:00,,-14.156
2014-06-20 23:00:00,,-14.155
2014-06-21 00:00:00,,-14.155
2014-06-21 01:00:00,,-14.156
2014-06-21 02:00:00,,-14.155
2014-06-21 03:00:00,,-14.154
2014-06-21 04:00:00,,-14.155
2014-06-21 05:00:00,,-14.156
2014-06-21 06:00:00,,-14.159
2014-06-21 07:00:00,,-14.163
2014-06-21 08:00:00,,-14.167
2014-06-21 09:00:00,,-14.17
2014-06-21 10:00:00,,-14.171
2014-06-21 11:00:00,,-14.17
2014-06-21 12:00:00,,-14.168
2014-06-21 13:00:00,,-14.163
2014-06-21 14:00:00,,-14.158
2014-06-21 15:00:00,,-14.155
2014-06-21 16:00:00,,-14.153
2014-06-21 17:00:00,,-14.152
2014-06-21 18:00:00,,-14.153
2014-06-21 19:00:00,,-14.156
2014-06-21 20:00:00,,-14.159
2014-06-21 21:00:00,,-14.161
2014-06-21 22:00:00,,-14.162
2014-06-21 23:00:00,,-14.162
2014-06-22 00:00:00,,-14.16
2014-06-22 01:00:00,,-14.159
2014-06-22 02:00:00,,-14.158
2014-06-22 03:00:00,,-14.158
2014-06-22 04:00:00,,-14.158
2014-06-22 05:00:00,,-14.159
2014-06-22 06:00:00,,-14.161
2014-06-22 07:00:00,,-14.165
2014-06-22 08:00:00,,-14.169
2014-06-22 09:00:00,,-14.173
2014-06-22 10:00:00,,-14.173
2014-06-22 11:00:00,,-14.172
2014-06-22 12:00:00,,-14.167
2014-06-22 13:00:00,,-14.161
2014-06-22 14:00:00,,-14.154
2014-06-22 15:00:00,,-14.149
2014-06-22 16:00:00,,-14.146
2014-06-22 17:00:00,,-14.145
2014-06-22 18:00:00,,-14.144
2014-06-22 19:00:00,,-14.148
2014-06-22 20:00:00,,-14.15
2014-06-22 21:00:00,,-14.154
2014-06-22 22:00:00,,-14.155
2014-06-22 23:00:00,,-14.153
2014-06-23 00:00:00,,-14.152
2014-06-23 01:00:00,,-14.149
2014-06-23 02:00:00,,-14.146
2014-06-23 03:00:00,,-14.145
2014-06-23 04:00:00,,-14.145
2014-06-23 05:00:00,,-14.145
2014-06-23 06:00:00,,-14.147
2014-06-23 07:00:00,,-14.15
2014-06-23 08:00:00,,-14.153
2014-06-23 09:00:00,,-14.157
2014-06-23 10:00:00,,-14.157
2014-06-23 11:00:00,,-14.157
2014-06-23 12:00:00,,-14.154
2014-06-23 13:00:00,,-14.148
2014-06-23 14:00:00,,-14.141
2014-06-23 15:00:00,,-14.137
2014-06-23 16:00:00,,-14.134
2014-06-23 17:00:00,,-14.134
2014-06-23 18:00:00,,-14.136
2014-06-23 19:00:00,,-14.144
2014-06-23 20:00:00,,-14.15
2014-06-23 21:00:00,,-14.155
2014-06-23 22:00:00,,-14.159
2014-06-23 23:00:00,,-14.159
2014-06-24 00:00:00,,-14.161
2014-06-24 01:00:00,,-14.16
2014-06-24 02:00:00,,-14.16
2014-06-24 03:00:00,,-14.159
2014-06-24 04:00:00,,-14.159
2014-06-24 05:00:00,,-14.162
2014-06-24 06:00:00,,-14.165
2014-06-24 07:00:00,,-14.171
2014-06-24 08:00:00,,-14.176
2014-06-24 09:00:00,,-14.179
2014-06-24 10:00:00,,-14.182
2014-06-24 11:00:00,,-14.184
2014-06-24 12:00:00,,-14.181
2014-06-24 13:00:00,,-14.176
2014-06-24 14:00:00,,-14.172
2014-06-24 15:00:00,,-14.168
2014-06-24 16:00:00,,-14.167
2014-06-24 17:00:00,,-14.168
2014-06-24 18:00:00,,-14.169
2014-06-24 19:00:00,,-14.172
2014-06-24 20:00:00,,-14.176
2014-06-24 21:00:00,,-14.18
2014-06-24 22:00:00,,-14.183
2014-06-24 23:00:00,,-14.185
2014-06-25 00:00:00,,-14.186
2014-06-25 01:00:00,,-14.185
2014-06-25 02:00:00,,-14.181
2014-06-25 03:00:00,,-14.178
2014-06-25 04:00:00,,-14.177
2014-06-25 05:00:00,,-14.175
2014-06-25 06:00:00,,-14.175
2014-06-25 07:00:00,,-14.178
2014-06-25 08:00:00,,-14.184
2014-06-25 09:00:00,,-14.19
2014-06-25 10:00:00,,-14.193
2014-06-25 11:00:00,,-14.195
2014-06-25 12:00:00,,-14.193
2014-06-25 13:00:00,,-14.187
2014-06-25 14:00:00,,-14.182
2014-06-25 15:00:00,,-14.178
2014-06-25 16:00:00,,-14.174
2014-06-25 17:00:00,,-14.172
2014-06-25 18:00:00,,-14.172
2014-06-25 19:00:00,,-14.174
2014-06-25 20:00:00,,-14.179
2014-06-25 21:00:00,,-14.183
2014-06-25 22:00:00,,-14.187
2014-06-25 23:00:00,,-14.189
2014-06-26 00:00:00,,-14.189
2014-06-26 01:00:00,,-14.187
2014-06-26 02:00:00,,-14.184
2014-06-26 03:00:00,,-14.182
2014-06-26 04:00:00,,-14.18
2014-06-26 05:00:00,,-14.178
2014-06-26 06:00:00,,-14.178
2014-06-26 07:00:00,,-14.181
2014-06-26 08:00:00,,-14.186
2014-06-26 09:00:00,,-14.189
2014-06-26 10:00:00,,-14.191
2014-06-26 11:00:00,,-14.192
2014-06-26 12:00:00,,-14.188
2014-06-26 13:00:00,,-14.183
2014-06-26 14:00:00,,-14.175
2014-06-26 15:00:00,,-14.168
2014-06-26 16:00:00,,-14.163
2014-06-26 17:00:00,,-14.159
2014-06-26 18:00:00,,-14.158
2014-06-26 19:00:00,,-14.158
2014-06-26 20:00:00,,-14.161
2014-06-26 21:00:00,,-14.164
2014-06-26 22:00:00,,-14.166
2014-06-26 23:00:00,,-14.167
2014-06-27 00:00:00,,-14.167
2014-06-27 01:00:00,,-14.165
2014-06-27 02:00:00,,-14.161
2014-06-27 03:00:00,,-14.158
2014-06-27 04:00:00,,-14.153
2014-06-27 05:00:00,,-14.151
2014-06-27 06:00:00,,-14.15
2014-06-27 07:00:00,,-14.151
2014-06-27 08:00:00,,-14.153
2014-06-27 09:00:00,,-14.156
2014-06-27 10:00:00,,-14.159
2014-06-27 11:00:00,,-14.159
2014-06-27 12:00:00,,-14.155
2014-06-27 13:00:00,,-14.147
2014-06-27 14:00:00,,-14.138
2014-06-27 15:00:00,,-14.132
2014-06-27 16:00:00,,-14.125
2014-06-27 17:00:00,,-14.121
2014-06-27 18:00:00,,-14.12
2014-06-27 19:00:00,,-14.121
2014-06-27 20:00:00,,-14.124
2014-06-27 21:00:00,,-14.129
2014-06-27 22:00:00,,-14.132
2014-06-27 23:00:00,,-14.134
2014-06-28 00:00:00,,-14.135
2014-06-28 01:00:00,,-14.134
2014-06-28 02:00:00,,-14.134
2014-06-28 03:00:00,,-14.133
2014-06-28 04:00:00,,-14.133
2014-06-28 05:00:00,,-14.133
2014-06-28 06:00:00,,-14.135
2014-06-28 07:00:00,,-14.14
2014-06-28 08:00:00,,-14.145
2014-06-28 09:00:00,,-14.151
2014-06-28 10:00:00,,-14.155
2014-06-28 11:00:00,,-14.158
2014-06-28 12:00:00,,-14.157
2014-06-28 13:00:00,,-14.153
2014-06-28 14:00:00,,-14.146
2014-06-28 15:00:00,,-14.143
2014-06-28 16:00:00,,-14.141
2014-06-28 17:00:00,,-14.139
2014-06-28 18:00:00,,-14.14
2014-06-28 19:00:00,,-14.143
2014-06-28 20:00:00,,-14.147
2014-06-28 21:00:00,,-14.154
2014-06-28 22:00:00,,-14.159
2014-06-28 23:00:00,,-14.164
2014-06-29 00:00:00,,-14.166
2014-06-29 01:00:00,,-14.166
2014-06-29 02:00:00,,-14.165
2014-06-29 03:00:00,,-14.163
2014-06-29 04:00:00,,-14.161
2014-06-29 05:00:00,,-14.158
2014-06-29 06:00:00,,-14.159
2014-06-29 07:00:00,,-14.161
2014-06-29 08:00:00,,-14.164
2014-06-29 09:00:00,,-14.169
2014-06-29 10:00:00,,-14.174
2014-06-29 11:00:00,,-14.177
2014-06-29 12:00:00,,-14.178
2014-06-29 13:00:00,,-14.174
2014-06-29 14:00:00,,-14.169
2014-06-29 15:00:00,,-14.165
2014-06-29 16:00:00,,-14.161
2014-06-29 17:00:00,,-14.16
2014-06-29 18:00:00,,-14.16
2014-06-29 19:00:00,,-14.162
2014-06-29 20:00:00,,-14.166
2014-06-29 21:00:00,,-14.17
2014-06-29 22:00:00,,-14.175
2014-06-29 23:00:00,,-14.178
2014-06-30 00:00:00,,-14.182
2014-06-30 01:00:00,,-14.183
2014-06-30 02:00:00,,-14.184
2014-06-30 03:00:00,,-14.182
2014-06-30 04:00:00,,-14.18
2014-06-30 05:00:00,,-14.179
2014-06-30 06:00:00,,-14.178
2014-06-30 07:00:00,,-14.18
2014-06-30 08:00:00,,-14.183
2014-06-30 09:00:00,,-14.188
2014-06-30 10:00:00,,-14.192
2014-06-30 11:00:00,,-14.196
2014-06-30 12:00:00,,-14.195
2014-06-30 13:00:00,,-14.191
2014-06-30 14:00:00,,-14.188
2014-06-30 15:00:00,,-14.185
2014-06-30 16:00:00,,-14.182
2014-06-30 17:00:00,,-14.181
2014-06-30 18:00:00,,-14.18
2014-06-30 19:00:00,,-14.181
2014-06-30 20:00:00,,-14.185
2014-06-30 21:00:00,,-14.187
2014-06-30 22:00:00,,-14.191
2014-06-30 23:00:00,,-14.193
2014-07-01 00:00:00,,-14.196
2014-07-01 01:00:00,,-14.195
2014-07-01 02:00:00,,-14.195
2014-07-01 03:00:00,,-14.193
2014-07-01 04:00:00,,-14.191
2014-07-01 05:00:00,,-14.191
2014-07-01 06:00:00,,-14.191
2014-07-01 07:00:00,,-14.194
2014-07-01 08:00:00,,-14.197
2014-07-01 09:00:00,,-14.201
2014-07-01 10:00:00,,-14.204
2014-07-01 11:00:00,,-14.205
2014-07-01 12:00:00,,-14.205
2014-07-01 13:00:00,,-14.2
2014-07-01 14:00:00,,-14.195
2014-07-01 15:00:00,,-14.191
2014-07-01 16:00:00,,-14.187
2014-07-01 17:00:00,,-14.184
2014-07-01 18:00:00,,-14.183
2014-07-01 19:00:00,,-14.182
2014-07-01 20:00:00,,-14.185
2014-07-01 21:00:00,,-14.186
2014-07-01 22:00:00,,-14.188
2014-07-01 23:00:00,,-14.19
2014-07-02 00:00:00,,-14.191
2014-07-02 01:00:00,,-14.191
2014-07-02 02:00:00,,-14.191
2014-07-02 03:00:00,,-14.189
2014-07-02 04:00:00,,-14.188
2014-07-02 05:00:00,,-14.187
2014-07-02 06:00:00,,-14.184
2014-07-02 07:00:00,,-14.184
2014-07-02 08:00:00,,-14.185
2014-07-02 09:00:00,,-14.187
2014-07-02 10:00:00,,-14.186
2014-07-02 11:00:00,,-14.184
2014-07-02 12:00:00,,-14.183
2014-07-02 13:00:00,,-14.177
2014-07-02 14:00:00,,-14.17
2014-07-02 15:00:00,,-14.166
2014-07-02 16:00:00,,-14.162
2014-07-02 17:00:00,,-14.158
2014-07-02 18:00:00,,-14.156
2014-07-02 19:00:00,,-14.155
2014-07-02 20:00:00,,-14.155
2014-07-02 21:00:00,,-14.156
2014-07-02 22:00:00,,-14.158
2014-07-02 23:00:00,,-14.16
2014-07-03 00:00:00,,-14.163
2014-07-03 01:00:00,,-14.163
2014-07-03 02:00:00,,-14.163
2014-07-03 03:00:00,,-14.163
2014-07-03 04:00:00,,-14.161
2014-07-03 05:00:00,,-14.158
2014-07-03 06:00:00,,-14.156
2014-07-03 07:00:00,,-14.154
2014-07-03 08:00:00,,-14.154
2014-07-03 09:00:00,,-14.155
2014-07-03 10:00:00,,-14.154
2014-07-03 11:00:00,,-14.156
2014-07-03 12:00:00,,-14.153
2014-07-03 13:00:00,,-14.148
2014-07-03 14:00:00,,-14.142
2014-07-03 15:00:00,,-14.139
2014-07-03 16:00:00,,-14.136
2014-07-03 17:00:00,,-14.135
2014-07-03 18:00:00,,-14.134
2014-07-03 19:00:00,,-14.135
2014-07-03 20:00:00,,-14.137
2014-07-03 21:00:00,,-14.138
2014-07-03 22:00:00,,-14.139
2014-07-03 23:00:00,,-14.141
2014-07-04 00:00:00,,-14.141
2014-07-04 01:00:00,,-14.143
2014-07-04 02:00:00,,-14.144
2014-07-04 03:00:00,,-14.145
2014-07-04 04:00:00,,-14.145
2014-07-04 05:00:00,,-14.144
2014-07-04 06:00:00,,-14.145
2014-07-04 07:00:00,,-14.147
2014-07-04 08:00:00,,-14.15
2014-07-04 09:00:00,,-14.153
2014-07-04 10:00:00,,-14.155
2014-07-04 11:00:00,,-14.157
2014-07-04 12:00:00,,-14.156
2014-07-04 13:00:00,,-14.152
2014-07-04 14:00:00,,-14.149
2014-07-04 15:00:00,,-14.145
2014-07-04 16:00:00,,-14.144
2014-07-04 17:00:00,,-14.144
2014-07-04 18:00:00,,-14.144
2014-07-04 19:00:00,,-14.146
2014-07-04 20:00:00,,-14.149
2014-07-04 21:00:00,,-14.152
2014-07-04 22:00:00,,-14.154
2014-07-04 23:00:00,,-14.156
2014-07-05 00:00:00,,-14.156
2014-07-05 01:00:00,,-14.158
2014-07-05 02:00:00,,-14.159
2014-07-05 03:00:00,,-14.16
2014-07-05 04:00:00,,-14.162
2014-07-05 05:00:00,,-14.162
2014-07-05 06:00:00,,-14.166
2014-07-05 07:00:00,,-14.169
2014-07-05 08:00:00,,-14.173
2014-07-05 09:00:00,,-14.176
2014-07-05 10:00:00,,-14.179
2014-07-05 11:00:00,,-14.179
2014-07-05 12:00:00,,-14.178
2014-07-05 13:00:00,,-14.174
2014-07-05 14:00:00,,-14.168
2014-07-05 15:00:00,,-14.165
2014-07-05 16:00:00,,-14.163
2014-07-05 17:00:00,,-14.159
2014-07-05 18:00:00,,-14.161
2014-07-05 19:00:00,,-14.162
2014-07-05 20:00:00,,-14.165
2014-07-05 21:00:00,,-14.166
2014-07-05 22:00:00,,-14.166
2014-07-05 23:00:00,,-14.168
2014-07-06 00:00:00,,-14.166
2014-07-06 01:00:00,,-14.165
2014-07-06 02:00:00,,-14.165
2014-07-06 03:00:00,,-14.164
2014-07-06 04:00:00,,-14.164
2014-07-06 05:00:00,,-14.163
2014-07-06 06:00:00,,-14.163
2014-07-06 07:00:00,,-14.162
2014-07-06 08:00:00,,-14.165
2014-07-06 09:00:00,,-14.169
2014-07-06 10:00:00,,-14.175
2014-07-06 11:00:00,,-14.174
2014-07-06 12:00:00,,-14.172
2014-07-06 13:00:00,,-14.166
2014-07-06 14:00:00,,-14.158
2014-07-06 15:00:00,,-14.152
2014-07-06 16:00:00,,-14.149
2014-07-06 17:00:00,,-14.147
2014-07-06 18:00:00,,-14.145
2014-07-06 19:00:00,,-14.144
2014-07-06 20:00:00,,-14.146
2014-07-06 21:00:00,,-14.146
2014-07-06 22:00:00,,-14.148
2014-07-06 23:00:00,,-14.145
2014-07-07 00:00:00,,-14.146
2014-07-07 01:00:00,,-14.143
2014-07-07 02:00:00,,-14.144
2014-07-07 03:00:00,,-14.143
2014-07-07 04:00:00,,-14.145
2014-07-07 05:00:00,,-14.144
2014-07-07 06:00:00,,-14.145
2014-07-07 07:00:00,,-14.148
2014-07-07 08:00:00,,-14.15
2014-07-07 09:00:00,,-14.149
2014-07-07 10:00:00,,-14.148
2014-07-07 11:00:00,,-14.146
2014-07-07 12:00:00,,-14.143
2014-07-07 13:00:00,,-14.137
2014-07-07 14:00:00,,-14.129
2014-07-07 15:00:00,,-14.124
2014-07-07 16:00:00,,-14.118
2014-07-07 17:00:00,,-14.116
2014-07-07 18:00:00,,-14.116
2014-07-07 19:00:00,,-14.118
2014-07-07 20:00:00,,-14.12
2014-07-07 21:00:00,,-14.12
2014-07-07 22:00:00,,-14.121
2014-07-07 23:00:00,,-14.118
2014-07-08 00:00:00,,-14.117
2014-07-08 01:00:00,,-14.114
2014-07-08 02:00:00,,-14.112
2014-07-08 03:00:00,,-14.11
2014-07-08 04:00:00,,-14.11
2014-07-08 05:00:00,,-14.109
2014-07-08 06:00:00,,-14.11
2014-07-08 07:00:00,,-14.112
2014-07-08 08:00:00,,-14.114
2014-07-08 09:00:00,,-14.116
2014-07-08 10:00:00,,-14.116
2014-07-08 11:00:00,,-14.116
2014-07-08 12:00:00,,-14.112
2014-07-08 13:00:00,,-14.105
2014-07-08 14:00:00,,-14.098
2014-07-08 15:00:00,,-14.093
2014-07-08 16:00:00,,-14.09
2014-07-08 17:00:00,,-14.089
2014-07-08 18:00:00,,-14.09
2014-07-08 19:00:00,,-14.092
2014-07-08 20:00:00,,-14.097
2014-07-08 21:00:00,,-14.099
2014-07-08 22:00:00,,-14.102
2014-07-08 23:00:00,,-14.102
2014-07-09 00:00:00,,-14.102
2014-07-09 01:00:00,,-14.101
2014-07-09 02:00:00,,-14.1
2014-07-09 03:00:00,,-14.1
2014-07-09 04:00:00,,-14.101
2014-07-09 05:00:00,,-14.103
2014-07-09 06:00:00,,-14.106
2014-07-09 07:00:00,,-14.112
2014-07-09 08:00:00,,-14.118
2014-07-09 09:00:00,,-14.125
2014-07-09 10:00:00,,-14.129
2014-07-09 11:00:00,,-14.132
2014-07-09 12:00:00,,-14.129
2014-07-09 13:00:00,,-14.125
2014-07-09 14:00:00,,-14.12
2014-07-09 15:00:00,,-14.116
2014-07-09 16:00:00,,-14.114
2014-07-09 17:00:00,,-14.114
2014-07-09 18:00:00,,-14.118
2014-07-09 19:00:00,,-14.122
2014-07-09 20:00:00,,-14.128
2014-07-09 21:00:00,,-14.134
2014-07-09 22:00:00,,-14.138
2014-07-09 23:00:00,,-14.139
2014-07-10 00:00:00,,-14.141
2014-07-10 01:00:00,,-14.14
2014-07-10 02:00:00,,-14.138
2014-07-10 03:00:00,,-14.138
2014-07-10 04:00:00,,-14.137
2014-07-10 05:00:00,,-14.138
2014-07-10 06:00:00,,-14.143
2014-07-10 07:00:00,,-14.147
2014-07-10 08:00:00,,-14.153
2014-07-10 09:00:00,,-14.159
2014-07-10 10:00:00,,-14.164
2014-07-10 11:00:00,,-14.164
2014-07-10 12:00:00,,-14.162
2014-07-10 13:00:00,,-14.158
2014-07-10 14:00:00,,-14.151
2014-07-10 15:00:00,,-14.147
2014-07-10 16:00:00,,-14.145
2014-07-10 17:00:00,,-14.142
2014-07-10 18:00:00,,-14.142
2014-07-10 19:00:00,,-14.144
2014-07-10 20:00:00,,-14.15
2014-07-10 21:00:00,,-14.154
2014-07-10 22:00:00,,-14.158
2014-07-10 23:00:00,,-14.159
2014-07-11 00:00:00,,-14.159
2014-07-11 01:00:00,,-14.158
2014-07-11 02:00:00,,-14.157
2014-07-11 03:00:00,,-14.154
2014-07-11 04:00:00,,-14.154
2014-07-11 05:00:00,,-14.152
2014-07-11 06:00:00,,-14.153
2014-07-11 07:00:00,,-14.155
2014-07-11 08:00:00,,-14.159
2014-07-11 09:00:00,,-14.164
2014-07-11 10:00:00,,-14.168
2014-07-11 11:00:00,,-14.167
2014-07-11 12:00:00,,-14.166
2014-07-11 13:00:00,,-14.158
2014-07-11 14:00:00,,-14.151
2014-07-11 15:00:00,,-14.145
2014-07-11 16:00:00,,-14.141
2014-07-11 17:00:00,,-14.138
2014-07-11 18:00:00,,-14.14
2014-07-11 19:00:00,,-14.143
2014-07-11 20:00:00,,-14.148
2014-07-11 21:00:00,,-14.154
2014-07-11 22:00:00,,-14.158
2014-07-11 23:00:00,,-14.161
2014-07-12 00:00:00,,-14.164
2014-07-12 01:00:00,,-14.164
2014-07-12 02:00:00,,-14.164
2014-07-12 03:00:00,,-14.161
2014-07-12 04:00:00,,-14.162
2014-07-12 05:00:00,,-14.161
2014-07-12 06:00:00,,-14.162
2014-07-12 07:00:00,,-14.165
2014-07-12 08:00:00,,-14.17
2014-07-12 09:00:00,,-14.174
2014-07-12 10:00:00,,-14.178
2014-07-12 11:00:00,,-14.18
2014-07-12 12:00:00,,-14.178
2014-07-12 13:00:00,,-14.171
2014-07-12 14:00:00,,-14.163
2014-07-12 15:00:00,,-14.156
2014-07-12 16:00:00,,-14.151
2014-07-12 17:00:00,,-14.147
2014-07-12 18:00:00,,-14.146
2014-07-12 19:00:00,,-14.147
2014-07-12 20:00:00,,-14.15
2014-07-12 21:00:00,,-14.154
2014-07-12 22:00:00,,-14.159
2014-07-12 23:00:00,,-14.161
2014-07-13 00:00:00,,-14.166
2014-07-13 01:00:00,,-14.165
2014-07-13 02:00:00,,-14.167
2014-07-13 03:00:00,,-14.166
2014-07-13 04:00:00,,-14.162
2014-07-13 05:00:00,,-14.156
2014-07-13 06:00:00,,-14.158
2014-07-13 07:00:00,,-14.155
2014-07-13 08:00:00,,-14.16
2014-07-13 09:00:00,,-14.162
2014-07-13 10:00:00,,-14.166
2014-07-13 11:00:00,,-14.17
2014-07-13 12:00:00,,-14.173
2014-07-13 13:00:00,,-14.165
2014-07-13 14:00:00,,-14.164
2014-07-13 15:00:00,,-14.159
2014-07-13 16:00:00,,-14.154
2014-07-13 17:00:00,,-14.15
2014-07-13 18:00:00,,-14.151
2014-07-13 19:00:00,,-14.157
2014-07-13 20:00:00,,-14.162
2014-07-13 21:00:00,,-14.164
2014-07-13 22:00:00,,-14.163
2014-07-13 23:00:00,,-14.166
2014-07-14 00:00:00,,-14.168
2014-07-14 01:00:00,,-14.167
2014-07-14 02:00:00,,-14.165
2014-07-14 03:00:00,,-14.162
2014-07-14 04:00:00,,-14.16
2014-07-14 05:00:00,,-14.155
2014-07-14 06:00:00,,-14.155
2014-07-14 07:00:00,,-14.15
2014-07-14 08:00:00,,-14.154
2014-07-14 09:00:00,,-14.154
2014-07-14 10:00:00,,-14.157
2014-07-14 11:00:00,,-14.156
2014-07-14 12:00:00,,-14.154
2014-07-14 13:00:00,,-14.149
2014-07-14 14:00:00,,-14.144
2014-07-14 15:00:00,,-14.139
2014-07-14 16:00:00,,-14.134
2014-07-14 17:00:00,,-14.13
2014-07-14 18:00:00,,-14.128
2014-07-14 19:00:00,,-14.127
2014-07-14 20:00:00,,-14.127
2014-07-14 21:00:00,,-14.13
2014-07-14 22:00:00,,-14.132
2014-07-14 23:00:00,,-14.135
2014-07-15 00:00:00,,-14.135
2014-07-15 01:00:00,,-14.136
2014-07-15 02:00:00,,-14.135
2014-07-15 03:00:00,,-14.131
2014-07-15 04:00:00,,-14.13
2014-07-15 05:00:00,,-14.127
2014-07-15 06:00:00,,-14.126
2014-07-15 07:00:00,,-14.127
2014-07-15 08:00:00,,-14.128
2014-07-15 09:00:00,,-14.132
2014-07-15 10:00:00,,-14.136
2014-07-15 11:00:00,,-14.138
2014-07-15 12:00:00,,-14.139
2014-07-15 13:00:00,,-14.137
2014-07-15 14:00:00,,-14.134
2014-07-15 15:00:00,,-14.131
2014-07-15 16:00:00,,-14.128
2014-07-15 17:00:00,,-14.126
2014-07-15 18:00:00,,-14.126
2014-07-15 19:00:00,,-14.128
2014-07-15 20:00:00,,-14.13
2014-07-15 21:00:00,,-14.133
2014-07-15 22:00:00,,-14.135
2014-07-15 23:00:00,,-14.14
2014-07-16 00:00:00,,-14.144
2014-07-16 01:00:00,,-14.145
2014-07-16 02:00:00,,-14.148
2014-07-16 03:00:00,,-14.149
2014-07-16 04:00:00,,-14.148
2014-07-16 05:00:00,,-14.147
2014-07-16 06:00:00,,-14.148
2014-07-16 07:00:00,,-14.149
2014-07-16 08:00:00,,-14.151
2014-07-16 09:00:00,,-14.155
2014-07-16 10:00:00,,-14.159
2014-07-16 11:00:00,,-14.16
2014-07-16 12:00:00,,-14.161
2014-07-16 13:00:00,,-14.159
2014-07-16 14:00:00,,-14.156
2014-07-16 15:00:00,,-14.151
2014-07-16 16:00:00,,-14.15
2014-07-16 17:00:00,,-14.147
2014-07-16 18:00:00,,-14.147
2014-07-16 19:00:00,,-14.147
2014-07-16 20:00:00,,-14.149
2014-07-16 21:00:00,,-14.151
2014-07-16 22:00:00,,-14.153
2014-07-16 23:00:00,,-14.155
2014-07-17 00:00:00,,-14.159
2014-07-17 01:00:00,,-14.162
2014-07-17 02:00:00,,-14.165
2014-07-17 03:00:00,,-14.166
2014-07-17 04:00:00,,-14.168
2014-07-17 05:00:00,,-14.168
2014-07-17 06:00:00,,-14.169
2014-07-17 07:00:00,,-14.171
2014-07-17 08:00:00,,-14.174
2014-07-17 09:00:00,,-14.176
2014-07-17 10:00:00,,-14.178
2014-07-17 11:00:00,,-14.18
2014-07-17 12:00:00,,-14.179
2014-07-17 13:00:00,,-14.177
2014-07-17 14:00:00,,-14.172
2014-07-17 15:00:00,,-14.17
2014-07-17 16:00:00,,-14.168
2014-07-17 17:00:00,,-14.166
2014-07-17 18:00:00,,-14.165
2014-07-17 19:00:00,,-14.165
2014-07-17 20:00:00,,-14.167
2014-07-17 21:00:00,,-14.169
2014-07-17 22:00:00,,-14.172
2014-07-17 23:00:00,,-14.174
2014-07-18 00:00:00,,-14.175
2014-07-18 01:00:00,,-14.174
2014-07-18 02:00:00,,-14.173
2014-07-18 03:00:00,,-14.175
2014-07-18 04:00:00,,-14.176
2014-07-18 05:00:00,,-14.178
2014-07-18 06:00:00,,-14.179
2014-07-18 07:00:00,,-14.18
2014-07-18 08:00:00,,-14.182
2014-07-18 09:00:00,,-14.183
2014-07-18 10:00:00,,-14.186
2014-07-18 11:00:00,,-14.184
2014-07-18 12:00:00,,-14.18
2014-07-18 13:00:00,,-14.178
2014-07-18 14:00:00,,-14.173
2014-07-18 15:00:00,,-14.168
2014-07-18 16:00:00,,-14.164
2014-07-18 17:00:00,,-14.163
2014-07-18 18:00:00,,-14.161
2014-07-18 19:00:00,,-14.161
2014-07-18 20:00:00,,-14.164
2014-07-18 21:00:00,,-14.166
2014-07-18 22:00:00,,-14.169
2014-07-18 23:00:00,,-14.169
2014-07-19 00:00:00,,-14.169
2014-07-19 01:00:00,,-14.17
2014-07-19 02:00:00,,-14.172
2014-07-19 03:00:00,,-14.172
2014-07-19 04:00:00,,-14.173
2014-07-19 05:00:00,,-14.174
2014-07-19 06:00:00,,-14.176
2014-07-19 07:00:00,,-14.176
2014-07-19 08:00:00,,-14.174
2014-07-19 09:00:00,,-14.175
2014-07-19 10:00:00,,-14.173
2014-07-19 11:00:00,,-14.173
2014-07-19 12:00:00,,-14.168
2014-07-19 13:00:00,,-14.161
2014-07-19 14:00:00,,-14.156
2014-07-19 15:00:00,,-14.153
2014-07-19 16:00:00,,-14.15
2014-07-19 17:00:00,,-14.149
2014-07-19 18:00:00,,-14.15
2014-07-19 19:00:00,,-14.154
2014-07-19 20:00:00,,-14.156
2014-07-19 21:00:00,,-14.155
2014-07-19 22:00:00,,-14.156
2014-07-19 23:00:00,,-14.155
2014-07-20 00:00:00,,-14.156
2014-07-20 01:00:00,,-14.156
2014-07-20 02:00:00,,-14.156
2014-07-20 03:00:00,,-14.157
2014-07-20 04:00:00,,-14.155
2014-07-20 05:00:00,,-14.155
2014-07-20 06:00:00,,-14.157
2014-07-20 07:00:00,,-14.159
2014-07-20 08:00:00,,-14.161
2014-07-20 09:00:00,,-14.163
2014-07-20 10:00:00,,-14.163
2014-07-20 11:00:00,,-14.163
2014-07-20 12:00:00,,-14.16
2014-07-20 13:00:00,,-14.152
2014-07-20 14:00:00,,-14.148
2014-07-20 15:00:00,,-14.144
2014-07-20 16:00:00,,-14.14
2014-07-20 17:00:00,,-14.139
2014-07-20 18:00:00,,-14.139
2014-07-20 19:00:00,,-14.141
2014-07-20 20:00:00,,-14.144
2014-07-20 21:00:00,,-14.147
2014-07-20 22:00:00,,-14.149
2014-07-20 23:00:00,,-14.147
2014-07-21 00:00:00,,-14.147
2014-07-21 01:00:00,,-14.144
2014-07-21 02:00:00,,-14.144
2014-07-21 03:00:00,,-14.141
2014-07-21 04:00:00,,-14.144
2014-07-21 05:00:00,,-14.145
2014-07-21 06:00:00,,-14.145
2014-07-21 07:00:00,,-14.148
2014-07-21 08:00:00,,-14.154
2014-07-21 09:00:00,,-14.156
2014-07-21 10:00:00,,-14.158
2014-07-21 11:00:00,,-14.157
2014-07-21 12:00:00,,-14.156
2014-07-21 13:00:00,,-14.151
2014-07-21 14:00:00,,-14.145
2014-07-21 15:00:00,,-14.142
2014-07-21 16:00:00,,-14.14
2014-07-21 17:00:00,,-14.139
2014-07-21 18:00:00,,-14.14
2014-07-21 19:00:00,,-14.143
2014-07-21 20:00:00,,-14.147
2014-07-21 21:00:00,,-14.148
2014-07-21 22:00:00,,-14.149
2014-07-21 23:00:00,,-14.148
2014-07-22 00:00:00,,-14.147
2014-07-22 01:00:00,,-14.145
2014-07-22 02:00:00,,-14.145
2014-07-22 03:00:00,,-14.144
2014-07-22 04:00:00,,-14.145
2014-07-22 05:00:00,,-14.145
2014-07-22 06:00:00,,-14.148
2014-07-22 07:00:00,,-14.151
2014-07-22 08:00:00,,-14.156
2014-07-22 09:00:00,,-14.157
2014-07-22 10:00:00,,-14.16
2014-07-22 11:00:00,,-14.158
2014-07-22 12:00:00,,-14.152
2014-07-22 13:00:00,,-14.144
2014-07-22 14:00:00,,-14.135
2014-07-22 15:00:00,,-14.129
2014-07-22 16:00:00,,-14.123
2014-07-22 17:00:00,,-14.122
2014-07-22 18:00:00,,-14.123
2014-07-22 19:00:00,,-14.127
2014-07-22 20:00:00,,-14.132
2014-07-22 21:00:00,,-14.135
2014-07-22 22:00:00,,-14.137
2014-07-22 23:00:00,,-14.137
2014-07-23 00:00:00,,-14.133
2014-07-23 01:00:00,,-14.13
2014-07-23 02:00:00,,-14.126
2014-07-23 03:00:00,,-14.124
2014-07-23 04:00:00,,-14.125
2014-07-23 05:00:00,,-14.123
2014-07-23 06:00:00,,-14.125
2014-07-23 07:00:00,,-14.13
2014-07-23 08:00:00,,-14.132
2014-07-23 09:00:00,,-14.135
2014-07-23 10:00:00,,-14.135
2014-07-23 11:00:00,,-14.133
2014-07-23 12:00:00,,-14.128
2014-07-23 13:00:00,,-14.121
2014-07-23 14:00:00,,-14.115
2014-07-23 15:00:00,,-14.109
2014-07-23 16:00:00,,-14.107
2014-07-23 17:00:00,,-14.104
2014-07-23 18:00:00,,-14.104
2014-07-23 19:00:00,,-14.106
2014-07-23 20:00:00,,-14.111
2014-07-23 21:00:00,,-14.114
2014-07-23 22:00:00,,-14.116
2014-07-23 23:00:00,,-14.116
2014-07-24 00:00:00,,-14.114
2014-07-24 01:00:00,,-14.113
2014-07-24 02:00:00,,-14.111
2014-07-24 03:00:00,,-14.108
2014-07-24 04:00:00,,-14.108
2014-07-24 05:00:00,,-14.107
2014-07-24 06:00:00,,-14.109
2014-07-24 07:00:00,,-14.113
2014-07-24 08:00:00,,-14.118
2014-07-24 09:00:00,,-14.125
2014-07-24 10:00:00,,-14.128
2014-07-24 11:00:00,,-14.129
2014-07-24 12:00:00,,-14.127
2014-07-24 13:00:00,,-14.121
2014-07-24 14:00:00,,-14.115
2014-07-24 15:00:00,,-14.109
2014-07-24 16:00:00,,-14.107
2014-07-24 17:00:00,,-14.106
2014-07-24 18:00:00,,-14.107
2014-07-24 19:00:00,,-14.111
2014-07-24 20:00:00,,-14.115
2014-07-24 21:00:00,,-14.12
2014-07-24 22:00:00,,-14.124
2014-07-24 23:00:00,,-14.127
2014-07-25 00:00:00,,-14.128
2014-07-25 01:00:00,,-14.129
2014-07-25 02:00:00,,-14.129
2014-07-25 03:00:00,,-14.129
2014-07-25 04:00:00,,-14.13
2014-07-25 05:00:00,,-14.131
2014-07-25 06:00:00,,-14.134
2014-07-25 07:00:00,,-14.139
2014-07-25 08:00:00,,-14.145
2014-07-25 09:00:00,,-14.149
2014-07-25 10:00:00,,-14.155
2014-07-25 11:00:00,,-14.157
2014-07-25 12:00:00,,-14.157
2014-07-25 13:00:00,,-14.153
2014-07-25 14:00:00,,-14.149
2014-07-25 15:00:00,,-14.143
2014-07-25 16:00:00,,-14.14
2014-07-25 17:00:00,,-14.139
2014-07-25 18:00:00,,-14.142
2014-07-25 19:00:00,,-14.145
2014-07-25 20:00:00,,-14.15
2014-07-25 21:00:00,,-14.156
2014-07-25 22:00:00,,-14.163
2014-07-25 23:00:00,,-14.167
2014-07-26 00:00:00,,-14.17
2014-07-26 01:00:00,,-14.169
2014-07-26 02:00:00,,-14.168
2014-07-26 03:00:00,,-14.167
2014-07-26 04:00:00,,-14.166
2014-07-26 05:00:00,,-14.165
2014-07-26 06:00:00,,-14.168
2014-07-26 07:00:00,,-14.172
2014-07-26 08:00:00,,-14.178
2014-07-26 09:00:00,,-14.182
2014-07-26 10:00:00,,-14.188
2014-07-26 11:00:00,,-14.19
2014-07-26 12:00:00,,-14.188
2014-07-26 13:00:00,,-14.183
2014-07-26 14:00:00,,-14.177
2014-07-26 15:00:00,,-14.172
2014-07-26 16:00:00,,-14.167
2014-07-26 17:00:00,,-14.167
2014-07-26 18:00:00,,-14.167
2014-07-26 19:00:00,,-14.17
2014-07-26 20:00:00,,-14.173
2014-07-26 21:00:00,,-14.177
2014-07-26 22:00:00,,-14.181
2014-07-26 23:00:00,,-14.184
2014-07-27 00:00:00,,-14.186
2014-07-27 01:00:00,,-14.186
2014-07-27 02:00:00,,-14.183
2014-07-27 03:00:00,,-14.18
2014-07-27 04:00:00,,-14.176
2014-07-27 05:00:00,,-14.174
2014-07-27 06:00:00,,-14.175
2014-07-27 07:00:00,,-14.178
2014-07-27 08:00:00,,-14.181
2014-07-27 09:00:00,,-14.184
2014-07-27 10:00:00,,-14.186
2014-07-27 11:00:00,,-14.187
2014-07-27 12:00:00,,-14.184
2014-07-27 13:00:00,,-14.178
2014-07-27 14:00:00,,-14.171
2014-07-27 15:00:00,,-14.166
2014-07-27 16:00:00,,-14.16
2014-07-27 17:00:00,,-14.157
2014-07-27 18:00:00,,-14.155
2014-07-27 19:00:00,,-14.156
2014-07-27 20:00:00,,-14.16
2014-07-27 21:00:00,,-14.163
2014-07-27 22:00:00,,-14.165
2014-07-27 23:00:00,,-14.166
2014-07-28 00:00:00,,-14.167
2014-07-28 01:00:00,,-14.166
2014-07-28 02:00:00,,-14.164
2014-07-28 03:00:00,,-14.162
2014-07-28 04:00:00,,-14.16
2014-07-28 05:00:00,,-14.16
2014-07-28 06:00:00,,-14.16
2014-07-28 07:00:00,,-14.161
2014-07-28 08:00:00,,-14.163
2014-07-28 09:00:00,,-14.167
2014-07-28 10:00:00,,-14.171
2014-07-28 11:00:00,,-14.172
2014-07-28 12:00:00,,-14.17
2014-07-28 13:00:00,,-14.165
2014-07-28 14:00:00,,-14.159
2014-07-28 15:00:00,,-14.152
2014-07-28 16:00:00,,-14.148
2014-07-28 17:00:00,,-14.144
2014-07-28 18:00:00,,-14.143
2014-07-28 19:00:00,,-14.144
2014-07-28 20:00:00,,-14.147
2014-07-28 21:00:00,,-14.152
2014-07-28 22:00:00,,-14.156
2014-07-28 23:00:00,,-14.158
2014-07-29 00:00:00,,-14.159
2014-07-29 01:00:00,,-14.16
2014-07-29 02:00:00,,-14.159
2014-07-29 03:00:00,,-14.159
2014-07-29 04:00:00,,-14.157
2014-07-29 05:00:00,,-14.156
2014-07-29 06:00:00,,-14.156
2014-07-29 07:00:00,,-14.157
2014-07-29 08:00:00,,-14.16
2014-07-29 09:00:00,,-14.163
2014-07-29 10:00:00,,-14.167
2014-07-29 11:00:00,,-14.167
2014-07-29 12:00:00,,-14.166
2014-07-29 13:00:00,,-14.162
2014-07-29 14:00:00,,-14.156
2014-07-29 15:00:00,,-14.152
2014-07-29 16:00:00,,-14.148
2014-07-29 17:00:00,,-14.145
2014-07-29 18:00:00,,-14.146
2014-07-29 19:00:00,,-14.147
2014-07-29 20:00:00,,-14.15
2014-07-29 21:00:00,,-14.154
2014-07-29 22:00:00,,-14.157
2014-07-29 23:00:00,,-14.161
2014-07-30 00:00:00,,-14.163
2014-07-30 01:00:00,,-14.165
2014-07-30 02:00:00,,-14.166
2014-07-30 03:00:00,,-14.163
2014-07-30 04:00:00,,-14.161
2014-07-30 05:00:00,,-14.159
2014-07-30 06:00:00,,-14.158
2014-07-30 07:00:00,,-14.159
2014-07-30 08:00:00,,-14.16
2014-07-30 09:00:00,,-14.164
2014-07-30 10:00:00,,-14.166
2014-07-30 11:00:00,,-14.168
2014-07-30 12:00:00,,-14.166
2014-07-30 13:00:00,,-14.162
2014-07-30 14:00:00,,-14.157
2014-07-30 15:00:00,,-14.152
2014-07-30 16:00:00,,-14.147
2014-07-30 17:00:00,,-14.142
2014-07-30 18:00:00,,-14.141
2014-07-30 19:00:00,,-14.142
2014-07-30 20:00:00,,-14.143
2014-07-30 21:00:00,,-14.145
2014-07-30 22:00:00,,-14.148
2014-07-30 23:00:00,,-14.149
2014-07-31 00:00:00,,-14.151
2014-07-31 01:00:00,,-14.151
2014-07-31 02:00:00,,-14.151
2014-07-31 03:00:00,,-14.15
2014-07-31 04:00:00,,-14.148
2014-07-31 05:00:00,,-14.146
2014-07-31 06:00:00,,-14.146
2014-07-31 07:00:00,,-14.146
2014-07-31 08:00:00,,-14.148
2014-07-31 09:00:00,,-14.149
2014-07-31 10:00:00,,-14.152
2014-07-31 11:00:00,,-14.153
2014-07-31 12:00:00,,-14.151
2014-07-31 13:00:00,,-14.147
2014-07-31 14:00:00,,-14.142
2014-07-31 15:00:00,,-14.136
2014-07-31 16:00:00,,-14.133
2014-07-31 17:00:00,,-14.128
2014-07-31 18:00:00,,-14.127
2014-07-31 19:00:00,,-14.127
2014-07-31 20:00:00,,-14.13
2014-07-31 21:00:00,,-14.132
2014-07-31 22:00:00,,-14.135
2014-07-31 23:00:00,,-14.138
2014-08-01 00:00:00,,-14.139
2014-08-01 01:00:00,,-14.139
2014-08-01 02:00:00,,-14.139
2014-08-01 03:00:00,,-14.139
2014-08-01 04:00:00,,-14.138
2014-08-01 05:00:00,,-14.139
2014-08-01 06:00:00,,-14.14
2014-08-01 07:00:00,,-14.144
2014-08-01 08:00:00,,-14.148
2014-08-01 09:00:00,,-14.152
2014-08-01 10:00:00,,-14.156
2014-08-01 11:00:00,,-14.159
2014-08-01 12:00:00,,-14.16
2014-08-01 13:00:00,,-14.159
2014-08-01 14:00:00,,-14.156
2014-08-01 15:00:00,,-14.152
2014-08-01 16:00:00,,-14.15
2014-08-01 17:00:00,,-14.148
2014-08-01 18:00:00,,-14.148
2014-08-01 19:00:00,,-14.152
2014-08-01 20:00:00,,-14.159
2014-08-01 21:00:00,,-14.163
2014-08-01 22:00:00,,-14.169
2014-08-01 23:00:00,,-14.172
2014-08-02 00:00:00,,-14.175
2014-08-02 01:00:00,,-14.178
2014-08-02 02:00:00,,-14.177
2014-08-02 03:00:00,,-14.176
2014-08-02 04:00:00,,-14.175
2014-08-02 05:00:00,,-14.175
2014-08-02 06:00:00,,-14.177
2014-08-02 07:00:00,,-14.177
2014-08-02 08:00:00,,-14.18
2014-08-02 09:00:00,,-14.182
2014-08-02 10:00:00,,-14.186
2014-08-02 11:00:00,,-14.185
2014-08-02 12:00:00,,-14.184
2014-08-02 13:00:00,,-14.18
2014-08-02 14:00:00,,-14.177
2014-08-02 15:00:00,,-14.172
2014-08-02 16:00:00,,-14.17
2014-08-02 17:00:00,,-14.168
2014-08-02 18:00:00,,-14.169
2014-08-02 19:00:00,,-14.169
2014-08-02 20:00:00,,-14.171
2014-08-02 21:00:00,,-14.173
2014-08-02 22:00:00,,-14.174
2014-08-02 23:00:00,,-14.177
2014-08-03 00:00:00,,-14.179
2014-08-03 01:00:00,,-14.179
2014-08-03 02:00:00,,-14.18
2014-08-03 03:00:00,,-14.18
2014-08-03 04:00:00,,-14.18
2014-08-03 05:00:00,,-14.18
2014-08-03 06:00:00,,-14.182
2014-08-03 07:00:00,,-14.183
2014-08-03 08:00:00,,-14.186
2014-08-03 09:00:00,,-14.191
2014-08-03 10:00:00,,-14.192
2014-08-03 11:00:00,,-14.192
2014-08-03 12:00:00,,-14.191
2014-08-03 13:00:00,,-14.187
2014-08-03 14:00:00,,-14.182
2014-08-03 15:00:00,,-14.179
2014-08-03 16:00:00,,-14.176
2014-08-03 17:00:00,,-14.174
2014-08-03 18:00:00,,-14.175
2014-08-03 19:00:00,,-14.178
2014-08-03 20:00:00,,-14.181
2014-08-03 21:00:00,,-14.184
2014-08-03 22:00:00,,-14.187
2014-08-03 23:00:00,,-14.189
2014-08-04 00:00:00,,-14.191
2014-08-04 01:00:00,,-14.193
2014-08-04 02:00:00,,-14.194
2014-08-04 03:00:00,,-14.196
2014-08-04 04:00:00,,-14.196
2014-08-04 05:00:00,,-14.198
2014-08-04 06:00:00,,-14.198
2014-08-04 07:00:00,,-14.2
2014-08-04 08:00:00,,-14.202
2014-08-04 09:00:00,,-14.204
2014-08-04 10:00:00,,-14.207
2014-08-04 11:00:00,,-14.205
2014-08-04 12:00:00,,-14.202
2014-08-04 13:00:00,,-14.199
2014-08-04 14:00:00,,-14.195
2014-08-04 15:00:00,,-14.192
2014-08-04 16:00:00,,-14.192
2014-08-04 17:00:00,,-14.193
2014-08-04 18:00:00,,-14.195
2014-08-04 19:00:00,,-14.199
2014-08-04 20:00:00,,-14.203
2014-08-04 21:00:00,,-14.204
2014-08-04 22:00:00,,-14.206
2014-08-04 23:00:00,,-14.206
2014-08-05 00:00:00,,-14.206
2014-08-05 01:00:00,,-14.206
2014-08-05 02:00:00,,-14.205
2014-08-05 03:00:00,,-14.203
2014-08-05 04:00:00,,-14.202
2014-08-05 05:00:00,,-14.201
2014-08-05 06:00:00,,-14.2
2014-08-05 07:00:00,,-14.202
2014-08-05 08:00:00,,-14.204
2014-08-05 09:00:00,,-14.205
2014-08-05 10:00:00,,-14.207
2014-08-05 11:00:00,,-14.204
2014-08-05 12:00:00,,-14.2
2014-08-05 13:00:00,,-14.193
2014-08-05 14:00:00,,-14.188
2014-08-05 15:00:00,,-14.184
2014-08-05 16:00:00,,-14.182
2014-08-05 17:00:00,,-14.182
2014-08-05 18:00:00,,-14.183
2014-08-05 19:00:00,,-14.185
2014-08-05 20:00:00,,-14.188
2014-08-05 21:00:00,,-14.192
2014-08-05 22:00:00,,-14.19
2014-08-05 23:00:00,,-14.189
2014-08-06 00:00:00,,-14.186
2014-08-06 01:00:00,,-14.184
2014-08-06 02:00:00,,-14.184
2014-08-06 03:00:00,,-14.182
2014-08-06 04:00:00,,-14.18
2014-08-06 05:00:00,,-14.18
2014-08-06 06:00:00,,-14.179
2014-08-06 07:00:00,,-14.181
2014-08-06 08:00:00,,-14.183
2014-08-06 09:00:00,,-14.185
2014-08-06 10:00:00,,-14.185
2014-08-06 11:00:00,,-14.184
2014-08-06 12:00:00,,-14.179
2014-08-06 13:00:00,,-14.172
2014-08-06 14:00:00,,-14.166
2014-08-06 15:00:00,,-14.163
2014-08-06 16:00:00,,-14.161
2014-08-06 17:00:00,,-14.162
2014-08-06 18:00:00,,-14.166
2014-08-06 19:00:00,,-14.17
2014-08-06 20:00:00,,-14.175
2014-08-06 21:00:00,,-14.178
2014-08-06 22:00:00,,-14.179
2014-08-06 23:00:00,,-14.178
2014-08-07 00:00:00,,-14.177
2014-08-07 01:00:00,,-14.177
2014-08-07 02:00:00,,-14.174
2014-08-07 03:00:00,,-14.173
2014-08-07 04:00:00,,-14.174
2014-08-07 05:00:00,,-14.175
2014-08-07 06:00:00,,-14.178
2014-08-07 07:00:00,,-14.181
2014-08-07 08:00:00,,-14.185
2014-08-07 09:00:00,,-14.189
2014-08-07 10:00:00,,-14.189
2014-08-07 11:00:00,,-14.188
2014-08-07 12:00:00,,-14.184
2014-08-07 13:00:00,,-14.179
2014-08-07 14:00:00,,-14.174
2014-08-07 15:00:00,,-14.171
2014-08-07 16:00:00,,-14.167
2014-08-07 17:00:00,,-14.166
2014-08-07 18:00:00,,-14.167
2014-08-07 19:00:00,,-14.171
2014-08-07 20:00:00,,-14.175
2014-08-07 21:00:00,,-14.178
2014-08-07 22:00:00,,-14.181
2014-08-07 23:00:00,,-14.181
2014-08-08 00:00:00,,-14.18
2014-08-08 01:00:00,,-14.179
2014-08-08 02:00:00,,-14.178
2014-08-08 03:00:00,,-14.176
2014-08-08 04:00:00,,-14.175
2014-08-08 05:00:00,,-14.177
2014-08-08 06:00:00,,-14.179
2014-08-08 07:00:00,,-14.183
2014-08-08 08:00:00,,-14.188
2014-08-08 09:00:00,,-14.192
2014-08-08 10:00:00,,-14.193
2014-08-08 11:00:00,,-14.193
2014-08-08 12:00:00,,-14.19
2014-08-08 13:00:00,,-14.183
2014-08-08 14:00:00,,-14.176
2014-08-08 15:00:00,,-14.169
2014-08-08 16:00:00,,-14.165
2014-08-08 17:00:00,,-14.164
2014-08-08 18:00:00,,-14.165
2014-08-08 19:00:00,,-14.168
2014-08-08 20:00:00,,-14.173
2014-08-08 21:00:00,,-14.179
2014-08-08 22:00:00,,-14.184
2014-08-08 23:00:00,,-14.185
2014-08-09 00:00:00,,-14.186
2014-08-09 01:00:00,,-14.185
2014-08-09 02:00:00,,-14.183
2014-08-09 03:00:00,,-14.18
2014-08-09 04:00:00,,-14.177
2014-08-09 05:00:00,,-14.177
2014-08-09 06:00:00,,-14.18
2014-08-09 07:00:00,,-14.183
2014-08-09 08:00:00,,-14.188
2014-08-09 09:00:00,,-14.192
2014-08-09 10:00:00,,-14.196
2014-08-09 11:00:00,,-14.197
2014-08-09 12:00:00,,-14.194
2014-08-09 13:00:00,,-14.188
2014-08-09 14:00:00,,-14.181
2014-08-09 15:00:00,,-14.176
2014-08-09 16:00:00,,-14.171
2014-08-09 17:00:00,,-14.169
2014-08-09 18:00:00,,-14.169
2014-08-09 19:00:00,,-14.172
2014-08-09 20:00:00,,-14.177
2014-08-09 21:00:00,,-14.182
2014-08-09 22:00:00,,-14.187
2014-08-09 23:00:00,,-14.189
2014-08-10 00:00:00,,-14.19
2014-08-10 01:00:00,,-14.19
2014-08-10 02:00:00,,-14.186
2014-08-10 03:00:00,,-14.182
2014-08-10 04:00:00,,-14.18
2014-08-10 05:00:00,,-14.178
2014-08-10 06:00:00,,-14.18
2014-08-10 07:00:00,,-14.184
2014-08-10 08:00:00,,-14.189
2014-08-10 09:00:00,,-14.193
2014-08-10 10:00:00,,-14.195
2014-08-10 11:00:00,,-14.196
2014-08-10 12:00:00,,-14.192
2014-08-10 13:00:00,,-14.187
2014-08-10 14:00:00,,-14.18
2014-08-10 15:00:00,,-14.174
2014-08-10 16:00:00,,-14.168
2014-08-10 17:00:00,,-14.164
2014-08-10 18:00:00,,-14.164
2014-08-10 19:00:00,,-14.166
2014-08-10 20:00:00,,-14.171
2014-08-10 21:00:00,,-14.177
2014-08-10 22:00:00,,-14.182
2014-08-10 23:00:00,,-14.185
2014-08-11 00:00:00,,-14.187
2014-08-11 01:00:00,,-14.187
2014-08-11 02:00:00,,-14.186
2014-08-11 03:00:00,,-14.183
2014-08-11 04:00:00,,-14.181
2014-08-11 05:00:00,,-14.179
2014-08-11 06:00:00,,-14.179
2014-08-11 07:00:00,,-14.182
2014-08-11 08:00:00,,-14.185
2014-08-11 09:00:00,,-14.19
2014-08-11 10:00:00,,-14.194
2014-08-11 11:00:00,,-14.195
2014-08-11 12:00:00,,-14.192
2014-08-11 13:00:00,,-14.188
2014-08-11 14:00:00,,-14.182
2014-08-11 15:00:00,,-14.175
2014-08-11 16:00:00,,-14.169
2014-08-11 17:00:00,,-14.166
2014-08-11 18:00:00,,-14.165
2014-08-11 19:00:00,,-14.167
2014-08-11 20:00:00,,-14.172
2014-08-11 21:00:00,,-14.177
2014-08-11 22:00:00,,-14.181
2014-08-11 23:00:00,,-14.185
2014-08-12 00:00:00,,-14.187
2014-08-12 01:00:00,,-14.185
2014-08-12 02:00:00,,-14.184
2014-08-12 03:00:00,,-14.184
2014-08-12 04:00:00,,-14.182
2014-08-12 05:00:00,,-14.179
2014-08-12 06:00:00,,-14.179
2014-08-12 07:00:00,,-14.182
2014-08-12 08:00:00,,-14.187
2014-08-12 09:00:00,,-14.191
2014-08-12 10:00:00,,-14.197
2014-08-12 11:00:00,,-14.2
2014-08-12 12:00:00,,-14.2
2014-08-12 13:00:00,,-14.196
2014-08-12 14:00:00,,-14.192
2014-08-12 15:00:00,,-14.186
2014-08-12 16:00:00,,-14.181
2014-08-12 17:00:00,,-14.179
2014-08-12 18:00:00,,-14.178
2014-08-12 19:00:00,,-14.178
2014-08-12 20:00:00,,-14.182
2014-08-12 21:00:00,,-14.187
2014-08-12 22:00:00,,-14.192
2014-08-12 23:00:00,,-14.196
2014-08-13 00:00:00,,-14.198
2014-08-13 01:00:00,,-14.2
2014-08-13 02:00:00,,-14.2
2014-08-13 03:00:00,,-14.199
2014-08-13 04:00:00,,-14.198
2014-08-13 05:00:00,,-14.196
2014-08-13 06:00:00,,-14.196
2014-08-13 07:00:00,,-14.197
2014-08-13 08:00:00,,-14.201
2014-08-13 09:00:00,,-14.206
2014-08-13 10:00:00,,-14.209
2014-08-13 11:00:00,,-14.213
2014-08-13 12:00:00,,-14.211
2014-08-13 13:00:00,,-14.208
2014-08-13 14:00:00,,-14.203
2014-08-13 15:00:00,,-14.196
2014-08-13 16:00:00,,-14.193
2014-08-13 17:00:00,,-14.189
2014-08-13 18:00:00,,-14.188
2014-08-13 19:00:00,,-14.188
2014-08-13 20:00:00,,-14.191
2014-08-13 21:00:00,,-14.194
2014-08-13 22:00:00,,-14.197
2014-08-13 23:00:00,,-14.2
2014-08-14 00:00:00,,-14.202
2014-08-14 01:00:00,,-14.204
2014-08-14 02:00:00,,-14.203
2014-08-14 03:00:00,,-14.201
2014-08-14 04:00:00,,-14.197
2014-08-14 05:00:00,,-14.194
2014-08-14 06:00:00,,-14.192
2014-08-14 07:00:00,,-14.191
2014-08-14 08:00:00,,-14.192
2014-08-14 09:00:00,,-14.193
2014-08-14 10:00:00,,-14.196
2014-08-14 11:00:00,,-14.196
2014-08-14 12:00:00,,-14.195
2014-08-14 13:00:00,,-14.192
2014-08-14 14:00:00,,-14.187
2014-08-14 15:00:00,,-14.184
2014-08-14 16:00:00,,-14.18
2014-08-14 17:00:00,,-14.177
2014-08-14 18:00:00,,-14.174
2014-08-14 19:00:00,,-14.176
2014-08-14 20:00:00,,-14.178
2014-08-14 21:00:00,,-14.181
2014-08-14 22:00:00,,-14.183
2014-08-14 23:00:00,,-14.185
2014-08-15 00:00:00,,-14.185
2014-08-15 01:00:00,,-14.185
2014-08-15 02:00:00,,-14.184
2014-08-15 03:00:00,,-14.182
2014-08-15 04:00:00,,-14.181
2014-08-15 05:00:00,,-14.18
2014-08-15 06:00:00,,-14.179
2014-08-15 07:00:00,,-14.179
2014-08-15 08:00:00,,-14.182
2014-08-15 09:00:00,,-14.184
2014-08-15 10:00:00,,-14.185
2014-08-15 11:00:00,,-14.182
2014-08-15 12:00:00,,-14.179
2014-08-15 13:00:00,,-14.175
2014-08-15 14:00:00,,-14.172
2014-08-15 15:00:00,,-14.166
2014-08-15 16:00:00,,-14.163
2014-08-15 17:00:00,,-14.162
2014-08-15 18:00:00,,-14.16
2014-08-15 19:00:00,,-14.162
2014-08-15 20:00:00,,-14.164
2014-08-15 21:00:00,,-14.165
2014-08-15 22:00:00,,-14.167
2014-08-15 23:00:00,,-14.166
2014-08-16 00:00:00,,-14.166
2014-08-16 01:00:00,,-14.166
2014-08-16 02:00:00,,-14.165
2014-08-16 03:00:00,,-14.164
2014-08-16 04:00:00,,-14.162
2014-08-16 05:00:00,,-14.161
2014-08-16 06:00:00,,-14.16
2014-08-16 07:00:00,,-14.16
2014-08-16 08:00:00,,-14.163
2014-08-16 09:00:00,,-14.164
2014-08-16 10:00:00,,-14.164
2014-08-16 11:00:00,,-14.164
2014-08-16 12:00:00,,-14.161
2014-08-16 13:00:00,,-14.158
2014-08-16 14:00:00,,-14.155
2014-08-16 15:00:00,,-14.15
2014-08-16 16:00:00,,-14.147
2014-08-16 17:00:00,,-14.145
2014-08-16 18:00:00,,-14.146
2014-08-16 19:00:00,,-14.148
2014-08-16 20:00:00,,-14.15
2014-08-16 21:00:00,,-14.153
2014-08-16 22:00:00,,-14.155
2014-08-16 23:00:00,,-14.156
2014-08-17 00:00:00,,-14.156
2014-08-17 01:00:00,,-14.158
2014-08-17 02:00:00,,-14.156
2014-08-17 03:00:00,,-14.158
2014-08-17 04:00:00,,-14.157
2014-08-17 05:00:00,,-14.158
2014-08-17 06:00:00,,-14.161
2014-08-17 07:00:00,,-14.162
2014-08-17 08:00:00,,-14.165
2014-08-17 09:00:00,,-14.167
2014-08-17 10:00:00,,-14.169
2014-08-17 11:00:00,,-14.168
2014-08-17 12:00:00,,-14.167
2014-08-17 13:00:00,,-14.163
2014-08-17 14:00:00,,-14.159
2014-08-17 15:00:00,,-14.157
2014-08-17 16:00:00,,-14.156
2014-08-17 17:00:00,,-14.156
2014-08-17 18:00:00,,-14.158
2014-08-17 19:00:00,,-14.159
2014-08-17 20:00:00,,-14.162
2014-08-17 21:00:00,,-14.166
2014-08-17 22:00:00,,-14.168
2014-08-17 23:00:00,,-14.169
2014-08-18 00:00:00,,-14.171
2014-08-18 01:00:00,,-14.171
2014-08-18 02:00:00,,-14.171
2014-08-18 03:00:00,,-14.169
2014-08-18 04:00:00,,-14.169
2014-08-18 05:00:00,,-14.17
2014-08-18 06:00:00,,-14.171
2014-08-18 07:00:00,,-14.175
2014-08-18 08:00:00,,-14.178
2014-08-18 09:00:00,,-14.182
2014-08-18 10:00:00,,-14.184
2014-08-18 11:00:00,,-14.183
2014-08-18 12:00:00,,-14.179
2014-08-18 13:00:00,,-14.175
2014-08-18 14:00:00,,-14.169
2014-08-18 15:00:00,,-14.165
2014-08-18 16:00:00,,-14.162
2014-08-18 17:00:00,,-14.161
2014-08-18 18:00:00,,-14.162
2014-08-18 19:00:00,,-14.164
2014-08-18 20:00:00,,-14.166
2014-08-18 21:00:00,,-14.168
2014-08-18 22:00:00,,-14.169
2014-08-18 23:00:00,,-14.17
2014-08-19 00:00:00,,-14.17
2014-08-19 01:00:00,,-14.17
2014-08-19 02:00:00,,-14.169
2014-08-19 03:00:00,,-14.168
2014-08-19 04:00:00,,-14.169
2014-08-19 05:00:00,,-14.169
2014-08-19 06:00:00,,-14.172
2014-08-19 07:00:00,,-14.175
2014-08-19 08:00:00,,-14.18
2014-08-19 09:00:00,,-14.182
2014-08-19 10:00:00,,-14.184
2014-08-19 11:00:00,,-14.181
2014-08-19 12:00:00,,-14.176
2014-08-19 13:00:00,,-14.17
2014-08-19 14:00:00,,-14.164
2014-08-19 15:00:00,,-14.158
2014-08-19 16:00:00,,-14.156
2014-08-19 17:00:00,,-14.153
2014-08-19 18:00:00,,-14.153
2014-08-19 19:00:00,,-14.155
2014-08-19 20:00:00,,-14.159
2014-08-19 21:00:00,,-14.16
2014-08-19 22:00:00,,-14.162
2014-08-19 23:00:00,,-14.164
2014-08-20 00:00:00,,-14.164
2014-08-20 01:00:00,,-14.163
2014-08-20 02:00:00,,-14.161
2014-08-20 03:00:00,,-14.159
2014-08-20 04:00:00,,-14.16
2014-08-20 05:00:00,,-14.159
2014-08-20 06:00:00,,-14.164
2014-08-20 07:00:00,,-14.166
2014-08-20 08:00:00,,-14.171
2014-08-20 09:00:00,,-14.174
2014-08-20 10:00:00,,-14.174
2014-08-20 11:00:00,,-14.174
2014-08-20 12:00:00,,-14.169
2014-08-20 13:00:00,,-14.164
2014-08-20 14:00:00,,-14.158
2014-08-20 15:00:00,,-14.153
2014-08-20 16:00:00,,-14.15
2014-08-20 17:00:00,,-14.148
2014-08-20 18:00:00,,-14.15
2014-08-20 19:00:00,,-14.151
2014-08-20 20:00:00,,-14.157
2014-08-20 21:00:00,,-14.16
2014-08-20 22:00:00,,-14.163
2014-08-20 23:00:00,,-14.165
2014-08-21 00:00:00,,-14.166
2014-08-21 01:00:00,,-14.164
2014-08-21 02:00:00,,-14.164
2014-08-21 03:00:00,,-14.163
2014-08-21 04:00:00,,-14.161
2014-08-21 05:00:00,,-14.161
2014-08-21 06:00:00,,-14.163
2014-08-21 07:00:00,,-14.166
2014-08-21 08:00:00,,-14.171
2014-08-21 09:00:00,,-14.174
2014-08-21 10:00:00,,-14.176
2014-08-21 11:00:00,,-14.175
2014-08-21 12:00:00,,-14.17
2014-08-21 13:00:00,,-14.165
2014-08-21 14:00:00,,-14.158
2014-08-21 15:00:00,,-14.152
2014-08-21 16:00:00,,-14.149
2014-08-21 17:00:00,,-14.147
2014-08-21 18:00:00,,-14.149
2014-08-21 19:00:00,,-14.154
2014-08-21 20:00:00,,-14.16
2014-08-21 21:00:00,,-14.166
2014-08-21 22:00:00,,-14.17
2014-08-21 23:00:00,,-14.173
2014-08-22 00:00:00,,-14.173
2014-08-22 01:00:00,,-14.173
2014-08-22 02:00:00,,-14.172
2014-08-22 03:00:00,,-14.17
2014-08-22 04:00:00,,-14.17
2014-08-22 05:00:00,,-14.169
2014-08-22 06:00:00,,-14.171
2014-08-22 07:00:00,,-14.174
2014-08-22 08:00:00,,-14.178
2014-08-22 09:00:00,,-14.183
2014-08-22 10:00:00,,-14.184
2014-08-22 11:00:00,,-14.184
2014-08-22 12:00:00,,-14.18
2014-08-22 13:00:00,,-14.174
2014-08-22 14:00:00,,-14.167
2014-08-22 15:00:00,,-14.161
2014-08-22 16:00:00,,-14.157
2014-08-22 17:00:00,,-14.156
2014-08-22 18:00:00,,-14.156
2014-08-22 19:00:00,,-14.159
2014-08-22 20:00:00,,-14.165
2014-08-22 21:00:00,,-14.17
2014-08-22 22:00:00,,-14.175
2014-08-22 23:00:00,,-14.179
2014-08-23 00:00:00,,-14.179
2014-08-23 01:00:00,,-14.178
2014-08-23 02:00:00,,-14.176
2014-08-23 03:00:00,,-14.173
2014-08-23 04:00:00,,-14.172
2014-08-23 05:00:00,,-14.172
2014-08-23 06:00:00,,-14.173
2014-08-23 07:00:00,,-14.177
2014-08-23 08:00:00,,-14.181
2014-08-23 09:00:00,,-14.186
2014-08-23 10:00:00,,-14.19
2014-08-23 11:00:00,,-14.189
2014-08-23 12:00:00,,-14.186
2014-08-23 13:00:00,,-14.181
2014-08-23 14:00:00,,-14.175
2014-08-23 15:00:00,,-14.17
2014-08-23 16:00:00,,-14.166
2014-08-23 17:00:00,,-14.165
2014-08-23 18:00:00,,-14.166
2014-08-23 19:00:00,,-14.17
2014-08-23 20:00:00,,-14.174
2014-08-23 21:00:00,,-14.18
2014-08-23 22:00:00,,-14.185
2014-08-23 23:00:00,,-14.187
2014-08-24 00:00:00,,-14.188
2014-08-24 01:00:00,,-14.186
2014-08-24 02:00:00,,-14.184
2014-08-24 03:00:00,,-14.182
2014-08-24 04:00:00,,-14.179
2014-08-24 05:00:00,,-14.178
2014-08-24 06:00:00,,-14.181
2014-08-24 07:00:00,,-14.184
2014-08-24 08:00:00,,-14.189
2014-08-24 09:00:00,,-14.195
2014-08-24 10:00:00,,-14.199
2014-08-24 11:00:00,,-14.199
2014-08-24 12:00:00,,-14.197
2014-08-24 13:00:00,,-14.192
2014-08-24 14:00:00,,-14.186
2014-08-24 15:00:00,,-14.182
2014-08-24 16:00:00,,-14.178
2014-08-24 17:00:00,,-14.177
2014-08-24 18:00:00,,-14.178
2014-08-24 19:00:00,,-14.182
2014-08-24 20:00:00,,-14.187
2014-08-24 21:00:00,,-14.193
2014-08-24 22:00:00,,-14.197
2014-08-24 23:00:00,,-14.2
2014-08-25 00:00:00,,-14.2
2014-08-25 01:00:00,,-14.201
2014-08-25 02:00:00,,-14.2
2014-08-25 03:00:00,,-14.197
2014-08-25 04:00:00,,-14.196
2014-08-25 05:00:00,,-14.195
2014-08-25 06:00:00,,-14.197
2014-08-25 07:00:00,,-14.2
2014-08-25 08:00:00,,-14.205
2014-08-25 09:00:00,,-14.209
2014-08-25 10:00:00,,-14.211
2014-08-25 11:00:00,,-14.211
2014-08-25 12:00:00,,-14.208
2014-08-25 13:00:00,,-14.201
2014-08-25 14:00:00,,-14.194
2014-08-25 15:00:00,,-14.186
2014-08-25 16:00:00,,-14.181
2014-08-25 17:00:00,,-14.178
2014-08-25 18:00:00,,-14.177
2014-08-25 19:00:00,,-14.179
2014-08-25 20:00:00,,-14.183
2014-08-25 21:00:00,,-14.188
2014-08-25 22:00:00,,-14.192
2014-08-25 23:00:00,,-14.196
2014-08-26 00:00:00,,-14.196
2014-08-26 01:00:00,,-14.195
2014-08-26 02:00:00,,-14.193
2014-08-26 03:00:00,,-14.189
2014-08-26 04:00:00,,-14.187
2014-08-26 05:00:00,,-14.184
2014-08-26 06:00:00,,-14.184
2014-08-26 07:00:00,,-14.186
2014-08-26 08:00:00,,-14.192
2014-08-26 09:00:00,,-14.195
2014-08-26 10:00:00,,-14.197
2014-08-26 11:00:00,,-14.198
2014-08-26 12:00:00,,-14.195
2014-08-26 13:00:00,,-14.189
2014-08-26 14:00:00,,-14.183
2014-08-26 15:00:00,,-14.176
2014-08-26 16:00:00,,-14.17
2014-08-26 17:00:00,,-14.167
2014-08-26 18:00:00,,-14.166
2014-08-26 19:00:00,,-14.167
2014-08-26 20:00:00,,-14.172
2014-08-26 21:00:00,,-14.176
2014-08-26 22:00:00,,-14.181
2014-08-26 23:00:00,,-14.184
2014-08-27 00:00:00,,-14.186
2014-08-27 01:00:00,,-14.185
2014-08-27 02:00:00,,-14.183
2014-08-27 03:00:00,,-14.182
2014-08-27 04:00:00,,-14.179
2014-08-27 05:00:00,,-14.177
2014-08-27 06:00:00,,-14.178
2014-08-27 07:00:00,,-14.181
2014-08-27 08:00:00,,-14.185
2014-08-27 09:00:00,,-14.189
2014-08-27 10:00:00,,-14.192
2014-08-27 11:00:00,,-14.193
2014-08-27 12:00:00,,-14.191
2014-08-27 13:00:00,,-14.187
2014-08-27 14:00:00,,-14.181
2014-08-27 15:00:00,,-14.175
2014-08-27 16:00:00,,-14.17
2014-08-27 17:00:00,,-14.167
2014-08-27 18:00:00,,-14.165
2014-08-27 19:00:00,,-14.167
2014-08-27 20:00:00,,-14.171
2014-08-27 21:00:00,,-14.177
2014-08-27 22:00:00,,-14.181
2014-08-27 23:00:00,,-14.184
2014-08-28 00:00:00,,-14.187
2014-08-28 01:00:00,,-14.187
2014-08-28 02:00:00,,-14.186
2014-08-28 03:00:00,,-14.183
2014-08-28 04:00:00,,-14.18
2014-08-28 05:00:00,,-14.182
2014-08-28 06:00:00,,-14.182
2014-08-28 07:00:00,,-14.184
2014-08-28 08:00:00,,-14.188
2014-08-28 09:00:00,,-14.191
2014-08-28 10:00:00,,-14.193
2014-08-28 11:00:00,,-14.196
2014-08-28 12:00:00,,-14.195
2014-08-28 13:00:00,,-14.193
2014-08-28 14:00:00,,-14.186
2014-08-28 15:00:00,,-14.182
2014-08-28 16:00:00,,-14.176
2014-08-28 17:00:00,,-14.172
2014-08-28 18:00:00,,-14.17
2014-08-28 19:00:00,,-14.171
2014-08-28 20:00:00,,-14.174
2014-08-28 21:00:00,,-14.176
2014-08-28 22:00:00,,-14.18
2014-08-28 23:00:00,,-14.183
2014-08-29 00:00:00,,-14.184
2014-08-29 01:00:00,,-14.186
2014-08-29 02:00:00,,-14.186
2014-08-29 03:00:00,,-14.184
2014-08-29 04:00:00,,-14.183
2014-08-29 05:00:00,,-14.183
2014-08-29 06:00:00,,-14.185
2014-08-29 07:00:00,,-14.186
2014-08-29 08:00:00,,-14.189
2014-08-29 09:00:00,,-14.192
2014-08-29 10:00:00,,-14.194
2014-08-29 11:00:00,,-14.195
2014-08-29 12:00:00,,-14.194
2014-08-29 13:00:00,,-14.189
2014-08-29 14:00:00,,-14.183
2014-08-29 15:00:00,,-14.177
2014-08-29 16:00:00,,-14.171
2014-08-29 17:00:00,,-14.167
2014-08-29 18:00:00,,-14.165
2014-08-29 19:00:00,,-14.166
2014-08-29 20:00:00,,-14.167
2014-08-29 21:00:00,,-14.169
2014-08-29 22:00:00,,-14.172
2014-08-29 23:00:00,,-14.177
2014-08-30 00:00:00,,-14.176
2014-08-30 01:00:00,,-14.179
2014-08-30 02:00:00,,-14.179
2014-08-30 03:00:00,,-14.178
2014-08-30 04:00:00,,-14.178
2014-08-30 05:00:00,,-14.177
2014-08-30 06:00:00,,-14.178
2014-08-30 07:00:00,,-14.181
2014-08-30 08:00:00,,-14.183
2014-08-30 09:00:00,,-14.186
2014-08-30 10:00:00,,-14.187
2014-08-30 11:00:00,,-14.186
2014-08-30 12:00:00,,-14.183
2014-08-30 13:00:00,,-14.179
2014-08-30 14:00:00,,-14.174
2014-08-30 15:00:00,,-14.167
2014-08-30 16:00:00,,-14.164
2014-08-30 17:00:00,,-14.158
2014-08-30 18:00:00,,-14.155
2014-08-30 19:00:00,,-14.157
2014-08-30 20:00:00,,-14.158
2014-08-30 21:00:00,,-14.161
2014-08-30 22:00:00,,-14.162
2014-08-30 23:00:00,,-14.163
2014-08-31 00:00:00,,-14.166
2014-08-31 01:00:00,,-14.166
2014-08-31 02:00:00,,-14.166
2014-08-31 03:00:00,,-14.164
2014-08-31 04:00:00,,-14.163
2014-08-31 05:00:00,,-14.162
2014-08-31 06:00:00,,-14.162
2014-08-31 07:00:00,,-14.163
2014-08-31 08:00:00,,-14.168
2014-08-31 09:00:00,,-14.169
2014-08-31 10:00:00,,-14.17
2014-08-31 11:00:00,,-14.169
2014-08-31 12:00:00,,-14.167
2014-08-31 13:00:00,,-14.164
2014-08-31 14:00:00,,-14.16
2014-08-31 15:00:00,,-14.154
2014-08-31 16:00:00,,-14.152
2014-08-31 17:00:00,,-14.148
2014-08-31 18:00:00,,-14.146
2014-08-31 19:00:00,,-14.145
2014-08-31 20:00:00,,-14.148
2014-08-31 21:00:00,,-14.149
2014-08-31 22:00:00,,-14.15
2014-08-31 23:00:00,,-14.15
2014-09-01 00:00:00,,-14.149
2014-09-01 01:00:00,,-14.151
2014-09-01 02:00:00,,-14.15
2014-09-01 03:00:00,,-14.151
2014-09-01 04:00:00,,-14.152
2014-09-01 05:00:00,,-14.151
2014-09-01 06:00:00,,-14.154
2014-09-01 07:00:00,,-14.156
2014-09-01 08:00:00,,-14.161
2014-09-01 09:00:00,,-14.162
2014-09-01 10:00:00,,-14.166
2014-09-01 11:00:00,,-14.167
2014-09-01 12:00:00,,-14.166
2014-09-01 13:00:00,,-14.162
2014-09-01 14:00:00,,-14.157
2014-09-01 15:00:00,,-14.155
2014-09-01 16:00:00,,-14.151
2014-09-01 17:00:00,,-14.151
2014-09-01 18:00:00,,-14.151
2014-09-01 19:00:00,,-14.153
2014-09-01 20:00:00,,-14.156
2014-09-01 21:00:00,,-14.159
2014-09-01 22:00:00,,-14.16
2014-09-01 23:00:00,,-14.161
2014-09-02 00:00:00,,-14.164
2014-09-02 01:00:00,,-14.167
2014-09-02 02:00:00,,-14.168
2014-09-02 03:00:00,,-14.17
2014-09-02 04:00:00,,-14.172
2014-09-02 05:00:00,,-14.175
2014-09-02 06:00:00,,-14.179
2014-09-02 07:00:00,,-14.184
2014-09-02 08:00:00,,-14.188
2014-09-02 09:00:00,,-14.192
2014-09-02 10:00:00,,-14.196
2014-09-02 11:00:00,,-14.199
2014-09-02 12:00:00,,-14.197
2014-09-02 13:00:00,,-14.193
2014-09-02 14:00:00,,-14.189
2014-09-02 15:00:00,,-14.186
2014-09-02 16:00:00,,-14.183
2014-09-02 17:00:00,,-14.182
2014-09-02 18:00:00,,-14.182
2014-09-02 19:00:00,,-14.184
2014-09-02 20:00:00,,-14.186
2014-09-02 21:00:00,,-14.188
2014-09-02 22:00:00,,-14.191
2014-09-02 23:00:00,,-14.192
2014-09-03 00:00:00,,-14.192
2014-09-03 01:00:00,,-14.191
2014-09-03 02:00:00,,-14.191
2014-09-03 03:00:00,,-14.191
2014-09-03 04:00:00,,-14.191
2014-09-03 05:00:00,,-14.193
2014-09-03 06:00:00,,-14.196
2014-09-03 07:00:00,,-14.199
2014-09-03 08:00:00,,-14.201
2014-09-03 09:00:00,,-14.204
2014-09-03 10:00:00,,-14.203
2014-09-03 11:00:00,,-14.201
2014-09-03 12:00:00,,-14.197
2014-09-03 13:00:00,,-14.191
2014-09-03 14:00:00,,-14.185
2014-09-03 15:00:00,,-14.179
2014-09-03 16:00:00,,-14.174
2014-09-03 17:00:00,,-14.171
2014-09-03 18:00:00,,-14.171
2014-09-03 19:00:00,,-14.17
2014-09-03 20:00:00,,-14.171
2014-09-03 21:00:00,,-14.171
2014-09-03 22:00:00,,-14.171
2014-09-03 23:00:00,,-14.17
2014-09-04 00:00:00,,-14.169
2014-09-04 01:00:00,,-14.167
2014-09-04 02:00:00,,-14.164
2014-09-04 03:00:00,,-14.162
2014-09-04 04:00:00,,-14.161
2014-09-04 05:00:00,,-14.16
2014-09-04 06:00:00,,-14.163
2014-09-04 07:00:00,,-14.165
2014-09-04 08:00:00,,-14.167
2014-09-04 09:00:00,,-14.168
2014-09-04 10:00:00,,-14.167
2014-09-04 11:00:00,,-14.163
2014-09-04 12:00:00,,-14.158
2014-09-04 13:00:00,,-14.153
2014-09-04 14:00:00,,-14.146
2014-09-04 15:00:00,,-14.142
2014-09-04 16:00:00,,-14.137
2014-09-04 17:00:00,,-14.136
2014-09-04 18:00:00,,-14.137
2014-09-04 19:00:00,,-14.14
2014-09-04 20:00:00,,-14.144
2014-09-04 21:00:00,,-14.144
2014-09-04 22:00:00,,-14.145
2014-09-04 23:00:00,,-14.145
2014-09-05 00:00:00,,-14.145
2014-09-05 01:00:00,,-14.147
2014-09-05 02:00:00,,-14.146
2014-09-05 03:00:00,,-14.145
2014-09-05 04:00:00,,-14.147
2014-09-05 05:00:00,,-14.149
2014-09-05 06:00:00,,-14.152
2014-09-05 07:00:00,,-14.157
2014-09-05 08:00:00,,-14.163
2014-09-05 09:00:00,,-14.167
2014-09-05 10:00:00,,-14.17
2014-09-05 11:00:00,,-14.17
2014-09-05 12:00:00,,-14.167
2014-09-05 13:00:00,,-14.161
2014-09-05 14:00:00,,-14.154
2014-09-05 15:00:00,,-14.149
2014-09-05 16:00:00,,-14.146
2014-09-05 17:00:00,,-14.145
2014-09-05 18:00:00,,-14.148
2014-09-05 19:00:00,,-14.152
2014-09-05 20:00:00,,-14.159
2014-09-05 21:00:00,,-14.164
2014-09-05 22:00:00,,-14.168
2014-09-05 23:00:00,,-14.169
2014-09-06 00:00:00,,-14.168
2014-09-06 01:00:00,,-14.167
2014-09-06 02:00:00,,-14.163
2014-09-06 03:00:00,,-14.159
2014-09-06 04:00:00,,-14.156
2014-09-06 05:00:00,,-14.159
2014-09-06 06:00:00,,-14.165
2014-09-06 07:00:00,,-14.169
2014-09-06 08:00:00,,-14.172
2014-09-06 09:00:00,,-14.176
2014-09-06 10:00:00,,-14.178
2014-09-06 11:00:00,,-14.178
2014-09-06 12:00:00,,-14.176
2014-09-06 13:00:00,,-14.171
2014-09-06 14:00:00,,-14.165
2014-09-06 15:00:00,,-14.159
2014-09-06 16:00:00,,-14.155
2014-09-06 17:00:00,,-14.154
2014-09-06 18:00:00,,-14.156
2014-09-06 19:00:00,,-14.16
2014-09-06 20:00:00,,-14.166
2014-09-06 21:00:00,,-14.171
2014-09-06 22:00:00,,-14.174
2014-09-06 23:00:00,,-14.175
2014-09-07 00:00:00,,-14.175
2014-09-07 01:00:00,,-14.173
2014-09-07 02:00:00,,-14.17
2014-09-07 03:00:00,,-14.166
2014-09-07 04:00:00,,-14.165
2014-09-07 05:00:00,,-14.166
2014-09-07 06:00:00,,-14.169
2014-09-07 07:00:00,,-14.174
2014-09-07 08:00:00,,-14.179
2014-09-07 09:00:00,,-14.184
2014-09-07 10:00:00,,-14.186
2014-09-07 11:00:00,,-14.186
2014-09-07 12:00:00,,-14.183
2014-09-07 13:00:00,,-14.177
2014-09-07 14:00:00,,-14.17
2014-09-07 15:00:00,,-14.163
2014-09-07 16:00:00,,-14.159
2014-09-07 17:00:00,,-14.157
2014-09-07 18:00:00,,-14.157
2014-09-07 19:00:00,,-14.161
2014-09-07 20:00:00,,-14.164
2014-09-07 21:00:00,,-14.169
2014-09-07 22:00:00,,-14.172
2014-09-07 23:00:00,,-14.174
2014-09-08 00:00:00,,-14.174
2014-09-08 01:00:00,,-14.17
2014-09-08 02:00:00,,-14.167
2014-09-08 03:00:00,,-14.163
2014-09-08 04:00:00,,-14.16
2014-09-08 05:00:00,,-14.16
2014-09-08 06:00:00,,-14.162
2014-09-08 07:00:00,,-14.166
2014-09-08 08:00:00,,-14.171
2014-09-08 09:00:00,,-14.175
2014-09-08 10:00:00,,-14.178
2014-09-08 11:00:00,,-14.177
2014-09-08 12:00:00,,-14.174
2014-09-08 13:00:00,,-14.168
2014-09-08 14:00:00,,-14.161
2014-09-08 15:00:00,,-14.153
2014-09-08 16:00:00,,-14.146
2014-09-08 17:00:00,,-14.142
2014-09-08 18:00:00,,-14.142
2014-09-08 19:00:00,,-14.142
2014-09-08 20:00:00,,-14.148
2014-09-08 21:00:00,,-14.152
2014-09-08 22:00:00,,-14.157
2014-09-08 23:00:00,,-14.159
2014-09-09 00:00:00,,-14.16
2014-09-09 01:00:00,,-14.158
2014-09-09 02:00:00,,-14.156
2014-09-09 03:00:00,,-14.151
2014-09-09 04:00:00,,-14.148
2014-09-09 05:00:00,,-14.145
2014-09-09 06:00:00,,-14.146
2014-09-09 07:00:00,,-14.15
2014-09-09 08:00:00,,-14.154
2014-09-09 09:00:00,,-14.158
2014-09-09 10:00:00,,-14.161
2014-09-09 11:00:00,,-14.163
2014-09-09 12:00:00,,-14.161
2014-09-09 13:00:00,,-14.157
2014-09-09 14:00:00,,-14.153
2014-09-09 15:00:00,,-14.147
2014-09-09 16:00:00,,-14.142
2014-09-09 17:00:00,,-14.139
2014-09-09 18:00:00,,-14.138
2014-09-09 19:00:00,,-14.141
2014-09-09 20:00:00,,-14.146
2014-09-09 21:00:00,,-14.152
2014-09-09 22:00:00,,-14.157
2014-09-09 23:00:00,,-14.162
2014-09-10 00:00:00,,-14.164
2014-09-10 01:00:00,,-14.164
2014-09-10 02:00:00,,-14.163
2014-09-10 03:00:00,,-14.161
2014-09-10 04:00:00,,-14.16
2014-09-10 05:00:00,,-14.16
2014-09-10 06:00:00,,-14.161
2014-09-10 07:00:00,,-14.166
2014-09-10 08:00:00,,-14.173
2014-09-10 09:00:00,,-14.179
2014-09-10 10:00:00,,-14.185
2014-09-10 11:00:00,,-14.188
2014-09-10 12:00:00,,-14.187
2014-09-10 13:00:00,,-14.183
2014-09-10 14:00:00,,-14.179
2014-09-10 15:00:00,,-14.172
2014-09-10 16:00:00,,-14.166
2014-09-10 17:00:00,,-14.162
2014-09-10 18:00:00,,-14.161
2014-09-10 19:00:00,,-14.163
2014-09-10 20:00:00,,-14.166
2014-09-10 21:00:00,,-14.17
2014-09-10 22:00:00,,-14.175
2014-09-10 23:00:00,,-14.178
2014-09-11 00:00:00,,-14.181
2014-09-11 01:00:00,,-14.181
2014-09-11 02:00:00,,-14.179
2014-09-11 03:00:00,,-14.175
2014-09-11 04:00:00,,-14.173
2014-09-11 05:00:00,,-14.172
2014-09-11 06:00:00,,-14.174
2014-09-11 07:00:00,,-14.177
2014-09-11 08:00:00,,-14.181
2014-09-11 09:00:00,,-14.19
2014-09-11 09:05:00,,-14.19
2014-09-11 09:06:00,,-14.19
2014-09-11 09:06:01,,NaN
2024-08-28 15:59:59,,NaN
2024-08-28 16:00:00,,-14.373946195503681
2024-08-28 17:00:00,,-14.367937788551131
2024-08-28 18:00:00,,-14.369929381598583
2024-08-28 19:00:00,,-14.375920974646032
2024-08-28 20:00:00,,-14.373912567693482
2024-08-28 21:00:00,,-14.377904160740933
2024-08-28 22:00:00,,-14.381895753788383
2024-08-28 23:00:00,,-14.380887346835832
2024-08-29 00:00:00,,-14.379878939883284
2024-08-29 01:00:00,,-14.376870532930734
2024-08-29 02:00:00,,-14.372862125978182
2024-08-29 03:00:00,,-14.371853719025633
2024-08-29 04:00:00,,-14.366845312073085
2024-08-29 05:00:00,,-14.366836905120536
2024-08-29 06:00:00,,-14.368828498167984
2024-08-29 07:00:00,,-14.373820091215435
2024-08-29 08:00:00,,-14.377811684262886
2024-08-29 09:00:00,,-14.379803277310335
2024-08-29 10:00:00,,-14.383794870357786
2024-08-29 11:00:00,,-14.379786463405237
2024-08-29 12:00:00,,-14.379778056452686
2024-08-29 13:00:00,,-14.371769649500136
2024-08-29 14:00:00,,-14.362761242547586
2024-08-29 15:00:00,,-14.359752835595035
2024-08-29 16:00:00,,-14.357744428642487
2024-08-29 17:00:00,,-14.352736021689937
2024-08-29 18:00:00,,-14.355727614737388
2024-08-29 19:00:00,,-14.354719207784838
2024-08-29 20:00:00,,-14.357710800832288
2024-08-29 21:00:00,,-14.364702393879739
2024-08-29 22:00:00,,-14.365693986927187
2024-08-29 23:00:00,,-14.36368557997464
2024-08-30 00:00:00,,-14.36367717302209
2024-08-30 01:00:00,,-14.362668766069538
2024-08-30 02:00:00,,-14.35666035911699
2024-08-30 03:00:00,,-14.35465195216444
2024-08-30 04:00:00,,-14.34964354521189
2024-08-30 05:00:00,,-14.35063513825934
2024-08-30 06:00:00,,-14.35262673130679
2024-08-30 07:00:00,,-14.356618324354242
2024-08-30 08:00:00,,-14.36260991740169
2024-08-30 09:00:00,,-14.366601510449142
2024-08-30 10:00:00,,-14.366593103496593
2024-08-30 11:00:00,,-14.364584696544041
2024-08-30 12:00:00,,-14.358576289591491
2024-08-30 13:00:00,,-14.352567882638942
2024-08-30 14:00:00,,-14.347559475686394
2024-08-30 15:00:00,,-14.342551068733842
2024-08-30 16:00:00,,-14.338542661781293
2024-08-30 17:00:00,,-14.336534254828743
2024-08-30 18:00:00,,-14.337525847876194
2024-08-30 19:00:00,,-14.342517440923643
2024-08-30 20:00:00,,-14.344509033971095
2024-08-30 21:00:00,,-14.349500627018543
2024-08-30 22:00:00,,-14.353492220065995
2024-08-30 23:00:00,,-14.355483813113445
2024-08-31 00:00:00,,-14.356475406160897
2024-08-31 01:00:00,,-14.350466999208345
2024-08-31 02:00:00,,-14.349458592255795
2024-08-31 03:00:00,,-14.346450185303246
2024-08-31 04:00:00,,-14.343441778350694
2024-08-31 05:00:00,,-14.343433371398145
2024-08-31 06:00:00,,-14.347424964445597
2024-08-31 07:00:00,,-14.353416557493047
2024-08-31 08:00:00,,-14.360408150540497
2024-08-31 09:00:00,,-14.360399743587948
2024-08-31 10:00:00,,-14.363391336635399
2024-08-31 11:00:00,,-14.362382929682846
2024-08-31 12:00:00,,-14.361374522730298
2024-08-31 13:00:00,,-14.354366115777749
2024-08-31 14:00:00,,-14.350357708825198
2024-08-31 15:00:00,,-14.347349301872649
2024-08-31 16:00:00,,-14.3403408949201
2024-08-31 17:00:00,,-14.338332487967548
2024-08-31 18:00:00,,-14.338324081015
2024-08-31 19:00:00,,-14.34231567406245
2024-08-31 20:00:00,,-14.3473072671099
2024-08-31 21:00:00,,-14.35429886015735
2024-08-31 22:00:00,,-14.356290453204801
2024-08-31 23:00:00,,-14.360282046252252
2024-09-01 00:00:00,,-14.3642736392997
2024-09-01 01:00:00,,-14.36226523234715
2024-09-01 02:00:00,,-14.364256825394602
2024-09-01 03:00:00,,-14.363248418442051
2024-09-01 04:00:00,,-14.3592400114895
2024-09-01 05:00:00,,-14.358231604536952
2024-09-01 06:00:00,,-14.364223197584401
2024-09-01 07:00:00,,-14.368214790631852
2024-09-01 08:00:00,,-14.373206383679303
2024-09-01 09:00:00,,-14.378197976726753
2024-09-01 10:00:00,,-14.383189569774203
2024-09-01 11:00:00,,-14.380181162821653
2024-09-01 12:00:00,,-14.381172755869104
2024-09-01 13:00:00,,-14.375164348916552
2024-09-01 14:00:00,,-14.373155941964004
2024-09-01 15:00:00,,-14.364147535011455
2024-09-01 16:00:00,,-14.359139128058903
2024-09-01 17:00:00,,-14.362130721106354
2024-09-01 18:00:00,,-14.360122314153806
2024-09-01 19:00:00,,-14.361113907201256
2024-09-01 20:00:00,,-14.364105500248705
2024-09-01 21:00:00,,-14.371097093296155
2024-09-01 22:00:00,,-14.376088686343607
2024-09-01 23:00:00,,-14.380080279391056
2024-09-02 00:00:00,,-14.382071872438507
2024-09-02 01:00:00,,-14.380063465485957
2024-09-02 02:00:00,,-14.379055058533407
2024-09-02 03:00:00,,-14.378046651580856
2024-09-02 04:00:00,,-14.377038244628308
2024-09-02 05:00:00,,-14.378029837675758
2024-09-02 06:00:00,,-14.380021430723207
2024-09-02 07:00:00,,-14.385013023770659
2024-09-02 08:00:00,,-14.390004616818109
2024-09-02 09:00:00,,-14.393996209865557
2024-09-02 10:00:00,,-14.401987802913009
2024-09-02 11:00:00,,-14.40197939596046
2024-09-02 12:00:00,,-14.402970989007908
2024-09-02 13:00:00,,-14.399962582055359
2024-09-02 14:00:00,,-14.39595417510281
2024-09-02 15:00:00,,-14.388945768150261
2024-09-02 16:00:00,,-14.38693736119771
2024-09-02 17:00:00,,-14.38692895424516
2024-09-02 18:00:00,,-14.386920547292611
2024-09-02 19:00:00,,-14.391912140340061
2024-09-02 20:00:00,,-14.39690373338751
2024-09-02 21:00:00,,-14.406895326434961
2024-09-02 22:00:00,,-14.414886919482411
2024-09-02 23:00:00,,-14.415878512529861
2024-09-03 00:00:00,,-14.420870105577313
2024-09-03 01:00:00,,-14.416861698624762
2024-09-03 02:00:00,,-14.417853291672213
2024-09-03 03:00:00,,-14.417844884719663
2024-09-03 04:00:00,,-14.411836477767114
2024-09-03 05:00:00,,-14.410828070814564
2024-09-03 06:00:00,,-14.414819663862014
2024-09-03 07:00:00,,-14.415811256909464
2024-09-03 08:00:00,,-14.420802849956914
2024-09-03 09:00:00,,-14.423794443004365
2024-09-03 10:00:00,,-14.428786036051815
2024-09-03 11:00:00,,-14.430777629099264
2024-09-03 12:00:00,,-14.422769222146714
2024-09-03 13:00:00,,-14.420760815194166
2024-09-03 14:00:00,,-14.410752408241617
2024-09-03 15:00:00,,-14.402744001289065
2024-09-03 16:00:00,,-14.399735594336516
2024-09-03 17:00:00,,-14.392727187383967
2024-09-03 18:00:00,,-14.390718780431415
2024-09-03 19:00:00,,-14.393710373478866
2024-09-03 20:00:00,,-14.397701966526318
2024-09-03 21:00:00,,-14.401693559573767
2024-09-03 22:00:00,,-14.403685152621216
2024-09-03 23:00:00,,-14.409676745668667
2024-09-04 00:00:00,,-14.409668338716118
2024-09-04 01:00:00,,-14.406659931763567
2024-09-04 02:00:00,,-14.405651524811018
2024-09-04 03:00:00,,-14.40064311785847
2024-09-04 04:00:00,,-14.398634710905919
2024-09-04 05:00:00,,-14.39562630395337
2024-09-04 06:00:00,,-14.39661789700082
2024-09-04 07:00:00,,-14.395609490048269
2024-09-04 08:00:00,,-14.39760108309572
2024-09-04 09:00:00,,-14.39859267614317
2024-09-04 10:00:00,,-14.402584269190621
2024-09-04 11:00:00,,-14.39957586223807
2024-09-04 12:00:00,,-14.394567455285522
2024-09-04 13:00:00,,-14.390559048332971
2024-09-04 14:00:00,,-14.38055064138042
2024-09-04 15:00:00,,-14.372542234427872
2024-09-04 16:00:00,,-14.364533827475322
2024-09-04 17:00:00,,-14.363525420522771
2024-09-04 18:00:00,,-14.358517013570221
2024-09-04 19:00:00,,-14.358508606617672
2024-09-04 20:00:00,,-14.363500199665124
2024-09-04 21:00:00,,-14.362491792712573
2024-09-04 22:00:00,,-14.367483385760023
2024-09-04 23:00:00,,-14.371474978807473
2024-09-05 00:00:00,,-14.371466571854922
2024-09-05 01:00:00,,-14.372458164902374
2024-09-05 02:00:00,,-14.370449757949824
2024-09-05 03:00:00,,-14.364441350997273
2024-09-05 04:00:00,,-14.363432944044725
2024-09-05 05:00:00,,-14.366424537092175
2024-09-05 06:00:00,,-14.364416130139624
2024-09-05 07:00:00,,-14.366407723187075
2024-09-05 08:00:00,,-14.370399316234526
2024-09-05 09:00:00,,-14.375390909281977
2024-09-05 10:00:00,,-14.376382502329426
2024-09-05 11:00:00,,-14.377374095376876
2024-09-05 12:00:00,,-14.376365688424327
2024-09-05 13:00:00,,-14.373357281471776
2024-09-05 14:00:00,,-14.367348874519227
2024-09-05 15:00:00,,-14.363340467566678
2024-09-05 16:00:00,,-14.357332060614127
2024-09-05 17:00:00,,-14.357323653661577
2024-09-05 18:00:00,,-14.353315246709029
2024-09-05 19:00:00,,-14.35330683975648
2024-09-05 20:00:00,,-14.356298432803928
2024-09-05 21:00:00,,-14.36529002585138
2024-09-05 22:00:00,,-14.371281618898829
2024-09-05 23:00:00,,-14.372273211946279
2024-09-06 00:00:00,,-14.374264804993729
2024-09-06 01:00:00,,-14.37825639804118
2024-09-06 02:00:00,,-14.374247991088628
2024-09-06 03:00:00,,-14.37523958413608
2024-09-06 04:00:00,,-14.37423117718353
2024-09-06 05:00:00,,-14.37422277023098
2024-09-06 06:00:00,,-14.372214363278431
2024-09-06 07:00:00,,-14.376205956325881
2024-09-06 08:00:00,,-14.381197549373333
2024-09-06 09:00:00,,-14.385189142420781
2024-09-06 10:00:00,,-14.390180735468231
2024-09-06 11:00:00,,-14.392172328515683
2024-09-06 12:00:00,,-14.391163921563132
2024-09-06 13:00:00,,-14.387155514610582
2024-09-06 14:00:00,,-14.385147107658034
2024-09-06 15:00:00,,-14.378138700705485
2024-09-06 16:00:00,,-14.375130293752933
2024-09-06 17:00:00,,-14.374121886800383
2024-09-06 18:00:00,,-14.376113479847834
2024-09-06 19:00:00,,-14.377105072895283
2024-09-06 20:00:00,,-14.382096665942735
2024-09-06 21:00:00,,-14.385088258990185
2024-09-06 22:00:00,,-14.387079852037633
2024-09-06 23:00:00,,-14.390071445085084
2024-09-07 00:00:00,,-14.393063038132535
2024-09-07 01:00:00,,-14.388054631179987
2024-09-07 02:00:00,,-14.391046224227436
2024-09-07 03:00:00,,-14.392037817274886
2024-09-07 04:00:00,,-14.393029410322336
2024-09-07 05:00:00,,-14.393021003369785
2024-09-07 06:00:00,,-14.392012596417237
2024-09-07 07:00:00,,-14.397004189464688
2024-09-07 08:00:00,,-14.400995782512137
2024-09-07 09:00:00,,-14.404987375559587
2024-09-07 10:00:00,,-14.407978968607038
2024-09-07 11:00:00,,-14.407970561654489
2024-09-07 12:00:00,,-14.406962154701938
2024-09-07 13:00:00,,-14.401953747749388
2024-09-07 14:00:00,,-14.398945340796839
2024-09-07 15:00:00,,-14.390936933844289
2024-09-07 16:00:00,,-14.386928526891738
2024-09-07 17:00:00,,-14.38392011993919
2024-09-07 18:00:00,,-14.38191171298664
2024-09-07 19:00:00,,-14.38090330603409
2024-09-07 20:00:00,,-14.383894899081541
2024-09-07 21:00:00,,-14.38888649212899
2024-09-07 22:00:00,,-14.39087808517644
2024-09-07 23:00:00,,-14.390869678223892
2024-09-08 00:00:00,,-14.393861271271343
2024-09-08 01:00:00,,-14.394852864318791
2024-09-08 02:00:00,,-14.393844457366242
2024-09-08 03:00:00,,-14.395836050413692
2024-09-08 04:00:00,,-14.396827643461142
2024-09-08 05:00:00,,-14.395819236508592
2024-09-08 06:00:00,,-14.396810829556044
2024-09-08 07:00:00,,-14.399802422603493
2024-09-08 08:00:00,,-14.403794015650943
2024-09-08 09:00:00,,-14.402785608698393
2024-09-08 10:00:00,,-14.408777201745844
2024-09-08 11:00:00,,-14.409768794793294
2024-09-08 12:00:00,,-14.407760387840744
2024-09-08 13:00:00,,-14.405751980888194
2024-09-08 14:00:00,,-14.405743573935643
2024-09-08 15:00:00,,-14.400735166983095
2024-09-08 16:00:00,,-14.395726760030545
2024-09-08 17:00:00,,-14.401718353077994
2024-09-08 18:00:00,,-14.395709946125445
2024-09-08 19:00:00,,-14.397701539172896
2024-09-08 20:00:00,,-14.400693132220347
2024-09-08 21:00:00,,-14.402684725267795
2024-09-08 22:00:00,,-14.401676318315246
2024-09-08 23:00:00,,-14.403667911362698
2024-09-09 00:00:00,,-14.401659504410146
2024-09-09 01:00:00,,-14.399651097457598
2024-09-09 02:00:00,,-14.395642690505047
2024-09-09 03:00:00,,-14.393634283552498
2024-09-09 04:00:00,,-14.395625876599947
2024-09-09 05:00:00,,-14.394617469647399
2024-09-09 06:00:00,,-14.395609062694849
2024-09-09 07:00:00,,-14.396600655742299
2024-09-09 08:00:00,,-14.39959224878975
2024-09-09 09:00:00,,-14.4035838418372
2024-09-09 10:00:00,,-14.40357543488465
2024-09-09 11:00:00,,-14.4035670279321
2024-09-09 12:00:00,,-14.39855862097955
2024-09-09 13:00:00,,-14.396550214027
2024-09-09 14:00:00,,-14.39254180707445
2024-09-09 15:00:00,,-14.3855334001219
2024-09-09 16:00:00,,-14.384524993169352
2024-09-09 17:00:00,,-14.3785165862168
2024-09-09 18:00:00,,-14.374508179264252
2024-09-09 19:00:00,,-14.377499772311703
2024-09-09 20:00:00,,-14.37949136535915
2024-09-09 21:00:00,,-14.381482958406602
2024-09-09 22:00:00,,-14.387474551454053
2024-09-09 23:00:00,,-14.386466144501501
2024-09-10 00:00:00,,-14.386457737548952
2024-09-10 01:00:00,,-14.389449330596403
2024-09-10 02:00:00,,-14.384440923643853
2024-09-10 03:00:00,,-14.387432516691304
2024-09-10 04:00:00,,-14.383424109738755
2024-09-10 05:00:00,,-14.382415702786204
2024-09-10 06:00:00,,-14.384407295833654
2024-09-10 07:00:00,,-14.384398888881105
2024-09-10 08:00:00,,-14.389390481928555
2024-09-10 09:00:00,,-14.388382074976004
2024-09-10 10:00:00,,-14.390373668023456
2024-09-10 11:00:00,,-14.388365261070906
2024-09-10 12:00:00,,-14.385356854118355
2024-09-10 13:00:00,,-14.380348447165806
2024-09-10 14:00:00,,-14.376340040213256
2024-09-10 15:00:00,,-14.372331633260707
2024-09-10 16:00:00,,-14.367323226308157
2024-09-10 17:00:00,,-14.367314819355608
2024-09-10 18:00:00,,-14.365306412403058
2024-09-10 19:00:00,,-14.367298005450508
2024-09-10 20:00:00,,-14.369289598497957
2024-09-10 21:00:00,,-14.373281191545408
2024-09-10 22:00:00,,-14.377272784592858
2024-09-10 23:00:00,,-14.380264377640309
2024-09-11 00:00:00,,-14.38025597068776
2024-09-11 01:00:00,,-14.38024756373521
2024-09-11 02:00:00,,-14.379239156782658
2024-09-11 03:00:00,,-14.37823074983011
2024-09-11 04:00:00,,-14.38022234287756
2024-09-11 05:00:00,,-14.38021393592501
2024-09-11 06:00:00,,-14.38420552897246
2024-09-11 07:00:00,,-14.38619712201991
2024-09-11 08:00:00,,-14.392188715067359
2024-09-11 09:00:00,,-14.39218030811481
2024-09-11 10:00:00,,-14.39517190116226
2024-09-11 11:00:00,,-14.395163494209712
2024-09-11 12:00:00,,-14.39515508725716
2024-09-11 13:00:00,,-14.390146680304612
2024-09-11 14:00:00,,-14.388138273352062
2024-09-11 15:00:00,,-14.382129866399511
2024-09-11 16:00:00,,-14.379121459446962
2024-09-11 17:00:00,,-14.380113052494414
2024-09-11 18:00:00,,-14.379104645541862
2024-09-11 19:00:00,,-14.381096238589313
2024-09-11 20:00:00,,-14.383087831636765
2024-09-11 21:00:00,,-14.386079424684214
2024-09-11 22:00:00,,-14.388071017731663
2024-09-11 23:00:00,,-14.388062610779114
2024-09-12 00:00:00,,-14.394054203826565
2024-09-12 01:00:00,,-14.396045796874015
2024-09-12 02:00:00,,-14.400037389921465
2024-09-12 03:00:00,,-14.398028982968915
2024-09-12 04:00:00,,-14.400020576016365
2024-09-12 05:00:00,,-14.402012169063815
2024-09-12 06:00:00,,-14.402003762111265
2024-09-12 07:00:00,,-14.411995355158716
2024-09-12 08:00:00,,-14.414986948206167
2024-09-12 09:00:00,,-14.414978541253618
2024-09-12 10:00:00,,-14.419970134301067
2024-09-12 11:00:00,,-14.416961727348516
2024-09-12 12:00:00,,-14.413953320395967
2024-09-12 13:00:00,,-14.412944913443418
2024-09-12 14:00:00,,-14.407936506490866
2024-09-12 15:00:00,,-14.404928099538317
2024-09-12 16:00:00,,-14.397919692585768
2024-09-12 17:00:00,,-14.400911285633217
2024-09-12 18:00:00,,-14.402902878680669
2024-09-12 19:00:00,,-14.404894471728118
2024-09-12 20:00:00,,-14.40988606477557
2024-09-12 21:00:00,,-14.416877657823019
2024-09-12 22:00:00,,-14.41586925087047
2024-09-12 23:00:00,,-14.41586084391792
2024-09-13 00:00:00,,-14.413852436965369
2024-09-13 01:00:00,,-14.414844030012821
2024-09-13 02:00:00,,-14.412835623060271
2024-09-13 03:00:00,,-14.41382721610772
2024-09-13 04:00:00,,-14.414818809155172
2024-09-13 05:00:00,,-14.415810402202622
2024-09-13 06:00:00,,-14.418801995250073
2024-09-13 07:00:00,,-14.421793588297522
2024-09-13 08:00:00,,-14.422785181344972
2024-09-13 09:00:00,,-14.424776774392424
2024-09-13 10:00:00,,-14.425768367439872
2024-09-13 11:00:00,,-14.423759960487322
2024-09-13 12:00:00,,-14.419751553534773
2024-09-13 13:00:00,,-14.411743146582223
2024-09-13 14:00:00,,-14.403734739629673
2024-09-13 15:00:00,,-14.396726332677124
2024-09-13 16:00:00,,-14.392717925724575
2024-09-13 17:00:00,,-14.392709518772024
2024-09-13 18:00:00,,-14.392701111819475
2024-09-13 19:00:00,,-14.396692704866926
2024-09-13 20:00:00,,-14.398684297914375
2024-09-13 21:00:00,,-14.401675890961824
2024-09-13 22:00:00,,-14.406667484009276
2024-09-13 23:00:00,,-14.403659077056725
2024-09-14 00:00:00,,-14.402650670104176
2024-09-14 01:00:00,,-14.399642263151627
2024-09-14 02:00:00,,-14.399633856199078
2024-09-14 03:00:00,,-14.393625449246526
2024-09-14 04:00:00,,-14.393617042293977
2024-09-14 05:00:00,,-14.394608635341427
2024-09-14 06:00:00,,-14.394600228388876
2024-09-14 07:00:00,,-14.396591821436328
2024-09-14 08:00:00,,-14.399583414483779
2024-09-14 09:00:00,,-14.402575007531228
2024-09-14 10:00:00,,-14.400566600578678
2024-09-14 11:00:00,,-14.397558193626129
2024-09-14 12:00:00,,-14.393549786673578
2024-09-14 13:00:00,,-14.385541379721028
2024-09-14 14:00:00,,-14.37953297276848
2024-09-14 15:00:00,,-14.37452456581593
2024-09-14 16:00:00,,-14.36751615886338
2024-09-14 17:00:00,,-14.36350775191083
2024-09-14 18:00:00,,-14.36549934495828
2024-09-14 19:00:00,,-14.36849093800573
2024-09-14 20:00:00,,-14.37548253105318
2024-09-14 21:00:00,,-14.379474124100632
2024-09-14 22:00:00,,-14.38346571714808
2024-09-14 23:00:00,,-14.383457310195531
2024-09-15 00:00:00,,-14.381448903242982
2024-09-15 01:00:00,,-14.378440496290432
2024-09-15 02:00:00,,-14.374432089337882
2024-09-15 03:00:00,,-14.374423682385332
2024-09-15 04:00:00,,-14.374415275432783
2024-09-15 05:00:00,,-14.372406868480232
2024-09-15 06:00:00,,-14.377398461527683
2024-09-15 07:00:00,,-14.381390054575133
2024-09-15 08:00:00,,-14.382381647622584
2024-09-15 09:00:00,,-14.388373240670033
2024-09-15 10:00:00,,-14.389364833717485
2024-09-15 11:00:00,,-14.389356426764936
2024-09-15 12:00:00,,-14.386348019812385
2024-09-15 13:00:00,,-14.380339612859835
2024-09-15 14:00:00,,-14.375331205907285
2024-09-15 15:00:00,,-14.366322798954736
2024-09-15 16:00:00,,-14.364314392002186
2024-09-15 17:00:00,,-14.361305985049636
2024-09-15 18:00:00,,-14.361297578097085
2024-09-15 19:00:00,,-14.367289171144536
2024-09-15 20:00:00,,-14.372280764191986
2024-09-15 21:00:00,,-14.377272357239438
2024-09-15 22:00:00,,-14.384263950286886
2024-09-15 23:00:00,,-14.387255543334337
2024-09-16 00:00:00,,-14.385247136381787
2024-09-16 01:00:00,,-14.385238729429236
2024-09-16 02:00:00,,-14.381230322476688
2024-09-16 03:00:00,,-14.38222191552414
2024-09-16 04:00:00,,-14.381213508571587
2024-09-16 05:00:00,,-14.383205101619039
2024-09-16 06:00:00,,-14.385196694666488
2024-09-16 07:00:00,,-14.38718828771394
2024-09-16 08:00:00,,-14.39517988076139
2024-09-16 09:00:00,,-14.39917147380884
2024-09-16 10:00:00,,-14.405163066856291
2024-09-16 11:00:00,,-14.40315465990374
2024-09-16 12:00:00,,-14.40414625295119
2024-09-16 13:00:00,,-14.398137845998642
2024-09-16 14:00:00,,-14.39112943904609
2024-09-16 15:00:00,,-14.386121032093541
2024-09-16 16:00:00,,-14.380112625140992
2024-09-16 17:00:00,,-14.378104218188442
2024-09-16 18:00:00,,-14.386095811235892
2024-09-16 19:00:00,,-14.387087404283342
2024-09-16 20:00:00,,-14.396078997330793
2024-09-16 21:00:00,,-14.399070590378242
2024-09-16 22:00:00,,-14.404062183425692
2024-09-16 23:00:00,,-14.408053776473144
2024-09-17 00:00:00,,-14.408045369520593
2024-09-17 01:00:00,,-14.409036962568043
2024-09-17 02:00:00,,-14.399028555615494
2024-09-17 03:00:00,,-14.396020148662943
2024-09-17 04:00:00,,-14.392011741710395
2024-09-17 05:00:00,,-14.393003334757845
2024-09-17 06:00:00,,-14.394994927805296
2024-09-17 07:00:00,,-14.398986520852745
2024-09-17 08:00:00,,-14.403978113900195
2024-09-17 09:00:00,,-14.406969706947645
2024-09-17 10:00:00,,-14.411961299995095
2024-09-17 11:00:00,,-14.411952893042546
2024-09-17 12:00:00,,-14.409944486089996
2024-09-17 13:00:00,,-14.403936079137445
2024-09-17 14:00:00,,-14.396927672184896
2024-09-17 15:00:00,,-14.390919265232347
2024-09-17 16:00:00,,-14.385910858279798
2024-09-17 17:00:00,,-14.382902451327247
2024-09-17 18:00:00,,-14.381894044374699
2024-09-17 19:00:00,,-14.384885637422148
2024-09-17 20:00:00,,-14.388877230469598
2024-09-17 21:00:00,,-14.394868823517049
2024-09-17 22:00:00,,-14.3958604165645
2024-09-17 23:00:00,,-14.399852009611948
2024-09-18 00:00:00,,-14.3978436026594
2024-09-18 01:00:00,,-14.39883519570685
2024-09-18 02:00:00,,-14.394826788754301
2024-09-18 03:00:00,,-14.38881838180175
2024-09-18 04:00:00,,-14.3838099748492
2024-09-18 05:00:00,,-14.382801567896651
2024-09-18 06:00:00,,-14.3807931609441
2024-09-18 07:00:00,,-14.382784753991551
2024-09-18 08:00:00,,-14.386776347039001
2024-09-18 09:00:00,,-14.391767940086451
2024-09-18 10:00:00,,-14.395759533133901
2024-09-18 11:00:00,,-14.398751126181352
2024-09-18 12:00:00,,-14.391742719228803
2024-09-18 13:00:00,,-14.385734312276252
2024-09-18 14:00:00,,-14.380725905323702
2024-09-18 15:00:00,,-14.370717498371153
2024-09-18 16:00:00,,-14.361709091418602
2024-09-18 17:00:00,,-14.361700684466053
2024-09-18 18:00:00,,-14.356692277513504
2024-09-18 19:00:00,,-14.358683870560952
2024-09-18 20:00:00,,-14.361675463608403
2024-09-18 21:00:00,,-14.366667056655855
2024-09-18 22:00:00,,-14.374658649703305
2024-09-18 23:00:00,,-14.376650242750754
2024-09-19 00:00:00,,-14.377641835798205
2024-09-19 01:00:00,,-14.376633428845656
2024-09-19 02:00:00,,-14.375625021893105
2024-09-19 03:00:00,,-14.372616614940556
2024-09-19 04:00:00,,-14.368608207988006
2024-09-19 05:00:00,,-14.367599801035455
2024-09-19 06:00:00,,-14.367591394082906
2024-09-19 07:00:00,,-14.370582987130357
2024-09-19 08:00:00,,-14.376574580177806
2024-09-19 09:00:00,,-14.381566173225258
2024-09-19 10:00:00,,-14.383557766272707
2024-09-19 11:00:00,,-14.388549359320159
2024-09-19 12:00:00,,-14.383540952367607
2024-09-19 13:00:00,,-14.380532545415058
2024-09-19 14:00:00,,-14.376524138462509
2024-09-19 15:00:00,,-14.367515731509958
2024-09-19 16:00:00,,-14.358507324557408
2024-09-19 17:00:00,,-14.355498917604859
2024-09-19 18:00:00,,-14.351490510652308
2024-09-19 19:00:00,,-14.355482103699758
2024-09-19 20:00:00,,-14.35647369674721
2024-09-19 21:00:00,,-14.36046528979466
2024-09-19 22:00:00,,-14.36345688284211
2024-09-19 23:00:00,,-14.36744847588956
2024-09-20 00:00:00,,-14.370440068937011
2024-09-20 01:00:00,,-14.37043166198446
2024-09-20 02:00:00,,-14.373423255031911
2024-09-20 03:00:00,,-14.365414848079363
2024-09-20 04:00:00,,-14.365406441126812
2024-09-20 05:00:00,,-14.364398034174261
2024-09-20 06:00:00,,-14.365389627221713
2024-09-20 07:00:00,,-14.367381220269163
2024-09-20 08:00:00,,-14.368372813316611
2024-09-20 09:00:00,,-14.374364406364062
2024-09-20 10:00:00,,-14.379355999411514
2024-09-20 11:00:00,,-14.380347592458962
2024-09-20 12:00:00,,-14.380339185506413
2024-09-20 13:00:00,,-14.375330778553865
2024-09-20 14:00:00,,-14.369322371601314
2024-09-20 15:00:00,,-14.362313964648765
2024-09-20 16:00:00,,-14.358305557696214
2024-09-20 17:00:00,,-14.351297150743665
2024-09-20 18:00:00,,-14.347288743791115
2024-09-20 19:00:00,,-14.349280336838566
2024-09-20 20:00:00,,-14.352271929886017
2024-09-20 21:00:00,,-14.356263522933466
2024-09-20 22:00:00,,-14.359255115980917
2024-09-20 23:00:00,,-14.361246709028366
2024-09-21 00:00:00,,-14.364238302075815
2024-09-21 01:00:00,,-14.364229895123266
2024-09-21 02:00:00,,-14.364221488170717
2024-09-21 03:00:00,,-14.364213081218168
2024-09-21 04:00:00,,-14.361204674265617
2024-09-21 05:00:00,,-14.362196267313069
2024-09-21 06:00:00,,-14.363187860360519
2024-09-21 07:00:00,,-14.366179453407968
2024-09-21 08:00:00,,-14.368171046455418
2024-09-21 09:00:00,,-14.374162639502869
2024-09-21 10:00:00,,-14.372154232550319
2024-09-21 11:00:00,,-14.37514582559777
2024-09-21 12:00:00,,-14.374137418645219
2024-09-21 13:00:00,,-14.376129011692669
2024-09-21 14:00:00,,-14.36912060474012
2024-09-21 15:00:00,,-14.36411219778757
2024-09-21 16:00:00,,-14.360103790835021
2024-09-21 17:00:00,,-14.35809538388247
2024-09-21 18:00:00,,-14.35508697692992
2024-09-21 19:00:00,,-14.35507856997737
2024-09-21 20:00:00,,-14.35707016302482
2024-09-21 21:00:00,,-14.359061756072272
2024-09-21 22:00:00,,-14.363053349119722
2024-09-21 23:00:00,,-14.365044942167172
2024-09-22 00:00:00,,-14.363036535214622
2024-09-22 01:00:00,,-14.363028128262073
2024-09-22 02:00:00,,-14.366019721309524
2024-09-22 03:00:00,,-14.366011314356973
2024-09-22 04:00:00,,-14.371002907404423
2024-09-22 05:00:00,,-14.366994500451874
2024-09-22 06:00:00,,-14.372986093499323
2024-09-22 07:00:00,,-14.372977686546774
2024-09-22 08:00:00,,-14.375969279594225
2024-09-22 09:00:00,,-14.378960872641674
2024-09-22 10:00:00,,-14.388952465689124
2024-09-22 11:00:00,,-14.389944058736575
2024-09-22 12:00:00,,-14.387935651784026
2024-09-22 13:00:00,,-14.381927244831475
2024-09-22 14:00:00,,-14.377918837878926
2024-09-22 15:00:00,,-14.374910430926377
2024-09-22 16:00:00,,-14.365902023973826
2024-09-22 17:00:00,,-14.363893617021276
2024-09-22 18:00:00,,-14.362885210068727
2024-09-22 19:00:00,,-14.360876803116176
2024-09-22 20:00:00,,-14.366868396163627
2024-09-22 21:00:00,,-14.364859989211078
2024-09-22 22:00:00,,-14.366851582258528
2024-09-22 23:00:00,,-14.367843175305977
2024-09-23 00:00:00,,-14.365834768353428
2024-09-23 01:00:00,,-14.36582636140088
2024-09-23 02:00:00,,-14.358817954448329
2024-09-23 03:00:00,,-14.362809547495779
2024-09-23 04:00:00,,-14.36180114054323
2024-09-23 05:00:00,,-14.362792733590679
2024-09-23 06:00:00,,-14.370784326638129
2024-09-23 07:00:00,,-14.37177591968558
2024-09-23 08:00:00,,-14.37276751273303
2024-09-23 09:00:00,,-14.37875910578048
2024-09-23 10:00:00,,-14.381750698827931
2024-09-23 11:00:00,,-14.38374229187538
2024-09-23 12:00:00,,-14.38173388492283
2024-09-23 13:00:00,,-14.387725477970282
2024-09-23 14:00:00,,-14.375717071017732
2024-09-23 15:00:00,,-14.36970866406518
2024-09-23 16:00:00,,-14.368700257112632
2024-09-23 17:00:00,,-14.362691850160083
2024-09-23 18:00:00,,-14.363683443207531
2024-09-23 19:00:00,,-14.366675036254982
2024-09-23 20:00:00,,-14.369666629302433
2024-09-23 21:00:00,,-14.362658222349884
2024-09-23 22:00:00,,-14.366649815397333
2024-09-23 23:00:00,,-14.363641408444783
2024-09-24 00:00:00,,-14.360633001492234
2024-09-24 01:00:00,,-14.360624594539683
2024-09-24 02:00:00,,-14.361616187587135
2024-09-24 03:00:00,,-14.350607780634585
2024-09-24 04:00:00,,-14.355599373682034
2024-09-24 05:00:00,,-14.363590966729484
2024-09-24 06:00:00,,-14.363582559776935
2024-09-24 07:00:00,,-14.371574152824387
2024-09-24 08:00:00,,-14.372565745871835
2024-09-24 09:00:00,,-14.371557338919287
2024-09-24 10:00:00,,-14.369548931966737
2024-09-24 11:00:00,,-14.372540525014186
2024-09-24 12:00:00,,-14.370532118061636
2024-09-24 13:00:00,,-14.370523711109087
2024-09-24 14:00:00,,-14.360515304156536
2024-09-24 15:00:00,,-14.352506897203988
2024-09-24 16:00:00,,-14.350498490251438
2024-09-24 17:00:00,,-14.34549008329889
2024-09-24 18:00:00,,-14.344481676346337
2024-09-24 19:00:00,,-14.344473269393788
2024-09-24 20:00:00,,-14.34946486244124
2024-09-24 21:00:00,,-14.345456455488689
2024-09-24 22:00:00,,-14.350448048536139
2024-09-24 23:00:00,,-14.354439641583589
2024-09-25 00:00:00,,-14.34843123463104
2024-09-25 01:00:00,,-14.34642282767849
2024-09-25 02:00:00,,-14.34341442072594
2024-09-25 03:00:00,,-14.342406013773392
2024-09-25 04:00:00,,-14.33939760682084
2024-09-25 05:00:00,,-14.34138919986829
2024-09-25 06:00:00,,-14.338380792915741
2024-09-25 07:00:00,,-14.34337238596319
2024-09-25 08:00:00,,-14.350363979010641
2024-09-25 09:00:00,,-14.352355572058093
2024-09-25 10:00:00,,-14.358347165105542
2024-09-25 11:00:00,,-14.360338758152992
2024-09-25 12:00:00,,-14.353330351200443
2024-09-25 13:00:00,,-14.353321944247893
2024-09-25 14:00:00,,-14.350313537295342
2024-09-25 15:00:00,,-14.344305130342793
2024-09-25 16:00:00,,-14.346296723390244
2024-09-25 17:00:00,,-14.344288316437693
2024-09-25 18:00:00,,-14.346279909485144
2024-09-25 19:00:00,,-14.351271502532596
2024-09-25 20:00:00,,-14.355263095580044
2024-09-25 21:00:00,,-14.360254688627494
2024-09-25 22:00:00,,-14.361246281674946
2024-09-25 23:00:00,,-14.363237874722394
2024-09-26 00:00:00,,-14.366229467769845
2024-09-26 01:00:00,,-14.363221060817295
2024-09-26 02:00:00,,-14.366212653864746
2024-09-26 03:00:00,,-14.368204246912196
2024-09-26 04:00:00,,-14.370195839959646
2024-09-26 05:00:00,,-14.372187433007097
2024-09-26 06:00:00,,-14.380179026054547
2024-09-26 07:00:00,,-14.380170619101998
2024-09-26 08:00:00,,-14.387162212149448
2024-09-26 09:00:00,,-14.391153805196897
2024-09-26 10:00:00,,-14.399145398244347
2024-09-26 11:00:00,,-14.398136991291798
2024-09-26 12:00:00,,-14.39712858433925
2024-09-26 13:00:00,,-14.391120177386698
2024-09-26 14:00:00,,-14.386111770434148
2024-09-26 15:00:00,,-14.3811033634816
2024-09-26 16:00:00,,-14.382094956529048
2024-09-26 17:00:00,,-14.3800865495765
2024-09-26 18:00:00,,-14.37907814262395
2024-09-26 19:00:00,,-14.383069735671398
2024-09-26 20:00:00,,-14.38806132871885
2024-09-26 21:00:00,,-14.3910529217663
2024-09-26 22:00:00,,-14.394044514813752
2024-09-26 23:00:00,,-14.3970361078612
2024-09-27 00:00:00,,-14.395027700908651
2024-09-27 01:00:00,,-14.392019293956102
2024-09-27 02:00:00,,-14.387010887003552
2024-09-27 03:00:00,,-14.385002480051002
2024-09-27 04:00:00,,-14.387994073098453
2024-09-27 05:00:00,,-14.389985666145902
2024-09-27 06:00:00,,-14.389977259193353
2024-09-27 07:00:00,,-14.391968852240803
2024-09-27 08:00:00,,-14.398960445288253
2024-09-27 09:00:00,,-14.403952038335703
2024-09-27 10:00:00,,-14.401943631383153
2024-09-27 11:00:00,,-14.405935224430605
2024-09-27 12:00:00,,-14.398926817478053
2024-09-27 13:00:00,,-14.392918410525505
2024-09-27 14:00:00,,-14.389910003572956
2024-09-27 15:00:00,,-14.380901596620404
2024-09-27 16:00:00,,-14.375893189667854
2024-09-27 17:00:00,,-14.373884782715306
2024-09-27 18:00:00,,-14.376876375762757
2024-09-27 19:00:00,,-14.376867968810206
2024-09-27 20:00:00,,-14.382859561857655
2024-09-27 21:00:00,,-14.387851154905107
2024-09-27 22:00:00,,-14.387842747952556
2024-09-27 23:00:00,,-14.389834341000007
2024-09-28 00:00:00,,-14.387825934047457
2024-09-28 01:00:00,,-14.382817527094906
2024-09-28 02:00:00,,-14.379809120142358
2024-09-28 03:00:00,,-14.376800713189809
2024-09-28 04:00:00,,-14.377792306237259
2024-09-28 05:00:00,,-14.378783899284707
2024-09-28 06:00:00,,-14.37977549233216
2024-09-28 07:00:00,,-14.385767085379609
2024-09-28 08:00:00,,-14.388758678427058
2024-09-28 09:00:00,,-14.39375027147451
2024-09-28 10:00:00,,-14.39274186452196
2024-09-28 11:00:00,,-14.38973345756941
2024-09-28 12:00:00,,-14.38472505061686
2024-09-28 13:00:00,,-14.38171664366431
2024-09-28 14:00:00,,-14.37370823671176
2024-09-28 15:00:00,,-14.36569982975921
2024-09-28 16:00:00,,-14.361691422806661
2024-09-28 17:00:00,,-14.362683015854111
2024-09-28 18:00:00,,-14.35967460890156
2024-09-28 19:00:00,,-14.361666201949012
2024-09-28 20:00:00,,-14.366657794996462
2024-09-28 21:00:00,,-14.36964938804391
2024-09-28 22:00:00,,-14.375640981091362
2024-09-28 23:00:00,,-14.374632574138813
2024-09-29 00:00:00,,-14.374624167186262
2024-09-29 01:00:00,,-14.368615760233713
2024-09-29 02:00:00,,-14.367607353281164
2024-09-29 03:00:00,,-14.364598946328615
2024-09-29 04:00:00,,-14.363590539376064
2024-09-29 05:00:00,,-14.361582132423514
2024-09-29 06:00:00,,-14.368573725470965
2024-09-29 07:00:00,,-14.374565318518414
2024-09-29 08:00:00,,-14.378556911565864
2024-09-29 09:00:00,,-14.384548504613315
2024-09-29 10:00:00,,-14.388540097660764
2024-09-29 11:00:00,,-14.387531690708215
2024-09-29 12:00:00,,-14.381523283755666
2024-09-29 13:00:00,,-14.375514876803116
2024-09-29 14:00:00,,-14.371506469850566
2024-09-29 15:00:00,,-14.365498062898016
2024-09-29 16:00:00,,-14.354489655945468
2024-09-29 17:00:00,,-14.368481248992916
2024-09-29 18:00:00,,-14.366472842040366
2024-09-29 19:00:00,,-14.375464435087817
2024-09-29 20:00:00,,-14.383456028135267
2024-09-29 21:00:00,,-14.390447621182718
2024-09-29 22:00:00,,-14.389439214230169
2024-09-29 23:00:00,,-14.39343080727762
2024-09-30 00:00:00,,-14.397422400325068
2024-09-30 01:00:00,,-14.39641399337252
2024-09-30 02:00:00,,-14.39140558641997
2024-09-30 03:00:00,,-14.388397179467418
2024-09-30 04:00:00,,-14.388388772514869
2024-09-30 05:00:00,,-14.38638036556232
2024-09-30 06:00:00,,-14.39037195860977
2024-09-30 07:00:00,,-14.395363551657221
2024-09-30 08:00:00,,-14.40135514470467
2024-09-30 09:00:00,,-14.406346737752122
2024-09-30 10:00:00,,-14.411338330799571
2024-09-30 11:00:00,,-14.412329923847022
2024-09-30 12:00:00,,-14.405321516894473
2024-09-30 13:00:00,,-14.39831310994192
2024-09-30 14:00:00,,-14.396304702989372
2024-09-30 15:00:00,,-14.387296296036823
2024-09-30 16:00:00,,-14.384287889084272
2024-09-30 17:00:00,,-14.380279482131723
2024-09-30 18:00:00,,-14.382271075179172
2024-09-30 19:00:00,,-14.380262668226623
2024-09-30 20:00:00,,-14.387254261274073
2024-09-30 21:00:00,,-14.393245854321524
2024-09-30 22:00:00,,-14.398237447368974
2024-09-30 23:00:00,,-14.399229040416424
2024-10-01 00:00:00,,-14.397220633463874
2024-10-01 01:00:00,,-14.394212226511325
2024-10-01 02:00:00,,-14.390203819558774
2024-10-01 03:00:00,,-14.385195412606224
2024-10-01 04:00:00,,-14.385187005653675
2024-10-01 05:00:00,,-14.387178598701125
2024-10-01 06:00:00,,-14.391170191748575
2024-10-01 07:00:00,,-14.396161784796027
2024-10-01 08:00:00,,-14.401153377843476
2024-10-01 09:00:00,,-14.406144970890926
2024-10-01 10:00:00,,-14.409136563938377
2024-10-01 11:00:00,,-14.410128156985827
2024-10-01 12:00:00,,-14.407119750033276
2024-10-01 13:00:00,,-14.404111343080727
2024-10-01 14:00:00,,-14.399102936128179
2024-10-01 15:00:00,,-14.387094529175627
2024-10-01 16:00:00,,-14.385086122223077
2024-10-01 17:00:00,,-14.380077715270529
2024-10-01 18:00:00,,-14.37306930831798
2024-10-01 19:00:00,,-14.378060901365428
2024-10-01 20:00:00,,-14.38305249441288
2024-10-01 21:00:00,,-14.38804408746033
2024-10-01 22:00:00,,-14.391035680507779
2024-10-01 23:00:00,,-14.39602727355523
2024-10-02 00:00:00,,-14.39401886660268
2024-10-02 01:00:00,,-14.39201045965013
2024-10-02 02:00:00,,-14.38800205269758
2024-10-02 03:00:00,,-14.385993645745032
2024-10-02 04:00:00,,-14.384985238792481
2024-10-02 05:00:00,,-14.38197683183993
2024-10-02 06:00:00,,-14.384968424887381
2024-10-02 07:00:00,,-14.386960017934832
2024-10-02 08:00:00,,-14.390951610982281
2024-10-02 09:00:00,,-14.398943204029733
2024-10-02 10:00:00,,-14.398934797077183
2024-10-02 11:00:00,,-14.395926390124632
2024-10-02 12:00:00,,-14.392917983172083
2024-10-02 13:00:00,,-14.386909576219534
2024-10-02 14:00:00,,-14.379901169266985
2024-10-02 15:00:00,,-14.371892762314433
2024-10-02 16:00:00,,-14.364884355361884
2024-10-02 17:00:00,,-14.359875948409336
2024-10-02 18:00:00,,-14.359867541456785
2024-10-02 19:00:00,,-14.362859134504236
2024-10-02 20:00:00,,-14.363850727551686
2024-10-02 21:00:00,,-14.371842320599134
2024-10-02 22:00:00,,-14.374833913646585
2024-10-02 23:00:00,,-14.376825506694036
2024-10-03 00:00:00,,-14.375817099741486
2024-10-03 01:00:00,,-14.374808692788935
2024-10-03 02:00:00,,-14.374800285836386
2024-10-03 03:00:00,,-14.368791878883837
2024-10-03 04:00:00,,-14.363783471931287
2024-10-03 05:00:00,,-14.358775064978737
2024-10-03 06:00:00,,-14.362766658026189
2024-10-03 07:00:00,,-14.369758251073637
2024-10-03 08:00:00,,-14.373749844121088
2024-10-03 09:00:00,,-14.379741437168539
2024-10-03 10:00:00,,-14.379733030215988
2024-10-03 11:00:00,,-14.377724623263438
2024-10-03 12:00:00,,-14.37671621631089
2024-10-03 13:00:00,,-14.37470780935834
2024-10-03 14:00:00,,-14.36669940240579
2024-10-03 15:00:00,,-14.35869099545324
2024-10-03 16:00:00,,-14.353682588500691
2024-10-03 17:00:00,,-14.34967418154814
2024-10-03 18:00:00,,-14.34766577459559
2024-10-03 19:00:00,,-14.349657367643042
2024-10-03 20:00:00,,-14.35364896069049
2024-10-03 21:00:00,,-14.35864055373794
2024-10-03 22:00:00,,-14.36563214678539
2024-10-03 23:00:00,,-14.368623739832842
2024-10-04 00:00:00,,-14.367615332880291
2024-10-04 01:00:00,,-14.369606925927743
2024-10-04 02:00:00,,-14.366598518975193
2024-10-04 03:00:00,,-14.362590112022643
2024-10-04 04:00:00,,-14.357581705070093
2024-10-04 05:00:00,,-14.355573298117543
2024-10-04 06:00:00,,-14.353564891164993
2024-10-04 07:00:00,,-14.356556484212444
2024-10-04 08:00:00,,-14.356548077259895
2024-10-04 09:00:00,,-14.368539670307344
2024-10-04 10:00:00,,-14.366531263354794
2024-10-04 11:00:00,,-14.367522856402244
2024-10-04 12:00:00,,-14.363514449449696
2024-10-04 13:00:00,,-14.365506042497143
2024-10-04 14:00:00,,-14.352497635544594
2024-10-04 15:00:00,,-14.346489228592047
2024-10-04 16:00:00,,-14.339480821639494
2024-10-04 17:00:00,,-14.338472414686946
2024-10-04 18:00:00,,-14.334464007734397
2024-10-04 19:00:00,,-14.336455600781846
2024-10-04 20:00:00,,-14.338447193829296
2024-10-04 21:00:00,,-14.343438786876748
2024-10-04 22:00:00,,-14.349430379924199
2024-10-04 23:00:00,,-14.352421972971646
2024-10-05 00:00:00,,-14.355413566019097
2024-10-05 01:00:00,,-14.356405159066549
2024-10-05 02:00:00,,-14.354396752113997
2024-10-05 03:00:00,,-14.351388345161448
2024-10-05 04:00:00,,-14.3533799382089
2024-10-05 05:00:00,,-14.348371531256348
2024-10-05 06:00:00,,-14.347363124303799
2024-10-05 07:00:00,,-14.35135471735125
2024-10-05 08:00:00,,-14.3563463103987
2024-10-05 09:00:00,,-14.358337903446149
2024-10-05 10:00:00,,-14.3613294964936
2024-10-05 11:00:00,,-14.36432108954105
2024-10-05 12:00:00,,-14.3633126825885
2024-10-05 13:00:00,,-14.359304275635951
2024-10-05 14:00:00,,-14.353295868683402
2024-10-05 15:00:00,,-14.34828746173085
2024-10-05 16:00:00,,-14.346279054778302
2024-10-05 17:00:00,,-14.344270647825752
2024-10-05 18:00:00,,-14.344262240873203
2024-10-05 19:00:00,,-14.344253833920652
2024-10-05 20:00:00,,-14.348245426968102
2024-10-05 21:00:00,,-14.353237020015554
2024-10-05 22:00:00,,-14.358228613063002
2024-10-05 23:00:00,,-14.361220206110453
2024-10-06 00:00:00,,-14.360211799157904
2024-10-06 01:00:00,,-14.365203392205352
2024-10-06 02:00:00,,-14.368194985252803
2024-10-06 03:00:00,,-14.367186578300254
2024-10-06 04:00:00,,-14.366178171347705
2024-10-06 05:00:00,,-14.368169764395153
2024-10-06 06:00:00,,-14.372161357442605
2024-10-06 07:00:00,,-14.373152950490056
2024-10-06 08:00:00,,-14.376144543537505
2024-10-06 09:00:00,,-14.383136136584955
2024-10-06 10:00:00,,-14.382127729632407
2024-10-06 11:00:00,,-14.381119322679854
2024-10-06 12:00:00,,-14.382110915727306
2024-10-06 13:00:00,,-14.381102508774756
2024-10-06 14:00:00,,-14.375094101822208
2024-10-06 15:00:00,,-14.369085694869657
2024-10-06 16:00:00,,-14.366077287917108
2024-10-06 17:00:00,,-14.361068880964558
2024-10-06 18:00:00,,-14.358060474012007
2024-10-06 19:00:00,,-14.361052067059457
2024-10-06 20:00:00,,-14.361043660106908
2024-10-06 21:00:00,,-14.367035253154357
2024-10-06 22:00:00,,-14.370026846201808
2024-10-06 23:00:00,,-14.37301843924926
2024-10-07 00:00:00,,-14.37701003229671
2024-10-07 01:00:00,,-14.38200162534416
2024-10-07 02:00:00,,-14.380993218391609
2024-10-07 03:00:00,,-14.37998481143906
2024-10-07 04:00:00,,-14.37997640448651
2024-10-07 05:00:00,,-14.38096799753396
2024-10-07 06:00:00,,-14.38095959058141
2024-10-07 07:00:00,,-14.38395118362886
2024-10-07 08:00:00,,-14.387942776676311
2024-10-07 09:00:00,,-14.390934369723762
2024-10-07 10:00:00,,-14.39292596277121
2024-10-07 11:00:00,,-14.393917555818662
2024-10-07 12:00:00,,-14.390909148866113
2024-10-07 13:00:00,,-14.388900741913563
2024-10-07 14:00:00,,-14.386892334961011
2024-10-07 15:00:00,,-14.379883928008462
2024-10-07 16:00:00,,-14.374875521055914
2024-10-07 17:00:00,,-14.369867114103362
2024-10-07 18:00:00,,-14.368858707150814
2024-10-07 19:00:00,,-14.374850300198265
2024-10-07 20:00:00,,-14.380841893245712
2024-10-07 21:00:00,,-14.382833486293164
2024-10-07 22:00:00,,-14.380825079340614
2024-10-07 23:00:00,,-14.383816672388065
2024-10-08 00:00:00,,-14.386808265435514
2024-10-08 01:00:00,,-14.382799858482965
2024-10-08 02:00:00,,-14.388791451530416
2024-10-08 03:00:00,,-14.380783044577864
2024-10-08 04:00:00,,-14.381774637625316
2024-10-08 05:00:00,,-14.386766230672766
2024-10-08 06:00:00,,-14.387757823720216
2024-10-08 07:00:00,,-14.389749416767666
2024-10-08 08:00:00,,-14.392741009815117
2024-10-08 09:00:00,,-14.396732602862567
2024-10-08 10:00:00,,-14.398724195910017
2024-10-08 11:00:00,,-14.400715788957468
2024-10-08 12:00:00,,-14.396707382004918
2024-10-08 13:00:00,,-14.389698975052367
2024-10-08 14:00:00,,-14.385690568099818
2024-10-08 15:00:00,,-14.37768216114727
2024-10-08 16:00:00,,-14.375673754194718
2024-10-08 17:00:00,,-14.375665347242169
2024-10-08 18:00:00,,-14.37265694028962
2024-10-08 19:00:00,,-14.374648533337071
2024-10-08 20:00:00,,-14.376640126384519
2024-10-08 21:00:00,,-14.37363171943197
2024-10-08 22:00:00,,-14.375623312479421
2024-10-08 23:00:00,,-14.37861490552687
2024-10-09 00:00:00,,-14.37960649857432
2024-10-09 01:00:00,,-14.379598091621771
2024-10-09 02:00:00,,-14.37658968466922
2024-10-09 03:00:00,,-14.37658127771667
2024-10-09 04:00:00,,-14.380572870764121
2024-10-09 05:00:00,,-14.381564463811573
2024-10-09 06:00:00,,-14.384556056859022
2024-10-09 07:00:00,,-14.390547649906473
2024-10-09 08:00:00,,-14.391539242953924
2024-10-09 09:00:00,,-14.393530836001373
2024-10-09 10:00:00,,-14.391522429048823
2024-10-09 11:00:00,,-14.389514022096273
2024-10-09 12:00:00,,-14.390505615143724
2024-10-09 13:00:00,,-14.382497208191173
2024-10-09 14:00:00,,-14.377488801238625
2024-10-09 15:00:00,,-14.373480394286075
2024-10-09 16:00:00,,-14.367471987333523
2024-10-09 17:00:00,,-14.366463580380975
2024-10-09 18:00:00,,-14.367455173428425
2024-10-09 19:00:00,,-14.364446766475874
2024-10-09 20:00:00,,-14.367438359523325
2024-10-09 21:00:00,,-14.371429952570777
2024-10-09 22:00:00,,-14.372421545618225
2024-10-09 23:00:00,,-14.374413138665677
2024-10-10 00:00:00,,-14.373404731713126
2024-10-10 01:00:00,,-14.372396324760576
2024-10-10 02:00:00,,-14.372387917808027
2024-10-10 03:00:00,,-14.372379510855477
2024-10-10 04:00:00,,-14.371371103902929
2024-10-10 05:00:00,,-14.374362696950378
2024-10-10 06:00:00,,-14.377354289997829
2024-10-10 07:00:00,,-14.38134588304528
2024-10-10 08:00:00,,-14.382337476092728
2024-10-10 09:00:00,,-14.389329069140178
2024-10-10 10:00:00,,-14.39132066218763
2024-10-10 11:00:00,,-14.388312255235078
2024-10-10 12:00:00,,-14.38730384828253
2024-10-10 13:00:00,,-14.38429544132998
2024-10-10 14:00:00,,-14.37928703437743
2024-10-10 15:00:00,,-14.37627862742488
2024-10-10 16:00:00,,-14.37227022047233
2024-10-10 17:00:00,,-14.369261813519781
2024-10-10 18:00:00,,-14.37025340656723
2024-10-10 19:00:00,,-14.374244999614682
2024-10-10 20:00:00,,-14.378236592662132
2024-10-10 21:00:00,,-14.38022818570958
2024-10-10 22:00:00,,-14.384219778757032
2024-10-10 23:00:00,,-14.384211371804483
2024-10-11 00:00:00,,-14.383202964851932
2024-10-11 01:00:00,,-14.385194557899382
2024-10-11 02:00:00,,-14.382186150946833
2024-10-11 03:00:00,,-14.379177743994283
2024-10-11 04:00:00,,-14.380169337041732
2024-10-11 05:00:00,,-14.384160930089184
2024-10-11 06:00:00,,-14.386152523136634
2024-10-11 07:00:00,,-14.388144116184083
2024-10-11 08:00:00,,-14.393135709231535
2024-10-11 09:00:00,,-14.397127302278985
2024-10-11 10:00:00,,-14.397118895326436
2024-10-11 11:00:00,,-14.394110488373885
2024-10-11 12:00:00,,-14.392102081421335
2024-10-11 13:00:00,,-14.385093674468786
2024-10-11 14:00:00,,-14.383085267516234
2024-10-11 15:00:00,,-14.380076860563685
2024-10-11 16:00:00,,-14.375068453611137
2024-10-11 17:00:00,,-14.373060046658585
2024-10-11 18:00:00,,-14.373051639706036
2024-10-11 19:00:00,,-14.378043232753488
2024-10-11 20:00:00,,-14.380034825800937
2024-10-11 21:00:00,,-14.384026418848388
2024-10-11 22:00:00,,-14.388018011895838
2024-10-11 23:00:00,,-14.380009604943288
2024-10-12 00:00:00,,-14.379001197990737
2024-10-12 01:00:00,,-14.379992791038188
2024-10-12 02:00:00,,-14.379984384085638
2024-10-12 03:00:00,,-14.377975977133088
2024-10-12 04:00:00,,-14.375967570180539
2024-10-12 05:00:00,,-14.37495916322799
2024-10-12 06:00:00,,-14.377950756275439
2024-10-12 07:00:00,,-14.379942349322889
2024-10-12 08:00:00,,-14.38393394237034
2024-10-12 09:00:00,,-14.38192553541779
2024-10-12 10:00:00,,-14.37891712846524
2024-10-12 11:00:00,,-14.37890872151269
2024-10-12 12:00:00,,-14.375900314560141
2024-10-12 13:00:00,,-14.367891907607591
2024-10-12 14:00:00,,-14.362883500655041
2024-10-12 15:00:00,,-14.358875093702492
2024-10-12 16:00:00,,-14.352866686749941
2024-10-12 17:00:00,,-14.351858279797392
2024-10-12 18:00:00,,-14.351849872844843
2024-10-12 19:00:00,,-14.351841465892294
2024-10-12 20:00:00,,-14.356833058939742
2024-10-12 21:00:00,,-14.356824651987193
2024-10-12 22:00:00,,-14.359816245034644
2024-10-12 23:00:00,,-14.357807838082094
2024-10-13 00:00:00,,-14.358799431129544
2024-10-13 01:00:00,,-14.355791024176995
2024-10-13 02:00:00,,-14.357782617224444
2024-10-13 03:00:00,,-14.355774210271894
2024-10-13 04:00:00,,-14.357765803319346
2024-10-13 05:00:00,,-14.359757396366795
2024-10-13 06:00:00,,-14.363748989414244
2024-10-13 07:00:00,,-14.365740582461695
2024-10-13 08:00:00,,-14.370732175509147
2024-10-13 09:00:00,,-14.371723768556596
2024-10-13 10:00:00,,-14.371715361604046
2024-10-13 11:00:00,,-14.369706954651496
2024-10-13 12:00:00,,-14.362698547698946
2024-10-13 13:00:00,,-14.352690140746397
2024-10-13 14:00:00,,-14.350681733793847
2024-10-13 15:00:00,,-14.345673326841299
2024-10-13 16:00:00,,-14.339664919888747
2024-10-13 17:00:00,,-14.339656512936198
2024-10-13 18:00:00,,-14.336648105983649
2024-10-13 19:00:00,,-14.341639699031099
2024-10-13 20:00:00,,-14.343631292078548
2024-10-13 21:00:00,,-14.350622885125999
2024-10-13 22:00:00,,-14.354614478173449
2024-10-13 23:00:00,,-14.353606071220899
2024-10-14 00:00:00,,-14.35159766426835
2024-10-14 01:00:00,,-14.348589257315801
2024-10-14 02:00:00,,-14.34858085036325
2024-10-14 03:00:00,,-14.3455724434107
2024-10-14 04:00:00,,-14.342564036458151
2024-10-14 05:00:00,,-14.3455556295056
2024-10-14 06:00:00,,-14.348547222553051
2024-10-14 07:00:00,,-14.353538815600501
2024-10-14 08:00:00,,-14.357530408647952
2024-10-14 09:00:00,,-14.364522001695402
2024-10-14 10:00:00,,-14.365513594742852
2024-10-14 11:00:00,,-14.362505187790301
2024-10-14 12:00:00,,-14.359496780837752
2024-10-14 13:00:00,,-14.350488373885202
2024-10-14 14:00:00,,-14.343479966932653
2024-10-14 15:00:00,,-14.339471559980103
2024-10-14 16:00:00,,-14.332463153027554
2024-10-14 17:00:00,,-14.333454746075004
2024-10-14 18:00:00,,-14.334446339122453
2024-10-14 19:00:00,,-14.341437932169905
2024-10-14 20:00:00,,-14.343429525217354
2024-10-14 21:00:00,,-14.349421118264804
2024-10-14 22:00:00,,-14.356412711312254
2024-10-14 23:00:00,,-14.353404304359705
2024-10-15 00:00:00,,-14.353395897407156
2024-10-15 01:00:00,,-14.352387490454605
2024-10-15 02:00:00,,-14.347379083502057
2024-10-15 03:00:00,,-14.342370676549507
2024-10-15 04:00:00,,-14.340362269596955
2024-10-15 05:00:00,,-14.340353862644406
2024-10-15 06:00:00,,-14.340345455691857
2024-10-15 07:00:00,,-14.347337048739307
2024-10-15 08:00:00,,-14.352328641786757
2024-10-15 09:00:00,,-14.358320234834208
2024-10-15 10:00:00,,-14.359311827881658
2024-10-15 11:00:00,,-14.358303420929108
2024-10-15 12:00:00,,-14.355295013976558
2024-10-15 13:00:00,,-14.349286607024009
2024-10-15 14:00:00,,-14.342278200071458
2024-10-15 15:00:00,,-14.337269793118908
2024-10-15 16:00:00,,-14.33326138616636
2024-10-15 17:00:00,,-14.33125297921381
2024-10-15 18:00:00,,-14.33224457226126
2024-10-15 19:00:00,,-14.33523616530871
2024-10-15 20:00:00,,-14.344227758356162
2024-10-15 21:00:00,,-14.34821935140361
2024-10-15 22:00:00,,-14.351210944451061
2024-10-15 23:00:00,,-14.353202537498511
2024-10-16 00:00:00,,-14.351194130545961
2024-10-16 01:00:00,,-14.35018572359341
2024-10-16 02:00:00,,-14.343177316640862
2024-10-16 03:00:00,,-14.338168909688312
2024-10-16 04:00:00,,-14.338160502735763
2024-10-16 05:00:00,,-14.336152095783213
2024-10-16 06:00:00,,-14.339143688830664
2024-10-16 07:00:00,,-14.343135281878112
2024-10-16 08:00:00,,-14.349126874925563
2024-10-16 09:00:00,,-14.355118467973014
2024-10-16 10:00:00,,-14.357110061020464
2024-10-16 11:00:00,,-14.354101654067914
2024-10-16 12:00:00,,-14.352093247115365
2024-10-16 13:00:00,,-14.347084840162815
2024-10-16 14:00:00,,-14.340076433210264
2024-10-16 15:00:00,,-14.334068026257714
2024-10-16 16:00:00,,-14.326059619305164
2024-10-16 17:00:00,,-14.328051212352616
2024-10-16 18:00:00,,-14.324042805400065
2024-10-16 19:00:00,,-14.327034398447516
2024-10-16 20:00:00,,-14.331025991494966
2024-10-16 21:00:00,,-14.340017584542416
2024-10-16 22:00:00,,-14.341009177589868
2024-10-16 23:00:00,,-14.343000770637316
2024-10-17 00:00:00,,-14.341992363684767
2024-10-17 01:00:00,,-14.339983956732217
2024-10-17 02:00:00,,-14.332975549779666
2024-10-17 03:00:00,,-14.330967142827118
2024-10-17 04:00:00,,-14.328958735874568
2024-10-17 05:00:00,,-14.323950328922018
2024-10-17 06:00:00,,-14.326941921969468
2024-10-17 07:00:00,,-14.335933515016919
2024-10-17 08:00:00,,-14.34092510806437
2024-10-17 09:00:00,,-14.345916701111818
2024-10-17 10:00:00,,-14.34790829415927
2024-10-17 11:00:00,,-14.34889988720672
2024-10-17 12:00:00,,-14.34689148025417
2024-10-17 13:00:00,,-14.34088307330162
2024-10-17 14:00:00,,-14.33687466634907
2024-10-17 15:00:00,,-14.330866259396522
2024-10-17 16:00:00,,-14.32385785244397
2024-10-17 17:00:00,,-14.32384944549142
2024-10-17 18:00:00,,-14.325841038538872
2024-10-17 19:00:00,,-14.331832631586321
2024-10-17 20:00:00,,-14.336824224633771
2024-10-17 21:00:00,,-14.342815817681222
2024-10-17 22:00:00,,-14.347807410728672
2024-10-17 23:00:00,,-14.354799003776122
2024-10-18 00:00:00,,-14.354790596823573
2024-10-18 01:00:00,,-14.349782189871023
2024-10-18 02:00:00,,-14.346773782918474
2024-10-18 03:00:00,,-14.343765375965924
2024-10-18 04:00:00,,-14.340756969013375
2024-10-18 05:00:00,,-14.341748562060824
2024-10-18 06:00:00,,-14.345740155108274
2024-10-18 07:00:00,,-14.347731748155725
2024-10-18 08:00:00,,-14.354723341203174
2024-10-18 09:00:00,,-14.358714934250624
2024-10-18 10:00:00,,-14.364706527298075
2024-10-18 11:00:00,,-14.363698120345527
2024-10-18 12:00:00,,-14.364689713392975
2024-10-18 13:00:00,,-14.360681306440426
2024-10-18 14:00:00,,-14.354672899487877
2024-10-18 15:00:00,,-14.346664492535327
2024-10-18 16:00:00,,-14.341656085582777
2024-10-18 17:00:00,,-14.339647678630227
2024-10-18 18:00:00,,-14.336639271677676
2024-10-18 19:00:00,,-14.340630864725128
2024-10-18 20:00:00,,-14.346622457772579
2024-10-18 21:00:00,,-14.348614050820027
2024-10-18 22:00:00,,-14.363605643867478
2024-10-18 23:00:00,,-14.364597236914928
2024-10-19 00:00:00,,-14.36658882996238
2024-10-19 01:00:00,,-14.365580423009828
2024-10-19 02:00:00,,-14.36357201605728
2024-10-19 03:00:00,,-14.36456360910473
2024-10-19 04:00:00,,-14.361555202152179
2024-10-19 05:00:00,,-14.36354679519963
2024-10-19 06:00:00,,-14.36553838824708
2024-10-19 07:00:00,,-14.37052998129453
2024-10-19 08:00:00,,-14.37752157434198
2024-10-19 09:00:00,,-14.38051316738943
2024-10-19 10:00:00,,-14.386504760436882
2024-10-19 11:00:00,,-14.38649635348433
2024-10-19 12:00:00,,-14.384487946531781
2024-10-19 13:00:00,,-14.381479539579232
2024-10-19 14:00:00,,-14.375471132626682
2024-10-19 15:00:00,,-14.370462725674132
2024-10-19 16:00:00,,-14.364454318721583
2024-10-19 17:00:00,,-14.361445911769032
2024-10-19 18:00:00,,-14.359437504816484
2024-10-19 19:00:00,,-14.358429097863933
2024-10-19 20:00:00,,-14.362420690911383
2024-10-19 21:00:00,,-14.366412283958834
2024-10-19 22:00:00,,-14.373403877006284
2024-10-19 23:00:00,,-14.376395470053735
2024-10-20 00:00:00,,-14.376387063101184
2024-10-20 01:00:00,,-14.379378656148635
2024-10-20 02:00:00,,-14.376370249196086
2024-10-20 03:00:00,,-14.374361842243534
2024-10-20 04:00:00,,-14.375353435290986
2024-10-20 05:00:00,,-14.380345028338436
2024-10-20 06:00:00,,-14.381336621385886
2024-10-20 07:00:00,,-14.385328214433336
2024-10-20 08:00:00,,-14.390319807480786
2024-10-20 09:00:00,,-14.393311400528237
2024-10-20 10:00:00,,-14.395302993575687
2024-10-20 11:00:00,,-14.393294586623137
2024-10-20 12:00:00,,-14.390286179670587
2024-10-20 13:00:00,,-14.388277772718038
2024-10-20 14:00:00,,-14.380269365765487
2024-10-20 15:00:00,,-14.374260958812938
2024-10-20 16:00:00,,-14.368252551860389
2024-10-20 17:00:00,,-14.360244144907838
2024-10-20 18:00:00,,-14.355235737955288
2024-10-20 19:00:00,,-14.35722733100274
2024-10-20 20:00:00,,-14.361218924050188
2024-10-20 21:00:00,,-14.36321051709764
2024-10-20 22:00:00,,-14.37020211014509
2024-10-20 23:00:00,,-14.37019370319254
2024-10-21 00:00:00,,-14.37218529623999
2024-10-21 01:00:00,,-14.373176889287441
2024-10-21 02:00:00,,-14.370168482334892
2024-10-21 03:00:00,,-14.369160075382341
2024-10-21 04:00:00,,-14.370151668429791
2024-10-21 05:00:00,,-14.368143261477242
2024-10-21 06:00:00,,-14.370134854524691
2024-10-21 07:00:00,,-14.374126447572142
2024-10-21 08:00:00,,-14.378118040619592
2024-10-21 09:00:00,,-14.382109633667042
2024-10-21 10:00:00,,-14.381101226714492
2024-10-21 11:00:00,,-14.383092819761943
2024-10-21 12:00:00,,-14.380084412809392
2024-10-21 13:00:00,,-14.375076005856844
2024-10-21 14:00:00,,-14.367067598904294
2024-10-21 15:00:00,,-14.360059191951745
2024-10-21 16:00:00,,-14.353050784999194
2024-10-21 17:00:00,,-14.348042378046644
2024-10-21 18:00:00,,-14.349033971094094
2024-10-21 19:00:00,,-14.348025564141544
2024-10-21 20:00:00,,-14.348017157188995
2024-10-21 21:00:00,,-14.350008750236446
2024-10-21 22:00:00,,-14.354000343283895
2024-10-21 23:00:00,,-14.355991936331346
2024-10-22 00:00:00,,-14.355983529378797
2024-10-22 01:00:00,,-14.356975122426247
2024-10-22 02:00:00,,-14.356966715473696
2024-10-22 03:00:00,,-14.351958308521146
2024-10-22 04:00:00,,-14.354949901568597
2024-10-22 05:00:00,,-14.351941494616046
2024-10-22 06:00:00,,-14.356933087663498
2024-10-22 07:00:00,,-14.356924680710948
2024-10-22 08:00:00,,-14.360916273758397
2024-10-22 09:00:00,,-14.363907866805848
2024-10-22 10:00:00,,-14.363899459853299
2024-10-22 11:00:00,,-14.36089105290075
2024-10-22 12:00:00,,-14.359882645948199
2024-10-22 13:00:00,,-14.354874238995649
2024-10-22 14:00:00,,-14.3548658320431
2024-10-22 15:00:00,,-14.347857425090549
2024-10-22 16:00:00,,-14.342849018138
2024-10-22 17:00:00,,-14.339840611185451
2024-10-22 18:00:00,,-14.3368322042329
2024-10-22 19:00:00,,-14.339823797280351
2024-10-22 20:00:00,,-14.339815390327802
2024-10-22 21:00:00,,-14.342806983375253
2024-10-22 22:00:00,,-14.346798576422701
2024-10-22 23:00:00,,-14.346790169470152
2024-10-23 00:00:00,,-14.345781762517603
2024-10-23 01:00:00,,-14.346773355565052
2024-10-23 02:00:00,,-14.345764948612503
2024-10-23 03:00:00,,-14.342756541659954
2024-10-23 04:00:00,,-14.345748134707403
2024-10-23 05:00:00,,-14.343739727754853
2024-10-23 06:00:00,,-14.351731320802303
2024-10-23 07:00:00,,-14.350722913849754
2024-10-23 08:00:00,,-14.359714506897204
2024-10-23 09:00:00,,-14.360706099944654
2024-10-23 10:00:00,,-14.361697692992104
2024-10-23 11:00:00,,-14.361689286039553
2024-10-23 12:00:00,,-14.360680879087004
2024-10-23 13:00:00,,-14.356672472134456
2024-10-23 14:00:00,,-14.353664065181905
2024-10-23 15:00:00,,-14.347655658229355
2024-10-23 16:00:00,,-14.345647251276807
2024-10-23 17:00:00,,-14.340638844324255
2024-10-23 18:00:00,,-14.344630437371706
2024-10-23 19:00:00,,-14.346622030419157
2024-10-23 20:00:00,,-14.350613623466607
2024-10-23 21:00:00,,-14.351605216514056
2024-10-23 22:00:00,,-14.354596809561507
2024-10-23 23:00:00,,-14.356588402608958
2024-10-24 00:00:00,,-14.355579995656408
2024-10-24 01:00:00,,-14.352571588703858
2024-10-24 02:00:00,,-14.353563181751309
2024-10-24 03:00:00,,-14.352554774798758
2024-10-24 04:00:00,,-14.355546367846209
2024-10-24 05:00:00,,-14.354537960893659
2024-10-24 06:00:00,,-14.35952955394111
2024-10-24 07:00:00,,-14.367521146988558
2024-10-24 08:00:00,,-14.370512740036009
2024-10-24 09:00:00,,-14.37250433308346
2024-10-24 10:00:00,,-14.37549592613091
2024-10-24 11:00:00,,-14.37348751917836
2024-10-24 12:00:00,,-14.371479112225812
2024-10-24 13:00:00,,-14.36947070527326
2024-10-24 14:00:00,,-14.36446229832071
2024-10-24 15:00:00,,-14.363453891368161
2024-10-24 16:00:00,,-14.359445484415613
2024-10-24 17:00:00,,-14.360437077463061
2024-10-24 18:00:00,,-14.360428670510512
2024-10-24 19:00:00,,-14.367420263557962
2024-10-24 20:00:00,,-14.370411856605411
2024-10-24 21:00:00,,-14.373403449652862
2024-10-24 22:00:00,,-14.377395042700313
2024-10-24 23:00:00,,-14.379386635747762
2024-10-25 00:00:00,,-14.376378228795213
2024-10-25 01:00:00,,-14.377369821842663
2024-10-25 02:00:00,,-14.375361414890115
2024-10-25 03:00:00,,-14.375353007937564
2024-10-25 04:00:00,,-14.374344600985015
2024-10-25 05:00:00,,-14.373336194032465
2024-10-25 06:00:00,,-14.375327787079915
2024-10-25 07:00:00,,-14.387319380127366
2024-10-25 08:00:00,,-14.390310973174817
2024-10-25 09:00:00,,-14.392302566222265
2024-10-25 10:00:00,,-14.394294159269716
2024-10-25 11:00:00,,-14.389285752317166
2024-10-25 12:00:00,,-14.386277345364617
2024-10-25 13:00:00,,-14.381268938412067
2024-10-25 14:00:00,,-14.375260531459517
2024-10-25 15:00:00,,-14.370252124506967
2024-10-25 16:00:00,,-14.366243717554417
2024-10-25 17:00:00,,-14.365235310601868
2024-10-25 18:00:00,,-14.367226903649318
2024-10-25 19:00:00,,-14.369218496696767
2024-10-25 20:00:00,,-14.370210089744218
2024-10-25 21:00:00,,-14.37420168279167
2024-10-25 22:00:00,,-14.379193275839118
2024-10-25 23:00:00,,-14.376184868886568
2024-10-26 00:00:00,,-14.376176461934019
2024-10-26 01:00:00,,-14.37316805498147
2024-10-26 02:00:00,,-14.370159648028919
2024-10-26 03:00:00,,-14.37015124107637
2024-10-26 04:00:00,,-14.37014283412382
2024-10-26 05:00:00,,-14.37113442717127
2024-10-26 06:00:00,,-14.37712602021872
2024-10-26 07:00:00,,-14.381117613266172
2024-10-26 08:00:00,,-14.38310920631362
2024-10-26 09:00:00,,-14.38610079936107
2024-10-26 10:00:00,,-14.382092392408522
2024-10-26 11:00:00,,-14.380083985455972
2024-10-26 12:00:00,,-14.373075578503421
2024-10-26 13:00:00,,-14.365067171550873
2024-10-26 14:00:00,,-14.358058764598324
2024-10-26 15:00:00,,-14.350050357645772
2024-10-26 16:00:00,,-14.347041950693223
2024-10-26 17:00:00,,-14.342033543740675
2024-10-26 18:00:00,,-14.343025136788123
2024-10-26 19:00:00,,-14.345016729835574
2024-10-26 20:00:00,,-14.347008322883024
2024-10-26 21:00:00,,-14.346999915930475
2024-10-26 22:00:00,,-14.349991508977924
2024-10-26 23:00:00,,-14.350983102025374
2024-10-27 00:00:00,,-14.351974695072826
2024-10-27 01:00:00,,-14.348966288120275
2024-10-27 02:00:00,,-14.347957881167725
2024-10-27 03:00:00,,-14.344949474215177
2024-10-27 04:00:00,,-14.347941067262624
2024-10-27 05:00:00,,-14.348932660310076
2024-10-27 06:00:00,,-14.355924253357527
2024-10-27 07:00:00,,-14.360915846404977
2024-10-27 08:00:00,,-14.368907439452427
2024-10-27 09:00:00,,-14.373899032499878
2024-10-27 10:00:00,,-14.373890625547329
2024-10-27 11:00:00,,-14.370882218594778
2024-10-27 12:00:00,,-14.369873811642227
2024-10-27 13:00:00,,-14.36786540468968
2024-10-27 14:00:00,,-14.363856997737127
2024-10-27 15:00:00,,-14.359848590784578
2024-10-27 16:00:00,,-14.35884018383203
2024-10-27 17:00:00,,-14.35883177687948
2024-10-27 18:00:00,,-14.360823369926928
2024-10-27 19:00:00,,-14.36281496297438
2024-10-27 20:00:00,,-14.37180655602183
2024-10-27 21:00:00,,-14.376798149069279
2024-10-27 22:00:00,,-14.38178974211673
2024-10-27 23:00:00,,-14.380781335164182
2024-10-28 00:00:00,,-14.38077292821163
2024-10-28 01:00:00,,-14.380764521259081
2024-10-28 02:00:00,,-14.375756114306531
2024-10-28 03:00:00,,-14.369747707353982
2024-10-28 04:00:00,,-14.374739300401432
2024-10-28 05:00:00,,-14.374730893448882
2024-10-28 06:00:00,,-14.382722486496332
2024-10-28 07:00:00,,-14.384714079543782
2024-10-28 08:00:00,,-14.393705672591233
2024-10-28 09:00:00,,-14.397697265638683
2024-10-28 10:00:00,,-14.396688858686133
2024-10-28 11:00:00,,-14.398680451733583
2024-10-28 12:00:00,,-14.395672044781033
2024-10-28 13:00:00,,-14.387663637828483
2024-10-28 14:00:00,,-14.385655230875933
2024-10-28 15:00:00,,-14.378646823923384
2024-10-28 16:00:00,,-14.375638416970835
2024-10-28 17:00:00,,-14.374630010018285
2024-10-28 18:00:00,,-14.375621603065735
2024-10-28 19:00:00,,-14.381613196113186
2024-10-28 20:00:00,,-14.382604789160634
2024-10-28 21:00:00,,-14.390596382208086
2024-10-28 22:00:00,,-14.395587975255536
2024-10-28 23:00:00,,-14.395579568302985
2024-10-29 00:00:00,,-14.397571161350436
2024-10-29 01:00:00,,-14.395562754397886
2024-10-29 02:00:00,,-14.390554347445338
2024-10-29 03:00:00,,-14.390545940492787
2024-10-29 04:00:00,,-14.390537533540238
2024-10-29 05:00:00,,-14.392529126587688
2024-10-29 06:00:00,,-14.396520719635138
2024-10-29 07:00:00,,-14.403512312682588
2024-10-29 08:00:00,,-14.40550390573004
2024-10-29 09:00:00,,-14.410495498777488
2024-10-29 10:00:00,,-14.41548709182494
2024-10-29 11:00:00,,-14.414478684872389
2024-10-29 12:00:00,,-14.40847027791984
2024-10-29 13:00:00,,-14.404461870967289
2024-10-29 14:00:00,,-14.39645346401474
2024-10-29 15:00:00,,-14.389445057062192
2024-10-29 16:00:00,,-14.38643665010964
2024-10-29 17:00:00,,-14.38142824315709
2024-10-29 18:00:00,,-14.381419836204541
2024-10-29 19:00:00,,-14.386411429251991
2024-10-29 20:00:00,,-14.390403022299441
2024-10-29 21:00:00,,-14.396394615346892
2024-10-29 22:00:00,,-14.400386208394343
2024-10-29 23:00:00,,-14.401377801441791
2024-10-30 00:00:00,,-14.398369394489242
2024-10-30 01:00:00,,-14.400360987536693
2024-10-30 02:00:00,,-14.395352580584142
2024-10-30 03:00:00,,-14.389344173631594
2024-10-30 04:00:00,,-14.388335766679043
2024-10-30 05:00:00,,-14.384327359726493
2024-10-30 06:00:00,,-14.386318952773944
2024-10-30 07:00:00,,-14.393310545821395
2024-10-30 08:00:00,,-14.393302138868846
2024-10-30 09:00:00,,-14.397293731916294
2024-10-30 10:00:00,,-14.400285324963745
2024-10-30 11:00:00,,-14.395276918011195
2024-10-30 12:00:00,,-14.388268511058644
2024-10-30 13:00:00,,-14.378260104106095
2024-10-30 14:00:00,,-14.371251697153546
2024-10-30 15:00:00,,-14.367243290200996
2024-10-30 16:00:00,,-14.360234883248445
2024-10-30 17:00:00,,-14.354226476295898
2024-10-30 18:00:00,,-14.354218069343347
2024-10-30 19:00:00,,-14.357209662390797
2024-10-30 20:00:00,,-14.360201255438247
2024-10-30 21:00:00,,-14.362192848485698
2024-10-30 22:00:00,,-14.368184441533147
2024-10-30 23:00:00,,-14.369176034580597
2024-10-31 00:00:00,,-14.369167627628048
2024-10-31 01:00:00,,-14.366159220675497
2024-10-31 02:00:00,,-14.365150813722948
2024-10-31 03:00:00,,-14.363142406770399
2024-10-31 04:00:00,,-14.361133999817849
2024-10-31 05:00:00,,-14.363125592865298
2024-10-31 06:00:00,,-14.36411718591275
2024-10-31 07:00:00,,-14.3711087789602
2024-10-31 08:00:00,,-14.37310037200765
2024-10-31 09:00:00,,-14.3780919650551
2024-10-31 10:00:00,,-14.378083558102551
2024-10-31 11:00:00,,-14.37507515115
2024-10-31 12:00:00,,-14.370066744197452
2024-10-31 13:00:00,,-14.367058337244902
2024-10-31 14:00:00,,-14.354049930292351
2024-10-31 15:00:00,,-14.3470415233398
2024-10-31 16:00:00,,-14.345033116387253
2024-10-31 17:00:00,,-14.338024709434704
2024-10-31 18:00:00,,-14.338016302482153
2024-10-31 19:00:00,,-14.341007895529604
2024-10-31 20:00:00,,-14.344999488577054
2024-10-31 21:00:00,,-14.347991081624503
2024-10-31 22:00:00,,-14.353982674671954
2024-10-31 23:00:00,,-14.356974267719405
2024-11-01 00:00:00,,-14.360965860766854
2024-11-01 01:00:00,,-14.359957453814303
2024-11-01 02:00:00,,-14.352949046861754
2024-11-01 03:00:00,,-14.355940639909205
2024-11-01 04:00:00,,-14.353932232956655
2024-11-01 05:00:00,,-14.349923826004105
2024-11-01 06:00:00,,-14.357915419051556
2024-11-01 07:00:00,,-14.365907012099004
2024-11-01 08:00:00,,-14.371898605146455
2024-11-01 09:00:00,,-14.371890198193906
2024-11-01 10:00:00,,-14.375881791241355
2024-11-01 11:00:00,,-14.375873384288806
2024-11-01 12:00:00,,-14.368864977336257
2024-11-01 13:00:00,,-14.367856570383708
2024-11-01 14:00:00,,-14.361848163431157
2024-11-01 15:00:00,,-14.355839756478607
2024-11-01 16:00:00,,-14.347831349526059
2024-11-01 17:00:00,,-14.346822942573507
2024-11-01 18:00:00,,-14.346814535620958
2024-11-01 19:00:00,,-14.34480612866841
2024-11-01 20:00:00,,-14.346797721715857
2024-11-01 21:00:00,,-14.351789314763309
2024-11-01 22:00:00,,-14.359780907810759
2024-11-01 23:00:00,,-14.360772500858209
2024-11-02 00:00:00,,-14.362764093905659
2024-11-02 01:00:00,,-14.36675568695311
2024-11-02 02:00:00,,-14.36174728000056
2024-11-02 03:00:00,,-14.36073887304801
2024-11-02 04:00:00,,-14.36273046609546
2024-11-02 05:00:00,,-14.360722059142912
2024-11-02 06:00:00,,-14.363713652190361
2024-11-02 07:00:00,,-14.366705245237812
2024-11-02 08:00:00,,-14.378696838285261
2024-11-02 09:00:00,,-14.38168843133271
2024-11-02 10:00:00,,-14.381680024380161
2024-11-02 11:00:00,,-14.382671617427613
2024-11-02 12:00:00,,-14.380663210475063
2024-11-02 13:00:00,,-14.377654803522512
2024-11-02 14:00:00,,-14.367646396569963
2024-11-02 15:00:00,,-14.359637989617413
2024-11-02 16:00:00,,-14.354629582664863
2024-11-02 17:00:00,,-14.350621175712314
2024-11-02 18:00:00,,-14.346612768759764
2024-11-02 19:00:00,,-14.344604361807214
2024-11-02 20:00:00,,-14.350595954854665
2024-11-02 21:00:00,,-14.354587547902115
2024-11-02 22:00:00,,-14.360579140949566
2024-11-02 23:00:00,,-14.362570733997014
2024-11-03 00:00:00,,-14.358562327044465
2024-11-03 01:00:00,,-14.360553920091917
2024-11-03 02:00:00,,-14.358545513139365
2024-11-03 03:00:00,,-14.356537106186817
2024-11-03 04:00:00,,-14.353528699234268
2024-11-03 05:00:00,,-14.352520292281715
2024-11-03 06:00:00,,-14.353511885329167
2024-11-03 07:00:00,,-14.359503478376617
2024-11-03 08:00:00,,-14.366495071424069
2024-11-03 09:00:00,,-14.372486664471518
2024-11-03 10:00:00,,-14.373478257518968
2024-11-03 11:00:00,,-14.36946985056642
2024-11-03 12:00:00,,-14.366461443613868
2024-11-03 13:00:00,,-14.36345303666132
2024-11-03 14:00:00,,-14.35744462970877
2024-11-03 15:00:00,,-14.351436222756218
2024-11-03 16:00:00,,-14.345427815803669
2024-11-03 17:00:00,,-14.33941940885112
2024-11-03 18:00:00,,-14.33541100189857
2024-11-03 19:00:00,,-14.33940259494602
2024-11-03 20:00:00,,-14.33939418799347
2024-11-03 21:00:00,,-14.344385781040922
2024-11-03 22:00:00,,-14.34737737408837
2024-11-03 23:00:00,,-14.354368967135821
2024-11-04 00:00:00,,-14.351360560183272
2024-11-04 01:00:00,,-14.35135215323072
2024-11-04 02:00:00,,-14.350343746278172
2024-11-04 03:00:00,,-14.353335339325623
2024-11-04 04:00:00,,-14.34932693237307
2024-11-04 05:00:00,,-14.350318525420523
2024-11-04 06:00:00,,-14.352310118467972
2024-11-04 07:00:00,,-14.359301711515423
2024-11-04 08:00:00,,-14.363293304562873
2024-11-04 09:00:00,,-14.369284897610324
2024-11-04 10:00:00,,-14.373276490657775
2024-11-04 11:00:00,,-14.376268083705224
2024-11-04 12:00:00,,-14.373259676752674
2024-11-04 13:00:00,,-14.372251269800126
2024-11-04 14:00:00,,-14.363242862847574
2024-11-04 15:00:00,,-14.363234455895025
2024-11-04 16:00:00,,-14.358226048942475
2024-11-04 17:00:00,,-14.352217641989926
2024-11-04 18:00:00,,-14.349209235037375
2024-11-04 19:00:00,,-14.348200828084826
2024-11-04 20:00:00,,-14.350192421132277
2024-11-04 21:00:00,,-14.351184014179726
2024-11-04 22:00:00,,-14.355175607227176
2024-11-04 23:00:00,,-14.355167200274627
2024-11-05 00:00:00,,-14.356158793322077
2024-11-05 01:00:00,,-14.354150386369527
2024-11-05 02:00:00,,-14.354141979416978
2024-11-05 03:00:00,,-14.35013357246443
2024-11-05 04:00:00,,-14.350125165511878
2024-11-05 05:00:00,,-14.350116758559329
2024-11-05 06:00:00,,-14.35310835160678
2024-11-05 07:00:00,,-14.357099944654228
2024-11-05 08:00:00,,-14.36009153770168
2024-11-05 09:00:00,,-14.36008313074913
2024-11-05 10:00:00,,-14.36007472379658
2024-11-05 11:00:00,,-14.36306631684403
2024-11-05 12:00:00,,-14.36005790989148
2024-11-05 13:00:00,,-14.35804950293893
2024-11-05 14:00:00,,-14.35204109598638
2024-11-05 15:00:00,,-14.34803268903383
2024-11-05 16:00:00,,-14.342024282081281
2024-11-05 17:00:00,,-14.33801587512873
2024-11-05 18:00:00,,-14.334007468176182
2024-11-05 19:00:00,,-14.334999061223632
2024-11-05 20:00:00,,-14.333990654271082
2024-11-05 21:00:00,,-14.335982247318531
2024-11-05 22:00:00,,-14.341973840365982
2024-11-05 23:00:00,,-14.344965433413433
2024-11-06 00:00:00,,-14.348957026460882
2024-11-06 01:00:00,,-14.345948619508333
2024-11-06 02:00:00,,-14.346940212555785
2024-11-06 03:00:00,,-14.349931805603234
2024-11-06 04:00:00,,-14.350923398650684
2024-11-06 05:00:00,,-14.352914991698135
2024-11-06 06:00:00,,-14.357906584745583
2024-11-06 07:00:00,,-14.365898177793035
2024-11-06 08:00:00,,-14.370889770840485
2024-11-06 09:00:00,,-14.375881363887935
2024-11-06 10:00:00,,-14.374872956935384
2024-11-06 11:00:00,,-14.373864549982835
2024-11-06 12:00:00,,-14.369856143030287
2024-11-06 13:00:00,,-14.367847736077735
2024-11-06 14:00:00,,-14.365839329125187
2024-11-06 15:00:00,,-14.357830922172637
2024-11-06 16:00:00,,-14.355822515220087
2024-11-06 17:00:00,,-14.351814108267536
2024-11-06 18:00:00,,-14.355805701314988
2024-11-06 19:00:00,,-14.352797294362437
2024-11-06 20:00:00,,-14.353788887409888
2024-11-06 21:00:00,,-14.350780480457338
2024-11-06 22:00:00,,-14.35677207350479
2024-11-06 23:00:00,,-14.356763666552238
2024-11-07 00:00:00,,-14.35975525959969
2024-11-07 01:00:00,,-14.35774685264714
2024-11-07 02:00:00,,-14.356738445694589
2024-11-07 03:00:00,,-14.354730038742039
2024-11-07 04:00:00,,-14.35272163178949
2024-11-07 05:00:00,,-14.361713224836938
2024-11-07 06:00:00,,-14.36970481788439
2024-11-07 07:00:00,,-14.371696410931841
2024-11-07 08:00:00,,-14.375688003979292
2024-11-07 09:00:00,,-14.387679597026741
2024-11-07 10:00:00,,-14.391671190074192
2024-11-07 11:00:00,,-14.394662783121642
2024-11-07 12:00:00,,-14.384654376169092
2024-11-07 13:00:00,,-14.388645969216542
2024-11-07 14:00:00,,-14.381637562263993
2024-11-07 15:00:00,,-14.376629155311441
2024-11-07 16:00:00,,-14.376620748358892
2024-11-07 17:00:00,,-14.366612341406343
2024-11-07 18:00:00,,-14.372603934453794
2024-11-07 19:00:00,,-14.369595527501243
2024-11-07 20:00:00,,-14.367587120548693
2024-11-07 21:00:00,,-14.366578713596144
2024-11-07 22:00:00,,-14.370570306643593
2024-11-07 23:00:00,,-14.373561899691044
2024-11-08 00:00:00,,-14.371553492738496
2024-11-08 01:00:00,,-14.372545085785944
2024-11-08 02:00:00,,-14.368536678833395
2024-11-08 03:00:00,,-14.372528271880846
2024-11-08 04:00:00,,-14.370519864928296
2024-11-08 05:00:00,,-14.373511457975745
2024-11-08 06:00:00,,-14.375503051023196
2024-11-08 07:00:00,,-14.378494644070647
2024-11-08 08:00:00,,-14.381486237118096
2024-11-08 09:00:00,,-14.380477830165546
2024-11-08 10:00:00,,-14.380469423212997
2024-11-08 11:00:00,,-14.379461016260446
2024-11-08 12:00:00,,-14.376452609307897
2024-11-08 13:00:00,,-14.369444202355348
2024-11-08 14:00:00,,-14.367435795402796
2024-11-08 15:00:00,,-14.361427388450247
2024-11-08 16:00:00,,-14.359418981497699
2024-11-08 17:00:00,,-14.35541057454515
2024-11-08 18:00:00,,-14.352402167592599
2024-11-08 19:00:00,,-14.35539376064005
2024-11-08 20:00:00,,-14.3543853536875
2024-11-08 21:00:00,,-14.361376946734948
2024-11-08 22:00:00,,-14.358368539782399
2024-11-08 23:00:00,,-14.362360132829851
2024-11-09 00:00:00,,-14.3603517258773
2024-11-09 01:00:00,,-14.36134331892475
2024-11-09 02:00:00,,-14.3583349119722
2024-11-09 03:00:00,,-14.357326505019651
2024-11-09 04:00:00,,-14.3573180980671
2024-11-09 05:00:00,,-14.36130969111455
2024-11-09 06:00:00,,-14.363301284162002
2024-11-09 07:00:00,,-14.370292877209451
2024-11-09 08:00:00,,-14.372284470256902
2024-11-09 09:00:00,,-14.374276063304352
2024-11-09 10:00:00,,-14.374267656351801
2024-11-09 11:00:00,,-14.371259249399253
2024-11-09 12:00:00,,-14.366250842446703
2024-11-09 13:00:00,,-14.366242435494154
2024-11-09 14:00:00,,-14.358234028541602
2024-11-09 15:00:00,,-14.363225621589054
2024-11-09 16:00:00,,-14.363217214636505
2024-11-09 17:00:00,,-14.356208807683954
2024-11-09 18:00:00,,-14.371200400731405
2024-11-09 19:00:00,,-14.379191993778855
2024-11-09 20:00:00,,-14.377183586826304
2024-11-09 21:00:00,,-14.391175179873755
2024-11-09 22:00:00,,-14.393166772921205
2024-11-09 23:00:00,,-14.398158365968657
2024-11-10 00:00:00,,-14.393149959016105
2024-11-10 01:00:00,,-14.391141552063557
2024-11-10 02:00:00,,-14.384133145111008
2024-11-10 03:00:00,,-14.384124738158457
2024-11-10 04:00:00,,-14.392116331205907
2024-11-10 05:00:00,,-14.394107924253358
2024-11-10 06:00:00,,-14.388099517300807
2024-11-10 07:00:00,,-14.395091110348258
2024-11-10 08:00:00,,-14.396082703395708
2024-11-10 09:00:00,,-14.393074296443158
2024-11-10 10:00:00,,-14.396065889490608
2024-11-10 11:00:00,,-14.392057482538059
2024-11-10 12:00:00,,-14.390049075585509
2024-11-10 13:00:00,,-14.386040668632958
2024-11-10 14:00:00,,-14.37803226168041
2024-11-10 15:00:00,,-14.37502385472786
2024-11-10 16:00:00,,-14.370015447775309
2024-11-10 17:00:00,,-14.36500704082276
2024-11-10 18:00:00,,-14.36299863387021
2024-11-10 19:00:00,,-14.364990226917662
2024-11-10 20:00:00,,-14.36898181996511
2024-11-10 21:00:00,,-14.372973413012561
2024-11-10 22:00:00,,-14.371965006060012
2024-11-10 23:00:00,,-14.37295659910746
2024-11-11 00:00:00,,-14.370948192154913
2024-11-11 01:00:00,,-14.367939785202363
2024-11-11 02:00:00,,-14.365931378249812
2024-11-11 03:00:00,,-14.374922971297263
2024-11-11 04:00:00,,-14.381914564344713
2024-11-11 05:00:00,,-14.385906157392162
2024-11-11 06:00:00,,-14.385897750439613
2024-11-11 07:00:00,,-14.395889343487063
2024-11-11 08:00:00,,-14.401880936534514
2024-11-11 09:00:00,,-14.401872529581963
2024-11-11 10:00:00,,-14.399864122629415
2024-11-11 11:00:00,,-14.395855715676865
2024-11-11 12:00:00,,-14.383847308724315
2024-11-11 13:00:00,,-14.380838901771765
2024-11-11 14:00:00,,-14.367830494819216
2024-11-11 15:00:00,,-14.361822087866665
2024-11-11 16:00:00,,-14.359813680914115
2024-11-11 17:00:00,,-14.354805273961567
2024-11-11 18:00:00,,-14.357796867009016
2024-11-11 19:00:00,,-14.359788460056466
2024-11-11 20:00:00,,-14.361780053103917
2024-11-11 21:00:00,,-14.365771646151368
2024-11-11 22:00:00,,-14.366763239198816
2024-11-11 23:00:00,,-14.365754832246267
2024-11-12 00:00:00,,-14.360746425293717
2024-11-12 01:00:00,,-14.358738018341167
2024-11-12 02:00:00,,-14.354729611388619
2024-11-12 03:00:00,,-14.356721204436068
2024-11-12 04:00:00,,-14.35571279748352
2024-11-12 05:00:00,,-14.359704390530968
2024-11-12 06:00:00,,-14.36869598357842
2024-11-12 07:00:00,,-14.37268757662587
2024-11-12 08:00:00,,-14.375679169673319
2024-11-12 09:00:00,,-14.38167076272077
2024-11-12 10:00:00,,-14.38166235576822
2024-11-12 11:00:00,,-14.37765394881567
2024-11-12 12:00:00,,-14.37964554186312
2024-11-12 13:00:00,,-14.378637134910571
2024-11-12 14:00:00,,-14.372628727958022
2024-11-12 15:00:00,,-14.371620321005471
2024-11-12 16:00:00,,-14.369611914052921
2024-11-12 17:00:00,,-14.367603507100373
2024-11-12 18:00:00,,-14.365595100147821
2024-11-12 19:00:00,,-14.366586693195272
2024-11-12 20:00:00,,-14.369578286242723
2024-11-12 21:00:00,,-14.371569879290172
2024-11-12 22:00:00,,-14.375561472337623
2024-11-12 23:00:00,,-14.372553065385073
2024-11-13 00:00:00,,-14.370544658432525
2024-11-13 01:00:00,,-14.365536251479973
2024-11-13 02:00:00,,-14.368527844527424
2024-11-13 03:00:00,,-14.363519437574874
2024-11-13 04:00:00,,-14.365511030622324
2024-11-13 05:00:00,,-14.366502623669774
2024-11-13 06:00:00,,-14.365494216717225
2024-11-13 07:00:00,,-14.373485809764674
2024-11-13 08:00:00,,-14.382477402812125
2024-11-13 09:00:00,,-14.385468995859576
2024-11-13 10:00:00,,-14.385460588907025
2024-11-13 11:00:00,,-14.385452181954475
2024-11-13 12:00:00,,-14.382443775001926
2024-11-13 13:00:00,,-14.376435368049377
2024-11-13 14:00:00,,-14.369426961096826
2024-11-13 15:00:00,,-14.361418554144278
2024-11-13 16:00:00,,-14.358410147191728
2024-11-13 17:00:00,,-14.356401740239177
2024-11-13 18:00:00,,-14.359393333286627
2024-11-13 19:00:00,,-14.362384926334078
2024-11-13 20:00:00,,-14.366376519381527
2024-11-13 21:00:00,,-14.372368112428978
2024-11-13 22:00:00,,-14.378359705476429
2024-11-13 23:00:00,,-14.38035129852388
2024-11-14 00:00:00,,-14.375342891571329
2024-11-14 01:00:00,,-14.37733448461878
2024-11-14 02:00:00,,-14.36932607766623
2024-11-14 03:00:00,,-14.36731767071368
2024-11-14 04:00:00,,-14.36930926376113
2024-11-14 05:00:00,,-14.37230085680858
2024-11-14 06:00:00,,-14.37829244985603
2024-11-14 07:00:00,,-14.38128404290348
2024-11-14 08:00:00,,-14.387275635950932
2024-11-14 09:00:00,,-14.390267228998383
2024-11-14 10:00:00,,-14.39525882204583
2024-11-14 11:00:00,,-14.390250415093282
2024-11-14 12:00:00,,-14.391242008140733
2024-11-14 13:00:00,,-14.381233601188182
2024-11-14 14:00:00,,-14.375225194235632
2024-11-14 15:00:00,,-14.368216787283083
2024-11-14 16:00:00,,-14.361208380330533
2024-11-14 17:00:00,,-14.359199973377983
2024-11-14 18:00:00,,-14.360191566425433
2024-11-14 19:00:00,,-14.363183159472884
2024-11-14 20:00:00,,-14.366174752520333
2024-11-14 21:00:00,,-14.374166345567785
2024-11-14 22:00:00,,-14.375157938615235
2024-11-14 23:00:00,,-14.382149531662684
2024-11-15 00:00:00,,-14.383141124710136
2024-11-15 01:00:00,,-14.379132717757585
2024-11-15 02:00:00,,-14.376124310805034
2024-11-15 03:00:00,,-14.372115903852485
2024-11-15 04:00:00,,-14.371107496899937
2024-11-15 05:00:00,,-14.370099089947388
2024-11-15 06:00:00,,-14.371090682994836
2024-11-15 07:00:00,,-14.377082276042287
2024-11-15 08:00:00,,-14.380073869089738
2024-11-15 09:00:00,,-14.385065462137186
2024-11-15 10:00:00,,-14.385057055184637
2024-11-15 11:00:00,,-14.385048648232088
2024-11-15 12:00:00,,-14.378040241279537
2024-11-15 13:00:00,,-14.373031834326987
2024-11-15 14:00:00,,-14.36102342737444
2024-11-15 15:00:00,,-14.354015020421889
2024-11-15 16:00:00,,-14.346006613469338
2024-11-15 17:00:00,,-14.34199820651679
2024-11-15 18:00:00,,-14.337989799564241
2024-11-15 19:00:00,,-14.34098139261169
2024-11-15 20:00:00,,-14.34397298565914
2024-11-15 21:00:00,,-14.34596457870659
2024-11-15 22:00:00,,-14.346956171754039
2024-11-15 23:00:00,,-14.35294776480149
2024-11-16 00:00:00,,-14.34993935784894
2024-11-16 01:00:00,,-14.34893095089639
2024-11-16 02:00:00,,-14.345922543943841
2024-11-16 03:00:00,,-14.344914136991292
2024-11-16 04:00:00,,-14.339905730038742
2024-11-16 05:00:00,,-14.342897323086191
2024-11-16 06:00:00,,-14.341888916133643
2024-11-16 07:00:00,,-14.346880509181092
2024-11-16 08:00:00,,-14.352872102228542
2024-11-16 09:00:00,,-14.355863695275993
2024-11-16 10:00:00,,-14.357855288323444
2024-11-16 11:00:00,,-14.359846881370892
2024-11-16 12:00:00,,-14.354838474418344
2024-11-16 13:00:00,,-14.352830067465794
2024-11-16 14:00:00,,-14.346821660513244
2024-11-16 15:00:00,,-14.336813253560694
2024-11-16 16:00:00,,-14.327804846608144
2024-11-16 17:00:00,,-14.322796439655596
2024-11-16 18:00:00,,-14.322788032703045
2024-11-16 19:00:00,,-14.321779625750496
2024-11-16 20:00:00,,-14.325771218797946
2024-11-16 21:00:00,,-14.330762811845394
2024-11-16 22:00:00,,-14.334754404892847
2024-11-16 23:00:00,,-14.343745997940296
2024-11-17 00:00:00,,-14.341737590987748
2024-11-17 01:00:00,,-14.340729184035197
2024-11-17 02:00:00,,-14.339720777082647
2024-11-17 03:00:00,,-14.339712370130098
2024-11-17 04:00:00,,-14.335703963177547
2024-11-17 05:00:00,,-14.338695556224998
2024-11-17 06:00:00,,-14.34068714927245
2024-11-17 07:00:00,,-14.346678742319897
2024-11-17 08:00:00,,-14.351670335367348
2024-11-17 09:00:00,,-14.3576619284148
2024-11-17 10:00:00,,-14.36165352146225
2024-11-17 11:00:00,,-14.364645114509699
2024-11-17 12:00:00,,-14.36363670755715
2024-11-17 13:00:00,,-14.3586283006046
2024-11-17 14:00:00,,-14.35361989365205
2024-11-17 15:00:00,,-14.353611486699501
2024-11-17 16:00:00,,-14.344603079746951
2024-11-17 17:00:00,,-14.3385946727944
2024-11-17 18:00:00,,-14.338586265841851
2024-11-17 19:00:00,,-14.340577858889302
2024-11-17 20:00:00,,-14.35156945193675
2024-11-17 21:00:00,,-14.369561044984202
2024-11-17 22:00:00,,-14.375552638031651
2024-11-17 23:00:00,,-14.382544231079104
2024-11-18 00:00:00,,-14.383535824126552
2024-11-18 01:00:00,,-14.384527417174002
2024-11-18 02:00:00,,-14.377519010221453
2024-11-18 03:00:00,,-14.378510603268902
2024-11-18 04:00:00,,-14.376502196316354
2024-11-18 05:00:00,,-14.379493789363805
2024-11-18 06:00:00,,-14.385485382411254
2024-11-18 07:00:00,,-14.388476975458703
2024-11-18 08:00:00,,-14.395468568506155
2024-11-18 09:00:00,,-14.394460161553605
2024-11-18 10:00:00,,-14.399451754601055
2024-11-18 11:00:00,,-14.397443347648505
2024-11-18 12:00:00,,-14.397434940695955
2024-11-18 13:00:00,,-14.390426533743405
2024-11-18 14:00:00,,-14.387418126790855
2024-11-18 15:00:00,,-14.384409719838306
2024-11-18 16:00:00,,-14.374401312885755
2024-11-18 17:00:00,,-14.371392905933206
2024-11-18 18:00:00,,-14.368384498980657
2024-11-18 19:00:00,,-14.369376092028109
2024-11-18 20:00:00,,-14.369367685075558
2024-11-18 21:00:00,,-14.375359278123007
2024-11-18 22:00:00,,-14.382350871170459
2024-11-18 23:00:00,,-14.382342464217908
2024-11-19 00:00:00,,-14.386334057265358
2024-11-19 01:00:00,,-14.38532565031281
2024-11-19 02:00:00,,-14.381317243360257
2024-11-19 03:00:00,,-14.381308836407708
2024-11-19 04:00:00,,-14.381300429455159
2024-11-19 05:00:00,,-14.37829202250261
2024-11-19 06:00:00,,-14.38228361555006
2024-11-19 07:00:00,,-14.38427520859751
2024-11-19 08:00:00,,-14.39026680164496
2024-11-19 09:00:00,,-14.38925839469241
2024-11-19 10:00:00,,-14.39124998773986
2024-11-19 11:00:00,,-14.39124158078731
2024-11-19 12:00:00,,-14.38823317383476
2024-11-19 13:00:00,,-14.385224766882212
2024-11-19 14:00:00,,-14.377216359929662
2024-11-19 15:00:00,,-14.374207952977113
2024-11-19 16:00:00,,-14.368199546024561
2024-11-19 17:00:00,,-14.361191139072012
2024-11-19 18:00:00,,-14.359182732119463
2024-11-19 19:00:00,,-14.356174325166911
2024-11-19 20:00:00,,-14.358165918214363
2024-11-19 21:00:00,,-14.359157511261813
2024-11-19 22:00:00,,-14.362149104309262
2024-11-19 23:00:00,,-14.365140697356713
2024-11-20 00:00:00,,-14.362132290404164
2024-11-20 01:00:00,,-14.363123883451616
2024-11-20 02:00:00,,-14.369115476499065
2024-11-20 03:00:00,,-14.364107069546515
2024-11-20 04:00:00,,-14.364098662593966
2024-11-20 05:00:00,,-14.367090255641415
2024-11-20 06:00:00,,-14.368081848688865
2024-11-20 07:00:00,,-14.374073441736316
2024-11-20 08:00:00,,-14.373065034783766
2024-11-20 09:00:00,,-14.376056627831217
2024-11-20 10:00:00,,-14.377048220878667
2024-11-20 11:00:00,,-14.376039813926116
2024-11-20 12:00:00,,-14.372031406973566
2024-11-20 13:00:00,,-14.372023000021017
2024-11-20 14:00:00,,-14.368014593068468
2024-11-20 15:00:00,,-14.359006186115916
2024-11-20 16:00:00,,-14.354997779163368
2024-11-20 17:00:00,,-14.350989372210819
2024-11-20 18:00:00,,-14.350980965258268
2024-11-20 19:00:00,,-14.346972558305719
2024-11-20 20:00:00,,-14.345964151353169
2024-11-20 21:00:00,,-14.347955744400618
2024-11-20 22:00:00,,-14.351947337448069
2024-11-20 23:00:00,,-14.355938930495519
2024-11-21 00:00:00,,-14.356930523542971
2024-11-21 01:00:00,,-14.35692211659042
2024-11-21 02:00:00,,-14.35691370963787
2024-11-21 03:00:00,,-14.352905302685322
2024-11-21 04:00:00,,-14.35189689573277
2024-11-21 05:00:00,,-14.35488848878022
2024-11-21 06:00:00,,-14.357880081827672
2024-11-21 07:00:00,,-14.35887167487512
2024-11-21 08:00:00,,-14.364863267922571
2024-11-21 09:00:00,,-14.365854860970023
2024-11-21 10:00:00,,-14.367846454017473
2024-11-21 11:00:00,,-14.362838047064923
2024-11-21 12:00:00,,-14.358829640112372
2024-11-21 13:00:00,,-14.356821233159824
2024-11-21 14:00:00,,-14.353812826207273
2024-11-21 15:00:00,,-14.347804419254723
2024-11-21 16:00:00,,-14.344796012302174
2024-11-21 17:00:00,,-14.340787605349623
2024-11-21 18:00:00,,-14.335779198397073
2024-11-21 19:00:00,,-14.340770791444525
2024-11-21 20:00:00,,-14.341762384491975
2024-11-21 21:00:00,,-14.339753977539425
2024-11-21 22:00:00,,-14.339745570586876
2024-11-21 23:00:00,,-14.346737163634327
2024-11-22 00:00:00,,-14.346728756681776
2024-11-22 01:00:00,,-14.347720349729226
2024-11-22 02:00:00,,-14.344711942776676
2024-11-22 03:00:00,,-14.346703535824126
2024-11-22 04:00:00,,-14.347695128871576
2024-11-22 05:00:00,,-14.351686721919027
2024-11-22 06:00:00,,-14.356678314966478
2024-11-22 07:00:00,,-14.360669908013927
2024-11-22 08:00:00,,-14.364661501061377
2024-11-22 09:00:00,,-14.36565309410883
2024-11-22 10:00:00,,-14.362644687156278
2024-11-22 11:00:00,,-14.362636280203729
2024-11-22 12:00:00,,-14.35962787325118
2024-11-22 13:00:00,,-14.354619466298628
2024-11-22 14:00:00,,-14.351611059346078
2024-11-22 15:00:00,,-14.348602652393529
2024-11-22 16:00:00,,-14.344594245440978
2024-11-22 17:00:00,,-14.34058583848843
2024-11-22 18:00:00,,-14.339577431535881
2024-11-22 19:00:00,,-14.340569024583331
2024-11-22 20:00:00,,-14.33956061763078
2024-11-22 21:00:00,,-14.339552210678232
2024-11-22 22:00:00,,-14.343543803725682
2024-11-22 23:00:00,,-14.34753539677313
2024-11-23 00:00:00,,-14.349526989820582
2024-11-23 01:00:00,,-14.341518582868032
2024-11-23 02:00:00,,-14.346510175915482
2024-11-23 03:00:00,,-14.345501768962931
2024-11-23 04:00:00,,-14.344493362010382
2024-11-23 05:00:00,,-14.347484955057833
2024-11-23 06:00:00,,-14.346476548105283
2024-11-23 07:00:00,,-14.350468141152733
2024-11-23 08:00:00,,-14.351459734200184
2024-11-23 09:00:00,,-14.352451327247634
2024-11-23 10:00:00,,-14.352442920295085
2024-11-23 11:00:00,,-14.354434513342534
2024-11-23 12:00:00,,-14.358426106389983
2024-11-23 13:00:00,,-14.361417699437434
2024-11-23 14:00:00,,-14.358409292484884
2024-11-23 15:00:00,,-14.348400885532335
2024-11-23 16:00:00,,-14.347392478579785
2024-11-23 17:00:00,,-14.343384071627236
2024-11-23 18:00:00,,-14.352375664674687
2024-11-23 19:00:00,,-14.365367257722136
2024-11-23 20:00:00,,-14.367358850769586
2024-11-23 21:00:00,,-14.372350443817037
2024-11-23 22:00:00,,-14.379342036864486
2024-11-23 23:00:00,,-14.384333629911938
2024-11-24 00:00:00,,-14.373325222959387
2024-11-24 01:00:00,,-14.369316816006839
2024-11-24 02:00:00,,-14.364308409054287
2024-11-24 03:00:00,,-14.364300002101738
2024-11-24 04:00:00,,-14.366291595149189
2024-11-24 05:00:00,,-14.364283188196637
2024-11-24 06:00:00,,-14.360274781244089
2024-11-24 07:00:00,,-14.37226637429154
2024-11-24 08:00:00,,-14.374257967338988
2024-11-24 09:00:00,,-14.37924956038644
2024-11-24 10:00:00,,-14.37824115343389
2024-11-24 11:00:00,,-14.37923274648134
2024-11-24 12:00:00,,-14.374224339528789
2024-11-24 13:00:00,,-14.37121593257624
2024-11-24 14:00:00,,-14.36720752562369
2024-11-24 15:00:00,,-14.36219911867114
2024-11-24 16:00:00,,-14.356190711718591
2024-11-24 17:00:00,,-14.352182304766043
2024-11-24 18:00:00,,-14.353173897813491
2024-11-24 19:00:00,,-14.354165490860941
2024-11-24 20:00:00,,-14.356157083908393
2024-11-24 21:00:00,,-14.360148676955841
2024-11-24 22:00:00,,-14.361140270003292
2024-11-24 23:00:00,,-14.362131863050744
2024-11-25 00:00:00,,-14.360123456098194
2024-11-25 01:00:00,,-14.364115049145642
2024-11-25 02:00:00,,-14.357106642193093
2024-11-25 03:00:00,,-14.357098235240544
2024-11-25 04:00:00,,-14.360089828287993
2024-11-25 05:00:00,,-14.361081421335443
2024-11-25 06:00:00,,-14.361073014382894
2024-11-25 07:00:00,,-14.366064607430344
2024-11-25 08:00:00,,-14.368056200477795
2024-11-25 09:00:00,,-14.368047793525246
2024-11-25 10:00:00,,-14.368039386572697
2024-11-25 11:00:00,,-14.365030979620146
2024-11-25 12:00:00,,-14.359022572667596
2024-11-25 13:00:00,,-14.350014165715047
2024-11-25 14:00:00,,-14.340005758762496
2024-11-25 15:00:00,,-14.336997351809947
2024-11-25 16:00:00,,-14.335988944857398
2024-11-25 17:00:00,,-14.329980537904847
2024-11-25 18:00:00,,-14.326972130952297
2024-11-25 19:00:00,,-14.336963723999748
2024-11-25 20:00:00,,-14.340955317047198
2024-11-25 21:00:00,,-14.344946910094647
2024-11-25 22:00:00,,-14.339938503142099
2024-11-25 23:00:00,,-14.34693009618955
2024-11-26 00:00:00,,-14.345921689236999
2024-11-26 01:00:00,,-14.340913282284449
2024-11-26 02:00:00,,-14.3389048753319
2024-11-26 03:00:00,,-14.337896468379348
2024-11-26 04:00:00,,-14.331888061426799
2024-11-26 05:00:00,,-14.335879654474251
2024-11-26 06:00:00,,-14.3378712475217
2024-11-26 07:00:00,,-14.34486284056915
2024-11-26 08:00:00,,-14.348854433616602
2024-11-26 09:00:00,,-14.351846026664052
2024-11-26 10:00:00,,-14.351837619711501
2024-11-26 11:00:00,,-14.348829212758952
2024-11-26 12:00:00,,-14.342820805806403
2024-11-26 13:00:00,,-14.33781239885385
2024-11-26 14:00:00,,-14.329803991901302
2024-11-26 15:00:00,,-14.328795584948752
2024-11-26 16:00:00,,-14.319787177996204
2024-11-26 17:00:00,,-14.319778771043653
2024-11-26 18:00:00,,-14.319770364091104
2024-11-26 19:00:00,,-14.323761957138554
2024-11-26 20:00:00,,-14.327753550186003
2024-11-26 21:00:00,,-14.328745143233453
2024-11-26 22:00:00,,-14.334736736280904
2024-11-26 23:00:00,,-14.334728329328353
2024-11-27 00:00:00,,-14.339719922375805
2024-11-27 01:00:00,,-14.334711515423255
2024-11-27 02:00:00,,-14.329703108470705
2024-11-27 03:00:00,,-14.331694701518154
2024-11-27 04:00:00,,-14.333686294565606
2024-11-27 05:00:00,,-14.330677887613056
2024-11-27 06:00:00,,-14.336669480660506
2024-11-27 07:00:00,,-14.342661073707957
2024-11-27 08:00:00,,-14.350652666755407
2024-11-27 09:00:00,,-14.354644259802855
2024-11-27 10:00:00,,-14.356635852850307
2024-11-27 11:00:00,,-14.354627445897757
2024-11-27 12:00:00,,-14.355619038945207
2024-11-27 13:00:00,,-14.344610631992657
2024-11-27 14:00:00,,-14.344602225040108
2024-11-27 15:00:00,,-14.337593818087559
2024-11-27 16:00:00,,-14.336585411135008
2024-11-27 17:00:00,,-14.330577004182459
2024-11-27 18:00:00,,-14.33956859722991
2024-11-27 19:00:00,,-14.33856019027736
2024-11-27 20:00:00,,-14.34355178332481
2024-11-27 21:00:00,,-14.34654337637226
2024-11-27 22:00:00,,-14.350534969419709
2024-11-27 23:00:00,,-14.354526562467159
2024-11-28 00:00:00,,-14.35451815551461
2024-11-28 01:00:00,,-14.350509748562061
2024-11-28 02:00:00,,-14.35550134160951
2024-11-28 03:00:00,,-14.352492934656961
2024-11-28 04:00:00,,-14.349484527704412
2024-11-28 05:00:00,,-14.35047612075186
2024-11-28 06:00:00,,-14.355467713799312
2024-11-28 07:00:00,,-14.362459306846763
2024-11-28 08:00:00,,-14.371450899894212
2024-11-28 09:00:00,,-14.368442492941663
2024-11-28 10:00:00,,-14.373434085989112
2024-11-28 11:00:00,,-14.377425679036564
2024-11-28 12:00:00,,-14.379417272084012
2024-11-28 13:00:00,,-14.370408865131463
2024-11-28 14:00:00,,-14.368400458178915
2024-11-28 15:00:00,,-14.363392051226363
2024-11-28 16:00:00,,-14.359383644273814
2024-11-28 17:00:00,,-14.356375237321265
2024-11-28 18:00:00,,-14.351366830368715
2024-11-28 19:00:00,,-14.355358423416165
2024-11-28 20:00:00,,-14.356350016463615
2024-11-28 21:00:00,,-14.362341609511066
2024-11-28 22:00:00,,-14.369333202558515
2024-11-28 23:00:00,,-14.375324795605966
2024-11-29 00:00:00,,-14.376316388653416
2024-11-29 01:00:00,,-14.371307981700866
2024-11-29 02:00:00,,-14.369299574748316
2024-11-29 03:00:00,,-14.362291167795767
2024-11-29 04:00:00,,-14.362282760843216
2024-11-29 05:00:00,,-14.363274353890667
2024-11-29 06:00:00,,-14.363265946938117
2024-11-29 07:00:00,,-14.366257539985567
2024-11-29 08:00:00,,-14.371249133033018
2024-11-29 09:00:00,,-14.376240726080468
2024-11-29 10:00:00,,-14.37823231912792
2024-11-29 11:00:00,,-14.376223912175368
2024-11-29 12:00:00,,-14.372215505222819
2024-11-29 13:00:00,,-14.36420709827027
2024-11-29 14:00:00,,-14.357198691317718
2024-11-29 15:00:00,,-14.35319028436517
2024-11-29 16:00:00,,-14.34718187741262
2024-11-29 17:00:00,,-14.33817347046007
2024-11-29 18:00:00,,-14.33616506350752
2024-11-29 19:00:00,,-14.33715665655497
2024-11-29 20:00:00,,-14.340148249602422
2024-11-29 21:00:00,,-14.345139842649871
2024-11-29 22:00:00,,-14.350131435697321
2024-11-29 23:00:00,,-14.351123028744773
2024-11-30 00:00:00,,-14.35411462179222
2024-11-30 01:00:00,,-14.352106214839672
2024-11-30 02:00:00,,-14.349097807887123
2024-11-30 03:00:00,,-14.349089400934572
2024-11-30 04:00:00,,-14.344080993982022
2024-11-30 05:00:00,,-14.344072587029473
2024-11-30 06:00:00,,-14.347064180076924
2024-11-30 07:00:00,,-14.355055773124374
2024-11-30 08:00:00,,-14.356047366171824
2024-11-30 09:00:00,,-14.361038959219275
2024-11-30 10:00:00,,-14.364030552266724
2024-11-30 11:00:00,,-14.360022145314174
2024-11-30 12:00:00,,-14.355013738361626
2024-11-30 13:00:00,,-14.351005331409075
2024-11-30 14:00:00,,-14.339996924456525
2024-11-30 15:00:00,,-14.330988517503975
2024-11-30 16:00:00,,-14.323980110551426
2024-11-30 17:00:00,,-14.320971703598875
2024-11-30 18:00:00,,-14.319963296646327
2024-11-30 19:00:00,,-14.321954889693778
2024-11-30 20:00:00,,-14.323946482741226
2024-11-30 21:00:00,,-14.332938075788677
2024-11-30 22:00:00,,-14.334929668836129
2024-11-30 23:00:00,,-14.334921261883578
2024-12-01 00:00:00,,-14.335912854931028
2024-12-01 01:00:00,,-14.335904447978479
2024-12-01 02:00:00,,-14.33489604102593
2024-12-01 03:00:00,,-14.327887634073377
2024-12-01 04:00:00,,-14.32887922712083
2024-12-01 05:00:00,,-14.32687082016828
2024-12-01 06:00:00,,-14.32886241321573
2024-12-01 07:00:00,,-14.33185400626318
2024-12-01 08:00:00,,-14.33984559931063
2024-12-01 09:00:00,,-14.342837192358079
2024-12-01 10:00:00,,-14.34282878540553
2024-12-01 11:00:00,,-14.341820378452981
2024-12-01 12:00:00,,-14.338811971500432
2024-12-01 13:00:00,,-14.33280356454788
2024-12-01 14:00:00,,-14.325795157595332
2024-12-01 15:00:00,,-14.322786750642782
2024-12-01 16:00:00,,-14.313778343690231
2024-12-01 17:00:00,,-14.317769936737681
2024-12-01 18:00:00,,-14.307761529785132
2024-12-01 19:00:00,,-14.311753122832581
2024-12-01 20:00:00,,-14.315744715880033
2024-12-01 21:00:00,,-14.324736308927482
2024-12-01 22:00:00,,-14.325727901974933
2024-12-01 23:00:00,,-14.335719495022383
2024-12-02 00:00:00,,-14.332711088069834
2024-12-02 01:00:00,,-14.331702681117285
2024-12-02 02:00:00,,-14.327694274164733
2024-12-02 03:00:00,,-14.320685867212184
2024-12-02 04:00:00,,-14.325677460259636
2024-12-02 05:00:00,,-14.320669053307084
2024-12-02 06:00:00,,-14.322660646354535
2024-12-02 07:00:00,,-14.326652239401986
2024-12-02 08:00:00,,-14.329643832449435
2024-12-02 09:00:00,,-14.336635425496885
2024-12-02 10:00:00,,-14.339627018544336
2024-12-02 11:00:00,,-14.352618611591787
2024-12-02 12:00:00,,-14.320610204639236
2024-12-02 13:00:00,,-14.322601797686687
2024-12-02 14:00:00,,-14.318593390734138
2024-12-02 15:00:00,,-14.315584983781587
2024-12-02 16:00:00,,-14.308576576829036
2024-12-02 17:00:00,,-14.304568169876488
2024-12-02 18:00:00,,-14.303559762923937
2024-12-02 19:00:00,,-14.309551355971388
2024-12-02 20:00:00,,-14.31854294901884
2024-12-02 21:00:00,,-14.31053454206629
2024-12-02 22:00:00,,-14.311526135113738
2024-12-02 23:00:00,,-14.31951772816119
2024-12-03 00:00:00,,-14.31750932120864
2024-12-03 01:00:00,,-14.317500914256089
2024-12-03 02:00:00,,-14.31749250730354
2024-12-03 03:00:00,,-14.315484100350991
2024-12-03 04:00:00,,-14.31947569339844
2024-12-03 05:00:00,,-14.31446728644589
2024-12-03 06:00:00,,-14.318458879493342
2024-12-03 07:00:00,,-14.321450472540793
2024-12-03 08:00:00,,-14.32944206558824
2024-12-03 09:00:00,,-14.334433658635692
2024-12-03 10:00:00,,-14.335425251683143
2024-12-03 11:00:00,,-14.334416844730592
2024-12-03 12:00:00,,-14.333408437778042
2024-12-03 13:00:00,,-14.329400030825493
2024-12-03 14:00:00,,-14.326391623872942
2024-12-03 15:00:00,,-14.319383216920393
2024-12-03 16:00:00,,-14.316374809967844
2024-12-03 17:00:00,,-14.308366403015293
2024-12-03 18:00:00,,-14.307357996062743
2024-12-03 19:00:00,,-14.306349589110194
2024-12-03 20:00:00,,-14.311341182157644
2024-12-03 21:00:00,,-14.317332775205093
2024-12-03 22:00:00,,-14.319324368252545
2024-12-03 23:00:00,,-14.322315961299996
2024-12-04 00:00:00,,-14.328307554347445
2024-12-04 01:00:00,,-14.332299147394895
2024-12-04 02:00:00,,-14.324290740442345
2024-12-04 03:00:00,,-14.324282333489794
2024-12-04 04:00:00,,-14.330273926537245
2024-12-04 05:00:00,,-14.334265519584697
2024-12-04 06:00:00,,-14.333257112632147
2024-12-04 07:00:00,,-14.341248705679597
2024-12-04 08:00:00,,-14.346240298727047
2024-12-04 09:00:00,,-14.347231891774499
2024-12-04 10:00:00,,-14.353223484821946
2024-12-04 11:00:00,,-14.354215077869398
2024-12-04 12:00:00,,-14.35020667091685
2024-12-04 13:00:00,,-14.348198263964298
2024-12-04 14:00:00,,-14.341189857011749
2024-12-04 15:00:00,,-14.340181450059198
2024-12-04 16:00:00,,-14.33517304310665
2024-12-04 17:00:00,,-14.326164636154099
2024-12-04 18:00:00,,-14.32515622920155
2024-12-04 19:00:00,,-14.325147822249
2024-12-04 20:00:00,,-14.32513941529645
2024-12-04 21:00:00,,-14.3291310083439
2024-12-04 22:00:00,,-14.337122601391352
2024-12-04 23:00:00,,-14.3411141944388
2024-12-05 00:00:00,,-14.341105787486251
2024-12-05 01:00:00,,-14.337097380533702
2024-12-05 02:00:00,,-14.342088973581152
2024-12-05 03:00:00,,-14.335080566628601
2024-12-05 04:00:00,,-14.340072159676051
2024-12-05 05:00:00,,-14.340063752723502
2024-12-05 06:00:00,,-14.343055345770951
2024-12-05 07:00:00,,-14.347046938818403
2024-12-05 08:00:00,,-14.350038531865854
2024-12-05 09:00:00,,-14.351030124913303
2024-12-05 10:00:00,,-14.357021717960754
2024-12-05 11:00:00,,-14.356013311008203
2024-12-05 12:00:00,,-14.354004904055655
