"Bore no","Name","Bore report","Yield (L/s)","Completion date","Drilled depth (m)","Completion depth (m)","Depth to water (m) at date of drilling","Purpose","Construction","Status","Latitude","Longitude","UTM zone","Easting","Northing","Position accuracy","Water data portal"
"RN019103","Roads Bore Anningie Station",http://www.ntlis.nt.gov.au/hpa-services/borereport?bore=RN019103,0.3,2014-11-19 00:00:00.0,72,72,14.5,"Production","Constructed&Capped","Current",-21.913099,133.289255,53,323289,7575807,"GPS",
"RN019104","Abandoned Roads Bore Anningie Station",http://www.ntlis.nt.gov.au/hpa-services/borereport?bore=RN019104,0.1,2014-11-19 00:00:00.0,48,0,,"Production","Backfilled","Historical",-21.905918,133.313721,53,325808,7576630,"GPS",
"RN002656","Salt Well Bore Anningie Station",http://www.ntlis.nt.gov.au/hpa-services/borereport?bore=RN002656,,,73.2,0,,"Unknown",,"Current",-21.912921,133.289499,53,323314,7575827,"GPS",
"RN019975","Crossroads Corner Bore Mount Skinner Station",http://www.ntlis.nt.gov.au/hpa-services/borereport?bore=RN019975,1,2019-09-15 00:00:00.0,72,72,20.8,"Production","Constructed&Capped","Current",-22.171763,134.207796,53,418325,7547948,"GPS",
"RN017697","Production Bore Ti Tree Farm NTP 3706",http://www.ntlis.nt.gov.au/hpa-services/borereport?bore=RN017697,15,2002-05-23 00:00:00.0,102,99.5,28,"Production","Constructed&Capped","Current",-22.242777,133.416601,53,336825,7539447,"On Block",
"RN019974","Ghost Well Bore Mount Skinner Station",http://www.ntlis.nt.gov.au/hpa-services/borereport?bore=RN019974,2,2019-09-14 00:00:00.0,30,30,6.3,"Production","Constructed&Capped","Current",-22.089355,134.117508,53,408963,7557019,"GPS",
"RN014351","Abandoned Production Monitoring Wilora",http://www.ntlis.nt.gov.au/hpa-services/borereport?bore=RN014351,1.8,1985-08-07 00:00:00.0,41.3,0,0,"Monitoring","Observation","Current",-21.733607,133.753173,53,371055,7596139,"GPS",
"RN014352","Production Bore Wilora Community",http://www.ntlis.nt.gov.au/hpa-services/borereport?bore=RN014352,1.8,1985-08-08 00:00:00.0,41.3,0,0,"Production",,"Current",-21.733484,133.753657,53,371105,7596153,"GPS",
"RN014350","1/85 WILORA  SALT/DUD 26M (NW)TANK STAND IN COM /YRD",http://www.ntlis.nt.gov.au/hpa-services/borereport?bore=RN014350,3,1985-08-07 00:00:00.0,30.1,0,0,"Production",,"Current",-21.733408,133.763545,53,372128,7596170,"Estimated",
"RN016704","Ti Tree Monitoring Bore",http://www.ntlis.nt.gov.au/hpa-services/borereport?bore=RN016704,10,1995-12-08 00:00:00.0,59.5,59.4,26.9,"Monitoring","Constructed&Capped","Current",-22.241663,133.424608,53,337649,7539579,"GPS",https://ntg.aquaticinformatics.net/AQWebportal/Data/Location/Summary/Location/RN016704/Interval/Latest
"RN017709","Adrail ASR109 Construction Bore Aileron Station",http://www.ntlis.nt.gov.au/hpa-services/borereport?bore=RN017709,10,2002-09-06 00:00:00.0,144,144,52.4,"Production","Constructed&Capped","Current",-22.753677,133.825995,53,379463,7483270,"GPS",
"RN019102","Abandoned Roads Bore Anningie Station",http://www.ntlis.nt.gov.au/hpa-services/borereport?bore=RN019102,,2014-11-18 00:00:00.0,66,0,,"Production","Backfilled","Historical",-21.911486,133.292275,53,323599,7575989,"GPS",
"RN016705","Ti Tree Monitoring Bore",http://www.ntlis.nt.gov.au/hpa-services/borereport?bore=RN016705,3,1995-12-08 00:00:00.0,56.4,56.3,28.6,"Monitoring","Constructed&Capped","Current",-22.251034,133.412191,53,336380,7538528,"GPS",https://ntg.aquaticinformatics.net/AQWebportal/Data/Location/Summary/Location/RN016705/Interval/Latest
"RN017708","Adrail ASR111 Camp Domestic Bore Aileron Station",http://www.ntlis.nt.gov.au/hpa-services/borereport?bore=RN017708,0.4,2002-09-05 00:00:00.0,83,83,49.7,"Production","Constructed&Capped","Current",-22.736119,133.827362,53,379588,7485215,"GPS",
"RN002453","Monitored Well Cabbage Well",http://www.ntlis.nt.gov.au/hpa-services/borereport?bore=RN002453,1.5,1934-01-01 00:00:00.0,3.4,0,0,"Monitoring","Well","Current",-22.220503,133.72368,53,368454,7542212,"GPS",
"RN002452","Monitored Well Stuart Well",http://www.ntlis.nt.gov.au/hpa-services/borereport?bore=RN002452,1.5,1932-01-01 00:00:00.0,9.4,0,0,"Production","Well","Current",-22.221557,133.664852,53,362391,7542043,"GPS",
"RN002451","Monitored Well Almouriba Well",http://www.ntlis.nt.gov.au/hpa-services/borereport?bore=RN002451,1.3,1927-01-01 00:00:00.0,18.3,0,0,"Production","Well","Current",-22.190399,133.517045,53,347121,7545351,"GPS",
"RN019093","Stock Bore Anningie Station",http://www.ntlis.nt.gov.au/hpa-services/borereport?bore=RN019093,1.3,2014-10-29 00:00:00.0,51.25,51.25,15,"Production","Constructed&Capped","Current",-21.914489,133.289219,53,323287,7575653,"GPS",
"RN002450","GARDEN WELL. TI-TREE.",http://www.ntlis.nt.gov.au/hpa-services/borereport?bore=RN002450,1.3,1930-01-01 00:00:00.0,15.2,0,0,"Production",,"Current",-22.124806,133.262224,53,320763,7552335,"Estimated",
"RN012157","WRB INV [OBS] APX 300M (N) OF POOLIES MILL.",http://www.ntlis.nt.gov.au/hpa-services/borereport?bore=RN012157,6,1980-03-20 00:00:00.0,75.3,0,0,"Monitoring",,"Current",-22.353865,133.649306,53,360919,7527381,"Surveyed",
"RN002449","COMMUNITY BORE. TI-TREE STN. NTURIYA",http://www.ntlis.nt.gov.au/hpa-services/borereport?bore=RN002449,1.3,1930-01-01 00:00:00.0,16.8,0,0,"Production",,"Current",-22.124501,133.263246,53,320868,7552370,"GPS",
"RN012156","Pine Hill Station",http://www.ntlis.nt.gov.au/hpa-services/borereport?bore=RN012156,6,1980-03-19 00:00:00.0,72.9,72.9,0,"Monitoring","Constructed&Capped","Current",-22.353915,133.649125,53,360901,7527375,"GPS",https://ntg.aquaticinformatics.net/AQWebportal/Data/Location/Summary/Location/RN012156/Interval/Latest
"RN002448","WESTERN BORE. 6KM WESTERLY OF TI/TREE H/S",http://www.ntlis.nt.gov.au/hpa-services/borereport?bore=RN002448,1,1958-01-01 00:00:00.0,48.8,0,0,"Production",,"Current",-22.090356,133.226538,53,317037,7556107,"GPS",
"RN002447","ANNINGIE  BORE.   POOR COND 20KM (W) OF WESTERN BORE.",http://www.ntlis.nt.gov.au/hpa-services/borereport?bore=RN002447,2.5,1948-01-01 00:00:00.0,91.4,0,0,"Unknown",,"Current",-22.035307,133.062852,53,300068,7561997,"GPS",
"RN012158","WRB INV 6"ID STEEL CASING AILERON.PINEHILL BOUNDARY",http://www.ntlis.nt.gov.au/hpa-services/borereport?bore=RN012158,7,1980-03-22 00:00:00.0,175.7,0,0,"Investigation",,"Current",-22.575018,133.681941,53,364496,7502926,"GPS",
"RN001301","Mount Skinner - Skinner Station",http://www.ntlis.nt.gov.au/hpa-services/borereport?bore=RN001301,,,7,0,,"Production","Well","Current",-22.185485,134.101515,53,407376,7546368,"GPS",
"RN002446","WATERLOO BORE. TI-TREE.",http://www.ntlis.nt.gov.au/hpa-services/borereport?bore=RN002446,2.3,1948-01-01 00:00:00.0,61,0,0,"Production",,"Current",-22.179778,133.19721,53,314128,7546170,"Estimated",
"RN001300","GHOST GUM WELL (NOT USED) (N) OF HARPER SPRINGS",http://www.ntlis.nt.gov.au/hpa-services/borereport?bore=RN001300,,,6.1,0,,"Unknown",,"Current",-22.087949,134.109418,53,408127,7557170,"Estimated",
"RN002445","ANNULLICA BORE. 10KM (W) OF TI-TREE PUB.",http://www.ntlis.nt.gov.au/hpa-services/borereport?bore=RN002445,2.3,1958-01-01 00:00:00.0,35.4,0,0,"Production",,"Current",-22.137341,133.325131,53,327268,7551020,"GPS",
"RN001299","LIMESTONE WOODDUCK WELL 21KM (N) OF HARPER SPRINGS.",http://www.ntlis.nt.gov.au/hpa-services/borereport?bore=RN001299,,,9.4,0,,"Unknown",,"Current",-22.022797,134.014704,53,398309,7564322,"GPS",
"RN002444","Gorey's Bore Opposite Ti Tree Farms",http://www.ntlis.nt.gov.au/hpa-services/borereport?bore=RN002444,2.5,1940-01-01 00:00:00.0,70.1,0,0,"Production",,"Current",-22.243891,133.426968,53,337895,7539335,"Estimated",
"RN001298","Kooldunda Well Cased Mount Skinner Station",http://www.ntlis.nt.gov.au/hpa-services/borereport?bore=RN001298,,,7.9,0,,"Production",,"Current",-22.265665,134.112568,53,408567,7537499,"GPS",
"RN012398","Napperby - Pine Hill Station",http://www.ntlis.nt.gov.au/hpa-services/borereport?bore=RN012398,12.6,1979-07-23 00:00:00.0,55,55,0,"Monitoring","Constructed&Capped","Current",-22.289059,133.450602,53,340382,7534359,"GPS",
"RN012155","Old Monitoring Bore Pine Hill Station",http://www.ntlis.nt.gov.au/hpa-services/borereport?bore=RN012155,0.2,1980-03-17 00:00:00.0,210.2,0,0,"Investigation",,"Current",-22.366326,133.485901,53,344105,7525841,"Surveyed",
"RN012154","Pine Hill Station",http://www.ntlis.nt.gov.au/hpa-services/borereport?bore=RN012154,3.5,1980-03-11 00:00:00.0,98.8,0,0,"Monitoring","Constructed&Capped","Current",-22.366488,133.485763,53,344091,7525823,"GPS",https://ntg.aquaticinformatics.net/AQWebportal/Data/Location/Summary/Location/RN012154/Interval/Latest
"RN018185","Alcoota Station",http://www.ntlis.nt.gov.au/hpa-services/borereport?bore=RN018185,0.6,2005-08-19 00:00:00.0,102,0,,"Production","Constructed&Capped","Current",-22.684238,134.159983,53,413713,7491190,"GPS",
"RN018186","Alcoota Station",http://www.ntlis.nt.gov.au/hpa-services/borereport?bore=RN018186,1.3,2005-08-20 00:00:00.0,36.5,36.5,13.6,"Production","Constructed&Capped","Current",-22.634984,134.230864,53,420966,7496682,"GPS",
"RN016972","Production Bore Lot 3706 Ti Tree Farm",http://www.ntlis.nt.gov.au/hpa-services/borereport?bore=RN016972,5.5,1999-05-15 00:00:00.0,85,82.6,23,"Production","Constructed&Capped","Current",-22.239241,133.408705,53,336007,7539830,"On Block",
"RN002454","Ti Tree Area - 8 Mile Well",http://www.ntlis.nt.gov.au/hpa-services/borereport?bore=RN002454,1,1955-01-01 00:00:00.0,7.3,0,0,"Monitoring","Well","Current",-22.132544,133.950962,53,391814,7552129,"GPS",
"RN017931","Monitoring Bore Ti Tree Area",http://www.ntlis.nt.gov.au/hpa-services/borereport?bore=RN017931,12.5,2003-05-22 00:00:00.0,56.7,56.7,,"Monitoring","Constructed&Capped","Current",-22.190917,133.461913,53,341437,7545237,"GPS",
"RN017932","Investigation Test Production Bore Ti Tree Area",http://www.ntlis.nt.gov.au/hpa-services/borereport?bore=RN017932,8,2003-05-22 00:00:00.0,56.5,56.3,12.07,"Investigation","Constructed&Capped","Current",-22.190895,133.462427,53,341490,7545240,"GPS",
"RN016682","Ti Tree Area",http://www.ntlis.nt.gov.au/hpa-services/borereport?bore=RN016682,5,1995-08-15 00:00:00.0,59.5,53.9,36.39,"Monitoring","Constructed&Capped","Current",-22.282051,133.319076,53,326821,7534990,"GPS",https://ntg.aquaticinformatics.net/AQWebportal/Data/Location/Summary/Location/RN016682/Interval/Latest
"RN018825","Monitoring Bore Stirling Swamp Stirling Station",http://www.ntlis.nt.gov.au/hpa-services/borereport?bore=RN018825,,2012-05-22 00:00:00.0,3,0,,"Investigation","Backfilled","Historical",-21.778283,133.726839,53,368372,7591171,"GPS",
"RN016681","Ti Tree Area",http://www.ntlis.nt.gov.au/hpa-services/borereport?bore=RN016681,5,1995-08-14 00:00:00.0,65.5,52.6,22.03,"Monitoring","Constructed&Capped","Current",-22.281922,133.488684,53,344298,7535189,"GPS",https://ntg.aquaticinformatics.net/AQWebportal/Data/Location/Summary/Location/RN016681/Interval/Latest
"RN018826","Monitoring Bore Stirling Swamp Stirling Station",http://www.ntlis.nt.gov.au/hpa-services/borereport?bore=RN018826,,2012-05-22 00:00:00.0,3,0,,"Investigation","Backfilled","Historical",-21.762614,133.717916,53,367435,7592898,"GPS",
"RN015528","RN15528 20KM (N) OF HOMESTEAD",http://www.ntlis.nt.gov.au/hpa-services/borereport?bore=RN015528,0.8,1989-07-25 00:00:00.0,18,0,0,"Production",,"Current",-22.04313,134.115716,53,408748,7562135,"Estimated",
"RN016680","Ti Tree Area",http://www.ntlis.nt.gov.au/hpa-services/borereport?bore=RN016680,10,1995-08-10 00:00:00.0,77.5,77.5,,"Monitoring","Constructed&Capped","Current",-22.282082,133.557899,53,351430,7535241,"GPS",https://ntg.aquaticinformatics.net/AQWebportal/Data/Location/Summary/Location/RN016680/Interval/Latest
"RN018827","Monitoring Bore Stirling Swamp Stirling Station",http://www.ntlis.nt.gov.au/hpa-services/borereport?bore=RN018827,3,2012-05-24 00:00:00.0,11.4,10.1,1.19,"Investigation","Constructed&Capped","Current",-21.762686,133.717877,53,367431,7592890,"GPS",
"RN005033","102. 5/95  #34 TI TREE GRID",http://www.ntlis.nt.gov.au/hpa-services/borereport?bore=RN005033,9,1966-07-22 00:00:00.0,147.6,0,0,"Investigation",,"Current",-22.146501,133.33255,53,328044,7550014,"Surveyed",
"RN016679","Monitoring Bore Ti Tree Station",http://www.ntlis.nt.gov.au/hpa-services/borereport?bore=RN016679,0.5,1995-08-09 00:00:00.0,18.2,15.5,6.73,"Monitoring","Constructed&Capped","Current",-22.282254,133.626804,53,358530,7535288,"GPS",
"RN018828","Monitoring Bore Stirling Swamp Stirling Station",http://www.ntlis.nt.gov.au/hpa-services/borereport?bore=RN018828,0,2012-05-31 00:00:00.0,3,2.9,1.39,"Investigation","Constructed&Capped","Current",-21.762677,133.717867,53,367430,7592891,"GPS",
"RN016686","Pine Hill Station",http://www.ntlis.nt.gov.au/hpa-services/borereport?bore=RN016686,5,1995-08-23 00:00:00.0,65.6,64,28.65,"Monitoring","Constructed&Capped","Current",-22.405242,133.237129,53,318536,7521253,"GPS",https://ntg.aquaticinformatics.net/AQWebportal/Data/Location/Summary/Location/RN016686/Interval/Latest
"RN017934","Investigation Bore Ti Tree Area",http://www.ntlis.nt.gov.au/hpa-services/borereport?bore=RN017934,6.6,2003-05-28 00:00:00.0,50.6,50.6,11.12,"Investigation","Constructed&Capped","Current",-22.191339,133.472237,53,342502,7545201,"GPS",
"RN016685","Pine Hill Station",http://www.ntlis.nt.gov.au/hpa-services/borereport?bore=RN016685,0.4,1995-08-22 00:00:00.0,107.7,107.2,60.18,"Monitoring","Constructed&Capped","Current",-22.442128,133.354616,53,330677,7517306,"GPS",https://ntg.aquaticinformatics.net/AQWebportal/Data/Location/Summary/Location/RN016685/Interval/Latest
"RN016684","Ti Tree Area",http://www.ntlis.nt.gov.au/hpa-services/borereport?bore=RN016684,0.2,1995-08-18 00:00:00.0,106.6,106.2,0,"Monitoring","Constructed&Capped","Current",-22.282062,133.249187,53,319619,7534907,"GPS",https://ntg.aquaticinformatics.net/AQWebportal/Data/Location/Summary/Location/RN016684/Interval/Latest
"RN018823","Monitoring Bore Stirling Swamp Stirling Station",http://www.ntlis.nt.gov.au/hpa-services/borereport?bore=RN018823,10,2012-05-19 00:00:00.0,13,11.2,0.95,"Investigation","Constructed&Capped","Current",-21.778319,133.726838,53,368372,7591167,"GPS",
"RN016683","Ti Tree Area",http://www.ntlis.nt.gov.au/hpa-services/borereport?bore=RN016683,10,1995-08-17 00:00:00.0,71.5,66.9,26.12,"Monitoring","Constructed&Capped","Current",-22.266826,133.382369,53,333325,7536747,"GPS",https://ntg.aquaticinformatics.net/AQWebportal/Data/Location/Summary/Location/RN016683/Interval/Latest
"RN018824","Monitoring Bore Stirling Swamp Stirling Station",http://www.ntlis.nt.gov.au/hpa-services/borereport?bore=RN018824,5,2012-05-21 00:00:00.0,7,7,1.02,"Investigation","Constructed&Capped","Current",-21.778301,133.726838,53,368372,7591169,"GPS",
"RN017933","Monitoring Bore Ti Tree Area",http://www.ntlis.nt.gov.au/hpa-services/borereport?bore=RN017933,8,2003-05-27 00:00:00.0,54.6,46.6,10.66,"Monitoring","Constructed&Capped","Current",-22.176614,133.449927,53,340185,7546808,"GPS",
"RN018829","Monitoring Bore Stirling Swamp Stirling Station",http://www.ntlis.nt.gov.au/hpa-services/borereport?bore=RN018829,0.5,2012-05-25 00:00:00.0,12.2,11.5,2.26,"Investigation","Constructed&Capped","Current",-21.753502,133.704295,53,366018,7593895,"GPS",
"RN018830","Monitoring Bore Stirling Swamp Stirling Station",http://www.ntlis.nt.gov.au/hpa-services/borereport?bore=RN018830,,2012-05-29 00:00:00.0,5,5,,"Investigation","Constructed&Capped","Current",-21.753493,133.704266,53,366015,7593896,"GPS",
"RN018163","Stock Bore Dry Pine Hill Station",http://www.ntlis.nt.gov.au/hpa-services/borereport?bore=RN018163,,2009-01-10 00:00:00.0,84,0,,"Production","Constructed&Capped","Current",-22.502939,133.330623,53,328282,7510545,"GPS",
"RN018164","McMahons Dam Bore #3 Dud Pine Hill Station",http://www.ntlis.nt.gov.au/hpa-services/borereport?bore=RN018164,,2009-01-12 00:00:00.0,43,0,,"Production","Backfilled","Historical",-22.548714,133.3077,53,325981,7505450,"GPS",
"RN018165","Sandy Creek Bore Pine Hill Station",http://www.ntlis.nt.gov.au/hpa-services/borereport?bore=RN018165,1,2009-01-13 00:00:00.0,27,27,13,"Production","Constructed&Capped","Current",-22.398378,133.139148,53,308438,7521891,"GPS",
"RN018166","Tims Hole Bore Pine Hill Station",http://www.ntlis.nt.gov.au/hpa-services/borereport?bore=RN018166,0.6,2009-01-14 00:00:00.0,22,22,13,"Production","Constructed&Capped","Current",-22.186702,132.972557,53,290969,7545111,"GPS",
"RN018161","Hawks Nest #3 Pine Hill Station",http://www.ntlis.nt.gov.au/hpa-services/borereport?bore=RN018161,0.5,2008-08-10 00:00:00.0,71,71,32,"Production","Constructed&Capped","Current",-22.291261,133.156242,53,310053,7533774,"GPS",
"RN018162","White Hill Bore Pine Hill Station",http://www.ntlis.nt.gov.au/hpa-services/borereport?bore=RN018162,1,2009-01-09 00:00:00.0,28,28,15.5,"Production","Constructed&Capped","Current",-22.443475,133.1865,53,313374,7516957,"GPS",
"RN016949","Production Bore Lot 3285 Ti Tree Farm",http://www.ntlis.nt.gov.au/hpa-services/borereport?bore=RN016949,9,1999-07-10 00:00:00.0,85,85,22.3,"Production","Equipped-Electrical","Current",-22.24094,133.405164,53,335644,7539638,"GPS",
"RN017916","Investigation Bore Dud Stirling Station",http://www.ntlis.nt.gov.au/hpa-services/borereport?bore=RN017916,,2005-03-26 00:00:00.0,7,0,,"Investigation","Backfilled","Historical",-21.905778,133.853611,53,381585,7577160,"GPS",
"RN043487","26 Spencer Road, Ti Tree, Parcel 535 Town of Ti Tree",http://www.ntlis.nt.gov.au/hpa-services/borereport?bore=RN043487,,2023-03-29 00:00:00.0,30,0,,,"Backfilled","Historical",-22.128874,133.412652,53,336286,7552054,"GPS",
"RN016968","Dloog Farm Lot 3705 Production Bore Ti Tree Farms",http://www.ntlis.nt.gov.au/hpa-services/borereport?bore=RN016968,9,1999-07-12 00:00:00.0,84,84,30.9,"Production","Constructed&Capped","Current",-22.251071,133.417799,53,336958,7538530,"On Block",
"RN017913","Investigation Bore Dud Ahakeye Aboriginal Land Trust",http://www.ntlis.nt.gov.au/hpa-services/borereport?bore=RN017913,,2005-03-24 00:00:00.0,8.5,0,,"Investigation","Backfilled","Historical",-22.282335,133.641768,53,360072,7535293,"GPS",
"RN017914","Investigation Bore Dud Ahakeye Aboriginal Land Trust",http://www.ntlis.nt.gov.au/hpa-services/borereport?bore=RN017914,,2005-03-24 00:00:00.0,13,0,,"Investigation","Backfilled","Historical",-22.282356,133.586041,53,354330,7535238,"GPS",
"RN017915","Investigation Bore Dud Ahakeye Aboriginal Land Trust",http://www.ntlis.nt.gov.au/hpa-services/borereport?bore=RN017915,,2005-03-25 00:00:00.0,23,0,,"Investigation","Backfilled","Historical",-22.283685,133.517354,53,347254,7535023,"GPS",
"RN001106","BIRTHDAY BORE(MILL TOWER)ONLY 4.5K S/W.RABBIT MILL RN 1",http://www.ntlis.nt.gov.au/hpa-services/borereport?bore=RN001106,,,54,0,,"Unknown",,"Current",-22.72421,133.264822,53,321798,7485967,"GPS",
"RN001103","FREELING 42M SEEPAGE DUD   N/T 7.5K WEST OF ABES MILL R",http://www.ntlis.nt.gov.au/hpa-services/borereport?bore=RN001103,,,41.8,0,,"Unknown",,"Current",-22.622806,133.135524,53,308375,7497035,"Estimated",
"RN003374","STN STOCK YARD BORE 1.5KM (N) OF HOMESTEAD.",http://www.ntlis.nt.gov.au/hpa-services/borereport?bore=RN003374,,,27.4,0,,"Unknown",,"Current",-22.375305,133.057209,53,299968,7524340,"Estimated",
"RN001118","NO3 26M DUD NO DATA        N/T APX 7K ENE OF PRIDMORE R",http://www.ntlis.nt.gov.au/hpa-services/borereport?bore=RN001118,,,26.2,0,,"Unknown",,"Current",-22.663464,133.18061,53,313065,7492590,"Estimated",
"RN001117","MT LONELY 41M DUD NO DATA  N/T ??7K ENE OF PRIDMORE RN",http://www.ntlis.nt.gov.au/hpa-services/borereport?bore=RN001117,,,41.2,0,,"Unknown",,"Current",-22.663464,133.18061,53,313065,7492590,"Estimated",
"RN001116","NO2 30M DUD AILERON      N/T APX 6K ENE OF PRIDMORE R",http://www.ntlis.nt.gov.au/hpa-services/borereport?bore=RN001116,,,32.3,0,,"Unknown",,"Current",-22.663464,133.18061,53,313065,7492590,"Estimated",
"RN001115","FREELING NO1 82M DRY DUD   N/T 7.5K(W)OF ALBIES MILL RN",http://www.ntlis.nt.gov.au/hpa-services/borereport?bore=RN001115,,,81.7,0,,"Unknown",,"Current",-22.631052,133.135646,53,308399,7496122,"Estimated",
"RN001114","KERRIN'S 21M DRY DUD       N/T 35K S/W OF ALBIES RN 136",http://www.ntlis.nt.gov.au/hpa-services/borereport?bore=RN001114,,,31.3,0,,"Unknown",,"Current",-22.663464,133.18061,53,313065,7492590,"Estimated",
"RN003392","OLD STORE WELL. TI TREE",http://www.ntlis.nt.gov.au/hpa-services/borereport?bore=RN003392,,,0,0,,"Unknown",,"Current",-22.130768,133.413349,53,336360,7551845,"Estimated",
"RN001113","CLAXTON 24M DRY DUD        N/T 2K SSW OF ALBIES MILL RN",http://www.ntlis.nt.gov.au/hpa-services/borereport?bore=RN001113,,,24.4,0,,"Unknown",,"Current",-22.655093,133.18937,53,313954,7493528,"Estimated",
"RN001112","DUD BORE NO1 38M DRY DUD N/T 3.5K S/W.ALBIES MILL RN",http://www.ntlis.nt.gov.au/hpa-services/borereport?bore=RN001112,,,38.1,0,,"Unknown",,"Current",-22.663464,133.18061,53,313065,7492590,"Estimated",
"RN011767","Fig Bore Lot 3706 Old Production Bore Ti Tree Farm",http://www.ntlis.nt.gov.au/hpa-services/borereport?bore=RN011767,6.8,1978-02-01 00:00:00.0,61.3,0,0,"Production",,"Current",-22.242921,133.41658,53,336823,7539431,"GPS",
"RN015071","NEW HOUSE BORE. 5.5KM (NNW) OF HOMESTEAD.",http://www.ntlis.nt.gov.au/hpa-services/borereport?bore=RN015071,1.2,1987-07-20 00:00:00.0,110,0,0,"Production",,"Current",-22.335295,133.03437,53,297558,7528740,"GPS",
"RN003391","STONE WELL. TI TREE",http://www.ntlis.nt.gov.au/hpa-services/borereport?bore=RN003391,0,1957-01-01 00:00:00.0,8.5,0,0,"Production",,"Current",-22.130763,133.41742,53,336780,7551850,"Estimated",
"RN003390","DRY BORE. TI TREE",http://www.ntlis.nt.gov.au/hpa-services/borereport?bore=RN003390,0.1,1958-01-01 00:00:00.0,44.2,0,0,"Production",,"Current",-22.141006,133.643998,53,360162,7550942,"Estimated",
"RN001111","RABBIT FLAT WELL(FAIR) ABD 400M NTH OF MILL RN 11771",http://www.ntlis.nt.gov.au/hpa-services/borereport?bore=RN001111,,,29.3,0,,"Unknown",,"Current",-22.699189,133.302212,53,325607,7488782,"GPS",
"RN003389","HAINES BLOCK WELL 536. TI TREE",http://www.ntlis.nt.gov.au/hpa-services/borereport?bore=RN003389,,,0,0,,"Production",,"Current",-22.128716,133.411287,53,336145,7552070,"Estimated",
"RN000651","D\R NO 1 THIS IS LILLY FLAT RN785.",http://www.ntlis.nt.gov.au/hpa-services/borereport?bore=RN000651,3.8,1955-09-20 00:00:00.0,0,0,0,"Production",,"Current",-22.393657,134.021379,53,399264,7523272,"Estimated",
"RN001110","WATSON 27M 5"CAS NO DATA   N/T 3K? SSW OF ALBIES MILL R",http://www.ntlis.nt.gov.au/hpa-services/borereport?bore=RN001110,,,27.4,0,,"Unknown",,"Current",-22.663339,133.189506,53,313979,7492615,"Estimated",
"RN003388","HEFFERMANS BLOCK WELL. TI TREE.",http://www.ntlis.nt.gov.au/hpa-services/borereport?bore=RN003388,,,0,0,,"Unknown",,"Current",-22.129857,133.412535,53,336275,7551945,"Estimated",
"RN000652","N02 ALBREEDA (D/R ABD) APX 8KM (NE) OF HOMESTEAD.",http://www.ntlis.nt.gov.au/hpa-services/borereport?bore=RN000652,1.1,1955-10-01 00:00:00.0,39.3,0,0,"Production",,"Current",-22.35335,134.265533,53,424375,7527877,"Estimated",
"RN001109","GHOST GUM 6"CAS NOT USED   N/S 14K NNE OF CONNER WELL R",http://www.ntlis.nt.gov.au/hpa-services/borereport?bore=RN001109,,,45.7,0,,"Unknown",,"Current",-22.833536,133.596632,53,355995,7474223,"Estimated",
"RN003387","LITTLE WELL. TI TREE.",http://www.ntlis.nt.gov.au/hpa-services/borereport?bore=RN003387,,,12.2,0,,"Unknown",,"Current",-22.125034,133.418163,53,336850,7552485,"Estimated",
"RN012004","A 63/11. CASING REMOVED 7.2km (E) OF ARDEN SOAK BORE.",http://www.ntlis.nt.gov.au/hpa-services/borereport?bore=RN012004,0.5,1978-09-16 00:00:00.0,100,0,0,"Production",,"Current",-22.362325,133.379353,53,333128,7526170,"Estimated",
"RN012005","A 63/11 2nd ATT. 8KM (NNE) OF NO1 ATT.",http://www.ntlis.nt.gov.au/hpa-services/borereport?bore=RN012005,7.5,1978-10-03 00:00:00.0,58.5,0,0,"Production",,"Current",-22.299399,133.409197,53,336128,7533170,"Estimated",
"RN011764","MAJORCA CASING PULLED ABD U/S 9.5K EAST OF MT LUCY RN 1",http://www.ntlis.nt.gov.au/hpa-services/borereport?bore=RN011764,,,53.3,0,,"Unknown",,"Current",-22.629591,133.760204,53,372593,7496953,"Estimated",
"RN011765","24M DRY DUD AILERON  N/S 8K EAST OF HOMESTEAD",http://www.ntlis.nt.gov.au/hpa-services/borereport?bore=RN011765,0,1977-07-01 00:00:00.0,24.1,0,0,"Production",,"Current",-22.65178,133.424627,53,338128,7494170,"Estimated",
"RN019848","Stock Bore Aileron Station",http://www.ntlis.nt.gov.au/hpa-services/borereport?bore=RN019848,5,2019-04-27 00:00:00.0,80,80,40.7,"Production","Constructed&Capped","Current",-22.631326,133.713225,53,367766,7496720,"GPS",
"RN011769","NOLAN           P/JACK & MILL 16K NORTH WEST OF HOMESTE",http://www.ntlis.nt.gov.au/hpa-services/borereport?bore=RN011769,0.5,1978-02-01 00:00:00.0,51.9,0,0,"Production",,"Current",-22.57919,133.238044,53,318857,7501993,"GPS",
"RN004835","A87/1 3ATT 6"CAS ONLY      N/S 2K WEST OF HOMESTEAD.",http://www.ntlis.nt.gov.au/hpa-services/borereport?bore=RN004835,0.1,1966-04-04 00:00:00.0,78.3,0,0,"Production",,"Current",-22.652954,133.340486,53,329482,7493946,"Estimated",
"RN015321","EXCISION 32M 0.6LPS DUD 1K SOUTH OF LAUGHTON LAGOON.",http://www.ntlis.nt.gov.au/hpa-services/borereport?bore=RN015321,0.6,1989-01-19 00:00:00.0,32,0,0,"Production",,"Current",-22.678472,133.374446,53,333003,7491159,"GPS",
"RN016454","Petyale Outstation Dud Hansen River Ti Tree",http://www.ntlis.nt.gov.au/hpa-services/borereport?bore=RN016454,,1994-02-09 00:00:00.0,20,0,,"Production","Backfilled","Historical",-22.001414,133.420766,53,336977,7566175,"GPS",
"RN016453","Petyale Outstation Dud Hansen River Ti Tree",http://www.ntlis.nt.gov.au/hpa-services/borereport?bore=RN016453,,1994-02-08 00:00:00.0,42,0,,"Production","Backfilled","Historical",-22.003034,133.432351,53,338175,7566008,"GPS",
"RN000919","RYANS WELL NOT USED 10K SSE OF AILERON PUB",http://www.ntlis.nt.gov.au/hpa-services/borereport?bore=RN000919,,,29.3,0,,"Production",,"Current",-22.719173,133.382152,53,333844,7486661,"GPS",
"RN000920","ARDEN SOAK WELL. PINE HILL.",http://www.ntlis.nt.gov.au/hpa-services/borereport?bore=RN000920,,,56.1,0,,"Unknown",,"Current",-22.352801,133.330917,53,328128,7527170,"Estimated",
"RN001119","NO4 36M DUD NO DATA NO TRACE APX 7K ENE OF PRIDMORE RN",http://www.ntlis.nt.gov.au/hpa-services/borereport?bore=RN001119,,,36,0,,"Unknown",,"Current",-22.663464,133.18061,53,313065,7492590,"Estimated",
"RN000921","MERINO WELL. ABD 6KM (E) OF S/HIWAY.",http://www.ntlis.nt.gov.au/hpa-services/borereport?bore=RN000921,,,7.6,0,,"Unknown",,"Current",-21.815298,133.722483,53,367956,7587070,"GPS",
"RN011771","RABBIT FLAT BORE       (MILL) 7K WEST OF STUART HIGHWAY",http://www.ntlis.nt.gov.au/hpa-services/borereport?bore=RN011771,1,1978-02-16 00:00:00.0,24.1,0,0,"Production",,"Current",-22.701974,133.300825,53,325468,7488472,"GPS",
"RN015073","ADVICE A63/25. 5.8KM (ESE) OF MT AIRY.",http://www.ntlis.nt.gov.au/hpa-services/borereport?bore=RN015073,0,1987-08-02 00:00:00.0,90,0,0,"Production",,"Current",-22.438061,133.103158,53,304788,7517451,"Estimated",
"RN000922","HANSON WELL. 14.7KM (S) OF HOMESTEAD.",http://www.ntlis.nt.gov.au/hpa-services/borereport?bore=RN000922,,,14,0,,"Unknown",,"Current",-21.79224,133.664705,53,361961,7589572,"GPS",
"RN011770","A87/6 GRANITE BORE     (MONO) 9.6K STH/EAST OF HOMESTEA",http://www.ntlis.nt.gov.au/hpa-services/borereport?bore=RN011770,2.3,1978-02-15 00:00:00.0,36.4,0,0,"Production",,"Current",-22.665025,133.424155,53,338095,7492703,"GPS",
"RN015074","A63/26. 8KM (SSE) OF OLD ROAD & P/HILL",http://www.ntlis.nt.gov.au/hpa-services/borereport?bore=RN015074,2,1987-08-03 00:00:00.0,42,0,0,"Production",,"Current",-22.469978,133.128948,53,307487,7513950,"Estimated",
"RN010670","NUMBER 84   ABD APX 2.5KM (S) OF TI-TREE.",http://www.ntlis.nt.gov.au/hpa-services/borereport?bore=RN010670,1.6,1973-06-12 00:00:00.0,49.1,0,0,"Investigation",,"Current",-22.14652,133.422187,53,337290,7550111,"Surveyed",
"RN015072","A63/24.(DRY DUD) 26KM (WNW) OF KEROSENE YARDS.",http://www.ntlis.nt.gov.au/hpa-services/borereport?bore=RN015072,0,1987-07-24 00:00:00.0,85,0,0,"Production",,"Current",-22.432216,133.079254,53,302319,7518067,"Estimated",
"RN010672","Ti Tree Monitoring Bore",http://www.ntlis.nt.gov.au/hpa-services/borereport?bore=RN010672,8,1973-06-15 00:00:00.0,79.6,0,0,"Monitoring","Constructed&Capped","Current",-22.1552,133.408809,53,335920,7549135,"GPS",
"RN015077","#3 Duplicate Bore Woodgreen Station",http://www.ntlis.nt.gov.au/hpa-services/borereport?bore=RN015077,5.5,1988-02-06 00:00:00.0,27,0,0,"Production",,"Current",-22.437682,134.260484,53,423901,7518539,"Estimated",
"RN016452","Petyale Outstation Dud Hansen River Ti Tree",http://www.ntlis.nt.gov.au/hpa-services/borereport?bore=RN016452,,1994-02-08 00:00:00.0,42,0,,"Production","Backfilled","Historical",-21.998743,133.431333,53,338065,7566482,"GPS",
"RN010671","Old Monitoring Bore Ti Tree",http://www.ntlis.nt.gov.au/hpa-services/borereport?bore=RN010671,18.9,1973-06-13 00:00:00.0,27.2,0,0,"Investigation",,"Current",-22.173236,133.412201,53,336291,7547142,"Estimated",
"RN015078","Monitoring Bore Woodgreen Station",http://www.ntlis.nt.gov.au/hpa-services/borereport?bore=RN015078,1.3,1988-02-07 00:00:00.0,31,31,0,"Monitoring","Constructed&Capped","Current",-22.440691,133.82612,53,379203,7517921,"GPS",
"RN016451","Petyale Outstation Dud Hansen River Ti Tree",http://www.ntlis.nt.gov.au/hpa-services/borereport?bore=RN016451,,1994-02-08 00:00:00.0,44,0,,"Production","Backfilled","Historical",-21.996904,133.429823,53,337907,7566684,"GPS",
"RN010673","Monitoring Bore Ti Tree Area",http://www.ntlis.nt.gov.au/hpa-services/borereport?bore=RN010673,6,1973-06-16 00:00:00.0,75.7,0,0,"Monitoring","Constructed&Capped","Current",-22.207904,133.428574,53,338019,7543321,"GPS",https://ntg.aquaticinformatics.net/AQWebportal/Data/Location/Summary/Location/RN010673/Interval/Latest
"RN001132","CLEMENTS WELL 18.7K WEST OF 720BORE RN 1133",http://www.ntlis.nt.gov.au/hpa-services/borereport?bore=RN001132,,,24.4,0,,"Production",,"Current",-22.634845,134.231349,53,421015,7496698,"GPS",
"RN018926","Investigation Bore Pine Hill Station",http://www.ntlis.nt.gov.au/hpa-services/borereport?bore=RN018926,0.15,2014-06-02 00:00:00.0,324,324,30.02,"Investigation","Constructed&Capped","Current",-22.500641,133.542005,53,350027,7511027,"GPS",
"RN005466","Old Monitoring Bore Ti Tree",http://www.ntlis.nt.gov.au/hpa-services/borereport?bore=RN005466,0.1,1966-06-10 00:00:00.0,10.4,0,0,"Monitoring",,"Current",-22.132801,133.406596,53,335666,7551613,"Surveyed",
"RN010878","SANDY CREEK BORE BETWEEN EXIST.NO2 RN1605 &6953",http://www.ntlis.nt.gov.au/hpa-services/borereport?bore=RN010878,1,1974-10-27 00:00:00.0,25.6,0,0,"Production",,"Current",-22.396406,133.133605,53,307865,7522103,"Estimated",
"RN005467","132.5/100  #4 TI-TREE",http://www.ntlis.nt.gov.au/hpa-services/borereport?bore=RN005467,0.2,1966-06-11 00:00:00.0,19.8,0,0,"Investigation",,"Current",-22.132941,133.421068,53,337159,7551613,"Surveyed",
"RN018922","Monitoring Bore Stirling Station",http://www.ntlis.nt.gov.au/hpa-services/borereport?bore=RN018922,1.5,2014-04-02 00:00:00.0,31.07,31.05,6.3,"Investigation","Constructed&Capped","Current",-21.861854,133.771581,53,373072,7581957,"GPS",
"RN018923","Monitoring Bore Stirling Station",http://www.ntlis.nt.gov.au/hpa-services/borereport?bore=RN018923,1.7,2014-04-03 00:00:00.0,17,16.94,5.75,"Investigation","Constructed&Capped","Current",-21.861918,133.771658,53,373080,7581950,"GPS",
"RN002284","NO.1 BORE. TI-TREE.",http://www.ntlis.nt.gov.au/hpa-services/borereport?bore=RN002284,1.9,1960-09-07 00:00:00.0,34.7,0,0,"Production",,"Current",-22.132803,133.422923,53,337350,7551630,"Estimated",
"RN018924","Monitoring Bore Stirling Station",http://www.ntlis.nt.gov.au/hpa-services/borereport?bore=RN018924,3,2014-04-08 00:00:00.0,61.34,29.37,7.37,"Investigation","Constructed&Capped","Current",-21.89161,133.769197,53,372852,7578661,"GPS",
"RN018925","Monitoring Bore Stirling Station",http://www.ntlis.nt.gov.au/hpa-services/borereport?bore=RN018925,1,2014-04-14 00:00:00.0,90.63,84,4.1,"Investigation","Constructed&Capped","Current",-21.891581,133.768916,53,372823,7578664,"GPS",
"RN018921","Monitoring Bore Pine Hill Station",http://www.ntlis.nt.gov.au/hpa-services/borereport?bore=RN018921,8.6,2014-03-28 00:00:00.0,161,160.03,29.14,"Investigation","Constructed&Capped","Current",-22.53856,133.658537,53,362053,7506941,"GPS",
"RN014191","Territory Grape Farm Monitoring Bore",http://www.ntlis.nt.gov.au/hpa-services/borereport?bore=RN014191,0,1984-11-22 00:00:00.0,30,30,0,"Monitoring","Constructed&Capped","Current",-22.458395,133.646259,53,360710,7515805,"GPS",
"RN014189","Territory Grape Farm Monitoring Bore",http://www.ntlis.nt.gov.au/hpa-services/borereport?bore=RN014189,15,1984-11-20 00:00:00.0,100,70,17.85,"Monitoring","Constructed&Capped","Current",-22.458811,133.641979,53,360270,7515755,"GPS",
"RN014190","Territory Grape Farm Monitoring Bore",http://www.ntlis.nt.gov.au/hpa-services/borereport?bore=RN014190,0,1984-11-21 00:00:00.0,30,22,0,"Monitoring","Constructed&Capped","Current",-22.45873,133.642077,53,360280,7515764,"GPS",
"RN000930","AILERON BORE ABD NO DATA   N/T AILERON HOMESTEAD AREA",http://www.ntlis.nt.gov.au/hpa-services/borereport?bore=RN000930,,,0,0,,"Unknown",,"Current",-22.623907,133.347119,53,330128,7497170,"Estimated",
"RN013335","PLENTY RD NO4 CASED 400M(S) OF 45K PEG @ STN T/OFF",http://www.ntlis.nt.gov.au/hpa-services/borereport?bore=RN013335,3.8,1982-04-23 00:00:00.0,27,27,13,"Production","Constructed&Capped","Current",-22.975301,133.999995,53,397496,7458865,"GPS",
"RN013336","Alcoota - Bushy Park Station",http://www.ntlis.nt.gov.au/hpa-services/borereport?bore=RN013336,1.9,1982-04-24 00:00:00.0,90,90,52,"Production","Constructed&Capped","Current",-22.644983,133.952717,53,392390,7495401,"GPS",
"RN013334","PLENTY RD NO3 60M 0.5LPS DUD 600M STH OF 44KM PEG",http://www.ntlis.nt.gov.au/hpa-services/borereport?bore=RN013334,0.5,1982-04-22 00:00:00.0,60,0,12,"Production","Not Found","Historical",-22.979473,134.004042,53,397914,7458406,"Estimated",
"RN014188","Pine Hill Station",http://www.ntlis.nt.gov.au/hpa-services/borereport?bore=RN014188,15,1984-11-20 00:00:00.0,57,54,17.2,"Monitoring","Constructed&Capped","Current",-22.469278,133.57693,53,353587,7514534,"GPS",https://ntg.aquaticinformatics.net/AQWebportal/Data/Location/Summary/Location/RN014188/Interval/Latest
"RN013337","Woodgreen Station",http://www.ntlis.nt.gov.au/hpa-services/borereport?bore=RN013337,3.1,1982-04-25 00:00:00.0,43,43,20,"Production","Constructed&Capped","Current",-22.536284,134.061504,53,403493,7507509,"GPS",
"RN005475","125/100  #1  TI TREE GRID",http://www.ntlis.nt.gov.au/hpa-services/borereport?bore=RN005475,0,1966-06-09 00:00:00.0,2.1,0,0,"Investigation",,"Current",-22.132855,133.399248,53,334908,7551599,"Surveyed",
"RN005721","Ti Tree Investigation Bore 130/75",http://www.ntlis.nt.gov.au/hpa-services/borereport?bore=RN005721,8.7,1966-11-30 00:00:00.0,61,0,0,"Investigation",,"Current",-22.201687,133.41321,53,336428,7543993,"Surveyed",
"RN005722","Investigation 130/75 Observation Bore",http://www.ntlis.nt.gov.au/hpa-services/borereport?bore=RN005722,0,1966-11-22 00:00:00.0,54.9,0,0,"Investigation",,"Current",-22.201687,133.41321,53,336428,7543993,"Surveyed",
"RN005723","Monitoring Bore Ti Tree Area",http://www.ntlis.nt.gov.au/hpa-services/borereport?bore=RN005723,8.4,1966-11-07 00:00:00.0,61,0,0,"Monitoring",,"Current",-22.201708,133.413716,53,336480,7543991,"GPS",https://ntg.aquaticinformatics.net/AQWebportal/Data/Location/Summary/Location/RN005723/Interval/Latest
"RN005724","Ti Tree Area",http://www.ntlis.nt.gov.au/hpa-services/borereport?bore=RN005724,7.5,1966-12-09 00:00:00.0,61.6,61.6,0,"Monitoring","Constructed&Capped","Current",-22.243055,133.41361,53,336517,7539413,"GPS",https://ntg.aquaticinformatics.net/AQWebportal/Data/Location/Summary/Location/RN005724/Interval/Latest
"RN005468","124/90  #28  TI TREE GRID",http://www.ntlis.nt.gov.au/hpa-services/borereport?bore=RN005468,7.5,1966-07-05 00:00:00.0,67.7,0,0,"Investigation",,"Current",-22.160224,133.395942,53,334599,7548565,"Surveyed",
"RN014194","Territory Grape Farm Old Production Bore",http://www.ntlis.nt.gov.au/hpa-services/borereport?bore=RN014194,0,1984-12-07 00:00:00.0,91,85,0,"Production","Constructed&Capped","Current",-22.458741,133.642271,53,360300,7515763,"GPS",
"RN014195","Abandoned Investigation Bore Pine Hill Station",http://www.ntlis.nt.gov.au/hpa-services/borereport?bore=RN014195,0,1984-12-12 00:00:00.0,99,0,0,"Investigation","Backfilled","Historical",-22.45876,133.642378,53,360311,7515761,"GPS",
"RN014192","Territory Grape Farm Monitoring Bore",http://www.ntlis.nt.gov.au/hpa-services/borereport?bore=RN014192,10,1984-11-23 00:00:00.0,78,42,0,"Monitoring","Constructed&Capped","Current",-22.459085,133.641287,53,360199,7515724,"GPS",
"RN011750","HOMESTEAD BORE.AILERON (MONO) HOMESTEAD HOUSE PADDOCK",http://www.ntlis.nt.gov.au/hpa-services/borereport?bore=RN011750,0.5,1977-12-14 00:00:00.0,33.5,0,0,"Production",,"Current",-22.641866,133.337175,53,329128,7495170,"Estimated",
"RN014193","Pine Hill Station",http://www.ntlis.nt.gov.au/hpa-services/borereport?bore=RN014193,0,1984-11-24 00:00:00.0,98,98,0,"Monitoring","Constructed&Capped","Current",-22.516928,133.652067,53,361366,7509330,"GPS",
"RN005472","122.5/95  #6  TI TREE GRID",http://www.ntlis.nt.gov.au/hpa-services/borereport?bore=RN005472,2.5,1966-06-15 00:00:00.0,79.2,0,0,"Investigation",,"Current",-22.146612,133.391669,53,334142,7550067,"Surveyed",
"RN005473","120/95  #5  TI TREE GRID",http://www.ntlis.nt.gov.au/hpa-services/borereport?bore=RN005473,1,1966-06-14 00:00:00.0,91.4,0,0,"Investigation",,"Current",-22.146346,133.38428,53,333380,7550089,"Surveyed",
"RN005474","130/100  #3  TI TREE GRID  S/R BORE TROUGH",http://www.ntlis.nt.gov.au/hpa-services/borereport?bore=RN005474,0.1,1966-06-11 00:00:00.0,41.8,0,0,"Investigation",,"Current",-22.132872,133.413973,53,336427,7551613,"Surveyed",
"RN012852","House Bore #2 Woodgreen Station",http://www.ntlis.nt.gov.au/hpa-services/borereport?bore=RN012852,1.3,1980-09-17 00:00:00.0,21,0,8,"Production",,"Current",-22.396125,134.234378,53,421191,7523126,"Estimated",
"RN012853","#2 Replacement Bore Woodgreen Station",http://www.ntlis.nt.gov.au/hpa-services/borereport?bore=RN012853,2.5,1980-09-11 00:00:00.0,30,0,21,"Production",,"Current",-22.483369,134.238137,53,421627,7513470,"GPS",
"RN043107","NT Portion 655",http://www.ntlis.nt.gov.au/hpa-services/borereport?bore=RN043107,3,2022-08-23 00:00:00.0,66,66,15.2,,"Constructed&Capped","Current",-21.862615,133.615709,53,356965,7581736,"GPS",
"RN018900","Monitoring Bore Bushy Park Station",http://www.ntlis.nt.gov.au/hpa-services/borereport?bore=RN018900,1,2012-07-25 00:00:00.0,88.1,91.6,52.35,"Investigation","Constructed&Capped","Current",-22.674115,133.937935,53,390894,7492165,"GPS",https://ntg.aquaticinformatics.net/AQWebportal/Data/Location/Summary/Location/RN018900/Interval/Latest
"RN018899","Monitoring Bore Pine Hill Station",http://www.ntlis.nt.gov.au/hpa-services/borereport?bore=RN018899,2.8,2012-07-19 00:00:00.0,49,47,33.22,"Investigation","Constructed&Capped","Current",-22.502223,133.521323,53,347901,7510831,"GPS",
"RN016375","Investigation Bore Dud Alyuen Community Aileron",http://www.ntlis.nt.gov.au/hpa-services/borereport?bore=RN016375,0.1,1994-09-27 00:00:00.0,28.8,0,,"Investigation","Backfilled","Historical",-22.659115,133.345919,53,330048,7493270,"GPS",
"RN016374","Investigation Bore Dud Alyuen Community Aileron",http://www.ntlis.nt.gov.au/hpa-services/borereport?bore=RN016374,0.1,1994-09-20 00:00:00.0,25.1,0,,"Investigation","Backfilled","Historical",-22.661535,133.34409,53,329863,7493000,"GPS",
"RN000444","DUD N.S.S.R 240 GPH NO TRACE APX 2KM (N) OF MERINO WELL",http://www.ntlis.nt.gov.au/hpa-services/borereport?bore=RN000444,0.3,1950-11-10 00:00:00.0,210.9,0,0,"Production",,"Current",-21.797246,133.724307,53,368128,7589070,"Estimated",
"RN014411","Territory Grape Farm Monitoring Bore",http://www.ntlis.nt.gov.au/hpa-services/borereport?bore=RN014411,0.5,1985-08-16 00:00:00.0,30,30,15.64,"Monitoring","Constructed&Capped","Current",-22.448925,133.642484,53,360312,7516850,"GPS",
"RN000446","CAMEL SOAK BORE. N.S.S.R. 12KM (N) OF BULLOCKY RN447.",http://www.ntlis.nt.gov.au/hpa-services/borereport?bore=RN000446,,,0,0,,"Unknown",,"Current",-21.861401,133.612767,53,356660,7581868,"GPS",
"RN000447","BULLOCKY SOAK NSSR (MILL) 22.5K NORTH OF TI-TREE PU",http://www.ntlis.nt.gov.au/hpa-services/borereport?bore=RN000447,0.9,1938-07-01 00:00:00.0,59.8,0,0,"Production",,"Current",-21.932886,133.525602,53,347728,7573870,"Estimated",
"RN016378","Investigation Bore Dud Alyuen Community Aileron",http://www.ntlis.nt.gov.au/hpa-services/borereport?bore=RN016378,0.1,1994-09-23 00:00:00.0,63.8,0,,"Investigation","Backfilled","Historical",-22.659244,133.349615,53,330428,7493260,"GPS",
"RN000448","TI-TREE BORE 33rd. N.S.S.R. 300M WEST OF PUB",http://www.ntlis.nt.gov.au/hpa-services/borereport?bore=RN000448,1.5,1937-01-01 00:00:00.0,14,0,0,"Production",,"Current",-22.132743,133.413908,53,336420,7551627,"GPS",
"RN016377","Investigation Bore Dud Alyuen Community Aileron",http://www.ntlis.nt.gov.au/hpa-services/borereport?bore=RN016377,,1994-09-22 00:00:00.0,17.7,0,,"Investigation","Backfilled","Historical",-22.662045,133.349777,53,330448,7492950,"GPS",
"RN000449","ARDEN SOAK BORE. 12M (W) OF MILL RN11975.",http://www.ntlis.nt.gov.au/hpa-services/borereport?bore=RN000449,2.3,1953-03-31 00:00:00.0,62.5,0,0,"Production",,"Current",-22.356685,133.323036,53,327321,7526731,"Estimated",
"RN016376","Investigation Bore Dud Alyuen Community Aileron",http://www.ntlis.nt.gov.au/hpa-services/borereport?bore=RN016376,0.3,1994-09-22 00:00:00.0,42.2,0,,"Investigation","Backfilled","Historical",-22.662045,133.349777,53,330448,7492950,"GPS",
"RN000450","ARDEN SOAK WELL.U/S  1M DEEP 120m (N) OF MILL.",http://www.ntlis.nt.gov.au/hpa-services/borereport?bore=RN000450,0.2,1936-06-01 00:00:00.0,0,0,0,"Production",,"Current",-22.356691,133.32887,53,327922,7526737,"Estimated",
"RN005725","Ti Tree Area",http://www.ntlis.nt.gov.au/hpa-services/borereport?bore=RN005725,8.8,1966-12-10 00:00:00.0,61.6,0,0,"Monitoring","Constructed&Capped","Current",-22.243172,133.413609,53,336517,7539400,"GPS",https://ntg.aquaticinformatics.net/AQWebportal/Data/Location/Summary/Location/RN005725/Interval/Latest
"RN000451","PROWSE GAP WELL.(FILLED IN) 300M (E) OF MCMAHON RN13551",http://www.ntlis.nt.gov.au/hpa-services/borereport?bore=RN000451,0.1,1930-05-01 00:00:00.0,25,0,0,"Production",,"Current",-22.550016,133.309994,53,326219,7505309,"GPS",
"RN005726","130/60 PRODUCTION (#82) TI TREE",http://www.ntlis.nt.gov.au/hpa-services/borereport?bore=RN005726,0.3,1966-12-20 00:00:00.0,52.1,0,0,"Investigation",,"Current",-22.242976,133.412746,53,336428,7539421,"Surveyed",
"RN011964","G & C.FILLED UP WITH RUBBISH APPX 12.8KM (NNW) OF H/STE",http://www.ntlis.nt.gov.au/hpa-services/borereport?bore=RN011964,1.9,1978-08-05 00:00:00.0,18,0,0,"Production",,"Current",-22.105854,134.080223,53,405127,7555170,"Estimated",
"RN014409","Monitoring Bore Territory Grape Farm",http://www.ntlis.nt.gov.au/hpa-services/borereport?bore=RN014409,7,1985-08-15 00:00:00.0,69,65,16.4,"Monitoring","Constructed&Capped","Current",-22.449311,133.659504,53,362064,7516823,"GPS",https://ntg.aquaticinformatics.net/AQWebportal/Data/Location/Summary/Location/RN014409/Interval/Latest
"RN014410","Territory Grape Farm Monitoring Bore",http://www.ntlis.nt.gov.au/hpa-services/borereport?bore=RN014410,12,1985-08-15 00:00:00.0,74,73,15.63,"Monitoring","Constructed&Capped","Current",-22.449256,133.642072,53,360270,7516813,"GPS",
"RN014408","Territory Grape Farm Monitoring Bore",http://www.ntlis.nt.gov.au/hpa-services/borereport?bore=RN014408,10,1985-08-14 00:00:00.0,60,54.9,13.56,"Monitoring","Constructed&Capped","Current",-22.437367,133.636494,53,359684,7518124,"GPS",
"RN005499","137.5/67.5  #18  TI TREE GRID",http://www.ntlis.nt.gov.au/hpa-services/borereport?bore=RN005499,6,1966-06-27 00:00:00.0,91.7,0,0,"Investigation",,"Current",-22.222546,133.435151,53,338714,7541707,"Surveyed",
"RN005500","130/87.5  #13  TI TREE GRID",http://www.ntlis.nt.gov.au/hpa-services/borereport?bore=RN005500,3.5,1966-06-21 00:00:00.0,29.6,0,0,"Investigation",,"Current",-22.167279,133.413597,53,336428,7547803,"Surveyed",
"RN005501","127.5/95  #8  TI TREE GRID",http://www.ntlis.nt.gov.au/hpa-services/borereport?bore=RN005501,0.1,1966-06-16 00:00:00.0,41.5,0,0,"Investigation",,"Current",-22.146632,133.406422,53,335664,7550081,"Surveyed",
"RN005502","132.5/95  #10  TI TREE GRID",http://www.ntlis.nt.gov.au/hpa-services/borereport?bore=RN005502,0.9,1966-06-18 00:00:00.0,64.8,0,0,"Investigation",,"Current",-22.146662,133.421215,53,337190,7550094,"Surveyed",
"RN018911","Monitoring Bore Bushy Park Station",http://www.ntlis.nt.gov.au/hpa-services/borereport?bore=RN018911,0.8,2012-07-25 00:00:00.0,79.4,77.7,52.43,"Investigation","Constructed&Capped","Current",-22.674061,133.937877,53,390888,7492171,"GPS",
"RN018912","Monitoring Bore Bushy Park Station",http://www.ntlis.nt.gov.au/hpa-services/borereport?bore=RN018912,1,2012-07-26 00:00:00.0,73.3,73.3,46.97,"Investigation","Constructed&Capped","Current",-22.741472,133.936568,53,390807,7484707,"GPS",https://ntg.aquaticinformatics.net/AQWebportal/Data/Location/Summary/Location/RN018912/Interval/Latest
"RN003183","A27/1 1st ATT.  DUD 19KM (ESE) OF HOMESTEAD.",http://www.ntlis.nt.gov.au/hpa-services/borereport?bore=RN003183,0.2,1962-10-15 00:00:00.0,91.4,0,0,"Production",,"Current",-21.798243,133.932438,53,389645,7589123,"Estimated",
"RN011975","ARDEN SOAK REPL. 12M (E) OF RN449.",http://www.ntlis.nt.gov.au/hpa-services/borereport?bore=RN011975,2,1977-07-01 00:00:00.0,60,0,0,"Production",,"Current",-22.356685,133.323036,53,327321,7526731,"Estimated",
"RN016382","Production Bore Alyuen Community Aileron",http://www.ntlis.nt.gov.au/hpa-services/borereport?bore=RN016382,2.5,1994-11-10 00:00:00.0,44,43.9,29.38,"Production","Constructed&Capped","Current",-22.659244,133.349615,53,330428,7493260,"GPS",
"RN016381","Alyuen Community",http://www.ntlis.nt.gov.au/hpa-services/borereport?bore=RN016381,0.1,1994-11-09 00:00:00.0,52.6,52.5,,"Monitoring","Constructed&Capped","Current",-22.659649,133.349514,53,330418,7493215,"GPS",
"RN016379","Production Bore Alyuen Community Aileron",http://www.ntlis.nt.gov.au/hpa-services/borereport?bore=RN016379,1.7,1994-09-26 00:00:00.0,48.7,48.7,30.72,"Production","Constructed&Capped","Current",-22.661125,133.349885,53,330458,7493052,"GPS",
"RN018886","Dud Monitoring Bore Stirling Swamp Stirling Station",http://www.ntlis.nt.gov.au/hpa-services/borereport?bore=RN018886,,2012-06-01 00:00:00.0,2,0,,"Investigation","Backfilled","Historical",-21.77361,133.721725,53,367839,7591684,"GPS",
"RN019132","Stock Bore Bushy Park Station",http://www.ntlis.nt.gov.au/hpa-services/borereport?bore=RN019132,4,2015-12-04 00:00:00.0,80,80,53,"Production","Constructed&Capped","Current",-22.970872,133.890633,53,386281,7459275,"GPS",
"RN005507","Ti Tree Area",http://www.ntlis.nt.gov.au/hpa-services/borereport?bore=RN005507,4.5,1966-06-28 00:00:00.0,67.4,0,0,"Monitoring","Constructed&Capped","Current",-22.222336,133.41363,53,336495,7541707,"GPS",https://ntg.aquaticinformatics.net/AQWebportal/Data/Location/Summary/Location/RN005507/Interval/Latest
"RN018887","Monitoring Bore Arden Soak Pine Hill Station",http://www.ntlis.nt.gov.au/hpa-services/borereport?bore=RN018887,,2012-06-06 00:00:00.0,10.2,10.2,,"Investigation","Constructed&Capped","Current",-22.345636,133.327256,53,327742,7527959,"GPS",
"RN005508","130/97.5   #11  TI TREE GRID",http://www.ntlis.nt.gov.au/hpa-services/borereport?bore=RN005508,0.9,1966-06-18 00:00:00.0,62.5,0,0,"Investigation",,"Current",-22.139754,133.413896,53,336427,7550851,"Surveyed",
"RN018888","Monitoring Bore Arden Soak Pine Hill Station",http://www.ntlis.nt.gov.au/hpa-services/borereport?bore=RN018888,,2012-06-05 00:00:00.0,8.5,8.2,,"Investigation","Constructed&Capped","Current",-22.345642,133.327023,53,327718,7527958,"GPS",
"RN005509","124/92.5  #27  TI TREE GRID",http://www.ntlis.nt.gov.au/hpa-services/borereport?bore=RN005509,3.7,1966-07-04 00:00:00.0,55.2,0,0,"Investigation",,"Current",-22.153343,133.39602,53,334599,7549327,"Surveyed",
"RN005510","130/92.5  #12  TI TREE GRID",http://www.ntlis.nt.gov.au/hpa-services/borereport?bore=RN005510,2.3,1966-06-21 00:00:00.0,48.2,0,0,"Investigation",,"Current",-22.153516,133.413751,53,336428,7549327,"Surveyed",
"RN018882","Monitoring Bore Stirling Swamp Stirling Station",http://www.ntlis.nt.gov.au/hpa-services/borereport?bore=RN018882,,2012-05-30 00:00:00.0,3.5,3.1,,"Investigation","Constructed&Capped","Current",-21.759224,133.712889,53,366912,7593269,"GPS",
"RN005511","Investigation Bore Ti Tree",http://www.ntlis.nt.gov.au/hpa-services/borereport?bore=RN005511,4.5,1966-06-23 00:00:00.0,66.8,0,0,"Investigation",,"Current",-22.194804,133.41329,53,336428,7544755,"Surveyed",
"RN018883","Dud Monitoring Bore Stirling Swamp Stirling Station",http://www.ntlis.nt.gov.au/hpa-services/borereport?bore=RN018883,,2012-05-28 00:00:00.0,2,0,,"Investigation","Backfilled","Historical",-21.75925,133.71285,53,366908,7593266,"GPS",
"RN004640","Deserty Bore Pine Hill Station",http://www.ntlis.nt.gov.au/hpa-services/borereport?bore=RN004640,1.5,1960-06-14 00:00:00.0,40.2,0,0,"Production",,"Current",-22.45934,133.577595,53,353645,7515635,"Surveyed",
"RN018884","Monitoring Bore Stirling Swamp Stirling Station",http://www.ntlis.nt.gov.au/hpa-services/borereport?bore=RN018884,1.3,2012-05-28 00:00:00.0,11,10.4,1.21,"Investigation","Constructed&Capped","Current",-21.773592,133.721754,53,367842,7591686,"GPS",
"RN004641","POOLEY BORE. 17.6KM (NE) OF GILBEANIE.",http://www.ntlis.nt.gov.au/hpa-services/borereport?bore=RN004641,1.6,1960-07-01 00:00:00.0,30.5,0,0,"Production",,"Current",-22.355531,133.649932,53,360986,7527197,"Surveyed",
"RN018885","Monitoring Bore Stirling Swamp Stirling Station",http://www.ntlis.nt.gov.au/hpa-services/borereport?bore=RN018885,,2012-06-01 00:00:00.0,3.4,3.4,,"Investigation","Constructed&Capped","Current",-21.773601,133.721735,53,367840,7591685,"GPS",
"RN018881","Monitoring Bore Stirling Swamp Stirling Station",http://www.ntlis.nt.gov.au/hpa-services/borereport?bore=RN018881,2,2012-05-31 00:00:00.0,11,9.6,1.37,"Investigation","Constructed&Capped","Current",-21.759233,133.712908,53,366914,7593268,"GPS",
"RN005503","Ti Tree Area",http://www.ntlis.nt.gov.au/hpa-services/borereport?bore=RN005503,6,1966-07-15 00:00:00.0,155.8,0,0,"Monitoring","Constructed&Capped","Current",-22.194744,133.391575,53,334189,7544738,"GPS",
"RN005504","137.5/77.5  #17  TI TREE GRID",http://www.ntlis.nt.gov.au/hpa-services/borereport?bore=RN005504,4.5,1966-07-24 00:00:00.0,85.6,0,0,"Investigation",,"Current",-22.19502,133.435456,53,338714,7544755,"Surveyed",
"RN005505","Investigation Bore Ti Tree",http://www.ntlis.nt.gov.au/hpa-services/borereport?bore=RN005505,0.9,1966-06-16 00:00:00.0,72.8,0,0,"Investigation","Backfilled","Historical",-22.146622,133.399044,53,334903,7550074,"Surveyed",
"RN005506","Ti Tree Area",http://www.ntlis.nt.gov.au/hpa-services/borereport?bore=RN005506,0.6,1966-06-17 00:00:00.0,36.9,0,0,"Monitoring","Constructed&Capped","Current",-22.146624,133.41383,53,336428,7550090,"GPS",https://ntg.aquaticinformatics.net/AQWebportal/Data/Location/Summary/Location/RN005506/Interval/Latest
"RN014385","Woodgreen Station",http://www.ntlis.nt.gov.au/hpa-services/borereport?bore=RN014385,1,1960-07-01 00:00:00.0,33,0,0,"Monitoring","Constructed&Capped","Current",-22.354543,133.942481,53,391111,7527547,"GPS",
"RN005517","112.5/95   #31 TI-TREE GRID",http://www.ntlis.nt.gov.au/hpa-services/borereport?bore=RN005517,9,1966-07-12 00:00:00.0,94.8,0,0,"Investigation",,"Current",-22.146546,133.362112,53,331093,7550042,"Surveyed",
"RN018897","Monitoring Bore Pine Hill Station",http://www.ntlis.nt.gov.au/hpa-services/borereport?bore=RN018897,4,2012-07-03 00:00:00.0,18.6,18.5,7.87,"Investigation","Constructed&Capped","Current",-22.287158,133.639509,53,359844,7534757,"GPS",
"RN005518","115/95  #30 TITREE GRID",http://www.ntlis.nt.gov.au/hpa-services/borereport?bore=RN005518,9,1966-07-11 00:00:00.0,103.3,0,0,"Investigation",,"Current",-22.146559,133.369497,53,331855,7550049,"Surveyed",
"RN018898","Monitoring Bore Pine Hill Station",http://www.ntlis.nt.gov.au/hpa-services/borereport?bore=RN018898,4.1,2012-07-18 00:00:00.0,73.4,71.1,33.21,"Investigation","Constructed&Capped","Current",-22.502187,133.521266,53,347895,7510835,"GPS",
"RN005519","126/100  #19 TI TREE GRID",http://www.ntlis.nt.gov.au/hpa-services/borereport?bore=RN005519,0.1,1966-06-29 00:00:00.0,24.1,0,0,"Investigation",,"Current",-22.132757,133.402166,53,335209,7551613,"Surveyed",
"RN018893","Monitoring Bore Pine Hill Station",http://www.ntlis.nt.gov.au/hpa-services/borereport?bore=RN018893,1.3,2012-06-27 00:00:00.0,40,38.3,20.26,"Investigation","Constructed&Capped","Current",-22.282877,133.516906,53,347207,7535112,"GPS",
"RN018894","Monitoring Bore Pine Hill Station",http://www.ntlis.nt.gov.au/hpa-services/borereport?bore=RN018894,25,2012-07-02 00:00:00.0,48.9,40.7,10.96,"Investigation","Constructed&Capped","Current",-22.282735,133.586017,53,354328,7535196,"GPS",
"RN005524","130/62.5  #38 TI TREE GRID",http://www.ntlis.nt.gov.au/hpa-services/borereport?bore=RN005524,9,1966-07-29 00:00:00.0,136.2,0,0,"Investigation",,"Current",-22.236092,133.413642,53,336512,7540184,"Surveyed",
"RN010004","A4/5 HOMESTEAD DUPLICATE 400M EAST OF NEW HOMESTEAD",http://www.ntlis.nt.gov.au/hpa-services/borereport?bore=RN010004,1.3,1971-02-09 00:00:00.0,73.2,0,0,"Production",,"Current",-22.899184,134.054439,53,403023,7467329,"GPS",
"RN018895","Monitoring Bore Pine Hill Station",http://www.ntlis.nt.gov.au/hpa-services/borereport?bore=RN018895,7,2012-06-30 00:00:00.0,24.7,18,10.92,"Investigation","Constructed&Capped","Current",-22.282735,133.585959,53,354322,7535196,"GPS",
"RN005525","92.5/95  #36 TI TREE GRID",http://www.ntlis.nt.gov.au/hpa-services/borereport?bore=RN005525,3,1966-07-25 00:00:00.0,97.5,0,0,"Investigation",,"Current",-22.14552,133.303027,53,324998,7550089,"Surveyed",
"RN018896","Monitoring Bore Pine Hill Station",http://www.ntlis.nt.gov.au/hpa-services/borereport?bore=RN018896,5,2012-07-02 00:00:00.0,30.6,30,7.86,"Investigation","Constructed&Capped","Current",-22.287122,133.639548,53,359848,7534761,"GPS",
"RN018889","Monitoring Bore Arden Soak Pine Hill Station",http://www.ntlis.nt.gov.au/hpa-services/borereport?bore=RN018889,,2012-06-06 00:00:00.0,8,7.2,,"Investigation","Constructed&Capped","Current",-22.345685,133.32677,53,327692,7527953,"GPS",
"RN018890","Monitoring Bore Arden Soak Pine Hill Station",http://www.ntlis.nt.gov.au/hpa-services/borereport?bore=RN018890,,2012-06-21 00:00:00.0,11.7,10.5,,"Investigation","Constructed&Capped","Current",-22.306233,133.340548,53,329063,7532337,"GPS",
"RN018891","Monitoring Bore Arden Soak Pine Hill Station",http://www.ntlis.nt.gov.au/hpa-services/borereport?bore=RN018891,,2012-06-23 00:00:00.0,11,6.6,,"Investigation","Constructed&Capped","Current",-22.306166,133.340248,53,329032,7532344,"GPS",
"RN018892","Monitoring Bore Pine Hill Station",http://www.ntlis.nt.gov.au/hpa-services/borereport?bore=RN018892,8,2012-06-26 00:00:00.0,73.5,73.3,21.26,"Investigation","Constructed&Capped","Current",-22.282878,133.516964,53,347213,7535112,"GPS",
"RN005515","126.5/100  #21  TI TREE GRID",http://www.ntlis.nt.gov.au/hpa-services/borereport?bore=RN005515,0.1,1966-06-29 00:00:00.0,18.3,0,0,"Investigation",,"Current",-22.132772,133.40364,53,335361,7551613,"Surveyed",
"RN005516","117.5/95  #29  TI TREE GRID",http://www.ntlis.nt.gov.au/hpa-services/borereport?bore=RN005516,9,1966-07-08 00:00:00.0,150.6,0,0,"Investigation",,"Current",-22.146573,133.376899,53,332619,7550055,"Surveyed",
"RN005529","117.45/95  #37 TI TREE GRID",http://www.ntlis.nt.gov.au/hpa-services/borereport?bore=RN005529,0,1966-07-27 00:00:00.0,49.6,0,0,"Investigation",,"Current",-22.146271,133.376738,53,332602,7550089,"Surveyed",
"RN010262","A47/10 4MILE [DRY DUD] 350m (NE) OF 4 MILE WELL.",http://www.ntlis.nt.gov.au/hpa-services/borereport?bore=RN010262,0,1971-12-08 00:00:00.0,91.4,0,0,"Production",,"Current",-21.874375,133.355892,53,330128,7580170,"Estimated",
"RN005530","132/100  #25 TI TREE GRID",http://www.ntlis.nt.gov.au/hpa-services/borereport?bore=RN005530,0.1,1966-07-01 00:00:00.0,18.3,0,0,"Investigation",,"Current",-22.13293,133.419886,53,337037,7551613,"Surveyed",
"RN005531","133/100   #26 TI TREE GRID",http://www.ntlis.nt.gov.au/hpa-services/borereport?bore=RN005531,0.1,1966-07-01 00:00:00.0,15.5,0,0,"Investigation",,"Current",-22.133159,133.423181,53,337377,7551591,"Surveyed",
"RN012579","Aileron Station",http://www.ntlis.nt.gov.au/hpa-services/borereport?bore=RN012579,10,1980-03-22 00:00:00.0,108,108,0,"Monitoring","Constructed&Capped","Current",-22.573663,133.680887,53,364386,7503075,"GPS",
"RN005532","TI TREE ROADHOUSE 91M SOUTH OF STORE",http://www.ntlis.nt.gov.au/hpa-services/borereport?bore=RN005532,0.8,1966-07-22 00:00:00.0,14.3,0,0,"Production",,"Current",-22.131301,133.417026,53,336740,7551790,"Surveyed",
"RN005533","130.5/100   #24 TI TREE GRID",http://www.ntlis.nt.gov.au/hpa-services/borereport?bore=RN005533,0.1,1966-07-01 00:00:00.0,22.3,0,0,"Investigation",,"Current",-22.132887,133.415456,53,336580,7551613,"Surveyed",
"RN012581","Woodgreen Station",http://www.ntlis.nt.gov.au/hpa-services/borereport?bore=RN012581,10,1980-05-17 00:00:00.0,162.6,162.6,0,"Monitoring","Constructed&Capped","Current",-22.43375,133.752072,53,371576,7518628,"GPS",https://ntg.aquaticinformatics.net/AQWebportal/Data/Location/Summary/Location/RN012581/Interval/Latest
"RN013926","Pine Hill Station",http://www.ntlis.nt.gov.au/hpa-services/borereport?bore=RN013926,10,1984-02-25 00:00:00.0,57,57,27.27,"Monitoring","Constructed&Capped","Current",-22.511092,133.573353,53,353263,7509901,"GPS",https://ntg.aquaticinformatics.net/AQWebportal/Data/Location/Summary/Location/RN013926/Interval/Latest
"RN015025","WESTEND NO2       (MONO BORE) 6M WEST OF MILL RN 2173",http://www.ntlis.nt.gov.au/hpa-services/borereport?bore=RN015025,,,65.8,0,,"Unknown",,"Current",-22.970846,133.888328,53,386045,7459276,"GPS",
"RN005534","129/100  #23 TI TREE GRID",http://www.ntlis.nt.gov.au/hpa-services/borereport?bore=RN005534,0.1,1966-06-30 00:00:00.0,52.1,0,0,"Investigation",,"Current",-22.132506,133.410521,53,336070,7551650,"Surveyed",
"RN012580","Woodgreen Station",http://www.ntlis.nt.gov.au/hpa-services/borereport?bore=RN012580,5,1980-03-24 00:00:00.0,97.2,97.2,0,"Monitoring","Constructed&Capped","Current",-22.433769,133.752237,53,371593,7518626,"GPS",
"RN013927","Pine Hill Station",http://www.ntlis.nt.gov.au/hpa-services/borereport?bore=RN013927,5.5,1984-02-24 00:00:00.0,82,0,0,"Monitoring","Constructed&Capped","Current",-22.502675,133.523302,53,348105,7510783,"GPS",https://ntg.aquaticinformatics.net/AQWebportal/Data/Location/Summary/Location/RN013927/Interval/Latest
"RN014784","RN14784 500M (NW) OF HOMESTEAD.",http://www.ntlis.nt.gov.au/hpa-services/borereport?bore=RN014784,0,1986-05-06 00:00:00.0,76,0,0,"Production",,"Current",-22.385653,133.039198,53,298128,7523170,"Estimated",
"RN015026","10 MILE WELL  ABD 9M EAST OF MILL RN 2166",http://www.ntlis.nt.gov.au/hpa-services/borereport?bore=RN015026,,,9.1,0,,"Unknown",,"Current",-22.864468,134.11832,53,409552,7471213,"GPS",
"RN012583","WRB INV 11KM (W) OF RN11882.",http://www.ntlis.nt.gov.au/hpa-services/borereport?bore=RN012583,6,1980-05-22 00:00:00.0,89.6,0,0,"Monitoring",,"Current",-22.433698,133.751275,53,371494,7518633,"Surveyed",
"RN013924","Pine Hill Station",http://www.ntlis.nt.gov.au/hpa-services/borereport?bore=RN013924,10,1984-02-22 00:00:00.0,88,88,0,"Monitoring","Constructed&Capped","Current",-22.393565,133.50912,53,346526,7522849,"GPS",https://ntg.aquaticinformatics.net/AQWebportal/Data/Location/Summary/Location/RN013924/Interval/Latest
"RN015023","OLD BUSHY WELL NO2 ABD&DRY 8M WEST OF MILL RN 2169",http://www.ntlis.nt.gov.au/hpa-services/borereport?bore=RN015023,,,0,0,,"Unknown",,"Current",-22.933635,133.999988,53,397464,7463478,"GPS",
"RN012582","WRB INV [OBS] 20M (W) OF RN12581.",http://www.ntlis.nt.gov.au/hpa-services/borereport?bore=RN012582,12,1980-05-19 00:00:00.0,47.8,0,0,"Investigation",,"Current",-22.433694,133.751888,53,371557,7518634,"Surveyed",
"RN013925","Pine Hill Station",http://www.ntlis.nt.gov.au/hpa-services/borereport?bore=RN013925,6,1984-02-23 00:00:00.0,97,97,0,"Monitoring","Constructed&Capped","Current",-22.424807,133.543828,53,350133,7519425,"GPS",https://ntg.aquaticinformatics.net/AQWebportal/Data/Location/Summary/Location/RN013925/Interval/Latest
"RN015024","WESTEND WELL ABD&DRY 4M STH EAST OF MILL RN 2173",http://www.ntlis.nt.gov.au/hpa-services/borereport?bore=RN015024,,,29.6,0,,"Unknown",,"Current",-22.970846,133.888328,53,386045,7459276,"GPS",
"RN005528","131.25/97.5  #14 TI TREE GRID",http://www.ntlis.nt.gov.au/hpa-services/borereport?bore=RN005528,0.5,1966-06-23 00:00:00.0,38.4,0,0,"Investigation",,"Current",-22.13979,133.417599,53,336809,7550851,"Surveyed",
"RN005526","Ti Tree Area",http://www.ntlis.nt.gov.au/hpa-services/borereport?bore=RN005526,4.5,1966-07-23 00:00:00.0,79.9,79.9,0,"Monitoring","Constructed&Capped","Current",-22.146385,133.317822,53,326525,7550010,"GPS",https://ntg.aquaticinformatics.net/AQWebportal/Data/Location/Summary/Location/RN005526/Interval/Latest
"RN012585","WRB INV [OBS] 4.5KM (W) OF RN2532.",http://www.ntlis.nt.gov.au/hpa-services/borereport?bore=RN012585,0,1980-06-02 00:00:00.0,52.7,0,0,"Monitoring",,"Current",-22.355488,133.803092,53,376758,7527335,"Surveyed",
"RN013930","Monitoring Bore Pine Hill Station",http://www.ntlis.nt.gov.au/hpa-services/borereport?bore=RN013930,10,1984-02-29 00:00:00.0,96,0,0,"Monitoring","Constructed&Capped","Current",-22.370317,133.536821,53,349353,7525451,"GPS",
"RN015029","SHEEP N02 WELL ABD 200M WEST OF MILL RN 2175",http://www.ntlis.nt.gov.au/hpa-services/borereport?bore=RN015029,,,35,0,,"Unknown",,"Current",-22.932797,133.947208,53,392051,7463533,"GPS",
"RN005527","131.25/100  #16 TI TREE GRID",http://www.ntlis.nt.gov.au/hpa-services/borereport?bore=RN005527,0.1,1966-06-24 00:00:00.0,11.6,0,0,"Investigation",,"Current",-22.132908,133.417675,53,336809,7551613,"Surveyed",
"RN012584","Woodgreen Station",http://www.ntlis.nt.gov.au/hpa-services/borereport?bore=RN012584,10,1980-06-02 00:00:00.0,56.5,0,0,"Monitoring","Constructed&Capped","Current",-22.355459,133.802898,53,376738,7527338,"GPS",
"RN013931","Pine Hill Station",http://www.ntlis.nt.gov.au/hpa-services/borereport?bore=RN013931,10,1984-03-01 00:00:00.0,90,0,0,"Monitoring","Constructed&Capped","Current",-22.368418,133.5957,53,355414,7525719,"GPS",https://ntg.aquaticinformatics.net/AQWebportal/Data/Location/Summary/Location/RN013931/Interval/Latest
"RN015030","OLD BUSHY NEW BORE N03 ABD U/S 350M NTH EAST OF MILL RN",http://www.ntlis.nt.gov.au/hpa-services/borereport?bore=RN015030,,,24.1,0,,"Unknown",,"Current",-22.947239,134.003049,53,397788,7461974,"GPS",
"RN012587","Woodgreen Station",http://www.ntlis.nt.gov.au/hpa-services/borereport?bore=RN012587,2,1980-06-06 00:00:00.0,63.5,0,0,"Monitoring","Constructed&Capped","Current",-22.454073,134.03233,53,400434,7516591,"GPS",
"RN013928","Territory Grape Farm Monitoring Bore",http://www.ntlis.nt.gov.au/hpa-services/borereport?bore=RN013928,10,1984-02-27 00:00:00.0,61,61,15.4,"Monitoring","Constructed&Capped","Current",-22.420971,133.664235,53,362523,7519965,"Surveyed",
"RN015027","#2 Well Abandoned Woodgreen Station",http://www.ntlis.nt.gov.au/hpa-services/borereport?bore=RN015027,0,1926-07-01 00:00:00.0,6.7,0,0,"Unknown","Well","Current",-22.483401,134.244941,53,422327,7513470,"Estimated",
"RN012586","Woodgreen Station",http://www.ntlis.nt.gov.au/hpa-services/borereport?bore=RN012586,10,1980-07-03 00:00:00.0,111.2,111.2,0,"Monitoring","Constructed&Capped","Current",-22.353655,133.894739,53,386194,7527610,"GPS",
"RN013929","Pine Hill Station",http://www.ntlis.nt.gov.au/hpa-services/borereport?bore=RN013929,10,1984-02-28 00:00:00.0,83,0,21.35,"Monitoring","Constructed&Capped","Current",-22.459117,133.678855,53,364065,7515755,"GPS",
"RN015028","Woodgreen Station - Esmerelda",http://www.ntlis.nt.gov.au/hpa-services/borereport?bore=RN015028,4,1961-07-01 00:00:00.0,29.5,29.5,0,"Monitoring","Constructed&Capped","Current",-22.354052,133.769389,53,373286,7527466,"GPS",
"RN012588","Bushy Park Station",http://www.ntlis.nt.gov.au/hpa-services/borereport?bore=RN012588,2,1980-06-07 00:00:00.0,112.2,0,0,"Monitoring","Constructed&Capped","Current",-22.624545,134.068962,53,404321,7497743,"GPS",
"RN015031","ALUKWIRRA  ABANDONED 11.8KM (S) OF RN11882.",http://www.ntlis.nt.gov.au/hpa-services/borereport?bore=RN015031,,,36.4,0,,"Unknown",,"Current",-22.528064,133.785827,53,375135,7508215,"GPS",
"RN013933","Pine Hill Station",http://www.ntlis.nt.gov.au/hpa-services/borereport?bore=RN013933,4,1984-03-05 00:00:00.0,22,22,0,"Monitoring","Constructed&Capped","Current",-22.282728,133.728134,53,368971,7535327,"GPS",
"RN015032","House Bore Woodgreen Station",http://www.ntlis.nt.gov.au/hpa-services/borereport?bore=RN015032,0.5,1960-07-01 00:00:00.0,12,0,0,"Production",,"Current",-22.396125,134.234378,53,421191,7523126,"Estimated",
"RN013692","63\20 H\STEAD SUPPLY 6.7KM (NW) OF HOMESTEAD.",http://www.ntlis.nt.gov.au/hpa-services/borereport?bore=RN013692,2.5,1983-08-06 00:00:00.0,65,0,0,"Production",,"Current",-22.338279,133.034717,53,297598,7528410,"GPS",
"RN013934","Pine Hill Station",http://www.ntlis.nt.gov.au/hpa-services/borereport?bore=RN013934,10,1984-03-07 00:00:00.0,90,90,17.9,"Monitoring","Constructed&Capped","Current",-22.402085,133.728187,53,369088,7522113,"GPS",
"RN012590","Alcoota - Bushy Park Station",http://www.ntlis.nt.gov.au/hpa-services/borereport?bore=RN012590,3,1980-06-12 00:00:00.0,96,0,0,"Monitoring","Constructed&Capped","Current",-22.707907,133.870809,53,384026,7488373,"GPS",
"RN012589","WRB INV AMANDAS        (MONO) 6.6K NTH OF NORTH BORE RN",http://www.ntlis.nt.gov.au/hpa-services/borereport?bore=RN012589,3,1980-06-10 00:00:00.0,103.9,0,0,"Investigation",,"Current",-22.625193,134.067076,53,404128,7497670,"Estimated",
"RN013932","Pine Hill Station",http://www.ntlis.nt.gov.au/hpa-services/borereport?bore=RN013932,15,1984-03-02 00:00:00.0,60,60,0,"Monitoring","Constructed&Capped","Current",-22.357535,133.728019,53,369029,7527045,"GPS",
"RN012592","WRB INV [OBS] 13.6KM (W) OF BOUNDRY GATE.",http://www.ntlis.nt.gov.au/hpa-services/borereport?bore=RN012592,0,1980-07-05 00:00:00.0,61,0,0,"Investigation",,"Current",-22.29723,133.99527,53,396505,7533929,"GPS",
"RN013695","Pine Hill Station",http://www.ntlis.nt.gov.au/hpa-services/borereport?bore=RN013695,2.8,1983-08-19 00:00:00.0,45,45,36,"Monitoring","Constructed&Capped","Current",-22.51443,133.625824,53,358664,7509582,"GPS",https://ntg.aquaticinformatics.net/AQWebportal/Data/Location/Summary/Location/RN013695/Interval/Latest
"RN013937","Pine Hill Station",http://www.ntlis.nt.gov.au/hpa-services/borereport?bore=RN013937,10,1984-03-15 00:00:00.0,87,0,12.88,"Monitoring","Constructed&Capped","Current",-22.42098,133.664235,53,362523,7519964,"GPS",
"RN017403","Monitoring Bore Ahakeye Land Trust",http://www.ntlis.nt.gov.au/hpa-services/borereport?bore=RN017403,5,2000-04-28 00:00:00.0,66.6,53.6,7.02,"Monitoring","Constructed&Capped","Current",-22.259064,133.805728,53,376945,7538012,"GPS",https://ntg.aquaticinformatics.net/AQWebportal/Data/Location/Summary/Location/RN017403/Interval/Latest
"RN012591","WRB ROADS BORE 5K WEST OF AILERON BOUNDARY",http://www.ntlis.nt.gov.au/hpa-services/borereport?bore=RN012591,3.5,1980-07-02 00:00:00.0,106.6,0,0,"Production",,"Current",-22.708046,133.870671,53,384012,7488358,"Surveyed",
"RN013938","Abandoned Bore Pine Hill Station",http://www.ntlis.nt.gov.au/hpa-services/borereport?bore=RN013938,8.3,1984-03-19 00:00:00.0,70,0,0,"Investigation","Backfilled","Historical",-22.421141,133.664078,53,362507,7519946,"GPS",
"RN017402","Investigation Bore Ahakeye Land Trust",http://www.ntlis.nt.gov.au/hpa-services/borereport?bore=RN017402,3,2000-04-19 00:00:00.0,55,42,13.5,"Investigation","Constructed&Capped","Current",-22.296865,133.848841,53,381420,7533862,"Surveyed",
"RN012594","Ti Tree Area",http://www.ntlis.nt.gov.au/hpa-services/borereport?bore=RN012594,5,1980-07-11 00:00:00.0,110.1,0,0,"Monitoring","Constructed&Capped","Current",-22.186751,133.946448,53,391390,7546125,"GPS",https://ntg.aquaticinformatics.net/AQWebportal/Data/Location/Summary/Location/RN012594/Interval/Latest
"RN013693","A63\20   DUD 5.5KM (N) OF HOMESTEAD.",http://www.ntlis.nt.gov.au/hpa-services/borereport?bore=RN013693,0,1983-08-07 00:00:00.0,100,0,0,"Production",,"Current",-22.341028,133.037978,53,297938,7528110,"GPS",
"RN013935","Pine Hill Station",http://www.ntlis.nt.gov.au/hpa-services/borereport?bore=RN013935,5,1984-03-08 00:00:00.0,64,64,0,"Monitoring","Constructed&Capped","Current",-22.321667,133.728053,53,368999,7531016,"GPS",
"RN012593","Ti Tree Area",http://www.ntlis.nt.gov.au/hpa-services/borereport?bore=RN012593,3,1980-07-07 00:00:00.0,106.9,0,0,"Monitoring","Constructed&Capped","Current",-22.18669,133.946749,53,391421,7546132,"GPS",https://ntg.aquaticinformatics.net/AQWebportal/Data/Location/Summary/Location/RN012593/Interval/Latest
"RN013936","Pine Hill Station",http://www.ntlis.nt.gov.au/hpa-services/borereport?bore=RN013936,6,1984-03-13 00:00:00.0,83,0,14.6,"Monitoring","Constructed&Capped","Current",-22.418581,133.60596,53,356522,7520175,"GPS",https://ntg.aquaticinformatics.net/AQWebportal/Data/Location/Summary/Location/RN013936/Interval/Latest
"RN012596","WRB INV 24M (N) OF RN12596.",http://www.ntlis.nt.gov.au/hpa-services/borereport?bore=RN012596,8,1980-07-14 00:00:00.0,50.2,0,0,"Monitoring",,"Current",-22.241403,133.559981,53,351602,7539747,"GPS",
"RN016137","Pine Hill Community Excision",http://www.ntlis.nt.gov.au/hpa-services/borereport?bore=RN016137,1.5,1992-01-21 00:00:00.0,68,68,44.5,"Production","Constructed&Capped","Current",-22.338189,133.034718,53,297598,7528420,"Estimated",
"RN012595","Monitoring Bore Ti Tree Area",http://www.ntlis.nt.gov.au/hpa-services/borereport?bore=RN012595,7,1980-07-13 00:00:00.0,85.4,0,0,"Monitoring","Constructed&Capped","Current",-22.242942,133.564742,53,352094,7539581,"GPS",
"RN015041","House Bore Lot 3706 Production Bore Ti Tree Farm",http://www.ntlis.nt.gov.au/hpa-services/borereport?bore=RN015041,3,1987-03-16 00:00:00.0,54.9,0,0,"Production",,"Current",-22.24582,133.417499,53,336921,7539111,"GPS",
"RN017406","Investigation Production Bore Ahakeye Land Trust",http://www.ntlis.nt.gov.au/hpa-services/borereport?bore=RN017406,2.3,2000-05-03 00:00:00.0,85.8,78.5,0,"Investigation","Constructed&Capped","Current",-22.296229,133.740336,53,370241,7533843,"Estimated",
"RN013939","Investigation Bore Pine Hill Station",http://www.ntlis.nt.gov.au/hpa-services/borereport?bore=RN013939,0,1984-03-22 00:00:00.0,88,77.7,0,"Investigation","Constructed&Capped","Current",-22.459175,133.629527,53,358989,7515703,"GPS",
"RN017405","Investigation Bore Ahakeye Land Trust",http://www.ntlis.nt.gov.au/hpa-services/borereport?bore=RN017405,2,2000-05-01 00:00:00.0,73.7,19.8,11.35,"Investigation","Constructed&Capped","Current",-22.257185,133.78349,53,374652,7538202,"GPS",
"RN018316","Domestic Bore Mulga Bore Aboriginal Community",http://www.ntlis.nt.gov.au/hpa-services/borereport?bore=RN018316,,2008-02-02 00:00:00.0,66,0,,"Production","Abandoned","Historical",-22.448975,134.215538,53,419283,7517265,"Estimated",
"RN013940","WRB INV [OBS] 7.4KM (E) OF SCHIEDS NO2 PROD",http://www.ntlis.nt.gov.au/hpa-services/borereport?bore=RN013940,10,1984-03-26 00:00:00.0,56,0,0,"Investigation",,"Current",-22.357418,133.727923,53,369019,7527058,"Surveyed",
"RN017404","Alcoota - Ahakeye Land Trust",http://www.ntlis.nt.gov.au/hpa-services/borereport?bore=RN017404,3,2000-04-29 00:00:00.0,73.6,73.6,11.4,"Monitoring","Constructed&Capped","Current",-22.296878,133.766192,53,372905,7533793,"GPS",
"RN014554","Territory Grape Farm Homestead Production Bore",http://www.ntlis.nt.gov.au/hpa-services/borereport?bore=RN014554,6.3,1985-08-23 00:00:00.0,44,44,0,"Production","Equipped-Electrical","Current",-22.454998,133.638567,53,359915,7516174,"GPS",
"RN010040","Advice 123/2 Costellos Production Adelaide Bore",http://www.ntlis.nt.gov.au/hpa-services/borereport?bore=RN010040,1.8,1971-02-22 00:00:00.0,19.8,0,0,"Production",,"Current",-22.214029,133.936455,53,390381,7543098,"GPS",
"RN010041","A27/13 SALT.(DUD NO TRACE) 10KM (SSE) OF JUNCTION RN253",http://www.ntlis.nt.gov.au/hpa-services/borereport?bore=RN010041,2.5,1971-01-15 00:00:00.0,24.4,0,0,"Production",,"Current",-21.696052,133.609214,53,356128,7600170,"Estimated",
"RN012561","PINE HILL (DUD). 400m (NE) OF HOMESTEAD.",http://www.ntlis.nt.gov.au/hpa-services/borereport?bore=RN012561,0,1980-03-06 00:00:00.0,35,0,0,"Production",,"Current",-22.38577,133.048907,53,299128,7523170,"Estimated",
"RN012560","PINE HILL(DUD). 2km (NE) OF HOMESTEAD.",http://www.ntlis.nt.gov.au/hpa-services/borereport?bore=RN012560,0.4,1980-03-06 00:00:00.0,27,0,0,"Production",,"Current",-22.367712,133.049159,53,299128,7525170,"Estimated",
"RN012563","PINE HILL(DUD). 400m (S) OF HOMESTEAD.",http://www.ntlis.nt.gov.au/hpa-services/borereport?bore=RN012563,0.1,1980-03-04 00:00:00.0,30,0,0,"Production",,"Current",-22.394799,133.048781,53,299128,7522170,"Estimated",
"RN012562","PINE HILL(DUD). 700M (W) OF HOMESTEAD.",http://www.ntlis.nt.gov.au/hpa-services/borereport?bore=RN012562,0.1,1980-03-05 00:00:00.0,73,0,0,"Production",,"Current",-22.379464,133.041945,53,298402,7523859,"Estimated",
"RN012565","OLD H\STEAD SUPPLY NOT USED 3KM (NW) OF HOMESTEAD.",http://www.ntlis.nt.gov.au/hpa-services/borereport?bore=RN012565,0.6,1980-03-06 00:00:00.0,34,0,0,"Production",,"Current",-22.365023,133.043332,53,298524,7525460,"Estimated",
"RN012564","RN 12564,(DUD). BEHIND HOMESTEAD.",http://www.ntlis.nt.gov.au/hpa-services/borereport?bore=RN012564,0.1,1980-03-04 00:00:00.0,61,0,0,"Production",,"Current",-22.38577,133.048907,53,299128,7523170,"Estimated",
"RN005567","130/57.5  #39 TI TREE GRID",http://www.ntlis.nt.gov.au/hpa-services/borereport?bore=RN005567,6,1966-08-18 00:00:00.0,249.9,0,0,"Investigation",,"Current",-22.249858,133.412668,53,336428,7538659,"Surveyed",
"RN014777","RN 14777 PBM BORE 300M (N) OF RN13781.",http://www.ntlis.nt.gov.au/hpa-services/borereport?bore=RN014777,9,1986-04-18 00:00:00.0,112,0,0,"Production",,"Current",-22.421529,133.366211,53,331846,7519600,"Surveyed",
"RN005330","127/100. #22 TI-TREE.",http://www.ntlis.nt.gov.au/hpa-services/borereport?bore=RN005330,0,1966-06-30 00:00:00.0,15.5,0,0,"Investigation",,"Current",-22.132786,133.405113,53,335513,7551613,"Surveyed",
"RN014122","Woodgreen Station",http://www.ntlis.nt.gov.au/hpa-services/borereport?bore=RN014122,1,1984-09-04 00:00:00.0,19,19,0,"Monitoring","Constructed&Capped","Current",-22.523872,133.989831,53,396113,7508835,"GPS",
"RN011680","Arimala Bore Woodgreen Station",http://www.ntlis.nt.gov.au/hpa-services/borereport?bore=RN011680,7,1977-11-05 00:00:00.0,50,0,0,"Production",,"Current",-22.512403,134.141228,53,411676,7510202,"Estimated",
"RN016087","Pine Hill Station Excision",http://www.ntlis.nt.gov.au/hpa-services/borereport?bore=RN016087,1.5,1994-06-03 00:00:00.0,55.2,54.7,37.2,"Production","Constructed&Capped","Current",-22.311966,133.4084,53,336060,7531778,"Surveyed",
"RN017352","Investigation Monitoring Bore Pine Hill Station",http://www.ntlis.nt.gov.au/hpa-services/borereport?bore=RN017352,15,1999-09-24 00:00:00.0,91.5,91.9,17.3,"Investigation","Constructed&Capped","Current",-22.328681,133.5634,53,352046,7530087,"Surveyed",
"RN010578","TI TREE WELL ABD 3M (N) OF STOCK ROUTE BORE.",http://www.ntlis.nt.gov.au/hpa-services/borereport?bore=RN010578,,,10.7,0,,"Unknown",,"Current",-22.132716,133.413908,53,336420,7551630,"Estimated",
"RN017351","Pine Hill Station",http://www.ntlis.nt.gov.au/hpa-services/borereport?bore=RN017351,2,1999-09-23 00:00:00.0,85.6,80.4,29.7,"Monitoring","Constructed&Capped","Current",-22.476125,133.5237,53,348117,7513723,"GPS",
"RN017350","Investigation Bore Pine Hill Station",http://www.ntlis.nt.gov.au/hpa-services/borereport?bore=RN017350,4,1999-09-21 00:00:00.0,97.1,96.5,0,"Investigation","Constructed&Capped","Current",-22.435884,133.52189,53,347887,7518177,"Surveyed",
"RN013646","MT LUCY BORE            (MON0) 20 KM E OF AILERON PUB",http://www.ntlis.nt.gov.au/hpa-services/borereport?bore=RN013646,0.9,1983-02-13 00:00:00.0,55,0,0,"Production",,"Current",-22.642267,133.543695,53,350354,7495348,"GPS",
"RN013647","OLD ALBIES             (MILL) 24K WEST OF AILERON HOMES",http://www.ntlis.nt.gov.au/hpa-services/borereport?bore=RN013647,3,1983-02-14 00:00:00.0,36,0,0,"Production",,"Current",-22.638903,133.206375,53,315680,7495342,"GPS",
"RN017353","Alcoota - Ahakeye Land Trust",http://www.ntlis.nt.gov.au/hpa-services/borereport?bore=RN017353,10,1999-09-29 00:00:00.0,72.7,72.7,12.8,"Monitoring","Constructed&Capped","Current",-22.29721,133.808171,53,377230,7533791,"GPS",
"RN010553","RN10552.(DUD) 10KM (W) OF WATERLOO BORE.",http://www.ntlis.nt.gov.au/hpa-services/borereport?bore=RN010553,0.2,1940-01-01 00:00:00.0,30.5,0,0,"Production",,"Current",-22.160918,133.110755,53,305186,7548150,"Estimated",
"RN010555","COPPOCK BORE 13KM (N) OF STUARTS WELL.",http://www.ntlis.nt.gov.au/hpa-services/borereport?bore=RN010555,0,1950-01-01 00:00:00.0,91.5,0,0,"Production",,"Current",-22.126132,133.651935,53,360966,7552596,"GPS",
"RN010554","RN10554.(DUD) 10KM (SW) OF WATERLOO BORE.",http://www.ntlis.nt.gov.au/hpa-services/borereport?bore=RN010554,0.2,1940-01-01 00:00:00.0,30.5,0,0,"Production",,"Current",-22.243323,133.120856,53,306341,7539038,"Estimated",
"RN017596","Alcoota - Bushy Park Station",http://www.ntlis.nt.gov.au/hpa-services/borereport?bore=RN017596,4,2001-08-15 00:00:00.0,88.8,67.1,39.27,"Monitoring","Constructed&Capped","Current",-22.623752,133.850627,53,381881,7497674,"GPS",
"RN013871","Monitoring Bore Pine Hill Station",http://www.ntlis.nt.gov.au/hpa-services/borereport?bore=RN013871,2,1983-08-19 00:00:00.0,52,52,41,"Monitoring","Constructed&Capped","Current",-22.520748,133.677035,53,363938,7508930,"GPS",
"RN014113","Pine Hill Station",http://www.ntlis.nt.gov.au/hpa-services/borereport?bore=RN014113,15,1984-11-13 00:00:00.0,98,0,0,"Monitoring","Constructed&Capped","Current",-22.517367,133.728311,53,369209,7509350,"GPS",
"RN014114","WRB INV 5.5KM (E) OF RN13695.",http://www.ntlis.nt.gov.au/hpa-services/borereport?bore=RN014114,20,1984-11-28 00:00:00.0,97.6,0,0,"Investigation",,"Current",-22.516748,133.652085,53,361368,7509350,"Surveyed",
"RN013014","JOB AEA 0017. 84.9m (NW) OF ANNULICA BORE.",http://www.ntlis.nt.gov.au/hpa-services/borereport?bore=RN013014,0.5,1981-05-16 00:00:00.0,73,0,0,"Production",,"Current",-22.137062,133.324531,53,327206,7551050,"Surveyed",
"RN014112","Pine Hill Station",http://www.ntlis.nt.gov.au/hpa-services/borereport?bore=RN014112,15,1984-11-10 00:00:00.0,60,0,0,"Monitoring","Constructed&Capped","Current",-22.458935,133.728164,53,369139,7515819,"GPS",
"RN017349","Investigation Bore Pine Hill Station",http://www.ntlis.nt.gov.au/hpa-services/borereport?bore=RN017349,5,1999-09-18 00:00:00.0,91.5,64.4,41,"Investigation","Constructed&Capped","Current",-22.383897,133.446925,53,340111,7523855,"Surveyed",
"RN017348","Investigation Bore Pine Hill Station",http://www.ntlis.nt.gov.au/hpa-services/borereport?bore=RN017348,5,1999-09-16 00:00:00.0,91.3,84.2,42,"Investigation","Constructed&Capped","Current",-22.404611,133.447632,53,340208,7521562,"Surveyed",
"RN017606","Investigation Bore Abandoned Ti Tree Area",http://www.ntlis.nt.gov.au/hpa-services/borereport?bore=RN017606,0.4,2002-11-04 00:00:00.0,67.6,0,0,"Investigation","Backfilled","Historical",-22.185497,133.463756,53,341621,7545839,"GPS",
"RN017601","Ti Tree Area Abandoned Investigation Bore",http://www.ntlis.nt.gov.au/hpa-services/borereport?bore=RN017601,6.5,2002-09-26 00:00:00.0,67,0,14,"Investigation","Backfilled","Historical",-22.194916,133.429504,53,338100,7544760,"GPS",
"RN017600","Ti Tree Area Abandoned Investigation Bore",http://www.ntlis.nt.gov.au/hpa-services/borereport?bore=RN017600,0.6,2002-09-25 00:00:00.0,67.7,0,9,"Investigation","Backfilled","Historical",-22.163604,133.43247,53,338370,7548230,"GPS",
"RN014115","Pine Hill Station",http://www.ntlis.nt.gov.au/hpa-services/borereport?bore=RN014115,15,1984-11-16 00:00:00.0,83,0,0,"Monitoring","Constructed&Capped","Current",-22.565503,133.614854,53,357588,7503917,"GPS",
"RN017599","Ti Tree Area Abandoned Investigation Bore",http://www.ntlis.nt.gov.au/hpa-services/borereport?bore=RN017599,18,2002-09-24 00:00:00.0,31.1,0,10.9,"Investigation","Backfilled","Historical",-22.175605,133.431368,53,338270,7546900,"GPS",
"RN017605","Investigation Monitoring Bore Ti Tree Area",http://www.ntlis.nt.gov.au/hpa-services/borereport?bore=RN017605,6,2002-11-02 00:00:00.0,87,60,12.4,"Investigation","Constructed&Capped","Current",-22.18367,133.450121,53,340213,7546027,"GPS",
"RN017223","Investigation Bore Dud Territory Grape Farm",http://www.ntlis.nt.gov.au/hpa-services/borereport?bore=RN017223,,1997-06-25 00:00:00.0,70.2,0,,"Investigation","Backfilled","Historical",-22.458858,133.65846,53,361966,7515765,"Surveyed",
"RN018141","Investigation Monitoring Bore Arden Soak Pine Hill Stn",http://www.ntlis.nt.gov.au/hpa-services/borereport?bore=RN018141,,2011-12-05 00:00:00.0,6.1,6.1,,"Investigation","Constructed&Capped","Current",-22.346241,133.32723,53,327740,7527892,"GPS",
"RN017222","Observation Bore Nturiya East",http://www.ntlis.nt.gov.au/hpa-services/borereport?bore=RN017222,20,1997-05-08 00:00:00.0,54.8,53.5,0,"Investigation","Constructed&Capped","Current",-22.146507,133.323876,53,327150,7550003,"Surveyed",
"RN013523","CDA 109M 6"CASING 2.7K EAST OF RN13466.",http://www.ntlis.nt.gov.au/hpa-services/borereport?bore=RN013523,10,1982-08-14 00:00:00.0,109,80,0,"Production",,"Current",-22.683773,133.785114,53,375202,7490976,"Surveyed",
"RN017221","Production Bore Nturiya East",http://www.ntlis.nt.gov.au/hpa-services/borereport?bore=RN017221,20,1997-05-09 00:00:00.0,114.7,114.4,6.31,"Production","Constructed&Capped","Current",-22.146495,133.32374,53,327135,7550005,"Surveyed",
"RN017220","Investigation Bore Dud Nturiya East",http://www.ntlis.nt.gov.au/hpa-services/borereport?bore=RN017220,10,1997-04-21 00:00:00.0,93.1,0,,"Investigation","Backfilled","Historical",-22.151214,133.322947,53,327059,7549481,"Surveyed",
"RN017227","Observation Bore Territory Grape Farm",http://www.ntlis.nt.gov.au/hpa-services/borereport?bore=RN017227,0.5,1997-06-25 00:00:00.0,78.8,67.7,21.2,"Monitoring","Constructed&Capped","Current",-22.47415,133.642267,53,360315,7514057,"Surveyed",
"RN043740","6300 Stuart Highway",http://www.ntlis.nt.gov.au/hpa-services/borereport?bore=RN043740,0.03,2023-07-29 14:49:59.0,39.5,39,,,"Constructed&Capped","Current",-22.58603,133.243384,53,319415,7501242,,
"RN017226","Observation Bore Territory Grape Farm",http://www.ntlis.nt.gov.au/hpa-services/borereport?bore=RN017226,9,1997-06-23 00:00:00.0,78,54.1,21.4,"Monitoring","Constructed&Capped","Current",-22.450587,133.657626,53,361872,7516680,"Surveyed",
"RN017225","Monitoring Bore Territory Grape Farm",http://www.ntlis.nt.gov.au/hpa-services/borereport?bore=RN017225,2,1997-06-23 00:00:00.0,84.8,54.1,16.82,"Monitoring","Constructed&Capped","Current",-22.437195,133.646066,53,360669,7518152,"GPS",
"RN018139","Investigation Monitoring Bore Pine Hill Station",http://www.ntlis.nt.gov.au/hpa-services/borereport?bore=RN018139,12,2011-12-02 00:00:00.0,72,67.6,,"Investigation","Constructed&Capped","Current",-22.325661,133.72826,53,369024,7530574,"GPS",
"RN017224","Production Bore Nturiya East",http://www.ntlis.nt.gov.au/hpa-services/borereport?bore=RN017224,2.3,1997-05-17 00:00:00.0,100.2,100.2,8.2,"Production","Constructed&Capped","Current",-22.154468,133.322471,53,327014,7549120,"Surveyed",
"RN018140","Investigation Monitoring Bore Pine Hill Station",http://www.ntlis.nt.gov.au/hpa-services/borereport?bore=RN018140,2.8,2011-12-03 00:00:00.0,34.6,27.1,,"Investigation","Constructed&Capped","Current",-22.325543,133.728231,53,369021,7530587,"GPS",
"RN043743","6300 Stuart Highway",http://www.ntlis.nt.gov.au/hpa-services/borereport?bore=RN043743,,2023-07-31 15:42:19.0,51,51,,,"Constructed&Capped","Current",-22.573938,133.22124,53,317122,7502554,,
"RN043742","6300 Stuart Highway",http://www.ntlis.nt.gov.au/hpa-services/borereport?bore=RN043742,0.1,2023-07-30 11:50:55.0,39,39,,,"Constructed&Capped","Current",-22.578023,133.229706,53,317998,7502112,,
"RN043741","6300 Stuart Highway",http://www.ntlis.nt.gov.au/hpa-services/borereport?bore=RN043741,0.1,2023-07-28 15:13:42.0,42.5,42.5,,,"Constructed&Capped","Current",-22.583976,133.23566,53,318618,7501460,,
"RN017219","Investigation Bore Dud Nturiya East",http://www.ntlis.nt.gov.au/hpa-services/borereport?bore=RN017219,17,1997-04-17 00:00:00.0,143.5,0,,"Investigation","Backfilled","Historical",-22.146407,133.333492,53,328141,7550025,"Surveyed",
"RN013522","1\82 JOB CDA 94M DRY DUD 9K SOUTH OF MAJORCA RN 11764",http://www.ntlis.nt.gov.au/hpa-services/borereport?bore=RN013522,0,1982-08-13 00:00:00.0,94,0,0,"Production",,"Current",-22.712794,133.757489,53,372391,7487739,"GPS",
"RN017228","Production Bore Territory Grape Farm",http://www.ntlis.nt.gov.au/hpa-services/borereport?bore=RN017228,20,1997-08-29 00:00:00.0,61,57.6,21,"Production","Constructed&Capped","Current",-22.474195,133.642257,53,360314,7514052,"GPS",
"RN001832","D/R 1440 BORE  NOT USED 14K BY RD N/W OF PLEW RN 1131",http://www.ntlis.nt.gov.au/hpa-services/borereport?bore=RN001832,1.8,1958-11-13 00:00:00.0,56.4,0,0,"Production",,"Current",-22.68425,134.160119,53,413727,7491189,"GPS",
"RN016948","Production Bore Lot 3706 Ti Tree Farm",http://www.ntlis.nt.gov.au/hpa-services/borereport?bore=RN016948,5,1999-05-13 00:00:00.0,67,67,27.2,"Production","Equipped-Electrical","Current",-22.244823,133.411514,53,336303,7539215,"GPS",
"RN019300","Roads Production Bore Stirling Station (Very Salty)",http://www.ntlis.nt.gov.au/hpa-services/borereport?bore=RN019300,5,2016-02-07 00:00:00.0,24,24,4.8,"Production","Constructed&Capped","Current",-21.811942,133.704902,53,366135,7587426,"GPS",
"RN019301","Roads Production Bore Stirling Station",http://www.ntlis.nt.gov.au/hpa-services/borereport?bore=RN019301,10,2016-02-08 00:00:00.0,66,66,14.7,"Production","Constructed&Capped","Current",-21.864707,133.619657,53,357375,7581508,"GPS",
"RN016908","Waterloo Bore Stock Ti Tree Station",http://www.ntlis.nt.gov.au/hpa-services/borereport?bore=RN016908,5,1999-02-24 00:00:00.0,71.4,71.4,22,"Production","Constructed&Capped","Current",-22.178875,133.197222,53,314128,7546270,"Estimated",
"RN016907","Western Bore Stock Ti Tree Station",http://www.ntlis.nt.gov.au/hpa-services/borereport?bore=RN016907,0.6,1999-02-23 00:00:00.0,78,78,23.5,"Production","Constructed&Capped","Current",-22.088898,133.227826,53,317168,7556270,"GPS",
"RN001847","D/R NO2 ALOOLYA BORE 10KM (W) OF ARDEN SOAK.",http://www.ntlis.nt.gov.au/hpa-services/borereport?bore=RN001847,0.9,1959-02-10 00:00:00.0,125,0,0,"Production",,"Current",-22.319191,133.237492,53,318462,7530782,"Estimated",
"RN001846","D/R 1ST ATT.(ABD) PINE HILL.",http://www.ntlis.nt.gov.au/hpa-services/borereport?bore=RN001846,0,1959-01-07 00:00:00.0,128,0,0,"Production",,"Current",-22.332548,133.237528,53,318483,7529303,"Estimated",
"RN001602","BLUE BUSH BORE(ABANDONED) 2KM (W) OF RN13434.",http://www.ntlis.nt.gov.au/hpa-services/borereport?bore=RN001602,2.5,1946-01-01 00:00:00.0,72.2,0,0,"Production",,"Current",-22.251139,133.074991,53,301624,7538113,"Estimated",
"RN001601","STN STOCK WELL. (ABANDONED) 1.5KM (N) OF HOMESTEAD.",http://www.ntlis.nt.gov.au/hpa-services/borereport?bore=RN001601,0,1938-01-01 00:00:00.0,21.3,0,0,"Production",,"Current",-22.375305,133.057209,53,299968,7524340,"Estimated",
"RN001600","HOMESTEAD WELL.(ABD) 500M (NW) OF HOMESTEAD.",http://www.ntlis.nt.gov.au/hpa-services/borereport?bore=RN001600,,,3,0,,"Production","Abandoned","Historical",-22.381136,133.050282,53,299263,7523685,"Estimated",
"RN015461","Angula Outstation Bore",http://www.ntlis.nt.gov.au/hpa-services/borereport?bore=RN015461,20,1989-06-20 00:00:00.0,36,0,15.2,"Unknown",,"Current",-22.450919,134.21517,53,419246,7517050,"Estimated",
"RN018374","Willowra Road Bore",http://www.ntlis.nt.gov.au/hpa-services/borereport?bore=RN018374,0.1,2008-02-27 00:00:00.0,54,0,,"Production","Constructed&Capped","Current",-21.899993,133.301938,53,324583,7577273,"Estimated",
"RN018133","Investigation Monitoring Bore Pine Hill Station",http://www.ntlis.nt.gov.au/hpa-services/borereport?bore=RN018133,8,2011-11-22 00:00:00.0,78.3,72.1,,"Investigation","Constructed&Capped","Current",-22.515145,133.608133,53,356845,7509486,"GPS",
"RN017216","Investigation Bore Dud Nturiya East",http://www.ntlis.nt.gov.au/hpa-services/borereport?bore=RN017216,2.9,1997-04-04 00:00:00.0,60.8,0,,"Investigation","Backfilled","Historical",-22.13589,133.321115,53,326852,7551176,"Surveyed",
"RN017215","Monitoring Bore Nturiya East",http://www.ntlis.nt.gov.au/hpa-services/borereport?bore=RN017215,20,1997-03-27 00:00:00.0,107.4,75,,"Monitoring","Constructed&Capped","Current",-22.146453,133.3236,53,327121,7550009,"GPS",
"RN017214","Investigation Bore Dud Nturiya East",http://www.ntlis.nt.gov.au/hpa-services/borereport?bore=RN017214,7.1,1997-03-25 00:00:00.0,101.3,0,,"Investigation","Backfilled","Historical",-22.146317,133.332519,53,328041,7550034,"Surveyed",
"RN018370","Willowra Road Bore",http://www.ntlis.nt.gov.au/hpa-services/borereport?bore=RN018370,,2008-02-24 00:00:00.0,42,0,,"Production","Constructed&Capped","Current",-21.899466,133.303367,53,324730,7577333,"Estimated",
"RN017213","Investigation Bore Dud Nturiya East Ti Tree Station",http://www.ntlis.nt.gov.au/hpa-services/borereport?bore=RN017213,0.5,1997-04-03 00:00:00.0,107.4,0,,"Investigation","Backfilled","Historical",-22.146142,133.327764,53,327550,7550048,"Surveyed",
"RN018371","Willowra Road Bore",http://www.ntlis.nt.gov.au/hpa-services/borereport?bore=RN018371,0.1,2008-02-25 00:00:00.0,60,0,,"Production","Constructed&Capped","Current",-21.911014,133.293426,53,323717,7576043,"Estimated",
"RN043454","6300 Stuart Hwy, NT Portion 703",http://www.ntlis.nt.gov.au/hpa-services/borereport?bore=RN043454,,2023-06-10 00:00:00.0,32,32,,,,"Current",-22.663588,133.203583,53,315426,7492605,"GPS",
"RN043453","6300 Stuart Hwy",http://www.ntlis.nt.gov.au/hpa-services/borereport?bore=RN043453,,2023-06-08 00:00:00.0,25,25,,,,"Current",-22.662013,133.196024,53,314647,7492770,"GPS",
"RN043452","6300 Stuart HWY",http://www.ntlis.nt.gov.au/hpa-services/borereport?bore=RN043452,,2023-06-06 00:00:00.0,26,20,,,"Constructed&Capped","Current",-22.681482,133.194737,53,314541,7490613,"GPS",
"RN001605","SANDY CREEK WELL.(FILLED IN) 54M (WNW) OF MILL.",http://www.ntlis.nt.gov.au/hpa-services/borereport?bore=RN001605,,,21.3,0,,"Production","Abandoned","Historical",-22.396406,133.133605,53,307865,7522103,"Estimated",
"RN001604","HAWK NEST BORE. 12KM (WNW) OF ALOOLYA.",http://www.ntlis.nt.gov.au/hpa-services/borereport?bore=RN001604,,,78,0,,"Production","Equipped","Current",-22.291497,133.156838,53,310115,7533749,"Estimated",
"RN001603","BLUE BUSH BORE NO2.(ABANDONED) 2KM (W) OF RN13434.",http://www.ntlis.nt.gov.au/hpa-services/borereport?bore=RN001603,,,73.2,0,,"Production","Abandoned","Historical",-22.251139,133.074991,53,301624,7538113,"Estimated",
"RN001856","POLICE STATION. TI-TREE.",http://www.ntlis.nt.gov.au/hpa-services/borereport?bore=RN001856,3.5,1958-10-05 00:00:00.0,10.7,0,0,"Production",,"Current",-22.129587,133.417288,53,336765,7551980,"Estimated",
"RN018138","Investigation Monitoring Bore Pine Hill Station",http://www.ntlis.nt.gov.au/hpa-services/borereport?bore=RN018138,1.2,2011-12-01 00:00:00.0,33,28.5,,"Investigation","Constructed&Capped","Current",-22.36152,133.728216,53,369053,7526604,"GPS",
"RN017218","Nturiya East",http://www.ntlis.nt.gov.au/hpa-services/borereport?bore=RN017218,13,1997-05-15 00:00:00.0,102.5,66.7,0,"Monitoring","Constructed&Capped","Current",-22.154469,133.322351,53,327002,7549120,"GPS",https://ntg.aquaticinformatics.net/AQWebportal/Data/Location/Summary/Location/RN017218/Interval/Latest
"RN017217","Investigation Bore Dud Nturiya East",http://www.ntlis.nt.gov.au/hpa-services/borereport?bore=RN017217,7,1997-04-08 00:00:00.0,105.6,0,,"Investigation","Backfilled","Historical",-22.138214,133.329677,53,327738,7550928,"Surveyed",
"RN018134","Investigation Monitoring Bore Pine Hill Station",http://www.ntlis.nt.gov.au/hpa-services/borereport?bore=RN018134,2,2011-11-24 00:00:00.0,51.3,49.8,,"Investigation","Constructed&Capped","Current",-22.515367,133.637266,53,359842,7509489,"GPS",
"RN018135","Investigation Monitoring Bore Pine Hill Station",http://www.ntlis.nt.gov.au/hpa-services/borereport?bore=RN018135,3.3,2011-11-25 00:00:00.0,78.3,69,,"Investigation","Constructed&Capped","Current",-22.522248,133.691477,53,365425,7508777,"GPS",
"RN018136","Investigation Monitoring Bore Pine Hill Station",http://www.ntlis.nt.gov.au/hpa-services/borereport?bore=RN018136,0.6,2011-11-26 00:00:00.0,42.3,42,,"Investigation","Constructed&Capped","Current",-22.522365,133.691428,53,365420,7508764,"GPS",
"RN018137","Investigation Monitoring Bore Pine Hill Station",http://www.ntlis.nt.gov.au/hpa-services/borereport?bore=RN018137,7,2011-11-29 00:00:00.0,66.7,52.5,,"Investigation","Constructed&Capped","Current",-22.361574,133.728167,53,369048,7526598,"GPS",
"RN043687","NT Portion 703 Stuart Hwy, Anmatjere",http://www.ntlis.nt.gov.au/hpa-services/borereport?bore=RN043687,0.1,2023-08-04 13:18:52.0,33.5,33.5,8.99,,"Constructed&Capped","Current",-22.566895,133.239456,53,318986,7503356,"GPS",
"RN012624","KEROSENE DUPLICATE PINE HILL STN.",http://www.ntlis.nt.gov.au/hpa-services/borereport?bore=RN012624,1.1,1980-03-15 00:00:00.0,58,0,0,"Production",,"Current",-22.494742,133.221661,53,317061,7511324,"Estimated",
"RN043686","NT Portion 703 Stuart Hwy, Anmatjere",http://www.ntlis.nt.gov.au/hpa-services/borereport?bore=RN043686,0.3,2023-08-02 13:03:42.0,30,30,12.83,,"Constructed&Capped","Current",-22.574653,133.241924,53,319250,7502500,"GPS",
"RN018587","Dud Monitoring Bore Stirling Swamp Stirling Station",http://www.ntlis.nt.gov.au/hpa-services/borereport?bore=RN018587,,2012-05-26 00:00:00.0,3,0,,"Investigation","Backfilled","Historical",-21.753483,133.704257,53,366014,7593897,"GPS",
"RN043685","6300 Stuart Hwy, Anmitjere",http://www.ntlis.nt.gov.au/hpa-services/borereport?bore=RN043685,0.02,2023-06-23 15:09:50.0,57,56.4,23.2,,"Constructed&Capped","Current",-22.641197,133.236554,53,318785,7495125,"GPS",
"RN012626","Advice Bore 63/10 Pine Hill Station",http://www.ntlis.nt.gov.au/hpa-services/borereport?bore=RN012626,7.6,1980-03-17 00:00:00.0,60,60,0,"Production",,"Current",-22.285341,133.423526,53,337588,7534742,"Surveyed",
"RN043689","NT Portion 703 Stuart Hwy, Anmatjere",http://www.ntlis.nt.gov.au/hpa-services/borereport?bore=RN043689,0.7,2023-08-06 13:55:21.0,39.5,39.5,19.3,,"Constructed&Capped","Current",-22.584658,133.258437,53,320961,7501412,"GPS",
"RN043688","NT Portion 703 Stuart Hwy, Anmatjere",http://www.ntlis.nt.gov.au/hpa-services/borereport?bore=RN043688,0.7,2023-08-05 13:41:35.0,34,34,14.33,,"Constructed&Capped","Current",-22.575904,133.251468,53,320233,7502373,"GPS",
"RN001618","NO4 WELL ABD SALTY (NOT FOUND) TI TREE.",http://www.ntlis.nt.gov.au/hpa-services/borereport?bore=RN001618,,,0,0,,"Production","Abandoned","Historical",-22.225393,133.775547,53,373805,7541715,"Estimated",
"RN001617","No3 WELL  (WOOLLA DOWNS). TI-TREE.  (NOT FOUND)13",http://www.ntlis.nt.gov.au/hpa-services/borereport?bore=RN001617,,,0,0,,"Production","Abandoned","Historical",-22.184851,133.829349,53,379316,7546247,"Estimated",
"RN001616","No2 PRICES WELL. ABD TI-TREE.",http://www.ntlis.nt.gov.au/hpa-services/borereport?bore=RN001616,,,0,0,,"Production","Abandoned","Historical",-22.178897,133.899162,53,386509,7546960,"GPS",
"RN001615","Monitored Well Old Woolla Downs Homestead Well",http://www.ntlis.nt.gov.au/hpa-services/borereport?bore=RN001615,1.3,1937-01-01 00:00:00.0,12.2,0,0,"Monitoring","Constructed&Capped","Current",-22.195611,133.864222,53,382920,7545083,"GPS",
"RN014582","DUD 1.9KM (W) OF RN14701.",http://www.ntlis.nt.gov.au/hpa-services/borereport?bore=RN014582,0,1985-10-26 00:00:00.0,27,0,0,"Production",,"Current",-22.487685,134.029244,53,400141,7512868,"Estimated",
"RN014583","NEW AYUDA BORE 2KM (N) OF RN13544.",http://www.ntlis.nt.gov.au/hpa-services/borereport?bore=RN014583,5,1985-10-26 00:00:00.0,27,0,0,"Production",,"Current",-22.400422,133.899087,53,386680,7522436,"GPS",
"RN018344","Angula Mulga Bore Aboriginal Community",http://www.ntlis.nt.gov.au/hpa-services/borereport?bore=RN018344,0.4,2008-08-19 00:00:00.0,49.2,49.2,13.84,"Unknown","Constructed&Capped","Current",-22.450793,134.215955,53,419327,7517064,"GPS",
"RN018594","Ti Tree Area",http://www.ntlis.nt.gov.au/hpa-services/borereport?bore=RN018594,25,2010-06-28 00:00:00.0,345.3,271.8,29.7,"Monitoring","Constructed&Capped","Current",-22.282629,133.416978,53,336910,7535035,"GPS",https://ntg.aquaticinformatics.net/AQWebportal/Data/Location/Summary/Location/RN018594/Interval/Latest
"RN015683","TI-TREE FARM BLOCK NO 3704 200M (E) OF RN15682.",http://www.ntlis.nt.gov.au/hpa-services/borereport?bore=RN015683,5,1990-01-17 00:00:00.0,54,0,0,"Production",,"Current",-22.250854,133.414791,53,336648,7538551,"GPS",
"RN018345","Angula Mulga Bore Aboriginal Community",http://www.ntlis.nt.gov.au/hpa-services/borereport?bore=RN018345,2.9,2008-08-21 00:00:00.0,73.4,68,16.43,"Unknown","Constructed&Capped","Current",-22.449058,134.206674,53,418371,7517251,"GPS",
"RN015682","Kahl Farm Lot 3703 Production Bore Ti Tree",http://www.ntlis.nt.gov.au/hpa-services/borereport?bore=RN015682,7.3,1990-01-16 00:00:00.0,52,0,0,"Production",,"Current",-22.250627,133.413049,53,336468,7538574,"Surveyed",
"RN015684","RN15684.TI-TREE FARMS BLOCK--- 3705.20M (N) OF (S) BOUN",http://www.ntlis.nt.gov.au/hpa-services/borereport?bore=RN015684,3.3,1990-01-17 00:00:00.0,52,0,0,"Production",,"Current",-22.251012,133.418011,53,336980,7538537,"GPS",
"RN018600","Investigation Monitoring Bore Arden Soak",http://www.ntlis.nt.gov.au/hpa-services/borereport?bore=RN018600,1,2011-05-11 00:00:00.0,5.2,5,1.4,"Investigation","Constructed&Capped","Current",-22.346195,133.327201,53,327737,7527897,"GPS",
"RN018601","Investigation Monitoring Bore Arden Soak",http://www.ntlis.nt.gov.au/hpa-services/borereport?bore=RN018601,,2011-05-12 00:00:00.0,9,9,,"Investigation","Constructed&Capped","Current",-22.346124,133.327328,53,327750,7527905,"GPS",
"RN018602","Investigation Monitoring Bore Arden Soak",http://www.ntlis.nt.gov.au/hpa-services/borereport?bore=RN018602,,2011-05-13 00:00:00.0,12,9,,"Investigation","Constructed&Capped","Current",-22.34658,133.332148,53,328247,7527860,"GPS",
"RN018603","Investigation Monitoring Bore Arden Soak",http://www.ntlis.nt.gov.au/hpa-services/borereport?bore=RN018603,3.7,2011-05-16 00:00:00.0,60.8,59.6,36.71,"Investigation","Constructed&Capped","Current",-22.309568,133.337315,53,328734,7531964,"GPS",
"RN019494","Irrigation Production Bore Oolloo Farm",http://www.ntlis.nt.gov.au/hpa-services/borereport?bore=RN019494,14,2017-07-15 00:00:00.0,72,68.5,10.6,"Production","Constructed&Capped","Current",-22.339317,133.668568,53,362889,7529009,"GPS",
"RN016899","Investigation Observation Bore Territory Grape Farm",http://www.ntlis.nt.gov.au/hpa-services/borereport?bore=RN016899,10,1997-08-30 00:00:00.0,66,66,21,"Investigation","Constructed&Capped","Current",-22.458875,133.651774,53,361278,7515757,"Surveyed",
"RN015685","Wedgetail Farm Lot 1997 Ti Tree Production Bore",http://www.ntlis.nt.gov.au/hpa-services/borereport?bore=RN015685,6.5,1990-01-18 00:00:00.0,49,0,0,"Production",,"Current",-22.242813,133.424052,53,337593,7539451,"GPS",
"RN043680","6300 Stuart Hwy, Anmitjere",http://www.ntlis.nt.gov.au/hpa-services/borereport?bore=RN043680,0.01,2023-06-17 10:55:24.0,26,26,19.3,,"Constructed&Capped","Current",-22.654742,133.228257,53,317950,7493615,"GPS",
"RN043684","6300 Stuart Hwy, Anmitjere",http://www.ntlis.nt.gov.au/hpa-services/borereport?bore=RN043684,0.05,2023-06-20 14:12:54.0,43.5,41.9,20.3,,,"Current",-22.649744,133.233672,53,318500,7494175,"GPS",
"RN043683","6300 Stuart Hwy, Anmitjere",http://www.ntlis.nt.gov.au/hpa-services/borereport?bore=RN043683,0.3,2023-06-20 13:46:57.0,39.5,39,23.2,,"Constructed&Capped","Current",-22.649275,133.226332,53,317745,7494218,"GPS",
"RN043682","6300 Stuart Hwy, Anmitjere",http://www.ntlis.nt.gov.au/hpa-services/borereport?bore=RN043682,,2023-06-19 11:59:43.0,17,16.5,,,"Constructed&Capped","Current",-22.659685,133.223698,53,317488,7493062,"GPS",
"RN043681","6300 Stuart Hwy, Anmitjere",http://www.ntlis.nt.gov.au/hpa-services/borereport?bore=RN043681,,2023-06-18 11:37:33.0,23,22.4,,,"Constructed&Capped","Current",-22.654832,133.228275,53,317952,7493605,"GPS",
"RN016902","Lot 3288 Wedgetail Farm Replacement Bore Ti Tree Farms",http://www.ntlis.nt.gov.au/hpa-services/borereport?bore=RN016902,4,1997-11-07 00:00:00.0,76.5,76.5,27,"Production","Equipped","Current",-22.248372,133.419779,53,337159,7538831,"GPS",
"RN016901","Investigation Observation Bore Territory Grape Farm",http://www.ntlis.nt.gov.au/hpa-services/borereport?bore=RN016901,10,1997-08-31 00:00:00.0,66,66,21,"Investigation","Observation","Current",-22.438115,133.639519,53,359996,7518044,"Surveyed",
"RN016900","Investigation Observation Bore Territory Grape Farm",http://www.ntlis.nt.gov.au/hpa-services/borereport?bore=RN016900,10,1997-08-31 00:00:00.0,66,66,22,"Investigation","Observation","Current",-22.4453,133.650778,53,361162,7517259,"Surveyed",
"RN018604","Investigation Monitoring Bore Arden Soak",http://www.ntlis.nt.gov.au/hpa-services/borereport?bore=RN018604,0.2,2011-05-16 00:00:00.0,2.4,2.4,1.25,"Investigation","Constructed&Capped","Current",-22.309307,133.337328,53,328735,7531993,"GPS",
"RN019495","Irrigation Production Bore Oolloo Farm",http://www.ntlis.nt.gov.au/hpa-services/borereport?bore=RN019495,25,2017-07-16 00:00:00.0,72,72,11.5,"Production","Constructed&Capped","Current",-22.342073,133.671989,53,363244,7528707,"GPS",
"RN018605","Investigation Monitoring Bore Arden Soak",http://www.ntlis.nt.gov.au/hpa-services/borereport?bore=RN018605,3.6,2011-05-18 00:00:00.0,60.7,55.7,36.95,"Investigation","Constructed&Capped","Current",-22.314291,133.33723,53,328731,7531441,"GPS",
"RN018356","Investigation Bore NTP 3636 Ti Tree Station",http://www.ntlis.nt.gov.au/hpa-services/borereport?bore=RN018356,5,2009-08-27 00:00:00.0,222,65.2,31.96,"Investigation","Constructed&Capped","Current",-22.268831,133.413523,53,336538,7536559,"GPS",
"RN018606","Investigation Monitoring Bore Arden Soak",http://www.ntlis.nt.gov.au/hpa-services/borereport?bore=RN018606,0.4,2011-05-19 00:00:00.0,2.1,2.1,1.01,"Investigation","Constructed&Capped","Current",-22.387577,133.307274,53,325736,7523292,"GPS",
"RN015042","TI-TREE CAMP DRAFT BORE 200M (NE) OF TI-TREE SCHOOL.",http://www.ntlis.nt.gov.au/hpa-services/borereport?bore=RN015042,0.5,1987-08-17 00:00:00.0,12.2,0,0,"Production",,"Current",-22.12695,133.420786,53,337123,7552276,"GPS",
"RN013463","WRB INV OBS 2"GWP 1K WEST OF ROADS RN 13523",http://www.ntlis.nt.gov.au/hpa-services/borereport?bore=RN013463,6,1982-08-25 00:00:00.0,83.7,0,0,"Investigation",,"Current",-22.683902,133.774161,53,374077,7490952,"GPS",
"RN014556","Kahl Farm Lot 1998 Production Bore Ti Tree",http://www.ntlis.nt.gov.au/hpa-services/borereport?bore=RN014556,10,1985-08-26 00:00:00.0,60,0,0,"Production",,"Current",-22.244992,133.420545,53,337234,7539206,"GPS",
"RN013464","WRB INV OBS 2"PVC& 8"STEEL 750M SOUTH OF RN 13523",http://www.ntlis.nt.gov.au/hpa-services/borereport?bore=RN013464,2,1982-08-26 00:00:00.0,156.9,0,0,"Investigation",,"Current",-22.689896,133.788532,53,375559,7490300,"Surveyed",
"RN013461","Ti Tree Area",http://www.ntlis.nt.gov.au/hpa-services/borereport?bore=RN013461,8,1982-08-23 00:00:00.0,51,51,0,"Monitoring","Constructed&Capped","Current",-22.222341,133.435572,53,338757,7541730,"GPS",https://ntg.aquaticinformatics.net/AQWebportal/Data/Location/Summary/Location/RN013461/Interval/Latest
"RN013462","Ti Tree Area",http://www.ntlis.nt.gov.au/hpa-services/borereport?bore=RN013462,3,1982-08-23 00:00:00.0,60.7,57,0,"Monitoring","Constructed&Capped","Current",-22.255769,133.443196,53,339581,7538037,"GPS",https://ntg.aquaticinformatics.net/AQWebportal/Data/Location/Summary/Location/RN013462/Interval/Latest
"RN014555","ALOOLYA DUPLICATE 50M (S) OF ALOOLYA BORE.",http://www.ntlis.nt.gov.au/hpa-services/borereport?bore=RN014555,7.6,1985-08-24 00:00:00.0,120,0,0,"Production",,"Current",-22.319191,133.237492,53,318462,7530782,"Estimated",
"RN003016","A4/1 5M DRY DUD            N/T OLD HOMESTEAD AREA",http://www.ntlis.nt.gov.au/hpa-services/borereport?bore=RN003016,0,1962-08-02 00:00:00.0,5.2,0,0,"Production",,"Current",-22.904178,133.924966,53,389747,7466685,"Estimated",
"RN016149","Bullocky Soak Replacement Bore Anningie Station",http://www.ntlis.nt.gov.au/hpa-services/borereport?bore=RN016149,1.3,1992-01-01 00:00:00.0,36.6,36.6,18.3,"Production","Equipped-Diesel","Current",-21.934315,133.525829,53,347753,7573712,"GPS",
"RN017418","Woodgreen Station",http://www.ntlis.nt.gov.au/hpa-services/borereport?bore=RN017418,7.1,2000-07-29 00:00:00.0,71.3,61.6,31.02,"Monitoring","Constructed&Capped","Current",-22.570508,133.898756,53,386784,7503606,"GPS",
"RN016148","Old Monitoring Bore Wilora Community (Now Production)",http://www.ntlis.nt.gov.au/hpa-services/borereport?bore=RN016148,2,1992-03-14 00:00:00.0,89.2,51.4,9.5,"Unknown","Constructed&Capped","Current",-21.733555,133.753453,53,371084,7596145,"GPS",
"RN013465","Aileron Station",http://www.ntlis.nt.gov.au/hpa-services/borereport?bore=RN013465,8,1982-08-31 00:00:00.0,147.8,0,0,"Monitoring","Constructed&Capped","Current",-22.67541,133.784663,53,375148,7491901,"GPS",
"RN016147","Old Monitoring Bore Wilora Community Stirling Station",http://www.ntlis.nt.gov.au/hpa-services/borereport?bore=RN016147,1.4,1992-03-13 00:00:00.0,27.8,27.8,9,"Production","Equipped","Current",-21.726573,133.76089,53,371847,7596924,"GPS",
"RN018327","Investigation Bore Arden Soak Pine Hill Station",http://www.ntlis.nt.gov.au/hpa-services/borereport?bore=RN018327,,2007-04-19 00:00:00.0,21.4,0,,"Investigation","Backfilled","Historical",-22.346587,133.32788,53,327807,7527854,"GPS",
"RN013466","Aileron Station",http://www.ntlis.nt.gov.au/hpa-services/borereport?bore=RN013466,2,1981-08-31 00:00:00.0,111,111,0,"Monitoring","Constructed&Capped","Current",-22.689218,133.759612,53,372587,7490351,"GPS",
"RN016146","Territory Grape Farm Production Bore",http://www.ntlis.nt.gov.au/hpa-services/borereport?bore=RN016146,0,1992-03-13 00:00:00.0,74,69.5,0,"Production","Equipped-Diesel","Current",-22.459225,133.634289,53,359479,7515702,"Surveyed",
"RN018328","Investigation Bore Arden Soak Pine Hill Station",http://www.ntlis.nt.gov.au/hpa-services/borereport?bore=RN018328,,2007-04-19 00:00:00.0,2.1,0,,"Investigation","Backfilled","Historical",-22.346453,133.327163,53,327733,7527868,"GPS",
"RN017419","Investigation Bore Woodgreen Station",http://www.ntlis.nt.gov.au/hpa-services/borereport?bore=RN017419,20,2000-08-01 00:00:00.0,85.7,80.3,26.83,"Investigation","Constructed&Capped","Current",-22.55155,133.864458,53,383242,7505678,"GPS",
"RN017421","Woodgreen Station",http://www.ntlis.nt.gov.au/hpa-services/borereport?bore=RN017421,10,2000-08-04 00:00:00.0,84.8,85.9,26.97,"Monitoring","Constructed&Capped","Current",-22.540861,133.8751,53,384327,7506870,"GPS",
"RN019730","Production Bore Oolloo Farm",http://www.ntlis.nt.gov.au/hpa-services/borereport?bore=RN019730,15,2018-07-24 00:00:00.0,72,71,10.8,"Production","Constructed&Capped","Current",-22.333941,133.669464,53,362976,7529605,"GPS",
"RN017420","Investigation Bore Woodgreen Station",http://www.ntlis.nt.gov.au/hpa-services/borereport?bore=RN017420,15,2000-08-02 00:00:00.0,79.6,49.3,19.93,"Investigation","Constructed&Capped","Current",-22.510462,133.870747,53,383854,7510232,"GPS",
"RN018329","Investigation Bore Arden Soak Pine Hill Station",http://www.ntlis.nt.gov.au/hpa-services/borereport?bore=RN018329,,2007-04-20 00:00:00.0,21.5,0,,"Investigation","Backfilled","Historical",-22.346218,133.327185,53,327735,7527894,"GPS",
"RN019731","Production Bore Oolloo Farm",http://www.ntlis.nt.gov.au/hpa-services/borereport?bore=RN019731,7,2018-07-25 00:00:00.0,72,72,11.7,"Production","Constructed&Capped","Current",-22.343925,133.66866,53,362903,7528499,"GPS",
"RN012612","WRB INV 24 KM S & 6.7 KM E OF TI-TREE",http://www.ntlis.nt.gov.au/hpa-services/borereport?bore=RN012612,0,1980-09-22 00:00:00.0,52.7,0,0,"Investigation",,"Current",-22.500829,133.411763,53,336628,7510870,"Estimated",
"RN018330","Investigation Bore Tin Fish Stirling Station",http://www.ntlis.nt.gov.au/hpa-services/borereport?bore=RN018330,,2007-04-21 00:00:00.0,8.8,8.7,,"Investigation","Constructed&Capped","Current",-21.905963,133.853741,53,381599,7577140,"GPS",
"RN018331","Investigation Bore Arden Soak Pine Hill Station",http://www.ntlis.nt.gov.au/hpa-services/borereport?bore=RN018331,,2007-04-23 00:00:00.0,21.5,0,,"Investigation","Backfilled","Historical",-22.348894,133.337066,53,328756,7527609,"GPS",
"RN017425","Investigation Bore Woodgreen Station",http://www.ntlis.nt.gov.au/hpa-services/borereport?bore=RN017425,14,2000-08-08 00:00:00.0,73.3,45,7.48,"Investigation","Constructed&Capped","Current",-22.394686,133.891238,53,385867,7523065,"GPS",
"RN017424","Investigation Bore Woodgreen Station",http://www.ntlis.nt.gov.au/hpa-services/borereport?bore=RN017424,1.3,2000-08-07 00:00:00.0,61.2,61,0,"Investigation","Constructed&Capped","Current",-22.470215,133.879369,53,384707,7514694,"GPS",
"RN004184","QUEENSLAND GULLY BORE U/S 3-5K S/E OF MT ESTHER RN 3248",http://www.ntlis.nt.gov.au/hpa-services/borereport?bore=RN004184,,,34.1,0,,"Unknown",,"Current",-21.933887,133.398937,53,334645,7573628,"GPS",
"RN017423","Investigation Production Bore Woodgreen Station",http://www.ntlis.nt.gov.au/hpa-services/borereport?bore=RN017423,4,2000-08-05 00:00:00.0,30,29.7,7.22,"Production","Constructed&Capped","Current",-22.402278,133.859451,53,382601,7522200,"GPS",
"RN004185","HANSON BORE NO2 ABD    (MILL) 8K S/E OF MT ESTHER RN 32",http://www.ntlis.nt.gov.au/hpa-services/borereport?bore=RN004185,,,27.4,0,,"Unknown",,"Current",-21.971114,133.421004,53,336967,7569530,"GPS",
"RN017422","Investigation Bore Woodgreen Station",http://www.ntlis.nt.gov.au/hpa-services/borereport?bore=RN017422,20,2000-08-05 00:00:00.0,79.6,76.5,26.61,"Investigation","Constructed&Capped","Current",-22.540819,133.875615,53,384380,7506875,"GPS",
"RN018336","Pine Hill Station - Arden Soak",http://www.ntlis.nt.gov.au/hpa-services/borereport?bore=RN018336,0.2,2007-07-02 00:00:00.0,72.3,62.6,,"Investigation","Constructed&Capped","Current",-22.346514,133.33225,53,328257,7527867,"GPS",
"RN017125","Stock Bore Bushy Park Station",http://www.ntlis.nt.gov.au/hpa-services/borereport?bore=RN017125,1.3,2005-08-11 00:00:00.0,42,42,21,"Production","Constructed&Capped","Current",-22.951619,134.001304,53,397612,7461488,"GPS",
"RN018337","Pine Hill Station - Arden Soak",http://www.ntlis.nt.gov.au/hpa-services/borereport?bore=RN018337,0.1,2007-07-02 00:00:00.0,60.5,50.1,,"Investigation","Constructed&Capped","Current",-22.348784,133.336922,53,328741,7527621,"GPS",
"RN005085","STORE. TEATREE PUB 30M STH OF BAR",http://www.ntlis.nt.gov.au/hpa-services/borereport?bore=RN005085,0,1965-10-03 00:00:00.0,12.8,0,0,"Production",,"Current",-22.131485,133.417412,53,336780,7551770,"Estimated",
"RN017124","Stock Bore Bushy Park Station",http://www.ntlis.nt.gov.au/hpa-services/borereport?bore=RN017124,0.4,2005-08-10 00:00:00.0,42,42,23.1,"Production","Constructed&Capped","Current",-23.025851,133.899649,53,387251,7453195,"GPS",
"RN017426","Investigation Bore Woodgreen Station",http://www.ntlis.nt.gov.au/hpa-services/borereport?bore=RN017426,7,2000-08-09 00:00:00.0,55.1,55.1,0,"Investigation","Constructed&Capped","Current",-22.435478,133.924544,53,389328,7518574,"GPS",
"RN016885","Investigation Bore Dud Territory Grape Farm",http://www.ntlis.nt.gov.au/hpa-services/borereport?bore=RN016885,2.1,1997-06-25 00:00:00.0,78.5,0,,"Investigation","Backfilled","Historical",-22.458839,133.658275,53,361947,7515767,"GPS",
"RN018332","Investigation Bore Arden Soak Pine Hill Station",http://www.ntlis.nt.gov.au/hpa-services/borereport?bore=RN018332,,2007-04-26 00:00:00.0,3.3,3,,"Investigation","Constructed&Capped","Current",-22.346372,133.327212,53,327738,7527877,"GPS",
"RN016884","Territory Grape Farm Monitoring Bore",http://www.ntlis.nt.gov.au/hpa-services/borereport?bore=RN016884,15,1996-10-10 00:00:00.0,72.2,63,,"Monitoring","Constructed&Capped","Current",-22.458849,133.658372,53,361957,7515766,"GPS",
"RN018333","Investigation Bore Arden Soak Pine Hill Station",http://www.ntlis.nt.gov.au/hpa-services/borereport?bore=RN018333,,2007-04-27 00:00:00.0,21.6,2.4,,"Investigation","Constructed&Capped","Current",-22.309384,133.337379,53,328740,7531984,"GPS",
"RN017127","Stock Bore Woodgreen Station",http://www.ntlis.nt.gov.au/hpa-services/borereport?bore=RN017127,0.7,2005-08-12 00:00:00.0,24,24,6.7,"Production","Constructed&Capped","Current",-22.348343,134.164383,53,413957,7528377,"GPS",
"RN018335","Pine Hill Station - Arden Soak",http://www.ntlis.nt.gov.au/hpa-services/borereport?bore=RN018335,1,2007-06-28 00:00:00.0,78.3,73,,"Investigation","Constructed&Capped","Current",-22.346075,133.327362,53,327753,7527910,"GPS",
"RN019240","Irrigation Bore NTP 2427 Pine Hill",http://www.ntlis.nt.gov.au/hpa-services/borereport?bore=RN019240,18,2015-11-23 00:00:00.0,73,73,11.3,"Production","Constructed&Capped","Current",-22.349731,133.664139,53,362443,7527852,"GPS",
"RN017844","Investigation Monitoring Bore Ti Tree Area",http://www.ntlis.nt.gov.au/hpa-services/borereport?bore=RN017844,9,2002-11-06 00:00:00.0,43.4,43.4,10.95,"Monitoring","Constructed&Capped","Current",-22.209445,133.482497,53,343580,7543207,"GPS",
"RN017845","Investigation Monitoring Bore Ti Tree Area",http://www.ntlis.nt.gov.au/hpa-services/borereport?bore=RN017845,9,2002-12-06 00:00:00.0,53,52.8,11.67,"Monitoring","Constructed&Capped","Current",-22.192056,133.464868,53,341743,7545114,"GPS",
"RN003937","#3 Bore Woodgreen Station",http://www.ntlis.nt.gov.au/hpa-services/borereport?bore=RN003937,,,36.5,0,,"Production","Windmill","Current",-22.430657,134.26709,53,424577,7519320,"GPS",
"RN003938","SOUTH GATE BORE [PROD-ABD] 13.7KM (S) OF RN1775. ANGKUL",http://www.ntlis.nt.gov.au/hpa-services/borereport?bore=RN003938,,,61,0,,"Production",,"Current",-22.555851,134.216936,53,419488,7505435,"GPS",
"RN002795","OLD H/S NO1 4M DRY DUD     N/T OLD HOMESTEAD AREA",http://www.ntlis.nt.gov.au/hpa-services/borereport?bore=RN002795,0,1961-10-10 00:00:00.0,4.3,0,0,"Production",,"Current",-22.899888,133.938464,53,391128,7467170,"Estimated",
"RN002794","OLD H/S NO2 7M DRY DUD     N/T NEAR OLD HOMESTEAD",http://www.ntlis.nt.gov.au/hpa-services/borereport?bore=RN002794,0,1961-10-16 00:00:00.0,7,0,0,"Production",,"Current",-22.899888,133.938464,53,391128,7467170,"Estimated",
"RN017843","Investigation Monitoring Bore Ti Tree Area",http://www.ntlis.nt.gov.au/hpa-services/borereport?bore=RN017843,8,2002-11-06 00:00:00.0,73.6,48,12.12,"Monitoring","Constructed&Capped","Current",-22.192422,133.464408,53,341696,7545073,"GPS",
"RN002793","D/R NO2 SPINIFEX BORE   (MILL) 11K N/W OF BLOODWOOD RN",http://www.ntlis.nt.gov.au/hpa-services/borereport?bore=RN002793,1.8,1961-10-06 00:00:00.0,70.7,0,0,"Production",,"Current",-22.742801,133.935542,53,390703,7484559,"GPS",
"RN002538","TIN FISH WELL NO.1 20.5KM (SW) OF MERINO WELL.",http://www.ntlis.nt.gov.au/hpa-services/borereport?bore=RN002538,,,6.7,0,,"Unknown",,"Current",-21.909181,133.871101,53,383395,7576797,"GPS",
"RN002791","D/R NO1 47M DRY DUD        N/T 16K NNE OF OLD H/S AT OL",http://www.ntlis.nt.gov.au/hpa-services/borereport?bore=RN002791,0,1961-09-26 00:00:00.0,46.6,0,0,"Production",,"Current",-22.801327,134.065882,53,404128,7478170,"Estimated",
"RN002789","H/S NO3 34M 0.06LPS DUD    N/T AT OLD HOMESTEAD.",http://www.ntlis.nt.gov.au/hpa-services/borereport?bore=RN002789,0.1,1961-11-02 00:00:00.0,33.8,0,0,"Production",,"Current",-22.899888,133.938464,53,391128,7467170,"Estimated",
"RN013155","DRY DUD 4KM (W) OF S/HWAY & 2KM N DAM",http://www.ntlis.nt.gov.au/hpa-services/borereport?bore=RN013155,0,1981-06-10 00:00:00.0,51,0,0,"Production",,"Current",-22.512107,133.304439,53,325600,7509500,"Estimated",
"RN014250","Territory Grape Farm Production Bore",http://www.ntlis.nt.gov.au/hpa-services/borereport?bore=RN014250,12,1985-05-01 00:00:00.0,73.9,73.6,0,"Production","Equipped-Diesel","Current",-22.450355,133.647212,53,360800,7516696,"GPS",
"RN014248","Territory Grape Farm Old Production Bore",http://www.ntlis.nt.gov.au/hpa-services/borereport?bore=RN014248,12,1985-04-27 00:00:00.0,80.5,77.8,0,"Production","Abandoned","Historical",-22.446038,133.638567,53,359906,7517166,"GPS",
"RN002532","Kuraljan - Woodgreen Station",http://www.ntlis.nt.gov.au/hpa-services/borereport?bore=RN002532,0.1,1961-04-10 00:00:00.0,30.5,30.5,0,"Monitoring","Constructed&Capped","Current",-22.353987,133.846463,53,381223,7527536,"GPS",
"RN014249","Oolloo Farm Production Bore Decommissioned",http://www.ntlis.nt.gov.au/hpa-services/borereport?bore=RN014249,12,1985-04-29 00:00:00.0,66.2,0,0,"Production",,"Current",-22.349704,133.664052,53,362434,7527855,"Surveyed",
"RN004186","4MILE WELL 3M DEEP DRY ABD U/S APX7K NNW OF MT ESTHER R",http://www.ntlis.nt.gov.au/hpa-services/borereport?bore=RN004186,,,18.3,0,,"Unknown",,"Current",-21.881771,133.33327,53,327799,7579326,"GPS",
"RN013391","BORE 8 3KM NW OF H\STED ON NEW FENCE",http://www.ntlis.nt.gov.au/hpa-services/borereport?bore=RN013391,1.9,1982-02-04 00:00:00.0,34,0,0,"Production",,"Current",-22.370016,133.028329,53,296986,7524887,"Estimated",
"RN003930","5 MILE BORE 8KM (NE) HOMESTEAD.",http://www.ntlis.nt.gov.au/hpa-services/borereport?bore=RN003930,,,0,0,,"Unknown",,"Current",-22.350298,134.18277,53,415851,7528171,"GPS",
"RN013395","BORE 11 3KM (E) & 8KM (S) OF H/STEAD.",http://www.ntlis.nt.gov.au/hpa-services/borereport?bore=RN013395,0.8,1982-02-06 00:00:00.0,30,0,0,"Production",,"Current",-22.402518,133.071942,53,301524,7521346,"Estimated",
"RN013392","BORE 9 DRY DUD 1KM (S) & 1.6KM (W) OF H/STEAD",http://www.ntlis.nt.gov.au/hpa-services/borereport?bore=RN013392,0,1982-02-04 00:00:00.0,60,0,0,"Production",,"Current",-22.394475,133.061662,53,300454,7522223,"Estimated",
"RN013393","BORE 10 3KM (E) & 8KM (S) OF H/STEAD.",http://www.ntlis.nt.gov.au/hpa-services/borereport?bore=RN013393,,,27,0,,"Unknown",,"Current",-22.402518,133.071942,53,301524,7521346,"Estimated",
"RN018740","Town Water Supply Anmatjere? Power and Water",http://www.ntlis.nt.gov.au/hpa-services/borereport?bore=RN018740,5,2013-05-23 00:00:00.0,48,46.3,14.45,"Production","Constructed&Capped","Current",-22.186087,133.453567,53,340571,7545763,"GPS",
"RN017855","Investigation Monitoring Bore Ti Tree Area",http://www.ntlis.nt.gov.au/hpa-services/borereport?bore=RN017855,13,2003-05-16 00:00:00.0,62.8,42,,"Investigation","Observation","Current",-22.181166,133.446143,53,339800,7546300,"GPS",
"RN018733","Irrigation Bore Anmatjere Ahakeye ALT",http://www.ntlis.nt.gov.au/hpa-services/borereport?bore=RN018733,3.8,2012-08-19 00:00:00.0,72,69,9.7,"Production","Constructed&Capped","Current",-22.19961,133.436785,53,338856,7544248,"GPS",
"RN017856","Investigation Monitoring Bore Ti Tree Area",http://www.ntlis.nt.gov.au/hpa-services/borereport?bore=RN017856,9.5,2003-05-17 00:00:00.0,81.1,42,,"Investigation","Observation","Current",-22.194823,133.457554,53,340992,7544800,"GPS",
"RN017857","Monitoring Bore Ti Tree Area",http://www.ntlis.nt.gov.au/hpa-services/borereport?bore=RN017857,3.3,2003-05-19 00:00:00.0,50.6,50.5,12.56,"Investigation","Observation","Current",-22.187733,133.455663,53,340789,7545583,"GPS",https://ntg.aquaticinformatics.net/AQWebportal/Data/Location/Summary/Location/RN017857/Interval/Latest
"RN017858","Investigation Test Production Bore Ti Tree Area",http://www.ntlis.nt.gov.au/hpa-services/borereport?bore=RN017858,6.6,2003-05-21 00:00:00.0,44.7,44.1,12.49,"Production","Constructed&Capped","Current",-22.183192,133.450194,53,340220,7546080,"GPS",
"RN017851","Investigation Bore Ti Tree Area",http://www.ntlis.nt.gov.au/hpa-services/borereport?bore=RN017851,6,2003-05-09 00:00:00.0,59.5,42.5,12.88,"Investigation","Observation","Current",-22.179404,133.441314,53,339300,7546490,"GPS",
"RN017852","Investigation Bore Ti Tree Area",http://www.ntlis.nt.gov.au/hpa-services/borereport?bore=RN017852,8,2003-05-13 00:00:00.0,62.8,22.5,,"Investigation","Observation","Current",-22.187442,133.439344,53,339106,7545598,"GPS",
"RN017853","Investigation Monitoring Bore Ti Tree Area",http://www.ntlis.nt.gov.au/hpa-services/borereport?bore=RN017853,6,2013-05-25 00:00:00.0,56.7,30.6,15.33,"Monitoring","Constructed&Capped","Current",-22.196112,133.446833,53,339888,7544646,"GPS",
"RN017854","Investigation Bore Ti Tree Area",http://www.ntlis.nt.gov.au/hpa-services/borereport?bore=RN017854,9,2003-05-15 00:00:00.0,62.8,21,,"Investigation","Observation","Current",-22.200388,133.473041,53,342595,7544200,"GPS",
"RN044142","NT Portion 362 Anningie Station",http://www.ntlis.nt.gov.au/hpa-services/borereport?bore=RN044142,1.2,2024-02-28 15:27:23.0,84,84,12,,"Constructed&Capped","Current",-21.928458,133.404759,53,335240,7574235,"GPS",
"RN044143","NT Portion 361 Anningie Station",http://www.ntlis.nt.gov.au/hpa-services/borereport?bore=RN044143,3,2024-02-29 11:06:56.0,60,60,10.1,,"Constructed&Capped","Current",-21.930049,133.406775,53,335450,7574061,"GPS",
"RN002550","MERINO BORE. 6KM (E) OF S/HIWAY.",http://www.ntlis.nt.gov.au/hpa-services/borereport?bore=RN002550,,,11.3,0,,"Unknown",,"Current",-21.815298,133.722483,53,367956,7587070,"GPS",
"RN010709","S63 DUD WRB INV APX 1.5KM NW  OF HOMESTEAD.",http://www.ntlis.nt.gov.au/hpa-services/borereport?bore=RN010709,0.5,1973-10-03 00:00:00.0,31.8,0,0,"Production",,"Current",-21.729795,133.747923,53,370509,7596557,"Estimated",
"RN002549","STATION WELL. STOCK YARDS",http://www.ntlis.nt.gov.au/hpa-services/borereport?bore=RN002549,,,16.8,0,,"Unknown",,"Current",-21.731449,133.760042,53,371764,7596384,"GPS",
"RN010708","S62 DUD WRB INV APX 3KM SW  OF HOMESTEAD.",http://www.ntlis.nt.gov.au/hpa-services/borereport?bore=RN010708,0.5,1973-10-01 00:00:00.0,14,0,0,"Production",,"Current",-21.722475,133.770434,53,372831,7597386,"GPS",
"RN002548","HOMESTEAD WELL.DRY 19\87 IN HOMESTEAD GARDEN",http://www.ntlis.nt.gov.au/hpa-services/borereport?bore=RN002548,,,10.7,0,,"Unknown",,"Current",-21.716685,133.749989,53,370711,7598010,"GPS",
"RN010711","SG 5 [PROD-USE] NO 1 APX 100M(E)OF PROD NO3 RN10715",http://www.ntlis.nt.gov.au/hpa-services/borereport?bore=RN010711,2.6,1973-10-05 00:00:00.0,30.8,0,0,"Production",,"Current",-21.726691,133.761668,53,371928,7596912,"GPS",
"RN002547","NO.3 WELL. 14KM (W) OF MILLIONAIRES WELL.",http://www.ntlis.nt.gov.au/hpa-services/borereport?bore=RN002547,,,18,0,,"Unknown",,"Current",-21.803634,133.820536,53,378082,7588442,"GPS",
"RN010710","SG4 WRB INV APPROX 2.5K NORTH OF HOMESTEAD",http://www.ntlis.nt.gov.au/hpa-services/borereport?bore=RN010710,0.5,1973-10-03 00:00:00.0,32.9,0,0,"Production",,"Current",-21.713413,133.757007,53,371434,7598378,"Estimated",
"RN010713","SG7 WRB INV U/S 150M (E) OF RN10711.",http://www.ntlis.nt.gov.au/hpa-services/borereport?bore=RN010713,0.9,1973-10-09 00:00:00.0,24.4,0,0,"Investigation",,"Current",-21.726871,133.762692,53,372034,7596893,"GPS",
"RN010712","S.G. 6 JUST NORTH OF HOMESTEAD.",http://www.ntlis.nt.gov.au/hpa-services/borereport?bore=RN010712,1.4,1973-10-08 00:00:00.0,18.5,0,0,"Investigation",,"Current",-21.72178,133.765713,53,372342,7597459,"Estimated",
"RN003940","Homestead Bore Woodgreen Station",http://www.ntlis.nt.gov.au/hpa-services/borereport?bore=RN003940,,,0,0,,"Production","Windmill","Current",-22.395724,134.233758,53,421127,7523170,"Estimated",
"RN003941","Proclamation Bore Woodgreen Station",http://www.ntlis.nt.gov.au/hpa-services/borereport?bore=RN003941,1,1948-01-01 00:00:00.0,50.3,0,,"Production","Abandoned","Historical",-22.430016,134.087771,53,406123,7519290,"GPS",
"RN018741","Town Water Supply Anmatjere? Power and Water",http://www.ntlis.nt.gov.au/hpa-services/borereport?bore=RN018741,7,2013-05-24 00:00:00.0,54,45.8,13.4,"Production","Constructed&Capped","Current",-22.18108,133.450324,53,340231,7546314,"GPS",
"RN003947","NEW 8 MILE\HANSON BORE ADJ TO WELL",http://www.ntlis.nt.gov.au/hpa-services/borereport?bore=RN003947,,,0,0,,"Unknown",,"Current",-21.79224,133.664705,53,361961,7589572,"GPS",
"RN010707","SG1 DUD   WRB INV 3K S STIRLING GOV WELL ON S/HI",http://www.ntlis.nt.gov.au/hpa-services/borereport?bore=RN010707,0.6,1973-10-01 00:00:00.0,19.6,0,0,"Production",,"Current",-21.729552,133.730261,53,368682,7596569,"Estimated",
"RN013156","RN13156.(DUD) 6KMW OF S\HWY,50M N OF P\H RD",http://www.ntlis.nt.gov.au/hpa-services/borereport?bore=RN013156,0,1981-06-09 00:00:00.0,88,0,0,"Production",,"Current",-22.492076,133.289133,53,324000,7511700,"Estimated",
"RN010925","T.T.H. TI TREE HEALTH DEPT",http://www.ntlis.nt.gov.au/hpa-services/borereport?bore=RN010925,4,1975-05-12 00:00:00.0,10.8,0,0,"Production",,"Current",-22.12832,133.417002,53,336734,7552120,"Estimated",
"RN018976","Irrigation Bore NTP 3697 Alyuen Outstation Aileron Stn",http://www.ntlis.nt.gov.au/hpa-services/borereport?bore=RN018976,4,2013-10-18 00:00:00.0,75,75,30.19,"Production","Constructed&Capped","Current",-22.763325,133.238709,53,319167,7481604,"GPS",
"RN018716","Domestic Bore Aileron Roadhouse",http://www.ntlis.nt.gov.au/hpa-services/borereport?bore=RN018716,0.4,2010-04-16 00:00:00.0,49,49,31,"Production","Constructed&Capped","Current",-22.643581,133.347585,53,330200,7494992,"GPS",
"RN003978","SANDY WOORAKA ABD U/S 8.5KM (NE) OF ARDEN SOAK.",http://www.ntlis.nt.gov.au/hpa-services/borereport?bore=RN003978,0,1957-01-01 00:00:00.0,54.9,0,0,"Production",,"Current",-22.327074,133.409359,53,336177,7530106,"GPS",
"RN019447","Stock Bore Mount Skinner Station",http://www.ntlis.nt.gov.au/hpa-services/borereport?bore=RN019447,5,2017-03-20 00:00:00.0,24,24,3.7,"Production","Constructed&Capped","Current",-22.267172,134.114136,53,408730,7537333,"GPS",
"RN050016","Nturiya Road Chainage 8.1",http://www.ntlis.nt.gov.au/hpa-services/borereport?bore=RN050016,7,2019-12-19 00:00:00.0,48,48,6.3,,"Constructed&Capped","Current",-22.13502,133.34229,53,329035,7551296,"GPS",
"RN017804","Adrail ASR206 Abandoned Stirling Station",http://www.ntlis.nt.gov.au/hpa-services/borereport?bore=RN017804,,2002-10-21 00:00:00.0,48,0,,"Production","Constructed&Capped","Current",-21.919783,134.037183,53,400558,7575740,"GPS",
"RN019448","Stock Bore Woodgreen Station",http://www.ntlis.nt.gov.au/hpa-services/borereport?bore=RN019448,0.3,2017-03-21 00:00:00.0,42,42,8.4,"Production","Constructed&Capped","Current",-22.431315,134.089165,53,406267,7519147,"GPS",
"RN017805","Adrail ASR197 Mount Skinner Station",http://www.ntlis.nt.gov.au/hpa-services/borereport?bore=RN017805,5,2002-10-22 00:00:00.0,48,48,6.5,"Production","Constructed&Capped","Current",-21.975238,133.975502,53,394228,7569560,"GPS",
"RN019449","Department of Environment, Parks and Water",http://www.ntlis.nt.gov.au/hpa-services/borereport?bore=RN019449,0.05,2018-07-18 00:00:00.0,297,293,46.8,"Monitoring","Constructed&Capped","Current",-22.621077,133.916558,53,388655,7498021,"GPS",
"RN015635","Mulga Bore Duplicate Woodgreen Station",http://www.ntlis.nt.gov.au/hpa-services/borereport?bore=RN015635,0.8,1990-12-17 00:00:00.0,43,43,13,"Production",,"Current",-22.45341,134.207201,53,418427,7516770,"Estimated",
"RN011393","BMR ALCOOTA 12M DRY DUD    N/T 30K EAST OF CONNER WELL",http://www.ntlis.nt.gov.au/hpa-services/borereport?bore=RN011393,0,1973-01-01 00:00:00.0,12.2,0,0,"Production",,"Current",-22.894735,133.836032,53,380617,7467661,"Estimated",
"RN011392","BMR ALCOOTA 6.1M DRY DUD   N/T 29K EAST OF CONNER WELL",http://www.ntlis.nt.gov.au/hpa-services/borereport?bore=RN011392,0,1973-01-01 00:00:00.0,6.1,0,0,"Production",,"Current",-22.927625,133.826604,53,379679,7464012,"Estimated",
"RN003981","VALLEY BORE 7.8KM (W) OF RN2616.",http://www.ntlis.nt.gov.au/hpa-services/borereport?bore=RN003981,,,30.5,0,,"Unknown",,"Current",-22.33697,134.123323,53,409721,7529612,"GPS",
"RN011387","BMR ALCOOTA 44M 2.5LPS DUD N/T 14K N/E OF CONNER WELL R",http://www.ntlis.nt.gov.au/hpa-services/borereport?bore=RN011387,2.5,1973-01-01 00:00:00.0,44,0,0,"Production",,"Current",-22.875583,133.649321,53,361445,7469618,"Estimated",
"RN011389","BMR ALCOOTA 78M DRY DUD    N/T 24K N/E OF CONNER WELL R",http://www.ntlis.nt.gov.au/hpa-services/borereport?bore=RN011389,0,1973-01-01 00:00:00.0,78,0,0,"Production",,"Current",-22.827117,133.721366,53,368790,7475050,"Estimated",
"RN011388","BMR ALCOOTA 61M DRY DUD    N/T 21K N/E OF CONNER WELL R",http://www.ntlis.nt.gov.au/hpa-services/borereport?bore=RN011388,0,1973-01-01 00:00:00.0,61,0,0,"Production",,"Current",-22.83511,133.70343,53,366957,7474149,"Estimated",
"RN011390","BMR ALCOOTA 122M DRY??DUD  N/T 31K EAST OF CONNER WELL",http://www.ntlis.nt.gov.au/hpa-services/borereport?bore=RN011390,0,1973-01-01 00:00:00.0,122,0,0,"Production",,"Current",-22.861735,133.836557,53,380642,7471315,"Estimated",
"RN015649","RN15649. (NW) CORNER OF EXCISION.",http://www.ntlis.nt.gov.au/hpa-services/borereport?bore=RN015649,0.1,1991-04-03 00:00:00.0,43,0,0,"Production",,"Current",-22.375932,133.056812,53,299928,7524270,"Estimated",
"RN019209","Stock Bore Pine Hill Station",http://www.ntlis.nt.gov.au/hpa-services/borereport?bore=RN019209,5,2015-08-02 00:00:00.0,84,84,42.1,"Production","Constructed&Capped","Current",-22.50643,133.472705,53,342904,7510315,"GPS",
"RN019210","Stock Bore Pine Hill Station",http://www.ntlis.nt.gov.au/hpa-services/borereport?bore=RN019210,5,2015-08-03 00:00:00.0,78,78,32.2,"Production","Constructed&Capped","Current",-22.367937,133.48431,53,343943,7525661,"GPS",
"RN015647","RN15645. REPLACE TINAKE BORE.100M NORTH",http://www.ntlis.nt.gov.au/hpa-services/borereport?bore=RN015647,5,1991-03-29 00:00:00.0,116,0,0,"Production",,"Current",-22.406473,133.281713,53,323128,7521170,"Estimated",
"RN015646","BOWMAN'S FLOOD OUT BORE 6"PVC 7K NTH OF RN 449 ARDEN SO",http://www.ntlis.nt.gov.au/hpa-services/borereport?bore=RN015646,15,1991-03-29 00:00:00.0,92,0,0,"Production",,"Current",-22.298778,133.347088,53,329728,7533170,"Estimated",
"RN002587","AILERON HOTEL BORE NO DATA N/T AILERON PUB AREA??",http://www.ntlis.nt.gov.au/hpa-services/borereport?bore=RN002587,,,0,0,,"Unknown",,"Current",-22.643772,133.346881,53,330128,7494970,"Estimated",
"RN006027","Aileron Roadhouse Bore Abandoned and backfilled",http://www.ntlis.nt.gov.au/hpa-services/borereport?bore=RN006027,,1967-11-20 00:00:00.0,93.3,93.3,,"Production","Backfilled","Historical",-22.642996,133.34697,53,330136,7495056,"GPS",
"RN016827","Irrigation Bore Ti Tree Roadhouse",http://www.ntlis.nt.gov.au/hpa-services/borereport?bore=RN016827,0.5,1997-01-21 00:00:00.0,60,60,12,"Production","Constructed&Capped","Current",-22.075338,133.42044,53,337028,7557990,"GPS",
"RN016826","Irrigation Bore Dud Ti Tree Roadhouse",http://www.ntlis.nt.gov.au/hpa-services/borereport?bore=RN016826,,1997-01-18 00:00:00.0,30,0,,"Production","Backfilled","Historical",-22.12943,133.41945,53,336988,7552000,"GPS",
"RN006042","HOMESTEAD BORE DEEPENING 750M (NW) OF HOMESTEAD (ABD)",http://www.ntlis.nt.gov.au/hpa-services/borereport?bore=RN006042,0.3,1967-11-23 00:00:00.0,50.3,0,0,"Production",,"Current",-22.376279,133.051874,53,299420,7524225,"Estimated",
"RN002106","STIRLING BORE. N.S.S.R ABD 2.1KM (NW) OF H/S ON S/HIWAY",http://www.ntlis.nt.gov.au/hpa-services/borereport?bore=RN002106,0.8,1956-01-01 00:00:00.0,75.6,0,0,"Production",,"Current",-21.718804,133.751856,53,370906,7597777,"GPS",
"RN043618","6300 Stuart Hwy, Anmitjere",http://www.ntlis.nt.gov.au/hpa-services/borereport?bore=RN043618,0.1,2023-06-15 09:37:00.0,29,28.5,15.3,,"Constructed&Capped","Current",-22.664041,133.219098,53,317021,7492574,"GPS",
"RN043617","6300 Stuart Hwy, Anmitjere",http://www.ntlis.nt.gov.au/hpa-services/borereport?bore=RN043617,0.01,2023-06-14 09:03:18.0,29,28.4,15.5,,"Constructed&Capped","Current",-22.671124,133.210414,53,316138,7491779,"GPS",
"RN019175","Stock Bore Woodgreen Station",http://www.ntlis.nt.gov.au/hpa-services/borereport?bore=RN019175,2,2015-07-12 00:00:00.0,24,24,3.5,"Production","Constructed&Capped","Current",-22.33773,134.125285,53,409924,7529529,"GPS",
"RN043619","6300 Stuart Hwy, Anmitjere",http://www.ntlis.nt.gov.au/hpa-services/borereport?bore=RN043619,,2023-06-16 10:00:28.0,14,14,,,"Constructed&Capped","Current",-22.664034,133.219234,53,317035,7492575,"GPS",
"RN003511","HAWKNEST NO.2 7M (N) OF MILL RN1604.",http://www.ntlis.nt.gov.au/hpa-services/borereport?bore=RN003511,1,1958-01-01 00:00:00.0,76.2,0,0,"Production",,"Current",-22.291569,133.156788,53,310110,7533741,"Estimated",
"RN003244","ALBREEDA SAME AS RN 652 7KM (N) OF HOMESTEAD.",http://www.ntlis.nt.gov.au/hpa-services/borereport?bore=RN003244,,,38.7,0,,"Unknown",,"Current",-22.373348,134.268877,53,424730,7525665,"GPS",
"RN018821","Investigation Monitoring Bore Pine Hill Station",http://www.ntlis.nt.gov.au/hpa-services/borereport?bore=RN018821,7,2011-11-23 00:00:00.0,57,51.1,29.48,"Investigation","Constructed&Capped","Current",-22.538541,133.658498,53,362049,7506943,"GPS",
"RN018822","Investigation Bore Pine Hill Station",http://www.ntlis.nt.gov.au/hpa-services/borereport?bore=RN018822,0.2,2011-12-07 00:00:00.0,322.7,321.5,34.51,"Investigation","Constructed&Capped","Current",-22.538705,133.658623,53,362062,7506925,"GPS",
"RN005568","130/52.5   #40 TI TREE GRID",http://www.ntlis.nt.gov.au/hpa-services/borereport?bore=RN005568,4.5,1966-08-24 00:00:00.0,311.8,0,0,"Investigation",,"Current",-22.263635,133.413583,53,336538,7537134,"Surveyed",
"RN011879","SHEEP PDK NTH 40M DUD      N/T OLD HOMESTEAD AREA???",http://www.ntlis.nt.gov.au/hpa-services/borereport?bore=RN011879,,,40,0,,"Unknown",,"Current",-22.904292,133.933876,53,390661,7466679,"Estimated",
"RN005569","130/47.5  #41 TI TREE GRID",http://www.ntlis.nt.gov.au/hpa-services/borereport?bore=RN005569,6,1966-08-26 00:00:00.0,125.9,0,0,"Investigation",,"Current",-22.277383,133.412358,53,336428,7535611,"Surveyed",
"RN011878","5MILE SHEEP PDK 61M 50GPH DUD 4K NORTH OF OLD HOMESTEAD",http://www.ntlis.nt.gov.au/hpa-services/borereport?bore=RN011878,,,61,0,,"Unknown",,"Current",-22.857229,133.926661,53,389883,7471884,"GPS",
"RN019963","Abandoned Bore Bushy Park Station",http://www.ntlis.nt.gov.au/hpa-services/borereport?bore=RN019963,0.2,2019-07-05 00:00:00.0,156,0,,"Unknown","Decommissioned","Historical",-22.919497,134.046472,53,402220,7465075,"GPS",
"RN017573","Woodgreen Station",http://www.ntlis.nt.gov.au/hpa-services/borereport?bore=RN017573,10,2000-08-12 00:00:00.0,85.5,83.4,31.22,"Monitoring","Constructed&Capped","Current",-22.570202,133.936496,53,390664,7503668,"GPS",
"RN003248","MT ESTHER WELL       (MILL) 30K STH EAST OF HOMESTEAD",http://www.ntlis.nt.gov.au/hpa-services/borereport?bore=RN003248,,,15.2,0,,"Unknown",,"Current",-21.92248,133.377788,53,332447,7574868,"GPS",
"RN011881","Woodgreen Station",http://www.ntlis.nt.gov.au/hpa-services/borereport?bore=RN011881,0,1948-07-01 00:00:00.0,53.7,53.7,0,"Monitoring","Constructed&Capped","Current",-22.481469,133.966704,53,393702,7513513,"GPS",
"RN011882","AYUDA BORE   ABANDONED 25K (WNW) OF SANDOVER H/WAY.",http://www.ntlis.nt.gov.au/hpa-services/borereport?bore=RN011882,1,1959-10-01 00:00:00.0,26.8,0,0,"Production",,"Current",-22.445887,133.856438,53,382328,7517370,"Estimated",
"RN011886","1/78. HANGOVER BORE 1KM (E) OF HOMESTEAD.",http://www.ntlis.nt.gov.au/hpa-services/borereport?bore=RN011886,2.3,1978-04-19 00:00:00.0,15,0,0,"Production",,"Current",-22.207023,134.126568,53,409972,7543999,"GPS",
"RN017572","Woodgreen Station",http://www.ntlis.nt.gov.au/hpa-services/borereport?bore=RN017572,8,2000-08-11 00:00:00.0,91.5,91.5,31.18,"Monitoring","Constructed&Capped","Current",-22.570218,133.936175,53,390631,7503666,"GPS",
"RN017571","Investigation Bore Woodgreen Station",http://www.ntlis.nt.gov.au/hpa-services/borereport?bore=RN017571,4.2,2000-08-10 00:00:00.0,55,55,5.61,"Investigation","Constructed&Capped","Current",-22.430843,133.906896,53,387508,7519074,"GPS",
"RN012994","HOMESTEAD DUD 500M (S) OF HOMESTEAD.",http://www.ntlis.nt.gov.au/hpa-services/borereport?bore=RN012994,2,1981-03-08 00:00:00.0,75,0,0,"Production",,"Current",-22.39278,133.052111,53,299468,7522398,"Estimated",
"RN005580","Old Monitoring Bore Ti Tree",http://www.ntlis.nt.gov.au/hpa-services/borereport?bore=RN005580,0,1966-09-29 00:00:00.0,42.7,0,0,"Monitoring",,"Current",-22.146642,133.413811,53,336426,7550088,"Surveyed",
"RN002398","KEROSINE WELL(DOZED OVER) 11KM (WNW) OF PROWES WELL.",http://www.ntlis.nt.gov.au/hpa-services/borereport?bore=RN002398,1,1952-01-01 00:00:00.0,16.8,0,0,"Production",,"Current",-22.502241,133.221944,53,317100,7510494,"GPS",
"RN016308","Dloog Farm Lot #3705 Production Bore Ti Tree Farms",http://www.ntlis.nt.gov.au/hpa-services/borereport?bore=RN016308,3,1997-11-14 00:00:00.0,75,75,29,"Production","Constructed&Capped","Current",-22.249708,133.41794,53,336971,7538681,"Estimated",
"RN000785","Lilly Flat - Woodgreen Station",http://www.ntlis.nt.gov.au/hpa-services/borereport?bore=RN000785,3.8,1955-01-01 00:00:00.0,62.5,0,0,"Monitoring","Constructed&Capped","Current",-22.509024,134.082143,53,405597,7510540,"GPS",
"RN005570","Ti Tree Area",http://www.ntlis.nt.gov.au/hpa-services/borereport?bore=RN005570,0.9,1966-08-27 00:00:00.0,54.3,54.3,0,"Monitoring","Constructed&Capped","Current",-22.14002,133.398868,53,334877,7550805,"GPS",https://ntg.aquaticinformatics.net/AQWebportal/Data/Location/Summary/Location/RN005570/Interval/Latest
"RN016300","Southgate Bore Atartinga",http://www.ntlis.nt.gov.au/hpa-services/borereport?bore=RN016300,1,1995-11-25 00:00:00.0,72,72,18,"Production","Constructed&Capped","Current",-22.555851,134.216936,53,419488,7505435,"GPS",
"RN010547","PUMP JACK WELL BLOCK 471",http://www.ntlis.nt.gov.au/hpa-services/borereport?bore=RN010547,0.5,1969-01-01 00:00:00.0,5.8,0,0,"Production",,"Current",-22.130445,133.41723,53,336760,7551885,"Estimated",
"RN005573","INV 110/95B  66 TI TREE GRID",http://www.ntlis.nt.gov.au/hpa-services/borereport?bore=RN005573,0,1966-09-21 00:00:00.0,36,0,0,"Investigation",,"Current",-22.14605,133.354733,53,330332,7550089,"Surveyed",
"RN010546","WINDMILL WELL TI TREE TOWN",http://www.ntlis.nt.gov.au/hpa-services/borereport?bore=RN010546,0.5,1967-01-01 00:00:00.0,5.8,0,0,"Production",,"Current",-22.129906,133.417575,53,336795,7551945,"Estimated",
"RN005574","INV HOLE 110/95A  #65 TI TREE GRID",http://www.ntlis.nt.gov.au/hpa-services/borereport?bore=RN005574,0,1966-09-18 00:00:00.0,41.5,0,0,"Investigation",,"Current",-22.14605,133.354733,53,330332,7550089,"Surveyed",
"RN014099","Ti Tree Area",http://www.ntlis.nt.gov.au/hpa-services/borereport?bore=RN014099,4,1984-10-05 00:00:00.0,56,56,0,"Monitoring","Constructed&Capped","Current",-22.223208,133.427133,53,337888,7541625,"GPS",https://ntg.aquaticinformatics.net/AQWebportal/Data/Location/Summary/Location/RN014099/Interval/Latest
"RN005575","Ti Tree Area",http://www.ntlis.nt.gov.au/hpa-services/borereport?bore=RN005575,0,1966-09-15 00:00:00.0,40.2,40.2,0,"Monitoring","Constructed&Capped","Current",-22.146427,133.354721,53,330331,7550047,"GPS",
"RN010548","WINDMILL BORE (LIDDLES) MOTEL",http://www.ntlis.nt.gov.au/hpa-services/borereport?bore=RN010548,,,12.2,0,,"Unknown",,"Current",-22.131207,133.41664,53,336700,7551800,"Estimated",
"RN010552","RN10552.(DUD) 13KM (W) OF WATERLOO BORE.",http://www.ntlis.nt.gov.au/hpa-services/borereport?bore=RN010552,0.2,1940-01-01 00:00:00.0,30.5,0,0,"Production",,"Current",-22.161145,133.093039,53,303359,7548102,"Estimated",
"RN010551","HARTS #2 800M SOUTH OF STORE",http://www.ntlis.nt.gov.au/hpa-services/borereport?bore=RN010551,1.3,1960-01-01 00:00:00.0,32,0,0,"Production",,"Current",-22.13672,133.417014,53,336745,7551190,"Estimated",
"RN014098","Ti Tree Area",http://www.ntlis.nt.gov.au/hpa-services/borereport?bore=RN014098,10,1984-10-04 00:00:00.0,61,61,0,"Monitoring","Constructed&Capped","Current",-22.235663,133.423385,53,337516,7540242,"GPS",
"RN002401","TINARKIE BORE NO.1 12KM (N) OF KEROSENE MILL.",http://www.ntlis.nt.gov.au/hpa-services/borereport?bore=RN002401,1.3,1951-01-01 00:00:00.0,91.4,0,0,"Production",,"Current",-22.406135,133.281377,53,323093,7521207,"Estimated",
"RN006952","A 63/3 ABANDONED  U\S KEROSINE REPLACEMENT",http://www.ntlis.nt.gov.au/hpa-services/borereport?bore=RN006952,2.3,1970-01-14 00:00:00.0,61,0,0,"Production",,"Current",-22.494738,133.231943,53,318119,7511337,"Estimated",
"RN004444","NO17 23M DRY DUD           N/T 15M S/E OF SHEEP BORE RN",http://www.ntlis.nt.gov.au/hpa-services/borereport?bore=RN004444,,,23.2,0,,"Unknown",,"Current",-22.937538,133.95119,53,392463,7463011,"Estimated",
"RN004445","NO46 43M SEEPAGE DUD       N/T 84M ESE OF SHEEP BORE RN",http://www.ntlis.nt.gov.au/hpa-services/borereport?bore=RN004445,0.1,1964-07-04 00:00:00.0,43,0,0,"Production",,"Current",-22.937538,133.95119,53,392463,7463011,"Estimated",
"RN005588","Ti Tree Area",http://www.ntlis.nt.gov.au/hpa-services/borereport?bore=RN005588,0.1,1966-09-08 00:00:00.0,15.5,15.5,0,"Monitoring","Constructed&Capped","Current",-22.1329,133.443397,53,339462,7551641,"GPS",https://ntg.aquaticinformatics.net/AQWebportal/Data/Location/Summary/Location/RN005588/Interval/Latest
"RN005589","130/40  #48 TI TREE GRID",http://www.ntlis.nt.gov.au/hpa-services/borereport?bore=RN005589,1.4,1966-09-15 00:00:00.0,79.2,0,0,"Investigation",,"Current",-22.298028,133.412124,53,336428,7533325,"Estimated",
"RN006953","REPL.SANDY CREEK BORE. 5M (W) OF EXISTING WELL.",http://www.ntlis.nt.gov.au/hpa-services/borereport?bore=RN006953,1.3,1970-01-15 00:00:00.0,65.5,0,0,"Production",,"Current",-22.396406,133.133605,53,307865,7522103,"Estimated",
"RN005590","130/42.5  #47 TI TREE  GRID",http://www.ntlis.nt.gov.au/hpa-services/borereport?bore=RN005590,3,1966-09-14 00:00:00.0,67.1,0,0,"Investigation",,"Current",-22.291146,133.412202,53,336428,7534087,"Estimated",
"RN019938","Stock/Domestic Bore Bushy Park Station",http://www.ntlis.nt.gov.au/hpa-services/borereport?bore=RN019938,1,2019-04-04 00:00:00.0,156,144,72,"Production","Constructed&Capped","Current",-22.900069,134.05433,53,403012,7467231,"GPS",
"RN002402","TINARKIE BORE NO.2. 12KM (N) OF KEROSENE MILL.",http://www.ntlis.nt.gov.au/hpa-services/borereport?bore=RN002402,1.2,1957-01-01 00:00:00.0,95.4,0,0,"Production",,"Current",-22.406135,133.281377,53,323093,7521207,"Estimated",
"RN015409","Oolloo Farm Production Bore",http://www.ntlis.nt.gov.au/hpa-services/borereport?bore=RN015409,15,1989-10-19 00:00:00.0,68,0,0,"Production",,"Current",-22.342179,133.662871,53,362305,7528687,"GPS",
"RN002400","(Decommissioned) Gilbeanie Bore Pine Hill Station",http://www.ntlis.nt.gov.au/hpa-services/borereport?bore=RN002400,,,46.9,0,,"Production","Backfilled","Historical",-22.367736,133.484011,53,343912,7525683,"Surveyed",
"RN002399","KEROSINE BORE.(ABD) 11KM (WNW OF PROWES GAP WELL.",http://www.ntlis.nt.gov.au/hpa-services/borereport?bore=RN002399,0.8,1939-01-01 00:00:00.0,21.3,0,0,"Production",,"Current",-22.502801,133.221946,53,317101,7510432,"GPS",
"RN005581","INV 130/90 #68 15M SOUTH 130/90",http://www.ntlis.nt.gov.au/hpa-services/borereport?bore=RN005581,0,1966-09-27 00:00:00.0,40.5,0,0,"Investigation",,"Current",-22.160398,133.413674,53,336428,7548565,"Surveyed",
"RN005582","TI TREE INV 130/90B  #69 TI TREE GRID",http://www.ntlis.nt.gov.au/hpa-services/borereport?bore=RN005582,0,1966-10-01 00:00:00.0,39.6,0,0,"Investigation",,"Current",-22.160398,133.413674,53,336428,7548565,"Surveyed",
"RN005583","110/110  #46 TI TREE GRID",http://www.ntlis.nt.gov.au/hpa-services/borereport?bore=RN005583,0.1,1966-09-13 00:00:00.0,30.5,0,0,"Investigation",,"Current",-22.105418,133.355094,53,330320,7554588,"Surveyed",
"RN005584","115/87 #50 TI TREE GRID",http://www.ntlis.nt.gov.au/hpa-services/borereport?bore=RN005584,9.1,1966-09-22 00:00:00.0,91.4,0,0,"Investigation",,"Current",-22.168215,133.369253,53,331856,7547651,"Surveyed",
"RN005585","130/50  #49 TI TREE GRID",http://www.ntlis.nt.gov.au/hpa-services/borereport?bore=RN005585,6,1966-09-21 00:00:00.0,121.9,0,0,"Investigation",,"Current",-22.270502,133.412435,53,336428,7536373,"Surveyed",
"RN004443","NO1 SHEEP 32M SEEPAGE DUD  N/T 30M SSE OF SHEEP BORE RN",http://www.ntlis.nt.gov.au/hpa-services/borereport?bore=RN004443,,,32.3,0,,"Unknown",,"Current",-22.937538,133.95119,53,392463,7463011,"Estimated",
"RN005586","Ti Tree Area",http://www.ntlis.nt.gov.au/hpa-services/borereport?bore=RN005586,0.1,1966-09-12 00:00:00.0,65.5,65.5,0,"Monitoring","Constructed&Capped","Current",-22.118944,133.354798,53,330306,7553090,"GPS",
"RN010759","KEROSENE REPLACEMENT NO 2 22K SE H/STEAD & 1K N KEROSEN",http://www.ntlis.nt.gov.au/hpa-services/borereport?bore=RN010759,2.3,1974-05-19 00:00:00.0,52,0,0,"Production",,"Current",-22.494738,133.231943,53,318119,7511337,"Estimated",
"RN005587","110/100  #44 TI TREE GRID",http://www.ntlis.nt.gov.au/hpa-services/borereport?bore=RN005587,0.3,1966-09-10 00:00:00.0,109.7,0,0,"Investigation",,"Current",-22.13275,133.354771,53,330320,7551561,"Surveyed",
"RN005601","BORE 125/97.5  #63 TI TREE INVESTIGATION",http://www.ntlis.nt.gov.au/hpa-services/borereport?bore=RN005601,0,1966-10-10 00:00:00.0,89.6,0,0,"Monitoring",,"Current",-22.139738,133.399036,53,334894,7550836,"Surveyed",
"RN019947","Abandoned Stock Bore Anningie Station",http://www.ntlis.nt.gov.au/hpa-services/borereport?bore=RN019947,0.2,2019-05-08 00:00:00.0,48,0,,"Unknown","Backfilled","Historical",-21.942211,133.607088,53,356154,7572916,"GPS",
"RN019946","Stock/Domestic Bore Stirling Station",http://www.ntlis.nt.gov.au/hpa-services/borereport?bore=RN019946,20,2019-05-08 00:00:00.0,78,78,23.2,"Production","Constructed&Capped","Current",-21.943859,133.673017,53,362965,7572794,"GPS",
"RN002170","OLD BUSHY NEW BORE ABD 350M NTH EAST OF MILL RN 2169",http://www.ntlis.nt.gov.au/hpa-services/borereport?bore=RN002170,,,41.1,0,,"Unknown",,"Current",-22.933635,133.999988,53,397464,7463478,"GPS",
"RN002169","OLD BUSHY NEW BORE NO.3 1.5K WEST OF ROAD TO NEW H/STD",http://www.ntlis.nt.gov.au/hpa-services/borereport?bore=RN002169,,,32.9,0,,"Unknown",,"Current",-22.933906,133.999996,53,397465,7463448,"GPS",
"RN002168","BLOODWOOD BORE. 13K EAST OF SPINIFEX RN 2793",http://www.ntlis.nt.gov.au/hpa-services/borereport?bore=RN002168,1.3,1954-01-01 00:00:00.0,77.7,0,0,"Production",,"Current",-22.780567,134.042488,53,401712,7480453,"GPS",
"RN002167","NORTH BORE. 11K NORTH OF BLOODWOOD RN 2168",http://www.ntlis.nt.gov.au/hpa-services/borereport?bore=RN002167,1.3,1958-01-01 00:00:00.0,74.4,0,0,"Production",,"Current",-22.684734,134.055547,53,402985,7491071,"GPS",
"RN002166","10 MILE BORE. 12.4K SSE OF BLOODWOOD RN 2168",http://www.ntlis.nt.gov.au/hpa-services/borereport?bore=RN002166,,,36.6,0,,"Unknown",,"Current",-22.864468,134.11832,53,409552,7471213,"GPS",
"RN011636","Dud Bore Woodgreen Station",http://www.ntlis.nt.gov.au/hpa-services/borereport?bore=RN011636,,,61,0,,"Production","Abandoned","Historical",-22.461359,134.162507,53,413833,7515865,"Estimated",
"RN011635","Dud Bore Woodgreen station",http://www.ntlis.nt.gov.au/hpa-services/borereport?bore=RN011635,,,68.6,0,,"Production","Abandoned","Historical",-22.43155,134.171373,53,414727,7519170,"Estimated",
"RN011634","Dud Bore Woodgreen Station",http://www.ntlis.nt.gov.au/hpa-services/borereport?bore=RN011634,,,39.6,0,,"Production","Abandoned","Historical",-22.461559,134.180263,53,415660,7515853,"Estimated",
"RN002175","NEW SHEEP BORE NO.2 3.6K WEST OF OLD BUSHY BORE.",http://www.ntlis.nt.gov.au/hpa-services/borereport?bore=RN002175,0.3,1950-01-01 00:00:00.0,42.1,0,0,"Production",,"Current",-22.932797,133.947208,53,392051,7463533,"GPS",
"RN018781","Investigation Monitoring Bore Pine Hill East",http://www.ntlis.nt.gov.au/hpa-services/borereport?bore=RN018781,1.8,2011-06-16 00:00:00.0,38,37.5,19.05,"Investigation","Constructed&Capped","Current",-22.403105,133.728168,53,369087,7522000,"GPS",
"RN013431","A63\15 WOODFORDE 15KM (SW) OF KEROSENE YARD.",http://www.ntlis.nt.gov.au/hpa-services/borereport?bore=RN013431,3,1982-05-26 00:00:00.0,42,0,0,"Production",,"Current",-22.534188,133.114445,53,306084,7506821,"GPS",
"RN018779","Investigation Monitoring Bore Pine Hill East",http://www.ntlis.nt.gov.au/hpa-services/borereport?bore=RN018779,2.6,2011-06-13 00:00:00.0,39,39,25.52,"Investigation","Constructed&Capped","Current",-22.459956,133.728175,53,369141,7515706,"GPS",
"RN018780","Investigation Monitoring Bore Pine Hill East",http://www.ntlis.nt.gov.au/hpa-services/borereport?bore=RN018780,8.5,2011-06-15 00:00:00.0,72,70.5,19.05,"Investigation","Constructed&Capped","Current",-22.403141,133.728139,53,369084,7521996,"GPS",
"RN002181","Craggleton Bore Woodgreen Station",http://www.ntlis.nt.gov.au/hpa-services/borereport?bore=RN002181,0.5,,26.5,0,,"Production","Abandoned","Historical",-22.408634,134.189443,53,416573,7521717,"GPS",
"RN002177",""NEW"H/STEAD P/JACK@OLD H/STD AT 2ND LAST HOMESTEAD",http://www.ntlis.nt.gov.au/hpa-services/borereport?bore=RN002177,,,20.4,0,,"Unknown",,"Current",-22.899466,133.930823,53,390344,7467211,"GPS",
"RN002176","HOME SHEEP BORE. U\S 9.4K WNW OF OLD BUSHY BORE",http://www.ntlis.nt.gov.au/hpa-services/borereport?bore=RN002176,,,30.5,0,,"Unknown",,"Current",-22.903346,133.935541,53,390831,7466785,"GPS",
"RN002173","WEST END BORE NO.1 6K NTH OF NEW BULLOCK RN 2174",http://www.ntlis.nt.gov.au/hpa-services/borereport?bore=RN002173,,,95.7,0,,"Unknown",,"Current",-22.970846,133.888328,53,386045,7459276,"GPS",
"RN013432","A63\16 BLUE BUSH REPLACEMENT 7.3KM (NW) OF HAWKNEST RN1",http://www.ntlis.nt.gov.au/hpa-services/borereport?bore=RN013432,4,1982-05-25 00:00:00.0,80,0,0,"Production",,"Current",-22.252875,133.097416,53,303938,7537950,"GPS",
"RN013433","A63/18. 6KM (S) OF ARDEN SOAK BORE.",http://www.ntlis.nt.gov.au/hpa-services/borereport?bore=RN013433,1.5,1982-05-27 00:00:00.0,88,0,0,"Production",,"Current",-22.397518,133.333871,53,328487,7522222,"Estimated",
"RN005625","140/97.5 BORE 51 TI TREE GRID",http://www.ntlis.nt.gov.au/hpa-services/borereport?bore=RN005625,0.1,1966-10-01 00:00:00.0,33.5,0,0,"Investigation",,"Current",-22.140038,133.443452,53,339476,7550851,"Surveyed",
"RN010502","DUD  DRY 6.4KM (E) OF RN14385.",http://www.ntlis.nt.gov.au/hpa-services/borereport?bore=RN010502,0,1972-11-28 00:00:00.0,3,0,0,"Production",,"Current",-22.350721,133.441199,53,339484,7527522,"Estimated",
"RN013205","A83  CROCODILE BORE 12KM (SE) OF MERINO BORE.",http://www.ntlis.nt.gov.au/hpa-services/borereport?bore=RN013205,2,1983-07-21 00:00:00.0,18,0,0,"Production",,"Current",-21.888638,133.788314,53,374825,7579006,"GPS",
"RN010503","Alcoota - Ti Tree Area",http://www.ntlis.nt.gov.au/hpa-services/borereport?bore=RN010503,0.8,1972-12-01 00:00:00.0,21.3,0,0,"Monitoring","Constructed&Capped","Current",-22.380181,133.882253,53,384930,7524664,"GPS",
"RN005629","Ti Tree Area",http://www.ntlis.nt.gov.au/hpa-services/borereport?bore=RN005629,2,1966-11-08 00:00:00.0,51.8,0,0,"Monitoring","Constructed&Capped","Current",-22.188033,133.487645,53,344087,7545583,"GPS",
"RN004487","A4/4 TOP CORNER BORE    (MILL) 14K NTH OF SPINIFEX RN 2",http://www.ntlis.nt.gov.au/hpa-services/borereport?bore=RN004487,1.5,1964-09-08 00:00:00.0,76.2,0,0,"Production",,"Current",-22.6153,133.937488,53,390802,7498676,"GPS",
"RN005630","90.5 / 81  BORE 52 TI TREE STATION",http://www.ntlis.nt.gov.au/hpa-services/borereport?bore=RN005630,1.8,1966-10-03 00:00:00.0,65.2,0,0,"Investigation",,"Current",-22.183991,133.296649,53,324388,7545822,"Surveyed",
"RN005631","130/55 BORE 56 TI TREE GRID   [OBS]",http://www.ntlis.nt.gov.au/hpa-services/borereport?bore=RN005631,3.7,1966-11-05 00:00:00.0,67.1,0,0,"Monitoring",,"Current",-22.256739,133.412591,53,336428,7537897,"Surveyed",
"RN018760","Monitoring Bore M3B Aileron Station",http://www.ntlis.nt.gov.au/hpa-services/borereport?bore=RN018760,0.3,2011-03-24 00:00:00.0,30,30,,"Investigation","Constructed&Capped","Current",-22.597482,133.227084,53,317754,7499954,"GPS",
"RN005632","148.5/126.5 BORE 60 TI TREE GRID",http://www.ntlis.nt.gov.au/hpa-services/borereport?bore=RN005632,0.7,1966-10-21 00:00:00.0,42.7,0,0,"Investigation",,"Current",-22.06044,133.469431,53,342067,7559691,"Surveyed",
"RN018761","Nolans Replacement Stock Bore M3A Aileron Station",http://www.ntlis.nt.gov.au/hpa-services/borereport?bore=RN018761,10,2011-03-26 00:00:00.0,59.5,59.5,19,"Production","Constructed&Capped","Current",-22.598361,133.22895,53,317947,7499859,"GPS",
"RN005633","Ti Tree Area",http://www.ntlis.nt.gov.au/hpa-services/borereport?bore=RN005633,0.1,1966-11-04 00:00:00.0,19.2,19.2,0,"Monitoring","Constructed&Capped","Current",-22.094827,133.423307,53,337346,7555835,"GPS",https://ntg.aquaticinformatics.net/AQWebportal/Data/Location/Summary/Location/RN005633/Interval/Latest
"RN005634","Ti Tree Area",http://www.ntlis.nt.gov.au/hpa-services/borereport?bore=RN005634,3,1966-11-17 00:00:00.0,108.1,0,0,"Monitoring","Constructed&Capped","Current",-22.214772,133.36571,53,331546,7542492,"GPS",
"RN005635","105/95 BORE 53 CORE HOLE TI TREE GRID",http://www.ntlis.nt.gov.au/hpa-services/borereport?bore=RN005635,9,1966-10-04 00:00:00.0,43.9,0,0,"Investigation",,"Current",-22.145901,133.33996,53,328808,7550089,"Surveyed",
"RN005636","130/55 BORE 57 TI TREE GRID",http://www.ntlis.nt.gov.au/hpa-services/borereport?bore=RN005636,3.7,1966-11-05 00:00:00.0,61.9,0,0,"Investigation",,"Current",-22.256739,133.412591,53,336428,7537897,"Surveyed",
"RN004224","A27/4 1ATT 100GPD(DUD N/TRACE) NORTH FLANK OF MT STUART",http://www.ntlis.nt.gov.au/hpa-services/borereport?bore=RN004224,0.1,1962-06-24 00:00:00.0,43.3,0,0,"Production",,"Current",-21.839187,133.453039,53,340128,7584170,"Estimated",
"RN005626","Ti Tree Area",http://www.ntlis.nt.gov.au/hpa-services/borereport?bore=RN005626,0.5,1966-11-10 00:00:00.0,29.9,29.9,0,"Monitoring","Constructed&Capped","Current",-22.163176,133.441561,53,339307,7548287,"GPS",https://ntg.aquaticinformatics.net/AQWebportal/Data/Location/Summary/Location/RN005626/Interval/Latest
"RN004225","A27/4 GINGER HOLE BORE 2ND ATT 9KM (SSE) OF RN2954.",http://www.ntlis.nt.gov.au/hpa-services/borereport?bore=RN004225,0.8,1962-08-27 00:00:00.0,85.3,0,0,"Production",,"Current",-21.813902,133.48582,53,343489,7587003,"GPS",
"RN005627","147/127 BORE 59 TI TREE",http://www.ntlis.nt.gov.au/hpa-services/borereport?bore=RN005627,0.7,1966-10-20 00:00:00.0,57.9,0,0,"Investigation",,"Current",-22.059026,133.465008,53,341609,7559843,"Surveyed",
"RN005628","Ti Tree Area",http://www.ntlis.nt.gov.au/hpa-services/borereport?bore=RN005628,0.9,1966-11-04 00:00:00.0,55.8,55.8,0,"Monitoring","Constructed&Capped","Current",-22.146209,133.251318,53,319665,7549952,"GPS",https://ntg.aquaticinformatics.net/AQWebportal/Data/Location/Summary/Location/RN005628/Interval/Latest
"RN010714","SG8 WRB INV OLD PRD U\S APX100M (NE)OF PROD N3 RN10715",http://www.ntlis.nt.gov.au/hpa-services/borereport?bore=RN010714,1,1973-10-10 00:00:00.0,24.4,24.4,0,"Production",,"Current",-21.726248,133.761624,53,371923,7596961,"GPS",
"RN010715","Abandoned SG9 Production Bore #3 Wilora Community",http://www.ntlis.nt.gov.au/hpa-services/borereport?bore=RN010715,1.1,1973-10-10 00:00:00.0,25.7,0,0,"Production","Abandoned","Historical",-21.726762,133.760734,53,371831,7596903,"GPS",
"RN005640","Ti Tree Area",http://www.ntlis.nt.gov.au/hpa-services/borereport?bore=RN005640,2.2,1966-10-14 00:00:00.0,48.5,0,0,"Monitoring","Constructed&Capped","Current",-22.055585,133.468235,53,341938,7560227,"GPS",
"RN005641","Ti Tree Area",http://www.ntlis.nt.gov.au/hpa-services/borereport?bore=RN005641,0.8,1966-10-24 00:00:00.0,61,61,0,"Monitoring","Constructed&Capped","Current",-22.206928,133.285405,53,323257,7543269,"GPS",https://ntg.aquaticinformatics.net/AQWebportal/Data/Location/Summary/Location/RN005641/Interval/Latest
"RN005642","85/95 BORE 70 TI TREE",http://www.ntlis.nt.gov.au/hpa-services/borereport?bore=RN005642,2.2,1966-10-26 00:00:00.0,61.9,0,0,"Investigation",,"Current",-22.145288,133.280868,53,322712,7550089,"Surveyed",
"RN005643","110/44 BORE 74 TI TREE",http://www.ntlis.nt.gov.au/hpa-services/borereport?bore=RN005643,2.2,1966-11-07 00:00:00.0,70,0,0,"Investigation",,"Current",-22.286421,133.353095,53,330332,7534545,"Surveyed",
"RN018762","Monitoring Bore M3C Aileron Station",http://www.ntlis.nt.gov.au/hpa-services/borereport?bore=RN018762,6,2011-03-28 00:00:00.0,36,36,19,"Investigation","Constructed&Capped","Current",-22.598288,133.228893,53,317941,7499867,"GPS",
"RN018763","Investigation Bore MB1 NTP 703 Aileron Station",http://www.ntlis.nt.gov.au/hpa-services/borereport?bore=RN018763,7,2011-04-06 00:00:00.0,228,136,38,"Investigation","Constructed&Capped","Current",-22.574201,133.638186,53,359996,7502976,"GPS",
"RN019012","Roads Bore Plenty Highway",http://www.ntlis.nt.gov.au/hpa-services/borereport?bore=RN019012,1.5,2014-10-06 00:00:00.0,27,27,14,"Production","Constructed&Capped","Current",-22.977985,134.001266,53,397628,7458569,"GPS",
"RN018764","Production Bore PW1 Allungra North Aileron Station",http://www.ntlis.nt.gov.au/hpa-services/borereport?bore=RN018764,6,2011-06-07 00:00:00.0,110,110,38.4,"Production","Constructed&Capped","Current",-22.570955,133.633472,53,359508,7503331,"GPS",
"RN019013","Abandoned Roads Bore Sandover Highway",http://www.ntlis.nt.gov.au/hpa-services/borereport?bore=RN019013,,2014-10-07 00:00:00.0,78,0,,"Production","Backfilled","Historical",-22.935509,133.83004,53,380038,7463142,"GPS",
"RN003344","HOMESTEAD BORE. AT TANK STAND.",http://www.ntlis.nt.gov.au/hpa-services/borereport?bore=RN003344,,,21.3,0,,"Unknown",,"Current",-22.210499,134.117718,53,409062,7543609,"GPS",
"RN000350","#2 Bore Abandoned Woodgreen Station",http://www.ntlis.nt.gov.au/hpa-services/borereport?bore=RN000350,1.1,1955-10-01 00:00:00.0,39.3,0,0,"Production","Abandoned","Historical",-22.483486,134.238014,53,421615,7513457,"GPS",
"RN005639","Ti Tree Area",http://www.ntlis.nt.gov.au/hpa-services/borereport?bore=RN005639,9.1,1966-10-06 00:00:00.0,57.9,57.9,0,"Monitoring","Constructed&Capped","Current",-22.146577,133.372432,53,332158,7550050,"GPS",
"RN005637","143.5/130 BORE 61 TI TREE GRID",http://www.ntlis.nt.gov.au/hpa-services/borereport?bore=RN005637,0.1,1966-10-22 00:00:00.0,68,0,0,"Investigation",,"Current",-22.050674,133.45477,53,340543,7560757,"Surveyed",
"RN010972","RAWLINS 1975 WELL 10 M  NE OF RN10546",http://www.ntlis.nt.gov.au/hpa-services/borereport?bore=RN010972,0,1975-07-01 00:00:00.0,5.2,0,0,"Production",,"Current",-22.129808,133.417664,53,336804,7551956,"Estimated",
"RN005638","Ti Tree Area",http://www.ntlis.nt.gov.au/hpa-services/borereport?bore=RN005638,6,1966-11-05 00:00:00.0,57.3,0,0,"Monitoring","Constructed&Capped","Current",-22.243082,133.48752,53,344135,7539488,"GPS",
"RN004512","A87/1 2ATT 26M DUD N/T 1.6K NTH WEST OF H/STEAD",http://www.ntlis.nt.gov.au/hpa-services/borereport?bore=RN004512,0,1964-09-27 00:00:00.0,25.9,0,0,"Production",,"Current",-22.636709,133.322429,53,327606,7495724,"Estimated",
"RN017268","Exploration Bore CRA TT3 Abandoned Ti Tree Basin",http://www.ntlis.nt.gov.au/hpa-services/borereport?bore=RN017268,,1972-11-14 00:00:00.0,156.9,0,,"Investigation","Backfilled","Historical",-22.23188,133.444188,53,339656,7540683,"GPS",
"RN017266","Exploration Bore DDH TTW1 Abandoned Ti Tree Basin",http://www.ntlis.nt.gov.au/hpa-services/borereport?bore=RN017266,,1978-10-01 00:00:00.0,150.2,0,,"Investigation","Backfilled","Historical",-22.242897,133.358416,53,330828,7539370,"Estimated",
"RN004509","A87/1 1ATT 3M SEEPAGE DUD  N/T 2K WEST OF HOMESTEAD",http://www.ntlis.nt.gov.au/hpa-services/borereport?bore=RN004509,0,1964-09-22 00:00:00.0,3,0,0,"Production",,"Current",-22.653211,133.322706,53,327655,7493897,"Estimated",
"RN017272","Exploration Bore CRA TT5 Abandoned Ti Tree Basin",http://www.ntlis.nt.gov.au/hpa-services/borereport?bore=RN017272,,1972-11-30 00:00:00.0,145.8,0,,"Investigation","Backfilled","Historical",-22.373283,133.322924,53,327330,7524893,"Estimated",
"RN017271","Exploration Bore CRA TT4 Abandoned Ti Tree Basin",http://www.ntlis.nt.gov.au/hpa-services/borereport?bore=RN017271,,1972-11-25 00:00:00.0,218.8,0,,"Investigation","Backfilled","Historical",-22.338499,133.353338,53,330420,7528779,"Estimated",
"RN017270","Exploration Bore CRA TT2 Abandoned Ti Tree Basin",http://www.ntlis.nt.gov.au/hpa-services/borereport?bore=RN017270,,1972-11-03 00:00:00.0,211.1,0,,"Investigation","Backfilled","Historical",-22.303154,133.382502,53,333382,7532725,"GPS",
"RN017269","Exploration Bore CRA TT1 Abandoned Ti Tree Basin",http://www.ntlis.nt.gov.au/hpa-services/borereport?bore=RN017269,,1972-10-21 00:00:00.0,318.8,0,,"Investigation","Backfilled","Historical",-22.267236,133.413753,53,336560,7536736,"Estimated",
"RN017273","Exploration Bore CRA TT6 Abandoned Ti Tree Basin",http://www.ntlis.nt.gov.au/hpa-services/borereport?bore=RN017273,,1972-12-10 00:00:00.0,226.4,0,,"Investigation","Abandoned","Historical",-22.408335,133.292918,53,324284,7520977,"Estimated",
"RN016010","Old Woola Downs Bore",http://www.ntlis.nt.gov.au/hpa-services/borereport?bore=RN016010,0,1986-01-01 00:00:00.0,12.2,0,0,"Production",,"Current",-22.203348,133.863322,53,382834,7544226,"Estimated",
"RN016988","Production Bore #14 Territory Grape Farm",http://www.ntlis.nt.gov.au/hpa-services/borereport?bore=RN016988,4.5,2000-05-07 00:00:00.0,90,87.3,21.9,"Production","Constructed&Capped","Current",-22.438246,133.655053,53,361595,7518044,"GPS",
"RN016983","Production Bore #9 Territory Grape Farm",http://www.ntlis.nt.gov.au/hpa-services/borereport?bore=RN016983,8,1999-05-13 00:00:00.0,90,71,19.6,"Production","Constructed&Capped","Current",-22.445173,133.650672,53,361151,7517273,"GPS",
"RN016982","Production Bore #12 Territory Grape Farm",http://www.ntlis.nt.gov.au/hpa-services/borereport?bore=RN016982,7,1999-05-16 00:00:00.0,80.6,80.6,22.3,"Production","Constructed&Capped","Current",-22.464912,133.655447,53,361662,7515092,"GPS",
"RN017283","Domestic Bore Aileron Roadhouse",http://www.ntlis.nt.gov.au/hpa-services/borereport?bore=RN017283,0.9,1997-09-08 00:00:00.0,54,54,46,"Production","Constructed&Capped","Current",-22.645315,133.347603,53,330204,7494800,"GPS",
"RN016981","Production Bore #11 Territory Grape Farm",http://www.ntlis.nt.gov.au/hpa-services/borereport?bore=RN016981,7,1999-05-09 00:00:00.0,80,79.6,21.8,"Production","Constructed&Capped","Current",-22.458785,133.658344,53,361954,7515773,"GPS",
"RN016987","Monitoring Bore Territory Grape Farm",http://www.ntlis.nt.gov.au/hpa-services/borereport?bore=RN016987,2.5,1999-05-21 00:00:00.0,90,89.5,26.7,"Monitoring","Constructed&Capped","Current",-22.472463,133.652245,53,361340,7514253,"GPS",
"RN016986","Production Bore #10 Territory Grape Farm",http://www.ntlis.nt.gov.au/hpa-services/borereport?bore=RN016986,5,1999-05-20 00:00:00.0,83.4,83.4,21.9,"Production","Constructed&Capped","Current",-22.450686,133.657596,53,361869,7516669,"GPS",
"RN016985","Production Bore #13 Territory Grape Farm",http://www.ntlis.nt.gov.au/hpa-services/borereport?bore=RN016985,6,1999-05-18 00:00:00.0,90,72,21.7,"Production","Constructed&Capped","Current",-22.450707,133.668809,53,363023,7516677,"GPS",
"RN016984","Monitoring Bore Territory Grape Farm",http://www.ntlis.nt.gov.au/hpa-services/borereport?bore=RN016984,5,1999-05-17 00:00:00.0,72,65.9,22.1,"Monitoring","Constructed&Capped","Current",-22.459378,133.668833,53,363034,7515717,"GPS",
"RN014025","DUD,8KM (W) OF S/HWY ON P/HILL RD & 7KM (N) ON BANK OF",http://www.ntlis.nt.gov.au/hpa-services/borereport?bore=RN014025,0,1984-04-02 00:00:00.0,48,0,0,"Production",,"Current",-22.454187,133.259993,53,320953,7515861,"Estimated",
"RN014882","DEGGER BLOCK NO 3288 APX 300M (S) OF RN14883 TITREE",http://www.ntlis.nt.gov.au/hpa-services/borereport?bore=RN014882,7,1988-08-30 00:00:00.0,67.6,0,0,"Production",,"Current",-22.248411,133.419903,53,337172,7538827,"GPS",
"RN014883","Red Centre Farm Lot 3287 Ti Tree Production Bore",http://www.ntlis.nt.gov.au/hpa-services/borereport?bore=RN014883,3,1988-08-30 00:00:00.0,67.6,0,0,"Production",,"Current",-22.245568,133.420286,53,337208,7539142,"GPS",
"RN006543","Monitoring Bore Ti Tree Area",http://www.ntlis.nt.gov.au/hpa-services/borereport?bore=RN006543,3.8,1969-05-22 00:00:00.0,91.7,91.7,0,"Monitoring",,"Current",-22.23014,133.401658,53,335270,7540830,"GPS",https://ntg.aquaticinformatics.net/AQWebportal/Data/Location/Summary/Location/RN006543/Interval/Latest
"RN006542","130/60C PRO DHALENBURG'S #83 350M E OF PRO RN 11767",http://www.ntlis.nt.gov.au/hpa-services/borereport?bore=RN006542,12.6,1969-05-13 00:00:00.0,61.6,0,0,"Production",,"Current",-22.242984,133.413582,53,336514,7539421,"Surveyed",
"RN014024","DRY DUD             (CROSSING) 100M (N) OF WOODFORDE P/",http://www.ntlis.nt.gov.au/hpa-services/borereport?bore=RN014024,,,48,0,,"Unknown",,"Current",-22.460307,133.260538,53,321017,7515184,"Estimated",
"RN042859","Stirling Station Portion 655 Stuart Highway",http://www.ntlis.nt.gov.au/hpa-services/borereport?bore=RN042859,10,2022-05-01 00:00:00.0,72,44,8,,"Constructed&Capped","Current",-21.6956,133.581888,53,353300,7600194,"GPS",
"RN013550","ROADS 55M 0.1LPS DUD       N/T 500M NORTH EAST OF RN 13",http://www.ntlis.nt.gov.au/hpa-services/borereport?bore=RN013550,0.1,1982-11-21 00:00:00.0,55,0,0,"Production",,"Current",-22.586965,133.33805,53,329150,7501250,"Estimated",
"RN013544","Woodgreen Station - Railway Corridor",http://www.ntlis.nt.gov.au/hpa-services/borereport?bore=RN013544,3,1982-10-30 00:00:00.0,49,49,0,"Monitoring","Constructed&Capped","Current",-22.428393,133.888037,53,385565,7519331,"GPS",
"RN015980","Kahl Farm Lot 3848 Production Bore Ti Tree",http://www.ntlis.nt.gov.au/hpa-services/borereport?bore=RN015980,10,1996-03-21 00:00:00.0,53,53,22,"Production","Constructed&Capped","Current",-22.250792,133.409603,53,336113,7538552,"GPS",
"RN013545","Alcoota - Bushy Park Station",http://www.ntlis.nt.gov.au/hpa-services/borereport?bore=RN013545,2.5,1982-10-31 00:00:00.0,91,91,0,"Monitoring","Constructed&Capped","Current",-22.604396,133.854485,53,382261,7499820,"GPS",
"RN010480","DUD  DRY 8KM (W) OF RN2616.",http://www.ntlis.nt.gov.au/hpa-services/borereport?bore=RN010480,0,1972-11-27 00:00:00.0,13.1,0,0,"Production",,"Current",-22.360098,133.977484,53,394720,7526957,"Estimated",
"RN013542","Alcoota - Ti Tree Area",http://www.ntlis.nt.gov.au/hpa-services/borereport?bore=RN013542,3,1982-10-28 00:00:00.0,46,42,0,"Monitoring","Constructed&Capped","Current",-22.099487,133.947562,53,391438,7555786,"GPS",
"RN010479","MULLENGERRY 4.8KM SW PROCLAMATION BORE",http://www.ntlis.nt.gov.au/hpa-services/borereport?bore=RN010479,0.8,1972-09-01 00:00:00.0,21.3,0,0,"Production",,"Current",-22.443633,134.044817,53,401712,7517755,"GPS",
"RN013543","Alcoota - Ti Tree Area",http://www.ntlis.nt.gov.au/hpa-services/borereport?bore=RN013543,3,1982-10-29 00:00:00.0,73,73,0,"Monitoring","Constructed&Capped","Current",-22.271567,133.915349,53,388251,7536713,"GPS",
"RN015977","Flynn Bore Aileron Station",http://www.ntlis.nt.gov.au/hpa-services/borereport?bore=RN015977,2,1992-12-13 00:00:00.0,60,60,29,"Production","Equipped","Current",-22.645365,133.348984,53,330346,7494796,"GPS",
"RN013548","ROADS 53M SEEPAGE DUD      N/T 4.3K NORTH OF AILERON PU",http://www.ntlis.nt.gov.au/hpa-services/borereport?bore=RN013548,0.1,1982-11-19 00:00:00.0,53,0,0,"Production",,"Current",-22.605997,133.344436,53,329830,7499150,"Estimated",
"RN013549","ROADS 61M DRY DUD          N/T 1K NORTH WEST OF RN 1354",http://www.ntlis.nt.gov.au/hpa-services/borereport?bore=RN013549,0,1982-11-20 00:00:00.0,61,0,0,"Production",,"Current",-22.59009,133.334608,53,328800,7500900,"Estimated",
"RN013546","R/WAY 106.9K 97M 0.5LPS DUD OF CONNER RD & 150 (W) OF L",http://www.ntlis.nt.gov.au/hpa-services/borereport?bore=RN013546,0.5,1982-11-01 00:00:00.0,97,0,0,"Production",,"Current",-22.803612,133.810776,53,377945,7477729,"Estimated",
"RN015982","Bore #3 Aileron Roadhouse",http://www.ntlis.nt.gov.au/hpa-services/borereport?bore=RN015982,0.6,1996-03-20 00:00:00.0,69,69,32,"Production","Constructed&Capped","Current",-22.645529,133.348214,53,330267,7494777,"GPS",
"RN017505","Stock Bore Dud Aileron Station",http://www.ntlis.nt.gov.au/hpa-services/borereport?bore=RN017505,,1999-11-17 00:00:00.0,60,0,,"Production","Backfilled","Historical",-22.704423,133.300134,53,325400,7488200,"GPS",
"RN013547","Monitoring Bore Aileron Station (Railway Corridor)",http://www.ntlis.nt.gov.au/hpa-services/borereport?bore=RN013547,20.2,1982-11-03 00:00:00.0,138,138,0,"Monitoring","Constructed&Capped","Current",-22.751524,133.826792,53,379543,7483509,"GPS",
"RN015981","Ti Tree Farms Puginischi Lot 1996",http://www.ntlis.nt.gov.au/hpa-services/borereport?bore=RN015981,8,1996-03-07 00:00:00.0,54,54,22,"Production","Constructed&Capped","Current",-22.24037,133.424398,53,337626,7539722,"Surveyed",
"RN017504","Stock Bore Dud Aileron Station",http://www.ntlis.nt.gov.au/hpa-services/borereport?bore=RN017504,,1999-11-17 00:00:00.0,60,0,,"Production","Backfilled","Historical",-22.704423,133.300134,53,325400,7488200,"GPS",
"RN013551","ROAD BORE MACMAHONS CAMP. PROWSE GAP AREA.",http://www.ntlis.nt.gov.au/hpa-services/borereport?bore=RN013551,1,1982-11-22 00:00:00.0,61,0,0,"Production",,"Current",-22.550308,133.310272,53,326248,7505277,"GPS",
"RN015987","Aileron Roadhouse Greg Dick",http://www.ntlis.nt.gov.au/hpa-services/borereport?bore=RN015987,0,1997-09-07 00:00:00.0,48,0,0,"Production","Backfilled","Historical",-22.646421,133.341012,53,329528,7494670,"Estimated",
"RN013552","NO 5 MCMAHON PROWES GAP WELL AREA",http://www.ntlis.nt.gov.au/hpa-services/borereport?bore=RN013552,3,1982-11-22 00:00:00.0,30,0,0,"Production",,"Current",-22.54765,133.309138,53,326128,7505570,"GPS",
"RN015986","Site 1 Aileron Roadhouse",http://www.ntlis.nt.gov.au/hpa-services/borereport?bore=RN015986,0,1997-09-05 00:00:00.0,75,0,0,"Production","Backfilled","Historical",-22.641866,133.337165,53,329127,7495170,"Estimated",
"RN043744","6300 Stuart Highway",http://www.ntlis.nt.gov.au/hpa-services/borereport?bore=RN043744,0.1,2023-08-01 14:04:06.0,48,48,,,"Constructed&Capped","Current",-22.570563,133.230473,53,318067,7502939,,
"RN043745","NT Portion 703 Aileron",http://www.ntlis.nt.gov.au/hpa-services/borereport?bore=RN043745,,2011-12-03 00:00:00.0,70,70,,,,"Current",-22.578321,133.237103,53,318759,7502088,"GPS",
"RN017265","Exploration Bore DDH 81TT1 Abandoned Ti Tree Basin",http://www.ntlis.nt.gov.au/hpa-services/borereport?bore=RN017265,,1981-01-01 00:00:00.0,202,0,,"Investigation","Backfilled","Historical",-22.406566,133.290453,53,324028,7521170,"Estimated",
"RN017514","Irrigation Bore Dud Ti Tree Farm NTP 3849",http://www.ntlis.nt.gov.au/hpa-services/borereport?bore=RN017514,4,2000-04-04 00:00:00.0,90,0,,"Production","Backfilled","Historical",-22.236742,133.406025,53,335728,7540104,"Estimated",
"RN006544","Ti Tree Area",http://www.ntlis.nt.gov.au/hpa-services/borereport?bore=RN006544,0,1969-05-24 00:00:00.0,85.3,0,0,"Monitoring","Constructed&Capped","Current",-22.222794,133.393991,53,334471,7541635,"GPS",
"RN019568","Stock Bore Oolloo Farm",http://www.ntlis.nt.gov.au/hpa-services/borereport?bore=RN019568,15,2017-11-03 00:00:00.0,66,65.5,11.3,"Production","Constructed&Capped","Current",-22.345837,133.68711,53,364805,7528304,"GPS",
"RN017264","Exploration Bore DDH TTW2 Abandoned Ti Tree Basin",http://www.ntlis.nt.gov.au/hpa-services/borereport?bore=RN017264,,1978-12-01 00:00:00.0,134.5,0,,"Investigation","Backfilled","Historical",-22.281513,133.427569,53,338000,7535170,"Estimated",
"RN017516","Production Bore Territory Grape Farm",http://www.ntlis.nt.gov.au/hpa-services/borereport?bore=RN017516,10,2000-05-06 00:00:00.0,90,84,20.54,"Production","Constructed&Capped","Current",-22.446038,133.638557,53,359905,7517166,"GPS",
"RN017515","Production Bore Ti Tree Farm NTP 3706",http://www.ntlis.nt.gov.au/hpa-services/borereport?bore=RN017515,4,2000-04-06 00:00:00.0,90,90,25.1,"Production","Constructed&Capped","Current",-22.239595,133.41265,53,336414,7539795,"Estimated",
"RN010703","TIN FISH WELL NO 2 3M (S) OF TIN FISH NO1.",http://www.ntlis.nt.gov.au/hpa-services/borereport?bore=RN010703,,,7.6,0,,"Unknown",,"Current",-21.909181,133.871101,53,383395,7576797,"GPS",
"RN010198","Angera Bore Woodgreen Station",http://www.ntlis.nt.gov.au/hpa-services/borereport?bore=RN010198,0.5,1971-10-20 00:00:00.0,29.9,29.9,18.9,"Production",,"Current",-22.430967,134.146113,53,412127,7519220,"GPS",
"RN010199","WIRRIGAN. 4.8km (SE) OF LILY FLAT BORE.",http://www.ntlis.nt.gov.au/hpa-services/borereport?bore=RN010199,1.3,1971-09-28 00:00:00.0,31.1,0,0,"Production",,"Current",-22.57125,134.112182,53,408728,7503670,"Estimated",
"RN014881","Ti Tree Government Research Farm Production Bore",http://www.ntlis.nt.gov.au/hpa-services/borereport?bore=RN014881,10,1988-08-31 00:00:00.0,95.9,0,0,"Production",,"Current",-22.249582,133.419702,53,337152,7538697,"On Block",
"RN014016","SOLAR BORE 10.2KM (N) OF HARPER SPRINGS.",http://www.ntlis.nt.gov.au/hpa-services/borereport?bore=RN014016,5,1984-03-09 00:00:00.0,18,0,0,"Production",,"Current",-22.098896,134.074985,53,404582,7555937,"GPS",
"RN012433","Yerik Bore Woodgreen Station",http://www.ntlis.nt.gov.au/hpa-services/borereport?bore=RN012433,0,1979-11-12 00:00:00.0,30,0,0,"Production","Abandoned","Historical",-22.477069,134.243032,53,422127,7514170,"Estimated",
"RN013781","BHP BORE 5.2KM E OF RN13433&-3K E S\HWY",http://www.ntlis.nt.gov.au/hpa-services/borereport?bore=RN013781,3,1983-12-26 00:00:00.0,255,0,0,"Production",,"Current",-22.422835,133.36463,53,331684,7519454,"Surveyed",
"RN015971","GREGS HOPE BORE 20M WEST OF AILERON PUB",http://www.ntlis.nt.gov.au/hpa-services/borereport?bore=RN015971,0.5,1992-02-27 00:00:00.0,98,68,20,"Production","Constructed&Capped","Current",-22.641926,133.343012,53,329728,7495170,"Estimated",
"RN017233","Irrigation Bore Kahl Farm Lot 3848 Ti Tree Farms",http://www.ntlis.nt.gov.au/hpa-services/borereport?bore=RN017233,5,1998-03-16 00:00:00.0,105.7,72,26,"Production","Constructed&Capped","Current",-22.250406,133.404349,53,335571,7538589,"Estimated",
"RN010675","NO 89 [PROD-USE] NO 9 JUTUNTA COMMUNITY",http://www.ntlis.nt.gov.au/hpa-services/borereport?bore=RN010675,6.1,1973-06-22 00:00:00.0,61.3,0,0,"Production",,"Current",-22.208357,133.428558,53,338018,7543271,"GPS",
"RN015322","EXCISION 22M SEEPAGE DUD 2.3K EAST OF STUART HYWAY.",http://www.ntlis.nt.gov.au/hpa-services/borereport?bore=RN015322,0.1,1989-01-20 00:00:00.0,50,0,0,"Production",,"Current",-22.680133,133.382406,53,333823,7490984,"GPS",
"RN016455","Petyale Outstation Dud Hansen River Ti Tree",http://www.ntlis.nt.gov.au/hpa-services/borereport?bore=RN016455,,1994-02-09 00:00:00.0,42,0,,"Production","Backfilled","Historical",-22.000014,133.437741,53,338728,7566348,"GPS",
"RN010674","NO 88 [PROD-USE] NO 2 JUTUNTA COMMUNITY",http://www.ntlis.nt.gov.au/hpa-services/borereport?bore=RN010674,7,1973-06-19 00:00:00.0,75.6,0,0,"Production",,"Current",-22.208217,133.429073,53,338071,7543287,"GPS",
"RN015323","EXCISION 22M 1LPS SALT DUD EASTERN SIDE LAUGHTONS LAGOO",http://www.ntlis.nt.gov.au/hpa-services/borereport?bore=RN015323,1,1989-01-20 00:00:00.0,22,0,0,"Production",,"Current",-22.673351,133.377922,53,333354,7491730,"GPS",
"RN010677","Monitoring Bore Ti Tree Area",http://www.ntlis.nt.gov.au/hpa-services/borereport?bore=RN010677,2.3,1973-06-27 00:00:00.0,49.1,49.1,0,"Monitoring","Constructed&Capped","Current",-22.154776,133.408823,53,335921,7549182,"GPS",
"RN010676","[PROD] NO 1= JUTUNTA COMMUNITY/TI=TREE W/SUPPLY",http://www.ntlis.nt.gov.au/hpa-services/borereport?bore=RN010676,6.1,1973-06-23 00:00:00.0,61.3,0,0,"Production",,"Current",-22.207719,133.428943,53,338057,7543342,"GPS",
"RN018612","Investigation Monitoring Bore Pine Hill East",http://www.ntlis.nt.gov.au/hpa-services/borereport?bore=RN018612,9.7,2011-06-07 00:00:00.0,81.9,81.3,33.94,"Investigation","Constructed&Capped","Current",-22.565201,133.728096,53,369232,7504054,"GPS",
"RN018613","Investigation Monitoring Bore Pine Hill East",http://www.ntlis.nt.gov.au/hpa-services/borereport?bore=RN018613,0.3,2011-06-09 00:00:00.0,51,51,33.34,"Investigation","Constructed&Capped","Current",-22.565301,133.728134,53,369236,7504043,"GPS",
"RN018614","Investigation Monitoring Bore Pine Hill East",http://www.ntlis.nt.gov.au/hpa-services/borereport?bore=RN018614,3.3,2011-06-11 00:00:00.0,73.7,60.5,25.61,"Investigation","Constructed&Capped","Current",-22.459983,133.728126,53,369136,7515703,"GPS",
"RN013743","NO2 RAILWAY 145.9K BORE 145.9K PEG.",http://www.ntlis.nt.gov.au/hpa-services/borereport?bore=RN013743,17,1983-02-19 00:00:00.0,51.8,0,0,"Production",,"Current",-22.428463,133.88795,53,385556,7519323,"Surveyed",
"RN015326","SITE E [PROD-USE] ALYUEN 2KM S OF AILERON H/S  ALYUEN",http://www.ntlis.nt.gov.au/hpa-services/borereport?bore=RN015326,3,1989-01-21 00:00:00.0,37.3,0,0,"Production",,"Current",-22.661125,133.349885,53,330458,7493052,"Surveyed",
"RN018608","Investigation Monitoring Bore Arden Soak",http://www.ntlis.nt.gov.au/hpa-services/borereport?bore=RN018608,0.1,2011-05-23 00:00:00.0,79,73,51.34,"Investigation","Constructed&Capped","Current",-22.393128,133.31991,53,327044,7522692,"GPS",
"RN010678","Ti Tree Area",http://www.ntlis.nt.gov.au/hpa-services/borereport?bore=RN010678,4.5,1973-06-29 00:00:00.0,49.6,49.6,0,"Monitoring","Constructed&Capped","Current",-22.154934,133.409267,53,335967,7549165,"GPS",https://ntg.aquaticinformatics.net/AQWebportal/Data/Location/Summary/Location/RN010678/Interval/Latest
"RN013744","Investigation Railway Corridor Bore",http://www.ntlis.nt.gov.au/hpa-services/borereport?bore=RN013744,10.4,1983-02-26 00:00:00.0,42.6,0,0,"Production",,"Current",-22.099633,133.94746,53,391428,7555770,"Estimated",
"RN018609","Investigation Monitoring Bore Pine Hill East",http://www.ntlis.nt.gov.au/hpa-services/borereport?bore=RN018609,6,2011-05-26 00:00:00.0,72.6,72.3,31.33,"Investigation","Constructed&Capped","Current",-22.526867,133.727961,53,369182,7508298,"GPS",
"RN015324","EXCISION 50M DRY DUD 1.7K SSE OF AILERON STOCK YDS",http://www.ntlis.nt.gov.au/hpa-services/borereport?bore=RN015324,0,1989-01-20 00:00:00.0,50,0,0,"Production",,"Current",-22.66199,133.354049,53,330887,7492961,"GPS",
"RN016457","Stock Bore Salty Dud Stirling Station",http://www.ntlis.nt.gov.au/hpa-services/borereport?bore=RN016457,1,1994-02-10 00:00:00.0,20,0,,"Production","Backfilled","Historical",-21.764812,133.672037,53,362693,7592615,"GPS",
"RN018610","Investigation Monitoring Bore Pine Hill East",http://www.ntlis.nt.gov.au/hpa-services/borereport?bore=RN018610,1.5,2011-06-03 00:00:00.0,60.5,57,31.92,"Investigation","Constructed&Capped","Current",-22.526866,133.727923,53,369178,7508298,"GPS",
"RN015325","SITE E/ DRY DUD 2KM (S) OF HOMESTEAD.",http://www.ntlis.nt.gov.au/hpa-services/borereport?bore=RN015325,0,1989-01-21 00:00:00.0,34.1,0,0,"Production",,"Current",-22.662856,133.350497,53,330523,7492861,"GPS",
"RN018611","Investigation Monitoring Bore Pine Hill East",http://www.ntlis.nt.gov.au/hpa-services/borereport?bore=RN018611,0.9,2011-06-04 00:00:00.0,40,39.9,31.3,"Investigation","Constructed&Capped","Current",-22.526911,133.727922,53,369178,7508293,"GPS",
"RN013747","197 KM RAILWAY  BORE 197km No2.",http://www.ntlis.nt.gov.au/hpa-services/borereport?bore=RN013747,3,1983-03-11 00:00:00.0,51.4,0,0,"Production",,"Current",-21.975132,133.972592,53,393927,7569570,"Estimated",
"RN013745","RAILWAY 199KM. 199KM PEG ON R/WAY SURVEY",http://www.ntlis.nt.gov.au/hpa-services/borereport?bore=RN013745,1,1983-03-04 00:00:00.0,100.6,0,0,"Production",,"Current",-21.968688,133.982323,53,394927,7570290,"Estimated",
"RN013746","RAILWAY 197 KM 197KM PEG ON SURVEY",http://www.ntlis.nt.gov.au/hpa-services/borereport?bore=RN013746,8,1983-03-09 00:00:00.0,51.8,0,0,"Production",,"Current",-21.975132,133.972592,53,393927,7569570,"Estimated",
"RN018607","Investigation Monitoring Bore Arden Soak",http://www.ntlis.nt.gov.au/hpa-services/borereport?bore=RN018607,,2011-05-21 00:00:00.0,66.8,54,,"Investigation","Constructed&Capped","Current",-22.387781,133.307689,53,325779,7523270,"GPS",
"RN011788","2 MILE WELL.(DOZED OVER) 3KM (W) OF HARPER SPRINGS WELL",http://www.ntlis.nt.gov.au/hpa-services/borereport?bore=RN011788,0,1920-07-01 00:00:00.0,15.2,0,0,"Production",,"Current",-22.183837,134.076321,53,404777,7546535,"GPS",
"RN012891","WESTEND NO2 76M 0.4LPS DUD N/T 1K STH/EAST OF WEST END",http://www.ntlis.nt.gov.au/hpa-services/borereport?bore=RN012891,0.5,1980-10-14 00:00:00.0,76,0,0,"Production",,"Current",-22.978097,133.897097,53,386950,7458480,"Estimated",
"RN014861","Aileron Station",http://www.ntlis.nt.gov.au/hpa-services/borereport?bore=RN014861,7,1986-11-15 00:00:00.0,69.4,0,0,"Monitoring","Constructed&Capped","Current",-22.631307,133.713205,53,367764,7496722,"GPS",
"RN014859","Monitoring Bore Woodgreen Station",http://www.ntlis.nt.gov.au/hpa-services/borereport?bore=RN014859,10,1986-10-30 00:00:00.0,76,0,0,"Monitoring","Constructed&Capped","Current",-22.507935,133.821752,53,378812,7510473,"GPS",
"RN014860","WRB INV 59M DRY DUD 6.5K ESE OF ALLUNGRA W/HOLE",http://www.ntlis.nt.gov.au/hpa-services/borereport?bore=RN014860,0,1987-11-14 00:00:00.0,59,0,0,"Production",,"Current",-22.712514,133.686373,53,365086,7487707,"GPS",
"RN016198","Replacement Bloodwood Bore Bushy Park Station",http://www.ntlis.nt.gov.au/hpa-services/borereport?bore=RN016198,1,1992-11-02 00:00:00.0,91,91,72,"Production","Constructed&Capped","Current",-22.779511,134.042651,53,401728,7480570,"Estimated",
"RN018626","Bullock Bore Replacement Bushy Park Station",http://www.ntlis.nt.gov.au/hpa-services/borereport?bore=RN018626,2.3,2009-09-24 00:00:00.0,47,47,20.9,"Production","Constructed&Capped","Current",-23.024687,133.899824,53,387268,7453324,"GPS",
"RN012894","A138/2 PROD DHALENBURG'S 1.5K W OF MAIN HOUSE",http://www.ntlis.nt.gov.au/hpa-services/borereport?bore=RN012894,9.1,1980-11-16 00:00:00.0,63,0,0,"Production",,"Current",-22.244438,133.411662,53,336318,7539258,"GPS",
"RN014853","Territory Grape Farm Production Bore",http://www.ntlis.nt.gov.au/hpa-services/borereport?bore=RN014853,15,1986-12-11 00:00:00.0,75.2,64,0,"Production","Equipped-Diesel","Current",-22.464897,133.641774,53,360255,7515081,"GPS",
"RN012895","OLP PROD DHALENBURG'S 800m (N) OF 12894.",http://www.ntlis.nt.gov.au/hpa-services/borereport?bore=RN012895,9.5,1980-11-16 00:00:00.0,54,0,0,"Production",,"Current",-22.239391,133.411874,53,336334,7539817,"GPS",
"RN014854","Territory Grape Farm Monitoring Bore",http://www.ntlis.nt.gov.au/hpa-services/borereport?bore=RN014854,10,1986-10-21 00:00:00.0,66,60,19.28,"Monitoring","Constructed&Capped","Current",-22.464894,133.655438,53,361661,7515094,"GPS",
"RN014852","Territory Grape Farm Monitoring Bore",http://www.ntlis.nt.gov.au/hpa-services/borereport?bore=RN014852,12,1986-10-17 00:00:00.0,66,60,0,"Monitoring","Constructed&Capped","Current",-22.464896,133.641658,53,360243,7515081,"GPS",
"RN014857","Woodgreen Station",http://www.ntlis.nt.gov.au/hpa-services/borereport?bore=RN014857,4,1986-10-28 00:00:00.0,90,0,0,"Monitoring","Constructed&Capped","Current",-22.570308,133.781006,53,374677,7503534,"GPS",
"RN014858","Woodgreen Station",http://www.ntlis.nt.gov.au/hpa-services/borereport?bore=RN014858,10,1986-10-29 00:00:00.0,54,0,0,"Monitoring","Constructed&Capped","Current",-22.528594,133.917183,53,388645,7508260,"GPS",
"RN014855","Territory Grape Farm Monitoring Bore",http://www.ntlis.nt.gov.au/hpa-services/borereport?bore=RN014855,12,1986-10-23 00:00:00.0,102,100.6,0,"Monitoring","Constructed&Capped","Current",-22.47498,133.642094,53,360298,7513965,"GPS",
"RN014856","Woodgreen Station",http://www.ntlis.nt.gov.au/hpa-services/borereport?bore=RN014856,4,1986-10-24 00:00:00.0,56,0,0,"Monitoring","Constructed&Capped","Current",-22.439678,133.807424,53,377278,7518018,"GPS",
"RN015596","ANNINGIE BORE INV 5/89DRY DUD 4.1KM (SSW) OF ANNINGIE R",http://www.ntlis.nt.gov.au/hpa-services/borereport?bore=RN015596,0,1989-09-15 00:00:00.0,15,0,0,"Production",,"Current",-22.067492,133.046088,53,298383,7558411,"GPS",
"RN015595","ANNINGIE BORE INV 4/89 DUD 1.5K (WSW) OF ANNINGIE RN244",http://www.ntlis.nt.gov.au/hpa-services/borereport?bore=RN015595,0.1,1989-09-15 00:00:00.0,46.3,0,0,"Production",,"Current",-22.051039,133.050722,53,298838,7560239,"GPS",
"RN014737","A47/22 HANSON REPLACEMENT(MONO 800M SSW OF MILL&BORE RN",http://www.ntlis.nt.gov.au/hpa-services/borereport?bore=RN014737,0.3,1986-06-04 00:00:00.0,51,0,0,"Production",,"Current",-21.974706,133.432992,53,338209,7569145,"GPS",
"RN015594","ANNINGIE BORE INV 3/89  ABD 2.5KM (SSW) OF ANNINGIE RN2",http://www.ntlis.nt.gov.au/hpa-services/borereport?bore=RN015594,1.8,1989-09-14 00:00:00.0,46.3,0,0,"Production",,"Current",-22.053325,133.049296,53,298694,7559984,"GPS",
"RN044701","NT Portion 725 Pine Hill Station",http://www.ntlis.nt.gov.au/hpa-services/borereport?bore=RN044701,4,2025-04-13 11:10:45.0,54,54,22,,"Constructed&Capped","Current",-22.514458,133.62594,53,358676,7509579,"GPS",
"RN015599","ANNINGIE BORE INV 8/89 DUD 1KM (WNW) OF ANNINGIE RN2447",http://www.ntlis.nt.gov.au/hpa-services/borereport?bore=RN015599,0.1,1989-09-16 00:00:00.0,89,0,0,"Production",,"Current",-22.027669,133.056147,53,299365,7562834,"GPS",
"RN015843","Stock Bore Woodgreen Station",http://www.ntlis.nt.gov.au/hpa-services/borereport?bore=RN015843,3,1991-04-16 00:00:00.0,22,22,8,"Production","Constructed&Capped","Current",-22.436509,134.262687,53,424127,7518670,"Estimated",
"RN015598","ANNINGIE BORE INV O.1LPS DUD 600M (WNW) OF ANNINGIE RN2",http://www.ntlis.nt.gov.au/hpa-services/borereport?bore=RN015598,0.1,1989-09-15 00:00:00.0,107.3,0,0,"Production",,"Current",-22.039689,133.059227,53,299700,7561507,"GPS",
"RN015842","RN15842. 4KM (E) OF RN15078.",http://www.ntlis.nt.gov.au/hpa-services/borereport?bore=RN015842,3,1991-04-15 00:00:00.0,29,0,0,"Production",,"Current",-22.44952,133.859324,53,382628,7516970,"Estimated",
"RN015597","ANNINGIE BORE INV DRY DUD 5KM (WSW) OF ANNINGIE RN2447.",http://www.ntlis.nt.gov.au/hpa-services/borereport?bore=RN015597,0,1989-09-15 00:00:00.0,9.7,0,0,"Production",,"Current",-22.074807,133.045377,53,298320,7557600,"GPS",
"RN015841","Chilpathica",http://www.ntlis.nt.gov.au/hpa-services/borereport?bore=RN015841,2,1991-04-15 00:00:00.0,22,0,0,"Production",,"Current",-22.392035,134.049211,53,402128,7523470,"Estimated",
"RN040117","NT Potion 703 Stuart Hwy",http://www.ntlis.nt.gov.au/hpa-services/borereport?bore=RN040117,0.15,2023-08-30 12:34:40.0,154.5,154.2,12.5,,"Constructed&Capped","Current",-22.575156,133.239205,53,318971,7502441,"GPS",
"RN007488","NEWEST HOMESTEAD (5MILE BORE) 400M EAST OF NEW HOMESTEA",http://www.ntlis.nt.gov.au/hpa-services/borereport?bore=RN007488,0.6,1940-01-01 00:00:00.0,73.2,0,0,"Production",,"Current",-22.899184,134.054439,53,403023,7467329,"GPS",
"RN040118","NT Portion 703 Stuart Hwt, Anmatjere",http://www.ntlis.nt.gov.au/hpa-services/borereport?bore=RN040118,0.05,2023-09-05 13:22:27.0,142.5,142.5,16.16,,"Constructed&Capped","Current",-22.570828,133.245639,53,319627,7502928,"GPS",
"RN016815","Stock Bore Aileron Station",http://www.ntlis.nt.gov.au/hpa-services/borereport?bore=RN016815,0.8,1999-07-08 00:00:00.0,53,53,28.3,"Production","Constructed&Capped","Current",-22.637731,133.204911,53,315528,7495470,"Estimated",
"RN011356","BMR ALCOOTA 2 194M NO DATA N/T APX 7.5K N/E OF ROADS RN",http://www.ntlis.nt.gov.au/hpa-services/borereport?bore=RN011356,,,194,0,,"Unknown",,"Current",-22.673823,133.901278,53,387128,7492170,"Estimated",
"RN040115","NT Portion 703 Stuart Hwy, Anmatjere",http://www.ntlis.nt.gov.au/hpa-services/borereport?bore=RN040115,0.1,2023-08-07 10:57:08.0,49.5,49.3,26.8,,"Constructed&Capped","Current",-22.591468,133.248519,53,319950,7500646,"GPS",
"RN040116","NT Portion 703 Stuart Hwy, Anmatjere",http://www.ntlis.nt.gov.au/hpa-services/borereport?bore=RN040116,1.1,2023-08-22 11:20:57.0,148,148,14.04,,"Constructed&Capped","Current",-22.580922,133.23635,53,318685,7501799,"GPS",
"RN018481","Roads Bore Pine Hill Station",http://www.ntlis.nt.gov.au/hpa-services/borereport?bore=RN018481,10,2009-08-29 00:00:00.0,90,90,22.5,"Production","Constructed&Capped","Current",-22.406749,133.56563,53,352358,7521446,"GPS",
"RN018482","Roads Bore Pine Hill Station",http://www.ntlis.nt.gov.au/hpa-services/borereport?bore=RN018482,15,2009-09-01 00:00:00.0,97,97,32.7,"Production","Constructed&Capped","Current",-22.403738,133.511324,53,346764,7521725,"GPS",
"RN018254","Investigation Bore Arden Soak Pine Hill Station",http://www.ntlis.nt.gov.au/hpa-services/borereport?bore=RN018254,,2007-04-18 00:00:00.0,12,0,,"Investigation","Backfilled","Historical",-22.346641,133.327937,53,327813,7527848,"GPS",
"RN016796","Irrigation Bore Anmatjere Community Ti Tree",http://www.ntlis.nt.gov.au/hpa-services/borereport?bore=RN016796,0.7,1996-04-28 00:00:00.0,22.5,22.5,5.3,"Production","Constructed&Capped","Current",-22.125606,133.416313,53,336660,7552420,"Estimated",
"RN043579","NT Portion Alcoota Station",http://www.ntlis.nt.gov.au/hpa-services/borereport?bore=RN043579,0.7,2023-06-09 13:29:31.0,60,60,15.7,,"Constructed&Capped","Current",-22.634735,134.231004,53,420980,7496710,"GPS",
"RN015593","ANNINGIE BORE INV 2/89 DUD 25KM (WNW) OF HOMESTEAD.",http://www.ntlis.nt.gov.au/hpa-services/borereport?bore=RN015593,0.2,1989-09-14 00:00:00.0,52.4,0,0,"Production",,"Current",-22.062005,133.047142,53,298484,7559020,"GPS",
"RN015592","ANNINGIE BORE INV 1/89 DUD 3KM (SW) OF ANNINGIE RN2447.",http://www.ntlis.nt.gov.au/hpa-services/borereport?bore=RN015592,0.1,1989-09-14 00:00:00.0,64.6,0,0,"Production",,"Current",-22.057634,133.04788,53,298554,7559505,"GPS",
"RN016045","Mount Skinner Station",http://www.ntlis.nt.gov.au/hpa-services/borereport?bore=RN016045,1.2,1991-08-27 00:00:00.0,15.8,15,3.6,"Production","Constructed&Capped","Current",-22.218059,134.11442,53,408727,7542770,"Estimated",
"RN002616","LIMESTONE. 9KM (E) OF RN14385.",http://www.ntlis.nt.gov.au/hpa-services/borereport?bore=RN002616,0.4,1954-01-01 00:00:00.0,7.5,0,0,"Production",,"Current",-22.358897,134.05166,53,402357,7527140,"GPS",
"RN001482","ARMY BORE No677. TI-TREE.",http://www.ntlis.nt.gov.au/hpa-services/borereport?bore=RN001482,,,73.8,0,,"Unknown",,"Current",-22.057332,133.436792,53,338695,7560001,"Estimated",
"RN001481","ARMY BORE NO675.(NOT KNOWN) APX 1.5KM (NNE) OF RN922.",http://www.ntlis.nt.gov.au/hpa-services/borereport?bore=RN001481,,,25,0,,"Unknown",,"Current",-21.786705,133.685172,53,364072,7590203,"Estimated",
"RN014703","PINE HILL GRAPE FARM   SE RN14249",http://www.ntlis.nt.gov.au/hpa-services/borereport?bore=RN014703,6.5,1987-03-15 00:00:00.0,27,0,0,"Production",,"Current",-22.354027,133.664361,53,362470,7527377,"Surveyed",
"RN017319","Ti Tree Area",http://www.ntlis.nt.gov.au/hpa-services/borereport?bore=RN017319,1,1998-03-20 00:00:00.0,36.5,36.5,14.6,"Monitoring","Constructed&Capped","Current",-22.204064,133.40981,53,336080,7543726,"GPS",https://ntg.aquaticinformatics.net/AQWebportal/Data/Location/Summary/Location/RN017319/Interval/Latest
"RN014701","White Gums",http://www.ntlis.nt.gov.au/hpa-services/borereport?bore=RN014701,3,1987-03-12 00:00:00.0,26,26,0,"Monitoring","Constructed&Capped","Current",-22.49012,134.051395,53,402421,7512613,"GPS",
"RN014702","Oolloo Farm Production Bore",http://www.ntlis.nt.gov.au/hpa-services/borereport?bore=RN014702,12.1,1987-03-14 00:00:00.0,64,0,0,"Production",,"Current",-22.347995,133.668204,53,362860,7528048,"Surveyed",
"RN016046","Mount Skinner Station",http://www.ntlis.nt.gov.au/hpa-services/borereport?bore=RN016046,2.1,1991-08-27 00:00:00.0,15,15,3.6,"Production","Constructed&Capped","Current",-22.218059,134.11442,53,408727,7542770,"Estimated",
"RN017018","Production Bore #7 Territory Grape Farm",http://www.ntlis.nt.gov.au/hpa-services/borereport?bore=RN017018,15,1998-02-27 00:00:00.0,69.4,67.6,21.2,"Production","Constructed&Capped","Current",-22.459046,133.651665,53,361267,7515738,"GPS",
"RN017019","Production Bore #8 Territory Grape Farm",http://www.ntlis.nt.gov.au/hpa-services/borereport?bore=RN017019,10,1998-03-01 00:00:00.0,64.4,64.4,22.6,"Production","Constructed&Capped","Current",-22.438116,133.639645,53,360009,7518044,"GPS",
"RN017322","Observation Bore Ti Tree Area",http://www.ntlis.nt.gov.au/hpa-services/borereport?bore=RN017322,1,1998-03-21 00:00:00.0,36.5,36.5,,"Investigation","Constructed&Capped","Current",-22.142166,133.242482,53,318748,7550389,"Surveyed",
"RN017321","Ti Tree Area",http://www.ntlis.nt.gov.au/hpa-services/borereport?bore=RN017321,0.2,1998-03-20 00:00:00.0,24.5,24.5,,"Monitoring","Constructed&Capped","Current",-22.204055,133.409878,53,336087,7543727,"Surveyed",
"RN017320","Ti Tree Area",http://www.ntlis.nt.gov.au/hpa-services/borereport?bore=RN017320,0.8,1998-03-20 00:00:00.0,30.5,30.5,,"Monitoring","Constructed&Capped","Current",-22.204055,133.40983,53,336082,7543727,"Surveyed",
"RN017326","Ti Tree Area",http://www.ntlis.nt.gov.au/hpa-services/borereport?bore=RN017326,0.3,1998-03-23 00:00:00.0,30.5,30.5,,"Monitoring","Constructed&Capped","Current",-22.24302,133.481855,53,343551,7539489,"GPS",
"RN017325","Ti Tree Area",http://www.ntlis.nt.gov.au/hpa-services/borereport?bore=RN017325,36.5,1998-03-23 00:00:00.0,36.5,36.5,,"Monitoring","Constructed&Capped","Current",-22.24294,133.481933,53,343559,7539498,"GPS",
"RN017324","Observation Bore Ti Tree Area",http://www.ntlis.nt.gov.au/hpa-services/borereport?bore=RN017324,0.1,1998-03-21 00:00:00.0,24.5,24.5,,"Investigation","Constructed&Capped","Current",-22.142248,133.242438,53,318744,7550380,"Surveyed",
"RN017323","Observation Bore Ti Tree Area",http://www.ntlis.nt.gov.au/hpa-services/borereport?bore=RN017323,0.8,1998-03-21 00:00:00.0,30.5,30.5,,"Investigation","Constructed&Capped","Current",-22.142208,133.24246,53,318746,7550385,"Surveyed",
"RN005194","107.5/95. #33 TI-TREE.",http://www.ntlis.nt.gov.au/hpa-services/borereport?bore=RN005194,9,1966-07-15 00:00:00.0,115.2,0,0,"Investigation",,"Current",-22.145975,133.347337,53,329569,7550089,"Surveyed",
"RN001499","Homestead Stock Well Filled In Woodgreen Station",http://www.ntlis.nt.gov.au/hpa-services/borereport?bore=RN001499,,,0,0,,"Production","Backfilled","Historical",-22.396125,134.234378,53,421191,7523126,"Estimated",
"RN015812","ESTHER WELL BORE 37M [DRY DUD] 20M W OF WELL RN 3248",http://www.ntlis.nt.gov.au/hpa-services/borereport?bore=RN015812,,,37,0,,"Unknown",,"Current",-21.922672,133.377099,53,332376,7574846,"GPS",
"RN017327","Ti Tree Area",http://www.ntlis.nt.gov.au/hpa-services/borereport?bore=RN017327,0.1,1998-03-23 00:00:00.0,24.5,24.5,,"Monitoring","Constructed&Capped","Current",-22.24293,133.481836,53,343549,7539499,"GPS",
"RN015778","RN15778 TOSSA NO1. 38M (SSW) OF WRB OBS RN5640.",http://www.ntlis.nt.gov.au/hpa-services/borereport?bore=RN015778,2,1989-10-01 00:00:00.0,39,0,0,"Production",,"Current",-22.059642,133.460341,53,341128,7559770,"Estimated",
"RN016990","Homestead Production Bore Territory Grape Farm",http://www.ntlis.nt.gov.au/hpa-services/borereport?bore=RN016990,1.5,1999-05-28 00:00:00.0,65.6,65.6,24.1,"Production","Constructed&Capped","Current",-22.451426,133.638077,53,359861,7516569,"GPS",
"RN015777","RN15777.TOSSA NO2. 8M (S) OF WRB OBS RN5640.",http://www.ntlis.nt.gov.au/hpa-services/borereport?bore=RN015777,2,1989-10-01 00:00:00.0,39,0,0,"Production",,"Current",-22.057854,133.462298,53,341328,7559970,"Estimated",
"RN016989","Production Bore #15 Territory Grape farm",http://www.ntlis.nt.gov.au/hpa-services/borereport?bore=RN016989,5.5,1999-05-27 00:00:00.0,90,83,22.7,"Production","Constructed&Capped","Current",-22.482734,133.644769,53,360581,7513109,"GPS",
"RN017289","Production Bore #5 Oolloo Farm",http://www.ntlis.nt.gov.au/hpa-services/borereport?bore=RN017289,8,1998-09-27 00:00:00.0,70,70,9.2,"Production","Constructed&Capped","Current",-22.333425,133.663799,53,362392,7529657,"GPS",
"RN018203","Ti Tree Farm East NT Portion 2427",http://www.ntlis.nt.gov.au/hpa-services/borereport?bore=RN018203,8,2005-10-06 00:00:00.0,72,71.5,11.1,"Production","Constructed&Capped","Current",-22.35487,133.663395,53,362372,7527282,"GPS",
"RN019606","Stock Bore Anningie Station",http://www.ntlis.nt.gov.au/hpa-services/borereport?bore=RN019606,0.5,2018-03-01 00:00:00.0,66,65,12.3,"Production","Constructed&Capped","Current",-21.944709,133.543095,53,349547,7572578,"GPS",
"RN001775","Mulga Bore Woodgreen Station",http://www.ntlis.nt.gov.au/hpa-services/borereport?bore=RN001775,,,45.8,0,,"Unknown",,"Current",-22.448898,134.215546,53,419283,7517274,"GPS",
"RN014691","Adelaide Bore Community Production Bore",http://www.ntlis.nt.gov.au/hpa-services/borereport?bore=RN014691,6,1986-12-23 00:00:00.0,42,0,0,"Production",,"Current",-22.213189,133.936442,53,390379,7543191,"GPS",
"RN019607","Production Bore Oolloo Farm",http://www.ntlis.nt.gov.au/hpa-services/borereport?bore=RN019607,12,2018-03-06 00:00:00.0,76,65.5,11.7,"Production","Constructed&Capped","Current",-22.342225,133.663006,53,362319,7528682,"GPS",
