#Data Set Export - Depth Below Ground.Publish@RN016704,,
Latest telemetry data is sourced directly from logging devices and is unverified. No guarantee is made as to the accuracy or reliability of the data until it is approved. Use with caution.,,
Timestamp (UTC+09:30),Event Timestamp (UTC+09:30),Value (m)
1996-02-27 11:00:00,,-27.55
1996-02-27 11:20:00,,-27.55
1996-02-27 12:20:00,,-27.55
1996-02-27 12:40:00,,-27.551
1996-02-27 13:00:00,,-27.552
1996-02-27 14:20:00,,-27.564
1996-02-27 14:40:00,,-27.568
1996-02-27 16:00:00,,-27.581
1996-02-27 16:20:00,,-27.586
1996-02-27 16:40:00,,-27.59
1996-02-27 17:00:00,,-27.59
1996-02-27 17:20:00,,-27.595
1996-02-27 17:40:00,,-27.578
1996-02-27 18:00:00,,-27.555
1996-02-27 18:20:00,,-27.542
1996-02-27 18:40:00,,-27.533
1996-02-27 19:00:00,,-27.527
1996-02-27 19:20:00,,-27.522
1996-02-27 19:40:00,,-27.519
1996-02-27 20:00:00,,-27.515
1996-02-27 20:20:00,,-27.514
1996-02-27 20:40:00,,-27.513
1996-02-27 21:00:00,,-27.513
1996-02-27 21:20:00,,-27.511
1996-02-27 22:40:00,,-27.511
1996-02-27 23:00:00,,-27.506
1996-02-27 23:20:00,,-27.505
1996-02-27 23:40:00,,-27.501
1996-02-28 00:00:00,,-27.5
1996-02-28 00:20:00,,-27.497
1996-02-28 00:40:00,,-27.496
1996-02-28 01:00:00,,-27.495
1996-02-28 01:20:00,,-27.495
1996-02-28 01:40:00,,-27.494
1996-02-28 05:40:00,,-27.494
1996-02-28 06:00:00,,-27.495
1996-02-28 06:20:00,,-27.498
1996-02-28 06:40:00,,-27.501
1996-02-28 07:00:00,,-27.503
1996-02-28 07:20:00,,-27.505
1996-02-28 07:40:00,,-27.507
1996-02-28 09:20:00,,-27.507
1996-02-28 09:40:00,,-27.506
1996-02-28 10:00:00,,-27.499
1996-02-28 10:20:00,,-27.495
1996-02-28 10:40:00,,-27.488
1996-02-28 11:00:00,,-27.479
1996-02-28 11:20:00,,-27.471
1996-02-28 11:40:00,,-27.463
1996-02-28 12:00:00,,-27.455
1996-02-28 12:20:00,,-27.446
1996-02-28 12:40:00,,-27.436
1996-02-28 13:00:00,,-27.428
1996-02-28 13:20:00,,-27.42
1996-02-28 13:40:00,,-27.411
1996-02-28 14:00:00,,-27.404
1996-02-28 14:20:00,,-27.398
1996-02-28 14:40:00,,-27.391
1996-02-28 15:00:00,,-27.384
1996-02-28 15:20:00,,-27.379
1996-02-28 15:40:00,,-27.372
1996-02-28 16:00:00,,-27.367
1996-02-28 16:20:00,,-27.363
1996-02-28 16:40:00,,-27.357
1996-02-28 17:00:00,,-27.355
1996-02-28 17:20:00,,-27.352
1996-02-28 17:40:00,,-27.35
1996-02-28 18:00:00,,-27.348
1996-02-28 18:20:00,,-27.344
1996-02-28 18:40:00,,-27.344
1996-02-28 19:00:00,,-27.339
1996-02-28 20:20:00,,-27.337
1996-02-28 21:00:00,,-27.337
1996-02-28 21:20:00,,-27.331
1996-02-28 21:40:00,,-27.329
1996-02-28 22:20:00,,-27.329
1996-02-28 22:40:00,,-27.327
1996-02-28 23:00:00,,-27.323
1996-02-28 23:20:00,,-27.32
1996-02-28 23:40:00,,-27.316
1996-02-29 00:00:00,,-27.314
1996-02-29 00:20:00,,-27.309
1996-02-29 00:40:00,,-27.307
1996-02-29 01:00:00,,-27.303
1996-02-29 01:20:00,,-27.3
1996-02-29 01:40:00,,-27.299
1996-02-29 02:00:00,,-27.295
1996-02-29 02:20:00,,-27.294
1996-02-29 02:40:00,,-27.292
1996-02-29 03:00:00,,-27.29
1996-02-29 03:20:00,,-27.289
1996-02-29 03:40:00,,-27.289
1996-02-29 04:00:00,,-27.288
1996-02-29 04:20:00,,-27.287
1996-02-29 04:40:00,,-27.287
1996-02-29 05:00:00,,-27.286
1996-02-29 07:20:00,,-27.286
1996-02-29 07:40:00,,-27.284
1996-02-29 08:00:00,,-27.283
1996-02-29 08:20:00,,-27.282
1996-02-29 08:40:00,,-27.28
1996-02-29 09:00:00,,-27.279
1996-02-29 09:20:00,,-27.281
1996-02-29 09:40:00,,-27.283
1996-02-29 10:00:00,,-27.283
1996-02-29 10:20:00,,-27.279
1996-02-29 10:40:00,,-27.274
1996-02-29 11:00:00,,-27.271
1996-02-29 11:20:00,,-27.266
1996-02-29 11:40:00,,-27.262
1996-02-29 12:00:00,,-27.257
1996-02-29 12:20:00,,-27.254
1996-02-29 12:40:00,,-27.249
1996-02-29 13:00:00,,-27.245
1996-02-29 13:20:00,,-27.24
1996-02-29 13:40:00,,-27.263
1996-02-29 14:00:00,,-27.287
1996-02-29 14:20:00,,-27.304
1996-02-29 14:40:00,,-27.317
1996-02-29 15:00:00,,-27.327
1996-02-29 15:20:00,,-27.336
1996-02-29 15:40:00,,-27.341
1996-02-29 16:00:00,,-27.349
1996-02-29 16:20:00,,-27.354
1996-02-29 16:40:00,,-27.359
1996-02-29 17:00:00,,-27.364
1996-02-29 17:20:00,,-27.368
1996-02-29 17:40:00,,-27.372
1996-02-29 18:00:00,,-27.377
1996-02-29 18:20:00,,-27.38
1996-02-29 18:40:00,,-27.384
1996-02-29 19:00:00,,-27.386
1996-02-29 19:20:00,,-27.389
1996-02-29 19:40:00,,-27.392
1996-02-29 20:00:00,,-27.392
1996-02-29 20:20:00,,-27.393
1996-02-29 20:40:00,,-27.395
1996-02-29 21:00:00,,-27.398
1996-02-29 21:20:00,,-27.4
1996-02-29 21:40:00,,-27.401
1996-02-29 22:00:00,,-27.403
1996-02-29 22:20:00,,-27.403
1996-02-29 22:40:00,,-27.404
1996-02-29 23:00:00,,-27.405
1996-03-01 03:20:00,,-27.405
1996-03-01 03:40:00,,-27.407
1996-03-01 04:00:00,,-27.407
1996-03-01 04:20:00,,-27.409
1996-03-01 05:40:00,,-27.42
1996-03-01 06:00:00,,-27.423
1996-03-01 06:20:00,,-27.425
1996-03-01 06:40:00,,-27.428
1996-03-01 07:00:00,,-27.431
1996-03-01 07:20:00,,-27.434
1996-03-01 07:40:00,,-27.436
1996-03-01 08:00:00,,-27.439
1996-03-01 08:20:00,,-27.443
1996-03-01 08:40:00,,-27.435
1996-03-01 09:00:00,,-27.418
1996-03-01 09:20:00,,-27.422
1996-03-01 09:40:00,,-27.433
1996-03-01 10:00:00,,-27.443
1996-03-01 10:20:00,,-27.449
1996-03-01 10:40:00,,-27.456
1996-03-01 11:00:00,,-27.453
1996-03-01 11:20:00,,-27.425
1996-03-01 11:40:00,,-27.424
1996-03-01 12:00:00,,-27.429
1996-03-01 12:20:00,,-27.435
1996-03-01 12:40:00,,-27.443
1996-03-01 13:00:00,,-27.446
1996-03-01 13:20:00,,-27.449
1996-03-01 13:40:00,,-27.453
1996-03-01 14:00:00,,-27.457
1996-03-01 14:20:00,,-27.461
1996-03-01 14:40:00,,-27.467
1996-03-01 15:00:00,,-27.472
1996-03-01 15:20:00,,-27.479
1996-03-01 15:40:00,,-27.485
1996-03-01 17:00:00,,-27.509
1996-03-01 17:20:00,,-27.518
1996-03-01 17:40:00,,-27.523
1996-03-01 18:00:00,,-27.532
1996-03-01 18:20:00,,-27.539
1996-03-01 18:40:00,,-27.546
1996-03-01 20:00:00,,-27.575
1996-03-01 22:00:00,,-27.611
1996-03-01 23:20:00,,-27.629
1996-03-01 23:40:00,,-27.633
1996-03-02 00:00:00,,-27.636
1996-03-02 00:20:00,,-27.638
1996-03-02 00:40:00,,-27.64
1996-03-02 01:00:00,,-27.641
1996-03-02 01:20:00,,-27.641
1996-03-02 01:40:00,,-27.642
1996-03-02 03:00:00,,-27.646
1996-03-02 03:20:00,,-27.648
1996-03-02 03:40:00,,-27.65
1996-03-02 04:00:00,,-27.652
1996-03-02 04:20:00,,-27.655
1996-03-02 04:40:00,,-27.659
1996-03-02 05:00:00,,-27.661
1996-03-02 05:20:00,,-27.665
1996-03-02 05:40:00,,-27.669
1996-03-02 06:00:00,,-27.674
1996-03-02 06:20:00,,-27.677
1996-03-02 06:40:00,,-27.681
1996-03-02 07:00:00,,-27.683
1996-03-02 07:20:00,,-27.684
1996-03-02 07:40:00,,-27.684
1996-03-02 08:00:00,,-27.676
1996-03-02 08:20:00,,-27.665
1996-03-02 08:40:00,,-27.654
1996-03-02 09:00:00,,-27.643
1996-03-02 09:20:00,,-27.634
1996-03-02 09:40:00,,-27.624
1996-03-02 10:00:00,,-27.615
1996-03-02 10:20:00,,-27.607
1996-03-02 10:40:00,,-27.599
1996-03-02 11:00:00,,-27.59
1996-03-02 11:20:00,,-27.584
1996-03-02 11:40:00,,-27.578
1996-03-02 12:00:00,,-27.571
1996-03-02 12:20:00,,-27.565
1996-03-02 12:40:00,,-27.559
1996-03-02 13:00:00,,-27.551
1996-03-02 13:20:00,,-27.544
1996-03-02 13:40:00,,-27.538
1996-03-02 14:00:00,,-27.532
1996-03-02 14:20:00,,-27.527
1996-03-02 14:40:00,,-27.52
1996-03-02 15:00:00,,-27.516
1996-03-02 15:20:00,,-27.511
1996-03-02 15:40:00,,-27.507
1996-03-02 16:00:00,,-27.506
1996-03-02 16:20:00,,-27.474
1996-03-02 16:40:00,,-27.445
1996-03-02 17:00:00,,-27.424
1996-03-02 17:20:00,,-27.407
1996-03-02 17:40:00,,-27.415
1996-03-02 18:00:00,,-27.435
1996-03-02 18:20:00,,-27.447
1996-03-02 18:40:00,,-27.455
1996-03-02 19:00:00,,-27.459
1996-03-02 19:20:00,,-27.462
1996-03-02 19:40:00,,-27.464
1996-03-02 20:00:00,,-27.454
1996-03-02 20:20:00,,-27.423
1996-03-02 20:40:00,,-27.401
1996-03-02 21:00:00,,-27.386
1996-03-02 21:20:00,,-27.375
1996-03-02 21:40:00,,-27.364
1996-03-02 22:00:00,,-27.357
1996-03-02 22:20:00,,-27.348
1996-03-02 22:40:00,,-27.34
1996-03-02 23:00:00,,-27.334
1996-03-02 23:20:00,,-27.324
1996-03-02 23:40:00,,-27.314
1996-03-03 00:00:00,,-27.304
1996-03-03 00:20:00,,-27.292
1996-03-03 00:40:00,,-27.28
1996-03-03 01:00:00,,-27.268
1996-03-03 01:20:00,,-27.257
1996-03-03 01:40:00,,-27.246
1996-03-03 02:00:00,,-27.233
1996-03-03 02:20:00,,-27.224
1996-03-03 02:40:00,,-27.213
1996-03-03 03:00:00,,-27.204
1996-03-03 03:20:00,,-27.194
1996-03-03 03:40:00,,-27.186
1996-03-03 04:00:00,,-27.178
1996-03-03 04:20:00,,-27.17
1996-03-03 04:40:00,,-27.163
1996-03-03 05:00:00,,-27.157
1996-03-03 05:20:00,,-27.149
1996-03-03 05:40:00,,-27.142
1996-03-03 06:00:00,,-27.153
1996-03-03 06:20:00,,-27.181
1996-03-03 06:40:00,,-27.198
1996-03-03 07:00:00,,-27.209
1996-03-03 07:20:00,,-27.218
1996-03-03 07:40:00,,-27.228
1996-03-03 08:00:00,,-27.242
1996-03-03 08:20:00,,-27.258
1996-03-03 08:40:00,,-27.26
1996-03-03 09:00:00,,-27.263
1996-03-03 09:20:00,,-27.284
1996-03-03 09:40:00,,-27.297
1996-03-03 10:00:00,,-27.296
1996-03-03 10:20:00,,-27.296
1996-03-03 10:40:00,,-27.298
1996-03-03 11:00:00,,-27.299
1996-03-03 13:40:00,,-27.299
1996-03-03 14:00:00,,-27.291
1996-03-03 14:20:00,,-27.29
1996-03-03 15:20:00,,-27.29
1996-03-03 15:40:00,,-27.291
1996-03-03 16:00:00,,-27.293
1996-03-03 16:20:00,,-27.295
1996-03-03 16:40:00,,-27.297
1996-03-03 18:00:00,,-27.309
1996-03-03 18:20:00,,-27.313
1996-03-03 18:40:00,,-27.318
1996-03-03 19:00:00,,-27.292
1996-03-03 19:20:00,,-27.271
1996-03-03 19:40:00,,-27.256
1996-03-03 20:00:00,,-27.247
1996-03-03 20:20:00,,-27.241
1996-03-03 20:40:00,,-27.236
1996-03-03 21:00:00,,-27.233
1996-03-03 21:20:00,,-27.23
1996-03-03 21:40:00,,-27.228
1996-03-03 22:00:00,,-27.224
1996-03-03 22:20:00,,-27.221
1996-03-03 22:40:00,,-27.218
1996-03-03 23:00:00,,-27.213
1996-03-03 23:20:00,,-27.206
1996-03-03 23:40:00,,-27.199
1996-03-04 00:00:00,,-27.192
1996-03-04 00:20:00,,-27.182
1996-03-04 00:40:00,,-27.173
1996-03-04 01:00:00,,-27.163
1996-03-04 01:20:00,,-27.153
1996-03-04 01:40:00,,-27.142
1996-03-04 02:00:00,,-27.134
1996-03-04 02:20:00,,-27.124
1996-03-04 02:40:00,,-27.116
1996-03-04 03:00:00,,-27.107
1996-03-04 03:20:00,,-27.098
1996-03-04 03:40:00,,-27.09
1996-03-04 05:20:00,,-27.059
1996-03-04 06:40:00,,-27.043
1996-03-04 07:00:00,,-27.037
1996-03-04 07:20:00,,-27.062
1996-03-04 07:40:00,,-27.091
1996-03-04 08:00:00,,-27.117
1996-03-04 08:20:00,,-27.141
1996-03-04 08:40:00,,-27.164
1996-03-04 09:00:00,,-27.185
1996-03-04 09:20:00,,-27.205
1996-03-04 09:40:00,,-27.221
1996-03-04 10:00:00,,-27.206
1996-03-04 10:20:00,,-27.183
1996-03-04 10:40:00,,-27.167
1996-03-04 11:00:00,,-27.165
1996-03-04 11:20:00,,-27.188
1996-03-04 11:40:00,,-27.204
1996-03-04 12:00:00,,-27.213
1996-03-04 12:20:00,,-27.22
1996-03-04 12:40:00,,-27.225
1996-03-04 13:00:00,,-27.229
1996-03-04 14:20:00,,-27.239
1996-03-04 14:40:00,,-27.241
1996-03-04 15:00:00,,-27.244
1996-03-04 15:20:00,,-27.247
1996-03-04 15:40:00,,-27.25
1996-03-04 17:00:00,,-27.265
1996-03-04 17:20:00,,-27.268
1996-03-04 17:40:00,,-27.271
1996-03-04 18:00:00,,-27.274
1996-03-04 18:20:00,,-27.276
1996-03-04 19:40:00,,-27.276
1996-03-04 20:00:00,,-27.275
1996-03-04 20:20:00,,-27.27
1996-03-04 20:40:00,,-27.267
1996-03-04 21:00:00,,-27.264
1996-03-04 21:20:00,,-27.26
1996-03-04 21:40:00,,-27.256
1996-03-04 22:00:00,,-27.253
1996-03-04 22:20:00,,-27.249
1996-03-04 22:40:00,,-27.244
1996-03-04 23:00:00,,-27.241
1996-03-04 23:20:00,,-27.238
1996-03-05 00:40:00,,-27.218
1996-03-05 01:00:00,,-27.212
1996-03-05 01:20:00,,-27.207
1996-03-05 01:40:00,,-27.202
1996-03-05 02:00:00,,-27.198
1996-03-05 03:20:00,,-27.183
1996-03-05 04:40:00,,-27.173
1996-03-05 05:00:00,,-27.172
1996-03-05 05:20:00,,-27.171
1996-03-05 07:00:00,,-27.169
1996-03-05 07:20:00,,-27.144
1996-03-05 07:40:00,,-27.144
1996-03-05 08:00:00,,-27.158
1996-03-05 08:20:00,,-27.173
1996-03-05 08:40:00,,-27.189
1996-03-05 09:00:00,,-27.205
1996-03-05 09:20:00,,-27.219
1996-03-05 09:40:00,,-27.231
1996-03-05 10:00:00,,-27.236
1996-03-05 10:20:00,,-27.237
1996-03-05 11:00:00,,-27.237
1996-03-05 11:20:00,,-27.232
1996-03-05 11:40:00,,-27.227
1996-03-05 12:00:00,,-27.221
1996-03-05 12:20:00,,-27.215
1996-03-05 12:40:00,,-27.209
1996-03-05 13:00:00,,-27.202
1996-03-05 13:20:00,,-27.194
1996-03-05 13:40:00,,-27.188
1996-03-05 14:00:00,,-27.182
1996-03-05 14:20:00,,-27.175
1996-03-05 14:40:00,,-27.17
1996-03-05 15:00:00,,-27.164
1996-03-05 15:20:00,,-27.158
1996-03-05 15:40:00,,-27.154
1996-03-05 16:00:00,,-27.149
1996-03-05 16:20:00,,-27.147
1996-03-05 16:40:00,,-27.143
1996-03-05 17:00:00,,-27.139
1996-03-05 17:20:00,,-27.136
1996-03-05 17:40:00,,-27.126
1996-03-05 18:00:00,,-27.087
1996-03-05 18:20:00,,-27.086
1996-03-05 18:40:00,,-27.095
1996-03-05 19:00:00,,-27.101
1996-03-05 19:20:00,,-27.107
1996-03-05 19:40:00,,-27.109
1996-03-05 20:00:00,,-27.112
1996-03-05 20:20:00,,-27.113
1996-03-05 20:40:00,,-27.115
1996-03-05 21:00:00,,-27.117
1996-03-05 21:20:00,,-27.118
1996-03-05 22:40:00,,-27.123
1996-03-06 01:00:00,,-27.123
1996-03-06 01:20:00,,-27.122
1996-03-06 01:40:00,,-27.12
1996-03-06 02:00:00,,-27.117
1996-03-06 02:20:00,,-27.113
1996-03-06 04:00:00,,-27.102
1996-03-06 04:20:00,,-27.102
1996-03-06 04:40:00,,-27.099
1996-03-06 05:00:00,,-27.098
1996-03-06 05:20:00,,-27.097
1996-03-06 05:40:00,,-27.096
1996-03-06 06:00:00,,-27.096
1996-03-06 06:20:00,,-27.095
1996-03-06 07:00:00,,-27.095
1996-03-06 07:20:00,,-27.094
1996-03-06 08:00:00,,-27.094
1996-03-06 09:20:00,,-27.141
1996-03-06 09:40:00,,-27.15
1996-03-06 10:00:00,,-27.153
1996-03-06 10:20:00,,-27.154
1996-03-06 11:00:00,,-27.154
1996-03-06 11:20:00,,-27.148
1996-03-06 11:40:00,,-27.143
1996-03-06 12:00:00,,-27.137
1996-03-06 12:20:00,,-27.134
1996-03-06 12:40:00,,-27.127
1996-03-06 13:00:00,,-27.122
1996-03-06 13:20:00,,-27.116
1996-03-06 14:40:00,,-27.098
1996-03-06 15:00:00,,-27.094
1996-03-06 15:20:00,,-27.09
1996-03-06 15:40:00,,-27.086
1996-03-06 16:00:00,,-27.084
1996-03-06 16:20:00,,-27.081
1996-03-06 16:40:00,,-27.078
1996-03-06 17:00:00,,-27.076
1996-03-06 17:20:00,,-27.074
1996-03-06 17:40:00,,-27.072
1996-03-06 19:00:00,,-27.067
1996-03-06 19:20:00,,-27.066
1996-03-06 19:40:00,,-27.064
1996-03-06 20:00:00,,-27.064
1996-03-06 20:20:00,,-27.063
1996-03-06 23:00:00,,-27.063
1996-03-06 23:20:00,,-27.062
1996-03-06 23:40:00,,-27.06
1996-03-07 00:00:00,,-27.06
1996-03-07 00:20:00,,-27.058
1996-03-07 00:40:00,,-27.057
1996-03-07 02:00:00,,-27.049
1996-03-07 02:20:00,,-27.048
1996-03-07 02:40:00,,-27.047
1996-03-07 03:00:00,,-27.047
1996-03-07 03:20:00,,-27.044
1996-03-07 03:40:00,,-27.044
1996-03-07 04:00:00,,-27.043
1996-03-07 06:20:00,,-27.043
1996-03-07 06:40:00,,-27.017
1996-03-07 07:00:00,,-26.986
1996-03-07 07:20:00,,-26.966
1996-03-07 07:40:00,,-26.958
1996-03-07 08:00:00,,-26.987
1996-03-07 08:20:00,,-27.018
1996-03-07 08:40:00,,-27.045
1996-03-07 09:00:00,,-27.068
1996-03-07 09:20:00,,-27.088
1996-03-07 09:40:00,,-27.102
1996-03-07 10:00:00,,-27.11
1996-03-07 10:20:00,,-27.113
1996-03-07 11:40:00,,-27.113
1996-03-07 12:00:00,,-27.112
1996-03-07 12:20:00,,-27.108
1996-03-07 12:40:00,,-27.106
1996-03-07 13:00:00,,-27.102
1996-03-07 13:20:00,,-27.096
1996-03-07 13:40:00,,-27.283
1996-03-07 14:00:00,,-27.28
1996-03-07 14:20:00,,-27.275
1996-03-07 14:40:00,,-27.272
1996-03-07 16:00:00,,-27.254
1996-03-07 16:20:00,,-27.251
1996-03-07 16:40:00,,-27.251
1996-03-07 17:00:00,,-27.248
1996-03-07 17:20:00,,-27.245
1996-03-07 19:00:00,,-27.245
1996-03-07 19:20:00,,-27.244
1996-03-07 22:20:00,,-27.244
1996-03-07 22:40:00,,-27.245
1996-03-07 23:00:00,,-27.247
1996-03-08 02:20:00,,-27.247
1996-03-08 04:00:00,,-27.242
1996-03-08 04:20:00,,-27.24
1996-03-08 04:40:00,,-27.24
1996-03-08 05:00:00,,-27.239
1996-03-08 05:20:00,,-27.238
1996-03-08 06:00:00,,-27.238
1996-03-08 06:20:00,,-27.223
1996-03-08 06:40:00,,-27.184
1996-03-08 07:00:00,,-27.157
1996-03-08 07:20:00,,-27.154
1996-03-08 07:40:00,,-27.199
1996-03-08 08:00:00,,-27.249
1996-03-08 08:20:00,,-27.252
1996-03-08 08:40:00,,-27.256
1996-03-08 09:00:00,,-27.264
1996-03-08 09:20:00,,-27.275
1996-03-08 09:40:00,,-27.283
1996-03-08 10:00:00,,-27.424
1996-03-08 10:20:00,,-27.615
1996-03-08 10:40:00,,-27.647
1996-03-08 11:00:00,,-27.522
1996-03-08 11:20:00,,-27.447
1996-03-08 11:40:00,,-27.404
1996-03-08 12:00:00,,-27.374
1996-03-08 12:20:00,,-27.356
1996-03-08 12:40:00,,-27.342
1996-03-08 13:00:00,,-27.334
1996-03-08 13:20:00,,-27.328
1996-03-08 13:40:00,,-27.326
1996-03-08 14:00:00,,-27.323
1996-03-08 14:20:00,,-27.322
1996-03-08 16:00:00,,-27.322
1996-03-08 16:20:00,,-27.325
1996-03-08 16:40:00,,-27.328
1996-03-08 18:20:00,,-27.346
1996-03-08 18:40:00,,-27.35
1996-03-08 19:00:00,,-27.353
1996-03-08 19:20:00,,-27.357
1996-03-08 21:20:00,,-27.381
1996-03-08 21:40:00,,-27.386
1996-03-08 22:00:00,,-27.39
1996-03-08 22:20:00,,-27.393
1996-03-08 22:40:00,,-27.397
1996-03-08 23:00:00,,-27.4
1996-03-08 23:20:00,,-27.403
1996-03-08 23:40:00,,-27.407
1996-03-09 00:00:00,,-27.409
1996-03-09 00:20:00,,-27.412
1996-03-09 00:40:00,,-27.413
1996-03-09 01:00:00,,-27.416
1996-03-09 01:20:00,,-27.418
1996-03-09 01:40:00,,-27.419
1996-03-09 02:00:00,,-27.42
1996-03-09 02:20:00,,-27.422
1996-03-09 04:00:00,,-27.422
1996-03-09 04:20:00,,-27.42
1996-03-09 04:40:00,,-27.418
1996-03-09 05:00:00,,-27.413
1996-03-09 06:20:00,,-27.4
1996-03-09 06:40:00,,-27.396
1996-03-09 07:00:00,,-27.393
1996-03-09 07:20:00,,-27.391
1996-03-09 08:00:00,,-27.391
1996-03-09 08:20:00,,-27.395
1996-03-09 08:40:00,,-27.405
1996-03-09 09:00:00,,-27.415
1996-03-09 09:20:00,,-27.425
1996-03-09 09:40:00,,-27.433
1996-03-09 10:00:00,,-27.435
1996-03-09 10:40:00,,-27.435
1996-03-09 11:00:00,,-27.431
1996-03-09 11:20:00,,-27.426
1996-03-09 11:40:00,,-27.421
1996-03-09 12:00:00,,-27.417
1996-03-09 12:20:00,,-27.414
1996-03-09 12:40:00,,-27.411
1996-03-09 13:00:00,,-27.409
1996-03-09 13:20:00,,-27.408
1996-03-09 13:40:00,,-27.408
1996-03-09 14:00:00,,-27.407
1996-03-09 15:40:00,,-27.407
1996-03-09 16:00:00,,-27.409
1996-03-09 16:20:00,,-27.411
1996-03-09 16:40:00,,-27.415
1996-03-09 17:00:00,,-27.417
1996-03-09 17:20:00,,-27.419
1996-03-09 19:00:00,,-27.434
1996-03-09 19:20:00,,-27.439
1996-03-09 19:40:00,,-27.443
1996-03-09 20:00:00,,-27.447
1996-03-09 20:20:00,,-27.45
1996-03-09 20:40:00,,-27.454
1996-03-09 22:00:00,,-27.469
1996-03-09 22:20:00,,-27.471
1996-03-09 22:40:00,,-27.473
1996-03-09 23:00:00,,-27.475
1996-03-09 23:20:00,,-27.476
1996-03-09 23:40:00,,-27.477
1996-03-10 00:40:00,,-27.477
1996-03-10 01:00:00,,-27.476
1996-03-10 02:20:00,,-27.457
1996-03-10 02:40:00,,-27.453
1996-03-10 03:00:00,,-27.447
1996-03-10 03:20:00,,-27.443
1996-03-10 03:40:00,,-27.438
1996-03-10 04:00:00,,-27.434
1996-03-10 04:20:00,,-27.428
1996-03-10 04:40:00,,-27.427
1996-03-10 05:00:00,,-27.422
1996-03-10 05:20:00,,-27.416
1996-03-10 05:40:00,,-27.413
1996-03-10 06:00:00,,-27.41
1996-03-10 06:20:00,,-27.405
1996-03-10 06:40:00,,-27.402
1996-03-10 07:00:00,,-27.398
1996-03-10 07:20:00,,-27.393
1996-03-10 07:40:00,,-27.392
1996-03-10 08:00:00,,-27.392
1996-03-10 08:20:00,,-27.394
1996-03-10 08:40:00,,-27.401
1996-03-10 09:00:00,,-27.411
1996-03-10 09:20:00,,-27.419
1996-03-10 09:40:00,,-27.425
1996-03-10 10:40:00,,-27.425
1996-03-10 11:00:00,,-27.421
1996-03-10 11:20:00,,-27.415
1996-03-10 11:40:00,,-27.41
1996-03-10 12:00:00,,-27.406
1996-03-10 12:20:00,,-27.403
1996-03-10 12:40:00,,-27.401
1996-03-10 13:00:00,,-27.4
1996-03-10 13:20:00,,-27.399
1996-03-10 15:00:00,,-27.399
1996-03-10 15:20:00,,-27.402
1996-03-10 15:40:00,,-27.403
1996-03-10 16:00:00,,-27.404
1996-03-10 16:20:00,,-27.412
1996-03-10 16:40:00,,-27.415
1996-03-10 17:00:00,,-27.417
1996-03-10 17:20:00,,-27.423
1996-03-10 17:40:00,,-27.426
1996-03-10 18:00:00,,-27.429
1996-03-10 18:20:00,,-27.431
1996-03-10 19:40:00,,-27.431
1996-03-10 20:00:00,,-27.429
1996-03-10 20:20:00,,-27.426
1996-03-10 22:00:00,,-27.406
1996-03-10 22:20:00,,-27.403
1996-03-10 22:40:00,,-27.399
1996-03-10 23:00:00,,-27.396
1996-03-10 23:20:00,,-27.392
1996-03-10 23:40:00,,-27.388
1996-03-11 00:00:00,,-27.385
1996-03-11 00:20:00,,-27.381
1996-03-11 00:40:00,,-27.376
1996-03-11 01:00:00,,-27.372
1996-03-11 01:20:00,,-27.369
1996-03-11 01:40:00,,-27.366
1996-03-11 02:00:00,,-27.363
1996-03-11 02:20:00,,-27.362
1996-03-11 02:40:00,,-27.36
1996-03-11 03:00:00,,-27.36
1996-03-11 03:20:00,,-27.357
1996-03-11 03:40:00,,-27.357
1996-03-11 04:00:00,,-27.354
1996-03-11 06:20:00,,-27.347
1996-03-11 06:40:00,,-27.345
1996-03-11 07:00:00,,-27.343
1996-03-11 07:20:00,,-27.342
1996-03-11 07:40:00,,-27.342
1996-03-11 08:00:00,,-27.343
1996-03-11 08:20:00,,-27.353
1996-03-11 08:40:00,,-27.365
1996-03-11 09:00:00,,-27.377
1996-03-11 09:20:00,,-27.388
1996-03-11 09:40:00,,-27.397
1996-03-11 10:00:00,,-27.401
1996-03-11 12:00:00,,-27.401
1996-03-11 12:20:00,,-27.403
1996-03-11 12:40:00,,-27.405
1996-03-11 13:00:00,,-27.407
1996-03-11 13:20:00,,-27.408
1996-03-11 13:40:00,,-27.41
1996-03-11 15:00:00,,-27.419
1996-03-11 15:20:00,,-27.422
1996-03-11 15:40:00,,-27.425
1996-03-11 16:00:00,,-27.428
1996-03-11 16:20:00,,-27.435
1996-03-11 16:40:00,,-27.437
1996-03-11 17:00:00,,-27.439
1996-03-11 17:20:00,,-27.444
1996-03-11 17:40:00,,-27.448
1996-03-11 18:00:00,,-27.451
1996-03-11 18:20:00,,-27.455
1996-03-11 18:40:00,,-27.459
1996-03-11 19:00:00,,-27.462
1996-03-11 19:20:00,,-27.467
1996-03-11 19:40:00,,-27.47
1996-03-11 20:00:00,,-27.473
1996-03-11 20:20:00,,-27.478
1996-03-11 21:40:00,,-27.492
1996-03-11 22:00:00,,-27.495
1996-03-11 22:20:00,,-27.498
1996-03-12 00:00:00,,-27.51
1996-03-12 00:20:00,,-27.512
1996-03-12 00:40:00,,-27.515
1996-03-12 01:00:00,,-27.515
1996-03-12 01:20:00,,-27.517
1996-03-12 01:40:00,,-27.517
1996-03-12 02:00:00,,-27.518
1996-03-12 02:20:00,,-27.52
1996-03-12 02:40:00,,-27.523
1996-03-12 04:00:00,,-27.532
1996-03-12 05:40:00,,-27.544
1996-03-12 06:00:00,,-27.548
1996-03-12 06:20:00,,-27.55
1996-03-12 06:40:00,,-27.552
1996-03-12 07:00:00,,-27.553
1996-03-12 07:20:00,,-27.555
1996-03-12 07:40:00,,-27.561
1996-03-12 08:00:00,,-27.57
1996-03-12 08:20:00,,-27.583
1996-03-12 08:40:00,,-27.595
1996-03-12 09:00:00,,-27.608
1996-03-12 09:20:00,,-27.619
1996-03-12 09:40:00,,-27.629
1996-03-12 10:00:00,,-27.632
1996-03-12 11:00:00,,-27.632
1996-03-12 11:20:00,,-27.628
1996-03-12 11:40:00,,-27.624
1996-03-12 12:00:00,,-27.621
1996-03-12 12:20:00,,-27.618
1996-03-12 12:40:00,,-27.614
1996-03-12 13:00:00,,-27.611
1996-03-12 13:20:00,,-27.606
1996-03-12 13:40:00,,-27.605
1996-03-12 14:00:00,,-27.602
1996-03-12 14:20:00,,-27.602
1996-03-12 14:40:00,,-27.6
1996-03-13 03:00:00,,-27.6
1996-03-13 03:20:00,,-27.603
1996-03-13 03:40:00,,-27.605
1996-03-13 04:00:00,,-27.605
1996-03-13 04:20:00,,-27.608
1996-03-13 04:40:00,,-27.611
1996-03-13 06:00:00,,-27.619
1996-03-13 06:20:00,,-27.622
1996-03-13 06:40:00,,-27.602
1996-03-13 07:00:00,,-27.595
1996-03-13 07:20:00,,-27.607
1996-03-13 07:40:00,,-27.619
1996-03-13 08:00:00,,-27.633
1996-03-13 08:20:00,,-27.649
1996-03-13 08:40:00,,-27.664
1996-03-13 09:00:00,,-27.678
1996-03-13 09:20:00,,-27.693
1996-03-13 09:40:00,,-27.703
1996-03-13 10:00:00,,-27.707
1996-03-13 11:00:00,,-27.707
1996-03-13 11:20:00,,-27.702
1996-03-13 11:40:00,,-27.697
1996-03-13 12:00:00,,-27.693
1996-03-13 12:20:00,,-27.688
1996-03-13 12:40:00,,-27.684
1996-03-13 13:00:00,,-27.678
1996-03-13 13:20:00,,-27.672
1996-03-13 13:40:00,,-27.668
1996-03-13 14:00:00,,-27.664
1996-03-13 14:20:00,,-27.66
1996-03-13 14:40:00,,-27.658
1996-03-13 15:00:00,,-27.656
1996-03-13 15:20:00,,-27.653
1996-03-13 15:40:00,,-27.651
1996-03-13 16:00:00,,-27.649
1996-03-13 16:20:00,,-27.648
1996-03-13 16:40:00,,-27.648
1996-03-13 17:00:00,,-27.647
1996-03-13 17:40:00,,-27.647
1996-03-13 18:00:00,,-27.641
1996-03-13 18:20:00,,-27.638
1996-03-13 22:40:00,,-27.638
1996-03-13 23:00:00,,-27.634
1996-03-14 00:20:00,,-27.611
1996-03-14 00:40:00,,-27.604
1996-03-14 01:00:00,,-27.594
1996-03-14 01:20:00,,-27.586
1996-03-14 01:40:00,,-27.577
1996-03-14 02:00:00,,-27.57
1996-03-14 02:20:00,,-27.562
1996-03-14 02:40:00,,-27.556
1996-03-14 03:00:00,,-27.55
1996-03-14 03:20:00,,-27.544
1996-03-14 03:40:00,,-27.539
1996-03-14 04:00:00,,-27.533
1996-03-14 04:20:00,,-27.529
1996-03-14 04:40:00,,-27.524
1996-03-14 05:00:00,,-27.519
1996-03-14 05:20:00,,-27.517
1996-03-14 05:40:00,,-27.512
1996-03-14 06:00:00,,-27.508
1996-03-14 06:20:00,,-27.505
1996-03-14 06:40:00,,-27.503
1996-03-14 07:00:00,,-27.497
1996-03-14 07:20:00,,-27.494
1996-03-14 07:40:00,,-27.492
1996-03-14 08:00:00,,-27.492
1996-03-14 08:20:00,,-27.495
1996-03-14 08:40:00,,-27.503
1996-03-14 09:00:00,,-27.513
1996-03-14 09:20:00,,-27.521
1996-03-14 09:40:00,,-27.526
1996-03-14 10:00:00,,-27.527
1996-03-14 10:20:00,,-27.527
1996-03-14 10:40:00,,-27.526
1996-03-14 11:00:00,,-27.521
1996-03-14 11:20:00,,-27.518
1996-03-14 11:40:00,,-27.514
1996-03-14 12:00:00,,-27.51
1996-03-14 12:20:00,,-27.508
1996-03-14 12:40:00,,-27.505
1996-03-14 13:00:00,,-27.503
1996-03-14 13:20:00,,-27.503
1996-03-14 13:40:00,,-27.501
1996-03-14 14:00:00,,-27.499
1996-03-14 14:20:00,,-27.497
1996-03-14 14:40:00,,-27.466
1996-03-14 15:00:00,,-27.434
1996-03-14 15:20:00,,-27.412
1996-03-14 15:40:00,,-27.396
1996-03-14 16:00:00,,-27.383
1996-03-14 16:20:00,,-27.371
1996-03-14 16:40:00,,-27.361
1996-03-14 17:00:00,,-27.352
1996-03-14 17:20:00,,-27.345
1996-03-14 17:40:00,,-27.338
1996-03-14 18:00:00,,-27.333
1996-03-14 18:20:00,,-27.326
1996-03-14 18:40:00,,-27.322
1996-03-14 19:00:00,,-27.314
1996-03-14 19:20:00,,-27.308
1996-03-14 19:40:00,,-27.301
1996-03-14 20:00:00,,-27.293
1996-03-14 20:20:00,,-27.286
1996-03-14 21:40:00,,-27.254
1996-03-14 22:00:00,,-27.247
1996-03-14 22:20:00,,-27.239
1996-03-14 22:40:00,,-27.231
1996-03-14 23:00:00,,-27.223
1996-03-14 23:20:00,,-27.217
1996-03-14 23:40:00,,-27.208
1996-03-15 00:00:00,,-27.2
1996-03-15 00:20:00,,-27.194
1996-03-15 00:40:00,,-27.185
1996-03-15 01:00:00,,-27.178
1996-03-15 01:20:00,,-27.171
1996-03-15 01:40:00,,-27.164
1996-03-15 02:00:00,,-27.159
1996-03-15 02:20:00,,-27.154
1996-03-15 02:40:00,,-27.15
1996-03-15 03:00:00,,-27.144
1996-03-15 03:20:00,,-27.14
1996-03-15 03:40:00,,-27.136
1996-03-15 04:00:00,,-27.133
1996-03-15 04:20:00,,-27.13
1996-03-15 04:40:00,,-27.128
1996-03-15 05:00:00,,-27.125
1996-03-15 05:20:00,,-27.124
1996-03-15 05:40:00,,-27.122
1996-03-15 06:00:00,,-27.12
1996-03-15 06:20:00,,-27.12
1996-03-15 06:40:00,,-27.118
1996-03-15 07:00:00,,-27.116
1996-03-15 07:20:00,,-27.115
1996-03-15 07:40:00,,-27.115
1996-03-15 08:00:00,,-27.121
1996-03-15 08:20:00,,-27.133
1996-03-15 08:40:00,,-27.147
1996-03-15 09:00:00,,-27.163
1996-03-15 09:20:00,,-27.189
1996-03-15 09:40:00,,-27.197
1996-03-15 10:00:00,,-27.2
1996-03-15 11:40:00,,-27.2
1996-03-15 12:00:00,,-27.199
1996-03-15 12:20:00,,-27.197
1996-03-15 12:40:00,,-27.195
1996-03-15 13:00:00,,-27.194
1996-03-15 13:20:00,,-27.191
1996-03-15 13:40:00,,-27.189
1996-03-15 14:00:00,,-27.186
1996-03-15 14:20:00,,-27.185
1996-03-15 17:00:00,,-27.185
1996-03-15 17:20:00,,-27.187
1996-03-15 17:40:00,,-27.189
1996-03-15 18:00:00,,-27.192
1996-03-15 18:20:00,,-27.194
1996-03-15 18:40:00,,-27.196
1996-03-15 19:00:00,,-27.199
1996-03-15 19:20:00,,-27.201
1996-03-15 19:40:00,,-27.205
1996-03-15 20:00:00,,-27.207
1996-03-15 20:20:00,,-27.21
1996-03-15 20:40:00,,-27.213
1996-03-15 21:00:00,,-27.216
1996-03-15 21:20:00,,-27.217
1996-03-15 21:40:00,,-27.22
1996-03-15 22:00:00,,-27.222
1996-03-15 22:20:00,,-27.224
1996-03-15 22:40:00,,-27.224
1996-03-15 23:00:00,,-27.227
1996-03-16 00:20:00,,-27.227
1996-03-16 00:40:00,,-27.225
1996-03-16 02:00:00,,-27.198
1996-03-16 02:20:00,,-27.192
1996-03-16 02:40:00,,-27.184
1996-03-16 03:00:00,,-27.178
1996-03-16 03:20:00,,-27.172
1996-03-16 03:40:00,,-27.166
1996-03-16 04:00:00,,-27.161
1996-03-16 04:20:00,,-27.157
1996-03-16 04:40:00,,-27.151
1996-03-16 06:00:00,,-27.135
1996-03-16 06:20:00,,-27.153
1996-03-16 06:40:00,,-27.181
1996-03-16 07:00:00,,-27.199
1996-03-16 07:20:00,,-27.213
1996-03-16 07:40:00,,-27.226
1996-03-16 08:00:00,,-27.242
1996-03-16 08:20:00,,-27.258
1996-03-16 08:40:00,,-27.275
1996-03-16 09:00:00,,-27.292
1996-03-16 09:20:00,,-27.308
1996-03-16 09:40:00,,-27.321
1996-03-16 10:00:00,,-27.328
1996-03-16 10:20:00,,-27.331
1996-03-16 10:40:00,,-27.335
1996-03-16 11:00:00,,-27.336
1996-03-16 11:20:00,,-27.338
1996-03-16 11:40:00,,-27.338
1996-03-16 12:00:00,,-27.339
1996-03-16 12:20:00,,-27.34
1996-03-16 12:40:00,,-27.341
1996-03-16 13:00:00,,-27.343
1996-03-16 13:20:00,,-27.344
1996-03-16 13:40:00,,-27.345
1996-03-16 14:00:00,,-27.347
1996-03-16 14:20:00,,-27.349
1996-03-16 14:40:00,,-27.351
1996-03-16 15:00:00,,-27.354
1996-03-16 15:20:00,,-27.358
1996-03-16 15:40:00,,-27.361
1996-03-16 16:00:00,,-27.365
1996-03-16 17:20:00,,-27.383
1996-03-16 17:40:00,,-27.388
1996-03-16 18:00:00,,-27.394
1996-03-16 18:20:00,,-27.399
1996-03-16 18:40:00,,-27.403
1996-03-16 19:00:00,,-27.407
1996-03-16 19:20:00,,-27.409
1996-03-16 19:40:00,,-27.411
1996-03-16 20:00:00,,-27.412
1996-03-16 22:00:00,,-27.412
1996-03-16 22:20:00,,-27.408
1996-03-16 22:40:00,,-27.404
1996-03-16 23:00:00,,-27.402
1996-03-16 23:20:00,,-27.398
1996-03-16 23:40:00,,-27.391
1996-03-17 00:00:00,,-27.381
1996-03-17 00:20:00,,-27.339
1996-03-17 00:40:00,,-27.308
1996-03-17 01:00:00,,-27.283
1996-03-17 01:20:00,,-27.264
1996-03-17 01:40:00,,-27.247
1996-03-17 02:00:00,,-27.233
1996-03-17 02:20:00,,-27.221
1996-03-17 02:40:00,,-27.211
1996-03-17 03:00:00,,-27.201
1996-03-17 03:20:00,,-27.193
1996-03-17 03:40:00,,-27.185
1996-03-17 04:00:00,,-27.178
1996-03-17 04:20:00,,-27.171
1996-03-17 04:40:00,,-27.165
1996-03-17 05:00:00,,-27.16
1996-03-17 05:20:00,,-27.156
1996-03-17 05:40:00,,-27.153
1996-03-17 06:00:00,,-27.149
1996-03-17 07:20:00,,-27.141
1996-03-17 07:40:00,,-27.177
1996-03-17 08:00:00,,-27.21
1996-03-17 08:20:00,,-27.24
1996-03-17 08:40:00,,-27.265
1996-03-17 09:00:00,,-27.287
1996-03-17 09:20:00,,-27.305
1996-03-17 09:40:00,,-27.323
1996-03-17 10:00:00,,-27.332
1996-03-17 10:20:00,,-27.337
1996-03-17 10:40:00,,-27.339
1996-03-17 11:00:00,,-27.341
1996-03-17 11:20:00,,-27.343
1996-03-17 11:40:00,,-27.346
1996-03-17 12:00:00,,-27.348
1996-03-17 12:20:00,,-27.349
1996-03-17 12:40:00,,-27.35
1996-03-17 13:00:00,,-27.351
1996-03-17 13:40:00,,-27.351
1996-03-17 14:00:00,,-27.352
1996-03-17 14:20:00,,-27.353
1996-03-17 14:40:00,,-27.354
1996-03-17 15:00:00,,-27.356
1996-03-17 15:20:00,,-27.358
1996-03-17 15:40:00,,-27.36
1996-03-17 16:00:00,,-27.361
1996-03-17 16:20:00,,-27.363
1996-03-17 16:40:00,,-27.368
1996-03-17 17:00:00,,-27.37
1996-03-17 17:20:00,,-27.374
1996-03-17 17:40:00,,-27.378
1996-03-17 18:00:00,,-27.384
1996-03-17 18:20:00,,-27.388
1996-03-17 20:20:00,,-27.424
1996-03-17 20:40:00,,-27.428
1996-03-17 21:00:00,,-27.433
1996-03-17 21:20:00,,-27.438
1996-03-17 21:40:00,,-27.444
1996-03-17 22:00:00,,-27.447
1996-03-17 22:20:00,,-27.452
1996-03-17 22:40:00,,-27.455
1996-03-17 23:00:00,,-27.457
1996-03-17 23:20:00,,-27.458
1996-03-18 00:40:00,,-27.458
1996-03-18 01:00:00,,-27.453
1996-03-18 01:20:00,,-27.447
1996-03-18 01:40:00,,-27.44
1996-03-18 02:00:00,,-27.433
1996-03-18 02:20:00,,-27.427
1996-03-18 02:40:00,,-27.421
1996-03-18 03:00:00,,-27.415
1996-03-18 03:20:00,,-27.41
1996-03-18 03:40:00,,-27.404
1996-03-18 04:00:00,,-27.4
1996-03-18 04:20:00,,-27.396
1996-03-18 04:40:00,,-27.391
1996-03-18 05:00:00,,-27.388
1996-03-18 05:20:00,,-27.385
1996-03-18 05:40:00,,-27.384
1996-03-18 06:00:00,,-27.382
1996-03-18 06:20:00,,-27.379
1996-03-18 06:40:00,,-27.377
1996-03-18 07:00:00,,-27.375
1996-03-18 07:20:00,,-27.373
1996-03-18 07:40:00,,-27.373
1996-03-18 08:00:00,,-27.374
1996-03-18 08:20:00,,-27.386
1996-03-18 08:40:00,,-27.397
1996-03-18 09:00:00,,-27.406
1996-03-18 09:20:00,,-27.41
1996-03-18 09:40:00,,-27.412
1996-03-18 10:00:00,,-27.413
1996-03-18 10:40:00,,-27.413
1996-03-18 11:00:00,,-27.414
1996-03-18 11:20:00,,-27.414
1996-03-18 11:40:00,,-27.416
1996-03-18 12:00:00,,-27.416
1996-03-18 12:20:00,,-27.417
1996-03-18 15:40:00,,-27.417
1996-03-18 16:00:00,,-27.42
1996-03-18 16:20:00,,-27.422
1996-03-18 16:40:00,,-27.424
1996-03-18 17:00:00,,-27.428
1996-03-18 20:40:00,,-27.461
1996-03-18 21:00:00,,-27.462
1996-03-18 22:40:00,,-27.475
1996-03-18 23:00:00,,-27.477
1996-03-18 23:20:00,,-27.478
1996-03-18 23:40:00,,-27.48
1996-03-19 04:20:00,,-27.48
1996-03-19 04:40:00,,-27.482
1996-03-19 05:00:00,,-27.483
1996-03-19 05:20:00,,-27.486
1996-03-19 05:40:00,,-27.488
1996-03-19 06:00:00,,-27.491
1996-03-19 06:20:00,,-27.495
1996-03-19 06:40:00,,-27.498
1996-03-19 07:00:00,,-27.5
1996-03-19 07:20:00,,-27.504
1996-03-19 07:40:00,,-27.507
1996-03-19 08:00:00,,-27.51
1996-03-19 08:20:00,,-27.515
1996-03-19 08:40:00,,-27.519
1996-03-19 09:00:00,,-27.522
1996-03-19 09:20:00,,-27.527
1996-03-19 09:40:00,,-27.53
1996-03-19 10:00:00,,-27.533
1996-03-19 10:20:00,,-27.536
1996-03-19 10:40:00,,-27.538
1996-03-19 11:00:00,,-27.539
1996-03-19 11:20:00,,-27.54
1996-03-19 11:40:00,,-27.541
1996-03-19 13:40:00,,-27.541
1996-03-19 14:00:00,,-27.539
1996-03-19 14:20:00,,-27.537
1996-03-19 15:40:00,,-27.532
1996-03-19 16:00:00,,-27.531
1996-03-19 16:20:00,,-27.529
1996-03-19 16:40:00,,-27.528
1996-03-19 19:20:00,,-27.528
1996-03-19 19:40:00,,-27.531
1996-03-19 20:00:00,,-27.533
1996-03-19 20:20:00,,-27.536
1996-03-19 20:40:00,,-27.54
1996-03-19 21:00:00,,-27.543
1996-03-19 21:20:00,,-27.546
1996-03-19 21:40:00,,-27.549
1996-03-19 22:00:00,,-27.552
1996-03-19 22:20:00,,-27.553
1996-03-19 22:40:00,,-27.556
1996-03-19 23:00:00,,-27.549
1996-03-20 00:00:00,,-27.549
1996-03-20 00:20:00,,-27.547
1996-03-20 00:40:00,,-27.543
1996-03-20 01:00:00,,-27.535
1996-03-20 01:20:00,,-27.528
1996-03-20 01:40:00,,-27.52
1996-03-20 02:00:00,,-27.512
1996-03-20 02:20:00,,-27.505
1996-03-20 02:40:00,,-27.498
1996-03-20 03:00:00,,-27.492
1996-03-20 03:20:00,,-27.484
1996-03-20 03:40:00,,-27.478
1996-03-20 05:00:00,,-27.456
1996-03-20 05:20:00,,-27.451
1996-03-20 05:40:00,,-27.447
1996-03-20 06:00:00,,-27.443
1996-03-20 06:20:00,,-27.438
1996-03-20 06:40:00,,-27.435
1996-03-20 07:00:00,,-27.432
1996-03-20 07:20:00,,-27.427
1996-03-20 08:40:00,,-27.413
1996-03-20 10:00:00,,-27.401
1996-03-20 10:20:00,,-27.4
1996-03-20 13:00:00,,-27.4
1996-03-20 13:20:00,,-27.401
1996-03-20 13:40:00,,-27.403
1996-03-20 14:00:00,,-27.406
1996-03-20 14:20:00,,-27.408
1996-03-20 14:40:00,,-27.412
1996-03-20 15:00:00,,-27.415
1996-03-20 15:20:00,,-27.418
1996-03-20 15:40:00,,-27.423
1996-03-20 16:00:00,,-27.409
1996-03-20 16:20:00,,-27.408
1996-03-20 16:40:00,,-27.414
1996-03-20 17:00:00,,-27.42
1996-03-20 19:00:00,,-27.444
1996-03-20 20:20:00,,-27.458
1996-03-20 20:40:00,,-27.462
1996-03-20 22:00:00,,-27.476
1996-03-20 22:20:00,,-27.482
1996-03-20 22:40:00,,-27.466
1996-03-20 23:00:00,,-27.44
1996-03-20 23:20:00,,-27.423
1996-03-20 23:40:00,,-27.41
1996-03-21 00:00:00,,-27.401
1996-03-21 00:20:00,,-27.395
1996-03-21 00:40:00,,-27.389
1996-03-21 01:00:00,,-27.384
1996-03-21 01:20:00,,-27.38
1996-03-21 01:40:00,,-27.376
1996-03-21 02:00:00,,-27.373
1996-03-21 02:20:00,,-27.37
1996-03-21 02:40:00,,-27.367
1996-03-21 03:00:00,,-27.365
1996-03-21 03:20:00,,-27.363
1996-03-21 03:40:00,,-27.362
1996-03-21 04:00:00,,-27.361
1996-03-21 04:20:00,,-27.359
1996-03-21 04:40:00,,-27.358
1996-03-21 05:00:00,,-27.357
1996-03-21 05:20:00,,-27.356
1996-03-21 07:00:00,,-27.356
1996-03-21 07:20:00,,-27.38
1996-03-21 07:40:00,,-27.41
1996-03-21 08:00:00,,-27.433
1996-03-21 08:20:00,,-27.45
1996-03-21 08:40:00,,-27.464
1996-03-21 09:00:00,,-27.474
1996-03-21 09:20:00,,-27.485
1996-03-21 09:40:00,,-27.494
1996-03-21 10:00:00,,-27.503
1996-03-21 10:20:00,,-27.504
1996-03-21 10:40:00,,-27.508
1996-03-21 11:00:00,,-27.514
1996-03-21 11:20:00,,-27.518
1996-03-21 11:40:00,,-27.522
1996-03-21 12:00:00,,-27.526
1996-03-21 12:20:00,,-27.529
1996-03-21 12:40:00,,-27.53
1996-03-21 13:00:00,,-27.531
1996-03-21 13:20:00,,-27.532
1996-03-21 13:40:00,,-27.532
1996-03-21 14:00:00,,-27.533
1996-03-21 14:20:00,,-27.534
1996-03-21 14:40:00,,-27.534
1996-03-21 15:00:00,,-27.538
1996-03-21 16:00:00,,-27.538
1996-03-21 16:20:00,,-27.536
1996-03-21 17:40:00,,-27.536
1996-03-21 18:00:00,,-27.539
1996-03-21 18:20:00,,-27.542
1996-03-21 18:40:00,,-27.545
1996-03-21 19:00:00,,-27.547
1996-03-21 19:20:00,,-27.55
1996-03-21 19:40:00,,-27.555
1996-03-21 20:00:00,,-27.55
1996-03-21 20:20:00,,-27.551
1996-03-21 20:40:00,,-27.558
1996-03-21 21:00:00,,-27.565
1996-03-21 21:20:00,,-27.57
1996-03-21 21:40:00,,-27.575
1996-03-21 22:00:00,,-27.58
1996-03-21 22:20:00,,-27.583
1996-03-21 22:40:00,,-27.587
1996-03-21 23:00:00,,-27.589
1996-03-21 23:20:00,,-27.591
1996-03-22 00:40:00,,-27.591
1996-03-22 01:00:00,,-27.588
1996-03-22 02:20:00,,-27.56
1996-03-22 02:40:00,,-27.554
1996-03-22 04:40:00,,-27.512
1996-03-22 05:00:00,,-27.506
1996-03-22 05:20:00,,-27.502
1996-03-22 05:40:00,,-27.496
1996-03-22 06:00:00,,-27.492
1996-03-22 06:20:00,,-27.486
1996-03-22 06:40:00,,-27.478
1996-03-22 07:00:00,,-27.467
1996-03-22 08:20:00,,-27.453
1996-03-22 08:40:00,,-27.448
1996-03-22 09:00:00,,-27.443
1996-03-22 09:20:00,,-27.439
1996-03-22 09:40:00,,-27.421
1996-03-22 10:00:00,,-27.416
1996-03-22 10:20:00,,-27.415
1996-03-22 10:40:00,,-27.413
1996-03-22 11:00:00,,-27.411
1996-03-22 11:20:00,,-27.407
1996-03-22 11:40:00,,-27.403
1996-03-22 12:00:00,,-27.4
1996-03-22 12:20:00,,-27.397
1996-03-22 12:40:00,,-27.393
1996-03-22 13:00:00,,-27.39
1996-03-22 13:20:00,,-27.386
1996-03-22 13:40:00,,-27.382
1996-03-22 14:00:00,,-27.364
1996-03-22 14:20:00,,-27.362
1996-03-22 15:00:00,,-27.362
1996-03-22 15:20:00,,-27.361
1996-03-22 15:40:00,,-27.357
1996-03-22 16:00:00,,-27.355
1996-03-22 16:20:00,,-27.352
1996-03-22 16:40:00,,-27.35
1996-03-22 17:00:00,,-27.347
1996-03-22 17:20:00,,-27.346
1996-03-22 17:40:00,,-27.344
1996-03-22 18:00:00,,-27.344
1996-03-22 18:20:00,,-27.341
1996-03-22 18:40:00,,-27.34
1996-03-22 19:00:00,,-27.337
1996-03-22 19:20:00,,-27.335
1996-03-22 19:40:00,,-27.333
1996-03-22 20:00:00,,-27.33
1996-03-22 20:20:00,,-27.328
1996-03-22 23:20:00,,-27.31
1996-03-22 23:40:00,,-27.309
1996-03-23 00:00:00,,-27.307
1996-03-23 00:20:00,,-27.305
1996-03-23 00:40:00,,-27.303
1996-03-23 01:00:00,,-27.301
1996-03-23 01:20:00,,-27.267
1996-03-23 01:40:00,,-27.238
1996-03-23 02:00:00,,-27.217
1996-03-23 02:20:00,,-27.202
1996-03-23 02:40:00,,-27.189
1996-03-23 03:00:00,,-27.18
1996-03-23 03:20:00,,-27.171
1996-03-23 03:40:00,,-27.163
1996-03-23 04:00:00,,-27.156
1996-03-23 04:20:00,,-27.149
1996-03-23 04:40:00,,-27.143
1996-03-23 05:00:00,,-27.138
1996-03-23 05:20:00,,-27.132
1996-03-23 06:40:00,,-27.116
1996-03-23 07:00:00,,-27.113
1996-03-23 08:20:00,,-27.105
1996-03-23 09:40:00,,-27.105
1996-03-23 10:00:00,,-27.133
1996-03-23 10:20:00,,-27.162
1996-03-23 10:40:00,,-27.184
1996-03-23 11:00:00,,-27.2
1996-03-23 11:20:00,,-27.215
1996-03-23 11:40:00,,-27.228
1996-03-23 12:00:00,,-27.239
1996-03-23 12:20:00,,-27.248
1996-03-23 12:40:00,,-27.257
1996-03-23 13:00:00,,-27.265
1996-03-23 13:20:00,,-27.272
1996-03-23 13:40:00,,-27.279
1996-03-23 14:00:00,,-27.286
1996-03-23 14:20:00,,-27.292
1996-03-23 14:40:00,,-27.3
1996-03-23 15:00:00,,-27.306
1996-03-23 15:20:00,,-27.313
1996-03-23 15:40:00,,-27.317
1996-03-23 16:00:00,,-27.324
1996-03-23 16:20:00,,-27.328
1996-03-23 16:40:00,,-27.333
1996-03-23 17:00:00,,-27.338
1996-03-23 17:20:00,,-27.342
1996-03-23 17:40:00,,-27.348
1996-03-23 18:00:00,,-27.351
1996-03-23 18:20:00,,-27.357
1996-03-23 18:40:00,,-27.338
1996-03-23 19:00:00,,-27.315
1996-03-23 19:20:00,,-27.309
1996-03-23 19:40:00,,-27.33
1996-03-23 20:00:00,,-27.348
1996-03-23 20:20:00,,-27.36
1996-03-23 20:40:00,,-27.37
1996-03-23 21:00:00,,-27.378
1996-03-23 21:20:00,,-27.386
1996-03-23 21:40:00,,-27.393
1996-03-23 22:00:00,,-27.399
1996-03-23 22:20:00,,-27.405
1996-03-23 22:40:00,,-27.41
1996-03-23 23:00:00,,-27.416
1996-03-24 00:20:00,,-27.432
1996-03-24 00:40:00,,-27.434
1996-03-24 01:00:00,,-27.436
1996-03-24 01:20:00,,-27.437
1996-03-24 01:40:00,,-27.439
1996-03-24 02:00:00,,-27.441
1996-03-24 02:20:00,,-27.443
1996-03-24 02:40:00,,-27.445
1996-03-24 03:00:00,,-27.448
1996-03-24 03:20:00,,-27.449
1996-03-24 03:40:00,,-27.451
1996-03-24 04:00:00,,-27.454
1996-03-24 04:20:00,,-27.456
1996-03-24 04:40:00,,-27.457
1996-03-24 05:00:00,,-27.459
1996-03-24 05:20:00,,-27.461
1996-03-24 05:40:00,,-27.463
1996-03-24 06:00:00,,-27.465
1996-03-24 06:20:00,,-27.468
1996-03-24 06:40:00,,-27.47
1996-03-24 07:00:00,,-27.472
1996-03-24 07:20:00,,-27.457
1996-03-24 07:40:00,,-27.449
1996-03-24 08:00:00,,-27.452
1996-03-24 08:20:00,,-27.459
1996-03-24 08:40:00,,-27.463
1996-03-24 09:00:00,,-27.467
1996-03-24 09:20:00,,-27.47
1996-03-24 09:40:00,,-27.473
1996-03-24 10:00:00,,-27.474
1996-03-24 10:20:00,,-27.476
1996-03-24 11:00:00,,-27.476
1996-03-24 11:20:00,,-27.478
1996-03-24 14:00:00,,-27.478
1996-03-24 15:20:00,,-27.486
1996-03-24 15:40:00,,-27.489
1996-03-24 16:00:00,,-27.491
1996-03-24 16:20:00,,-27.492
1996-03-24 17:20:00,,-27.492
1996-03-24 17:40:00,,-27.483
1996-03-24 18:40:00,,-27.483
1996-03-24 19:00:00,,-27.481
1996-03-24 19:20:00,,-27.472
1996-03-24 19:40:00,,-27.467
1996-03-24 20:00:00,,-27.462
1996-03-24 20:20:00,,-27.458
1996-03-24 20:40:00,,-27.454
1996-03-24 23:00:00,,-27.42
1996-03-24 23:20:00,,-27.414
1996-03-24 23:40:00,,-27.409
1996-03-25 00:00:00,,-27.404
1996-03-25 00:20:00,,-27.4
1996-03-25 00:40:00,,-27.395
1996-03-25 01:00:00,,-27.391
1996-03-25 01:20:00,,-27.387
1996-03-25 01:40:00,,-27.382
1996-03-25 02:00:00,,-27.378
1996-03-25 03:20:00,,-27.367
1996-03-25 04:40:00,,-27.359
1996-03-25 05:00:00,,-27.358
1996-03-25 05:20:00,,-27.356
1996-03-25 05:40:00,,-27.354
1996-03-25 06:00:00,,-27.353
1996-03-25 06:20:00,,-27.352
1996-03-25 06:40:00,,-27.349
1996-03-25 07:00:00,,-27.346
1996-03-25 07:20:00,,-27.344
1996-03-25 07:40:00,,-27.343
1996-03-25 09:00:00,,-27.339
1996-03-25 09:20:00,,-27.337
1996-03-25 09:40:00,,-27.336
1996-03-25 11:00:00,,-27.328
1996-03-25 11:20:00,,-27.327
1996-03-25 11:40:00,,-27.325
1996-03-25 12:00:00,,-27.322
1996-03-25 12:20:00,,-27.32
1996-03-25 12:40:00,,-27.316
1996-03-25 13:00:00,,-27.313
1996-03-25 13:20:00,,-27.309
1996-03-25 13:40:00,,-27.305
1996-03-25 14:00:00,,-27.303
1996-03-25 14:20:00,,-27.3
1996-03-25 14:40:00,,-27.299
1996-03-25 15:00:00,,-27.295
1996-03-25 15:20:00,,-27.293
1996-03-25 15:40:00,,-27.291
1996-03-25 16:00:00,,-27.291
1996-03-25 17:20:00,,-27.284
1996-03-25 17:40:00,,-27.283
1996-03-25 18:00:00,,-27.283
1996-03-25 18:20:00,,-27.282
1996-03-25 22:00:00,,-27.282
1996-03-26 00:00:00,,-27.276
1996-03-26 00:20:00,,-27.274
1996-03-26 00:40:00,,-27.272
1996-03-26 01:00:00,,-27.27
1996-03-26 01:20:00,,-27.267
1996-03-26 02:40:00,,-27.26
1996-03-26 03:00:00,,-27.26
1996-03-26 03:20:00,,-27.259
1996-03-26 03:40:00,,-27.258
1996-03-26 06:40:00,,-27.258
1996-03-26 07:00:00,,-27.257
1996-03-26 07:20:00,,-27.256
1996-03-26 08:00:00,,-27.256
1996-03-26 08:20:00,,-27.257
1996-03-26 08:40:00,,-27.267
1996-03-26 09:00:00,,-27.277
1996-03-26 09:20:00,,-27.288
1996-03-26 09:40:00,,-27.294
1996-03-26 10:00:00,,-27.3
1996-03-26 10:20:00,,-27.302
1996-03-26 11:20:00,,-27.302
1996-03-26 11:40:00,,-27.3
1996-03-26 12:00:00,,-27.296
1996-03-26 12:20:00,,-27.294
1996-03-26 12:40:00,,-27.293
1996-03-26 14:20:00,,-27.293
1996-03-26 14:40:00,,-27.298
1996-03-26 15:00:00,,-27.302
1996-03-26 15:20:00,,-27.308
1996-03-26 15:40:00,,-27.312
1996-03-26 16:00:00,,-27.317
1996-03-26 16:20:00,,-27.323
1996-03-26 17:40:00,,-27.341
1996-03-26 18:00:00,,-27.346
1996-03-26 18:20:00,,-27.351
1996-03-26 18:40:00,,-27.354
1996-03-26 19:00:00,,-27.359
1996-03-26 19:20:00,,-27.362
1996-03-26 19:40:00,,-27.366
1996-03-26 20:00:00,,-27.37
1996-03-26 20:20:00,,-27.373
1996-03-26 20:40:00,,-27.376
1996-03-26 21:00:00,,-27.378
1996-03-26 21:20:00,,-27.382
1996-03-26 21:40:00,,-27.384
1996-03-26 22:00:00,,-27.387
1996-03-26 22:20:00,,-27.389
1996-03-26 22:40:00,,-27.39
1996-03-26 23:00:00,,-27.393
1996-03-26 23:20:00,,-27.395
1996-03-27 00:40:00,,-27.4
1996-03-27 01:00:00,,-27.401
1996-03-27 01:20:00,,-27.402
1996-03-27 01:40:00,,-27.404
1996-03-27 02:00:00,,-27.407
1996-03-27 03:20:00,,-27.418
1996-03-27 03:40:00,,-27.422
1996-03-27 04:00:00,,-27.426
1996-03-27 04:20:00,,-27.429
1996-03-27 04:40:00,,-27.432
1996-03-27 05:00:00,,-27.436
1996-03-27 05:20:00,,-27.439
1996-03-27 05:40:00,,-27.442
1996-03-27 06:00:00,,-27.446
1996-03-27 07:40:00,,-27.464
1996-03-27 08:00:00,,-27.47
1996-03-27 08:20:00,,-27.483
1996-03-27 08:40:00,,-27.497
1996-03-27 09:00:00,,-27.512
1996-03-27 09:20:00,,-27.528
1996-03-27 09:40:00,,-27.541
1996-03-27 10:00:00,,-27.552
1996-03-27 10:20:00,,-27.558
1996-03-27 11:40:00,,-27.558
1996-03-27 12:00:00,,-27.557
1996-03-27 12:20:00,,-27.553
1996-03-27 12:40:00,,-27.55
1996-03-27 13:00:00,,-27.545
1996-03-27 13:20:00,,-27.541
1996-03-27 13:40:00,,-27.536
1996-03-27 14:00:00,,-27.533
1996-03-27 14:20:00,,-27.531
1996-03-27 15:40:00,,-27.525
1996-03-27 16:00:00,,-27.524
1996-03-27 17:00:00,,-27.524
1996-03-27 17:20:00,,-27.523
1996-03-27 18:40:00,,-27.523
1996-03-27 19:00:00,,-27.524
1996-03-27 19:20:00,,-27.526
1996-03-27 20:40:00,,-27.536
1996-03-27 21:00:00,,-27.538
1996-03-27 21:20:00,,-27.539
1996-03-27 21:40:00,,-27.539
1996-03-27 22:00:00,,-27.54
1996-03-27 23:00:00,,-27.54
1996-03-27 23:20:00,,-27.539
1996-03-27 23:40:00,,-27.533
1996-03-28 00:00:00,,-27.528
1996-03-28 00:20:00,,-27.521
1996-03-28 00:40:00,,-27.515
1996-03-28 01:00:00,,-27.508
1996-03-28 01:20:00,,-27.499
1996-03-28 01:40:00,,-27.492
1996-03-28 02:00:00,,-27.485
1996-03-28 02:20:00,,-27.48
1996-03-28 02:40:00,,-27.474
1996-03-28 04:00:00,,-27.456
1996-03-28 04:20:00,,-27.452
1996-03-28 04:40:00,,-27.449
1996-03-28 05:00:00,,-27.447
1996-03-28 05:20:00,,-27.444
1996-03-28 05:40:00,,-27.443
1996-03-28 06:00:00,,-27.439
1996-03-28 06:20:00,,-27.437
1996-03-28 06:40:00,,-27.434
1996-03-28 07:00:00,,-27.408
1996-03-28 07:20:00,,-27.383
1996-03-28 07:40:00,,-27.383
1996-03-28 08:00:00,,-27.388
1996-03-28 08:20:00,,-27.4
1996-03-28 08:40:00,,-27.411
1996-03-28 09:00:00,,-27.422
1996-03-28 09:20:00,,-27.431
1996-03-28 09:40:00,,-27.415
1996-03-28 10:00:00,,-27.394
1996-03-28 10:20:00,,-27.376
1996-03-28 10:40:00,,-27.356
1996-03-28 11:00:00,,-27.338
1996-03-28 11:20:00,,-27.322
1996-03-28 11:40:00,,-27.306
1996-03-28 12:00:00,,-27.291
1996-03-28 12:20:00,,-27.277
1996-03-28 12:40:00,,-27.264
1996-03-28 13:00:00,,-27.252
1996-03-28 13:20:00,,-27.243
1996-03-28 13:40:00,,-27.23
1996-03-28 14:00:00,,-27.22
1996-03-28 14:20:00,,-27.211
1996-03-28 14:40:00,,-27.204
1996-03-28 15:00:00,,-27.195
1996-03-28 15:20:00,,-27.189
1996-03-28 15:40:00,,-27.183
1996-03-28 16:00:00,,-27.177
1996-03-28 16:20:00,,-27.174
1996-03-28 16:40:00,,-27.168
1996-03-28 17:00:00,,-27.164
1996-03-28 17:20:00,,-27.159
1996-03-28 17:40:00,,-27.156
1996-03-28 18:00:00,,-27.153
1996-03-28 18:20:00,,-27.149
1996-03-28 18:40:00,,-27.146
1996-03-28 20:00:00,,-27.128
1996-03-28 20:20:00,,-27.122
1996-03-28 20:40:00,,-27.117
1996-03-28 21:00:00,,-27.111
1996-03-28 21:20:00,,-27.107
1996-03-28 21:40:00,,-27.101
1996-03-28 23:00:00,,-27.079
1996-03-29 00:20:00,,-27.062
1996-03-29 00:40:00,,-27.056
1996-03-29 02:00:00,,-27.038
1996-03-29 02:20:00,,-27.036
1996-03-29 02:40:00,,-27.032
1996-03-29 03:00:00,,-27.031
1996-03-29 03:20:00,,-27.028
1996-03-29 03:40:00,,-27.027
1996-03-29 04:00:00,,-27.026
1996-03-29 04:20:00,,-27.024
1996-03-29 04:40:00,,-27.023
1996-03-29 05:00:00,,-27.023
1996-03-29 05:20:00,,-27.021
1996-03-29 05:40:00,,-27.021
1996-03-29 06:00:00,,-27.02
1996-03-29 06:20:00,,-27.02
1996-03-29 06:40:00,,-27.019
1996-03-29 08:00:00,,-27.019
1996-03-29 08:20:00,,-27.024
1996-03-29 08:40:00,,-27.037
1996-03-29 09:00:00,,-27.051
1996-03-29 09:20:00,,-27.08
1996-03-29 09:40:00,,-27.125
1996-03-29 10:00:00,,-27.157
1996-03-29 10:20:00,,-27.179
1996-03-29 10:40:00,,-27.194
1996-03-29 11:00:00,,-27.204
1996-03-29 11:20:00,,-27.212
1996-03-29 11:40:00,,-27.218
1996-03-29 12:00:00,,-27.224
1996-03-29 12:20:00,,-27.229
1996-03-29 12:40:00,,-27.235
1996-03-29 13:00:00,,-27.24
1996-03-29 13:20:00,,-27.244
1996-03-29 13:40:00,,-27.248
1996-03-29 14:00:00,,-27.252
1996-03-29 14:20:00,,-27.255
1996-03-29 14:40:00,,-27.26
1996-03-29 15:00:00,,-27.265
1996-03-29 15:20:00,,-27.27
1996-03-29 15:40:00,,-27.276
1996-03-29 16:00:00,,-27.281
1996-03-29 16:20:00,,-27.288
1996-03-29 16:40:00,,-27.293
1996-03-29 17:00:00,,-27.299
1996-03-29 17:20:00,,-27.305
1996-03-29 17:40:00,,-27.286
1996-03-29 18:00:00,,-27.268
1996-03-29 18:20:00,,-27.256
1996-03-29 18:40:00,,-27.249
1996-03-29 19:00:00,,-27.245
1996-03-29 19:20:00,,-27.243
1996-03-29 19:40:00,,-27.241
1996-03-29 20:00:00,,-27.241
1996-03-29 20:20:00,,-27.24
1996-03-29 20:40:00,,-27.238
1996-03-29 21:00:00,,-27.236
1996-03-29 21:20:00,,-27.235
1996-03-29 21:40:00,,-27.232
1996-03-29 22:00:00,,-27.229
1996-03-29 23:20:00,,-27.205
1996-03-29 23:40:00,,-27.197
1996-03-30 00:00:00,,-27.189
1996-03-30 00:20:00,,-27.18
1996-03-30 01:40:00,,-27.15
1996-03-30 02:00:00,,-27.143
1996-03-30 02:20:00,,-27.137
1996-03-30 02:40:00,,-27.131
1996-03-30 03:00:00,,-27.126
1996-03-30 03:20:00,,-27.12
1996-03-30 03:40:00,,-27.115
1996-03-30 04:00:00,,-27.111
1996-03-30 04:20:00,,-27.108
1996-03-30 04:40:00,,-27.105
1996-03-30 05:00:00,,-27.101
1996-03-30 05:20:00,,-27.099
1996-03-30 05:40:00,,-27.097
1996-03-30 06:00:00,,-27.095
1996-03-30 06:20:00,,-27.091
1996-03-30 06:40:00,,-27.108
1996-03-30 07:00:00,,-27.135
1996-03-30 07:20:00,,-27.152
1996-03-30 07:40:00,,-27.165
1996-03-30 08:00:00,,-27.177
1996-03-30 08:20:00,,-27.194
1996-03-30 08:40:00,,-27.211
1996-03-30 09:00:00,,-27.23
1996-03-30 09:20:00,,-27.247
1996-03-30 09:40:00,,-27.264
1996-03-30 10:00:00,,-27.278
1996-03-30 10:20:00,,-27.287
1996-03-30 10:40:00,,-27.291
1996-03-30 11:00:00,,-27.293
1996-03-30 11:20:00,,-27.296
1996-03-30 11:40:00,,-27.297
1996-03-30 12:00:00,,-27.299
1996-03-30 12:20:00,,-27.301
1996-03-30 12:40:00,,-27.302
1996-03-30 13:00:00,,-27.303
1996-03-30 13:20:00,,-27.305
1996-03-30 13:40:00,,-27.308
1996-03-30 14:00:00,,-27.311
1996-03-30 14:20:00,,-27.314
1996-03-30 14:40:00,,-27.316
1996-03-30 15:00:00,,-27.321
1996-03-30 15:20:00,,-27.324
1996-03-30 16:40:00,,-27.343
1996-03-30 17:00:00,,-27.349
1996-03-30 17:20:00,,-27.354
1996-03-30 18:40:00,,-27.377
1996-03-30 19:00:00,,-27.383
1996-03-30 19:20:00,,-27.383
1996-03-30 19:40:00,,-27.386
1996-03-30 20:00:00,,-27.393
1996-03-30 20:20:00,,-27.399
1996-03-30 20:40:00,,-27.403
1996-03-30 21:00:00,,-27.407
1996-03-30 21:20:00,,-27.409
1996-03-30 21:40:00,,-27.413
1996-03-30 22:00:00,,-27.416
1996-03-30 22:20:00,,-27.419
1996-03-30 22:40:00,,-27.423
1996-03-30 23:00:00,,-27.425
1996-03-30 23:20:00,,-27.428
1996-03-30 23:40:00,,-27.429
1996-03-31 00:00:00,,-27.431
1996-03-31 00:20:00,,-27.432
1996-03-31 01:40:00,,-27.436
1996-03-31 03:00:00,,-27.446
1996-03-31 03:20:00,,-27.448
1996-03-31 03:40:00,,-27.451
1996-03-31 04:00:00,,-27.455
1996-03-31 04:20:00,,-27.458
1996-03-31 04:40:00,,-27.461
1996-03-31 05:00:00,,-27.465
1996-03-31 06:20:00,,-27.483
1996-03-31 06:40:00,,-27.487
1996-03-31 07:00:00,,-27.491
1996-03-31 07:20:00,,-27.494
1996-03-31 07:40:00,,-27.499
1996-03-31 08:00:00,,-27.507
1996-03-31 08:20:00,,-27.521
1996-03-31 08:40:00,,-27.537
1996-03-31 09:00:00,,-27.553
1996-03-31 09:20:00,,-27.568
1996-03-31 09:40:00,,-27.583
1996-03-31 10:00:00,,-27.594
1996-03-31 10:20:00,,-27.599
1996-03-31 10:40:00,,-27.6
1996-03-31 11:40:00,,-27.6
1996-03-31 12:00:00,,-27.598
1996-03-31 12:20:00,,-27.594
1996-03-31 12:40:00,,-27.59
1996-03-31 13:00:00,,-27.585
1996-03-31 13:20:00,,-27.58
1996-03-31 13:40:00,,-27.576
1996-03-31 14:00:00,,-27.572
1996-03-31 14:20:00,,-27.568
1996-03-31 15:40:00,,-27.559
1996-03-31 16:00:00,,-27.558
1996-03-31 16:20:00,,-27.557
1996-03-31 16:40:00,,-27.554
1996-03-31 18:40:00,,-27.554
1996-03-31 19:00:00,,-27.556
1996-03-31 20:20:00,,-27.568
1996-03-31 21:40:00,,-27.577
1996-03-31 22:00:00,,-27.579
1996-03-31 22:20:00,,-27.58
1996-03-31 22:40:00,,-27.581
1996-03-31 23:00:00,,-27.582
1996-04-01 01:40:00,,-27.582
1996-04-01 03:00:00,,-27.578
1996-04-01 05:40:00,,-27.578
1996-04-01 06:00:00,,-27.579
1996-04-01 06:20:00,,-27.581
1996-04-01 06:40:00,,-27.584
1996-04-01 07:00:00,,-27.585
1996-04-01 07:20:00,,-27.586
1996-04-01 07:40:00,,-27.588
1996-04-01 08:00:00,,-27.595
1996-04-01 08:20:00,,-27.605
1996-04-01 08:40:00,,-27.619
1996-04-01 09:00:00,,-27.633
1996-04-01 09:20:00,,-27.647
1996-04-01 09:40:00,,-27.659
1996-04-01 10:00:00,,-27.667
1996-04-01 10:20:00,,-27.669
1996-04-01 11:00:00,,-27.669
1996-04-01 11:20:00,,-27.667
1996-04-01 11:40:00,,-27.662
1996-04-01 13:00:00,,-27.637
1996-04-01 13:20:00,,-27.633
1996-04-01 13:40:00,,-27.628
1996-04-01 14:00:00,,-27.624
1996-04-01 14:20:00,,-27.622
1996-04-01 14:40:00,,-27.619
1996-04-01 15:00:00,,-27.616
1996-04-01 15:20:00,,-27.614
1996-04-01 15:40:00,,-27.613
1996-04-01 16:00:00,,-27.612
1996-04-01 16:20:00,,-27.611
1996-04-01 18:40:00,,-27.611
1996-04-01 19:00:00,,-27.612
1996-04-01 19:20:00,,-27.614
1996-04-01 19:40:00,,-27.617
1996-04-01 21:00:00,,-27.622
1996-04-01 21:20:00,,-27.623
1996-04-01 21:40:00,,-27.624
1996-04-01 23:00:00,,-27.624
1996-04-01 23:20:00,,-27.623
1996-04-01 23:40:00,,-27.618
1996-04-02 00:00:00,,-27.611
1996-04-02 00:20:00,,-27.604
1996-04-02 00:40:00,,-27.597
1996-04-02 01:00:00,,-27.588
1996-04-02 01:20:00,,-27.58
1996-04-02 01:40:00,,-27.572
1996-04-02 02:00:00,,-27.564
1996-04-02 03:20:00,,-27.538
1996-04-02 04:40:00,,-27.517
1996-04-02 05:00:00,,-27.512
1996-04-02 05:20:00,,-27.508
1996-04-02 05:40:00,,-27.504
1996-04-02 06:00:00,,-27.503
1996-04-02 06:20:00,,-27.501
1996-04-02 06:40:00,,-27.498
1996-04-02 07:00:00,,-27.495
1996-04-02 07:20:00,,-27.493
1996-04-02 07:40:00,,-27.492
1996-04-02 08:00:00,,-27.492
1996-04-02 08:20:00,,-27.495
1996-04-02 08:40:00,,-27.505
1996-04-02 09:00:00,,-27.516
1996-04-02 09:20:00,,-27.53
1996-04-02 09:40:00,,-27.539
1996-04-02 10:00:00,,-27.545
1996-04-02 10:20:00,,-27.546
1996-04-02 10:40:00,,-27.546
1996-04-02 11:00:00,,-27.543
1996-04-02 11:20:00,,-27.535
1996-04-02 11:40:00,,-27.528
1996-04-02 12:00:00,,-27.519
1996-04-02 12:20:00,,-27.51
1996-04-02 12:40:00,,-27.502
1996-04-02 13:00:00,,-27.494
1996-04-02 13:20:00,,-27.485
1996-04-02 13:40:00,,-27.477
1996-04-02 14:00:00,,-27.471
1996-04-02 14:20:00,,-27.465
1996-04-02 14:40:00,,-27.461
1996-04-02 15:00:00,,-27.459
1996-04-02 15:20:00,,-27.458
1996-04-02 15:40:00,,-27.456
1996-04-02 17:00:00,,-27.456
1996-04-02 17:20:00,,-27.459
1996-04-02 17:40:00,,-27.463
1996-04-02 18:00:00,,-27.468
1996-04-02 18:20:00,,-27.472
1996-04-02 19:40:00,,-27.497
1996-04-02 20:00:00,,-27.504
1996-04-02 20:20:00,,-27.511
1996-04-02 20:40:00,,-27.516
1996-04-02 21:00:00,,-27.521
1996-04-02 21:20:00,,-27.525
1996-04-02 21:40:00,,-27.528
1996-04-02 22:00:00,,-27.529
1996-04-02 23:20:00,,-27.529
1996-04-02 23:40:00,,-27.526
1996-04-03 00:00:00,,-27.52
1996-04-03 00:20:00,,-27.515
1996-04-03 00:40:00,,-27.509
1996-04-03 01:00:00,,-27.502
1996-04-03 01:20:00,,-27.495
1996-04-03 01:40:00,,-27.488
1996-04-03 03:00:00,,-27.463
1996-04-03 03:20:00,,-27.458
1996-04-03 03:40:00,,-27.454
1996-04-03 04:00:00,,-27.447
1996-04-03 04:20:00,,-27.443
1996-04-03 04:40:00,,-27.439
1996-04-03 05:00:00,,-27.436
1996-04-03 06:20:00,,-27.427
1996-04-03 06:40:00,,-27.426
1996-04-03 07:00:00,,-27.425
1996-04-03 07:20:00,,-27.425
1996-04-03 07:40:00,,-27.431
1996-04-03 08:00:00,,-27.435
1996-04-03 08:20:00,,-27.44
1996-04-03 08:40:00,,-27.445
1996-04-03 09:00:00,,-27.451
1996-04-03 10:20:00,,-27.483
1996-04-03 10:40:00,,-27.492
1996-04-03 12:00:00,,-27.52
1996-04-03 12:20:00,,-27.528
1996-04-03 12:40:00,,-27.535
1996-04-03 13:00:00,,-27.543
1996-04-03 13:20:00,,-27.549
1996-04-03 13:40:00,,-27.553
1996-04-03 15:00:00,,-27.553
1996-04-03 15:20:00,,-27.551
1996-04-03 15:40:00,,-27.547
1996-04-03 16:00:00,,-27.544
1996-04-03 16:20:00,,-27.543
1996-04-03 16:40:00,,-27.542
1996-04-03 17:00:00,,-27.541
1996-04-03 19:00:00,,-27.541
1996-04-03 19:20:00,,-27.542
1996-04-03 19:40:00,,-27.543
1996-04-03 20:00:00,,-27.545
1996-04-03 20:20:00,,-27.547
1996-04-03 20:40:00,,-27.548
1996-04-03 21:00:00,,-27.549
1996-04-03 21:20:00,,-27.55
1996-04-03 22:40:00,,-27.55
1996-04-03 23:00:00,,-27.552
1996-04-03 23:20:00,,-27.554
1996-04-03 23:40:00,,-27.564
1996-04-04 00:00:00,,-27.571
1996-04-04 00:20:00,,-27.578
1996-04-04 00:40:00,,-27.583
1996-04-04 01:00:00,,-27.587
1996-04-04 01:20:00,,-27.59
1996-04-04 01:40:00,,-27.593
1996-04-04 02:00:00,,-27.595
1996-04-04 02:20:00,,-27.598
1996-04-04 02:40:00,,-27.599
1996-04-04 03:00:00,,-27.602
1996-04-04 03:20:00,,-27.604
1996-04-04 03:40:00,,-27.605
1996-04-04 04:00:00,,-27.607
1996-04-04 04:20:00,,-27.609
1996-04-04 05:00:00,,-27.609
1996-04-04 05:20:00,,-27.602
1996-04-04 05:40:00,,-27.592
1996-04-04 06:00:00,,-27.58
1996-04-04 06:20:00,,-27.571
1996-04-04 06:40:00,,-27.561
1996-04-04 07:00:00,,-27.552
1996-04-04 07:20:00,,-27.545
1996-04-04 07:40:00,,-27.538
1996-04-04 08:00:00,,-27.525
1996-04-04 08:20:00,,-27.52
1996-04-04 08:40:00,,-27.518
1996-04-04 09:00:00,,-27.513
1996-04-04 09:20:00,,-27.51
1996-04-04 09:40:00,,-27.508
1996-04-04 10:00:00,,-27.506
1996-04-04 10:20:00,,-27.506
1996-04-04 10:40:00,,-27.505
1996-04-04 11:20:00,,-27.505
1996-04-04 11:40:00,,-27.497
1996-04-04 12:00:00,,-27.477
1996-04-04 12:20:00,,-27.481
1996-04-04 12:40:00,,-27.489
1996-04-04 13:00:00,,-27.496
1996-04-04 13:20:00,,-27.48
1996-04-04 13:40:00,,-27.454
1996-04-04 14:00:00,,-27.434
1996-04-04 14:20:00,,-27.419
1996-04-04 14:40:00,,-27.408
1996-04-04 15:00:00,,-27.424
1996-04-04 15:20:00,,-27.443
1996-04-04 15:40:00,,-27.457
1996-04-04 16:00:00,,-27.467
1996-04-04 16:20:00,,-27.473
1996-04-04 16:40:00,,-27.479
1996-04-04 17:00:00,,-27.484
1996-04-04 17:20:00,,-27.488
1996-04-04 17:40:00,,-27.492
1996-04-04 18:00:00,,-27.496
1996-04-04 18:20:00,,-27.501
1996-04-04 18:40:00,,-27.505
1996-04-04 19:00:00,,-27.509
1996-04-04 19:20:00,,-27.514
1996-04-04 19:40:00,,-27.519
1996-04-04 20:00:00,,-27.523
1996-04-04 20:20:00,,-27.529
1996-04-04 20:40:00,,-27.534
1996-04-04 22:00:00,,-27.552
1996-04-04 22:20:00,,-27.556
1996-04-04 22:40:00,,-27.564
1996-04-04 23:00:00,,-27.576
1996-04-04 23:20:00,,-27.59
1996-04-04 23:40:00,,-27.605
1996-04-05 00:00:00,,-27.619
1996-04-05 00:20:00,,-27.633
1996-04-05 00:40:00,,-27.645
1996-04-05 01:00:00,,-27.656
1996-04-05 02:20:00,,-27.692
1996-04-05 02:40:00,,-27.7
1996-04-05 03:00:00,,-27.708
1996-04-05 04:20:00,,-27.732
1996-04-05 04:40:00,,-27.736
1996-04-05 05:20:00,,-27.736
1996-04-05 05:40:00,,-27.734
1996-04-05 06:00:00,,-27.726
1996-04-05 07:20:00,,-27.702
1996-04-05 08:40:00,,-27.686
1996-04-05 09:00:00,,-27.682
1996-04-05 09:20:00,,-27.679
1996-04-05 09:40:00,,-27.677
1996-04-05 10:00:00,,-27.675
1996-04-05 10:20:00,,-27.674
1996-04-05 10:40:00,,-27.673
1996-04-05 11:00:00,,-27.671
1996-04-05 11:20:00,,-27.669
1996-04-05 11:40:00,,-27.668
1996-04-05 13:00:00,,-27.652
1996-04-05 13:20:00,,-27.649
1996-04-05 13:40:00,,-27.645
1996-04-05 14:00:00,,-27.642
1996-04-05 14:20:00,,-27.64
1996-04-05 14:40:00,,-27.638
1996-04-05 16:00:00,,-27.634
1996-04-05 20:00:00,,-27.634
1996-04-05 20:20:00,,-27.632
1996-04-05 20:40:00,,-27.628
1996-04-05 21:00:00,,-27.625
1996-04-05 21:20:00,,-27.62
1996-04-05 21:40:00,,-27.616
1996-04-05 22:00:00,,-27.61
1996-04-05 22:20:00,,-27.604
1996-04-05 22:40:00,,-27.603
1996-04-05 23:20:00,,-27.603
1996-04-05 23:40:00,,-27.608
1996-04-06 00:00:00,,-27.614
1996-04-06 00:20:00,,-27.62
1996-04-06 00:40:00,,-27.624
1996-04-06 01:00:00,,-27.629
1996-04-06 02:20:00,,-27.641
1996-04-06 02:40:00,,-27.643
1996-04-06 03:00:00,,-27.645
1996-04-06 03:20:00,,-27.647
1996-04-06 03:40:00,,-27.648
1996-04-06 04:00:00,,-27.65
1996-04-06 04:20:00,,-27.651
1996-04-06 05:00:00,,-27.651
1996-04-06 05:20:00,,-27.643
1996-04-06 05:40:00,,-27.632
1996-04-06 06:00:00,,-27.621
1996-04-06 06:20:00,,-27.611
1996-04-06 06:40:00,,-27.599
1996-04-06 07:00:00,,-27.59
1996-04-06 07:20:00,,-27.581
1996-04-06 07:40:00,,-27.572
1996-04-06 08:00:00,,-27.564
1996-04-06 08:20:00,,-27.558
1996-04-06 08:40:00,,-27.552
1996-04-06 09:00:00,,-27.548
1996-04-06 09:20:00,,-27.543
1996-04-06 09:40:00,,-27.541
1996-04-06 10:00:00,,-27.539
1996-04-06 10:20:00,,-27.538
1996-04-06 12:00:00,,-27.538
1996-04-06 12:20:00,,-27.541
1996-04-06 16:20:00,,-27.541
1996-04-06 17:40:00,,-27.545
1996-04-06 18:00:00,,-27.547
1996-04-06 18:20:00,,-27.548
1996-04-06 18:40:00,,-27.551
1996-04-06 19:00:00,,-27.552
1996-04-06 19:20:00,,-27.556
1996-04-06 19:40:00,,-27.559
1996-04-06 20:00:00,,-27.559
1996-04-06 20:20:00,,-27.567
1996-04-06 20:40:00,,-27.573
1996-04-06 21:00:00,,-27.578
1996-04-06 21:20:00,,-27.582
1996-04-06 21:40:00,,-27.587
1996-04-06 22:00:00,,-27.59
1996-04-06 22:20:00,,-27.594
1996-04-06 22:40:00,,-27.601
1996-04-06 23:00:00,,-27.613
1996-04-06 23:20:00,,-27.627
1996-04-06 23:40:00,,-27.642
1996-04-07 00:00:00,,-27.657
1996-04-07 00:20:00,,-27.671
1996-04-07 00:40:00,,-27.683
1996-04-07 01:00:00,,-27.694
1996-04-07 01:20:00,,-27.705
1996-04-07 01:40:00,,-27.714
1996-04-07 02:00:00,,-27.724
1996-04-07 02:20:00,,-27.734
1996-04-07 03:40:00,,-27.764
1996-04-07 04:00:00,,-27.77
1996-04-07 04:20:00,,-27.776
1996-04-07 04:40:00,,-27.78
1996-04-07 05:20:00,,-27.78
1996-04-07 05:40:00,,-27.776
1996-04-07 06:00:00,,-27.768
1996-04-07 06:20:00,,-27.761
1996-04-07 06:40:00,,-27.754
1996-04-07 07:00:00,,-27.748
1996-04-07 07:20:00,,-27.742
1996-04-07 07:40:00,,-27.735
1996-04-07 08:00:00,,-27.731
1996-04-07 08:20:00,,-27.724
1996-04-07 08:40:00,,-27.719
1996-04-07 09:00:00,,-27.714
1996-04-07 09:20:00,,-27.709
1996-04-07 09:40:00,,-27.705
1996-04-07 10:00:00,,-27.702
1996-04-07 10:20:00,,-27.699
1996-04-07 10:40:00,,-27.696
1996-04-07 11:00:00,,-27.693
1996-04-07 11:20:00,,-27.691
1996-04-07 11:40:00,,-27.691
1996-04-07 12:00:00,,-27.688
1996-04-07 12:20:00,,-27.686
1996-04-07 12:40:00,,-27.685
1996-04-07 13:00:00,,-27.68
1996-04-07 13:20:00,,-27.679
1996-04-07 13:40:00,,-27.678
1996-04-07 14:00:00,,-27.676
1996-04-07 14:20:00,,-27.674
1996-04-07 16:20:00,,-27.668
1996-04-07 16:40:00,,-27.664
1996-04-07 17:00:00,,-27.659
1996-04-07 22:20:00,,-27.659
1996-04-07 22:40:00,,-27.661
1996-04-07 23:00:00,,-27.669
1996-04-07 23:20:00,,-27.683
1996-04-07 23:40:00,,-27.696
1996-04-08 00:00:00,,-27.709
1996-04-08 00:20:00,,-27.722
1996-04-08 00:40:00,,-27.733
1996-04-08 01:00:00,,-27.745
1996-04-08 01:20:00,,-27.756
1996-04-08 01:40:00,,-27.766
1996-04-08 02:00:00,,-27.775
1996-04-08 02:20:00,,-27.784
1996-04-08 02:40:00,,-27.793
1996-04-08 03:00:00,,-27.801
1996-04-08 03:20:00,,-27.808
1996-04-08 03:40:00,,-27.818
1996-04-08 04:00:00,,-27.825
1996-04-08 04:20:00,,-27.832
1996-04-08 04:40:00,,-27.835
1996-04-08 05:00:00,,-27.836
1996-04-08 05:20:00,,-27.836
1996-04-08 05:40:00,,-27.831
1996-04-08 06:00:00,,-27.824
1996-04-08 06:20:00,,-27.815
1996-04-08 06:40:00,,-27.808
1996-04-08 07:00:00,,-27.8
1996-04-08 07:20:00,,-27.794
1996-04-08 07:40:00,,-27.787
1996-04-08 08:00:00,,-27.782
1996-04-08 08:20:00,,-27.776
1996-04-08 08:40:00,,-27.771
1996-04-08 09:00:00,,-27.77
1996-04-08 09:20:00,,-27.768
1996-04-08 09:40:00,,-27.763
1996-04-08 10:00:00,,-27.756
1996-04-08 10:20:00,,-27.747
1996-04-08 10:40:00,,-27.738
1996-04-08 11:00:00,,-27.73
1996-04-08 11:20:00,,-27.722
1996-04-08 11:40:00,,-27.717
1996-04-08 12:00:00,,-27.716
1996-04-08 12:20:00,,-27.71
1996-04-08 12:40:00,,-27.703
1996-04-08 13:00:00,,-27.694
1996-04-08 13:20:00,,-27.683
1996-04-08 13:40:00,,-27.674
1996-04-08 14:00:00,,-27.665
1996-04-08 14:20:00,,-27.655
1996-04-08 14:40:00,,-27.648
1996-04-08 15:00:00,,-27.638
1996-04-08 15:20:00,,-27.63
1996-04-08 15:40:00,,-27.624
1996-04-08 16:00:00,,-27.617
1996-04-08 16:20:00,,-27.611
1996-04-08 16:40:00,,-27.607
1996-04-08 17:00:00,,-27.602
1996-04-08 17:20:00,,-27.595
1996-04-08 17:40:00,,-27.59
1996-04-08 18:00:00,,-27.584
1996-04-08 18:20:00,,-27.579
1996-04-08 18:40:00,,-27.548
1996-04-08 19:00:00,,-27.518
1996-04-08 19:20:00,,-27.496
1996-04-08 19:40:00,,-27.481
1996-04-08 20:00:00,,-27.467
1996-04-08 20:20:00,,-27.454
1996-04-08 20:40:00,,-27.445
1996-04-08 21:00:00,,-27.436
1996-04-08 21:20:00,,-27.428
1996-04-08 21:40:00,,-27.418
1996-04-08 22:00:00,,-27.411
1996-04-08 22:20:00,,-27.404
1996-04-08 22:40:00,,-27.4
1996-04-08 23:20:00,,-27.4
1996-04-08 23:40:00,,-27.401
1996-04-09 00:00:00,,-27.407
1996-04-09 00:20:00,,-27.413
1996-04-09 00:40:00,,-27.419
1996-04-09 01:00:00,,-27.424
1996-04-09 01:20:00,,-27.426
1996-04-09 01:40:00,,-27.43
1996-04-09 02:00:00,,-27.432
1996-04-09 02:20:00,,-27.434
1996-04-09 02:40:00,,-27.435
1996-04-09 03:00:00,,-27.438
1996-04-09 03:20:00,,-27.44
1996-04-09 03:40:00,,-27.442
1996-04-09 04:00:00,,-27.443
1996-04-09 04:20:00,,-27.444
1996-04-09 05:00:00,,-27.444
1996-04-09 05:20:00,,-27.434
1996-04-09 05:40:00,,-27.421
1996-04-09 06:00:00,,-27.408
1996-04-09 06:20:00,,-27.397
1996-04-09 06:40:00,,-27.384
1996-04-09 07:00:00,,-27.373
1996-04-09 07:20:00,,-27.359
1996-04-09 07:40:00,,-27.348
1996-04-09 08:00:00,,-27.336
1996-04-09 08:20:00,,-27.326
1996-04-09 08:40:00,,-27.316
1996-04-09 09:00:00,,-27.309
1996-04-09 09:20:00,,-27.303
1996-04-09 09:40:00,,-27.297
1996-04-09 10:00:00,,-27.297
1996-04-09 10:20:00,,-27.291
1996-04-09 10:40:00,,-27.281
1996-04-09 11:00:00,,-27.273
1996-04-09 11:20:00,,-27.266
1996-04-09 11:40:00,,-27.256
1996-04-09 12:00:00,,-27.249
1996-04-09 12:20:00,,-27.242
1996-04-09 12:40:00,,-27.233
1996-04-09 13:00:00,,-27.227
1996-04-09 13:20:00,,-27.22
1996-04-09 13:40:00,,-27.214
1996-04-09 14:00:00,,-27.21
1996-04-09 14:20:00,,-27.206
1996-04-09 14:40:00,,-27.201
1996-04-09 15:00:00,,-27.198
1996-04-09 15:20:00,,-27.195
1996-04-09 15:40:00,,-27.192
1996-04-09 16:00:00,,-27.188
1996-04-09 16:20:00,,-27.185
1996-04-09 16:40:00,,-27.182
1996-04-09 17:00:00,,-27.177
1996-04-09 17:20:00,,-27.173
1996-04-09 17:40:00,,-27.17
1996-04-09 18:00:00,,-27.167
1996-04-09 19:20:00,,-27.148
1996-04-09 19:40:00,,-27.144
1996-04-09 20:00:00,,-27.141
1996-04-09 20:20:00,,-27.138
1996-04-09 20:40:00,,-27.134
1996-04-09 21:00:00,,-27.13
1996-04-09 22:20:00,,-27.116
1996-04-09 22:40:00,,-27.115
1996-04-09 23:00:00,,-27.115
1996-04-09 23:20:00,,-27.118
1996-04-09 23:40:00,,-27.128
1996-04-10 00:00:00,,-27.138
1996-04-10 00:20:00,,-27.146
1996-04-10 00:40:00,,-27.156
1996-04-10 01:00:00,,-27.163
1996-04-10 01:20:00,,-27.171
1996-04-10 01:40:00,,-27.179
1996-04-10 02:00:00,,-27.184
1996-04-10 02:20:00,,-27.191
1996-04-10 02:40:00,,-27.196
1996-04-10 03:00:00,,-27.202
1996-04-10 03:20:00,,-27.206
1996-04-10 03:40:00,,-27.211
1996-04-10 04:00:00,,-27.215
1996-04-10 04:20:00,,-27.218
1996-04-10 04:40:00,,-27.22
1996-04-10 05:00:00,,-27.22
1996-04-10 05:20:00,,-27.218
1996-04-10 05:40:00,,-27.208
1996-04-10 06:00:00,,-27.198
1996-04-10 06:20:00,,-27.187
1996-04-10 06:40:00,,-27.176
1996-04-10 07:00:00,,-27.167
1996-04-10 07:20:00,,-27.158
1996-04-10 07:40:00,,-27.15
1996-04-10 08:00:00,,-27.142
1996-04-10 08:20:00,,-27.135
1996-04-10 08:40:00,,-27.128
1996-04-10 10:00:00,,-27.103
1996-04-10 11:20:00,,-27.079
1996-04-10 11:40:00,,-27.075
1996-04-10 13:00:00,,-27.052
1996-04-10 13:20:00,,-27.048
1996-04-10 13:40:00,,-27.043
1996-04-10 14:00:00,,-27.04
1996-04-10 14:20:00,,-27.035
1996-04-10 14:40:00,,-27.031
1996-04-10 16:00:00,,-27.015
1996-04-10 18:20:00,,-26.994
1996-04-10 18:40:00,,-26.992
1996-04-10 19:00:00,,-26.99
1996-04-10 19:20:00,,-26.987
1996-04-10 19:40:00,,-26.986
1996-04-10 20:00:00,,-26.984
1996-04-10 22:20:00,,-26.97
1996-04-10 23:00:00,,-26.97
1996-04-10 23:20:00,,-26.977
1996-04-10 23:40:00,,-26.988
1996-04-11 00:00:00,,-27
1996-04-11 00:20:00,,-27.011
1996-04-11 00:40:00,,-27.023
1996-04-11 02:00:00,,-27.059
1996-04-11 02:20:00,,-27.065
1996-04-11 02:40:00,,-27.072
1996-04-11 03:00:00,,-27.079
1996-04-11 03:20:00,,-27.084
1996-04-11 03:40:00,,-27.094
1996-04-11 04:00:00,,-27.098
1996-04-11 04:20:00,,-27.103
1996-04-11 04:40:00,,-27.106
1996-04-11 05:20:00,,-27.106
1996-04-11 05:40:00,,-27.1
1996-04-11 06:00:00,,-27.091
1996-04-11 06:20:00,,-27.082
1996-04-11 06:40:00,,-27.072
1996-04-11 07:00:00,,-27.064
1996-04-11 07:20:00,,-27.08
1996-04-11 07:40:00,,-27.098
1996-04-11 08:00:00,,-27.108
1996-04-11 08:20:00,,-27.113
1996-04-11 08:40:00,,-27.117
1996-04-11 09:00:00,,-27.119
1996-04-11 09:20:00,,-27.12
1996-04-11 09:40:00,,-27.121
1996-04-11 13:40:00,,-27.121
1996-04-11 14:00:00,,-27.124
1996-04-11 14:20:00,,-27.129
1996-04-11 14:40:00,,-27.134
1996-04-11 15:00:00,,-27.14
1996-04-11 15:20:00,,-27.145
1996-04-11 15:40:00,,-27.151
1996-04-11 16:00:00,,-27.158
1996-04-11 16:20:00,,-27.165
1996-04-11 18:20:00,,-27.201
1996-04-11 18:40:00,,-27.208
1996-04-11 19:00:00,,-27.217
1996-04-11 19:20:00,,-27.228
1996-04-11 19:40:00,,-27.237
1996-04-11 20:00:00,,-27.243
1996-04-11 20:20:00,,-27.22
1996-04-11 20:40:00,,-27.2
1996-04-11 21:00:00,,-27.184
1996-04-11 21:20:00,,-27.171
1996-04-11 21:40:00,,-27.159
1996-04-11 22:00:00,,-27.148
1996-04-11 22:20:00,,-27.139
1996-04-11 22:40:00,,-27.131
1996-04-11 23:00:00,,-27.129
1996-04-11 23:40:00,,-27.129
1996-04-12 00:00:00,,-27.131
1996-04-12 00:20:00,,-27.136
1996-04-12 00:40:00,,-27.14
1996-04-12 01:00:00,,-27.144
1996-04-12 02:20:00,,-27.157
1996-04-12 02:40:00,,-27.16
1996-04-12 03:00:00,,-27.163
1996-04-12 04:20:00,,-27.171
1996-04-12 04:40:00,,-27.172
1996-04-12 05:00:00,,-27.172
1996-04-12 05:20:00,,-27.168
1996-04-12 05:40:00,,-27.157
1996-04-12 06:00:00,,-27.146
1996-04-12 06:20:00,,-27.134
1996-04-12 06:40:00,,-27.122
1996-04-12 07:00:00,,-27.115
1996-04-12 07:20:00,,-27.13
1996-04-12 07:40:00,,-27.144
1996-04-12 08:00:00,,-27.152
1996-04-12 08:20:00,,-27.158
1996-04-12 08:40:00,,-27.16
1996-04-12 12:00:00,,-27.16
1996-04-12 12:20:00,,-27.158
1996-04-12 12:40:00,,-27.158
1996-04-12 13:00:00,,-27.156
1996-04-12 13:20:00,,-27.156
1996-04-12 13:40:00,,-27.153
1996-04-12 14:00:00,,-27.151
1996-04-12 14:20:00,,-27.151
1996-04-12 14:40:00,,-27.152
1996-04-12 15:00:00,,-27.163
1996-04-12 16:20:00,,-27.211
1996-04-12 16:40:00,,-27.224
1996-04-12 17:00:00,,-27.235
1996-04-12 17:20:00,,-27.245
1996-04-12 17:40:00,,-27.254
1996-04-12 18:00:00,,-27.255
1996-04-12 19:00:00,,-27.255
1996-04-12 19:20:00,,-27.254
1996-04-12 19:40:00,,-27.25
1996-04-12 20:00:00,,-27.247
1996-04-12 20:20:00,,-27.244
1996-04-12 20:40:00,,-27.24
1996-04-12 21:00:00,,-27.239
1996-04-12 21:20:00,,-27.234
1996-04-12 21:40:00,,-27.232
1996-04-12 22:00:00,,-27.23
1996-04-12 22:20:00,,-27.227
1996-04-12 22:40:00,,-27.224
1996-04-13 00:00:00,,-27.216
1996-04-13 01:20:00,,-27.204
1996-04-13 01:40:00,,-27.2
1996-04-13 02:00:00,,-27.198
1996-04-13 02:20:00,,-27.195
1996-04-13 02:40:00,,-27.192
1996-04-13 03:00:00,,-27.191
1996-04-13 03:20:00,,-27.189
1996-04-13 06:40:00,,-27.189
1996-04-13 07:00:00,,-27.169
1996-04-13 08:00:00,,-27.169
1996-04-13 08:20:00,,-27.171
1996-04-13 08:40:00,,-27.175
1996-04-13 09:00:00,,-27.177
1996-04-13 11:20:00,,-27.177
1996-04-13 11:40:00,,-27.183
1996-04-13 12:00:00,,-27.194
1996-04-13 12:20:00,,-27.208
1996-04-13 12:40:00,,-27.223
1996-04-13 13:00:00,,-27.24
1996-04-13 13:20:00,,-27.255
1996-04-13 13:40:00,,-27.268
1996-04-13 14:00:00,,-27.275
1996-04-13 14:20:00,,-27.279
1996-04-13 14:40:00,,-27.282
1996-04-13 15:00:00,,-27.285
1996-04-13 15:20:00,,-27.288
1996-04-13 15:40:00,,-27.291
1996-04-13 16:00:00,,-27.295
1996-04-13 16:20:00,,-27.299
1996-04-13 16:40:00,,-27.304
1996-04-13 17:00:00,,-27.307
1996-04-13 17:20:00,,-27.311
1996-04-13 17:40:00,,-27.314
1996-04-13 18:00:00,,-27.316
1996-04-13 19:20:00,,-27.316
1996-04-13 19:40:00,,-27.302
1996-04-13 20:00:00,,-27.27
1996-04-13 20:20:00,,-27.246
1996-04-13 20:40:00,,-27.227
1996-04-13 21:00:00,,-27.212
1996-04-13 21:20:00,,-27.2
1996-04-13 21:40:00,,-27.188
1996-04-13 22:00:00,,-27.175
1996-04-13 22:20:00,,-27.165
1996-04-13 22:40:00,,-27.158
1996-04-13 23:00:00,,-27.155
1996-04-13 23:20:00,,-27.154
1996-04-14 00:00:00,,-27.154
1996-04-14 00:20:00,,-27.158
1996-04-14 00:40:00,,-27.161
1996-04-14 01:00:00,,-27.163
1996-04-14 01:20:00,,-27.167
1996-04-14 01:40:00,,-27.169
1996-04-14 02:00:00,,-27.171
1996-04-14 02:20:00,,-27.175
1996-04-14 02:40:00,,-27.178
1996-04-14 03:00:00,,-27.181
1996-04-14 03:20:00,,-27.185
1996-04-14 03:40:00,,-27.188
1996-04-14 04:00:00,,-27.192
1996-04-14 04:20:00,,-27.196
1996-04-14 04:40:00,,-27.198
1996-04-14 05:00:00,,-27.199
1996-04-14 05:20:00,,-27.199
1996-04-14 05:40:00,,-27.192
1996-04-14 07:00:00,,-27.156
1996-04-14 07:20:00,,-27.163
1996-04-14 07:40:00,,-27.184
1996-04-14 08:00:00,,-27.197
1996-04-14 08:20:00,,-27.207
1996-04-14 08:40:00,,-27.213
1996-04-14 09:00:00,,-27.216
1996-04-14 09:20:00,,-27.219
1996-04-14 09:40:00,,-27.221
1996-04-14 10:00:00,,-27.222
1996-04-14 10:20:00,,-27.223
1996-04-14 11:40:00,,-27.223
1996-04-14 12:00:00,,-27.222
1996-04-14 14:00:00,,-27.201
1996-04-14 14:20:00,,-27.198
1996-04-14 14:40:00,,-27.196
1996-04-14 15:00:00,,-27.194
1996-04-14 16:40:00,,-27.194
1996-04-14 17:00:00,,-27.198
1996-04-14 17:20:00,,-27.204
1996-04-14 17:40:00,,-27.213
1996-04-14 18:00:00,,-27.221
1996-04-14 18:20:00,,-27.23
1996-04-14 19:40:00,,-27.262
1996-04-14 20:00:00,,-27.271
1996-04-14 20:20:00,,-27.278
1996-04-14 20:40:00,,-27.284
1996-04-14 21:00:00,,-27.29
1996-04-14 21:20:00,,-27.295
1996-04-14 21:40:00,,-27.298
1996-04-14 22:00:00,,-27.3
1996-04-14 22:20:00,,-27.3
1996-04-14 22:40:00,,-27.302
1996-04-14 23:00:00,,-27.307
1996-04-14 23:20:00,,-27.313
1996-04-14 23:40:00,,-27.322
1996-04-15 00:00:00,,-27.33
1996-04-15 00:20:00,,-27.338
1996-04-15 00:40:00,,-27.345
1996-04-15 01:00:00,,-27.351
1996-04-15 01:20:00,,-27.357
1996-04-15 01:40:00,,-27.361
1996-04-15 02:00:00,,-27.365
1996-04-15 02:20:00,,-27.371
1996-04-15 03:40:00,,-27.391
1996-04-15 04:00:00,,-27.395
1996-04-15 04:20:00,,-27.4
1996-04-15 04:40:00,,-27.404
1996-04-15 05:00:00,,-27.405
1996-04-15 05:20:00,,-27.405
1996-04-15 05:40:00,,-27.404
1996-04-15 06:00:00,,-27.395
1996-04-15 07:20:00,,-27.365
1996-04-15 07:40:00,,-27.36
1996-04-15 08:00:00,,-27.354
1996-04-15 08:20:00,,-27.351
1996-04-15 08:40:00,,-27.348
1996-04-15 10:40:00,,-27.348
1996-04-15 12:00:00,,-27.353
1996-04-15 12:40:00,,-27.353
1996-04-15 13:00:00,,-27.355
1996-04-15 13:20:00,,-27.359
1996-04-15 13:40:00,,-27.365
1996-04-15 14:00:00,,-27.368
1996-04-15 14:20:00,,-27.37
1996-04-15 14:40:00,,-27.37
1996-04-15 15:00:00,,-27.371
1996-04-15 15:20:00,,-27.372
1996-04-15 15:40:00,,-27.374
1996-04-15 16:00:00,,-27.381
1996-04-15 16:20:00,,-27.393
1996-04-15 16:40:00,,-27.407
1996-04-15 17:00:00,,-27.423
1996-04-15 17:20:00,,-27.438
1996-04-15 17:40:00,,-27.453
1996-04-15 18:00:00,,-27.468
1996-04-15 18:20:00,,-27.482
1996-04-15 18:40:00,,-27.497
1996-04-15 19:00:00,,-27.51
1996-04-15 19:20:00,,-27.523
1996-04-15 19:40:00,,-27.536
1996-04-15 20:00:00,,-27.546
1996-04-15 20:20:00,,-27.552
1996-04-15 21:20:00,,-27.552
1996-04-15 21:40:00,,-27.547
1996-04-15 22:00:00,,-27.539
1996-04-15 22:20:00,,-27.53
1996-04-15 22:40:00,,-27.52
1996-04-15 23:00:00,,-27.518
1996-04-15 23:20:00,,-27.517
1996-04-16 01:00:00,,-27.517
1996-04-16 01:20:00,,-27.518
1996-04-16 02:00:00,,-27.518
1996-04-16 03:20:00,,-27.52
1996-04-16 03:40:00,,-27.521
1996-04-16 04:00:00,,-27.523
1996-04-16 04:20:00,,-27.523
1996-04-16 04:40:00,,-27.524
1996-04-16 05:00:00,,-27.524
1996-04-16 05:20:00,,-27.523
1996-04-16 06:40:00,,-27.483
1996-04-16 07:00:00,,-27.473
1996-04-16 07:20:00,,-27.459
1996-04-16 07:40:00,,-27.453
1996-04-16 08:00:00,,-27.447
1996-04-16 08:20:00,,-27.442
1996-04-16 08:40:00,,-27.435
1996-04-16 10:20:00,,-27.41
1996-04-16 10:40:00,,-27.407
1996-04-16 12:00:00,,-27.4
1996-04-16 12:20:00,,-27.399
1996-04-16 13:00:00,,-27.399
1996-04-16 13:20:00,,-27.408
1996-04-16 13:40:00,,-27.399
1996-04-16 15:20:00,,-27.399
1996-04-16 15:40:00,,-27.398
1996-04-16 16:00:00,,-27.396
1996-04-16 16:20:00,,-27.395
1996-04-16 16:40:00,,-27.387
1996-04-16 17:00:00,,-27.356
1996-04-16 17:20:00,,-27.343
1996-04-16 17:40:00,,-27.353
1996-04-16 18:00:00,,-27.365
1996-04-16 18:20:00,,-27.372
1996-04-16 18:40:00,,-27.377
1996-04-16 19:00:00,,-27.381
1996-04-16 20:40:00,,-27.41
1996-04-16 21:00:00,,-27.415
1996-04-16 21:20:00,,-27.421
1996-04-16 21:40:00,,-27.425
1996-04-16 22:00:00,,-27.43
1996-04-16 22:20:00,,-27.434
1996-04-16 22:40:00,,-27.437
1996-04-16 23:00:00,,-27.442
1996-04-16 23:20:00,,-27.446
1996-04-16 23:40:00,,-27.452
1996-04-17 00:00:00,,-27.464
1996-04-17 00:20:00,,-27.477
1996-04-17 00:40:00,,-27.492
1996-04-17 01:00:00,,-27.507
1996-04-17 01:20:00,,-27.52
1996-04-17 01:40:00,,-27.532
1996-04-17 02:00:00,,-27.544
1996-04-17 02:20:00,,-27.555
1996-04-17 02:40:00,,-27.566
1996-04-17 03:00:00,,-27.575
1996-04-17 03:20:00,,-27.585
1996-04-17 03:40:00,,-27.593
1996-04-17 04:00:00,,-27.602
1996-04-17 04:20:00,,-27.611
1996-04-17 04:40:00,,-27.619
1996-04-17 05:00:00,,-27.628
1996-04-17 05:20:00,,-27.637
1996-04-17 05:40:00,,-27.643
1996-04-17 06:00:00,,-27.645
1996-04-17 06:20:00,,-27.645
1996-04-17 06:40:00,,-27.644
1996-04-17 07:00:00,,-27.639
1996-04-17 07:20:00,,-27.636
1996-04-17 07:40:00,,-27.633
1996-04-17 08:00:00,,-27.629
1996-04-17 08:20:00,,-27.626
1996-04-17 10:00:00,,-27.611
1996-04-17 10:20:00,,-27.607
1996-04-17 11:40:00,,-27.595
1996-04-17 12:00:00,,-27.594
1996-04-17 12:20:00,,-27.594
1996-04-17 12:40:00,,-27.598
1996-04-17 13:00:00,,-27.601
1996-04-17 13:40:00,,-27.601
1996-04-17 14:00:00,,-27.6
1996-04-17 14:20:00,,-27.595
1996-04-17 14:40:00,,-27.59
1996-04-17 15:00:00,,-27.586
1996-04-17 15:20:00,,-27.583
1996-04-17 15:40:00,,-27.58
1996-04-17 16:00:00,,-27.578
1996-04-17 16:20:00,,-27.577
1996-04-17 16:40:00,,-27.575
1996-04-17 19:20:00,,-27.575
1996-04-17 19:40:00,,-27.577
1996-04-17 20:00:00,,-27.578
1996-04-17 20:20:00,,-27.578
1996-04-17 20:40:00,,-27.579
1996-04-17 21:20:00,,-27.579
1996-04-17 21:40:00,,-27.578
1996-04-17 22:00:00,,-27.574
1996-04-17 22:20:00,,-27.567
1996-04-17 22:40:00,,-27.561
1996-04-17 23:00:00,,-27.554
1996-04-17 23:20:00,,-27.548
1996-04-17 23:40:00,,-27.544
1996-04-18 00:20:00,,-27.544
1996-04-18 00:40:00,,-27.545
1996-04-18 01:00:00,,-27.551
1996-04-18 01:20:00,,-27.555
1996-04-18 01:40:00,,-27.559
1996-04-18 02:00:00,,-27.563
1996-04-18 02:20:00,,-27.566
1996-04-18 02:40:00,,-27.569
1996-04-18 03:00:00,,-27.573
1996-04-18 03:20:00,,-27.576
1996-04-18 04:40:00,,-27.587
1996-04-18 05:00:00,,-27.589
1996-04-18 05:20:00,,-27.59
1996-04-18 05:40:00,,-27.591
1996-04-18 06:00:00,,-27.591
1996-04-18 06:20:00,,-27.586
1996-04-18 06:40:00,,-27.567
1996-04-18 07:00:00,,-27.558
1996-04-18 07:20:00,,-27.549
1996-04-18 07:40:00,,-27.543
1996-04-18 08:00:00,,-27.532
1996-04-18 08:20:00,,-27.523
1996-04-18 08:40:00,,-27.516
1996-04-18 09:00:00,,-27.509
1996-04-18 09:20:00,,-27.504
1996-04-18 09:40:00,,-27.498
1996-04-18 10:00:00,,-27.494
1996-04-18 10:20:00,,-27.491
1996-04-18 10:40:00,,-27.488
1996-04-18 11:00:00,,-27.486
1996-04-18 11:20:00,,-27.484
1996-04-18 11:40:00,,-27.483
1996-04-18 13:00:00,,-27.483
1996-04-18 13:20:00,,-27.463
1996-04-18 13:40:00,,-27.434
1996-04-18 14:00:00,,-27.409
1996-04-18 14:20:00,,-27.39
1996-04-18 14:40:00,,-27.374
1996-04-18 15:00:00,,-27.357
1996-04-18 15:20:00,,-27.359
1996-04-18 15:40:00,,-27.373
1996-04-18 16:00:00,,-27.381
1996-04-18 16:20:00,,-27.386
1996-04-18 16:40:00,,-27.389
1996-04-18 17:00:00,,-27.392
1996-04-18 17:20:00,,-27.394
1996-04-18 17:40:00,,-27.399
1996-04-18 18:00:00,,-27.403
1996-04-18 18:20:00,,-27.407
1996-04-18 18:40:00,,-27.411
1996-04-18 19:00:00,,-27.414
1996-04-18 19:20:00,,-27.417
1996-04-18 19:40:00,,-27.419
1996-04-18 20:00:00,,-27.421
1996-04-18 20:20:00,,-27.422
1996-04-18 20:40:00,,-27.423
1996-04-18 22:40:00,,-27.423
1996-04-18 23:00:00,,-27.42
1996-04-18 23:20:00,,-27.418
1996-04-18 23:40:00,,-27.415
1996-04-19 00:00:00,,-27.411
1996-04-19 00:20:00,,-27.408
1996-04-19 00:40:00,,-27.404
1996-04-19 01:00:00,,-27.399
1996-04-19 01:20:00,,-27.396
1996-04-19 01:40:00,,-27.395
1996-04-19 02:00:00,,-27.395
1996-04-19 02:20:00,,-27.4
1996-04-19 02:40:00,,-27.408
1996-04-19 03:00:00,,-27.417
1996-04-19 03:20:00,,-27.424
1996-04-19 03:40:00,,-27.432
1996-04-19 04:00:00,,-27.439
1996-04-19 04:20:00,,-27.446
1996-04-19 04:40:00,,-27.451
1996-04-19 05:00:00,,-27.458
1996-04-19 05:20:00,,-27.463
1996-04-19 05:40:00,,-27.468
1996-04-19 06:00:00,,-27.474
1996-04-19 06:20:00,,-27.478
1996-04-19 06:40:00,,-27.479
1996-04-19 07:00:00,,-27.479
1996-04-19 07:20:00,,-27.474
1996-04-19 07:40:00,,-27.466
1996-04-19 08:00:00,,-27.458
1996-04-19 08:20:00,,-27.449
1996-04-19 08:40:00,,-27.443
1996-04-19 09:00:00,,-27.436
1996-04-19 09:20:00,,-27.431
1996-04-19 09:40:00,,-27.426
1996-04-19 10:00:00,,-27.423
1996-04-19 10:20:00,,-27.42
1996-04-19 10:40:00,,-27.416
1996-04-19 11:00:00,,-27.413
1996-04-19 13:00:00,,-27.413
1996-04-19 13:20:00,,-27.412
1996-04-19 16:40:00,,-27.412
1996-04-19 17:00:00,,-27.413
1996-04-19 17:20:00,,-27.416
1996-04-19 17:40:00,,-27.419
1996-04-19 18:00:00,,-27.421
1996-04-19 18:20:00,,-27.424
1996-04-19 18:40:00,,-27.427
1996-04-19 19:00:00,,-27.431
1996-04-19 19:20:00,,-27.433
1996-04-19 19:40:00,,-27.435
1996-04-19 20:00:00,,-27.439
1996-04-19 20:20:00,,-27.44
1996-04-19 22:00:00,,-27.44
1996-04-19 22:20:00,,-27.435
1996-04-19 22:40:00,,-27.431
1996-04-19 23:00:00,,-27.425
1996-04-19 23:20:00,,-27.419
1996-04-19 23:40:00,,-27.414
1996-04-20 00:00:00,,-27.408
1996-04-20 00:20:00,,-27.403
1996-04-20 00:40:00,,-27.396
1996-04-20 01:00:00,,-27.39
1996-04-20 01:20:00,,-27.386
1996-04-20 01:40:00,,-27.384
1996-04-20 02:00:00,,-27.384
1996-04-20 02:20:00,,-27.386
1996-04-20 02:40:00,,-27.395
1996-04-20 03:00:00,,-27.404
1996-04-20 03:20:00,,-27.413
1996-04-20 04:40:00,,-27.443
1996-04-20 05:00:00,,-27.449
1996-04-20 05:20:00,,-27.456
1996-04-20 05:40:00,,-27.461
1996-04-20 06:00:00,,-27.467
1996-04-20 06:20:00,,-27.472
1996-04-20 06:40:00,,-27.473
1996-04-20 07:20:00,,-27.473
1996-04-20 07:40:00,,-27.468
1996-04-20 08:00:00,,-27.462
1996-04-20 08:20:00,,-27.458
1996-04-20 08:40:00,,-27.455
1996-04-20 09:00:00,,-27.453
1996-04-20 09:20:00,,-27.452
1996-04-20 09:40:00,,-27.451
1996-04-20 15:00:00,,-27.451
1996-04-20 15:20:00,,-27.452
1996-04-20 15:40:00,,-27.453
1996-04-20 16:00:00,,-27.454
1996-04-20 16:20:00,,-27.456
1996-04-20 16:40:00,,-27.458
1996-04-20 17:00:00,,-27.459
1996-04-20 17:20:00,,-27.46
1996-04-20 17:40:00,,-27.463
1996-04-20 18:00:00,,-27.464
1996-04-20 18:20:00,,-27.467
1996-04-20 18:40:00,,-27.469
1996-04-20 19:00:00,,-27.473
1996-04-20 19:20:00,,-27.475
1996-04-20 19:40:00,,-27.478
1996-04-20 20:00:00,,-27.482
1996-04-20 20:20:00,,-27.485
1996-04-20 20:40:00,,-27.487
1996-04-20 21:00:00,,-27.489
1996-04-20 21:20:00,,-27.491
1996-04-20 23:00:00,,-27.491
1996-04-20 23:20:00,,-27.489
1996-04-20 23:40:00,,-27.485
1996-04-21 00:00:00,,-27.481
1996-04-21 01:20:00,,-27.461
1996-04-21 01:40:00,,-27.458
1996-04-21 02:00:00,,-27.458
1996-04-21 02:20:00,,-27.459
1996-04-21 02:40:00,,-27.467
1996-04-21 03:00:00,,-27.473
1996-04-21 03:20:00,,-27.481
1996-04-21 03:40:00,,-27.488
1996-04-21 04:00:00,,-27.494
1996-04-21 04:20:00,,-27.5
1996-04-21 04:40:00,,-27.506
1996-04-21 06:00:00,,-27.523
1996-04-21 06:20:00,,-27.527
1996-04-21 07:00:00,,-27.527
1996-04-21 07:20:00,,-27.522
1996-04-21 07:40:00,,-27.514
1996-04-21 08:00:00,,-27.504
1996-04-21 08:20:00,,-27.493
1996-04-21 08:40:00,,-27.484
1996-04-21 09:00:00,,-27.476
1996-04-21 09:20:00,,-27.469
1996-04-21 09:40:00,,-27.464
1996-04-21 10:00:00,,-27.459
1996-04-21 10:20:00,,-27.455
1996-04-21 10:40:00,,-27.451
1996-04-21 11:00:00,,-27.449
1996-04-21 11:20:00,,-27.447
1996-04-21 11:40:00,,-27.446
1996-04-21 12:00:00,,-27.444
1996-04-21 13:40:00,,-27.444
1996-04-21 14:00:00,,-27.443
1996-04-21 14:20:00,,-27.442
1996-04-21 14:40:00,,-27.439
1996-04-21 15:00:00,,-27.436
1996-04-21 15:20:00,,-27.434
1996-04-21 15:40:00,,-27.429
1996-04-21 16:00:00,,-27.425
1996-04-21 16:20:00,,-27.421
1996-04-21 16:40:00,,-27.418
1996-04-21 17:00:00,,-27.412
1996-04-21 17:20:00,,-27.409
1996-04-21 17:40:00,,-27.405
1996-04-21 18:00:00,,-27.401
1996-04-21 18:20:00,,-27.398
1996-04-21 18:40:00,,-27.396
1996-04-21 19:00:00,,-27.392
1996-04-21 19:20:00,,-27.39
1996-04-21 19:40:00,,-27.388
1996-04-21 20:00:00,,-27.387
1996-04-21 20:20:00,,-27.384
1996-04-21 20:40:00,,-27.383
1996-04-21 21:00:00,,-27.381
1996-04-21 21:20:00,,-27.378
1996-04-21 21:40:00,,-27.374
1996-04-21 22:00:00,,-27.371
1996-04-21 22:20:00,,-27.369
1996-04-21 22:40:00,,-27.365
1996-04-21 23:00:00,,-27.362
1996-04-21 23:20:00,,-27.358
1996-04-21 23:40:00,,-27.354
1996-04-22 00:00:00,,-27.351
1996-04-22 00:20:00,,-27.347
1996-04-22 00:40:00,,-27.343
1996-04-22 01:00:00,,-27.34
1996-04-22 01:20:00,,-27.338
1996-04-22 02:00:00,,-27.338
1996-04-22 02:20:00,,-27.344
1996-04-22 02:40:00,,-27.356
1996-04-22 03:00:00,,-27.368
1996-04-22 03:20:00,,-27.379
1996-04-22 03:40:00,,-27.389
1996-04-22 04:00:00,,-27.398
1996-04-22 04:20:00,,-27.407
1996-04-22 04:40:00,,-27.416
1996-04-22 05:00:00,,-27.423
1996-04-22 05:20:00,,-27.428
1996-04-22 05:40:00,,-27.429
1996-04-22 06:00:00,,-27.437
1996-04-22 06:20:00,,-27.445
1996-04-22 06:40:00,,-27.447
1996-04-22 07:20:00,,-27.447
1996-04-22 07:40:00,,-27.441
1996-04-22 08:00:00,,-27.434
1996-04-22 08:20:00,,-27.425
1996-04-22 08:40:00,,-27.418
1996-04-22 09:00:00,,-27.411
1996-04-22 09:20:00,,-27.404
1996-04-22 09:40:00,,-27.398
1996-04-22 10:00:00,,-27.393
1996-04-22 10:20:00,,-27.388
1996-04-22 10:40:00,,-27.383
1996-04-22 12:00:00,,-27.368
1996-04-22 12:20:00,,-27.364
1996-04-22 12:40:00,,-27.361
1996-04-22 13:00:00,,-27.356
1996-04-22 13:20:00,,-27.352
1996-04-22 14:40:00,,-27.335
1996-04-22 15:00:00,,-27.332
1996-04-22 15:20:00,,-27.329
1996-04-22 15:40:00,,-27.325
1996-04-22 16:00:00,,-27.321
1996-04-22 16:20:00,,-27.311
1996-04-22 16:40:00,,-27.307
1996-04-22 17:00:00,,-27.306
1996-04-22 17:20:00,,-27.306
1996-04-22 17:40:00,,-27.304
1996-04-22 18:00:00,,-27.302
1996-04-22 18:20:00,,-27.299
1996-04-22 18:40:00,,-27.297
1996-04-22 20:00:00,,-27.29
1996-04-22 20:40:00,,-27.29
1996-04-22 21:00:00,,-27.288
1996-04-22 21:20:00,,-27.287
1996-04-22 21:40:00,,-27.286
1996-04-22 22:00:00,,-27.286
1996-04-22 22:20:00,,-27.284
1996-04-22 22:40:00,,-27.283
1996-04-22 23:00:00,,-27.282
1996-04-22 23:20:00,,-27.282
1996-04-22 23:40:00,,-27.28
1996-04-23 00:00:00,,-27.28
1996-04-23 00:20:00,,-27.279
1996-04-23 00:40:00,,-27.277
1996-04-23 01:00:00,,-27.275
1996-04-23 01:20:00,,-27.273
1996-04-23 02:00:00,,-27.273
1996-04-23 02:20:00,,-27.28
1996-04-23 02:40:00,,-27.292
1996-04-23 03:00:00,,-27.303
1996-04-23 03:20:00,,-27.314
1996-04-23 03:40:00,,-27.324
1996-04-23 04:00:00,,-27.334
1996-04-23 04:20:00,,-27.343
1996-04-23 05:40:00,,-27.375
1996-04-23 06:00:00,,-27.382
1996-04-23 06:20:00,,-27.387
1996-04-23 06:40:00,,-27.39
1996-04-23 07:20:00,,-27.39
1996-04-23 07:40:00,,-27.383
1996-04-23 08:00:00,,-27.375
1996-04-23 08:20:00,,-27.368
1996-04-23 08:40:00,,-27.359
1996-04-23 10:00:00,,-27.331
1996-04-23 10:20:00,,-27.326
1996-04-23 10:40:00,,-27.319
1996-04-23 11:00:00,,-27.314
1996-04-23 11:20:00,,-27.308
1996-04-23 11:40:00,,-27.302
1996-04-23 12:00:00,,-27.297
1996-04-23 12:20:00,,-27.291
1996-04-23 12:40:00,,-27.287
1996-04-23 13:00:00,,-27.282
1996-04-23 13:20:00,,-27.28
1996-04-23 13:40:00,,-27.278
1996-04-23 15:20:00,,-27.278
1996-04-23 15:40:00,,-27.28
1996-04-23 16:00:00,,-27.285
1996-04-23 16:20:00,,-27.29
1996-04-23 16:40:00,,-27.294
1996-04-23 17:00:00,,-27.299
1996-04-23 17:20:00,,-27.305
1996-04-23 17:40:00,,-27.311
1996-04-23 18:00:00,,-27.315
1996-04-23 18:20:00,,-27.32
1996-04-23 18:40:00,,-27.324
1996-04-23 19:00:00,,-27.328
1996-04-23 19:20:00,,-27.332
1996-04-23 19:40:00,,-27.335
1996-04-23 20:00:00,,-27.338
1996-04-23 21:40:00,,-27.338
1996-04-23 22:00:00,,-27.335
1996-04-23 22:20:00,,-27.331
1996-04-23 22:40:00,,-27.327
1996-04-23 23:00:00,,-27.323
1996-04-23 23:20:00,,-27.317
1996-04-23 23:40:00,,-27.313
1996-04-24 00:00:00,,-27.309
1996-04-24 00:20:00,,-27.304
1996-04-24 00:40:00,,-27.3
1996-04-24 01:00:00,,-27.296
1996-04-24 01:20:00,,-27.292
1996-04-24 02:00:00,,-27.292
1996-04-24 02:20:00,,-27.297
1996-04-24 02:40:00,,-27.308
1996-04-24 03:00:00,,-27.319
1996-04-24 04:20:00,,-27.358
1996-04-24 04:40:00,,-27.367
1996-04-24 05:00:00,,-27.375
1996-04-24 05:20:00,,-27.383
1996-04-24 05:40:00,,-27.389
1996-04-24 06:00:00,,-27.396
1996-04-24 06:20:00,,-27.402
1996-04-24 06:40:00,,-27.404
1996-04-24 07:20:00,,-27.404
1996-04-24 07:40:00,,-27.399
1996-04-24 08:00:00,,-27.392
1996-04-24 08:20:00,,-27.388
1996-04-24 08:40:00,,-27.383
1996-04-24 09:00:00,,-27.38
1996-04-24 09:20:00,,-27.379
1996-04-24 11:40:00,,-27.379
1996-04-24 12:00:00,,-27.381
1996-04-24 12:20:00,,-27.382
1996-04-24 14:20:00,,-27.382
1996-04-24 14:40:00,,-27.38
1996-04-24 15:00:00,,-27.379
1996-04-24 15:20:00,,-27.376
1996-04-24 17:40:00,,-27.376
1996-04-24 18:00:00,,-27.379
1996-04-24 18:20:00,,-27.382
1996-04-24 18:40:00,,-27.385
1996-04-24 19:00:00,,-27.387
1996-04-24 19:20:00,,-27.388
1996-04-24 21:40:00,,-27.388
1996-04-24 22:00:00,,-27.385
1996-04-24 22:20:00,,-27.382
1996-04-24 22:40:00,,-27.378
1996-04-24 23:00:00,,-27.375
1996-04-24 23:20:00,,-27.372
1996-04-24 23:40:00,,-27.368
1996-04-25 00:00:00,,-27.364
1996-04-25 00:20:00,,-27.361
1996-04-25 00:40:00,,-27.356
1996-04-25 01:00:00,,-27.352
1996-04-25 01:20:00,,-27.349
1996-04-25 01:40:00,,-27.348
1996-04-25 02:00:00,,-27.348
1996-04-25 02:20:00,,-27.351
1996-04-25 03:40:00,,-27.391
1996-04-25 04:00:00,,-27.4
1996-04-25 04:20:00,,-27.408
1996-04-25 04:40:00,,-27.417
1996-04-25 05:00:00,,-27.425
1996-04-25 05:20:00,,-27.432
1996-04-25 05:40:00,,-27.439
1996-04-25 06:00:00,,-27.447
1996-04-25 06:20:00,,-27.452
1996-04-25 06:40:00,,-27.454
1996-04-25 07:20:00,,-27.454
1996-04-25 07:40:00,,-27.447
1996-04-25 08:00:00,,-27.439
1996-04-25 08:20:00,,-27.432
1996-04-25 08:40:00,,-27.422
1996-04-25 09:00:00,,-27.414
1996-04-25 09:20:00,,-27.407
1996-04-25 09:40:00,,-27.398
1996-04-25 10:00:00,,-27.39
1996-04-25 10:20:00,,-27.383
1996-04-25 10:40:00,,-27.376
1996-04-25 11:00:00,,-27.369
1996-04-25 11:20:00,,-27.365
1996-04-25 11:40:00,,-27.36
1996-04-25 12:00:00,,-27.356
1996-04-25 12:20:00,,-27.354
1996-04-25 12:40:00,,-27.352
1996-04-25 14:40:00,,-27.352
1996-04-25 15:00:00,,-27.354
1996-04-25 15:20:00,,-27.357
1996-04-25 15:40:00,,-27.362
1996-04-25 16:00:00,,-27.365
1996-04-25 16:20:00,,-27.37
1996-04-25 16:40:00,,-27.376
1996-04-25 17:00:00,,-27.38
1996-04-25 17:20:00,,-27.385
1996-04-25 17:40:00,,-27.391
1996-04-25 20:00:00,,-27.421
1996-04-25 20:20:00,,-27.425
1996-04-25 20:40:00,,-27.428
1996-04-25 21:00:00,,-27.431
1996-04-25 21:20:00,,-27.433
1996-04-25 21:40:00,,-27.435
1996-04-25 22:00:00,,-27.436
1996-04-25 22:20:00,,-27.437
1996-04-25 22:40:00,,-27.437
1996-04-25 23:00:00,,-27.438
1996-04-26 01:20:00,,-27.445
1996-04-26 01:40:00,,-27.451
1996-04-26 02:00:00,,-27.461
1996-04-26 02:20:00,,-27.475
1996-04-26 02:40:00,,-27.491
1996-04-26 03:00:00,,-27.506
1996-04-26 03:20:00,,-27.52
1996-04-26 03:40:00,,-27.535
1996-04-26 04:00:00,,-27.549
1996-04-26 04:20:00,,-27.563
1996-04-26 04:40:00,,-27.576
1996-04-26 05:00:00,,-27.589
1996-04-26 05:20:00,,-27.6
1996-04-26 05:40:00,,-27.611
1996-04-26 06:00:00,,-27.622
1996-04-26 06:20:00,,-27.632
1996-04-26 06:40:00,,-27.638
1996-04-26 07:00:00,,-27.639
1996-04-26 07:40:00,,-27.639
1996-04-26 08:00:00,,-27.638
1996-04-26 08:20:00,,-27.633
1996-04-26 08:40:00,,-27.628
1996-04-26 09:00:00,,-27.624
1996-04-26 09:20:00,,-27.62
1996-04-26 09:40:00,,-27.617
1996-04-26 10:00:00,,-27.615
1996-04-26 11:20:00,,-27.604
1996-04-26 11:40:00,,-27.602
1996-04-26 12:00:00,,-27.599
1996-04-26 13:20:00,,-27.586
1996-04-26 13:40:00,,-27.583
1996-04-26 14:00:00,,-27.579
1996-04-26 14:20:00,,-27.578
1996-04-26 14:40:00,,-27.575
1996-04-26 16:00:00,,-27.572
1996-04-26 16:20:00,,-27.571
1996-04-26 20:20:00,,-27.571
1996-04-26 20:40:00,,-27.568
1996-04-26 21:00:00,,-27.566
1996-04-26 21:20:00,,-27.562
1996-04-26 21:40:00,,-27.556
1996-04-26 22:00:00,,-27.552
1996-04-26 22:20:00,,-27.543
1996-04-26 22:40:00,,-27.536
1996-04-26 23:00:00,,-27.528
1996-04-26 23:20:00,,-27.52
1996-04-26 23:40:00,,-27.512
1996-04-27 00:00:00,,-27.506
1996-04-27 01:20:00,,-27.477
1996-04-27 01:40:00,,-27.474
1996-04-27 02:20:00,,-27.474
1996-04-27 02:40:00,,-27.479
1996-04-27 03:00:00,,-27.487
1996-04-27 03:20:00,,-27.495
1996-04-27 03:40:00,,-27.504
1996-04-27 05:00:00,,-27.532
1996-04-27 05:20:00,,-27.539
1996-04-27 05:40:00,,-27.544
1996-04-27 06:00:00,,-27.55
1996-04-27 06:20:00,,-27.555
1996-04-27 06:40:00,,-27.556
1996-04-27 07:20:00,,-27.556
1996-04-27 07:40:00,,-27.548
1996-04-27 08:00:00,,-27.539
1996-04-27 08:20:00,,-27.529
1996-04-27 08:40:00,,-27.521
1996-04-27 09:00:00,,-27.513
1996-04-27 09:20:00,,-27.506
1996-04-27 09:40:00,,-27.5
1996-04-27 10:00:00,,-27.497
1996-04-27 10:20:00,,-27.493
1996-04-27 10:40:00,,-27.489
1996-04-27 11:00:00,,-27.487
1996-04-27 11:20:00,,-27.484
1996-04-27 11:40:00,,-27.483
1996-04-27 12:00:00,,-27.482
1996-04-27 12:20:00,,-27.48
1996-04-27 12:40:00,,-27.479
1996-04-27 14:00:00,,-27.475
1996-04-27 16:00:00,,-27.475
1996-04-27 16:20:00,,-27.477
1996-04-27 16:40:00,,-27.48
1996-04-27 17:00:00,,-27.483
1996-04-27 17:20:00,,-27.485
1996-04-27 17:40:00,,-27.49
1996-04-27 18:00:00,,-27.494
1996-04-27 18:20:00,,-27.497
1996-04-27 19:40:00,,-27.509
1996-04-27 20:00:00,,-27.513
1996-04-27 20:20:00,,-27.516
1996-04-27 20:40:00,,-27.519
1996-04-27 21:00:00,,-27.521
1996-04-28 01:40:00,,-27.521
1996-04-28 02:00:00,,-27.527
1996-04-28 02:20:00,,-27.538
1996-04-28 02:40:00,,-27.551
1996-04-28 03:00:00,,-27.565
1996-04-28 03:20:00,,-27.579
1996-04-28 03:40:00,,-27.592
1996-04-28 04:00:00,,-27.605
1996-04-28 04:20:00,,-27.617
1996-04-28 04:40:00,,-27.63
1996-04-28 05:00:00,,-27.641
1996-04-28 05:20:00,,-27.653
1996-04-28 05:40:00,,-27.663
1996-04-28 06:00:00,,-27.674
1996-04-28 06:20:00,,-27.684
1996-04-28 06:40:00,,-27.69
1996-04-28 07:00:00,,-27.692
1996-04-28 08:00:00,,-27.692
1996-04-28 08:20:00,,-27.688
1996-04-28 08:40:00,,-27.683
1996-04-28 09:00:00,,-27.679
1996-04-28 09:20:00,,-27.674
1996-04-28 10:40:00,,-27.658
1996-04-28 11:00:00,,-27.655
1996-04-28 11:20:00,,-27.651
1996-04-28 11:40:00,,-27.648
1996-04-28 12:00:00,,-27.643
1996-04-28 12:20:00,,-27.638
1996-04-28 12:40:00,,-27.635
1996-04-28 13:00:00,,-27.63
1996-04-28 13:20:00,,-27.626
1996-04-28 13:40:00,,-27.622
1996-04-28 14:00:00,,-27.619
1996-04-28 14:20:00,,-27.616
1996-04-28 14:40:00,,-27.614
1996-04-28 15:00:00,,-27.612
1996-04-28 15:20:00,,-27.611
1996-04-28 15:40:00,,-27.611
1996-04-28 16:00:00,,-27.609
1996-04-28 16:20:00,,-27.608
1996-04-28 19:20:00,,-27.608
1996-04-28 19:40:00,,-27.609
1996-04-28 20:00:00,,-27.609
1996-04-28 20:20:00,,-27.611
1996-04-28 21:00:00,,-27.611
1996-04-28 21:20:00,,-27.612
1996-04-28 21:40:00,,-27.612
1996-04-28 22:00:00,,-27.613
1996-04-29 02:00:00,,-27.613
1996-04-29 02:20:00,,-27.621
1996-04-29 02:40:00,,-27.633
1996-04-29 03:00:00,,-27.646
1996-04-29 03:20:00,,-27.659
1996-04-29 03:40:00,,-27.671
1996-04-29 04:00:00,,-27.683
1996-04-29 04:20:00,,-27.693
1996-04-29 04:40:00,,-27.703
1996-04-29 05:00:00,,-27.713
1996-04-29 05:20:00,,-27.724
1996-04-29 05:40:00,,-27.734
1996-04-29 06:00:00,,-27.743
1996-04-29 06:20:00,,-27.751
1996-04-29 06:40:00,,-27.757
1996-04-29 07:00:00,,-27.758
1996-04-29 07:40:00,,-27.758
1996-04-29 08:00:00,,-27.752
1996-04-29 08:20:00,,-27.746
1996-04-29 08:40:00,,-27.739
1996-04-29 10:00:00,,-27.715
1996-04-29 10:20:00,,-27.71
1996-04-29 10:40:00,,-27.704
1996-04-29 11:00:00,,-27.698
1996-04-29 11:20:00,,-27.692
1996-04-29 11:40:00,,-27.687
1996-04-29 12:00:00,,-27.68
1996-04-29 12:20:00,,-27.674
1996-04-29 12:40:00,,-27.668
1996-04-29 13:00:00,,-27.663
1996-04-29 13:20:00,,-27.657
1996-04-29 13:40:00,,-27.653
1996-04-29 14:00:00,,-27.649
1996-04-29 14:20:00,,-27.645
1996-04-29 14:40:00,,-27.642
1996-04-29 15:00:00,,-27.64
1996-04-29 15:20:00,,-27.639
1996-04-29 15:40:00,,-27.638
1996-04-29 16:20:00,,-27.638
1996-04-29 16:40:00,,-27.637
1996-04-29 20:00:00,,-27.637
1996-04-29 20:20:00,,-27.633
1996-04-29 20:40:00,,-27.629
1996-04-29 21:00:00,,-27.624
1996-04-29 21:20:00,,-27.618
1996-04-29 21:40:00,,-27.612
1996-04-29 22:00:00,,-27.605
1996-04-29 22:20:00,,-27.597
1996-04-29 22:40:00,,-27.588
1996-04-30 00:00:00,,-27.555
1996-04-30 00:20:00,,-27.546
1996-04-30 00:40:00,,-27.538
1996-04-30 01:00:00,,-27.53
1996-04-30 01:20:00,,-27.521
1996-04-30 01:40:00,,-27.517
1996-04-30 02:00:00,,-27.516
1996-04-30 02:20:00,,-27.516
1996-04-30 02:40:00,,-27.518
1996-04-30 03:00:00,,-27.527
1996-04-30 03:20:00,,-27.535
1996-04-30 03:40:00,,-27.542
1996-04-30 04:00:00,,-27.549
1996-04-30 04:20:00,,-27.556
1996-04-30 04:40:00,,-27.562
1996-04-30 05:00:00,,-27.569
1996-04-30 05:20:00,,-27.576
1996-04-30 05:40:00,,-27.583
1996-04-30 06:00:00,,-27.588
1996-04-30 06:20:00,,-27.593
1996-04-30 06:40:00,,-27.597
1996-04-30 07:20:00,,-27.597
1996-04-30 07:40:00,,-27.591
1996-04-30 08:00:00,,-27.583
1996-04-30 08:20:00,,-27.575
1996-04-30 08:40:00,,-27.57
1996-04-30 09:00:00,,-27.564
1996-04-30 09:20:00,,-27.56
1996-04-30 09:40:00,,-27.557
1996-04-30 10:00:00,,-27.555
1996-04-30 11:20:00,,-27.551
1996-04-30 11:40:00,,-27.551
1996-04-30 13:20:00,,-27.546
1996-04-30 13:40:00,,-27.544
1996-04-30 14:00:00,,-27.543
1996-04-30 19:20:00,,-27.543
1996-04-30 19:40:00,,-27.54
1996-04-30 20:00:00,,-27.537
1996-04-30 20:20:00,,-27.534
1996-04-30 20:40:00,,-27.53
1996-04-30 21:00:00,,-27.527
1996-04-30 21:20:00,,-27.523
1996-04-30 23:00:00,,-27.501
1996-04-30 23:20:00,,-27.495
1996-04-30 23:40:00,,-27.489
1996-05-01 00:00:00,,-27.485
1996-05-01 00:20:00,,-27.478
1996-05-01 00:40:00,,-27.472
1996-05-01 01:00:00,,-27.466
1996-05-01 01:20:00,,-27.459
1996-05-01 01:40:00,,-27.457
1996-05-01 02:20:00,,-27.457
1996-05-01 02:40:00,,-27.459
1996-05-01 04:00:00,,-27.492
1996-05-01 04:20:00,,-27.499
1996-05-01 04:40:00,,-27.507
1996-05-01 05:00:00,,-27.513
1996-05-01 05:20:00,,-27.52
1996-05-01 05:40:00,,-27.527
1996-05-01 06:00:00,,-27.533
1996-05-01 06:20:00,,-27.539
1996-05-01 06:40:00,,-27.542
1996-05-01 07:20:00,,-27.542
1996-05-01 07:40:00,,-27.538
1996-05-01 08:00:00,,-27.53
1996-05-01 08:20:00,,-27.522
1996-05-01 08:40:00,,-27.512
1996-05-01 09:00:00,,-27.505
1996-05-01 09:20:00,,-27.498
1996-05-01 09:40:00,,-27.492
1996-05-01 10:00:00,,-27.484
1996-05-01 10:20:00,,-27.479
1996-05-01 10:40:00,,-27.473
1996-05-01 11:00:00,,-27.467
1996-05-01 11:20:00,,-27.46
1996-05-01 11:40:00,,-27.454
1996-05-01 12:00:00,,-27.45
1996-05-01 12:20:00,,-27.446
1996-05-01 12:40:00,,-27.443
1996-05-01 13:00:00,,-27.44
1996-05-01 13:20:00,,-27.438
1996-05-01 13:40:00,,-27.436
1996-05-01 14:00:00,,-27.435
1996-05-01 16:20:00,,-27.435
1996-05-01 17:40:00,,-27.449
1996-05-01 18:00:00,,-27.453
1996-05-01 18:20:00,,-27.456
1996-05-01 18:40:00,,-27.459
1996-05-01 19:00:00,,-27.461
1996-05-01 19:20:00,,-27.465
1996-05-01 19:40:00,,-27.468
1996-05-01 20:00:00,,-27.47
1996-05-01 20:20:00,,-27.471
1996-05-01 20:40:00,,-27.472
1996-05-01 22:00:00,,-27.472
1996-05-01 22:20:00,,-27.47
1996-05-01 22:40:00,,-27.466
1996-05-01 23:00:00,,-27.461
1996-05-01 23:20:00,,-27.455
1996-05-01 23:40:00,,-27.45
1996-05-02 00:00:00,,-27.445
1996-05-02 00:20:00,,-27.44
1996-05-02 00:40:00,,-27.434
1996-05-02 01:00:00,,-27.428
1996-05-02 01:20:00,,-27.422
1996-05-02 01:40:00,,-27.418
1996-05-02 02:20:00,,-27.418
1996-05-02 02:40:00,,-27.423
1996-05-02 03:00:00,,-27.431
1996-05-02 03:20:00,,-27.441
1996-05-02 04:40:00,,-27.47
1996-05-02 05:00:00,,-27.477
1996-05-02 05:20:00,,-27.483
1996-05-02 05:40:00,,-27.491
1996-05-02 06:00:00,,-27.498
1996-05-02 06:20:00,,-27.504
1996-05-02 06:40:00,,-27.508
1996-05-02 07:20:00,,-27.508
1996-05-02 07:40:00,,-27.507
1996-05-02 08:00:00,,-27.501
1996-05-02 08:20:00,,-27.494
1996-05-02 08:40:00,,-27.487
1996-05-02 10:00:00,,-27.463
1996-05-02 10:20:00,,-27.458
1996-05-02 10:40:00,,-27.451
1996-05-02 11:00:00,,-27.446
1996-05-02 11:20:00,,-27.44
1996-05-02 11:40:00,,-27.435
1996-05-02 12:00:00,,-27.432
1996-05-02 12:20:00,,-27.423
1996-05-02 12:40:00,,-27.418
1996-05-02 13:00:00,,-27.411
1996-05-02 13:20:00,,-27.405
1996-05-02 13:40:00,,-27.4
1996-05-02 14:00:00,,-27.397
1996-05-02 14:20:00,,-27.392
1996-05-02 14:40:00,,-27.39
1996-05-02 15:00:00,,-27.389
1996-05-02 15:20:00,,-27.388
1996-05-02 16:40:00,,-27.388
1996-05-02 17:00:00,,-27.391
1996-05-02 17:20:00,,-27.395
1996-05-02 17:40:00,,-27.399
1996-05-02 18:00:00,,-27.404
1996-05-02 18:20:00,,-27.41
1996-05-02 18:40:00,,-27.415
1996-05-02 19:00:00,,-27.42
1996-05-02 19:20:00,,-27.425
1996-05-02 19:40:00,,-27.431
1996-05-02 20:00:00,,-27.436
1996-05-02 20:20:00,,-27.443
1996-05-02 20:40:00,,-27.449
1996-05-02 21:00:00,,-27.455
1996-05-02 21:20:00,,-27.459
1996-05-02 21:40:00,,-27.461
1996-05-02 22:00:00,,-27.463
1996-05-02 22:20:00,,-27.464
1996-05-02 23:40:00,,-27.464
1996-05-03 00:00:00,,-27.463
1996-05-03 00:20:00,,-27.458
1996-05-03 00:40:00,,-27.454
1996-05-03 01:00:00,,-27.448
1996-05-03 01:20:00,,-27.443
1996-05-03 01:40:00,,-27.439
1996-05-03 02:00:00,,-27.438
1996-05-03 02:20:00,,-27.438
1996-05-03 02:40:00,,-27.441
1996-05-03 03:00:00,,-27.448
1996-05-03 03:20:00,,-27.457
1996-05-03 03:40:00,,-27.463
1996-05-03 04:00:00,,-27.471
1996-05-03 04:20:00,,-27.478
1996-05-03 05:40:00,,-27.503
1996-05-03 06:00:00,,-27.509
1996-05-03 06:20:00,,-27.516
1996-05-03 06:40:00,,-27.519
1996-05-03 07:20:00,,-27.519
1996-05-03 07:40:00,,-27.517
1996-05-03 08:00:00,,-27.5
1996-05-03 08:20:00,,-27.472
1996-05-03 08:40:00,,-27.471
1996-05-03 09:00:00,,-27.468
1996-05-03 09:20:00,,-27.464
1996-05-03 09:40:00,,-27.459
1996-05-03 10:00:00,,-27.454
1996-05-03 10:20:00,,-27.447
1996-05-03 11:40:00,,-27.422
1996-05-03 13:00:00,,-27.392
1996-05-03 13:20:00,,-27.386
1996-05-03 13:40:00,,-27.378
1996-05-03 14:00:00,,-27.371
1996-05-03 14:20:00,,-27.366
1996-05-03 14:40:00,,-27.36
1996-05-03 15:00:00,,-27.354
1996-05-03 15:20:00,,-27.35
1996-05-03 15:40:00,,-27.345
1996-05-03 16:00:00,,-27.341
1996-05-03 16:20:00,,-27.338
1996-05-03 16:40:00,,-27.335
1996-05-03 17:00:00,,-27.332
1996-05-03 17:20:00,,-27.331
1996-05-03 17:40:00,,-27.329
1996-05-03 18:00:00,,-27.327
1996-05-03 18:20:00,,-27.326
1996-05-03 18:40:00,,-27.326
1996-05-03 19:00:00,,-27.324
1996-05-03 22:20:00,,-27.324
1996-05-03 23:40:00,,-27.313
1996-05-04 01:00:00,,-27.3
1996-05-04 01:20:00,,-27.297
1996-05-04 01:40:00,,-27.295
1996-05-04 02:00:00,,-27.295
1996-05-04 02:20:00,,-27.297
1996-05-04 02:40:00,,-27.306
1996-05-04 03:00:00,,-27.317
1996-05-04 03:20:00,,-27.327
1996-05-04 03:40:00,,-27.337
1996-05-04 04:00:00,,-27.346
1996-05-04 04:20:00,,-27.354
1996-05-04 04:40:00,,-27.364
1996-05-04 05:00:00,,-27.372
1996-05-04 05:20:00,,-27.379
1996-05-04 05:40:00,,-27.386
1996-05-04 06:00:00,,-27.393
1996-05-04 06:20:00,,-27.4
1996-05-04 06:40:00,,-27.404
1996-05-04 07:20:00,,-27.404
1996-05-04 07:40:00,,-27.403
1996-05-04 08:00:00,,-27.396
1996-05-04 08:20:00,,-27.388
1996-05-04 08:40:00,,-27.38
1996-05-04 09:00:00,,-27.375
1996-05-04 09:20:00,,-27.369
1996-05-04 09:40:00,,-27.365
1996-05-04 10:00:00,,-27.363
1996-05-04 10:20:00,,-27.361
1996-05-04 10:40:00,,-27.36
1996-05-04 11:00:00,,-27.359
1996-05-04 16:20:00,,-27.359
1996-05-04 16:40:00,,-27.36
1996-05-04 17:00:00,,-27.36
1996-05-04 17:20:00,,-27.363
1996-05-04 17:40:00,,-27.365
1996-05-04 18:00:00,,-27.368
1996-05-04 18:20:00,,-27.372
1996-05-04 19:40:00,,-27.38
1996-05-04 20:00:00,,-27.383
1996-05-04 20:20:00,,-27.384
1996-05-04 20:40:00,,-27.385
1996-05-04 22:20:00,,-27.385
1996-05-04 22:40:00,,-27.384
1996-05-04 23:00:00,,-27.38
1996-05-04 23:20:00,,-27.376
1996-05-04 23:40:00,,-27.373
1996-05-05 01:00:00,,-27.357
1996-05-05 01:20:00,,-27.351
1996-05-05 01:40:00,,-27.35
1996-05-05 02:20:00,,-27.35
1996-05-05 02:40:00,,-27.357
1996-05-05 03:00:00,,-27.368
1996-05-05 03:20:00,,-27.377
1996-05-05 03:40:00,,-27.386
1996-05-05 04:00:00,,-27.395
1996-05-05 04:20:00,,-27.402
1996-05-05 04:40:00,,-27.41
1996-05-05 06:00:00,,-27.435
1996-05-05 06:20:00,,-27.441
1996-05-05 06:40:00,,-27.445
1996-05-05 07:20:00,,-27.445
1996-05-05 07:40:00,,-27.444
1996-05-05 08:00:00,,-27.435
1996-05-05 08:20:00,,-27.426
1996-05-05 08:40:00,,-27.419
1996-05-05 09:00:00,,-27.411
1996-05-05 09:20:00,,-27.404
1996-05-05 09:40:00,,-27.4
1996-05-05 10:00:00,,-27.397
1996-05-05 10:20:00,,-27.396
1996-05-05 10:40:00,,-27.395
1996-05-05 11:00:00,,-27.387
1996-05-05 14:00:00,,-27.387
1996-05-05 14:20:00,,-27.386
1996-05-05 14:40:00,,-27.383
1996-05-05 15:00:00,,-27.379
1996-05-05 15:20:00,,-27.375
1996-05-05 15:40:00,,-27.369
1996-05-05 16:00:00,,-27.363
1996-05-05 16:20:00,,-27.358
1996-05-05 16:40:00,,-27.354
1996-05-05 17:00:00,,-27.348
1996-05-05 17:20:00,,-27.342
1996-05-05 17:40:00,,-27.337
1996-05-05 18:00:00,,-27.317
1996-05-05 18:20:00,,-27.287
1996-05-05 18:40:00,,-27.264
1996-05-05 19:00:00,,-27.247
1996-05-05 19:20:00,,-27.234
1996-05-05 19:40:00,,-27.223
1996-05-05 20:00:00,,-27.214
1996-05-05 20:20:00,,-27.206
1996-05-05 20:40:00,,-27.199
1996-05-05 21:00:00,,-27.193
1996-05-05 21:20:00,,-27.187
1996-05-05 21:40:00,,-27.182
1996-05-05 22:00:00,,-27.177
1996-05-05 22:20:00,,-27.171
1996-05-05 22:40:00,,-27.167
1996-05-05 23:00:00,,-27.163
1996-05-05 23:20:00,,-27.157
1996-05-05 23:40:00,,-27.153
1996-05-06 01:20:00,,-27.128
1996-05-06 01:40:00,,-27.126
1996-05-06 02:20:00,,-27.126
1996-05-06 02:40:00,,-27.132
1996-05-06 03:00:00,,-27.142
1996-05-06 03:20:00,,-27.15
1996-05-06 03:40:00,,-27.159
1996-05-06 04:00:00,,-27.168
1996-05-06 04:20:00,,-27.175
1996-05-06 04:40:00,,-27.198
1996-05-06 05:00:00,,-27.233
1996-05-06 05:20:00,,-27.261
1996-05-06 05:40:00,,-27.283
1996-05-06 06:00:00,,-27.301
1996-05-06 06:20:00,,-27.316
1996-05-06 06:40:00,,-27.327
1996-05-06 07:00:00,,-27.333
1996-05-06 07:20:00,,-27.334
1996-05-06 08:20:00,,-27.334
1996-05-06 08:40:00,,-27.332
1996-05-06 09:00:00,,-27.328
1996-05-06 09:20:00,,-27.324
1996-05-06 09:40:00,,-27.319
1996-05-06 10:00:00,,-27.317
1996-05-06 10:20:00,,-27.314
1996-05-06 10:40:00,,-27.313
1996-05-06 11:00:00,,-27.309
1996-05-06 11:20:00,,-27.306
1996-05-06 11:40:00,,-27.3
1996-05-06 12:00:00,,-27.297
1996-05-06 12:20:00,,-27.294
1996-05-06 12:40:00,,-27.289
1996-05-06 13:00:00,,-27.286
1996-05-06 13:20:00,,-27.282
1996-05-06 13:40:00,,-27.278
1996-05-06 14:00:00,,-27.274
1996-05-06 14:20:00,,-27.271
1996-05-06 14:40:00,,-27.266
1996-05-06 15:00:00,,-27.263
1996-05-06 15:20:00,,-27.26
1996-05-06 15:40:00,,-27.256
1996-05-06 16:00:00,,-27.253
1996-05-06 16:20:00,,-27.247
1996-05-06 16:40:00,,-27.247
1996-05-06 17:00:00,,-27.246
1996-05-06 17:20:00,,-27.245
1996-05-06 19:00:00,,-27.245
1996-05-06 19:20:00,,-27.246
1996-05-06 19:40:00,,-27.251
1996-05-06 20:00:00,,-27.241
1996-05-06 20:20:00,,-27.217
1996-05-06 20:40:00,,-27.2
1996-05-06 21:00:00,,-27.188
1996-05-06 21:20:00,,-27.176
1996-05-06 21:40:00,,-27.168
1996-05-06 22:00:00,,-27.159
1996-05-06 23:20:00,,-27.133
1996-05-07 00:40:00,,-27.111
1996-05-07 01:00:00,,-27.106
1996-05-07 01:20:00,,-27.101
1996-05-07 01:40:00,,-27.097
1996-05-07 02:20:00,,-27.097
1996-05-07 02:40:00,,-27.102
1996-05-07 03:00:00,,-27.112
1996-05-07 03:20:00,,-27.121
1996-05-07 03:40:00,,-27.13
1996-05-07 04:00:00,,-27.137
1996-05-07 04:20:00,,-27.145
1996-05-07 04:40:00,,-27.152
1996-05-07 05:00:00,,-27.159
1996-05-07 05:20:00,,-27.164
1996-05-07 05:40:00,,-27.169
1996-05-07 06:00:00,,-27.175
1996-05-07 06:20:00,,-27.18
1996-05-07 06:40:00,,-27.184
1996-05-07 07:00:00,,-27.184
1996-05-07 07:20:00,,-27.199
1996-05-07 07:40:00,,-27.219
1996-05-07 08:00:00,,-27.231
1996-05-07 08:20:00,,-27.238
1996-05-07 08:40:00,,-27.241
1996-05-07 09:00:00,,-27.243
1996-05-07 09:20:00,,-27.245
1996-05-07 11:00:00,,-27.245
1996-05-07 11:20:00,,-27.244
1996-05-07 11:40:00,,-27.241
1996-05-07 12:00:00,,-27.237
1996-05-07 12:20:00,,-27.233
1996-05-07 12:40:00,,-27.23
1996-05-07 13:00:00,,-27.226
1996-05-07 13:20:00,,-27.223
1996-05-07 13:40:00,,-27.219
1996-05-07 14:00:00,,-27.217
1996-05-07 14:20:00,,-27.214
1996-05-07 15:40:00,,-27.211
1996-05-07 16:40:00,,-27.211
1996-05-07 17:00:00,,-27.214
1996-05-07 17:20:00,,-27.218
1996-05-07 17:40:00,,-27.224
1996-05-07 18:00:00,,-27.228
1996-05-07 18:20:00,,-27.234
1996-05-07 18:40:00,,-27.241
1996-05-07 19:00:00,,-27.246
1996-05-07 19:20:00,,-27.252
1996-05-07 19:40:00,,-27.258
1996-05-07 20:00:00,,-27.263
1996-05-07 20:20:00,,-27.268
1996-05-07 20:40:00,,-27.272
1996-05-07 21:00:00,,-27.276
1996-05-07 21:20:00,,-27.279
1996-05-07 21:40:00,,-27.28
1996-05-07 22:00:00,,-27.281
1996-05-07 22:20:00,,-27.282
1996-05-08 00:00:00,,-27.282
1996-05-08 00:20:00,,-27.281
1996-05-08 00:40:00,,-27.28
1996-05-08 01:00:00,,-27.278
1996-05-08 01:20:00,,-27.276
1996-05-08 01:40:00,,-27.275
1996-05-08 02:00:00,,-27.275
1996-05-08 02:20:00,,-27.277
1996-05-08 03:40:00,,-27.322
1996-05-08 04:00:00,,-27.332
1996-05-08 04:20:00,,-27.342
1996-05-08 04:40:00,,-27.351
1996-05-08 05:00:00,,-27.359
1996-05-08 05:20:00,,-27.366
1996-05-08 05:40:00,,-27.374
1996-05-08 06:00:00,,-27.38
1996-05-08 06:20:00,,-27.385
1996-05-08 06:40:00,,-27.39
1996-05-08 07:00:00,,-27.391
1996-05-08 07:20:00,,-27.391
1996-05-08 07:40:00,,-27.357
1996-05-08 08:00:00,,-27.341
1996-05-08 08:20:00,,-27.341
1996-05-08 08:40:00,,-27.339
1996-05-08 09:00:00,,-27.335
1996-05-08 09:20:00,,-27.329
1996-05-08 09:40:00,,-27.325
1996-05-08 10:00:00,,-27.32
1996-05-08 10:20:00,,-27.315
1996-05-08 10:40:00,,-27.308
1996-05-08 11:00:00,,-27.304
1996-05-08 11:20:00,,-27.298
1996-05-08 11:40:00,,-27.291
1996-05-08 12:00:00,,-27.286
1996-05-08 12:20:00,,-27.281
1996-05-08 12:40:00,,-27.275
1996-05-08 13:00:00,,-27.269
1996-05-08 13:20:00,,-27.263
1996-05-08 13:40:00,,-27.258
1996-05-08 14:00:00,,-27.252
1996-05-08 14:20:00,,-27.246
1996-05-08 14:40:00,,-27.241
1996-05-08 15:00:00,,-27.236
1996-05-08 15:20:00,,-27.234
1996-05-08 15:40:00,,-27.23
1996-05-08 16:00:00,,-27.225
1996-05-08 16:20:00,,-27.221
1996-05-08 16:40:00,,-27.219
1996-05-08 17:00:00,,-27.216
1996-05-08 17:20:00,,-27.212
1996-05-08 17:40:00,,-27.21
1996-05-08 18:00:00,,-27.207
1996-05-08 18:20:00,,-27.205
1996-05-08 18:40:00,,-27.201
1996-05-08 19:00:00,,-27.199
1996-05-08 19:20:00,,-27.197
1996-05-08 19:40:00,,-27.195
1996-05-08 20:00:00,,-27.181
1996-05-08 20:20:00,,-27.15
1996-05-08 20:40:00,,-27.127
1996-05-08 21:00:00,,-27.111
1996-05-08 21:20:00,,-27.097
1996-05-08 21:40:00,,-27.085
1996-05-08 22:00:00,,-27.076
1996-05-08 22:20:00,,-27.067
1996-05-08 22:40:00,,-27.062
1996-05-08 23:00:00,,-27.053
1996-05-08 23:20:00,,-27.048
1996-05-08 23:40:00,,-27.042
1996-05-09 00:00:00,,-27.035
1996-05-09 01:20:00,,-27.016
1996-05-09 01:40:00,,-27.013
1996-05-09 02:20:00,,-27.013
1996-05-09 02:40:00,,-27.019
1996-05-09 03:00:00,,-27.03
1996-05-09 03:20:00,,-27.04
1996-05-09 03:40:00,,-27.05
1996-05-09 04:00:00,,-27.059
1996-05-09 04:20:00,,-27.068
1996-05-09 05:40:00,,-27.098
1996-05-09 06:00:00,,-27.104
1996-05-09 06:20:00,,-27.109
1996-05-09 06:40:00,,-27.113
1996-05-09 07:00:00,,-27.113
1996-05-09 07:20:00,,-27.126
1996-05-09 07:40:00,,-27.148
1996-05-09 08:00:00,,-27.16
1996-05-09 08:20:00,,-27.164
1996-05-09 08:40:00,,-27.166
1996-05-09 11:00:00,,-27.166
1996-05-09 11:20:00,,-27.165
1996-05-09 11:40:00,,-27.163
1996-05-09 12:00:00,,-27.159
1996-05-09 12:20:00,,-27.155
1996-05-09 12:40:00,,-27.152
1996-05-09 13:00:00,,-27.148
1996-05-09 13:20:00,,-27.146
1996-05-09 13:40:00,,-27.141
1996-05-09 14:00:00,,-27.138
1996-05-09 14:20:00,,-27.137
1996-05-09 14:40:00,,-27.135
1996-05-09 15:00:00,,-27.135
1996-05-09 15:20:00,,-27.133
1996-05-09 16:20:00,,-27.133
1996-05-09 16:40:00,,-27.135
1996-05-09 17:00:00,,-27.14
1996-05-09 17:20:00,,-27.145
1996-05-09 17:40:00,,-27.15
1996-05-09 18:00:00,,-27.158
1996-05-09 19:20:00,,-27.179
1996-05-09 19:40:00,,-27.185
1996-05-09 20:00:00,,-27.192
1996-05-09 20:20:00,,-27.197
1996-05-09 20:40:00,,-27.203
1996-05-09 21:00:00,,-27.207
1996-05-09 21:20:00,,-27.209
1996-05-09 21:40:00,,-27.211
1996-05-09 22:00:00,,-27.212
1996-05-09 23:40:00,,-27.212
1996-05-10 00:00:00,,-27.21
1996-05-10 00:20:00,,-27.207
1996-05-10 00:40:00,,-27.204
1996-05-10 01:00:00,,-27.201
1996-05-10 01:20:00,,-27.197
1996-05-10 01:40:00,,-27.196
1996-05-10 02:00:00,,-27.196
1996-05-10 02:20:00,,-27.197
1996-05-10 02:40:00,,-27.208
1996-05-10 03:00:00,,-27.22
1996-05-10 03:20:00,,-27.232
1996-05-10 03:40:00,,-27.244
1996-05-10 04:00:00,,-27.255
1996-05-10 04:20:00,,-27.266
1996-05-10 04:40:00,,-27.275
1996-05-10 05:00:00,,-27.284
1996-05-10 05:20:00,,-27.294
1996-05-10 05:40:00,,-27.302
1996-05-10 06:00:00,,-27.309
1996-05-10 06:20:00,,-27.317
1996-05-10 06:40:00,,-27.322
1996-05-10 07:00:00,,-27.324
1996-05-10 07:40:00,,-27.324
1996-05-10 09:00:00,,-27.291
1996-05-10 09:20:00,,-27.283
1996-05-10 09:40:00,,-27.277
1996-05-10 10:00:00,,-27.269
1996-05-10 10:20:00,,-27.264
1996-05-10 10:40:00,,-27.259
1996-05-10 11:00:00,,-27.251
1996-05-10 11:20:00,,-27.244
1996-05-10 11:40:00,,-27.237
1996-05-10 12:00:00,,-27.232
1996-05-10 12:20:00,,-27.225
1996-05-10 12:40:00,,-27.219
1996-05-10 13:00:00,,-27.212
1996-05-10 13:20:00,,-27.208
1996-05-10 13:40:00,,-27.203
1996-05-10 14:00:00,,-27.198
1996-05-10 14:20:00,,-27.194
1996-05-10 14:40:00,,-27.19
1996-05-10 15:00:00,,-27.186
1996-05-10 15:20:00,,-27.183
1996-05-10 15:40:00,,-27.181
1996-05-10 16:00:00,,-27.18
1996-05-10 18:00:00,,-27.18
1996-05-10 18:20:00,,-27.184
1996-05-10 18:40:00,,-27.19
1996-05-10 19:00:00,,-27.195
1996-05-10 19:20:00,,-27.2
1996-05-10 19:40:00,,-27.205
1996-05-10 20:00:00,,-27.209
1996-05-10 20:20:00,,-27.213
1996-05-10 20:40:00,,-27.216
1996-05-10 21:00:00,,-27.219
1996-05-10 21:20:00,,-27.22
1996-05-10 23:20:00,,-27.22
1996-05-10 23:40:00,,-27.218
1996-05-11 01:00:00,,-27.203
1996-05-11 01:20:00,,-27.2
1996-05-11 01:40:00,,-27.198
1996-05-11 02:20:00,,-27.198
1996-05-11 02:40:00,,-27.208
1996-05-11 03:00:00,,-27.22
1996-05-11 03:20:00,,-27.233
1996-05-11 03:40:00,,-27.245
1996-05-11 04:00:00,,-27.255
1996-05-11 04:20:00,,-27.267
1996-05-11 04:40:00,,-27.277
1996-05-11 05:00:00,,-27.286
1996-05-11 05:20:00,,-27.296
1996-05-11 05:40:00,,-27.304
1996-05-11 06:00:00,,-27.312
1996-05-11 06:20:00,,-27.319
1996-05-11 06:40:00,,-27.326
1996-05-11 07:00:00,,-27.328
1996-05-11 07:20:00,,-27.329
1996-05-11 07:40:00,,-27.329
1996-05-11 08:00:00,,-27.325
1996-05-11 09:20:00,,-27.293
1996-05-11 09:40:00,,-27.286
1996-05-11 10:00:00,,-27.279
1996-05-11 10:20:00,,-27.273
1996-05-11 10:40:00,,-27.267
1996-05-11 11:00:00,,-27.261
1996-05-11 11:20:00,,-27.256
1996-05-11 11:40:00,,-27.251
1996-05-11 12:00:00,,-27.246
1996-05-11 12:20:00,,-27.243
1996-05-11 12:40:00,,-27.24
1996-05-11 13:00:00,,-27.238
1996-05-11 13:20:00,,-27.237
1996-05-11 13:40:00,,-27.236
1996-05-11 15:40:00,,-27.236
1996-05-11 16:00:00,,-27.239
1996-05-11 16:20:00,,-27.242
1996-05-11 16:40:00,,-27.245
1996-05-11 17:00:00,,-27.252
1996-05-11 17:20:00,,-27.254
1996-05-11 17:40:00,,-27.258
1996-05-11 18:00:00,,-27.263
1996-05-11 18:20:00,,-27.268
1996-05-11 18:40:00,,-27.271
1996-05-11 19:00:00,,-27.275
1996-05-11 19:20:00,,-27.279
1996-05-11 19:40:00,,-27.283
1996-05-11 20:00:00,,-27.285
1996-05-11 20:20:00,,-27.287
1996-05-11 20:40:00,,-27.289
1996-05-11 22:20:00,,-27.289
1996-05-11 23:40:00,,-27.271
1996-05-12 00:00:00,,-27.265
1996-05-12 00:20:00,,-27.26
1996-05-12 00:40:00,,-27.255
1996-05-12 01:00:00,,-27.249
1996-05-12 01:20:00,,-27.244
1996-05-12 01:40:00,,-27.241
1996-05-12 02:00:00,,-27.24
1996-05-12 02:20:00,,-27.24
1996-05-12 02:40:00,,-27.245
1996-05-12 03:00:00,,-27.255
1996-05-12 03:20:00,,-27.267
1996-05-12 03:40:00,,-27.277
1996-05-12 04:00:00,,-27.288
1996-05-12 04:20:00,,-27.299
1996-05-12 04:40:00,,-27.308
1996-05-12 05:00:00,,-27.316
1996-05-12 05:20:00,,-27.325
1996-05-12 05:40:00,,-27.333
1996-05-12 06:00:00,,-27.34
1996-05-12 06:20:00,,-27.348
1996-05-12 06:40:00,,-27.353
1996-05-12 07:00:00,,-27.355
1996-05-12 07:40:00,,-27.355
1996-05-12 08:00:00,,-27.349
1996-05-12 08:20:00,,-27.341
1996-05-12 08:40:00,,-27.334
1996-05-12 09:00:00,,-27.329
1996-05-12 10:00:00,,-27.329
1996-05-12 10:20:00,,-27.327
1996-05-12 10:40:00,,-27.321
1996-05-12 11:00:00,,-27.313
1996-05-12 11:20:00,,-27.304
1996-05-12 11:40:00,,-27.297
1996-05-12 12:00:00,,-27.29
1996-05-12 12:20:00,,-27.284
1996-05-12 12:40:00,,-27.279
1996-05-12 13:00:00,,-27.275
1996-05-12 13:20:00,,-27.271
1996-05-12 13:40:00,,-27.271
1996-05-12 14:00:00,,-27.269
1996-05-12 16:00:00,,-27.269
1996-05-12 17:20:00,,-27.277
1996-05-12 17:40:00,,-27.277
1996-05-12 18:00:00,,-27.28
1996-05-12 18:20:00,,-27.261
1996-05-12 18:40:00,,-27.235
1996-05-12 19:00:00,,-27.216
1996-05-12 19:20:00,,-27.202
1996-05-12 19:40:00,,-27.188
1996-05-12 20:00:00,,-27.177
1996-05-12 20:20:00,,-27.166
1996-05-12 21:40:00,,-27.133
1996-05-12 22:00:00,,-27.124
1996-05-12 22:20:00,,-27.119
1996-05-12 22:40:00,,-27.115
1996-05-12 23:40:00,,-27.115
1996-05-13 00:00:00,,-27.12
1996-05-13 00:20:00,,-27.125
1996-05-13 00:40:00,,-27.129
1996-05-13 01:00:00,,-27.133
1996-05-13 01:20:00,,-27.136
1996-05-13 01:40:00,,-27.139
1996-05-13 02:00:00,,-27.143
1996-05-13 02:20:00,,-27.146
1996-05-13 02:40:00,,-27.148
1996-05-13 04:00:00,,-27.163
1996-05-13 04:20:00,,-27.165
1996-05-13 05:00:00,,-27.165
1996-05-13 05:20:00,,-27.161
1996-05-13 05:40:00,,-27.151
1996-05-13 06:00:00,,-27.142
1996-05-13 06:20:00,,-27.133
1996-05-13 06:40:00,,-27.124
1996-05-13 08:00:00,,-27.097
1996-05-13 08:20:00,,-27.091
1996-05-13 08:40:00,,-27.086
1996-05-13 09:00:00,,-27.08
1996-05-13 09:20:00,,-27.076
1996-05-13 09:40:00,,-27.071
1996-05-13 10:00:00,,-27.065
1996-05-13 10:20:00,,-27.06
1996-05-13 10:40:00,,-27.052
1996-05-13 11:00:00,,-27.047
1996-05-13 12:40:00,,-27.012
1996-05-13 13:00:00,,-27.004
1996-05-13 13:20:00,,-26.998
1996-05-13 13:40:00,,-26.991
1996-05-13 14:00:00,,-26.983
1996-05-13 14:20:00,,-26.978
1996-05-13 14:40:00,,-26.972
1996-05-13 15:00:00,,-26.967
1996-05-13 15:20:00,,-26.962
1996-05-13 15:40:00,,-26.956
1996-05-13 16:00:00,,-26.952
1996-05-13 16:20:00,,-26.949
1996-05-13 16:40:00,,-26.946
1996-05-13 17:00:00,,-26.944
1996-05-13 17:20:00,,-26.94
1996-05-13 17:40:00,,-26.939
1996-05-13 18:00:00,,-26.937
1996-05-13 18:20:00,,-26.937
1996-05-13 18:40:00,,-26.965
1996-05-13 19:00:00,,-26.985
1996-05-13 19:20:00,,-26.999
1996-05-13 19:40:00,,-27.01
1996-05-13 20:00:00,,-27.019
1996-05-13 20:20:00,,-27.025
1996-05-13 20:40:00,,-27.03
1996-05-13 21:00:00,,-27.038
1996-05-13 21:20:00,,-27.027
1996-05-13 21:40:00,,-27.004
1996-05-13 22:00:00,,-26.988
1996-05-13 22:20:00,,-26.976
1996-05-13 22:40:00,,-26.971
1996-05-13 23:40:00,,-26.971
1996-05-14 00:00:00,,-26.979
1996-05-14 00:20:00,,-26.985
1996-05-14 00:40:00,,-26.991
1996-05-14 02:00:00,,-27.011
1996-05-14 03:40:00,,-27.033
1996-05-14 04:00:00,,-27.039
1996-05-14 04:20:00,,-27.043
1996-05-14 04:40:00,,-27.044
1996-05-14 05:20:00,,-27.044
1996-05-14 05:40:00,,-27.036
1996-05-14 06:00:00,,-27.028
1996-05-14 06:20:00,,-27.021
1996-05-14 06:40:00,,-27.014
1996-05-14 07:00:00,,-27.006
1996-05-14 07:20:00,,-27.015
1996-05-14 07:40:00,,-27.035
1996-05-14 08:00:00,,-27.048
1996-05-14 08:20:00,,-27.057
1996-05-14 08:40:00,,-27.063
1996-05-14 09:00:00,,-27.067
1996-05-14 09:20:00,,-27.071
1996-05-14 09:40:00,,-27.074
1996-05-14 10:00:00,,-27.077
1996-05-14 10:20:00,,-27.078
1996-05-14 10:40:00,,-27.079
1996-05-14 14:40:00,,-27.079
1996-05-14 15:00:00,,-27.076
1996-05-14 15:20:00,,-27.074
1996-05-14 15:40:00,,-27.071
1996-05-14 16:00:00,,-27.07
1996-05-14 22:20:00,,-27.07
1996-05-14 22:40:00,,-27.075
1996-05-14 23:00:00,,-27.083
1996-05-14 23:20:00,,-27.095
1996-05-14 23:40:00,,-27.106
1996-05-15 00:00:00,,-27.117
1996-05-15 00:20:00,,-27.128
1996-05-15 00:40:00,,-27.138
1996-05-15 01:00:00,,-27.147
1996-05-15 01:20:00,,-27.156
1996-05-15 01:40:00,,-27.163
1996-05-15 02:00:00,,-27.171
1996-05-15 02:20:00,,-27.179
1996-05-15 02:40:00,,-27.186
1996-05-15 04:00:00,,-27.216
1996-05-15 04:20:00,,-27.221
1996-05-15 04:40:00,,-27.224
1996-05-15 05:20:00,,-27.224
1996-05-15 05:40:00,,-27.222
1996-05-15 06:00:00,,-27.217
1996-05-15 06:20:00,,-27.212
1996-05-15 06:40:00,,-27.207
1996-05-15 07:00:00,,-27.204
1996-05-15 07:20:00,,-27.2
1996-05-15 07:40:00,,-27.198
1996-05-15 08:00:00,,-27.195
1996-05-15 09:40:00,,-27.185
1996-05-15 10:00:00,,-27.184
1996-05-15 10:20:00,,-27.182
1996-05-15 10:40:00,,-27.179
1996-05-15 11:00:00,,-27.175
1996-05-15 11:20:00,,-27.171
1996-05-15 11:40:00,,-27.158
1996-05-15 12:00:00,,-27.122
1996-05-15 12:20:00,,-27.093
1996-05-15 12:40:00,,-27.071
1996-05-15 13:00:00,,-27.052
1996-05-15 13:20:00,,-27.037
1996-05-15 13:40:00,,-27.021
1996-05-15 14:00:00,,-27.008
1996-05-15 14:20:00,,-26.998
1996-05-15 14:40:00,,-26.986
1996-05-15 15:00:00,,-26.977
1996-05-15 15:20:00,,-26.968
1996-05-15 15:40:00,,-26.959
1996-05-15 16:00:00,,-26.953
1996-05-15 16:20:00,,-26.946
1996-05-15 16:40:00,,-26.965
1996-05-15 17:00:00,,-26.983
1996-05-15 17:20:00,,-26.993
1996-05-15 17:40:00,,-27
1996-05-15 18:00:00,,-27.005
1996-05-15 18:20:00,,-27.01
1996-05-15 18:40:00,,-27.014
1996-05-15 19:00:00,,-27.016
1996-05-15 19:20:00,,-27.02
1996-05-15 19:40:00,,-27.023
1996-05-15 21:00:00,,-27.032
1996-05-15 21:20:00,,-27.034
1996-05-15 21:40:00,,-27.035
1996-05-15 22:00:00,,-27.036
1996-05-15 22:20:00,,-27.038
1996-05-15 22:40:00,,-27.043
1996-05-15 23:00:00,,-27.052
1996-05-15 23:20:00,,-27.064
1996-05-15 23:40:00,,-27.076
1996-05-16 00:00:00,,-27.088
1996-05-16 00:20:00,,-27.099
1996-05-16 00:40:00,,-27.11
1996-05-16 01:00:00,,-27.118
1996-05-16 01:20:00,,-27.125
1996-05-16 01:40:00,,-27.134
1996-05-16 03:00:00,,-27.164
1996-05-16 04:20:00,,-27.192
1996-05-16 04:40:00,,-27.194
1996-05-16 05:20:00,,-27.194
1996-05-16 05:40:00,,-27.192
1996-05-16 06:00:00,,-27.187
1996-05-16 06:20:00,,-27.182
1996-05-16 06:40:00,,-27.177
1996-05-16 07:00:00,,-27.173
1996-05-16 07:20:00,,-27.169
1996-05-16 07:40:00,,-27.166
1996-05-16 08:00:00,,-27.163
1996-05-16 08:20:00,,-27.162
1996-05-16 08:40:00,,-27.16
1996-05-16 09:00:00,,-27.158
1996-05-16 09:20:00,,-27.157
1996-05-16 09:40:00,,-27.156
1996-05-16 10:00:00,,-27.154
1996-05-16 10:20:00,,-27.152
1996-05-16 10:40:00,,-27.151
1996-05-16 11:00:00,,-27.148
1996-05-16 11:20:00,,-27.145
1996-05-16 11:40:00,,-27.141
1996-05-16 12:00:00,,-27.137
1996-05-16 12:20:00,,-27.133
1996-05-16 12:40:00,,-27.127
1996-05-16 13:00:00,,-27.122
1996-05-16 13:20:00,,-27.115
1996-05-16 13:40:00,,-27.11
1996-05-16 14:00:00,,-27.105
1996-05-16 14:20:00,,-27.099
1996-05-16 15:40:00,,-27.082
1996-05-16 17:00:00,,-27.07
1996-05-16 17:20:00,,-27.068
1996-05-16 17:40:00,,-27.066
1996-05-16 18:00:00,,-27.064
1996-05-16 18:20:00,,-27.063
1996-05-16 22:40:00,,-27.063
1996-05-16 23:00:00,,-27.069
1996-05-16 23:20:00,,-27.079
1996-05-16 23:40:00,,-27.091
1996-05-17 00:00:00,,-27.101
1996-05-17 00:20:00,,-27.112
1996-05-17 00:40:00,,-27.121
1996-05-17 01:00:00,,-27.13
1996-05-17 01:20:00,,-27.139
1996-05-17 02:40:00,,-27.167
1996-05-17 03:00:00,,-27.173
1996-05-17 03:20:00,,-27.18
1996-05-17 03:40:00,,-27.187
1996-05-17 04:00:00,,-27.193
1996-05-17 04:20:00,,-27.197
1996-05-17 04:40:00,,-27.198
1996-05-17 05:20:00,,-27.198
1996-05-17 05:40:00,,-27.194
1996-05-17 06:00:00,,-27.187
1996-05-17 06:20:00,,-27.181
1996-05-17 06:40:00,,-27.176
1996-05-17 07:00:00,,-27.171
1996-05-17 07:20:00,,-27.167
1996-05-17 07:40:00,,-27.162
1996-05-17 08:00:00,,-27.159
1996-05-17 08:20:00,,-27.156
1996-05-17 08:40:00,,-27.154
1996-05-17 09:00:00,,-27.15
1996-05-17 09:20:00,,-27.148
1996-05-17 09:40:00,,-27.146
1996-05-17 10:00:00,,-27.143
1996-05-17 10:20:00,,-27.14
1996-05-17 10:40:00,,-27.138
1996-05-17 11:00:00,,-27.136
1996-05-17 11:20:00,,-27.11
1996-05-17 11:40:00,,-27.081
1996-05-17 12:00:00,,-27.058
1996-05-17 12:20:00,,-27.039
1996-05-17 12:40:00,,-27.023
1996-05-17 13:00:00,,-27.009
1996-05-17 13:20:00,,-26.995
1996-05-17 13:40:00,,-26.983
1996-05-17 14:00:00,,-26.972
1996-05-17 14:20:00,,-26.96
1996-05-17 14:40:00,,-26.952
1996-05-17 15:00:00,,-26.941
1996-05-17 15:20:00,,-26.933
1996-05-17 15:40:00,,-26.925
1996-05-17 16:00:00,,-26.915
1996-05-17 17:20:00,,-26.887
1996-05-17 17:40:00,,-26.881
1996-05-17 19:00:00,,-26.863
1996-05-17 19:20:00,,-26.86
1996-05-17 19:40:00,,-26.857
1996-05-17 20:00:00,,-26.852
1996-05-17 20:20:00,,-26.851
1996-05-17 20:40:00,,-26.847
1996-05-17 21:00:00,,-26.844
1996-05-17 21:20:00,,-26.843
1996-05-17 21:40:00,,-26.84
1996-05-17 22:00:00,,-26.836
1996-05-17 22:20:00,,-26.835
1996-05-17 23:00:00,,-26.835
1996-05-17 23:20:00,,-26.839
1996-05-17 23:40:00,,-26.849
1996-05-18 00:00:00,,-26.858
1996-05-18 00:20:00,,-26.867
1996-05-18 00:40:00,,-26.874
1996-05-18 01:00:00,,-26.882
1996-05-18 02:40:00,,-26.911
1996-05-18 03:00:00,,-26.915
1996-05-18 03:20:00,,-26.92
1996-05-18 03:40:00,,-26.925
1996-05-18 04:00:00,,-26.93
1996-05-18 04:20:00,,-26.933
1996-05-18 04:40:00,,-26.934
1996-05-18 05:00:00,,-26.934
1996-05-18 05:20:00,,-26.93
1996-05-18 05:40:00,,-26.922
1996-05-18 06:00:00,,-26.914
1996-05-18 06:20:00,,-26.906
1996-05-18 06:40:00,,-26.899
1996-05-18 07:00:00,,-26.893
1996-05-18 07:20:00,,-26.887
1996-05-18 07:40:00,,-26.883
1996-05-18 08:00:00,,-26.879
1996-05-18 08:20:00,,-26.875
1996-05-18 08:40:00,,-26.872
1996-05-18 09:00:00,,-26.869
1996-05-18 10:20:00,,-26.86
1996-05-18 10:40:00,,-26.858
1996-05-18 11:00:00,,-26.857
1996-05-18 11:20:00,,-26.856
1996-05-18 11:40:00,,-26.856
1996-05-18 12:00:00,,-26.855
1996-05-18 17:20:00,,-26.855
1996-05-18 17:40:00,,-26.856
1996-05-18 18:00:00,,-26.858
1996-05-18 20:40:00,,-26.858
1996-05-18 21:00:00,,-26.855
1996-05-18 21:20:00,,-26.853
1996-05-18 21:40:00,,-26.851
1996-05-18 22:00:00,,-26.848
1996-05-18 22:20:00,,-26.845
1996-05-18 23:00:00,,-26.845
1996-05-18 23:20:00,,-26.849
1996-05-18 23:40:00,,-26.859
1996-05-19 00:00:00,,-26.869
1996-05-19 00:20:00,,-26.877
1996-05-19 00:40:00,,-26.884
1996-05-19 01:00:00,,-26.891
1996-05-19 02:20:00,,-26.915
1996-05-19 02:40:00,,-26.92
1996-05-19 03:00:00,,-26.925
1996-05-19 03:20:00,,-26.929
1996-05-19 03:40:00,,-26.934
1996-05-19 04:00:00,,-26.938
1996-05-19 04:20:00,,-26.941
1996-05-19 04:40:00,,-26.942
1996-05-19 05:00:00,,-26.942
1996-05-19 05:20:00,,-26.939
1996-05-19 05:40:00,,-26.93
1996-05-19 06:00:00,,-26.922
1996-05-19 06:20:00,,-26.914
1996-05-19 06:40:00,,-26.906
1996-05-19 07:00:00,,-26.9
1996-05-19 07:20:00,,-26.894
1996-05-19 07:40:00,,-26.889
1996-05-19 08:00:00,,-26.884
1996-05-19 08:20:00,,-26.88
1996-05-19 08:40:00,,-26.877
1996-05-19 09:00:00,,-26.874
1996-05-19 10:20:00,,-26.866
1996-05-19 10:40:00,,-26.863
1996-05-19 11:00:00,,-26.86
1996-05-19 11:20:00,,-26.856
1996-05-19 11:40:00,,-26.851
1996-05-19 12:00:00,,-26.846
1996-05-19 12:20:00,,-26.841
1996-05-19 12:40:00,,-26.834
1996-05-19 13:00:00,,-26.844
1996-05-19 13:20:00,,-26.864
1996-05-19 13:40:00,,-26.877
1996-05-19 14:00:00,,-26.885
1996-05-19 14:20:00,,-26.89
1996-05-19 14:40:00,,-26.894
1996-05-19 15:00:00,,-26.896
1996-05-19 15:20:00,,-26.899
1996-05-19 15:40:00,,-26.899
1996-05-19 16:00:00,,-26.901
1996-05-19 16:20:00,,-26.901
1996-05-19 16:40:00,,-26.902
1996-05-19 18:00:00,,-26.905
1996-05-19 18:20:00,,-26.906
1996-05-19 18:40:00,,-26.908
1996-05-19 19:00:00,,-26.881
1996-05-19 19:20:00,,-26.86
1996-05-19 19:40:00,,-26.847
1996-05-19 20:00:00,,-26.836
1996-05-19 20:20:00,,-26.828
1996-05-19 20:40:00,,-26.822
1996-05-19 21:00:00,,-26.817
1996-05-19 21:20:00,,-26.813
1996-05-19 21:40:00,,-26.81
1996-05-19 22:00:00,,-26.808
1996-05-19 22:20:00,,-26.805
1996-05-19 23:00:00,,-26.805
1996-05-19 23:20:00,,-26.81
1996-05-19 23:40:00,,-26.822
1996-05-20 00:00:00,,-26.831
1996-05-20 00:20:00,,-26.841
1996-05-20 00:40:00,,-26.849
1996-05-20 01:00:00,,-26.858
1996-05-20 01:20:00,,-26.865
1996-05-20 01:40:00,,-26.873
1996-05-20 02:00:00,,-26.879
1996-05-20 02:20:00,,-26.886
1996-05-20 02:40:00,,-26.893
1996-05-20 03:00:00,,-26.899
1996-05-20 03:20:00,,-26.906
1996-05-20 03:40:00,,-26.911
1996-05-20 04:00:00,,-26.917
1996-05-20 04:20:00,,-26.921
1996-05-20 04:40:00,,-26.923
1996-05-20 05:00:00,,-26.923
1996-05-20 05:20:00,,-26.922
1996-05-20 05:40:00,,-26.914
1996-05-20 06:00:00,,-26.906
1996-05-20 06:20:00,,-26.898
1996-05-20 06:40:00,,-26.892
1996-05-20 07:00:00,,-26.884
1996-05-20 07:20:00,,-26.878
1996-05-20 07:40:00,,-26.873
1996-05-20 08:00:00,,-26.87
1996-05-20 08:20:00,,-26.866
1996-05-20 08:40:00,,-26.862
1996-05-20 09:00:00,,-26.858
1996-05-20 09:20:00,,-26.856
1996-05-20 09:40:00,,-26.853
1996-05-20 11:00:00,,-26.844
1996-05-20 11:20:00,,-26.84
1996-05-20 11:40:00,,-26.835
1996-05-20 12:00:00,,-26.832
1996-05-20 13:20:00,,-26.811
1996-05-20 13:40:00,,-26.808
1996-05-20 14:00:00,,-26.801
1996-05-20 15:20:00,,-26.784
1996-05-20 15:40:00,,-26.779
1996-05-20 16:00:00,,-26.775
1996-05-20 16:20:00,,-26.772
1996-05-20 16:40:00,,-26.768
1996-05-20 17:00:00,,-26.764
1996-05-20 17:20:00,,-26.761
1996-05-20 17:40:00,,-26.759
1996-05-20 18:00:00,,-26.755
1996-05-20 18:20:00,,-26.752
1996-05-20 18:40:00,,-26.751
1996-05-20 19:00:00,,-26.75
1996-05-20 19:20:00,,-26.748
1996-05-20 19:40:00,,-26.747
1996-05-20 20:00:00,,-26.746
1996-05-20 20:40:00,,-26.746
1996-05-20 21:00:00,,-26.745
1996-05-20 21:20:00,,-26.744
1996-05-20 22:40:00,,-26.742
1996-05-20 23:00:00,,-26.743
1996-05-21 00:20:00,,-26.787
1996-05-21 00:40:00,,-26.797
1996-05-21 01:00:00,,-26.807
1996-05-21 01:20:00,,-26.815
1996-05-21 01:40:00,,-26.823
1996-05-21 02:00:00,,-26.831
1996-05-21 03:20:00,,-26.859
1996-05-21 03:40:00,,-26.865
1996-05-21 04:00:00,,-26.871
1996-05-21 04:20:00,,-26.875
1996-05-21 04:40:00,,-26.877
1996-05-21 05:20:00,,-26.877
1996-05-21 05:40:00,,-26.869
1996-05-21 06:00:00,,-26.862
1996-05-21 06:20:00,,-26.854
1996-05-21 06:40:00,,-26.846
1996-05-21 07:00:00,,-26.84
1996-05-21 07:20:00,,-26.835
1996-05-21 07:40:00,,-26.83
1996-05-21 08:00:00,,-26.826
1996-05-21 08:20:00,,-26.822
1996-05-21 08:40:00,,-26.82
1996-05-21 09:00:00,,-26.819
1996-05-21 09:20:00,,-26.817
1996-05-21 09:40:00,,-26.817
1996-05-21 10:00:00,,-26.816
1996-05-21 11:00:00,,-26.816
1996-05-21 11:20:00,,-26.817
1996-05-21 11:40:00,,-26.819
1996-05-21 12:00:00,,-26.821
1996-05-21 12:20:00,,-26.822
1996-05-21 12:40:00,,-26.823
1996-05-21 13:00:00,,-26.825
1996-05-21 13:20:00,,-26.825
1996-05-21 13:40:00,,-26.827
1996-05-21 14:00:00,,-26.829
1996-05-21 14:20:00,,-26.829
1996-05-21 16:20:00,,-26.838
1996-05-21 16:40:00,,-26.839
1996-05-21 18:40:00,,-26.839
1996-05-21 19:00:00,,-26.836
1996-05-21 19:20:00,,-26.832
1996-05-21 20:40:00,,-26.815
1996-05-21 21:00:00,,-26.811
1996-05-21 21:20:00,,-26.808
1996-05-21 21:40:00,,-26.803
1996-05-21 22:00:00,,-26.799
1996-05-21 22:20:00,,-26.797
1996-05-21 22:40:00,,-26.796
1996-05-21 23:00:00,,-26.796
1996-05-21 23:20:00,,-26.801
1996-05-21 23:40:00,,-26.81
1996-05-22 00:00:00,,-26.82
1996-05-22 00:20:00,,-26.827
1996-05-22 00:40:00,,-26.836
1996-05-22 01:00:00,,-26.844
1996-05-22 01:20:00,,-26.849
1996-05-22 01:40:00,,-26.856
1996-05-22 02:00:00,,-26.862
1996-05-22 02:20:00,,-26.869
1996-05-22 03:40:00,,-26.89
1996-05-22 04:00:00,,-26.895
1996-05-22 04:20:00,,-26.898
1996-05-22 05:00:00,,-26.898
1996-05-22 05:20:00,,-26.896
1996-05-22 05:40:00,,-26.886
1996-05-22 06:00:00,,-26.877
1996-05-22 06:20:00,,-26.868
1996-05-22 06:40:00,,-26.86
1996-05-22 07:00:00,,-26.853
1996-05-22 07:20:00,,-26.846
1996-05-22 07:40:00,,-26.839
1996-05-22 08:00:00,,-26.835
1996-05-22 08:20:00,,-26.83
1996-05-22 08:40:00,,-26.825
1996-05-22 09:00:00,,-26.821
1996-05-22 09:20:00,,-26.846
1996-05-22 09:40:00,,-26.864
1996-05-22 10:00:00,,-26.877
1996-05-22 10:20:00,,-26.885
1996-05-22 10:40:00,,-26.891
1996-05-22 11:00:00,,-26.894
1996-05-22 11:20:00,,-26.896
1996-05-22 11:40:00,,-26.897
1996-05-22 12:40:00,,-26.897
1996-05-22 13:00:00,,-26.874
1996-05-22 13:20:00,,-26.849
1996-05-22 13:40:00,,-26.83
1996-05-22 14:00:00,,-26.815
1996-05-22 14:20:00,,-26.804
1996-05-22 14:40:00,,-26.793
1996-05-22 15:00:00,,-26.784
1996-05-22 15:20:00,,-26.777
1996-05-22 15:40:00,,-26.77
1996-05-22 16:00:00,,-26.763
1996-05-22 16:20:00,,-26.757
1996-05-22 16:40:00,,-26.751
1996-05-22 17:00:00,,-26.745
1996-05-22 17:20:00,,-26.74
1996-05-22 17:40:00,,-26.736
1996-05-22 18:00:00,,-26.732
1996-05-22 18:20:00,,-26.728
1996-05-22 18:40:00,,-26.725
1996-05-22 19:00:00,,-26.72
1996-05-22 19:20:00,,-26.716
1996-05-22 19:40:00,,-26.713
1996-05-22 20:00:00,,-26.71
1996-05-22 20:20:00,,-26.707
1996-05-22 20:40:00,,-26.705
1996-05-22 21:00:00,,-26.703
1996-05-22 21:20:00,,-26.7
1996-05-22 21:40:00,,-26.698
1996-05-22 22:00:00,,-26.696
1996-05-22 22:20:00,,-26.695
1996-05-22 23:00:00,,-26.695
1996-05-22 23:20:00,,-26.705
1996-05-22 23:40:00,,-26.717
1996-05-23 00:00:00,,-26.728
1996-05-23 00:20:00,,-26.738
1996-05-23 00:40:00,,-26.749
1996-05-23 01:00:00,,-26.758
1996-05-23 01:20:00,,-26.767
1996-05-23 02:40:00,,-26.8
1996-05-23 03:00:00,,-26.808
1996-05-23 03:20:00,,-26.814
1996-05-23 03:40:00,,-26.822
1996-05-23 04:00:00,,-26.828
1996-05-23 04:20:00,,-26.833
1996-05-23 05:00:00,,-26.833
1996-05-23 05:20:00,,-26.832
1996-05-23 05:40:00,,-26.823
1996-05-23 06:00:00,,-26.814
1996-05-23 06:20:00,,-26.806
1996-05-23 06:40:00,,-26.799
1996-05-23 07:00:00,,-26.792
1996-05-23 07:20:00,,-26.785
1996-05-23 07:40:00,,-26.78
1996-05-23 08:00:00,,-26.775
1996-05-23 08:20:00,,-26.769
1996-05-23 08:40:00,,-26.765
1996-05-23 09:00:00,,-26.762
1996-05-23 09:20:00,,-26.757
1996-05-23 09:40:00,,-26.753
1996-05-23 10:00:00,,-26.749
1996-05-23 10:20:00,,-26.745
1996-05-23 10:40:00,,-26.74
1996-05-23 11:00:00,,-26.738
1996-05-23 11:20:00,,-26.733
1996-05-23 11:40:00,,-26.729
1996-05-23 12:00:00,,-26.725
1996-05-23 12:20:00,,-26.724
1996-05-23 12:40:00,,-26.717
1996-05-23 13:00:00,,-26.724
1996-05-23 13:20:00,,-26.725
1996-05-23 13:40:00,,-26.723
1996-05-23 14:00:00,,-26.716
1996-05-23 14:20:00,,-26.71
1996-05-23 14:40:00,,-26.705
1996-05-23 15:00:00,,-26.7
1996-05-23 15:20:00,,-26.695
1996-05-23 15:40:00,,-26.691
1996-05-23 16:00:00,,-26.687
1996-05-23 16:20:00,,-26.682
1996-05-23 16:40:00,,-26.678
1996-05-23 17:00:00,,-26.675
1996-05-23 17:20:00,,-26.671
1996-05-23 17:40:00,,-26.668
1996-05-23 18:00:00,,-26.667
1996-05-23 18:20:00,,-26.663
1996-05-23 18:40:00,,-26.66
1996-05-23 20:00:00,,-26.65
1996-05-23 20:20:00,,-26.649
1996-05-23 20:40:00,,-26.647
1996-05-23 21:00:00,,-26.645
1996-05-23 21:20:00,,-26.643
1996-05-23 21:40:00,,-26.642
1996-05-23 22:00:00,,-26.64
1996-05-23 22:40:00,,-26.64
1996-05-23 23:00:00,,-26.641
1996-05-23 23:20:00,,-26.652
1996-05-23 23:40:00,,-26.664
1996-05-24 00:00:00,,-26.675
1996-05-24 00:20:00,,-26.686
1996-05-24 00:40:00,,-26.696
1996-05-24 01:00:00,,-26.706
1996-05-24 01:20:00,,-26.715
1996-05-24 02:40:00,,-26.748
1996-05-24 03:00:00,,-26.756
1996-05-24 03:20:00,,-26.763
1996-05-24 03:40:00,,-26.771
1996-05-24 04:00:00,,-26.778
1996-05-24 04:20:00,,-26.784
1996-05-24 04:40:00,,-26.785
1996-05-24 05:20:00,,-26.785
1996-05-24 05:40:00,,-26.78
1996-05-24 06:00:00,,-26.773
1996-05-24 06:20:00,,-26.766
1996-05-24 06:40:00,,-26.759
1996-05-24 07:00:00,,-26.753
1996-05-24 07:20:00,,-26.747
1996-05-24 07:40:00,,-26.742
1996-05-24 08:00:00,,-26.738
1996-05-24 08:20:00,,-26.734
1996-05-24 08:40:00,,-26.73
1996-05-24 09:00:00,,-26.727
1996-05-24 09:20:00,,-26.724
1996-05-24 09:40:00,,-26.72
1996-05-24 10:00:00,,-26.719
1996-05-24 10:20:00,,-26.715
1996-05-24 10:40:00,,-26.712
1996-05-24 12:00:00,,-26.693
1996-05-24 12:20:00,,-26.688
1996-05-24 12:40:00,,-26.684
1996-05-24 13:00:00,,-26.678
1996-05-24 13:20:00,,-26.673
1996-05-24 13:40:00,,-26.668
1996-05-24 14:00:00,,-26.664
1996-05-24 15:20:00,,-26.65
1996-05-24 15:40:00,,-26.648
1996-05-24 17:20:00,,-26.648
1996-05-24 17:40:00,,-26.646
1996-05-24 18:00:00,,-26.645
1996-05-24 18:20:00,,-26.645
1996-05-24 18:40:00,,-26.643
1996-05-24 19:00:00,,-26.642
1996-05-24 19:20:00,,-26.64
1996-05-24 19:40:00,,-26.637
1996-05-24 20:00:00,,-26.635
1996-05-24 20:20:00,,-26.634
1996-05-24 20:40:00,,-26.631
1996-05-24 22:00:00,,-26.625
1996-05-24 22:40:00,,-26.625
1996-05-24 23:00:00,,-26.627
1996-05-25 00:20:00,,-26.67
1996-05-25 00:40:00,,-26.677
1996-05-25 01:00:00,,-26.68
1996-05-25 02:00:00,,-26.68
1996-05-25 03:20:00,,-26.666
1996-05-25 03:40:00,,-26.665
1996-05-25 04:00:00,,-26.663
1996-05-25 04:20:00,,-26.66
1996-05-25 05:40:00,,-26.654
1996-05-25 06:00:00,,-26.652
1996-05-25 06:20:00,,-26.651
1996-05-25 06:40:00,,-26.651
1996-05-25 07:00:00,,-26.65
1996-05-25 07:20:00,,-26.649
1996-05-25 07:40:00,,-26.647
1996-05-25 08:00:00,,-26.646
1996-05-25 08:20:00,,-26.646
1996-05-25 08:40:00,,-26.645
1996-05-25 09:00:00,,-26.644
1996-05-25 09:20:00,,-26.643
1996-05-25 09:40:00,,-26.643
1996-05-25 11:00:00,,-26.639
1996-05-25 11:20:00,,-26.636
1996-05-25 11:40:00,,-26.632
1996-05-25 12:00:00,,-26.628
1996-05-25 12:20:00,,-26.624
1996-05-25 12:40:00,,-26.62
1996-05-25 13:00:00,,-26.617
1996-05-25 13:20:00,,-26.613
1996-05-25 13:40:00,,-26.608
1996-05-25 14:00:00,,-26.604
1996-05-25 15:40:00,,-26.594
1996-05-25 16:00:00,,-26.591
1996-05-25 16:20:00,,-26.59
1996-05-25 16:40:00,,-26.588
1996-05-25 17:00:00,,-26.587
1996-05-25 18:20:00,,-26.583
1996-05-25 18:40:00,,-26.583
1996-05-25 19:00:00,,-26.582
1996-05-25 19:20:00,,-26.58
1996-05-25 19:40:00,,-26.58
1996-05-25 20:00:00,,-26.579
1996-05-25 20:20:00,,-26.578
1996-05-25 21:00:00,,-26.578
1996-05-25 21:20:00,,-26.577
1996-05-25 21:40:00,,-26.576
1996-05-25 22:00:00,,-26.573
1996-05-25 22:20:00,,-26.572
1996-05-25 22:40:00,,-26.572
1996-05-25 23:00:00,,-26.573
1996-05-26 00:20:00,,-26.616
1996-05-26 00:40:00,,-26.624
1996-05-26 01:00:00,,-26.626
1996-05-26 02:00:00,,-26.626
1996-05-26 02:20:00,,-26.625
1996-05-26 02:40:00,,-26.621
1996-05-26 03:00:00,,-26.618
1996-05-26 03:20:00,,-26.616
1996-05-26 03:40:00,,-26.614
1996-05-26 04:00:00,,-26.612
1996-05-26 05:40:00,,-26.605
1996-05-26 06:20:00,,-26.605
1996-05-26 06:40:00,,-26.604
1996-05-26 07:40:00,,-26.604
1996-05-26 09:00:00,,-26.601
1996-05-26 10:20:00,,-26.599
1996-05-26 11:40:00,,-26.592
1996-05-26 12:00:00,,-26.591
1996-05-26 14:00:00,,-26.591
1996-05-26 14:20:00,,-26.594
1996-05-26 14:40:00,,-26.597
1996-05-26 15:00:00,,-26.6
1996-05-26 16:20:00,,-26.619
1996-05-26 16:40:00,,-26.624
1996-05-26 17:00:00,,-26.628
1996-05-26 17:20:00,,-26.633
1996-05-26 17:40:00,,-26.652
1996-05-26 18:00:00,,-26.684
1996-05-26 18:20:00,,-26.708
1996-05-26 18:40:00,,-26.725
1996-05-26 19:00:00,,-26.738
1996-05-26 19:20:00,,-26.747
1996-05-26 19:40:00,,-26.754
1996-05-26 20:00:00,,-26.759
1996-05-26 20:20:00,,-26.763
1996-05-26 20:40:00,,-26.765
1996-05-26 21:00:00,,-26.766
1996-05-26 21:20:00,,-26.77
1996-05-26 22:00:00,,-26.77
1996-05-26 22:20:00,,-26.772
1996-05-26 22:40:00,,-26.778
1996-05-26 23:00:00,,-26.789
1996-05-26 23:20:00,,-26.801
1996-05-26 23:40:00,,-26.813
1996-05-27 00:00:00,,-26.826
1996-05-27 00:20:00,,-26.836
1996-05-27 00:40:00,,-26.844
1996-05-27 01:00:00,,-26.847
1996-05-27 02:00:00,,-26.847
1996-05-27 02:20:00,,-26.846
1996-05-27 02:40:00,,-26.844
1996-05-27 03:00:00,,-26.84
1996-05-27 03:20:00,,-26.838
1996-05-27 03:40:00,,-26.837
1996-05-27 04:00:00,,-26.837
1996-05-27 04:20:00,,-26.836
1996-05-27 04:40:00,,-26.835
1996-05-27 10:40:00,,-26.835
1996-05-27 11:00:00,,-26.833
1996-05-27 11:20:00,,-26.83
1996-05-27 12:40:00,,-26.816
1996-05-27 14:20:00,,-26.801
1996-05-27 16:20:00,,-26.792
1996-05-27 17:40:00,,-26.789
1996-05-27 23:00:00,,-26.789
1996-05-27 23:20:00,,-26.801
1996-05-27 23:40:00,,-26.813
1996-05-28 00:00:00,,-26.824
1996-05-28 00:20:00,,-26.834
1996-05-28 00:40:00,,-26.842
1996-05-28 01:00:00,,-26.844
1996-05-28 02:00:00,,-26.844
1996-05-28 02:20:00,,-26.843
1996-05-28 02:40:00,,-26.839
1996-05-28 03:00:00,,-26.836
1996-05-28 03:20:00,,-26.835
1996-05-28 03:40:00,,-26.833
1996-05-28 04:00:00,,-26.832
1996-05-28 04:20:00,,-26.832
1996-05-28 04:40:00,,-26.831
1996-05-28 09:20:00,,-26.831
1996-05-28 09:40:00,,-26.832
1996-05-28 10:00:00,,-26.832
1996-05-28 10:20:00,,-26.834
1996-05-28 10:40:00,,-26.835
1996-05-28 11:00:00,,-26.836
1996-05-28 11:20:00,,-26.838
1996-05-28 13:00:00,,-26.853
1996-05-28 13:20:00,,-26.858
1996-05-28 13:40:00,,-26.866
1996-05-28 14:00:00,,-26.878
1996-05-28 14:20:00,,-26.894
1996-05-28 14:40:00,,-26.912
1996-05-28 15:00:00,,-26.93
1996-05-28 15:20:00,,-26.948
1996-05-28 15:40:00,,-26.962
1996-05-28 16:00:00,,-26.972
1996-05-28 16:20:00,,-26.978
1996-05-28 16:40:00,,-26.98
1996-05-28 17:00:00,,-26.981
1996-05-28 19:00:00,,-26.981
1996-05-28 19:20:00,,-26.98
1996-05-28 19:40:00,,-26.976
1996-05-28 21:00:00,,-26.964
1996-05-28 21:20:00,,-26.96
1996-05-28 21:40:00,,-26.957
1996-05-28 22:00:00,,-26.953
1996-05-28 22:20:00,,-26.951
1996-05-28 22:40:00,,-26.95
1996-05-28 23:00:00,,-26.95
1996-05-28 23:20:00,,-26.954
1996-05-28 23:40:00,,-26.963
1996-05-29 00:00:00,,-26.973
1996-05-29 00:20:00,,-26.981
1996-05-29 00:40:00,,-26.988
1996-05-29 01:00:00,,-26.989
1996-05-29 01:40:00,,-26.989
1996-05-29 02:00:00,,-26.984
1996-05-29 02:20:00,,-26.977
1996-05-29 02:40:00,,-26.971
1996-05-29 03:00:00,,-26.967
1996-05-29 03:20:00,,-26.963
1996-05-29 03:40:00,,-26.96
1996-05-29 04:00:00,,-26.957
1996-05-29 04:20:00,,-26.952
1996-05-29 06:00:00,,-26.945
1996-05-29 06:20:00,,-26.945
1996-05-29 06:40:00,,-26.944
1996-05-29 07:20:00,,-26.944
1996-05-29 07:40:00,,-26.925
1996-05-29 08:00:00,,-26.901
1996-05-29 08:20:00,,-26.885
1996-05-29 08:40:00,,-26.871
1996-05-29 09:00:00,,-26.859
1996-05-29 09:20:00,,-26.851
1996-05-29 09:40:00,,-26.842
1996-05-29 10:00:00,,-26.833
1996-05-29 10:20:00,,-26.823
1996-05-29 10:40:00,,-26.815
1996-05-29 11:00:00,,-26.808
1996-05-29 11:20:00,,-26.8
1996-05-29 11:40:00,,-26.791
1996-05-29 12:00:00,,-26.784
1996-05-29 12:20:00,,-26.775
1996-05-29 12:40:00,,-26.766
1996-05-29 13:00:00,,-26.759
1996-05-29 13:20:00,,-26.751
1996-05-29 13:40:00,,-26.743
1996-05-29 14:00:00,,-26.735
1996-05-29 14:20:00,,-26.728
1996-05-29 14:40:00,,-26.722
1996-05-29 15:00:00,,-26.716
1996-05-29 15:20:00,,-26.71
1996-05-29 16:40:00,,-26.692
1996-05-29 17:00:00,,-26.69
1996-05-29 17:20:00,,-26.688
1996-05-29 17:40:00,,-26.684
1996-05-29 18:00:00,,-26.681
1996-05-29 18:20:00,,-26.677
1996-05-29 18:40:00,,-26.677
1996-05-29 19:00:00,,-26.674
1996-05-29 19:20:00,,-26.669
1996-05-29 19:40:00,,-26.682
1996-05-29 20:00:00,,-26.706
1996-05-29 20:20:00,,-26.725
1996-05-29 20:40:00,,-26.737
1996-05-29 21:00:00,,-26.746
1996-05-29 21:20:00,,-26.754
1996-05-29 21:40:00,,-26.758
1996-05-29 22:00:00,,-26.762
1996-05-29 22:20:00,,-26.765
1996-05-29 22:40:00,,-26.773
1996-05-29 23:00:00,,-26.785
1996-05-30 00:20:00,,-26.837
1996-05-30 00:40:00,,-26.847
1996-05-30 01:00:00,,-26.85
1996-05-30 01:20:00,,-26.851
1996-05-30 02:00:00,,-26.851
1996-05-30 02:20:00,,-26.85
1996-05-30 02:40:00,,-26.847
1996-05-30 03:00:00,,-26.845
1996-05-30 03:20:00,,-26.843
1996-05-30 03:40:00,,-26.841
1996-05-30 04:00:00,,-26.84
1996-05-30 08:00:00,,-26.84
1996-05-30 08:20:00,,-26.842
1996-05-30 08:40:00,,-26.844
1996-05-30 09:00:00,,-26.845
1996-05-30 09:20:00,,-26.845
1996-05-30 09:40:00,,-26.847
1996-05-30 10:00:00,,-26.847
1996-05-30 10:20:00,,-26.848
1996-05-30 12:00:00,,-26.848
1996-05-30 12:20:00,,-26.845
1996-05-30 12:40:00,,-26.84
1996-05-30 13:00:00,,-26.837
1996-05-30 13:20:00,,-26.834
1996-05-30 13:40:00,,-26.829
1996-05-30 14:00:00,,-26.825
1996-05-30 14:20:00,,-26.822
1996-05-30 14:40:00,,-26.817
1996-05-30 15:00:00,,-26.815
1996-05-30 15:20:00,,-26.813
1996-05-30 15:40:00,,-26.81
1996-05-30 16:00:00,,-26.802
1996-05-30 16:20:00,,-26.772
1996-05-30 16:40:00,,-26.749
1996-05-30 17:00:00,,-26.732
1996-05-30 17:20:00,,-26.719
1996-05-30 17:40:00,,-26.709
1996-05-30 18:00:00,,-26.701
1996-05-30 18:20:00,,-26.694
1996-05-30 18:40:00,,-26.688
1996-05-30 20:00:00,,-26.674
1996-05-30 21:20:00,,-26.66
1996-05-30 21:40:00,,-26.658
1996-05-30 22:00:00,,-26.656
1996-05-30 22:20:00,,-26.653
1996-05-30 23:00:00,,-26.653
1996-05-30 23:20:00,,-26.655
1996-05-30 23:40:00,,-26.664
1996-05-31 00:00:00,,-26.673
1996-05-31 00:20:00,,-26.68
1996-05-31 00:40:00,,-26.686
1996-05-31 01:00:00,,-26.687
1996-05-31 01:20:00,,-26.687
1996-05-31 01:40:00,,-26.685
1996-05-31 02:00:00,,-26.677
1996-05-31 02:20:00,,-26.669
1996-05-31 03:40:00,,-26.645
1996-05-31 04:00:00,,-26.641
1996-05-31 04:20:00,,-26.637
1996-05-31 04:40:00,,-26.633
1996-05-31 05:00:00,,-26.631
1996-05-31 05:20:00,,-26.627
1996-05-31 05:40:00,,-26.625
1996-05-31 06:00:00,,-26.624
1996-05-31 06:20:00,,-26.623
1996-05-31 06:40:00,,-26.622
1996-05-31 07:00:00,,-26.619
1996-05-31 07:20:00,,-26.64
1996-05-31 07:40:00,,-26.666
1996-05-31 08:00:00,,-26.683
1996-05-31 08:20:00,,-26.696
1996-05-31 08:40:00,,-26.708
1996-05-31 09:00:00,,-26.716
1996-05-31 09:20:00,,-26.724
1996-05-31 09:40:00,,-26.73
1996-05-31 10:00:00,,-26.736
1996-05-31 10:20:00,,-26.74
1996-05-31 10:40:00,,-26.742
1996-05-31 11:00:00,,-26.744
1996-05-31 13:40:00,,-26.744
1996-05-31 15:00:00,,-26.734
1996-05-31 15:20:00,,-26.733
1996-05-31 17:20:00,,-26.733
1996-05-31 17:40:00,,-26.738
1996-05-31 18:00:00,,-26.741
1996-05-31 18:20:00,,-26.744
1996-05-31 18:40:00,,-26.746
1996-05-31 19:00:00,,-26.748
1996-05-31 19:20:00,,-26.751
1996-05-31 19:40:00,,-26.725
1996-05-31 20:00:00,,-26.706
1996-05-31 20:20:00,,-26.693
1996-05-31 20:40:00,,-26.682
1996-05-31 21:00:00,,-26.675
1996-05-31 21:20:00,,-26.668
1996-05-31 21:40:00,,-26.661
1996-05-31 22:00:00,,-26.656
1996-05-31 22:20:00,,-26.651
1996-05-31 22:40:00,,-26.65
1996-05-31 23:20:00,,-26.65
1996-05-31 23:40:00,,-26.657
1996-06-01 00:00:00,,-26.665
1996-06-01 00:20:00,,-26.672
1996-06-01 00:40:00,,-26.677
1996-06-01 01:00:00,,-26.678
1996-06-01 01:20:00,,-26.678
1996-06-01 01:40:00,,-26.677
1996-06-01 02:00:00,,-26.669
1996-06-01 02:20:00,,-26.661
1996-06-01 02:40:00,,-26.653
1996-06-01 03:00:00,,-26.646
1996-06-01 03:20:00,,-26.64
1996-06-01 03:40:00,,-26.634
1996-06-01 04:00:00,,-26.63
1996-06-01 04:20:00,,-26.625
1996-06-01 04:40:00,,-26.62
1996-06-01 05:00:00,,-26.617
1996-06-01 05:20:00,,-26.613
1996-06-01 05:40:00,,-26.61
1996-06-01 06:00:00,,-26.608
1996-06-01 06:20:00,,-26.606
1996-06-01 06:40:00,,-26.604
1996-06-01 08:00:00,,-26.601
1996-06-01 10:00:00,,-26.601
1996-06-01 10:20:00,,-26.6
1996-06-01 12:20:00,,-26.6
1996-06-01 12:40:00,,-26.628
1996-06-01 13:00:00,,-26.654
1996-06-01 13:20:00,,-26.674
1996-06-01 13:40:00,,-26.688
1996-06-01 14:00:00,,-26.7
1996-06-01 14:20:00,,-26.71
1996-06-01 14:40:00,,-26.719
1996-06-01 15:00:00,,-26.727
1996-06-01 15:20:00,,-26.735
1996-06-01 15:40:00,,-26.742
1996-06-01 16:00:00,,-26.75
1996-06-01 16:20:00,,-26.756
1996-06-01 16:40:00,,-26.763
1996-06-01 17:00:00,,-26.77
1996-06-01 17:20:00,,-26.778
1996-06-01 17:40:00,,-26.785
1996-06-01 18:00:00,,-26.775
1996-06-01 18:20:00,,-26.759
1996-06-01 18:40:00,,-26.749
1996-06-01 19:00:00,,-26.743
1996-06-01 19:20:00,,-26.739
1996-06-01 21:20:00,,-26.721
1996-06-01 21:40:00,,-26.717
1996-06-01 22:00:00,,-26.712
1996-06-01 22:20:00,,-26.708
1996-06-01 22:40:00,,-26.706
1996-06-01 23:20:00,,-26.706
1996-06-01 23:40:00,,-26.714
1996-06-02 00:00:00,,-26.721
1996-06-02 00:20:00,,-26.728
1996-06-02 00:40:00,,-26.733
1996-06-02 01:00:00,,-26.734
1996-06-02 01:20:00,,-26.734
1996-06-02 01:40:00,,-26.73
1996-06-02 03:00:00,,-26.693
1996-06-02 03:20:00,,-26.685
1996-06-02 03:40:00,,-26.677
1996-06-02 04:00:00,,-26.67
1996-06-02 04:20:00,,-26.664
1996-06-02 04:40:00,,-26.658
1996-06-02 05:00:00,,-26.652
1996-06-02 05:20:00,,-26.649
1996-06-02 05:40:00,,-26.645
1996-06-02 07:00:00,,-26.633
1996-06-02 07:20:00,,-26.632
1996-06-02 07:40:00,,-26.631
1996-06-02 08:00:00,,-26.629
1996-06-02 09:20:00,,-26.629
1996-06-02 09:40:00,,-26.626
1996-06-02 13:00:00,,-26.626
1996-06-02 13:20:00,,-26.628
1996-06-02 13:40:00,,-26.628
1996-06-02 15:00:00,,-26.634
1996-06-02 15:20:00,,-26.634
1996-06-02 15:40:00,,-26.636
1996-06-02 16:00:00,,-26.636
1996-06-02 16:20:00,,-26.638
1996-06-02 16:40:00,,-26.639
1996-06-02 17:00:00,,-26.64
1996-06-02 18:20:00,,-26.648
1996-06-02 18:40:00,,-26.649
1996-06-02 19:00:00,,-26.65
1996-06-02 21:20:00,,-26.65
1996-06-02 21:40:00,,-26.649
1996-06-02 22:00:00,,-26.646
1996-06-02 22:20:00,,-26.643
1996-06-02 23:00:00,,-26.643
1996-06-02 23:20:00,,-26.646
1996-06-02 23:40:00,,-26.656
1996-06-03 00:00:00,,-26.666
1996-06-03 00:20:00,,-26.675
1996-06-03 00:40:00,,-26.682
1996-06-03 01:00:00,,-26.684
1996-06-03 01:40:00,,-26.684
1996-06-03 02:00:00,,-26.679
1996-06-03 02:20:00,,-26.671
1996-06-03 02:40:00,,-26.664
1996-06-03 03:00:00,,-26.658
1996-06-03 03:20:00,,-26.652
1996-06-03 03:40:00,,-26.647
1996-06-03 04:00:00,,-26.64
1996-06-03 04:20:00,,-26.635
1996-06-03 04:40:00,,-26.63
1996-06-03 05:00:00,,-26.625
1996-06-03 05:20:00,,-26.621
1996-06-03 05:40:00,,-26.618
1996-06-03 06:00:00,,-26.616
1996-06-03 06:20:00,,-26.613
1996-06-03 06:40:00,,-26.61
1996-06-03 07:00:00,,-26.609
1996-06-03 07:20:00,,-26.607
1996-06-03 08:00:00,,-26.607
1996-06-03 08:20:00,,-26.606
1996-06-03 11:20:00,,-26.606
1996-06-03 11:40:00,,-26.604
1996-06-03 12:00:00,,-26.601
1996-06-03 12:20:00,,-26.597
1996-06-03 12:40:00,,-26.595
1996-06-03 13:00:00,,-26.587
1996-06-03 13:20:00,,-26.583
1996-06-03 13:40:00,,-26.578
1996-06-03 14:00:00,,-26.573
1996-06-03 14:20:00,,-26.569
1996-06-03 14:40:00,,-26.566
1996-06-03 15:00:00,,-26.561
1996-06-03 15:20:00,,-26.556
1996-06-03 15:40:00,,-26.552
1996-06-03 16:00:00,,-26.547
1996-06-03 16:20:00,,-26.543
1996-06-03 17:40:00,,-26.529
1996-06-03 18:00:00,,-26.527
1996-06-03 18:20:00,,-26.524
1996-06-03 18:40:00,,-26.523
1996-06-03 19:00:00,,-26.522
1996-06-03 19:20:00,,-26.52
1996-06-03 20:00:00,,-26.52
1996-06-03 20:20:00,,-26.519
1996-06-03 21:40:00,,-26.519
1996-06-03 22:00:00,,-26.518
1996-06-03 23:00:00,,-26.518
1996-06-04 00:20:00,,-26.566
1996-06-04 00:40:00,,-26.576
1996-06-04 01:00:00,,-26.581
1996-06-04 02:00:00,,-26.581
1996-06-04 02:20:00,,-26.577
1996-06-04 02:40:00,,-26.571
1996-06-04 03:00:00,,-26.567
1996-06-04 03:20:00,,-26.563
1996-06-04 03:40:00,,-26.559
1996-06-04 04:00:00,,-26.554
1996-06-04 05:20:00,,-26.54
1996-06-04 06:40:00,,-26.532
1996-06-04 07:00:00,,-26.531
1996-06-04 07:40:00,,-26.531
1996-06-04 08:00:00,,-26.53
1996-06-04 11:00:00,,-26.53
1996-06-04 12:40:00,,-26.54
1996-06-04 13:00:00,,-26.543
1996-06-04 13:20:00,,-26.546
1996-06-04 13:40:00,,-26.548
1996-06-04 14:00:00,,-26.551
1996-06-04 14:20:00,,-26.554
1996-06-04 14:40:00,,-26.557
1996-06-04 15:00:00,,-26.56
1996-06-04 16:40:00,,-26.571
1996-06-04 17:00:00,,-26.573
1996-06-04 17:20:00,,-26.6
1996-06-04 17:40:00,,-26.629
1996-06-04 18:00:00,,-26.651
1996-06-04 18:20:00,,-26.668
1996-06-04 18:40:00,,-26.681
1996-06-04 19:00:00,,-26.694
1996-06-04 19:20:00,,-26.704
1996-06-04 19:40:00,,-26.713
1996-06-04 20:00:00,,-26.722
1996-06-04 20:20:00,,-26.73
1996-06-04 20:40:00,,-26.739
1996-06-04 21:00:00,,-26.747
1996-06-04 21:20:00,,-26.755
1996-06-04 21:40:00,,-26.761
1996-06-04 22:00:00,,-26.768
1996-06-04 22:20:00,,-26.774
1996-06-04 22:40:00,,-26.782
1996-06-04 23:00:00,,-26.794
1996-06-04 23:20:00,,-26.808
1996-06-04 23:40:00,,-26.822
1996-06-05 00:00:00,,-26.836
1996-06-05 00:20:00,,-26.849
1996-06-05 00:40:00,,-26.859
1996-06-05 01:00:00,,-26.865
1996-06-05 01:20:00,,-26.867
1996-06-05 02:20:00,,-26.867
1996-06-05 02:40:00,,-26.862
1996-06-05 03:00:00,,-26.857
1996-06-05 03:20:00,,-26.853
1996-06-05 03:40:00,,-26.849
1996-06-05 04:00:00,,-26.845
1996-06-05 04:20:00,,-26.843
1996-06-05 04:40:00,,-26.839
1996-06-05 05:00:00,,-26.837
1996-06-05 05:20:00,,-26.827
1996-06-05 05:40:00,,-26.795
1996-06-05 06:00:00,,-26.769
1996-06-05 06:20:00,,-26.751
1996-06-05 06:40:00,,-26.735
1996-06-05 07:00:00,,-26.725
1996-06-05 07:20:00,,-26.715
1996-06-05 07:40:00,,-26.706
1996-06-05 08:00:00,,-26.698
1996-06-05 08:20:00,,-26.692
1996-06-05 08:40:00,,-26.685
1996-06-05 09:00:00,,-26.679
1996-06-05 09:20:00,,-26.675
1996-06-05 09:40:00,,-26.671
1996-06-05 10:00:00,,-26.668
1996-06-05 10:20:00,,-26.665
1996-06-05 10:40:00,,-26.66
1996-06-05 11:00:00,,-26.657
1996-06-05 11:20:00,,-26.653
1996-06-05 11:40:00,,-26.645
1996-06-05 12:00:00,,-26.641
1996-06-05 12:20:00,,-26.637
1996-06-05 12:40:00,,-26.631
1996-06-05 13:00:00,,-26.625
1996-06-05 13:20:00,,-26.62
1996-06-05 13:40:00,,-26.614
1996-06-05 14:00:00,,-26.607
1996-06-05 14:20:00,,-26.601
1996-06-05 14:40:00,,-26.597
1996-06-05 15:00:00,,-26.593
1996-06-05 15:20:00,,-26.588
1996-06-05 15:40:00,,-26.582
1996-06-05 17:00:00,,-26.564
1996-06-05 17:20:00,,-26.56
1996-06-05 17:40:00,,-26.555
1996-06-05 18:00:00,,-26.552
1996-06-05 18:20:00,,-26.548
1996-06-05 18:40:00,,-26.545
1996-06-05 19:00:00,,-26.543
1996-06-05 19:20:00,,-26.54
1996-06-05 19:40:00,,-26.537
1996-06-05 20:00:00,,-26.535
1996-06-05 20:20:00,,-26.533
1996-06-05 20:40:00,,-26.53
1996-06-05 21:00:00,,-26.528
1996-06-05 21:20:00,,-26.528
1996-06-05 21:40:00,,-26.527
1996-06-05 22:00:00,,-26.524
1996-06-05 22:20:00,,-26.523
1996-06-05 23:00:00,,-26.523
1996-06-05 23:20:00,,-26.53
1996-06-05 23:40:00,,-26.542
1996-06-06 00:00:00,,-26.553
1996-06-06 00:20:00,,-26.564
1996-06-06 00:40:00,,-26.574
1996-06-06 01:00:00,,-26.58
1996-06-06 01:20:00,,-26.581
1996-06-06 02:00:00,,-26.581
1996-06-06 02:20:00,,-26.578
1996-06-06 02:40:00,,-26.572
1996-06-06 03:00:00,,-26.569
1996-06-06 03:20:00,,-26.564
1996-06-06 03:40:00,,-26.56
1996-06-06 04:00:00,,-26.556
1996-06-06 04:20:00,,-26.553
1996-06-06 04:40:00,,-26.549
1996-06-06 05:00:00,,-26.547
1996-06-06 05:20:00,,-26.542
1996-06-06 05:40:00,,-26.54
1996-06-06 06:00:00,,-26.537
1996-06-06 06:20:00,,-26.535
1996-06-06 06:40:00,,-26.531
1996-06-06 07:00:00,,-26.54
1996-06-06 07:20:00,,-26.566
1996-06-06 07:40:00,,-26.574
1996-06-06 08:00:00,,-26.564
1996-06-06 08:20:00,,-26.553
1996-06-06 08:40:00,,-26.546
1996-06-06 09:00:00,,-26.541
1996-06-06 09:20:00,,-26.563
1996-06-06 09:40:00,,-26.582
1996-06-06 10:00:00,,-26.596
1996-06-06 10:20:00,,-26.607
1996-06-06 10:40:00,,-26.614
1996-06-06 11:00:00,,-26.621
1996-06-06 11:20:00,,-26.625
1996-06-06 11:40:00,,-26.628
1996-06-06 13:00:00,,-26.641
1996-06-06 13:20:00,,-26.645
1996-06-06 13:40:00,,-26.65
1996-06-06 14:00:00,,-26.655
1996-06-06 14:20:00,,-26.66
1996-06-06 14:40:00,,-26.664
1996-06-06 15:00:00,,-26.669
1996-06-06 15:20:00,,-26.675
1996-06-06 15:40:00,,-26.68
1996-06-06 16:00:00,,-26.686
1996-06-06 16:20:00,,-26.692
1996-06-06 16:40:00,,-26.698
1996-06-06 17:00:00,,-26.703
1996-06-06 17:20:00,,-26.709
1996-06-06 17:40:00,,-26.713
1996-06-06 18:00:00,,-26.692
1996-06-06 18:20:00,,-26.677
1996-06-06 18:40:00,,-26.667
1996-06-06 19:00:00,,-26.661
1996-06-06 20:20:00,,-26.651
1996-06-06 20:40:00,,-26.649
1996-06-06 21:00:00,,-26.646
1996-06-06 22:20:00,,-26.631
1996-06-06 22:40:00,,-26.629
1996-06-06 23:20:00,,-26.629
1996-06-06 23:40:00,,-26.636
1996-06-07 00:00:00,,-26.645
1996-06-07 00:20:00,,-26.654
1996-06-07 00:40:00,,-26.662
1996-06-07 01:00:00,,-26.665
1996-06-07 01:20:00,,-26.666
1996-06-07 01:40:00,,-26.666
1996-06-07 02:00:00,,-26.662
1996-06-07 02:20:00,,-26.655
1996-06-07 02:40:00,,-26.648
1996-06-07 03:00:00,,-26.643
1996-06-07 03:20:00,,-26.637
1996-06-07 03:40:00,,-26.632
1996-06-07 04:00:00,,-26.627
1996-06-07 04:20:00,,-26.623
1996-06-07 04:40:00,,-26.619
1996-06-07 05:00:00,,-26.614
1996-06-07 05:20:00,,-26.609
1996-06-07 05:40:00,,-26.605
1996-06-07 06:00:00,,-26.602
1996-06-07 06:20:00,,-26.598
1996-06-07 07:40:00,,-26.585
1996-06-07 08:00:00,,-26.582
1996-06-07 09:40:00,,-26.56
1996-06-07 10:00:00,,-26.558
1996-06-07 10:20:00,,-26.387
1996-06-07 10:40:00,,-26.403
1996-06-07 11:00:00,,-26.414
1996-06-07 11:20:00,,-26.422
1996-06-07 11:40:00,,-26.427
1996-06-07 12:00:00,,-26.431
1996-06-07 12:20:00,,-26.434
1996-06-07 12:40:00,,-26.436
1996-06-07 13:00:00,,-26.437
1996-06-07 13:20:00,,-26.438
1996-06-07 13:40:00,,-26.439
1996-06-07 14:00:00,,-26.439
1996-06-07 14:20:00,,-26.443
1996-06-07 14:40:00,,-26.445
1996-06-07 15:00:00,,-26.446
1996-06-07 15:20:00,,-26.443
1996-06-07 15:40:00,,-26.414
1996-06-07 16:00:00,,-26.394
1996-06-07 16:20:00,,-26.379
1996-06-07 16:40:00,,-26.366
1996-06-07 17:00:00,,-26.358
1996-06-07 17:20:00,,-26.352
1996-06-07 17:40:00,,-26.346
1996-06-07 18:00:00,,-26.341
1996-06-07 18:20:00,,-26.335
1996-06-07 18:40:00,,-26.352
1996-06-07 19:00:00,,-26.373
1996-06-07 19:20:00,,-26.388
1996-06-07 19:40:00,,-26.399
1996-06-07 20:00:00,,-26.406
1996-06-07 20:20:00,,-26.412
1996-06-07 20:40:00,,-26.418
1996-06-07 21:00:00,,-26.422
1996-06-07 21:20:00,,-26.426
1996-06-07 21:40:00,,-26.429
1996-06-07 22:00:00,,-26.433
1996-06-07 22:20:00,,-26.435
1996-06-07 22:40:00,,-26.439
1996-06-07 23:00:00,,-26.449
1996-06-07 23:20:00,,-26.463
1996-06-07 23:40:00,,-26.478
1996-06-08 00:00:00,,-26.493
1996-06-08 00:20:00,,-26.507
1996-06-08 00:40:00,,-26.519
1996-06-08 01:00:00,,-26.529
1996-06-08 01:20:00,,-26.533
1996-06-08 12:00:00,,-26.533
1996-06-08 12:20:00,,-26.532
1996-06-08 12:40:00,,-26.53
1996-06-08 13:00:00,,-26.527
1996-06-08 13:20:00,,-26.524
1996-06-08 13:40:00,,-26.52
1996-06-08 15:00:00,,-26.511
1996-06-08 15:20:00,,-26.51
1996-06-08 15:40:00,,-26.509
1996-06-08 16:00:00,,-26.508
1996-06-08 16:20:00,,-26.506
1996-06-08 17:20:00,,-26.506
1996-06-08 17:40:00,,-26.505
1996-06-08 18:00:00,,-26.505
1996-06-08 18:20:00,,-26.504
1996-06-08 21:40:00,,-26.504
1996-06-08 22:00:00,,-26.503
1996-06-08 22:20:00,,-26.502
1996-06-08 23:00:00,,-26.502
1996-06-08 23:20:00,,-26.513
1996-06-08 23:40:00,,-26.525
1996-06-09 00:00:00,,-26.537
1996-06-09 00:20:00,,-26.549
1996-06-09 00:40:00,,-26.56
1996-06-09 01:00:00,,-26.567
1996-06-09 01:20:00,,-26.568
1996-06-09 02:40:00,,-26.568
1996-06-09 03:00:00,,-26.567
1996-06-09 03:20:00,,-26.564
1996-06-09 03:40:00,,-26.563
1996-06-09 04:20:00,,-26.563
1996-06-09 04:40:00,,-26.562
1996-06-09 09:40:00,,-26.562
1996-06-09 11:00:00,,-26.553
1996-06-09 13:20:00,,-26.535
1996-06-09 13:40:00,,-26.535
1996-06-09 14:00:00,,-26.531
1996-06-09 14:20:00,,-26.531
1996-06-09 14:40:00,,-26.53
1996-06-09 15:00:00,,-26.529
1996-06-09 15:20:00,,-26.528
1996-06-09 16:00:00,,-26.528
1996-06-09 16:20:00,,-26.527
1996-06-09 22:40:00,,-26.527
1996-06-09 23:00:00,,-26.528
1996-06-09 23:20:00,,-26.539
1996-06-09 23:40:00,,-26.551
1996-06-10 00:00:00,,-26.561
1996-06-10 00:20:00,,-26.572
1996-06-10 00:40:00,,-26.583
1996-06-10 01:00:00,,-26.59
1996-06-10 01:20:00,,-26.591
1996-06-10 02:20:00,,-26.591
1996-06-10 03:40:00,,-26.582
1996-06-10 04:00:00,,-26.581
1996-06-10 04:20:00,,-26.58
1996-06-10 04:40:00,,-26.579
1996-06-10 05:00:00,,-26.577
1996-06-10 11:40:00,,-26.577
1996-06-10 12:00:00,,-26.576
1996-06-10 13:40:00,,-26.556
1996-06-10 14:00:00,,-26.553
1996-06-10 14:20:00,,-26.549
1996-06-10 14:40:00,,-26.547
1996-06-10 15:00:00,,-26.545
1996-06-10 15:20:00,,-26.545
1996-06-10 15:40:00,,-26.544
1996-06-10 16:00:00,,-26.543
1996-06-10 16:20:00,,-26.543
1996-06-10 16:40:00,,-26.533
1996-06-10 17:00:00,,-26.503
1996-06-10 17:20:00,,-26.48
1996-06-10 17:40:00,,-26.463
1996-06-10 18:00:00,,-26.45
1996-06-10 18:20:00,,-26.441
1996-06-10 18:40:00,,-26.433
1996-06-10 19:00:00,,-26.426
1996-06-10 19:20:00,,-26.42
1996-06-10 19:40:00,,-26.414
1996-06-10 20:00:00,,-26.41
1996-06-10 20:20:00,,-26.405
1996-06-10 22:00:00,,-26.382
1996-06-10 22:20:00,,-26.377
1996-06-10 22:40:00,,-26.376
1996-06-10 23:20:00,,-26.376
1996-06-10 23:40:00,,-26.384
1996-06-11 00:00:00,,-26.392
1996-06-11 00:20:00,,-26.401
1996-06-11 00:40:00,,-26.408
1996-06-11 01:00:00,,-26.411
1996-06-11 01:40:00,,-26.411
1996-06-11 02:00:00,,-26.408
1996-06-11 02:20:00,,-26.401
1996-06-11 02:40:00,,-26.395
1996-06-11 03:00:00,,-26.391
1996-06-11 03:20:00,,-26.387
1996-06-11 03:40:00,,-26.384
1996-06-11 04:00:00,,-26.382
1996-06-11 04:20:00,,-26.378
1996-06-11 04:40:00,,-26.376
1996-06-11 05:00:00,,-26.372
1996-06-11 05:20:00,,-26.37
1996-06-11 05:40:00,,-26.369
1996-06-11 06:00:00,,-26.368
1996-06-11 06:20:00,,-26.367
1996-06-11 06:40:00,,-26.366
1996-06-11 07:00:00,,-26.364
1996-06-11 08:00:00,,-26.364
1996-06-11 08:20:00,,-26.361
1996-06-11 08:40:00,,-26.36
1996-06-11 10:20:00,,-26.345
1996-06-11 10:40:00,,-26.34
1996-06-11 11:00:00,,-26.336
1996-06-11 14:20:00,,-26.292
1996-06-11 14:40:00,,-26.289
1996-06-11 15:00:00,,-26.285
1996-06-11 15:20:00,,-26.281
1996-06-11 15:40:00,,-26.279
1996-06-11 16:00:00,,-26.277
1996-06-11 16:20:00,,-26.276
1996-06-11 16:40:00,,-26.274
1996-06-11 18:00:00,,-26.269
1996-06-11 18:40:00,,-26.269
1996-06-11 19:00:00,,-26.268
1996-06-11 20:20:00,,-26.268
1996-06-11 20:40:00,,-26.267
1996-06-11 21:00:00,,-26.265
1996-06-11 21:40:00,,-26.265
1996-06-11 22:00:00,,-26.263
1996-06-11 22:20:00,,-26.261
1996-06-11 23:00:00,,-26.261
1996-06-11 23:20:00,,-26.267
1996-06-11 23:40:00,,-26.276
1996-06-12 00:00:00,,-26.287
1996-06-12 00:20:00,,-26.296
1996-06-12 00:40:00,,-26.305
1996-06-12 01:00:00,,-26.308
1996-06-12 01:40:00,,-26.308
1996-06-12 02:00:00,,-26.307
1996-06-12 02:20:00,,-26.302
1996-06-12 02:40:00,,-26.296
1996-06-12 03:00:00,,-26.292
1996-06-12 03:20:00,,-26.288
1996-06-12 03:40:00,,-26.285
1996-06-12 04:00:00,,-26.282
1996-06-12 05:20:00,,-26.273
1996-06-12 05:40:00,,-26.272
1996-06-12 06:00:00,,-26.272
1996-06-12 06:20:00,,-26.271
1996-06-12 11:20:00,,-26.271
1996-06-12 11:40:00,,-26.269
1996-06-12 12:00:00,,-26.264
1996-06-12 12:20:00,,-26.261
1996-06-12 12:40:00,,-26.256
1996-06-12 13:00:00,,-26.252
1996-06-12 13:20:00,,-26.245
1996-06-12 14:40:00,,-26.228
1996-06-12 15:00:00,,-26.226
1996-06-12 15:20:00,,-26.221
1996-06-12 16:40:00,,-26.211
1996-06-12 18:00:00,,-26.206
1996-06-12 18:40:00,,-26.206
1996-06-12 19:00:00,,-26.205
1996-06-12 19:40:00,,-26.205
1996-06-12 20:00:00,,-26.204
1996-06-12 20:20:00,,-26.202
1996-06-12 21:20:00,,-26.202
1996-06-12 21:40:00,,-26.2
1996-06-12 22:00:00,,-26.199
1996-06-12 22:20:00,,-26.198
1996-06-12 23:00:00,,-26.198
1996-06-12 23:20:00,,-26.207
1996-06-12 23:40:00,,-26.218
1996-06-13 00:00:00,,-26.228
1996-06-13 00:20:00,,-26.239
1996-06-13 00:40:00,,-26.248
1996-06-13 01:00:00,,-26.253
1996-06-13 01:40:00,,-26.253
1996-06-13 02:00:00,,-26.252
1996-06-13 02:20:00,,-26.246
1996-06-13 02:40:00,,-26.24
1996-06-13 03:00:00,,-26.237
1996-06-13 03:20:00,,-26.233
1996-06-13 03:40:00,,-26.229
1996-06-13 04:00:00,,-26.226
1996-06-13 04:20:00,,-26.223
1996-06-13 04:40:00,,-26.222
1996-06-13 05:00:00,,-26.221
1996-06-13 05:20:00,,-26.221
1996-06-13 05:40:00,,-26.219
1996-06-13 07:00:00,,-26.219
1996-06-13 07:20:00,,-26.228
1996-06-13 07:40:00,,-26.255
1996-06-13 08:00:00,,-26.277
1996-06-13 08:20:00,,-26.292
1996-06-13 08:40:00,,-26.304
1996-06-13 09:00:00,,-26.313
1996-06-13 09:20:00,,-26.319
1996-06-13 09:40:00,,-26.324
1996-06-13 10:00:00,,-26.329
1996-06-13 10:20:00,,-26.333
1996-06-13 10:40:00,,-26.335
1996-06-13 11:00:00,,-26.337
1996-06-13 12:20:00,,-26.341
1996-06-13 16:00:00,,-26.341
1996-06-13 16:20:00,,-26.316
1996-06-13 16:40:00,,-26.297
1996-06-13 17:00:00,,-26.285
1996-06-13 17:20:00,,-26.28
1996-06-13 17:40:00,,-26.276
1996-06-13 19:00:00,,-26.276
1996-06-13 19:20:00,,-26.278
1996-06-13 19:40:00,,-26.283
1996-06-13 20:00:00,,-26.288
1996-06-13 20:20:00,,-26.293
1996-06-13 20:40:00,,-26.297
1996-06-13 21:00:00,,-26.301
1996-06-13 21:20:00,,-26.306
1996-06-13 21:40:00,,-26.311
1996-06-13 22:00:00,,-26.315
1996-06-13 22:20:00,,-26.318
1996-06-13 22:40:00,,-26.322
1996-06-13 23:00:00,,-26.331
1996-06-13 23:20:00,,-26.342
1996-06-13 23:40:00,,-26.353
1996-06-14 00:00:00,,-26.363
1996-06-14 00:20:00,,-26.371
1996-06-14 00:40:00,,-26.378
1996-06-14 01:00:00,,-26.381
1996-06-14 01:40:00,,-26.381
1996-06-14 02:00:00,,-26.372
1996-06-14 02:20:00,,-26.364
1996-06-14 02:40:00,,-26.354
1996-06-14 03:00:00,,-26.347
1996-06-14 03:20:00,,-26.34
1996-06-14 03:40:00,,-26.333
1996-06-14 04:00:00,,-26.327
1996-06-14 04:20:00,,-26.321
1996-06-14 04:40:00,,-26.316
1996-06-14 05:00:00,,-26.312
1996-06-14 05:20:00,,-26.308
1996-06-14 05:40:00,,-26.304
1996-06-14 06:00:00,,-26.301
1996-06-14 06:20:00,,-26.301
1996-06-14 06:40:00,,-26.328
1996-06-14 07:00:00,,-26.348
1996-06-14 07:20:00,,-26.363
1996-06-14 07:40:00,,-26.373
1996-06-14 08:00:00,,-26.382
1996-06-14 08:20:00,,-26.389
1996-06-14 08:40:00,,-26.396
1996-06-14 09:00:00,,-26.401
1996-06-14 09:20:00,,-26.407
1996-06-14 09:40:00,,-26.411
1996-06-14 10:00:00,,-26.415
1996-06-14 10:20:00,,-26.419
1996-06-14 10:40:00,,-26.421
1996-06-14 11:00:00,,-26.423
1996-06-14 11:20:00,,-26.423
1996-06-14 11:40:00,,-26.424
1996-06-14 13:00:00,,-26.424
1996-06-14 13:20:00,,-26.423
1996-06-14 13:40:00,,-26.42
1996-06-14 14:00:00,,-26.417
1996-06-14 14:20:00,,-26.414
1996-06-14 14:40:00,,-26.412
1996-06-14 15:00:00,,-26.409
1996-06-14 15:20:00,,-26.407
1996-06-14 16:40:00,,-26.402
1996-06-14 19:20:00,,-26.402
1996-06-14 19:40:00,,-26.403
1996-06-14 20:00:00,,-26.405
1996-06-14 20:20:00,,-26.407
1996-06-14 20:40:00,,-26.409
1996-06-14 22:00:00,,-26.414
1996-06-14 22:20:00,,-26.415
1996-06-14 22:40:00,,-26.419
1996-06-14 23:00:00,,-26.427
1996-06-14 23:20:00,,-26.439
1996-06-14 23:40:00,,-26.45
1996-06-15 00:00:00,,-26.463
1996-06-15 00:20:00,,-26.475
1996-06-15 00:40:00,,-26.486
1996-06-15 01:00:00,,-26.493
1996-06-15 01:20:00,,-26.494
1996-06-15 02:00:00,,-26.494
1996-06-15 02:20:00,,-26.493
1996-06-15 02:40:00,,-26.487
1996-06-15 03:00:00,,-26.484
1996-06-15 03:20:00,,-26.482
1996-06-15 03:40:00,,-26.479
1996-06-15 04:00:00,,-26.477
1996-06-15 04:20:00,,-26.474
1996-06-15 04:40:00,,-26.473
1996-06-15 05:00:00,,-26.472
1996-06-15 05:20:00,,-26.472
1996-06-15 05:40:00,,-26.471
1996-06-15 11:20:00,,-26.471
1996-06-15 11:40:00,,-26.469
1996-06-15 12:00:00,,-26.466
1996-06-15 12:20:00,,-26.463
1996-06-15 12:40:00,,-26.46
1996-06-15 13:00:00,,-26.456
1996-06-15 13:20:00,,-26.453
1996-06-15 14:40:00,,-26.442
1996-06-15 15:00:00,,-26.441
1996-06-15 15:20:00,,-26.438
1996-06-15 15:40:00,,-26.437
1996-06-15 16:00:00,,-26.434
1996-06-15 17:20:00,,-26.43
1996-06-15 19:00:00,,-26.43
1996-06-15 19:20:00,,-26.413
1996-06-15 19:40:00,,-26.388
1996-06-15 20:00:00,,-26.371
1996-06-15 20:20:00,,-26.357
1996-06-15 20:40:00,,-26.348
1996-06-15 21:00:00,,-26.34
1996-06-15 21:20:00,,-26.334
1996-06-15 21:40:00,,-26.329
1996-06-15 22:00:00,,-26.324
1996-06-15 22:20:00,,-26.318
1996-06-15 22:40:00,,-26.317
1996-06-15 23:20:00,,-26.317
1996-06-15 23:40:00,,-26.325
1996-06-16 00:00:00,,-26.335
1996-06-16 00:20:00,,-26.342
1996-06-16 00:40:00,,-26.349
1996-06-16 01:00:00,,-26.353
1996-06-16 01:40:00,,-26.353
1996-06-16 02:00:00,,-26.347
1996-06-16 02:20:00,,-26.338
1996-06-16 02:40:00,,-26.33
1996-06-16 03:00:00,,-26.322
1996-06-16 03:20:00,,-26.315
1996-06-16 03:40:00,,-26.306
1996-06-16 04:00:00,,-26.299
1996-06-16 04:20:00,,-26.292
1996-06-16 04:40:00,,-26.285
1996-06-16 05:00:00,,-26.279
1996-06-16 05:20:00,,-26.274
1996-06-16 05:40:00,,-26.268
1996-06-16 06:00:00,,-26.262
1996-06-16 06:20:00,,-26.258
1996-06-16 06:40:00,,-26.254
1996-06-16 07:00:00,,-26.28
1996-06-16 07:20:00,,-26.301
1996-06-16 07:40:00,,-26.316
1996-06-16 08:00:00,,-26.325
1996-06-16 08:20:00,,-26.334
1996-06-16 08:40:00,,-26.341
1996-06-16 09:00:00,,-26.347
1996-06-16 09:20:00,,-26.352
1996-06-16 09:40:00,,-26.356
1996-06-16 10:00:00,,-26.36
1996-06-16 10:20:00,,-26.362
1996-06-16 10:40:00,,-26.365
1996-06-16 11:00:00,,-26.366
1996-06-16 11:20:00,,-26.367
1996-06-16 11:40:00,,-26.369
1996-06-16 15:20:00,,-26.369
1996-06-16 15:40:00,,-26.368
1996-06-16 16:00:00,,-26.365
1996-06-16 17:40:00,,-26.365
1996-06-16 18:00:00,,-26.349
1996-06-16 18:20:00,,-26.322
1996-06-16 18:40:00,,-26.304
1996-06-16 19:00:00,,-26.29
1996-06-16 19:20:00,,-26.28
1996-06-16 19:40:00,,-26.273
1996-06-16 20:00:00,,-26.267
1996-06-16 20:20:00,,-26.262
1996-06-16 20:40:00,,-26.257
1996-06-16 21:00:00,,-26.254
1996-06-16 21:20:00,,-26.25
1996-06-16 21:40:00,,-26.248
1996-06-16 22:00:00,,-26.244
1996-06-16 22:20:00,,-26.242
1996-06-16 22:40:00,,-26.241
1996-06-16 23:00:00,,-26.241
1996-06-16 23:20:00,,-26.247
1996-06-16 23:40:00,,-26.258
1996-06-17 00:00:00,,-26.269
1996-06-17 00:20:00,,-26.279
1996-06-17 00:40:00,,-26.287
1996-06-17 01:00:00,,-26.29
1996-06-17 01:20:00,,-26.291
1996-06-17 01:40:00,,-26.291
1996-06-17 02:00:00,,-26.287
1996-06-17 02:20:00,,-26.28
1996-06-17 02:40:00,,-26.273
1996-06-17 03:00:00,,-26.267
1996-06-17 03:20:00,,-26.262
1996-06-17 03:40:00,,-26.256
1996-06-17 04:00:00,,-26.252
1996-06-17 04:20:00,,-26.247
1996-06-17 04:40:00,,-26.242
1996-06-17 05:00:00,,-26.239
1996-06-17 05:20:00,,-26.235
1996-06-17 05:40:00,,-26.233
1996-06-17 06:00:00,,-26.231
1996-06-17 06:20:00,,-26.229
1996-06-17 06:40:00,,-26.228
1996-06-17 07:00:00,,-26.227
1996-06-17 07:20:00,,-26.226
1996-06-17 10:00:00,,-26.226
1996-06-17 10:20:00,,-26.227
1996-06-17 10:40:00,,-26.231
1996-06-17 11:00:00,,-26.234
1996-06-17 12:20:00,,-26.254
1996-06-17 12:40:00,,-26.258
1996-06-17 13:00:00,,-26.262
1996-06-17 13:20:00,,-26.265
1996-06-17 13:40:00,,-26.268
1996-06-17 14:00:00,,-26.272
1996-06-17 14:20:00,,-26.276
1996-06-17 15:40:00,,-26.286
1996-06-17 16:00:00,,-26.29
1996-06-17 16:20:00,,-26.294
1996-06-17 16:40:00,,-26.298
1996-06-17 18:00:00,,-26.31
1996-06-17 18:20:00,,-26.314
1996-06-17 18:40:00,,-26.318
1996-06-17 19:00:00,,-26.322
1996-06-17 19:20:00,,-26.327
1996-06-17 19:40:00,,-26.332
1996-06-17 20:00:00,,-26.336
1996-06-17 20:20:00,,-26.34
1996-06-17 20:40:00,,-26.344
1996-06-17 21:00:00,,-26.35
1996-06-17 21:20:00,,-26.353
1996-06-17 21:40:00,,-26.357
1996-06-17 22:00:00,,-26.361
1996-06-17 22:20:00,,-26.366
1996-06-17 22:40:00,,-26.372
1996-06-17 23:00:00,,-26.384
1996-06-17 23:20:00,,-26.397
1996-06-17 23:40:00,,-26.411
1996-06-18 00:00:00,,-26.425
1996-06-18 00:20:00,,-26.436
1996-06-18 00:40:00,,-26.445
1996-06-18 01:00:00,,-26.449
1996-06-18 01:40:00,,-26.449
1996-06-18 02:00:00,,-26.442
1996-06-18 02:20:00,,-26.433
1996-06-18 02:40:00,,-26.424
1996-06-18 04:00:00,,-26.393
1996-06-18 05:20:00,,-26.367
1996-06-18 05:40:00,,-26.363
1996-06-18 06:00:00,,-26.358
1996-06-18 06:20:00,,-26.353
1996-06-18 06:40:00,,-26.379
1996-06-18 07:00:00,,-26.397
1996-06-18 07:20:00,,-26.408
1996-06-18 07:40:00,,-26.416
1996-06-18 08:00:00,,-26.423
1996-06-18 08:20:00,,-26.428
1996-06-18 08:40:00,,-26.432
1996-06-18 09:00:00,,-26.435
1996-06-18 09:20:00,,-26.437
1996-06-18 09:40:00,,-26.438
1996-06-18 11:40:00,,-26.45
1996-06-18 12:00:00,,-26.454
1996-06-18 12:20:00,,-26.457
1996-06-18 12:40:00,,-26.462
1996-06-18 13:00:00,,-26.467
1996-06-18 13:20:00,,-26.472
1996-06-18 13:40:00,,-26.476
1996-06-18 14:00:00,,-26.479
1996-06-18 14:20:00,,-26.483
1996-06-18 14:40:00,,-26.488
1996-06-18 15:00:00,,-26.492
1996-06-18 15:20:00,,-26.495
1996-06-18 15:40:00,,-26.498
1996-06-18 16:00:00,,-26.504
1996-06-18 16:20:00,,-26.507
1996-06-18 16:40:00,,-26.512
1996-06-18 17:00:00,,-26.517
1996-06-18 17:20:00,,-26.495
1996-06-18 17:40:00,,-26.48
1996-06-18 18:00:00,,-26.476
1996-06-18 19:00:00,,-26.476
1996-06-18 19:20:00,,-26.477
1996-06-18 23:00:00,,-26.477
1996-06-18 23:20:00,,-26.476
1996-06-18 23:40:00,,-26.474
1996-06-19 00:00:00,,-26.471
1996-06-19 00:20:00,,-26.466
1996-06-19 00:40:00,,-26.46
1996-06-19 01:00:00,,-26.455
1996-06-19 01:20:00,,-26.448
1996-06-19 01:40:00,,-26.441
1996-06-19 02:00:00,,-26.435
1996-06-19 02:20:00,,-26.427
1996-06-19 02:40:00,,-26.42
1996-06-19 03:00:00,,-26.412
1996-06-19 05:00:00,,-26.37
1996-06-19 05:20:00,,-26.364
1996-06-19 05:40:00,,-26.358
1996-06-19 06:00:00,,-26.352
1996-06-19 06:20:00,,-26.347
1996-06-19 06:40:00,,-26.344
1996-06-19 07:00:00,,-26.368
1996-06-19 07:20:00,,-26.385
1996-06-19 07:40:00,,-26.396
1996-06-19 08:00:00,,-26.405
1996-06-19 08:20:00,,-26.412
1996-06-19 08:40:00,,-26.42
1996-06-19 09:00:00,,-26.426
1996-06-19 09:20:00,,-26.432
1996-06-19 09:40:00,,-26.437
1996-06-19 10:00:00,,-26.444
1996-06-19 10:20:00,,-26.454
1996-06-19 10:40:00,,-26.463
1996-06-19 11:00:00,,-26.469
1996-06-19 11:20:00,,-26.474
1996-06-19 13:00:00,,-26.495
1996-06-19 13:20:00,,-26.498
1996-06-19 13:40:00,,-26.502
1996-06-19 14:00:00,,-26.507
1996-06-19 14:20:00,,-26.51
1996-06-19 14:40:00,,-26.514
1996-06-19 15:00:00,,-26.517
1996-06-19 15:20:00,,-26.521
1996-06-19 15:40:00,,-26.526
1996-06-19 16:00:00,,-26.531
1996-06-19 16:20:00,,-26.534
1996-06-19 16:40:00,,-26.54
1996-06-19 17:00:00,,-26.546
1996-06-19 17:20:00,,-26.551
1996-06-19 17:40:00,,-26.555
1996-06-19 18:00:00,,-26.558
1996-06-19 18:20:00,,-26.563
1996-06-19 18:40:00,,-26.568
1996-06-19 19:00:00,,-26.572
1996-06-19 19:20:00,,-26.578
1996-06-19 19:40:00,,-26.56
1996-06-19 20:00:00,,-26.543
1996-06-19 20:20:00,,-26.531
1996-06-19 20:40:00,,-26.523
1996-06-19 21:00:00,,-26.517
1996-06-19 21:20:00,,-26.52
1996-06-19 21:40:00,,-26.546
1996-06-19 22:00:00,,-26.565
1996-06-19 22:20:00,,-26.579
1996-06-19 22:40:00,,-26.593
1996-06-19 23:00:00,,-26.609
1996-06-19 23:20:00,,-26.626
1996-06-19 23:40:00,,-26.644
1996-06-20 00:00:00,,-26.66
1996-06-20 00:20:00,,-26.674
1996-06-20 00:40:00,,-26.686
1996-06-20 01:00:00,,-26.692
1996-06-20 01:20:00,,-26.693
1996-06-20 02:00:00,,-26.693
1996-06-20 02:20:00,,-26.688
1996-06-20 02:40:00,,-26.681
1996-06-20 03:00:00,,-26.675
1996-06-20 03:20:00,,-26.669
1996-06-20 03:40:00,,-26.664
1996-06-20 04:00:00,,-26.659
1996-06-20 04:20:00,,-26.653
1996-06-20 05:40:00,,-26.636
1996-06-20 06:00:00,,-26.632
1996-06-20 06:20:00,,-26.63
1996-06-20 06:40:00,,-26.628
1996-06-20 07:00:00,,-26.625
1996-06-20 07:20:00,,-26.623
1996-06-20 07:40:00,,-26.619
1996-06-20 08:00:00,,-26.617
1996-06-20 08:20:00,,-26.614
1996-06-20 08:40:00,,-26.61
1996-06-20 09:00:00,,-26.607
1996-06-20 09:20:00,,-26.604
1996-06-20 09:40:00,,-26.604
1996-06-20 10:00:00,,-26.603
1996-06-20 10:20:00,,-26.602
1996-06-20 12:00:00,,-26.602
1996-06-20 12:20:00,,-26.598
1996-06-20 12:40:00,,-26.593
1996-06-20 13:00:00,,-26.587
1996-06-20 14:20:00,,-26.569
1996-06-20 16:00:00,,-26.549
1996-06-20 16:20:00,,-26.546
1996-06-20 16:40:00,,-26.542
1996-06-20 17:00:00,,-26.54
1996-06-20 17:20:00,,-26.537
1996-06-20 17:40:00,,-26.534
1996-06-20 19:00:00,,-26.526
1996-06-20 19:20:00,,-26.525
1996-06-20 19:40:00,,-26.523
1996-06-20 20:00:00,,-26.521
1996-06-20 20:20:00,,-26.518
1996-06-20 20:40:00,,-26.517
1996-06-20 21:00:00,,-26.516
1996-06-20 21:20:00,,-26.513
1996-06-20 21:40:00,,-26.513
1996-06-20 22:00:00,,-26.512
1996-06-20 23:00:00,,-26.512
1996-06-20 23:20:00,,-26.521
1996-06-20 23:40:00,,-26.533
1996-06-21 00:00:00,,-26.545
1996-06-21 00:20:00,,-26.558
1996-06-21 00:40:00,,-26.568
1996-06-21 01:00:00,,-26.575
1996-06-21 01:20:00,,-26.577
1996-06-21 02:20:00,,-26.577
1996-06-21 02:40:00,,-26.572
1996-06-21 04:00:00,,-26.559
1996-06-21 05:20:00,,-26.55
1996-06-21 05:40:00,,-26.547
1996-06-21 06:00:00,,-26.545
1996-06-21 06:20:00,,-26.544
1996-06-21 07:40:00,,-26.54
1996-06-21 08:20:00,,-26.54
1996-06-21 09:40:00,,-26.533
1996-06-21 10:00:00,,-26.532
1996-06-21 10:20:00,,-26.53
1996-06-21 12:20:00,,-26.518
1996-06-21 14:20:00,,-26.503
1996-06-21 14:40:00,,-26.501
1996-06-21 15:00:00,,-26.501
1996-06-21 15:20:00,,-26.498
1996-06-21 15:40:00,,-26.496
1996-06-21 16:00:00,,-26.495
1996-06-21 16:20:00,,-26.493
1996-06-21 16:40:00,,-26.49
1996-06-21 17:00:00,,-26.488
1996-06-21 17:20:00,,-26.486
1996-06-21 17:40:00,,-26.486
1996-06-21 19:00:00,,-26.482
1996-06-21 20:20:00,,-26.48
1996-06-21 22:00:00,,-26.48
1996-06-21 22:20:00,,-26.479
1996-06-21 23:00:00,,-26.479
1996-06-21 23:20:00,,-26.486
1996-06-21 23:40:00,,-26.499
1996-06-22 00:00:00,,-26.511
1996-06-22 00:20:00,,-26.523
1996-06-22 00:40:00,,-26.534
1996-06-22 01:00:00,,-26.542
1996-06-22 01:20:00,,-26.544
1996-06-22 02:00:00,,-26.544
1996-06-22 02:20:00,,-26.543
1996-06-22 02:40:00,,-26.538
1996-06-22 03:00:00,,-26.533
1996-06-22 03:20:00,,-26.529
1996-06-22 03:40:00,,-26.523
1996-06-22 04:00:00,,-26.519
1996-06-22 05:20:00,,-26.504
1996-06-22 05:40:00,,-26.5
1996-06-22 06:00:00,,-26.497
1996-06-22 06:20:00,,-26.494
1996-06-22 06:40:00,,-26.492
1996-06-22 07:00:00,,-26.49
1996-06-22 07:20:00,,-26.487
1996-06-22 09:00:00,,-26.482
1996-06-22 09:20:00,,-26.482
1996-06-22 09:40:00,,-26.48
1996-06-22 10:00:00,,-26.479
1996-06-22 10:20:00,,-26.478
1996-06-22 10:40:00,,-26.477
1996-06-22 11:00:00,,-26.475
1996-06-22 11:40:00,,-26.475
1996-06-22 12:00:00,,-26.474
1996-06-22 12:20:00,,-26.474
1996-06-22 14:20:00,,-26.468
1996-06-22 14:40:00,,-26.468
1996-06-22 15:00:00,,-26.466
1996-06-22 15:20:00,,-26.466
1996-06-22 16:40:00,,-26.46
1996-06-22 17:00:00,,-26.46
1996-06-22 17:20:00,,-26.458
1996-06-22 17:40:00,,-26.456
1996-06-22 18:40:00,,-26.456
1996-06-22 19:00:00,,-26.437
1996-06-22 19:20:00,,-26.408
1996-06-22 19:40:00,,-26.406
1996-06-22 20:00:00,,-26.418
1996-06-22 20:20:00,,-26.426
1996-06-22 20:40:00,,-26.433
1996-06-22 21:00:00,,-26.436
1996-06-22 21:20:00,,-26.438
1996-06-22 21:40:00,,-26.441
1996-06-22 22:00:00,,-26.442
1996-06-22 22:20:00,,-26.443
1996-06-22 22:40:00,,-26.445
1996-06-22 23:00:00,,-26.452
1996-06-22 23:20:00,,-26.464
1996-06-22 23:40:00,,-26.477
1996-06-23 00:00:00,,-26.491
1996-06-23 00:20:00,,-26.505
1996-06-23 00:40:00,,-26.518
1996-06-23 01:00:00,,-26.526
1996-06-23 01:20:00,,-26.529
1996-06-23 03:00:00,,-26.529
1996-06-23 03:20:00,,-26.526
1996-06-23 03:40:00,,-26.525
1996-06-23 04:00:00,,-26.523
1996-06-23 04:20:00,,-26.521
1996-06-23 04:40:00,,-26.52
1996-06-23 05:00:00,,-26.519
1996-06-23 05:20:00,,-26.518
1996-06-23 05:40:00,,-26.518
1996-06-23 06:00:00,,-26.517
1996-06-23 08:00:00,,-26.517
1996-06-23 08:20:00,,-26.501
1996-06-23 08:40:00,,-26.472
1996-06-23 09:00:00,,-26.451
1996-06-23 09:20:00,,-26.435
1996-06-23 09:40:00,,-26.422
1996-06-23 10:00:00,,-26.412
1996-06-23 10:20:00,,-26.401
1996-06-23 10:40:00,,-26.393
1996-06-23 11:00:00,,-26.385
1996-06-23 11:20:00,,-26.377
1996-06-23 13:00:00,,-26.346
1996-06-23 14:20:00,,-26.325
1996-06-23 14:40:00,,-26.32
1996-06-23 15:00:00,,-26.317
1996-06-23 15:20:00,,-26.314
1996-06-23 15:40:00,,-26.31
1996-06-23 16:00:00,,-26.306
1996-06-23 16:20:00,,-26.302
1996-06-23 16:40:00,,-26.3
1996-06-23 17:00:00,,-26.296
1996-06-23 17:20:00,,-26.293
1996-06-23 17:40:00,,-26.29
1996-06-23 18:00:00,,-26.287
1996-06-23 18:20:00,,-26.285
1996-06-23 18:40:00,,-26.282
1996-06-23 19:00:00,,-26.279
1996-06-23 19:20:00,,-26.277
1996-06-23 19:40:00,,-26.275
1996-06-23 20:00:00,,-26.271
1996-06-23 20:20:00,,-26.269
1996-06-23 20:40:00,,-26.266
1996-06-23 21:00:00,,-26.263
1996-06-23 21:20:00,,-26.26
1996-06-23 21:40:00,,-26.258
1996-06-23 22:00:00,,-26.257
1996-06-23 22:20:00,,-26.256
1996-06-23 22:40:00,,-26.254
1996-06-23 23:00:00,,-26.254
1996-06-23 23:20:00,,-26.255
1996-06-24 00:40:00,,-26.295
1996-06-24 01:00:00,,-26.301
1996-06-24 01:20:00,,-26.302
1996-06-24 02:00:00,,-26.302
1996-06-24 02:20:00,,-26.3
1996-06-24 02:40:00,,-26.296
1996-06-24 03:00:00,,-26.291
1996-06-24 03:20:00,,-26.288
1996-06-24 03:40:00,,-26.285
1996-06-24 04:00:00,,-26.281
1996-06-24 05:20:00,,-26.272
1996-06-24 05:40:00,,-26.269
1996-06-24 06:00:00,,-26.269
1996-06-24 07:20:00,,-26.263
1996-06-24 07:40:00,,-26.262
1996-06-24 08:00:00,,-26.261
1996-06-24 08:20:00,,-26.258
1996-06-24 08:40:00,,-26.257
1996-06-24 09:20:00,,-26.257
1996-06-24 09:40:00,,-26.265
1996-06-24 10:00:00,,-26.294
1996-06-24 10:20:00,,-26.317
1996-06-24 10:40:00,,-26.334
1996-06-24 11:00:00,,-26.346
1996-06-24 11:20:00,,-26.36
1996-06-24 11:40:00,,-26.37
1996-06-24 12:00:00,,-26.38
1996-06-24 12:20:00,,-26.388
1996-06-24 12:40:00,,-26.397
1996-06-24 13:00:00,,-26.405
1996-06-24 13:20:00,,-26.412
1996-06-24 13:40:00,,-26.42
1996-06-24 14:00:00,,-26.426
1996-06-24 14:20:00,,-26.433
1996-06-24 14:40:00,,-26.439
1996-06-24 15:00:00,,-26.422
1996-06-24 15:20:00,,-26.407
1996-06-24 15:40:00,,-26.398
1996-06-24 16:00:00,,-26.392
1996-06-24 16:20:00,,-26.389
1996-06-24 16:40:00,,-26.388
1996-06-24 17:00:00,,-26.387
1996-06-24 17:20:00,,-26.386
1996-06-24 20:20:00,,-26.386
1996-06-24 20:40:00,,-26.385
1996-06-24 21:00:00,,-26.381
1996-06-24 21:20:00,,-26.375
1996-06-24 21:40:00,,-26.37
1996-06-24 22:00:00,,-26.365
1996-06-24 22:20:00,,-26.361
1996-06-24 22:40:00,,-26.357
1996-06-24 23:20:00,,-26.357
1996-06-24 23:40:00,,-26.358
1996-06-25 00:00:00,,-26.368
1996-06-25 00:20:00,,-26.376
1996-06-25 00:40:00,,-26.383
1996-06-25 01:00:00,,-26.387
1996-06-25 01:40:00,,-26.387
1996-06-25 02:00:00,,-26.385
1996-06-25 02:20:00,,-26.376
1996-06-25 02:40:00,,-26.367
1996-06-25 03:00:00,,-26.36
1996-06-25 03:20:00,,-26.355
1996-06-25 04:40:00,,-26.327
1996-06-25 06:00:00,,-26.309
1996-06-25 06:20:00,,-26.304
1996-06-25 06:40:00,,-26.302
1996-06-25 07:00:00,,-26.296
1996-06-25 07:20:00,,-26.291
1996-06-25 07:40:00,,-26.286
1996-06-25 08:00:00,,-26.282
1996-06-25 08:20:00,,-26.279
1996-06-25 08:40:00,,-26.275
1996-06-25 09:00:00,,-26.274
1996-06-25 09:20:00,,-26.271
1996-06-25 10:00:00,,-26.278
1996-06-25 10:20:00,,-26.277
1996-06-25 10:40:00,,-26.274
1996-06-25 11:00:00,,-26.27
1996-06-25 11:20:00,,-26.269
1996-06-25 11:40:00,,-26.263
1996-06-25 12:00:00,,-26.259
1996-06-25 12:20:00,,-26.256
1996-06-25 12:40:00,,-26.251
1996-06-25 13:00:00,,-26.247
1996-06-25 13:20:00,,-26.245
1996-06-25 13:40:00,,-26.242
1996-06-25 14:00:00,,-26.239
1996-06-25 14:20:00,,-26.236
1996-06-25 14:40:00,,-26.234
1996-06-25 15:00:00,,-26.232
1996-06-25 15:20:00,,-26.231
1996-06-25 15:40:00,,-26.229
1996-06-25 16:00:00,,-26.227
1996-06-25 16:20:00,,-26.225
1996-06-25 16:40:00,,-26.224
1996-06-25 17:00:00,,-26.223
1996-06-25 17:20:00,,-26.223
1996-06-25 17:40:00,,-26.222
1996-06-25 18:00:00,,-26.219
1996-06-25 18:20:00,,-26.245
1996-06-25 18:40:00,,-26.268
1996-06-25 19:00:00,,-26.284
1996-06-25 19:20:00,,-26.296
1996-06-25 19:40:00,,-26.306
1996-06-25 20:00:00,,-26.313
1996-06-25 20:20:00,,-26.32
1996-06-25 20:40:00,,-26.325
1996-06-25 21:00:00,,-26.329
1996-06-25 21:20:00,,-26.333
1996-06-25 21:40:00,,-26.337
1996-06-25 22:00:00,,-26.34
1996-06-25 22:20:00,,-26.342
1996-06-25 22:40:00,,-26.346
1996-06-25 23:00:00,,-26.356
1996-06-25 23:20:00,,-26.368
1996-06-25 23:40:00,,-26.38
1996-06-26 00:00:00,,-26.394
1996-06-26 00:20:00,,-26.408
1996-06-26 00:40:00,,-26.421
1996-06-26 01:00:00,,-26.432
1996-06-26 01:20:00,,-26.436
1996-06-26 01:40:00,,-26.437
1996-06-26 03:40:00,,-26.437
1996-06-26 04:00:00,,-26.436
1996-06-26 11:00:00,,-26.436
1996-06-26 11:20:00,,-26.435
1996-06-26 11:40:00,,-26.433
1996-06-26 12:00:00,,-26.429
1996-06-26 13:20:00,,-26.419
1996-06-26 13:40:00,,-26.416
1996-06-26 14:00:00,,-26.413
1996-06-26 14:20:00,,-26.412
1996-06-26 14:40:00,,-26.41
1996-06-26 15:00:00,,-26.408
1996-06-26 15:20:00,,-26.407
1996-06-26 15:40:00,,-26.406
1996-06-26 16:00:00,,-26.405
1996-06-26 16:20:00,,-26.405
1996-06-26 16:40:00,,-26.404
1996-06-26 23:00:00,,-26.404
1996-06-26 23:20:00,,-26.413
1996-06-26 23:40:00,,-26.424
1996-06-27 00:00:00,,-26.436
1996-06-27 00:20:00,,-26.448
1996-06-27 00:40:00,,-26.458
1996-06-27 01:00:00,,-26.466
1996-06-27 01:20:00,,-26.471
1996-06-27 02:40:00,,-26.471
1996-06-27 03:00:00,,-26.468
1996-06-27 03:20:00,,-26.465
1996-06-27 03:40:00,,-26.464
1996-06-27 04:00:00,,-26.463
1996-06-27 08:40:00,,-26.463
1996-06-27 09:00:00,,-26.464
1996-06-27 12:00:00,,-26.464
1996-06-27 12:20:00,,-26.462
1996-06-27 12:40:00,,-26.459
1996-06-27 13:00:00,,-26.455
1996-06-27 13:20:00,,-26.451
1996-06-27 13:40:00,,-26.449
1996-06-27 14:00:00,,-26.446
1996-06-27 14:20:00,,-26.445
1996-06-27 14:40:00,,-26.442
1996-06-27 15:00:00,,-26.44
1996-06-27 15:20:00,,-26.439
1996-06-27 16:00:00,,-26.439
1996-06-27 16:20:00,,-26.437
1996-06-27 22:40:00,,-26.437
1996-06-27 23:00:00,,-26.439
1996-06-27 23:20:00,,-26.447
1996-06-28 00:40:00,,-26.491
1996-06-28 01:00:00,,-26.499
1996-06-28 01:20:00,,-26.502
1996-06-28 02:00:00,,-26.502
1996-06-28 02:20:00,,-26.501
1996-06-28 02:40:00,,-26.496
1996-06-28 03:00:00,,-26.491
1996-06-28 04:20:00,,-26.475
1996-06-28 04:40:00,,-26.473
1996-06-28 05:00:00,,-26.471
1996-06-28 05:20:00,,-26.469
1996-06-28 05:40:00,,-26.468
1996-06-28 06:00:00,,-26.467
1996-06-28 06:20:00,,-26.466
1996-06-28 10:40:00,,-26.466
1996-06-28 11:00:00,,-26.463
1996-06-28 11:20:00,,-26.461
1996-06-28 11:40:00,,-26.461
1996-06-28 12:00:00,,-26.456
1996-06-28 12:20:00,,-26.454
1996-06-28 12:40:00,,-26.451
1996-06-28 13:00:00,,-26.448
1996-06-28 13:20:00,,-26.445
1996-06-28 13:40:00,,-26.443
1996-06-28 14:00:00,,-26.44
1996-06-28 14:20:00,,-26.439
1996-06-28 14:40:00,,-26.436
1996-06-28 15:00:00,,-26.435
1996-06-28 15:20:00,,-26.433
1996-06-28 16:40:00,,-26.429
1996-06-28 19:40:00,,-26.429
1996-06-28 21:20:00,,-26.434
1996-06-28 21:40:00,,-26.434
1996-06-28 22:00:00,,-26.436
1996-06-28 22:40:00,,-26.436
1996-06-28 23:00:00,,-26.441
1996-06-28 23:20:00,,-26.451
1996-06-28 23:40:00,,-26.462
1996-06-29 00:00:00,,-26.474
1996-06-29 00:20:00,,-26.486
1996-06-29 00:40:00,,-26.497
1996-06-29 01:00:00,,-26.505
1996-06-29 01:20:00,,-26.508
1996-06-29 02:20:00,,-26.508
1996-06-29 02:40:00,,-26.502
1996-06-29 03:00:00,,-26.498
1996-06-29 03:20:00,,-26.495
1996-06-29 03:40:00,,-26.492
1996-06-29 04:00:00,,-26.489
1996-06-29 04:20:00,,-26.487
1996-06-29 04:40:00,,-26.485
1996-06-29 05:00:00,,-26.485
1996-06-29 05:20:00,,-26.484
1996-06-29 07:40:00,,-26.484
1996-06-29 09:00:00,,-26.489
1996-06-29 09:20:00,,-26.489
1996-06-29 09:40:00,,-26.49
1996-06-29 11:40:00,,-26.49
1996-06-29 12:00:00,,-26.489
1996-06-29 12:20:00,,-26.486
1996-06-29 12:40:00,,-26.484
1996-06-29 13:00:00,,-26.482
1996-06-29 13:20:00,,-26.477
1996-06-29 13:40:00,,-26.473
1996-06-29 14:00:00,,-26.47
1996-06-29 15:40:00,,-26.458
1996-06-29 16:00:00,,-26.457
1996-06-29 16:20:00,,-26.456
1996-06-29 16:40:00,,-26.454
1996-06-29 17:20:00,,-26.454
1996-06-29 17:40:00,,-26.453
1996-06-29 19:40:00,,-26.453
1996-06-29 20:00:00,,-26.456
1996-06-29 20:20:00,,-26.457
1996-06-29 20:40:00,,-26.46
1996-06-29 21:00:00,,-26.461
1996-06-29 21:20:00,,-26.464
1996-06-29 22:40:00,,-26.468
1996-06-29 23:00:00,,-26.472
1996-06-29 23:20:00,,-26.482
1996-06-29 23:40:00,,-26.494
1996-06-30 00:00:00,,-26.504
1996-06-30 00:20:00,,-26.515
1996-06-30 00:40:00,,-26.526
1996-06-30 01:00:00,,-26.535
1996-06-30 01:20:00,,-26.539
1996-06-30 02:20:00,,-26.539
1996-06-30 02:40:00,,-26.535
1996-06-30 03:00:00,,-26.53
1996-06-30 03:20:00,,-26.525
1996-06-30 03:40:00,,-26.522
1996-06-30 04:00:00,,-26.518
1996-06-30 04:20:00,,-26.516
1996-06-30 04:40:00,,-26.514
1996-06-30 05:00:00,,-26.512
1996-06-30 05:20:00,,-26.511
1996-06-30 05:40:00,,-26.51
1996-06-30 11:40:00,,-26.51
1996-06-30 13:00:00,,-26.494
1996-06-30 13:20:00,,-26.491
1996-06-30 13:40:00,,-26.487
1996-06-30 14:00:00,,-26.483
1996-06-30 14:20:00,,-26.478
1996-06-30 15:40:00,,-26.465
1996-06-30 16:00:00,,-26.463
1996-06-30 16:20:00,,-26.461
1996-06-30 16:40:00,,-26.46
1996-06-30 17:00:00,,-26.459
1996-06-30 17:20:00,,-26.457
1996-06-30 17:40:00,,-26.455
1996-06-30 20:40:00,,-26.455
1996-06-30 21:00:00,,-26.456
1996-06-30 21:20:00,,-26.456
1996-06-30 21:40:00,,-26.458
1996-06-30 22:00:00,,-26.46
1996-06-30 22:20:00,,-26.46
1996-06-30 22:40:00,,-26.461
1996-06-30 23:00:00,,-26.465
1996-06-30 23:20:00,,-26.474
1996-06-30 23:40:00,,-26.486
1996-07-01 00:00:00,,-26.497
1996-07-01 00:20:00,,-26.509
1996-07-01 00:40:00,,-26.52
1996-07-01 01:00:00,,-26.529
1996-07-01 01:20:00,,-26.532
1996-07-01 01:40:00,,-26.533
1996-07-01 02:00:00,,-26.533
1996-07-01 02:20:00,,-26.532
1996-07-01 02:40:00,,-26.525
1996-07-01 03:00:00,,-26.519
1996-07-01 04:20:00,,-26.497
1996-07-01 04:40:00,,-26.493
1996-07-01 05:00:00,,-26.488
1996-07-01 05:20:00,,-26.486
1996-07-01 05:40:00,,-26.482
1996-07-01 06:00:00,,-26.479
1996-07-01 06:20:00,,-26.477
1996-07-01 06:40:00,,-26.477
1996-07-01 07:00:00,,-26.476
1996-07-01 07:20:00,,-26.475
1996-07-01 13:00:00,,-26.475
1996-07-01 13:20:00,,-26.467
1996-07-01 13:40:00,,-26.436
1996-07-01 14:00:00,,-26.413
1996-07-01 14:20:00,,-26.397
1996-07-01 14:40:00,,-26.388
1996-07-01 15:00:00,,-26.378
1996-07-01 15:20:00,,-26.372
1996-07-01 15:40:00,,-26.368
1996-07-01 16:00:00,,-26.366
1996-07-01 16:20:00,,-26.364
1996-07-01 17:20:00,,-26.364
1996-07-01 17:40:00,,-26.363
1996-07-01 18:40:00,,-26.363
1996-07-01 19:00:00,,-26.366
1996-07-01 19:20:00,,-26.369
1996-07-01 19:40:00,,-26.373
1996-07-01 20:00:00,,-26.377
1996-07-01 20:20:00,,-26.382
1996-07-01 20:40:00,,-26.387
1996-07-01 21:00:00,,-26.391
1996-07-01 21:20:00,,-26.396
1996-07-01 21:40:00,,-26.4
1996-07-01 22:00:00,,-26.404
1996-07-01 22:20:00,,-26.409
1996-07-01 22:40:00,,-26.413
1996-07-01 23:00:00,,-26.421
1996-07-01 23:20:00,,-26.433
1996-07-01 23:40:00,,-26.447
1996-07-02 00:00:00,,-26.463
1996-07-02 00:20:00,,-26.477
1996-07-02 00:40:00,,-26.492
1996-07-02 01:00:00,,-26.503
1996-07-02 01:20:00,,-26.51
1996-07-02 01:40:00,,-26.511
1996-07-02 03:00:00,,-26.511
1996-07-02 03:20:00,,-26.51
1996-07-02 03:40:00,,-26.508
1996-07-02 04:00:00,,-26.505
1996-07-02 04:20:00,,-26.504
1996-07-02 04:40:00,,-26.502
1996-07-02 05:00:00,,-26.502
1996-07-02 05:20:00,,-26.498
1996-07-02 05:40:00,,-26.5
1996-07-02 06:00:00,,-26.5
1996-07-02 06:20:00,,-26.505
1996-07-02 06:40:00,,-26.507
1996-07-02 07:00:00,,-26.509
1996-07-02 07:20:00,,-26.513
1996-07-02 07:40:00,,-26.518
1996-07-02 08:00:00,,-26.519
1996-07-02 08:20:00,,-26.538
1996-07-02 08:40:00,,-26.566
1996-07-02 09:00:00,,-26.585
1996-07-02 09:20:00,,-26.601
1996-07-02 09:40:00,,-26.613
1996-07-02 10:00:00,,-26.622
1996-07-02 10:20:00,,-26.631
1996-07-02 10:40:00,,-26.638
1996-07-02 11:00:00,,-26.644
1996-07-02 11:20:00,,-26.649
1996-07-02 11:40:00,,-26.654
1996-07-02 12:00:00,,-26.657
1996-07-02 12:20:00,,-26.662
1996-07-02 12:40:00,,-26.665
1996-07-02 13:00:00,,-26.669
1996-07-02 13:20:00,,-26.671
1996-07-02 13:40:00,,-26.676
1996-07-02 14:00:00,,-26.679
1996-07-02 14:20:00,,-26.681
1996-07-02 14:40:00,,-26.685
1996-07-02 15:00:00,,-26.687
1996-07-02 15:20:00,,-26.69
1996-07-02 15:40:00,,-26.691
1996-07-02 16:00:00,,-26.693
1996-07-02 16:20:00,,-26.693
1996-07-02 16:40:00,,-26.695
1996-07-02 17:00:00,,-26.695
1996-07-02 17:20:00,,-26.697
1996-07-02 17:40:00,,-26.697
1996-07-02 19:20:00,,-26.707
1996-07-02 19:40:00,,-26.71
1996-07-02 20:00:00,,-26.713
1996-07-02 20:20:00,,-26.716
1996-07-02 20:40:00,,-26.717
1996-07-02 21:00:00,,-26.722
1996-07-02 21:20:00,,-26.726
1996-07-02 21:40:00,,-26.729
1996-07-02 22:00:00,,-26.735
1996-07-02 22:20:00,,-26.738
1996-07-02 22:40:00,,-26.743
1996-07-02 23:00:00,,-26.75
1996-07-02 23:20:00,,-26.761
1996-07-03 00:40:00,,-26.821
1996-07-03 01:00:00,,-26.833
1996-07-03 01:20:00,,-26.839
1996-07-03 01:40:00,,-26.841
1996-07-03 02:40:00,,-26.841
1996-07-03 03:00:00,,-26.84
1996-07-03 03:20:00,,-26.836
1996-07-03 03:40:00,,-26.832
1996-07-03 04:00:00,,-26.829
1996-07-03 04:20:00,,-26.826
1996-07-03 04:40:00,,-26.822
1996-07-03 05:00:00,,-26.82
1996-07-03 05:20:00,,-26.818
1996-07-03 05:40:00,,-26.817
1996-07-03 06:00:00,,-26.814
1996-07-03 06:20:00,,-26.812
1996-07-03 06:40:00,,-26.811
1996-07-03 07:00:00,,-26.81
1996-07-03 07:20:00,,-26.81
1996-07-03 07:40:00,,-26.809
1996-07-03 09:40:00,,-26.809
1996-07-03 10:00:00,,-26.81
1996-07-03 10:20:00,,-26.811
1996-07-03 10:40:00,,-26.811
1996-07-03 12:00:00,,-26.815
1996-07-03 15:20:00,,-26.815
1996-07-03 15:40:00,,-26.791
1996-07-03 16:00:00,,-26.764
1996-07-03 16:20:00,,-26.746
1996-07-03 16:40:00,,-26.731
1996-07-03 17:00:00,,-26.72
1996-07-03 17:20:00,,-26.71
1996-07-03 17:40:00,,-26.702
1996-07-03 18:00:00,,-26.694
1996-07-03 18:20:00,,-26.688
1996-07-03 18:40:00,,-26.684
1996-07-03 19:00:00,,-26.679
1996-07-03 19:20:00,,-26.677
1996-07-03 20:40:00,,-26.658
1996-07-03 21:00:00,,-26.652
1996-07-03 21:20:00,,-26.647
1996-07-03 21:40:00,,-26.639
1996-07-03 22:00:00,,-26.631
1996-07-03 22:20:00,,-26.623
1996-07-03 22:40:00,,-26.616
1996-07-03 23:00:00,,-26.613
1996-07-03 23:40:00,,-26.613
1996-07-04 00:00:00,,-26.614
1996-07-04 00:20:00,,-26.618
1996-07-04 00:40:00,,-26.624
1996-07-04 01:00:00,,-26.626
1996-07-04 01:40:00,,-26.626
1996-07-04 02:00:00,,-26.616
1996-07-04 02:20:00,,-26.605
1996-07-04 02:40:00,,-26.592
1996-07-04 03:00:00,,-26.582
1996-07-04 03:20:00,,-26.57
1996-07-04 03:40:00,,-26.558
1996-07-04 04:00:00,,-26.547
1996-07-04 04:20:00,,-26.536
1996-07-04 05:40:00,,-26.496
1996-07-04 06:00:00,,-26.487
1996-07-04 06:20:00,,-26.478
1996-07-04 06:40:00,,-26.471
1996-07-04 07:00:00,,-26.463
1996-07-04 07:20:00,,-26.456
1996-07-04 07:40:00,,-26.45
1996-07-04 08:00:00,,-26.443
1996-07-04 08:20:00,,-26.437
1996-07-04 08:40:00,,-26.43
1996-07-04 09:00:00,,-26.426
1996-07-04 09:20:00,,-26.421
1996-07-04 09:40:00,,-26.416
1996-07-04 10:00:00,,-26.413
1996-07-04 10:20:00,,-26.408
1996-07-04 10:40:00,,-26.404
1996-07-04 11:00:00,,-26.4
1996-07-04 11:20:00,,-26.397
1996-07-04 11:40:00,,-26.395
1996-07-04 12:00:00,,-26.392
1996-07-04 12:20:00,,-26.391
1996-07-04 12:40:00,,-26.39
1996-07-04 15:20:00,,-26.39
1996-07-04 15:40:00,,-26.392
1996-07-04 16:00:00,,-26.395
1996-07-04 16:20:00,,-26.397
1996-07-04 16:40:00,,-26.4
1996-07-04 17:00:00,,-26.401
1996-07-04 17:20:00,,-26.403
1996-07-04 17:40:00,,-26.405
1996-07-04 18:00:00,,-26.408
1996-07-04 18:20:00,,-26.409
1996-07-04 18:40:00,,-26.411
1996-07-04 19:00:00,,-26.414
1996-07-04 22:00:00,,-26.441
1996-07-04 22:20:00,,-26.445
1996-07-04 22:40:00,,-26.449
1996-07-04 23:00:00,,-26.456
1996-07-04 23:20:00,,-26.468
1996-07-04 23:40:00,,-26.483
1996-07-05 00:00:00,,-26.498
1996-07-05 00:20:00,,-26.515
1996-07-05 00:40:00,,-26.53
1996-07-05 01:00:00,,-26.543
1996-07-05 01:20:00,,-26.551
1996-07-05 01:40:00,,-26.553
1996-07-05 07:00:00,,-26.553
1996-07-05 07:20:00,,-26.58
1996-07-05 07:40:00,,-26.607
1996-07-05 08:00:00,,-26.626
1996-07-05 08:20:00,,-26.641
1996-07-05 08:40:00,,-26.652
1996-07-05 09:00:00,,-26.66
1996-07-05 09:20:00,,-26.668
1996-07-05 09:40:00,,-26.674
1996-07-05 10:00:00,,-26.678
1996-07-05 10:20:00,,-26.68
1996-07-05 12:00:00,,-26.68
1996-07-05 12:20:00,,-26.653
1996-07-05 12:40:00,,-26.625
1996-07-05 13:00:00,,-26.603
1996-07-05 13:20:00,,-26.586
1996-07-05 13:40:00,,-26.573
1996-07-05 14:00:00,,-26.56
1996-07-05 14:20:00,,-26.549
1996-07-05 14:40:00,,-26.54
1996-07-05 15:00:00,,-26.529
1996-07-05 15:20:00,,-26.53
1996-07-05 15:40:00,,-26.549
1996-07-05 16:00:00,,-26.562
1996-07-05 16:20:00,,-26.57
1996-07-05 16:40:00,,-26.575
1996-07-05 17:00:00,,-26.577
1996-07-05 17:20:00,,-26.578
1996-07-05 21:40:00,,-26.578
1996-07-05 22:00:00,,-26.577
1996-07-05 23:00:00,,-26.577
1996-07-05 23:20:00,,-26.579
1996-07-05 23:40:00,,-26.591
1996-07-06 00:00:00,,-26.604
1996-07-06 00:20:00,,-26.616
1996-07-06 00:40:00,,-26.627
1996-07-06 01:00:00,,-26.637
1996-07-06 01:20:00,,-26.641
1996-07-06 02:20:00,,-26.641
1996-07-06 02:40:00,,-26.64
1996-07-06 03:00:00,,-26.636
1996-07-06 03:20:00,,-26.633
1996-07-06 03:40:00,,-26.631
1996-07-06 04:00:00,,-26.629
1996-07-06 04:20:00,,-26.627
1996-07-06 04:40:00,,-26.624
1996-07-06 05:00:00,,-26.623
1996-07-06 05:20:00,,-26.622
1996-07-06 06:40:00,,-26.616
1996-07-06 07:00:00,,-26.615
1996-07-06 07:20:00,,-26.614
1996-07-06 07:40:00,,-26.612
1996-07-06 08:00:00,,-26.61
1996-07-06 08:20:00,,-26.608
1996-07-06 08:40:00,,-26.607
1996-07-06 09:00:00,,-26.604
1996-07-06 09:20:00,,-26.602
1996-07-06 09:40:00,,-26.602
1996-07-06 10:00:00,,-26.597
1996-07-06 10:20:00,,-26.596
1996-07-06 10:40:00,,-26.595
1996-07-06 11:00:00,,-26.592
1996-07-06 11:20:00,,-26.59
1996-07-06 11:40:00,,-26.588
1996-07-06 12:00:00,,-26.586
1996-07-06 13:20:00,,-26.574
1996-07-06 16:00:00,,-26.557
1996-07-06 16:20:00,,-26.556
1996-07-06 16:40:00,,-26.554
1996-07-06 17:00:00,,-26.553
1996-07-06 17:20:00,,-26.553
1996-07-06 17:40:00,,-26.552
1996-07-06 18:00:00,,-26.551
1996-07-06 18:20:00,,-26.549
1996-07-06 18:40:00,,-26.548
1996-07-06 19:00:00,,-26.548
1996-07-06 19:20:00,,-26.547
1996-07-06 23:20:00,,-26.547
1996-07-06 23:40:00,,-26.56
1996-07-07 00:00:00,,-26.573
1996-07-07 00:20:00,,-26.585
1996-07-07 00:40:00,,-26.597
1996-07-07 01:00:00,,-26.607
1996-07-07 01:20:00,,-26.612
1996-07-07 03:00:00,,-26.612
1996-07-07 03:20:00,,-26.609
1996-07-07 03:40:00,,-26.606
1996-07-07 05:00:00,,-26.598
1996-07-07 05:20:00,,-26.597
1996-07-07 05:40:00,,-26.595
1996-07-07 06:00:00,,-26.593
1996-07-07 06:40:00,,-26.593
1996-07-07 07:00:00,,-26.591
1996-07-07 07:20:00,,-26.591
1996-07-07 07:40:00,,-26.59
1996-07-07 08:00:00,,-26.589
1996-07-07 08:20:00,,-26.584
1996-07-07 08:40:00,,-26.583
1996-07-07 09:00:00,,-26.583
1996-07-07 09:20:00,,-26.581
1996-07-07 09:40:00,,-26.58
1996-07-07 10:00:00,,-26.579
1996-07-07 10:20:00,,-26.577
1996-07-07 10:40:00,,-26.575
1996-07-07 11:00:00,,-26.572
1996-07-07 11:20:00,,-26.571
1996-07-07 11:40:00,,-26.567
1996-07-07 12:00:00,,-26.563
1996-07-07 12:20:00,,-26.561
1996-07-07 12:40:00,,-26.558
1996-07-07 14:00:00,,-26.548
1996-07-07 14:20:00,,-26.547
1996-07-07 14:40:00,,-26.545
1996-07-07 15:00:00,,-26.543
1996-07-07 15:20:00,,-26.543
1996-07-07 15:40:00,,-26.541
1996-07-07 16:00:00,,-26.541
1996-07-07 16:20:00,,-26.539
1996-07-07 16:40:00,,-26.539
1996-07-07 17:00:00,,-26.537
1996-07-07 17:20:00,,-26.537
1996-07-07 17:40:00,,-26.536
1996-07-07 18:00:00,,-26.535
1996-07-07 23:00:00,,-26.535
1996-07-07 23:20:00,,-26.536
1996-07-07 23:40:00,,-26.548
1996-07-08 00:00:00,,-26.561
1996-07-08 00:20:00,,-26.573
1996-07-08 00:40:00,,-26.584
1996-07-08 01:00:00,,-26.593
1996-07-08 01:20:00,,-26.597
1996-07-08 02:40:00,,-26.597
1996-07-08 04:20:00,,-26.585
1996-07-08 04:40:00,,-26.585
1996-07-08 05:00:00,,-26.583
1996-07-08 05:20:00,,-26.581
1996-07-08 05:40:00,,-26.58
1996-07-08 06:00:00,,-26.578
1996-07-08 07:20:00,,-26.569
1996-07-08 07:40:00,,-26.567
1996-07-08 08:00:00,,-26.564
1996-07-08 08:20:00,,-26.561
1996-07-08 08:40:00,,-26.56
1996-07-08 09:00:00,,-26.557
1996-07-08 09:20:00,,-26.556
1996-07-08 09:40:00,,-26.553
1996-07-08 10:00:00,,-26.55
1996-07-08 11:40:00,,-26.54
1996-07-08 12:00:00,,-26.539
1996-07-08 12:20:00,,-26.538
1996-07-08 13:40:00,,-26.538
1996-07-08 14:00:00,,-26.539
1996-07-08 14:20:00,,-26.544
1996-07-08 14:40:00,,-26.549
1996-07-08 15:00:00,,-26.554
1996-07-08 15:20:00,,-26.56
1996-07-08 15:40:00,,-26.565
1996-07-08 16:00:00,,-26.571
1996-07-08 16:20:00,,-26.576
1996-07-08 16:40:00,,-26.582
1996-07-08 17:00:00,,-26.588
1996-07-08 17:20:00,,-26.593
1996-07-08 17:40:00,,-26.598
1996-07-08 18:00:00,,-26.605
1996-07-08 18:20:00,,-26.612
1996-07-08 18:40:00,,-26.618
1996-07-08 19:00:00,,-26.622
1996-07-08 19:20:00,,-26.627
1996-07-08 19:40:00,,-26.632
1996-07-08 21:20:00,,-26.652
1996-07-08 21:40:00,,-26.653
1996-07-08 22:00:00,,-26.655
1996-07-08 22:40:00,,-26.655
1996-07-08 23:00:00,,-26.658
1996-07-08 23:20:00,,-26.666
1996-07-08 23:40:00,,-26.674
1996-07-09 00:00:00,,-26.683
1996-07-09 00:20:00,,-26.692
1996-07-09 00:40:00,,-26.7
1996-07-09 01:00:00,,-26.705
1996-07-09 01:20:00,,-26.706
1996-07-09 01:40:00,,-26.706
1996-07-09 02:00:00,,-26.705
1996-07-09 02:20:00,,-26.698
1996-07-09 02:40:00,,-26.691
1996-07-09 03:00:00,,-26.684
1996-07-09 03:20:00,,-26.679
1996-07-09 03:40:00,,-26.674
1996-07-09 04:00:00,,-26.669
1996-07-09 04:20:00,,-26.665
1996-07-09 04:40:00,,-26.66
1996-07-09 05:00:00,,-26.657
1996-07-09 05:20:00,,-26.653
1996-07-09 05:40:00,,-26.65
1996-07-09 06:00:00,,-26.648
1996-07-09 06:20:00,,-26.644
1996-07-09 06:40:00,,-26.643
1996-07-09 07:00:00,,-26.641
1996-07-09 08:20:00,,-26.633
1996-07-09 08:40:00,,-26.632
1996-07-09 10:00:00,,-26.624
1996-07-09 10:20:00,,-26.623
1996-07-09 10:40:00,,-26.622
1996-07-09 12:00:00,,-26.622
1996-07-09 12:20:00,,-26.621
1996-07-09 12:40:00,,-26.619
1996-07-09 13:00:00,,-26.619
1996-07-09 13:20:00,,-26.617
1996-07-09 13:40:00,,-26.614
1996-07-09 14:00:00,,-26.612
1996-07-09 15:40:00,,-26.597
1996-07-09 18:20:00,,-26.581
1996-07-09 18:40:00,,-26.58
1996-07-09 19:00:00,,-26.579
1996-07-09 19:20:00,,-26.576
1996-07-09 19:40:00,,-26.576
1996-07-09 20:00:00,,-26.575
1996-07-09 20:20:00,,-26.573
1996-07-09 20:40:00,,-26.572
1996-07-09 21:00:00,,-26.571
1996-07-09 21:20:00,,-26.569
1996-07-09 21:40:00,,-26.567
1996-07-09 22:00:00,,-26.564
1996-07-09 22:20:00,,-26.56
1996-07-09 22:40:00,,-26.559
1996-07-09 23:20:00,,-26.559
1996-07-09 23:40:00,,-26.567
1996-07-10 00:00:00,,-26.577
1996-07-10 00:20:00,,-26.587
1996-07-10 00:40:00,,-26.596
1996-07-10 01:00:00,,-26.603
1996-07-10 01:20:00,,-26.606
1996-07-10 02:00:00,,-26.606
1996-07-10 02:20:00,,-26.604
1996-07-10 02:40:00,,-26.597
1996-07-10 04:00:00,,-26.58
1996-07-10 04:20:00,,-26.576
1996-07-10 04:40:00,,-26.572
1996-07-10 05:00:00,,-26.569
1996-07-10 05:20:00,,-26.567
1996-07-10 05:40:00,,-26.564
1996-07-10 06:00:00,,-26.561
1996-07-10 06:20:00,,-26.559
1996-07-10 06:40:00,,-26.557
1996-07-10 07:00:00,,-26.556
1996-07-10 07:20:00,,-26.554
1996-07-10 07:40:00,,-26.552
1996-07-10 08:00:00,,-26.55
1996-07-10 08:20:00,,-26.548
1996-07-10 08:40:00,,-26.547
1996-07-10 09:00:00,,-26.547
1996-07-10 09:20:00,,-26.545
1996-07-10 09:40:00,,-26.545
1996-07-10 10:00:00,,-26.543
1996-07-10 10:20:00,,-26.542
1996-07-10 10:40:00,,-26.54
1996-07-10 13:00:00,,-26.522
1996-07-10 13:20:00,,-26.519
1996-07-10 13:40:00,,-26.517
1996-07-10 14:00:00,,-26.513
1996-07-10 14:20:00,,-26.511
1996-07-10 14:40:00,,-26.509
1996-07-10 16:00:00,,-26.504
1996-07-10 16:20:00,,-26.501
1996-07-10 23:00:00,,-26.501
1996-07-10 23:20:00,,-26.509
1996-07-10 23:40:00,,-26.52
1996-07-11 00:00:00,,-26.531
1996-07-11 00:20:00,,-26.542
1996-07-11 00:40:00,,-26.552
1996-07-11 01:00:00,,-26.56
1996-07-11 01:20:00,,-26.563
1996-07-11 02:20:00,,-26.563
1996-07-11 02:40:00,,-26.56
1996-07-11 03:00:00,,-26.556
1996-07-11 03:20:00,,-26.552
1996-07-11 03:40:00,,-26.549
1996-07-11 04:00:00,,-26.547
1996-07-11 05:20:00,,-26.543
1996-07-11 07:00:00,,-26.543
1996-07-11 07:20:00,,-26.542
1996-07-11 12:20:00,,-26.542
1996-07-11 13:40:00,,-26.528
1996-07-11 14:00:00,,-26.524
1996-07-11 14:20:00,,-26.523
1996-07-11 14:40:00,,-26.521
1996-07-11 15:00:00,,-26.518
1996-07-11 15:20:00,,-26.517
1996-07-11 15:40:00,,-26.516
1996-07-11 17:20:00,,-26.516
1996-07-11 17:40:00,,-26.52
1996-07-11 18:00:00,,-26.526
1996-07-11 18:20:00,,-26.532
1996-07-11 18:40:00,,-26.538
1996-07-11 19:00:00,,-26.547
1996-07-11 19:20:00,,-26.544
1996-07-11 19:40:00,,-26.525
1996-07-11 20:00:00,,-26.514
1996-07-11 20:20:00,,-26.508
1996-07-11 20:40:00,,-26.503
1996-07-11 21:00:00,,-26.501
1996-07-11 21:20:00,,-26.5
1996-07-11 23:00:00,,-26.5
1996-07-11 23:20:00,,-26.509
1996-07-12 00:40:00,,-26.558
1996-07-12 01:00:00,,-26.568
1996-07-12 01:20:00,,-26.572
1996-07-12 02:40:00,,-26.572
1996-07-12 03:00:00,,-26.571
1996-07-12 03:20:00,,-26.569
1996-07-12 03:40:00,,-26.567
1996-07-12 04:00:00,,-26.566
1996-07-12 04:20:00,,-26.564
1996-07-12 04:40:00,,-26.564
1996-07-12 05:00:00,,-26.563
1996-07-12 08:00:00,,-26.563
1996-07-12 08:20:00,,-26.57
1996-07-12 08:40:00,,-26.6
1996-07-12 09:00:00,,-26.622
1996-07-12 09:20:00,,-26.639
1996-07-12 09:40:00,,-26.652
1996-07-12 10:00:00,,-26.661
1996-07-12 10:20:00,,-26.672
1996-07-12 10:40:00,,-26.678
1996-07-12 11:00:00,,-26.684
1996-07-12 12:20:00,,-26.702
1996-07-12 12:40:00,,-26.704
1996-07-12 13:00:00,,-26.706
1996-07-12 13:20:00,,-26.71
1996-07-12 13:40:00,,-26.713
1996-07-12 15:00:00,,-26.721
1996-07-12 15:20:00,,-26.724
1996-07-12 15:40:00,,-26.726
1996-07-12 16:00:00,,-26.728
1996-07-12 16:20:00,,-26.729
1996-07-12 16:40:00,,-26.732
1996-07-12 17:00:00,,-26.735
1996-07-12 17:20:00,,-26.739
1996-07-12 17:40:00,,-26.741
1996-07-12 18:00:00,,-26.745
1996-07-12 18:20:00,,-26.749
1996-07-12 18:40:00,,-26.752
1996-07-12 19:00:00,,-26.756
1996-07-12 20:20:00,,-26.77
1996-07-12 20:40:00,,-26.774
1996-07-12 21:00:00,,-26.777
1996-07-12 21:20:00,,-26.781
1996-07-12 21:40:00,,-26.784
1996-07-12 22:00:00,,-26.786
1996-07-12 22:20:00,,-26.787
1996-07-13 00:00:00,,-26.787
1996-07-13 00:20:00,,-26.784
1996-07-13 02:20:00,,-26.748
1996-07-13 04:00:00,,-26.723
1996-07-13 04:20:00,,-26.719
1996-07-13 04:40:00,,-26.715
1996-07-13 05:00:00,,-26.712
1996-07-13 05:20:00,,-26.709
1996-07-13 05:40:00,,-26.707
1996-07-13 06:00:00,,-26.705
1996-07-13 06:20:00,,-26.705
1996-07-13 06:40:00,,-26.703
1996-07-13 07:00:00,,-26.701
1996-07-13 08:00:00,,-26.701
1996-07-13 08:20:00,,-26.672
1996-07-13 08:40:00,,-26.645
1996-07-13 09:00:00,,-26.625
1996-07-13 09:20:00,,-26.609
1996-07-13 09:40:00,,-26.597
1996-07-13 10:00:00,,-26.587
1996-07-13 10:20:00,,-26.577
1996-07-13 11:40:00,,-26.54
1996-07-13 12:00:00,,-26.532
1996-07-13 12:20:00,,-26.524
1996-07-13 12:40:00,,-26.515
1996-07-13 13:00:00,,-26.507
1996-07-13 13:20:00,,-26.497
1996-07-13 14:40:00,,-26.468
1996-07-13 15:00:00,,-26.461
1996-07-13 15:20:00,,-26.455
1996-07-13 15:40:00,,-26.45
1996-07-13 16:00:00,,-26.443
1996-07-13 16:20:00,,-26.439
1996-07-13 16:40:00,,-26.436
1996-07-13 17:00:00,,-26.431
1996-07-13 17:20:00,,-26.428
1996-07-13 17:40:00,,-26.424
1996-07-13 18:00:00,,-26.422
1996-07-13 18:20:00,,-26.419
1996-07-13 18:40:00,,-26.417
1996-07-13 19:00:00,,-26.416
1996-07-13 19:20:00,,-26.415
1996-07-13 19:40:00,,-26.413
1996-07-13 20:00:00,,-26.412
1996-07-13 20:20:00,,-26.412
1996-07-13 20:40:00,,-26.408
1996-07-13 21:00:00,,-26.406
1996-07-13 21:20:00,,-26.405
1996-07-13 21:40:00,,-26.404
1996-07-13 22:00:00,,-26.402
1996-07-13 22:20:00,,-26.399
1996-07-13 22:40:00,,-26.397
1996-07-13 23:00:00,,-26.395
1996-07-13 23:20:00,,-26.391
1996-07-13 23:40:00,,-26.385
1996-07-14 00:00:00,,-26.383
1996-07-14 00:20:00,,-26.378
1996-07-14 00:40:00,,-26.375
1996-07-14 01:00:00,,-26.371
1996-07-14 01:20:00,,-26.367
1996-07-14 01:40:00,,-26.361
1996-07-14 02:00:00,,-26.357
1996-07-14 02:20:00,,-26.355
1996-07-14 02:40:00,,-26.351
1996-07-14 03:00:00,,-26.346
1996-07-14 03:20:00,,-26.344
1996-07-14 03:40:00,,-26.342
1996-07-14 04:00:00,,-26.34
1996-07-14 04:20:00,,-26.34
1996-07-14 04:40:00,,-26.338
1996-07-14 05:00:00,,-26.336
1996-07-14 06:40:00,,-26.323
1996-07-14 07:00:00,,-26.32
1996-07-14 07:20:00,,-26.318
1996-07-14 08:00:00,,-26.318
1996-07-14 08:20:00,,-26.315
1996-07-14 08:40:00,,-26.315
1996-07-14 09:00:00,,-26.314
1996-07-14 09:20:00,,-26.312
1996-07-14 09:40:00,,-26.312
1996-07-14 10:00:00,,-26.336
1996-07-14 10:20:00,,-26.351
1996-07-14 10:40:00,,-26.349
1996-07-14 11:00:00,,-26.341
1996-07-14 11:20:00,,-26.334
1996-07-14 11:40:00,,-26.327
1996-07-14 14:00:00,,-26.29
1996-07-14 14:20:00,,-26.285
1996-07-14 14:40:00,,-26.281
1996-07-14 15:00:00,,-26.277
1996-07-14 15:20:00,,-26.272
1996-07-14 15:40:00,,-26.268
1996-07-14 16:00:00,,-26.264
1996-07-14 16:20:00,,-26.259
1996-07-14 17:40:00,,-26.25
1996-07-14 18:00:00,,-26.25
1996-07-14 18:20:00,,-26.249
1996-07-14 18:40:00,,-26.248
1996-07-14 19:00:00,,-26.248
1996-07-14 19:20:00,,-26.247
1996-07-14 23:00:00,,-26.247
1996-07-14 23:20:00,,-26.246
1996-07-14 23:40:00,,-26.243
1996-07-15 00:00:00,,-26.242
1996-07-15 00:20:00,,-26.239
1996-07-15 00:40:00,,-26.236
1996-07-15 01:00:00,,-26.233
1996-07-15 01:20:00,,-26.231
1996-07-15 01:40:00,,-26.228
1996-07-15 02:00:00,,-26.224
1996-07-15 02:20:00,,-26.222
1996-07-15 02:40:00,,-26.22
1996-07-15 03:00:00,,-26.218
1996-07-15 03:20:00,,-26.215
1996-07-15 03:40:00,,-26.214
1996-07-15 04:00:00,,-26.212
1996-07-15 04:20:00,,-26.21
1996-07-15 04:40:00,,-26.209
1996-07-15 05:00:00,,-26.208
1996-07-15 08:40:00,,-26.208
1996-07-15 10:00:00,,-26.213
1996-07-15 10:20:00,,-26.214
1996-07-15 10:40:00,,-26.216
1996-07-15 12:40:00,,-26.216
1996-07-15 13:00:00,,-26.213
1996-07-15 13:20:00,,-26.211
1996-07-15 13:40:00,,-26.207
1996-07-15 14:00:00,,-26.203
1996-07-15 15:20:00,,-26.191
1996-07-15 15:40:00,,-26.189
1996-07-15 16:00:00,,-26.187
1996-07-15 16:20:00,,-26.185
1996-07-15 16:40:00,,-26.184
1996-07-15 17:00:00,,-26.184
1996-07-15 17:20:00,,-26.183
1996-07-15 17:40:00,,-26.209
1996-07-15 18:00:00,,-26.231
1996-07-15 18:20:00,,-26.231
1996-07-15 18:40:00,,-26.228
1996-07-15 19:00:00,,-26.227
1996-07-15 20:00:00,,-26.227
1996-07-15 20:20:00,,-26.232
1996-07-15 20:40:00,,-26.238
1996-07-15 21:00:00,,-26.243
1996-07-15 21:20:00,,-26.249
1996-07-15 21:40:00,,-26.256
1996-07-15 22:00:00,,-26.261
1996-07-15 22:20:00,,-26.267
1996-07-15 22:40:00,,-26.273
1996-07-16 00:00:00,,-26.29
1996-07-16 00:20:00,,-26.293
1996-07-16 00:40:00,,-26.296
1996-07-16 02:00:00,,-26.305
1996-07-16 03:20:00,,-26.312
1996-07-16 03:40:00,,-26.313
1996-07-16 04:00:00,,-26.314
1996-07-16 05:40:00,,-26.324
1996-07-16 06:00:00,,-26.328
1996-07-16 06:20:00,,-26.33
1996-07-16 06:40:00,,-26.333
1996-07-16 07:00:00,,-26.336
1996-07-16 07:20:00,,-26.338
1996-07-16 07:40:00,,-26.342
1996-07-16 08:00:00,,-26.346
1996-07-16 08:20:00,,-26.351
1996-07-16 08:40:00,,-26.354
1996-07-16 09:00:00,,-26.358
1996-07-16 09:20:00,,-26.361
1996-07-16 09:40:00,,-26.366
1996-07-16 10:00:00,,-26.368
1996-07-16 10:20:00,,-26.372
1996-07-16 10:40:00,,-26.379
1996-07-16 11:00:00,,-26.384
1996-07-16 11:20:00,,-26.386
1996-07-16 11:40:00,,-26.389
1996-07-16 12:00:00,,-26.39
1996-07-16 12:20:00,,-26.39
1996-07-16 12:40:00,,-26.391
1996-07-16 14:00:00,,-26.391
1996-07-16 14:20:00,,-26.398
1996-07-16 14:40:00,,-26.402
1996-07-16 15:00:00,,-26.404
1996-07-16 17:20:00,,-26.404
1996-07-16 17:40:00,,-26.418
1996-07-16 18:00:00,,-26.448
1996-07-16 18:20:00,,-26.471
1996-07-16 18:40:00,,-26.487
1996-07-16 19:00:00,,-26.5
1996-07-16 19:20:00,,-26.511
1996-07-16 19:40:00,,-26.52
1996-07-16 20:00:00,,-26.528
1996-07-16 20:20:00,,-26.537
1996-07-16 21:40:00,,-26.563
1996-07-16 22:00:00,,-26.569
1996-07-16 22:20:00,,-26.574
1996-07-16 22:40:00,,-26.58
1996-07-16 23:00:00,,-26.584
1996-07-16 23:20:00,,-26.589
1996-07-16 23:40:00,,-26.592
1996-07-17 00:00:00,,-26.596
1996-07-17 00:20:00,,-26.6
1996-07-17 00:40:00,,-26.602
1996-07-17 01:00:00,,-26.605
1996-07-17 01:20:00,,-26.608
1996-07-17 01:40:00,,-26.61
1996-07-17 02:00:00,,-26.614
1996-07-17 02:20:00,,-26.616
1996-07-17 03:40:00,,-26.627
1996-07-17 05:00:00,,-26.637
1996-07-17 05:20:00,,-26.64
1996-07-17 06:40:00,,-26.655
1996-07-17 07:00:00,,-26.658
1996-07-17 07:20:00,,-26.663
1996-07-17 07:40:00,,-26.668
1996-07-17 08:00:00,,-26.675
1996-07-17 08:20:00,,-26.682
1996-07-17 08:40:00,,-26.69
1996-07-17 09:00:00,,-26.698
1996-07-17 10:20:00,,-26.716
1996-07-17 10:40:00,,-26.72
1996-07-17 11:00:00,,-26.724
1996-07-17 11:20:00,,-26.731
1996-07-17 11:40:00,,-26.739
1996-07-17 12:00:00,,-26.743
1996-07-17 12:20:00,,-26.744
1996-07-17 14:00:00,,-26.744
1996-07-17 14:20:00,,-26.751
1996-07-17 14:40:00,,-26.761
1996-07-17 15:00:00,,-26.773
1996-07-17 15:20:00,,-26.786
1996-07-17 15:40:00,,-26.798
1996-07-17 16:00:00,,-26.808
1996-07-17 16:20:00,,-26.816
1996-07-17 16:40:00,,-26.824
1996-07-17 17:00:00,,-26.834
1996-07-17 17:20:00,,-26.844
1996-07-17 17:40:00,,-26.85
1996-07-17 18:00:00,,-26.834
1996-07-17 18:20:00,,-26.817
1996-07-17 18:40:00,,-26.801
1996-07-17 19:00:00,,-26.787
1996-07-17 19:20:00,,-26.774
1996-07-17 19:40:00,,-26.763
1996-07-17 20:00:00,,-26.753
1996-07-17 20:20:00,,-26.744
1996-07-17 21:40:00,,-26.709
1996-07-17 22:00:00,,-26.699
1996-07-17 22:20:00,,-26.689
1996-07-17 22:40:00,,-26.681
1996-07-17 23:00:00,,-26.676
1996-07-17 23:20:00,,-26.675
1996-07-18 01:20:00,,-26.675
1996-07-18 01:40:00,,-26.667
1996-07-18 03:00:00,,-26.615
1996-07-18 03:20:00,,-26.603
1996-07-18 04:40:00,,-26.559
1996-07-18 05:00:00,,-26.549
1996-07-18 05:20:00,,-26.54
1996-07-18 05:40:00,,-26.531
1996-07-18 06:00:00,,-26.523
1996-07-18 06:20:00,,-26.513
1996-07-18 06:40:00,,-26.505
1996-07-18 07:00:00,,-26.497
1996-07-18 07:20:00,,-26.511
1996-07-18 07:40:00,,-26.528
1996-07-18 08:00:00,,-26.538
1996-07-18 08:20:00,,-26.546
1996-07-18 09:40:00,,-26.566
1996-07-18 11:00:00,,-26.588
1996-07-18 11:20:00,,-26.595
1996-07-18 11:40:00,,-26.602
1996-07-18 12:00:00,,-26.608
1996-07-18 13:20:00,,-26.624
1996-07-18 14:40:00,,-26.636
1996-07-18 15:00:00,,-26.637
1996-07-18 15:20:00,,-26.639
1996-07-18 15:40:00,,-26.641
1996-07-18 16:00:00,,-26.645
1996-07-18 16:20:00,,-26.619
1996-07-18 16:40:00,,-26.6
1996-07-18 17:00:00,,-26.588
1996-07-18 17:20:00,,-26.579
1996-07-18 17:40:00,,-26.573
1996-07-18 18:00:00,,-26.571
1996-07-18 18:40:00,,-26.571
1996-07-18 19:00:00,,-26.569
1996-07-18 19:20:00,,-26.566
1996-07-18 19:40:00,,-26.563
1996-07-18 21:00:00,,-26.544
1996-07-18 22:20:00,,-26.52
1996-07-18 22:40:00,,-26.513
1996-07-18 23:00:00,,-26.508
1996-07-18 23:20:00,,-26.501
1996-07-18 23:40:00,,-26.496
1996-07-19 00:00:00,,-26.488
1996-07-19 00:20:00,,-26.483
1996-07-19 00:40:00,,-26.475
1996-07-19 01:00:00,,-26.469
1996-07-19 01:20:00,,-26.463
1996-07-19 01:40:00,,-26.456
1996-07-19 02:00:00,,-26.449
1996-07-19 02:20:00,,-26.443
1996-07-19 02:40:00,,-26.437
1996-07-19 03:00:00,,-26.431
1996-07-19 03:20:00,,-26.426
1996-07-19 03:40:00,,-26.42
1996-07-19 04:00:00,,-26.414
1996-07-19 04:20:00,,-26.408
1996-07-19 04:40:00,,-26.404
1996-07-19 05:00:00,,-26.399
1996-07-19 05:20:00,,-26.395
1996-07-19 05:40:00,,-26.393
1996-07-19 06:00:00,,-26.393
1996-07-19 06:20:00,,-26.394
1996-07-19 06:40:00,,-26.405
1996-07-19 07:00:00,,-26.415
1996-07-19 07:20:00,,-26.425
1996-07-19 07:40:00,,-26.432
1996-07-19 08:00:00,,-26.436
1996-07-19 08:40:00,,-26.436
1996-07-19 09:00:00,,-26.435
1996-07-19 09:20:00,,-26.431
1996-07-19 09:40:00,,-26.426
1996-07-19 11:40:00,,-26.399
1996-07-19 12:00:00,,-26.396
1996-07-19 12:20:00,,-26.389
1996-07-19 12:40:00,,-26.384
1996-07-19 13:00:00,,-26.379
1996-07-19 13:20:00,,-26.373
1996-07-19 13:40:00,,-26.369
1996-07-19 14:00:00,,-26.362
1996-07-19 14:20:00,,-26.358
1996-07-19 14:40:00,,-26.353
1996-07-19 15:00:00,,-26.348
1996-07-19 15:20:00,,-26.344
1996-07-19 15:40:00,,-26.341
1996-07-19 16:00:00,,-26.336
1996-07-19 16:20:00,,-26.331
1996-07-19 16:40:00,,-26.327
1996-07-19 17:00:00,,-26.323
1996-07-19 17:20:00,,-26.32
1996-07-19 17:40:00,,-26.315
1996-07-19 18:00:00,,-26.332
1996-07-19 18:20:00,,-26.355
1996-07-19 18:40:00,,-26.372
1996-07-19 19:00:00,,-26.372
1996-07-19 19:20:00,,-26.356
1996-07-19 19:40:00,,-26.347
1996-07-19 20:00:00,,-26.34
1996-07-19 20:20:00,,-26.335
1996-07-19 20:40:00,,-26.331
1996-07-19 21:00:00,,-26.327
1996-07-19 21:20:00,,-26.323
1996-07-19 21:40:00,,-26.32
1996-07-19 22:00:00,,-26.318
1996-07-19 22:20:00,,-26.316
1996-07-19 22:40:00,,-26.313
1996-07-19 23:00:00,,-26.311
1996-07-19 23:20:00,,-26.309
1996-07-20 01:00:00,,-26.297
1996-07-20 01:20:00,,-26.296
1996-07-20 01:40:00,,-26.293
1996-07-20 02:00:00,,-26.291
1996-07-20 02:20:00,,-26.288
1996-07-20 02:40:00,,-26.288
1996-07-20 03:00:00,,-26.286
1996-07-20 03:20:00,,-26.284
1996-07-20 05:40:00,,-26.273
1996-07-20 06:00:00,,-26.27
1996-07-20 06:20:00,,-26.269
1996-07-20 06:40:00,,-26.265
1996-07-20 07:00:00,,-26.263
1996-07-20 07:20:00,,-26.26
1996-07-20 07:40:00,,-26.257
1996-07-20 09:00:00,,-26.257
1996-07-20 09:20:00,,-26.261
1996-07-20 09:40:00,,-26.273
1996-07-20 10:00:00,,-26.283
1996-07-20 10:20:00,,-26.321
1996-07-20 10:40:00,,-26.359
1996-07-20 11:00:00,,-26.386
1996-07-20 11:20:00,,-26.404
1996-07-20 11:40:00,,-26.413
1996-07-20 12:00:00,,-26.418
1996-07-20 12:20:00,,-26.42
1996-07-20 12:40:00,,-26.421
1996-07-20 18:20:00,,-26.421
1996-07-20 18:40:00,,-26.424
1996-07-20 19:00:00,,-26.427
1996-07-20 22:00:00,,-26.436
1996-07-20 22:20:00,,-26.438
1996-07-20 22:40:00,,-26.439
1996-07-20 23:00:00,,-26.44
1996-07-20 23:20:00,,-26.441
1996-07-20 23:40:00,,-26.441
1996-07-21 00:00:00,,-26.442
1996-07-21 00:20:00,,-26.442
1996-07-21 00:40:00,,-26.444
1996-07-21 02:00:00,,-26.446
1996-07-21 02:40:00,,-26.446
1996-07-21 03:00:00,,-26.448
1996-07-21 03:20:00,,-26.449
1996-07-21 04:40:00,,-26.453
1996-07-21 05:00:00,,-26.453
1996-07-21 05:20:00,,-26.454
1996-07-21 05:40:00,,-26.459
1996-07-21 06:00:00,,-26.468
1996-07-21 06:20:00,,-26.48
1996-07-21 06:40:00,,-26.494
1996-07-21 07:00:00,,-26.508
1996-07-21 07:20:00,,-26.523
1996-07-21 07:40:00,,-26.534
1996-07-21 08:00:00,,-26.544
1996-07-21 08:20:00,,-26.533
1996-07-21 08:40:00,,-26.507
1996-07-21 09:00:00,,-26.493
1996-07-21 09:20:00,,-26.498
1996-07-21 09:40:00,,-26.507
1996-07-21 10:00:00,,-26.512
1996-07-21 10:20:00,,-26.515
1996-07-21 10:40:00,,-26.516
1996-07-21 11:00:00,,-26.518
1996-07-21 11:20:00,,-26.518
1996-07-21 11:40:00,,-26.519
1996-07-21 15:20:00,,-26.519
1996-07-21 15:40:00,,-26.518
1996-07-21 16:00:00,,-26.516
1996-07-21 16:20:00,,-26.513
1996-07-21 16:40:00,,-26.512
1996-07-21 17:00:00,,-26.507
1996-07-21 17:20:00,,-26.475
1996-07-21 17:40:00,,-26.451
1996-07-21 18:00:00,,-26.433
1996-07-21 18:20:00,,-26.418
1996-07-21 18:40:00,,-26.408
1996-07-21 19:00:00,,-26.4
1996-07-21 19:20:00,,-26.393
1996-07-21 19:40:00,,-26.388
1996-07-21 20:00:00,,-26.38
1996-07-21 20:20:00,,-26.374
1996-07-21 20:40:00,,-26.367
1996-07-21 21:00:00,,-26.362
1996-07-21 21:20:00,,-26.357
1996-07-21 21:40:00,,-26.352
1996-07-21 22:00:00,,-26.348
1996-07-21 22:20:00,,-26.342
1996-07-21 23:40:00,,-26.325
1996-07-22 00:00:00,,-26.32
1996-07-22 00:20:00,,-26.316
1996-07-22 00:40:00,,-26.312
1996-07-22 01:00:00,,-26.309
1996-07-22 01:20:00,,-26.306
1996-07-22 01:40:00,,-26.302
1996-07-22 02:00:00,,-26.298
1996-07-22 02:20:00,,-26.296
1996-07-22 02:40:00,,-26.293
1996-07-22 03:00:00,,-26.291
1996-07-22 03:20:00,,-26.287
1996-07-22 05:20:00,,-26.269
1996-07-22 05:40:00,,-26.265
1996-07-22 06:00:00,,-26.264
1996-07-22 06:40:00,,-26.264
1996-07-22 07:00:00,,-26.272
1996-07-22 07:20:00,,-26.292
1996-07-22 07:40:00,,-26.334
1996-07-22 08:00:00,,-26.34
1996-07-22 08:40:00,,-26.34
1996-07-22 10:00:00,,-26.309
1996-07-22 10:20:00,,-26.303
1996-07-22 10:40:00,,-26.296
1996-07-22 12:00:00,,-26.272
1996-07-22 12:20:00,,-26.267
1996-07-22 12:40:00,,-26.261
1996-07-22 13:00:00,,-26.256
1996-07-22 13:20:00,,-26.251
1996-07-22 13:40:00,,-26.247
1996-07-22 14:00:00,,-26.243
1996-07-22 14:20:00,,-26.238
1996-07-22 14:40:00,,-26.235
1996-07-22 15:00:00,,-26.231
1996-07-22 15:20:00,,-26.228
1996-07-22 15:40:00,,-26.224
1996-07-22 16:00:00,,-26.221
1996-07-22 16:20:00,,-26.218
1996-07-22 16:40:00,,-26.214
1996-07-22 17:00:00,,-26.211
1996-07-22 19:00:00,,-26.193
1996-07-22 19:20:00,,-26.192
1996-07-22 19:40:00,,-26.189
1996-07-22 20:00:00,,-26.187
1996-07-22 20:20:00,,-26.185
1996-07-22 20:40:00,,-26.183
1996-07-22 21:00:00,,-26.18
1996-07-22 21:20:00,,-26.178
1996-07-22 21:40:00,,-26.176
1996-07-22 22:00:00,,-26.175
1996-07-22 22:20:00,,-26.173
1996-07-22 22:40:00,,-26.17
1996-07-22 23:00:00,,-26.168
1996-07-22 23:20:00,,-26.166
1996-07-22 23:40:00,,-26.164
1996-07-23 01:40:00,,-26.155
1996-07-23 02:00:00,,-26.153
1996-07-23 02:20:00,,-26.152
1996-07-23 02:40:00,,-26.151
1996-07-23 03:00:00,,-26.151
1996-07-23 03:20:00,,-26.149
1996-07-23 05:00:00,,-26.147
1996-07-23 05:20:00,,-26.145
1996-07-23 05:40:00,,-26.145
1996-07-23 06:00:00,,-26.143
1996-07-23 06:20:00,,-26.143
1996-07-23 06:40:00,,-26.141
1996-07-23 07:20:00,,-26.141
1996-07-23 07:40:00,,-26.139
1996-07-23 08:00:00,,-26.166
1996-07-23 08:20:00,,-26.179
1996-07-23 08:40:00,,-26.174
1996-07-23 09:00:00,,-26.165
1996-07-23 09:20:00,,-26.162
1996-07-23 09:40:00,,-26.19
1996-07-23 10:00:00,,-26.209
1996-07-23 10:20:00,,-26.225
1996-07-23 10:40:00,,-26.24
1996-07-23 11:00:00,,-26.252
1996-07-23 11:20:00,,-26.264
1996-07-23 12:40:00,,-26.308
1996-07-23 13:00:00,,-26.318
1996-07-23 13:20:00,,-26.327
1996-07-23 13:40:00,,-26.316
1996-07-23 14:00:00,,-26.301
1996-07-23 14:20:00,,-26.292
1996-07-23 14:40:00,,-26.288
1996-07-23 15:00:00,,-26.286
1996-07-23 15:20:00,,-26.285
1996-07-23 17:00:00,,-26.285
1996-07-23 17:20:00,,-26.286
1996-07-23 17:40:00,,-26.29
1996-07-23 18:00:00,,-26.293
1996-07-23 18:20:00,,-26.296
1996-07-23 18:40:00,,-26.302
1996-07-23 19:00:00,,-26.308
1996-07-23 19:20:00,,-26.314
1996-07-23 19:40:00,,-26.318
1996-07-23 20:00:00,,-26.319
1996-07-23 20:20:00,,-26.32
1996-07-23 21:40:00,,-26.32
1996-07-23 22:00:00,,-26.317
1996-07-23 22:20:00,,-26.312
1996-07-23 22:40:00,,-26.307
1996-07-23 23:00:00,,-26.302
1996-07-23 23:20:00,,-26.296
1996-07-23 23:40:00,,-26.292
1996-07-24 00:00:00,,-26.286
1996-07-24 00:20:00,,-26.282
1996-07-24 00:40:00,,-26.276
1996-07-24 01:00:00,,-26.272
1996-07-24 01:20:00,,-26.267
1996-07-24 01:40:00,,-26.261
1996-07-24 02:00:00,,-26.257
1996-07-24 02:20:00,,-26.253
1996-07-24 02:40:00,,-26.251
1996-07-24 03:00:00,,-26.246
1996-07-24 03:20:00,,-26.244
1996-07-24 03:40:00,,-26.242
1996-07-24 04:00:00,,-26.239
1996-07-24 04:20:00,,-26.236
1996-07-24 04:40:00,,-26.234
1996-07-24 05:00:00,,-26.232
1996-07-24 05:40:00,,-26.232
1996-07-24 06:00:00,,-26.235
1996-07-24 06:20:00,,-26.246
1996-07-24 06:40:00,,-26.256
1996-07-24 07:00:00,,-26.266
1996-07-24 07:20:00,,-26.274
1996-07-24 07:40:00,,-26.278
1996-07-24 08:20:00,,-26.278
1996-07-24 08:40:00,,-26.275
1996-07-24 09:00:00,,-26.269
1996-07-24 09:20:00,,-26.264
1996-07-24 09:40:00,,-26.259
1996-07-24 10:00:00,,-26.253
1996-07-24 10:20:00,,-26.247
1996-07-24 10:40:00,,-26.242
1996-07-24 11:00:00,,-26.236
1996-07-24 11:20:00,,-26.232
1996-07-24 11:40:00,,-26.229
1996-07-24 12:00:00,,-26.225
1996-07-24 12:20:00,,-26.223
1996-07-24 12:40:00,,-26.222
1996-07-24 13:00:00,,-26.221
1996-07-24 14:40:00,,-26.221
1996-07-24 15:00:00,,-26.233
1996-07-24 15:20:00,,-26.248
1996-07-24 15:40:00,,-26.264
1996-07-24 16:00:00,,-26.28
1996-07-24 16:20:00,,-26.296
1996-07-24 16:40:00,,-26.307
1996-07-24 17:00:00,,-26.313
1996-07-24 17:20:00,,-26.316
1996-07-24 17:40:00,,-26.318
1996-07-24 18:00:00,,-26.324
1996-07-24 18:20:00,,-26.334
1996-07-24 18:40:00,,-26.346
1996-07-24 19:00:00,,-26.357
1996-07-24 19:20:00,,-26.363
1996-07-24 19:40:00,,-26.365
1996-07-24 22:40:00,,-26.365
1996-07-25 01:00:00,,-26.358
1996-07-25 02:20:00,,-26.356
1996-07-25 05:00:00,,-26.356
1996-07-25 05:20:00,,-26.357
1996-07-25 05:40:00,,-26.366
1996-07-25 06:00:00,,-26.379
1996-07-25 06:20:00,,-26.39
1996-07-25 06:40:00,,-26.4
1996-07-25 07:00:00,,-26.4
1996-07-25 07:20:00,,-26.431
1996-07-25 07:40:00,,-26.457
1996-07-25 08:00:00,,-26.475
1996-07-25 08:20:00,,-26.468
1996-07-25 08:40:00,,-26.455
1996-07-25 09:00:00,,-26.447
1996-07-25 09:20:00,,-26.44
1996-07-25 09:40:00,,-26.435
1996-07-25 10:00:00,,-26.427
1996-07-25 10:20:00,,-26.423
1996-07-25 10:40:00,,-26.416
1996-07-25 11:00:00,,-26.409
1996-07-25 11:20:00,,-26.402
1996-07-25 11:40:00,,-26.394
1996-07-25 12:00:00,,-26.385
1996-07-25 12:20:00,,-26.378
1996-07-25 12:40:00,,-26.37
1996-07-25 13:00:00,,-26.361
1996-07-25 13:20:00,,-26.352
1996-07-25 13:40:00,,-26.345
1996-07-25 14:00:00,,-26.336
1996-07-25 14:20:00,,-26.331
1996-07-25 14:40:00,,-26.324
1996-07-25 15:00:00,,-26.319
1996-07-25 15:20:00,,-26.313
1996-07-25 15:40:00,,-26.308
1996-07-25 16:00:00,,-26.306
1996-07-25 16:20:00,,-26.302
1996-07-25 16:40:00,,-26.298
1996-07-25 17:00:00,,-26.295
1996-07-25 17:20:00,,-26.292
1996-07-25 17:40:00,,-26.291
1996-07-25 18:00:00,,-26.291
1996-07-25 18:20:00,,-26.295
1996-07-25 18:40:00,,-26.305
1996-07-25 19:00:00,,-26.313
1996-07-25 19:20:00,,-26.319
1996-07-25 19:40:00,,-26.348
1996-07-25 20:00:00,,-26.37
1996-07-25 20:20:00,,-26.384
1996-07-25 20:40:00,,-26.394
1996-07-25 21:00:00,,-26.4
1996-07-25 21:20:00,,-26.403
1996-07-25 21:40:00,,-26.407
1996-07-25 22:00:00,,-26.409
1996-07-25 22:20:00,,-26.411
1996-07-25 22:40:00,,-26.412
1996-07-25 23:00:00,,-26.413
1996-07-26 04:20:00,,-26.413
1996-07-26 04:40:00,,-26.414
1996-07-26 05:00:00,,-26.416
1996-07-26 05:20:00,,-26.42
1996-07-26 05:40:00,,-26.43
1996-07-26 07:00:00,,-26.484
1996-07-26 07:20:00,,-26.496
1996-07-26 07:40:00,,-26.502
1996-07-26 08:00:00,,-26.503
1996-07-26 09:20:00,,-26.503
1996-07-26 11:00:00,,-26.486
1996-07-26 11:20:00,,-26.484
1996-07-26 11:40:00,,-26.481
1996-07-26 12:00:00,,-26.478
1996-07-26 12:20:00,,-26.474
1996-07-26 12:40:00,,-26.471
1996-07-26 13:00:00,,-26.468
1996-07-26 13:20:00,,-26.464
1996-07-26 13:40:00,,-26.462
1996-07-26 15:00:00,,-26.462
1996-07-26 15:20:00,,-26.461
1996-07-26 15:40:00,,-26.46
1996-07-26 16:00:00,,-26.458
1996-07-26 16:20:00,,-26.458
1996-07-26 16:40:00,,-26.457
1996-07-26 17:20:00,,-26.457
1996-07-26 17:40:00,,-26.456
1996-07-27 00:00:00,,-26.456
1996-07-27 00:20:00,,-26.453
1996-07-27 01:40:00,,-26.445
1996-07-27 02:00:00,,-26.442
1996-07-27 02:20:00,,-26.442
1996-07-27 02:40:00,,-26.44
1996-07-27 03:00:00,,-26.439
1996-07-27 03:20:00,,-26.439
1996-07-27 03:40:00,,-26.438
1996-07-27 07:00:00,,-26.438
1996-07-27 07:20:00,,-26.44
1996-07-27 07:40:00,,-26.416
1996-07-27 08:00:00,,-26.395
1996-07-27 08:20:00,,-26.38
1996-07-27 08:40:00,,-26.373
1996-07-27 09:00:00,,-26.368
1996-07-27 09:20:00,,-26.363
1996-07-27 09:40:00,,-26.358
1996-07-27 10:00:00,,-26.352
1996-07-27 10:20:00,,-26.346
1996-07-27 10:40:00,,-26.342
1996-07-27 11:00:00,,-26.336
1996-07-27 11:20:00,,-26.335
1996-07-27 13:00:00,,-26.335
1996-07-27 13:20:00,,-26.332
1996-07-27 13:40:00,,-26.327
1996-07-27 14:00:00,,-26.322
1996-07-27 14:20:00,,-26.32
1996-07-27 15:00:00,,-26.32
1996-07-27 15:20:00,,-26.318
1996-07-27 15:40:00,,-26.314
1996-07-27 16:00:00,,-26.309
1996-07-27 17:20:00,,-26.291
1996-07-27 17:40:00,,-26.29
1996-07-27 18:00:00,,-26.29
1996-07-27 18:20:00,,-26.292
1996-07-27 18:40:00,,-26.302
1996-07-27 19:00:00,,-26.309
1996-07-27 19:20:00,,-26.311
1996-07-27 20:20:00,,-26.311
1996-07-27 20:40:00,,-26.308
1996-07-27 23:00:00,,-26.274
1996-07-27 23:20:00,,-26.267
1996-07-27 23:40:00,,-26.261
1996-07-28 00:00:00,,-26.256
1996-07-28 01:20:00,,-26.235
1996-07-28 01:40:00,,-26.23
1996-07-28 02:00:00,,-26.224
1996-07-28 02:20:00,,-26.219
1996-07-28 02:40:00,,-26.215
1996-07-28 03:00:00,,-26.211
1996-07-28 03:20:00,,-26.207
1996-07-28 03:40:00,,-26.203
1996-07-28 05:00:00,,-26.19
1996-07-28 05:40:00,,-26.19
1996-07-28 06:00:00,,-26.199
1996-07-28 06:20:00,,-26.21
1996-07-28 06:40:00,,-26.219
1996-07-28 07:00:00,,-26.221
1996-07-28 08:40:00,,-26.221
1996-07-28 09:00:00,,-26.22
1996-07-28 09:20:00,,-26.218
1996-07-28 10:40:00,,-26.206
1996-07-28 12:00:00,,-26.192
1996-07-28 12:20:00,,-26.189
1996-07-28 12:40:00,,-26.187
1996-07-28 13:00:00,,-26.187
1996-07-28 13:20:00,,-26.186
1996-07-28 15:00:00,,-26.186
1996-07-28 15:20:00,,-26.188
1996-07-28 15:40:00,,-26.192
1996-07-28 16:00:00,,-26.195
1996-07-28 16:20:00,,-26.2
1996-07-28 16:40:00,,-26.207
1996-07-28 17:00:00,,-26.211
1996-07-28 17:20:00,,-26.227
1996-07-28 17:40:00,,-26.265
1996-07-28 18:00:00,,-26.3
1996-07-28 18:20:00,,-26.333
1996-07-28 18:40:00,,-26.363
1996-07-28 19:00:00,,-26.388
1996-07-28 19:20:00,,-26.405
1996-07-28 19:40:00,,-26.418
1996-07-28 20:00:00,,-26.429
1996-07-28 20:20:00,,-26.438
1996-07-28 20:40:00,,-26.447
1996-07-28 21:00:00,,-26.455
1996-07-28 21:20:00,,-26.462
1996-07-28 21:40:00,,-26.469
1996-07-28 22:00:00,,-26.474
1996-07-28 22:20:00,,-26.477
1996-07-28 22:40:00,,-26.481
1996-07-28 23:00:00,,-26.482
1996-07-29 01:00:00,,-26.482
1996-07-29 01:20:00,,-26.478
1996-07-29 01:40:00,,-26.474
1996-07-29 02:00:00,,-26.471
1996-07-29 02:20:00,,-26.467
1996-07-29 02:40:00,,-26.463
1996-07-29 03:00:00,,-26.46
1996-07-29 03:20:00,,-26.456
1996-07-29 04:40:00,,-26.448
1996-07-29 05:40:00,,-26.448
1996-07-29 06:00:00,,-26.461
1996-07-29 06:20:00,,-26.473
1996-07-29 06:40:00,,-26.482
1996-07-29 07:00:00,,-26.485
1996-07-29 10:40:00,,-26.485
1996-07-29 11:00:00,,-26.484
1996-07-29 11:20:00,,-26.483
1996-07-29 11:40:00,,-26.482
1996-07-29 12:00:00,,-26.48
1996-07-29 12:20:00,,-26.477
1996-07-29 12:40:00,,-26.474
1996-07-29 13:00:00,,-26.471
1996-07-29 13:20:00,,-26.469
1996-07-29 13:40:00,,-26.465
1996-07-29 14:00:00,,-26.462
1996-07-29 14:20:00,,-26.46
1996-07-29 14:40:00,,-26.459
1996-07-29 15:00:00,,-26.458
1996-07-29 16:20:00,,-26.458
1996-07-29 16:40:00,,-26.459
1996-07-29 17:00:00,,-26.464
1996-07-29 17:20:00,,-26.471
1996-07-29 17:40:00,,-26.481
1996-07-29 18:00:00,,-26.495
1996-07-29 18:20:00,,-26.514
1996-07-29 18:40:00,,-26.534
1996-07-29 19:00:00,,-26.549
1996-07-29 19:20:00,,-26.56
1996-07-29 19:40:00,,-26.568
1996-07-29 20:00:00,,-26.574
1996-07-29 20:20:00,,-26.58
1996-07-29 20:40:00,,-26.583
1996-07-29 21:00:00,,-26.586
1996-07-29 21:20:00,,-26.589
1996-07-29 21:40:00,,-26.59
1996-07-29 22:00:00,,-26.591
1996-07-30 00:00:00,,-26.591
1996-07-30 01:40:00,,-26.568
1996-07-30 02:00:00,,-26.562
1996-07-30 02:20:00,,-26.557
1996-07-30 02:40:00,,-26.552
1996-07-30 03:00:00,,-26.547
1996-07-30 03:20:00,,-26.543
1996-07-30 03:40:00,,-26.539
1996-07-30 04:00:00,,-26.535
1996-07-30 04:20:00,,-26.532
1996-07-30 04:40:00,,-26.527
1996-07-30 05:00:00,,-26.525
1996-07-30 05:20:00,,-26.516
1996-07-30 05:40:00,,-26.493
1996-07-30 06:00:00,,-26.481
1996-07-30 06:20:00,,-26.475
1996-07-30 06:40:00,,-26.469
1996-07-30 08:00:00,,-26.429
1996-07-30 08:20:00,,-26.42
1996-07-30 08:40:00,,-26.413
1996-07-30 09:00:00,,-26.405
1996-07-30 09:20:00,,-26.399
1996-07-30 09:40:00,,-26.393
1996-07-30 10:00:00,,-26.388
1996-07-30 10:20:00,,-26.383
1996-07-30 10:40:00,,-26.377
1996-07-30 11:00:00,,-26.371
1996-07-30 11:20:00,,-26.364
1996-07-30 11:40:00,,-26.357
1996-07-30 13:00:00,,-26.333
1996-07-30 13:20:00,,-26.328
1996-07-30 13:40:00,,-26.321
1996-07-30 14:00:00,,-26.317
1996-07-30 14:20:00,,-26.314
1996-07-30 14:40:00,,-26.311
1996-07-30 15:00:00,,-26.309
1996-07-30 15:20:00,,-26.308
1996-07-30 17:00:00,,-26.308
1996-07-30 17:20:00,,-26.313
1996-07-30 17:40:00,,-26.348
1996-07-30 18:00:00,,-26.384
1996-07-30 18:20:00,,-26.415
1996-07-30 18:40:00,,-26.444
1996-07-30 19:00:00,,-26.466
1996-07-30 19:20:00,,-26.483
1996-07-30 19:40:00,,-26.496
1996-07-30 20:00:00,,-26.505
1996-07-30 20:20:00,,-26.513
1996-07-30 20:40:00,,-26.521
1996-07-30 21:00:00,,-26.526
1996-07-30 21:20:00,,-26.532
1996-07-30 21:40:00,,-26.536
1996-07-30 22:00:00,,-26.539
1996-07-30 22:20:00,,-26.542
1996-07-31 00:40:00,,-26.542
1996-07-31 02:00:00,,-26.528
1996-07-31 02:20:00,,-26.524
1996-07-31 02:40:00,,-26.52
1996-07-31 03:00:00,,-26.515
1996-07-31 03:20:00,,-26.511
1996-07-31 03:40:00,,-26.508
1996-07-31 04:00:00,,-26.503
1996-07-31 04:20:00,,-26.5
1996-07-31 04:40:00,,-26.497
1996-07-31 05:00:00,,-26.495
1996-07-31 05:40:00,,-26.495
1996-07-31 06:00:00,,-26.502
1996-07-31 06:20:00,,-26.512
1996-07-31 06:40:00,,-26.499
1996-07-31 07:00:00,,-26.475
1996-07-31 07:20:00,,-26.456
1996-07-31 07:40:00,,-26.441
1996-07-31 08:00:00,,-26.427
1996-07-31 08:20:00,,-26.416
1996-07-31 08:40:00,,-26.407
1996-07-31 09:00:00,,-26.401
1996-07-31 09:20:00,,-26.393
1996-07-31 09:40:00,,-26.389
1996-07-31 10:00:00,,-26.386
1996-07-31 10:20:00,,-26.383
1996-07-31 10:40:00,,-26.382
1996-07-31 11:00:00,,-26.38
1996-07-31 17:40:00,,-26.38
1996-07-31 18:00:00,,-26.387
1996-07-31 18:20:00,,-26.401
1996-07-31 18:40:00,,-26.415
1996-07-31 19:00:00,,-26.425
1996-07-31 19:20:00,,-26.432
1996-07-31 19:40:00,,-26.434
1996-07-31 20:00:00,,-26.436
1996-07-31 20:40:00,,-26.436
1996-07-31 22:40:00,,-26.442
1996-08-01 00:00:00,,-26.442
1996-08-01 00:20:00,,-26.441
1996-08-01 00:40:00,,-26.437
1996-08-01 01:00:00,,-26.43
1996-08-01 01:20:00,,-26.424
1996-08-01 01:40:00,,-26.417
1996-08-01 04:20:00,,-26.358
1996-08-01 04:40:00,,-26.352
1996-08-01 05:00:00,,-26.345
1996-08-01 05:20:00,,-26.342
1996-08-01 06:00:00,,-26.342
1996-08-01 06:20:00,,-26.348
1996-08-01 06:40:00,,-26.35
1996-08-01 07:20:00,,-26.35
1996-08-01 07:40:00,,-26.346
1996-08-01 08:00:00,,-26.34
1996-08-01 08:20:00,,-26.335
1996-08-01 08:40:00,,-26.33
1996-08-01 09:00:00,,-26.327
1996-08-01 09:20:00,,-26.324
1996-08-01 09:40:00,,-26.323
1996-08-01 13:20:00,,-26.323
1996-08-01 13:40:00,,-26.32
1996-08-01 14:00:00,,-26.315
1996-08-01 14:20:00,,-26.308
1996-08-01 14:40:00,,-26.303
1996-08-01 15:00:00,,-26.297
1996-08-01 15:20:00,,-26.291
1996-08-01 15:40:00,,-26.284
1996-08-01 16:00:00,,-26.278
1996-08-01 16:20:00,,-26.273
1996-08-01 16:40:00,,-26.267
1996-08-01 17:00:00,,-26.262
1996-08-01 17:20:00,,-26.257
1996-08-01 17:40:00,,-26.255
1996-08-01 18:00:00,,-26.255
1996-08-01 18:20:00,,-26.256
1996-08-01 18:40:00,,-26.264
1996-08-01 19:00:00,,-26.269
1996-08-01 19:20:00,,-26.27
1996-08-01 20:20:00,,-26.27
1996-08-01 20:40:00,,-26.266
1996-08-01 21:00:00,,-26.261
1996-08-01 21:20:00,,-26.259
1996-08-01 21:40:00,,-26.256
1996-08-01 22:00:00,,-26.252
1996-08-01 23:20:00,,-26.243
1996-08-02 01:20:00,,-26.229
1996-08-02 01:40:00,,-26.225
1996-08-02 02:00:00,,-26.222
1996-08-02 02:20:00,,-26.219
1996-08-02 02:40:00,,-26.216
1996-08-02 03:00:00,,-26.212
1996-08-02 03:20:00,,-26.21
1996-08-02 03:40:00,,-26.206
1996-08-02 04:00:00,,-26.202
1996-08-02 04:20:00,,-26.2
1996-08-02 04:40:00,,-26.197
1996-08-02 05:00:00,,-26.193
1996-08-02 05:40:00,,-26.193
1996-08-02 06:00:00,,-26.2
1996-08-02 06:20:00,,-26.209
1996-08-02 06:40:00,,-26.216
1996-08-02 07:00:00,,-26.217
1996-08-02 08:00:00,,-26.217
1996-08-02 08:20:00,,-26.215
1996-08-02 08:40:00,,-26.213
1996-08-02 09:00:00,,-26.211
1996-08-02 09:20:00,,-26.211
1996-08-02 09:40:00,,-26.209
1996-08-02 10:00:00,,-26.209
1996-08-02 10:20:00,,-26.208
1996-08-02 10:40:00,,-26.206
1996-08-02 11:00:00,,-26.205
1996-08-02 11:20:00,,-26.203
1996-08-02 11:40:00,,-26.203
1996-08-02 12:00:00,,-26.2
1996-08-02 12:20:00,,-26.198
1996-08-02 12:40:00,,-26.197
1996-08-02 13:00:00,,-26.193
1996-08-02 13:20:00,,-26.191
1996-08-02 13:40:00,,-26.187
1996-08-02 14:00:00,,-26.184
1996-08-02 14:20:00,,-26.18
1996-08-02 15:40:00,,-26.165
1996-08-02 16:00:00,,-26.162
1996-08-02 16:20:00,,-26.159
1996-08-02 16:40:00,,-26.155
1996-08-02 17:00:00,,-26.152
1996-08-02 17:20:00,,-26.15
1996-08-02 18:00:00,,-26.15
1996-08-02 18:20:00,,-26.154
1996-08-02 18:40:00,,-26.166
1996-08-02 19:00:00,,-26.174
1996-08-02 19:20:00,,-26.176
1996-08-02 20:40:00,,-26.176
1996-08-02 21:00:00,,-26.175
1996-08-02 21:20:00,,-26.173
1996-08-02 21:40:00,,-26.172
1996-08-02 22:00:00,,-26.169
1996-08-03 01:40:00,,-26.151
1996-08-03 02:00:00,,-26.15
1996-08-03 03:40:00,,-26.138
1996-08-03 04:00:00,,-26.135
1996-08-03 04:20:00,,-26.133
1996-08-03 04:40:00,,-26.13
1996-08-03 05:00:00,,-26.129
1996-08-03 05:40:00,,-26.129
1996-08-03 06:00:00,,-26.136
1996-08-03 06:20:00,,-26.147
1996-08-03 06:40:00,,-26.154
1996-08-03 07:00:00,,-26.156
1996-08-03 08:20:00,,-26.156
1996-08-03 08:40:00,,-26.153
1996-08-03 09:00:00,,-26.151
1996-08-03 09:20:00,,-26.16
1996-08-03 09:40:00,,-26.187
1996-08-03 10:00:00,,-26.205
1996-08-03 10:20:00,,-26.218
1996-08-03 10:40:00,,-26.228
1996-08-03 11:00:00,,-26.236
1996-08-03 11:20:00,,-26.242
1996-08-03 11:40:00,,-26.246
1996-08-03 12:00:00,,-26.25
1996-08-03 12:20:00,,-26.258
1996-08-03 12:40:00,,-26.245
1996-08-03 13:00:00,,-26.222
1996-08-03 13:20:00,,-26.204
1996-08-03 13:40:00,,-26.193
1996-08-03 14:00:00,,-26.184
1996-08-03 14:20:00,,-26.177
1996-08-03 14:40:00,,-26.17
1996-08-03 15:00:00,,-26.166
1996-08-03 15:20:00,,-26.16
1996-08-03 15:40:00,,-26.155
1996-08-03 16:00:00,,-26.154
1996-08-03 16:20:00,,-26.149
1996-08-03 16:40:00,,-26.153
1996-08-03 17:00:00,,-26.177
1996-08-03 17:20:00,,-26.194
1996-08-03 17:40:00,,-26.209
1996-08-03 18:00:00,,-26.226
1996-08-03 18:20:00,,-26.245
1996-08-03 18:40:00,,-26.262
1996-08-03 19:00:00,,-26.276
1996-08-03 19:20:00,,-26.283
1996-08-03 19:40:00,,-26.287
1996-08-03 20:00:00,,-26.289
1996-08-03 20:20:00,,-26.291
1996-08-03 22:40:00,,-26.298
1996-08-03 23:00:00,,-26.3
1996-08-03 23:20:00,,-26.302
1996-08-04 01:00:00,,-26.307
1996-08-04 01:20:00,,-26.307
1996-08-04 01:40:00,,-26.308
1996-08-04 02:00:00,,-26.31
1996-08-04 02:20:00,,-26.312
1996-08-04 02:40:00,,-26.313
1996-08-04 05:00:00,,-26.33
1996-08-04 05:20:00,,-26.336
1996-08-04 05:40:00,,-26.348
1996-08-04 06:00:00,,-26.362
1996-08-04 06:20:00,,-26.376
1996-08-04 06:40:00,,-26.385
1996-08-04 07:00:00,,-26.389
1996-08-04 07:20:00,,-26.391
1996-08-04 12:20:00,,-26.391
1996-08-04 12:40:00,,-26.39
1996-08-04 13:00:00,,-26.388
1996-08-04 13:20:00,,-26.386
1996-08-04 13:40:00,,-26.384
1996-08-04 14:00:00,,-26.381
1996-08-04 14:20:00,,-26.38
1996-08-04 14:40:00,,-26.379
1996-08-04 16:00:00,,-26.379
1996-08-04 16:20:00,,-26.382
1996-08-04 16:40:00,,-26.387
1996-08-04 17:00:00,,-26.392
1996-08-04 17:20:00,,-26.397
1996-08-04 17:40:00,,-26.407
1996-08-04 18:00:00,,-26.421
1996-08-04 18:20:00,,-26.439
1996-08-04 18:40:00,,-26.458
1996-08-04 19:00:00,,-26.474
1996-08-04 19:20:00,,-26.484
1996-08-04 19:40:00,,-26.49
1996-08-04 20:00:00,,-26.495
1996-08-04 20:20:00,,-26.499
1996-08-04 20:40:00,,-26.502
1996-08-04 21:00:00,,-26.506
1996-08-04 23:00:00,,-26.53
1996-08-04 23:20:00,,-26.533
1996-08-04 23:40:00,,-26.535
1996-08-05 00:00:00,,-26.537
1996-08-05 00:20:00,,-26.538
1996-08-05 02:40:00,,-26.538
1996-08-05 03:00:00,,-26.537
1996-08-05 03:20:00,,-26.537
1996-08-05 03:40:00,,-26.535
1996-08-05 04:00:00,,-26.535
1996-08-05 04:20:00,,-26.533
1996-08-05 04:40:00,,-26.532
1996-08-05 05:00:00,,-26.531
1996-08-05 05:40:00,,-26.531
1996-08-05 06:00:00,,-26.541
1996-08-05 06:20:00,,-26.551
1996-08-05 06:40:00,,-26.557
1996-08-05 07:00:00,,-26.558
1996-08-05 08:00:00,,-26.558
1996-08-05 08:20:00,,-26.557
1996-08-05 08:40:00,,-26.553
1996-08-05 09:00:00,,-26.548
1996-08-05 09:20:00,,-26.545
1996-08-05 09:40:00,,-26.542
1996-08-05 10:00:00,,-26.54
1996-08-05 10:20:00,,-26.538
1996-08-05 10:40:00,,-26.537
1996-08-05 12:20:00,,-26.537
1996-08-05 12:40:00,,-26.538
1996-08-05 13:00:00,,-26.54
1996-08-05 13:20:00,,-26.543
1996-08-05 13:40:00,,-26.546
1996-08-05 14:00:00,,-26.548
1996-08-05 14:20:00,,-26.55
1996-08-05 14:40:00,,-26.554
1996-08-05 15:00:00,,-26.557
1996-08-05 15:20:00,,-26.559
1996-08-05 15:40:00,,-26.561
1996-08-05 16:00:00,,-26.565
1996-08-05 16:20:00,,-26.568
1996-08-05 16:40:00,,-26.571
1996-08-05 17:00:00,,-26.575
1996-08-05 17:20:00,,-26.579
1996-08-05 17:40:00,,-26.585
1996-08-05 18:00:00,,-26.597
1996-08-05 18:20:00,,-26.612
1996-08-05 18:40:00,,-26.627
1996-08-05 19:00:00,,-26.639
1996-08-05 19:20:00,,-26.644
1996-08-05 19:40:00,,-26.647
1996-08-05 20:00:00,,-26.648
1996-08-05 21:00:00,,-26.648
1996-08-05 21:20:00,,-26.646
1996-08-05 21:40:00,,-26.64
1996-08-05 22:00:00,,-26.634
1996-08-05 22:20:00,,-26.628
1996-08-05 22:40:00,,-26.621
1996-08-05 23:00:00,,-26.616
1996-08-05 23:20:00,,-26.609
1996-08-05 23:40:00,,-26.604
1996-08-06 01:20:00,,-26.577
1996-08-06 01:40:00,,-26.572
1996-08-06 02:00:00,,-26.568
1996-08-06 02:20:00,,-26.565
1996-08-06 02:40:00,,-26.563
1996-08-06 03:00:00,,-26.56
1996-08-06 03:20:00,,-26.558
1996-08-06 03:40:00,,-26.558
1996-08-06 04:00:00,,-26.556
1996-08-06 04:20:00,,-26.555
1996-08-06 04:40:00,,-26.554
1996-08-06 05:40:00,,-26.554
1996-08-06 06:00:00,,-26.565
1996-08-06 06:20:00,,-26.575
1996-08-06 06:40:00,,-26.581
1996-08-06 07:00:00,,-26.583
1996-08-06 08:00:00,,-26.583
1996-08-06 08:20:00,,-26.582
1996-08-06 08:40:00,,-26.578
1996-08-06 09:00:00,,-26.574
1996-08-06 09:20:00,,-26.57
1996-08-06 09:40:00,,-26.565
1996-08-06 10:00:00,,-26.56
1996-08-06 10:20:00,,-26.556
1996-08-06 10:40:00,,-26.553
1996-08-06 11:00:00,,-26.551
1996-08-06 11:20:00,,-26.548
1996-08-06 11:40:00,,-26.546
1996-08-06 16:20:00,,-26.546
1996-08-06 16:40:00,,-26.545
1996-08-06 17:00:00,,-26.543
1996-08-06 17:20:00,,-26.542
1996-08-06 18:00:00,,-26.542
1996-08-06 18:20:00,,-26.549
1996-08-06 18:40:00,,-26.56
1996-08-06 19:00:00,,-26.567
1996-08-06 19:20:00,,-26.57
1996-08-06 19:40:00,,-26.571
1996-08-06 20:40:00,,-26.571
1996-08-06 21:00:00,,-26.567
1996-08-06 21:20:00,,-26.563
1996-08-06 21:40:00,,-26.56
1996-08-06 22:00:00,,-26.558
1996-08-06 22:20:00,,-26.555
1996-08-06 22:40:00,,-26.552
1996-08-06 23:00:00,,-26.548
1996-08-06 23:20:00,,-26.546
1996-08-06 23:40:00,,-26.544
1996-08-07 00:00:00,,-26.541
1996-08-07 00:20:00,,-26.539
1996-08-07 00:40:00,,-26.537
1996-08-07 01:00:00,,-26.535
1996-08-07 01:20:00,,-26.534
1996-08-07 01:40:00,,-26.531
1996-08-07 04:00:00,,-26.521
1996-08-07 04:20:00,,-26.519
1996-08-07 05:00:00,,-26.519
1996-08-07 05:20:00,,-26.518
1996-08-07 05:40:00,,-26.519
1996-08-07 06:00:00,,-26.532
1996-08-07 06:20:00,,-26.543
1996-08-07 06:40:00,,-26.55
1996-08-07 07:00:00,,-26.552
1996-08-07 07:20:00,,-26.553
1996-08-07 07:40:00,,-26.553
1996-08-07 08:00:00,,-26.523
1996-08-07 08:20:00,,-26.497
1996-08-07 08:40:00,,-26.477
1996-08-07 09:00:00,,-26.462
1996-08-07 09:20:00,,-26.451
1996-08-07 09:40:00,,-26.438
1996-08-07 11:00:00,,-26.402
1996-08-07 11:20:00,,-26.395
1996-08-07 11:40:00,,-26.387
1996-08-07 12:00:00,,-26.379
1996-08-07 12:20:00,,-26.372
1996-08-07 12:40:00,,-26.366
1996-08-07 13:00:00,,-26.358
1996-08-07 13:20:00,,-26.352
1996-08-07 13:40:00,,-26.348
1996-08-07 14:00:00,,-26.342
1996-08-07 14:20:00,,-26.336
1996-08-07 14:40:00,,-26.332
1996-08-07 15:00:00,,-26.327
1996-08-07 15:20:00,,-26.323
1996-08-07 15:40:00,,-26.321
1996-08-07 16:00:00,,-26.319
1996-08-07 17:20:00,,-26.319
1996-08-07 17:40:00,,-26.32
1996-08-07 18:00:00,,-26.333
1996-08-07 18:20:00,,-26.349
1996-08-07 18:40:00,,-26.366
1996-08-07 19:00:00,,-26.379
1996-08-07 19:20:00,,-26.387
1996-08-07 19:40:00,,-26.392
1996-08-07 20:00:00,,-26.396
1996-08-07 20:20:00,,-26.399
1996-08-07 21:40:00,,-26.407
1996-08-07 23:00:00,,-26.417
1996-08-07 23:20:00,,-26.419
1996-08-08 01:40:00,,-26.431
1996-08-08 02:00:00,,-26.434
1996-08-08 02:20:00,,-26.437
1996-08-08 02:40:00,,-26.439
1996-08-08 04:00:00,,-26.453
1996-08-08 04:20:00,,-26.458
1996-08-08 04:40:00,,-26.463
1996-08-08 05:00:00,,-26.469
1996-08-08 05:20:00,,-26.477
1996-08-08 05:40:00,,-26.49
1996-08-08 06:00:00,,-26.506
1996-08-08 06:20:00,,-26.521
1996-08-08 06:40:00,,-26.533
1996-08-08 07:00:00,,-26.538
1996-08-08 07:20:00,,-26.544
1996-08-08 07:40:00,,-26.546
1996-08-08 08:00:00,,-26.548
1996-08-08 08:20:00,,-26.552
1996-08-08 09:40:00,,-26.561
1996-08-08 10:00:00,,-26.564
1996-08-08 10:20:00,,-26.566
1996-08-08 10:40:00,,-26.567
1996-08-08 11:00:00,,-26.569
1996-08-08 11:20:00,,-26.569
1996-08-08 11:40:00,,-26.57
1996-08-08 13:40:00,,-26.57
1996-08-08 14:00:00,,-26.567
1996-08-08 14:20:00,,-26.563
1996-08-08 14:40:00,,-26.559
1996-08-08 15:00:00,,-26.554
1996-08-08 15:20:00,,-26.549
1996-08-08 15:40:00,,-26.545
1996-08-08 16:00:00,,-26.537
1996-08-08 16:20:00,,-26.531
1996-08-08 16:40:00,,-26.525
1996-08-08 17:00:00,,-26.518
1996-08-08 17:20:00,,-26.518
1996-08-08 17:40:00,,-26.544
1996-08-08 18:00:00,,-26.567
1996-08-08 18:20:00,,-26.59
1996-08-08 18:40:00,,-26.609
1996-08-08 19:00:00,,-26.622
1996-08-08 19:20:00,,-26.628
1996-08-08 19:40:00,,-26.63
1996-08-08 20:00:00,,-26.631
1996-08-08 20:40:00,,-26.631
1996-08-08 21:00:00,,-26.617
1996-08-08 21:20:00,,-26.585
1996-08-08 21:40:00,,-26.564
1996-08-08 22:00:00,,-26.547
1996-08-08 22:20:00,,-26.532
1996-08-08 22:40:00,,-26.518
1996-08-08 23:00:00,,-26.507
1996-08-08 23:20:00,,-26.495
1996-08-08 23:40:00,,-26.484
1996-08-09 01:40:00,,-26.436
1996-08-09 02:00:00,,-26.43
1996-08-09 02:20:00,,-26.424
1996-08-09 02:40:00,,-26.418
1996-08-09 03:00:00,,-26.415
1996-08-09 03:20:00,,-26.411
1996-08-09 03:40:00,,-26.407
1996-08-09 04:00:00,,-26.404
1996-08-09 04:20:00,,-26.401
1996-08-09 04:40:00,,-26.398
1996-08-09 05:00:00,,-26.397
1996-08-09 05:40:00,,-26.397
1996-08-09 06:00:00,,-26.403
1996-08-09 06:20:00,,-26.412
1996-08-09 06:40:00,,-26.416
1996-08-09 07:40:00,,-26.416
1996-08-09 08:00:00,,-26.41
1996-08-09 08:20:00,,-26.416
1996-08-09 08:40:00,,-26.438
1996-08-09 09:00:00,,-26.452
1996-08-09 09:20:00,,-26.458
1996-08-09 09:40:00,,-26.437
1996-08-09 10:00:00,,-26.421
1996-08-09 10:20:00,,-26.409
1996-08-09 10:40:00,,-26.399
1996-08-09 11:00:00,,-26.391
1996-08-09 11:20:00,,-26.384
1996-08-09 11:40:00,,-26.379
1996-08-09 12:00:00,,-26.376
1996-08-09 12:20:00,,-26.374
1996-08-09 12:40:00,,-26.372
1996-08-09 13:00:00,,-26.371
1996-08-09 13:20:00,,-26.37
1996-08-09 13:40:00,,-26.369
1996-08-09 15:40:00,,-26.369
1996-08-09 16:00:00,,-26.37
1996-08-09 16:20:00,,-26.372
1996-08-09 16:40:00,,-26.376
1996-08-09 17:00:00,,-26.38
1996-08-09 17:20:00,,-26.382
1996-08-09 17:40:00,,-26.389
1996-08-09 18:00:00,,-26.4
1996-08-09 18:20:00,,-26.415
1996-08-09 18:40:00,,-26.431
1996-08-09 19:00:00,,-26.444
1996-08-09 19:20:00,,-26.451
1996-08-09 19:40:00,,-26.454
1996-08-09 20:00:00,,-26.456
1996-08-09 20:20:00,,-26.457
1996-08-09 20:40:00,,-26.458
1996-08-09 21:00:00,,-26.459
1996-08-09 21:20:00,,-26.459
1996-08-09 21:40:00,,-26.46
1996-08-10 02:40:00,,-26.46
1996-08-10 03:00:00,,-26.462
1996-08-10 03:20:00,,-26.463
1996-08-10 03:40:00,,-26.464
1996-08-10 04:00:00,,-26.467
1996-08-10 04:20:00,,-26.47
1996-08-10 04:40:00,,-26.473
1996-08-10 05:00:00,,-26.477
1996-08-10 05:20:00,,-26.484
1996-08-10 05:40:00,,-26.496
1996-08-10 06:00:00,,-26.511
1996-08-10 06:20:00,,-26.526
1996-08-10 06:40:00,,-26.54
1996-08-10 07:00:00,,-26.546
1996-08-10 07:20:00,,-26.549
1996-08-10 07:40:00,,-26.552
1996-08-10 08:00:00,,-26.56
1996-08-10 08:20:00,,-26.59
1996-08-10 08:40:00,,-26.614
1996-08-10 09:00:00,,-26.631
1996-08-10 09:20:00,,-26.643
1996-08-10 09:40:00,,-26.652
1996-08-10 10:00:00,,-26.66
1996-08-10 10:20:00,,-26.665
1996-08-10 10:40:00,,-26.669
1996-08-10 11:00:00,,-26.673
1996-08-10 11:20:00,,-26.676
1996-08-10 11:40:00,,-26.679
1996-08-10 12:00:00,,-26.684
1996-08-10 12:20:00,,-26.665
1996-08-10 12:40:00,,-26.641
1996-08-10 13:00:00,,-26.625
1996-08-10 13:20:00,,-26.612
1996-08-10 13:40:00,,-26.602
1996-08-10 14:00:00,,-26.595
1996-08-10 14:20:00,,-26.589
1996-08-10 14:40:00,,-26.584
1996-08-10 15:00:00,,-26.579
1996-08-10 15:20:00,,-26.576
1996-08-10 15:40:00,,-26.572
1996-08-10 17:00:00,,-26.566
1996-08-10 17:20:00,,-26.565
1996-08-10 18:00:00,,-26.565
1996-08-10 18:20:00,,-26.586
1996-08-10 18:40:00,,-26.628
1996-08-10 19:00:00,,-26.658
1996-08-10 19:20:00,,-26.679
1996-08-10 19:40:00,,-26.692
1996-08-10 20:00:00,,-26.701
1996-08-10 20:20:00,,-26.708
1996-08-10 20:40:00,,-26.71
1996-08-10 21:00:00,,-26.686
1996-08-10 21:20:00,,-26.669
1996-08-10 21:40:00,,-26.658
1996-08-10 22:00:00,,-26.648
1996-08-10 22:20:00,,-26.64
1996-08-10 22:40:00,,-26.632
1996-08-10 23:00:00,,-26.625
1996-08-10 23:20:00,,-26.617
1996-08-10 23:40:00,,-26.607
1996-08-11 00:00:00,,-26.598
1996-08-11 00:20:00,,-26.588
1996-08-11 00:40:00,,-26.579
1996-08-11 01:00:00,,-26.568
1996-08-11 01:20:00,,-26.559
1996-08-11 01:40:00,,-26.549
1996-08-11 02:00:00,,-26.54
1996-08-11 02:20:00,,-26.531
1996-08-11 02:40:00,,-26.523
1996-08-11 03:00:00,,-26.516
1996-08-11 03:20:00,,-26.509
1996-08-11 03:40:00,,-26.503
1996-08-11 04:00:00,,-26.498
1996-08-11 04:20:00,,-26.493
1996-08-11 04:40:00,,-26.488
1996-08-11 05:00:00,,-26.484
1996-08-11 05:20:00,,-26.483
1996-08-11 06:00:00,,-26.483
1996-08-11 06:20:00,,-26.49
1996-08-11 06:40:00,,-26.493
1996-08-11 07:00:00,,-26.494
1996-08-11 07:20:00,,-26.494
1996-08-11 07:40:00,,-26.491
1996-08-11 08:00:00,,-26.485
1996-08-11 08:20:00,,-26.478
1996-08-11 08:40:00,,-26.473
1996-08-11 09:00:00,,-26.465
1996-08-11 09:20:00,,-26.474
1996-08-11 09:40:00,,-26.495
1996-08-11 10:00:00,,-26.509
1996-08-11 10:20:00,,-26.518
1996-08-11 10:40:00,,-26.524
1996-08-11 11:00:00,,-26.528
1996-08-11 11:20:00,,-26.532
1996-08-11 11:40:00,,-26.535
1996-08-11 12:00:00,,-26.537
1996-08-11 12:20:00,,-26.541
1996-08-11 12:40:00,,-26.545
1996-08-11 13:00:00,,-26.549
1996-08-11 13:20:00,,-26.554
1996-08-11 13:40:00,,-26.557
1996-08-11 14:00:00,,-26.561
1996-08-11 14:20:00,,-26.564
1996-08-11 14:40:00,,-26.569
1996-08-11 15:00:00,,-26.572
1996-08-11 15:20:00,,-26.576
1996-08-11 15:40:00,,-26.58
1996-08-11 16:00:00,,-26.584
1996-08-11 16:20:00,,-26.589
1996-08-11 16:40:00,,-26.594
1996-08-11 17:00:00,,-26.598
1996-08-11 17:20:00,,-26.604
1996-08-11 17:40:00,,-26.612
1996-08-11 18:00:00,,-26.624
1996-08-11 18:20:00,,-26.64
1996-08-11 18:40:00,,-26.657
1996-08-11 19:00:00,,-26.672
1996-08-11 19:20:00,,-26.68
1996-08-11 19:40:00,,-26.685
1996-08-11 20:00:00,,-26.686
1996-08-11 20:20:00,,-26.687
1996-08-11 21:40:00,,-26.687
1996-08-11 22:00:00,,-26.685
1996-08-11 22:20:00,,-26.68
1996-08-11 22:40:00,,-26.676
1996-08-11 23:00:00,,-26.672
1996-08-11 23:20:00,,-26.668
1996-08-12 01:00:00,,-26.643
1996-08-12 01:20:00,,-26.639
1996-08-12 01:40:00,,-26.633
1996-08-12 02:00:00,,-26.629
1996-08-12 02:20:00,,-26.625
1996-08-12 02:40:00,,-26.621
1996-08-12 04:00:00,,-26.61
1996-08-12 04:20:00,,-26.608
1996-08-12 04:40:00,,-26.605
1996-08-12 05:00:00,,-26.604
1996-08-12 05:40:00,,-26.604
1996-08-12 06:00:00,,-26.614
1996-08-12 06:20:00,,-26.627
1996-08-12 06:40:00,,-26.635
1996-08-12 07:00:00,,-26.639
1996-08-12 07:20:00,,-26.64
1996-08-12 09:00:00,,-26.64
1996-08-12 09:20:00,,-26.636
1996-08-12 09:40:00,,-26.632
1996-08-12 10:00:00,,-26.629
1996-08-12 10:20:00,,-26.628
1996-08-12 10:40:00,,-26.626
1996-08-12 11:00:00,,-26.626
1996-08-12 11:20:00,,-26.629
1996-08-12 11:40:00,,-26.638
1996-08-12 12:00:00,,-26.642
1996-08-12 13:00:00,,-26.642
1996-08-12 13:20:00,,-26.641
1996-08-12 14:20:00,,-26.641
1996-08-12 14:40:00,,-26.64
1996-08-12 16:00:00,,-26.611
1996-08-12 16:20:00,,-26.606
1996-08-12 16:40:00,,-26.601
1996-08-12 17:00:00,,-26.596
1996-08-12 17:20:00,,-26.592
1996-08-12 17:40:00,,-26.591
1996-08-12 18:00:00,,-26.59
1996-08-12 18:20:00,,-26.59
1996-08-12 18:40:00,,-26.592
1996-08-12 21:00:00,,-26.592
1996-08-12 22:20:00,,-26.584
1996-08-12 22:40:00,,-26.583
1996-08-13 00:00:00,,-26.573
1996-08-13 00:20:00,,-26.57
1996-08-13 00:40:00,,-26.568
1996-08-13 01:00:00,,-26.564
1996-08-13 01:20:00,,-26.561
1996-08-13 02:40:00,,-26.551
1996-08-13 03:00:00,,-26.549
1996-08-13 03:20:00,,-26.548
1996-08-13 03:40:00,,-26.547
1996-08-13 04:00:00,,-26.546
1996-08-13 05:20:00,,-26.544
1996-08-13 05:40:00,,-26.542
1996-08-13 06:00:00,,-26.542
1996-08-13 06:20:00,,-26.541
1996-08-13 07:00:00,,-26.541
1996-08-13 07:20:00,,-26.54
1996-08-13 12:00:00,,-26.54
1996-08-13 12:20:00,,-26.544
1996-08-13 12:40:00,,-26.552
1996-08-13 13:00:00,,-26.559
1996-08-13 13:20:00,,-26.564
1996-08-13 13:40:00,,-26.568
1996-08-13 14:00:00,,-26.571
1996-08-13 14:20:00,,-26.574
1996-08-13 14:40:00,,-26.579
1996-08-13 15:00:00,,-26.582
1996-08-13 15:20:00,,-26.586
1996-08-13 16:40:00,,-26.598
1996-08-13 17:00:00,,-26.602
1996-08-13 17:20:00,,-26.606
1996-08-13 17:40:00,,-26.611
1996-08-13 18:00:00,,-26.619
1996-08-13 18:20:00,,-26.632
1996-08-13 18:40:00,,-26.647
1996-08-13 19:00:00,,-26.663
1996-08-13 19:20:00,,-26.677
1996-08-13 19:40:00,,-26.685
1996-08-13 20:00:00,,-26.689
1996-08-13 20:20:00,,-26.692
1996-08-13 20:40:00,,-26.693
1996-08-13 21:00:00,,-26.695
1996-08-13 21:20:00,,-26.697
1996-08-13 21:40:00,,-26.698
1996-08-13 22:00:00,,-26.699
1996-08-13 23:40:00,,-26.699
1996-08-14 01:00:00,,-26.679
1996-08-14 01:20:00,,-26.672
1996-08-14 01:40:00,,-26.667
1996-08-14 02:00:00,,-26.66
1996-08-14 02:20:00,,-26.655
1996-08-14 02:40:00,,-26.649
1996-08-14 03:00:00,,-26.644
1996-08-14 03:20:00,,-26.64
1996-08-14 04:40:00,,-26.624
1996-08-14 05:00:00,,-26.621
1996-08-14 05:20:00,,-26.62
1996-08-14 06:00:00,,-26.62
1996-08-14 06:20:00,,-26.628
1996-08-14 06:40:00,,-26.639
1996-08-14 07:00:00,,-26.647
1996-08-14 07:20:00,,-26.65
1996-08-14 10:40:00,,-26.65
1996-08-14 11:00:00,,-26.649
1996-08-14 12:40:00,,-26.649
1996-08-14 14:00:00,,-26.66
1996-08-14 14:20:00,,-26.663
1996-08-14 14:40:00,,-26.665
1996-08-14 15:00:00,,-26.665
1996-08-14 15:20:00,,-26.646
1996-08-14 15:40:00,,-26.647
1996-08-14 16:00:00,,-26.658
1996-08-14 16:20:00,,-26.665
1996-08-14 16:40:00,,-26.672
1996-08-14 17:00:00,,-26.677
1996-08-14 17:20:00,,-26.682
1996-08-14 17:40:00,,-26.686
1996-08-14 18:00:00,,-26.692
1996-08-14 18:20:00,,-26.702
1996-08-14 18:40:00,,-26.716
1996-08-14 20:00:00,,-26.78
1996-08-14 20:20:00,,-26.794
1996-08-14 20:40:00,,-26.808
1996-08-14 21:00:00,,-26.822
1996-08-14 21:20:00,,-26.835
1996-08-14 21:40:00,,-26.847
1996-08-14 22:00:00,,-26.859
1996-08-14 22:20:00,,-26.867
1996-08-14 22:40:00,,-26.871
1996-08-14 23:40:00,,-26.871
1996-08-15 00:00:00,,-26.869
1996-08-15 00:20:00,,-26.865
1996-08-15 00:40:00,,-26.861
1996-08-15 01:00:00,,-26.858
1996-08-15 01:20:00,,-26.854
1996-08-15 01:40:00,,-26.851
1996-08-15 02:00:00,,-26.848
1996-08-15 02:20:00,,-26.845
1996-08-15 02:40:00,,-26.841
1996-08-15 03:00:00,,-26.837
1996-08-15 04:20:00,,-26.828
1996-08-15 04:40:00,,-26.826
1996-08-15 05:20:00,,-26.826
1996-08-15 05:40:00,,-26.837
1996-08-15 06:00:00,,-26.85
1996-08-15 06:20:00,,-26.862
1996-08-15 06:40:00,,-26.874
1996-08-15 07:00:00,,-26.881
1996-08-15 07:20:00,,-26.884
1996-08-15 07:40:00,,-26.885
1996-08-15 08:00:00,,-26.889
1996-08-15 08:20:00,,-26.898
1996-08-15 08:40:00,,-26.908
1996-08-15 09:00:00,,-26.919
1996-08-15 09:20:00,,-26.931
1996-08-15 09:40:00,,-26.942
1996-08-15 10:00:00,,-26.954
1996-08-15 10:20:00,,-26.953
1996-08-15 10:40:00,,-26.926
1996-08-15 11:00:00,,-26.899
1996-08-15 11:20:00,,-26.898
1996-08-15 11:40:00,,-26.908
1996-08-15 12:00:00,,-26.919
1996-08-15 12:20:00,,-26.928
1996-08-15 12:40:00,,-26.937
1996-08-15 13:00:00,,-26.946
1996-08-15 13:20:00,,-26.954
1996-08-15 13:40:00,,-26.961
1996-08-15 14:00:00,,-26.967
1996-08-15 14:20:00,,-26.972
1996-08-15 14:40:00,,-26.976
1996-08-15 15:00:00,,-26.978
1996-08-15 15:20:00,,-26.978
1996-08-15 15:40:00,,-26.977
1996-08-15 16:00:00,,-26.969
1996-08-15 16:20:00,,-26.965
1996-08-15 17:00:00,,-26.965
1996-08-15 17:20:00,,-26.967
1996-08-15 17:40:00,,-26.957
1996-08-15 18:00:00,,-26.961
1996-08-15 18:20:00,,-26.977
1996-08-15 18:40:00,,-26.989
1996-08-15 19:00:00,,-27.001
1996-08-15 19:20:00,,-27.012
1996-08-15 19:40:00,,-27.004
1996-08-15 20:00:00,,-26.987
1996-08-15 20:20:00,,-26.971
1996-08-15 20:40:00,,-26.955
1996-08-15 21:00:00,,-26.938
1996-08-15 21:20:00,,-26.924
1996-08-15 21:40:00,,-26.908
1996-08-15 22:00:00,,-26.894
1996-08-15 22:20:00,,-26.88
1996-08-15 22:40:00,,-26.865
1996-08-15 23:00:00,,-26.849
1996-08-15 23:20:00,,-26.835
1996-08-15 23:40:00,,-26.821
1996-08-16 00:00:00,,-26.808
1996-08-16 00:20:00,,-26.793
1996-08-16 00:40:00,,-26.781
1996-08-16 01:00:00,,-26.768
1996-08-16 01:20:00,,-26.755
1996-08-16 01:40:00,,-26.743
1996-08-16 02:00:00,,-26.73
1996-08-16 02:20:00,,-26.72
1996-08-16 02:40:00,,-26.712
1996-08-16 03:00:00,,-26.702
1996-08-16 03:20:00,,-26.692
1996-08-16 03:40:00,,-26.682
1996-08-16 04:00:00,,-26.675
1996-08-16 04:20:00,,-26.665
1996-08-16 04:40:00,,-26.656
1996-08-16 05:00:00,,-26.647
1996-08-16 05:20:00,,-26.641
1996-08-16 05:40:00,,-26.633
1996-08-16 06:00:00,,-26.632
1996-08-16 06:40:00,,-26.632
1996-08-16 07:00:00,,-26.64
1996-08-16 07:20:00,,-26.651
1996-08-16 07:40:00,,-26.656
1996-08-16 08:00:00,,-26.684
1996-08-16 08:20:00,,-26.708
1996-08-16 08:40:00,,-26.719
1996-08-16 09:00:00,,-26.728
1996-08-16 09:20:00,,-26.733
1996-08-16 09:40:00,,-26.735
1996-08-16 10:00:00,,-26.737
1996-08-16 10:20:00,,-26.739
1996-08-16 10:40:00,,-26.74
1996-08-16 11:00:00,,-26.744
1996-08-16 11:20:00,,-26.744
1996-08-16 11:40:00,,-26.745
1996-08-16 12:00:00,,-26.748
1996-08-16 12:20:00,,-26.75
1996-08-16 12:40:00,,-26.752
1996-08-16 13:00:00,,-26.757
1996-08-16 13:20:00,,-26.762
1996-08-16 13:40:00,,-26.764
1996-08-16 14:00:00,,-26.765
1996-08-16 14:20:00,,-26.768
1996-08-16 14:40:00,,-26.771
1996-08-16 16:00:00,,-26.777
1996-08-16 16:20:00,,-26.78
1996-08-16 16:40:00,,-26.783
1996-08-16 17:00:00,,-26.79
1996-08-16 17:20:00,,-26.802
1996-08-16 17:40:00,,-26.814
1996-08-16 18:00:00,,-26.821
1996-08-16 18:20:00,,-26.825
1996-08-16 18:40:00,,-26.826
1996-08-16 19:00:00,,-26.828
1996-08-16 19:20:00,,-26.834
1996-08-16 19:40:00,,-26.842
1996-08-16 20:00:00,,-26.85
1996-08-16 20:20:00,,-26.854
1996-08-16 21:20:00,,-26.854
1996-08-16 21:40:00,,-26.847
1996-08-16 22:00:00,,-26.841
1996-08-16 22:20:00,,-26.835
1996-08-16 22:40:00,,-26.829
1996-08-16 23:00:00,,-26.823
1996-08-16 23:20:00,,-26.818
1996-08-16 23:40:00,,-26.812
1996-08-17 00:00:00,,-26.807
1996-08-17 00:20:00,,-26.799
1996-08-17 00:40:00,,-26.794
1996-08-17 01:00:00,,-26.788
1996-08-17 01:20:00,,-26.782
1996-08-17 01:40:00,,-26.777
1996-08-17 02:00:00,,-26.772
1996-08-17 02:20:00,,-26.768
1996-08-17 02:40:00,,-26.763
1996-08-17 03:00:00,,-26.761
1996-08-17 03:20:00,,-26.756
1996-08-17 03:40:00,,-26.752
1996-08-17 04:00:00,,-26.751
1996-08-17 04:20:00,,-26.746
1996-08-17 04:40:00,,-26.744
1996-08-17 05:00:00,,-26.739
1996-08-17 05:20:00,,-26.737
1996-08-17 05:40:00,,-26.734
1996-08-17 06:20:00,,-26.734
1996-08-17 06:40:00,,-26.74
1996-08-17 07:00:00,,-26.749
1996-08-17 07:20:00,,-26.758
1996-08-17 07:40:00,,-26.767
1996-08-17 08:00:00,,-26.772
1996-08-17 09:00:00,,-26.772
1996-08-17 09:20:00,,-26.771
1996-08-17 09:40:00,,-26.765
1996-08-17 10:00:00,,-26.762
1996-08-17 10:20:00,,-26.759
1996-08-17 10:40:00,,-26.754
1996-08-17 11:00:00,,-26.75
1996-08-17 11:20:00,,-26.745
1996-08-17 11:40:00,,-26.738
1996-08-17 12:00:00,,-26.737
1996-08-17 12:20:00,,-26.733
1996-08-17 12:40:00,,-26.728
1996-08-17 13:00:00,,-26.725
1996-08-17 13:20:00,,-26.72
1996-08-17 13:40:00,,-26.715
1996-08-17 15:20:00,,-26.695
1996-08-17 15:40:00,,-26.692
1996-08-17 16:00:00,,-26.689
1996-08-17 16:20:00,,-26.685
1996-08-17 16:40:00,,-26.681
1996-08-17 17:00:00,,-26.679
1996-08-17 17:20:00,,-26.677
1996-08-17 17:40:00,,-26.674
1996-08-17 18:00:00,,-26.672
1996-08-17 18:20:00,,-26.668
1996-08-17 18:40:00,,-26.667
1996-08-17 19:20:00,,-26.667
1996-08-17 19:40:00,,-26.678
1996-08-17 20:00:00,,-26.686
1996-08-17 20:20:00,,-26.667
1996-08-17 20:40:00,,-26.647
1996-08-17 21:00:00,,-26.63
1996-08-17 21:20:00,,-26.615
1996-08-17 21:40:00,,-26.601
1996-08-17 22:00:00,,-26.59
1996-08-17 22:20:00,,-26.581
1996-08-17 22:40:00,,-26.572
1996-08-17 23:00:00,,-26.564
1996-08-17 23:20:00,,-26.556
1996-08-17 23:40:00,,-26.549
1996-08-18 00:00:00,,-26.544
1996-08-18 00:20:00,,-26.537
1996-08-18 00:40:00,,-26.532
1996-08-18 01:00:00,,-26.525
1996-08-18 01:20:00,,-26.519
1996-08-18 01:40:00,,-26.513
1996-08-18 02:00:00,,-26.506
1996-08-18 02:20:00,,-26.501
1996-08-18 02:40:00,,-26.495
1996-08-18 03:00:00,,-26.492
1996-08-18 03:20:00,,-26.487
1996-08-18 03:40:00,,-26.484
1996-08-18 04:00:00,,-26.481
1996-08-18 04:20:00,,-26.477
1996-08-18 04:40:00,,-26.474
1996-08-18 05:00:00,,-26.472
1996-08-18 05:20:00,,-26.468
1996-08-18 05:40:00,,-26.466
1996-08-18 06:00:00,,-26.466
1996-08-18 06:20:00,,-26.467
1996-08-18 06:40:00,,-26.478
1996-08-18 07:00:00,,-26.49
1996-08-18 07:20:00,,-26.502
1996-08-18 07:40:00,,-26.511
1996-08-18 08:00:00,,-26.516
1996-08-18 08:20:00,,-26.518
1996-08-18 10:20:00,,-26.518
1996-08-18 10:40:00,,-26.519
1996-08-18 11:00:00,,-26.522
1996-08-18 11:20:00,,-26.524
1996-08-18 11:40:00,,-26.526
1996-08-18 12:00:00,,-26.528
1996-08-18 13:20:00,,-26.534
1996-08-18 13:40:00,,-26.536
1996-08-18 14:00:00,,-26.537
1996-08-18 14:20:00,,-26.538
1996-08-18 14:40:00,,-26.54
1996-08-18 15:00:00,,-26.542
1996-08-18 15:20:00,,-26.543
1996-08-18 15:40:00,,-26.544
1996-08-18 16:00:00,,-26.545
1996-08-18 16:20:00,,-26.547
1996-08-18 16:40:00,,-26.549
1996-08-18 17:00:00,,-26.55
1996-08-18 17:20:00,,-26.552
1996-08-18 17:40:00,,-26.555
1996-08-18 18:00:00,,-26.556
1996-08-18 18:20:00,,-26.558
1996-08-18 18:40:00,,-26.56
1996-08-18 19:00:00,,-26.567
1996-08-18 19:20:00,,-26.578
1996-08-18 19:40:00,,-26.593
1996-08-18 20:00:00,,-26.609
1996-08-18 20:20:00,,-26.621
1996-08-18 20:40:00,,-26.626
1996-08-18 21:00:00,,-26.627
1996-08-18 21:20:00,,-26.628
1996-08-18 22:20:00,,-26.628
1996-08-18 22:40:00,,-26.626
1996-08-18 23:00:00,,-26.621
1996-08-18 23:20:00,,-26.616
1996-08-18 23:40:00,,-26.609
1996-08-19 00:00:00,,-26.605
1996-08-19 00:20:00,,-26.598
1996-08-19 00:40:00,,-26.592
1996-08-19 01:00:00,,-26.587
1996-08-19 01:20:00,,-26.58
1996-08-19 01:40:00,,-26.573
1996-08-19 03:00:00,,-26.548
1996-08-19 03:20:00,,-26.544
1996-08-19 03:40:00,,-26.537
1996-08-19 04:00:00,,-26.532
1996-08-19 04:20:00,,-26.525
1996-08-19 04:40:00,,-26.521
1996-08-19 05:00:00,,-26.516
1996-08-19 05:20:00,,-26.511
1996-08-19 05:40:00,,-26.507
1996-08-19 06:20:00,,-26.507
1996-08-19 06:40:00,,-26.512
1996-08-19 07:00:00,,-26.521
1996-08-19 07:20:00,,-26.53
1996-08-19 07:40:00,,-26.538
1996-08-19 08:00:00,,-26.54
1996-08-19 08:20:00,,-26.558
1996-08-19 08:40:00,,-26.582
1996-08-19 09:00:00,,-26.596
1996-08-19 09:20:00,,-26.604
1996-08-19 09:40:00,,-26.609
1996-08-19 10:00:00,,-26.615
1996-08-19 10:20:00,,-26.605
1996-08-19 11:00:00,,-26.605
1996-08-19 11:20:00,,-26.607
1996-08-19 11:40:00,,-26.608
1996-08-19 12:00:00,,-26.609
1996-08-19 12:20:00,,-26.611
1996-08-19 12:40:00,,-26.612
1996-08-19 13:00:00,,-26.615
1996-08-19 13:20:00,,-26.617
1996-08-19 13:40:00,,-26.621
1996-08-19 14:00:00,,-26.626
1996-08-19 14:20:00,,-26.632
1996-08-19 14:40:00,,-26.641
1996-08-19 15:00:00,,-26.655
1996-08-19 15:20:00,,-26.67
1996-08-19 15:40:00,,-26.687
1996-08-19 16:00:00,,-26.703
1996-08-19 16:20:00,,-26.719
1996-08-19 16:40:00,,-26.734
1996-08-19 17:00:00,,-26.75
1996-08-19 17:20:00,,-26.764
1996-08-19 17:40:00,,-26.778
1996-08-19 18:00:00,,-26.792
1996-08-19 18:20:00,,-26.805
1996-08-19 18:40:00,,-26.818
1996-08-19 19:00:00,,-26.828
1996-08-19 19:20:00,,-26.839
1996-08-19 19:40:00,,-26.85
1996-08-19 20:00:00,,-26.859
1996-08-19 20:20:00,,-26.864
1996-08-19 20:40:00,,-26.835
1996-08-19 21:00:00,,-26.808
1996-08-19 21:20:00,,-26.784
1996-08-19 21:40:00,,-26.764
1996-08-19 22:00:00,,-26.748
1996-08-19 22:20:00,,-26.731
1996-08-19 22:40:00,,-26.716
1996-08-19 23:00:00,,-26.703
1996-08-19 23:20:00,,-26.689
1996-08-19 23:40:00,,-26.677
1996-08-20 00:00:00,,-26.667
1996-08-20 00:20:00,,-26.656
1996-08-20 00:40:00,,-26.645
1996-08-20 02:00:00,,-26.612
1996-08-20 02:20:00,,-26.604
1996-08-20 03:40:00,,-26.576
1996-08-20 04:00:00,,-26.571
1996-08-20 04:20:00,,-26.565
1996-08-20 04:40:00,,-26.56
1996-08-20 05:00:00,,-26.555
1996-08-20 05:20:00,,-26.55
1996-08-20 05:40:00,,-26.547
1996-08-20 06:20:00,,-26.547
1996-08-20 06:40:00,,-26.552
1996-08-20 07:00:00,,-26.561
1996-08-20 07:20:00,,-26.571
1996-08-20 07:40:00,,-26.58
1996-08-20 08:00:00,,-26.617
1996-08-20 08:20:00,,-26.65
1996-08-20 08:40:00,,-26.676
1996-08-20 09:00:00,,-26.697
1996-08-20 09:20:00,,-26.714
1996-08-20 09:40:00,,-26.729
1996-08-20 10:00:00,,-26.742
1996-08-20 10:20:00,,-26.751
1996-08-20 10:40:00,,-26.753
1996-08-20 11:40:00,,-26.753
1996-08-20 12:00:00,,-26.749
1996-08-20 12:20:00,,-26.743
1996-08-20 12:40:00,,-26.736
1996-08-20 13:00:00,,-26.734
1996-08-20 13:20:00,,-26.734
1996-08-20 13:40:00,,-26.71
1996-08-20 14:00:00,,-26.694
1996-08-20 14:20:00,,-26.684
1996-08-20 14:40:00,,-26.679
1996-08-20 15:00:00,,-26.678
1996-08-20 15:20:00,,-26.677
1996-08-20 16:20:00,,-26.677
1996-08-20 16:40:00,,-26.681
1996-08-20 17:00:00,,-26.688
1996-08-20 17:20:00,,-26.693
1996-08-20 17:40:00,,-26.698
1996-08-20 18:00:00,,-26.704
1996-08-20 18:20:00,,-26.706
1996-08-20 19:00:00,,-26.706
1996-08-20 19:20:00,,-26.704
1996-08-20 19:40:00,,-26.703
1996-08-20 20:00:00,,-26.703
1996-08-20 20:20:00,,-26.698
1996-08-20 20:40:00,,-26.69
1996-08-20 21:00:00,,-26.679
1996-08-20 21:20:00,,-26.667
1996-08-20 21:40:00,,-26.655
1996-08-20 22:00:00,,-26.642
1996-08-20 22:20:00,,-26.629
1996-08-20 22:40:00,,-26.62
1996-08-20 23:00:00,,-26.609
1996-08-21 00:40:00,,-26.564
1996-08-21 01:00:00,,-26.558
1996-08-21 01:20:00,,-26.549
1996-08-21 01:40:00,,-26.542
1996-08-21 02:00:00,,-26.536
1996-08-21 02:20:00,,-26.528
1996-08-21 02:40:00,,-26.521
1996-08-21 03:00:00,,-26.513
1996-08-21 03:20:00,,-26.507
1996-08-21 03:40:00,,-26.501
1996-08-21 04:00:00,,-26.495
1996-08-21 04:20:00,,-26.488
1996-08-21 04:40:00,,-26.483
1996-08-21 05:00:00,,-26.477
1996-08-21 05:20:00,,-26.472
1996-08-21 05:40:00,,-26.47
1996-08-21 06:00:00,,-26.469
1996-08-21 06:20:00,,-26.469
1996-08-21 06:40:00,,-26.475
1996-08-21 07:00:00,,-26.484
1996-08-21 07:20:00,,-26.493
1996-08-21 07:40:00,,-26.501
1996-08-21 08:00:00,,-26.509
1996-08-21 08:20:00,,-26.515
1996-08-21 08:40:00,,-26.522
1996-08-21 09:00:00,,-26.528
1996-08-21 09:20:00,,-26.534
1996-08-21 09:40:00,,-26.539
1996-08-21 10:00:00,,-26.543
1996-08-21 10:20:00,,-26.572
1996-08-21 10:40:00,,-26.602
1996-08-21 11:00:00,,-26.624
1996-08-21 11:20:00,,-26.641
1996-08-21 11:40:00,,-26.654
1996-08-21 12:00:00,,-26.665
1996-08-21 12:20:00,,-26.674
1996-08-21 12:40:00,,-26.681
1996-08-21 13:00:00,,-26.69
1996-08-21 13:20:00,,-26.697
1996-08-21 13:40:00,,-26.701
1996-08-21 14:00:00,,-26.702
1996-08-21 14:20:00,,-26.702
1996-08-21 14:40:00,,-26.701
1996-08-21 15:00:00,,-26.693
1996-08-21 15:20:00,,-26.687
1996-08-21 15:40:00,,-26.657
1996-08-21 16:00:00,,-26.623
1996-08-21 16:20:00,,-26.602
1996-08-21 16:40:00,,-26.602
1996-08-21 17:00:00,,-26.606
1996-08-21 17:20:00,,-26.609
1996-08-21 17:40:00,,-26.61
1996-08-21 18:00:00,,-26.614
1996-08-21 18:20:00,,-26.62
1996-08-21 18:40:00,,-26.631
1996-08-21 19:00:00,,-26.642
1996-08-21 19:20:00,,-26.652
1996-08-21 19:40:00,,-26.664
1996-08-21 20:00:00,,-26.672
1996-08-21 20:20:00,,-26.677
1996-08-21 21:20:00,,-26.677
1996-08-21 21:40:00,,-26.671
1996-08-21 22:00:00,,-26.666
1996-08-21 22:20:00,,-26.661
1996-08-21 22:40:00,,-26.655
1996-08-21 23:00:00,,-26.651
1996-08-21 23:20:00,,-26.645
1996-08-21 23:40:00,,-26.641
1996-08-22 00:00:00,,-26.637
1996-08-22 01:20:00,,-26.625
1996-08-22 01:40:00,,-26.621
1996-08-22 02:00:00,,-26.619
1996-08-22 02:20:00,,-26.616
1996-08-22 02:40:00,,-26.615
1996-08-22 03:20:00,,-26.615
1996-08-22 03:40:00,,-26.614
1996-08-22 04:00:00,,-26.613
1996-08-22 06:00:00,,-26.613
1996-08-22 06:20:00,,-26.622
1996-08-22 06:40:00,,-26.635
1996-08-22 07:00:00,,-26.648
1996-08-22 07:20:00,,-26.663
1996-08-22 07:40:00,,-26.675
1996-08-22 08:00:00,,-26.679
1996-08-22 08:20:00,,-26.681
1996-08-22 09:40:00,,-26.681
1996-08-22 10:00:00,,-26.679
1996-08-22 10:20:00,,-26.675
1996-08-22 10:40:00,,-26.671
1996-08-22 11:00:00,,-26.667
1996-08-22 11:20:00,,-26.666
1996-08-22 11:40:00,,-26.663
1996-08-22 12:00:00,,-26.662
1996-08-22 12:20:00,,-26.662
1996-08-22 12:40:00,,-26.661
1996-08-22 14:20:00,,-26.661
1996-08-22 14:40:00,,-26.662
1996-08-22 15:00:00,,-26.666
1996-08-22 15:20:00,,-26.668
1996-08-22 15:40:00,,-26.672
1996-08-22 16:00:00,,-26.675
1996-08-22 16:20:00,,-26.678
1996-08-22 16:40:00,,-26.682
1996-08-22 17:00:00,,-26.689
1996-08-22 17:20:00,,-26.7
1996-08-22 17:40:00,,-26.712
1996-08-22 18:00:00,,-26.722
1996-08-22 18:20:00,,-26.728
1996-08-22 18:40:00,,-26.734
1996-08-22 19:00:00,,-26.716
1996-08-22 19:20:00,,-26.702
1996-08-22 19:40:00,,-26.691
1996-08-22 20:00:00,,-26.681
1996-08-22 20:20:00,,-26.674
1996-08-22 21:40:00,,-26.65
1996-08-22 22:00:00,,-26.643
1996-08-22 22:20:00,,-26.637
1996-08-22 22:40:00,,-26.63
1996-08-22 23:00:00,,-26.622
1996-08-22 23:20:00,,-26.615
1996-08-22 23:40:00,,-26.606
1996-08-23 00:00:00,,-26.597
1996-08-23 00:20:00,,-26.589
1996-08-23 00:40:00,,-26.58
1996-08-23 01:00:00,,-26.571
1996-08-23 01:20:00,,-26.562
1996-08-23 01:40:00,,-26.554
1996-08-23 02:00:00,,-26.547
1996-08-23 02:20:00,,-26.54
1996-08-23 02:40:00,,-26.533
1996-08-23 03:00:00,,-26.526
1996-08-23 03:20:00,,-26.518
1996-08-23 03:40:00,,-26.512
1996-08-23 04:00:00,,-26.506
1996-08-23 04:20:00,,-26.499
1996-08-23 04:40:00,,-26.494
1996-08-23 05:00:00,,-26.487
1996-08-23 05:20:00,,-26.482
1996-08-23 06:40:00,,-26.466
1996-08-23 07:00:00,,-26.463
1996-08-23 07:20:00,,-26.461
1996-08-23 07:40:00,,-26.456
1996-08-23 08:00:00,,-26.473
1996-08-23 08:20:00,,-26.493
1996-08-23 08:40:00,,-26.508
1996-08-23 09:00:00,,-26.518
1996-08-23 09:20:00,,-26.525
1996-08-23 09:40:00,,-26.531
1996-08-23 10:00:00,,-26.535
1996-08-23 10:20:00,,-26.538
1996-08-23 10:40:00,,-26.54
1996-08-23 11:00:00,,-26.542
1996-08-23 11:20:00,,-26.543
1996-08-23 11:40:00,,-26.546
1996-08-23 12:00:00,,-26.552
1996-08-23 12:20:00,,-26.555
1996-08-23 12:40:00,,-26.556
1996-08-23 16:20:00,,-26.556
1996-08-23 16:40:00,,-26.555
1996-08-23 17:00:00,,-26.555
1996-08-23 17:20:00,,-26.547
1996-08-23 17:40:00,,-26.519
1996-08-23 18:00:00,,-26.497
1996-08-23 18:20:00,,-26.481
1996-08-23 18:40:00,,-26.468
1996-08-23 19:00:00,,-26.474
1996-08-23 19:20:00,,-26.502
1996-08-23 19:40:00,,-26.526
1996-08-23 20:00:00,,-26.545
1996-08-23 20:20:00,,-26.555
1996-08-23 20:40:00,,-26.559
1996-08-23 21:00:00,,-26.561
1996-08-23 21:20:00,,-26.562
1996-08-24 00:00:00,,-26.562
1996-08-24 00:20:00,,-26.57
1996-08-24 00:40:00,,-26.581
1996-08-24 01:00:00,,-26.595
1996-08-24 01:20:00,,-26.606
1996-08-24 01:40:00,,-26.618
1996-08-24 02:00:00,,-26.629
1996-08-24 02:20:00,,-26.64
1996-08-24 02:40:00,,-26.652
1996-08-24 03:00:00,,-26.662
1996-08-24 03:20:00,,-26.673
1996-08-24 03:40:00,,-26.682
1996-08-24 04:00:00,,-26.692
1996-08-24 04:20:00,,-26.701
1996-08-24 04:40:00,,-26.708
1996-08-24 05:00:00,,-26.709
1996-08-24 06:00:00,,-26.709
1996-08-24 06:20:00,,-26.706
1996-08-24 06:40:00,,-26.702
1996-08-24 07:00:00,,-26.698
1996-08-24 07:20:00,,-26.696
1996-08-24 07:40:00,,-26.694
1996-08-24 08:00:00,,-26.691
1996-08-24 08:20:00,,-26.684
1996-08-24 08:40:00,,-26.682
1996-08-24 09:00:00,,-26.681
1996-08-24 09:20:00,,-26.68
1996-08-24 11:40:00,,-26.68
1996-08-24 12:00:00,,-26.684
1996-08-24 12:20:00,,-26.686
1996-08-24 12:40:00,,-26.689
1996-08-24 13:00:00,,-26.691
1996-08-24 13:20:00,,-26.693
1996-08-24 13:40:00,,-26.694
1996-08-24 14:00:00,,-26.696
1996-08-24 15:20:00,,-26.706
1996-08-24 17:00:00,,-26.726
1996-08-24 17:20:00,,-26.731
1996-08-24 17:40:00,,-26.735
1996-08-24 18:00:00,,-26.74
1996-08-24 18:20:00,,-26.745
1996-08-24 18:40:00,,-26.75
1996-08-24 19:00:00,,-26.759
1996-08-24 19:20:00,,-26.773
1996-08-24 19:40:00,,-26.788
1996-08-24 20:00:00,,-26.802
1996-08-24 20:20:00,,-26.81
1996-08-24 20:40:00,,-26.812
1996-08-24 21:00:00,,-26.814
1996-08-24 22:20:00,,-26.814
1996-08-24 22:40:00,,-26.811
1996-08-24 23:00:00,,-26.806
1996-08-24 23:20:00,,-26.8
1996-08-24 23:40:00,,-26.796
1996-08-25 00:20:00,,-26.796
1996-08-25 00:40:00,,-26.797
1996-08-25 01:00:00,,-26.804
1996-08-25 01:20:00,,-26.811
1996-08-25 01:40:00,,-26.818
1996-08-25 02:00:00,,-26.823
1996-08-25 02:20:00,,-26.829
1996-08-25 02:40:00,,-26.835
1996-08-25 03:00:00,,-26.84
1996-08-25 03:20:00,,-26.846
1996-08-25 03:40:00,,-26.85
1996-08-25 04:00:00,,-26.855
1996-08-25 04:20:00,,-26.859
1996-08-25 04:40:00,,-26.86
1996-08-25 05:20:00,,-26.86
1996-08-25 05:40:00,,-26.853
1996-08-25 06:00:00,,-26.845
1996-08-25 06:20:00,,-26.836
1996-08-25 06:40:00,,-26.83
1996-08-25 07:00:00,,-26.822
1996-08-25 07:20:00,,-26.816
1996-08-25 07:40:00,,-26.809
1996-08-25 08:00:00,,-26.804
1996-08-25 08:20:00,,-26.798
1996-08-25 08:40:00,,-26.794
1996-08-25 09:00:00,,-26.789
1996-08-25 09:20:00,,-26.783
1996-08-25 11:00:00,,-26.761
1996-08-25 11:20:00,,-26.734
1996-08-25 11:40:00,,-26.701
1996-08-25 12:00:00,,-26.675
1996-08-25 12:20:00,,-26.655
1996-08-25 12:40:00,,-26.638
1996-08-25 13:00:00,,-26.623
1996-08-25 13:20:00,,-26.611
1996-08-25 13:40:00,,-26.6
1996-08-25 14:00:00,,-26.591
1996-08-25 14:20:00,,-26.585
1996-08-25 14:40:00,,-26.578
1996-08-25 15:00:00,,-26.597
1996-08-25 15:20:00,,-26.618
1996-08-25 15:40:00,,-26.633
1996-08-25 16:00:00,,-26.646
1996-08-25 16:20:00,,-26.656
1996-08-25 16:40:00,,-26.666
1996-08-25 18:40:00,,-26.714
1996-08-25 19:00:00,,-26.725
1996-08-25 19:20:00,,-26.741
1996-08-25 19:40:00,,-26.759
1996-08-25 20:00:00,,-26.773
1996-08-25 20:20:00,,-26.781
1996-08-25 20:40:00,,-26.785
1996-08-25 21:00:00,,-26.786
1996-08-25 22:20:00,,-26.786
1996-08-25 23:40:00,,-26.769
1996-08-26 00:20:00,,-26.769
1996-08-26 00:40:00,,-26.771
1996-08-26 02:00:00,,-26.802
1996-08-26 02:20:00,,-26.81
1996-08-26 02:40:00,,-26.816
1996-08-26 03:00:00,,-26.824
1996-08-26 03:20:00,,-26.83
1996-08-26 03:40:00,,-26.837
1996-08-26 04:00:00,,-26.844
1996-08-26 04:20:00,,-26.851
1996-08-26 04:40:00,,-26.854
1996-08-26 05:40:00,,-26.854
1996-08-26 06:00:00,,-26.848
1996-08-26 06:20:00,,-26.842
1996-08-26 06:40:00,,-26.837
1996-08-26 07:00:00,,-26.833
1996-08-26 07:20:00,,-26.828
1996-08-26 08:40:00,,-26.816
1996-08-26 09:00:00,,-26.814
1996-08-26 09:20:00,,-26.811
1996-08-26 09:40:00,,-26.81
1996-08-26 10:00:00,,-26.808
1996-08-26 10:20:00,,-26.806
1996-08-26 10:40:00,,-26.803
1996-08-26 12:00:00,,-26.784
1996-08-26 12:20:00,,-26.779
1996-08-26 12:40:00,,-26.772
1996-08-26 13:00:00,,-26.766
1996-08-26 13:20:00,,-26.761
1996-08-26 13:40:00,,-26.753
1996-08-26 14:00:00,,-26.747
1996-08-26 14:20:00,,-26.742
1996-08-26 14:40:00,,-26.737
1996-08-26 15:00:00,,-26.733
1996-08-26 15:20:00,,-26.729
1996-08-26 15:40:00,,-26.726
1996-08-26 16:00:00,,-26.723
1996-08-26 16:20:00,,-26.72
1996-08-26 16:40:00,,-26.718
1996-08-26 17:00:00,,-26.717
1996-08-26 17:20:00,,-26.716
1996-08-26 18:40:00,,-26.716
1996-08-26 19:00:00,,-26.722
1996-08-26 19:20:00,,-26.734
1996-08-26 19:40:00,,-26.746
1996-08-26 20:00:00,,-26.756
1996-08-26 20:20:00,,-26.76
1996-08-26 20:40:00,,-26.761
1996-08-26 21:40:00,,-26.761
1996-08-26 22:00:00,,-26.76
1996-08-26 22:20:00,,-26.757
1996-08-26 22:40:00,,-26.753
1996-08-26 23:00:00,,-26.749
1996-08-26 23:20:00,,-26.745
1996-08-26 23:40:00,,-26.742
1996-08-27 00:20:00,,-26.742
1996-08-27 00:40:00,,-26.748
1996-08-27 01:00:00,,-26.758
1996-08-27 01:20:00,,-26.766
1996-08-27 02:40:00,,-26.794
1996-08-27 03:00:00,,-26.799
1996-08-27 03:20:00,,-26.804
1996-08-27 03:40:00,,-26.81
1996-08-27 04:00:00,,-26.814
1996-08-27 04:20:00,,-26.82
1996-08-27 04:40:00,,-26.821
1996-08-27 05:20:00,,-26.821
1996-08-27 05:40:00,,-26.816
1996-08-27 07:00:00,,-26.788
1996-08-27 07:20:00,,-26.783
1996-08-27 07:40:00,,-26.778
1996-08-27 08:00:00,,-26.774
1996-08-27 08:20:00,,-26.769
1996-08-27 08:40:00,,-26.766
1996-08-27 09:00:00,,-26.762
1996-08-27 09:20:00,,-26.761
1996-08-27 09:40:00,,-26.758
1996-08-27 10:00:00,,-26.756
1996-08-27 10:20:00,,-26.753
1996-08-27 10:40:00,,-26.749
1996-08-27 11:00:00,,-26.747
1996-08-27 11:20:00,,-26.743
1996-08-27 11:40:00,,-26.738
1996-08-27 12:00:00,,-26.734
1996-08-27 12:20:00,,-26.729
1996-08-27 12:40:00,,-26.725
1996-08-27 13:00:00,,-26.72
1996-08-27 13:20:00,,-26.715
1996-08-27 13:40:00,,-26.71
1996-08-27 14:00:00,,-26.706
1996-08-27 14:20:00,,-26.703
1996-08-27 14:40:00,,-26.7
1996-08-27 15:00:00,,-26.697
1996-08-27 15:20:00,,-26.696
1996-08-27 15:40:00,,-26.695
1996-08-27 16:00:00,,-26.691
1996-08-27 16:20:00,,-26.689
1996-08-27 16:40:00,,-26.689
1996-08-27 17:00:00,,-26.687
1996-08-27 17:20:00,,-26.685
1996-08-27 17:40:00,,-26.682
1996-08-27 18:00:00,,-26.681
1996-08-27 18:20:00,,-26.679
1996-08-27 19:00:00,,-26.679
1996-08-27 19:20:00,,-26.68
1996-08-27 19:40:00,,-26.692
1996-08-27 20:00:00,,-26.701
1996-08-27 20:20:00,,-26.706
1996-08-27 22:20:00,,-26.706
1996-08-27 22:40:00,,-26.704
1996-08-27 23:00:00,,-26.701
1996-08-27 23:20:00,,-26.698
1996-08-27 23:40:00,,-26.696
1996-08-28 00:20:00,,-26.696
1996-08-28 00:40:00,,-26.704
1996-08-28 01:00:00,,-26.713
1996-08-28 01:20:00,,-26.722
1996-08-28 01:40:00,,-26.731
1996-08-28 02:00:00,,-26.739
1996-08-28 02:20:00,,-26.747
1996-08-28 02:40:00,,-26.754
1996-08-28 03:00:00,,-26.761
1996-08-28 03:20:00,,-26.769
1996-08-28 03:40:00,,-26.775
1996-08-28 04:00:00,,-26.782
1996-08-28 04:20:00,,-26.788
1996-08-28 04:40:00,,-26.792
1996-08-28 05:20:00,,-26.792
1996-08-28 05:40:00,,-26.787
1996-08-28 06:00:00,,-26.781
1996-08-28 06:20:00,,-26.774
1996-08-28 06:40:00,,-26.769
1996-08-28 07:00:00,,-26.765
1996-08-28 07:20:00,,-26.761
1996-08-28 07:40:00,,-26.758
1996-08-28 08:00:00,,-26.755
1996-08-28 08:20:00,,-26.752
1996-08-28 09:40:00,,-26.747
1996-08-28 10:00:00,,-26.745
1996-08-28 10:20:00,,-26.741
1996-08-28 10:40:00,,-26.739
1996-08-28 11:00:00,,-26.735
1996-08-28 11:20:00,,-26.731
1996-08-28 11:40:00,,-26.727
1996-08-28 12:00:00,,-26.722
1996-08-28 12:20:00,,-26.717
1996-08-28 12:40:00,,-26.711
1996-08-28 13:00:00,,-26.705
1996-08-28 13:20:00,,-26.699
1996-08-28 13:40:00,,-26.691
1996-08-28 14:00:00,,-26.686
1996-08-28 14:20:00,,-26.68
1996-08-28 14:40:00,,-26.675
1996-08-28 15:00:00,,-26.671
1996-08-28 15:20:00,,-26.667
1996-08-28 15:40:00,,-26.663
1996-08-28 16:00:00,,-26.658
1996-08-28 16:20:00,,-26.653
1996-08-28 16:40:00,,-26.649
1996-08-28 17:00:00,,-26.645
1996-08-28 17:20:00,,-26.643
1996-08-28 17:40:00,,-26.642
1996-08-28 18:00:00,,-26.641
1996-08-28 18:20:00,,-26.64
1996-08-28 19:00:00,,-26.64
1996-08-28 19:20:00,,-26.642
1996-08-28 19:40:00,,-26.655
1996-08-28 20:00:00,,-26.663
1996-08-28 20:20:00,,-26.666
1996-08-28 20:40:00,,-26.666
1996-08-28 21:00:00,,-26.67
1996-08-28 22:40:00,,-26.67
1996-08-28 23:00:00,,-26.668
1996-08-28 23:20:00,,-26.665
1996-08-29 00:20:00,,-26.665
1996-08-29 01:40:00,,-26.702
1996-08-29 02:00:00,,-26.71
1996-08-29 02:20:00,,-26.716
1996-08-29 02:40:00,,-26.724
1996-08-29 03:00:00,,-26.73
1996-08-29 03:20:00,,-26.736
1996-08-29 03:40:00,,-26.74
1996-08-29 04:00:00,,-26.744
1996-08-29 04:20:00,,-26.749
1996-08-29 04:40:00,,-26.751
1996-08-29 05:20:00,,-26.751
1996-08-29 05:40:00,,-26.743
1996-08-29 06:00:00,,-26.734
1996-08-29 06:20:00,,-26.727
1996-08-29 06:40:00,,-26.721
1996-08-29 07:00:00,,-26.716
1996-08-29 07:20:00,,-26.711
1996-08-29 07:40:00,,-26.706
1996-08-29 08:00:00,,-26.703
1996-08-29 08:20:00,,-26.699
1996-08-29 08:40:00,,-26.696
1996-08-29 09:00:00,,-26.694
1996-08-29 09:20:00,,-26.692
1996-08-29 09:40:00,,-26.691
1996-08-29 10:00:00,,-26.69
1996-08-29 10:20:00,,-26.689
1996-08-29 11:40:00,,-26.682
1996-08-29 13:00:00,,-26.671
1996-08-29 13:20:00,,-26.667
1996-08-29 13:40:00,,-26.664
1996-08-29 14:00:00,,-26.661
1996-08-29 14:20:00,,-26.657
1996-08-29 14:40:00,,-26.653
1996-08-29 15:00:00,,-26.651
1996-08-29 15:20:00,,-26.647
1996-08-29 15:40:00,,-26.643
1996-08-29 17:00:00,,-26.631
1996-08-29 17:20:00,,-26.63
1996-08-29 17:40:00,,-26.629
1996-08-29 18:00:00,,-26.629
1996-08-29 18:20:00,,-26.627
1996-08-29 18:40:00,,-26.626
1996-08-29 19:00:00,,-26.626
1996-08-29 19:20:00,,-26.629
1996-08-29 19:40:00,,-26.642
1996-08-29 20:00:00,,-26.651
1996-08-29 20:20:00,,-26.656
1996-08-29 20:40:00,,-26.658
1996-08-29 21:00:00,,-26.659
1996-08-29 23:40:00,,-26.659
1996-08-30 00:00:00,,-26.661
1996-08-30 00:20:00,,-26.671
1996-08-30 00:40:00,,-26.681
1996-08-30 01:00:00,,-26.692
1996-08-30 01:20:00,,-26.703
1996-08-30 01:40:00,,-26.713
1996-08-30 02:00:00,,-26.723
1996-08-30 02:20:00,,-26.732
1996-08-30 02:40:00,,-26.74
1996-08-30 03:00:00,,-26.749
1996-08-30 03:20:00,,-26.757
1996-08-30 03:40:00,,-26.764
1996-08-30 04:00:00,,-26.771
1996-08-30 04:20:00,,-26.778
1996-08-30 04:40:00,,-26.781
1996-08-30 05:00:00,,-26.782
1996-08-30 05:20:00,,-26.782
1996-08-30 05:40:00,,-26.779
1996-08-30 06:00:00,,-26.772
1996-08-30 06:20:00,,-26.766
1996-08-30 06:40:00,,-26.761
1996-08-30 07:00:00,,-26.757
1996-08-30 07:20:00,,-26.754
1996-08-30 07:40:00,,-26.75
1996-08-30 08:00:00,,-26.745
1996-08-30 08:20:00,,-26.743
1996-08-30 08:40:00,,-26.742
1996-08-30 09:00:00,,-26.739
1996-08-30 09:20:00,,-26.737
1996-08-30 09:40:00,,-26.736
1996-08-30 10:00:00,,-26.734
1996-08-30 10:20:00,,-26.734
1996-08-30 10:40:00,,-26.733
1996-08-30 11:20:00,,-26.733
1996-08-30 11:40:00,,-26.732
1996-08-30 12:00:00,,-26.732
1996-08-30 12:20:00,,-26.714
1996-08-30 12:40:00,,-26.69
1996-08-30 13:00:00,,-26.674
1996-08-30 13:20:00,,-26.665
1996-08-30 13:40:00,,-26.68
1996-08-30 14:00:00,,-26.696
1996-08-30 14:20:00,,-26.708
1996-08-30 14:40:00,,-26.715
1996-08-30 15:00:00,,-26.722
1996-08-30 15:20:00,,-26.728
1996-08-30 15:40:00,,-26.732
1996-08-30 16:00:00,,-26.737
1996-08-30 17:20:00,,-26.751
1996-08-30 17:40:00,,-26.755
1996-08-30 18:00:00,,-26.758
1996-08-30 18:20:00,,-26.761
1996-08-30 18:40:00,,-26.766
1996-08-30 19:00:00,,-26.769
1996-08-30 19:20:00,,-26.773
1996-08-30 19:40:00,,-26.775
1996-08-30 20:00:00,,-26.776
1996-08-30 20:20:00,,-26.776
1996-08-30 20:40:00,,-26.777
1996-08-30 21:00:00,,-26.778
1996-08-30 23:20:00,,-26.778
1996-08-30 23:40:00,,-26.777
1996-08-31 00:00:00,,-26.775
1996-08-31 00:20:00,,-26.773
1996-08-31 00:40:00,,-26.771
1996-08-31 01:00:00,,-26.768
1996-08-31 01:20:00,,-26.764
1996-08-31 01:40:00,,-26.761
1996-08-31 02:00:00,,-26.758
1996-08-31 02:20:00,,-26.754
1996-08-31 02:40:00,,-26.75
1996-08-31 03:00:00,,-26.746
1996-08-31 03:20:00,,-26.744
1996-08-31 03:40:00,,-26.739
1996-08-31 04:00:00,,-26.734
1996-08-31 04:20:00,,-26.731
1996-08-31 04:40:00,,-26.727
1996-08-31 05:00:00,,-26.724
1996-08-31 05:20:00,,-26.721
1996-08-31 05:40:00,,-26.717
1996-08-31 06:00:00,,-26.715
1996-08-31 06:20:00,,-26.711
1996-08-31 06:40:00,,-26.71
1996-08-31 07:00:00,,-26.708
1996-08-31 07:20:00,,-26.706
1996-08-31 07:40:00,,-26.705
1996-08-31 09:00:00,,-26.702
1996-08-31 11:20:00,,-26.702
1996-08-31 11:40:00,,-26.703
1996-08-31 12:00:00,,-26.704
1996-08-31 12:20:00,,-26.703
1996-08-31 12:40:00,,-26.677
1996-08-31 13:00:00,,-26.658
1996-08-31 13:20:00,,-26.663
1996-08-31 13:40:00,,-26.679
1996-08-31 14:00:00,,-26.69
1996-08-31 14:20:00,,-26.697
1996-08-31 14:40:00,,-26.704
1996-08-31 15:00:00,,-26.71
1996-08-31 15:20:00,,-26.715
1996-08-31 15:40:00,,-26.719
1996-08-31 16:00:00,,-26.722
1996-08-31 16:20:00,,-26.726
1996-08-31 16:40:00,,-26.728
1996-08-31 17:00:00,,-26.731
1996-08-31 18:20:00,,-26.745
1996-08-31 18:40:00,,-26.748
1996-08-31 19:00:00,,-26.756
1996-08-31 19:20:00,,-26.768
1996-08-31 19:40:00,,-26.782
1996-08-31 20:00:00,,-26.794
1996-08-31 20:20:00,,-26.799
1996-08-31 20:40:00,,-26.801
1996-08-31 22:00:00,,-26.801
1996-08-31 23:20:00,,-26.783
1996-08-31 23:40:00,,-26.781
1996-09-01 00:00:00,,-26.78
1996-09-01 00:20:00,,-26.78
1996-09-01 00:40:00,,-26.786
1996-09-01 01:00:00,,-26.795
1996-09-01 01:20:00,,-26.802
1996-09-01 01:40:00,,-26.81
1996-09-01 02:00:00,,-26.818
1996-09-01 02:20:00,,-26.825
1996-09-01 02:40:00,,-26.832
1996-09-01 03:00:00,,-26.839
1996-09-01 03:20:00,,-26.845
1996-09-01 03:40:00,,-26.85
1996-09-01 04:00:00,,-26.856
1996-09-01 04:20:00,,-26.86
1996-09-01 04:40:00,,-26.862
1996-09-01 05:20:00,,-26.862
1996-09-01 05:40:00,,-26.855
1996-09-01 06:00:00,,-26.847
1996-09-01 06:20:00,,-26.838
1996-09-01 06:40:00,,-26.83
1996-09-01 07:00:00,,-26.823
1996-09-01 07:20:00,,-26.816
1996-09-01 07:40:00,,-26.811
1996-09-01 08:00:00,,-26.806
1996-09-01 08:20:00,,-26.801
1996-09-01 08:40:00,,-26.797
1996-09-01 09:00:00,,-26.795
1996-09-01 09:20:00,,-26.791
1996-09-01 09:40:00,,-26.788
1996-09-01 11:00:00,,-26.78
1996-09-01 11:20:00,,-26.779
1996-09-01 13:20:00,,-26.779
1996-09-01 13:40:00,,-26.78
1996-09-01 14:00:00,,-26.782
1996-09-01 14:20:00,,-26.785
1996-09-01 14:40:00,,-26.787
1996-09-01 15:00:00,,-26.79
1996-09-01 15:20:00,,-26.794
1996-09-01 15:40:00,,-26.797
1996-09-01 16:00:00,,-26.799
1996-09-01 16:20:00,,-26.804
1996-09-01 16:40:00,,-26.808
1996-09-01 17:00:00,,-26.811
1996-09-01 17:20:00,,-26.814
1996-09-01 18:40:00,,-26.83
1996-09-01 19:00:00,,-26.838
1996-09-01 19:20:00,,-26.851
1996-09-01 19:40:00,,-26.866
1996-09-01 20:00:00,,-26.878
1996-09-01 20:20:00,,-26.886
1996-09-01 20:40:00,,-26.89
1996-09-01 21:00:00,,-26.891
1996-09-01 21:20:00,,-26.892
1996-09-01 23:00:00,,-26.892
1996-09-01 23:20:00,,-26.89
1996-09-01 23:40:00,,-26.887
1996-09-02 00:00:00,,-26.886
1996-09-02 00:20:00,,-26.886
1996-09-02 00:40:00,,-26.892
1996-09-02 01:00:00,,-26.901
1996-09-02 01:20:00,,-26.91
1996-09-02 01:40:00,,-26.916
1996-09-02 02:00:00,,-26.923
1996-09-02 02:20:00,,-26.929
1996-09-02 02:40:00,,-26.934
1996-09-02 03:00:00,,-26.938
1996-09-02 03:20:00,,-26.942
1996-09-02 03:40:00,,-26.946
1996-09-02 04:00:00,,-26.949
1996-09-02 04:20:00,,-26.952
1996-09-02 04:40:00,,-26.953
1996-09-02 05:00:00,,-26.953
1996-09-02 05:20:00,,-26.95
1996-09-02 05:40:00,,-26.939
1996-09-02 06:00:00,,-26.928
1996-09-02 06:20:00,,-26.917
1996-09-02 06:40:00,,-26.907
1996-09-02 07:00:00,,-26.898
1996-09-02 07:20:00,,-26.889
1996-09-02 07:40:00,,-26.881
1996-09-02 08:00:00,,-26.875
1996-09-02 08:20:00,,-26.843
1996-09-02 08:40:00,,-26.83
1996-09-02 09:40:00,,-26.83
1996-09-02 11:00:00,,-26.816
1996-09-02 11:20:00,,-26.812
1996-09-02 11:40:00,,-26.801
1996-09-02 12:00:00,,-26.79
1996-09-02 13:20:00,,-26.783
1996-09-02 13:40:00,,-26.779
1996-09-02 14:00:00,,-26.775
1996-09-02 14:20:00,,-26.773
1996-09-02 14:40:00,,-26.771
1996-09-02 15:00:00,,-26.768
1996-09-02 15:20:00,,-26.764
1996-09-02 15:40:00,,-26.76
1996-09-02 16:00:00,,-26.758
1996-09-02 16:20:00,,-26.754
1996-09-02 16:40:00,,-26.751
1996-09-02 17:00:00,,-26.749
1996-09-02 17:20:00,,-26.746
1996-09-02 17:40:00,,-26.745
1996-09-02 18:20:00,,-26.745
1996-09-02 18:40:00,,-26.748
1996-09-02 19:00:00,,-26.749
1996-09-02 20:20:00,,-26.749
1996-09-02 20:40:00,,-26.748
1996-09-02 21:00:00,,-26.746
1996-09-02 21:20:00,,-26.745
1996-09-02 21:40:00,,-26.742
1996-09-02 22:00:00,,-26.74
1996-09-02 23:20:00,,-26.736
1996-09-03 02:00:00,,-26.724
1996-09-03 02:20:00,,-26.723
1996-09-03 02:40:00,,-26.722
1996-09-03 03:40:00,,-26.722
1996-09-03 04:00:00,,-26.721
1996-09-03 10:00:00,,-26.721
1996-09-03 10:20:00,,-26.722
1996-09-03 14:00:00,,-26.722
1996-09-03 14:20:00,,-26.721
1996-09-03 14:40:00,,-26.719
1996-09-03 15:00:00,,-26.718
1996-09-03 15:20:00,,-26.746
1996-09-03 15:40:00,,-26.752
1996-09-03 16:00:00,,-26.738
1996-09-03 16:20:00,,-26.729
1996-09-03 16:40:00,,-26.724
1996-09-03 17:00:00,,-26.72
1996-09-03 17:20:00,,-26.716
1996-09-03 17:40:00,,-26.713
1996-09-03 18:00:00,,-26.712
1996-09-03 18:20:00,,-26.712
1996-09-03 18:40:00,,-26.716
1996-09-03 19:00:00,,-26.721
1996-09-03 19:20:00,,-26.708
1996-09-03 19:40:00,,-26.718
1996-09-03 20:00:00,,-26.735
1996-09-03 20:20:00,,-26.743
1996-09-03 20:40:00,,-26.747
1996-09-03 21:00:00,,-26.742
1996-09-03 21:20:00,,-26.742
1996-09-03 21:40:00,,-26.741
1996-09-03 22:00:00,,-26.739
1996-09-03 22:20:00,,-26.735
1996-09-03 23:40:00,,-26.722
1996-09-04 00:00:00,,-26.718
1996-09-04 00:20:00,,-26.715
1996-09-04 00:40:00,,-26.712
1996-09-04 01:00:00,,-26.709
1996-09-04 02:20:00,,-26.701
1996-09-04 03:40:00,,-26.699
1996-09-04 08:20:00,,-26.699
1996-09-04 08:40:00,,-26.698
1996-09-04 09:00:00,,-26.697
1996-09-04 09:20:00,,-26.695
1996-09-04 09:40:00,,-26.694
1996-09-04 10:00:00,,-26.693
1996-09-04 10:20:00,,-26.692
1996-09-04 11:40:00,,-26.692
1996-09-04 12:00:00,,-26.694
1996-09-04 12:20:00,,-26.698
1996-09-04 12:40:00,,-26.7
1996-09-04 13:00:00,,-26.704
1996-09-04 13:20:00,,-26.711
1996-09-04 13:40:00,,-26.721
1996-09-04 14:00:00,,-26.736
1996-09-04 15:20:00,,-26.808
1996-09-04 15:40:00,,-26.825
1996-09-04 16:00:00,,-26.841
1996-09-04 16:20:00,,-26.857
1996-09-04 16:40:00,,-26.871
1996-09-04 17:00:00,,-26.884
1996-09-04 17:20:00,,-26.898
1996-09-04 17:40:00,,-26.909
1996-09-04 18:00:00,,-26.921
1996-09-04 18:20:00,,-26.933
1996-09-04 18:40:00,,-26.944
1996-09-04 19:00:00,,-26.954
1996-09-04 19:20:00,,-26.962
1996-09-04 19:40:00,,-26.97
1996-09-04 20:00:00,,-26.976
1996-09-04 20:20:00,,-26.98
1996-09-04 20:40:00,,-26.984
1996-09-04 21:00:00,,-26.985
1996-09-04 21:20:00,,-26.985
1996-09-04 21:40:00,,-26.98
1996-09-04 23:00:00,,-26.937
1996-09-04 23:20:00,,-26.926
1996-09-04 23:40:00,,-26.916
1996-09-05 00:00:00,,-26.906
1996-09-05 00:20:00,,-26.896
1996-09-05 00:40:00,,-26.888
1996-09-05 01:00:00,,-26.879
1996-09-05 01:20:00,,-26.871
1996-09-05 01:40:00,,-26.864
1996-09-05 02:00:00,,-26.857
1996-09-05 02:20:00,,-26.851
1996-09-05 02:40:00,,-26.846
1996-09-05 04:00:00,,-26.83
1996-09-05 05:20:00,,-26.823
1996-09-05 05:40:00,,-26.822
1996-09-05 06:00:00,,-26.821
1996-09-05 06:20:00,,-26.819
1996-09-05 06:40:00,,-26.818
1996-09-05 07:00:00,,-26.817
1996-09-05 07:20:00,,-26.815
1996-09-05 07:40:00,,-26.813
1996-09-05 08:00:00,,-26.811
1996-09-05 08:20:00,,-26.811
1996-09-05 08:40:00,,-26.809
1996-09-05 09:00:00,,-26.807
1996-09-05 09:20:00,,-26.806
1996-09-05 09:40:00,,-26.805
1996-09-05 10:00:00,,-26.804
1996-09-05 10:20:00,,-26.804
1996-09-05 10:40:00,,-26.808
1996-09-05 11:00:00,,-26.821
1996-09-05 11:20:00,,-26.836
1996-09-05 11:40:00,,-26.853
1996-09-05 12:00:00,,-26.869
1996-09-05 12:20:00,,-26.885
1996-09-05 12:40:00,,-26.9
1996-09-05 13:00:00,,-26.915
1996-09-05 13:20:00,,-26.929
1996-09-05 13:40:00,,-26.942
1996-09-05 14:00:00,,-26.956
1996-09-05 14:20:00,,-26.968
1996-09-05 14:40:00,,-26.98
1996-09-05 15:00:00,,-26.991
1996-09-05 15:20:00,,-27.004
1996-09-05 15:40:00,,-27.016
1996-09-05 16:00:00,,-27.028
1996-09-05 16:20:00,,-27.036
1996-09-05 16:40:00,,-27.021
1996-09-05 17:00:00,,-27.009
1996-09-05 17:20:00,,-27.003
1996-09-05 17:40:00,,-27
1996-09-05 18:00:00,,-26.999
1996-09-05 19:20:00,,-26.999
1996-09-05 19:40:00,,-26.991
1996-09-05 20:00:00,,-26.982
1996-09-05 20:20:00,,-26.973
1996-09-05 20:40:00,,-26.964
1996-09-05 21:00:00,,-26.955
1996-09-05 21:20:00,,-26.948
1996-09-05 21:40:00,,-26.94
1996-09-05 22:00:00,,-26.932
1996-09-05 22:20:00,,-26.924
1996-09-05 22:40:00,,-26.915
1996-09-05 23:00:00,,-26.905
1996-09-05 23:20:00,,-26.895
1996-09-06 00:40:00,,-26.847
1996-09-06 01:00:00,,-26.834
1996-09-06 01:20:00,,-26.823
1996-09-06 01:40:00,,-26.81
1996-09-06 02:00:00,,-26.799
1996-09-06 02:20:00,,-26.787
1996-09-06 02:40:00,,-26.777
1996-09-06 03:00:00,,-26.766
1996-09-06 03:20:00,,-26.756
1996-09-06 03:40:00,,-26.747
1996-09-06 04:00:00,,-26.739
1996-09-06 04:20:00,,-26.73
1996-09-06 04:40:00,,-26.722
1996-09-06 05:00:00,,-26.715
1996-09-06 05:20:00,,-26.736
1996-09-06 05:40:00,,-26.752
1996-09-06 06:00:00,,-26.761
1996-09-06 06:20:00,,-26.767
1996-09-06 06:40:00,,-26.77
1996-09-06 07:00:00,,-26.772
1996-09-06 07:20:00,,-26.773
1996-09-06 07:40:00,,-26.774
1996-09-06 08:00:00,,-26.78
1996-09-06 08:20:00,,-26.786
1996-09-06 08:40:00,,-26.794
1996-09-06 09:00:00,,-26.803
1996-09-06 09:20:00,,-26.814
1996-09-06 09:40:00,,-26.824
1996-09-06 10:00:00,,-26.833
1996-09-06 10:20:00,,-26.843
1996-09-06 10:40:00,,-26.851
1996-09-06 11:00:00,,-26.858
1996-09-06 11:20:00,,-26.865
1996-09-06 11:40:00,,-26.871
1996-09-06 12:00:00,,-26.876
1996-09-06 12:20:00,,-26.88
1996-09-06 12:40:00,,-26.884
1996-09-06 13:00:00,,-26.888
1996-09-06 13:20:00,,-26.89
1996-09-06 13:40:00,,-26.891
1996-09-06 14:00:00,,-26.891
1996-09-06 14:20:00,,-26.886
1996-09-06 14:40:00,,-26.876
1996-09-06 15:00:00,,-26.867
1996-09-06 15:20:00,,-26.859
1996-09-06 15:40:00,,-26.851
1996-09-06 16:00:00,,-26.845
1996-09-06 16:20:00,,-26.838
1996-09-06 16:40:00,,-26.833
1996-09-06 17:00:00,,-26.828
1996-09-06 17:20:00,,-26.824
1996-09-06 17:40:00,,-26.821
1996-09-06 18:00:00,,-26.818
1996-09-06 18:20:00,,-26.815
1996-09-06 18:40:00,,-26.812
1996-09-06 20:00:00,,-26.804
1996-09-06 20:20:00,,-26.801
1996-09-06 20:40:00,,-26.799
1996-09-06 21:00:00,,-26.796
1996-09-06 21:20:00,,-26.795
1996-09-06 21:40:00,,-26.793
1996-09-06 22:00:00,,-26.789
1996-09-06 22:20:00,,-26.787
1996-09-06 22:40:00,,-26.784
1996-09-07 00:00:00,,-26.772
1996-09-07 00:20:00,,-26.77
1996-09-07 00:40:00,,-26.767
1996-09-07 01:00:00,,-26.763
1996-09-07 01:20:00,,-26.761
1996-09-07 01:40:00,,-26.759
1996-09-07 02:00:00,,-26.755
1996-09-07 02:20:00,,-26.751
1996-09-07 02:40:00,,-26.747
1996-09-07 04:00:00,,-26.734
1996-09-07 04:20:00,,-26.732
1996-09-07 04:40:00,,-26.729
1996-09-07 05:00:00,,-26.727
1996-09-07 05:20:00,,-26.725
1996-09-07 05:40:00,,-26.723
1996-09-07 06:00:00,,-26.723
1996-09-07 06:20:00,,-26.722
1996-09-07 06:40:00,,-26.72
1996-09-07 07:00:00,,-26.719
1996-09-07 07:20:00,,-26.718
1996-09-07 08:20:00,,-26.718
1996-09-07 08:40:00,,-26.725
1996-09-07 09:00:00,,-26.737
1996-09-07 09:20:00,,-26.749
1996-09-07 09:40:00,,-26.76
1996-09-07 10:00:00,,-26.771
1996-09-07 10:20:00,,-26.782
1996-09-07 10:40:00,,-26.792
1996-09-07 11:00:00,,-26.8
1996-09-07 11:20:00,,-26.81
1996-09-07 11:40:00,,-26.819
1996-09-07 12:00:00,,-26.828
1996-09-07 12:20:00,,-26.838
1996-09-07 12:40:00,,-26.847
1996-09-07 13:00:00,,-26.858
1996-09-07 13:20:00,,-26.867
1996-09-07 13:40:00,,-26.878
1996-09-07 14:00:00,,-26.888
1996-09-07 15:40:00,,-26.938
1996-09-07 17:00:00,,-26.976
1996-09-07 17:20:00,,-26.986
1996-09-07 17:40:00,,-26.995
1996-09-07 18:00:00,,-27.005
1996-09-07 18:20:00,,-27.014
1996-09-07 18:40:00,,-27.024
1996-09-07 19:00:00,,-27.032
1996-09-07 19:20:00,,-27.04
1996-09-07 19:40:00,,-27.047
1996-09-07 20:00:00,,-27.052
1996-09-07 20:20:00,,-27.057
1996-09-07 20:40:00,,-27.061
1996-09-07 21:00:00,,-27.064
1996-09-07 21:20:00,,-27.066
1996-09-07 21:40:00,,-27.067
1996-09-07 22:00:00,,-27.068
1996-09-08 01:00:00,,-27.068
1996-09-08 01:20:00,,-27.065
1996-09-08 01:40:00,,-27.062
1996-09-08 02:00:00,,-27.061
1996-09-08 02:20:00,,-27.059
1996-09-08 03:40:00,,-27.051
1996-09-08 04:00:00,,-27.051
1996-09-08 04:20:00,,-27.05
1996-09-08 04:40:00,,-27.049
1996-09-08 09:20:00,,-27.049
1996-09-08 09:40:00,,-27.05
1996-09-08 10:00:00,,-27.052
1996-09-08 10:20:00,,-27.052
1996-09-08 10:40:00,,-27.054
1996-09-08 13:40:00,,-27.054
1996-09-08 14:00:00,,-27.049
1996-09-08 14:20:00,,-27.037
1996-09-08 14:40:00,,-27.023
1996-09-08 15:00:00,,-27.01
1996-09-08 15:20:00,,-26.998
1996-09-08 15:40:00,,-26.986
1996-09-08 16:00:00,,-26.975
1996-09-08 16:20:00,,-26.965
1996-09-08 16:40:00,,-26.955
1996-09-08 17:00:00,,-26.947
1996-09-08 18:20:00,,-26.923
1996-09-08 19:40:00,,-26.905
1996-09-08 20:00:00,,-26.901
1996-09-08 21:20:00,,-26.888
1996-09-08 21:40:00,,-26.884
1996-09-08 22:00:00,,-26.881
1996-09-08 22:20:00,,-26.876
1996-09-08 22:40:00,,-26.871
1996-09-08 23:00:00,,-26.866
1996-09-08 23:20:00,,-26.859
1996-09-08 23:40:00,,-26.854
1996-09-09 00:00:00,,-26.848
1996-09-09 00:20:00,,-26.842
1996-09-09 00:40:00,,-26.835
1996-09-09 02:00:00,,-26.814
1996-09-09 02:20:00,,-26.809
1996-09-09 02:40:00,,-26.806
1996-09-09 03:00:00,,-26.802
1996-09-09 03:20:00,,-26.799
1996-09-09 03:40:00,,-26.797
1996-09-09 04:00:00,,-26.794
1996-09-09 04:20:00,,-26.792
1996-09-09 04:40:00,,-26.791
1996-09-09 06:00:00,,-26.787
1996-09-09 08:20:00,,-26.787
1996-09-09 08:40:00,,-26.79
1996-09-09 09:00:00,,-26.802
1996-09-09 09:20:00,,-26.814
1996-09-09 10:40:00,,-26.87
1996-09-09 11:00:00,,-26.883
1996-09-09 11:20:00,,-26.895
1996-09-09 11:40:00,,-26.907
1996-09-09 12:00:00,,-26.918
1996-09-09 12:20:00,,-26.929
1996-09-09 12:40:00,,-26.938
1996-09-09 13:00:00,,-26.948
1996-09-09 13:20:00,,-26.955
1996-09-09 13:40:00,,-26.961
1996-09-09 14:00:00,,-26.962
1996-09-09 15:40:00,,-26.962
1996-09-09 16:00:00,,-26.96
1996-09-09 16:20:00,,-26.96
1996-09-09 16:40:00,,-26.959
1996-09-09 20:40:00,,-26.959
1996-09-09 21:00:00,,-26.955
1996-09-09 21:20:00,,-26.951
1996-09-09 21:40:00,,-26.946
1996-09-09 22:00:00,,-26.94
1996-09-10 00:20:00,,-26.896
1996-09-10 00:40:00,,-26.889
1996-09-10 01:00:00,,-26.882
1996-09-10 01:20:00,,-26.876
1996-09-10 01:40:00,,-26.87
1996-09-10 02:00:00,,-26.864
1996-09-10 03:20:00,,-26.847
1996-09-10 03:40:00,,-26.844
1996-09-10 04:00:00,,-26.84
1996-09-10 04:20:00,,-26.836
1996-09-10 04:40:00,,-26.834
1996-09-10 05:00:00,,-26.832
1996-09-10 05:20:00,,-26.831
1996-09-10 06:00:00,,-26.831
1996-09-10 06:20:00,,-26.843
1996-09-10 06:40:00,,-26.853
1996-09-10 07:00:00,,-26.861
1996-09-10 07:20:00,,-26.87
1996-09-10 07:40:00,,-26.879
1996-09-10 08:00:00,,-26.887
1996-09-10 08:20:00,,-26.897
1996-09-10 08:40:00,,-26.906
1996-09-10 09:00:00,,-26.912
1996-09-10 09:20:00,,-26.913
1996-09-10 10:20:00,,-26.913
1996-09-10 10:40:00,,-26.912
1996-09-10 11:00:00,,-26.912
1996-09-10 11:20:00,,-26.906
1996-09-10 11:40:00,,-26.91
1996-09-10 12:00:00,,-26.921
1996-09-10 12:20:00,,-26.933
1996-09-10 12:40:00,,-26.943
1996-09-10 14:00:00,,-26.975
1996-09-10 14:20:00,,-26.984
1996-09-10 14:40:00,,-26.991
1996-09-10 15:00:00,,-26.999
1996-09-10 15:20:00,,-27.007
1996-09-10 15:40:00,,-27.014
1996-09-10 16:00:00,,-27.021
1996-09-10 16:20:00,,-27.025
1996-09-10 16:40:00,,-27.027
1996-09-10 18:40:00,,-27.027
1996-09-10 19:00:00,,-27.026
1996-09-10 23:00:00,,-27.026
1996-09-10 23:20:00,,-27.022
1996-09-10 23:40:00,,-27.018
1996-09-11 00:00:00,,-27.012
1996-09-11 00:20:00,,-27.006
1996-09-11 00:40:00,,-26.998
1996-09-11 01:00:00,,-26.99
1996-09-11 01:20:00,,-26.982
1996-09-11 01:40:00,,-26.973
1996-09-11 02:00:00,,-26.965
1996-09-11 02:20:00,,-26.957
1996-09-11 02:40:00,,-26.95
1996-09-11 03:00:00,,-26.944
1996-09-11 03:20:00,,-26.938
1996-09-11 03:40:00,,-26.932
1996-09-11 04:00:00,,-26.927
1996-09-11 04:20:00,,-26.922
1996-09-11 04:40:00,,-26.917
1996-09-11 05:00:00,,-26.914
1996-09-11 05:20:00,,-26.912
1996-09-11 05:40:00,,-26.912
1996-09-11 06:00:00,,-26.913
1996-09-11 06:20:00,,-26.921
1996-09-11 06:40:00,,-26.931
1996-09-11 07:00:00,,-26.942
1996-09-11 07:20:00,,-26.951
1996-09-11 07:40:00,,-26.961
1996-09-11 08:00:00,,-26.972
1996-09-11 08:20:00,,-26.979
1996-09-11 08:40:00,,-26.988
1996-09-11 09:00:00,,-26.996
1996-09-11 09:20:00,,-27.004
1996-09-11 09:40:00,,-27.011
1996-09-11 10:00:00,,-27.019
1996-09-11 10:20:00,,-27.026
1996-09-11 10:40:00,,-27.034
1996-09-11 11:00:00,,-27.041
1996-09-11 11:20:00,,-27.049
1996-09-11 11:40:00,,-27.057
1996-09-11 12:00:00,,-27.063
1996-09-11 12:20:00,,-27.071
1996-09-11 12:40:00,,-27.077
1996-09-11 13:00:00,,-27.083
1996-09-11 13:20:00,,-27.089
1996-09-11 15:00:00,,-27.114
1996-09-11 15:20:00,,-27.12
1996-09-11 15:40:00,,-27.126
1996-09-11 16:00:00,,-27.13
1996-09-11 17:00:00,,-27.13
1996-09-11 17:20:00,,-27.127
1996-09-11 17:40:00,,-27.122
1996-09-11 18:00:00,,-27.118
1996-09-11 18:20:00,,-27.115
1996-09-11 18:40:00,,-27.113
1996-09-11 19:00:00,,-27.111
1996-09-11 19:20:00,,-27.109
1996-09-11 19:40:00,,-27.108
1996-09-11 20:00:00,,-27.106
1996-09-11 20:20:00,,-27.103
1996-09-11 20:40:00,,-27.101
1996-09-11 21:00:00,,-27.096
1996-09-11 21:20:00,,-27.09
1996-09-11 21:40:00,,-27.084
1996-09-11 22:00:00,,-27.077
1996-09-11 22:20:00,,-27.07
1996-09-11 22:40:00,,-27.063
1996-09-11 23:00:00,,-27.055
1996-09-11 23:20:00,,-27.048
1996-09-12 01:00:00,,-27.008
1996-09-12 01:20:00,,-27.001
1996-09-12 01:40:00,,-26.993
1996-09-12 02:00:00,,-26.986
1996-09-12 02:20:00,,-26.98
1996-09-12 02:40:00,,-26.975
1996-09-12 04:00:00,,-26.954
1996-09-12 04:20:00,,-26.95
1996-09-12 04:40:00,,-26.946
1996-09-12 05:00:00,,-26.94
1996-09-12 05:20:00,,-26.936
1996-09-12 05:40:00,,-26.933
1996-09-12 06:00:00,,-26.93
1996-09-12 06:40:00,,-26.93
1996-09-12 07:00:00,,-26.939
1996-09-12 07:20:00,,-26.951
1996-09-12 07:40:00,,-26.962
1996-09-12 08:00:00,,-26.973
1996-09-12 08:20:00,,-26.983
1996-09-12 08:40:00,,-26.993
1996-09-12 09:00:00,,-27.002
1996-09-12 09:20:00,,-27.011
1996-09-12 09:40:00,,-27.019
1996-09-12 10:00:00,,-27.026
1996-09-12 10:20:00,,-27.033
1996-09-12 10:40:00,,-27.039
1996-09-12 11:00:00,,-27.045
1996-09-12 11:20:00,,-27.049
1996-09-12 11:40:00,,-27.054
1996-09-12 12:00:00,,-27.057
1996-09-12 12:20:00,,-27.06
1996-09-12 12:40:00,,-27.062
1996-09-12 13:00:00,,-27.065
1996-09-12 14:20:00,,-27.072
1996-09-12 14:40:00,,-27.073
1996-09-12 15:00:00,,-27.074
1996-09-12 15:20:00,,-27.075
1996-09-12 16:20:00,,-27.075
1996-09-12 16:40:00,,-27.069
1996-09-12 17:00:00,,-27.058
1996-09-12 17:20:00,,-27.048
1996-09-12 17:40:00,,-27.04
1996-09-12 18:00:00,,-27.038
1996-09-12 19:40:00,,-27.038
1996-09-12 20:00:00,,-27.032
1996-09-12 20:20:00,,-27.024
1996-09-12 20:40:00,,-27.016
1996-09-12 21:00:00,,-27.01
1996-09-12 21:20:00,,-27.004
1996-09-12 21:40:00,,-26.998
1996-09-12 22:00:00,,-26.993
1996-09-12 22:20:00,,-26.988
1996-09-12 22:40:00,,-26.983
1996-09-12 23:00:00,,-26.977
1996-09-13 01:20:00,,-26.942
1996-09-13 01:40:00,,-26.938
1996-09-13 02:00:00,,-26.933
1996-09-13 02:20:00,,-26.929
1996-09-13 03:40:00,,-26.912
1996-09-13 04:00:00,,-26.908
1996-09-13 04:20:00,,-26.905
1996-09-13 04:40:00,,-26.902
1996-09-13 05:00:00,,-26.899
1996-09-13 05:20:00,,-26.897
1996-09-13 06:40:00,,-26.897
1996-09-13 07:00:00,,-26.909
1996-09-13 07:20:00,,-26.923
1996-09-13 08:40:00,,-26.975
1996-09-13 09:00:00,,-26.986
1996-09-13 09:20:00,,-26.976
1996-09-13 09:40:00,,-26.983
1996-09-13 10:00:00,,-26.998
1996-09-13 10:20:00,,-27.013
1996-09-13 11:00:00,,-27.018
1996-09-13 11:20:00,,-27.024
1996-09-13 11:40:00,,-27.029
1996-09-13 12:00:00,,-27.033
1996-09-13 12:20:00,,-27.035
1996-09-13 12:40:00,,-27.038
1996-09-13 13:00:00,,-27.04
1996-09-13 13:20:00,,-27.041
1996-09-13 13:40:00,,-27.044
1996-09-13 14:00:00,,-27.045
1996-09-13 14:20:00,,-27.048
1996-09-13 14:40:00,,-27.05
1996-09-13 15:00:00,,-27.054
1996-09-13 15:20:00,,-27.059
1996-09-13 15:40:00,,-27.065
1996-09-13 16:00:00,,-27.072
1996-09-13 16:20:00,,-27.078
1996-09-13 16:40:00,,-27.081
1996-09-13 17:40:00,,-27.081
1996-09-13 19:20:00,,-27.066
1996-09-13 19:40:00,,-27.064
1996-09-13 20:00:00,,-27.061
1996-09-13 20:20:00,,-27.056
1996-09-13 21:40:00,,-27.042
1996-09-13 22:00:00,,-27.037
1996-09-13 22:20:00,,-27.032
1996-09-13 22:40:00,,-27.028
1996-09-13 23:00:00,,-27.023
1996-09-14 00:20:00,,-27.001
1996-09-14 00:40:00,,-26.994
1996-09-14 01:00:00,,-26.987
1996-09-14 01:20:00,,-26.982
1996-09-14 01:40:00,,-26.977
1996-09-14 02:00:00,,-26.971
1996-09-14 03:20:00,,-26.954
1996-09-14 03:40:00,,-26.949
1996-09-14 04:00:00,,-26.945
1996-09-14 04:20:00,,-26.941
1996-09-14 04:40:00,,-26.936
1996-09-14 05:00:00,,-26.932
1996-09-14 05:20:00,,-26.928
1996-09-14 05:40:00,,-26.924
1996-09-14 06:00:00,,-26.921
1996-09-14 06:20:00,,-26.918
1996-09-14 06:40:00,,-26.917
1996-09-14 07:00:00,,-26.914
1996-09-14 07:20:00,,-26.912
1996-09-14 07:40:00,,-26.91
1996-09-14 08:00:00,,-26.91
1996-09-14 08:20:00,,-26.909
1996-09-14 08:40:00,,-26.908
1996-09-14 09:00:00,,-26.908
1996-09-14 09:20:00,,-26.911
1996-09-14 09:40:00,,-26.922
1996-09-14 10:00:00,,-26.934
1996-09-14 10:20:00,,-26.945
1996-09-14 10:40:00,,-26.956
1996-09-14 11:00:00,,-26.966
1996-09-14 11:20:00,,-26.974
1996-09-14 11:40:00,,-26.981
1996-09-14 12:00:00,,-26.987
1996-09-14 12:20:00,,-26.993
1996-09-14 12:40:00,,-26.999
1996-09-14 13:00:00,,-27.002
1996-09-14 13:20:00,,-27.006
1996-09-14 13:40:00,,-27.01
1996-09-14 14:00:00,,-27.013
1996-09-14 14:20:00,,-27.016
1996-09-14 14:40:00,,-27.019
1996-09-14 15:00:00,,-27.021
1996-09-14 15:20:00,,-27.025
1996-09-14 15:40:00,,-27.027
1996-09-14 16:00:00,,-27.028
1996-09-14 16:20:00,,-27.029
1996-09-14 16:40:00,,-27.029
1996-09-14 17:00:00,,-27.028
1996-09-14 17:20:00,,-27.016
1996-09-14 17:40:00,,-27.004
1996-09-14 18:00:00,,-26.992
1996-09-14 18:20:00,,-26.981
1996-09-14 18:40:00,,-26.971
1996-09-14 19:00:00,,-26.962
1996-09-14 20:20:00,,-26.937
1996-09-14 20:40:00,,-26.932
1996-09-14 21:00:00,,-26.928
1996-09-14 21:20:00,,-26.924
1996-09-14 21:40:00,,-26.92
1996-09-14 22:00:00,,-26.916
1996-09-14 22:20:00,,-26.911
1996-09-14 22:40:00,,-26.909
1996-09-14 23:00:00,,-26.906
1996-09-14 23:20:00,,-26.902
1996-09-14 23:40:00,,-26.898
1996-09-15 00:00:00,,-26.896
1996-09-15 00:20:00,,-26.893
1996-09-15 00:40:00,,-26.889
1996-09-15 01:00:00,,-26.885
1996-09-15 01:20:00,,-26.882
1996-09-15 01:40:00,,-26.879
1996-09-15 02:00:00,,-26.875
1996-09-15 02:20:00,,-26.873
1996-09-15 03:40:00,,-26.861
1996-09-15 04:00:00,,-26.859
1996-09-15 04:20:00,,-26.856
1996-09-15 04:40:00,,-26.854
1996-09-15 06:00:00,,-26.847
1996-09-15 06:20:00,,-26.845
1996-09-15 06:40:00,,-26.843
1996-09-15 07:20:00,,-26.843
1996-09-15 07:40:00,,-26.842
1996-09-15 08:40:00,,-26.842
1996-09-15 09:00:00,,-26.843
1996-09-15 09:20:00,,-26.851
1996-09-15 09:40:00,,-26.863
1996-09-15 10:00:00,,-26.874
1996-09-15 10:20:00,,-26.885
1996-09-15 10:40:00,,-26.895
1996-09-15 11:00:00,,-26.905
1996-09-15 11:20:00,,-26.913
1996-09-15 11:40:00,,-26.921
1996-09-15 12:00:00,,-26.928
1996-09-15 12:20:00,,-26.934
1996-09-15 12:40:00,,-26.939
1996-09-15 13:00:00,,-26.943
1996-09-15 13:20:00,,-26.947
1996-09-15 13:40:00,,-26.951
1996-09-15 15:00:00,,-26.965
1996-09-15 15:20:00,,-26.97
1996-09-15 15:40:00,,-26.975
1996-09-15 16:00:00,,-26.981
1996-09-15 16:20:00,,-26.986
1996-09-15 17:40:00,,-27.01
1996-09-15 18:00:00,,-27.014
1996-09-15 18:20:00,,-27.016
1996-09-15 18:40:00,,-27.016
1996-09-15 19:00:00,,-27.014
1996-09-15 19:20:00,,-27.005
1996-09-15 19:40:00,,-26.997
1996-09-15 20:00:00,,-26.99
1996-09-15 20:20:00,,-26.982
1996-09-15 20:40:00,,-26.977
1996-09-15 21:00:00,,-26.97
1996-09-15 22:20:00,,-26.946
1996-09-15 22:40:00,,-26.941
1996-09-15 23:00:00,,-26.937
1996-09-15 23:20:00,,-26.93
1996-09-15 23:40:00,,-26.924
1996-09-16 00:00:00,,-26.92
1996-09-16 01:20:00,,-26.9
1996-09-16 01:40:00,,-26.896
1996-09-16 02:00:00,,-26.892
1996-09-16 02:20:00,,-26.888
1996-09-16 02:40:00,,-26.885
1996-09-16 03:00:00,,-26.882
1996-09-16 03:20:00,,-26.878
1996-09-16 03:40:00,,-26.874
1996-09-16 04:00:00,,-26.872
1996-09-16 04:20:00,,-26.869
1996-09-16 04:40:00,,-26.866
1996-09-16 05:00:00,,-26.863
1996-09-16 05:20:00,,-26.861
1996-09-16 05:40:00,,-26.858
1996-09-16 06:00:00,,-26.856
1996-09-16 06:20:00,,-26.853
1996-09-16 06:40:00,,-26.851
1996-09-16 07:00:00,,-26.849
1996-09-16 07:40:00,,-26.849
1996-09-16 09:00:00,,-26.889
1996-09-16 10:20:00,,-26.925
1996-09-16 10:40:00,,-26.933
1996-09-16 11:00:00,,-26.943
1996-09-16 11:20:00,,-26.954
1996-09-16 11:40:00,,-26.964
1996-09-16 12:00:00,,-26.974
1996-09-16 12:20:00,,-26.984
1996-09-16 12:40:00,,-26.995
1996-09-16 13:00:00,,-27.005
1996-09-16 13:20:00,,-27.016
1996-09-16 14:40:00,,-27.054
1996-09-16 15:00:00,,-27.065
1996-09-16 15:20:00,,-27.059
1996-09-16 15:40:00,,-27.041
1996-09-16 16:00:00,,-27.029
1996-09-16 16:20:00,,-27.023
1996-09-16 16:40:00,,-27.02
1996-09-16 17:00:00,,-27.018
1996-09-16 17:20:00,,-27.016
1996-09-16 17:40:00,,-27.044
1996-09-16 18:00:00,,-27.067
1996-09-16 18:20:00,,-27.083
1996-09-16 18:40:00,,-27.093
1996-09-16 19:00:00,,-27.101
1996-09-16 19:20:00,,-27.106
1996-09-16 19:40:00,,-27.11
1996-09-16 20:00:00,,-27.113
1996-09-16 20:20:00,,-27.116
1996-09-16 20:40:00,,-27.118
1996-09-16 21:00:00,,-27.12
1996-09-16 21:20:00,,-27.122
1996-09-16 22:40:00,,-27.126
1996-09-16 23:00:00,,-27.126
1996-09-16 23:20:00,,-27.127
1996-09-17 02:40:00,,-27.127
1996-09-17 03:00:00,,-27.123
1996-09-17 03:20:00,,-27.111
1996-09-17 03:40:00,,-27.099
1996-09-17 04:00:00,,-27.087
1996-09-17 04:20:00,,-27.077
1996-09-17 04:40:00,,-27.068
1996-09-17 05:00:00,,-27.037
1996-09-17 05:20:00,,-27.028
1996-09-17 05:40:00,,-27.026
1996-09-17 06:00:00,,-27.021
1996-09-17 06:20:00,,-27.015
1996-09-17 06:40:00,,-27.01
1996-09-17 07:00:00,,-27.005
1996-09-17 07:20:00,,-26.999
1996-09-17 07:40:00,,-26.994
1996-09-17 09:20:00,,-26.976
1996-09-17 09:40:00,,-26.971
1996-09-17 10:00:00,,-26.966
1996-09-17 10:20:00,,-26.961
1996-09-17 10:40:00,,-26.957
1996-09-17 11:00:00,,-26.955
1996-09-17 11:20:00,,-26.951
1996-09-17 11:40:00,,-26.948
1996-09-17 12:00:00,,-26.947
1996-09-17 12:20:00,,-26.946
1996-09-17 14:00:00,,-26.946
1996-09-17 14:20:00,,-26.95
1996-09-17 14:40:00,,-26.95
1996-09-17 15:00:00,,-26.958
1996-09-17 15:20:00,,-26.964
1996-09-17 15:40:00,,-26.968
1996-09-17 16:00:00,,-26.969
1996-09-17 16:20:00,,-26.973
1996-09-17 16:40:00,,-26.976
1996-09-17 17:00:00,,-26.979
1996-09-17 17:20:00,,-26.981
1996-09-17 17:40:00,,-26.984
1996-09-17 18:00:00,,-26.988
1996-09-17 18:20:00,,-26.998
1996-09-17 18:40:00,,-27.011
1996-09-17 19:00:00,,-27.026
1996-09-17 19:20:00,,-27.042
1996-09-17 19:40:00,,-27.058
1996-09-17 20:00:00,,-27.074
1996-09-17 20:20:00,,-27.088
1996-09-17 20:40:00,,-27.102
1996-09-17 21:00:00,,-27.115
1996-09-17 21:20:00,,-27.127
1996-09-17 21:40:00,,-27.139
1996-09-17 22:00:00,,-27.15
1996-09-17 22:20:00,,-27.16
1996-09-17 22:40:00,,-27.168
1996-09-17 23:00:00,,-27.175
1996-09-17 23:20:00,,-27.181
1996-09-17 23:40:00,,-27.185
1996-09-18 00:00:00,,-27.188
1996-09-18 00:20:00,,-27.19
1996-09-18 00:40:00,,-27.192
1996-09-18 01:40:00,,-27.192
1996-09-18 02:00:00,,-27.193
1996-09-18 02:40:00,,-27.193
1996-09-18 03:00:00,,-27.189
1996-09-18 03:20:00,,-27.177
1996-09-18 03:40:00,,-27.164
1996-09-18 04:00:00,,-27.152
1996-09-18 04:20:00,,-27.141
1996-09-18 04:40:00,,-27.131
1996-09-18 05:00:00,,-27.118
1996-09-18 05:20:00,,-27.108
1996-09-18 05:40:00,,-27.099
1996-09-18 06:00:00,,-27.079
1996-09-18 06:20:00,,-27.069
1996-09-18 06:40:00,,-27.064
1996-09-18 07:00:00,,-27.062
1996-09-18 07:20:00,,-27.061
1996-09-18 07:40:00,,-27.061
1996-09-18 08:00:00,,-27.063
1996-09-18 08:20:00,,-27.068
1996-09-18 08:40:00,,-27.075
1996-09-18 09:00:00,,-27.08
1996-09-18 09:20:00,,-27.086
1996-09-18 09:40:00,,-27.091
1996-09-18 10:00:00,,-27.098
1996-09-18 10:20:00,,-27.104
1996-09-18 10:40:00,,-27.112
1996-09-18 11:00:00,,-27.121
1996-09-18 11:20:00,,-27.129
1996-09-18 11:40:00,,-27.139
1996-09-18 12:00:00,,-27.146
1996-09-18 12:20:00,,-27.154
1996-09-18 12:40:00,,-27.161
1996-09-18 13:00:00,,-27.168
1996-09-18 13:20:00,,-27.175
1996-09-18 13:40:00,,-27.18
1996-09-18 14:00:00,,-27.187
1996-09-18 14:20:00,,-27.192
1996-09-18 14:40:00,,-27.198
1996-09-18 15:00:00,,-27.204
1996-09-18 15:20:00,,-27.211
1996-09-18 15:40:00,,-27.216
1996-09-18 16:00:00,,-27.221
1996-09-18 17:20:00,,-27.245
1996-09-18 17:40:00,,-27.25
1996-09-18 18:00:00,,-27.257
1996-09-18 18:20:00,,-27.262
1996-09-18 18:40:00,,-27.267
1996-09-18 19:00:00,,-27.272
1996-09-18 19:20:00,,-27.275
1996-09-18 19:40:00,,-27.278
1996-09-18 20:00:00,,-27.28
1996-09-18 20:20:00,,-27.283
1996-09-18 20:40:00,,-27.284
1996-09-18 21:00:00,,-27.285
1996-09-18 22:20:00,,-27.285
1996-09-18 22:40:00,,-27.284
1996-09-18 23:00:00,,-27.28
1996-09-18 23:20:00,,-27.277
1996-09-18 23:40:00,,-27.274
1996-09-19 00:00:00,,-27.273
1996-09-19 00:20:00,,-27.271
1996-09-19 00:40:00,,-27.268
1996-09-19 01:00:00,,-27.265
1996-09-19 01:20:00,,-27.261
1996-09-19 01:40:00,,-27.26
1996-09-19 02:00:00,,-27.258
1996-09-19 02:20:00,,-27.256
1996-09-19 02:40:00,,-27.253
1996-09-19 03:00:00,,-27.247
1996-09-19 03:20:00,,-27.236
1996-09-19 04:40:00,,-27.185
1996-09-19 05:00:00,,-27.173
1996-09-19 05:20:00,,-27.163
1996-09-19 05:40:00,,-27.153
1996-09-19 06:00:00,,-27.144
1996-09-19 06:20:00,,-27.139
1996-09-19 06:40:00,,-27.137
1996-09-19 07:40:00,,-27.137
1996-09-19 08:00:00,,-27.14
1996-09-19 08:20:00,,-27.145
1996-09-19 08:40:00,,-27.15
1996-09-19 10:00:00,,-27.158
1996-09-19 11:20:00,,-27.162
1996-09-19 13:00:00,,-27.177
1996-09-19 13:20:00,,-27.181
1996-09-19 13:40:00,,-27.187
1996-09-19 14:00:00,,-27.193
1996-09-19 14:20:00,,-27.199
1996-09-19 16:00:00,,-27.232
1996-09-19 16:20:00,,-27.238
1996-09-19 16:40:00,,-27.245
1996-09-19 17:00:00,,-27.253
1996-09-19 17:20:00,,-27.26
1996-09-19 17:40:00,,-27.266
1996-09-19 20:20:00,,-27.324
1996-09-19 20:40:00,,-27.331
1996-09-19 21:00:00,,-27.336
1996-09-19 21:20:00,,-27.343
1996-09-19 21:40:00,,-27.348
1996-09-19 22:00:00,,-27.354
1996-09-19 22:20:00,,-27.358
1996-09-19 22:40:00,,-27.362
1996-09-19 23:00:00,,-27.366
1996-09-19 23:20:00,,-27.368
1996-09-19 23:40:00,,-27.37
1996-09-20 00:00:00,,-27.371
1996-09-20 00:20:00,,-27.372
1996-09-20 02:00:00,,-27.372
1996-09-20 02:20:00,,-27.371
1996-09-20 02:40:00,,-27.368
1996-09-20 03:00:00,,-27.363
1996-09-20 03:20:00,,-27.353
1996-09-20 04:40:00,,-27.3
1996-09-20 05:00:00,,-27.288
1996-09-20 05:20:00,,-27.277
1996-09-20 05:40:00,,-27.266
1996-09-20 06:00:00,,-27.256
1996-09-20 06:20:00,,-27.245
1996-09-20 06:40:00,,-27.237
1996-09-20 07:00:00,,-27.235
1996-09-20 08:00:00,,-27.235
1996-09-20 08:20:00,,-27.236
1996-09-20 08:40:00,,-27.239
1996-09-20 09:00:00,,-27.242
1996-09-20 09:20:00,,-27.244
1996-09-20 10:00:00,,-27.244
1996-09-20 11:20:00,,-27.249
1996-09-20 11:40:00,,-27.25
1996-09-20 12:20:00,,-27.25
1996-09-20 12:40:00,,-27.241
1996-09-20 13:00:00,,-27.231
1996-09-20 13:20:00,,-27.224
1996-09-20 13:40:00,,-27.22
1996-09-20 14:00:00,,-27.213
1996-09-20 14:20:00,,-27.205
1996-09-20 14:40:00,,-27.195
1996-09-20 15:00:00,,-27.186
1996-09-20 15:20:00,,-27.177
1996-09-20 15:40:00,,-27.172
1996-09-20 16:00:00,,-27.171
1996-09-20 16:20:00,,-27.17
1996-09-20 16:40:00,,-27.171
1996-09-20 18:00:00,,-27.195
1996-09-20 19:20:00,,-27.213
1996-09-20 19:40:00,,-27.216
1996-09-20 20:00:00,,-27.219
1996-09-20 20:20:00,,-27.222
1996-09-20 20:40:00,,-27.224
1996-09-20 21:00:00,,-27.226
1996-09-20 21:20:00,,-27.23
1996-09-20 21:40:00,,-27.232
1996-09-20 22:00:00,,-27.236
1996-09-20 22:20:00,,-27.222
1996-09-20 22:40:00,,-27.196
1996-09-20 23:00:00,,-27.188
1996-09-20 23:20:00,,-27.198
1996-09-20 23:40:00,,-27.208
1996-09-21 00:00:00,,-27.213
1996-09-21 00:20:00,,-27.217
1996-09-21 00:40:00,,-27.22
1996-09-21 01:00:00,,-27.222
1996-09-21 01:20:00,,-27.223
1996-09-21 01:40:00,,-27.225
1996-09-21 02:00:00,,-27.227
1996-09-21 02:20:00,,-27.229
1996-09-21 02:40:00,,-27.232
1996-09-21 03:00:00,,-27.233
1996-09-21 03:20:00,,-27.236
1996-09-21 03:40:00,,-27.238
1996-09-21 04:00:00,,-27.242
1996-09-21 04:20:00,,-27.244
1996-09-21 04:40:00,,-27.246
1996-09-21 05:00:00,,-27.249
1996-09-21 05:20:00,,-27.251
1996-09-21 05:40:00,,-27.252
1996-09-21 06:00:00,,-27.252
1996-09-21 06:20:00,,-27.244
1996-09-21 06:40:00,,-27.236
1996-09-21 07:00:00,,-27.228
1996-09-21 07:20:00,,-27.219
1996-09-21 07:40:00,,-27.209
1996-09-21 08:00:00,,-27.202
1996-09-21 08:20:00,,-27.195
1996-09-21 08:40:00,,-27.188
1996-09-21 09:00:00,,-27.183
1996-09-21 09:20:00,,-27.175
1996-09-21 09:40:00,,-27.169
1996-09-21 10:00:00,,-27.162
1996-09-21 10:20:00,,-27.156
1996-09-21 10:40:00,,-27.148
1996-09-21 11:00:00,,-27.14
1996-09-21 11:20:00,,-27.134
1996-09-21 11:40:00,,-27.128
1996-09-21 12:00:00,,-27.121
1996-09-21 12:20:00,,-27.115
1996-09-21 12:40:00,,-27.107
1996-09-21 13:00:00,,-27.1
1996-09-21 13:20:00,,-27.093
1996-09-21 13:40:00,,-27.089
1996-09-21 14:00:00,,-27.085
1996-09-21 14:20:00,,-27.08
1996-09-21 14:40:00,,-27.077
1996-09-21 15:00:00,,-27.072
1996-09-21 15:20:00,,-27.069
1996-09-21 16:00:00,,-27.069
1996-09-21 16:20:00,,-27.071
1996-09-21 16:40:00,,-27.082
1996-09-21 17:00:00,,-27.093
1996-09-21 17:20:00,,-27.104
1996-09-21 17:40:00,,-27.113
1996-09-21 18:00:00,,-27.123
1996-09-21 18:20:00,,-27.133
1996-09-21 18:40:00,,-27.141
1996-09-21 19:00:00,,-27.149
1996-09-21 19:20:00,,-27.156
1996-09-21 19:40:00,,-27.162
1996-09-21 20:00:00,,-27.168
1996-09-21 20:20:00,,-27.173
1996-09-21 21:40:00,,-27.188
1996-09-21 22:00:00,,-27.19
1996-09-21 22:20:00,,-27.192
1996-09-21 22:40:00,,-27.193
1996-09-21 23:00:00,,-27.196
1996-09-21 23:20:00,,-27.196
1996-09-21 23:40:00,,-27.197
1996-09-22 00:00:00,,-27.198
1996-09-22 00:20:00,,-27.199
1996-09-22 01:00:00,,-27.199
1996-09-22 02:20:00,,-27.202
1996-09-22 02:40:00,,-27.204
1996-09-22 03:00:00,,-27.205
1996-09-22 03:20:00,,-27.208
1996-09-22 04:40:00,,-27.216
1996-09-22 05:00:00,,-27.22
1996-09-22 05:20:00,,-27.221
1996-09-22 06:00:00,,-27.221
1996-09-22 06:20:00,,-27.211
1996-09-22 06:40:00,,-27.2
1996-09-22 07:00:00,,-27.188
1996-09-22 07:20:00,,-27.176
1996-09-22 07:40:00,,-27.165
1996-09-22 08:00:00,,-27.154
1996-09-22 08:20:00,,-27.144
1996-09-22 08:40:00,,-27.135
1996-09-22 09:00:00,,-27.128
1996-09-22 09:20:00,,-27.119
1996-09-22 09:40:00,,-27.112
1996-09-22 10:00:00,,-27.105
1996-09-22 10:20:00,,-27.1
1996-09-22 10:40:00,,-27.095
1996-09-22 11:00:00,,-27.092
1996-09-22 11:20:00,,-27.09
1996-09-22 11:40:00,,-27.088
1996-09-22 12:00:00,,-27.086
1996-09-22 12:20:00,,-27.085
1996-09-22 12:40:00,,-27.083
1996-09-22 13:00:00,,-27.081
1996-09-22 13:20:00,,-27.081
1996-09-22 13:40:00,,-27.08
1996-09-22 14:00:00,,-27.079
1996-09-22 15:40:00,,-27.079
1996-09-22 16:00:00,,-27.086
1996-09-22 16:20:00,,-27.102
1996-09-22 16:40:00,,-27.116
1996-09-22 17:00:00,,-27.133
1996-09-22 17:20:00,,-27.148
1996-09-22 17:40:00,,-27.163
1996-09-22 18:00:00,,-27.178
1996-09-22 18:20:00,,-27.192
1996-09-22 18:40:00,,-27.206
1996-09-22 19:00:00,,-27.218
1996-09-22 19:20:00,,-27.228
1996-09-22 19:40:00,,-27.239
1996-09-22 20:00:00,,-27.25
1996-09-22 20:20:00,,-27.26
1996-09-22 20:40:00,,-27.269
1996-09-22 21:00:00,,-27.278
1996-09-22 21:20:00,,-27.286
1996-09-22 21:40:00,,-27.294
1996-09-22 23:00:00,,-27.317
1996-09-22 23:20:00,,-27.322
1996-09-22 23:40:00,,-27.327
1996-09-23 00:00:00,,-27.331
1996-09-23 00:20:00,,-27.336
1996-09-23 02:40:00,,-27.364
1996-09-23 04:00:00,,-27.383
1996-09-23 04:20:00,,-27.388
1996-09-23 04:40:00,,-27.394
1996-09-23 05:00:00,,-27.399
1996-09-23 05:20:00,,-27.403
1996-09-23 05:40:00,,-27.405
1996-09-23 06:20:00,,-27.405
1996-09-23 06:40:00,,-27.397
1996-09-23 07:00:00,,-27.391
1996-09-23 07:20:00,,-27.384
1996-09-23 07:40:00,,-27.377
1996-09-23 08:00:00,,-27.371
1996-09-23 08:20:00,,-27.367
1996-09-23 10:20:00,,-27.335
1996-09-23 10:40:00,,-27.328
1996-09-23 11:00:00,,-27.322
1996-09-23 13:00:00,,-27.292
1996-09-23 13:20:00,,-27.288
1996-09-23 13:40:00,,-27.284
1996-09-23 14:00:00,,-27.28
1996-09-23 14:20:00,,-27.277
1996-09-23 14:40:00,,-27.275
1996-09-23 15:00:00,,-27.272
1996-09-23 16:00:00,,-27.272
1996-09-23 16:20:00,,-27.28
1996-09-23 16:40:00,,-27.291
1996-09-23 17:00:00,,-27.302
1996-09-23 17:20:00,,-27.314
1996-09-23 17:40:00,,-27.326
1996-09-23 18:00:00,,-27.338
1996-09-23 18:20:00,,-27.349
1996-09-23 18:40:00,,-27.36
1996-09-23 19:00:00,,-27.37
1996-09-23 19:20:00,,-27.38
1996-09-23 19:40:00,,-27.39
1996-09-23 20:00:00,,-27.398
1996-09-23 20:20:00,,-27.406
1996-09-23 20:40:00,,-27.415
1996-09-23 21:00:00,,-27.422
1996-09-23 21:20:00,,-27.427
1996-09-23 21:40:00,,-27.431
1996-09-23 22:00:00,,-27.434
1996-09-23 22:20:00,,-27.436
1996-09-24 00:00:00,,-27.436
1996-09-24 00:20:00,,-27.432
1996-09-24 00:40:00,,-27.427
1996-09-24 01:00:00,,-27.423
1996-09-24 01:20:00,,-27.417
1996-09-24 01:40:00,,-27.412
1996-09-24 02:00:00,,-27.408
1996-09-24 02:20:00,,-27.403
1996-09-24 02:40:00,,-27.399
1996-09-24 03:00:00,,-27.396
1996-09-24 03:20:00,,-27.392
1996-09-24 03:40:00,,-27.39
1996-09-24 04:00:00,,-27.387
1996-09-24 04:20:00,,-27.385
1996-09-24 04:40:00,,-27.384
1996-09-24 05:00:00,,-27.382
1996-09-24 05:20:00,,-27.38
1996-09-24 05:40:00,,-27.376
1996-09-24 06:00:00,,-27.366
1996-09-24 06:20:00,,-27.355
1996-09-24 06:40:00,,-27.347
1996-09-24 07:00:00,,-27.343
1996-09-24 07:20:00,,-27.342
1996-09-24 07:40:00,,-27.341
1996-09-24 10:00:00,,-27.341
1996-09-24 10:20:00,,-27.339
1996-09-24 10:40:00,,-27.336
1996-09-24 11:00:00,,-27.333
1996-09-24 11:20:00,,-27.332
1996-09-24 11:40:00,,-27.329
1996-09-24 12:00:00,,-27.324
1996-09-24 12:20:00,,-27.321
1996-09-24 12:40:00,,-27.318
1996-09-24 13:00:00,,-27.315
1996-09-24 13:20:00,,-27.311
1996-09-24 13:40:00,,-27.308
1996-09-24 14:00:00,,-27.305
1996-09-24 14:20:00,,-27.303
1996-09-24 14:40:00,,-27.301
1996-09-24 15:00:00,,-27.299
1996-09-24 15:20:00,,-27.268
1996-09-24 15:40:00,,-27.242
1996-09-24 16:00:00,,-27.225
1996-09-24 16:20:00,,-27.215
1996-09-24 16:40:00,,-27.211
1996-09-24 17:00:00,,-27.209
1996-09-24 18:40:00,,-27.209
1996-09-24 19:00:00,,-27.242
1996-09-24 19:20:00,,-27.271
1996-09-24 19:40:00,,-27.293
1996-09-24 20:00:00,,-27.309
1996-09-24 20:20:00,,-27.324
1996-09-24 20:40:00,,-27.336
1996-09-24 21:00:00,,-27.346
1996-09-24 21:20:00,,-27.356
1996-09-24 21:40:00,,-27.365
1996-09-24 22:00:00,,-27.372
1996-09-24 22:20:00,,-27.38
1996-09-24 22:40:00,,-27.387
1996-09-25 00:00:00,,-27.408
1996-09-25 01:20:00,,-27.42
1996-09-25 01:40:00,,-27.424
1996-09-25 02:00:00,,-27.427
1996-09-25 02:20:00,,-27.429
1996-09-25 03:40:00,,-27.444
1996-09-25 04:00:00,,-27.449
1996-09-25 04:20:00,,-27.453
1996-09-25 04:40:00,,-27.458
1996-09-25 05:00:00,,-27.464
1996-09-25 05:20:00,,-27.469
1996-09-25 05:40:00,,-27.472
1996-09-25 06:20:00,,-27.472
1996-09-25 06:40:00,,-27.471
1996-09-25 07:00:00,,-27.465
1996-09-25 07:20:00,,-27.459
1996-09-25 08:40:00,,-27.439
1996-09-25 09:00:00,,-27.433
1996-09-25 09:20:00,,-27.427
1996-09-25 09:40:00,,-27.421
1996-09-25 10:00:00,,-27.413
1996-09-25 10:20:00,,-27.403
1996-09-25 10:40:00,,-27.395
1996-09-25 12:20:00,,-27.34
1996-09-25 12:40:00,,-27.328
1996-09-25 13:00:00,,-27.317
1996-09-25 13:20:00,,-27.305
1996-09-25 13:40:00,,-27.293
1996-09-25 14:00:00,,-27.281
1996-09-25 14:20:00,,-27.271
1996-09-25 14:40:00,,-27.263
1996-09-25 15:00:00,,-27.252
1996-09-25 15:20:00,,-27.244
1996-09-25 15:40:00,,-27.236
1996-09-25 16:00:00,,-27.227
1996-09-25 16:20:00,,-27.22
1996-09-25 16:40:00,,-27.213
1996-09-25 17:00:00,,-27.207
1996-09-25 17:20:00,,-27.201
1996-09-25 17:40:00,,-27.198
1996-09-25 18:00:00,,-27.197
1996-09-25 18:20:00,,-27.197
1996-09-25 18:40:00,,-27.2
1996-09-25 19:00:00,,-27.209
1996-09-25 19:20:00,,-27.216
1996-09-25 19:40:00,,-27.199
1996-09-25 20:00:00,,-27.185
1996-09-25 20:20:00,,-27.177
1996-09-25 20:40:00,,-27.173
1996-09-25 21:00:00,,-27.169
1996-09-25 21:20:00,,-27.166
1996-09-25 21:40:00,,-27.164
1996-09-25 22:00:00,,-27.162
1996-09-25 22:20:00,,-27.16
1996-09-25 23:40:00,,-27.149
1996-09-26 00:00:00,,-27.145
1996-09-26 00:20:00,,-27.141
1996-09-26 00:40:00,,-27.137
1996-09-26 01:00:00,,-27.134
1996-09-26 01:20:00,,-27.13
1996-09-26 01:40:00,,-27.125
1996-09-26 02:00:00,,-27.122
1996-09-26 02:20:00,,-27.117
1996-09-26 02:40:00,,-27.114
1996-09-26 03:00:00,,-27.11
1996-09-26 04:40:00,,-27.1
1996-09-26 05:00:00,,-27.099
1996-09-26 05:20:00,,-27.098
1996-09-26 05:40:00,,-27.093
1996-09-26 06:00:00,,-27.082
1996-09-26 06:20:00,,-27.086
1996-09-26 06:40:00,,-27.111
1996-09-26 07:00:00,,-27.13
1996-09-26 07:20:00,,-27.147
1996-09-26 07:40:00,,-27.16
1996-09-26 08:00:00,,-27.17
1996-09-26 08:20:00,,-27.179
1996-09-26 08:40:00,,-27.187
1996-09-26 09:00:00,,-27.195
1996-09-26 09:20:00,,-27.202
1996-09-26 10:40:00,,-27.237
1996-09-26 11:00:00,,-27.245
1996-09-26 11:20:00,,-27.252
1996-09-26 11:40:00,,-27.26
1996-09-26 12:00:00,,-27.266
1996-09-26 12:20:00,,-27.274
1996-09-26 12:40:00,,-27.281
1996-09-26 13:00:00,,-27.286
1996-09-26 13:20:00,,-27.293
1996-09-26 13:40:00,,-27.297
1996-09-26 14:00:00,,-27.302
1996-09-26 14:20:00,,-27.307
1996-09-26 14:40:00,,-27.31
1996-09-26 15:00:00,,-27.316
1996-09-26 15:20:00,,-27.32
1996-09-26 15:40:00,,-27.324
1996-09-26 16:00:00,,-27.329
1996-09-26 16:20:00,,-27.335
1996-09-26 16:40:00,,-27.338
1996-09-26 17:40:00,,-27.338
1996-09-26 18:00:00,,-27.337
1996-09-26 18:40:00,,-27.337
1996-09-26 19:00:00,,-27.342
1996-09-26 19:20:00,,-27.35
1996-09-26 19:40:00,,-27.343
1996-09-26 20:00:00,,-27.348
1996-09-26 20:20:00,,-27.361
1996-09-26 20:40:00,,-27.374
1996-09-26 21:00:00,,-27.383
1996-09-26 21:20:00,,-27.391
1996-09-26 21:40:00,,-27.398
1996-09-26 22:00:00,,-27.402
1996-09-26 22:20:00,,-27.405
1996-09-26 22:40:00,,-27.406
1996-09-26 23:00:00,,-27.407
1996-09-27 00:40:00,,-27.407
1996-09-27 01:00:00,,-27.404
1996-09-27 01:20:00,,-27.4
1996-09-27 01:40:00,,-27.395
1996-09-27 02:00:00,,-27.391
1996-09-27 02:20:00,,-27.387
1996-09-27 02:40:00,,-27.382
1996-09-27 04:00:00,,-27.368
1996-09-27 04:20:00,,-27.367
1996-09-27 04:40:00,,-27.365
1996-09-27 05:40:00,,-27.365
1996-09-27 06:00:00,,-27.361
1996-09-27 06:20:00,,-27.353
1996-09-27 06:40:00,,-27.345
1996-09-27 07:00:00,,-27.339
1996-09-27 07:20:00,,-27.332
1996-09-27 07:40:00,,-27.328
1996-09-27 08:00:00,,-27.325
1996-09-27 08:20:00,,-27.323
1996-09-27 08:40:00,,-27.322
1996-09-27 09:00:00,,-27.321
1996-09-27 09:20:00,,-27.32
1996-09-27 09:40:00,,-27.318
1996-09-27 10:00:00,,-27.317
1996-09-27 10:20:00,,-27.314
1996-09-27 10:40:00,,-27.312
1996-09-27 11:00:00,,-27.31
1996-09-27 11:20:00,,-27.307
1996-09-27 11:40:00,,-27.305
1996-09-27 12:00:00,,-27.304
1996-09-27 12:20:00,,-27.303
1996-09-27 12:40:00,,-27.299
1996-09-27 13:00:00,,-27.297
1996-09-27 13:20:00,,-27.296
1996-09-27 13:40:00,,-27.295
1996-09-27 14:00:00,,-27.292
1996-09-27 14:20:00,,-27.29
1996-09-27 14:40:00,,-27.288
1996-09-27 15:00:00,,-27.285
1996-09-27 15:20:00,,-27.281
1996-09-27 15:40:00,,-27.281
1996-09-27 16:00:00,,-27.28
1996-09-27 16:20:00,,-27.277
1996-09-27 16:40:00,,-27.276
1996-09-27 17:00:00,,-27.275
1996-09-27 18:00:00,,-27.275
1996-09-27 18:20:00,,-27.282
1996-09-27 18:40:00,,-27.295
1996-09-27 19:00:00,,-27.308
1996-09-27 19:20:00,,-27.322
1996-09-27 19:40:00,,-27.334
1996-09-27 20:00:00,,-27.346
1996-09-27 20:20:00,,-27.358
1996-09-27 20:40:00,,-27.368
1996-09-27 21:00:00,,-27.376
1996-09-27 21:20:00,,-27.384
1996-09-27 21:40:00,,-27.388
1996-09-27 22:00:00,,-27.393
1996-09-27 22:20:00,,-27.394
1996-09-27 22:40:00,,-27.396
1996-09-27 23:00:00,,-27.398
1996-09-28 01:00:00,,-27.398
1996-09-28 01:20:00,,-27.397
1996-09-28 01:40:00,,-27.393
1996-09-28 02:00:00,,-27.39
1996-09-28 02:20:00,,-27.388
1996-09-28 03:40:00,,-27.379
1996-09-28 04:00:00,,-27.374
1996-09-28 04:20:00,,-27.371
1996-09-28 04:40:00,,-27.368
1996-09-28 05:00:00,,-27.365
1996-09-28 05:20:00,,-27.364
1996-09-28 05:40:00,,-27.364
1996-09-28 06:00:00,,-27.362
1996-09-28 06:20:00,,-27.354
1996-09-28 06:40:00,,-27.343
1996-09-28 07:00:00,,-27.328
1996-09-28 07:20:00,,-27.314
1996-09-28 07:40:00,,-27.301
1996-09-28 08:00:00,,-27.289
1996-09-28 08:20:00,,-27.279
1996-09-28 08:40:00,,-27.267
1996-09-28 09:00:00,,-27.259
1996-09-28 09:20:00,,-27.25
1996-09-28 09:40:00,,-27.244
1996-09-28 10:00:00,,-27.24
1996-09-28 10:20:00,,-27.234
1996-09-28 10:40:00,,-27.231
1996-09-28 11:00:00,,-27.228
1996-09-28 11:20:00,,-27.226
1996-09-28 11:40:00,,-27.225
1996-09-28 12:00:00,,-27.223
1996-09-28 13:40:00,,-27.22
1996-09-28 16:40:00,,-27.22
1996-09-28 17:00:00,,-27.221
1996-09-28 17:20:00,,-27.222
1996-09-28 17:40:00,,-27.224
1996-09-28 18:00:00,,-27.226
1996-09-28 18:20:00,,-27.231
1996-09-28 18:40:00,,-27.241
1996-09-28 19:00:00,,-27.256
1996-09-28 20:20:00,,-27.32
1996-09-28 20:40:00,,-27.332
1996-09-28 21:00:00,,-27.346
1996-09-28 21:20:00,,-27.356
1996-09-28 21:40:00,,-27.364
1996-09-28 22:00:00,,-27.37
1996-09-28 22:20:00,,-27.374
1996-09-28 22:40:00,,-27.375
1996-09-28 23:20:00,,-27.375
1996-09-28 23:40:00,,-27.37
1996-09-29 00:00:00,,-27.363
1996-09-29 00:20:00,,-27.356
1996-09-29 00:40:00,,-27.349
1996-09-29 01:00:00,,-27.341
1996-09-29 01:20:00,,-27.333
1996-09-29 01:40:00,,-27.326
1996-09-29 02:00:00,,-27.319
1996-09-29 03:20:00,,-27.288
1996-09-29 03:40:00,,-27.282
1996-09-29 04:00:00,,-27.274
1996-09-29 04:20:00,,-27.268
1996-09-29 04:40:00,,-27.261
1996-09-29 05:00:00,,-27.257
1996-09-29 05:20:00,,-27.251
1996-09-29 05:40:00,,-27.247
1996-09-29 06:00:00,,-27.244
1996-09-29 06:20:00,,-27.241
1996-09-29 06:40:00,,-27.237
1996-09-29 07:00:00,,-27.235
1996-09-29 07:20:00,,-27.231
1996-09-29 07:40:00,,-27.231
1996-09-29 08:00:00,,-27.229
1996-09-29 08:20:00,,-27.228
1996-09-29 08:40:00,,-27.227
1996-09-29 09:00:00,,-27.223
1996-09-29 09:20:00,,-27.22
1996-09-29 10:40:00,,-27.201
1996-09-29 11:00:00,,-27.197
1996-09-29 11:20:00,,-27.193
1996-09-29 11:40:00,,-27.189
1996-09-29 13:20:00,,-27.164
1996-09-29 13:40:00,,-27.158
1996-09-29 14:00:00,,-27.153
1996-09-29 14:20:00,,-27.148
1996-09-29 14:40:00,,-27.143
1996-09-29 15:00:00,,-27.139
1996-09-29 15:20:00,,-27.134
1996-09-29 15:40:00,,-27.134
1996-09-29 16:00:00,,-27.127
1996-09-29 16:20:00,,-27.123
1996-09-29 16:40:00,,-27.119
1996-09-29 17:00:00,,-27.115
1996-09-29 17:20:00,,-27.113
1996-09-29 17:40:00,,-27.11
1996-09-29 18:00:00,,-27.108
1996-09-29 19:20:00,,-27.104
1996-09-29 22:40:00,,-27.104
1996-09-29 23:00:00,,-27.101
1996-09-29 23:20:00,,-27.098
1996-09-29 23:40:00,,-27.094
1996-09-30 00:00:00,,-27.091
1996-09-30 00:20:00,,-27.088
1996-09-30 00:40:00,,-27.084
1996-09-30 01:00:00,,-27.08
1996-09-30 01:20:00,,-27.077
1996-09-30 01:40:00,,-27.074
1996-09-30 02:00:00,,-27.072
1996-09-30 02:20:00,,-27.068
1996-09-30 02:40:00,,-27.066
1996-09-30 03:00:00,,-27.064
1996-09-30 03:20:00,,-27.063
1996-09-30 03:40:00,,-27.061
1996-09-30 04:00:00,,-27.06
1996-09-30 04:20:00,,-27.059
1996-09-30 04:40:00,,-27.058
1996-09-30 05:00:00,,-27.058
1996-09-30 05:20:00,,-27.057
1996-09-30 06:00:00,,-27.057
1996-09-30 06:20:00,,-27.056
1996-09-30 06:40:00,,-27.056
1996-09-30 07:00:00,,-27.055
1996-09-30 09:00:00,,-27.055
1996-09-30 09:20:00,,-27.056
1996-09-30 11:00:00,,-27.056
1996-09-30 11:20:00,,-27.059
1996-09-30 11:40:00,,-27.066
1996-09-30 12:00:00,,-27.077
1996-09-30 12:20:00,,-27.087
1996-09-30 12:40:00,,-27.096
1996-09-30 13:00:00,,-27.105
1996-09-30 13:20:00,,-27.113
1996-09-30 13:40:00,,-27.12
1996-09-30 14:00:00,,-27.129
1996-09-30 14:20:00,,-27.135
1996-09-30 14:40:00,,-27.142
1996-09-30 15:00:00,,-27.149
1996-09-30 16:20:00,,-27.172
1996-09-30 16:40:00,,-27.176
1996-09-30 17:00:00,,-27.179
1996-09-30 17:20:00,,-27.184
1996-09-30 17:40:00,,-27.187
1996-09-30 18:00:00,,-27.192
1996-09-30 18:20:00,,-27.196
1996-09-30 18:40:00,,-27.2
1996-09-30 19:00:00,,-27.204
1996-09-30 19:20:00,,-27.209
1996-09-30 19:40:00,,-27.214
1996-09-30 20:00:00,,-27.221
1996-09-30 20:20:00,,-27.228
1996-09-30 22:00:00,,-27.268
1996-09-30 22:20:00,,-27.275
1996-09-30 22:40:00,,-27.282
1996-09-30 23:00:00,,-27.288
1996-09-30 23:20:00,,-27.295
1996-09-30 23:40:00,,-27.299
1996-10-01 00:00:00,,-27.303
1996-10-01 00:20:00,,-27.305
1996-10-01 00:40:00,,-27.308
1996-10-01 01:00:00,,-27.309
1996-10-01 01:20:00,,-27.311
1996-10-01 01:40:00,,-27.313
1996-10-01 02:00:00,,-27.314
1996-10-01 02:20:00,,-27.317
1996-10-01 02:40:00,,-27.32
1996-10-01 03:00:00,,-27.322
1996-10-01 03:20:00,,-27.324
1996-10-01 03:40:00,,-27.326
1996-10-01 06:00:00,,-27.344
1996-10-01 07:20:00,,-27.352
1996-10-01 08:40:00,,-27.37
1996-10-01 09:00:00,,-27.377
1996-10-01 09:20:00,,-27.383
1996-10-01 09:40:00,,-27.39
1996-10-01 10:00:00,,-27.397
1996-10-01 10:20:00,,-27.404
1996-10-01 10:40:00,,-27.41
1996-10-01 11:00:00,,-27.417
1996-10-01 12:40:00,,-27.449
1996-10-01 13:00:00,,-27.454
1996-10-01 13:20:00,,-27.46
1996-10-01 13:40:00,,-27.464
1996-10-01 14:00:00,,-27.471
1996-10-01 14:20:00,,-27.477
1996-10-01 14:40:00,,-27.482
1996-10-01 15:00:00,,-27.484
1996-10-01 15:40:00,,-27.484
1996-10-01 16:00:00,,-27.481
1996-10-01 16:20:00,,-27.473
1996-10-01 16:40:00,,-27.468
1996-10-01 17:00:00,,-27.461
1996-10-01 17:20:00,,-27.455
1996-10-01 17:40:00,,-27.45
1996-10-01 18:00:00,,-27.447
1996-10-01 19:00:00,,-27.447
1996-10-01 19:20:00,,-27.449
1996-10-01 19:40:00,,-27.454
1996-10-01 20:00:00,,-27.458
1996-10-01 20:20:00,,-27.46
1996-10-01 20:40:00,,-27.464
1996-10-01 21:00:00,,-27.466
1996-10-01 21:20:00,,-27.468
1996-10-01 21:40:00,,-27.469
1996-10-02 01:40:00,,-27.469
1996-10-02 02:00:00,,-27.468
1996-10-02 02:20:00,,-27.467
1996-10-02 02:40:00,,-27.467
1996-10-02 03:00:00,,-27.466
1996-10-02 06:20:00,,-27.466
1996-10-02 06:40:00,,-27.464
1996-10-02 07:00:00,,-27.455
1996-10-02 08:20:00,,-27.41
1996-10-02 08:40:00,,-27.401
1996-10-02 09:00:00,,-27.388
1996-10-02 09:20:00,,-27.377
1996-10-02 09:40:00,,-27.367
1996-10-02 10:00:00,,-27.357
1996-10-02 10:20:00,,-27.348
1996-10-02 10:40:00,,-27.339
1996-10-02 11:00:00,,-27.329
1996-10-02 11:20:00,,-27.319
1996-10-02 11:40:00,,-27.311
1996-10-02 12:00:00,,-27.304
1996-10-02 12:20:00,,-27.296
1996-10-02 12:40:00,,-27.29
1996-10-02 13:00:00,,-27.285
1996-10-02 13:20:00,,-27.281
1996-10-02 13:40:00,,-27.271
1996-10-02 14:00:00,,-27.269
1996-10-02 15:20:00,,-27.269
1996-10-02 15:40:00,,-27.278
1996-10-02 16:00:00,,-27.291
1996-10-02 16:20:00,,-27.304
1996-10-02 16:40:00,,-27.318
1996-10-02 17:00:00,,-27.331
1996-10-02 17:20:00,,-27.341
1996-10-02 17:40:00,,-27.35
1996-10-02 18:00:00,,-27.358
1996-10-02 18:20:00,,-27.365
1996-10-02 18:40:00,,-27.371
1996-10-02 19:00:00,,-27.377
1996-10-02 19:20:00,,-27.382
1996-10-02 19:40:00,,-27.386
1996-10-02 20:00:00,,-27.39
1996-10-02 20:20:00,,-27.393
1996-10-02 20:40:00,,-27.397
1996-10-02 21:00:00,,-27.4
1996-10-02 21:20:00,,-27.402
1996-10-02 21:40:00,,-27.402
1996-10-02 22:00:00,,-27.403
1996-10-03 04:20:00,,-27.403
1996-10-03 04:40:00,,-27.404
1996-10-03 05:00:00,,-27.404
1996-10-03 05:20:00,,-27.406
1996-10-03 05:40:00,,-27.408
1996-10-03 06:00:00,,-27.411
1996-10-03 06:20:00,,-27.412
1996-10-03 07:00:00,,-27.412
1996-10-03 07:20:00,,-27.408
1996-10-03 07:40:00,,-27.405
1996-10-03 10:20:00,,-27.405
1996-10-03 12:00:00,,-27.4
1996-10-03 13:20:00,,-27.4
1996-10-03 13:40:00,,-27.402
1996-10-03 14:00:00,,-27.406
1996-10-03 15:20:00,,-27.429
1996-10-03 15:40:00,,-27.435
1996-10-03 16:00:00,,-27.443
1996-10-03 16:20:00,,-27.451
1996-10-03 16:40:00,,-27.458
1996-10-03 17:00:00,,-27.465
1996-10-03 17:20:00,,-27.472
1996-10-03 17:40:00,,-27.477
1996-10-03 18:00:00,,-27.482
1996-10-03 18:20:00,,-27.486
1996-11-29 08:40:00,,-27.831
1996-11-29 09:00:00,,-27.835
1996-11-29 09:20:00,,-27.838
1996-11-29 09:40:00,,-27.838
1996-11-29 10:00:00,,-27.84
1996-11-29 10:20:00,,-27.842
1996-11-29 12:00:00,,-27.845
1996-11-29 18:40:00,,-27.845
1996-11-29 19:00:00,,-27.846
1996-11-29 19:20:00,,-27.846
1996-11-29 19:40:00,,-27.849
1996-11-29 20:00:00,,-27.85
1996-11-29 20:20:00,,-27.853
1996-11-29 20:40:00,,-27.854
1996-11-29 21:00:00,,-27.856
1996-11-29 21:20:00,,-27.859
1996-11-29 21:40:00,,-27.861
1996-11-29 22:00:00,,-27.863
1996-11-29 22:20:00,,-27.865
1996-11-29 22:40:00,,-27.866
1996-11-30 01:40:00,,-27.866
1996-11-30 04:00:00,,-27.876
1996-11-30 04:20:00,,-27.879
1996-11-30 04:40:00,,-27.882
1996-11-30 06:40:00,,-27.894
1996-11-30 07:00:00,,-27.898
1996-11-30 08:20:00,,-27.904
1996-11-30 08:40:00,,-27.906
1996-11-30 09:00:00,,-27.908
1996-11-30 09:20:00,,-27.909
1996-11-30 09:40:00,,-27.91
1996-11-30 10:00:00,,-27.912
1996-11-30 10:20:00,,-27.913
1996-11-30 10:40:00,,-27.913
1996-11-30 11:00:00,,-27.914
1996-11-30 11:20:00,,-27.915
1996-11-30 13:40:00,,-27.915
1996-11-30 14:00:00,,-27.901
1996-11-30 14:20:00,,-27.896
1996-11-30 14:40:00,,-27.896
1996-11-30 15:00:00,,-27.892
1996-11-30 15:20:00,,-27.889
1996-11-30 16:40:00,,-27.865
1996-11-30 17:00:00,,-27.863
1996-11-30 17:20:00,,-27.831
1996-11-30 17:40:00,,-27.802
1996-11-30 18:00:00,,-27.777
1996-11-30 18:20:00,,-27.759
1996-11-30 18:40:00,,-27.747
1996-11-30 19:00:00,,-27.733
1996-11-30 19:20:00,,-27.718
1996-11-30 19:40:00,,-27.7
1996-11-30 20:00:00,,-27.682
1996-11-30 20:20:00,,-27.663
1996-11-30 20:40:00,,-27.649
1996-11-30 21:00:00,,-27.633
1996-11-30 21:20:00,,-27.62
1996-11-30 21:40:00,,-27.607
1996-11-30 22:00:00,,-27.595
1996-11-30 22:20:00,,-27.585
1996-11-30 22:40:00,,-27.571
1996-11-30 23:00:00,,-27.553
1996-11-30 23:20:00,,-27.541
1996-11-30 23:40:00,,-27.527
1996-12-01 00:00:00,,-27.514
1996-12-01 00:20:00,,-27.502
1996-12-01 00:40:00,,-27.49
1996-12-01 01:00:00,,-27.476
1996-12-01 02:20:00,,-27.435
1996-12-01 02:40:00,,-27.427
1996-12-01 03:00:00,,-27.419
1996-12-01 03:20:00,,-27.412
1996-12-01 04:40:00,,-27.388
1996-12-01 05:00:00,,-27.383
1996-12-01 05:20:00,,-27.377
1996-12-01 05:40:00,,-27.371
1996-12-01 06:00:00,,-27.366
1996-12-01 06:20:00,,-27.361
1996-12-01 06:40:00,,-27.357
1996-12-01 07:00:00,,-27.352
1996-12-01 07:20:00,,-27.346
1996-12-01 07:40:00,,-27.339
1996-12-01 08:00:00,,-27.334
1996-12-01 08:20:00,,-27.326
1996-12-01 08:40:00,,-27.321
1996-12-01 09:00:00,,-27.317
1996-12-01 09:20:00,,-27.313
1996-12-01 09:40:00,,-27.306
1996-12-01 10:00:00,,-27.299
1996-12-01 10:20:00,,-27.292
1996-12-01 10:40:00,,-27.287
1996-12-01 11:00:00,,-27.281
1996-12-01 11:20:00,,-27.275
1996-12-01 11:40:00,,-27.273
1996-12-01 12:20:00,,-27.273
1996-12-01 12:40:00,,-27.28
1996-12-01 14:00:00,,-27.32
1996-12-01 15:20:00,,-27.364
1996-12-01 16:40:00,,-27.404
1996-12-01 17:00:00,,-27.412
1996-12-01 17:20:00,,-27.421
1996-12-01 17:40:00,,-27.429
1996-12-01 18:00:00,,-27.436
1996-12-01 18:20:00,,-27.444
1996-12-01 18:40:00,,-27.451
1996-12-01 19:00:00,,-27.458
1996-12-01 19:20:00,,-27.466
1996-12-01 19:40:00,,-27.474
1996-12-01 20:00:00,,-27.481
1996-12-01 20:20:00,,-27.488
1996-12-01 20:40:00,,-27.496
1996-12-01 21:00:00,,-27.502
1996-12-01 21:20:00,,-27.508
1996-12-01 21:40:00,,-27.512
1996-12-01 22:00:00,,-27.516
1996-12-01 22:20:00,,-27.518
1996-12-01 22:40:00,,-27.52
1996-12-01 23:40:00,,-27.52
1996-12-02 00:00:00,,-27.517
1996-12-02 00:20:00,,-27.503
1996-12-02 00:40:00,,-27.491
1996-12-02 01:00:00,,-27.474
1996-12-02 01:20:00,,-27.458
1996-12-02 01:40:00,,-27.443
1996-12-02 02:00:00,,-27.429
1996-12-02 02:20:00,,-27.415
1996-12-02 02:40:00,,-27.403
1996-12-02 03:00:00,,-27.391
1996-12-02 03:20:00,,-27.381
1996-12-02 04:40:00,,-27.345
1996-12-02 05:00:00,,-27.337
1996-12-02 05:20:00,,-27.328
1996-12-02 05:40:00,,-27.322
1996-12-02 06:00:00,,-27.317
1996-12-02 06:20:00,,-27.339
1996-12-02 06:40:00,,-27.355
1996-12-02 07:00:00,,-27.364
1996-12-02 07:20:00,,-27.371
1996-12-02 07:40:00,,-27.375
1996-12-02 08:00:00,,-27.38
1996-12-02 08:20:00,,-27.382
1996-12-02 08:40:00,,-27.384
1996-12-02 10:00:00,,-27.388
1996-12-02 11:20:00,,-27.388
1996-12-02 11:40:00,,-27.387
1996-12-02 12:00:00,,-27.387
1996-12-02 12:20:00,,-27.388
1996-12-02 12:40:00,,-27.395
1996-12-02 13:00:00,,-27.402
1996-12-02 13:20:00,,-27.41
1996-12-02 13:40:00,,-27.417
1996-12-02 14:00:00,,-27.424
1996-12-02 14:20:00,,-27.432
1996-12-02 14:40:00,,-27.438
1996-12-02 15:00:00,,-27.444
1996-12-02 15:20:00,,-27.449
1996-12-02 15:40:00,,-27.454
1996-12-02 16:00:00,,-27.433
1996-12-02 16:20:00,,-27.417
1996-12-02 16:40:00,,-27.407
1996-12-02 17:00:00,,-27.399
1996-12-02 17:20:00,,-27.394
1996-12-02 17:40:00,,-27.39
1996-12-02 18:00:00,,-27.387
1996-12-02 18:20:00,,-27.385
1996-12-02 18:40:00,,-27.383
1996-12-02 19:00:00,,-27.381
1996-12-02 20:20:00,,-27.377
1996-12-02 21:00:00,,-27.377
1996-12-02 21:20:00,,-27.376
1996-12-02 21:40:00,,-27.376
1996-12-02 22:00:00,,-27.375
1996-12-02 23:40:00,,-27.375
1996-12-03 00:00:00,,-27.367
1996-12-03 00:20:00,,-27.355
1996-12-03 00:40:00,,-27.341
1996-12-03 01:00:00,,-27.326
1996-12-03 01:20:00,,-27.314
1996-12-03 01:40:00,,-27.302
1996-12-03 02:00:00,,-27.298
1996-12-03 02:20:00,,-27.291
1996-12-03 02:40:00,,-27.285
1996-12-03 03:00:00,,-27.276
1996-12-03 04:20:00,,-27.251
1996-12-03 04:40:00,,-27.246
1996-12-03 05:00:00,,-27.243
1996-12-03 05:20:00,,-27.24
1996-12-03 05:40:00,,-27.237
1996-12-03 06:00:00,,-27.233
1996-12-03 06:20:00,,-27.229
1996-12-03 06:40:00,,-27.226
1996-12-03 07:00:00,,-27.223
1996-12-03 07:20:00,,-27.219
1996-12-03 07:40:00,,-27.217
1996-12-03 08:00:00,,-27.214
1996-12-03 08:20:00,,-27.211
1996-12-03 08:40:00,,-27.205
1996-12-03 09:00:00,,-27.198
1996-12-03 09:20:00,,-27.193
1996-12-03 10:40:00,,-27.181
1996-12-03 11:00:00,,-27.177
1996-12-03 11:20:00,,-27.173
1996-12-03 11:40:00,,-27.171
1996-12-03 12:40:00,,-27.171
1996-12-03 13:00:00,,-27.176
1996-12-03 13:20:00,,-27.182
1996-12-03 13:40:00,,-27.186
1996-12-03 14:00:00,,-27.191
1996-12-03 14:20:00,,-27.193
1996-12-03 16:20:00,,-27.193
1996-12-03 16:40:00,,-27.192
1996-12-03 18:40:00,,-27.192
1996-12-03 19:00:00,,-27.193
1996-12-03 19:20:00,,-27.195
1996-12-03 19:40:00,,-27.198
1996-12-03 20:00:00,,-27.204
1996-12-03 20:20:00,,-27.215
1996-12-03 20:40:00,,-27.228
1996-12-03 21:00:00,,-27.241
1996-12-03 21:20:00,,-27.254
1996-12-03 21:40:00,,-27.264
1996-12-03 22:00:00,,-27.281
1996-12-03 22:20:00,,-27.29
1996-12-03 22:40:00,,-27.298
1996-12-03 23:00:00,,-27.304
1996-12-03 23:20:00,,-27.309
1996-12-04 00:00:00,,-27.309
1996-12-04 00:20:00,,-27.303
1996-12-04 00:40:00,,-27.291
1996-12-04 01:00:00,,-27.277
1996-12-04 01:20:00,,-27.265
1996-12-04 01:40:00,,-27.255
1996-12-04 02:00:00,,-27.252
1996-12-04 02:20:00,,-27.234
1996-12-04 02:40:00,,-27.219
1996-12-04 03:00:00,,-27.209
1996-12-04 03:20:00,,-27.198
1996-12-04 03:40:00,,-27.191
1996-12-04 04:00:00,,-27.187
1996-12-04 04:20:00,,-27.183
1996-12-04 04:40:00,,-27.181
1996-12-04 05:00:00,,-27.175
1996-12-04 05:20:00,,-27.17
1996-12-04 05:40:00,,-27.166
1996-12-04 06:00:00,,-27.163
1996-12-04 06:20:00,,-27.158
1996-12-04 06:40:00,,-27.155
1996-12-04 07:00:00,,-27.152
1996-12-04 07:20:00,,-27.149
1996-12-04 07:40:00,,-27.145
1996-12-04 08:00:00,,-27.166
1996-12-04 08:20:00,,-27.182
1996-12-04 08:40:00,,-27.175
1996-12-04 09:00:00,,-27.16
1996-12-04 09:20:00,,-27.15
1996-12-04 09:40:00,,-27.141
1996-12-04 10:00:00,,-27.145
1996-12-04 10:20:00,,-27.167
1996-12-04 10:40:00,,-27.183
1996-12-04 11:00:00,,-27.18
1996-12-04 11:20:00,,-27.159
1996-12-04 11:40:00,,-27.145
1996-12-04 12:00:00,,-27.131
1996-12-04 12:20:00,,-27.121
1996-12-04 12:40:00,,-27.111
1996-12-04 13:00:00,,-27.102
1996-12-04 13:20:00,,-27.094
1996-12-04 13:40:00,,-27.086
1996-12-04 14:00:00,,-27.079
1996-12-04 14:20:00,,-27.073
1996-12-04 14:40:00,,-27.068
1996-12-04 15:00:00,,-27.063
1996-12-04 15:20:00,,-27.058
1996-12-04 15:40:00,,-27.054
1996-12-04 16:00:00,,-27.05
1996-12-04 16:20:00,,-27.045
1996-12-04 16:40:00,,-27.043
1996-12-04 17:20:00,,-27.043
1996-12-04 17:40:00,,-27.044
1996-12-04 18:00:00,,-27.051
1996-12-04 18:20:00,,-27.059
1996-12-04 18:40:00,,-27.066
1996-12-04 19:00:00,,-27.071
1996-12-04 19:20:00,,-27.073
1996-12-04 20:00:00,,-27.073
1996-12-04 20:20:00,,-27.071
1996-12-04 20:40:00,,-27.065
1996-12-04 22:00:00,,-27.045
1996-12-04 22:20:00,,-27.043
1996-12-04 22:40:00,,-27.043
1996-12-04 23:00:00,,-27.037
1996-12-04 23:20:00,,-27.03
1996-12-04 23:40:00,,-27.023
1996-12-05 00:00:00,,-27.016
1996-12-05 00:20:00,,-27.01
1996-12-05 00:40:00,,-27.002
1996-12-05 01:00:00,,-26.997
1996-12-05 01:20:00,,-26.991
1996-12-05 01:40:00,,-26.987
1996-12-05 02:00:00,,-26.983
1996-12-05 02:20:00,,-26.979
1996-12-05 02:40:00,,-26.977
1996-12-05 03:00:00,,-26.976
1996-12-05 03:20:00,,-26.975
1996-12-05 03:40:00,,-26.973
1996-12-05 04:40:00,,-26.973
1996-12-05 05:00:00,,-26.971
1996-12-05 05:20:00,,-26.971
1996-12-05 05:40:00,,-26.97
1996-12-05 10:00:00,,-26.97
1996-12-05 10:20:00,,-26.975
1996-12-05 10:40:00,,-26.986
1996-12-05 11:00:00,,-26.998
1996-12-05 11:20:00,,-27.007
1996-12-05 11:40:00,,-27.015
1996-12-05 12:00:00,,-27.018
1996-12-05 12:20:00,,-27.019
1996-12-05 13:20:00,,-27.019
1996-12-05 14:40:00,,-27.024
1996-12-05 15:00:00,,-27.027
1996-12-05 15:20:00,,-27.029
1996-12-05 15:40:00,,-27.032
1996-12-05 16:00:00,,-27.036
1996-12-05 16:20:00,,-27.045
1996-12-05 16:40:00,,-27.056
1996-12-05 17:00:00,,-27.07
1996-12-05 17:20:00,,-27.083
1996-12-05 17:40:00,,-27.098
1996-12-05 18:00:00,,-27.111
1996-12-05 18:20:00,,-27.123
1996-12-05 18:40:00,,-27.135
1996-12-05 20:00:00,,-27.179
1996-12-05 21:20:00,,-27.217
1996-12-05 21:40:00,,-27.226
1996-12-05 22:00:00,,-27.234
1996-12-05 22:20:00,,-27.241
1996-12-05 22:40:00,,-27.249
1996-12-05 23:00:00,,-27.255
1996-12-05 23:20:00,,-27.258
1996-12-05 23:40:00,,-27.262
1996-12-06 00:00:00,,-27.264
1996-12-06 00:20:00,,-27.266
1996-12-06 00:40:00,,-27.268
1996-12-06 01:00:00,,-27.271
1996-12-06 01:20:00,,-27.274
1996-12-06 01:40:00,,-27.278
1996-12-06 02:00:00,,-27.28
1996-12-06 03:20:00,,-27.296
1996-12-06 03:40:00,,-27.301
1996-12-06 04:00:00,,-27.306
1996-12-06 04:20:00,,-27.312
1996-12-06 04:40:00,,-27.318
1996-12-06 05:00:00,,-27.324
1996-12-06 05:20:00,,-27.329
1996-12-06 05:40:00,,-27.332
1996-12-06 06:00:00,,-27.333
1996-12-06 06:40:00,,-27.333
1996-12-06 07:00:00,,-27.331
1996-12-06 07:20:00,,-27.327
1996-12-06 07:40:00,,-27.322
1996-12-06 08:00:00,,-27.319
1996-12-06 08:20:00,,-27.316
1996-12-06 08:40:00,,-27.314
1996-12-06 09:00:00,,-27.31
1996-12-06 09:20:00,,-27.308
1996-12-06 09:40:00,,-27.306
1996-12-06 10:00:00,,-27.302
1996-12-06 10:20:00,,-27.3
1996-12-06 10:40:00,,-27.298
1996-12-06 11:00:00,,-27.295
1996-12-06 11:20:00,,-27.291
1996-12-06 11:40:00,,-27.29
1996-12-06 12:00:00,,-27.289
1996-12-06 12:40:00,,-27.289
1996-12-06 13:00:00,,-27.292
1996-12-06 13:20:00,,-27.298
1996-12-06 13:40:00,,-27.304
1996-12-06 14:00:00,,-27.309
1996-12-06 14:20:00,,-27.315
1996-12-06 14:40:00,,-27.319
1996-12-06 15:00:00,,-27.325
1996-12-06 15:20:00,,-27.329
1996-12-06 15:40:00,,-27.334
1996-12-06 16:00:00,,-27.341
1996-12-06 16:20:00,,-27.347
1996-12-06 16:40:00,,-27.348
1996-12-06 17:20:00,,-27.348
1996-12-06 17:40:00,,-27.347
1996-12-06 18:00:00,,-27.342
1996-12-06 18:20:00,,-27.338
1996-12-06 18:40:00,,-27.335
1996-12-06 19:00:00,,-27.329
1996-12-06 19:20:00,,-27.326
1996-12-06 19:40:00,,-27.323
1996-12-06 20:00:00,,-27.319
1996-12-06 20:20:00,,-27.316
1996-12-06 20:40:00,,-27.314
1996-12-06 21:00:00,,-27.313
1996-12-06 22:20:00,,-27.313
1996-12-06 22:40:00,,-27.312
1996-12-06 23:00:00,,-27.31
1996-12-06 23:20:00,,-27.307
1996-12-06 23:40:00,,-27.306
1996-12-07 00:00:00,,-27.303
1996-12-07 00:20:00,,-27.301
1996-12-07 00:40:00,,-27.298
1996-12-07 01:00:00,,-27.294
1996-12-07 01:20:00,,-27.291
1996-12-07 02:40:00,,-27.286
1996-12-07 03:00:00,,-27.285
1996-12-07 05:20:00,,-27.285
1996-12-07 05:40:00,,-27.296
1996-12-07 06:00:00,,-27.327
1996-12-07 06:20:00,,-27.349
1996-12-07 06:40:00,,-27.366
1996-12-07 07:00:00,,-27.38
1996-12-07 07:20:00,,-27.391
1996-12-07 07:40:00,,-27.4
1996-12-07 08:00:00,,-27.409
1996-12-07 08:20:00,,-27.417
1996-12-07 08:40:00,,-27.425
1996-12-07 09:00:00,,-27.432
1996-12-07 09:20:00,,-27.436
1996-12-07 09:40:00,,-27.441
1996-12-07 10:00:00,,-27.446
1996-12-07 10:20:00,,-27.451
1996-12-07 10:40:00,,-27.455
1996-12-07 11:00:00,,-27.457
1996-12-07 11:20:00,,-27.458
1996-12-07 11:40:00,,-27.46
1996-12-07 12:00:00,,-27.467
1996-12-07 12:20:00,,-27.476
1996-12-07 12:40:00,,-27.484
1996-12-07 13:00:00,,-27.495
1996-12-07 14:40:00,,-27.54
1996-12-07 16:20:00,,-27.579
1996-12-07 16:40:00,,-27.586
1996-12-07 17:00:00,,-27.594
1996-12-07 17:20:00,,-27.602
1996-12-07 17:40:00,,-27.611
1996-12-07 18:00:00,,-27.618
1996-12-07 18:20:00,,-27.627
1996-12-07 18:40:00,,-27.635
1996-12-07 19:00:00,,-27.643
1996-12-07 19:20:00,,-27.65
1996-12-07 19:40:00,,-27.658
1996-12-07 20:00:00,,-27.664
1996-12-07 20:20:00,,-27.672
1996-12-07 21:40:00,,-27.696
1996-12-07 22:00:00,,-27.702
1996-12-07 22:20:00,,-27.707
1996-12-07 22:40:00,,-27.711
1996-12-07 23:00:00,,-27.715
1996-12-07 23:20:00,,-27.719
1996-12-07 23:40:00,,-27.722
1996-12-08 00:00:00,,-27.718
1996-12-08 00:20:00,,-27.691
1996-12-08 00:40:00,,-27.671
1996-12-08 01:00:00,,-27.657
1996-12-08 01:20:00,,-27.646
1996-12-08 01:40:00,,-27.632
1996-12-08 02:00:00,,-27.617
1996-12-08 02:20:00,,-27.601
1996-12-08 02:40:00,,-27.588
1996-12-08 03:00:00,,-27.576
1996-12-08 03:20:00,,-27.563
1996-12-08 03:40:00,,-27.553
1996-12-08 04:00:00,,-27.542
1996-12-08 04:20:00,,-27.534
1996-12-08 04:40:00,,-27.527
1996-12-08 05:00:00,,-27.52
1996-12-08 05:20:00,,-27.515
1996-12-08 05:40:00,,-27.51
1996-12-08 06:00:00,,-27.506
1996-12-08 06:20:00,,-27.503
1996-12-08 06:40:00,,-27.499
1996-12-08 08:20:00,,-27.487
1996-12-08 08:40:00,,-27.485
1996-12-08 09:00:00,,-27.482
1996-12-08 09:20:00,,-27.48
1996-12-08 10:40:00,,-27.471
1996-12-08 11:00:00,,-27.467
1996-12-08 11:20:00,,-27.461
1996-12-08 11:40:00,,-27.459
1996-12-08 12:00:00,,-27.458
1996-12-08 13:00:00,,-27.458
1996-12-08 13:20:00,,-27.462
1996-12-08 13:40:00,,-27.465
1996-12-08 14:00:00,,-27.469
1996-12-08 14:20:00,,-27.471
1996-12-08 14:40:00,,-27.474
1996-12-08 15:00:00,,-27.476
1996-12-08 15:20:00,,-27.48
1996-12-08 15:40:00,,-27.482
1996-12-08 16:00:00,,-27.484
1996-12-08 16:20:00,,-27.485
1996-12-08 16:40:00,,-27.489
1996-12-08 17:00:00,,-27.491
1996-12-08 17:20:00,,-27.494
1996-12-08 17:40:00,,-27.496
1996-12-08 18:00:00,,-27.5
1996-12-08 18:20:00,,-27.504
1996-12-08 18:40:00,,-27.507
1996-12-08 19:00:00,,-27.512
1996-12-08 19:20:00,,-27.515
1996-12-08 19:40:00,,-27.519
1996-12-08 20:00:00,,-27.523
1996-12-08 20:20:00,,-27.528
1996-12-08 20:40:00,,-27.531
1996-12-08 21:00:00,,-27.534
1996-12-08 21:20:00,,-27.538
1996-12-08 21:40:00,,-27.541
1996-12-08 22:00:00,,-27.544
1996-12-08 22:20:00,,-27.547
1996-12-08 22:40:00,,-27.549
1996-12-08 23:00:00,,-27.551
1996-12-08 23:20:00,,-27.552
1996-12-08 23:40:00,,-27.553
1996-12-09 01:20:00,,-27.553
1996-12-09 01:40:00,,-27.548
1996-12-09 02:00:00,,-27.539
1996-12-09 02:20:00,,-27.53
1996-12-09 02:40:00,,-27.52
1996-12-09 03:00:00,,-27.51
1996-12-09 03:20:00,,-27.501
1996-12-09 03:40:00,,-27.501
1996-12-09 04:00:00,,-27.522
1996-12-09 04:20:00,,-27.537
1996-12-09 04:40:00,,-27.548
1996-12-09 05:00:00,,-27.544
1996-12-09 05:20:00,,-27.522
1996-12-09 05:40:00,,-27.505
1996-12-09 06:00:00,,-27.507
1996-12-09 06:20:00,,-27.524
1996-12-09 06:40:00,,-27.536
1996-12-09 07:00:00,,-27.544
1996-12-09 07:20:00,,-27.554
1996-12-09 07:40:00,,-27.561
1996-12-09 08:00:00,,-27.567
1996-12-09 08:20:00,,-27.573
1996-12-09 08:40:00,,-27.578
1996-12-09 09:00:00,,-27.582
1996-12-09 09:20:00,,-27.587
1996-12-09 09:40:00,,-27.563
1996-12-09 10:00:00,,-27.543
1996-12-09 10:20:00,,-27.53
1996-12-09 10:40:00,,-27.536
1996-12-09 11:00:00,,-27.551
1996-12-09 11:20:00,,-27.558
1996-12-09 11:40:00,,-27.565
1996-12-09 13:00:00,,-27.598
1996-12-09 13:20:00,,-27.607
1996-12-09 13:40:00,,-27.596
1996-12-09 14:00:00,,-27.594
1996-12-09 14:20:00,,-27.605
1996-12-09 14:40:00,,-27.616
1996-12-09 15:00:00,,-27.624
1996-12-09 15:20:00,,-27.632
1996-12-09 15:40:00,,-27.638
1996-12-09 16:00:00,,-27.646
1996-12-09 17:20:00,,-27.67
1996-12-09 17:40:00,,-27.675
1996-12-09 18:00:00,,-27.682
1996-12-09 18:20:00,,-27.687
1996-12-09 18:40:00,,-27.694
1996-12-09 19:00:00,,-27.702
1996-12-09 19:20:00,,-27.709
1996-12-09 19:40:00,,-27.717
1996-12-09 20:00:00,,-27.723
1996-12-09 20:20:00,,-27.729
1996-12-09 20:40:00,,-27.734
1996-12-09 21:00:00,,-27.742
1996-12-09 21:20:00,,-27.748
1996-12-09 21:40:00,,-27.755
1996-12-09 22:00:00,,-27.76
1996-12-09 22:20:00,,-27.765
1996-12-09 22:40:00,,-27.768
1996-12-09 23:00:00,,-27.769
1996-12-10 00:20:00,,-27.769
1996-12-10 00:40:00,,-27.765
1996-12-10 01:00:00,,-27.759
1996-12-10 01:20:00,,-27.751
1996-12-10 01:40:00,,-27.741
1996-12-10 02:00:00,,-27.727
1996-12-10 02:20:00,,-27.712
1996-12-10 02:40:00,,-27.696
1996-12-10 03:00:00,,-27.682
1996-12-10 03:20:00,,-27.67
1996-12-10 03:40:00,,-27.656
1996-12-10 04:00:00,,-27.644
1996-12-10 04:20:00,,-27.634
1996-12-10 04:40:00,,-27.624
1996-12-10 05:00:00,,-27.615
1996-12-10 05:20:00,,-27.607
1996-12-10 05:40:00,,-27.568
1996-12-10 06:00:00,,-27.542
1996-12-10 08:00:00,,-27.542
1996-12-10 08:20:00,,-27.54
1996-12-10 08:40:00,,-27.538
1996-12-10 09:00:00,,-27.534
1996-12-10 10:20:00,,-27.522
1996-12-10 10:40:00,,-27.518
1996-12-10 11:00:00,,-27.514
1996-12-10 11:20:00,,-27.509
1996-12-10 11:40:00,,-27.506
1996-12-10 12:00:00,,-27.504
1996-12-10 13:00:00,,-27.504
1996-12-10 14:40:00,,-27.509
1996-12-10 15:00:00,,-27.511
1996-12-10 15:20:00,,-27.513
1996-12-10 15:40:00,,-27.517
1996-12-10 16:00:00,,-27.52
1996-12-10 16:20:00,,-27.526
1996-12-10 16:40:00,,-27.533
1996-12-10 17:00:00,,-27.54
1996-12-10 17:20:00,,-27.548
1996-12-10 17:40:00,,-27.548
1996-12-10 18:00:00,,-27.555
1996-12-10 18:20:00,,-27.567
1996-12-10 18:40:00,,-27.578
1996-12-10 19:00:00,,-27.589
1996-12-10 19:20:00,,-27.598
1996-12-10 19:40:00,,-27.606
1996-12-10 20:00:00,,-27.615
1996-12-10 20:20:00,,-27.621
1996-12-10 20:40:00,,-27.626
1996-12-10 21:00:00,,-27.63
1996-12-10 21:20:00,,-27.633
1996-12-10 21:40:00,,-27.636
1996-12-10 22:00:00,,-27.639
1996-12-10 22:20:00,,-27.641
1996-12-10 22:40:00,,-27.641
1996-12-10 23:00:00,,-27.643
1996-12-11 00:40:00,,-27.643
1996-12-11 02:00:00,,-27.633
1996-12-11 02:20:00,,-27.631
1996-12-11 02:40:00,,-27.629
1996-12-11 04:20:00,,-27.624
1996-12-11 08:00:00,,-27.624
1996-12-11 08:20:00,,-27.626
1996-12-11 08:40:00,,-27.627
1996-12-11 09:00:00,,-27.629
1996-12-11 09:20:00,,-27.629
1996-12-11 09:40:00,,-27.631
1996-12-11 10:00:00,,-27.632
1996-12-11 12:00:00,,-27.632
1996-12-11 12:20:00,,-27.631
1996-12-11 12:40:00,,-27.626
1996-12-11 13:00:00,,-27.621
1996-12-11 13:20:00,,-27.618
1996-12-11 13:40:00,,-27.613
1996-12-11 14:00:00,,-27.61
1996-12-11 14:20:00,,-27.607
1996-12-11 14:40:00,,-27.606
1996-12-11 15:00:00,,-27.603
1996-12-11 15:20:00,,-27.601
1996-12-11 15:40:00,,-27.599
1996-12-11 16:00:00,,-27.596
1996-12-11 16:20:00,,-27.595
1996-12-11 16:40:00,,-27.593
1996-12-11 17:00:00,,-27.591
1996-12-11 17:20:00,,-27.59
1996-12-11 17:40:00,,-27.588
1996-12-11 18:00:00,,-27.576
1996-12-11 18:20:00,,-27.545
1996-12-11 18:40:00,,-27.523
1996-12-11 19:00:00,,-27.507
1996-12-11 19:20:00,,-27.495
1996-12-11 19:40:00,,-27.486
1996-12-11 20:00:00,,-27.479
1996-12-11 20:20:00,,-27.473
1996-12-11 20:40:00,,-27.468
1996-12-11 21:00:00,,-27.463
1996-12-11 21:20:00,,-27.459
1996-12-11 21:40:00,,-27.456
1996-12-11 22:00:00,,-27.453
1996-12-11 22:20:00,,-27.45
1996-12-11 22:40:00,,-27.448
1996-12-11 23:00:00,,-27.444
1996-12-11 23:20:00,,-27.441
1996-12-12 00:40:00,,-27.422
1996-12-12 01:00:00,,-27.418
1996-12-12 01:20:00,,-27.411
1996-12-12 01:40:00,,-27.407
1996-12-12 02:00:00,,-27.401
1996-12-12 02:20:00,,-27.398
1996-12-12 02:40:00,,-27.394
1996-12-12 03:00:00,,-27.388
1996-12-12 03:20:00,,-27.386
1996-12-12 03:40:00,,-27.383
1996-12-12 04:00:00,,-27.38
1996-12-12 04:20:00,,-27.377
1996-12-12 04:40:00,,-27.372
1996-12-12 05:00:00,,-27.389
1996-12-12 05:20:00,,-27.413
1996-12-12 05:40:00,,-27.429
1996-12-12 06:00:00,,-27.439
1996-12-12 06:20:00,,-27.448
1996-12-12 06:40:00,,-27.455
1996-12-12 07:00:00,,-27.462
1996-12-12 07:20:00,,-27.467
1996-12-12 07:40:00,,-27.473
1996-12-12 08:00:00,,-27.48
1996-12-12 08:20:00,,-27.486
1996-12-12 09:40:00,,-27.518
1996-12-12 10:00:00,,-27.529
1996-12-12 10:20:00,,-27.537
1996-12-12 10:40:00,,-27.549
1996-12-12 11:00:00,,-27.557
1996-12-12 11:20:00,,-27.565
1996-12-12 11:40:00,,-27.575
1996-12-12 12:00:00,,-27.581
1996-12-12 12:20:00,,-27.589
1996-12-12 12:40:00,,-27.595
1996-12-12 13:00:00,,-27.6
1996-12-12 13:20:00,,-27.606
1996-12-12 13:40:00,,-27.61
1996-12-12 14:00:00,,-27.615
1996-12-12 14:20:00,,-27.62
1996-12-12 14:40:00,,-27.624
1996-12-12 15:00:00,,-27.628
1996-12-12 15:20:00,,-27.633
1996-12-12 15:40:00,,-27.637
1996-12-12 18:00:00,,-27.665
1996-12-12 19:20:00,,-27.684
1996-12-12 19:40:00,,-27.689
1996-12-12 20:00:00,,-27.695
1996-12-12 20:20:00,,-27.699
1996-12-12 20:40:00,,-27.704
1996-12-12 21:00:00,,-27.709
1996-12-12 21:20:00,,-27.713
1996-12-12 21:40:00,,-27.719
1996-12-12 23:00:00,,-27.739
1996-12-12 23:20:00,,-27.743
1996-12-12 23:40:00,,-27.746
1996-12-13 00:00:00,,-27.749
1996-12-13 00:20:00,,-27.751
1996-12-13 00:40:00,,-27.752
1996-12-13 01:00:00,,-27.753
1996-12-13 01:40:00,,-27.753
1996-12-13 02:00:00,,-27.752
1996-12-13 02:20:00,,-27.744
1996-12-13 02:40:00,,-27.738
1996-12-13 03:00:00,,-27.732
1996-12-13 03:20:00,,-27.726
1996-12-13 03:40:00,,-27.721
1996-12-13 05:00:00,,-27.707
1996-12-13 06:20:00,,-27.701
1996-12-13 06:40:00,,-27.701
1996-12-13 07:00:00,,-27.703
1996-12-13 07:20:00,,-27.71
1996-12-13 07:40:00,,-27.718
1996-12-13 08:00:00,,-27.724
1996-12-13 08:20:00,,-27.731
1996-12-13 08:40:00,,-27.737
1996-12-13 09:00:00,,-27.745
1996-12-13 09:20:00,,-27.751
1996-12-13 10:40:00,,-27.771
1996-12-13 11:00:00,,-27.774
1996-12-13 11:20:00,,-27.778
1996-12-13 11:40:00,,-27.781
1996-12-13 12:00:00,,-27.783
1996-12-13 12:20:00,,-27.785
1996-12-13 12:40:00,,-27.787
1996-12-13 13:00:00,,-27.788
1996-12-13 13:20:00,,-27.79
1996-12-13 13:40:00,,-27.79
1996-12-13 14:00:00,,-27.794
1996-12-13 14:20:00,,-27.777
1996-12-13 14:40:00,,-27.753
1996-12-13 15:00:00,,-27.735
1996-12-13 15:20:00,,-27.724
1996-12-13 15:40:00,,-27.714
1996-12-13 16:00:00,,-27.707
1996-12-13 16:20:00,,-27.7
1996-12-13 16:40:00,,-27.695
1996-12-13 17:00:00,,-27.69
1996-12-13 17:20:00,,-27.686
1996-12-13 17:40:00,,-27.683
1996-12-13 18:00:00,,-27.68
1996-12-13 18:20:00,,-27.678
1996-12-13 18:40:00,,-27.677
1996-12-13 20:40:00,,-27.677
1996-12-13 21:00:00,,-27.676
1996-12-13 23:20:00,,-27.676
1996-12-13 23:40:00,,-27.675
1996-12-14 00:00:00,,-27.673
1996-12-14 00:20:00,,-27.672
1996-12-14 00:40:00,,-27.669
1996-12-14 01:00:00,,-27.666
1996-12-14 01:20:00,,-27.662
1996-12-14 01:40:00,,-27.655
1996-12-14 02:00:00,,-27.644
1996-12-14 02:20:00,,-27.635
1996-12-14 02:40:00,,-27.625
1996-12-14 03:00:00,,-27.615
1996-12-14 03:20:00,,-27.608
1996-12-14 03:40:00,,-27.599
1996-12-14 04:00:00,,-27.591
1996-12-14 04:20:00,,-27.584
1996-12-14 04:40:00,,-27.577
1996-12-14 05:00:00,,-27.571
1996-12-14 05:20:00,,-27.565
1996-12-14 05:40:00,,-27.568
1996-12-14 06:00:00,,-27.602
1996-12-14 06:20:00,,-27.627
1996-12-14 06:40:00,,-27.646
1996-12-14 07:00:00,,-27.662
1996-12-14 07:20:00,,-27.675
1996-12-14 07:40:00,,-27.687
1996-12-14 08:00:00,,-27.698
1996-12-14 08:20:00,,-27.708
1996-12-14 08:40:00,,-27.718
1996-12-14 09:00:00,,-27.726
1996-12-14 09:20:00,,-27.735
1996-12-14 09:40:00,,-27.742
1996-12-14 10:00:00,,-27.75
1996-12-14 10:20:00,,-27.757
1996-12-14 10:40:00,,-27.762
1996-12-14 11:00:00,,-27.768
1996-12-14 11:20:00,,-27.771
1996-12-14 11:40:00,,-27.774
1996-12-14 12:00:00,,-27.775
1996-12-14 12:20:00,,-27.776
1996-12-14 13:20:00,,-27.776
1996-12-14 13:40:00,,-27.773
1996-12-14 14:00:00,,-27.769
1996-12-14 14:20:00,,-27.765
1996-12-14 14:40:00,,-27.762
1996-12-14 15:00:00,,-27.758
1996-12-14 15:20:00,,-27.753
1996-12-14 15:40:00,,-27.749
1996-12-14 17:00:00,,-27.732
1996-12-14 17:20:00,,-27.727
1996-12-14 17:40:00,,-27.723
1996-12-14 18:00:00,,-27.721
1996-12-14 18:20:00,,-27.719
1996-12-14 18:40:00,,-27.717
1996-12-14 20:00:00,,-27.717
1996-12-14 20:20:00,,-27.716
1996-12-14 20:40:00,,-27.689
1996-12-14 21:00:00,,-27.67
1996-12-14 21:20:00,,-27.658
1996-12-14 21:40:00,,-27.65
1996-12-14 22:00:00,,-27.644
1996-12-14 22:20:00,,-27.64
1996-12-14 22:40:00,,-27.637
1996-12-14 23:00:00,,-27.635
1996-12-14 23:20:00,,-27.635
1996-12-14 23:40:00,,-27.632
1996-12-15 00:00:00,,-27.629
1996-12-15 00:20:00,,-27.626
1996-12-15 00:40:00,,-27.625
1996-12-15 01:00:00,,-27.622
1996-12-15 01:20:00,,-27.618
1996-12-15 01:40:00,,-27.612
1996-12-15 02:00:00,,-27.603
1996-12-15 02:20:00,,-27.594
1996-12-15 02:40:00,,-27.586
1996-12-15 03:00:00,,-27.578
1996-12-15 03:20:00,,-27.571
1996-12-15 03:40:00,,-27.563
1996-12-15 04:00:00,,-27.558
1996-12-15 04:20:00,,-27.552
1996-12-15 04:40:00,,-27.547
1996-12-15 05:00:00,,-27.541
1996-12-15 05:20:00,,-27.538
1996-12-15 05:40:00,,-27.536
1996-12-15 06:00:00,,-27.535
1996-12-15 06:20:00,,-27.535
1996-12-15 06:40:00,,-27.536
1996-12-15 07:00:00,,-27.564
1996-12-15 07:20:00,,-27.596
1996-12-15 07:40:00,,-27.618
1996-12-15 08:00:00,,-27.637
1996-12-15 08:20:00,,-27.652
1996-12-15 08:40:00,,-27.664
1996-12-15 09:00:00,,-27.675
1996-12-15 09:20:00,,-27.685
1996-12-15 09:40:00,,-27.694
1996-12-15 10:00:00,,-27.702
1996-12-15 10:20:00,,-27.71
1996-12-15 10:40:00,,-27.718
1996-12-15 11:00:00,,-27.724
1996-12-15 11:20:00,,-27.73
1996-12-15 11:40:00,,-27.734
1996-12-15 13:00:00,,-27.746
1996-12-15 13:20:00,,-27.751
1996-12-15 13:40:00,,-27.755
1996-12-15 14:00:00,,-27.758
1996-12-15 14:20:00,,-27.762
1996-12-15 14:40:00,,-27.764
1996-12-15 15:00:00,,-27.768
1996-12-15 15:20:00,,-27.771
1996-12-15 15:40:00,,-27.774
1996-12-15 16:00:00,,-27.778
1996-12-15 17:20:00,,-27.79
1996-12-15 17:40:00,,-27.792
1996-12-15 18:00:00,,-27.794
1996-12-15 18:20:00,,-27.796
1996-12-15 18:40:00,,-27.799
1996-12-15 19:00:00,,-27.802
1996-12-15 19:20:00,,-27.805
1996-12-15 19:40:00,,-27.807
1996-12-15 20:00:00,,-27.81
1996-12-15 20:20:00,,-27.814
1996-12-15 20:40:00,,-27.802
1996-12-15 22:40:00,,-27.802
1996-12-15 23:00:00,,-27.799
1996-12-15 23:20:00,,-27.795
1996-12-15 23:40:00,,-27.793
1996-12-16 00:00:00,,-27.786
1996-12-16 00:20:00,,-27.782
1996-12-16 01:40:00,,-27.757
1996-12-16 02:00:00,,-27.747
1996-12-16 02:20:00,,-27.735
1996-12-16 02:40:00,,-27.724
1996-12-16 03:00:00,,-27.713
1996-12-16 03:20:00,,-27.701
1996-12-16 03:40:00,,-27.691
1996-12-16 04:00:00,,-27.684
1996-12-16 04:20:00,,-27.674
1996-12-16 04:40:00,,-27.669
1996-12-16 05:00:00,,-27.633
1996-12-16 05:20:00,,-27.599
1996-12-16 05:40:00,,-27.575
1996-12-16 06:00:00,,-27.56
1996-12-16 06:20:00,,-27.551
1996-12-16 06:40:00,,-27.544
1996-12-16 07:00:00,,-27.562
1996-12-16 07:20:00,,-27.582
1996-12-16 07:40:00,,-27.596
1996-12-16 08:00:00,,-27.606
1996-12-16 08:20:00,,-27.614
1996-12-16 08:40:00,,-27.622
1996-12-16 09:00:00,,-27.628
1996-12-16 10:20:00,,-27.659
1996-12-16 10:40:00,,-27.665
1996-12-16 11:00:00,,-27.673
1996-12-16 11:20:00,,-27.678
1996-12-16 11:40:00,,-27.684
1996-12-16 12:00:00,,-27.69
1996-12-16 13:20:00,,-27.706
1996-12-16 13:40:00,,-27.712
1996-12-16 14:00:00,,-27.716
1996-12-16 14:20:00,,-27.722
1996-12-16 14:40:00,,-27.726
1996-12-16 15:00:00,,-27.73
1996-12-16 15:20:00,,-27.733
1996-12-16 15:40:00,,-27.736
1996-12-16 16:00:00,,-27.741
1996-12-16 16:20:00,,-27.746
1996-12-16 16:40:00,,-27.748
1996-12-16 17:00:00,,-27.752
1996-12-16 17:20:00,,-27.757
1996-12-16 17:40:00,,-27.76
1996-12-16 18:00:00,,-27.763
1996-12-16 18:20:00,,-27.767
1996-12-16 18:40:00,,-27.771
1996-12-16 19:00:00,,-27.775
1996-12-16 19:20:00,,-27.778
1996-12-16 19:40:00,,-27.781
1996-12-16 20:00:00,,-27.784
1996-12-16 20:20:00,,-27.788
1996-12-16 20:40:00,,-27.791
1996-12-16 21:00:00,,-27.794
1996-12-16 21:20:00,,-27.796
1996-12-16 21:40:00,,-27.8
1996-12-16 22:00:00,,-27.804
1996-12-16 22:20:00,,-27.807
1996-12-16 22:40:00,,-27.81
1996-12-16 23:00:00,,-27.812
1996-12-16 23:20:00,,-27.814
1996-12-17 01:20:00,,-27.817
1996-12-17 02:00:00,,-27.817
1996-12-17 02:20:00,,-27.814
1996-12-17 02:40:00,,-27.807
1996-12-17 03:00:00,,-27.801
1996-12-17 03:20:00,,-27.795
1996-12-17 03:40:00,,-27.791
1996-12-17 04:00:00,,-27.786
1996-12-17 04:20:00,,-27.781
1996-12-17 04:40:00,,-27.778
1996-12-17 05:00:00,,-27.775
1996-12-17 05:20:00,,-27.774
1996-12-17 06:00:00,,-27.774
1996-12-17 06:20:00,,-27.775
1996-12-17 06:40:00,,-27.782
1996-12-17 07:00:00,,-27.786
1996-12-17 07:20:00,,-27.791
1996-12-17 07:40:00,,-27.796
1996-12-17 08:00:00,,-27.801
1996-12-17 08:20:00,,-27.805
1996-12-17 08:40:00,,-27.807
1996-12-17 09:00:00,,-27.81
1996-12-17 09:20:00,,-27.814
1996-12-17 11:00:00,,-27.824
1996-12-17 12:00:00,,-27.824
1996-12-17 12:20:00,,-27.825
1996-12-17 13:00:00,,-27.825
1996-12-17 13:20:00,,-27.827
1996-12-17 13:40:00,,-27.809
1996-12-17 14:00:00,,-27.787
1996-12-17 14:20:00,,-27.771
1996-12-17 14:40:00,,-27.76
1996-12-17 15:00:00,,-27.753
1996-12-17 15:20:00,,-27.747
1996-12-17 15:40:00,,-27.742
1996-12-17 16:00:00,,-27.739
1996-12-17 16:20:00,,-27.737
1996-12-17 16:40:00,,-27.735
1996-12-17 17:00:00,,-27.733
1996-12-17 17:20:00,,-27.73
1996-12-17 17:40:00,,-27.729
1996-12-17 18:00:00,,-27.728
1996-12-17 18:20:00,,-27.727
1996-12-17 18:40:00,,-27.724
1996-12-17 19:00:00,,-27.721
1996-12-17 19:20:00,,-27.718
1996-12-17 19:40:00,,-27.714
1996-12-17 20:00:00,,-27.712
1996-12-17 20:20:00,,-27.71
1996-12-17 20:40:00,,-27.708
1996-12-17 21:00:00,,-27.708
1996-12-17 21:20:00,,-27.707
1996-12-17 21:40:00,,-27.704
1996-12-17 22:00:00,,-27.702
1996-12-17 22:20:00,,-27.701
1996-12-17 22:40:00,,-27.699
1996-12-17 23:00:00,,-27.697
1996-12-17 23:20:00,,-27.695
1996-12-17 23:40:00,,-27.694
1996-12-18 00:00:00,,-27.692
1996-12-18 00:20:00,,-27.689
1996-12-18 00:40:00,,-27.688
1996-12-18 01:00:00,,-27.686
1996-12-18 01:20:00,,-27.685
1996-12-18 01:40:00,,-27.682
1996-12-18 02:00:00,,-27.675
1996-12-18 02:20:00,,-27.668
1996-12-18 02:40:00,,-27.661
1996-12-18 03:00:00,,-27.653
1996-12-18 03:20:00,,-27.647
1996-12-18 03:40:00,,-27.64
1996-12-18 04:00:00,,-27.634
1996-12-18 04:20:00,,-27.629
1996-12-18 04:40:00,,-27.625
1996-12-18 05:00:00,,-27.621
1996-12-18 05:20:00,,-27.619
1996-12-18 05:40:00,,-27.653
1996-12-18 06:00:00,,-27.681
1996-12-18 06:20:00,,-27.702
1996-12-18 06:40:00,,-27.721
1996-12-18 07:00:00,,-27.736
1996-12-18 07:20:00,,-27.75
1996-12-18 07:40:00,,-27.76
1996-12-18 08:00:00,,-27.77
1996-12-18 08:20:00,,-27.78
1996-12-18 08:40:00,,-27.788
1996-12-18 09:00:00,,-27.796
1996-12-18 09:20:00,,-27.803
1996-12-18 09:40:00,,-27.809
1996-12-18 10:00:00,,-27.815
1996-12-18 10:20:00,,-27.819
1996-12-18 10:40:00,,-27.824
1996-12-18 11:00:00,,-27.827
1996-12-18 11:20:00,,-27.83
1996-12-18 11:40:00,,-27.832
1996-12-18 12:00:00,,-27.835
1996-12-18 12:20:00,,-27.838
1996-12-18 12:40:00,,-27.839
1996-12-18 13:00:00,,-27.84
1996-12-18 13:20:00,,-27.842
1996-12-18 13:40:00,,-27.843
1996-12-18 15:00:00,,-27.854
1996-12-18 16:20:00,,-27.866
1996-12-18 16:40:00,,-27.868
1996-12-18 17:00:00,,-27.87
1996-12-18 18:20:00,,-27.88
1996-12-18 18:40:00,,-27.882
1996-12-18 20:00:00,,-27.891
1996-12-18 20:20:00,,-27.894
1996-12-18 20:40:00,,-27.896
1996-12-18 21:00:00,,-27.898
1996-12-18 21:20:00,,-27.9
1996-12-18 21:40:00,,-27.901
1996-12-18 22:00:00,,-27.904
1996-12-18 22:20:00,,-27.906
1996-12-18 22:40:00,,-27.908
1996-12-18 23:00:00,,-27.909
1996-12-18 23:20:00,,-27.91
1996-12-19 03:20:00,,-27.91
1996-12-19 03:40:00,,-27.912
1996-12-19 04:00:00,,-27.914
1996-12-19 04:20:00,,-27.916
1996-12-19 04:40:00,,-27.92
1996-12-19 05:00:00,,-27.922
1996-12-19 05:20:00,,-27.924
1996-12-19 05:40:00,,-27.927
1996-12-19 06:00:00,,-27.93
1996-12-19 06:20:00,,-27.933
1996-12-19 06:40:00,,-27.934
1996-12-19 07:00:00,,-27.936
1996-12-19 08:40:00,,-27.936
1996-12-19 09:00:00,,-27.931
1996-12-19 09:20:00,,-27.926
1996-12-19 09:40:00,,-27.92
1996-12-19 10:00:00,,-27.915
1996-12-19 10:20:00,,-27.91
1996-12-19 10:40:00,,-27.903
1996-12-19 11:00:00,,-27.895
1996-12-19 11:20:00,,-27.889
1996-12-19 13:00:00,,-27.849
1996-12-19 13:20:00,,-27.842
1996-12-19 13:40:00,,-27.835
1996-12-19 14:00:00,,-27.829
1996-12-19 14:20:00,,-27.823
1996-12-19 14:40:00,,-27.817
1996-12-19 15:00:00,,-27.813
1996-12-19 15:20:00,,-27.812
1996-12-19 15:40:00,,-27.833
1996-12-19 16:00:00,,-27.851
1996-12-19 16:20:00,,-27.864
1996-12-19 16:40:00,,-27.874
1996-12-19 17:00:00,,-27.881
1996-12-19 17:20:00,,-27.887
1996-12-19 17:40:00,,-27.892
1996-12-19 18:00:00,,-27.897
1996-12-19 18:20:00,,-27.901
1996-12-19 18:40:00,,-27.904
1996-12-19 19:00:00,,-27.907
1996-12-19 19:20:00,,-27.91
1996-12-19 19:40:00,,-27.912
1996-12-19 20:00:00,,-27.913
1996-12-19 20:20:00,,-27.914
1996-12-19 20:40:00,,-27.915
1996-12-19 21:00:00,,-27.916
1996-12-19 21:20:00,,-27.916
1996-12-19 21:40:00,,-27.918
1996-12-19 22:00:00,,-27.918
1996-12-19 22:20:00,,-27.919
1996-12-19 22:40:00,,-27.919
1996-12-19 23:00:00,,-27.897
1996-12-19 23:20:00,,-27.865
1996-12-19 23:40:00,,-27.835
1996-12-20 00:00:00,,-27.81
1996-12-20 00:20:00,,-27.789
1996-12-20 00:40:00,,-27.769
1996-12-20 01:00:00,,-27.75
1996-12-20 01:20:00,,-27.734
1996-12-20 01:40:00,,-27.719
1996-12-20 02:00:00,,-27.706
1996-12-20 02:20:00,,-27.695
1996-12-20 02:40:00,,-27.684
1996-12-20 03:00:00,,-27.674
1996-12-20 03:20:00,,-27.666
1996-12-20 03:40:00,,-27.658
1996-12-20 04:00:00,,-27.65
1996-12-20 04:20:00,,-27.645
1996-12-20 04:40:00,,-27.639
1996-12-20 05:00:00,,-27.635
1996-12-20 05:20:00,,-27.631
1996-12-20 05:40:00,,-27.627
1996-12-20 06:00:00,,-27.624
1996-12-20 06:20:00,,-27.62
1996-12-20 06:40:00,,-27.616
1996-12-20 07:00:00,,-27.613
1996-12-20 07:20:00,,-27.611
1996-12-20 07:40:00,,-27.61
1996-12-20 08:40:00,,-27.61
1996-12-20 09:00:00,,-27.611
1996-12-20 09:20:00,,-27.616
1996-12-20 09:40:00,,-27.626
1996-12-20 10:00:00,,-27.651
1996-12-20 10:20:00,,-27.651
1996-12-20 10:40:00,,-27.67
1996-12-20 11:00:00,,-27.695
1996-12-20 11:20:00,,-27.715
1996-12-20 11:40:00,,-27.73
1996-12-20 12:00:00,,-27.74
1996-12-20 12:20:00,,-27.737
1996-12-20 12:40:00,,-27.722
1996-12-20 13:00:00,,-27.711
1996-12-20 13:20:00,,-27.704
1996-12-20 13:40:00,,-27.699
1996-12-20 14:00:00,,-27.709
1996-12-20 14:20:00,,-27.709
1996-12-20 14:40:00,,-27.707
1996-12-20 15:00:00,,-27.702
1996-12-20 15:20:00,,-27.7
1996-12-20 15:40:00,,-27.699
1996-12-20 16:00:00,,-27.706
1996-12-20 16:20:00,,-27.733
1996-12-20 16:40:00,,-27.754
1996-12-20 17:00:00,,-27.758
1996-12-20 17:20:00,,-27.76
1996-12-20 18:40:00,,-27.76
1996-12-20 19:00:00,,-27.778
1996-12-20 19:20:00,,-27.782
1996-12-20 19:40:00,,-27.759
1996-12-20 20:00:00,,-27.757
1996-12-20 20:20:00,,-27.771
1996-12-20 20:40:00,,-27.783
1996-12-20 21:00:00,,-27.773
1996-12-20 21:20:00,,-27.754
1996-12-20 21:40:00,,-27.743
1996-12-20 22:00:00,,-27.734
1996-12-20 22:20:00,,-27.729
1996-12-21 00:00:00,,-27.712
1996-12-21 00:20:00,,-27.709
1996-12-21 00:40:00,,-27.705
1996-12-21 01:00:00,,-27.703
1996-12-21 01:20:00,,-27.698
1996-12-21 01:40:00,,-27.694
1996-12-21 02:00:00,,-27.685
1996-12-21 02:20:00,,-27.676
1996-12-21 02:40:00,,-27.667
1996-12-21 03:00:00,,-27.659
1996-12-21 03:20:00,,-27.651
1996-12-21 03:40:00,,-27.644
1996-12-21 04:00:00,,-27.638
1996-12-21 04:20:00,,-27.635
1996-12-21 05:00:00,,-27.635
1996-12-21 05:20:00,,-27.636
1996-12-21 05:40:00,,-27.642
1996-12-21 06:00:00,,-27.647
1996-12-21 06:20:00,,-27.672
1996-12-21 06:40:00,,-27.704
1996-12-21 07:00:00,,-27.729
1996-12-21 07:20:00,,-27.748
1996-12-21 07:40:00,,-27.764
1996-12-21 08:00:00,,-27.776
1996-12-21 08:20:00,,-27.786
1996-12-21 08:40:00,,-27.794
1996-12-21 09:00:00,,-27.802
1996-12-21 09:20:00,,-27.809
1996-12-21 09:40:00,,-27.815
1996-12-21 10:00:00,,-27.821
1996-12-21 10:20:00,,-27.826
1996-12-21 10:40:00,,-27.83
1996-12-21 11:00:00,,-27.833
1996-12-21 11:20:00,,-27.836
1996-12-21 11:40:00,,-27.838
1996-12-21 12:00:00,,-27.838
1996-12-21 12:20:00,,-27.84
1996-12-21 14:00:00,,-27.84
1996-12-21 14:20:00,,-27.858
1996-12-21 14:40:00,,-27.873
1996-12-21 15:20:00,,-27.873
1996-12-21 15:40:00,,-27.869
1996-12-21 16:00:00,,-27.867
1996-12-21 18:20:00,,-27.867
1996-12-21 18:40:00,,-27.868
1996-12-21 19:00:00,,-27.871
1996-12-21 19:20:00,,-27.874
1996-12-21 19:40:00,,-27.876
1996-12-21 20:00:00,,-27.879
1996-12-21 20:20:00,,-27.882
1996-12-21 20:40:00,,-27.886
1996-12-21 21:00:00,,-27.889
1996-12-21 21:20:00,,-27.891
1996-12-21 21:40:00,,-27.894
1996-12-21 22:00:00,,-27.896
1996-12-21 22:20:00,,-27.898
1996-12-21 22:40:00,,-27.9
1996-12-21 23:00:00,,-27.901
1996-12-22 01:40:00,,-27.901
1996-12-22 02:00:00,,-27.894
1996-12-22 02:20:00,,-27.886
1996-12-22 02:40:00,,-27.877
1996-12-22 03:00:00,,-27.87
1996-12-22 03:20:00,,-27.863
1996-12-22 03:40:00,,-27.856
1996-12-22 04:00:00,,-27.851
1996-12-22 04:20:00,,-27.844
1996-12-22 04:40:00,,-27.839
1996-12-22 05:00:00,,-27.834
1996-12-22 05:20:00,,-27.83
1996-12-22 05:40:00,,-27.829
1996-12-22 06:20:00,,-27.829
1996-12-22 06:40:00,,-27.834
1996-12-22 08:00:00,,-27.862
1996-12-22 08:20:00,,-27.867
1996-12-22 08:40:00,,-27.873
1996-12-22 09:00:00,,-27.879
1996-12-22 09:20:00,,-27.883
1996-12-22 09:40:00,,-27.888
1996-12-22 10:00:00,,-27.891
1996-12-22 10:20:00,,-27.893
1996-12-22 10:40:00,,-27.894
1996-12-22 11:40:00,,-27.894
1996-12-22 12:00:00,,-27.891
1996-12-22 13:40:00,,-27.864
1996-12-22 14:00:00,,-27.859
1996-12-22 14:20:00,,-27.856
1996-12-22 14:40:00,,-27.854
1996-12-22 15:00:00,,-27.853
1996-12-22 15:20:00,,-27.852
1996-12-22 15:40:00,,-27.852
1996-12-22 16:00:00,,-27.867
1996-12-22 16:20:00,,-27.888
1996-12-22 16:40:00,,-27.903
1996-12-22 17:00:00,,-27.916
1996-12-22 17:20:00,,-27.928
1996-12-22 17:40:00,,-27.939
1996-12-22 18:00:00,,-27.949
1996-12-22 18:20:00,,-27.958
1996-12-22 18:40:00,,-27.967
1996-12-22 19:00:00,,-27.975
1996-12-22 19:20:00,,-27.983
1996-12-22 19:40:00,,-27.99
1996-12-22 20:00:00,,-27.998
1996-12-22 20:20:00,,-28.004
1996-12-22 20:40:00,,-28.01
1996-12-22 21:00:00,,-28.015
1996-12-22 21:20:00,,-28.022
1996-12-22 21:40:00,,-28.028
1996-12-22 22:00:00,,-28.034
1996-12-22 22:20:00,,-28.039
1996-12-22 22:40:00,,-28.044
1996-12-22 23:00:00,,-28.047
1996-12-22 23:20:00,,-28.05
1996-12-22 23:40:00,,-28.052
1996-12-23 00:00:00,,-28.054
1996-12-23 00:20:00,,-28.055
1996-12-23 02:00:00,,-28.055
1996-12-23 03:20:00,,-28.031
1996-12-23 03:40:00,,-28.026
1996-12-23 04:00:00,,-28.021
1996-12-23 04:20:00,,-28.017
1996-12-23 04:40:00,,-28.013
1996-12-23 05:00:00,,-28.011
1996-12-23 05:20:00,,-28.009
1996-12-23 06:00:00,,-28.009
1996-12-23 06:20:00,,-28.011
1996-12-23 06:40:00,,-28.018
1996-12-23 07:00:00,,-28.027
1996-12-23 07:20:00,,-28.035
1996-12-23 07:40:00,,-28.043
1996-12-23 08:00:00,,-28.05
1996-12-23 08:20:00,,-28.057
1996-12-23 08:40:00,,-28.063
1996-12-23 09:00:00,,-28.069
1996-12-23 09:20:00,,-28.074
1996-12-23 09:40:00,,-28.079
1996-12-23 10:00:00,,-28.084
1996-12-23 10:20:00,,-28.088
1996-12-23 10:40:00,,-28.09
1996-12-23 11:00:00,,-28.093
1996-12-23 11:20:00,,-28.094
1996-12-23 11:40:00,,-28.095
1996-12-23 18:40:00,,-28.095
1996-12-23 19:00:00,,-28.096
1996-12-23 19:20:00,,-28.099
1996-12-23 19:40:00,,-28.103
1996-12-23 21:00:00,,-28.115
1996-12-23 21:20:00,,-28.117
1996-12-23 21:40:00,,-28.12
1996-12-23 22:00:00,,-28.123
1996-12-23 22:20:00,,-28.126
1996-12-23 22:40:00,,-28.127
1996-12-23 23:00:00,,-28.129
1996-12-23 23:20:00,,-28.13
1996-12-24 01:40:00,,-28.13
1996-12-24 02:00:00,,-28.123
1996-12-24 02:20:00,,-28.115
1996-12-24 02:40:00,,-28.107
1996-12-24 03:00:00,,-28.099
1996-12-24 03:20:00,,-28.092
1996-12-24 03:40:00,,-28.085
1996-12-24 04:00:00,,-28.079
1996-12-24 04:20:00,,-28.074
1996-12-24 04:40:00,,-28.069
1996-12-24 05:00:00,,-28.065
1996-12-24 05:20:00,,-28.064
1996-12-24 06:00:00,,-28.064
1996-12-24 06:20:00,,-28.069
1996-12-24 06:40:00,,-28.076
1996-12-24 08:00:00,,-28.1
1996-12-24 08:20:00,,-28.105
1996-12-24 08:40:00,,-28.109
1996-12-24 09:00:00,,-28.115
1996-12-24 09:20:00,,-28.12
1996-12-24 09:40:00,,-28.125
1996-12-24 11:00:00,,-28.139
1996-12-24 12:20:00,,-28.142
1996-12-24 16:40:00,,-28.142
1996-12-24 17:00:00,,-28.14
1996-12-24 17:20:00,,-28.14
1996-12-24 17:40:00,,-28.139
1996-12-24 19:40:00,,-28.139
1996-12-24 20:00:00,,-28.126
1996-12-24 20:20:00,,-28.101
1996-12-24 20:40:00,,-28.084
1996-12-24 21:00:00,,-28.072
1996-12-24 21:20:00,,-28.064
1996-12-24 21:40:00,,-28.058
1996-12-24 23:00:00,,-28.041
1996-12-24 23:20:00,,-28.037
1996-12-24 23:40:00,,-28.032
1996-12-25 00:00:00,,-28.028
1996-12-25 01:20:00,,-28.007
1996-12-25 01:40:00,,-27.999
1996-12-25 02:00:00,,-27.989
1996-12-25 03:20:00,,-27.944
1996-12-25 03:40:00,,-27.935
1996-12-25 04:00:00,,-27.925
1996-12-25 04:20:00,,-27.917
1996-12-25 04:40:00,,-27.91
1996-12-25 05:00:00,,-27.904
1996-12-25 05:20:00,,-27.899
1996-12-25 05:40:00,,-27.894
1996-12-25 06:00:00,,-27.892
1996-12-25 07:00:00,,-27.892
1996-12-25 08:40:00,,-27.914
1996-12-25 09:00:00,,-27.917
1996-12-25 09:20:00,,-27.92
1996-12-25 09:40:00,,-27.923
1996-12-25 10:00:00,,-27.925
1996-12-25 10:20:00,,-27.926
1996-12-25 10:40:00,,-27.926
1996-12-25 11:00:00,,-27.943
1996-12-25 11:20:00,,-27.969
1996-12-25 11:40:00,,-27.984
1996-12-25 12:00:00,,-27.991
1996-12-25 12:20:00,,-27.967
1996-12-25 12:40:00,,-27.946
1996-12-25 13:00:00,,-27.933
1996-12-25 13:20:00,,-27.929
1996-12-25 13:40:00,,-27.912
1996-12-25 14:00:00,,-27.898
1996-12-25 14:20:00,,-27.887
1996-12-25 14:40:00,,-27.876
1996-12-25 15:00:00,,-27.866
1996-12-25 15:20:00,,-27.856
1996-12-25 15:40:00,,-27.849
1996-12-25 16:00:00,,-27.843
1996-12-25 16:20:00,,-27.859
1996-12-25 16:40:00,,-27.855
1996-12-25 17:00:00,,-27.842
1996-12-25 17:20:00,,-27.83
1996-12-25 17:40:00,,-27.819
1996-12-25 18:00:00,,-27.828
1996-12-25 18:20:00,,-27.847
1996-12-25 18:40:00,,-27.859
1996-12-25 19:00:00,,-27.868
1996-12-25 19:20:00,,-27.874
1996-12-25 19:40:00,,-27.879
1996-12-25 20:00:00,,-27.883
1996-12-25 20:20:00,,-27.886
1996-12-25 20:40:00,,-27.889
1996-12-25 21:00:00,,-27.875
1996-12-25 21:20:00,,-27.853
1996-12-25 21:40:00,,-27.838
1996-12-25 22:00:00,,-27.828
1996-12-25 22:20:00,,-27.82
1996-12-25 22:40:00,,-27.815
1996-12-25 23:00:00,,-27.807
1996-12-25 23:20:00,,-27.802
1996-12-25 23:40:00,,-27.796
1996-12-26 01:00:00,,-27.773
1996-12-26 01:20:00,,-27.767
1996-12-26 01:40:00,,-27.758
1996-12-26 02:00:00,,-27.748
1996-12-26 02:20:00,,-27.738
1996-12-26 02:40:00,,-27.725
1996-12-26 03:00:00,,-27.713
1996-12-26 03:20:00,,-27.703
1996-12-26 03:40:00,,-27.694
1996-12-26 04:00:00,,-27.685
1996-12-26 04:20:00,,-27.677
1996-12-26 04:40:00,,-27.669
1996-12-26 05:00:00,,-27.662
1996-12-26 05:20:00,,-27.656
1996-12-26 05:40:00,,-27.65
1996-12-26 06:00:00,,-27.646
1996-12-26 06:20:00,,-27.644
1996-12-26 07:00:00,,-27.644
1996-12-26 07:20:00,,-27.646
1996-12-26 07:40:00,,-27.65
1996-12-26 08:00:00,,-27.655
1996-12-26 08:20:00,,-27.66
1996-12-26 08:40:00,,-27.664
1996-12-26 09:00:00,,-27.668
1996-12-26 09:20:00,,-27.672
1996-12-26 09:40:00,,-27.675
1996-12-26 10:00:00,,-27.678
1996-12-26 10:20:00,,-27.681
1996-12-26 10:40:00,,-27.683
1996-12-26 11:00:00,,-27.685
1996-12-26 11:20:00,,-27.686
1996-12-26 12:40:00,,-27.686
1996-12-26 13:00:00,,-27.693
1996-12-26 13:20:00,,-27.718
1996-12-26 13:40:00,,-27.735
1996-12-26 14:00:00,,-27.747
1996-12-26 14:20:00,,-27.756
1996-12-26 14:40:00,,-27.763
1996-12-26 15:00:00,,-27.768
1996-12-26 15:20:00,,-27.772
1996-12-26 16:40:00,,-27.78
1996-12-26 17:00:00,,-27.783
1996-12-26 17:20:00,,-27.784
1996-12-26 18:40:00,,-27.792
1996-12-26 19:00:00,,-27.793
1996-12-26 20:20:00,,-27.804
1996-12-26 20:40:00,,-27.806
1996-12-26 21:00:00,,-27.808
1996-12-26 21:20:00,,-27.812
1996-12-26 21:40:00,,-27.814
1996-12-26 22:00:00,,-27.817
1996-12-26 22:20:00,,-27.819
1996-12-26 22:40:00,,-27.82
1996-12-26 23:00:00,,-27.823
1996-12-26 23:20:00,,-27.824
1996-12-27 01:40:00,,-27.824
1996-12-27 02:00:00,,-27.818
1996-12-27 02:20:00,,-27.81
1996-12-27 02:40:00,,-27.802
1996-12-27 03:00:00,,-27.793
1996-12-27 03:20:00,,-27.786
1996-12-27 03:40:00,,-27.779
1996-12-27 04:00:00,,-27.772
1996-12-27 04:20:00,,-27.767
1996-12-27 04:40:00,,-27.762
1996-12-27 05:00:00,,-27.758
1996-12-27 05:20:00,,-27.754
1996-12-27 05:40:00,,-27.753
1996-12-27 06:00:00,,-27.752
1996-12-27 06:20:00,,-27.752
1996-12-27 06:40:00,,-27.754
1996-12-27 07:00:00,,-27.761
1996-12-27 07:20:00,,-27.767
1996-12-27 07:40:00,,-27.775
1996-12-27 08:00:00,,-27.783
1996-12-27 08:20:00,,-27.792
1996-12-27 08:40:00,,-27.802
1996-12-27 09:00:00,,-27.812
1996-12-27 09:20:00,,-27.822
1996-12-27 09:40:00,,-27.8
1996-12-27 10:00:00,,-27.801
1996-12-27 10:20:00,,-27.817
1996-12-27 10:40:00,,-27.829
1996-12-27 11:00:00,,-27.84
1996-12-27 11:20:00,,-27.85
1996-12-27 11:40:00,,-27.858
1996-12-27 12:00:00,,-27.866
1996-12-27 12:20:00,,-27.872
1996-12-27 12:40:00,,-27.879
1996-12-27 13:00:00,,-27.884
1996-12-27 13:20:00,,-27.89
1996-12-27 14:40:00,,-27.907
1996-12-27 15:00:00,,-27.912
1996-12-27 15:20:00,,-27.915
1996-12-27 15:40:00,,-27.92
1996-12-27 16:00:00,,-27.924
1996-12-27 16:20:00,,-27.928
1996-12-27 16:40:00,,-27.934
1996-12-27 17:00:00,,-27.938
1996-12-27 18:20:00,,-27.956
1996-12-27 18:40:00,,-27.961
1996-12-27 19:00:00,,-27.964
1996-12-27 19:20:00,,-27.97
1996-12-27 19:40:00,,-27.975
1996-12-27 20:00:00,,-27.982
1996-12-27 20:20:00,,-27.986
1996-12-27 20:40:00,,-27.991
1996-12-27 21:00:00,,-27.997
1996-12-27 21:20:00,,-28.002
1996-12-27 21:40:00,,-28.009
1996-12-27 23:00:00,,-28.027
1996-12-27 23:20:00,,-28.031
1996-12-27 23:40:00,,-28.034
1996-12-28 01:00:00,,-28.044
1996-12-28 01:20:00,,-28.045
1996-12-28 01:40:00,,-28.046
1996-12-28 02:20:00,,-28.046
1996-12-28 02:40:00,,-28.045
1996-12-28 03:00:00,,-28.039
1996-12-28 03:20:00,,-28.034
1996-12-28 03:40:00,,-28.03
1996-12-28 04:00:00,,-28.024
1996-12-28 04:20:00,,-28.021
1996-12-28 04:40:00,,-28.018
1996-12-28 05:00:00,,-28.016
1996-12-28 05:20:00,,-28.015
1996-12-28 05:40:00,,-28.015
1996-12-28 06:00:00,,-28.017
1996-12-28 06:20:00,,-28.023
1996-12-28 06:40:00,,-28.03
1996-12-28 07:00:00,,-28.035
1996-12-28 07:20:00,,-28.04
1996-12-28 07:40:00,,-28.046
1996-12-28 08:00:00,,-28.052
1996-12-28 08:20:00,,-28.057
1996-12-28 08:40:00,,-28.062
1996-12-28 09:00:00,,-28.068
1996-12-28 09:20:00,,-28.073
1996-12-28 09:40:00,,-28.079
1996-12-28 10:00:00,,-28.083
1996-12-28 10:20:00,,-28.088
1996-12-28 10:40:00,,-28.093
1996-12-28 11:00:00,,-28.096
1996-12-28 11:20:00,,-28.099
1996-12-28 11:40:00,,-28.101
1996-12-28 12:00:00,,-28.103
1996-12-28 12:20:00,,-28.104
1996-12-28 12:40:00,,-28.106
1996-12-28 13:20:00,,-28.106
1996-12-28 13:40:00,,-28.107
1996-12-28 14:00:00,,-28.108
1996-12-28 14:40:00,,-28.108
1996-12-28 15:00:00,,-28.11
1996-12-28 19:20:00,,-28.11
1996-12-28 19:40:00,,-28.112
1996-12-28 20:00:00,,-28.113
1996-12-28 20:20:00,,-28.116
1996-12-28 20:40:00,,-28.117
1996-12-28 21:00:00,,-28.118
1996-12-28 21:20:00,,-28.119
1996-12-28 21:40:00,,-28.121
1996-12-28 22:00:00,,-28.123
1996-12-28 22:20:00,,-28.126
1996-12-28 23:40:00,,-28.13
1996-12-29 02:20:00,,-28.13
1996-12-29 02:40:00,,-28.125
1996-12-29 03:00:00,,-28.118
1996-12-29 03:20:00,,-28.113
1996-12-29 03:40:00,,-28.107
1996-12-29 04:00:00,,-28.102
1996-12-29 04:20:00,,-28.097
1996-12-29 04:40:00,,-28.093
1996-12-29 05:00:00,,-28.091
1996-12-29 05:20:00,,-28.09
1996-12-29 06:00:00,,-28.09
1996-12-29 06:20:00,,-28.093
1996-12-29 07:40:00,,-28.111
1996-12-29 08:00:00,,-28.114
1996-12-29 08:20:00,,-28.118
1996-12-29 08:40:00,,-28.12
1996-12-29 09:00:00,,-28.124
1996-12-29 09:20:00,,-28.126
1996-12-29 09:40:00,,-28.129
1996-12-29 10:00:00,,-28.131
1996-12-29 10:20:00,,-28.132
1996-12-29 10:40:00,,-28.134
1996-12-29 11:00:00,,-28.139
1996-12-29 11:20:00,,-28.139
1996-12-29 11:40:00,,-28.14
1996-12-29 12:00:00,,-28.141
1996-12-29 23:00:00,,-28.141
1996-12-29 23:20:00,,-28.144
1996-12-30 00:00:00,,-28.144
1996-12-30 00:20:00,,-28.145
1996-12-30 02:20:00,,-28.145
1996-12-30 02:40:00,,-28.14
1996-12-30 03:00:00,,-28.133
1996-12-30 03:20:00,,-28.127
1996-12-30 03:40:00,,-28.121
1996-12-30 04:00:00,,-28.116
1996-12-30 04:20:00,,-28.112
1996-12-30 04:40:00,,-28.108
1996-12-30 05:00:00,,-28.107
1996-12-30 05:20:00,,-28.105
1996-12-30 06:00:00,,-28.105
1996-12-30 06:20:00,,-28.106
1996-12-30 06:40:00,,-28.11
1996-12-30 07:00:00,,-28.116
1996-12-30 07:20:00,,-28.121
1996-12-30 07:40:00,,-28.126
1996-12-30 08:00:00,,-28.131
1996-12-30 08:20:00,,-28.134
1996-12-30 08:40:00,,-28.139
1996-12-30 09:00:00,,-28.143
1996-12-30 09:20:00,,-28.146
1996-12-30 09:40:00,,-28.15
1996-12-30 10:00:00,,-28.155
1996-12-30 10:20:00,,-28.157
1996-12-30 10:40:00,,-28.159
1996-12-30 11:00:00,,-28.162
1996-12-30 12:20:00,,-28.166
1996-12-30 13:00:00,,-28.166
1996-12-30 13:20:00,,-28.167
1996-12-30 19:40:00,,-28.167
1996-12-30 20:00:00,,-28.171
1996-12-30 20:20:00,,-28.173
1996-12-30 20:40:00,,-28.175
1996-12-30 21:00:00,,-28.177
1996-12-30 21:20:00,,-28.178
1996-12-30 21:40:00,,-28.179
1996-12-30 22:00:00,,-28.181
1996-12-30 22:20:00,,-28.183
1996-12-30 22:40:00,,-28.185
1996-12-30 23:00:00,,-28.186
1996-12-30 23:20:00,,-28.187
1996-12-31 02:20:00,,-28.187
1996-12-31 02:40:00,,-28.18
1996-12-31 03:00:00,,-28.174
1996-12-31 03:20:00,,-28.167
1996-12-31 03:40:00,,-28.163
1996-12-31 04:00:00,,-28.159
1996-12-31 04:20:00,,-28.156
1996-12-31 04:40:00,,-28.154
1996-12-31 05:00:00,,-28.151
1996-12-31 05:20:00,,-28.15
1996-12-31 06:20:00,,-28.15
1996-12-31 06:40:00,,-28.125
1996-12-31 07:00:00,,-28.099
1996-12-31 07:20:00,,-28.08
1996-12-31 07:40:00,,-28.062
1996-12-31 08:00:00,,-28.046
1996-12-31 08:20:00,,-28.032
1996-12-31 08:40:00,,-28.019
1996-12-31 09:00:00,,-28.007
1996-12-31 09:20:00,,-27.995
1996-12-31 09:40:00,,-27.984
1996-12-31 10:00:00,,-27.975
1996-12-31 10:20:00,,-27.966
1996-12-31 10:40:00,,-27.959
1996-12-31 11:00:00,,-27.952
1996-12-31 11:20:00,,-27.946
1996-12-31 11:40:00,,-27.94
1996-12-31 13:00:00,,-27.926
1996-12-31 13:20:00,,-27.924
1996-12-31 13:40:00,,-27.922
1996-12-31 14:00:00,,-27.919
1996-12-31 15:20:00,,-27.914
1996-12-31 16:00:00,,-27.914
1996-12-31 16:20:00,,-27.912
1996-12-31 16:40:00,,-27.911
1996-12-31 17:00:00,,-27.911
1996-12-31 17:20:00,,-27.91
1996-12-31 17:40:00,,-27.909
1996-12-31 18:40:00,,-27.909
1996-12-31 20:00:00,,-27.904
1996-12-31 20:20:00,,-27.904
1996-12-31 20:40:00,,-27.902
1996-12-31 21:20:00,,-27.902
1996-12-31 21:40:00,,-27.9
1996-12-31 22:00:00,,-27.9
1996-12-31 22:20:00,,-27.899
1996-12-31 22:40:00,,-27.898
1996-12-31 23:00:00,,-27.896
1996-12-31 23:20:00,,-27.896
1996-12-31 23:40:00,,-27.894
1997-01-01 00:00:00,,-27.892
1997-01-01 00:20:00,,-27.888
1997-01-01 00:40:00,,-27.886
1997-01-01 01:00:00,,-27.882
1997-01-01 01:20:00,,-27.879
1997-01-01 01:40:00,,-27.876
1997-01-01 02:00:00,,-27.873
1997-01-01 02:20:00,,-27.871
1997-01-01 02:40:00,,-27.869
1997-01-01 03:00:00,,-27.867
1997-01-01 03:20:00,,-27.866
1997-01-01 03:40:00,,-27.866
1997-01-01 04:00:00,,-27.864
1997-01-01 04:20:00,,-27.864
1997-01-01 04:40:00,,-27.863
1997-01-01 07:20:00,,-27.863
1997-01-01 07:40:00,,-27.862
1997-01-01 08:00:00,,-27.861
1997-01-01 11:20:00,,-27.861
1997-01-01 11:40:00,,-27.859
1997-01-01 12:00:00,,-27.858
1997-01-01 12:20:00,,-27.858
1997-01-01 12:40:00,,-27.854
1997-01-01 14:00:00,,-27.846
1997-01-01 14:20:00,,-27.846
1997-01-01 14:40:00,,-27.844
1997-01-01 15:00:00,,-27.844
1997-01-01 15:20:00,,-27.842
1997-01-01 15:40:00,,-27.842
1997-01-01 16:00:00,,-27.84
1997-01-01 16:20:00,,-27.839
1997-01-01 16:40:00,,-27.838
1997-01-01 17:00:00,,-27.836
1997-01-01 17:20:00,,-27.834
1997-01-01 17:40:00,,-27.832
1997-01-01 18:00:00,,-27.832
1997-01-01 18:20:00,,-27.83
1997-01-01 18:40:00,,-27.83
1997-01-01 19:00:00,,-27.829
1997-01-01 19:20:00,,-27.828
1997-01-01 20:20:00,,-27.828
1997-01-01 20:40:00,,-27.83
1997-01-01 21:00:00,,-27.831
1997-01-01 21:40:00,,-27.831
1997-01-01 22:00:00,,-27.824
1997-01-01 22:20:00,,-27.814
1997-01-01 22:40:00,,-27.804
1997-01-01 23:00:00,,-27.793
1997-01-01 23:20:00,,-27.782
1997-01-01 23:40:00,,-27.772
1997-01-02 00:00:00,,-27.761
1997-01-02 00:20:00,,-27.752
1997-01-02 00:40:00,,-27.742
1997-01-02 01:00:00,,-27.732
1997-01-02 01:20:00,,-27.724
1997-01-02 01:40:00,,-27.715
1997-01-02 02:00:00,,-27.708
1997-01-02 02:20:00,,-27.7
1997-01-02 03:40:00,,-27.675
1997-01-02 04:00:00,,-27.67
1997-01-02 04:20:00,,-27.664
1997-01-02 04:40:00,,-27.66
1997-01-02 05:00:00,,-27.655
1997-01-02 05:20:00,,-27.652
1997-01-02 05:40:00,,-27.677
1997-01-02 06:00:00,,-27.687
1997-01-02 06:20:00,,-27.674
1997-01-02 06:40:00,,-27.662
1997-01-02 07:00:00,,-27.653
1997-01-02 07:20:00,,-27.645
1997-01-02 07:40:00,,-27.639
1997-01-02 08:00:00,,-27.634
1997-01-02 09:20:00,,-27.617
1997-01-02 09:40:00,,-27.614
1997-01-02 10:00:00,,-27.61
1997-01-02 10:20:00,,-27.607
1997-01-02 10:40:00,,-27.603
1997-01-02 11:00:00,,-27.6
1997-01-02 11:20:00,,-27.596
1997-01-02 11:40:00,,-27.62
1997-01-02 12:00:00,,-27.643
1997-01-02 12:20:00,,-27.662
1997-01-02 12:40:00,,-27.677
1997-01-02 13:00:00,,-27.688
1997-01-02 13:20:00,,-27.698
1997-01-02 13:40:00,,-27.708
1997-01-02 14:00:00,,-27.715
1997-01-02 14:20:00,,-27.723
1997-01-02 14:40:00,,-27.729
1997-01-02 15:00:00,,-27.735
1997-01-02 15:20:00,,-27.739
1997-01-02 15:40:00,,-27.745
1997-01-02 17:00:00,,-27.763
1997-01-02 18:40:00,,-27.783
1997-01-02 19:00:00,,-27.786
1997-01-02 19:20:00,,-27.789
1997-01-02 19:40:00,,-27.791
1997-01-02 20:00:00,,-27.792
1997-01-02 20:40:00,,-27.792
1997-01-02 21:00:00,,-27.789
1997-01-02 22:20:00,,-27.769
1997-01-02 23:40:00,,-27.751
1997-01-03 00:00:00,,-27.745
1997-01-03 00:20:00,,-27.74
1997-01-03 00:40:00,,-27.736
1997-01-03 01:00:00,,-27.731
1997-01-03 01:20:00,,-27.726
1997-01-03 01:40:00,,-27.722
1997-01-03 02:00:00,,-27.719
1997-01-03 03:20:00,,-27.71
1997-01-03 03:40:00,,-27.709
1997-01-03 04:00:00,,-27.708
1997-01-03 04:20:00,,-27.707
1997-01-03 07:20:00,,-27.707
1997-01-03 07:40:00,,-27.706
1997-01-03 08:00:00,,-27.705
1997-01-03 09:20:00,,-27.703
1997-01-03 09:40:00,,-27.702
1997-01-03 10:20:00,,-27.702
1997-01-03 10:40:00,,-27.7
1997-01-03 11:00:00,,-27.698
1997-01-03 12:00:00,,-27.698
1997-01-03 12:20:00,,-27.701
1997-01-03 12:40:00,,-27.708
1997-01-03 13:00:00,,-27.698
1997-01-03 13:20:00,,-27.677
1997-01-03 13:40:00,,-27.663
1997-01-03 14:00:00,,-27.654
1997-01-03 14:20:00,,-27.648
1997-01-03 14:40:00,,-27.643
1997-01-03 15:00:00,,-27.639
1997-01-03 15:20:00,,-27.637
1997-01-03 15:40:00,,-27.635
1997-01-03 16:00:00,,-27.632
1997-01-03 16:20:00,,-27.631
1997-01-03 16:40:00,,-27.63
1997-01-03 17:00:00,,-27.628
1997-01-03 17:20:00,,-27.628
1997-01-03 17:40:00,,-27.626
1997-01-03 18:00:00,,-27.636
1997-01-03 18:20:00,,-27.639
1997-01-03 18:40:00,,-27.64
1997-01-03 19:40:00,,-27.64
1997-01-03 20:00:00,,-27.636
1997-01-03 20:20:00,,-27.628
1997-01-03 20:40:00,,-27.62
1997-01-03 21:00:00,,-27.612
1997-01-03 21:20:00,,-27.603
1997-01-03 21:40:00,,-27.595
1997-01-03 22:00:00,,-27.588
1997-01-03 22:20:00,,-27.582
1997-01-03 22:40:00,,-27.576
1997-01-03 23:00:00,,-27.568
1997-01-03 23:20:00,,-27.561
1997-01-03 23:40:00,,-27.554
1997-01-04 00:00:00,,-27.546
1997-01-04 01:20:00,,-27.52
1997-01-04 01:40:00,,-27.515
1997-01-04 02:00:00,,-27.51
1997-01-04 02:20:00,,-27.506
1997-01-04 02:40:00,,-27.502
1997-01-04 03:00:00,,-27.499
1997-01-04 03:20:00,,-27.497
1997-01-04 03:40:00,,-27.495
1997-01-04 04:00:00,,-27.493
1997-01-04 04:20:00,,-27.491
1997-01-04 04:40:00,,-27.49
1997-01-04 05:00:00,,-27.489
1997-01-04 05:20:00,,-27.488
1997-01-04 05:40:00,,-27.488
1997-01-04 06:00:00,,-27.487
1997-01-04 06:20:00,,-27.486
1997-01-04 06:40:00,,-27.485
1997-01-04 07:00:00,,-27.484
1997-01-04 08:00:00,,-27.484
1997-01-04 08:20:00,,-27.483
1997-01-04 08:40:00,,-27.482
1997-01-04 09:40:00,,-27.482
1997-01-04 10:00:00,,-27.487
1997-01-04 10:20:00,,-27.494
1997-01-04 10:40:00,,-27.5
1997-01-04 11:00:00,,-27.504
1997-01-04 11:20:00,,-27.507
1997-01-04 11:40:00,,-27.509
1997-01-04 12:00:00,,-27.511
1997-01-04 12:20:00,,-27.511
1997-01-04 12:40:00,,-27.512
1997-01-04 13:00:00,,-27.513
1997-01-04 14:00:00,,-27.513
1997-01-04 15:20:00,,-27.517
1997-01-04 15:40:00,,-27.519
1997-01-04 16:00:00,,-27.519
1997-01-04 16:20:00,,-27.52
1997-01-04 18:40:00,,-27.532
1997-01-04 19:00:00,,-27.533
1997-01-04 19:20:00,,-27.536
1997-01-04 19:40:00,,-27.539
1997-01-04 20:00:00,,-27.54
1997-01-04 20:20:00,,-27.543
1997-01-04 20:40:00,,-27.543
1997-01-04 21:00:00,,-27.544
1997-01-05 01:20:00,,-27.544
1997-01-05 01:40:00,,-27.543
1997-01-05 02:00:00,,-27.54
1997-01-05 02:20:00,,-27.533
1997-01-05 02:40:00,,-27.527
1997-01-05 03:00:00,,-27.52
1997-01-05 03:20:00,,-27.513
1997-01-05 03:40:00,,-27.507
1997-01-05 04:00:00,,-27.503
1997-01-05 04:20:00,,-27.498
1997-01-05 04:40:00,,-27.494
1997-01-05 05:00:00,,-27.491
1997-01-05 05:20:00,,-27.487
1997-01-05 05:40:00,,-27.484
1997-01-05 07:00:00,,-27.484
1997-01-05 07:20:00,,-27.49
1997-01-05 07:40:00,,-27.495
1997-01-05 08:00:00,,-27.499
1997-01-05 08:20:00,,-27.505
1997-01-05 09:40:00,,-27.518
1997-01-05 10:00:00,,-27.521
1997-01-05 10:20:00,,-27.514
1997-01-05 10:40:00,,-27.484
1997-01-05 11:00:00,,-27.48
1997-01-05 11:20:00,,-27.483
1997-01-05 11:40:00,,-27.487
1997-01-05 12:00:00,,-27.491
1997-01-05 12:20:00,,-27.493
1997-01-05 12:40:00,,-27.494
1997-01-05 17:20:00,,-27.494
1997-01-05 17:40:00,,-27.495
1997-01-05 18:00:00,,-27.496
1997-01-05 18:20:00,,-27.498
1997-01-05 18:40:00,,-27.501
1997-01-05 19:00:00,,-27.502
1997-01-05 19:40:00,,-27.502
1997-01-05 20:00:00,,-27.5
1997-01-05 20:20:00,,-27.494
1997-01-05 20:40:00,,-27.488
1997-01-05 23:20:00,,-27.456
1997-01-05 23:40:00,,-27.45
1997-01-06 00:00:00,,-27.446
1997-01-06 00:20:00,,-27.44
1997-01-06 00:40:00,,-27.434
1997-01-06 01:00:00,,-27.429
1997-01-06 01:20:00,,-27.424
1997-01-06 01:40:00,,-27.42
1997-01-06 02:00:00,,-27.415
1997-01-06 04:00:00,,-27.4
1997-01-06 04:20:00,,-27.399
1997-01-06 04:40:00,,-27.398
1997-01-06 05:00:00,,-27.397
1997-01-06 06:20:00,,-27.397
1997-01-06 06:40:00,,-27.399
1997-01-06 07:00:00,,-27.408
1997-01-06 07:20:00,,-27.417
1997-01-06 07:40:00,,-27.424
1997-01-06 08:00:00,,-27.431
1997-01-06 08:20:00,,-27.439
1997-01-06 08:40:00,,-27.444
1997-01-06 09:00:00,,-27.45
1997-01-06 09:20:00,,-27.456
1997-01-06 09:40:00,,-27.461
1997-01-06 10:00:00,,-27.468
1997-01-06 10:20:00,,-27.493
1997-01-06 10:40:00,,-27.517
1997-01-06 11:00:00,,-27.537
1997-01-06 11:20:00,,-27.555
1997-01-06 11:40:00,,-27.567
1997-01-06 12:00:00,,-27.576
1997-01-06 12:20:00,,-27.583
1997-01-06 12:40:00,,-27.586
1997-01-06 13:00:00,,-27.59
1997-01-06 13:20:00,,-27.592
1997-01-06 13:40:00,,-27.596
1997-01-06 14:00:00,,-27.599
1997-01-06 14:20:00,,-27.602
1997-01-06 14:40:00,,-27.606
1997-01-06 15:00:00,,-27.609
1997-01-06 15:20:00,,-27.612
1997-01-06 17:00:00,,-27.63
1997-01-06 17:20:00,,-27.634
1997-01-06 17:40:00,,-27.64
1997-01-06 18:00:00,,-27.648
1997-01-06 18:20:00,,-27.653
1997-01-06 18:40:00,,-27.658
1997-01-06 19:00:00,,-27.659
1997-01-06 21:20:00,,-27.659
1997-01-06 21:40:00,,-27.656
1997-01-06 23:00:00,,-27.648
1997-01-06 23:20:00,,-27.643
1997-01-06 23:40:00,,-27.64
1997-01-07 01:20:00,,-27.615
1997-01-07 01:40:00,,-27.611
1997-01-07 02:00:00,,-27.607
1997-01-07 02:20:00,,-27.603
1997-01-07 02:40:00,,-27.6
1997-01-07 03:00:00,,-27.597
1997-01-07 03:20:00,,-27.595
1997-01-07 03:40:00,,-27.593
1997-01-07 04:00:00,,-27.59
1997-01-07 04:20:00,,-27.59
1997-01-07 04:40:00,,-27.588
1997-01-07 06:40:00,,-27.588
1997-01-07 07:00:00,,-27.591
1997-01-07 07:20:00,,-27.6
1997-01-07 07:40:00,,-27.607
1997-01-07 08:00:00,,-27.615
1997-01-07 08:20:00,,-27.621
1997-01-07 08:40:00,,-27.629
1997-01-07 09:00:00,,-27.636
1997-01-07 09:20:00,,-27.643
1997-01-07 09:40:00,,-27.649
1997-01-07 10:00:00,,-27.654
1997-01-07 10:20:00,,-27.659
1997-01-07 10:40:00,,-27.663
1997-01-07 11:00:00,,-27.666
1997-01-07 11:20:00,,-27.669
1997-01-07 11:40:00,,-27.67
1997-01-07 12:00:00,,-27.672
1997-01-07 13:00:00,,-27.672
1997-01-07 13:20:00,,-27.668
1997-01-07 13:40:00,,-27.66
1997-01-07 14:00:00,,-27.654
1997-01-07 14:20:00,,-27.646
1997-01-07 14:40:00,,-27.64
1997-01-07 15:00:00,,-27.633
1997-01-07 15:20:00,,-27.627
1997-01-07 15:40:00,,-27.622
1997-01-07 16:00:00,,-27.616
1997-01-07 16:20:00,,-27.61
1997-01-07 16:40:00,,-27.605
1997-01-07 17:00:00,,-27.602
1997-01-07 17:20:00,,-27.599
1997-01-07 17:40:00,,-27.597
1997-01-07 18:40:00,,-27.597
1997-01-07 19:00:00,,-27.596
1997-01-07 23:20:00,,-27.596
1997-01-07 23:40:00,,-27.594
1997-01-08 00:00:00,,-27.591
1997-01-08 00:20:00,,-27.588
1997-01-08 00:40:00,,-27.585
1997-01-08 01:00:00,,-27.581
1997-01-08 02:40:00,,-27.566
1997-01-08 03:00:00,,-27.564
1997-01-08 03:20:00,,-27.562
1997-01-08 03:40:00,,-27.562
1997-01-08 04:00:00,,-27.56
1997-01-08 04:20:00,,-27.559
1997-01-08 04:40:00,,-27.559
1997-01-08 05:00:00,,-27.558
1997-01-08 06:40:00,,-27.558
1997-01-08 07:00:00,,-27.564
1997-01-08 07:20:00,,-27.573
1997-01-08 07:40:00,,-27.583
1997-01-08 09:00:00,,-27.615
1997-01-08 09:20:00,,-27.621
1997-01-08 09:40:00,,-27.627
1997-01-08 10:00:00,,-27.631
1997-01-08 10:20:00,,-27.637
1997-01-08 10:40:00,,-27.64
1997-01-08 11:00:00,,-27.643
1997-01-08 11:20:00,,-27.645
1997-01-08 11:40:00,,-27.648
1997-01-08 12:00:00,,-27.649
1997-01-08 12:20:00,,-27.649
1997-01-08 12:40:00,,-27.642
1997-01-08 13:00:00,,-27.639
1997-01-08 16:00:00,,-27.639
1997-01-08 16:20:00,,-27.64
1997-01-08 16:40:00,,-27.645
1997-01-08 17:00:00,,-27.65
1997-01-08 17:20:00,,-27.654
1997-01-08 18:40:00,,-27.674
1997-01-08 19:00:00,,-27.677
1997-01-08 19:20:00,,-27.682
1997-01-08 19:40:00,,-27.683
1997-01-08 20:40:00,,-27.683
1997-01-08 22:00:00,,-27.67
1997-01-08 22:20:00,,-27.668
1997-01-08 22:40:00,,-27.664
1997-01-08 23:00:00,,-27.661
1997-01-08 23:20:00,,-27.658
1997-01-08 23:40:00,,-27.654
1997-01-09 00:00:00,,-27.65
1997-01-09 00:20:00,,-27.644
1997-01-09 00:40:00,,-27.64
1997-01-09 01:00:00,,-27.635
1997-01-09 01:20:00,,-27.629
1997-01-09 02:40:00,,-27.612
1997-01-09 03:00:00,,-27.607
1997-01-09 03:20:00,,-27.604
1997-01-09 03:40:00,,-27.6
1997-01-09 04:00:00,,-27.597
1997-01-09 04:20:00,,-27.595
1997-01-09 04:40:00,,-27.593
1997-01-09 05:00:00,,-27.591
1997-01-09 05:20:00,,-27.591
1997-01-09 05:40:00,,-27.59
1997-01-09 07:00:00,,-27.59
1997-01-09 07:20:00,,-27.595
1997-01-09 07:40:00,,-27.603
1997-01-09 08:00:00,,-27.61
1997-01-09 08:20:00,,-27.621
1997-01-09 08:40:00,,-27.627
1997-01-09 09:00:00,,-27.634
1997-01-09 09:20:00,,-27.641
1997-01-09 09:40:00,,-27.647
1997-01-09 10:00:00,,-27.651
1997-01-09 10:20:00,,-27.656
1997-01-09 10:40:00,,-27.661
1997-01-09 11:00:00,,-27.664
1997-01-09 11:20:00,,-27.669
1997-01-09 11:40:00,,-27.669
1997-01-09 12:00:00,,-27.67
1997-01-09 12:20:00,,-27.671
1997-01-09 13:00:00,,-27.671
1997-01-09 13:20:00,,-27.666
1997-01-09 13:40:00,,-27.658
1997-01-09 14:00:00,,-27.651
1997-01-09 14:20:00,,-27.643
1997-01-09 15:40:00,,-27.618
1997-01-09 16:00:00,,-27.612
1997-01-09 16:20:00,,-27.605
1997-01-09 16:40:00,,-27.601
1997-01-09 17:00:00,,-27.596
1997-01-09 17:20:00,,-27.594
1997-01-09 17:40:00,,-27.593
1997-01-09 18:20:00,,-27.593
1997-01-09 18:40:00,,-27.597
1997-01-09 19:00:00,,-27.602
1997-01-09 19:20:00,,-27.607
1997-01-09 19:40:00,,-27.613
1997-01-09 20:00:00,,-27.616
1997-01-09 20:20:00,,-27.617
1997-01-09 22:40:00,,-27.617
1997-01-09 23:00:00,,-27.615
1997-01-09 23:20:00,,-27.613
1997-01-09 23:40:00,,-27.612
1997-01-10 00:00:00,,-27.609
1997-01-10 00:20:00,,-27.605
1997-01-10 00:40:00,,-27.602
1997-01-10 01:00:00,,-27.599
1997-01-10 01:20:00,,-27.596
1997-01-10 01:40:00,,-27.592
1997-01-10 02:00:00,,-27.589
1997-01-10 02:20:00,,-27.587
1997-01-10 02:40:00,,-27.585
1997-01-10 03:00:00,,-27.582
1997-01-10 03:20:00,,-27.579
1997-01-10 04:40:00,,-27.574
1997-01-10 05:00:00,,-27.573
1997-01-10 07:00:00,,-27.573
1997-01-10 07:20:00,,-27.58
1997-01-10 07:40:00,,-27.589
1997-01-10 08:00:00,,-27.599
1997-01-10 08:20:00,,-27.607
1997-01-10 08:40:00,,-27.615
1997-01-10 09:00:00,,-27.624
1997-01-10 10:40:00,,-27.668
1997-01-10 11:00:00,,-27.678
1997-01-10 11:20:00,,-27.687
1997-01-10 11:40:00,,-27.697
1997-01-10 12:00:00,,-27.704
1997-01-10 12:20:00,,-27.709
1997-01-10 12:40:00,,-27.714
1997-01-10 14:20:00,,-27.714
1997-01-10 14:40:00,,-27.709
1997-01-10 15:00:00,,-27.697
1997-01-10 15:20:00,,-27.697
1997-01-10 15:40:00,,-27.694
1997-01-10 16:00:00,,-27.691
1997-01-10 16:20:00,,-27.685
1997-01-10 16:40:00,,-27.678
1997-01-10 18:00:00,,-27.654
1997-01-10 18:20:00,,-27.649
1997-01-10 18:40:00,,-27.644
1997-01-10 19:00:00,,-27.637
1997-01-10 19:20:00,,-27.631
1997-01-10 19:40:00,,-27.625
1997-01-10 20:00:00,,-27.619
1997-01-10 21:20:00,,-27.603
1997-01-10 21:40:00,,-27.601
1997-01-10 22:00:00,,-27.598
1997-01-10 22:20:00,,-27.597
1997-01-11 00:00:00,,-27.587
1997-01-11 01:20:00,,-27.576
1997-01-11 01:40:00,,-27.574
1997-01-11 02:00:00,,-27.571
1997-01-11 02:20:00,,-27.567
1997-01-11 04:20:00,,-27.556
1997-01-11 05:40:00,,-27.551
1997-01-11 06:00:00,,-27.55
1997-01-11 07:00:00,,-27.55
1997-01-11 07:20:00,,-27.552
1997-01-11 07:40:00,,-27.559
1997-01-11 08:00:00,,-27.568
1997-01-11 08:20:00,,-27.577
1997-01-11 10:00:00,,-27.613
1997-01-11 10:20:00,,-27.619
1997-01-11 10:40:00,,-27.625
1997-01-11 11:00:00,,-27.631
1997-01-11 11:20:00,,-27.636
1997-01-11 11:40:00,,-27.639
1997-01-11 12:00:00,,-27.642
1997-01-11 12:20:00,,-27.645
1997-01-11 12:40:00,,-27.646
1997-01-11 13:00:00,,-27.647
1997-01-11 13:20:00,,-27.648
1997-01-11 13:40:00,,-27.65
1997-01-11 14:00:00,,-27.65
1997-01-11 14:20:00,,-27.651
1997-01-11 14:40:00,,-27.652
1997-01-11 20:00:00,,-27.652
1997-01-11 20:20:00,,-27.647
1997-01-11 20:40:00,,-27.642
1997-01-11 21:00:00,,-27.638
1997-01-11 21:20:00,,-27.634
1997-01-11 21:40:00,,-27.63
1997-01-11 22:00:00,,-27.627
1997-01-11 22:20:00,,-27.624
1997-01-11 22:40:00,,-27.621
1997-01-11 23:00:00,,-27.617
1997-01-11 23:20:00,,-27.613
1997-01-11 23:40:00,,-27.61
1997-01-12 00:00:00,,-27.605
1997-01-12 00:20:00,,-27.601
1997-01-12 00:40:00,,-27.598
1997-01-12 01:00:00,,-27.594
1997-01-12 01:20:00,,-27.589
1997-01-12 01:40:00,,-27.586
1997-01-12 02:00:00,,-27.583
1997-01-12 02:20:00,,-27.579
1997-01-12 03:40:00,,-27.57
1997-01-12 04:00:00,,-27.566
1997-01-12 04:20:00,,-27.564
1997-01-12 04:40:00,,-27.561
1997-01-12 05:00:00,,-27.558
1997-01-12 05:20:00,,-27.554
1997-01-12 05:40:00,,-27.553
1997-01-12 06:00:00,,-27.551
1997-01-12 06:20:00,,-27.55
1997-01-12 07:20:00,,-27.55
1997-01-12 07:40:00,,-27.554
1997-01-12 08:00:00,,-27.56
1997-01-12 08:20:00,,-27.565
1997-01-12 08:40:00,,-27.57
1997-01-12 09:00:00,,-27.574
1997-01-12 09:20:00,,-27.58
1997-01-12 10:40:00,,-27.597
1997-01-12 11:00:00,,-27.601
1997-01-12 11:20:00,,-27.604
1997-01-12 11:40:00,,-27.606
1997-01-12 12:00:00,,-27.608
1997-01-12 12:20:00,,-27.61
1997-01-12 13:20:00,,-27.61
1997-01-12 13:40:00,,-27.606
1997-01-12 14:00:00,,-27.601
1997-01-12 14:20:00,,-27.597
1997-01-12 14:40:00,,-27.592
1997-01-12 15:00:00,,-27.59
1997-01-12 15:20:00,,-27.587
1997-01-12 21:00:00,,-27.587
1997-01-12 21:20:00,,-27.584
1997-01-12 21:40:00,,-27.582
1997-01-12 22:00:00,,-27.579
1997-01-12 22:20:00,,-27.578
1997-01-12 22:40:00,,-27.577
1997-01-13 00:20:00,,-27.567
1997-01-13 00:40:00,,-27.566
1997-01-13 01:00:00,,-27.562
1997-01-13 01:20:00,,-27.557
1997-01-13 01:40:00,,-27.555
1997-01-13 02:00:00,,-27.553
1997-01-13 02:20:00,,-27.55
1997-01-13 02:40:00,,-27.547
1997-01-13 03:00:00,,-27.544
1997-01-13 04:40:00,,-27.536
1997-01-13 05:00:00,,-27.534
1997-01-13 06:20:00,,-27.529
1997-01-13 07:20:00,,-27.529
1997-01-13 09:20:00,,-27.567
1997-01-13 09:40:00,,-27.572
1997-01-13 10:00:00,,-27.575
1997-01-13 10:20:00,,-27.579
1997-01-13 10:40:00,,-27.584
1997-01-13 11:00:00,,-27.587
1997-01-13 11:20:00,,-27.591
1997-01-13 11:40:00,,-27.598
1997-01-13 12:00:00,,-27.606
1997-01-13 12:20:00,,-27.613
1997-01-13 12:40:00,,-27.619
1997-01-13 13:00:00,,-27.623
1997-01-13 13:20:00,,-27.624
1997-01-13 13:40:00,,-27.625
1997-01-13 14:00:00,,-27.626
1997-01-13 14:20:00,,-27.629
1997-01-13 14:40:00,,-27.632
1997-01-13 15:00:00,,-27.634
1997-01-13 15:20:00,,-27.636
1997-01-13 15:40:00,,-27.636
1997-01-13 16:00:00,,-27.639
1997-01-13 16:20:00,,-27.64
1997-01-13 16:40:00,,-27.642
1997-01-13 17:00:00,,-27.644
1997-01-13 17:20:00,,-27.649
1997-01-13 17:40:00,,-27.654
1997-01-13 18:00:00,,-27.659
1997-01-13 18:20:00,,-27.659
1997-01-13 18:40:00,,-27.664
1997-01-13 19:00:00,,-27.669
1997-01-13 19:20:00,,-27.673
1997-01-13 19:40:00,,-27.676
1997-01-13 20:00:00,,-27.679
1997-01-13 20:20:00,,-27.682
1997-01-13 22:00:00,,-27.699
1997-01-13 22:20:00,,-27.704
1997-01-13 22:40:00,,-27.708
1997-01-13 23:00:00,,-27.711
1997-01-13 23:20:00,,-27.714
1997-01-13 23:40:00,,-27.717
1997-01-14 02:00:00,,-27.724
1997-01-14 02:20:00,,-27.729
1997-01-14 02:40:00,,-27.732
1997-01-14 03:00:00,,-27.735
1997-01-14 03:20:00,,-27.738
1997-01-14 03:40:00,,-27.742
1997-01-14 04:00:00,,-27.743
1997-01-14 04:20:00,,-27.745
1997-01-14 04:40:00,,-27.748
1997-01-14 05:00:00,,-27.752
1997-01-14 05:20:00,,-27.754
1997-01-14 05:40:00,,-27.757
1997-01-14 06:00:00,,-27.759
1997-01-14 06:20:00,,-27.76
1997-01-14 06:40:00,,-27.766
1997-01-14 07:00:00,,-27.772
1997-01-14 07:20:00,,-27.781
1997-01-14 07:40:00,,-27.788
1997-01-14 08:00:00,,-27.777
1997-01-14 08:20:00,,-27.767
1997-01-14 08:40:00,,-27.761
1997-01-14 09:00:00,,-27.759
1997-01-14 09:20:00,,-27.758
1997-01-14 10:00:00,,-27.758
1997-01-14 10:20:00,,-27.779
1997-01-14 10:40:00,,-27.803
1997-01-14 11:00:00,,-27.82
1997-01-14 11:20:00,,-27.832
1997-01-14 11:40:00,,-27.843
1997-01-14 12:00:00,,-27.85
1997-01-14 12:20:00,,-27.856
1997-01-14 12:40:00,,-27.861
1997-01-14 13:00:00,,-27.863
1997-01-14 16:00:00,,-27.863
1997-01-14 16:20:00,,-27.864
1997-01-14 16:40:00,,-27.866
1997-01-14 17:00:00,,-27.867
1997-01-14 19:40:00,,-27.867
1997-01-14 20:00:00,,-27.865
1997-01-14 20:20:00,,-27.853
1997-01-14 20:40:00,,-27.807
1997-01-14 21:00:00,,-27.773
1997-01-14 21:20:00,,-27.74
1997-01-14 21:40:00,,-27.712
1997-01-14 22:00:00,,-27.69
1997-01-14 22:20:00,,-27.669
1997-01-14 22:40:00,,-27.649
1997-01-14 23:00:00,,-27.631
1997-01-14 23:20:00,,-27.614
1997-01-14 23:40:00,,-27.597
1997-01-15 00:00:00,,-27.579
1997-01-15 00:20:00,,-27.564
1997-01-15 00:40:00,,-27.55
1997-01-15 01:00:00,,-27.536
1997-01-15 01:20:00,,-27.523
1997-01-15 01:40:00,,-27.51
1997-01-15 02:00:00,,-27.498
1997-01-15 02:20:00,,-27.487
1997-01-15 02:40:00,,-27.477
1997-01-15 03:00:00,,-27.467
1997-01-15 04:20:00,,-27.43
1997-01-15 04:40:00,,-27.421
1997-01-15 05:00:00,,-27.413
1997-01-15 05:20:00,,-27.405
1997-01-15 06:40:00,,-27.375
1997-01-15 07:00:00,,-27.369
1997-01-15 07:20:00,,-27.362
1997-01-15 07:40:00,,-27.355
1997-01-15 08:00:00,,-27.349
1997-01-15 08:20:00,,-27.343
1997-01-15 08:40:00,,-27.335
1997-01-15 09:00:00,,-27.329
1997-01-15 09:20:00,,-27.323
1997-01-15 09:40:00,,-27.316
1997-01-15 10:00:00,,-27.311
1997-01-15 10:20:00,,-27.306
1997-01-15 10:40:00,,-27.303
1997-01-15 11:00:00,,-27.302
1997-01-15 11:20:00,,-27.301
1997-01-15 11:40:00,,-27.301
1997-01-15 12:00:00,,-27.297
1997-01-15 12:20:00,,-27.291
1997-01-15 12:40:00,,-27.285
1997-01-15 13:00:00,,-27.279
1997-01-15 13:20:00,,-27.274
1997-01-15 13:40:00,,-27.268
1997-01-15 14:00:00,,-27.263
1997-01-15 14:20:00,,-27.26
1997-01-15 14:40:00,,-27.256
1997-01-15 15:00:00,,-27.255
1997-01-15 17:40:00,,-27.255
1997-01-15 18:00:00,,-27.259
1997-01-15 18:20:00,,-27.263
1997-01-15 18:40:00,,-27.268
1997-01-15 19:00:00,,-27.27
1997-01-15 19:20:00,,-27.275
1997-01-15 19:40:00,,-27.278
1997-01-15 20:00:00,,-27.279
1997-01-15 21:20:00,,-27.29
1997-01-15 21:40:00,,-27.291
1997-01-15 22:00:00,,-27.295
1997-01-15 22:20:00,,-27.299
1997-01-15 22:40:00,,-27.301
1997-01-15 23:00:00,,-27.303
1997-01-15 23:20:00,,-27.304
1997-01-15 23:40:00,,-27.305
1997-01-16 00:00:00,,-27.307
1997-01-16 00:20:00,,-27.308
1997-01-16 01:20:00,,-27.308
1997-01-16 01:40:00,,-27.309
1997-01-16 02:00:00,,-27.311
1997-01-16 02:20:00,,-27.313
1997-01-16 02:40:00,,-27.315
1997-01-16 03:00:00,,-27.315
1997-01-16 03:20:00,,-27.318
1997-01-16 03:40:00,,-27.321
1997-01-16 04:00:00,,-27.323
1997-01-16 04:20:00,,-27.325
1997-01-16 04:40:00,,-27.326
1997-01-16 05:00:00,,-27.327
1997-01-16 05:20:00,,-27.328
1997-01-16 05:40:00,,-27.333
1997-01-16 06:00:00,,-27.339
1997-01-16 06:20:00,,-27.346
1997-01-16 06:40:00,,-27.354
1997-01-16 07:00:00,,-27.384
1997-01-16 07:20:00,,-27.414
1997-01-16 07:40:00,,-27.439
1997-01-16 08:00:00,,-27.459
1997-01-16 08:20:00,,-27.474
1997-01-16 08:40:00,,-27.488
1997-01-16 09:00:00,,-27.5
1997-01-16 09:20:00,,-27.512
1997-01-16 09:40:00,,-27.521
1997-01-16 10:00:00,,-27.53
1997-01-16 10:20:00,,-27.539
1997-01-16 10:40:00,,-27.534
1997-01-16 11:00:00,,-27.53
1997-01-16 11:20:00,,-27.54
1997-01-16 11:40:00,,-27.548
1997-01-16 12:00:00,,-27.552
1997-01-16 12:20:00,,-27.553
1997-01-16 13:40:00,,-27.553
1997-01-16 14:00:00,,-27.547
1997-01-16 14:20:00,,-27.519
1997-01-16 14:40:00,,-27.498
1997-01-16 15:00:00,,-27.483
1997-01-16 15:20:00,,-27.471
1997-01-16 15:40:00,,-27.461
1997-01-16 16:00:00,,-27.454
1997-01-16 16:20:00,,-27.444
1997-01-16 16:40:00,,-27.436
1997-01-16 17:00:00,,-27.429
1997-01-16 17:20:00,,-27.421
1997-01-16 17:40:00,,-27.412
1997-01-16 18:00:00,,-27.403
1997-01-16 18:20:00,,-27.395
1997-01-16 18:40:00,,-27.385
1997-01-16 19:00:00,,-27.376
1997-01-16 19:20:00,,-27.367
1997-01-16 19:40:00,,-27.36
1997-01-16 20:00:00,,-27.348
1997-01-16 20:20:00,,-27.339
1997-01-16 20:40:00,,-27.331
1997-01-16 21:00:00,,-27.321
1997-01-16 21:20:00,,-27.313
1997-01-16 21:40:00,,-27.304
1997-01-16 22:00:00,,-27.298
1997-01-16 22:20:00,,-27.29
1997-01-16 22:40:00,,-27.282
1997-01-16 23:00:00,,-27.274
1997-01-17 00:40:00,,-27.239
1997-01-17 01:00:00,,-27.233
1997-01-17 01:20:00,,-27.227
1997-01-17 01:40:00,,-27.221
1997-01-17 02:00:00,,-27.217
1997-01-17 02:20:00,,-27.212
1997-01-17 03:40:00,,-27.198
1997-01-17 04:00:00,,-27.195
1997-01-17 04:20:00,,-27.193
1997-01-17 04:40:00,,-27.19
1997-01-17 05:00:00,,-27.185
1997-01-17 05:20:00,,-27.181
1997-01-17 05:40:00,,-27.177
1997-01-17 06:00:00,,-27.174
1997-01-17 06:20:00,,-27.172
1997-01-17 06:40:00,,-27.169
1997-01-17 07:00:00,,-27.168
1997-01-17 07:20:00,,-27.165
1997-01-17 07:40:00,,-27.163
1997-01-17 08:00:00,,-27.161
1997-01-17 11:00:00,,-27.161
1997-01-17 11:20:00,,-27.164
1997-01-17 11:40:00,,-27.168
1997-01-17 12:00:00,,-27.175
1997-01-17 12:20:00,,-27.181
1997-01-17 14:00:00,,-27.193
1997-01-17 16:20:00,,-27.2
1997-01-17 16:40:00,,-27.202
1997-01-17 17:00:00,,-27.204
1997-01-17 17:20:00,,-27.205
1997-01-17 17:40:00,,-27.207
1997-01-17 19:00:00,,-27.216
1997-01-17 19:20:00,,-27.218
1997-01-17 19:40:00,,-27.22
1997-01-17 20:00:00,,-27.223
1997-01-17 20:20:00,,-27.226
1997-01-17 20:40:00,,-27.228
1997-01-17 21:00:00,,-27.231
1997-01-17 21:20:00,,-27.234
1997-01-17 21:40:00,,-27.236
1997-01-17 22:00:00,,-27.238
1997-01-17 22:20:00,,-27.24
1997-01-17 22:40:00,,-27.241
1997-01-17 23:00:00,,-27.242
1997-01-18 04:40:00,,-27.242
1997-01-18 05:00:00,,-27.244
1997-01-18 05:20:00,,-27.247
1997-01-18 05:40:00,,-27.25
1997-01-18 06:00:00,,-27.262
1997-01-18 06:20:00,,-27.27
1997-01-18 08:40:00,,-27.27
1997-01-18 09:00:00,,-27.272
1997-01-18 09:20:00,,-27.272
1997-01-18 09:40:00,,-27.273
1997-01-18 12:00:00,,-27.273
1997-01-18 12:20:00,,-27.272
1997-01-18 12:40:00,,-27.269
1997-01-18 13:00:00,,-27.267
1997-01-18 14:20:00,,-27.261
1997-01-18 14:40:00,,-27.26
1997-01-18 15:00:00,,-27.259
1997-01-18 15:40:00,,-27.259
1997-01-18 16:00:00,,-27.264
1997-01-18 16:20:00,,-27.27
1997-01-18 16:40:00,,-27.277
1997-01-18 17:00:00,,-27.282
1997-01-18 17:20:00,,-27.288
1997-01-18 17:40:00,,-27.291
1997-01-18 18:20:00,,-27.291
1997-01-18 18:40:00,,-27.292
1997-01-19 00:20:00,,-27.292
1997-01-19 00:40:00,,-27.29
1997-01-19 01:00:00,,-27.288
1997-01-19 01:20:00,,-27.307
1997-01-19 01:40:00,,-27.329
1997-01-19 02:00:00,,-27.331
1997-01-19 02:20:00,,-27.317
1997-01-19 02:40:00,,-27.306
1997-01-19 03:20:00,,-27.306
1997-01-19 03:40:00,,-27.301
1997-01-19 04:20:00,,-27.301
1997-01-19 04:40:00,,-27.298
1997-01-19 05:20:00,,-27.298
1997-01-19 05:40:00,,-27.303
1997-01-19 06:00:00,,-27.329
1997-01-19 06:20:00,,-27.34
1997-01-19 06:40:00,,-27.338
1997-01-19 07:00:00,,-27.333
1997-01-19 08:00:00,,-27.333
1997-01-19 08:20:00,,-27.334
1997-01-19 08:40:00,,-27.337
1997-01-19 09:00:00,,-27.34
1997-01-19 09:20:00,,-27.344
1997-01-19 09:40:00,,-27.347
1997-01-19 11:00:00,,-27.352
1997-01-19 11:20:00,,-27.352
1997-01-19 11:40:00,,-27.353
1997-01-19 12:00:00,,-27.354
1997-01-19 13:00:00,,-27.354
1997-01-19 13:20:00,,-27.35
1997-01-19 13:40:00,,-27.344
1997-01-19 14:00:00,,-27.338
1997-01-19 14:20:00,,-27.333
1997-01-19 14:40:00,,-27.327
1997-01-19 15:00:00,,-27.321
1997-01-19 15:20:00,,-27.316
1997-01-19 15:40:00,,-27.311
1997-01-19 17:00:00,,-27.293
1997-01-19 17:20:00,,-27.288
1997-01-19 17:40:00,,-27.283
1997-01-19 18:00:00,,-27.277
1997-01-19 18:20:00,,-27.271
1997-01-19 18:40:00,,-27.265
1997-01-19 19:00:00,,-27.258
1997-01-19 19:20:00,,-27.252
1997-01-19 19:40:00,,-27.246
1997-01-19 20:00:00,,-27.239
1997-01-19 20:20:00,,-27.233
1997-01-19 20:40:00,,-27.226
1997-01-19 22:40:00,,-27.193
1997-01-19 23:00:00,,-27.188
1997-01-19 23:20:00,,-27.182
1997-01-19 23:40:00,,-27.176
1997-01-20 00:00:00,,-27.169
1997-01-20 00:20:00,,-27.161
1997-01-20 02:00:00,,-27.131
1997-01-20 02:20:00,,-27.127
1997-01-20 02:40:00,,-27.122
1997-01-20 03:00:00,,-27.119
1997-01-20 03:20:00,,-27.114
1997-01-20 03:40:00,,-27.109
1997-01-20 04:00:00,,-27.105
1997-01-20 04:20:00,,-27.101
1997-01-20 04:40:00,,-27.098
1997-01-20 05:00:00,,-27.096
1997-01-20 05:20:00,,-27.095
1997-01-20 05:40:00,,-27.089
1997-01-20 06:00:00,,-27.1
1997-01-20 06:20:00,,-27.101
1997-01-20 07:00:00,,-27.101
1997-01-20 07:20:00,,-27.099
1997-01-20 08:40:00,,-27.087
1997-01-20 09:00:00,,-27.085
1997-01-20 09:20:00,,-27.081
1997-01-20 09:40:00,,-27.079
1997-01-20 11:20:00,,-27.059
1997-01-20 11:40:00,,-27.054
1997-01-20 12:00:00,,-27.047
1997-01-20 12:20:00,,-27.041
1997-01-20 12:40:00,,-27.036
1997-01-20 13:00:00,,-27.03
1997-01-20 13:20:00,,-27.044
1997-01-20 13:40:00,,-27.06
1997-01-20 14:00:00,,-27.07
1997-01-20 14:20:00,,-27.063
1997-01-20 14:40:00,,-27.061
1997-01-20 15:00:00,,-27.065
1997-01-20 15:20:00,,-27.072
1997-01-20 15:40:00,,-27.076
1997-01-20 16:00:00,,-27.079
1997-01-20 16:20:00,,-27.08
1997-01-20 16:40:00,,-27.085
1997-01-20 17:00:00,,-27.085
1997-01-20 17:20:00,,-27.086
1997-01-20 17:40:00,,-27.088
1997-01-20 18:00:00,,-27.09
1997-01-20 18:20:00,,-27.093
1997-01-20 18:40:00,,-27.094
1997-01-20 19:00:00,,-27.095
1997-01-20 19:20:00,,-27.099
1997-01-20 19:40:00,,-27.104
1997-01-20 20:00:00,,-27.094
1997-01-20 20:20:00,,-27.074
1997-01-20 20:40:00,,-27.058
1997-01-20 21:00:00,,-27.046
1997-01-20 21:20:00,,-27.038
1997-01-20 21:40:00,,-27.031
1997-01-20 22:00:00,,-27.026
1997-01-20 22:20:00,,-27.02
1997-01-20 22:40:00,,-27.015
1997-01-20 23:00:00,,-27.012
1997-01-20 23:20:00,,-27.007
1997-01-20 23:40:00,,-27.002
1997-01-21 00:00:00,,-26.998
1997-01-21 00:20:00,,-26.993
1997-01-21 00:40:00,,-26.988
1997-01-21 01:00:00,,-26.984
1997-01-21 01:20:00,,-26.979
1997-01-21 01:40:00,,-26.975
1997-01-21 02:00:00,,-26.971
1997-01-21 02:20:00,,-26.967
1997-01-21 03:40:00,,-26.954
1997-01-21 04:00:00,,-26.952
1997-01-21 04:20:00,,-26.951
1997-01-21 04:40:00,,-26.948
1997-01-21 05:00:00,,-26.946
1997-01-21 06:00:00,,-26.946
1997-01-21 06:20:00,,-26.945
1997-01-21 06:40:00,,-26.967
1997-01-21 07:00:00,,-26.994
1997-01-21 07:20:00,,-27.014
1997-01-21 07:40:00,,-27.031
1997-01-21 08:00:00,,-27.046
1997-01-21 08:20:00,,-27.059
1997-01-21 08:40:00,,-27.069
1997-01-21 09:00:00,,-27.079
1997-01-21 09:20:00,,-27.088
1997-01-21 09:40:00,,-27.095
1997-01-21 10:00:00,,-27.101
1997-01-21 10:20:00,,-27.107
1997-01-21 10:40:00,,-27.112
1997-01-21 11:00:00,,-27.113
1997-01-21 11:20:00,,-27.114
1997-01-21 12:40:00,,-27.114
1997-01-21 13:00:00,,-27.111
1997-01-21 13:20:00,,-27.083
1997-01-21 13:40:00,,-27.082
1997-01-21 19:40:00,,-27.082
1997-01-21 20:00:00,,-27.083
1997-01-21 20:20:00,,-27.086
1997-01-21 21:40:00,,-27.092
1997-01-21 22:00:00,,-27.092
1997-01-21 22:20:00,,-27.094
1997-01-21 22:40:00,,-27.094
1997-01-21 23:00:00,,-27.095
1997-01-21 23:20:00,,-27.096
1997-01-22 02:00:00,,-27.096
1997-01-22 02:20:00,,-27.093
1997-01-22 02:40:00,,-27.091
1997-01-22 03:00:00,,-27.09
1997-01-22 03:20:00,,-27.09
1997-01-22 03:40:00,,-27.089
1997-01-22 05:00:00,,-27.089
1997-01-22 05:20:00,,-27.091
1997-01-22 05:40:00,,-27.097
1997-01-22 06:00:00,,-27.103
1997-01-22 06:20:00,,-27.102
1997-01-22 06:40:00,,-27.102
1997-01-22 07:00:00,,-27.097
1997-01-22 07:20:00,,-27.076
1997-01-22 07:40:00,,-27.061
1997-01-22 08:00:00,,-27.049
1997-01-22 08:20:00,,-27.039
1997-01-22 08:40:00,,-27.032
1997-01-22 09:00:00,,-27.025
1997-01-22 09:20:00,,-27.02
1997-01-22 09:40:00,,-27.017
1997-01-22 10:00:00,,-27.011
1997-01-22 10:20:00,,-27.005
1997-01-22 10:40:00,,-27.001
1997-01-22 11:00:00,,-26.996
1997-01-22 11:20:00,,-26.99
1997-01-22 11:40:00,,-26.984
1997-01-22 12:00:00,,-26.978
1997-01-22 12:20:00,,-26.971
1997-01-22 12:40:00,,-26.965
1997-01-22 13:00:00,,-26.96
1997-01-22 13:20:00,,-26.955
1997-01-22 13:40:00,,-26.95
1997-01-22 14:00:00,,-26.946
1997-01-22 14:20:00,,-26.941
1997-01-22 16:00:00,,-26.919
1997-01-22 16:20:00,,-26.916
1997-01-22 16:40:00,,-26.912
1997-01-22 17:00:00,,-26.909
1997-01-22 17:20:00,,-26.907
1997-01-22 17:40:00,,-26.905
1997-01-22 18:00:00,,-26.904
1997-01-22 18:20:00,,-26.903
1997-01-22 18:40:00,,-26.903
1997-01-22 19:00:00,,-26.902
1997-01-22 23:20:00,,-26.902
1997-01-22 23:40:00,,-26.901
1997-01-23 00:00:00,,-26.898
1997-01-23 00:20:00,,-26.896
1997-01-23 00:40:00,,-26.893
1997-01-23 01:00:00,,-26.889
1997-01-23 01:20:00,,-26.887
1997-01-23 01:40:00,,-26.883
1997-01-23 02:00:00,,-26.881
1997-01-23 02:20:00,,-26.879
1997-01-23 02:40:00,,-26.876
1997-01-23 03:00:00,,-26.873
1997-01-23 04:40:00,,-26.863
1997-01-23 05:00:00,,-26.862
1997-01-23 06:00:00,,-26.862
1997-01-23 06:20:00,,-26.861
1997-01-23 07:40:00,,-26.861
1997-01-23 08:00:00,,-26.862
1997-01-23 08:20:00,,-26.867
1997-01-23 08:40:00,,-26.872
1997-01-23 09:00:00,,-26.878
1997-01-23 09:20:00,,-26.882
1997-01-23 09:40:00,,-26.888
1997-01-23 10:00:00,,-26.893
1997-01-23 10:20:00,,-26.898
1997-01-23 10:40:00,,-26.915
1997-01-23 11:00:00,,-26.946
1997-01-23 11:20:00,,-26.97
1997-01-23 11:40:00,,-26.988
1997-01-23 12:00:00,,-27.002
1997-01-23 12:20:00,,-27.014
1997-01-23 12:40:00,,-27.023
1997-01-23 13:00:00,,-27.032
1997-01-23 13:20:00,,-27.04
1997-01-23 13:40:00,,-27.046
1997-01-23 14:00:00,,-27.052
1997-01-23 14:20:00,,-27.057
1997-01-23 14:40:00,,-27.062
1997-01-23 15:00:00,,-27.069
1997-01-23 15:20:00,,-27.065
1997-01-23 15:40:00,,-27.053
1997-01-23 16:00:00,,-27.047
1997-01-23 16:20:00,,-27.043
1997-01-23 16:40:00,,-27.039
1997-01-23 17:00:00,,-27.036
1997-01-23 17:20:00,,-27.033
1997-01-23 17:40:00,,-27.031
1997-01-23 18:00:00,,-27.031
1997-01-23 18:20:00,,-27.03
1997-01-23 18:40:00,,-27.029
1997-01-23 19:40:00,,-27.029
1997-01-23 21:00:00,,-27.07
1997-01-23 21:20:00,,-27.078
1997-01-23 21:40:00,,-27.086
1997-01-23 22:00:00,,-27.092
1997-01-23 22:20:00,,-27.098
1997-01-23 22:40:00,,-27.099
1997-01-23 23:00:00,,-27.1
1997-01-23 23:20:00,,-27.1
1997-01-23 23:40:00,,-27.098
1997-01-24 00:00:00,,-27.089
1997-01-24 00:20:00,,-27.08
1997-01-24 00:40:00,,-27.072
1997-01-24 01:00:00,,-27.062
1997-01-24 01:20:00,,-27.053
1997-01-24 01:40:00,,-27.044
1997-01-24 03:00:00,,-27.011
1997-01-24 03:20:00,,-27.005
1997-01-24 03:40:00,,-26.997
1997-01-24 04:00:00,,-26.99
1997-01-24 04:20:00,,-26.985
1997-01-24 04:40:00,,-26.979
1997-01-24 05:00:00,,-26.974
1997-01-24 05:20:00,,-26.969
1997-01-24 05:40:00,,-26.963
1997-01-24 06:00:00,,-26.963
1997-01-24 06:20:00,,-26.962
1997-01-24 06:40:00,,-26.961
1997-01-24 07:20:00,,-26.961
1997-01-24 07:40:00,,-26.963
1997-01-24 08:00:00,,-26.968
1997-01-24 09:20:00,,-26.998
1997-01-24 09:40:00,,-27.006
1997-01-24 10:00:00,,-27.013
1997-01-24 10:20:00,,-27.021
1997-01-24 10:40:00,,-27.026
1997-01-24 11:00:00,,-27.027
1997-01-24 11:20:00,,-27.028
1997-01-24 15:20:00,,-27.028
1997-01-24 15:40:00,,-27.027
1997-01-24 16:00:00,,-27.025
1997-01-24 16:20:00,,-27.025
1997-01-24 16:40:00,,-27.024
1997-01-24 17:00:00,,-27.023
1997-01-24 20:00:00,,-27.023
1997-01-24 20:20:00,,-27.024
1997-01-24 20:40:00,,-27.027
1997-01-24 21:00:00,,-27.029
1997-01-24 21:20:00,,-27.033
1997-01-24 22:40:00,,-27.045
1997-01-24 23:00:00,,-27.047
1997-01-24 23:20:00,,-27.047
1997-01-24 23:40:00,,-27.048
1997-01-25 00:00:00,,-27.049
1997-01-25 01:40:00,,-27.049
1997-01-25 02:00:00,,-27.05
1997-01-25 04:20:00,,-27.05
1997-01-25 04:40:00,,-27.052
1997-01-25 05:00:00,,-27.064
1997-01-25 05:20:00,,-27.074
1997-01-25 05:40:00,,-27.079
1997-01-25 06:00:00,,-27.084
1997-01-25 08:00:00,,-27.12
1997-01-25 08:20:00,,-27.132
1997-01-25 08:40:00,,-27.166
1997-01-25 09:00:00,,-27.193
1997-01-25 09:20:00,,-27.213
1997-01-25 09:40:00,,-27.23
1997-01-25 10:00:00,,-27.246
1997-01-25 10:20:00,,-27.243
1997-01-25 10:40:00,,-27.226
1997-01-25 11:00:00,,-27.213
1997-01-25 11:20:00,,-27.212
1997-01-25 11:40:00,,-27.226
1997-01-25 12:00:00,,-27.234
1997-01-25 12:20:00,,-27.242
1997-01-25 12:40:00,,-27.247
1997-01-25 13:00:00,,-27.249
1997-01-25 13:20:00,,-27.253
1997-01-25 14:40:00,,-27.258
1997-01-25 15:20:00,,-27.258
1997-01-25 15:40:00,,-27.259
1997-01-25 16:40:00,,-27.259
1997-01-25 17:00:00,,-27.26
1997-01-25 17:20:00,,-27.26
1997-01-25 17:40:00,,-27.262
1997-01-25 18:00:00,,-27.262
1997-01-25 18:20:00,,-27.263
1997-01-25 18:40:00,,-27.265
1997-01-25 19:00:00,,-27.267
1997-01-25 19:20:00,,-27.27
1997-01-25 19:40:00,,-27.274
1997-01-25 20:00:00,,-27.279
1997-01-25 20:20:00,,-27.283
1997-01-25 20:40:00,,-27.286
1997-01-25 21:00:00,,-27.29
1997-01-25 21:20:00,,-27.292
1997-01-25 21:40:00,,-27.296
1997-01-25 22:00:00,,-27.299
1997-01-25 22:20:00,,-27.303
1997-01-25 22:40:00,,-27.304
1997-01-25 23:00:00,,-27.307
1997-01-25 23:20:00,,-27.309
1997-01-25 23:40:00,,-27.31
1997-01-26 00:00:00,,-27.311
1997-01-26 00:20:00,,-27.312
1997-01-26 00:40:00,,-27.313
1997-01-26 01:00:00,,-27.313
1997-01-26 01:20:00,,-27.314
1997-01-26 02:00:00,,-27.314
1997-01-26 02:20:00,,-27.315
1997-01-26 02:40:00,,-27.316
1997-01-26 03:00:00,,-27.318
1997-01-26 03:20:00,,-27.32
1997-01-26 03:40:00,,-27.321
1997-01-26 04:00:00,,-27.322
1997-01-26 04:20:00,,-27.325
1997-01-26 04:40:00,,-27.327
1997-01-26 05:00:00,,-27.333
1997-01-26 05:20:00,,-27.34
1997-01-26 05:40:00,,-27.346
1997-01-26 06:00:00,,-27.331
1997-01-26 06:20:00,,-27.318
1997-01-26 06:40:00,,-27.311
1997-01-26 07:00:00,,-27.307
1997-01-26 07:20:00,,-27.306
1997-01-26 07:40:00,,-27.304
1997-01-26 11:00:00,,-27.304
1997-01-26 11:20:00,,-27.3
1997-01-26 11:40:00,,-27.295
1997-01-26 12:00:00,,-27.288
1997-01-26 12:20:00,,-27.282
1997-01-26 12:40:00,,-27.277
1997-01-26 13:00:00,,-27.27
1997-01-26 13:20:00,,-27.265
1997-01-26 13:40:00,,-27.26
1997-01-26 14:00:00,,-27.256
1997-01-26 14:20:00,,-27.25
1997-01-26 15:40:00,,-27.231
1997-01-26 16:00:00,,-27.226
1997-01-26 16:20:00,,-27.239
1997-01-26 16:40:00,,-27.256
1997-01-26 17:00:00,,-27.269
1997-01-26 17:20:00,,-27.278
1997-01-26 17:40:00,,-27.286
1997-01-26 18:00:00,,-27.289
1997-01-26 18:20:00,,-27.292
1997-01-26 18:40:00,,-27.293
1997-01-26 19:00:00,,-27.295
1997-01-26 19:40:00,,-27.295
1997-01-26 20:00:00,,-27.296
1997-01-26 22:00:00,,-27.296
1997-01-26 22:20:00,,-27.292
1997-01-26 22:40:00,,-27.29
1997-01-26 23:00:00,,-27.287
1997-01-26 23:20:00,,-27.284
1997-01-26 23:40:00,,-27.28
1997-01-27 00:00:00,,-27.278
1997-01-27 00:20:00,,-27.276
1997-01-27 00:40:00,,-27.266
1997-01-27 01:00:00,,-27.258
1997-01-27 01:20:00,,-27.253
1997-01-27 01:40:00,,-27.25
1997-01-27 02:00:00,,-27.242
1997-01-27 02:20:00,,-27.236
1997-01-27 02:40:00,,-27.231
1997-01-27 03:00:00,,-27.198
1997-01-27 03:20:00,,-27.174
1997-01-27 03:40:00,,-27.152
1997-01-27 04:00:00,,-27.134
1997-01-27 04:20:00,,-27.122
1997-01-27 04:40:00,,-27.112
1997-01-27 05:00:00,,-27.1
1997-01-27 05:20:00,,-27.088
1997-01-27 05:40:00,,-27.08
1997-01-27 06:00:00,,-27.071
1997-01-27 06:20:00,,-27.062
1997-01-27 06:40:00,,-27.056
1997-01-27 07:00:00,,-27.048
1997-01-27 07:20:00,,-27.043
1997-01-27 07:40:00,,-27.038
1997-01-27 08:00:00,,-27.034
1997-01-27 08:20:00,,-27.029
1997-01-27 08:40:00,,-27.023
1997-01-27 09:00:00,,-27.018
1997-01-27 09:20:00,,-27.012
1997-01-27 11:20:00,,-26.991
1997-01-27 11:40:00,,-26.987
1997-01-27 12:00:00,,-26.983
1997-01-27 12:20:00,,-26.978
1997-01-27 12:40:00,,-26.974
1997-01-27 13:00:00,,-26.969
1997-01-27 13:20:00,,-26.966
1997-01-27 13:40:00,,-26.96
1997-01-27 15:00:00,,-26.943
1997-01-27 15:20:00,,-26.939
1997-01-27 15:40:00,,-26.935
1997-01-27 16:00:00,,-26.93
1997-01-27 16:20:00,,-26.927
1997-01-27 16:40:00,,-26.924
1997-01-27 17:00:00,,-26.921
1997-01-27 17:20:00,,-26.919
1997-01-27 17:40:00,,-26.918
1997-01-27 18:00:00,,-26.915
1997-01-27 18:40:00,,-26.915
1997-01-27 19:00:00,,-26.913
1997-01-27 19:20:00,,-26.912
1997-01-27 19:40:00,,-26.911
1997-01-27 20:00:00,,-26.911
1997-01-27 20:20:00,,-26.91
1997-01-27 20:40:00,,-26.907
1997-01-27 21:00:00,,-26.904
1997-01-27 21:20:00,,-26.901
1997-01-27 21:40:00,,-26.9
1997-01-27 22:00:00,,-26.898
1997-01-27 22:20:00,,-26.897
1997-01-27 22:40:00,,-26.895
1997-01-27 23:00:00,,-26.892
1997-01-27 23:20:00,,-26.891
1997-01-27 23:40:00,,-26.888
1997-01-28 00:00:00,,-26.885
1997-01-28 00:20:00,,-26.882
1997-01-28 00:40:00,,-26.88
1997-01-28 01:00:00,,-26.877
1997-01-28 01:20:00,,-26.873
1997-01-28 01:40:00,,-26.873
1997-01-28 02:00:00,,-26.869
1997-01-28 02:20:00,,-26.868
1997-01-28 02:40:00,,-26.864
1997-01-28 03:00:00,,-26.863
1997-01-28 03:20:00,,-26.863
1997-01-28 03:40:00,,-26.86
1997-01-28 04:40:00,,-26.86
1997-01-28 05:00:00,,-26.859
1997-01-28 05:40:00,,-26.859
1997-01-28 06:00:00,,-26.858
1997-01-28 06:20:00,,-26.856
1997-01-28 06:40:00,,-26.855
1997-01-28 08:20:00,,-26.855
1997-01-28 08:40:00,,-26.857
1997-01-28 09:00:00,,-26.858
1997-01-28 12:40:00,,-26.858
1997-01-28 13:00:00,,-26.855
1997-01-28 13:20:00,,-26.854
1997-01-28 13:40:00,,-26.85
1997-01-28 14:00:00,,-26.848
1997-01-28 14:20:00,,-26.846
1997-01-28 14:40:00,,-26.843
1997-01-28 15:00:00,,-26.84
1997-01-28 15:20:00,,-26.838
1997-01-28 15:40:00,,-26.835
1997-01-28 16:00:00,,-26.835
1997-01-28 16:20:00,,-26.834
1997-01-28 16:40:00,,-26.834
1997-01-28 17:00:00,,-26.831
1997-01-28 17:20:00,,-26.83
1997-01-28 17:40:00,,-26.828
1997-01-28 18:00:00,,-26.826
1997-01-28 18:20:00,,-26.825
1997-01-28 18:40:00,,-26.824
1997-01-28 19:00:00,,-26.823
1997-01-29 01:00:00,,-26.823
1997-01-29 01:20:00,,-26.82
1997-01-29 01:40:00,,-26.819
1997-01-29 02:00:00,,-26.816
1997-01-29 02:20:00,,-26.815
1997-01-29 02:40:00,,-26.813
1997-01-29 03:00:00,,-26.811
1997-01-29 03:20:00,,-26.81
1997-01-29 03:40:00,,-26.808
1997-01-29 05:00:00,,-26.804
1997-01-29 05:20:00,,-26.804
1997-01-29 05:40:00,,-26.803
1997-01-29 06:00:00,,-26.802
1997-01-29 06:20:00,,-26.801
1997-01-29 06:40:00,,-26.801
1997-01-29 07:00:00,,-26.8
1997-01-29 11:20:00,,-26.8
1997-01-29 11:40:00,,-26.799
1997-01-29 12:00:00,,-26.798
1997-01-29 12:20:00,,-26.796
1997-01-29 12:40:00,,-26.794
1997-01-29 13:00:00,,-26.789
1997-01-29 13:20:00,,-26.787
1997-01-29 13:40:00,,-26.783
1997-01-29 14:00:00,,-26.78
1997-01-29 14:20:00,,-26.778
1997-01-29 14:40:00,,-26.776
1997-01-29 15:00:00,,-26.775
1997-01-29 15:20:00,,-26.773
1997-01-29 15:40:00,,-26.771
1997-01-29 16:00:00,,-26.769
1997-01-29 17:40:00,,-26.762
1997-01-29 18:00:00,,-26.762
1997-01-29 18:20:00,,-26.761
1997-01-30 00:40:00,,-26.761
1997-01-30 01:00:00,,-26.756
1997-01-30 01:20:00,,-26.754
1997-01-30 01:40:00,,-26.75
1997-01-30 02:00:00,,-26.748
1997-01-30 02:20:00,,-26.746
1997-01-30 02:40:00,,-26.745
1997-01-30 03:00:00,,-26.745
1997-01-30 03:20:00,,-26.743
1997-01-30 03:40:00,,-26.743
1997-01-30 04:00:00,,-26.742
1997-01-30 04:20:00,,-26.741
1997-01-30 08:00:00,,-26.741
1997-01-30 08:20:00,,-26.74
1997-01-30 08:40:00,,-26.739
1997-01-30 09:00:00,,-26.736
1997-01-30 09:20:00,,-26.734
1997-01-30 09:40:00,,-26.732
1997-01-30 10:00:00,,-26.73
1997-01-30 10:20:00,,-26.727
1997-01-30 10:40:00,,-26.726
1997-01-30 11:00:00,,-26.725
1997-01-30 11:20:00,,-26.724
1997-01-30 11:40:00,,-26.724
1997-01-30 12:00:00,,-26.723
1997-01-30 12:20:00,,-26.721
1997-01-30 12:40:00,,-26.719
1997-01-30 13:00:00,,-26.715
1997-01-30 14:20:00,,-26.705
1997-01-30 14:40:00,,-26.71
1997-01-30 15:00:00,,-26.735
1997-01-30 15:20:00,,-26.751
1997-01-30 15:40:00,,-26.764
1997-01-30 16:00:00,,-26.777
1997-01-30 16:20:00,,-26.771
1997-01-30 16:40:00,,-26.757
1997-01-30 17:00:00,,-26.749
1997-01-30 17:20:00,,-26.745
1997-01-30 17:40:00,,-26.743
1997-01-30 18:00:00,,-26.741
1997-01-30 19:20:00,,-26.737
1997-01-30 19:40:00,,-26.735
1997-01-30 20:20:00,,-26.735
1997-01-30 20:40:00,,-26.734
1997-01-30 21:00:00,,-26.731
1997-01-30 21:20:00,,-26.727
1997-01-30 23:00:00,,-26.714
1997-01-30 23:20:00,,-26.713
1997-01-30 23:40:00,,-26.708
1997-01-31 00:00:00,,-26.705
1997-01-31 00:20:00,,-26.703
1997-01-31 00:40:00,,-26.701
1997-01-31 01:00:00,,-26.698
1997-01-31 01:20:00,,-26.694
1997-01-31 01:40:00,,-26.692
1997-01-31 02:00:00,,-26.69
1997-01-31 02:20:00,,-26.687
1997-01-31 07:20:00,,-26.687
1997-01-31 07:40:00,,-26.688
1997-01-31 08:00:00,,-26.689
1997-01-31 08:20:00,,-26.692
1997-01-31 08:40:00,,-26.7
1997-01-31 09:00:00,,-26.71
1997-01-31 09:20:00,,-26.72
1997-01-31 09:40:00,,-26.728
1997-01-31 10:00:00,,-26.733
1997-01-31 10:20:00,,-26.734
1997-01-31 11:00:00,,-26.734
1997-01-31 11:20:00,,-26.73
1997-01-31 11:40:00,,-26.724
1997-01-31 12:00:00,,-26.72
1997-01-31 12:20:00,,-26.715
1997-01-31 14:00:00,,-26.692
1997-01-31 14:20:00,,-26.689
1997-01-31 14:40:00,,-26.687
1997-01-31 15:00:00,,-26.683
1997-01-31 15:20:00,,-26.681
1997-01-31 15:40:00,,-26.679
1997-01-31 17:40:00,,-26.679
1997-01-31 18:00:00,,-26.68
1997-01-31 18:20:00,,-26.688
1997-01-31 18:40:00,,-26.698
1997-01-31 19:00:00,,-26.713
1997-01-31 19:20:00,,-26.73
1997-01-31 19:40:00,,-26.75
1997-01-31 20:00:00,,-26.771
1997-01-31 20:20:00,,-26.79
1997-01-31 20:40:00,,-26.809
1997-01-31 21:00:00,,-26.826
1997-01-31 21:20:00,,-26.843
1997-01-31 21:40:00,,-26.86
1997-01-31 22:00:00,,-26.876
1997-01-31 22:20:00,,-26.891
1997-01-31 22:40:00,,-26.906
1997-01-31 23:00:00,,-26.92
1997-01-31 23:20:00,,-26.933
1997-01-31 23:40:00,,-26.944
1997-02-01 00:00:00,,-26.953
1997-02-01 00:20:00,,-26.955
1997-02-01 01:20:00,,-26.955
1997-02-01 01:40:00,,-26.953
1997-02-01 02:00:00,,-26.95
1997-02-01 02:20:00,,-26.948
1997-02-01 02:40:00,,-26.947
1997-02-01 03:00:00,,-26.946
1997-02-01 03:20:00,,-26.945
1997-02-01 05:40:00,,-26.945
1997-02-01 06:00:00,,-26.958
1997-02-01 06:20:00,,-26.987
1997-02-01 06:40:00,,-27.007
1997-02-01 07:00:00,,-27.025
1997-02-01 07:20:00,,-27.023
1997-02-01 07:40:00,,-27.011
1997-02-01 08:00:00,,-27.005
1997-02-01 08:20:00,,-27.001
1997-02-01 08:40:00,,-26.998
1997-02-01 09:00:00,,-26.997
1997-02-01 11:20:00,,-26.997
1997-02-01 11:40:00,,-26.993
1997-02-01 12:00:00,,-26.991
1997-02-01 12:20:00,,-26.989
1997-02-01 12:40:00,,-26.986
1997-02-01 13:00:00,,-26.982
1997-02-01 13:20:00,,-26.986
1997-02-01 14:00:00,,-26.986
1997-02-01 14:20:00,,-26.983
1997-02-01 14:40:00,,-26.979
1997-02-01 15:00:00,,-26.978
1997-02-01 15:20:00,,-26.976
1997-02-01 16:40:00,,-26.972
1997-02-01 17:00:00,,-26.972
1997-02-01 17:20:00,,-26.971
1997-02-01 17:40:00,,-26.981
1997-02-01 18:00:00,,-27.005
1997-02-01 18:20:00,,-27.024
1997-02-01 18:40:00,,-27.041
1997-02-01 19:00:00,,-27.061
1997-02-01 19:20:00,,-27.069
1997-02-01 20:20:00,,-27.069
1997-02-01 20:40:00,,-27.071
1997-02-01 21:00:00,,-27.077
1997-02-01 21:20:00,,-27.084
1997-02-01 21:40:00,,-27.089
1997-02-01 22:00:00,,-27.092
1997-02-01 22:20:00,,-27.096
1997-02-01 22:40:00,,-27.098
1997-02-01 23:00:00,,-27.099
1997-02-01 23:20:00,,-27.099
1997-02-01 23:40:00,,-27.1
1997-02-02 00:00:00,,-27.1
1997-02-02 00:20:00,,-27.097
1997-02-02 00:40:00,,-27.084
1997-02-02 01:00:00,,-27.07
1997-02-02 01:20:00,,-27.056
1997-02-02 01:40:00,,-27.042
1997-02-02 02:00:00,,-27.03
1997-02-02 02:20:00,,-27.016
1997-02-02 02:40:00,,-27.005
1997-02-02 03:00:00,,-26.993
1997-02-02 03:20:00,,-26.984
1997-02-02 03:40:00,,-26.974
1997-02-02 04:00:00,,-26.964
1997-02-02 04:20:00,,-26.954
1997-02-02 04:40:00,,-26.948
1997-02-02 05:00:00,,-26.939
1997-02-02 06:40:00,,-26.906
1997-02-02 07:00:00,,-26.901
1997-02-02 07:20:00,,-26.896
1997-02-02 07:40:00,,-26.892
1997-02-02 08:00:00,,-26.889
1997-02-02 08:20:00,,-26.888
1997-02-02 08:40:00,,-26.886
1997-02-02 09:00:00,,-26.904
1997-02-02 09:20:00,,-26.904
1997-02-02 09:40:00,,-26.902
1997-02-02 10:00:00,,-26.9
1997-02-02 10:20:00,,-26.899
1997-02-02 10:40:00,,-26.899
1997-02-02 11:00:00,,-26.898
1997-02-02 13:20:00,,-26.898
1997-02-02 13:40:00,,-26.897
1997-02-02 14:00:00,,-26.897
1997-02-02 14:20:00,,-26.898
1997-02-02 14:40:00,,-26.903
1997-02-02 15:00:00,,-26.906
1997-02-02 15:20:00,,-26.907
1997-02-02 15:40:00,,-26.91
1997-02-02 16:00:00,,-26.915
1997-02-02 16:20:00,,-26.916
1997-02-02 16:40:00,,-26.917
1997-02-02 17:00:00,,-26.92
1997-02-02 17:20:00,,-26.921
1997-02-02 17:40:00,,-26.926
1997-02-02 18:00:00,,-26.929
1997-02-02 18:20:00,,-26.931
1997-02-02 18:40:00,,-26.939
1997-02-02 19:00:00,,-26.95
1997-02-02 20:20:00,,-27.011
1997-02-02 20:40:00,,-27.026
1997-02-02 21:00:00,,-27.039
1997-02-02 21:20:00,,-27.052
1997-02-02 21:40:00,,-27.064
1997-02-02 22:00:00,,-27.076
1997-02-02 22:20:00,,-27.087
1997-02-02 22:40:00,,-27.097
1997-02-02 23:00:00,,-27.103
1997-02-02 23:20:00,,-27.11
1997-02-02 23:40:00,,-27.115
1997-02-03 00:00:00,,-27.118
1997-02-03 00:20:00,,-27.118
1997-02-03 00:40:00,,-27.116
1997-02-03 01:00:00,,-27.104
1997-02-03 01:20:00,,-27.091
1997-02-03 01:40:00,,-27.079
1997-02-03 02:00:00,,-27.066
1997-02-03 02:20:00,,-27.056
1997-02-03 02:40:00,,-27.045
1997-02-03 03:00:00,,-27.035
1997-02-03 03:20:00,,-27.026
1997-02-03 03:40:00,,-27.016
1997-02-03 04:00:00,,-27.007
1997-02-03 04:20:00,,-27
1997-02-03 04:40:00,,-26.993
1997-02-03 05:00:00,,-26.987
1997-02-03 05:20:00,,-26.979
1997-02-03 05:40:00,,-26.974
1997-02-03 06:00:00,,-26.969
1997-02-03 06:20:00,,-26.989
1997-02-03 06:40:00,,-27.003
1997-02-03 07:00:00,,-27.012
1997-02-03 07:20:00,,-27.017
1997-02-03 07:40:00,,-27.023
1997-02-03 08:00:00,,-27.025
1997-02-03 08:20:00,,-27.027
1997-02-03 08:40:00,,-27.03
1997-02-03 09:00:00,,-27.032
1997-02-03 09:20:00,,-27.034
1997-02-03 09:40:00,,-27.037
1997-02-03 10:00:00,,-27.04
1997-02-03 10:20:00,,-27.044
1997-02-03 11:40:00,,-27.061
1997-02-03 12:00:00,,-27.065
1997-02-03 12:20:00,,-27.067
1997-02-03 12:40:00,,-27.071
1997-02-03 13:00:00,,-27.075
1997-02-03 13:20:00,,-27.078
1997-02-03 13:40:00,,-27.067
1997-02-03 14:00:00,,-27.045
1997-02-03 14:20:00,,-27.03
1997-02-03 14:40:00,,-27.021
1997-02-03 15:00:00,,-27.014
1997-02-03 15:20:00,,-27.01
1997-02-03 15:40:00,,-27.007
1997-02-03 16:00:00,,-27.004
1997-02-03 16:20:00,,-27.003
1997-02-03 16:40:00,,-27.003
1997-02-03 17:00:00,,-27.002
1997-02-03 18:40:00,,-27.002
1997-02-03 19:00:00,,-27.009
1997-02-03 19:20:00,,-27.021
1997-02-03 19:40:00,,-27.035
1997-02-03 20:00:00,,-27.048
1997-02-03 20:20:00,,-27.06
1997-02-03 20:40:00,,-27.072
1997-02-03 21:00:00,,-27.081
1997-02-03 21:20:00,,-27.088
1997-02-03 21:40:00,,-27.094
1997-02-03 22:00:00,,-27.099
1997-02-03 22:20:00,,-27.104
1997-02-03 22:40:00,,-27.108
1997-02-03 23:00:00,,-27.111
1997-02-03 23:20:00,,-27.112
1997-02-03 23:40:00,,-27.113
1997-02-04 00:00:00,,-27.113
1997-02-04 00:20:00,,-27.11
1997-02-04 00:40:00,,-27.097
1997-02-04 01:00:00,,-27.082
1997-02-04 01:20:00,,-27.067
1997-02-04 01:40:00,,-27.051
1997-02-04 02:00:00,,-27.038
1997-02-04 02:20:00,,-27.025
1997-02-04 02:40:00,,-27.014
1997-02-04 03:00:00,,-27.003
1997-02-04 03:20:00,,-26.994
1997-02-04 03:40:00,,-26.985
1997-02-04 04:00:00,,-26.978
1997-02-04 04:20:00,,-26.97
1997-02-04 04:40:00,,-26.964
1997-02-04 05:00:00,,-26.958
1997-02-04 05:20:00,,-26.953
1997-02-04 05:40:00,,-26.948
1997-02-04 07:00:00,,-26.933
1997-02-04 07:20:00,,-26.93
1997-02-04 07:40:00,,-26.926
1997-02-04 08:00:00,,-26.922
1997-02-04 08:20:00,,-26.919
1997-02-04 08:40:00,,-26.916
1997-02-04 09:00:00,,-26.912
1997-02-04 09:20:00,,-26.909
1997-02-04 09:40:00,,-26.907
1997-02-04 10:00:00,,-26.905
1997-02-04 13:00:00,,-26.905
1997-02-04 13:20:00,,-26.904
1997-02-04 13:40:00,,-26.903
1997-02-04 14:00:00,,-26.902
1997-02-04 16:20:00,,-26.902
1997-02-04 16:40:00,,-26.903
1997-02-04 17:00:00,,-26.907
1997-02-04 17:20:00,,-26.909
1997-02-04 17:40:00,,-26.913
1997-02-04 18:00:00,,-26.917
1997-02-04 18:20:00,,-26.917
1997-02-04 18:40:00,,-26.92
1997-02-04 19:00:00,,-26.929
1997-02-04 20:20:00,,-26.973
1997-02-04 20:40:00,,-26.981
1997-02-04 21:00:00,,-26.99
1997-02-04 21:20:00,,-26.997
1997-02-04 21:40:00,,-27.004
1997-02-04 22:00:00,,-27.009
1997-02-04 22:20:00,,-27.015
1997-02-04 22:40:00,,-27.019
1997-02-04 23:00:00,,-27.023
1997-02-04 23:20:00,,-27.026
1997-02-04 23:40:00,,-27.029
1997-02-05 00:20:00,,-27.029
1997-02-05 00:40:00,,-27.022
1997-02-05 01:00:00,,-27.009
1997-02-05 01:20:00,,-26.994
1997-02-05 01:40:00,,-26.981
1997-02-05 02:00:00,,-26.97
1997-02-05 02:20:00,,-26.957
1997-02-05 02:40:00,,-26.946
1997-02-05 03:00:00,,-26.937
1997-02-05 03:20:00,,-26.928
1997-02-05 03:40:00,,-26.921
1997-02-05 04:00:00,,-26.913
1997-02-05 05:20:00,,-26.894
1997-02-05 05:40:00,,-26.89
1997-02-05 06:00:00,,-26.887
1997-02-05 06:20:00,,-26.884
1997-02-05 06:40:00,,-26.882
1997-02-05 07:00:00,,-26.879
1997-02-05 07:20:00,,-26.878
1997-02-05 07:40:00,,-26.876
1997-02-05 08:00:00,,-26.874
1997-02-05 08:20:00,,-26.872
1997-02-05 08:40:00,,-26.871
1997-02-05 09:00:00,,-26.869
1997-02-05 09:20:00,,-26.867
1997-02-05 11:00:00,,-26.852
1997-02-05 11:20:00,,-26.848
1997-02-05 11:40:00,,-26.844
1997-02-05 12:00:00,,-26.839
1997-02-05 12:20:00,,-26.834
1997-02-05 12:40:00,,-26.827
1997-02-05 13:00:00,,-26.821
1997-02-05 13:20:00,,-26.815
1997-02-05 13:40:00,,-26.808
1997-02-05 14:00:00,,-26.801
1997-02-05 14:20:00,,-26.795
1997-02-05 14:40:00,,-26.789
1997-02-05 15:00:00,,-26.785
1997-02-05 15:20:00,,-26.78
1997-02-05 15:40:00,,-26.776
1997-02-05 16:00:00,,-26.773
1997-02-05 16:20:00,,-26.771
1997-02-05 16:40:00,,-26.768
1997-02-05 17:00:00,,-26.764
1997-02-05 17:20:00,,-26.763
1997-02-05 18:20:00,,-26.763
1997-02-05 18:40:00,,-26.764
1997-02-05 19:00:00,,-26.777
1997-02-05 19:20:00,,-26.794
1997-02-05 19:40:00,,-26.812
1997-02-05 20:00:00,,-26.831
1997-02-05 21:20:00,,-26.907
1997-02-05 21:40:00,,-26.922
1997-02-05 22:00:00,,-26.938
1997-02-05 22:20:00,,-26.951
1997-02-05 22:40:00,,-26.963
1997-02-05 23:00:00,,-26.972
1997-02-05 23:20:00,,-26.98
1997-02-05 23:40:00,,-26.986
1997-02-06 00:00:00,,-26.987
1997-02-06 00:20:00,,-26.987
1997-02-06 00:40:00,,-26.984
1997-02-06 01:00:00,,-26.973
1997-02-06 01:20:00,,-26.959
1997-02-06 02:40:00,,-26.911
1997-02-06 03:00:00,,-26.902
1997-02-06 03:20:00,,-26.893
1997-02-06 03:40:00,,-26.886
1997-02-06 04:00:00,,-26.878
1997-02-06 04:20:00,,-26.871
1997-02-06 04:40:00,,-26.867
1997-02-06 05:00:00,,-26.862
1997-02-06 05:20:00,,-26.858
1997-02-06 05:40:00,,-26.855
1997-02-06 06:00:00,,-26.851
1997-02-06 06:20:00,,-26.849
1997-02-06 06:40:00,,-26.845
1997-02-06 07:00:00,,-26.856
1997-02-06 07:20:00,,-26.88
1997-02-06 07:40:00,,-26.9
1997-02-06 08:00:00,,-26.912
1997-02-06 08:20:00,,-26.91
1997-02-06 08:40:00,,-26.902
1997-02-06 09:00:00,,-26.895
1997-02-06 09:20:00,,-26.888
1997-02-06 09:40:00,,-26.884
1997-02-06 10:00:00,,-26.883
1997-02-06 10:40:00,,-26.883
1997-02-06 12:00:00,,-26.889
1997-02-06 12:20:00,,-26.889
1997-02-06 12:40:00,,-26.891
1997-02-06 13:00:00,,-26.894
1997-02-06 14:00:00,,-26.894
1997-02-06 14:20:00,,-26.895
1997-02-06 14:40:00,,-26.903
1997-02-06 15:00:00,,-26.912
1997-02-06 15:20:00,,-26.922
1997-02-06 15:40:00,,-26.933
1997-02-06 16:00:00,,-26.944
1997-02-06 16:20:00,,-26.955
1997-02-06 16:40:00,,-26.966
1997-02-06 17:00:00,,-26.974
1997-02-06 17:20:00,,-26.983
1997-02-06 17:40:00,,-26.99
1997-02-06 18:00:00,,-26.998
1997-02-06 18:20:00,,-27.004
1997-02-06 18:40:00,,-27.012
1997-02-06 19:00:00,,-27.016
1997-02-06 19:20:00,,-27.018
1997-02-06 19:40:00,,-27.018
1997-02-06 20:00:00,,-27.017
1997-02-06 20:20:00,,-27.008
1997-02-06 20:40:00,,-26.999
1997-02-06 21:00:00,,-26.99
1997-02-06 21:20:00,,-26.982
1997-02-06 21:40:00,,-26.975
1997-02-06 23:00:00,,-26.948
1997-02-06 23:20:00,,-26.942
1997-02-06 23:40:00,,-26.935
1997-02-07 00:00:00,,-26.928
1997-02-07 00:20:00,,-26.918
1997-02-07 00:40:00,,-26.91
1997-02-07 01:00:00,,-26.901
1997-02-07 01:20:00,,-26.893
1997-02-07 01:40:00,,-26.885
1997-02-07 02:00:00,,-26.877
1997-02-07 02:20:00,,-26.87
1997-02-07 02:40:00,,-26.863
1997-02-07 03:00:00,,-26.855
1997-02-07 04:20:00,,-26.837
1997-02-07 04:40:00,,-26.833
1997-02-07 05:00:00,,-26.83
1997-02-07 05:20:00,,-26.829
1997-02-07 05:40:00,,-26.826
1997-02-07 06:00:00,,-26.825
1997-02-07 06:20:00,,-26.824
1997-02-07 07:00:00,,-26.824
1997-02-07 07:20:00,,-26.828
1997-02-07 07:40:00,,-26.841
1997-02-07 08:00:00,,-26.856
1997-02-07 08:20:00,,-26.873
1997-02-07 08:40:00,,-26.885
1997-02-07 09:00:00,,-26.898
1997-02-07 09:20:00,,-26.909
1997-02-07 09:40:00,,-26.938
1997-02-07 10:00:00,,-26.94
1997-02-07 10:20:00,,-26.943
1997-02-07 10:40:00,,-26.944
1997-02-07 13:00:00,,-26.944
1997-02-07 13:20:00,,-26.943
1997-02-07 14:40:00,,-26.935
1997-02-07 15:00:00,,-26.934
1997-02-07 15:20:00,,-26.933
1997-02-07 15:40:00,,-26.933
1997-02-07 16:00:00,,-26.932
1997-02-07 16:20:00,,-26.931
1997-02-07 18:40:00,,-26.931
1997-02-07 20:00:00,,-26.936
1997-02-07 22:40:00,,-26.936
1997-02-07 23:00:00,,-26.935
1997-02-07 23:20:00,,-26.933
1997-02-07 23:40:00,,-26.929
1997-02-08 00:00:00,,-26.925
1997-02-08 00:20:00,,-26.919
1997-02-08 00:40:00,,-26.914
1997-02-08 01:00:00,,-26.909
1997-02-08 01:20:00,,-26.902
1997-02-08 01:40:00,,-26.894
1997-02-08 03:00:00,,-26.873
1997-02-08 03:20:00,,-26.869
1997-02-08 03:40:00,,-26.865
1997-02-08 04:00:00,,-26.86
1997-02-08 04:20:00,,-26.856
1997-02-08 04:40:00,,-26.853
1997-02-08 05:00:00,,-26.851
1997-02-08 05:20:00,,-26.847
1997-02-08 05:40:00,,-26.845
1997-02-08 06:00:00,,-26.84
1997-02-08 06:20:00,,-26.858
1997-02-08 06:40:00,,-26.881
1997-02-08 07:00:00,,-26.9
1997-02-08 07:20:00,,-26.922
1997-02-08 07:40:00,,-26.943
1997-02-08 08:00:00,,-26.965
1997-02-08 08:20:00,,-26.985
1997-02-08 08:40:00,,-27.004
1997-02-08 09:00:00,,-27.022
1997-02-08 09:20:00,,-27.037
1997-02-08 09:40:00,,-27.051
1997-02-08 10:00:00,,-27.065
1997-02-08 10:20:00,,-27.082
1997-02-08 10:40:00,,-27.099
1997-02-08 11:00:00,,-27.099
1997-02-08 11:20:00,,-27.092
1997-02-08 11:40:00,,-27.085
1997-02-08 12:00:00,,-27.075
1997-02-08 12:20:00,,-27.07
1997-02-08 12:40:00,,-27.069
1997-02-08 14:20:00,,-27.069
1997-02-08 14:40:00,,-27.066
1997-02-08 15:00:00,,-27.062
1997-02-08 16:00:00,,-27.062
1997-02-08 16:20:00,,-27.067
1997-02-08 16:40:00,,-27.072
1997-02-08 17:00:00,,-27.074
1997-02-08 17:20:00,,-27.074
1997-02-08 17:40:00,,-27.072
1997-02-08 18:00:00,,-27.061
1997-02-08 18:20:00,,-27.051
1997-02-08 18:40:00,,-27.045
1997-02-08 19:00:00,,-27.042
1997-02-08 19:20:00,,-27.04
1997-02-08 19:40:00,,-27.039
1997-02-08 21:20:00,,-27.039
1997-02-08 21:40:00,,-27.031
1997-02-08 22:00:00,,-27.023
1997-02-08 22:20:00,,-27.015
1997-02-08 22:40:00,,-27.008
1997-02-08 23:00:00,,-27.001
1997-02-08 23:20:00,,-26.994
1997-02-08 23:40:00,,-26.986
1997-02-09 00:00:00,,-26.979
1997-02-09 00:20:00,,-26.97
1997-02-09 00:40:00,,-26.962
1997-02-09 01:00:00,,-26.954
1997-02-09 01:20:00,,-26.945
1997-02-09 01:40:00,,-26.936
1997-02-09 02:00:00,,-26.929
1997-02-09 02:20:00,,-26.92
1997-02-09 02:40:00,,-26.914
1997-02-09 03:00:00,,-26.905
1997-02-09 03:20:00,,-26.898
1997-02-09 03:40:00,,-26.892
1997-02-09 04:00:00,,-26.886
1997-02-09 04:20:00,,-26.882
1997-02-09 04:40:00,,-26.876
1997-02-09 05:00:00,,-26.87
1997-02-09 06:20:00,,-26.854
1997-02-09 06:40:00,,-26.853
1997-02-09 07:00:00,,-26.853
1997-02-09 07:20:00,,-26.857
1997-02-09 07:40:00,,-26.867
1997-02-09 08:00:00,,-26.879
1997-02-09 08:20:00,,-26.889
1997-02-09 08:40:00,,-26.899
1997-02-09 09:00:00,,-26.909
1997-02-09 09:20:00,,-26.918
1997-02-09 09:40:00,,-26.935
1997-02-09 10:00:00,,-26.968
1997-02-09 10:20:00,,-26.991
1997-02-09 10:40:00,,-27.003
1997-02-09 11:00:00,,-27.009
1997-02-09 11:20:00,,-26.987
1997-02-09 11:40:00,,-26.971
1997-02-09 12:00:00,,-26.963
1997-02-09 12:20:00,,-26.96
1997-02-09 12:40:00,,-26.959
1997-02-09 13:00:00,,-26.955
1997-02-09 13:20:00,,-26.946
1997-02-09 13:40:00,,-26.936
1997-02-09 14:00:00,,-26.925
1997-02-09 14:20:00,,-26.915
1997-02-09 14:40:00,,-26.906
1997-02-09 15:00:00,,-26.897
1997-02-09 15:20:00,,-26.888
1997-02-09 15:40:00,,-26.88
1997-02-09 16:00:00,,-26.871
1997-02-09 16:20:00,,-26.864
1997-02-09 16:40:00,,-26.856
1997-02-09 17:00:00,,-26.849
1997-02-09 17:20:00,,-26.844
1997-02-09 17:40:00,,-26.838
1997-02-09 18:00:00,,-26.832
1997-02-09 18:20:00,,-26.825
1997-02-09 18:40:00,,-26.82
1997-02-09 19:00:00,,-26.816
1997-02-09 19:20:00,,-26.81
1997-02-09 19:40:00,,-26.808
1997-02-09 20:00:00,,-26.803
1997-02-09 20:20:00,,-26.796
1997-02-09 20:40:00,,-26.79
1997-02-09 21:00:00,,-26.786
1997-02-09 21:20:00,,-26.778
1997-02-09 21:40:00,,-26.771
1997-02-09 22:00:00,,-26.767
1997-02-09 22:20:00,,-26.764
1997-02-09 22:40:00,,-26.762
1997-02-09 23:00:00,,-26.757
1997-02-09 23:20:00,,-26.754
1997-02-09 23:40:00,,-26.75
1997-02-10 00:00:00,,-26.748
1997-02-10 00:20:00,,-26.744
1997-02-10 00:40:00,,-26.74
1997-02-10 01:00:00,,-26.738
1997-02-10 01:20:00,,-26.734
1997-02-10 01:40:00,,-26.729
1997-02-10 02:00:00,,-26.726
1997-02-10 02:20:00,,-26.722
1997-02-10 02:40:00,,-26.72
1997-02-10 03:00:00,,-26.718
1997-02-10 03:20:00,,-26.715
1997-02-10 03:40:00,,-26.714
1997-02-10 04:00:00,,-26.713
1997-02-10 04:20:00,,-26.712
1997-02-10 04:40:00,,-26.71
1997-02-10 05:00:00,,-26.71
1997-02-10 05:20:00,,-26.707
1997-02-10 05:40:00,,-26.706
1997-02-10 06:00:00,,-26.704
1997-02-10 06:20:00,,-26.704
1997-02-10 06:40:00,,-26.701
1997-02-10 07:00:00,,-26.699
1997-02-10 07:20:00,,-26.699
1997-02-10 07:40:00,,-26.696
1997-02-10 08:00:00,,-26.694
1997-02-10 08:20:00,,-26.691
1997-02-10 08:40:00,,-26.691
1997-02-10 09:00:00,,-26.69
1997-02-10 09:20:00,,-26.689
1997-02-10 09:40:00,,-26.689
1997-02-10 10:00:00,,-26.687
1997-02-10 10:20:00,,-26.686
1997-02-10 10:40:00,,-26.685
1997-02-10 12:00:00,,-26.678
1997-02-10 12:20:00,,-26.677
1997-02-10 12:40:00,,-26.675
1997-02-10 14:00:00,,-26.665
1997-02-10 14:20:00,,-26.663
1997-02-10 14:40:00,,-26.661
1997-02-10 15:00:00,,-26.658
1997-02-10 15:20:00,,-26.656
1997-02-10 16:40:00,,-26.648
1997-02-10 17:00:00,,-26.647
1997-02-10 17:20:00,,-26.645
1997-02-10 17:40:00,,-26.672
1997-02-10 18:00:00,,-26.69
1997-02-10 18:20:00,,-26.704
1997-02-10 18:40:00,,-26.7
1997-02-10 19:00:00,,-26.683
1997-02-10 19:20:00,,-26.67
1997-02-10 19:40:00,,-26.663
1997-02-10 20:00:00,,-26.657
1997-02-10 20:20:00,,-26.654
1997-02-10 20:40:00,,-26.649
1997-02-10 21:00:00,,-26.647
1997-02-10 21:20:00,,-26.646
1997-02-10 21:40:00,,-26.644
1997-02-10 22:40:00,,-26.644
1997-02-10 23:00:00,,-26.645
1997-02-11 01:00:00,,-26.645
1997-02-11 01:20:00,,-26.642
1997-02-11 01:40:00,,-26.64
1997-02-11 03:00:00,,-26.631
1997-02-11 03:20:00,,-26.63
1997-02-11 04:00:00,,-26.63
1997-02-11 04:20:00,,-26.629
1997-02-11 04:40:00,,-26.628
1997-02-11 05:40:00,,-26.628
1997-02-11 06:00:00,,-26.627
1997-02-11 12:20:00,,-26.627
1997-02-11 12:40:00,,-26.629
1997-02-11 13:00:00,,-26.63
1997-02-11 14:20:00,,-26.63
1997-02-11 14:40:00,,-26.628
1997-02-11 15:00:00,,-26.627
1997-02-11 15:20:00,,-26.626
1997-02-11 15:40:00,,-26.622
1997-02-11 17:40:00,,-26.61
1997-02-11 18:00:00,,-26.609
1997-02-11 18:40:00,,-26.609
1997-02-11 19:00:00,,-26.618
1997-02-11 19:20:00,,-26.63
1997-02-11 19:40:00,,-26.639
1997-02-11 20:00:00,,-26.644
1997-02-11 20:20:00,,-26.645
1997-02-12 00:00:00,,-26.645
1997-02-12 00:20:00,,-26.644
1997-02-12 00:40:00,,-26.642
1997-02-12 01:00:00,,-26.64
1997-02-12 01:20:00,,-26.637
1997-02-12 01:40:00,,-26.633
1997-02-12 02:00:00,,-26.631
1997-02-12 02:20:00,,-26.628
1997-02-12 02:40:00,,-26.626
1997-02-12 03:00:00,,-26.625
1997-02-12 03:20:00,,-26.624
1997-02-12 03:40:00,,-26.622
1997-02-12 04:00:00,,-26.621
1997-02-12 04:20:00,,-26.62
1997-02-12 04:40:00,,-26.619
1997-02-12 05:00:00,,-26.619
1997-02-12 05:20:00,,-26.618
1997-02-12 06:00:00,,-26.618
1997-02-12 06:20:00,,-26.616
1997-02-12 06:40:00,,-26.615
1997-02-12 07:20:00,,-26.615
1997-02-12 07:40:00,,-26.613
1997-02-12 08:00:00,,-26.61
1997-02-12 08:20:00,,-26.609
1997-02-12 08:40:00,,-26.606
1997-02-12 09:00:00,,-26.603
1997-02-12 09:20:00,,-26.619
1997-02-12 09:40:00,,-26.64
1997-02-12 10:00:00,,-26.655
1997-02-12 10:20:00,,-26.665
1997-02-12 10:40:00,,-26.673
1997-02-12 11:00:00,,-26.679
1997-02-12 11:20:00,,-26.685
1997-02-12 11:40:00,,-26.679
1997-02-12 12:00:00,,-26.659
1997-02-12 12:20:00,,-26.644
1997-02-12 12:40:00,,-26.635
1997-02-12 14:20:00,,-26.612
1997-02-12 14:40:00,,-26.607
1997-02-12 15:00:00,,-26.605
1997-02-12 15:20:00,,-26.601
1997-02-12 15:40:00,,-26.6
1997-02-12 16:00:00,,-26.596
1997-02-12 17:20:00,,-26.596
1997-02-12 17:40:00,,-26.594
1997-02-12 18:00:00,,-26.592
1997-02-12 18:20:00,,-26.592
1997-02-12 18:40:00,,-26.588
1997-02-12 19:00:00,,-26.585
1997-02-12 19:20:00,,-26.583
1997-02-12 19:40:00,,-26.581
1997-02-12 20:00:00,,-26.578
1997-02-12 20:20:00,,-26.576
1997-02-12 20:40:00,,-26.574
1997-02-12 21:00:00,,-26.572
1997-02-12 21:20:00,,-26.571
1997-02-12 21:40:00,,-26.57
1997-02-12 22:00:00,,-26.57
1997-02-12 22:20:00,,-26.569
1997-02-12 22:40:00,,-26.568
1997-02-12 23:20:00,,-26.568
1997-02-12 23:40:00,,-26.566
1997-02-13 00:00:00,,-26.565
1997-02-13 00:20:00,,-26.564
1997-02-13 01:00:00,,-26.564
1997-02-13 01:20:00,,-26.562
1997-02-13 01:40:00,,-26.561
1997-02-13 02:00:00,,-26.56
1997-02-13 02:40:00,,-26.56
1997-02-13 03:00:00,,-26.559
1997-02-13 07:20:00,,-26.559
1997-02-13 07:40:00,,-26.563
1997-02-13 08:00:00,,-26.564
1997-02-13 09:20:00,,-26.564
1997-02-13 09:40:00,,-26.562
1997-02-13 10:00:00,,-26.559
1997-02-13 10:20:00,,-26.556
1997-02-13 10:40:00,,-26.554
1997-02-13 11:00:00,,-26.551
1997-02-13 11:20:00,,-26.549
1997-02-13 11:40:00,,-26.548
1997-02-13 12:00:00,,-26.544
1997-02-13 14:00:00,,-26.532
1997-02-13 14:20:00,,-26.529
1997-02-13 14:40:00,,-26.527
1997-02-13 15:00:00,,-26.527
1997-02-13 15:20:00,,-26.526
1997-02-13 15:40:00,,-26.526
1997-02-13 16:00:00,,-26.524
1997-02-13 16:20:00,,-26.523
1997-02-13 17:00:00,,-26.523
1997-02-13 17:20:00,,-26.532
1997-02-13 17:40:00,,-26.543
1997-02-13 18:00:00,,-26.555
1997-02-13 18:20:00,,-26.565
1997-02-13 18:40:00,,-26.569
1997-02-13 19:00:00,,-26.57
1997-02-13 19:40:00,,-26.57
1997-02-13 20:00:00,,-26.569
1997-02-13 20:20:00,,-26.565
1997-02-13 20:40:00,,-26.561
1997-02-13 21:00:00,,-26.558
1997-02-13 21:20:00,,-26.554
1997-02-13 21:40:00,,-26.55
1997-02-13 22:00:00,,-26.548
1997-02-13 22:20:00,,-26.546
1997-02-14 00:00:00,,-26.531
1997-02-14 00:20:00,,-26.529
1997-02-14 00:40:00,,-26.524
1997-02-14 01:00:00,,-26.522
1997-02-14 01:20:00,,-26.519
1997-02-14 01:40:00,,-26.517
1997-02-14 02:00:00,,-26.515
1997-02-14 02:20:00,,-26.514
1997-02-14 02:40:00,,-26.513
1997-02-14 03:00:00,,-26.51
1997-02-14 08:40:00,,-26.51
1997-02-14 09:00:00,,-26.512
1997-02-14 09:20:00,,-26.515
1997-02-14 09:40:00,,-26.517
1997-02-14 12:20:00,,-26.517
1997-02-14 12:40:00,,-26.514
1997-02-14 13:00:00,,-26.511
1997-02-14 13:20:00,,-26.509
1997-02-14 13:40:00,,-26.508
1997-02-14 14:40:00,,-26.508
1997-02-14 15:00:00,,-26.505
1997-02-14 15:20:00,,-26.503
1997-02-14 15:40:00,,-26.501
1997-02-14 16:00:00,,-26.499
1997-02-14 17:20:00,,-26.494
1997-02-14 17:40:00,,-26.494
1997-02-14 18:00:00,,-26.493
1997-02-14 18:40:00,,-26.493
1997-02-14 19:00:00,,-26.492
1997-02-15 00:20:00,,-26.492
1997-02-15 00:40:00,,-26.491
1997-02-15 01:00:00,,-26.489
1997-02-15 02:20:00,,-26.481
1997-02-15 02:40:00,,-26.48
1997-02-15 06:20:00,,-26.48
1997-02-15 06:40:00,,-26.479
1997-02-15 07:00:00,,-26.474
1997-02-15 07:20:00,,-26.467
1997-02-15 07:40:00,,-26.464
1997-02-15 09:00:00,,-26.462
1997-02-15 09:20:00,,-26.46
1997-02-15 09:40:00,,-26.46
1997-02-15 10:00:00,,-26.459
1997-02-15 10:20:00,,-26.456
1997-02-15 10:40:00,,-26.455
1997-02-15 11:00:00,,-26.455
1997-02-15 11:20:00,,-26.452
1997-02-15 11:40:00,,-26.45
1997-02-15 12:00:00,,-26.448
1997-02-15 12:20:00,,-26.444
1997-02-15 12:40:00,,-26.442
1997-02-15 13:00:00,,-26.438
1997-02-15 13:20:00,,-26.436
1997-02-15 13:40:00,,-26.434
1997-02-15 14:00:00,,-26.431
1997-02-15 14:20:00,,-26.429
1997-02-15 14:40:00,,-26.428
1997-02-15 15:00:00,,-26.427
1997-02-15 17:20:00,,-26.427
1997-02-15 17:40:00,,-26.428
1997-02-15 18:00:00,,-26.43
1997-02-15 18:20:00,,-26.43
1997-02-15 18:40:00,,-26.432
1997-02-15 19:00:00,,-26.433
1997-02-15 19:20:00,,-26.434
1997-02-15 20:00:00,,-26.434
1997-02-15 20:20:00,,-26.435
1997-02-16 00:40:00,,-26.435
1997-02-16 01:00:00,,-26.434
1997-02-16 01:40:00,,-26.434
1997-02-16 02:00:00,,-26.43
1997-02-16 02:20:00,,-26.43
1997-02-16 02:40:00,,-26.429
1997-02-16 05:00:00,,-26.429
1997-02-16 05:20:00,,-26.43
1997-02-16 05:40:00,,-26.431
1997-02-16 07:00:00,,-26.438
1997-02-16 07:20:00,,-26.439
1997-02-16 07:40:00,,-26.459
1997-02-16 08:00:00,,-26.483
1997-02-16 08:20:00,,-26.501
1997-02-16 08:40:00,,-26.5
1997-02-16 09:00:00,,-26.487
1997-02-16 09:20:00,,-26.478
1997-02-16 09:40:00,,-26.472
1997-02-16 10:00:00,,-26.468
1997-02-16 10:20:00,,-26.465
1997-02-16 11:40:00,,-26.455
1997-02-16 12:00:00,,-26.45
1997-02-16 12:20:00,,-26.447
1997-02-16 12:40:00,,-26.443
1997-02-16 13:00:00,,-26.44
1997-02-16 13:20:00,,-26.436
1997-02-16 13:40:00,,-26.434
1997-02-16 14:00:00,,-26.429
1997-02-16 14:20:00,,-26.426
1997-02-16 14:40:00,,-26.424
1997-02-16 15:00:00,,-26.422
1997-02-16 15:20:00,,-26.422
1997-02-16 15:40:00,,-26.421
1997-02-16 16:00:00,,-26.419
1997-02-16 16:20:00,,-26.418
1997-02-16 23:40:00,,-26.418
1997-02-17 00:00:00,,-26.415
1997-02-17 00:20:00,,-26.414
1997-02-17 00:40:00,,-26.412
1997-02-17 01:00:00,,-26.41
1997-02-17 01:20:00,,-26.408
1997-02-17 01:40:00,,-26.407
1997-02-17 02:00:00,,-26.405
1997-02-17 02:20:00,,-26.404
1997-02-17 05:40:00,,-26.404
1997-02-17 06:00:00,,-26.405
1997-02-17 06:20:00,,-26.408
1997-02-17 06:40:00,,-26.413
1997-02-17 07:00:00,,-26.415
1997-02-17 07:20:00,,-26.417
1997-02-17 07:40:00,,-26.419
1997-02-17 08:00:00,,-26.42
1997-02-17 08:20:00,,-26.422
1997-02-17 08:40:00,,-26.424
1997-02-17 09:00:00,,-26.425
1997-02-17 09:20:00,,-26.426
1997-02-17 09:40:00,,-26.426
1997-02-17 10:00:00,,-26.427
1997-02-17 12:20:00,,-26.427
1997-02-17 12:40:00,,-26.426
1997-02-17 14:00:00,,-26.412
1997-02-17 14:20:00,,-26.407
1997-02-17 14:40:00,,-26.404
1997-02-17 15:00:00,,-26.401
1997-02-17 15:20:00,,-26.4
1997-02-17 15:40:00,,-26.399
1997-02-17 16:00:00,,-26.398
1997-02-17 16:20:00,,-26.396
1997-02-17 16:40:00,,-26.395
1997-02-17 17:00:00,,-26.395
1997-02-17 17:20:00,,-26.417
1997-02-17 17:40:00,,-26.438
1997-02-17 18:00:00,,-26.451
1997-02-17 18:20:00,,-26.447
1997-02-17 18:40:00,,-26.435
1997-02-17 19:00:00,,-26.429
1997-02-17 19:20:00,,-26.426
1997-02-17 19:40:00,,-26.425
1997-02-17 21:20:00,,-26.425
1997-02-17 21:40:00,,-26.426
1997-02-17 22:00:00,,-26.426
1997-02-17 22:20:00,,-26.427
1997-02-18 00:40:00,,-26.427
1997-02-18 01:00:00,,-26.424
1997-02-18 01:20:00,,-26.42
1997-02-18 01:40:00,,-26.416
1997-02-18 02:00:00,,-26.414
1997-02-18 02:20:00,,-26.412
1997-02-18 02:40:00,,-26.41
1997-02-18 03:00:00,,-26.409
1997-02-18 03:20:00,,-26.407
1997-02-18 03:40:00,,-26.407
1997-02-18 04:00:00,,-26.406
1997-02-18 06:40:00,,-26.406
1997-02-18 07:00:00,,-26.411
1997-02-18 07:20:00,,-26.414
1997-02-18 07:40:00,,-26.415
1997-02-18 10:40:00,,-26.415
1997-02-18 11:00:00,,-26.414
1997-02-18 11:20:00,,-26.412
1997-02-18 11:40:00,,-26.41
1997-02-18 12:00:00,,-26.407
1997-02-18 12:20:00,,-26.404
1997-02-18 12:40:00,,-26.401
1997-02-18 13:00:00,,-26.399
1997-02-18 13:20:00,,-26.397
1997-02-18 13:40:00,,-26.393
1997-02-18 14:00:00,,-26.39
1997-02-18 14:20:00,,-26.387
1997-02-18 14:40:00,,-26.385
1997-02-18 15:00:00,,-26.383
1997-02-18 15:40:00,,-26.383
1997-02-18 16:00:00,,-26.393
1997-02-18 16:20:00,,-26.402
1997-02-18 16:40:00,,-26.406
1997-02-18 17:00:00,,-26.407
1997-02-18 22:00:00,,-26.407
1997-02-18 23:20:00,,-26.4
1997-02-18 23:40:00,,-26.396
1997-02-19 00:00:00,,-26.395
1997-02-19 00:20:00,,-26.39
1997-02-19 00:40:00,,-26.387
1997-02-19 01:00:00,,-26.384
1997-02-19 01:20:00,,-26.381
1997-02-19 01:40:00,,-26.379
1997-02-19 02:00:00,,-26.376
1997-02-19 02:20:00,,-26.376
1997-02-19 02:40:00,,-26.375
1997-02-19 06:20:00,,-26.375
1997-02-19 07:40:00,,-26.378
1997-02-19 09:00:00,,-26.38
1997-02-19 12:00:00,,-26.38
1997-02-19 12:20:00,,-26.378
1997-02-19 12:40:00,,-26.375
1997-02-19 13:00:00,,-26.372
1997-02-19 13:20:00,,-26.368
1997-02-19 13:40:00,,-26.365
1997-02-19 14:00:00,,-26.363
1997-02-19 14:20:00,,-26.361
1997-02-19 14:40:00,,-26.359
1997-02-19 15:00:00,,-26.359
1997-02-19 15:20:00,,-26.358
1997-02-19 21:00:00,,-26.358
1997-02-19 21:20:00,,-26.359
1997-02-19 21:40:00,,-26.36
1997-02-19 22:00:00,,-26.361
1997-02-20 01:20:00,,-26.361
1997-02-20 01:40:00,,-26.36
1997-02-20 02:00:00,,-26.359
1997-02-20 02:20:00,,-26.359
1997-02-20 02:40:00,,-26.358
1997-02-20 05:40:00,,-26.358
1997-02-20 06:00:00,,-26.359
1997-02-20 06:20:00,,-26.361
1997-02-20 06:40:00,,-26.391
1997-02-20 07:00:00,,-26.41
1997-02-20 07:20:00,,-26.41
1997-02-20 07:40:00,,-26.406
1997-02-20 08:00:00,,-26.404
1997-02-20 08:20:00,,-26.403
1997-02-20 12:20:00,,-26.403
1997-02-20 12:40:00,,-26.402
1997-02-20 13:00:00,,-26.398
1997-02-20 13:20:00,,-26.394
1997-02-20 13:40:00,,-26.39
1997-02-20 15:00:00,,-26.377
1997-02-20 15:20:00,,-26.375
1997-02-20 15:40:00,,-26.373
1997-02-20 16:00:00,,-26.371
1997-02-20 16:20:00,,-26.37
1997-02-20 16:40:00,,-26.369
1997-02-20 18:00:00,,-26.367
1997-02-20 19:20:00,,-26.367
1997-02-20 19:40:00,,-26.374
1997-02-20 21:20:00,,-26.374
1997-02-20 21:40:00,,-26.375
1997-02-20 22:00:00,,-26.376
1997-02-20 22:20:00,,-26.378
1997-02-20 22:40:00,,-26.378
1997-02-20 23:00:00,,-26.379
1997-02-20 23:20:00,,-26.38
1997-02-21 01:20:00,,-26.38
1997-02-21 01:40:00,,-26.378
1997-02-21 02:00:00,,-26.375
1997-02-21 02:20:00,,-26.374
1997-02-21 02:40:00,,-26.37
1997-02-21 03:00:00,,-26.368
1997-02-21 03:20:00,,-26.368
1997-02-21 03:40:00,,-26.367
1997-02-21 04:00:00,,-26.366
1997-02-21 04:20:00,,-26.365
1997-02-21 06:00:00,,-26.365
1997-02-21 06:20:00,,-26.375
1997-02-21 06:40:00,,-26.393
1997-02-21 07:00:00,,-26.393
1997-02-21 07:20:00,,-26.39
1997-02-21 07:40:00,,-26.386
1997-02-21 08:00:00,,-26.383
1997-02-21 08:20:00,,-26.381
1997-02-21 08:40:00,,-26.379
1997-02-21 10:00:00,,-26.375
1997-02-21 10:20:00,,-26.375
1997-02-21 10:40:00,,-26.373
1997-02-21 11:00:00,,-26.371
1997-02-21 12:20:00,,-26.36
1997-02-21 13:40:00,,-26.346
1997-02-21 14:00:00,,-26.343
1997-02-21 14:20:00,,-26.34
1997-02-21 14:40:00,,-26.338
1997-02-21 15:00:00,,-26.334
1997-02-21 15:20:00,,-26.34
1997-02-21 15:40:00,,-26.364
1997-02-21 16:00:00,,-26.381
1997-02-21 16:20:00,,-26.392
1997-02-21 16:40:00,,-26.402
1997-02-21 17:00:00,,-26.41
1997-02-21 17:20:00,,-26.416
1997-02-21 17:40:00,,-26.401
1997-02-21 18:00:00,,-26.386
1997-02-21 18:20:00,,-26.376
1997-02-21 18:40:00,,-26.369
1997-02-21 19:00:00,,-26.364
1997-02-21 19:20:00,,-26.36
1997-02-21 19:40:00,,-26.356
1997-02-21 20:00:00,,-26.354
1997-02-21 20:20:00,,-26.351
1997-02-21 20:40:00,,-26.35
1997-02-21 21:00:00,,-26.348
1997-02-21 22:20:00,,-26.344
1997-02-21 22:40:00,,-26.342
1997-02-21 23:00:00,,-26.342
1997-02-21 23:20:00,,-26.34
1997-02-21 23:40:00,,-26.339
1997-02-22 00:00:00,,-26.338
1997-02-22 00:20:00,,-26.335
1997-02-22 00:40:00,,-26.335
1997-02-22 01:00:00,,-26.33
1997-02-22 01:20:00,,-26.327
1997-02-22 01:40:00,,-26.324
1997-02-22 02:00:00,,-26.322
1997-02-22 02:20:00,,-26.32
1997-02-22 02:40:00,,-26.318
1997-02-22 03:00:00,,-26.317
1997-02-22 03:20:00,,-26.316
1997-02-22 03:40:00,,-26.315
1997-02-22 04:00:00,,-26.315
1997-02-22 04:20:00,,-26.314
1997-02-22 07:20:00,,-26.314
1997-02-22 07:40:00,,-26.315
1997-02-22 10:20:00,,-26.315
1997-02-22 10:40:00,,-26.318
1997-02-22 11:00:00,,-26.325
1997-02-22 11:20:00,,-26.331
1997-02-22 11:40:00,,-26.336
1997-02-22 12:00:00,,-26.341
1997-02-22 12:20:00,,-26.345
1997-02-22 12:40:00,,-26.348
1997-02-22 13:00:00,,-26.351
1997-02-22 13:20:00,,-26.355
1997-02-22 13:40:00,,-26.359
1997-02-22 14:00:00,,-26.362
1997-02-22 14:20:00,,-26.366
1997-02-22 15:40:00,,-26.383
1997-02-22 16:00:00,,-26.388
1997-02-22 16:20:00,,-26.396
1997-02-22 16:40:00,,-26.402
1997-02-22 17:00:00,,-26.406
1997-02-22 17:20:00,,-26.411
1997-02-22 17:40:00,,-26.431
1997-02-22 18:00:00,,-26.461
1997-02-22 18:20:00,,-26.484
1997-02-22 18:40:00,,-26.501
1997-02-22 19:00:00,,-26.518
1997-02-22 19:20:00,,-26.535
1997-02-22 19:40:00,,-26.556
1997-02-22 20:00:00,,-26.577
1997-02-22 20:20:00,,-26.6
1997-02-22 20:40:00,,-26.619
1997-02-22 21:00:00,,-26.633
1997-02-22 21:20:00,,-26.625
1997-02-22 21:40:00,,-26.603
1997-02-22 22:00:00,,-26.586
1997-02-22 22:20:00,,-26.571
1997-02-22 22:40:00,,-26.56
1997-02-22 23:00:00,,-26.55
1997-02-22 23:20:00,,-26.539
1997-02-23 00:40:00,,-26.506
1997-02-23 01:00:00,,-26.497
1997-02-23 01:20:00,,-26.488
1997-02-23 01:40:00,,-26.48
1997-02-23 02:00:00,,-26.474
1997-02-23 02:20:00,,-26.466
1997-02-23 02:40:00,,-26.461
1997-02-23 03:00:00,,-26.455
1997-02-23 03:20:00,,-26.45
1997-02-23 03:40:00,,-26.447
1997-02-23 04:00:00,,-26.443
1997-02-23 04:20:00,,-26.439
1997-02-23 04:40:00,,-26.435
1997-02-23 05:00:00,,-26.433
1997-02-23 05:20:00,,-26.43
1997-02-23 05:40:00,,-26.428
1997-02-23 06:00:00,,-26.427
1997-02-23 06:20:00,,-26.425
1997-02-23 07:00:00,,-26.425
1997-02-23 07:20:00,,-26.424
1997-02-23 11:00:00,,-26.424
1997-02-23 11:20:00,,-26.428
1997-02-23 11:40:00,,-26.456
1997-02-23 12:00:00,,-26.475
1997-02-23 12:20:00,,-26.489
1997-02-23 12:40:00,,-26.485
1997-02-23 13:00:00,,-26.474
1997-02-23 13:20:00,,-26.469
1997-02-23 13:40:00,,-26.466
1997-02-23 14:00:00,,-26.464
1997-02-23 14:20:00,,-26.463
1997-02-23 14:40:00,,-26.477
1997-02-23 16:20:00,,-26.477
1997-02-23 16:40:00,,-26.478
1997-02-23 17:00:00,,-26.479
1997-02-23 18:20:00,,-26.495
1997-02-23 18:40:00,,-26.501
1997-02-23 19:00:00,,-26.511
1997-02-23 19:20:00,,-26.524
1997-02-23 19:40:00,,-26.541
1997-02-23 20:00:00,,-26.558
1997-02-23 20:20:00,,-26.574
1997-02-23 20:40:00,,-26.589
1997-02-23 21:00:00,,-26.603
1997-02-23 21:20:00,,-26.615
1997-02-23 21:40:00,,-26.625
1997-02-23 22:00:00,,-26.631
1997-02-23 22:40:00,,-26.631
1997-02-23 23:00:00,,-26.628
1997-02-23 23:20:00,,-26.621
1997-02-24 00:40:00,,-26.585
1997-02-24 01:00:00,,-26.577
1997-02-24 01:20:00,,-26.568
1997-02-24 01:40:00,,-26.56
1997-02-24 02:00:00,,-26.554
1997-02-24 02:20:00,,-26.546
1997-02-24 02:40:00,,-26.54
1997-02-24 03:00:00,,-26.534
1997-02-24 03:20:00,,-26.528
1997-02-24 03:40:00,,-26.523
1997-02-24 04:00:00,,-26.519
1997-02-24 04:20:00,,-26.515
1997-02-24 04:40:00,,-26.511
1997-02-24 06:00:00,,-26.502
1997-02-24 06:20:00,,-26.499
1997-02-24 06:40:00,,-26.496
1997-02-24 07:00:00,,-26.494
1997-02-24 07:20:00,,-26.491
1997-02-24 07:40:00,,-26.486
1997-02-24 08:00:00,,-26.504
1997-02-24 08:20:00,,-26.525
1997-02-24 08:40:00,,-26.54
1997-02-24 09:00:00,,-26.553
1997-02-24 09:20:00,,-26.563
1997-02-24 09:40:00,,-26.573
1997-02-24 10:00:00,,-26.583
1997-02-24 10:20:00,,-26.591
1997-02-24 10:40:00,,-26.6
1997-02-24 11:00:00,,-26.609
1997-02-24 11:20:00,,-26.618
1997-02-24 11:40:00,,-26.624
1997-02-24 12:00:00,,-26.613
1997-02-24 12:20:00,,-26.6
1997-02-24 12:40:00,,-26.592
1997-02-24 13:00:00,,-26.587
1997-02-24 13:20:00,,-26.584
1997-02-24 13:40:00,,-26.582
1997-02-24 14:00:00,,-26.58
1997-02-24 17:00:00,,-26.58
1997-02-24 17:20:00,,-26.581
1997-02-24 17:40:00,,-26.583
1997-02-24 18:00:00,,-26.586
1997-02-24 18:20:00,,-26.59
1997-02-24 18:40:00,,-26.593
1997-02-24 19:00:00,,-26.599
1997-02-24 19:20:00,,-26.614
1997-02-24 19:40:00,,-26.627
1997-02-24 20:00:00,,-26.639
1997-02-24 20:20:00,,-26.653
1997-02-24 20:40:00,,-26.664
1997-02-24 21:00:00,,-26.685
1997-02-24 21:20:00,,-26.691
1997-02-24 21:40:00,,-26.698
1997-02-24 22:00:00,,-26.707
1997-02-24 22:20:00,,-26.708
1997-02-24 22:40:00,,-26.708
1997-02-24 23:00:00,,-26.7
1997-02-24 23:20:00,,-26.69
1997-02-24 23:40:00,,-26.679
1997-02-25 00:00:00,,-26.67
1997-02-25 00:20:00,,-26.662
1997-02-25 00:40:00,,-26.652
1997-02-25 01:00:00,,-26.644
1997-02-25 01:20:00,,-26.636
1997-02-25 01:40:00,,-26.627
1997-02-25 02:00:00,,-26.619
1997-02-25 02:20:00,,-26.612
1997-02-25 02:40:00,,-26.605
1997-02-25 03:00:00,,-26.598
1997-02-25 03:20:00,,-26.592
1997-02-25 03:40:00,,-26.587
1997-02-25 04:00:00,,-26.582
1997-02-25 04:20:00,,-26.577
1997-02-25 04:40:00,,-26.572
1997-02-25 05:00:00,,-26.568
1997-02-25 05:20:00,,-26.565
1997-02-25 05:40:00,,-26.56
1997-02-25 06:00:00,,-26.557
1997-02-25 06:20:00,,-26.554
1997-02-25 06:40:00,,-26.55
1997-02-25 07:00:00,,-26.553
1997-02-25 07:20:00,,-26.576
1997-02-25 07:40:00,,-26.591
1997-02-25 08:00:00,,-26.601
1997-02-25 08:20:00,,-26.609
1997-02-25 08:40:00,,-26.615
1997-02-25 09:00:00,,-26.621
1997-02-25 09:20:00,,-26.626
1997-02-25 09:40:00,,-26.632
1997-02-25 10:00:00,,-26.62
1997-02-25 10:20:00,,-26.604
1997-02-25 10:40:00,,-26.593
1997-02-25 11:00:00,,-26.588
1997-02-25 11:20:00,,-26.584
1997-02-25 13:20:00,,-26.584
1997-02-25 13:40:00,,-26.585
1997-02-25 14:00:00,,-26.587
1997-02-25 14:20:00,,-26.589
1997-02-25 14:40:00,,-26.591
1997-02-25 15:00:00,,-26.602
1997-02-25 15:20:00,,-26.632
1997-02-25 15:40:00,,-26.655
1997-02-25 16:00:00,,-26.673
1997-02-25 16:20:00,,-26.687
1997-02-25 17:40:00,,-26.739
1997-02-25 18:00:00,,-26.75
1997-02-25 18:20:00,,-26.76
1997-02-25 18:40:00,,-26.769
1997-02-25 19:00:00,,-26.783
1997-02-25 19:20:00,,-26.778
1997-02-25 19:40:00,,-26.769
1997-02-25 20:00:00,,-26.763
1997-02-25 20:20:00,,-26.762
1997-02-25 22:20:00,,-26.762
1997-02-25 22:40:00,,-26.753
1997-02-25 23:00:00,,-26.742
1997-02-25 23:20:00,,-26.73
1997-02-26 00:40:00,,-26.69
1997-02-26 01:00:00,,-26.679
1997-02-26 01:20:00,,-26.67
1997-02-26 01:40:00,,-26.663
1997-02-26 02:00:00,,-26.652
1997-02-26 02:20:00,,-26.646
1997-02-26 02:40:00,,-26.638
1997-02-26 03:00:00,,-26.631
1997-02-26 03:20:00,,-26.625
1997-02-26 03:40:00,,-26.619
1997-02-26 04:00:00,,-26.615
1997-02-26 04:20:00,,-26.609
1997-02-26 04:40:00,,-26.605
1997-02-26 05:00:00,,-26.6
1997-02-26 05:20:00,,-26.598
1997-02-26 05:40:00,,-26.598
1997-02-26 06:00:00,,-26.592
1997-02-26 06:20:00,,-26.587
1997-02-26 06:40:00,,-26.584
1997-02-26 07:00:00,,-26.579
1997-02-26 07:20:00,,-26.576
1997-02-26 07:40:00,,-26.573
1997-02-26 09:00:00,,-26.564
1997-02-26 09:40:00,,-26.564
1997-02-26 10:00:00,,-26.563
1997-02-26 11:40:00,,-26.563
1997-02-26 12:00:00,,-26.57
1997-02-26 12:20:00,,-26.6
1997-02-26 12:40:00,,-26.623
1997-02-26 13:00:00,,-26.641
1997-02-26 13:20:00,,-26.655
1997-02-26 13:40:00,,-26.666
1997-02-26 15:00:00,,-26.699
1997-02-26 15:20:00,,-26.705
1997-02-26 15:40:00,,-26.71
1997-02-26 16:00:00,,-26.716
1997-02-26 16:20:00,,-26.723
1997-02-26 16:40:00,,-26.707
1997-02-26 17:00:00,,-26.69
1997-02-26 17:20:00,,-26.68
1997-02-26 17:40:00,,-26.673
1997-02-26 18:00:00,,-26.668
1997-02-26 18:20:00,,-26.664
1997-02-26 18:40:00,,-26.662
1997-02-26 19:20:00,,-26.662
1997-02-26 19:40:00,,-26.673
1997-02-26 20:00:00,,-26.686
1997-02-26 20:20:00,,-26.699
1997-02-26 20:40:00,,-26.711
1997-02-26 21:00:00,,-26.725
1997-02-26 21:20:00,,-26.738
1997-02-26 21:40:00,,-26.748
1997-02-26 22:00:00,,-26.756
1997-02-26 22:20:00,,-26.76
1997-02-26 22:40:00,,-26.761
1997-02-26 23:40:00,,-26.761
1997-02-27 00:00:00,,-26.758
1997-02-27 00:20:00,,-26.754
1997-02-27 00:40:00,,-26.751
1997-02-27 01:00:00,,-26.746
1997-02-27 01:20:00,,-26.741
1997-02-27 01:40:00,,-26.735
1997-02-27 02:00:00,,-26.729
1997-02-27 02:20:00,,-26.722
1997-02-27 02:40:00,,-26.717
1997-02-27 03:00:00,,-26.71
1997-02-27 03:20:00,,-26.703
1997-02-27 03:40:00,,-26.697
1997-02-27 04:00:00,,-26.691
1997-02-27 04:20:00,,-26.684
1997-02-27 04:40:00,,-26.677
1997-02-27 06:00:00,,-26.646
1997-02-27 06:20:00,,-26.64
1997-02-27 06:40:00,,-26.634
1997-02-27 07:00:00,,-26.627
1997-02-27 07:20:00,,-26.638
1997-02-27 07:40:00,,-26.655
1997-02-27 08:00:00,,-26.665
1997-02-27 08:20:00,,-26.65
1997-02-27 08:40:00,,-26.634
1997-02-27 09:00:00,,-26.623
1997-02-27 09:20:00,,-26.615
1997-02-27 09:40:00,,-26.611
1997-02-27 10:00:00,,-26.631
1997-02-27 10:20:00,,-26.647
1997-02-27 10:40:00,,-26.66
1997-02-27 11:00:00,,-26.67
1997-02-27 11:20:00,,-26.679
1997-02-27 11:40:00,,-26.688
1997-02-27 12:00:00,,-26.696
1997-02-27 12:20:00,,-26.703
1997-02-27 12:40:00,,-26.71
1997-02-27 13:00:00,,-26.718
1997-02-27 13:20:00,,-26.723
1997-02-27 13:40:00,,-26.732
1997-02-27 14:00:00,,-26.725
1997-02-27 14:20:00,,-26.706
1997-02-27 14:40:00,,-26.694
1997-02-27 15:00:00,,-26.689
1997-02-27 15:20:00,,-26.684
1997-02-27 15:40:00,,-26.682
1997-02-27 16:00:00,,-26.68
1997-02-27 16:20:00,,-26.679
1997-02-27 18:20:00,,-26.679
1997-02-27 18:40:00,,-26.68
1997-02-27 19:00:00,,-26.692
1997-02-27 19:20:00,,-26.704
1997-02-27 19:40:00,,-26.718
1997-02-27 20:00:00,,-26.729
1997-02-27 20:20:00,,-26.739
1997-02-27 20:40:00,,-26.749
1997-02-27 21:00:00,,-26.757
1997-02-27 21:20:00,,-26.761
1997-02-27 22:00:00,,-26.761
1997-02-27 22:20:00,,-26.755
1997-02-27 23:40:00,,-26.715
1997-02-28 00:00:00,,-26.707
1997-02-28 00:20:00,,-26.697
1997-02-28 00:40:00,,-26.687
1997-02-28 01:00:00,,-26.678
1997-02-28 01:20:00,,-26.669
1997-02-28 01:40:00,,-26.662
1997-02-28 02:00:00,,-26.653
1997-02-28 02:20:00,,-26.647
1997-02-28 02:40:00,,-26.641
1997-02-28 03:00:00,,-26.635
1997-02-28 03:20:00,,-26.63
1997-02-28 03:40:00,,-26.625
1997-02-28 04:00:00,,-26.62
1997-02-28 04:20:00,,-26.616
1997-02-28 04:40:00,,-26.611
1997-02-28 05:00:00,,-26.605
1997-02-28 05:20:00,,-26.603
1997-02-28 05:40:00,,-26.597
1997-02-28 06:00:00,,-26.594
1997-02-28 06:20:00,,-26.59
1997-02-28 06:40:00,,-26.589
1997-02-28 07:00:00,,-26.613
1997-02-28 07:20:00,,-26.627
1997-02-28 07:40:00,,-26.638
1997-02-28 08:00:00,,-26.645
1997-02-28 08:20:00,,-26.651
1997-02-28 08:40:00,,-26.655
1997-02-28 09:00:00,,-26.659
1997-02-28 09:20:00,,-26.662
1997-02-28 09:40:00,,-26.665
1997-02-28 10:00:00,,-26.668
1997-02-28 10:20:00,,-26.649
1997-02-28 10:40:00,,-26.629
1997-02-28 11:00:00,,-26.617
1997-02-28 11:20:00,,-26.607
1997-02-28 11:40:00,,-26.599
1997-02-28 12:00:00,,-26.594
1997-02-28 12:20:00,,-26.591
1997-02-28 12:40:00,,-26.587
1997-02-28 14:00:00,,-26.587
1997-02-28 14:20:00,,-26.617
1997-02-28 14:40:00,,-26.638
1997-02-28 15:00:00,,-26.657
1997-02-28 15:20:00,,-26.67
1997-02-28 15:40:00,,-26.682
1997-02-28 16:00:00,,-26.692
1997-02-28 16:20:00,,-26.7
1997-02-28 16:40:00,,-26.71
1997-02-28 17:00:00,,-26.717
1997-02-28 17:20:00,,-26.722
1997-02-28 17:40:00,,-26.731
1997-02-28 18:00:00,,-26.725
1997-02-28 18:20:00,,-26.708
1997-02-28 18:40:00,,-26.7
1997-02-28 19:00:00,,-26.699
1997-02-28 20:00:00,,-26.699
1997-02-28 20:20:00,,-26.704
1997-02-28 20:40:00,,-26.708
1997-02-28 21:00:00,,-26.713
1997-02-28 21:20:00,,-26.714
1997-02-28 21:40:00,,-26.714
1997-02-28 22:00:00,,-26.712
1997-02-28 22:20:00,,-26.699
1997-02-28 22:40:00,,-26.689
1997-02-28 23:00:00,,-26.678
1997-02-28 23:20:00,,-26.668
1997-02-28 23:40:00,,-26.659
1997-03-01 00:00:00,,-26.65
1997-03-01 00:20:00,,-26.642
1997-03-01 00:40:00,,-26.633
1997-03-01 01:00:00,,-26.627
1997-03-01 01:20:00,,-26.618
1997-03-01 01:40:00,,-26.612
1997-03-01 02:00:00,,-26.605
1997-03-01 02:20:00,,-26.598
1997-03-01 02:40:00,,-26.593
1997-03-01 03:00:00,,-26.588
1997-03-01 03:20:00,,-26.583
1997-03-01 03:40:00,,-26.579
1997-03-01 04:00:00,,-26.576
1997-03-01 04:20:00,,-26.571
1997-03-01 04:40:00,,-26.568
1997-03-01 05:00:00,,-26.564
1997-03-01 05:20:00,,-26.561
1997-03-01 05:40:00,,-26.558
1997-03-01 06:00:00,,-26.554
1997-03-01 06:20:00,,-26.575
1997-03-01 06:40:00,,-26.591
1997-03-01 07:00:00,,-26.584
1997-03-01 07:20:00,,-26.571
1997-03-01 07:40:00,,-26.563
1997-03-01 08:00:00,,-26.556
1997-03-01 08:20:00,,-26.552
1997-03-01 08:40:00,,-26.548
1997-03-01 09:00:00,,-26.545
1997-03-01 09:20:00,,-26.542
1997-03-01 09:40:00,,-26.539
1997-03-01 10:00:00,,-26.537
1997-03-01 10:20:00,,-26.533
1997-03-01 10:40:00,,-26.534
1997-03-01 11:00:00,,-26.559
1997-03-01 11:20:00,,-26.578
1997-03-01 11:40:00,,-26.588
1997-03-01 12:00:00,,-26.596
1997-03-01 12:20:00,,-26.602
1997-03-01 12:40:00,,-26.606
1997-03-01 13:00:00,,-26.61
1997-03-01 13:20:00,,-26.59
1997-03-01 13:40:00,,-26.571
1997-03-01 14:00:00,,-26.558
1997-03-01 14:20:00,,-26.547
1997-03-01 14:40:00,,-26.539
1997-03-01 15:00:00,,-26.532
1997-03-01 15:20:00,,-26.526
1997-03-01 15:40:00,,-26.521
1997-03-01 16:00:00,,-26.515
1997-03-01 16:20:00,,-26.511
1997-03-01 16:40:00,,-26.507
1997-03-01 17:00:00,,-26.506
1997-03-01 17:20:00,,-26.506
1997-03-01 17:40:00,,-26.507
1997-03-01 18:00:00,,-26.518
1997-03-01 18:20:00,,-26.528
1997-03-01 18:40:00,,-26.537
1997-03-01 19:00:00,,-26.574
1997-03-01 19:20:00,,-26.605
1997-03-01 19:40:00,,-26.632
1997-03-01 20:00:00,,-26.654
1997-03-01 20:20:00,,-26.672
1997-03-01 20:40:00,,-26.689
1997-03-01 21:00:00,,-26.704
1997-03-01 21:20:00,,-26.717
1997-03-01 21:40:00,,-26.729
1997-03-01 22:00:00,,-26.739
1997-03-01 22:20:00,,-26.749
1997-03-01 22:40:00,,-26.758
1997-03-01 23:00:00,,-26.765
1997-03-01 23:20:00,,-26.773
1997-03-01 23:40:00,,-26.781
1997-03-02 00:00:00,,-26.786
1997-03-02 00:20:00,,-26.789
1997-03-02 01:00:00,,-26.789
1997-03-02 01:20:00,,-26.783
1997-03-02 01:40:00,,-26.775
1997-03-02 02:00:00,,-26.769
1997-03-02 02:20:00,,-26.764
1997-03-02 02:40:00,,-26.759
1997-03-02 03:00:00,,-26.754
1997-03-02 04:20:00,,-26.743
1997-03-02 04:40:00,,-26.74
1997-03-02 05:00:00,,-26.739
1997-03-02 05:20:00,,-26.737
1997-03-02 05:40:00,,-26.735
1997-03-02 07:20:00,,-26.73
1997-03-02 07:40:00,,-26.73
1997-03-02 08:00:00,,-26.732
1997-03-02 08:20:00,,-26.74
1997-03-02 08:40:00,,-26.752
1997-03-02 09:00:00,,-26.762
1997-03-02 09:20:00,,-26.772
1997-03-02 09:40:00,,-26.783
1997-03-02 10:00:00,,-26.793
1997-03-02 10:20:00,,-26.803
1997-03-02 10:40:00,,-26.813
1997-03-02 12:00:00,,-26.857
1997-03-02 13:20:00,,-26.9
1997-03-02 13:40:00,,-26.91
1997-03-02 14:00:00,,-26.92
1997-03-02 14:20:00,,-26.931
1997-03-02 14:40:00,,-26.942
1997-03-02 16:00:00,,-26.983
1997-03-02 16:20:00,,-26.989
1997-03-02 16:40:00,,-26.974
1997-03-02 17:00:00,,-26.963
1997-03-02 17:20:00,,-26.958
1997-03-02 17:40:00,,-26.955
1997-03-02 19:00:00,,-26.955
1997-03-02 19:20:00,,-26.958
1997-03-02 19:40:00,,-26.961
1997-03-02 21:20:00,,-26.983
1997-03-02 21:40:00,,-26.989
1997-03-02 22:00:00,,-26.991
1997-03-02 22:20:00,,-26.995
1997-03-02 22:40:00,,-26.998
1997-03-02 23:00:00,,-27
1997-03-02 23:20:00,,-27.003
1997-03-02 23:40:00,,-27.008
1997-03-03 00:00:00,,-27.01
1997-03-03 00:20:00,,-27.012
1997-03-03 01:40:00,,-27.022
1997-03-03 02:00:00,,-27.025
1997-03-03 02:20:00,,-27.029
1997-03-03 02:40:00,,-27.033
1997-03-03 03:00:00,,-27.037
1997-03-03 03:20:00,,-27.042
1997-03-03 03:40:00,,-27.046
1997-03-03 04:00:00,,-27.051
1997-03-03 04:20:00,,-27.054
1997-03-03 04:40:00,,-27.059
1997-03-03 05:00:00,,-27.064
1997-03-03 05:20:00,,-27.068
1997-03-03 05:40:00,,-27.073
1997-03-03 06:00:00,,-27.077
1997-03-03 06:20:00,,-27.078
1997-03-03 06:40:00,,-27.078
1997-03-03 07:00:00,,-27.097
1997-03-03 07:20:00,,-27.11
1997-03-03 07:40:00,,-27.116
1997-03-03 08:00:00,,-27.096
1997-03-03 08:20:00,,-27.079
1997-03-03 08:40:00,,-27.063
1997-03-03 09:00:00,,-27.051
1997-03-03 09:20:00,,-27.042
1997-03-03 09:40:00,,-27.033
1997-03-03 10:00:00,,-27.026
1997-03-03 10:20:00,,-27.017
1997-03-03 10:40:00,,-27.008
1997-03-03 11:00:00,,-26.998
1997-03-03 11:20:00,,-26.99
1997-03-03 11:40:00,,-26.999
1997-03-03 12:00:00,,-27.007
1997-03-03 12:20:00,,-27.009
1997-03-03 13:40:00,,-27.009
1997-03-03 14:00:00,,-27.005
1997-03-03 14:20:00,,-27.001
1997-03-03 14:40:00,,-26.996
1997-03-03 15:00:00,,-26.993
1997-03-03 15:20:00,,-26.987
1997-03-03 16:00:00,,-26.987
1997-03-03 16:20:00,,-26.994
1997-03-03 16:40:00,,-27.003
1997-03-03 17:00:00,,-27.011
1997-03-03 17:20:00,,-27.02
1997-03-03 17:40:00,,-27.031
1997-03-03 18:00:00,,-27.033
1997-03-03 18:20:00,,-27.016
1997-03-03 18:40:00,,-27.003
1997-03-03 19:00:00,,-26.998
1997-03-03 19:20:00,,-26.994
1997-03-03 19:40:00,,-26.991
1997-03-03 20:00:00,,-26.989
1997-03-03 20:20:00,,-26.986
1997-03-03 20:40:00,,-26.979
1997-03-03 21:00:00,,-26.968
1997-03-03 21:20:00,,-26.955
1997-03-03 21:40:00,,-26.942
1997-03-03 22:00:00,,-26.929
1997-03-03 22:20:00,,-26.914
1997-03-03 22:40:00,,-26.901
1997-03-03 23:00:00,,-26.887
1997-03-03 23:20:00,,-26.875
1997-03-03 23:40:00,,-26.862
1997-03-04 00:00:00,,-26.851
1997-03-04 00:20:00,,-26.84
1997-03-04 00:40:00,,-26.831
1997-03-04 01:00:00,,-26.82
1997-03-04 01:20:00,,-26.81
1997-03-04 01:40:00,,-26.802
1997-03-04 02:00:00,,-26.793
1997-03-04 02:20:00,,-26.785
1997-03-04 02:40:00,,-26.779
1997-03-04 03:00:00,,-26.773
1997-03-04 03:20:00,,-26.769
1997-03-04 03:40:00,,-26.762
1997-03-04 04:00:00,,-26.758
1997-03-04 04:20:00,,-26.754
1997-03-04 04:40:00,,-26.749
1997-03-04 07:00:00,,-26.726
1997-03-04 07:20:00,,-26.731
1997-03-04 07:40:00,,-26.754
1997-03-04 08:00:00,,-26.77
1997-03-04 08:20:00,,-26.782
1997-03-04 08:40:00,,-26.79
1997-03-04 09:00:00,,-26.78
1997-03-04 09:20:00,,-26.761
1997-03-04 09:40:00,,-26.747
1997-03-04 10:00:00,,-26.736
1997-03-04 10:20:00,,-26.727
1997-03-04 10:40:00,,-26.719
1997-03-04 11:00:00,,-26.713
1997-03-04 11:20:00,,-26.707
1997-03-04 11:40:00,,-26.721
1997-03-04 12:00:00,,-26.739
1997-03-04 12:20:00,,-26.752
1997-03-04 12:40:00,,-26.761
1997-03-04 13:00:00,,-26.774
1997-03-04 13:20:00,,-26.788
1997-03-04 13:40:00,,-26.805
1997-03-04 14:00:00,,-26.825
1997-03-04 14:20:00,,-26.845
1997-03-04 14:40:00,,-26.864
1997-03-04 15:00:00,,-26.883
1997-03-04 15:20:00,,-26.902
1997-03-04 15:40:00,,-26.92
1997-03-04 16:00:00,,-26.937
1997-03-04 16:20:00,,-26.953
1997-03-04 16:40:00,,-26.969
1997-03-04 17:00:00,,-26.985
1997-03-04 17:20:00,,-26.999
1997-03-04 17:40:00,,-27.013
1997-03-04 18:00:00,,-27.027
1997-03-04 18:20:00,,-27.04
1997-03-04 18:40:00,,-27.054
1997-03-04 19:00:00,,-27.067
1997-03-04 19:20:00,,-27.079
1997-03-04 19:40:00,,-27.09
1997-03-04 20:00:00,,-27.1
1997-03-04 20:20:00,,-27.11
1997-03-04 20:40:00,,-27.117
1997-03-04 21:00:00,,-27.123
1997-03-04 21:20:00,,-27.128
1997-03-04 21:40:00,,-27.132
1997-03-04 22:00:00,,-27.134
1997-03-04 22:20:00,,-27.136
1997-03-04 22:40:00,,-27.137
1997-03-05 00:20:00,,-27.137
1997-03-05 00:40:00,,-27.13
1997-03-05 01:00:00,,-27.118
1997-03-05 01:20:00,,-27.104
1997-03-05 01:40:00,,-27.091
1997-03-05 02:00:00,,-27.078
1997-03-05 02:20:00,,-27.067
1997-03-05 02:40:00,,-27.056
1997-03-05 03:00:00,,-27.046
1997-03-05 03:20:00,,-27.037
1997-03-05 03:40:00,,-27.028
1997-03-05 04:00:00,,-27.021
1997-03-05 04:20:00,,-27.013
1997-03-05 04:40:00,,-27.007
1997-03-05 05:00:00,,-27.001
1997-03-05 05:20:00,,-26.996
1997-03-05 05:40:00,,-26.991
1997-03-05 06:00:00,,-26.987
1997-03-05 06:20:00,,-26.984
1997-03-05 06:40:00,,-26.981
1997-03-05 07:00:00,,-26.977
1997-03-05 07:20:00,,-26.976
1997-03-05 07:40:00,,-26.976
1997-03-05 08:00:00,,-26.977
1997-03-05 08:20:00,,-26.984
1997-03-05 08:40:00,,-26.994
1997-03-05 09:00:00,,-27.002
1997-03-05 09:20:00,,-27.009
1997-03-05 09:40:00,,-27.016
1997-03-05 10:00:00,,-27.022
1997-03-05 10:20:00,,-27.026
1997-03-05 10:40:00,,-27.03
1997-03-05 11:00:00,,-27.011
1997-03-05 11:20:00,,-27.011
1997-03-05 11:40:00,,-27.015
1997-03-05 12:00:00,,-27.016
1997-03-05 12:20:00,,-27.016
1997-03-05 12:40:00,,-27.009
1997-03-05 13:00:00,,-26.989
1997-03-05 13:20:00,,-26.979
1997-03-05 14:40:00,,-26.953
1997-03-05 15:00:00,,-26.946
1997-03-05 15:20:00,,-26.941
1997-03-05 15:40:00,,-26.934
1997-03-05 16:00:00,,-26.905
1997-03-05 16:20:00,,-26.879
1997-03-05 16:40:00,,-26.863
1997-03-05 17:00:00,,-26.858
1997-03-05 17:20:00,,-26.883
1997-03-05 17:40:00,,-26.904
1997-03-05 18:00:00,,-26.92
1997-03-05 18:20:00,,-26.937
1997-03-05 18:40:00,,-26.951
1997-03-05 19:00:00,,-26.963
1997-03-05 19:20:00,,-26.975
1997-03-05 19:40:00,,-26.985
1997-03-05 20:00:00,,-26.995
1997-03-05 20:20:00,,-27.004
1997-03-05 20:40:00,,-27.012
1997-03-05 21:00:00,,-27.019
1997-03-05 21:20:00,,-27.026
1997-03-05 21:40:00,,-27.032
1997-03-05 22:00:00,,-27.038
1997-03-05 22:20:00,,-27.042
1997-03-05 22:40:00,,-27.046
1997-03-05 23:00:00,,-27.049
1997-03-05 23:20:00,,-27.051
1997-03-05 23:40:00,,-27.052
1997-03-06 00:00:00,,-27.053
1997-03-06 00:40:00,,-27.053
1997-03-06 01:00:00,,-27.045
1997-03-06 01:20:00,,-27.033
1997-03-06 01:40:00,,-27.022
1997-03-06 02:00:00,,-27.012
1997-03-06 02:20:00,,-27.002
1997-03-06 02:40:00,,-26.993
1997-03-06 03:00:00,,-26.985
1997-03-06 03:20:00,,-26.978
1997-03-06 03:40:00,,-26.971
1997-03-06 04:00:00,,-26.965
1997-03-06 04:20:00,,-26.96
1997-03-06 04:40:00,,-26.955
1997-03-06 05:00:00,,-26.951
1997-03-06 05:20:00,,-26.948
1997-03-06 05:40:00,,-26.945
1997-03-06 06:00:00,,-26.944
1997-03-06 06:20:00,,-26.943
1997-03-06 06:40:00,,-26.941
1997-03-06 07:00:00,,-26.94
1997-03-06 07:20:00,,-26.939
1997-03-06 07:40:00,,-26.938
1997-03-06 08:00:00,,-26.938
1997-03-06 08:20:00,,-26.937
1997-03-06 08:40:00,,-26.935
1997-03-06 09:00:00,,-26.934
1997-03-06 09:20:00,,-26.932
1997-03-06 09:40:00,,-26.93
1997-03-06 10:00:00,,-26.928
1997-03-06 10:20:00,,-26.924
1997-03-06 10:40:00,,-26.919
1997-03-06 11:00:00,,-26.916
1997-03-06 11:20:00,,-26.911
1997-03-06 11:40:00,,-26.906
1997-03-06 12:00:00,,-26.901
1997-03-06 12:20:00,,-26.893
1997-03-06 12:40:00,,-26.89
1997-03-06 13:00:00,,-26.884
1997-03-06 13:20:00,,-26.879
1997-03-06 13:40:00,,-26.878
1997-03-06 14:00:00,,-26.878
1997-03-06 14:20:00,,-26.88
1997-03-06 14:40:00,,-26.89
1997-03-06 15:00:00,,-26.9
1997-03-06 15:20:00,,-26.91
1997-03-06 15:40:00,,-26.922
1997-03-06 16:00:00,,-26.932
1997-03-06 16:20:00,,-26.944
1997-03-06 16:40:00,,-26.956
1997-03-06 17:00:00,,-26.97
1997-03-06 17:20:00,,-26.983
1997-03-06 17:40:00,,-26.995
1997-03-06 18:00:00,,-27.01
1997-03-06 18:20:00,,-27.022
1997-03-06 18:40:00,,-27.036
1997-03-06 19:00:00,,-27.05
1997-03-06 19:20:00,,-27.064
1997-03-06 19:40:00,,-27.065
1997-03-06 20:00:00,,-27.056
1997-03-06 20:20:00,,-27.051
1997-03-06 20:40:00,,-27.046
1997-03-06 21:00:00,,-27.039
1997-03-06 21:20:00,,-27.038
1997-03-06 22:00:00,,-27.038
1997-03-06 22:20:00,,-27.039
1997-03-06 22:40:00,,-27.044
1997-03-06 23:00:00,,-27.048
1997-03-06 23:20:00,,-27.051
1997-03-06 23:40:00,,-27.056
1997-03-07 00:00:00,,-27.06
1997-03-07 00:20:00,,-27.063
1997-03-07 00:40:00,,-27.066
1997-03-07 01:00:00,,-27.068
1997-03-07 01:20:00,,-27.072
1997-03-07 01:40:00,,-27.074
1997-03-07 02:00:00,,-27.077
1997-03-07 02:20:00,,-27.08
1997-03-07 02:40:00,,-27.083
1997-03-07 04:00:00,,-27.098
1997-03-07 04:20:00,,-27.102
1997-03-07 04:40:00,,-27.106
1997-03-07 06:00:00,,-27.126
1997-03-07 06:20:00,,-27.133
1997-03-07 06:40:00,,-27.135
1997-03-07 07:00:00,,-27.158
1997-03-07 07:20:00,,-27.18
1997-03-07 07:40:00,,-27.193
1997-03-07 08:00:00,,-27.2
1997-03-07 08:20:00,,-27.205
1997-03-07 08:40:00,,-27.208
1997-03-07 09:00:00,,-27.211
1997-03-07 09:20:00,,-27.212
1997-03-07 09:40:00,,-27.213
1997-03-07 11:40:00,,-27.213
1997-03-07 12:00:00,,-27.212
1997-03-07 12:20:00,,-27.208
1997-03-07 12:40:00,,-27.206
1997-03-07 13:00:00,,-27.203
1997-03-07 13:20:00,,-27.202
1997-03-07 13:40:00,,-27.202
1997-03-07 14:00:00,,-27.205
1997-03-07 14:20:00,,-27.214
1997-03-07 14:40:00,,-27.223
1997-03-07 15:00:00,,-27.214
1997-03-07 15:20:00,,-27.203
1997-03-07 15:40:00,,-27.197
1997-03-07 16:00:00,,-27.195
1997-03-07 17:20:00,,-27.195
1997-03-07 17:40:00,,-27.198
1997-03-07 18:00:00,,-27.203
1997-03-07 18:20:00,,-27.208
1997-03-07 18:40:00,,-27.212
1997-03-07 19:00:00,,-27.241
1997-03-07 19:20:00,,-27.27
1997-03-07 19:40:00,,-27.293
1997-03-07 20:00:00,,-27.312
1997-03-07 20:20:00,,-27.32
1997-03-07 20:40:00,,-27.311
1997-03-07 21:00:00,,-27.304
1997-03-07 21:20:00,,-27.301
1997-03-07 21:40:00,,-27.299
1997-03-07 23:00:00,,-27.296
1997-03-07 23:20:00,,-27.295
1997-03-07 23:40:00,,-27.294
1997-03-08 00:00:00,,-27.292
1997-03-08 00:20:00,,-27.287
1997-03-08 00:40:00,,-27.279
1997-03-08 01:00:00,,-27.267
1997-03-08 01:20:00,,-27.254
1997-03-08 01:40:00,,-27.242
1997-03-08 02:00:00,,-27.229
1997-03-08 02:20:00,,-27.218
1997-03-08 02:40:00,,-27.207
1997-03-08 03:00:00,,-27.197
1997-03-08 03:20:00,,-27.188
1997-03-08 03:40:00,,-27.181
1997-03-08 04:00:00,,-27.173
1997-03-08 04:20:00,,-27.166
1997-03-08 04:40:00,,-27.159
1997-03-08 05:00:00,,-27.155
1997-03-08 05:20:00,,-27.15
1997-03-08 05:40:00,,-27.147
1997-03-08 06:00:00,,-27.143
1997-03-08 07:20:00,,-27.135
1997-03-08 08:00:00,,-27.135
1997-03-08 08:20:00,,-27.134
1997-03-08 09:40:00,,-27.134
1997-03-08 10:00:00,,-27.132
1997-03-08 10:20:00,,-27.13
1997-03-08 10:40:00,,-27.127
1997-03-08 11:00:00,,-27.124
1997-03-08 11:20:00,,-27.12
1997-03-08 11:40:00,,-27.116
1997-03-08 12:00:00,,-27.112
1997-03-08 12:20:00,,-27.109
1997-03-08 12:40:00,,-27.103
1997-03-08 13:00:00,,-27.099
1997-03-08 13:40:00,,-27.099
1997-03-08 14:00:00,,-27.102
1997-03-08 14:20:00,,-27.11
1997-03-08 14:40:00,,-27.118
1997-03-08 16:20:00,,-27.154
1997-03-08 16:40:00,,-27.158
1997-03-08 18:00:00,,-27.183
1997-03-08 18:20:00,,-27.189
1997-03-08 19:40:00,,-27.219
1997-03-08 20:00:00,,-27.228
1997-03-08 20:20:00,,-27.236
1997-03-08 20:40:00,,-27.243
1997-03-08 21:00:00,,-27.251
1997-03-08 21:20:00,,-27.258
1997-03-08 21:40:00,,-27.264
1997-03-08 22:00:00,,-27.269
1997-03-08 22:20:00,,-27.274
1997-03-08 22:40:00,,-27.278
1997-03-08 23:00:00,,-27.282
1997-03-08 23:20:00,,-27.285
1997-03-08 23:40:00,,-27.288
1997-03-09 00:00:00,,-27.29
1997-03-09 00:20:00,,-27.291
1997-03-09 00:40:00,,-27.291
1997-03-09 01:00:00,,-27.284
1997-03-09 01:20:00,,-27.273
1997-03-09 01:40:00,,-27.263
1997-03-09 02:00:00,,-27.253
1997-03-09 02:20:00,,-27.242
1997-03-09 02:40:00,,-27.232
1997-03-09 03:00:00,,-27.224
1997-03-09 03:20:00,,-27.216
1997-03-09 03:40:00,,-27.208
1997-03-09 04:00:00,,-27.202
1997-03-09 04:20:00,,-27.195
1997-03-09 04:40:00,,-27.19
1997-03-09 05:00:00,,-27.185
1997-03-09 05:20:00,,-27.181
1997-03-09 05:40:00,,-27.177
1997-03-09 06:00:00,,-27.174
1997-03-09 06:20:00,,-27.171
1997-03-09 06:40:00,,-27.167
1997-03-09 07:00:00,,-27.187
1997-03-09 07:20:00,,-27.203
1997-03-09 08:00:00,,-27.203
1997-03-09 08:20:00,,-27.222
1997-03-09 08:40:00,,-27.236
1997-03-09 09:00:00,,-27.247
1997-03-09 09:20:00,,-27.256
1997-03-09 09:40:00,,-27.264
1997-03-09 10:00:00,,-27.27
1997-03-09 10:20:00,,-27.276
1997-03-09 10:40:00,,-27.28
1997-03-09 11:00:00,,-27.284
1997-03-09 11:20:00,,-27.286
1997-03-09 11:40:00,,-27.288
1997-03-09 12:00:00,,-27.289
1997-03-09 12:20:00,,-27.282
1997-03-09 12:40:00,,-27.257
1997-03-09 13:00:00,,-27.239
1997-03-09 13:20:00,,-27.23
1997-03-09 13:40:00,,-27.228
1997-03-09 14:20:00,,-27.228
1997-03-09 14:40:00,,-27.234
1997-03-09 15:00:00,,-27.24
1997-03-09 15:20:00,,-27.245
1997-03-09 15:40:00,,-27.251
1997-03-09 18:00:00,,-27.283
1997-03-09 19:20:00,,-27.306
1997-03-09 19:40:00,,-27.313
1997-03-09 20:00:00,,-27.319
1997-03-09 21:20:00,,-27.343
1997-03-09 21:40:00,,-27.347
1997-03-09 22:00:00,,-27.352
1997-03-09 22:20:00,,-27.356
1997-03-09 22:40:00,,-27.36
1997-03-09 23:00:00,,-27.363
1997-03-09 23:20:00,,-27.366
1997-03-09 23:40:00,,-27.369
1997-03-10 00:00:00,,-27.371
1997-03-10 00:40:00,,-27.371
1997-03-10 01:00:00,,-27.364
1997-03-10 01:20:00,,-27.354
1997-03-10 01:40:00,,-27.343
1997-03-10 02:00:00,,-27.333
1997-03-10 02:20:00,,-27.322
1997-03-10 02:40:00,,-27.312
1997-03-10 03:00:00,,-27.303
1997-03-10 03:20:00,,-27.294
1997-03-10 03:40:00,,-27.286
1997-03-10 04:00:00,,-27.278
1997-03-10 04:20:00,,-27.271
1997-03-10 04:40:00,,-27.264
1997-03-10 05:00:00,,-27.258
1997-03-10 05:20:00,,-27.253
1997-03-10 05:40:00,,-27.246
1997-03-10 06:00:00,,-27.258
1997-03-10 06:20:00,,-27.277
1997-03-10 06:40:00,,-27.29
1997-03-10 07:00:00,,-27.301
1997-03-10 07:20:00,,-27.308
1997-03-10 07:40:00,,-27.313
1997-03-10 08:00:00,,-27.319
1997-03-10 08:20:00,,-27.323
1997-03-10 08:40:00,,-27.328
1997-03-10 09:00:00,,-27.332
1997-03-10 09:20:00,,-27.335
1997-03-10 09:40:00,,-27.338
1997-03-10 10:00:00,,-27.34
1997-03-10 10:20:00,,-27.342
1997-03-10 11:40:00,,-27.344
1997-03-10 13:20:00,,-27.344
1997-03-10 13:40:00,,-27.347
1997-03-10 14:00:00,,-27.357
1997-03-10 14:20:00,,-27.367
1997-03-10 14:40:00,,-27.376
1997-03-10 15:00:00,,-27.387
1997-03-10 15:20:00,,-27.396
1997-03-10 16:40:00,,-27.426
1997-03-10 17:00:00,,-27.433
1997-03-10 17:20:00,,-27.438
1997-03-10 18:20:00,,-27.438
1997-03-10 18:40:00,,-27.434
1997-03-10 19:00:00,,-27.431
1997-03-10 19:20:00,,-27.427
1997-03-10 19:40:00,,-27.423
1997-03-10 20:00:00,,-27.421
1997-03-10 20:20:00,,-27.417
1997-03-10 20:40:00,,-27.413
1997-03-10 21:00:00,,-27.409
1997-03-10 21:20:00,,-27.403
1997-03-10 21:40:00,,-27.397
1997-03-10 22:00:00,,-27.391
1997-03-10 22:20:00,,-27.383
1997-03-10 22:40:00,,-27.377
1997-03-10 23:00:00,,-27.369
1997-03-10 23:20:00,,-27.362
1997-03-10 23:40:00,,-27.355
1997-03-11 00:00:00,,-27.348
1997-03-11 00:20:00,,-27.34
1997-03-11 00:40:00,,-27.332
1997-03-11 01:00:00,,-27.325
1997-03-11 01:20:00,,-27.317
1997-03-11 01:40:00,,-27.31
1997-03-11 02:00:00,,-27.302
1997-03-11 02:20:00,,-27.294
1997-03-11 02:40:00,,-27.288
1997-03-11 03:00:00,,-27.281
1997-03-11 03:20:00,,-27.275
1997-03-11 03:40:00,,-27.267
1997-03-11 04:00:00,,-27.261
1997-03-11 04:20:00,,-27.254
1997-03-11 04:40:00,,-27.248
1997-03-11 06:00:00,,-27.228
1997-03-11 06:20:00,,-27.224
1997-03-11 06:40:00,,-27.219
1997-03-11 08:00:00,,-27.207
1997-03-11 08:20:00,,-27.182
1997-03-11 08:40:00,,-27.179
1997-03-11 09:00:00,,-27.179
1997-03-11 10:20:00,,-27.167
1997-03-11 10:40:00,,-27.166
1997-03-11 11:00:00,,-27.166
1997-03-11 11:20:00,,-27.17
1997-03-11 11:40:00,,-27.18
1997-03-11 12:00:00,,-27.191
1997-03-11 12:20:00,,-27.203
1997-03-11 12:40:00,,-27.213
1997-03-11 13:00:00,,-27.225
1997-03-11 13:20:00,,-27.237
1997-03-11 13:40:00,,-27.248
1997-03-11 14:00:00,,-27.258
1997-03-11 14:20:00,,-27.272
1997-03-11 14:40:00,,-27.274
1997-03-11 15:00:00,,-27.261
1997-03-11 15:20:00,,-27.255
1997-03-11 15:40:00,,-27.278
1997-03-11 16:00:00,,-27.296
1997-03-11 16:20:00,,-27.311
1997-03-11 16:40:00,,-27.323
1997-03-11 17:00:00,,-27.33
1997-03-11 17:20:00,,-27.331
1997-03-11 18:20:00,,-27.331
1997-03-11 18:40:00,,-27.33
1997-03-11 19:00:00,,-27.328
1997-03-11 19:20:00,,-27.326
1997-03-11 19:40:00,,-27.325
1997-03-11 20:00:00,,-27.325
1997-03-11 20:20:00,,-27.306
1997-03-11 20:40:00,,-27.283
1997-03-11 21:00:00,,-27.266
1997-03-11 21:20:00,,-27.255
1997-03-11 21:40:00,,-27.245
1997-03-11 22:00:00,,-27.236
1997-03-11 22:20:00,,-27.228
1997-03-11 22:40:00,,-27.22
1997-03-11 23:00:00,,-27.212
1997-03-11 23:20:00,,-27.202
1997-03-11 23:40:00,,-27.193
1997-03-12 00:00:00,,-27.183
1997-03-12 00:20:00,,-27.172
1997-03-12 00:40:00,,-27.162
1997-03-12 01:00:00,,-27.152
1997-03-12 01:20:00,,-27.14
1997-03-12 01:40:00,,-27.13
1997-03-12 02:00:00,,-27.121
1997-03-12 02:20:00,,-27.112
1997-03-12 02:40:00,,-27.102
1997-03-12 03:00:00,,-27.093
1997-03-12 03:20:00,,-27.084
1997-03-12 03:40:00,,-27.075
1997-03-12 04:00:00,,-27.067
1997-03-12 04:20:00,,-27.058
1997-03-12 04:40:00,,-27.052
1997-03-12 05:00:00,,-27.043
1997-03-12 05:20:00,,-27.035
1997-03-12 05:40:00,,-27.027
1997-03-12 06:00:00,,-27.029
1997-03-12 06:20:00,,-27.049
1997-03-12 06:40:00,,-27.061
1997-03-12 07:00:00,,-27.068
1997-03-12 07:20:00,,-27.073
1997-03-12 07:40:00,,-27.077
1997-03-12 08:00:00,,-27.079
1997-03-12 08:20:00,,-27.083
1997-03-12 08:40:00,,-27.085
1997-03-12 09:00:00,,-27.089
1997-03-12 09:20:00,,-27.093
1997-03-12 09:40:00,,-27.098
1997-03-12 10:00:00,,-27.103
1997-03-12 11:20:00,,-27.129
1997-03-12 11:40:00,,-27.136
1997-03-12 13:00:00,,-27.16
1997-03-12 13:20:00,,-27.17
1997-03-12 13:40:00,,-27.184
1997-03-12 14:00:00,,-27.2
1997-03-12 14:20:00,,-27.216
1997-03-12 14:40:00,,-27.234
1997-03-12 15:00:00,,-27.25
1997-03-12 15:20:00,,-27.265
1997-03-12 15:40:00,,-27.28
1997-03-12 16:00:00,,-27.294
1997-03-12 16:20:00,,-27.306
1997-03-12 16:40:00,,-27.32
1997-03-12 17:00:00,,-27.332
1997-03-12 17:20:00,,-27.34
1997-03-12 17:40:00,,-27.343
1997-03-12 18:00:00,,-27.344
1997-03-12 19:00:00,,-27.344
1997-03-12 19:20:00,,-27.343
1997-03-12 22:40:00,,-27.343
1997-03-13 00:20:00,,-27.346
1997-03-13 01:40:00,,-27.346
1997-03-13 03:00:00,,-27.35
1997-03-13 03:20:00,,-27.35
1997-03-13 03:40:00,,-27.352
1997-03-13 04:00:00,,-27.353
1997-03-13 04:20:00,,-27.353
1997-03-13 04:40:00,,-27.354
1997-03-13 05:00:00,,-27.356
1997-03-13 05:20:00,,-27.357
1997-03-13 05:40:00,,-27.358
1997-03-13 06:00:00,,-27.36
1997-03-13 06:20:00,,-27.361
1997-03-13 06:40:00,,-27.362
1997-03-13 07:00:00,,-27.363
1997-03-13 07:20:00,,-27.365
1997-03-13 07:40:00,,-27.366
1997-03-13 09:00:00,,-27.372
1997-03-13 09:20:00,,-27.375
1997-03-13 09:40:00,,-27.376
1997-03-13 10:00:00,,-27.378
1997-03-13 11:20:00,,-27.378
1997-03-13 11:40:00,,-27.379
1997-03-13 13:00:00,,-27.379
1997-03-13 13:20:00,,-27.382
1997-03-13 13:40:00,,-27.391
1997-03-13 14:00:00,,-27.402
1997-03-13 14:20:00,,-27.414
1997-03-13 14:40:00,,-27.427
1997-03-13 15:00:00,,-27.438
1997-03-13 15:20:00,,-27.45
1997-03-13 15:40:00,,-27.461
1997-03-13 16:00:00,,-27.471
1997-03-13 16:20:00,,-27.481
1997-03-13 16:40:00,,-27.49
1997-03-13 17:00:00,,-27.498
1997-03-13 17:20:00,,-27.503
1997-03-13 17:40:00,,-27.504
1997-03-13 18:20:00,,-27.504
1997-03-13 18:40:00,,-27.499
1997-03-13 19:00:00,,-27.495
1997-03-13 19:20:00,,-27.491
1997-03-13 19:40:00,,-27.488
1997-03-13 20:00:00,,-27.48
1997-03-13 20:20:00,,-27.451
1997-03-13 20:40:00,,-27.429
1997-03-13 21:00:00,,-27.413
1997-03-13 21:20:00,,-27.399
1997-03-13 21:40:00,,-27.389
1997-03-13 22:00:00,,-27.38
1997-03-13 22:20:00,,-27.371
1997-03-13 22:40:00,,-27.364
1997-03-13 23:00:00,,-27.357
1997-03-13 23:20:00,,-27.351
1997-03-13 23:40:00,,-27.346
1997-03-14 00:00:00,,-27.341
1997-03-14 00:20:00,,-27.335
1997-03-14 01:40:00,,-27.318
1997-03-14 03:00:00,,-27.306
1997-03-14 03:20:00,,-27.304
1997-03-14 03:40:00,,-27.3
1997-03-14 04:00:00,,-27.299
1997-03-14 04:20:00,,-27.298
1997-03-14 04:40:00,,-27.295
1997-03-14 05:00:00,,-27.294
1997-03-14 05:20:00,,-27.292
1997-03-14 05:40:00,,-27.29
1997-03-14 06:00:00,,-27.287
1997-03-14 06:20:00,,-27.296
1997-03-14 06:40:00,,-27.32
1997-03-14 07:00:00,,-27.336
1997-03-14 07:20:00,,-27.348
1997-03-14 07:40:00,,-27.358
1997-03-14 08:00:00,,-27.366
1997-03-14 08:20:00,,-27.371
1997-03-14 08:40:00,,-27.378
1997-03-14 09:00:00,,-27.383
1997-03-14 09:20:00,,-27.387
1997-03-14 09:40:00,,-27.391
1997-03-14 10:00:00,,-27.394
1997-03-14 10:20:00,,-27.396
1997-03-14 10:40:00,,-27.398
1997-03-14 11:00:00,,-27.4
1997-03-14 11:20:00,,-27.4
1997-03-14 11:40:00,,-27.402
1997-03-14 12:00:00,,-27.403
1997-03-14 12:20:00,,-27.403
1997-03-14 12:40:00,,-27.404
1997-03-14 13:00:00,,-27.408
1997-03-14 13:20:00,,-27.403
1997-03-14 13:40:00,,-27.388
1997-03-14 14:00:00,,-27.384
1997-03-14 14:20:00,,-27.383
1997-03-14 14:40:00,,-27.383
1997-03-14 15:00:00,,-27.403
1997-03-14 15:20:00,,-27.433
1997-03-14 15:40:00,,-27.456
1997-03-14 16:00:00,,-27.474
1997-03-14 16:20:00,,-27.489
1997-03-14 16:40:00,,-27.502
1997-03-14 17:00:00,,-27.514
1997-03-14 17:20:00,,-27.523
1997-03-14 17:40:00,,-27.526
1997-03-14 18:00:00,,-27.527
1997-03-14 18:40:00,,-27.527
1997-03-14 19:00:00,,-27.523
1997-03-14 20:20:00,,-27.497
1997-03-14 20:40:00,,-27.489
1997-03-14 21:00:00,,-27.481
1997-03-14 21:20:00,,-27.473
1997-03-14 21:40:00,,-27.464
1997-03-14 22:00:00,,-27.456
1997-03-14 22:20:00,,-27.448
1997-03-14 22:40:00,,-27.44
1997-03-14 23:00:00,,-27.43
1997-03-15 01:20:00,,-27.374
1997-03-15 03:40:00,,-27.334
1997-03-15 05:20:00,,-27.314
1997-03-15 05:40:00,,-27.309
1997-03-15 07:00:00,,-27.297
1997-03-15 07:20:00,,-27.293
1997-03-15 07:40:00,,-27.29
1997-03-15 08:00:00,,-27.286
1997-03-15 08:20:00,,-27.284
1997-03-15 08:40:00,,-27.28
1997-03-15 09:00:00,,-27.276
1997-03-15 09:20:00,,-27.273
1997-03-15 09:40:00,,-27.269
1997-03-15 10:00:00,,-27.264
1997-03-15 10:20:00,,-27.26
1997-03-15 10:40:00,,-27.256
1997-03-15 11:00:00,,-27.253
1997-03-15 11:20:00,,-27.25
1997-03-15 11:40:00,,-27.249
1997-03-15 12:00:00,,-27.248
1997-03-15 13:20:00,,-27.248
1997-03-15 13:40:00,,-27.249
1997-03-15 15:00:00,,-27.263
1997-03-15 15:20:00,,-27.269
1997-03-15 15:40:00,,-27.273
1997-03-15 16:00:00,,-27.278
1997-03-15 16:20:00,,-27.283
1997-03-15 16:40:00,,-27.289
1997-03-15 17:00:00,,-27.3
1997-03-15 17:20:00,,-27.312
1997-03-15 17:40:00,,-27.329
1997-03-15 18:00:00,,-27.345
1997-03-15 18:20:00,,-27.362
1997-03-15 18:40:00,,-27.379
1997-03-15 19:00:00,,-27.394
1997-03-15 19:20:00,,-27.408
1997-03-15 19:40:00,,-27.423
1997-03-15 20:00:00,,-27.436
1997-03-15 20:20:00,,-27.443
1997-03-15 20:40:00,,-27.446
1997-03-15 21:00:00,,-27.447
1997-03-15 22:40:00,,-27.447
1997-03-15 23:00:00,,-27.446
1997-03-15 23:20:00,,-27.445
1997-03-15 23:40:00,,-27.444
1997-03-16 00:00:00,,-27.444
1997-03-16 00:20:00,,-27.443
1997-03-16 00:40:00,,-27.441
1997-03-16 01:20:00,,-27.441
1997-03-16 01:40:00,,-27.439
1997-03-16 04:40:00,,-27.439
1997-03-16 06:00:00,,-27.445
1997-03-16 07:20:00,,-27.451
1997-03-16 08:40:00,,-27.451
1997-03-16 09:00:00,,-27.447
1997-03-16 09:20:00,,-27.442
1997-03-16 09:40:00,,-27.437
1997-03-16 10:00:00,,-27.429
1997-03-16 10:20:00,,-27.422
1997-03-16 10:40:00,,-27.415
1997-03-16 11:00:00,,-27.408
1997-03-16 11:20:00,,-27.403
1997-03-16 11:40:00,,-27.397
1997-03-16 12:00:00,,-27.393
1997-03-16 12:20:00,,-27.391
1997-03-16 12:40:00,,-27.387
1997-03-16 13:00:00,,-27.385
1997-03-16 13:20:00,,-27.384
1997-03-16 14:00:00,,-27.384
1997-03-16 14:20:00,,-27.383
1997-03-16 16:20:00,,-27.383
1997-03-16 16:40:00,,-27.387
1997-03-16 17:00:00,,-27.395
1997-03-16 17:20:00,,-27.408
1997-03-16 17:40:00,,-27.423
1997-03-16 18:00:00,,-27.438
1997-03-16 18:20:00,,-27.451
1997-03-16 18:40:00,,-27.465
1997-03-16 19:00:00,,-27.477
1997-03-16 19:20:00,,-27.488
1997-03-16 19:40:00,,-27.497
1997-03-16 20:00:00,,-27.504
1997-03-16 20:20:00,,-27.506
1997-03-16 20:40:00,,-27.506
1997-03-16 21:00:00,,-27.503
1997-03-16 21:20:00,,-27.492
1997-03-16 21:40:00,,-27.482
1997-03-16 22:00:00,,-27.47
1997-03-16 22:20:00,,-27.458
1997-03-16 22:40:00,,-27.447
1997-03-16 23:00:00,,-27.436
1997-03-16 23:20:00,,-27.425
1997-03-16 23:40:00,,-27.415
1997-03-17 00:00:00,,-27.404
1997-03-17 01:20:00,,-27.368
1997-03-17 01:40:00,,-27.36
1997-03-17 02:00:00,,-27.353
1997-03-17 02:20:00,,-27.346
1997-03-17 02:40:00,,-27.339
1997-03-17 03:00:00,,-27.333
1997-03-17 03:20:00,,-27.328
1997-03-17 03:40:00,,-27.321
1997-03-17 04:00:00,,-27.317
1997-03-17 04:20:00,,-27.311
1997-03-17 04:40:00,,-27.307
1997-03-17 05:00:00,,-27.303
1997-03-17 05:20:00,,-27.298
1997-03-17 05:40:00,,-27.295
1997-03-17 06:00:00,,-27.292
1997-03-17 06:20:00,,-27.288
1997-03-17 06:40:00,,-27.285
1997-03-17 07:00:00,,-27.282
1997-03-17 07:20:00,,-27.279
1997-03-17 07:40:00,,-27.274
1997-03-17 08:00:00,,-27.271
1997-03-17 08:20:00,,-27.267
1997-03-17 08:40:00,,-27.264
1997-03-17 09:00:00,,-27.258
1997-03-17 09:20:00,,-27.254
1997-03-17 09:40:00,,-27.25
1997-03-17 10:00:00,,-27.247
1997-03-17 10:20:00,,-27.244
1997-03-17 10:40:00,,-27.239
1997-03-17 11:00:00,,-27.236
1997-03-17 11:20:00,,-27.232
1997-03-17 11:40:00,,-27.217
1997-03-17 14:20:00,,-27.217
1997-03-17 14:40:00,,-27.22
1997-03-17 15:00:00,,-27.224
1997-03-17 15:20:00,,-27.227
1997-03-17 15:40:00,,-27.232
1997-03-17 16:00:00,,-27.236
1997-03-17 16:20:00,,-27.242
1997-03-17 16:40:00,,-27.249
1997-03-17 17:00:00,,-27.261
1997-03-17 17:20:00,,-27.277
1997-03-17 17:40:00,,-27.295
1997-03-17 18:00:00,,-27.312
1997-03-17 18:20:00,,-27.33
1997-03-17 18:40:00,,-27.346
1997-03-17 19:00:00,,-27.363
1997-03-17 19:20:00,,-27.381
1997-03-17 19:40:00,,-27.383
1997-03-17 20:00:00,,-27.375
1997-03-17 20:20:00,,-27.366
1997-03-17 20:40:00,,-27.355
1997-03-17 21:00:00,,-27.344
1997-03-17 21:20:00,,-27.332
1997-03-17 21:40:00,,-27.32
1997-03-17 23:00:00,,-27.267
1997-03-17 23:20:00,,-27.252
1997-03-18 00:40:00,,-27.2
1997-03-18 01:00:00,,-27.188
1997-03-18 01:20:00,,-27.176
1997-03-18 01:40:00,,-27.166
1997-03-18 02:00:00,,-27.156
1997-03-18 02:20:00,,-27.146
1997-03-18 02:40:00,,-27.138
1997-03-18 03:00:00,,-27.129
1997-03-18 03:20:00,,-27.121
1997-03-18 03:40:00,,-27.114
1997-03-18 04:00:00,,-27.106
1997-03-18 05:40:00,,-27.076
1997-03-18 06:00:00,,-27.072
1997-03-18 06:20:00,,-27.066
1997-03-18 06:40:00,,-27.082
1997-03-18 07:00:00,,-27.099
1997-03-18 07:20:00,,-27.11
1997-03-18 07:40:00,,-27.118
1997-03-18 08:00:00,,-27.125
1997-03-18 08:20:00,,-27.131
1997-03-18 08:40:00,,-27.136
1997-03-18 09:00:00,,-27.142
1997-03-18 09:20:00,,-27.148
1997-03-18 09:40:00,,-27.153
1997-03-18 10:00:00,,-27.16
1997-03-18 10:20:00,,-27.165
1997-03-18 10:40:00,,-27.171
1997-03-18 11:00:00,,-27.176
1997-03-18 11:20:00,,-27.18
1997-03-18 11:40:00,,-27.185
1997-03-18 12:00:00,,-27.188
1997-03-18 13:20:00,,-27.201
1997-03-18 13:40:00,,-27.205
1997-03-18 14:00:00,,-27.211
1997-03-18 14:20:00,,-27.207
1997-03-18 14:40:00,,-27.186
1997-03-18 15:00:00,,-27.172
1997-03-18 15:20:00,,-27.163
1997-03-18 15:40:00,,-27.157
1997-03-18 16:00:00,,-27.154
1997-03-18 16:20:00,,-27.15
1997-03-18 17:00:00,,-27.15
1997-03-18 17:20:00,,-27.157
1997-03-18 17:40:00,,-27.169
1997-03-18 18:00:00,,-27.181
1997-03-18 18:20:00,,-27.195
1997-03-18 18:40:00,,-27.208
1997-03-18 19:00:00,,-27.22
1997-03-18 19:20:00,,-27.233
1997-03-18 19:40:00,,-27.244
1997-03-18 20:00:00,,-27.252
1997-03-18 20:20:00,,-27.256
1997-03-18 21:00:00,,-27.256
1997-03-18 21:20:00,,-27.265
1997-03-18 21:40:00,,-27.278
1997-03-18 22:00:00,,-27.284
1997-03-18 22:20:00,,-27.285
1997-03-18 23:00:00,,-27.285
1997-03-18 23:20:00,,-27.282
1997-03-18 23:40:00,,-27.277
1997-03-19 00:00:00,,-27.271
1997-03-19 00:20:00,,-27.264
1997-03-19 00:40:00,,-27.257
1997-03-19 01:00:00,,-27.251
1997-03-19 01:20:00,,-27.244
1997-03-19 01:40:00,,-27.237
1997-03-19 02:00:00,,-27.232
1997-03-19 02:20:00,,-27.226
1997-03-19 02:40:00,,-27.222
1997-03-19 03:00:00,,-27.216
1997-03-19 03:20:00,,-27.212
1997-03-19 03:40:00,,-27.208
1997-03-19 04:00:00,,-27.204
1997-03-19 04:20:00,,-27.201
1997-03-19 04:40:00,,-27.198
1997-03-19 05:00:00,,-27.196
1997-03-19 05:20:00,,-27.193
1997-03-19 05:40:00,,-27.193
1997-03-19 06:00:00,,-27.19
1997-03-19 06:20:00,,-27.187
1997-03-19 06:40:00,,-27.186
1997-03-19 07:00:00,,-27.185
1997-03-19 07:20:00,,-27.183
1997-03-19 07:40:00,,-27.181
1997-03-19 08:00:00,,-27.18
1997-03-19 08:20:00,,-27.178
1997-03-19 09:40:00,,-27.172
1997-03-19 11:20:00,,-27.172
1997-03-19 11:40:00,,-27.17
1997-03-19 14:00:00,,-27.128
1997-03-19 15:20:00,,-27.111
1997-03-19 15:40:00,,-27.108
1997-03-19 16:00:00,,-27.105
1997-03-19 16:20:00,,-27.103
1997-03-19 16:40:00,,-27.102
1997-03-19 17:00:00,,-27.102
1997-03-19 17:20:00,,-27.107
1997-03-19 17:40:00,,-27.117
1997-03-19 18:00:00,,-27.128
1997-03-19 18:20:00,,-27.139
1997-03-19 18:40:00,,-27.15
1997-03-19 19:00:00,,-27.16
1997-03-19 19:20:00,,-27.169
1997-03-19 19:40:00,,-27.178
1997-03-19 20:00:00,,-27.186
1997-03-19 20:20:00,,-27.19
1997-03-19 20:40:00,,-27.19
1997-03-19 21:00:00,,-27.193
1997-03-19 21:20:00,,-27.19
1997-03-19 21:40:00,,-27.184
1997-03-19 22:00:00,,-27.178
1997-03-19 22:20:00,,-27.171
1997-03-20 00:40:00,,-27.129
1997-03-20 02:00:00,,-27.111
1997-03-20 02:20:00,,-27.107
1997-03-20 02:40:00,,-27.104
1997-03-20 03:00:00,,-27.102
1997-03-20 03:20:00,,-27.1
1997-03-20 04:40:00,,-27.095
1997-03-20 05:00:00,,-27.095
1997-03-20 05:20:00,,-27.094
1997-03-20 09:20:00,,-27.094
1997-03-20 09:40:00,,-27.093
1997-03-20 12:00:00,,-27.093
1997-03-20 13:20:00,,-27.08
1997-03-20 13:40:00,,-27.079
1997-03-20 14:00:00,,-27.078
1997-03-20 14:20:00,,-27.078
1997-03-20 14:40:00,,-27.079
1997-03-20 15:00:00,,-27.09
1997-03-20 15:20:00,,-27.099
1997-03-20 15:40:00,,-27.105
1997-03-20 17:00:00,,-27.119
1997-03-20 17:20:00,,-27.124
1997-03-20 17:40:00,,-27.128
1997-03-20 18:00:00,,-27.135
1997-03-20 18:20:00,,-27.141
1997-03-20 18:40:00,,-27.147
1997-03-20 19:00:00,,-27.152
1997-03-20 19:20:00,,-27.157
1997-03-20 19:40:00,,-27.161
1997-03-20 20:00:00,,-27.164
1997-03-20 20:20:00,,-27.166
1997-03-20 20:40:00,,-27.167
1997-03-20 22:40:00,,-27.167
1997-03-20 23:00:00,,-27.164
1997-03-20 23:20:00,,-27.161
1997-03-21 01:00:00,,-27.139
1997-03-21 01:20:00,,-27.135
1997-03-21 01:40:00,,-27.131
1997-03-21 02:00:00,,-27.126
1997-03-21 02:20:00,,-27.123
1997-03-21 02:40:00,,-27.119
1997-03-21 03:00:00,,-27.116
1997-03-21 03:20:00,,-27.114
1997-03-21 03:40:00,,-27.112
1997-03-21 04:00:00,,-27.109
1997-03-21 04:20:00,,-27.107
1997-03-21 04:40:00,,-27.106
1997-03-21 05:00:00,,-27.104
1997-03-21 05:20:00,,-27.103
1997-03-21 05:40:00,,-27.102
1997-03-21 07:00:00,,-27.1
1997-03-21 09:20:00,,-27.1
1997-03-21 09:40:00,,-27.109
1997-03-21 10:00:00,,-27.12
1997-03-21 10:20:00,,-27.132
1997-03-21 10:40:00,,-27.144
1997-03-21 11:00:00,,-27.156
1997-03-21 11:20:00,,-27.167
1997-03-21 11:40:00,,-27.179
1997-03-21 12:00:00,,-27.189
1997-03-21 12:20:00,,-27.198
1997-03-21 12:40:00,,-27.201
1997-03-21 16:40:00,,-27.201
1997-03-21 17:00:00,,-27.203
1997-03-21 17:20:00,,-27.206
1997-03-21 17:40:00,,-27.212
1997-03-21 18:00:00,,-27.223
1997-03-21 18:20:00,,-27.237
1997-03-21 18:40:00,,-27.251
1997-03-21 19:00:00,,-27.264
1997-03-21 19:20:00,,-27.272
1997-03-21 19:40:00,,-27.275
1997-03-21 20:00:00,,-27.255
1997-03-21 20:20:00,,-27.232
1997-03-21 20:40:00,,-27.211
1997-03-21 21:00:00,,-27.196
1997-03-21 21:20:00,,-27.191
1997-03-21 21:40:00,,-27.173
1997-03-21 22:00:00,,-27.167
1997-03-21 22:20:00,,-27.153
1997-03-21 22:40:00,,-27.137
1997-03-21 23:00:00,,-27.123
1997-03-21 23:20:00,,-27.11
1997-03-21 23:40:00,,-27.099
1997-03-22 00:00:00,,-27.087
1997-03-22 00:20:00,,-27.076
1997-03-22 00:40:00,,-27.066
1997-03-22 01:00:00,,-27.055
1997-03-22 01:20:00,,-27.045
1997-03-22 01:40:00,,-27.036
1997-03-22 02:00:00,,-27.026
1997-03-22 02:20:00,,-27.016
1997-03-22 02:40:00,,-27.008
1997-03-22 03:00:00,,-27
1997-03-22 03:20:00,,-26.993
1997-03-22 03:40:00,,-26.987
1997-03-22 04:00:00,,-26.982
1997-03-22 04:20:00,,-26.977
1997-03-22 04:40:00,,-26.972
1997-03-22 05:00:00,,-26.968
1997-03-22 05:20:00,,-26.964
1997-03-22 05:40:00,,-26.961
1997-03-22 06:00:00,,-26.958
1997-03-22 06:20:00,,-26.956
1997-03-22 06:40:00,,-26.954
1997-03-22 07:00:00,,-26.952
1997-03-22 07:20:00,,-26.949
1997-03-22 07:40:00,,-26.946
1997-03-22 08:00:00,,-26.951
1997-03-22 08:20:00,,-26.974
1997-03-22 08:40:00,,-26.992
1997-03-22 09:00:00,,-27.005
1997-03-22 09:20:00,,-27.018
1997-03-22 09:40:00,,-27.027
1997-03-22 10:00:00,,-27.036
1997-03-22 10:20:00,,-27.043
1997-03-22 10:40:00,,-27.052
1997-03-22 11:00:00,,-27.06
1997-03-22 11:20:00,,-27.067
1997-03-22 11:40:00,,-27.075
1997-03-22 12:00:00,,-27.085
1997-03-22 12:20:00,,-27.099
1997-03-22 12:40:00,,-27.115
1997-03-22 13:00:00,,-27.131
1997-03-22 13:20:00,,-27.147
1997-03-22 14:40:00,,-27.207
1997-03-22 15:00:00,,-27.217
1997-03-22 15:20:00,,-27.223
1997-03-22 15:40:00,,-27.226
1997-03-22 16:00:00,,-27.227
1997-03-22 18:40:00,,-27.227
1997-03-22 19:00:00,,-27.229
1997-03-22 20:20:00,,-27.24
1997-03-22 20:40:00,,-27.243
1997-03-22 21:00:00,,-27.245
1997-03-22 21:20:00,,-27.248
1997-03-22 21:40:00,,-27.251
1997-03-22 22:00:00,,-27.254
1997-03-22 22:20:00,,-27.256
1997-03-22 22:40:00,,-27.258
1997-03-22 23:00:00,,-27.26
1997-03-23 00:20:00,,-27.265
1997-03-23 02:20:00,,-27.265
1997-03-23 02:40:00,,-27.247
1997-03-23 03:00:00,,-27.226
1997-03-23 03:20:00,,-27.211
1997-03-23 03:40:00,,-27.2
1997-03-23 04:00:00,,-27.193
1997-03-23 04:20:00,,-27.188
1997-03-23 04:40:00,,-27.184
1997-03-23 05:00:00,,-27.181
1997-03-23 05:20:00,,-27.179
1997-03-23 05:40:00,,-27.178
1997-03-23 06:00:00,,-27.177
1997-03-23 06:20:00,,-27.176
1997-03-23 08:40:00,,-27.176
1997-03-23 09:00:00,,-27.177
1997-03-23 09:40:00,,-27.177
1997-03-23 10:00:00,,-27.197
1997-03-23 10:20:00,,-27.199
1997-03-23 10:40:00,,-27.198
1997-03-23 11:00:00,,-27.194
1997-03-23 11:20:00,,-27.19
1997-03-23 11:40:00,,-27.186
1997-03-23 12:00:00,,-27.184
1997-03-23 12:20:00,,-27.179
1997-03-23 12:40:00,,-27.185
1997-03-23 13:00:00,,-27.185
1997-03-23 13:20:00,,-27.195
1997-03-23 13:40:00,,-27.196
1997-03-23 14:00:00,,-27.199
1997-03-23 14:20:00,,-27.194
1997-03-23 14:40:00,,-27.182
1997-03-23 15:00:00,,-27.19
1997-03-23 15:20:00,,-27.189
1997-03-23 15:40:00,,-27.188
1997-03-23 16:00:00,,-27.199
1997-03-23 16:20:00,,-27.208
1997-03-23 16:40:00,,-27.214
1997-03-23 17:00:00,,-27.219
1997-03-23 17:20:00,,-27.212
1997-03-23 17:40:00,,-27.195
1997-03-23 18:00:00,,-27.178
1997-03-23 18:20:00,,-27.164
1997-03-23 18:40:00,,-27.153
1997-03-23 19:00:00,,-27.143
1997-03-23 19:20:00,,-27.134
1997-03-23 19:40:00,,-27.125
1997-03-23 20:00:00,,-27.117
1997-03-23 20:20:00,,-27.109
1997-03-23 20:40:00,,-27.102
1997-03-23 21:00:00,,-27.095
1997-03-23 21:20:00,,-27.087
1997-03-23 22:40:00,,-27.059
1997-03-23 23:00:00,,-27.051
1997-03-23 23:20:00,,-27.044
1997-03-23 23:40:00,,-27.037
1997-03-24 00:00:00,,-27.03
1997-03-24 01:20:00,,-26.999
1997-03-24 02:40:00,,-26.97
1997-03-24 04:00:00,,-26.948
1997-03-24 04:20:00,,-26.944
1997-03-24 04:40:00,,-26.94
1997-03-24 05:00:00,,-26.936
1997-03-24 05:20:00,,-26.934
1997-03-24 05:40:00,,-26.931
1997-03-24 06:00:00,,-26.928
1997-03-24 06:20:00,,-26.926
1997-03-24 06:40:00,,-26.925
1997-03-24 08:00:00,,-26.921
1997-03-24 08:40:00,,-26.921
1997-03-24 09:00:00,,-26.931
1997-03-24 09:20:00,,-26.941
1997-03-24 09:40:00,,-26.952
1997-03-24 10:00:00,,-26.963
1997-03-24 10:20:00,,-26.971
1997-03-24 10:40:00,,-26.981
1997-03-24 11:00:00,,-26.989
1997-03-24 11:20:00,,-26.996
1997-03-24 11:40:00,,-27.003
1997-03-24 12:00:00,,-27.007
1997-03-24 12:20:00,,-27.008
1997-03-24 12:40:00,,-27.008
1997-03-24 13:00:00,,-27.004
1997-03-24 13:20:00,,-26.992
1997-03-24 13:40:00,,-26.981
1997-03-24 14:00:00,,-26.971
1997-03-24 14:20:00,,-26.963
1997-03-24 14:40:00,,-26.951
1997-03-24 15:00:00,,-26.939
1997-03-24 15:20:00,,-26.929
1997-03-24 15:40:00,,-26.92
1997-03-24 16:00:00,,-26.911
1997-03-24 16:20:00,,-26.905
1997-03-24 16:40:00,,-26.9
1997-03-24 17:00:00,,-26.896
1997-03-24 17:20:00,,-26.891
1997-03-24 17:40:00,,-26.888
1997-03-24 18:00:00,,-26.885
1997-03-24 18:20:00,,-26.884
1997-03-24 19:40:00,,-26.884
1997-03-24 20:00:00,,-26.886
1997-03-24 20:20:00,,-26.89
1997-03-24 20:40:00,,-26.895
1997-03-24 21:00:00,,-26.9
1997-03-24 21:20:00,,-26.905
1997-03-24 21:40:00,,-26.91
1997-03-24 22:00:00,,-26.914
1997-03-24 22:20:00,,-26.918
1997-03-24 22:40:00,,-26.922
1997-03-24 23:00:00,,-26.924
1997-03-24 23:20:00,,-26.925
1997-03-24 23:40:00,,-26.926
1997-03-25 01:00:00,,-26.926
1997-03-25 01:20:00,,-26.922
1997-03-25 01:40:00,,-26.917
1997-03-25 02:00:00,,-26.911
1997-03-25 02:20:00,,-26.906
1997-03-25 02:40:00,,-26.9
1997-03-25 03:00:00,,-26.896
1997-03-25 03:20:00,,-26.891
1997-03-25 03:40:00,,-26.886
1997-03-25 04:00:00,,-26.882
1997-03-25 04:20:00,,-26.878
1997-03-25 04:40:00,,-26.875
1997-03-25 05:00:00,,-26.872
1997-03-25 05:20:00,,-26.868
1997-03-25 06:40:00,,-26.86
1997-03-25 07:00:00,,-26.86
1997-03-25 07:20:00,,-26.859
1997-03-25 07:40:00,,-26.858
1997-03-25 08:40:00,,-26.858
1997-03-25 09:00:00,,-26.867
1997-03-25 09:20:00,,-26.876
1997-03-25 09:40:00,,-26.886
1997-03-25 10:00:00,,-26.894
1997-03-25 10:20:00,,-26.901
1997-03-25 10:40:00,,-26.908
1997-03-25 11:00:00,,-26.913
1997-03-25 11:20:00,,-26.918
1997-03-25 11:40:00,,-26.922
1997-03-25 12:00:00,,-26.925
1997-03-25 12:20:00,,-26.927
1997-03-25 12:40:00,,-26.929
1997-03-25 13:00:00,,-26.931
1997-03-25 13:40:00,,-26.931
1997-03-25 14:00:00,,-26.921
1997-03-25 14:20:00,,-26.911
1997-03-25 14:40:00,,-26.898
1997-03-25 15:00:00,,-26.887
1997-03-25 15:20:00,,-26.877
1997-03-25 15:40:00,,-26.866
1997-03-25 16:00:00,,-26.858
1997-03-25 16:20:00,,-26.85
1997-03-25 16:40:00,,-26.843
1997-03-25 17:00:00,,-26.837
1997-03-25 17:20:00,,-26.833
1997-03-25 17:40:00,,-26.828
1997-03-25 18:00:00,,-26.825
1997-03-25 18:20:00,,-26.822
1997-03-25 18:40:00,,-26.817
1997-03-25 20:00:00,,-26.805
1997-03-25 21:20:00,,-26.797
1997-03-25 21:40:00,,-26.796
1997-03-25 22:00:00,,-26.794
1997-03-25 22:20:00,,-26.792
1997-03-25 22:40:00,,-26.79
1997-03-26 00:20:00,,-26.777
1997-03-26 00:40:00,,-26.773
1997-03-26 01:00:00,,-26.77
1997-03-26 01:20:00,,-26.765
1997-03-26 01:40:00,,-26.762
1997-03-26 02:00:00,,-26.758
1997-03-26 02:20:00,,-26.754
1997-03-26 02:40:00,,-26.75
1997-03-26 03:00:00,,-26.747
1997-03-26 03:20:00,,-26.745
1997-03-26 03:40:00,,-26.743
1997-03-26 05:00:00,,-26.737
1997-03-26 05:20:00,,-26.737
1997-03-26 05:40:00,,-26.736
1997-03-26 06:00:00,,-26.735
1997-03-26 06:20:00,,-26.734
1997-03-26 12:00:00,,-26.734
1997-03-26 12:20:00,,-26.728
1997-03-26 12:40:00,,-26.724
1997-03-26 13:00:00,,-26.72
1997-03-26 13:20:00,,-26.717
1997-03-26 13:40:00,,-26.714
1997-03-26 15:00:00,,-26.698
1997-03-26 15:20:00,,-26.695
1997-03-26 15:40:00,,-26.691
1997-03-26 16:00:00,,-26.687
1997-03-26 16:20:00,,-26.683
1997-03-26 17:40:00,,-26.67
1997-03-26 18:00:00,,-26.667
1997-03-26 18:20:00,,-26.664
1997-03-26 18:40:00,,-26.662
1997-03-26 19:00:00,,-26.66
1997-03-26 19:20:00,,-26.658
1997-03-26 19:40:00,,-26.657
1997-03-26 20:00:00,,-26.655
1997-03-26 21:20:00,,-26.655
1997-03-26 21:40:00,,-26.653
1997-03-26 23:00:00,,-26.653
1997-03-26 23:20:00,,-26.652
1997-03-26 23:40:00,,-26.651
1997-03-27 00:00:00,,-26.65
1997-03-27 00:20:00,,-26.648
1997-03-27 00:40:00,,-26.647
1997-03-27 01:00:00,,-26.646
1997-03-27 01:20:00,,-26.643
1997-03-27 01:40:00,,-26.641
1997-03-27 02:00:00,,-26.638
1997-03-27 02:20:00,,-26.634
1997-03-27 03:40:00,,-26.63
1997-03-27 04:00:00,,-26.628
1997-03-27 04:20:00,,-26.627
1997-03-27 04:40:00,,-26.626
1997-03-27 08:20:00,,-26.626
1997-03-27 08:40:00,,-26.633
1997-03-27 09:00:00,,-26.644
1997-03-27 09:20:00,,-26.661
1997-03-27 09:40:00,,-26.699
1997-03-27 10:00:00,,-26.73
1997-03-27 10:20:00,,-26.756
1997-03-27 10:40:00,,-26.779
1997-03-27 11:00:00,,-26.801
1997-03-27 11:20:00,,-26.821
1997-03-27 11:40:00,,-26.84
1997-03-27 12:00:00,,-26.858
1997-03-27 12:20:00,,-26.873
1997-03-27 12:40:00,,-26.883
1997-03-27 13:00:00,,-26.888
1997-03-27 13:20:00,,-26.892
1997-03-27 13:40:00,,-26.895
1997-03-27 14:00:00,,-26.897
1997-03-27 15:20:00,,-26.904
1997-03-27 15:40:00,,-26.906
1997-03-27 17:00:00,,-26.918
1997-03-27 17:20:00,,-26.922
1997-03-27 17:40:00,,-26.926
1997-03-27 19:00:00,,-26.945
1997-03-27 19:20:00,,-26.949
1997-03-27 19:40:00,,-26.955
1997-03-27 21:00:00,,-26.975
1997-03-27 21:20:00,,-26.981
1997-03-27 21:40:00,,-26.987
1997-03-27 22:00:00,,-26.992
1997-03-27 22:20:00,,-26.997
1997-03-27 22:40:00,,-27.003
1997-03-28 01:00:00,,-27.032
1997-03-28 01:20:00,,-27.035
1997-03-28 01:40:00,,-27.038
1997-03-28 02:00:00,,-27.041
1997-03-28 02:20:00,,-27.045
1997-03-28 02:40:00,,-27.048
1997-03-28 03:00:00,,-27.051
1997-03-28 03:20:00,,-27.055
1997-03-28 03:40:00,,-27.059
1997-03-28 04:00:00,,-27.064
1997-03-28 04:20:00,,-27.067
1997-03-28 04:40:00,,-27.071
1997-03-28 05:00:00,,-27.076
1997-03-28 05:20:00,,-27.08
1997-03-28 05:40:00,,-27.084
1997-03-28 06:00:00,,-27.088
1997-03-28 06:20:00,,-27.092
1997-03-28 06:40:00,,-27.097
1997-03-28 07:00:00,,-27.101
1997-03-28 07:20:00,,-27.106
1997-03-28 07:40:00,,-27.111
1997-03-28 08:00:00,,-27.114
1997-03-28 08:20:00,,-27.118
1997-03-28 09:40:00,,-27.137
1997-03-28 10:00:00,,-27.144
1997-03-28 10:20:00,,-27.155
1997-03-28 10:40:00,,-27.17
1997-03-28 11:00:00,,-27.185
1997-03-28 11:20:00,,-27.2
1997-03-28 11:40:00,,-27.213
1997-03-28 12:00:00,,-27.222
1997-03-28 12:20:00,,-27.225
1997-03-28 12:40:00,,-27.226
1997-03-28 13:40:00,,-27.226
1997-03-28 14:00:00,,-27.224
1997-03-28 14:20:00,,-27.222
1997-03-28 14:40:00,,-27.219
1997-03-28 15:00:00,,-27.216
1997-03-28 16:20:00,,-27.208
1997-03-28 17:40:00,,-27.203
1997-03-28 21:20:00,,-27.203
1997-03-28 21:40:00,,-27.204
1997-03-28 22:00:00,,-27.206
1997-03-28 22:20:00,,-27.208
1997-03-28 22:40:00,,-27.21
1997-03-28 23:00:00,,-27.212
1997-03-28 23:20:00,,-27.213
1997-03-28 23:40:00,,-27.216
1997-03-29 00:00:00,,-27.199
1997-03-29 00:20:00,,-27.18
1997-03-29 00:40:00,,-27.166
1997-03-29 01:00:00,,-27.156
1997-03-29 01:20:00,,-27.148
1997-03-29 01:40:00,,-27.142
1997-03-29 02:00:00,,-27.136
1997-03-29 02:20:00,,-27.131
1997-03-29 02:40:00,,-27.127
1997-03-29 03:00:00,,-27.124
1997-03-29 03:20:00,,-27.122
1997-03-29 03:40:00,,-27.119
1997-03-29 04:00:00,,-27.117
1997-03-29 04:20:00,,-27.116
1997-03-29 04:40:00,,-27.115
1997-03-29 05:00:00,,-27.113
1997-03-29 05:40:00,,-27.113
1997-03-29 06:00:00,,-27.112
1997-03-29 06:20:00,,-27.112
1997-03-29 06:40:00,,-27.118
1997-03-29 07:00:00,,-27.145
1997-03-29 07:20:00,,-27.163
1997-03-29 07:40:00,,-27.178
1997-03-29 08:00:00,,-27.183
1997-03-29 08:20:00,,-27.169
1997-03-29 08:40:00,,-27.164
1997-03-29 09:00:00,,-27.167
1997-03-29 09:20:00,,-27.199
1997-03-29 09:40:00,,-27.226
1997-03-29 10:00:00,,-27.248
1997-03-29 10:20:00,,-27.267
1997-03-29 10:40:00,,-27.285
1997-03-29 11:00:00,,-27.287
1997-03-29 11:20:00,,-27.303
1997-03-29 11:40:00,,-27.317
1997-03-29 12:00:00,,-27.329
1997-03-29 12:20:00,,-27.337
1997-03-29 12:40:00,,-27.34
1997-03-29 13:00:00,,-27.341
1997-03-29 13:40:00,,-27.341
1997-03-29 14:00:00,,-27.339
1997-03-29 14:20:00,,-27.335
1997-03-29 14:40:00,,-27.331
1997-03-29 16:00:00,,-27.319
1997-03-29 17:40:00,,-27.31
1997-03-29 19:20:00,,-27.308
1997-03-29 19:40:00,,-27.292
1997-03-29 20:00:00,,-27.266
1997-03-29 20:20:00,,-27.249
1997-03-29 20:40:00,,-27.236
1997-03-29 21:00:00,,-27.226
1997-03-29 21:20:00,,-27.218
1997-03-29 21:40:00,,-27.211
1997-03-29 22:00:00,,-27.206
1997-03-29 22:20:00,,-27.2
1997-03-29 22:40:00,,-27.196
1997-03-29 23:00:00,,-27.192
1997-03-30 00:20:00,,-27.179
1997-03-30 00:40:00,,-27.175
1997-03-30 01:00:00,,-27.17
1997-03-30 01:20:00,,-27.164
1997-03-30 01:40:00,,-27.157
1997-03-30 02:00:00,,-27.15
1997-03-30 03:20:00,,-27.118
1997-03-30 03:40:00,,-27.111
1997-03-30 04:00:00,,-27.103
1997-03-30 04:20:00,,-27.096
1997-03-30 04:40:00,,-27.09
1997-03-30 05:00:00,,-27.084
1997-03-30 05:20:00,,-27.077
1997-03-30 05:40:00,,-27.07
1997-03-30 06:00:00,,-27.062
1997-03-30 06:20:00,,-27.067
1997-03-30 06:40:00,,-27.087
1997-03-30 07:00:00,,-27.102
1997-03-30 07:20:00,,-27.097
1997-03-30 07:40:00,,-27.078
1997-03-30 08:00:00,,-27.061
1997-03-30 08:20:00,,-27.049
1997-03-30 08:40:00,,-27.039
1997-03-30 09:00:00,,-27.031
1997-03-30 09:20:00,,-27.025
1997-03-30 09:40:00,,-27.038
1997-03-30 10:00:00,,-27.056
1997-03-30 10:20:00,,-27.066
1997-03-30 10:40:00,,-27.073
1997-03-30 11:00:00,,-27.077
1997-03-30 11:20:00,,-27.08
1997-03-30 11:40:00,,-27.082
1997-03-30 12:00:00,,-27.083
1997-03-30 13:20:00,,-27.083
1997-03-30 13:40:00,,-27.081
1997-03-30 14:00:00,,-27.079
1997-03-30 15:20:00,,-27.067
1997-03-30 15:40:00,,-27.065
1997-03-30 16:00:00,,-27.063
1997-03-30 16:20:00,,-27.061
1997-03-30 16:40:00,,-27.06
1997-03-30 17:00:00,,-27.058
1997-03-30 17:20:00,,-27.056
1997-03-30 17:40:00,,-27.054
1997-03-30 18:00:00,,-27.053
1997-03-30 18:20:00,,-27.051
1997-03-30 18:40:00,,-27.049
1997-03-30 19:00:00,,-27.025
1997-03-30 19:20:00,,-26.998
1997-03-30 19:40:00,,-26.979
1997-03-30 20:00:00,,-26.964
1997-03-30 20:20:00,,-26.952
1997-03-30 20:40:00,,-26.943
1997-03-30 21:00:00,,-26.934
1997-03-30 21:20:00,,-26.926
1997-03-30 21:40:00,,-26.919
1997-03-30 22:00:00,,-26.911
1997-03-30 22:20:00,,-26.906
1997-03-30 22:40:00,,-26.9
1997-03-30 23:00:00,,-26.893
1997-03-30 23:20:00,,-26.887
1997-03-30 23:40:00,,-26.882
1997-03-31 00:00:00,,-26.877
1997-03-31 00:20:00,,-26.872
1997-03-31 00:40:00,,-26.869
1997-03-31 01:00:00,,-26.863
1997-03-31 01:20:00,,-26.859
1997-03-31 01:40:00,,-26.854
1997-03-31 02:00:00,,-26.85
1997-03-31 02:20:00,,-26.846
1997-03-31 02:40:00,,-26.843
1997-03-31 03:00:00,,-26.84
1997-03-31 04:20:00,,-26.831
1997-03-31 05:40:00,,-26.824
1997-03-31 06:00:00,,-26.823
1997-03-31 06:20:00,,-26.822
1997-03-31 06:40:00,,-26.821
1997-03-31 07:00:00,,-26.819
1997-03-31 07:20:00,,-26.817
1997-03-31 07:40:00,,-26.817
1997-03-31 08:00:00,,-26.816
1997-03-31 08:20:00,,-26.841
1997-03-31 08:40:00,,-26.868
1997-03-31 09:00:00,,-26.892
1997-03-31 09:20:00,,-26.911
1997-03-31 09:40:00,,-26.927
1997-03-31 10:00:00,,-26.942
1997-03-31 10:20:00,,-26.956
1997-03-31 10:40:00,,-26.967
1997-03-31 11:00:00,,-26.977
1997-03-31 11:20:00,,-26.986
1997-03-31 11:40:00,,-26.994
1997-03-31 12:00:00,,-27
1997-03-31 12:20:00,,-27.003
1997-03-31 13:20:00,,-27.003
1997-03-31 13:40:00,,-26.999
1997-03-31 14:00:00,,-26.994
1997-03-31 14:20:00,,-26.991
1997-03-31 14:40:00,,-26.989
1997-03-31 15:00:00,,-26.987
1997-03-31 15:20:00,,-26.986
1997-03-31 15:40:00,,-26.961
1997-03-31 16:00:00,,-26.936
1997-03-31 16:20:00,,-26.913
1997-03-31 16:40:00,,-26.911
1997-03-31 17:00:00,,-26.922
1997-03-31 17:20:00,,-26.93
1997-03-31 17:40:00,,-26.934
1997-03-31 18:00:00,,-26.935
1997-03-31 18:20:00,,-26.936
1997-04-01 00:00:00,,-26.936
1997-04-01 00:20:00,,-26.935
1997-04-01 00:40:00,,-26.933
1997-04-01 01:00:00,,-26.933
1997-04-01 01:20:00,,-26.931
1997-04-01 01:40:00,,-26.93
1997-04-01 02:00:00,,-26.928
1997-04-01 02:20:00,,-26.928
1997-04-01 02:40:00,,-26.927
1997-04-01 05:20:00,,-26.927
1997-04-01 05:40:00,,-26.929
1997-04-01 06:00:00,,-26.931
1997-04-01 06:20:00,,-26.932
1997-04-01 06:40:00,,-26.933
1997-04-01 07:00:00,,-26.935
1997-04-01 07:20:00,,-26.936
1997-04-01 07:40:00,,-26.937
1997-04-01 08:00:00,,-26.938
1997-04-01 08:20:00,,-26.941
1997-04-01 08:40:00,,-26.949
1997-04-01 09:00:00,,-26.96
1997-04-01 09:20:00,,-26.972
1997-04-01 09:40:00,,-26.984
1997-04-01 10:00:00,,-26.995
1997-04-01 10:20:00,,-27.005
1997-04-01 10:40:00,,-27.016
1997-04-01 11:00:00,,-27.024
1997-04-01 11:20:00,,-27.033
1997-04-01 11:40:00,,-27.041
1997-04-01 12:00:00,,-27.048
1997-04-01 12:20:00,,-27.052
1997-04-01 12:40:00,,-27.053
1997-04-01 13:40:00,,-27.053
1997-04-01 14:00:00,,-27.051
1997-04-01 14:20:00,,-27.05
1997-04-01 16:40:00,,-27.05
1997-04-01 17:00:00,,-27.053
1997-04-01 17:20:00,,-27.033
1997-04-01 17:40:00,,-27.015
1997-04-01 18:00:00,,-27.002
1997-04-01 18:20:00,,-26.994
1997-04-01 18:40:00,,-26.988
1997-04-01 19:00:00,,-26.984
1997-04-01 19:20:00,,-26.981
1997-04-01 19:40:00,,-26.979
1997-04-01 21:20:00,,-26.974
1997-04-01 21:40:00,,-26.974
1997-04-01 22:00:00,,-26.973
1997-04-01 23:20:00,,-26.97
1997-04-01 23:40:00,,-26.968
1997-04-02 00:40:00,,-26.968
1997-04-02 01:00:00,,-26.967
1997-04-02 01:20:00,,-26.966
1997-04-02 01:40:00,,-26.966
1997-04-02 02:00:00,,-26.965
1997-04-02 03:40:00,,-26.965
1997-04-02 04:00:00,,-26.966
1997-04-02 04:20:00,,-26.969
1997-04-02 04:40:00,,-26.972
1997-04-02 05:00:00,,-26.976
1997-04-02 05:20:00,,-26.979
1997-04-02 05:40:00,,-26.983
1997-04-02 06:00:00,,-26.995
1997-04-02 06:20:00,,-27.028
1997-04-02 06:40:00,,-27.052
1997-04-02 07:00:00,,-27.07
1997-04-02 07:20:00,,-27.086
1997-04-02 07:40:00,,-27.099
1997-04-02 08:00:00,,-27.11
1997-04-02 08:20:00,,-27.119
1997-04-02 08:40:00,,-27.127
1997-04-02 09:00:00,,-27.133
1997-04-02 09:20:00,,-27.138
1997-04-02 09:40:00,,-27.143
1997-04-02 10:00:00,,-27.148
1997-04-02 10:20:00,,-27.151
1997-04-02 10:40:00,,-27.154
1997-04-02 11:00:00,,-27.158
1997-04-02 11:20:00,,-27.16
1997-04-02 11:40:00,,-27.162
1997-04-02 12:00:00,,-27.163
1997-04-02 12:20:00,,-27.164
1997-04-02 14:20:00,,-27.167
1997-04-02 14:40:00,,-27.168
1997-04-02 15:00:00,,-27.172
1997-04-02 15:20:00,,-27.148
1997-04-02 15:40:00,,-27.129
1997-04-02 16:00:00,,-27.116
1997-04-02 16:20:00,,-27.107
1997-04-02 16:40:00,,-27.1
1997-04-02 17:00:00,,-27.096
1997-04-02 17:20:00,,-27.093
1997-04-02 17:40:00,,-27.091
1997-04-02 18:00:00,,-27.089
1997-04-02 18:20:00,,-27.087
1997-04-02 18:40:00,,-27.084
1997-04-02 19:00:00,,-27.084
1997-04-02 19:20:00,,-27.083
1997-04-02 19:40:00,,-27.082
1997-04-02 20:00:00,,-27.081
1997-04-02 20:20:00,,-27.081
1997-04-02 20:40:00,,-27.08
1997-04-02 22:00:00,,-27.076
1997-04-02 22:20:00,,-27.076
1997-04-02 22:40:00,,-27.073
1997-04-02 23:00:00,,-27.072
1997-04-02 23:20:00,,-27.071
1997-04-02 23:40:00,,-27.069
1997-04-03 00:00:00,,-27.068
1997-04-03 00:20:00,,-27.066
1997-04-03 00:40:00,,-27.063
1997-04-03 01:00:00,,-27.062
1997-04-03 02:20:00,,-27.057
1997-04-03 04:20:00,,-27.057
1997-04-03 04:40:00,,-27.058
1997-04-03 05:00:00,,-27.061
1997-04-03 05:20:00,,-27.065
1997-04-03 06:40:00,,-27.077
1997-04-03 07:00:00,,-27.081
1997-04-03 07:20:00,,-27.083
1997-04-03 07:40:00,,-27.087
1997-04-03 08:00:00,,-27.09
1997-04-03 08:20:00,,-27.096
1997-04-03 08:40:00,,-27.134
1997-04-03 09:00:00,,-27.169
1997-04-03 09:20:00,,-27.199
1997-04-03 09:40:00,,-27.224
1997-04-03 10:00:00,,-27.245
1997-04-03 10:20:00,,-27.265
1997-04-03 10:40:00,,-27.283
1997-04-03 11:00:00,,-27.298
1997-04-03 11:20:00,,-27.312
1997-04-03 11:40:00,,-27.323
1997-04-03 12:00:00,,-27.333
1997-04-03 12:20:00,,-27.341
1997-04-03 12:40:00,,-27.342
1997-04-03 13:20:00,,-27.342
1997-04-03 13:40:00,,-27.34
1997-04-03 14:00:00,,-27.337
1997-04-03 14:20:00,,-27.331
1997-04-03 14:40:00,,-27.327
1997-04-03 15:00:00,,-27.322
1997-04-03 15:20:00,,-27.319
1997-04-03 15:40:00,,-27.306
1997-04-03 16:00:00,,-27.275
1997-04-03 16:20:00,,-27.253
1997-04-03 16:40:00,,-27.237
1997-04-03 17:00:00,,-27.225
1997-04-03 17:20:00,,-27.216
1997-04-03 17:40:00,,-27.21
1997-04-03 18:00:00,,-27.204
1997-04-03 18:20:00,,-27.199
1997-04-03 18:40:00,,-27.196
1997-04-03 19:00:00,,-27.192
1997-04-03 19:20:00,,-27.189
1997-04-03 21:00:00,,-27.179
1997-04-03 21:20:00,,-27.176
1997-04-03 21:40:00,,-27.174
1997-04-03 22:00:00,,-27.172
1997-04-03 22:20:00,,-27.168
1997-04-03 22:40:00,,-27.193
1997-04-03 23:00:00,,-27.21
1997-04-03 23:20:00,,-27.223
1997-04-03 23:40:00,,-27.231
1997-04-04 00:00:00,,-27.238
1997-04-04 00:20:00,,-27.244
1997-04-04 00:40:00,,-27.248
1997-04-04 01:00:00,,-27.251
1997-04-04 01:20:00,,-27.254
1997-04-04 01:40:00,,-27.257
1997-04-04 02:00:00,,-27.259
1997-04-04 02:20:00,,-27.261
1997-04-04 02:40:00,,-27.263
1997-04-04 03:00:00,,-27.266
1997-04-04 03:20:00,,-27.269
1997-04-04 03:40:00,,-27.272
1997-04-04 04:00:00,,-27.276
1997-04-04 04:20:00,,-27.281
1997-04-04 04:40:00,,-27.285
1997-04-04 06:00:00,,-27.307
1997-04-04 07:20:00,,-27.327
1997-04-04 07:40:00,,-27.331
1997-04-04 08:00:00,,-27.334
1997-04-04 09:00:00,,-27.334
1997-04-04 09:20:00,,-27.339
1997-04-04 09:40:00,,-27.328
1997-04-04 10:00:00,,-27.306
1997-04-04 10:20:00,,-27.306
1997-04-04 10:40:00,,-27.317
1997-04-04 11:00:00,,-27.323
1997-04-04 11:20:00,,-27.326
1997-04-04 11:40:00,,-27.328
1997-04-04 12:00:00,,-27.329
1997-04-04 16:40:00,,-27.329
1997-04-04 17:00:00,,-27.33
1997-04-04 17:20:00,,-27.331
1997-04-04 17:40:00,,-27.333
1997-04-04 18:00:00,,-27.314
1997-04-04 18:20:00,,-27.294
1997-04-04 18:40:00,,-27.28
1997-04-04 19:00:00,,-27.275
1997-04-04 19:20:00,,-27.289
1997-04-04 19:40:00,,-27.3
1997-04-04 20:00:00,,-27.308
1997-04-04 20:20:00,,-27.315
1997-04-04 20:40:00,,-27.32
1997-04-04 21:00:00,,-27.324
1997-04-04 21:20:00,,-27.327
1997-04-04 21:40:00,,-27.33
1997-04-04 22:00:00,,-27.332
1997-04-04 22:20:00,,-27.333
1997-04-04 22:40:00,,-27.334
1997-04-04 23:00:00,,-27.336
1997-04-05 01:40:00,,-27.336
1997-04-05 02:00:00,,-27.319
1997-04-05 02:20:00,,-27.297
1997-04-05 02:40:00,,-27.283
1997-04-05 03:00:00,,-27.272
1997-04-05 03:20:00,,-27.264
1997-04-05 03:40:00,,-27.258
1997-04-05 04:00:00,,-27.253
1997-04-05 04:20:00,,-27.251
1997-04-05 04:40:00,,-27.247
1997-04-05 05:00:00,,-27.246
1997-04-05 05:20:00,,-27.245
1997-04-05 05:40:00,,-27.244
1997-04-05 06:20:00,,-27.244
1997-04-05 06:40:00,,-27.242
1997-04-05 07:00:00,,-27.259
1997-04-05 07:20:00,,-27.28
1997-04-05 07:40:00,,-27.296
1997-04-05 08:00:00,,-27.308
1997-04-05 08:20:00,,-27.32
1997-04-05 08:40:00,,-27.34
1997-04-05 09:00:00,,-27.361
1997-04-05 09:20:00,,-27.371
1997-04-05 09:40:00,,-27.388
1997-04-05 10:00:00,,-27.403
1997-04-05 10:20:00,,-27.416
1997-04-05 10:40:00,,-27.425
1997-04-05 11:00:00,,-27.432
1997-04-05 11:20:00,,-27.435
1997-04-05 11:40:00,,-27.409
1997-04-05 12:00:00,,-27.408
1997-04-05 12:20:00,,-27.413
1997-04-05 12:40:00,,-27.417
1997-04-05 13:00:00,,-27.418
1997-04-05 13:40:00,,-27.418
1997-04-05 14:00:00,,-27.417
1997-04-05 14:20:00,,-27.409
1997-04-05 14:40:00,,-27.399
1997-04-05 15:00:00,,-27.387
1997-04-05 15:20:00,,-27.374
1997-04-05 15:40:00,,-27.359
1997-04-05 16:00:00,,-27.345
1997-04-05 16:20:00,,-27.335
1997-04-05 16:40:00,,-27.326
1997-04-05 17:00:00,,-27.317
1997-04-05 17:20:00,,-27.308
1997-04-05 17:40:00,,-27.302
1997-04-05 18:00:00,,-27.285
1997-04-05 18:20:00,,-27.252
1997-04-05 18:40:00,,-27.234
1997-04-05 20:20:00,,-27.234
1997-04-05 20:40:00,,-27.235
1997-04-05 21:00:00,,-27.236
1997-04-05 21:20:00,,-27.236
1997-04-05 21:40:00,,-27.237
1997-04-05 23:00:00,,-27.237
1997-04-05 23:20:00,,-27.233
1997-04-05 23:40:00,,-27.23
1997-04-06 00:00:00,,-27.225
1997-04-06 00:20:00,,-27.219
1997-04-06 00:40:00,,-27.215
1997-04-06 01:00:00,,-27.196
1997-04-06 01:20:00,,-27.167
1997-04-06 01:40:00,,-27.143
1997-04-06 02:00:00,,-27.124
1997-04-06 02:20:00,,-27.109
1997-04-06 02:40:00,,-27.096
1997-04-06 03:00:00,,-27.084
1997-04-06 03:20:00,,-27.074
1997-04-06 03:40:00,,-27.065
1997-04-06 04:00:00,,-27.057
1997-04-06 04:20:00,,-27.05
1997-04-06 04:40:00,,-27.044
1997-04-06 05:00:00,,-27.039
1997-04-06 05:20:00,,-27.033
1997-04-06 05:40:00,,-27.029
1997-04-06 06:00:00,,-27.025
1997-04-06 06:20:00,,-27.022
1997-04-06 06:40:00,,-27.02
1997-04-06 07:00:00,,-27.015
1997-04-06 07:20:00,,-27.026
1997-04-06 07:40:00,,-27.044
1997-04-06 08:00:00,,-27.057
1997-04-06 08:20:00,,-27.066
1997-04-06 08:40:00,,-27.072
1997-04-06 09:00:00,,-27.076
1997-04-06 09:20:00,,-27.079
1997-04-06 09:40:00,,-27.059
1997-04-06 10:00:00,,-27.041
1997-04-06 10:20:00,,-27.029
1997-04-06 10:40:00,,-27.015
1997-04-06 11:00:00,,-27.013
1997-04-06 11:20:00,,-27.016
1997-04-06 11:40:00,,-27.026
1997-04-06 12:00:00,,-27.033
1997-04-06 12:20:00,,-27.036
1997-04-06 13:00:00,,-27.036
1997-04-06 13:20:00,,-27.02
1997-04-06 13:40:00,,-26.995
1997-04-06 14:00:00,,-26.977
1997-04-06 14:20:00,,-26.962
1997-04-06 14:40:00,,-26.949
1997-04-06 15:00:00,,-26.938
1997-04-06 15:20:00,,-26.928
1997-04-06 15:40:00,,-26.919
1997-04-06 16:00:00,,-26.912
1997-04-06 16:20:00,,-26.904
1997-04-06 16:40:00,,-26.908
1997-04-06 17:00:00,,-26.928
1997-04-06 17:20:00,,-26.942
1997-04-06 17:40:00,,-26.956
1997-04-06 18:00:00,,-26.959
1997-04-06 18:20:00,,-26.951
1997-04-06 18:40:00,,-26.954
1997-04-06 19:00:00,,-26.967
1997-04-06 19:20:00,,-26.975
1997-04-06 19:40:00,,-26.981
1997-04-06 20:00:00,,-26.986
1997-04-06 20:20:00,,-26.99
1997-04-06 20:40:00,,-26.993
1997-04-06 21:00:00,,-26.996
1997-04-06 21:20:00,,-26.998
1997-04-06 21:40:00,,-27
1997-04-06 22:00:00,,-27.001
1997-04-06 22:20:00,,-27.002
1997-04-06 23:20:00,,-27.002
1997-04-06 23:40:00,,-26.995
1997-04-07 00:00:00,,-26.994
1997-04-07 00:20:00,,-26.994
1997-04-07 00:40:00,,-26.993
1997-04-07 01:40:00,,-26.993
1997-04-07 02:00:00,,-26.989
1997-04-07 02:20:00,,-26.987
1997-04-07 02:40:00,,-26.985
1997-04-07 04:00:00,,-26.981
1997-04-07 07:20:00,,-26.981
1997-04-07 07:40:00,,-26.984
1997-04-07 08:00:00,,-26.986
1997-04-07 08:20:00,,-26.991
1997-04-07 08:40:00,,-27.004
1997-04-07 09:00:00,,-27.02
1997-04-07 09:20:00,,-27.034
1997-04-07 09:40:00,,-27.048
1997-04-07 10:00:00,,-27.067
1997-04-07 10:20:00,,-27.086
1997-04-07 10:40:00,,-27.104
1997-04-07 11:00:00,,-27.12
1997-04-07 11:20:00,,-27.136
1997-04-07 11:40:00,,-27.149
1997-04-07 12:00:00,,-27.162
1997-04-07 12:20:00,,-27.171
1997-04-07 12:40:00,,-27.175
1997-04-07 13:00:00,,-27.177
1997-04-07 18:20:00,,-27.177
1997-04-07 18:40:00,,-27.179
1997-04-07 19:00:00,,-27.183
1997-04-07 19:20:00,,-27.188
1997-04-07 19:40:00,,-27.19
1997-04-07 20:00:00,,-27.192
1997-04-07 20:20:00,,-27.194
1997-04-07 21:40:00,,-27.208
1997-04-07 22:00:00,,-27.212
1997-04-07 22:20:00,,-27.214
1997-04-07 22:40:00,,-27.218
1997-04-08 00:20:00,,-27.228
1997-04-08 00:40:00,,-27.228
1997-04-08 01:00:00,,-27.229
1997-04-08 01:20:00,,-27.231
1997-04-08 01:40:00,,-27.212
1997-04-08 02:00:00,,-27.211
1997-04-08 02:20:00,,-27.213
1997-04-08 02:40:00,,-27.218
1997-04-08 04:00:00,,-27.23
1997-04-08 04:20:00,,-27.232
1997-04-08 04:40:00,,-27.235
1997-04-08 06:00:00,,-27.248
1997-04-08 06:20:00,,-27.255
1997-04-08 06:40:00,,-27.262
1997-04-08 07:00:00,,-27.269
1997-04-08 07:20:00,,-27.274
1997-04-08 07:40:00,,-27.281
1997-04-08 08:00:00,,-27.286
1997-04-08 08:20:00,,-27.295
1997-04-08 08:40:00,,-27.307
1997-04-08 10:00:00,,-27.365
1997-04-08 10:20:00,,-27.378
1997-04-08 10:40:00,,-27.39
1997-04-08 11:00:00,,-27.401
1997-04-08 11:20:00,,-27.413
1997-04-08 11:40:00,,-27.424
1997-04-08 12:00:00,,-27.432
1997-04-08 12:20:00,,-27.439
1997-04-08 12:40:00,,-27.441
1997-04-08 13:20:00,,-27.441
1997-04-08 13:40:00,,-27.438
1997-04-08 14:00:00,,-27.432
1997-04-08 14:20:00,,-27.425
1997-04-08 14:40:00,,-27.419
1997-04-08 16:00:00,,-27.399
1997-04-08 16:20:00,,-27.395
1997-04-08 16:40:00,,-27.392
1997-04-08 17:00:00,,-27.389
1997-04-08 17:20:00,,-27.388
1997-04-08 17:40:00,,-27.387
1997-04-08 18:00:00,,-27.385
1997-04-08 18:20:00,,-27.384
1997-04-08 20:00:00,,-27.384
1997-04-08 20:20:00,,-27.377
1997-04-08 22:40:00,,-27.377
1997-04-08 23:00:00,,-27.378
1997-04-08 23:20:00,,-27.378
1997-04-08 23:40:00,,-27.379
1997-04-09 00:20:00,,-27.379
1997-04-09 00:40:00,,-27.381
1997-04-09 01:00:00,,-27.372
1997-04-09 01:20:00,,-27.355
1997-04-09 01:40:00,,-27.355
1997-04-09 02:00:00,,-27.361
1997-04-09 02:20:00,,-27.365
1997-04-09 02:40:00,,-27.368
1997-04-09 03:00:00,,-27.37
1997-04-09 03:20:00,,-27.371
1997-04-09 03:40:00,,-27.373
1997-04-09 04:00:00,,-27.376
1997-04-09 04:20:00,,-27.377
1997-04-09 04:40:00,,-27.379
1997-04-09 05:00:00,,-27.381
1997-04-09 05:20:00,,-27.383
1997-04-09 05:40:00,,-27.384
1997-04-09 06:00:00,,-27.388
1997-04-09 06:20:00,,-27.387
1997-04-09 07:00:00,,-27.387
1997-04-09 07:20:00,,-27.39
1997-04-09 07:40:00,,-27.394
1997-04-09 08:00:00,,-27.398
1997-04-09 08:20:00,,-27.404
1997-04-09 08:40:00,,-27.411
1997-04-09 09:00:00,,-27.417
1997-04-09 09:20:00,,-27.421
1997-04-09 09:40:00,,-27.424
1997-04-09 10:00:00,,-27.426
1997-04-09 11:20:00,,-27.426
1997-04-09 11:40:00,,-27.421
1997-04-09 12:00:00,,-27.415
1997-04-09 12:20:00,,-27.407
1997-04-09 12:40:00,,-27.398
1997-04-09 13:00:00,,-27.39
1997-04-09 13:20:00,,-27.381
1997-04-09 13:40:00,,-27.375
1997-04-09 14:00:00,,-27.367
1997-04-09 14:20:00,,-27.359
1997-04-09 14:40:00,,-27.352
1997-04-09 15:00:00,,-27.346
1997-04-09 15:20:00,,-27.34
1997-04-09 15:40:00,,-27.333
1997-04-09 16:00:00,,-27.328
1997-04-09 16:20:00,,-27.321
1997-04-09 16:40:00,,-27.315
1997-04-09 17:00:00,,-27.309
1997-04-09 17:20:00,,-27.304
1997-04-09 17:40:00,,-27.29
1997-04-09 18:00:00,,-27.256
1997-04-09 18:20:00,,-27.229
1997-04-09 18:40:00,,-27.209
1997-04-09 19:00:00,,-27.192
1997-04-09 19:20:00,,-27.179
1997-04-09 19:40:00,,-27.166
1997-04-09 20:00:00,,-27.169
1997-04-09 20:20:00,,-27.181
1997-04-09 20:40:00,,-27.188
1997-04-09 21:00:00,,-27.191
1997-04-09 21:20:00,,-27.193
1997-04-09 21:40:00,,-27.194
1997-04-09 22:00:00,,-27.195
1997-04-10 00:00:00,,-27.195
1997-04-10 00:20:00,,-27.192
1997-04-10 00:40:00,,-27.19
1997-04-10 01:00:00,,-27.179
1997-04-10 01:20:00,,-27.15
1997-04-10 01:40:00,,-27.148
1997-04-10 03:00:00,,-27.15
1997-04-10 05:40:00,,-27.15
1997-04-10 06:00:00,,-27.139
1997-04-10 06:20:00,,-27.137
1997-04-10 06:40:00,,-27.138
1997-04-10 07:00:00,,-27.142
1997-04-10 07:20:00,,-27.144
1997-04-10 07:40:00,,-27.148
1997-04-10 08:00:00,,-27.15
1997-04-10 08:20:00,,-27.152
1997-04-10 08:40:00,,-27.156
1997-04-10 09:00:00,,-27.164
1997-04-10 09:20:00,,-27.175
1997-04-10 09:40:00,,-27.185
1997-04-10 10:00:00,,-27.195
1997-04-10 10:20:00,,-27.204
1997-04-10 10:40:00,,-27.213
1997-04-10 11:00:00,,-27.222
1997-04-10 11:20:00,,-27.231
1997-04-10 11:40:00,,-27.242
1997-04-10 12:00:00,,-27.25
1997-04-10 12:20:00,,-27.255
1997-04-10 13:00:00,,-27.255
1997-04-10 13:20:00,,-27.254
1997-04-10 13:40:00,,-27.247
1997-04-10 14:00:00,,-27.242
1997-04-10 14:20:00,,-27.236
1997-04-10 14:40:00,,-27.228
1997-04-10 15:00:00,,-27.193
1997-04-10 15:20:00,,-27.169
1997-04-10 15:40:00,,-27.153
1997-04-10 16:00:00,,-27.14
1997-04-10 16:20:00,,-27.132
1997-04-10 16:40:00,,-27.125
1997-04-10 17:00:00,,-27.12
1997-04-10 17:20:00,,-27.115
1997-04-10 17:40:00,,-27.112
1997-04-10 18:00:00,,-27.108
1997-04-10 18:20:00,,-27.103
1997-04-10 18:40:00,,-27.098
1997-04-10 19:00:00,,-27.093
1997-04-10 19:20:00,,-27.087
1997-04-10 19:40:00,,-27.081
1997-04-10 20:00:00,,-27.075
1997-04-10 20:20:00,,-27.068
1997-04-10 21:40:00,,-27.047
1997-04-10 22:00:00,,-27.042
1997-04-10 22:20:00,,-27.036
1997-04-10 22:40:00,,-27.032
1997-04-10 23:00:00,,-27.026
1997-04-11 00:20:00,,-27.007
1997-04-11 02:20:00,,-26.977
1997-04-11 03:40:00,,-26.962
1997-04-11 04:00:00,,-26.959
1997-04-11 04:20:00,,-26.956
1997-04-11 04:40:00,,-26.953
1997-04-11 05:00:00,,-26.949
1997-04-11 05:20:00,,-26.948
1997-04-11 05:40:00,,-26.945
1997-04-11 06:00:00,,-26.943
1997-04-11 06:20:00,,-26.94
1997-04-11 06:40:00,,-26.937
1997-04-11 07:00:00,,-26.935
1997-04-11 07:20:00,,-26.933
1997-04-11 07:40:00,,-26.93
1997-04-11 08:00:00,,-26.926
1997-04-11 08:20:00,,-26.94
1997-04-11 08:40:00,,-26.964
1997-04-11 09:00:00,,-26.981
1997-04-11 09:20:00,,-26.994
1997-04-11 09:40:00,,-27.006
1997-04-11 10:00:00,,-27.017
1997-04-11 10:20:00,,-27.025
1997-04-11 10:40:00,,-27.035
1997-04-11 11:00:00,,-27.045
1997-04-11 11:20:00,,-27.054
1997-04-11 11:40:00,,-27.063
1997-04-11 12:00:00,,-27.071
1997-04-11 12:20:00,,-27.078
1997-04-11 12:40:00,,-27.084
1997-04-11 14:20:00,,-27.114
1997-04-11 14:40:00,,-27.118
1997-04-11 15:00:00,,-27.125
1997-04-11 15:40:00,,-27.125
1997-04-11 16:00:00,,-27.131
1997-04-11 16:20:00,,-27.135
1997-04-11 16:40:00,,-27.138
1997-04-11 17:00:00,,-27.139
1997-04-11 17:20:00,,-27.139
1997-04-11 17:40:00,,-27.14
1997-04-11 18:40:00,,-27.14
1997-04-11 19:00:00,,-27.139
1997-04-11 19:20:00,,-27.137
1997-04-11 20:40:00,,-27.127
1997-04-11 21:00:00,,-27.126
1997-04-11 21:20:00,,-27.123
1997-04-11 21:40:00,,-27.121
1997-04-11 22:00:00,,-27.119
1997-04-11 22:20:00,,-27.116
1997-04-11 22:40:00,,-27.115
1997-04-11 23:00:00,,-27.113
1997-04-11 23:20:00,,-27.11
1997-04-11 23:40:00,,-27.109
1997-04-12 00:00:00,,-27.107
1997-04-12 00:20:00,,-27.099
1997-04-12 00:40:00,,-27.067
1997-04-12 01:00:00,,-27.044
1997-04-12 01:20:00,,-27.026
1997-04-12 01:40:00,,-27.012
1997-04-12 02:00:00,,-26.999
1997-04-12 02:20:00,,-26.989
1997-04-12 02:40:00,,-26.98
1997-04-12 03:00:00,,-26.972
1997-04-12 03:20:00,,-26.966
1997-04-12 03:40:00,,-26.959
1997-04-12 04:00:00,,-26.955
1997-04-12 04:20:00,,-26.95
1997-04-12 04:40:00,,-26.945
1997-04-12 05:00:00,,-26.94
1997-04-12 06:40:00,,-26.923
1997-04-12 07:00:00,,-26.917
1997-04-12 07:20:00,,-26.925
1997-04-12 07:40:00,,-26.95
1997-04-12 08:00:00,,-26.968
1997-04-12 08:20:00,,-26.985
1997-04-12 08:40:00,,-27.003
1997-04-12 09:00:00,,-27.024
1997-04-12 09:20:00,,-27.045
1997-04-12 09:40:00,,-27.065
1997-04-12 10:00:00,,-27.086
1997-04-12 10:20:00,,-27.105
1997-04-12 10:40:00,,-27.124
1997-04-12 11:00:00,,-27.141
1997-04-12 11:20:00,,-27.159
1997-04-12 11:40:00,,-27.174
1997-04-12 12:00:00,,-27.188
1997-04-12 12:20:00,,-27.198
1997-04-12 12:40:00,,-27.204
1997-04-12 13:00:00,,-27.205
1997-04-12 13:20:00,,-27.206
1997-04-12 14:00:00,,-27.206
1997-04-12 14:20:00,,-27.186
1997-04-12 14:40:00,,-27.162
1997-04-12 15:00:00,,-27.147
1997-04-12 15:20:00,,-27.135
1997-04-12 15:40:00,,-27.129
1997-04-12 16:00:00,,-27.147
1997-04-12 16:20:00,,-27.162
1997-04-12 16:40:00,,-27.172
1997-04-12 17:00:00,,-27.18
1997-04-12 17:20:00,,-27.187
1997-04-12 17:40:00,,-27.192
1997-04-12 18:00:00,,-27.198
1997-04-12 18:20:00,,-27.199
1997-04-12 18:40:00,,-27.199
1997-04-12 19:00:00,,-27.201
1997-04-12 19:20:00,,-27.203
1997-04-12 20:40:00,,-27.215
1997-04-12 21:00:00,,-27.217
1997-04-12 21:20:00,,-27.22
1997-04-12 21:40:00,,-27.223
1997-04-12 22:00:00,,-27.225
1997-04-12 22:20:00,,-27.232
1997-04-12 22:40:00,,-27.235
1997-04-12 23:00:00,,-27.237
1997-04-12 23:20:00,,-27.241
1997-04-12 23:40:00,,-27.244
1997-04-13 00:00:00,,-27.247
1997-04-13 00:20:00,,-27.25
1997-04-13 00:40:00,,-27.253
1997-04-13 01:00:00,,-27.255
1997-04-13 02:20:00,,-27.266
1997-04-13 02:40:00,,-27.269
1997-04-13 03:00:00,,-27.272
1997-04-13 03:20:00,,-27.276
1997-04-13 03:40:00,,-27.28
1997-04-13 04:00:00,,-27.283
1997-04-13 04:20:00,,-27.287
1997-04-13 04:40:00,,-27.291
1997-04-13 05:00:00,,-27.298
1997-04-13 05:20:00,,-27.305
1997-04-13 05:40:00,,-27.311
1997-04-13 06:00:00,,-27.317
1997-04-13 06:20:00,,-27.322
1997-04-13 06:40:00,,-27.327
1997-04-13 07:00:00,,-27.331
1997-04-13 07:20:00,,-27.336
1997-04-13 07:40:00,,-27.337
1997-04-13 09:00:00,,-27.345
1997-04-13 09:20:00,,-27.348
1997-04-13 09:40:00,,-27.351
1997-04-13 10:00:00,,-27.353
1997-04-13 10:20:00,,-27.356
1997-04-13 10:40:00,,-27.357
1997-04-13 11:00:00,,-27.359
1997-04-13 11:20:00,,-27.361
1997-04-13 12:00:00,,-27.361
1997-04-13 12:20:00,,-27.362
1997-04-13 12:40:00,,-27.365
1997-04-13 13:00:00,,-27.367
1997-04-13 13:20:00,,-27.369
1997-04-13 15:00:00,,-27.374
1997-04-13 15:20:00,,-27.374
1997-04-13 15:40:00,,-27.375
1997-04-13 16:00:00,,-27.375
1997-04-13 17:20:00,,-27.379
1997-04-13 17:40:00,,-27.379
1997-04-13 18:00:00,,-27.381
1997-04-13 18:20:00,,-27.383
1997-04-13 18:40:00,,-27.378
1997-04-13 19:00:00,,-27.352
1997-04-13 19:20:00,,-27.334
1997-04-13 19:40:00,,-27.32
1997-04-13 20:00:00,,-27.324
1997-04-13 20:20:00,,-27.338
1997-04-13 20:40:00,,-27.347
1997-04-13 21:00:00,,-27.354
1997-04-13 21:20:00,,-27.359
1997-04-13 21:40:00,,-27.363
1997-04-13 22:00:00,,-27.367
1997-04-13 22:20:00,,-27.369
1997-04-13 22:40:00,,-27.373
1997-04-13 23:00:00,,-27.375
1997-04-13 23:20:00,,-27.377
1997-04-13 23:40:00,,-27.379
1997-04-14 00:00:00,,-27.38
1997-04-14 00:20:00,,-27.381
1997-04-14 03:20:00,,-27.395
1997-04-14 03:40:00,,-27.399
1997-04-14 04:00:00,,-27.401
1997-04-14 04:20:00,,-27.404
1997-04-14 04:40:00,,-27.408
1997-04-14 05:20:00,,-27.408
1997-04-14 05:40:00,,-27.409
1997-04-14 06:00:00,,-27.414
1997-04-14 06:20:00,,-27.417
1997-04-14 06:40:00,,-27.42
1997-04-14 07:00:00,,-27.423
1997-04-14 07:20:00,,-27.427
1997-04-14 07:40:00,,-27.419
1997-04-14 08:00:00,,-27.412
1997-04-14 08:20:00,,-27.417
1997-04-14 08:40:00,,-27.433
1997-04-14 09:00:00,,-27.45
1997-04-14 09:20:00,,-27.464
1997-04-14 09:40:00,,-27.476
1997-04-14 10:00:00,,-27.483
1997-04-14 10:20:00,,-27.489
1997-04-14 10:40:00,,-27.494
1997-04-14 11:00:00,,-27.496
1997-04-14 11:20:00,,-27.498
1997-04-14 11:40:00,,-27.499
1997-04-14 12:20:00,,-27.499
1997-04-14 12:40:00,,-27.498
1997-04-14 13:00:00,,-27.488
1997-04-14 13:20:00,,-27.478
1997-04-14 13:40:00,,-27.466
1997-04-14 14:00:00,,-27.455
1997-04-14 14:20:00,,-27.444
1997-04-14 14:40:00,,-27.432
1997-04-14 15:00:00,,-27.422
1997-04-14 15:20:00,,-27.411
1997-04-14 15:40:00,,-27.4
1997-04-14 16:00:00,,-27.39
1997-04-14 16:20:00,,-27.38
1997-04-14 16:40:00,,-27.371
1997-04-14 17:00:00,,-27.358
1997-04-14 17:20:00,,-27.344
1997-04-14 17:40:00,,-27.342
1997-04-14 18:00:00,,-27.339
1997-04-14 18:20:00,,-27.336
1997-04-14 18:40:00,,-27.332
1997-04-14 19:00:00,,-27.327
1997-04-14 19:20:00,,-27.322
1997-04-14 19:40:00,,-27.317
1997-04-14 20:00:00,,-27.312
1997-04-14 21:20:00,,-27.294
1997-04-14 21:40:00,,-27.291
1997-04-14 22:00:00,,-27.285
1997-04-14 22:20:00,,-27.281
1997-04-14 22:40:00,,-27.276
1997-04-14 23:00:00,,-27.272
1997-04-14 23:20:00,,-27.267
1997-04-14 23:40:00,,-27.262
1997-04-15 00:00:00,,-27.258
1997-04-15 00:20:00,,-27.254
1997-04-15 00:40:00,,-27.248
1997-04-15 01:00:00,,-27.244
1997-04-15 01:20:00,,-27.24
1997-04-15 01:40:00,,-27.235
1997-04-15 02:00:00,,-27.231
1997-04-15 02:20:00,,-27.228
1997-04-15 02:40:00,,-27.224
1997-04-15 03:00:00,,-27.222
1997-04-15 03:20:00,,-27.22
1997-04-15 03:40:00,,-27.219
1997-04-15 04:00:00,,-27.217
1997-04-15 04:20:00,,-27.217
1997-04-15 04:40:00,,-27.216
1997-04-15 06:00:00,,-27.216
1997-04-15 07:20:00,,-27.212
1997-04-15 08:40:00,,-27.212
1997-04-15 09:00:00,,-27.219
1997-04-15 09:20:00,,-27.23
1997-04-15 09:40:00,,-27.241
1997-04-15 10:00:00,,-27.252
1997-04-15 10:20:00,,-27.265
1997-04-15 10:40:00,,-27.277
1997-04-15 11:00:00,,-27.289
1997-04-15 11:20:00,,-27.301
1997-04-15 11:40:00,,-27.311
1997-04-15 12:00:00,,-27.321
1997-04-15 12:20:00,,-27.327
1997-04-15 12:40:00,,-27.33
1997-04-15 13:00:00,,-27.331
1997-04-15 14:00:00,,-27.331
1997-04-15 15:20:00,,-27.327
1997-04-15 15:40:00,,-27.327
1997-04-15 16:00:00,,-27.326
1997-04-15 18:00:00,,-27.326
1997-04-15 19:40:00,,-27.338
1997-04-15 20:00:00,,-27.336
1997-04-15 20:20:00,,-27.31
1997-04-15 20:40:00,,-27.292
1997-04-15 21:00:00,,-27.279
1997-04-15 21:20:00,,-27.268
1997-04-15 21:40:00,,-27.258
1997-04-15 22:00:00,,-27.247
1997-04-15 22:20:00,,-27.238
1997-04-15 22:40:00,,-27.226
1997-04-15 23:00:00,,-27.217
1997-04-15 23:20:00,,-27.206
1997-04-15 23:40:00,,-27.194
1997-04-16 00:00:00,,-27.183
1997-04-16 01:20:00,,-27.14
1997-04-16 01:40:00,,-27.131
1997-04-16 02:00:00,,-27.122
1997-04-16 02:20:00,,-27.114
1997-04-16 02:40:00,,-27.107
1997-04-16 03:00:00,,-27.101
1997-04-16 03:20:00,,-27.094
1997-04-16 03:40:00,,-27.088
1997-04-16 04:00:00,,-27.081
1997-04-16 04:20:00,,-27.091
1997-04-16 04:40:00,,-27.112
1997-04-16 05:00:00,,-27.127
1997-04-16 05:20:00,,-27.137
1997-04-16 05:40:00,,-27.143
1997-04-16 06:00:00,,-27.148
1997-04-16 06:20:00,,-27.153
1997-04-16 06:40:00,,-27.156
1997-04-16 07:00:00,,-27.159
1997-04-16 07:20:00,,-27.161
1997-04-16 07:40:00,,-27.163
1997-04-16 08:00:00,,-27.165
1997-04-16 08:20:00,,-27.165
1997-04-16 08:40:00,,-27.166
1997-04-16 11:20:00,,-27.166
1997-04-16 11:40:00,,-27.163
1997-04-16 12:00:00,,-27.16
1997-04-16 12:20:00,,-27.155
1997-04-16 12:40:00,,-27.151
1997-04-16 13:00:00,,-27.133
1997-04-16 13:20:00,,-27.13
1997-04-16 13:40:00,,-27.13
1997-04-16 14:00:00,,-27.127
1997-04-16 14:20:00,,-27.126
1997-04-16 15:40:00,,-27.116
1997-04-16 16:00:00,,-27.114
1997-04-16 16:20:00,,-27.108
1997-04-16 16:40:00,,-27.078
1997-04-16 17:00:00,,-27.062
1997-04-16 17:20:00,,-27.065
1997-04-16 17:40:00,,-27.072
1997-04-16 18:00:00,,-27.077
1997-04-16 18:20:00,,-27.08
1997-04-16 18:40:00,,-27.081
1997-04-16 19:00:00,,-27.083
1997-04-16 19:20:00,,-27.083
1997-04-16 19:40:00,,-27.084
1997-04-16 20:00:00,,-27.087
1997-04-16 20:20:00,,-27.089
1997-04-16 20:40:00,,-27.091
1997-04-16 21:00:00,,-27.095
1997-04-16 21:20:00,,-27.1
1997-04-16 21:40:00,,-27.106
1997-04-16 22:00:00,,-27.112
1997-04-16 22:20:00,,-27.117
1997-04-16 22:40:00,,-27.102
1997-04-16 23:00:00,,-27.085
1997-04-16 23:20:00,,-27.075
1997-04-16 23:40:00,,-27.068
1997-04-17 00:00:00,,-27.065
1997-04-17 00:20:00,,-27.061
1997-04-17 00:40:00,,-27.06
1997-04-17 01:00:00,,-27.058
1997-04-17 01:20:00,,-27.057
1997-04-17 03:00:00,,-27.057
1997-04-17 03:20:00,,-27.058
1997-04-17 05:20:00,,-27.084
1997-04-17 05:40:00,,-27.104
1997-04-17 06:00:00,,-27.135
1997-04-17 06:20:00,,-27.159
1997-04-17 06:40:00,,-27.177
1997-04-17 07:00:00,,-27.193
1997-04-17 07:20:00,,-27.207
1997-04-17 07:40:00,,-27.219
1997-04-17 08:00:00,,-27.231
1997-04-17 08:20:00,,-27.244
1997-04-17 08:40:00,,-27.26
1997-04-17 09:00:00,,-27.277
1997-04-17 09:20:00,,-27.295
1997-04-17 09:40:00,,-27.327
1997-04-17 10:00:00,,-27.369
1997-04-17 10:20:00,,-27.405
1997-04-17 10:40:00,,-27.437
1997-04-17 11:00:00,,-27.463
1997-04-17 11:20:00,,-27.486
1997-04-17 11:40:00,,-27.506
1997-04-17 12:00:00,,-27.522
1997-04-17 12:20:00,,-27.535
1997-04-17 12:40:00,,-27.542
1997-04-17 13:00:00,,-27.545
1997-04-17 13:20:00,,-27.546
1997-04-17 15:20:00,,-27.546
1997-04-17 15:40:00,,-27.547
1997-04-17 16:00:00,,-27.548
1997-04-17 16:20:00,,-27.549
1997-04-17 16:40:00,,-27.551
1997-04-17 17:00:00,,-27.553
1997-04-17 17:20:00,,-27.555
1997-04-17 17:40:00,,-27.558
1997-04-17 18:00:00,,-27.561
1997-04-17 18:20:00,,-27.565
1997-04-17 20:20:00,,-27.583
1997-04-17 20:40:00,,-27.587
1997-04-17 21:00:00,,-27.59
1997-04-17 21:20:00,,-27.593
1997-04-17 21:40:00,,-27.596
1997-04-17 22:00:00,,-27.599
1997-04-17 22:20:00,,-27.601
1997-04-17 22:40:00,,-27.604
1997-04-17 23:00:00,,-27.606
1997-04-17 23:20:00,,-27.607
1997-04-17 23:40:00,,-27.608
1997-04-18 01:00:00,,-27.615
1997-04-18 01:20:00,,-27.616
1997-04-18 01:40:00,,-27.617
1997-04-18 02:00:00,,-27.618
1997-04-18 02:20:00,,-27.62
1997-04-18 03:40:00,,-27.632
1997-04-18 05:00:00,,-27.648
1997-04-18 05:20:00,,-27.654
1997-04-18 05:40:00,,-27.641
1997-04-18 06:00:00,,-27.621
1997-04-18 06:20:00,,-27.594
1997-04-18 06:40:00,,-27.591
1997-04-18 07:00:00,,-27.59
1997-04-18 07:20:00,,-27.586
1997-04-18 07:40:00,,-27.555
1997-04-18 08:00:00,,-27.551
1997-04-18 08:20:00,,-27.551
1997-04-18 08:40:00,,-27.561
1997-04-18 09:00:00,,-27.592
1997-04-18 09:20:00,,-27.614
1997-04-18 09:40:00,,-27.63
1997-04-18 10:00:00,,-27.556
1997-04-18 11:00:00,,-27.662
1997-04-18 11:20:00,,-27.665
1997-04-18 11:40:00,,-27.668
1997-04-18 12:00:00,,-27.67
1997-04-18 12:20:00,,-27.671
1997-04-18 15:20:00,,-27.671
1997-04-18 15:40:00,,-27.655
1997-04-18 16:00:00,,-27.633
1997-04-18 16:20:00,,-27.617
1997-04-18 16:40:00,,-27.604
1997-04-18 17:00:00,,-27.595
1997-04-18 17:20:00,,-27.587
1997-04-18 17:40:00,,-27.58
1997-04-18 18:00:00,,-27.575
1997-04-18 18:20:00,,-27.571
1997-04-18 18:40:00,,-27.567
1997-04-18 19:00:00,,-27.564
1997-04-18 19:20:00,,-27.562
1997-04-18 19:40:00,,-27.559
1997-04-18 21:00:00,,-27.556
1997-04-18 21:20:00,,-27.556
1997-04-18 21:40:00,,-27.553
1997-04-18 22:00:00,,-27.553
1997-04-18 22:20:00,,-27.551
1997-04-18 22:40:00,,-27.551
1997-04-18 23:00:00,,-27.549
1997-04-18 23:20:00,,-27.547
1997-04-18 23:40:00,,-27.544
1997-04-19 00:00:00,,-27.54
1997-04-19 00:20:00,,-27.535
1997-04-19 00:40:00,,-27.529
1997-04-19 01:00:00,,-27.523
1997-04-19 02:40:00,,-27.483
1997-04-19 03:00:00,,-27.476
1997-04-19 03:20:00,,-27.469
1997-04-19 03:40:00,,-27.462
1997-04-19 04:00:00,,-27.456
1997-04-19 04:20:00,,-27.451
1997-04-19 04:40:00,,-27.446
1997-04-19 05:00:00,,-27.441
1997-04-19 05:20:00,,-27.437
1997-04-19 05:40:00,,-27.433
1997-04-19 06:00:00,,-27.429
1997-04-19 07:20:00,,-27.417
1997-04-19 07:40:00,,-27.413
1997-04-19 08:00:00,,-27.411
1997-04-19 08:20:00,,-27.41
1997-04-19 08:40:00,,-27.41
1997-04-19 09:00:00,,-27.412
1997-04-19 09:20:00,,-27.444
1997-04-19 09:40:00,,-27.475
1997-04-19 10:00:00,,-27.501
1997-04-19 10:20:00,,-27.526
1997-04-19 10:40:00,,-27.546
1997-04-19 11:00:00,,-27.564
1997-04-19 11:20:00,,-27.581
1997-04-19 11:40:00,,-27.598
1997-04-19 12:00:00,,-27.612
1997-04-19 12:20:00,,-27.622
1997-04-19 12:40:00,,-27.629
1997-04-19 13:00:00,,-27.631
1997-04-19 13:20:00,,-27.632
1997-04-19 14:00:00,,-27.632
1997-04-19 14:20:00,,-27.635
1997-04-19 14:40:00,,-27.643
1997-04-19 15:00:00,,-27.649
1997-04-19 15:20:00,,-27.654
1997-04-19 15:40:00,,-27.656
1997-04-19 16:00:00,,-27.657
1997-04-19 16:20:00,,-27.657
1997-04-19 16:40:00,,-27.649
1997-04-19 17:00:00,,-27.627
1997-04-19 17:20:00,,-27.609
1997-04-19 17:40:00,,-27.596
1997-04-19 18:00:00,,-27.585
1997-04-19 18:20:00,,-27.577
1997-04-19 18:40:00,,-27.572
1997-04-19 19:00:00,,-27.567
1997-04-19 19:20:00,,-27.563
1997-04-19 19:40:00,,-27.56
1997-04-19 21:00:00,,-27.554
1997-04-19 21:20:00,,-27.553
1997-04-19 21:40:00,,-27.551
1997-04-19 22:00:00,,-27.55
1997-04-19 22:20:00,,-27.55
1997-04-19 22:40:00,,-27.547
1997-04-19 23:00:00,,-27.546
1997-04-19 23:20:00,,-27.544
1997-04-19 23:40:00,,-27.543
1997-04-20 00:00:00,,-27.54
1997-04-20 00:20:00,,-27.538
1997-04-20 00:40:00,,-27.538
1997-04-20 02:20:00,,-27.528
1997-04-20 02:40:00,,-27.527
1997-04-20 05:20:00,,-27.527
1997-04-20 05:40:00,,-27.529
1997-04-20 06:00:00,,-27.532
1997-04-20 06:20:00,,-27.535
1997-04-20 06:40:00,,-27.539
1997-04-20 07:00:00,,-27.541
1997-04-20 07:20:00,,-27.544
1997-04-20 07:40:00,,-27.548
1997-04-20 08:00:00,,-27.552
1997-04-20 08:20:00,,-27.555
1997-04-20 08:40:00,,-27.558
1997-04-20 09:00:00,,-27.562
1997-04-20 09:20:00,,-27.565
1997-04-20 10:40:00,,-27.575
1997-04-20 11:00:00,,-27.576
1997-04-20 12:40:00,,-27.576
1997-04-20 14:00:00,,-27.56
1997-04-20 14:20:00,,-27.557
1997-04-20 14:40:00,,-27.553
1997-04-20 16:00:00,,-27.541
1997-04-20 16:20:00,,-27.539
1997-04-20 16:40:00,,-27.538
1997-04-20 17:00:00,,-27.538
1997-04-20 17:20:00,,-27.537
1997-04-20 18:20:00,,-27.537
1997-04-20 18:40:00,,-27.526
1997-04-20 19:00:00,,-27.499
1997-04-20 19:20:00,,-27.479
1997-04-20 19:40:00,,-27.463
1997-04-20 20:00:00,,-27.449
1997-04-20 20:20:00,,-27.439
1997-04-20 20:40:00,,-27.449
1997-04-20 21:00:00,,-27.459
1997-04-20 21:20:00,,-27.465
1997-04-20 21:40:00,,-27.466
1997-04-20 22:40:00,,-27.466
1997-04-20 23:00:00,,-27.463
1997-04-20 23:20:00,,-27.457
1997-04-20 23:40:00,,-27.451
1997-04-21 00:00:00,,-27.445
1997-04-21 00:20:00,,-27.438
1997-04-21 00:40:00,,-27.432
1997-04-21 01:00:00,,-27.424
1997-04-21 01:20:00,,-27.418
1997-04-21 01:40:00,,-27.41
1997-04-21 03:00:00,,-27.387
1997-04-21 03:20:00,,-27.382
1997-04-21 03:40:00,,-27.379
1997-04-21 04:00:00,,-27.375
1997-04-21 04:20:00,,-27.372
1997-04-21 04:40:00,,-27.37
1997-04-21 05:00:00,,-27.366
1997-04-21 05:20:00,,-27.364
1997-04-21 05:40:00,,-27.362
1997-04-21 06:00:00,,-27.36
1997-04-21 07:20:00,,-27.358
1997-04-21 07:40:00,,-27.356
1997-04-21 08:40:00,,-27.356
1997-04-21 09:00:00,,-27.363
1997-04-21 09:20:00,,-27.373
1997-04-21 09:40:00,,-27.382
1997-04-21 10:00:00,,-27.391
1997-04-21 10:20:00,,-27.4
1997-04-21 10:40:00,,-27.408
1997-04-21 11:00:00,,-27.414
1997-04-21 11:20:00,,-27.419
1997-04-21 11:40:00,,-27.423
1997-04-21 12:00:00,,-27.425
1997-04-21 12:40:00,,-27.425
1997-04-21 13:00:00,,-27.423
1997-04-21 13:20:00,,-27.413
1997-04-21 13:40:00,,-27.403
1997-04-21 14:00:00,,-27.392
1997-04-21 14:20:00,,-27.382
1997-04-21 14:40:00,,-27.372
1997-04-21 15:00:00,,-27.364
1997-04-21 15:20:00,,-27.356
1997-04-21 15:40:00,,-27.348
1997-04-21 16:00:00,,-27.339
1997-04-21 16:20:00,,-27.332
1997-04-21 16:40:00,,-27.325
1997-04-21 17:00:00,,-27.319
1997-04-21 17:20:00,,-27.313
1997-04-21 17:40:00,,-27.308
1997-04-21 18:00:00,,-27.304
1997-04-21 18:20:00,,-27.299
1997-04-21 18:40:00,,-27.296
1997-04-21 19:00:00,,-27.293
1997-04-21 19:20:00,,-27.29
1997-04-21 19:40:00,,-27.288
1997-04-21 20:00:00,,-27.288
1997-04-21 20:20:00,,-27.258
1997-04-21 20:40:00,,-27.231
1997-04-21 21:00:00,,-27.212
1997-04-21 21:20:00,,-27.198
1997-04-21 21:40:00,,-27.186
1997-04-21 22:00:00,,-27.172
1997-04-21 22:20:00,,-27.166
1997-04-21 22:40:00,,-27.156
1997-04-21 23:00:00,,-27.149
1997-04-22 00:40:00,,-27.109
1997-04-22 01:00:00,,-27.103
1997-04-22 01:20:00,,-27.096
1997-04-22 01:40:00,,-27.09
1997-04-22 02:00:00,,-27.082
1997-04-22 02:20:00,,-27.076
1997-04-22 02:40:00,,-27.07
1997-04-22 03:00:00,,-27.065
1997-04-22 03:20:00,,-27.06
1997-04-22 03:40:00,,-27.056
1997-04-22 04:00:00,,-27.053
1997-04-22 04:20:00,,-27.048
1997-04-22 04:40:00,,-27.045
1997-04-22 05:00:00,,-27.042
1997-04-22 05:20:00,,-27.039
1997-04-22 05:40:00,,-27.035
1997-04-22 07:00:00,,-27.033
1997-04-22 07:20:00,,-27.032
1997-04-22 07:40:00,,-27.031
1997-04-22 08:00:00,,-27.059
1997-04-22 08:20:00,,-27.083
1997-04-22 08:40:00,,-27.104
1997-04-22 09:00:00,,-27.125
1997-04-22 09:20:00,,-27.145
1997-04-22 09:40:00,,-27.163
1997-04-22 10:00:00,,-27.18
1997-04-22 10:20:00,,-27.194
1997-04-22 10:40:00,,-27.207
1997-04-22 11:00:00,,-27.219
1997-04-22 11:20:00,,-27.229
1997-04-22 11:40:00,,-27.238
1997-04-22 12:00:00,,-27.245
1997-04-22 12:20:00,,-27.249
1997-04-22 13:00:00,,-27.249
1997-04-22 13:20:00,,-27.248
1997-04-22 13:40:00,,-27.241
1997-04-22 14:00:00,,-27.234
1997-04-22 14:20:00,,-27.228
1997-04-22 14:40:00,,-27.212
1997-04-22 15:00:00,,-27.212
1997-04-22 15:20:00,,-27.21
1997-04-22 15:40:00,,-27.204
1997-04-22 16:00:00,,-27.199
1997-04-22 16:20:00,,-27.194
1997-04-22 16:40:00,,-27.19
1997-04-22 17:00:00,,-27.187
1997-04-22 17:20:00,,-27.184
1997-04-22 17:40:00,,-27.181
1997-04-22 19:00:00,,-27.175
1997-04-22 20:00:00,,-27.175
1997-04-22 20:20:00,,-27.174
1997-04-22 20:40:00,,-27.172
1997-04-22 21:00:00,,-27.143
1997-04-22 21:20:00,,-27.119
1997-04-22 21:40:00,,-27.103
1997-04-22 22:00:00,,-27.09
1997-04-22 22:20:00,,-27.078
1997-04-22 22:40:00,,-27.07
1997-04-22 23:00:00,,-27.061
1997-04-22 23:20:00,,-27.055
1997-04-22 23:40:00,,-27.047
1997-04-23 00:00:00,,-27.04
1997-04-23 00:20:00,,-27.032
1997-04-23 00:40:00,,-27.026
1997-04-23 01:00:00,,-27.019
1997-04-23 01:20:00,,-27.012
1997-04-23 01:40:00,,-27.007
1997-04-23 02:00:00,,-27.001
1997-04-23 02:20:00,,-26.995
1997-04-23 02:40:00,,-26.99
1997-04-23 03:00:00,,-26.987
1997-04-23 03:20:00,,-26.983
1997-04-23 03:40:00,,-26.978
1997-04-23 04:00:00,,-26.974
1997-04-23 04:20:00,,-26.971
1997-04-23 05:40:00,,-26.961
1997-04-23 06:00:00,,-26.96
1997-04-23 06:20:00,,-26.959
1997-04-23 06:40:00,,-26.958
1997-04-23 07:00:00,,-26.956
1997-04-23 07:20:00,,-26.984
1997-04-23 07:40:00,,-27.007
1997-04-23 08:00:00,,-27.024
1997-04-23 08:20:00,,-27.037
1997-04-23 08:40:00,,-27.05
1997-04-23 09:00:00,,-27.063
1997-04-23 09:20:00,,-27.074
1997-04-23 09:40:00,,-27.085
1997-04-23 10:00:00,,-27.098
1997-04-23 10:20:00,,-27.11
1997-04-23 10:40:00,,-27.12
1997-04-23 11:00:00,,-27.131
1997-04-23 11:20:00,,-27.144
1997-04-23 11:40:00,,-27.159
1997-04-23 12:00:00,,-27.175
1997-04-23 12:20:00,,-27.191
1997-04-23 12:40:00,,-27.207
1997-04-23 13:00:00,,-27.222
1997-04-23 13:20:00,,-27.235
1997-04-23 13:40:00,,-27.248
1997-04-23 14:00:00,,-27.259
1997-04-23 14:20:00,,-27.268
1997-04-23 14:40:00,,-27.279
1997-04-23 15:00:00,,-27.287
1997-04-23 15:20:00,,-27.293
1997-04-23 15:40:00,,-27.299
1997-04-23 16:00:00,,-27.303
1997-04-23 16:20:00,,-27.306
1997-04-23 16:40:00,,-27.309
1997-04-23 17:00:00,,-27.31
1997-04-23 17:20:00,,-27.312
1997-04-23 17:40:00,,-27.313
1997-04-23 18:20:00,,-27.313
1997-04-23 18:40:00,,-27.31
1997-04-23 19:00:00,,-27.302
1997-04-23 19:20:00,,-27.293
1997-04-23 19:40:00,,-27.286
1997-04-23 20:00:00,,-27.278
1997-04-23 21:20:00,,-27.254
1997-04-23 21:40:00,,-27.25
1997-04-23 22:00:00,,-27.244
1997-04-23 22:20:00,,-27.238
1997-04-23 22:40:00,,-27.234
1997-04-23 23:00:00,,-27.229
1997-04-23 23:20:00,,-27.225
1997-04-23 23:40:00,,-27.221
1997-04-24 00:00:00,,-27.215
1997-04-24 00:20:00,,-27.213
1997-04-24 00:40:00,,-27.206
1997-04-24 01:00:00,,-27.202
1997-04-24 01:20:00,,-27.197
1997-04-24 01:40:00,,-27.192
1997-04-24 02:00:00,,-27.186
1997-04-24 02:20:00,,-27.153
1997-04-24 02:40:00,,-27.126
1997-04-24 03:00:00,,-27.106
1997-04-24 03:20:00,,-27.09
1997-04-24 03:40:00,,-27.076
1997-04-24 04:00:00,,-27.065
1997-04-24 04:20:00,,-27.056
1997-04-24 04:40:00,,-27.049
1997-04-24 05:00:00,,-27.039
1997-04-24 05:20:00,,-27.033
1997-04-24 05:40:00,,-27.027
1997-04-24 06:00:00,,-27.022
1997-04-24 06:20:00,,-27.016
1997-04-24 06:40:00,,-27.014
1997-04-24 07:00:00,,-27.009
1997-04-24 07:20:00,,-27.034
1997-04-24 07:40:00,,-27.052
1997-04-24 08:00:00,,-27.065
1997-04-24 08:20:00,,-27.076
1997-04-24 08:40:00,,-27.089
1997-04-24 09:00:00,,-27.104
1997-04-24 09:20:00,,-27.119
1997-04-24 09:40:00,,-27.133
1997-04-24 10:00:00,,-27.15
1997-04-24 10:20:00,,-27.164
1997-04-24 10:40:00,,-27.179
1997-04-24 11:00:00,,-27.192
1997-04-24 11:20:00,,-27.202
1997-04-24 11:40:00,,-27.194
1997-04-24 12:00:00,,-27.206
1997-04-24 12:20:00,,-27.222
1997-04-24 12:40:00,,-27.232
1997-04-24 13:00:00,,-27.236
1997-04-24 13:20:00,,-27.237
1997-04-24 13:40:00,,-27.238
1997-04-24 14:40:00,,-27.238
1997-04-24 15:00:00,,-27.222
1997-04-24 15:20:00,,-27.215
1997-04-24 15:40:00,,-27.217
1997-04-24 16:00:00,,-27.223
1997-04-24 16:20:00,,-27.227
1997-04-24 16:40:00,,-27.23
1997-04-24 18:00:00,,-27.241
1997-04-24 19:20:00,,-27.255
1997-04-24 19:40:00,,-27.26
1997-04-24 20:00:00,,-27.243
1997-04-24 20:20:00,,-27.224
1997-04-24 20:40:00,,-27.212
1997-04-24 21:00:00,,-27.204
1997-04-24 21:20:00,,-27.198
1997-04-24 21:40:00,,-27.193
1997-04-24 22:00:00,,-27.19
1997-04-24 22:20:00,,-27.188
1997-04-24 22:40:00,,-27.185
1997-04-24 23:00:00,,-27.184
1997-04-24 23:20:00,,-27.182
1997-04-24 23:40:00,,-27.18
1997-04-25 00:00:00,,-27.179
1997-04-25 01:20:00,,-27.173
1997-04-25 01:40:00,,-27.17
1997-04-25 02:00:00,,-27.169
1997-04-25 02:20:00,,-27.168
1997-04-25 03:00:00,,-27.168
1997-04-25 03:20:00,,-27.167
1997-04-25 07:20:00,,-27.167
1997-04-25 07:40:00,,-27.169
1997-04-25 08:00:00,,-27.171
1997-04-25 08:20:00,,-27.173
1997-04-25 08:40:00,,-27.204
1997-04-25 09:00:00,,-27.23
1997-04-25 09:20:00,,-27.25
1997-04-25 09:40:00,,-27.265
1997-04-25 10:00:00,,-27.277
1997-04-25 10:20:00,,-27.288
1997-04-25 10:40:00,,-27.3
1997-04-25 11:00:00,,-27.3
1997-04-25 11:20:00,,-27.307
1997-04-25 11:40:00,,-27.315
1997-04-25 12:00:00,,-27.32
1997-04-25 12:20:00,,-27.325
1997-04-25 12:40:00,,-27.329
1997-04-25 13:00:00,,-27.333
1997-04-25 13:20:00,,-27.335
1997-04-25 13:40:00,,-27.336
1997-04-25 14:00:00,,-27.339
1997-04-25 14:20:00,,-27.341
1997-04-25 14:40:00,,-27.337
1997-04-25 15:20:00,,-27.337
1997-04-25 15:40:00,,-27.338
1997-04-25 16:00:00,,-27.339
1997-04-25 16:20:00,,-27.342
1997-04-25 17:40:00,,-27.35
1997-04-25 19:00:00,,-27.363
1997-04-25 20:20:00,,-27.375
1997-04-25 20:40:00,,-27.379
1997-04-25 21:00:00,,-27.382
1997-04-25 21:20:00,,-27.384
1997-04-25 21:40:00,,-27.387
1997-04-25 22:00:00,,-27.39
1997-04-25 22:20:00,,-27.393
1997-04-26 00:00:00,,-27.404
1997-04-26 01:20:00,,-27.411
1997-04-26 01:40:00,,-27.412
1997-04-26 02:00:00,,-27.413
1997-04-26 02:20:00,,-27.415
1997-04-26 02:40:00,,-27.417
1997-04-26 03:00:00,,-27.419
1997-04-26 03:20:00,,-27.42
1997-04-26 03:40:00,,-27.423
1997-04-26 05:20:00,,-27.433
1997-04-26 05:40:00,,-27.436
1997-04-26 06:00:00,,-27.439
1997-04-26 06:20:00,,-27.441
1997-04-26 06:40:00,,-27.444
1997-04-26 08:00:00,,-27.454
1997-04-26 08:20:00,,-27.458
1997-04-26 08:40:00,,-27.465
1997-04-26 09:00:00,,-27.475
1997-04-26 09:20:00,,-27.487
1997-04-26 09:40:00,,-27.497
1997-04-26 10:00:00,,-27.509
1997-04-26 10:20:00,,-27.519
1997-04-26 10:40:00,,-27.529
1997-04-26 11:00:00,,-27.538
1997-04-26 11:20:00,,-27.547
1997-04-26 11:40:00,,-27.554
1997-04-26 12:00:00,,-27.562
1997-04-26 12:20:00,,-27.569
1997-04-26 12:40:00,,-27.577
1997-04-26 13:00:00,,-27.584
1997-04-26 13:20:00,,-27.591
1997-04-26 13:40:00,,-27.597
1997-04-26 14:00:00,,-27.599
1997-04-26 14:20:00,,-27.599
1997-04-26 14:40:00,,-27.582
1997-04-26 15:00:00,,-27.551
1997-04-26 15:20:00,,-27.528
1997-04-26 15:40:00,,-27.509
1997-04-26 16:00:00,,-27.494
1997-04-26 16:20:00,,-27.48
1997-04-26 16:40:00,,-27.468
1997-04-26 17:00:00,,-27.456
1997-04-26 17:20:00,,-27.445
1997-04-26 17:40:00,,-27.436
1997-04-26 18:00:00,,-27.427
1997-04-26 18:20:00,,-27.419
1997-04-26 18:40:00,,-27.412
1997-04-26 19:00:00,,-27.406
1997-04-26 19:20:00,,-27.4
1997-04-26 19:40:00,,-27.394
1997-04-26 20:00:00,,-27.389
1997-04-26 20:20:00,,-27.384
1997-04-26 20:40:00,,-27.38
1997-04-26 21:00:00,,-27.376
1997-04-26 21:20:00,,-27.372
1997-04-26 21:40:00,,-27.37
1997-04-26 22:00:00,,-27.364
1997-04-26 22:20:00,,-27.36
1997-04-26 22:40:00,,-27.355
1997-04-26 23:00:00,,-27.348
1997-04-26 23:20:00,,-27.341
1997-04-26 23:40:00,,-27.334
1997-04-27 01:20:00,,-27.286
1997-04-27 01:40:00,,-27.276
1997-04-27 02:00:00,,-27.266
1997-04-27 03:40:00,,-27.226
1997-04-27 04:00:00,,-27.219
1997-04-27 04:20:00,,-27.211
1997-04-27 04:40:00,,-27.203
1997-04-27 05:00:00,,-27.197
1997-04-27 05:20:00,,-27.19
1997-04-27 05:40:00,,-27.183
1997-04-27 06:00:00,,-27.177
1997-04-27 06:20:00,,-27.178
1997-04-27 06:40:00,,-27.199
1997-04-27 07:00:00,,-27.214
1997-04-27 07:20:00,,-27.224
1997-04-27 07:40:00,,-27.229
1997-04-27 08:00:00,,-27.234
1997-04-27 08:20:00,,-27.236
1997-04-27 08:40:00,,-27.239
1997-04-27 09:00:00,,-27.24
1997-04-27 09:20:00,,-27.241
1997-04-27 09:40:00,,-27.243
1997-04-27 10:00:00,,-27.245
1997-04-27 10:20:00,,-27.245
1997-04-27 10:40:00,,-27.246
1997-04-27 11:00:00,,-27.247
1997-04-27 15:00:00,,-27.247
1997-04-27 15:20:00,,-27.246
1997-04-27 17:00:00,,-27.246
1997-04-27 18:20:00,,-27.261
1997-04-27 18:40:00,,-27.265
1997-04-27 19:00:00,,-27.245
1997-04-27 19:20:00,,-27.227
1997-04-27 19:40:00,,-27.215
1997-04-27 20:00:00,,-27.208
1997-04-27 20:20:00,,-27.202
1997-04-27 21:40:00,,-27.192
1997-04-27 22:00:00,,-27.192
1997-04-27 22:20:00,,-27.191
1997-04-27 22:40:00,,-27.19
1997-04-27 23:00:00,,-27.19
1997-04-27 23:20:00,,-27.188
1997-04-28 05:00:00,,-27.188
1997-04-28 05:20:00,,-27.19
1997-04-28 05:40:00,,-27.192
1997-04-28 06:00:00,,-27.193
1997-04-28 06:20:00,,-27.195
1997-04-28 06:40:00,,-27.214
1997-04-28 07:00:00,,-27.244
1997-04-28 07:20:00,,-27.265
1997-04-28 07:40:00,,-27.281
1997-04-28 08:00:00,,-27.294
1997-04-28 08:20:00,,-27.306
1997-04-28 08:40:00,,-27.321
1997-04-28 09:00:00,,-27.338
1997-04-28 09:20:00,,-27.355
1997-04-28 09:40:00,,-27.372
1997-04-28 10:00:00,,-27.388
1997-04-28 10:20:00,,-27.403
1997-04-28 10:40:00,,-27.418
1997-04-28 11:00:00,,-27.431
1997-04-28 11:20:00,,-27.46
1997-04-28 11:40:00,,-27.493
1997-04-28 12:00:00,,-27.522
1997-04-28 12:20:00,,-27.544
1997-04-28 12:40:00,,-27.563
1997-04-28 13:00:00,,-27.58
1997-04-28 13:20:00,,-27.592
1997-04-28 13:40:00,,-27.6
1997-04-28 14:00:00,,-27.603
1997-04-28 14:20:00,,-27.606
1997-04-28 14:40:00,,-27.607
1997-04-28 15:00:00,,-27.607
1997-04-28 15:20:00,,-27.595
1997-04-28 15:40:00,,-27.574
1997-04-28 16:00:00,,-27.557
1997-04-28 16:20:00,,-27.544
1997-04-28 16:40:00,,-27.535
1997-04-28 17:00:00,,-27.527
1997-04-28 17:20:00,,-27.52
1997-04-28 17:40:00,,-27.514
1997-04-28 18:00:00,,-27.509
1997-04-28 18:20:00,,-27.505
1997-04-28 18:40:00,,-27.501
1997-04-28 19:00:00,,-27.498
1997-04-28 19:20:00,,-27.495
1997-04-28 19:40:00,,-27.493
1997-04-28 20:00:00,,-27.491
1997-04-28 20:20:00,,-27.49
1997-04-28 20:40:00,,-27.487
1997-04-28 22:20:00,,-27.482
1997-04-28 23:00:00,,-27.482
1997-04-28 23:20:00,,-27.48
1997-04-28 23:40:00,,-27.48
1997-04-29 00:00:00,,-27.479
1997-04-29 00:20:00,,-27.479
1997-04-29 00:40:00,,-27.478
1997-04-29 04:20:00,,-27.478
1997-04-29 04:40:00,,-27.48
1997-04-29 05:00:00,,-27.482
1997-04-29 05:20:00,,-27.483
1997-04-29 05:40:00,,-27.485
1997-04-29 06:00:00,,-27.487
1997-04-29 06:20:00,,-27.489
1997-04-29 06:40:00,,-27.491
1997-04-29 07:00:00,,-27.492
1997-04-29 07:20:00,,-27.493
1997-04-29 07:40:00,,-27.495
1997-04-29 08:00:00,,-27.497
1997-04-29 08:20:00,,-27.499
1997-04-29 08:40:00,,-27.506
1997-04-29 09:00:00,,-27.516
1997-04-29 09:20:00,,-27.526
1997-04-29 09:40:00,,-27.537
1997-04-29 10:00:00,,-27.548
1997-04-29 10:20:00,,-27.557
1997-04-29 10:40:00,,-27.565
1997-04-29 11:00:00,,-27.573
1997-04-29 11:20:00,,-27.58
1997-04-29 11:40:00,,-27.586
1997-04-29 12:00:00,,-27.591
1997-04-29 12:20:00,,-27.596
1997-04-29 12:40:00,,-27.6
1997-04-29 13:00:00,,-27.604
1997-04-29 13:20:00,,-27.606
1997-04-29 14:00:00,,-27.606
1997-04-29 14:20:00,,-27.604
1997-04-29 14:40:00,,-27.598
1997-04-29 15:00:00,,-27.591
1997-04-29 15:20:00,,-27.585
1997-04-29 15:40:00,,-27.58
1997-04-29 16:00:00,,-27.574
1997-04-29 16:20:00,,-27.57
1997-04-29 16:40:00,,-27.566
1997-04-29 17:00:00,,-27.563
1997-04-29 17:20:00,,-27.559
1997-04-29 17:40:00,,-27.556
1997-04-29 19:00:00,,-27.548
1997-04-29 20:20:00,,-27.544
1997-04-29 20:40:00,,-27.525
1997-04-29 21:00:00,,-27.496
1997-04-29 21:20:00,,-27.475
1997-04-29 21:40:00,,-27.459
1997-04-29 22:00:00,,-27.447
1997-04-29 22:20:00,,-27.436
1997-04-29 22:40:00,,-27.427
1997-04-29 23:00:00,,-27.419
1997-04-30 00:20:00,,-27.394
1997-04-30 00:40:00,,-27.388
1997-04-30 01:00:00,,-27.383
1997-04-30 01:20:00,,-27.379
1997-04-30 01:40:00,,-27.375
1997-04-30 02:00:00,,-27.371
1997-04-30 02:20:00,,-27.368
1997-04-30 02:40:00,,-27.365
1997-04-30 03:00:00,,-27.362
1997-04-30 03:20:00,,-27.36
1997-04-30 03:40:00,,-27.359
1997-04-30 04:00:00,,-27.359
1997-04-30 04:20:00,,-27.357
1997-04-30 05:00:00,,-27.357
1997-04-30 05:20:00,,-27.355
1997-04-30 05:40:00,,-27.38
1997-04-30 06:00:00,,-27.402
1997-04-30 06:20:00,,-27.418
1997-04-30 06:40:00,,-27.43
1997-04-30 07:00:00,,-27.439
1997-04-30 07:20:00,,-27.447
1997-04-30 07:40:00,,-27.455
1997-04-30 08:00:00,,-27.46
1997-04-30 08:20:00,,-27.467
1997-04-30 08:40:00,,-27.471
1997-04-30 09:00:00,,-27.476
1997-04-30 09:20:00,,-27.481
1997-04-30 09:40:00,,-27.487
1997-04-30 10:00:00,,-27.493
1997-04-30 10:20:00,,-27.498
1997-04-30 10:40:00,,-27.503
1997-04-30 11:00:00,,-27.505
1997-04-30 11:20:00,,-27.507
1997-04-30 11:40:00,,-27.509
1997-04-30 12:00:00,,-27.512
1997-04-30 12:20:00,,-27.516
1997-04-30 12:40:00,,-27.523
1997-04-30 13:00:00,,-27.528
1997-04-30 13:20:00,,-27.529
1997-04-30 14:40:00,,-27.529
1997-04-30 15:00:00,,-27.528
1997-04-30 15:20:00,,-27.526
1997-04-30 15:40:00,,-27.526
1997-04-30 16:00:00,,-27.524
1997-04-30 16:20:00,,-27.522
1997-04-30 16:40:00,,-27.521
1997-04-30 17:00:00,,-27.52
1997-04-30 17:20:00,,-27.52
1997-04-30 17:40:00,,-27.519
1997-04-30 20:00:00,,-27.519
1997-04-30 20:20:00,,-27.502
1997-04-30 20:40:00,,-27.476
1997-04-30 21:00:00,,-27.457
1997-04-30 21:20:00,,-27.443
1997-04-30 21:40:00,,-27.43
1997-04-30 22:00:00,,-27.422
1997-04-30 22:20:00,,-27.413
1997-04-30 22:40:00,,-27.406
1997-04-30 23:00:00,,-27.398
1997-04-30 23:20:00,,-27.393
1997-04-30 23:40:00,,-27.387
1997-05-01 00:00:00,,-27.382
1997-05-01 00:20:00,,-27.377
1997-05-01 00:40:00,,-27.372
1997-05-01 02:00:00,,-27.359
1997-05-01 02:20:00,,-27.356
1997-05-01 02:40:00,,-27.355
1997-05-01 03:00:00,,-27.354
1997-05-01 03:20:00,,-27.354
1997-05-01 03:40:00,,-27.351
1997-05-01 05:40:00,,-27.351
1997-05-01 06:00:00,,-27.379
1997-05-01 06:20:00,,-27.403
1997-05-01 06:40:00,,-27.42
1997-05-01 07:00:00,,-27.434
1997-05-01 07:20:00,,-27.444
1997-05-01 07:40:00,,-27.452
1997-05-01 08:00:00,,-27.46
1997-05-01 08:20:00,,-27.469
1997-05-01 08:40:00,,-27.481
1997-05-01 09:00:00,,-27.495
1997-05-01 09:20:00,,-27.509
1997-05-01 09:40:00,,-27.524
1997-05-01 10:00:00,,-27.537
1997-05-01 10:20:00,,-27.551
1997-05-01 10:40:00,,-27.562
1997-05-01 11:00:00,,-27.573
1997-05-01 11:20:00,,-27.582
1997-05-01 12:40:00,,-27.605
1997-05-01 13:00:00,,-27.609
1997-05-01 13:20:00,,-27.612
1997-05-01 14:20:00,,-27.612
1997-05-01 14:40:00,,-27.608
1997-05-01 15:00:00,,-27.602
1997-05-01 15:20:00,,-27.598
1997-05-01 15:40:00,,-27.594
1997-05-01 16:00:00,,-27.591
1997-05-01 16:20:00,,-27.588
1997-05-01 16:40:00,,-27.585
1997-05-01 17:00:00,,-27.584
1997-05-01 17:20:00,,-27.583
1997-05-01 17:40:00,,-27.58
1997-05-01 18:00:00,,-27.579
1997-05-01 18:20:00,,-27.577
1997-05-01 18:40:00,,-27.577
1997-05-01 19:00:00,,-27.576
1997-05-01 19:20:00,,-27.575
1997-05-01 19:40:00,,-27.574
1997-05-01 20:40:00,,-27.574
1997-05-01 21:00:00,,-27.572
1997-05-01 21:20:00,,-27.572
1997-05-01 21:40:00,,-27.567
1997-05-01 22:00:00,,-27.537
1997-05-01 22:20:00,,-27.512
1997-05-01 22:40:00,,-27.494
1997-05-01 23:00:00,,-27.48
1997-05-01 23:20:00,,-27.468
1997-05-01 23:40:00,,-27.458
1997-05-02 00:00:00,,-27.449
1997-05-02 00:20:00,,-27.441
1997-05-02 00:40:00,,-27.434
1997-05-02 01:00:00,,-27.427
1997-05-02 01:20:00,,-27.421
1997-05-02 01:40:00,,-27.416
1997-05-02 02:00:00,,-27.411
1997-05-02 02:20:00,,-27.407
1997-05-02 02:40:00,,-27.403
1997-05-02 03:00:00,,-27.4
1997-05-02 03:20:00,,-27.398
1997-05-02 03:40:00,,-27.396
1997-05-02 04:00:00,,-27.395
1997-05-02 04:20:00,,-27.394
1997-05-02 04:40:00,,-27.393
1997-05-02 05:00:00,,-27.393
1997-05-02 05:20:00,,-27.397
1997-05-02 05:40:00,,-27.424
1997-05-02 06:00:00,,-27.444
1997-05-02 06:20:00,,-27.458
1997-05-02 06:40:00,,-27.471
1997-05-02 07:00:00,,-27.464
1997-05-02 07:20:00,,-27.465
1997-05-02 07:40:00,,-27.476
1997-05-02 08:00:00,,-27.486
1997-05-02 08:20:00,,-27.493
1997-05-02 08:40:00,,-27.5
1997-05-02 09:00:00,,-27.506
1997-05-02 09:20:00,,-27.511
1997-05-02 09:40:00,,-27.515
1997-05-02 10:00:00,,-27.519
1997-05-02 10:20:00,,-27.522
1997-05-02 10:40:00,,-27.525
1997-05-02 11:00:00,,-27.526
1997-05-02 11:20:00,,-27.528
1997-05-02 12:00:00,,-27.528
1997-05-02 12:20:00,,-27.529
1997-05-02 15:20:00,,-27.529
1997-05-02 15:40:00,,-27.527
1997-05-02 16:00:00,,-27.526
1997-05-02 16:20:00,,-27.525
1997-05-02 16:40:00,,-27.523
1997-05-02 20:00:00,,-27.523
1997-05-02 21:20:00,,-27.528
1997-05-03 01:40:00,,-27.528
1997-05-03 02:00:00,,-27.527
1997-05-03 04:20:00,,-27.527
1997-05-03 04:40:00,,-27.528
1997-05-03 05:00:00,,-27.531
1997-05-03 05:20:00,,-27.534
1997-05-03 05:40:00,,-27.537
1997-05-03 07:20:00,,-27.555
1997-05-03 07:40:00,,-27.559
1997-05-03 08:00:00,,-27.562
1997-05-03 08:20:00,,-27.568
1997-05-03 08:40:00,,-27.576
1997-05-03 09:00:00,,-27.587
1997-05-03 09:20:00,,-27.58
1997-05-03 09:40:00,,-27.564
1997-05-03 10:00:00,,-27.571
1997-05-03 10:20:00,,-27.593
1997-05-03 10:40:00,,-27.61
1997-05-03 11:00:00,,-27.623
1997-05-03 11:20:00,,-27.632
1997-05-03 11:40:00,,-27.64
1997-05-03 12:00:00,,-27.647
1997-05-03 12:20:00,,-27.652
1997-05-03 12:40:00,,-27.658
1997-05-03 13:00:00,,-27.662
1997-05-03 13:20:00,,-27.663
1997-05-03 13:40:00,,-27.663
1997-05-03 14:00:00,,-27.66
1997-05-03 14:20:00,,-27.64
1997-05-03 14:40:00,,-27.637
1997-05-03 15:00:00,,-27.634
1997-05-03 15:20:00,,-27.629
1997-05-03 15:40:00,,-27.624
1997-05-03 16:00:00,,-27.62
1997-05-03 16:20:00,,-27.617
1997-05-03 16:40:00,,-27.612
1997-05-03 17:00:00,,-27.61
1997-05-03 17:20:00,,-27.607
1997-05-03 17:40:00,,-27.606
1997-05-03 18:00:00,,-27.604
1997-05-03 18:20:00,,-27.603
1997-05-03 18:40:00,,-27.602
1997-05-03 19:00:00,,-27.6
1997-05-03 21:40:00,,-27.6
1997-05-03 22:00:00,,-27.599
1997-05-03 22:20:00,,-27.598
1997-05-03 23:40:00,,-27.59
1997-05-04 00:00:00,,-27.587
1997-05-04 00:20:00,,-27.586
1997-05-04 00:40:00,,-27.584
1997-05-04 01:00:00,,-27.582
1997-05-04 01:20:00,,-27.579
1997-05-04 01:40:00,,-27.578
1997-05-04 02:00:00,,-27.575
1997-05-04 02:20:00,,-27.574
1997-05-04 02:40:00,,-27.573
1997-05-04 05:40:00,,-27.573
1997-05-04 06:00:00,,-27.574
1997-05-04 06:20:00,,-27.576
1997-05-04 06:40:00,,-27.579
1997-05-04 07:00:00,,-27.582
1997-05-04 07:20:00,,-27.585
1997-05-04 07:40:00,,-27.589
1997-05-04 08:00:00,,-27.592
1997-05-04 09:20:00,,-27.602
1997-05-04 09:40:00,,-27.604
1997-05-04 10:00:00,,-27.606
1997-05-04 10:20:00,,-27.607
1997-05-04 10:40:00,,-27.609
1997-05-04 11:00:00,,-27.611
1997-05-04 14:00:00,,-27.611
1997-05-04 14:20:00,,-27.61
1997-05-04 14:40:00,,-27.608
1997-05-04 15:00:00,,-27.606
1997-05-04 15:20:00,,-27.604
1997-05-04 15:40:00,,-27.602
1997-05-04 16:00:00,,-27.601
1997-05-04 16:20:00,,-27.6
1997-05-04 16:40:00,,-27.6
1997-05-04 17:00:00,,-27.599
1997-05-04 17:40:00,,-27.599
1997-05-04 18:00:00,,-27.598
1997-05-04 21:20:00,,-27.598
1997-05-04 21:40:00,,-27.599
1997-05-04 22:00:00,,-27.6
1997-05-05 01:00:00,,-27.6
1997-05-05 01:20:00,,-27.597
1997-05-05 01:40:00,,-27.595
1997-05-05 02:00:00,,-27.593
1997-05-05 02:20:00,,-27.591
1997-05-05 02:40:00,,-27.59
1997-05-05 03:00:00,,-27.589
1997-05-05 03:20:00,,-27.588
1997-05-05 06:20:00,,-27.588
1997-05-05 06:40:00,,-27.591
1997-05-05 07:00:00,,-27.593
1997-05-05 07:20:00,,-27.597
1997-05-05 07:40:00,,-27.6
1997-05-05 08:00:00,,-27.603
1997-05-05 08:20:00,,-27.607
1997-05-05 08:40:00,,-27.616
1997-05-05 09:00:00,,-27.627
1997-05-05 09:20:00,,-27.64
1997-05-05 09:40:00,,-27.654
1997-05-05 10:00:00,,-27.666
1997-05-05 10:20:00,,-27.677
1997-05-05 10:40:00,,-27.686
1997-05-05 11:00:00,,-27.694
1997-05-05 11:20:00,,-27.702
1997-05-05 11:40:00,,-27.707
1997-05-05 12:00:00,,-27.711
1997-05-05 12:20:00,,-27.714
1997-05-05 12:40:00,,-27.718
1997-05-05 13:00:00,,-27.72
1997-05-05 14:00:00,,-27.72
1997-05-05 14:20:00,,-27.714
1997-05-05 14:40:00,,-27.706
1997-05-05 15:00:00,,-27.699
1997-05-05 15:20:00,,-27.69
1997-05-05 15:40:00,,-27.683
1997-05-05 16:00:00,,-27.677
1997-05-05 16:20:00,,-27.671
1997-05-05 16:40:00,,-27.668
1997-05-05 17:00:00,,-27.663
1997-05-05 17:20:00,,-27.659
1997-05-05 17:40:00,,-27.656
1997-05-05 18:00:00,,-27.654
1997-05-05 18:20:00,,-27.653
1997-05-05 18:40:00,,-27.65
1997-05-05 19:00:00,,-27.649
1997-05-05 19:20:00,,-27.648
1997-05-05 20:00:00,,-27.648
1997-05-05 20:20:00,,-27.632
1997-05-05 20:40:00,,-27.605
1997-05-05 21:00:00,,-27.585
1997-05-05 21:20:00,,-27.571
1997-05-05 21:40:00,,-27.559
1997-05-05 22:00:00,,-27.55
1997-05-05 22:20:00,,-27.541
1997-05-05 22:40:00,,-27.534
1997-05-05 23:00:00,,-27.527
1997-05-05 23:20:00,,-27.519
1997-05-05 23:40:00,,-27.512
1997-05-06 00:00:00,,-27.505
1997-05-06 01:20:00,,-27.48
1997-05-06 01:40:00,,-27.475
1997-05-06 02:00:00,,-27.468
1997-05-06 03:20:00,,-27.45
1997-05-06 04:40:00,,-27.438
1997-05-06 05:00:00,,-27.437
1997-05-06 05:20:00,,-27.435
1997-05-06 05:40:00,,-27.434
1997-05-06 06:00:00,,-27.431
1997-05-06 06:20:00,,-27.448
1997-05-06 06:40:00,,-27.473
1997-05-06 07:00:00,,-27.492
1997-05-06 07:20:00,,-27.505
1997-05-06 07:40:00,,-27.516
1997-05-06 08:00:00,,-27.526
1997-05-06 08:20:00,,-27.534
1997-05-06 08:40:00,,-27.54
1997-05-06 09:00:00,,-27.55
1997-05-06 09:20:00,,-27.555
1997-05-06 09:40:00,,-27.561
1997-05-06 10:00:00,,-27.566
1997-05-06 10:20:00,,-27.571
1997-05-06 10:40:00,,-27.574
1997-05-06 11:00:00,,-27.577
1997-05-06 12:20:00,,-27.585
1997-05-06 12:40:00,,-27.585
1997-05-06 13:00:00,,-27.587
1997-05-06 16:00:00,,-27.587
1997-05-06 16:20:00,,-27.586
1997-05-06 16:40:00,,-27.584
1997-05-06 17:00:00,,-27.584
1997-05-06 17:20:00,,-27.583
1997-05-06 20:20:00,,-27.583
1997-05-06 20:40:00,,-27.585
1997-05-06 21:00:00,,-27.586
1997-05-06 21:20:00,,-27.589
1997-05-06 21:40:00,,-27.592
1997-05-06 22:00:00,,-27.594
1997-05-06 22:20:00,,-27.596
1997-05-06 22:40:00,,-27.597
1997-05-06 23:00:00,,-27.599
1997-05-06 23:20:00,,-27.6
1997-05-06 23:40:00,,-27.6
1997-05-07 00:00:00,,-27.601
1997-05-07 05:00:00,,-27.601
1997-05-07 05:20:00,,-27.603
1997-05-07 05:40:00,,-27.605
1997-05-07 06:00:00,,-27.607
1997-05-07 06:20:00,,-27.608
1997-05-07 06:40:00,,-27.612
1997-05-07 07:00:00,,-27.615
1997-05-07 07:20:00,,-27.618
1997-05-07 07:40:00,,-27.619
1997-05-07 08:00:00,,-27.621
1997-05-07 08:20:00,,-27.635
1997-05-07 08:40:00,,-27.659
1997-05-07 09:00:00,,-27.678
1997-05-07 09:20:00,,-27.693
1997-05-07 09:40:00,,-27.706
1997-05-07 10:00:00,,-27.715
1997-05-07 10:20:00,,-27.719
1997-05-07 10:40:00,,-27.723
1997-05-07 11:00:00,,-27.724
1997-05-07 11:20:00,,-27.725
1997-05-07 12:40:00,,-27.725
1997-05-07 13:00:00,,-27.723
1997-05-07 14:20:00,,-27.708
1997-05-07 14:40:00,,-27.704
1997-05-07 15:00:00,,-27.698
1997-05-07 15:20:00,,-27.674
1997-05-07 15:40:00,,-27.646
1997-05-07 16:00:00,,-27.624
1997-05-07 16:20:00,,-27.606
1997-05-07 16:40:00,,-27.589
1997-05-07 17:00:00,,-27.575
1997-05-07 17:20:00,,-27.563
1997-05-07 17:40:00,,-27.553
1997-05-07 18:00:00,,-27.543
1997-05-07 18:20:00,,-27.537
1997-05-07 18:40:00,,-27.53
1997-05-07 19:00:00,,-27.523
1997-05-07 19:20:00,,-27.517
1997-05-07 19:40:00,,-27.513
1997-05-07 20:00:00,,-27.496
1997-05-07 20:20:00,,-27.464
1997-05-07 20:40:00,,-27.441
1997-05-07 21:00:00,,-27.422
1997-05-07 21:20:00,,-27.406
1997-05-07 21:40:00,,-27.393
1997-05-07 22:00:00,,-27.382
1997-05-07 22:20:00,,-27.372
1997-05-07 22:40:00,,-27.362
1997-05-07 23:00:00,,-27.354
1997-05-07 23:20:00,,-27.345
1997-05-07 23:40:00,,-27.336
1997-05-08 00:00:00,,-27.328
1997-05-08 00:20:00,,-27.32
1997-05-08 00:40:00,,-27.312
1997-05-08 01:00:00,,-27.303
1997-05-08 02:20:00,,-27.274
1997-05-08 02:40:00,,-27.266
1997-05-08 03:00:00,,-27.262
1997-05-08 03:20:00,,-27.255
1997-05-08 03:40:00,,-27.25
1997-05-08 04:00:00,,-27.245
1997-05-08 04:20:00,,-27.239
1997-05-08 04:40:00,,-27.233
1997-05-08 05:00:00,,-27.228
1997-05-08 05:20:00,,-27.224
1997-05-08 05:40:00,,-27.221
1997-05-08 06:00:00,,-27.215
1997-05-08 06:20:00,,-27.217
1997-05-08 06:40:00,,-27.241
1997-05-08 07:00:00,,-27.259
1997-05-08 07:20:00,,-27.269
1997-05-08 07:40:00,,-27.28
1997-05-08 08:00:00,,-27.288
1997-05-08 08:20:00,,-27.297
1997-05-08 08:40:00,,-27.297
1997-05-08 09:00:00,,-27.309
1997-05-08 09:20:00,,-27.326
1997-05-08 09:40:00,,-27.338
1997-05-08 10:00:00,,-27.348
1997-05-08 10:20:00,,-27.361
1997-05-08 10:40:00,,-27.375
1997-05-08 11:00:00,,-27.371
1997-05-08 11:20:00,,-27.357
1997-05-08 11:40:00,,-27.348
1997-05-08 12:00:00,,-27.342
1997-05-08 12:20:00,,-27.34
1997-05-08 12:40:00,,-27.339
1997-05-08 13:00:00,,-27.337
1997-05-08 13:20:00,,-27.334
1997-05-08 13:40:00,,-27.327
1997-05-08 14:00:00,,-27.318
1997-05-08 14:20:00,,-27.305
1997-05-08 14:40:00,,-27.299
1997-05-08 15:00:00,,-27.313
1997-05-08 15:20:00,,-27.321
1997-05-08 15:40:00,,-27.324
1997-05-08 16:20:00,,-27.324
1997-05-08 16:40:00,,-27.307
1997-05-08 17:00:00,,-27.306
1997-05-08 17:40:00,,-27.306
1997-05-08 18:00:00,,-27.285
1997-05-08 18:20:00,,-27.26
1997-05-08 18:40:00,,-27.241
1997-05-08 19:00:00,,-27.226
1997-05-08 19:20:00,,-27.216
1997-05-08 19:40:00,,-27.206
1997-05-08 20:00:00,,-27.198
1997-05-08 20:20:00,,-27.19
1997-05-08 20:40:00,,-27.185
1997-05-08 21:00:00,,-27.18
1997-05-08 22:20:00,,-27.162
1997-05-08 23:40:00,,-27.148
1997-05-09 00:00:00,,-27.143
1997-05-09 00:20:00,,-27.14
1997-05-09 00:40:00,,-27.135
1997-05-09 01:00:00,,-27.131
1997-05-09 02:20:00,,-27.114
1997-05-09 02:40:00,,-27.109
1997-05-09 04:00:00,,-27.099
1997-05-09 04:20:00,,-27.096
1997-05-09 05:40:00,,-27.087
1997-05-09 06:00:00,,-27.083
1997-05-09 06:20:00,,-27.082
1997-05-09 06:40:00,,-27.081
1997-05-09 07:00:00,,-27.08
1997-05-09 07:20:00,,-27.108
1997-05-09 07:40:00,,-27.128
1997-05-09 08:00:00,,-27.143
1997-05-09 08:20:00,,-27.153
1997-05-09 08:40:00,,-27.163
1997-05-09 09:00:00,,-27.17
1997-05-09 09:20:00,,-27.177
1997-05-09 09:40:00,,-27.183
1997-05-09 10:00:00,,-27.189
1997-05-09 11:20:00,,-27.203
1997-05-09 11:40:00,,-27.205
1997-05-09 13:00:00,,-27.205
1997-05-09 13:20:00,,-27.177
1997-05-09 13:40:00,,-27.153
1997-05-09 14:00:00,,-27.137
1997-05-09 14:20:00,,-27.121
1997-05-09 14:40:00,,-27.109
1997-05-09 15:00:00,,-27.098
1997-05-09 15:20:00,,-27.09
1997-05-09 15:40:00,,-27.081
1997-05-09 16:00:00,,-27.073
1997-05-09 16:20:00,,-27.066
1997-05-09 16:40:00,,-27.059
1997-05-09 17:00:00,,-27.051
1997-05-09 17:20:00,,-27.062
1997-05-09 17:40:00,,-27.083
1997-05-09 18:00:00,,-27.094
1997-05-09 18:20:00,,-27.102
1997-05-09 18:40:00,,-27.108
1997-05-09 19:00:00,,-27.112
1997-05-09 19:20:00,,-27.116
1997-05-09 19:40:00,,-27.119
1997-05-09 20:00:00,,-27.121
1997-05-09 20:20:00,,-27.124
1997-05-09 20:40:00,,-27.128
1997-05-09 21:00:00,,-27.131
1997-05-09 21:20:00,,-27.132
1997-05-09 21:40:00,,-27.134
1997-05-09 22:00:00,,-27.138
1997-05-09 23:20:00,,-27.145
1997-05-09 23:40:00,,-27.145
1997-05-10 00:00:00,,-27.146
1997-05-10 00:40:00,,-27.146
1997-05-10 01:00:00,,-27.145
1997-05-10 01:20:00,,-27.116
1997-05-10 01:40:00,,-27.095
1997-05-10 02:00:00,,-27.079
1997-05-10 02:20:00,,-27.076
1997-05-10 02:40:00,,-27.095
1997-05-10 03:00:00,,-27.107
1997-05-10 03:20:00,,-27.114
1997-05-10 03:40:00,,-27.12
1997-05-10 04:00:00,,-27.125
1997-05-10 04:20:00,,-27.128
1997-05-10 04:40:00,,-27.129
1997-05-10 05:00:00,,-27.131
1997-05-10 05:20:00,,-27.133
1997-05-10 05:40:00,,-27.135
1997-05-10 06:20:00,,-27.135
1997-05-10 06:40:00,,-27.137
1997-05-10 07:00:00,,-27.139
1997-05-10 07:20:00,,-27.14
1997-05-10 07:40:00,,-27.141
1997-05-10 08:00:00,,-27.142
1997-05-10 08:20:00,,-27.145
1997-05-10 08:40:00,,-27.152
1997-05-10 09:00:00,,-27.16
1997-05-10 09:20:00,,-27.172
1997-05-10 09:40:00,,-27.184
1997-05-10 10:00:00,,-27.185
1997-05-10 10:20:00,,-27.169
1997-05-10 10:40:00,,-27.158
1997-05-10 11:00:00,,-27.153
1997-05-10 11:20:00,,-27.149
1997-05-10 11:40:00,,-27.164
1997-05-10 12:00:00,,-27.189
1997-05-10 12:20:00,,-27.207
1997-05-10 12:40:00,,-27.221
1997-05-10 13:00:00,,-27.233
1997-05-10 13:20:00,,-27.24
1997-05-10 13:40:00,,-27.241
1997-05-10 14:40:00,,-27.241
1997-05-10 15:00:00,,-27.239
1997-05-10 15:20:00,,-27.236
1997-05-10 15:40:00,,-27.235
1997-05-10 16:00:00,,-27.234
1997-05-10 17:20:00,,-27.234
1997-05-10 17:40:00,,-27.235
1997-05-10 18:00:00,,-27.238
1997-05-10 18:20:00,,-27.241
1997-05-10 18:40:00,,-27.244
1997-05-10 19:00:00,,-27.25
1997-05-10 19:20:00,,-27.234
1997-05-10 19:40:00,,-27.213
1997-05-10 20:00:00,,-27.197
1997-05-10 20:20:00,,-27.187
1997-05-10 20:40:00,,-27.177
1997-05-10 21:00:00,,-27.167
1997-05-10 21:20:00,,-27.159
1997-05-10 21:40:00,,-27.151
1997-05-10 22:00:00,,-27.142
1997-05-10 22:20:00,,-27.136
1997-05-10 22:40:00,,-27.128
1997-05-10 23:00:00,,-27.121
1997-05-10 23:20:00,,-27.114
1997-05-10 23:40:00,,-27.107
1997-05-11 00:00:00,,-27.101
1997-05-11 00:20:00,,-27.095
1997-05-11 00:40:00,,-27.09
1997-05-11 01:00:00,,-27.082
1997-05-11 01:20:00,,-27.076
1997-05-11 01:40:00,,-27.07
1997-05-11 02:00:00,,-27.064
1997-05-11 02:20:00,,-27.06
1997-05-11 02:40:00,,-27.053
1997-05-11 03:00:00,,-27.048
1997-05-11 03:20:00,,-27.044
1997-05-11 03:40:00,,-27.04
1997-05-11 04:00:00,,-27.035
1997-05-11 05:20:00,,-27.023
1997-05-11 05:40:00,,-27.019
1997-05-11 06:00:00,,-27.016
1997-05-11 06:20:00,,-27.013
1997-05-11 06:40:00,,-27.015
1997-05-11 07:00:00,,-27.042
1997-05-11 07:20:00,,-27.057
1997-05-11 07:40:00,,-27.068
1997-05-11 08:00:00,,-27.077
1997-05-11 08:20:00,,-27.083
1997-05-11 08:40:00,,-27.086
1997-05-11 09:00:00,,-27.093
1997-05-11 09:20:00,,-27.097
1997-05-11 09:40:00,,-27.102
1997-05-11 10:00:00,,-27.108
1997-05-11 10:20:00,,-27.112
1997-05-11 10:40:00,,-27.116
1997-05-11 11:00:00,,-27.119
1997-05-11 11:20:00,,-27.122
1997-05-11 11:40:00,,-27.126
1997-05-11 12:00:00,,-27.128
1997-05-11 12:20:00,,-27.132
1997-05-11 12:40:00,,-27.136
1997-05-11 14:20:00,,-27.158
1997-05-11 14:40:00,,-27.164
1997-05-11 15:00:00,,-27.168
1997-05-11 15:20:00,,-27.174
1997-05-11 15:40:00,,-27.181
1997-05-11 17:20:00,,-27.206
1997-05-11 17:40:00,,-27.21
1997-05-11 18:00:00,,-27.216
1997-05-11 18:20:00,,-27.221
1997-05-11 18:40:00,,-27.226
1997-05-11 19:00:00,,-27.214
1997-05-11 19:20:00,,-27.194
1997-05-11 19:40:00,,-27.181
1997-05-11 20:00:00,,-27.173
1997-05-11 20:20:00,,-27.169
1997-05-11 20:40:00,,-27.165
1997-05-11 21:00:00,,-27.158
1997-05-11 21:20:00,,-27.154
1997-05-11 21:40:00,,-27.148
1997-05-11 22:00:00,,-27.143
1997-05-11 22:20:00,,-27.139
1997-05-11 23:40:00,,-27.112
1997-05-12 00:00:00,,-27.104
1997-05-12 00:20:00,,-27.097
1997-05-12 00:40:00,,-27.092
1997-05-12 01:00:00,,-27.087
1997-05-12 01:20:00,,-27.081
1997-05-12 01:40:00,,-27.074
1997-05-12 02:00:00,,-27.069
1997-05-12 02:20:00,,-27.063
1997-05-12 02:40:00,,-27.057
1997-05-12 03:00:00,,-27.052
1997-05-12 03:20:00,,-27.046
1997-05-12 03:40:00,,-27.041
1997-05-12 04:00:00,,-27.037
1997-05-12 04:20:00,,-27.032
1997-05-12 04:40:00,,-27.026
1997-05-12 05:00:00,,-27.023
1997-05-12 05:20:00,,-27.019
1997-05-12 05:40:00,,-27.014
1997-05-12 06:00:00,,-27.009
1997-05-12 06:20:00,,-27.014
1997-05-12 06:40:00,,-27.039
1997-05-12 07:00:00,,-27.055
1997-05-12 07:20:00,,-27.066
1997-05-12 07:40:00,,-27.073
1997-05-12 08:00:00,,-27.081
1997-05-12 08:20:00,,-27.087
1997-05-12 08:40:00,,-27.097
1997-05-12 09:00:00,,-27.109
1997-05-12 09:20:00,,-27.122
1997-05-12 09:40:00,,-27.133
1997-05-12 10:00:00,,-27.146
1997-05-12 10:20:00,,-27.157
1997-05-12 10:40:00,,-27.167
1997-05-12 11:00:00,,-27.176
1997-05-12 11:20:00,,-27.185
1997-05-12 11:40:00,,-27.192
1997-05-12 12:00:00,,-27.2
1997-05-12 12:20:00,,-27.206
1997-05-12 12:40:00,,-27.212
1997-05-12 13:00:00,,-27.219
1997-05-12 13:20:00,,-27.222
1997-05-12 13:40:00,,-27.223
1997-05-12 14:20:00,,-27.223
1997-05-12 14:40:00,,-27.219
1997-05-12 15:00:00,,-27.214
1997-05-12 15:20:00,,-27.208
1997-05-12 15:40:00,,-27.201
1997-05-12 16:00:00,,-27.197
1997-05-12 16:20:00,,-27.191
1997-05-12 17:40:00,,-27.171
1997-05-12 18:00:00,,-27.167
1997-05-12 18:20:00,,-27.164
1997-05-12 18:40:00,,-27.162
1997-05-12 19:00:00,,-27.159
1997-05-12 19:20:00,,-27.156
1997-05-12 19:40:00,,-27.156
1997-05-12 20:00:00,,-27.153
1997-05-12 20:20:00,,-27.144
1997-05-12 20:40:00,,-27.113
1997-05-12 21:00:00,,-27.088
1997-05-12 21:20:00,,-27.072
1997-05-12 21:40:00,,-27.059
1997-05-12 22:00:00,,-27.047
1997-05-12 22:20:00,,-27.036
1997-05-12 22:40:00,,-27.029
1997-05-12 23:00:00,,-27.021
1997-05-12 23:20:00,,-27.014
1997-05-13 00:40:00,,-26.991
1997-05-13 01:00:00,,-26.987
1997-05-13 01:20:00,,-26.982
1997-05-13 01:40:00,,-26.977
1997-05-13 02:00:00,,-26.971
1997-05-13 02:20:00,,-26.964
1997-05-13 02:40:00,,-26.959
1997-05-13 03:00:00,,-26.952
1997-05-13 03:20:00,,-26.949
1997-05-13 03:40:00,,-26.945
1997-05-13 04:00:00,,-26.94
1997-05-13 04:20:00,,-26.937
1997-05-13 04:40:00,,-26.933
1997-05-13 05:40:00,,-26.933
1997-05-13 06:00:00,,-26.932
1997-05-13 06:20:00,,-26.929
1997-05-13 06:40:00,,-26.928
1997-05-13 07:00:00,,-26.925
1997-05-13 07:20:00,,-26.923
1997-05-13 09:20:00,,-26.923
1997-05-13 09:40:00,,-26.925
1997-05-13 10:00:00,,-26.952
1997-05-13 10:20:00,,-26.969
1997-05-13 10:40:00,,-26.981
1997-05-13 11:00:00,,-26.989
1997-05-13 11:20:00,,-26.997
1997-05-13 11:40:00,,-27.001
1997-05-13 12:00:00,,-27.008
1997-05-13 12:20:00,,-27.01
1997-05-13 12:40:00,,-27.015
1997-05-13 13:00:00,,-27.016
1997-05-13 13:20:00,,-27.017
1997-05-13 13:40:00,,-27.017
1997-05-13 14:00:00,,-27.019
1997-05-13 14:40:00,,-27.019
1997-05-13 15:00:00,,-27.023
1997-05-13 15:20:00,,-27.025
1997-05-13 15:40:00,,-27.025
1997-05-13 16:00:00,,-27.024
1997-05-13 16:20:00,,-27.004
1997-05-13 16:40:00,,-26.989
1997-05-13 17:00:00,,-26.981
1997-05-13 17:20:00,,-26.972
1997-05-13 17:40:00,,-26.971
1997-05-13 18:00:00,,-26.97
1997-05-13 18:20:00,,-26.968
1997-05-13 18:40:00,,-26.964
1997-05-13 19:00:00,,-26.955
1997-05-13 19:20:00,,-26.954
1997-05-13 19:40:00,,-26.95
1997-05-13 20:00:00,,-26.945
1997-05-13 20:20:00,,-26.94
1997-05-13 20:40:00,,-26.936
1997-05-13 21:00:00,,-26.932
1997-05-13 21:20:00,,-26.927
1997-05-13 21:40:00,,-26.921
1997-05-13 22:00:00,,-26.916
1997-05-13 22:20:00,,-26.912
1997-05-13 22:40:00,,-26.904
1997-05-13 23:00:00,,-26.9
1997-05-13 23:20:00,,-26.895
1997-05-13 23:40:00,,-26.89
1997-05-14 00:00:00,,-26.887
1997-05-14 00:20:00,,-26.882
1997-05-14 00:40:00,,-26.88
1997-05-14 01:00:00,,-26.876
1997-05-14 01:20:00,,-26.872
1997-05-14 01:40:00,,-26.868
1997-05-14 02:00:00,,-26.863
1997-05-14 02:20:00,,-26.86
1997-05-14 02:40:00,,-26.857
1997-05-14 04:20:00,,-26.852
1997-05-14 04:40:00,,-26.85
1997-05-14 05:00:00,,-26.85
1997-05-14 05:20:00,,-26.848
1997-05-14 05:40:00,,-26.848
1997-05-14 06:00:00,,-26.846
1997-05-14 06:20:00,,-26.846
1997-05-14 06:40:00,,-26.844
1997-05-14 07:00:00,,-26.844
1997-05-14 07:20:00,,-26.842
1997-05-14 07:40:00,,-26.842
1997-05-14 08:00:00,,-26.841
1997-05-14 08:20:00,,-26.84
1997-05-14 08:40:00,,-26.839
1997-05-14 09:00:00,,-26.839
1997-05-14 09:20:00,,-26.838
1997-05-14 09:40:00,,-26.837
1997-05-14 10:00:00,,-26.836
1997-05-14 10:20:00,,-26.836
1997-05-14 10:40:00,,-26.835
1997-05-14 12:00:00,,-26.83
1997-05-14 12:20:00,,-26.828
1997-05-14 12:40:00,,-26.826
1997-05-14 13:00:00,,-26.822
1997-05-14 13:20:00,,-26.832
1997-05-14 13:40:00,,-26.856
1997-05-14 14:00:00,,-26.872
1997-05-14 14:20:00,,-26.884
1997-05-14 14:40:00,,-26.891
1997-05-14 15:00:00,,-26.896
1997-05-14 15:20:00,,-26.902
1997-05-14 15:40:00,,-26.905
1997-05-14 16:00:00,,-26.909
1997-05-14 16:20:00,,-26.915
1997-05-14 16:40:00,,-26.921
1997-05-14 17:00:00,,-26.927
1997-05-14 17:20:00,,-26.934
1997-05-14 17:40:00,,-26.941
1997-05-14 18:00:00,,-26.949
1997-05-14 18:20:00,,-26.957
1997-05-14 18:40:00,,-26.964
1997-05-14 19:00:00,,-26.969
1997-05-14 19:20:00,,-26.949
1997-05-14 19:40:00,,-26.936
1997-05-14 20:00:00,,-26.93
1997-05-14 20:20:00,,-26.926
1997-05-14 20:40:00,,-26.924
1997-05-14 21:00:00,,-26.923
1997-05-14 21:20:00,,-26.92
1997-05-14 21:40:00,,-26.918
1997-05-14 22:00:00,,-26.913
1997-05-14 22:20:00,,-26.907
1997-05-14 22:40:00,,-26.903
1997-05-14 23:00:00,,-26.897
1997-05-14 23:20:00,,-26.891
1997-05-14 23:40:00,,-26.886
1997-05-15 00:00:00,,-26.881
1997-05-15 00:20:00,,-26.875
1997-05-15 00:40:00,,-26.869
1997-05-15 01:00:00,,-26.865
1997-05-15 02:20:00,,-26.845
1997-05-15 02:40:00,,-26.842
1997-05-15 03:00:00,,-26.839
1997-05-15 03:20:00,,-26.836
1997-05-15 06:00:00,,-26.824
1997-05-15 06:20:00,,-26.823
1997-05-15 07:00:00,,-26.823
1997-05-15 08:20:00,,-26.819
1997-05-15 08:40:00,,-26.827
1997-05-15 09:00:00,,-26.821
1997-05-15 09:20:00,,-26.824
1997-05-15 11:20:00,,-26.824
1997-05-15 11:40:00,,-26.821
1997-05-15 12:00:00,,-26.816
1997-05-15 12:20:00,,-26.813
1997-05-15 12:40:00,,-26.808
1997-05-15 14:20:00,,-26.786
1997-05-15 14:40:00,,-26.782
1997-05-15 15:00:00,,-26.778
1997-05-15 15:20:00,,-26.775
1997-05-15 15:40:00,,-26.8
1997-05-15 16:00:00,,-26.817
1997-05-15 16:20:00,,-26.83
1997-05-15 16:40:00,,-26.839
1997-05-15 17:00:00,,-26.845
1997-05-15 17:20:00,,-26.851
1997-05-15 17:40:00,,-26.855
1997-05-15 18:00:00,,-26.86
1997-05-15 19:20:00,,-26.875
1997-05-15 19:40:00,,-26.877
1997-05-15 20:00:00,,-26.881
1997-05-15 20:20:00,,-26.884
1997-05-15 21:40:00,,-26.893
1997-05-15 22:00:00,,-26.895
1997-05-15 22:20:00,,-26.896
1997-05-15 23:00:00,,-26.896
1997-05-15 23:20:00,,-26.897
1997-05-16 02:20:00,,-26.897
1997-05-16 02:40:00,,-26.898
1997-05-16 03:00:00,,-26.901
1997-05-16 03:20:00,,-26.886
1997-05-16 03:40:00,,-26.865
1997-05-16 04:00:00,,-26.85
1997-05-16 04:20:00,,-26.84
1997-05-16 04:40:00,,-26.832
1997-05-16 05:00:00,,-26.827
1997-05-16 05:20:00,,-26.822
1997-05-16 05:40:00,,-26.818
1997-05-16 06:00:00,,-26.815
1997-05-16 06:20:00,,-26.812
1997-05-16 06:40:00,,-26.811
1997-05-16 07:00:00,,-26.81
1997-05-16 07:20:00,,-26.807
1997-05-16 07:40:00,,-26.806
1997-05-16 08:00:00,,-26.805
1997-05-16 08:20:00,,-26.804
1997-05-16 08:40:00,,-26.802
1997-05-16 09:00:00,,-26.8
1997-05-16 09:20:00,,-26.799
1997-05-16 09:40:00,,-26.797
1997-05-16 10:00:00,,-26.795
1997-05-16 10:20:00,,-26.793
1997-05-16 10:40:00,,-26.792
1997-05-16 11:00:00,,-26.791
1997-05-16 11:20:00,,-26.789
1997-05-16 11:40:00,,-26.788
1997-05-16 12:00:00,,-26.784
1997-05-16 12:20:00,,-26.782
1997-05-16 12:40:00,,-26.78
1997-05-16 13:00:00,,-26.777
1997-05-16 13:20:00,,-26.774
1997-05-16 13:40:00,,-26.797
1997-05-16 14:00:00,,-26.815
1997-05-16 14:20:00,,-26.828
1997-05-16 14:40:00,,-26.838
1997-05-16 15:00:00,,-26.844
1997-05-16 15:20:00,,-26.848
1997-05-16 15:40:00,,-26.852
1997-05-16 16:00:00,,-26.855
1997-05-16 16:20:00,,-26.86
1997-05-16 16:40:00,,-26.85
1997-05-16 17:00:00,,-26.826
1997-05-16 17:20:00,,-26.811
1997-05-16 17:40:00,,-26.799
1997-05-16 18:00:00,,-26.791
1997-05-16 18:20:00,,-26.784
1997-05-16 18:40:00,,-26.778
1997-05-16 19:00:00,,-26.774
1997-05-16 19:20:00,,-26.77
1997-05-16 19:40:00,,-26.766
1997-05-16 20:00:00,,-26.764
1997-05-16 20:20:00,,-26.762
1997-05-16 22:00:00,,-26.749
1997-05-16 22:20:00,,-26.745
1997-05-16 22:40:00,,-26.743
1997-05-16 23:00:00,,-26.739
1997-05-16 23:20:00,,-26.737
1997-05-16 23:40:00,,-26.733
1997-05-17 00:00:00,,-26.73
1997-05-17 00:20:00,,-26.726
1997-05-17 00:40:00,,-26.723
1997-05-17 01:00:00,,-26.72
1997-05-17 01:20:00,,-26.717
1997-05-17 01:40:00,,-26.713
1997-05-17 02:00:00,,-26.711
1997-05-17 02:20:00,,-26.708
1997-05-17 02:40:00,,-26.707
1997-05-17 03:00:00,,-26.706
1997-05-17 06:40:00,,-26.706
1997-05-17 07:00:00,,-26.709
1997-05-17 07:20:00,,-26.74
1997-05-17 07:40:00,,-26.764
1997-05-17 08:00:00,,-26.782
1997-05-17 09:20:00,,-26.848
1997-05-17 10:40:00,,-26.908
1997-05-17 11:00:00,,-26.922
1997-05-17 11:20:00,,-26.935
1997-05-17 11:40:00,,-26.947
1997-05-17 12:00:00,,-26.959
1997-05-17 12:20:00,,-26.97
1997-05-17 12:40:00,,-26.981
1997-05-17 13:00:00,,-26.992
1997-05-17 13:20:00,,-27.001
1997-05-17 13:40:00,,-27.006
1997-05-17 14:00:00,,-27.008
1997-05-17 14:20:00,,-27.01
1997-05-17 14:40:00,,-27.01
1997-05-17 15:00:00,,-27.011
1997-05-17 15:20:00,,-27.012
1997-05-17 15:40:00,,-27.014
1997-05-17 16:00:00,,-27.016
1997-05-17 16:20:00,,-27.018
1997-05-17 16:40:00,,-27.022
1997-05-17 17:00:00,,-27.025
1997-05-17 17:20:00,,-27.029
1997-05-17 17:40:00,,-27.033
1997-05-17 18:00:00,,-27.037
1997-05-17 18:20:00,,-27.042
1997-05-17 18:40:00,,-27.046
1997-05-17 19:00:00,,-27.05
1997-05-17 19:20:00,,-27.055
1997-05-17 19:40:00,,-27.06
1997-05-17 20:00:00,,-27.065
1997-05-17 20:20:00,,-27.069
1997-05-17 20:40:00,,-27.074
1997-05-17 21:00:00,,-27.079
1997-05-17 21:20:00,,-27.079
1997-05-17 21:40:00,,-27.055
1997-05-17 22:00:00,,-27.037
1997-05-17 22:20:00,,-27.027
1997-05-17 22:40:00,,-27.018
1997-05-18 00:00:00,,-26.993
1997-05-18 00:20:00,,-26.986
1997-05-18 00:40:00,,-26.98
1997-05-18 01:00:00,,-26.971
1997-05-18 01:20:00,,-26.963
1997-05-18 01:40:00,,-26.955
1997-05-18 02:00:00,,-26.947
1997-05-18 02:20:00,,-26.938
1997-05-18 02:40:00,,-26.929
1997-05-18 03:00:00,,-26.94
1997-05-18 03:20:00,,-26.959
1997-05-18 03:40:00,,-26.972
1997-05-18 04:00:00,,-26.981
1997-05-18 04:20:00,,-26.988
1997-05-18 04:40:00,,-26.992
1997-05-18 05:00:00,,-26.996
1997-05-18 05:20:00,,-26.998
1997-05-18 05:40:00,,-27
1997-05-18 06:00:00,,-27.002
1997-05-18 06:20:00,,-27.005
1997-05-18 06:40:00,,-27.007
1997-05-18 07:00:00,,-27.009
1997-05-18 07:20:00,,-27.01
1997-05-18 07:40:00,,-27.012
1997-05-18 08:00:00,,-27.012
1997-05-18 08:20:00,,-27.014
1997-05-18 08:40:00,,-27.015
1997-05-18 09:00:00,,-27.016
1997-05-18 09:20:00,,-27.016
1997-05-18 09:40:00,,-27.018
1997-05-18 10:00:00,,-27.018
1997-05-18 10:20:00,,-27.02
1997-05-18 10:40:00,,-27.021
1997-05-18 11:00:00,,-27.022
1997-05-18 11:20:00,,-27.023
1997-05-18 11:40:00,,-27.025
1997-05-18 12:00:00,,-27.028
1997-05-18 12:20:00,,-27.031
1997-05-18 12:40:00,,-27.034
1997-05-18 13:00:00,,-27.039
1997-05-18 13:20:00,,-27.043
1997-05-18 13:40:00,,-27.046
1997-05-18 14:00:00,,-27.05
1997-05-18 14:20:00,,-27.054
1997-05-18 15:40:00,,-27.067
1997-05-18 16:00:00,,-27.072
1997-05-18 16:20:00,,-27.077
1997-05-18 16:40:00,,-27.081
1997-05-18 17:00:00,,-27.086
1997-05-18 17:20:00,,-27.091
1997-05-18 17:40:00,,-27.095
1997-05-18 18:00:00,,-27.1
1997-05-18 18:20:00,,-27.105
1997-05-18 18:40:00,,-27.11
1997-05-18 19:00:00,,-27.096
1997-05-18 19:20:00,,-27.076
1997-05-18 19:40:00,,-27.064
1997-05-18 20:00:00,,-27.056
1997-05-18 20:20:00,,-27.051
1997-05-18 20:40:00,,-27.045
1997-05-18 21:00:00,,-27.041
1997-05-18 21:20:00,,-27.036
1997-05-18 21:40:00,,-27.031
1997-05-18 22:00:00,,-27.024
1997-05-18 22:20:00,,-27.017
1997-05-18 22:40:00,,-27.009
1997-05-18 23:00:00,,-27.001
1997-05-18 23:20:00,,-26.993
1997-05-19 00:40:00,,-26.957
1997-05-19 01:00:00,,-26.949
1997-05-19 01:20:00,,-26.941
1997-05-19 01:40:00,,-26.932
1997-05-19 02:00:00,,-26.923
1997-05-19 02:20:00,,-26.913
1997-05-19 02:40:00,,-26.907
1997-05-19 03:00:00,,-26.899
1997-05-19 03:20:00,,-26.893
1997-05-19 03:40:00,,-26.888
1997-05-19 04:00:00,,-26.883
1997-05-19 04:20:00,,-26.878
1997-05-19 04:40:00,,-26.875
1997-05-19 05:00:00,,-26.871
1997-05-19 05:20:00,,-26.867
1997-05-19 05:40:00,,-26.865
1997-05-19 06:00:00,,-26.861
1997-05-19 06:20:00,,-26.876
1997-05-19 06:40:00,,-26.9
1997-05-19 07:00:00,,-26.915
1997-05-19 07:20:00,,-26.927
1997-05-19 07:40:00,,-26.936
1997-05-19 08:00:00,,-26.944
1997-05-19 08:20:00,,-26.95
1997-05-19 08:40:00,,-26.961
1997-05-19 09:00:00,,-26.972
1997-05-19 09:20:00,,-26.985
1997-05-19 09:40:00,,-26.997
1997-05-19 10:00:00,,-27.008
1997-05-19 10:20:00,,-27.017
1997-05-19 10:40:00,,-27.026
1997-05-19 11:00:00,,-27.033
1997-05-19 11:20:00,,-27.04
1997-05-19 11:40:00,,-27.045
1997-05-19 12:00:00,,-27.048
1997-05-19 12:20:00,,-27.052
1997-05-19 12:40:00,,-27.054
1997-05-19 13:00:00,,-27.055
1997-05-19 14:00:00,,-27.055
1997-05-19 14:20:00,,-27.046
1997-05-19 14:40:00,,-27.037
1997-05-19 15:00:00,,-27.03
1997-05-19 15:20:00,,-27.021
1997-05-19 16:40:00,,-26.997
1997-05-19 17:00:00,,-26.993
1997-05-19 17:20:00,,-26.99
1997-05-19 17:40:00,,-26.986
1997-05-19 18:00:00,,-26.984
1997-05-19 18:20:00,,-26.981
1997-05-19 18:40:00,,-26.979
1997-05-19 19:00:00,,-26.979
1997-05-19 19:20:00,,-26.977
1997-05-19 19:40:00,,-26.976
1997-05-19 20:00:00,,-26.975
1997-05-19 20:20:00,,-26.974
1997-05-19 20:40:00,,-26.951
1997-05-19 21:00:00,,-26.924
1997-05-19 21:20:00,,-26.904
1997-05-19 21:40:00,,-26.889
1997-05-19 22:00:00,,-26.876
1997-05-19 22:20:00,,-26.865
1997-05-19 22:40:00,,-26.856
1997-05-19 23:00:00,,-26.847
1997-05-19 23:20:00,,-26.839
1997-05-19 23:40:00,,-26.83
1997-05-20 00:00:00,,-26.823
1997-05-20 00:20:00,,-26.816
1997-05-20 00:40:00,,-26.809
1997-05-20 01:00:00,,-26.803
1997-05-20 01:20:00,,-26.795
1997-05-20 01:40:00,,-26.789
1997-05-20 02:00:00,,-26.783
1997-05-20 02:20:00,,-26.777
1997-05-20 02:40:00,,-26.772
1997-05-20 03:00:00,,-26.767
1997-05-20 03:20:00,,-26.763
1997-05-20 03:40:00,,-26.759
1997-05-20 04:00:00,,-26.757
1997-05-20 04:20:00,,-26.755
1997-05-20 04:40:00,,-26.752
1997-05-20 05:00:00,,-26.749
1997-05-20 05:20:00,,-26.748
1997-05-20 05:40:00,,-26.747
1997-05-20 06:00:00,,-26.745
1997-05-20 06:40:00,,-26.745
1997-05-20 07:00:00,,-26.744
1997-05-20 07:40:00,,-26.744
1997-05-20 08:00:00,,-26.743
1997-05-20 10:20:00,,-26.743
1997-05-20 10:40:00,,-26.742
1997-05-20 11:00:00,,-26.749
1997-05-20 11:20:00,,-26.774
1997-05-20 11:40:00,,-26.792
1997-05-20 12:00:00,,-26.804
1997-05-20 12:20:00,,-26.816
1997-05-20 12:40:00,,-26.825
1997-05-20 13:00:00,,-26.833
1997-05-20 13:20:00,,-26.841
1997-05-20 13:40:00,,-26.85
1997-05-20 14:00:00,,-26.858
1997-05-20 14:20:00,,-26.864
1997-05-20 14:40:00,,-26.872
1997-05-20 15:00:00,,-26.88
1997-05-20 16:20:00,,-26.906
1997-05-20 16:40:00,,-26.912
1997-05-20 17:00:00,,-26.919
1997-05-20 17:20:00,,-26.926
1997-05-20 17:40:00,,-26.934
1997-05-20 19:00:00,,-26.964
1997-05-20 19:20:00,,-26.971
1997-05-20 19:40:00,,-26.98
1997-05-20 20:00:00,,-26.974
1997-05-20 20:20:00,,-26.955
1997-05-20 20:40:00,,-26.942
1997-05-20 21:00:00,,-26.934
1997-05-20 21:20:00,,-26.928
1997-05-20 21:40:00,,-26.923
1997-05-20 22:00:00,,-26.917
1997-05-20 22:20:00,,-26.913
1997-05-20 22:40:00,,-26.907
1997-05-20 23:00:00,,-26.901
1997-05-21 00:20:00,,-26.871
1997-05-21 00:40:00,,-26.863
1997-05-21 01:00:00,,-26.856
1997-05-21 01:20:00,,-26.847
1997-05-21 01:40:00,,-26.84
1997-05-21 02:00:00,,-26.832
1997-05-21 03:20:00,,-26.808
1997-05-21 03:40:00,,-26.804
1997-05-21 04:00:00,,-26.8
1997-05-21 04:20:00,,-26.794
1997-05-21 04:40:00,,-26.791
1997-05-21 05:00:00,,-26.787
1997-05-21 05:20:00,,-26.785
1997-05-21 05:40:00,,-26.782
1997-05-21 06:40:00,,-26.782
1997-05-21 07:00:00,,-26.781
1997-05-21 07:20:00,,-26.78
1997-05-21 07:40:00,,-26.78
1997-05-21 08:00:00,,-26.779
1997-05-21 10:40:00,,-26.779
1997-05-21 11:00:00,,-26.776
1997-05-21 11:20:00,,-26.773
1997-05-21 11:40:00,,-26.769
1997-05-21 12:00:00,,-26.766
1997-05-21 12:20:00,,-26.761
1997-05-21 12:40:00,,-26.778
1997-05-21 13:00:00,,-26.795
1997-05-21 13:20:00,,-26.806
1997-05-21 13:40:00,,-26.813
1997-05-21 14:00:00,,-26.817
1997-05-21 14:20:00,,-26.796
1997-05-21 14:40:00,,-26.776
1997-05-21 15:00:00,,-26.762
1997-05-21 15:20:00,,-26.752
1997-05-21 15:40:00,,-26.742
1997-05-21 16:00:00,,-26.735
1997-05-21 16:20:00,,-26.727
1997-05-21 16:40:00,,-26.722
1997-05-21 17:00:00,,-26.719
1997-05-21 17:20:00,,-26.737
1997-05-21 17:40:00,,-26.757
1997-05-21 18:00:00,,-26.755
1997-05-21 18:20:00,,-26.74
1997-05-21 18:40:00,,-26.73
1997-05-21 19:00:00,,-26.724
1997-05-21 19:20:00,,-26.72
1997-05-21 19:40:00,,-26.719
1997-05-21 20:00:00,,-26.716
1997-05-21 20:20:00,,-26.714
1997-05-21 20:40:00,,-26.712
1997-05-21 21:00:00,,-26.712
1997-05-21 21:20:00,,-26.707
1997-05-21 21:40:00,,-26.706
1997-05-21 22:00:00,,-26.703
1997-05-21 22:20:00,,-26.701
1997-05-21 22:40:00,,-26.7
1997-05-21 23:20:00,,-26.7
1997-05-21 23:40:00,,-26.695
1997-05-22 00:00:00,,-26.692
1997-05-22 00:20:00,,-26.69
1997-05-22 00:40:00,,-26.687
1997-05-22 01:00:00,,-26.684
1997-05-22 01:20:00,,-26.682
1997-05-22 01:40:00,,-26.677
1997-05-22 02:00:00,,-26.674
1997-05-22 02:20:00,,-26.671
1997-05-22 02:40:00,,-26.669
1997-05-22 03:00:00,,-26.666
1997-05-22 03:20:00,,-26.662
1997-05-22 05:40:00,,-26.652
1997-05-22 08:20:00,,-26.652
1997-05-22 08:40:00,,-26.658
1997-05-22 09:00:00,,-26.668
1997-05-22 09:20:00,,-26.677
1997-05-22 09:40:00,,-26.688
1997-05-22 10:00:00,,-26.698
1997-05-22 10:20:00,,-26.708
1997-05-22 10:40:00,,-26.718
1997-05-22 11:00:00,,-26.727
1997-05-22 11:20:00,,-26.737
1997-05-22 11:40:00,,-26.746
1997-05-22 12:00:00,,-26.755
1997-05-22 12:20:00,,-26.765
1997-05-22 12:40:00,,-26.775
1997-05-22 13:00:00,,-26.784
1997-05-22 13:20:00,,-26.792
1997-05-22 13:40:00,,-26.796
1997-05-22 14:00:00,,-26.796
1997-05-22 14:20:00,,-26.797
1997-05-22 16:40:00,,-26.797
1997-05-22 17:00:00,,-26.796
1997-05-22 17:20:00,,-26.793
1997-05-22 17:40:00,,-26.791
1997-05-22 18:00:00,,-26.786
1997-05-22 18:20:00,,-26.781
1997-05-22 18:40:00,,-26.778
1997-05-22 19:00:00,,-26.774
1997-05-22 19:20:00,,-26.77
1997-05-22 19:40:00,,-26.767
1997-05-22 20:00:00,,-26.763
1997-05-22 20:20:00,,-26.759
1997-05-22 20:40:00,,-26.756
1997-05-22 21:00:00,,-26.753
1997-05-22 21:20:00,,-26.751
1997-05-22 21:40:00,,-26.748
1997-05-22 22:00:00,,-26.744
1997-05-22 22:20:00,,-26.741
1997-05-22 22:40:00,,-26.739
1997-05-22 23:00:00,,-26.736
1997-05-22 23:20:00,,-26.732
1997-05-22 23:40:00,,-26.73
1997-05-23 00:00:00,,-26.725
1997-05-23 00:20:00,,-26.722
1997-05-23 00:40:00,,-26.719
1997-05-23 01:00:00,,-26.716
1997-05-23 02:20:00,,-26.698
1997-05-23 02:40:00,,-26.695
1997-05-23 03:00:00,,-26.69
1997-05-23 03:20:00,,-26.687
1997-05-23 03:40:00,,-26.685
1997-05-23 04:00:00,,-26.683
1997-05-23 04:20:00,,-26.68
1997-05-23 04:40:00,,-26.678
1997-05-23 05:00:00,,-26.676
1997-05-23 05:20:00,,-26.673
1997-05-23 05:40:00,,-26.673
1997-05-23 06:00:00,,-26.672
1997-05-23 07:20:00,,-26.672
1997-05-23 07:40:00,,-26.692
1997-05-23 08:00:00,,-26.694
1997-05-23 08:20:00,,-26.693
1997-05-23 08:40:00,,-26.69
1997-05-23 09:00:00,,-26.688
1997-05-23 09:20:00,,-26.687
1997-05-23 09:40:00,,-26.686
1997-05-23 10:00:00,,-26.685
1997-05-23 11:00:00,,-26.685
1997-05-23 11:20:00,,-26.682
1997-05-23 11:40:00,,-26.704
1997-05-23 12:00:00,,-26.725
1997-05-23 12:20:00,,-26.737
1997-05-23 12:40:00,,-26.745
1997-05-23 13:00:00,,-26.75
1997-05-23 13:20:00,,-26.732
1997-05-23 13:40:00,,-26.724
1997-05-23 14:00:00,,-26.729
1997-05-23 14:20:00,,-26.737
1997-05-23 14:40:00,,-26.742
1997-05-23 15:00:00,,-26.745
1997-05-23 15:20:00,,-26.747
1997-05-23 17:00:00,,-26.747
1997-05-23 17:20:00,,-26.748
1997-05-23 17:40:00,,-26.728
1997-05-23 18:00:00,,-26.72
1997-05-23 18:20:00,,-26.728
1997-05-23 18:40:00,,-26.738
1997-05-23 19:00:00,,-26.745
1997-05-23 19:20:00,,-26.751
1997-05-23 22:00:00,,-26.779
1997-05-23 22:20:00,,-26.781
1997-05-23 22:40:00,,-26.784
1997-05-24 00:20:00,,-26.791
1997-05-24 00:40:00,,-26.791
1997-05-24 01:00:00,,-26.792
1997-05-24 01:20:00,,-26.793
1997-05-24 04:40:00,,-26.793
1997-05-24 05:00:00,,-26.794
1997-05-24 05:20:00,,-26.796
1997-05-24 05:40:00,,-26.798
1997-05-24 06:00:00,,-26.8
1997-05-24 06:20:00,,-26.803
1997-05-24 06:40:00,,-26.805
1997-05-24 07:00:00,,-26.807
1997-05-24 07:20:00,,-26.81
1997-05-24 07:40:00,,-26.813
1997-05-24 08:00:00,,-26.815
1997-05-24 08:20:00,,-26.791
1997-05-24 08:40:00,,-26.79
1997-05-24 09:00:00,,-26.807
1997-05-24 09:20:00,,-26.824
1997-05-24 09:40:00,,-26.84
1997-05-24 10:00:00,,-26.855
1997-05-24 10:20:00,,-26.867
1997-05-24 10:40:00,,-26.878
1997-05-24 11:00:00,,-26.89
1997-05-24 11:20:00,,-26.892
1997-05-24 11:40:00,,-26.901
1997-05-24 12:00:00,,-26.912
1997-05-24 12:20:00,,-26.92
1997-05-24 12:40:00,,-26.927
1997-05-24 13:00:00,,-26.934
1997-05-24 13:20:00,,-26.937
1997-05-24 13:40:00,,-26.939
1997-05-24 14:00:00,,-26.935
1997-05-24 14:20:00,,-26.933
1997-05-24 14:40:00,,-26.929
1997-05-24 15:00:00,,-26.924
1997-05-24 15:20:00,,-26.919
1997-05-24 15:40:00,,-26.909
1997-05-24 16:00:00,,-26.901
1997-05-24 16:20:00,,-26.899
1997-05-24 16:40:00,,-26.895
1997-05-24 17:00:00,,-26.891
1997-05-24 17:20:00,,-26.887
1997-05-24 17:40:00,,-26.885
1997-05-24 18:00:00,,-26.881
1997-05-24 18:20:00,,-26.878
1997-05-24 18:40:00,,-26.877
1997-05-24 19:00:00,,-26.848
1997-05-24 19:20:00,,-26.822
1997-05-24 19:40:00,,-26.802
1997-05-24 20:00:00,,-26.789
1997-05-24 20:20:00,,-26.779
1997-05-24 20:40:00,,-26.77
1997-05-24 21:00:00,,-26.763
1997-05-24 21:20:00,,-26.756
1997-05-24 21:40:00,,-26.75
1997-05-24 22:00:00,,-26.744
1997-05-24 22:20:00,,-26.741
1997-05-24 22:40:00,,-26.735
1997-05-24 23:00:00,,-26.732
1997-05-24 23:20:00,,-26.728
1997-05-24 23:40:00,,-26.723
1997-05-25 00:00:00,,-26.72
1997-05-25 00:20:00,,-26.716
1997-05-25 00:40:00,,-26.713
1997-05-25 01:00:00,,-26.708
1997-05-25 01:20:00,,-26.704
1997-05-25 01:40:00,,-26.727
1997-05-25 02:00:00,,-26.744
1997-05-25 02:20:00,,-26.755
1997-05-25 02:40:00,,-26.764
1997-05-25 03:00:00,,-26.769
1997-05-25 03:20:00,,-26.774
1997-05-25 03:40:00,,-26.778
1997-05-25 04:00:00,,-26.782
1997-05-25 05:20:00,,-26.791
1997-05-25 06:40:00,,-26.801
1997-05-25 07:00:00,,-26.803
1997-05-25 07:20:00,,-26.805
1997-05-25 07:40:00,,-26.808
1997-05-25 08:20:00,,-26.808
1997-05-25 08:40:00,,-26.813
1997-05-25 09:00:00,,-26.818
1997-05-25 09:20:00,,-26.825
1997-05-25 09:40:00,,-26.832
1997-05-25 10:00:00,,-26.84
1997-05-25 10:20:00,,-26.848
1997-05-25 10:40:00,,-26.856
1997-05-25 12:00:00,,-26.885
1997-05-25 12:20:00,,-26.893
1997-05-25 12:40:00,,-26.889
1997-05-25 13:00:00,,-26.867
1997-05-25 13:20:00,,-26.853
1997-05-25 13:40:00,,-26.842
1997-05-25 14:00:00,,-26.835
1997-05-25 14:20:00,,-26.829
1997-05-25 14:40:00,,-26.826
1997-05-25 15:00:00,,-26.822
1997-05-25 15:20:00,,-26.82
1997-05-25 15:40:00,,-26.816
1997-05-25 16:00:00,,-26.829
1997-05-25 16:20:00,,-26.853
1997-05-25 16:40:00,,-26.87
1997-05-25 17:00:00,,-26.884
1997-05-25 17:20:00,,-26.894
1997-05-25 17:40:00,,-26.904
1997-05-25 18:00:00,,-26.911
1997-05-25 18:20:00,,-26.918
1997-05-25 19:40:00,,-26.942
1997-05-25 20:00:00,,-26.929
1997-05-25 20:20:00,,-26.911
1997-05-25 20:40:00,,-26.899
1997-05-25 21:00:00,,-26.892
1997-05-25 21:20:00,,-26.887
1997-05-25 21:40:00,,-26.884
1997-05-25 22:00:00,,-26.882
1997-05-25 22:20:00,,-26.88
1997-05-25 22:40:00,,-26.878
1997-05-25 23:00:00,,-26.877
1997-05-25 23:20:00,,-26.875
1997-05-25 23:40:00,,-26.873
1997-05-26 00:00:00,,-26.87
1997-05-26 00:20:00,,-26.866
1997-05-26 00:40:00,,-26.862
1997-05-26 02:00:00,,-26.839
1997-05-26 02:20:00,,-26.831
1997-05-26 02:40:00,,-26.824
1997-05-26 03:00:00,,-26.817
1997-05-26 04:40:00,,-26.787
1997-05-26 05:00:00,,-26.782
1997-05-26 05:20:00,,-26.777
1997-05-26 05:40:00,,-26.796
1997-05-26 06:00:00,,-26.813
1997-05-26 06:20:00,,-26.825
1997-05-26 06:40:00,,-26.833
1997-05-26 07:00:00,,-26.839
1997-05-26 07:20:00,,-26.844
1997-05-26 07:40:00,,-26.847
1997-05-26 08:00:00,,-26.85
1997-05-26 08:20:00,,-26.854
1997-05-26 08:40:00,,-26.862
1997-05-26 09:00:00,,-26.87
1997-05-26 09:20:00,,-26.882
1997-05-26 09:40:00,,-26.892
1997-05-26 10:00:00,,-26.902
1997-05-26 10:20:00,,-26.911
1997-05-26 10:40:00,,-26.92
1997-05-26 11:00:00,,-26.928
1997-05-26 11:20:00,,-26.936
1997-05-26 11:40:00,,-26.943
1997-05-26 12:00:00,,-26.947
1997-05-26 12:20:00,,-26.95
1997-05-26 12:40:00,,-26.95
1997-05-26 13:00:00,,-26.951
1997-05-26 14:00:00,,-26.951
1997-05-26 15:20:00,,-26.935
1997-05-26 15:40:00,,-26.93
1997-05-26 16:00:00,,-26.924
1997-05-26 17:20:00,,-26.907
1997-05-26 17:40:00,,-26.902
1997-05-26 18:00:00,,-26.899
1997-05-26 18:20:00,,-26.897
1997-05-26 18:40:00,,-26.867
1997-05-26 19:00:00,,-26.84
1997-05-26 19:20:00,,-26.82
1997-05-26 19:40:00,,-26.803
1997-05-26 20:00:00,,-26.792
1997-05-26 20:20:00,,-26.781
1997-05-26 20:40:00,,-26.772
1997-05-26 21:00:00,,-26.764
1997-05-26 21:20:00,,-26.755
1997-05-26 21:40:00,,-26.748
1997-05-26 22:00:00,,-26.742
1997-05-26 22:20:00,,-26.737
1997-05-26 22:40:00,,-26.731
1997-05-26 23:00:00,,-26.726
1997-05-26 23:20:00,,-26.721
1997-05-26 23:40:00,,-26.717
1997-05-27 00:00:00,,-26.713
1997-05-27 00:20:00,,-26.708
1997-05-27 00:40:00,,-26.705
1997-05-27 01:00:00,,-26.702
1997-05-27 02:40:00,,-26.685
1997-05-27 04:20:00,,-26.673
1997-05-27 04:40:00,,-26.671
1997-05-27 06:00:00,,-26.662
1997-05-27 06:20:00,,-26.659
1997-05-27 06:40:00,,-26.667
1997-05-27 07:00:00,,-26.694
1997-05-27 07:20:00,,-26.711
1997-05-27 07:40:00,,-26.725
1997-05-27 08:00:00,,-26.734
1997-05-27 08:20:00,,-26.742
1997-05-27 08:40:00,,-26.748
1997-05-27 09:00:00,,-26.753
1997-05-27 09:20:00,,-26.758
1997-05-27 09:40:00,,-26.763
1997-05-27 10:00:00,,-26.767
1997-05-27 10:20:00,,-26.77
1997-05-27 10:40:00,,-26.772
1997-05-27 11:00:00,,-26.774
1997-05-27 11:20:00,,-26.776
1997-05-27 11:40:00,,-26.777
1997-05-27 12:00:00,,-26.778
1997-05-27 12:20:00,,-26.779
1997-05-27 13:20:00,,-26.779
1997-05-27 13:40:00,,-26.78
1997-05-27 14:00:00,,-26.781
1997-05-27 14:20:00,,-26.784
1997-05-27 14:40:00,,-26.788
1997-05-27 15:00:00,,-26.792
1997-05-27 15:20:00,,-26.798
1997-05-27 15:40:00,,-26.803
1997-05-27 16:00:00,,-26.809
1997-05-27 16:20:00,,-26.815
1997-05-27 16:40:00,,-26.822
1997-05-27 17:00:00,,-26.827
1997-05-27 17:20:00,,-26.832
1997-05-27 17:40:00,,-26.837
1997-05-27 18:00:00,,-26.841
1997-05-27 18:20:00,,-26.843
1997-05-27 18:40:00,,-26.845
1997-05-27 19:00:00,,-26.845
1997-05-27 19:20:00,,-26.846
1997-05-27 22:20:00,,-26.846
1997-05-27 22:40:00,,-26.845
1997-05-27 23:00:00,,-26.844
1997-05-27 23:20:00,,-26.843
1997-05-27 23:40:00,,-26.841
1997-05-28 00:00:00,,-26.841
1997-05-28 00:20:00,,-26.839
1997-05-28 00:40:00,,-26.838
1997-05-28 01:00:00,,-26.836
1997-05-28 01:20:00,,-26.836
1997-05-28 01:40:00,,-26.833
1997-05-28 03:00:00,,-26.829
1997-05-28 04:00:00,,-26.829
1997-05-28 04:20:00,,-26.818
1997-05-28 04:40:00,,-26.789
1997-05-28 05:00:00,,-26.769
1997-05-28 05:20:00,,-26.755
1997-05-28 05:40:00,,-26.743
1997-05-28 06:00:00,,-26.735
1997-05-28 06:20:00,,-26.731
1997-05-28 06:40:00,,-26.752
1997-05-28 07:00:00,,-26.767
1997-05-28 07:20:00,,-26.777
1997-05-28 07:40:00,,-26.784
1997-05-28 08:00:00,,-26.791
1997-05-28 08:20:00,,-26.796
1997-05-28 08:40:00,,-26.801
1997-05-28 09:00:00,,-26.804
1997-05-28 09:20:00,,-26.807
1997-05-28 09:40:00,,-26.809
1997-05-28 10:00:00,,-26.811
1997-05-28 10:20:00,,-26.813
1997-05-28 10:40:00,,-26.813
1997-05-28 11:00:00,,-26.815
1997-05-28 11:20:00,,-26.816
1997-05-28 11:40:00,,-26.817
1997-05-28 12:00:00,,-26.82
1997-05-28 12:20:00,,-26.82
1997-05-28 12:40:00,,-26.821
1997-05-28 13:00:00,,-26.822
1997-05-28 13:20:00,,-26.824
1997-05-28 13:40:00,,-26.801
1997-05-28 14:00:00,,-26.779
1997-05-28 14:20:00,,-26.763
1997-05-28 14:40:00,,-26.752
1997-05-28 15:00:00,,-26.741
1997-05-28 15:20:00,,-26.732
1997-05-28 15:40:00,,-26.725
1997-05-28 16:00:00,,-26.718
1997-05-28 16:20:00,,-26.712
1997-05-28 16:40:00,,-26.705
1997-05-28 17:00:00,,-26.697
1997-05-28 17:20:00,,-26.689
1997-05-28 17:40:00,,-26.684
1997-05-28 18:00:00,,-26.679
1997-05-28 18:20:00,,-26.674
1997-05-28 18:40:00,,-26.671
1997-05-28 19:00:00,,-26.666
1997-05-28 19:20:00,,-26.661
1997-05-28 19:40:00,,-26.657
1997-05-28 20:00:00,,-26.654
1997-05-28 20:20:00,,-26.651
1997-05-28 20:40:00,,-26.647
1997-05-28 21:00:00,,-26.643
1997-05-28 21:20:00,,-26.64
1997-05-28 21:40:00,,-26.637
1997-05-28 22:00:00,,-26.633
1997-05-28 22:20:00,,-26.629
1997-05-28 22:40:00,,-26.627
1997-05-28 23:00:00,,-26.623
1997-05-28 23:20:00,,-26.621
1997-05-29 00:40:00,,-26.609
1997-05-29 01:00:00,,-26.607
1997-05-29 01:20:00,,-26.604
1997-05-29 01:40:00,,-26.603
1997-05-29 02:00:00,,-26.601
1997-05-29 02:20:00,,-26.6
1997-05-29 02:40:00,,-26.6
1997-05-29 03:00:00,,-26.599
1997-05-29 08:20:00,,-26.599
1997-05-29 08:40:00,,-26.63
1997-05-29 09:00:00,,-26.661
1997-05-29 09:20:00,,-26.68
1997-05-29 09:40:00,,-26.68
1997-05-29 10:00:00,,-26.676
1997-05-29 10:20:00,,-26.698
1997-05-29 10:40:00,,-26.722
1997-05-29 11:00:00,,-26.741
1997-05-29 11:20:00,,-26.753
1997-05-29 11:40:00,,-26.761
1997-05-29 12:00:00,,-26.765
1997-05-29 12:20:00,,-26.766
1997-05-29 14:40:00,,-26.766
1997-05-29 15:00:00,,-26.739
1997-05-29 15:20:00,,-26.714
1997-05-29 15:40:00,,-26.697
1997-05-29 16:00:00,,-26.684
1997-05-29 16:20:00,,-26.673
1997-05-29 16:40:00,,-26.665
1997-05-29 17:00:00,,-26.659
1997-05-29 17:20:00,,-26.653
1997-05-29 17:40:00,,-26.648
1997-05-29 19:20:00,,-26.628
1997-05-29 19:40:00,,-26.625
1997-05-29 20:00:00,,-26.623
1997-05-29 20:20:00,,-26.621
1997-05-29 20:40:00,,-26.619
1997-05-29 21:00:00,,-26.616
1997-05-29 21:20:00,,-26.613
1997-05-29 21:40:00,,-26.611
1997-05-29 22:00:00,,-26.61
1997-05-29 22:20:00,,-26.607
1997-05-29 22:40:00,,-26.604
1997-05-29 23:00:00,,-26.601
1997-05-30 00:20:00,,-26.593
1997-05-30 00:40:00,,-26.59
1997-05-30 02:00:00,,-26.584
1997-05-30 02:20:00,,-26.581
1997-05-30 03:20:00,,-26.581
1997-05-30 03:40:00,,-26.58
1997-05-30 07:00:00,,-26.58
1997-05-30 07:20:00,,-26.6
1997-05-30 07:40:00,,-26.627
1997-05-30 08:00:00,,-26.627
1997-05-30 08:20:00,,-26.618
1997-05-30 08:40:00,,-26.612
1997-05-30 09:00:00,,-26.635
1997-05-30 09:20:00,,-26.655
1997-05-30 09:40:00,,-26.669
1997-05-30 10:00:00,,-26.678
1997-05-30 10:20:00,,-26.688
1997-05-30 10:40:00,,-26.694
1997-05-30 11:00:00,,-26.7
1997-05-30 11:20:00,,-26.705
1997-05-30 11:40:00,,-26.709
1997-05-30 12:00:00,,-26.713
1997-05-30 12:20:00,,-26.717
1997-05-30 12:40:00,,-26.719
1997-05-30 13:00:00,,-26.722
1997-05-30 13:20:00,,-26.723
1997-05-30 13:40:00,,-26.725
1997-05-30 14:00:00,,-26.728
1997-05-30 14:20:00,,-26.73
1997-05-30 14:40:00,,-26.732
1997-05-30 15:00:00,,-26.733
1997-05-30 15:20:00,,-26.733
1997-05-30 15:40:00,,-26.734
1997-05-30 16:00:00,,-26.735
1997-05-30 16:20:00,,-26.736
1997-05-30 17:20:00,,-26.736
1997-05-30 17:40:00,,-26.737
1997-05-30 18:00:00,,-26.737
1997-05-30 18:20:00,,-26.738
1997-05-30 18:40:00,,-26.74
1997-05-30 19:00:00,,-26.741
1997-05-30 19:20:00,,-26.741
1997-05-30 19:40:00,,-26.743
1997-05-30 20:00:00,,-26.744
1997-05-30 20:40:00,,-26.744
1997-05-30 21:00:00,,-26.746
1997-05-30 21:20:00,,-26.746
1997-05-30 21:40:00,,-26.747
1997-05-30 22:00:00,,-26.748
1997-05-31 03:40:00,,-26.748
1997-05-31 04:00:00,,-26.75
1997-05-31 04:20:00,,-26.752
1997-05-31 04:40:00,,-26.754
1997-05-31 06:20:00,,-26.769
1997-05-31 06:40:00,,-26.771
1997-05-31 07:00:00,,-26.774
1997-05-31 07:20:00,,-26.776
1997-05-31 07:40:00,,-26.778
1997-05-31 08:00:00,,-26.781
1997-05-31 08:20:00,,-26.785
1997-05-31 08:40:00,,-26.791
1997-05-31 09:00:00,,-26.798
1997-05-31 09:20:00,,-26.807
1997-05-31 09:40:00,,-26.815
1997-05-31 10:00:00,,-26.823
1997-05-31 10:20:00,,-26.83
1997-05-31 10:40:00,,-26.837
1997-05-31 11:00:00,,-26.842
1997-05-31 11:20:00,,-26.847
1997-05-31 11:40:00,,-26.851
1997-05-31 12:00:00,,-26.853
1997-05-31 12:20:00,,-26.853
1997-05-31 12:40:00,,-26.855
1997-05-31 13:00:00,,-26.856
1997-05-31 14:40:00,,-26.856
1997-05-31 15:00:00,,-26.854
1997-05-31 15:20:00,,-26.849
1997-05-31 15:40:00,,-26.844
1997-05-31 16:00:00,,-26.839
1997-05-31 16:20:00,,-26.835
1997-05-31 16:40:00,,-26.831
1997-05-31 17:00:00,,-26.829
1997-05-31 17:20:00,,-26.827
1997-05-31 17:40:00,,-26.823
1997-05-31 18:00:00,,-26.821
1997-05-31 18:20:00,,-26.82
1997-05-31 18:40:00,,-26.819
1997-05-31 19:00:00,,-26.817
1997-05-31 19:20:00,,-26.807
1997-05-31 19:40:00,,-26.778
1997-05-31 20:00:00,,-26.755
1997-05-31 20:20:00,,-26.739
1997-05-31 20:40:00,,-26.726
1997-05-31 21:00:00,,-26.715
1997-05-31 21:20:00,,-26.705
1997-05-31 21:40:00,,-26.696
1997-05-31 22:00:00,,-26.688
1997-05-31 22:20:00,,-26.681
1997-05-31 22:40:00,,-26.673
1997-05-31 23:00:00,,-26.666
1997-05-31 23:20:00,,-26.661
1997-05-31 23:40:00,,-26.655
1997-06-01 00:00:00,,-26.647
1997-06-01 01:20:00,,-26.624
1997-06-01 01:40:00,,-26.62
1997-06-01 02:00:00,,-26.616
1997-06-01 02:20:00,,-26.612
1997-06-01 02:40:00,,-26.607
1997-06-01 03:00:00,,-26.604
1997-06-01 03:20:00,,-26.602
1997-06-01 03:40:00,,-26.599
1997-06-01 04:00:00,,-26.598
1997-06-01 04:20:00,,-26.597
1997-06-01 04:40:00,,-26.596
1997-06-01 06:20:00,,-26.596
1997-06-01 06:40:00,,-26.604
1997-06-01 07:00:00,,-26.633
1997-06-01 07:20:00,,-26.652
1997-06-01 07:40:00,,-26.668
1997-06-01 08:00:00,,-26.678
1997-06-01 08:20:00,,-26.687
1997-06-01 08:40:00,,-26.694
1997-06-01 09:00:00,,-26.7
1997-06-01 09:20:00,,-26.705
1997-06-01 09:40:00,,-26.709
1997-06-01 10:00:00,,-26.713
1997-06-01 10:20:00,,-26.717
1997-06-01 11:40:00,,-26.722
1997-06-01 12:00:00,,-26.723
1997-06-01 15:00:00,,-26.723
1997-06-01 15:20:00,,-26.725
1997-06-01 15:40:00,,-26.728
1997-06-01 16:00:00,,-26.732
1997-06-01 16:20:00,,-26.737
1997-06-01 16:40:00,,-26.741
1997-06-01 17:00:00,,-26.745
1997-06-01 17:20:00,,-26.748
1997-06-01 17:40:00,,-26.753
1997-06-01 18:00:00,,-26.755
1997-06-01 18:20:00,,-26.76
1997-06-01 18:40:00,,-26.746
1997-06-01 19:00:00,,-26.723
1997-06-01 19:20:00,,-26.706
1997-06-01 19:40:00,,-26.693
1997-06-01 20:00:00,,-26.683
1997-06-01 20:20:00,,-26.674
1997-06-01 20:40:00,,-26.667
1997-06-01 21:00:00,,-26.66
1997-06-01 21:20:00,,-26.654
1997-06-01 21:40:00,,-26.648
1997-06-01 22:00:00,,-26.642
1997-06-01 22:20:00,,-26.635
1997-06-02 00:00:00,,-26.608
1997-06-02 02:00:00,,-26.578
1997-06-02 02:20:00,,-26.574
1997-06-02 02:40:00,,-26.57
1997-06-02 03:00:00,,-26.566
1997-06-02 03:20:00,,-26.563
1997-06-02 03:40:00,,-26.56
1997-06-02 04:00:00,,-26.557
1997-06-02 04:20:00,,-26.572
1997-06-02 04:40:00,,-26.572
1997-06-02 05:00:00,,-26.569
1997-06-02 05:20:00,,-26.565
1997-06-02 05:40:00,,-26.566
1997-06-02 06:00:00,,-26.567
1997-06-02 08:40:00,,-26.567
1997-06-02 09:00:00,,-26.602
1997-06-02 09:20:00,,-26.638
1997-06-02 09:40:00,,-26.668
1997-06-02 10:00:00,,-26.691
1997-06-02 10:20:00,,-26.71
1997-06-02 10:40:00,,-26.728
1997-06-02 11:00:00,,-26.745
1997-06-02 11:20:00,,-26.746
1997-06-02 11:40:00,,-26.751
1997-06-02 12:00:00,,-26.753
1997-06-02 13:00:00,,-26.753
1997-06-02 13:20:00,,-26.738
1997-06-02 13:40:00,,-26.735
1997-06-02 14:00:00,,-26.732
1997-06-02 14:20:00,,-26.729
1997-06-02 14:40:00,,-26.725
1997-06-02 15:00:00,,-26.722
1997-06-02 15:20:00,,-26.719
1997-06-02 15:40:00,,-26.717
1997-06-02 16:00:00,,-26.713
1997-06-02 16:20:00,,-26.712
1997-06-02 16:40:00,,-26.71
1997-06-02 17:00:00,,-26.71
1997-06-02 17:20:00,,-26.686
1997-06-02 17:40:00,,-26.66
1997-06-02 18:00:00,,-26.643
1997-06-02 18:20:00,,-26.63
1997-06-02 18:40:00,,-26.621
1997-06-02 19:00:00,,-26.613
1997-06-02 19:20:00,,-26.608
1997-06-02 19:40:00,,-26.602
1997-06-02 20:00:00,,-26.599
1997-06-02 20:20:00,,-26.594
1997-06-02 20:40:00,,-26.591
1997-06-02 21:00:00,,-26.588
1997-06-02 21:20:00,,-26.585
1997-06-02 21:40:00,,-26.581
1997-06-02 22:00:00,,-26.577
1997-06-02 22:20:00,,-26.574
1997-06-02 22:40:00,,-26.571
1997-06-02 23:00:00,,-26.568
1997-06-02 23:20:00,,-26.564
1997-06-02 23:40:00,,-26.56
1997-06-03 00:00:00,,-26.557
1997-06-03 00:20:00,,-26.552
1997-06-03 00:40:00,,-26.548
1997-06-03 01:00:00,,-26.544
1997-06-03 01:20:00,,-26.54
1997-06-03 01:40:00,,-26.537
1997-06-03 02:00:00,,-26.534
1997-06-03 02:20:00,,-26.529
1997-06-03 03:40:00,,-26.516
1997-06-03 04:00:00,,-26.513
1997-06-03 04:20:00,,-26.51
1997-06-03 04:40:00,,-26.508
1997-06-03 05:00:00,,-26.506
1997-06-03 06:20:00,,-26.502
1997-06-03 06:40:00,,-26.524
1997-06-03 07:00:00,,-26.547
1997-06-03 07:20:00,,-26.565
1997-06-03 07:40:00,,-26.577
1997-06-03 08:00:00,,-26.588
1997-06-03 08:20:00,,-26.597
1997-06-03 08:40:00,,-26.605
1997-06-03 09:00:00,,-26.613
1997-06-03 09:20:00,,-26.62
1997-06-03 09:40:00,,-26.626
1997-06-03 10:00:00,,-26.634
1997-06-03 10:20:00,,-26.64
1997-06-03 10:40:00,,-26.647
1997-06-03 11:00:00,,-26.653
1997-06-03 11:20:00,,-26.66
1997-06-03 11:40:00,,-26.667
1997-06-03 12:00:00,,-26.673
1997-06-03 12:20:00,,-26.681
1997-06-03 12:40:00,,-26.688
1997-06-03 13:00:00,,-26.695
1997-06-03 13:20:00,,-26.7
1997-06-03 13:40:00,,-26.707
1997-06-03 14:00:00,,-26.712
1997-06-03 14:20:00,,-26.719
1997-06-03 14:40:00,,-26.725
1997-06-03 15:00:00,,-26.732
1997-06-03 15:20:00,,-26.738
1997-06-03 15:40:00,,-26.745
1997-06-03 16:00:00,,-26.751
1997-06-03 16:20:00,,-26.733
1997-06-03 16:40:00,,-26.718
1997-06-03 17:00:00,,-26.709
1997-06-03 17:20:00,,-26.705
1997-06-03 17:40:00,,-26.701
1997-06-03 18:00:00,,-26.699
1997-06-03 22:20:00,,-26.699
1997-06-03 22:40:00,,-26.695
1997-06-03 23:00:00,,-26.691
1997-06-03 23:20:00,,-26.685
1997-06-03 23:40:00,,-26.68
1997-06-04 00:00:00,,-26.675
1997-06-04 00:20:00,,-26.668
1997-06-04 00:40:00,,-26.662
1997-06-04 01:00:00,,-26.656
1997-06-04 01:20:00,,-26.651
1997-06-04 01:40:00,,-26.645
1997-06-04 02:00:00,,-26.639
1997-06-04 02:20:00,,-26.632
1997-06-04 02:40:00,,-26.627
1997-06-04 03:00:00,,-26.622
1997-06-04 03:20:00,,-26.617
1997-06-04 03:40:00,,-26.614
1997-06-04 04:00:00,,-26.611
1997-06-04 04:20:00,,-26.608
1997-06-04 05:40:00,,-26.6
1997-06-04 06:00:00,,-26.599
1997-06-04 06:20:00,,-26.625
1997-06-04 06:40:00,,-26.646
1997-06-04 07:00:00,,-26.662
1997-06-04 07:20:00,,-26.673
1997-06-04 07:40:00,,-26.684
1997-06-04 08:00:00,,-26.692
1997-06-04 08:20:00,,-26.7
1997-06-04 08:40:00,,-26.706
1997-06-04 09:00:00,,-26.712
1997-06-04 09:20:00,,-26.719
1997-06-04 09:40:00,,-26.724
1997-06-04 10:00:00,,-26.731
1997-06-04 10:20:00,,-26.734
1997-06-04 10:40:00,,-26.738
1997-06-04 11:00:00,,-26.741
1997-06-04 11:20:00,,-26.743
1997-06-04 11:40:00,,-26.744
1997-06-04 12:00:00,,-26.745
1997-06-04 12:20:00,,-26.746
1997-06-04 15:40:00,,-26.746
1997-06-04 16:00:00,,-26.745
1997-06-04 16:20:00,,-26.743
1997-06-04 16:40:00,,-26.743
1997-06-04 17:00:00,,-26.74
1997-06-04 18:20:00,,-26.74
1997-06-04 18:40:00,,-26.739
1997-06-04 19:00:00,,-26.715
1997-06-04 19:20:00,,-26.691
1997-06-04 19:40:00,,-26.673
1997-06-04 20:00:00,,-26.661
1997-06-04 20:20:00,,-26.653
1997-06-04 20:40:00,,-26.646
1997-06-04 21:00:00,,-26.64
1997-06-04 21:20:00,,-26.635
1997-06-04 21:40:00,,-26.628
1997-06-04 22:00:00,,-26.624
1997-06-04 22:20:00,,-26.62
1997-06-04 22:40:00,,-26.613
1997-06-04 23:00:00,,-26.611
1997-06-04 23:20:00,,-26.606
1997-06-04 23:40:00,,-26.601
1997-06-05 01:00:00,,-26.583
1997-06-05 02:20:00,,-26.563
1997-06-05 02:40:00,,-26.557
1997-06-05 04:00:00,,-26.537
1997-06-05 04:20:00,,-26.533
1997-06-05 04:40:00,,-26.529
1997-06-05 05:00:00,,-26.526
1997-06-05 05:20:00,,-26.522
1997-06-05 05:40:00,,-26.519
1997-06-05 06:00:00,,-26.516
1997-06-05 06:20:00,,-26.522
1997-06-05 06:40:00,,-26.541
1997-06-05 07:00:00,,-26.539
1997-06-05 07:20:00,,-26.529
1997-06-05 07:40:00,,-26.535
1997-06-05 08:00:00,,-26.559
1997-06-05 08:20:00,,-26.577
1997-06-05 08:40:00,,-26.595
1997-06-05 09:00:00,,-26.614
1997-06-05 09:20:00,,-26.633
1997-06-05 09:40:00,,-26.65
1997-06-05 10:00:00,,-26.666
1997-06-05 10:20:00,,-26.681
1997-06-05 10:40:00,,-26.695
1997-06-05 11:00:00,,-26.707
1997-06-05 11:20:00,,-26.716
1997-06-05 11:40:00,,-26.72
1997-06-05 13:00:00,,-26.72
1997-06-05 13:20:00,,-26.719
1997-06-05 13:40:00,,-26.716
1997-06-05 14:00:00,,-26.712
1997-06-05 14:20:00,,-26.695
1997-06-05 14:40:00,,-26.663
1997-06-05 15:00:00,,-26.642
1997-06-05 15:20:00,,-26.626
1997-06-05 15:40:00,,-26.614
1997-06-05 16:00:00,,-26.606
1997-06-05 16:20:00,,-26.6
1997-06-05 16:40:00,,-26.597
1997-06-05 17:00:00,,-26.595
1997-06-05 17:20:00,,-26.594
1997-06-05 17:40:00,,-26.593
1997-06-05 19:00:00,,-26.593
1997-06-05 19:20:00,,-26.596
1997-06-05 21:00:00,,-26.616
1997-06-05 21:20:00,,-26.621
1997-06-05 21:40:00,,-26.624
1997-06-05 22:00:00,,-26.628
1997-06-05 22:20:00,,-26.632
1997-06-05 22:40:00,,-26.635
1997-06-05 23:00:00,,-26.638
1997-06-05 23:20:00,,-26.642
1997-06-05 23:40:00,,-26.644
1997-06-06 00:00:00,,-26.646
1997-06-06 00:20:00,,-26.649
1997-06-06 00:40:00,,-26.65
1997-06-06 01:00:00,,-26.652
1997-06-06 01:20:00,,-26.654
1997-06-06 01:40:00,,-26.655
1997-06-06 02:00:00,,-26.655
1997-06-06 02:20:00,,-26.656
1997-06-06 03:00:00,,-26.656
1997-06-06 04:40:00,,-26.659
1997-06-06 06:00:00,,-26.663
1997-06-06 07:40:00,,-26.676
1997-06-06 08:00:00,,-26.68
1997-06-06 08:20:00,,-26.683
1997-06-06 08:40:00,,-26.686
1997-06-06 09:00:00,,-26.689
1997-06-06 09:20:00,,-26.692
1997-06-06 09:40:00,,-26.702
1997-06-06 10:00:00,,-26.735
1997-06-06 10:20:00,,-26.76
1997-06-06 10:40:00,,-26.778
1997-06-06 11:00:00,,-26.792
1997-06-06 11:20:00,,-26.805
1997-06-06 11:40:00,,-26.815
1997-06-06 12:00:00,,-26.825
1997-06-06 12:20:00,,-26.834
1997-06-06 12:40:00,,-26.841
1997-06-06 13:00:00,,-26.847
1997-06-06 13:20:00,,-26.853
1997-06-06 13:40:00,,-26.857
1997-06-06 14:00:00,,-26.862
1997-06-06 14:20:00,,-26.865
1997-06-06 14:40:00,,-26.869
1997-06-06 15:00:00,,-26.873
1997-06-06 15:20:00,,-26.876
1997-06-06 15:40:00,,-26.878
1997-06-06 16:00:00,,-26.883
1997-06-06 16:20:00,,-26.887
1997-06-06 16:40:00,,-26.89
1997-06-06 17:00:00,,-26.895
1997-06-06 17:20:00,,-26.899
1997-06-06 17:40:00,,-26.903
1997-06-06 18:00:00,,-26.909
1997-06-06 18:20:00,,-26.896
1997-06-06 18:40:00,,-26.873
1997-06-06 19:00:00,,-26.858
1997-06-06 19:20:00,,-26.846
1997-06-06 19:40:00,,-26.836
1997-06-06 20:00:00,,-26.827
1997-06-06 20:20:00,,-26.819
1997-06-06 20:40:00,,-26.812
1997-06-06 21:00:00,,-26.806
1997-06-06 21:20:00,,-26.8
1997-06-06 21:40:00,,-26.793
1997-06-06 22:00:00,,-26.788
1997-06-06 22:20:00,,-26.781
1997-06-06 22:40:00,,-26.776
1997-06-06 23:00:00,,-26.771
1997-06-06 23:20:00,,-26.765
1997-06-06 23:40:00,,-26.758
1997-06-07 00:00:00,,-26.753
1997-06-07 01:20:00,,-26.728
1997-06-07 01:40:00,,-26.722
1997-06-07 02:00:00,,-26.716
1997-06-07 02:20:00,,-26.71
1997-06-07 02:40:00,,-26.705
1997-06-07 03:00:00,,-26.7
1997-06-07 04:20:00,,-26.685
1997-06-07 05:40:00,,-26.672
1997-06-07 06:00:00,,-26.669
1997-06-07 06:20:00,,-26.668
1997-06-07 06:40:00,,-26.666
1997-06-07 08:00:00,,-26.659
1997-06-07 08:20:00,,-26.69
1997-06-07 08:40:00,,-26.718
1997-06-07 09:00:00,,-26.742
1997-06-07 09:20:00,,-26.764
1997-06-07 09:40:00,,-26.784
1997-06-07 10:00:00,,-26.803
1997-06-07 10:20:00,,-26.818
1997-06-07 10:40:00,,-26.834
1997-06-07 11:00:00,,-26.847
1997-06-07 11:20:00,,-26.856
1997-06-07 11:40:00,,-26.862
1997-06-07 12:00:00,,-26.863
1997-06-07 12:20:00,,-26.863
1997-06-07 12:40:00,,-26.864
1997-06-07 13:00:00,,-26.869
1997-06-07 13:20:00,,-26.877
1997-06-07 13:40:00,,-26.884
1997-06-07 14:00:00,,-26.891
1997-06-07 14:20:00,,-26.897
1997-06-07 14:40:00,,-26.904
1997-06-07 15:00:00,,-26.908
1997-06-07 15:20:00,,-26.913
1997-06-07 15:40:00,,-26.917
1997-06-07 17:00:00,,-26.93
1997-06-07 17:20:00,,-26.934
1997-06-07 17:40:00,,-26.936
1997-06-07 18:00:00,,-26.939
1997-06-07 18:20:00,,-26.944
1997-06-07 18:40:00,,-26.931
1997-06-07 19:00:00,,-26.905
1997-06-07 19:20:00,,-26.883
1997-06-07 19:40:00,,-26.864
1997-06-07 20:00:00,,-26.847
1997-06-07 20:20:00,,-26.832
1997-06-07 20:40:00,,-26.818
1997-06-07 21:00:00,,-26.807
1997-06-07 21:20:00,,-26.796
1997-06-07 21:40:00,,-26.787
1997-06-07 22:00:00,,-26.778
1997-06-07 22:20:00,,-26.769
1997-06-07 22:40:00,,-26.762
1997-06-07 23:00:00,,-26.755
1997-06-07 23:20:00,,-26.747
1997-06-07 23:40:00,,-26.741
1997-06-08 00:00:00,,-26.733
1997-06-08 00:20:00,,-26.727
1997-06-08 00:40:00,,-26.721
1997-06-08 01:00:00,,-26.716
1997-06-08 01:20:00,,-26.71
1997-06-08 01:40:00,,-26.703
1997-06-08 02:00:00,,-26.698
1997-06-08 02:20:00,,-26.692
1997-06-08 02:40:00,,-26.685
1997-06-08 03:00:00,,-26.68
1997-06-08 03:20:00,,-26.673
1997-06-08 03:40:00,,-26.668
1997-06-08 04:00:00,,-26.662
1997-06-08 04:20:00,,-26.658
1997-06-08 04:40:00,,-26.653
1997-06-08 05:00:00,,-26.648
1997-06-08 05:20:00,,-26.643
1997-06-08 05:40:00,,-26.639
1997-06-08 06:00:00,,-26.635
1997-06-08 06:20:00,,-26.631
1997-06-08 06:40:00,,-26.628
1997-06-08 07:00:00,,-26.624
1997-06-08 07:20:00,,-26.621
1997-06-08 08:00:00,,-26.621
1997-06-08 08:20:00,,-26.622
1997-06-08 08:40:00,,-26.63
1997-06-08 09:00:00,,-26.638
1997-06-08 09:20:00,,-26.647
1997-06-08 09:40:00,,-26.655
1997-06-08 10:00:00,,-26.662
1997-06-08 10:20:00,,-26.668
1997-06-08 10:40:00,,-26.674
1997-06-08 12:00:00,,-26.693
1997-06-08 12:20:00,,-26.696
1997-06-08 12:40:00,,-26.7
1997-06-08 13:40:00,,-26.7
1997-06-08 14:00:00,,-26.692
1997-06-08 14:20:00,,-26.682
1997-06-08 14:40:00,,-26.673
1997-06-08 15:00:00,,-26.667
1997-06-08 15:20:00,,-26.659
1997-06-08 15:40:00,,-26.653
1997-06-08 16:00:00,,-26.649
1997-06-08 16:20:00,,-26.646
1997-06-08 16:40:00,,-26.643
1997-06-08 17:00:00,,-26.642
1997-06-08 17:40:00,,-26.642
1997-06-08 18:00:00,,-26.641
1997-06-08 19:00:00,,-26.641
1997-06-08 19:20:00,,-26.642
1997-06-08 19:40:00,,-26.643
1997-06-08 20:00:00,,-26.643
1997-06-08 20:20:00,,-26.644
1997-06-08 22:00:00,,-26.644
1997-06-08 22:20:00,,-26.643
1997-06-08 22:40:00,,-26.64
1997-06-08 23:00:00,,-26.637
1997-06-08 23:20:00,,-26.635
1997-06-08 23:40:00,,-26.632
1997-06-09 00:00:00,,-26.628
1997-06-09 00:20:00,,-26.624
1997-06-09 00:40:00,,-26.623
1997-06-09 01:00:00,,-26.618
1997-06-09 01:20:00,,-26.614
1997-06-09 01:40:00,,-26.612
1997-06-09 02:00:00,,-26.608
1997-06-09 02:20:00,,-26.604
1997-06-09 02:40:00,,-26.6
1997-06-09 03:00:00,,-26.597
1997-06-09 03:20:00,,-26.592
1997-06-09 03:40:00,,-26.588
1997-06-09 04:00:00,,-26.585
1997-06-09 04:20:00,,-26.581
1997-06-09 04:40:00,,-26.576
1997-06-09 05:00:00,,-26.572
1997-06-09 05:20:00,,-26.569
1997-06-09 05:40:00,,-26.565
1997-06-09 06:00:00,,-26.561
1997-06-09 06:20:00,,-26.557
1997-06-09 08:20:00,,-26.542
1997-06-09 08:40:00,,-26.541
1997-06-09 09:00:00,,-26.539
1997-06-09 09:20:00,,-26.536
1997-06-09 09:40:00,,-26.556
1997-06-09 10:00:00,,-26.572
1997-06-09 10:20:00,,-26.565
1997-06-09 10:40:00,,-26.557
1997-06-09 11:00:00,,-26.55
1997-06-09 11:20:00,,-26.545
1997-06-09 11:40:00,,-26.541
1997-06-09 12:00:00,,-26.564
1997-06-09 12:20:00,,-26.582
1997-06-09 12:40:00,,-26.595
1997-06-09 13:00:00,,-26.606
1997-06-09 13:40:00,,-26.606
1997-06-09 14:00:00,,-26.611
1997-06-09 14:20:00,,-26.61
1997-06-09 14:40:00,,-26.587
1997-06-09 15:00:00,,-26.572
1997-06-09 15:20:00,,-26.559
1997-06-09 15:40:00,,-26.549
1997-06-09 16:00:00,,-26.541
1997-06-09 16:20:00,,-26.557
1997-06-09 16:40:00,,-26.575
1997-06-09 17:00:00,,-26.586
1997-06-09 17:20:00,,-26.595
1997-06-09 17:40:00,,-26.601
1997-06-09 18:00:00,,-26.606
1997-06-09 18:20:00,,-26.61
1997-06-09 18:40:00,,-26.614
1997-06-09 19:00:00,,-26.616
1997-06-09 19:20:00,,-26.619
1997-06-09 19:40:00,,-26.621
1997-06-09 20:00:00,,-26.618
1997-06-09 20:20:00,,-26.593
1997-06-09 20:40:00,,-26.575
1997-06-09 21:00:00,,-26.563
1997-06-09 21:20:00,,-26.554
1997-06-09 21:40:00,,-26.547
1997-06-09 22:00:00,,-26.541
1997-06-09 22:20:00,,-26.536
1997-06-09 22:40:00,,-26.532
1997-06-09 23:00:00,,-26.528
1997-06-09 23:20:00,,-26.525
1997-06-09 23:40:00,,-26.522
1997-06-10 00:00:00,,-26.519
1997-06-10 00:20:00,,-26.516
1997-06-10 00:40:00,,-26.514
1997-06-10 01:00:00,,-26.51
1997-06-10 01:20:00,,-26.508
1997-06-10 01:40:00,,-26.504
1997-06-10 02:00:00,,-26.501
1997-06-10 02:20:00,,-26.5
1997-06-10 02:40:00,,-26.498
1997-06-10 03:00:00,,-26.495
1997-06-10 03:20:00,,-26.493
1997-06-10 03:40:00,,-26.493
1997-06-10 04:00:00,,-26.492
1997-06-10 05:20:00,,-26.487
1997-06-10 05:40:00,,-26.485
1997-06-10 07:00:00,,-26.483
1997-06-10 07:40:00,,-26.483
1997-06-10 08:00:00,,-26.481
1997-06-10 08:20:00,,-26.487
1997-06-10 08:40:00,,-26.487
1997-06-10 09:00:00,,-26.49
1997-06-10 10:00:00,,-26.49
1997-06-10 10:20:00,,-26.488
1997-06-10 10:40:00,,-26.486
1997-06-10 11:00:00,,-26.484
1997-06-10 11:20:00,,-26.483
1997-06-10 12:40:00,,-26.483
1997-06-10 13:00:00,,-26.485
1997-06-10 13:20:00,,-26.49
1997-06-10 15:00:00,,-26.51
1997-06-10 15:20:00,,-26.513
1997-06-10 15:40:00,,-26.516
1997-06-10 16:00:00,,-26.52
1997-06-10 16:20:00,,-26.552
1997-06-10 16:40:00,,-26.553
1997-06-10 17:00:00,,-26.553
1997-06-10 17:20:00,,-26.576
1997-06-10 17:40:00,,-26.6
1997-06-10 18:00:00,,-26.618
1997-06-10 18:20:00,,-26.632
1997-06-10 18:40:00,,-26.644
1997-06-10 19:00:00,,-26.655
1997-06-10 19:20:00,,-26.664
1997-06-10 19:40:00,,-26.674
1997-06-10 20:00:00,,-26.682
1997-06-10 20:20:00,,-26.69
1997-06-10 20:40:00,,-26.697
1997-06-10 21:00:00,,-26.704
1997-06-10 21:20:00,,-26.712
1997-06-10 21:40:00,,-26.719
1997-06-10 22:00:00,,-26.725
1997-06-10 22:20:00,,-26.731
1997-06-10 22:40:00,,-26.736
1997-06-10 23:00:00,,-26.74
1997-06-10 23:20:00,,-26.743
1997-06-10 23:40:00,,-26.744
1997-06-11 02:20:00,,-26.744
1997-06-11 02:40:00,,-26.743
1997-06-11 03:00:00,,-26.74
1997-06-11 03:20:00,,-26.738
1997-06-11 03:40:00,,-26.736
1997-06-11 04:00:00,,-26.735
1997-06-11 04:20:00,,-26.733
1997-06-11 04:40:00,,-26.73
1997-06-11 05:00:00,,-26.727
1997-06-11 05:20:00,,-26.723
1997-06-11 05:40:00,,-26.721
1997-06-11 06:00:00,,-26.718
1997-06-11 07:20:00,,-26.712
1997-06-11 07:40:00,,-26.712
1997-06-11 08:00:00,,-26.714
1997-06-11 08:20:00,,-26.724
1997-06-11 08:40:00,,-26.733
1997-06-11 09:00:00,,-26.742
1997-06-11 09:20:00,,-26.748
1997-06-11 09:40:00,,-26.756
1997-06-11 11:00:00,,-26.777
1997-06-11 12:20:00,,-26.794
1997-06-11 12:40:00,,-26.799
1997-06-11 13:00:00,,-26.803
1997-06-11 13:20:00,,-26.806
1997-06-11 13:40:00,,-26.811
1997-06-11 14:00:00,,-26.814
1997-06-11 14:20:00,,-26.817
1997-06-11 14:40:00,,-26.82
1997-06-11 16:20:00,,-26.83
1997-06-11 16:40:00,,-26.831
1997-06-11 17:00:00,,-26.833
1997-06-11 17:20:00,,-26.836
1997-06-11 17:40:00,,-26.81
1997-06-11 18:00:00,,-26.791
1997-06-11 18:20:00,,-26.777
1997-06-11 18:40:00,,-26.767
1997-06-11 19:00:00,,-26.76
1997-06-11 19:20:00,,-26.755
1997-06-11 19:40:00,,-26.75
1997-06-11 20:00:00,,-26.744
1997-06-11 21:20:00,,-26.731
1997-06-11 21:40:00,,-26.73
1997-06-11 22:00:00,,-26.726
1997-06-11 23:20:00,,-26.716
1997-06-11 23:40:00,,-26.713
1997-06-12 00:00:00,,-26.713
1997-06-12 00:20:00,,-26.711
1997-06-12 00:40:00,,-26.71
1997-06-12 01:00:00,,-26.71
1997-06-12 01:20:00,,-26.708
1997-06-12 01:40:00,,-26.708
1997-06-12 02:00:00,,-26.707
1997-06-12 03:20:00,,-26.702
1997-06-12 03:40:00,,-26.699
1997-06-12 04:00:00,,-26.698
1997-06-12 04:20:00,,-26.696
1997-06-12 04:40:00,,-26.694
1997-06-12 05:00:00,,-26.691
1997-06-12 05:20:00,,-26.688
1997-06-12 05:40:00,,-26.714
1997-06-12 06:00:00,,-26.736
1997-06-12 06:20:00,,-26.752
1997-06-12 06:40:00,,-26.763
1997-06-12 07:00:00,,-26.771
1997-06-12 07:20:00,,-26.775
1997-06-12 07:40:00,,-26.776
1997-06-12 08:20:00,,-26.776
1997-06-12 08:40:00,,-26.774
1997-06-12 09:00:00,,-26.769
1997-06-12 09:20:00,,-26.764
1997-06-12 09:40:00,,-26.76
1997-06-12 11:20:00,,-26.76
1997-06-12 11:40:00,,-26.762
1997-06-12 12:20:00,,-26.762
1997-06-12 12:40:00,,-26.764
1997-06-12 13:00:00,,-26.765
1997-06-12 13:20:00,,-26.766
1997-06-12 13:40:00,,-26.767
1997-06-12 14:00:00,,-26.768
1997-06-12 14:40:00,,-26.768
1997-06-12 15:00:00,,-26.767
1997-06-12 15:20:00,,-26.76
1997-06-12 15:40:00,,-26.756
1997-06-12 16:00:00,,-26.752
1997-06-12 16:20:00,,-26.747
1997-06-12 16:40:00,,-26.744
1997-06-12 17:00:00,,-26.741
1997-06-12 17:20:00,,-26.738
1997-06-12 17:40:00,,-26.734
1997-06-12 18:00:00,,-26.733
1997-06-12 18:20:00,,-26.729
1997-06-12 18:40:00,,-26.727
1997-06-12 19:00:00,,-26.726
1997-06-12 19:20:00,,-26.723
1997-06-12 21:00:00,,-26.716
1997-06-12 21:40:00,,-26.716
1997-06-12 22:00:00,,-26.715
1997-06-12 22:20:00,,-26.714
1997-06-12 23:00:00,,-26.714
1997-06-12 23:20:00,,-26.711
1997-06-12 23:40:00,,-26.71
1997-06-13 00:00:00,,-26.709
1997-06-13 00:20:00,,-26.707
1997-06-13 00:40:00,,-26.705
1997-06-13 01:00:00,,-26.704
1997-06-13 01:20:00,,-26.703
1997-06-13 01:40:00,,-26.702
1997-06-13 02:20:00,,-26.702
1997-06-13 02:40:00,,-26.701
1997-06-13 06:20:00,,-26.701
1997-06-13 06:40:00,,-26.703
1997-06-13 07:00:00,,-26.705
1997-06-13 07:20:00,,-26.709
1997-06-13 08:40:00,,-26.735
1997-06-13 09:00:00,,-26.742
1997-06-13 09:20:00,,-26.748
1997-06-13 10:40:00,,-26.772
1997-06-13 11:00:00,,-26.777
1997-06-13 12:20:00,,-26.791
1997-06-13 12:40:00,,-26.794
1997-06-13 13:00:00,,-26.796
1997-06-13 13:20:00,,-26.798
1997-06-13 13:40:00,,-26.801
1997-06-13 14:00:00,,-26.803
1997-06-13 14:20:00,,-26.808
1997-06-13 14:40:00,,-26.816
1997-06-13 15:00:00,,-26.826
1997-06-13 15:20:00,,-26.836
1997-06-13 15:40:00,,-26.842
1997-06-13 16:00:00,,-26.852
1997-06-13 17:20:00,,-26.904
1997-06-13 17:40:00,,-26.914
1997-06-13 18:00:00,,-26.926
1997-06-13 18:20:00,,-26.935
1997-06-13 18:40:00,,-26.942
1997-06-13 19:00:00,,-26.949
1997-06-13 19:20:00,,-26.955
1997-06-13 19:40:00,,-26.96
1997-06-13 20:00:00,,-26.965
1997-06-13 20:20:00,,-26.969
1997-06-13 20:40:00,,-26.972
1997-06-13 21:00:00,,-26.976
1997-06-13 22:40:00,,-26.988
1997-06-13 23:00:00,,-26.989
1997-06-13 23:20:00,,-26.992
1997-06-13 23:40:00,,-26.993
1997-06-14 00:00:00,,-26.994
1997-06-14 00:20:00,,-26.996
1997-06-14 00:40:00,,-26.997
1997-06-14 01:00:00,,-26.998
1997-06-14 02:20:00,,-27.006
1997-06-14 02:40:00,,-27.007
1997-06-14 03:00:00,,-27.009
1997-06-14 03:20:00,,-27.012
1997-06-14 03:40:00,,-27.013
1997-06-14 04:00:00,,-27.015
1997-06-14 05:40:00,,-27.025
1997-06-14 06:00:00,,-27.028
1997-06-14 06:20:00,,-27.031
1997-06-14 06:40:00,,-27.031
1997-06-14 07:00:00,,-27.032
1997-06-14 07:20:00,,-27.031
1997-06-14 07:40:00,,-27.023
1997-06-14 08:00:00,,-26.988
1997-06-14 08:20:00,,-26.95
1997-06-14 08:40:00,,-26.947
1997-06-14 09:40:00,,-26.947
1997-06-14 11:00:00,,-26.922
1997-06-14 11:20:00,,-26.917
1997-06-14 11:40:00,,-26.91
1997-06-14 12:00:00,,-26.904
1997-06-14 12:20:00,,-26.896
1997-06-14 12:40:00,,-26.893
1997-06-14 13:00:00,,-26.889
1997-06-14 13:20:00,,-26.884
1997-06-14 13:40:00,,-26.878
1997-06-14 14:00:00,,-26.873
1997-06-14 14:20:00,,-26.871
1997-06-14 14:40:00,,-26.843
1997-06-14 15:00:00,,-26.815
1997-06-14 15:20:00,,-26.791
1997-06-14 15:40:00,,-26.776
1997-06-14 16:00:00,,-26.763
1997-06-14 16:20:00,,-26.752
1997-06-14 16:40:00,,-26.742
1997-06-14 17:00:00,,-26.732
1997-06-14 17:20:00,,-26.725
1997-06-14 17:40:00,,-26.718
1997-06-14 18:00:00,,-26.713
1997-06-14 18:20:00,,-26.706
1997-06-14 18:40:00,,-26.7
1997-06-14 19:00:00,,-26.696
1997-06-14 19:20:00,,-26.692
1997-06-14 19:40:00,,-26.687
1997-06-14 20:00:00,,-26.685
1997-06-14 20:20:00,,-26.68
1997-06-14 20:40:00,,-26.675
1997-06-14 21:00:00,,-26.671
1997-06-14 21:20:00,,-26.667
1997-06-14 21:40:00,,-26.663
1997-06-14 22:00:00,,-26.658
1997-06-14 22:20:00,,-26.654
1997-06-14 22:40:00,,-26.652
1997-06-14 23:00:00,,-26.647
1997-06-14 23:20:00,,-26.643
1997-06-14 23:40:00,,-26.638
1997-06-15 00:00:00,,-26.636
1997-06-15 00:20:00,,-26.631
1997-06-15 00:40:00,,-26.626
1997-06-15 01:00:00,,-26.623
1997-06-15 01:20:00,,-26.62
1997-06-15 01:40:00,,-26.616
1997-06-15 03:20:00,,-26.601
1997-06-15 03:40:00,,-26.597
1997-06-15 04:00:00,,-26.596
1997-06-15 04:20:00,,-26.593
1997-06-15 04:40:00,,-26.591
1997-06-15 06:00:00,,-26.585
1997-06-15 06:20:00,,-26.585
1997-06-15 06:40:00,,-26.583
1997-06-15 07:20:00,,-26.583
1997-06-15 07:40:00,,-26.579
1997-06-15 08:00:00,,-26.601
1997-06-15 08:20:00,,-26.623
1997-06-15 08:40:00,,-26.639
1997-06-15 09:00:00,,-26.649
1997-06-15 09:20:00,,-26.659
1997-06-15 09:40:00,,-26.665
1997-06-15 10:00:00,,-26.671
1997-06-15 10:20:00,,-26.674
1997-06-15 10:40:00,,-26.678
1997-06-15 11:00:00,,-26.68
1997-06-15 11:20:00,,-26.681
1997-06-15 11:40:00,,-26.682
1997-06-15 12:00:00,,-26.683
1997-06-15 12:20:00,,-26.684
1997-06-15 13:00:00,,-26.684
1997-06-15 13:20:00,,-26.685
1997-06-15 16:00:00,,-26.685
1997-06-15 16:20:00,,-26.686
1997-06-15 17:00:00,,-26.686
1997-06-15 17:20:00,,-26.69
1997-06-15 17:40:00,,-26.692
1997-06-15 18:00:00,,-26.694
1997-06-15 18:20:00,,-26.695
1997-06-15 18:40:00,,-26.697
1997-06-15 19:00:00,,-26.698
1997-06-15 19:20:00,,-26.701
1997-06-15 19:40:00,,-26.702
1997-06-15 20:00:00,,-26.704
1997-06-15 20:20:00,,-26.704
1997-06-15 20:40:00,,-26.706
1997-06-15 21:00:00,,-26.707
1997-06-15 21:20:00,,-26.708
1997-06-16 04:40:00,,-26.708
1997-06-16 05:00:00,,-26.709
1997-06-16 05:20:00,,-26.71
1997-06-16 05:40:00,,-26.713
1997-06-16 06:00:00,,-26.716
1997-06-16 06:20:00,,-26.719
1997-06-16 06:40:00,,-26.721
1997-06-16 07:00:00,,-26.723
1997-06-16 07:20:00,,-26.729
1997-06-16 07:40:00,,-26.741
1997-06-16 08:00:00,,-26.755
1997-06-16 08:20:00,,-26.769
1997-06-16 08:40:00,,-26.785
1997-06-16 09:00:00,,-26.798
1997-06-16 09:20:00,,-26.808
1997-06-16 09:40:00,,-26.819
1997-06-16 10:00:00,,-26.83
1997-06-16 10:20:00,,-26.841
1997-06-16 10:40:00,,-26.853
1997-06-16 11:00:00,,-26.864
1997-06-16 11:20:00,,-26.873
1997-06-16 11:40:00,,-26.878
1997-06-16 12:00:00,,-26.856
1997-06-16 12:20:00,,-26.834
1997-06-16 12:40:00,,-26.813
1997-06-16 13:00:00,,-26.793
1997-06-16 13:20:00,,-26.775
1997-06-16 13:40:00,,-26.759
1997-06-16 14:00:00,,-26.743
1997-06-16 14:20:00,,-26.73
1997-06-16 14:40:00,,-26.717
1997-06-16 15:00:00,,-26.706
1997-06-16 15:20:00,,-26.693
1997-06-16 15:40:00,,-26.683
1997-06-16 16:00:00,,-26.675
1997-06-16 16:20:00,,-26.666
1997-06-16 16:40:00,,-26.658
1997-06-16 17:00:00,,-26.651
1997-06-16 17:20:00,,-26.644
1997-06-16 17:40:00,,-26.637
1997-06-16 19:00:00,,-26.617
1997-06-16 19:20:00,,-26.613
1997-06-16 19:40:00,,-26.609
1997-06-16 21:00:00,,-26.597
1997-06-16 21:20:00,,-26.593
1997-06-16 21:40:00,,-26.589
1997-06-16 22:00:00,,-26.586
1997-06-16 22:20:00,,-26.582
1997-06-16 22:40:00,,-26.577
1997-06-16 23:00:00,,-26.574
1997-06-17 00:20:00,,-26.556
1997-06-17 00:40:00,,-26.552
1997-06-17 01:00:00,,-26.548
1997-06-17 01:20:00,,-26.543
1997-06-17 01:40:00,,-26.539
1997-06-17 02:00:00,,-26.536
1997-06-17 02:20:00,,-26.532
1997-06-17 02:40:00,,-26.528
1997-06-17 03:00:00,,-26.525
1997-06-17 03:20:00,,-26.521
1997-06-17 04:40:00,,-26.513
1997-06-17 05:00:00,,-26.51
1997-06-17 05:20:00,,-26.508
1997-06-17 05:40:00,,-26.507
1997-06-17 06:00:00,,-26.505
1997-06-17 06:20:00,,-26.505
1997-06-17 06:40:00,,-26.504
1997-06-17 07:00:00,,-26.503
1997-06-17 07:40:00,,-26.503
1997-06-17 08:00:00,,-26.501
1997-06-17 08:20:00,,-26.511
1997-06-17 08:40:00,,-26.537
1997-06-17 09:00:00,,-26.556
1997-06-17 09:20:00,,-26.568
1997-06-17 09:40:00,,-26.578
1997-06-17 10:00:00,,-26.586
1997-06-17 10:20:00,,-26.592
1997-06-17 10:40:00,,-26.598
1997-06-17 11:00:00,,-26.602
1997-06-17 11:20:00,,-26.606
1997-06-17 11:40:00,,-26.609
1997-06-17 12:00:00,,-26.612
1997-06-17 12:20:00,,-26.613
1997-06-17 12:40:00,,-26.613
1997-06-17 13:00:00,,-26.614
1997-06-17 14:40:00,,-26.614
1997-06-17 15:00:00,,-26.616
1997-06-17 15:20:00,,-26.618
1997-06-17 15:40:00,,-26.599
1997-06-17 16:00:00,,-26.589
1997-06-17 16:40:00,,-26.589
1997-06-17 17:00:00,,-26.594
1997-06-17 17:20:00,,-26.606
1997-06-17 17:40:00,,-26.618
1997-06-17 18:00:00,,-26.633
1997-06-17 19:40:00,,-26.698
1997-06-17 21:00:00,,-26.745
1997-06-17 22:20:00,,-26.783
1997-06-17 22:40:00,,-26.792
1997-06-17 23:00:00,,-26.8
1997-06-17 23:20:00,,-26.806
1997-06-17 23:40:00,,-26.814
1997-06-18 00:00:00,,-26.821
1997-06-18 00:20:00,,-26.827
1997-06-18 00:40:00,,-26.833
1997-06-18 01:00:00,,-26.839
1997-06-18 01:20:00,,-26.844
1997-06-18 01:40:00,,-26.849
1997-06-18 02:00:00,,-26.853
1997-06-18 02:20:00,,-26.859
1997-06-18 02:40:00,,-26.863
1997-06-18 03:00:00,,-26.867
1997-06-18 03:20:00,,-26.871
1997-06-18 05:00:00,,-26.894
1997-06-18 09:20:00,,-26.97
1997-06-18 09:40:00,,-26.975
1997-06-18 10:00:00,,-26.98
1997-06-18 10:20:00,,-26.985
1997-06-18 10:40:00,,-26.989
1997-06-18 11:00:00,,-26.994
1997-06-18 11:20:00,,-26.997
1997-06-18 11:40:00,,-27.001
1997-06-18 12:00:00,,-27.004
1997-06-18 12:20:00,,-27.006
1997-06-18 12:40:00,,-27.008
1997-06-18 13:00:00,,-27.009
1997-06-18 13:20:00,,-27.011
1997-06-18 13:40:00,,-27.012
1997-06-18 14:20:00,,-27.012
1997-06-18 14:40:00,,-27.003
1997-06-18 15:00:00,,-26.992
1997-06-18 15:20:00,,-26.982
1997-06-18 15:40:00,,-26.971
1997-06-18 16:00:00,,-26.962
1997-06-18 17:20:00,,-26.934
1997-06-18 17:40:00,,-26.931
1997-06-18 18:00:00,,-26.926
1997-06-18 18:20:00,,-26.923
1997-06-18 18:40:00,,-26.92
1997-06-18 19:00:00,,-26.918
1997-06-18 19:20:00,,-26.915
1997-06-18 19:40:00,,-26.913
1997-06-18 20:00:00,,-26.912
1997-06-18 20:20:00,,-26.91
1997-06-18 20:40:00,,-26.909
1997-06-18 22:00:00,,-26.897
1997-06-18 22:20:00,,-26.889
1997-06-18 22:40:00,,-26.882
1997-06-18 23:00:00,,-26.875
1997-06-18 23:20:00,,-26.867
1997-06-18 23:40:00,,-26.858
1997-06-19 00:00:00,,-26.85
1997-06-19 00:20:00,,-26.84
1997-06-19 00:40:00,,-26.83
1997-06-19 01:00:00,,-26.822
1997-06-19 01:20:00,,-26.812
1997-06-19 01:40:00,,-26.802
1997-06-19 02:00:00,,-26.792
1997-06-19 02:20:00,,-26.783
1997-06-19 02:40:00,,-26.773
1997-06-19 03:00:00,,-26.766
1997-06-19 03:20:00,,-26.759
1997-06-19 03:40:00,,-26.752
1997-06-19 04:00:00,,-26.746
1997-06-19 04:20:00,,-26.739
1997-06-19 04:40:00,,-26.734
1997-06-19 05:00:00,,-26.73
1997-06-19 05:20:00,,-26.725
1997-06-19 05:40:00,,-26.72
1997-06-19 06:00:00,,-26.717
1997-06-19 06:20:00,,-26.714
1997-06-19 06:40:00,,-26.71
1997-06-19 08:00:00,,-26.702
1997-06-19 08:20:00,,-26.699
1997-06-19 08:40:00,,-26.723
1997-06-19 09:00:00,,-26.744
1997-06-19 09:20:00,,-26.757
1997-06-19 09:40:00,,-26.768
1997-06-19 10:00:00,,-26.775
1997-06-19 10:20:00,,-26.781
1997-06-19 10:40:00,,-26.785
1997-06-19 11:00:00,,-26.788
1997-06-19 11:20:00,,-26.791
1997-06-19 11:40:00,,-26.792
1997-06-19 12:00:00,,-26.793
1997-06-19 14:00:00,,-26.793
1997-06-19 14:20:00,,-26.791
1997-06-19 14:40:00,,-26.789
1997-06-19 15:00:00,,-26.788
1997-06-19 15:40:00,,-26.788
1997-06-19 16:00:00,,-26.79
1997-06-19 16:20:00,,-26.799
1997-06-19 16:40:00,,-26.808
1997-06-19 17:00:00,,-26.817
1997-06-19 17:20:00,,-26.828
1997-06-19 17:40:00,,-26.838
1997-06-19 19:00:00,,-26.875
1997-06-19 19:20:00,,-26.884
1997-06-19 19:40:00,,-26.894
1997-06-19 20:00:00,,-26.903
1997-06-19 20:20:00,,-26.91
1997-06-19 20:40:00,,-26.918
1997-06-19 21:00:00,,-26.925
1997-06-19 21:20:00,,-26.931
1997-06-19 21:40:00,,-26.937
1997-06-19 22:00:00,,-26.944
1997-06-19 22:20:00,,-26.949
1997-06-19 22:40:00,,-26.954
1997-06-20 00:00:00,,-26.967
1997-06-20 00:20:00,,-26.971
1997-06-20 00:40:00,,-26.973
1997-06-20 01:00:00,,-26.975
1997-06-20 01:20:00,,-26.978
1997-06-20 01:40:00,,-26.979
1997-06-20 02:00:00,,-26.981
1997-06-20 02:20:00,,-26.983
1997-06-20 02:40:00,,-26.984
1997-06-20 03:00:00,,-26.984
1997-06-20 03:20:00,,-26.985
1997-06-20 03:40:00,,-26.988
1997-06-20 04:00:00,,-26.98
1997-06-20 04:20:00,,-26.968
1997-06-20 04:40:00,,-26.946
1997-06-20 05:00:00,,-26.93
1997-06-20 05:20:00,,-26.93
1997-06-20 05:40:00,,-26.924
1997-06-20 06:00:00,,-26.914
1997-06-20 06:20:00,,-26.907
1997-06-20 06:40:00,,-26.912
1997-06-20 07:00:00,,-26.911
1997-06-20 07:20:00,,-26.905
1997-06-20 07:40:00,,-26.899
1997-06-20 08:00:00,,-26.889
1997-06-20 08:20:00,,-26.876
1997-06-20 08:40:00,,-26.876
1997-06-20 09:00:00,,-26.882
1997-06-20 09:20:00,,-26.893
1997-06-20 09:40:00,,-26.9
1997-06-20 10:00:00,,-26.905
1997-06-20 11:20:00,,-26.919
1997-06-20 11:40:00,,-26.92
1997-06-20 12:00:00,,-26.922
1997-06-20 12:20:00,,-26.924
1997-06-20 12:40:00,,-26.925
1997-06-20 13:00:00,,-26.928
1997-06-20 14:20:00,,-26.934
1997-06-20 14:40:00,,-26.935
1997-06-20 15:00:00,,-26.937
1997-06-20 15:20:00,,-26.938
1997-06-20 15:40:00,,-26.94
1997-06-20 16:00:00,,-26.942
1997-06-20 16:20:00,,-26.945
1997-06-20 17:40:00,,-26.948
1997-06-20 18:40:00,,-26.948
1997-06-20 19:00:00,,-26.932
1997-06-20 19:20:00,,-26.903
1997-06-20 19:40:00,,-26.882
1997-06-20 20:00:00,,-26.866
1997-06-20 20:20:00,,-26.853
1997-06-20 20:40:00,,-26.842
1997-06-20 21:00:00,,-26.832
1997-06-20 21:20:00,,-26.822
1997-06-20 21:40:00,,-26.814
1997-06-20 22:00:00,,-26.806
1997-06-20 22:20:00,,-26.799
1997-06-20 22:40:00,,-26.791
1997-06-20 23:00:00,,-26.784
1997-06-20 23:20:00,,-26.778
1997-06-20 23:40:00,,-26.771
1997-06-21 00:00:00,,-26.764
1997-06-21 00:20:00,,-26.756
1997-06-21 01:40:00,,-26.728
1997-06-21 02:00:00,,-26.72
1997-06-21 02:20:00,,-26.714
1997-06-21 02:40:00,,-26.706
1997-06-21 03:00:00,,-26.7
1997-06-21 03:20:00,,-26.694
1997-06-21 03:40:00,,-26.686
1997-06-21 04:00:00,,-26.68
1997-06-21 04:20:00,,-26.674
1997-06-21 04:40:00,,-26.668
1997-06-21 06:00:00,,-26.649
1997-06-21 06:20:00,,-26.646
1997-06-21 06:40:00,,-26.64
1997-06-21 07:00:00,,-26.64
1997-06-21 07:20:00,,-26.638
1997-06-21 07:40:00,,-26.636
1997-06-21 08:00:00,,-26.634
1997-06-21 08:20:00,,-26.631
1997-06-21 08:40:00,,-26.629
1997-06-21 09:00:00,,-26.626
1997-06-21 09:20:00,,-26.626
1997-06-21 09:40:00,,-26.624
1997-06-21 11:20:00,,-26.624
1997-06-21 11:40:00,,-26.625
1997-06-21 12:00:00,,-26.629
1997-06-21 12:20:00,,-26.634
1997-06-21 12:40:00,,-26.64
1997-06-21 15:00:00,,-26.651
1997-06-21 15:20:00,,-26.651
1997-06-21 15:40:00,,-26.652
1997-06-21 16:00:00,,-26.654
1997-06-21 16:20:00,,-26.656
1997-06-21 16:40:00,,-26.658
1997-06-21 17:00:00,,-26.661
1997-06-21 17:20:00,,-26.663
1997-06-21 17:40:00,,-26.666
1997-06-21 18:00:00,,-26.67
1997-06-21 18:20:00,,-26.672
1997-06-21 18:40:00,,-26.676
1997-06-21 19:00:00,,-26.68
1997-06-21 19:20:00,,-26.683
1997-06-21 19:40:00,,-26.687
1997-06-21 20:00:00,,-26.692
1997-06-21 20:20:00,,-26.695
1997-06-21 20:40:00,,-26.698
1997-06-21 21:00:00,,-26.702
1997-06-21 21:20:00,,-26.704
1997-06-21 21:40:00,,-26.705
1997-06-21 22:00:00,,-26.706
1997-06-21 23:40:00,,-26.706
1997-06-22 01:00:00,,-26.688
1997-06-22 01:20:00,,-26.682
1997-06-22 01:40:00,,-26.676
1997-06-22 03:00:00,,-26.655
1997-06-22 03:20:00,,-26.649
1997-06-22 03:40:00,,-26.645
1997-06-22 04:00:00,,-26.641
1997-06-22 04:20:00,,-26.636
1997-06-22 04:40:00,,-26.634
1997-06-22 05:00:00,,-26.629
1997-06-22 05:20:00,,-26.625
1997-06-22 05:40:00,,-26.621
1997-06-22 06:00:00,,-26.618
1997-06-22 06:20:00,,-26.615
1997-06-22 06:40:00,,-26.612
1997-06-22 08:00:00,,-26.607
1997-06-22 08:20:00,,-26.606
1997-06-22 08:40:00,,-26.602
1997-06-22 09:20:00,,-26.602
1997-06-22 09:40:00,,-26.621
1997-06-22 10:00:00,,-26.645
1997-06-22 10:20:00,,-26.661
1997-06-22 10:40:00,,-26.674
1997-06-22 11:00:00,,-26.672
1997-06-22 11:20:00,,-26.652
1997-06-22 11:40:00,,-26.636
1997-06-22 12:00:00,,-26.643
1997-06-22 12:20:00,,-26.66
1997-06-22 12:40:00,,-26.672
1997-06-22 13:00:00,,-26.68
1997-06-22 13:20:00,,-26.685
1997-06-22 13:40:00,,-26.689
1997-06-22 14:00:00,,-26.686
1997-06-22 15:00:00,,-26.686
1997-06-22 15:20:00,,-26.687
1997-06-22 18:00:00,,-26.687
1997-06-22 18:20:00,,-26.666
1997-06-22 18:40:00,,-26.64
1997-06-22 19:00:00,,-26.623
1997-06-22 19:20:00,,-26.611
1997-06-22 19:40:00,,-26.601
1997-06-22 20:00:00,,-26.594
1997-06-22 20:20:00,,-26.588
1997-06-22 20:40:00,,-26.582
1997-06-22 21:00:00,,-26.577
1997-06-22 23:00:00,,-26.559
1997-06-22 23:20:00,,-26.557
1997-06-22 23:40:00,,-26.553
1997-06-23 00:00:00,,-26.551
1997-06-23 00:20:00,,-26.549
1997-06-23 00:40:00,,-26.545
1997-06-23 01:00:00,,-26.542
1997-06-23 01:20:00,,-26.539
1997-06-23 01:40:00,,-26.536
1997-06-23 02:00:00,,-26.533
1997-06-23 03:40:00,,-26.513
1997-06-23 04:00:00,,-26.51
1997-06-23 04:20:00,,-26.505
1997-06-23 04:40:00,,-26.501
1997-06-23 06:00:00,,-26.489
1997-06-23 07:20:00,,-26.48
1997-06-23 07:40:00,,-26.479
1997-06-23 08:00:00,,-26.477
1997-06-23 08:40:00,,-26.477
1997-06-23 09:00:00,,-26.488
1997-06-23 09:20:00,,-26.523
1997-06-23 09:40:00,,-26.529
1997-06-23 10:00:00,,-26.536
1997-06-23 10:20:00,,-26.545
1997-06-23 10:40:00,,-26.553
1997-06-23 11:00:00,,-26.561
1997-06-23 11:20:00,,-26.568
1997-06-23 11:40:00,,-26.574
1997-06-23 12:00:00,,-26.58
1997-06-23 12:20:00,,-26.586
1997-06-23 12:40:00,,-26.589
1997-06-23 13:20:00,,-26.589
1997-06-23 13:40:00,,-26.58
1997-06-23 14:00:00,,-26.571
1997-06-23 14:20:00,,-26.563
1997-06-23 14:40:00,,-26.553
1997-06-23 15:00:00,,-26.544
1997-06-23 15:20:00,,-26.537
1997-06-23 15:40:00,,-26.53
1997-06-23 16:00:00,,-26.522
1997-06-23 16:20:00,,-26.516
1997-06-23 16:40:00,,-26.51
1997-06-23 17:00:00,,-26.504
1997-06-23 17:20:00,,-26.499
1997-06-23 17:40:00,,-26.495
1997-06-23 18:00:00,,-26.492
1997-06-23 18:20:00,,-26.488
1997-06-23 18:40:00,,-26.483
1997-06-23 19:00:00,,-26.48
1997-06-23 19:20:00,,-26.477
1997-06-23 19:40:00,,-26.474
1997-06-23 20:00:00,,-26.472
1997-06-23 20:20:00,,-26.469
1997-06-23 20:40:00,,-26.468
1997-06-23 21:00:00,,-26.467
1997-06-23 22:20:00,,-26.461
1997-06-23 22:40:00,,-26.46
1997-06-23 23:00:00,,-26.459
1997-06-23 23:20:00,,-26.456
1997-06-23 23:40:00,,-26.456
1997-06-24 00:00:00,,-26.455
1997-06-24 00:20:00,,-26.454
1997-06-24 00:40:00,,-26.453
1997-06-24 01:00:00,,-26.452
1997-06-24 01:20:00,,-26.45
1997-06-24 01:40:00,,-26.448
1997-06-24 02:00:00,,-26.446
1997-06-24 02:20:00,,-26.443
1997-06-24 02:40:00,,-26.441
1997-06-24 04:00:00,,-26.432
1997-06-24 04:20:00,,-26.429
1997-06-24 04:40:00,,-26.426
1997-06-24 06:20:00,,-26.414
1997-06-24 06:40:00,,-26.412
1997-06-24 07:00:00,,-26.409
1997-06-24 07:20:00,,-26.408
1997-06-24 07:40:00,,-26.405
1997-06-24 08:00:00,,-26.42
1997-06-24 08:20:00,,-26.446
1997-06-24 08:40:00,,-26.457
1997-06-24 09:00:00,,-26.446
1997-06-24 09:20:00,,-26.436
1997-06-24 09:40:00,,-26.431
1997-06-24 10:00:00,,-26.426
1997-06-24 10:20:00,,-26.421
1997-06-24 10:40:00,,-26.439
1997-06-24 11:00:00,,-26.46
1997-06-24 11:20:00,,-26.475
1997-06-24 11:40:00,,-26.484
1997-06-24 12:00:00,,-26.47
1997-06-24 12:20:00,,-26.454
1997-06-24 12:40:00,,-26.442
1997-06-24 13:00:00,,-26.434
1997-06-24 13:20:00,,-26.428
1997-06-24 13:40:00,,-26.422
1997-06-24 14:00:00,,-26.418
1997-06-24 14:20:00,,-26.413
1997-06-24 14:40:00,,-26.41
1997-06-24 15:00:00,,-26.409
1997-06-24 15:40:00,,-26.409
1997-06-24 16:00:00,,-26.413
1997-06-24 18:00:00,,-26.413
1997-06-24 18:20:00,,-26.416
1997-06-24 18:40:00,,-26.419
1997-06-24 19:00:00,,-26.423
1997-06-24 19:20:00,,-26.428
1997-06-24 19:40:00,,-26.433
1997-06-24 20:00:00,,-26.439
1997-06-24 20:20:00,,-26.444
1997-06-24 20:40:00,,-26.449
1997-06-24 21:00:00,,-26.456
1997-06-24 21:20:00,,-26.461
1997-06-24 21:40:00,,-26.466
1997-06-24 22:00:00,,-26.469
1997-06-24 22:20:00,,-26.473
1997-06-24 22:40:00,,-26.476
1997-06-24 23:00:00,,-26.478
1997-06-24 23:20:00,,-26.48
1997-06-25 01:40:00,,-26.48
1997-06-25 03:00:00,,-26.472
1997-06-25 03:20:00,,-26.471
1997-06-25 03:40:00,,-26.468
1997-06-25 04:00:00,,-26.467
1997-06-25 05:40:00,,-26.457
1997-06-25 06:00:00,,-26.456
1997-06-25 06:20:00,,-26.454
1997-06-25 06:40:00,,-26.452
1997-06-25 07:00:00,,-26.45
1997-06-25 07:20:00,,-26.448
1997-06-25 09:40:00,,-26.448
1997-06-25 10:00:00,,-26.469
1997-06-25 10:20:00,,-26.493
1997-06-25 10:40:00,,-26.51
1997-06-25 11:00:00,,-26.523
1997-06-25 11:20:00,,-26.531
1997-06-25 11:40:00,,-26.539
1997-06-25 12:00:00,,-26.544
1997-06-25 12:20:00,,-26.535
1997-06-25 12:40:00,,-26.539
1997-06-25 13:00:00,,-26.547
1997-06-25 13:20:00,,-26.553
1997-06-25 13:40:00,,-26.562
1997-06-25 14:00:00,,-26.573
1997-06-25 14:20:00,,-26.586
1997-06-25 14:40:00,,-26.599
1997-06-25 15:00:00,,-26.608
1997-06-25 15:20:00,,-26.612
1997-06-25 15:40:00,,-26.613
1997-06-25 17:20:00,,-26.613
1997-06-25 17:40:00,,-26.612
1997-06-25 18:00:00,,-26.611
1997-06-25 18:20:00,,-26.594
1997-06-25 18:40:00,,-26.565
1997-06-25 19:00:00,,-26.545
1997-06-25 19:20:00,,-26.53
1997-06-25 19:40:00,,-26.518
1997-06-25 20:00:00,,-26.509
1997-06-25 20:20:00,,-26.5
1997-06-25 20:40:00,,-26.493
1997-06-25 21:00:00,,-26.487
1997-06-25 21:20:00,,-26.482
1997-06-25 21:40:00,,-26.477
1997-06-25 22:00:00,,-26.471
1997-06-25 22:20:00,,-26.468
1997-06-25 22:40:00,,-26.464
1997-06-25 23:00:00,,-26.46
1997-06-25 23:20:00,,-26.456
1997-06-25 23:40:00,,-26.454
1997-06-26 00:00:00,,-26.45
1997-06-26 00:20:00,,-26.447
1997-06-26 03:00:00,,-26.433
1997-06-26 03:20:00,,-26.432
1997-06-26 06:00:00,,-26.416
1997-06-26 06:20:00,,-26.413
1997-06-26 07:40:00,,-26.407
1997-06-26 08:00:00,,-26.404
1997-06-26 08:20:00,,-26.417
1997-06-26 08:40:00,,-26.442
1997-06-26 09:00:00,,-26.459
1997-06-26 09:20:00,,-26.471
1997-06-26 09:40:00,,-26.48
1997-06-26 10:00:00,,-26.488
1997-06-26 10:20:00,,-26.493
1997-06-26 10:40:00,,-26.498
1997-06-26 11:00:00,,-26.502
1997-06-26 11:20:00,,-26.505
1997-06-26 11:40:00,,-26.507
1997-06-26 12:00:00,,-26.511
1997-06-26 12:20:00,,-26.513
1997-06-26 12:40:00,,-26.516
1997-06-26 13:00:00,,-26.518
1997-06-26 13:20:00,,-26.519
1997-06-26 13:40:00,,-26.52
1997-06-26 14:00:00,,-26.523
1997-06-26 14:20:00,,-26.524
1997-06-26 14:40:00,,-26.526
1997-06-26 15:00:00,,-26.524
1997-06-26 15:20:00,,-26.498
1997-06-26 15:40:00,,-26.496
1997-06-26 16:00:00,,-26.509
1997-06-26 16:20:00,,-26.52
1997-06-26 16:40:00,,-26.534
1997-06-26 17:00:00,,-26.549
1997-06-26 17:20:00,,-26.565
1997-06-26 17:40:00,,-26.58
1997-06-26 18:00:00,,-26.595
1997-06-26 18:20:00,,-26.608
1997-06-26 18:40:00,,-26.621
1997-06-26 19:00:00,,-26.632
1997-06-26 19:20:00,,-26.643
1997-06-26 19:40:00,,-26.632
1997-06-26 20:00:00,,-26.619
1997-06-26 20:20:00,,-26.612
1997-06-26 20:40:00,,-26.608
1997-06-26 21:00:00,,-26.606
1997-06-27 00:20:00,,-26.606
1997-06-27 00:40:00,,-26.607
1997-06-27 01:00:00,,-26.608
1997-06-27 02:20:00,,-26.615
1997-06-27 02:40:00,,-26.617
1997-06-27 03:00:00,,-26.619
1997-06-27 03:20:00,,-26.623
1997-06-27 03:40:00,,-26.636
1997-06-27 04:20:00,,-26.636
1997-06-27 04:40:00,,-26.644
1997-06-27 06:00:00,,-26.644
1997-06-27 06:20:00,,-26.653
1997-06-27 07:00:00,,-26.653
1997-06-27 07:20:00,,-26.667
1997-06-27 07:40:00,,-26.692
1997-06-27 08:00:00,,-26.706
1997-06-27 08:20:00,,-26.71
1997-06-27 08:40:00,,-26.711
1997-06-27 09:20:00,,-26.711
1997-06-27 09:40:00,,-26.709
1997-06-27 10:00:00,,-26.705
1997-06-27 10:20:00,,-26.7
1997-06-27 10:40:00,,-26.697
1997-06-27 11:00:00,,-26.692
1997-06-27 11:20:00,,-26.682
1997-06-27 11:40:00,,-26.647
1997-06-27 12:00:00,,-26.621
1997-06-27 12:20:00,,-26.6
1997-06-27 12:40:00,,-26.585
1997-06-27 13:00:00,,-26.57
1997-06-27 13:20:00,,-26.562
1997-06-27 13:40:00,,-26.573
1997-06-27 14:00:00,,-26.586
1997-06-27 14:20:00,,-26.593
1997-06-27 14:40:00,,-26.597
1997-06-27 16:00:00,,-26.603
1997-06-27 16:20:00,,-26.603
1997-06-27 16:40:00,,-26.604
1997-06-27 17:00:00,,-26.605
1997-06-27 17:20:00,,-26.588
1997-06-27 17:40:00,,-26.563
1997-06-27 18:00:00,,-26.546
1997-06-27 18:20:00,,-26.534
1997-06-27 18:40:00,,-26.524
1997-06-27 19:00:00,,-26.516
1997-06-27 19:20:00,,-26.51
1997-06-27 19:40:00,,-26.503
1997-06-27 20:00:00,,-26.497
1997-06-27 20:20:00,,-26.492
1997-06-27 20:40:00,,-26.487
1997-06-27 22:00:00,,-26.47
1997-06-27 23:40:00,,-26.45
1997-06-28 00:00:00,,-26.447
1997-06-28 00:20:00,,-26.444
1997-06-28 00:40:00,,-26.44
1997-06-28 01:00:00,,-26.437
1997-06-28 01:20:00,,-26.434
1997-06-28 01:40:00,,-26.432
1997-06-28 02:00:00,,-26.43
1997-06-28 02:20:00,,-26.428
1997-06-28 02:40:00,,-26.428
1997-06-28 03:00:00,,-26.427
1997-06-28 03:20:00,,-26.426
1997-06-28 04:20:00,,-26.426
1997-06-28 04:40:00,,-26.425
1997-06-28 08:40:00,,-26.425
1997-06-28 09:00:00,,-26.424
1997-06-28 09:20:00,,-26.424
1997-06-28 09:40:00,,-26.427
1997-06-28 10:00:00,,-26.456
1997-06-28 10:20:00,,-26.475
1997-06-28 10:40:00,,-26.489
1997-06-28 11:00:00,,-26.498
1997-06-28 11:20:00,,-26.506
1997-06-28 11:40:00,,-26.513
1997-06-28 12:00:00,,-26.517
1997-06-28 12:20:00,,-26.522
1997-06-28 12:40:00,,-26.529
1997-06-28 13:00:00,,-26.54
1997-06-28 13:20:00,,-26.553
1997-06-28 13:40:00,,-26.568
1997-06-28 14:00:00,,-26.582
1997-06-28 14:20:00,,-26.596
1997-06-28 14:40:00,,-26.609
1997-06-28 15:00:00,,-26.622
1997-06-28 15:20:00,,-26.633
1997-06-28 15:40:00,,-26.644
1997-06-28 16:00:00,,-26.654
1997-06-28 16:20:00,,-26.661
1997-06-28 16:40:00,,-26.664
1997-06-28 17:20:00,,-26.664
1997-06-28 17:40:00,,-26.648
1997-06-28 18:00:00,,-26.616
1997-06-28 18:20:00,,-26.592
1997-06-28 18:40:00,,-26.574
1997-06-28 19:00:00,,-26.56
1997-06-28 19:20:00,,-26.548
1997-06-28 19:40:00,,-26.537
1997-06-28 20:00:00,,-26.528
1997-06-28 20:20:00,,-26.52
1997-06-28 20:40:00,,-26.512
1997-06-28 21:00:00,,-26.504
1997-06-28 21:20:00,,-26.497
1997-06-28 21:40:00,,-26.49
1997-06-28 22:00:00,,-26.484
1997-06-28 22:20:00,,-26.478
1997-06-28 22:40:00,,-26.472
1997-06-28 23:00:00,,-26.467
1997-06-28 23:20:00,,-26.462
1997-06-28 23:40:00,,-26.455
1997-06-29 00:00:00,,-26.451
1997-06-29 00:20:00,,-26.446
1997-06-29 00:40:00,,-26.441
1997-06-29 02:20:00,,-26.421
1997-06-29 02:40:00,,-26.419
1997-06-29 03:00:00,,-26.415
1997-06-29 03:20:00,,-26.412
1997-06-29 03:40:00,,-26.41
1997-06-29 04:00:00,,-26.406
1997-06-29 04:20:00,,-26.406
1997-06-29 04:40:00,,-26.404
1997-06-29 05:00:00,,-26.403
1997-06-29 05:20:00,,-26.401
1997-06-29 05:40:00,,-26.398
1997-06-29 06:00:00,,-26.397
1997-06-29 06:20:00,,-26.396
1997-06-29 06:40:00,,-26.392
1997-06-29 07:00:00,,-26.409
1997-06-29 07:20:00,,-26.433
1997-06-29 07:40:00,,-26.45
1997-06-29 08:00:00,,-26.463
1997-06-29 08:20:00,,-26.471
1997-06-29 08:40:00,,-26.478
1997-06-29 09:00:00,,-26.485
1997-06-29 09:20:00,,-26.49
1997-06-29 09:40:00,,-26.493
1997-06-29 10:00:00,,-26.497
1997-06-29 10:20:00,,-26.499
1997-06-29 10:40:00,,-26.501
1997-06-29 11:00:00,,-26.502
1997-06-29 11:20:00,,-26.503
1997-06-29 11:40:00,,-26.503
1997-06-29 12:00:00,,-26.504
1997-06-29 14:40:00,,-26.504
1997-06-29 15:00:00,,-26.505
1997-06-29 15:20:00,,-26.507
1997-06-29 15:40:00,,-26.507
1997-06-29 16:00:00,,-26.509
1997-06-29 16:20:00,,-26.511
1997-06-29 16:40:00,,-26.513
1997-06-29 17:00:00,,-26.506
1997-06-29 17:20:00,,-26.48
1997-06-29 17:40:00,,-26.462
1997-06-29 18:00:00,,-26.45
1997-06-29 18:20:00,,-26.44
1997-06-29 18:40:00,,-26.432
1997-06-29 19:00:00,,-26.427
1997-06-29 19:20:00,,-26.421
1997-06-29 20:40:00,,-26.407
1997-06-29 21:00:00,,-26.404
1997-06-29 21:20:00,,-26.401
1997-06-29 21:40:00,,-26.399
1997-06-29 22:00:00,,-26.395
1997-06-29 22:20:00,,-26.391
1997-06-29 22:40:00,,-26.388
1997-06-29 23:00:00,,-26.384
1997-06-29 23:20:00,,-26.38
1997-06-29 23:40:00,,-26.377
1997-06-30 00:00:00,,-26.374
1997-06-30 00:20:00,,-26.37
1997-06-30 00:40:00,,-26.368
1997-06-30 01:00:00,,-26.364
1997-06-30 01:20:00,,-26.361
1997-06-30 01:40:00,,-26.359
1997-06-30 02:00:00,,-26.356
1997-06-30 02:20:00,,-26.354
1997-06-30 02:40:00,,-26.351
1997-06-30 03:00:00,,-26.349
1997-06-30 03:20:00,,-26.347
1997-06-30 03:40:00,,-26.346
1997-06-30 04:00:00,,-26.345
1997-06-30 04:20:00,,-26.343
1997-06-30 04:40:00,,-26.341
1997-06-30 05:00:00,,-26.341
1997-06-30 05:20:00,,-26.34
1997-06-30 05:40:00,,-26.339
1997-06-30 06:40:00,,-26.339
1997-06-30 07:00:00,,-26.338
1997-06-30 07:20:00,,-26.337
1997-06-30 07:40:00,,-26.336
1997-06-30 08:20:00,,-26.336
1997-06-30 08:40:00,,-26.335
1997-06-30 09:00:00,,-26.334
1997-06-30 09:20:00,,-26.334
1997-06-30 09:40:00,,-26.333
1997-06-30 10:00:00,,-26.332
1997-06-30 10:20:00,,-26.33
1997-06-30 10:40:00,,-26.328
1997-06-30 11:00:00,,-26.326
1997-06-30 11:20:00,,-26.324
1997-06-30 14:00:00,,-26.3
1997-06-30 14:20:00,,-26.298
1997-06-30 14:40:00,,-26.296
1997-06-30 15:00:00,,-26.295
1997-06-30 15:20:00,,-26.294
1997-06-30 15:40:00,,-26.294
1997-06-30 16:00:00,,-26.293
1997-06-30 23:40:00,,-26.293
1997-07-01 00:00:00,,-26.291
1997-07-01 00:20:00,,-26.289
1997-07-01 00:40:00,,-26.287
1997-07-01 01:00:00,,-26.286
1997-07-01 01:20:00,,-26.283
1997-07-01 01:40:00,,-26.282
1997-07-01 02:00:00,,-26.28
1997-07-01 02:20:00,,-26.28
1997-07-01 02:40:00,,-26.279
1997-07-01 03:00:00,,-26.278
1997-07-01 06:00:00,,-26.278
1997-07-01 06:20:00,,-26.279
1997-07-01 06:40:00,,-26.281
1997-07-01 07:00:00,,-26.282
1997-07-01 07:20:00,,-26.285
1997-07-01 07:40:00,,-26.291
1997-07-01 08:00:00,,-26.302
1997-07-01 08:20:00,,-26.316
1997-07-01 08:40:00,,-26.331
1997-07-01 09:00:00,,-26.345
1997-07-01 09:20:00,,-26.358
1997-07-01 09:40:00,,-26.37
1997-07-01 10:00:00,,-26.382
1997-07-01 10:20:00,,-26.411
1997-07-01 10:40:00,,-26.449
1997-07-01 11:00:00,,-26.477
1997-07-01 11:20:00,,-26.499
1997-07-01 11:40:00,,-26.516
1997-07-01 12:00:00,,-26.532
1997-07-01 12:20:00,,-26.544
1997-07-01 12:40:00,,-26.551
1997-07-01 13:40:00,,-26.551
1997-07-01 14:00:00,,-26.555
1997-07-01 14:20:00,,-26.562
1997-07-01 14:40:00,,-26.571
1997-07-01 15:00:00,,-26.579
1997-07-01 15:20:00,,-26.588
1997-07-01 15:40:00,,-26.596
1997-07-01 16:00:00,,-26.603
1997-07-01 16:20:00,,-26.612
1997-07-01 16:40:00,,-26.62
1997-07-01 17:00:00,,-26.607
1997-07-01 17:20:00,,-26.59
1997-07-01 17:40:00,,-26.58
1997-07-01 18:00:00,,-26.575
1997-07-01 18:20:00,,-26.572
1997-07-01 18:40:00,,-26.57
1997-07-01 21:00:00,,-26.57
1997-07-01 22:20:00,,-26.573
1997-07-01 22:40:00,,-26.574
1997-07-01 23:00:00,,-26.575
1997-07-02 06:20:00,,-26.575
1997-07-02 06:40:00,,-26.577
1997-07-02 07:00:00,,-26.581
1997-07-02 07:20:00,,-26.582
1997-07-02 07:40:00,,-26.583
1997-07-02 08:00:00,,-26.583
1997-07-02 08:20:00,,-26.578
1997-07-02 08:40:00,,-26.572
1997-07-02 09:00:00,,-26.588
1997-07-02 09:20:00,,-26.598
1997-07-02 09:40:00,,-26.603
1997-07-02 10:00:00,,-26.605
1997-07-02 11:40:00,,-26.605
1997-07-02 12:00:00,,-26.602
1997-07-02 12:20:00,,-26.598
1997-07-02 12:40:00,,-26.593
1997-07-02 13:00:00,,-26.589
1997-07-02 13:20:00,,-26.586
1997-07-02 13:40:00,,-26.582
1997-07-02 14:00:00,,-26.58
1997-07-02 14:20:00,,-26.576
1997-07-02 14:40:00,,-26.574
1997-07-02 15:00:00,,-26.571
1997-07-02 15:20:00,,-26.568
1997-07-02 16:40:00,,-26.563
1997-07-02 17:00:00,,-26.562
1997-07-02 17:20:00,,-26.561
1997-07-02 18:40:00,,-26.561
1997-07-02 19:00:00,,-26.545
1997-07-02 19:20:00,,-26.519
1997-07-02 19:40:00,,-26.499
1997-07-02 20:00:00,,-26.486
1997-07-02 20:20:00,,-26.476
1997-07-02 20:40:00,,-26.47
1997-07-02 21:00:00,,-26.463
1997-07-02 21:20:00,,-26.457
1997-07-02 21:40:00,,-26.452
1997-07-02 22:00:00,,-26.448
1997-07-02 22:20:00,,-26.444
1997-07-02 22:40:00,,-26.438
1997-07-02 23:00:00,,-26.433
1997-07-02 23:20:00,,-26.429
1997-07-02 23:40:00,,-26.426
1997-07-03 00:00:00,,-26.421
1997-07-03 00:20:00,,-26.418
1997-07-03 00:40:00,,-26.412
1997-07-03 01:00:00,,-26.406
1997-07-03 01:20:00,,-26.403
1997-07-03 01:40:00,,-26.399
1997-07-03 02:00:00,,-26.393
1997-07-03 02:20:00,,-26.389
1997-07-03 02:40:00,,-26.384
1997-07-03 03:00:00,,-26.38
1997-07-03 04:20:00,,-26.368
1997-07-03 04:40:00,,-26.364
1997-07-03 05:00:00,,-26.362
1997-07-03 05:20:00,,-26.36
1997-07-03 05:40:00,,-26.36
1997-07-03 06:00:00,,-26.358
1997-07-03 07:00:00,,-26.358
1997-07-03 07:20:00,,-26.356
1997-07-03 07:40:00,,-26.355
1997-07-03 08:00:00,,-26.355
1997-07-03 08:20:00,,-26.354
1997-07-03 10:20:00,,-26.354
1997-07-03 10:40:00,,-26.353
1997-07-03 11:00:00,,-26.352
1997-07-03 11:20:00,,-26.351
1997-07-03 11:40:00,,-26.348
1997-07-03 12:00:00,,-26.369
1997-07-03 12:20:00,,-26.386
1997-07-03 12:40:00,,-26.396
1997-07-03 13:00:00,,-26.402
1997-07-03 13:20:00,,-26.386
1997-07-03 13:40:00,,-26.371
1997-07-03 14:00:00,,-26.36
1997-07-03 14:20:00,,-26.358
1997-07-03 14:40:00,,-26.349
1997-07-03 15:00:00,,-26.341
1997-07-03 15:20:00,,-26.336
1997-07-03 15:40:00,,-26.331
1997-07-03 16:00:00,,-26.328
1997-07-03 16:20:00,,-26.325
1997-07-03 16:40:00,,-26.348
1997-07-03 17:00:00,,-26.37
1997-07-03 17:20:00,,-26.386
1997-07-03 17:40:00,,-26.396
1997-07-03 18:00:00,,-26.383
1997-07-03 18:20:00,,-26.368
1997-07-03 18:40:00,,-26.359
1997-07-03 19:00:00,,-26.352
1997-07-03 19:20:00,,-26.348
1997-07-03 19:40:00,,-26.346
1997-07-03 20:00:00,,-26.343
1997-07-03 20:20:00,,-26.341
1997-07-03 22:20:00,,-26.338
1997-07-03 22:40:00,,-26.337
1997-07-03 23:00:00,,-26.335
1997-07-03 23:20:00,,-26.333
1997-07-03 23:40:00,,-26.332
1997-07-04 00:00:00,,-26.329
1997-07-04 00:20:00,,-26.327
1997-07-04 00:40:00,,-26.325
1997-07-04 01:00:00,,-26.323
1997-07-04 01:20:00,,-26.319
1997-07-04 01:40:00,,-26.317
1997-07-04 02:00:00,,-26.313
1997-07-04 02:40:00,,-26.313
1997-07-04 03:00:00,,-26.31
1997-07-04 03:20:00,,-26.308
1997-07-04 03:40:00,,-26.306
1997-07-04 04:00:00,,-26.304
1997-07-04 05:00:00,,-26.304
1997-07-04 05:20:00,,-26.303
1997-07-04 08:20:00,,-26.303
1997-07-04 08:40:00,,-26.304
1997-07-04 09:00:00,,-26.311
1997-07-04 09:20:00,,-26.322
1997-07-04 09:40:00,,-26.334
1997-07-04 10:00:00,,-26.347
1997-07-04 10:20:00,,-26.36
1997-07-04 10:40:00,,-26.372
1997-07-04 11:00:00,,-26.383
1997-07-04 11:20:00,,-26.392
1997-07-04 11:40:00,,-26.399
1997-07-04 12:00:00,,-26.407
1997-07-04 12:20:00,,-26.414
1997-07-04 12:40:00,,-26.42
1997-07-04 13:00:00,,-26.424
1997-07-04 13:20:00,,-26.426
1997-07-04 14:00:00,,-26.426
1997-07-04 14:20:00,,-26.417
1997-07-04 14:40:00,,-26.407
1997-07-04 15:00:00,,-26.399
1997-07-04 15:20:00,,-26.39
1997-07-04 15:40:00,,-26.381
1997-07-04 16:00:00,,-26.375
1997-07-04 16:20:00,,-26.37
1997-07-04 16:40:00,,-26.368
1997-07-04 17:00:00,,-26.365
1997-07-04 17:20:00,,-26.364
1997-07-04 18:40:00,,-26.364
1997-07-04 19:00:00,,-26.367
1997-07-04 19:20:00,,-26.372
1997-07-04 19:40:00,,-26.376
1997-07-04 20:00:00,,-26.38
1997-07-04 20:20:00,,-26.383
1997-07-04 20:40:00,,-26.385
1997-07-04 21:00:00,,-26.387
1997-07-04 21:20:00,,-26.388
1997-07-04 23:20:00,,-26.388
1997-07-04 23:40:00,,-26.387
1997-07-05 01:20:00,,-26.369
1997-07-05 01:40:00,,-26.367
1997-07-05 02:00:00,,-26.363
1997-07-05 02:20:00,,-26.359
1997-07-05 02:40:00,,-26.354
1997-07-05 03:00:00,,-26.349
1997-07-05 04:20:00,,-26.335
1997-07-05 04:40:00,,-26.331
1997-07-05 05:00:00,,-26.328
1997-07-05 05:20:00,,-26.325
1997-07-05 05:40:00,,-26.323
1997-07-05 07:00:00,,-26.317
1997-07-05 08:20:00,,-26.315
1997-07-05 08:40:00,,-26.326
1997-07-05 09:00:00,,-26.354
1997-07-05 09:20:00,,-26.374
1997-07-05 09:40:00,,-26.388
1997-07-05 10:00:00,,-26.399
1997-07-05 10:20:00,,-26.407
1997-07-05 10:40:00,,-26.416
1997-07-05 11:00:00,,-26.42
1997-07-05 11:20:00,,-26.399
1997-07-05 11:40:00,,-26.386
1997-07-05 12:00:00,,-26.378
1997-07-05 12:20:00,,-26.374
1997-07-05 12:40:00,,-26.373
1997-07-05 13:20:00,,-26.373
1997-07-05 13:40:00,,-26.385
1997-07-05 14:00:00,,-26.397
1997-07-05 14:20:00,,-26.408
1997-07-05 14:40:00,,-26.442
1997-07-05 15:00:00,,-26.468
1997-07-05 15:20:00,,-26.485
1997-07-05 15:40:00,,-26.499
1997-07-05 16:00:00,,-26.504
1997-07-05 16:20:00,,-26.488
1997-07-05 16:40:00,,-26.475
1997-07-05 17:00:00,,-26.467
1997-07-05 17:20:00,,-26.464
1997-07-05 17:40:00,,-26.462
1997-07-05 18:00:00,,-26.461
1997-07-05 21:40:00,,-26.461
1997-07-05 22:00:00,,-26.459
1997-07-05 22:20:00,,-26.456
1997-07-05 23:40:00,,-26.441
1997-07-06 00:00:00,,-26.435
1997-07-06 01:20:00,,-26.42
1997-07-06 01:40:00,,-26.415
1997-07-06 02:00:00,,-26.409
1997-07-06 02:20:00,,-26.404
1997-07-06 02:40:00,,-26.4
1997-07-06 04:00:00,,-26.379
1997-07-06 04:20:00,,-26.374
1997-07-06 04:40:00,,-26.369
1997-07-06 05:00:00,,-26.365
1997-07-06 05:20:00,,-26.361
1997-07-06 05:40:00,,-26.358
1997-07-06 06:00:00,,-26.355
1997-07-06 06:20:00,,-26.351
1997-07-06 06:40:00,,-26.347
1997-07-06 07:00:00,,-26.366
1997-07-06 07:20:00,,-26.389
1997-07-06 07:40:00,,-26.404
1997-07-06 08:00:00,,-26.415
1997-07-06 08:20:00,,-26.424
1997-07-06 08:40:00,,-26.431
1997-07-06 09:00:00,,-26.437
1997-07-06 09:20:00,,-26.444
1997-07-06 09:40:00,,-26.449
1997-07-06 10:00:00,,-26.449
1997-07-06 10:20:00,,-26.425
1997-07-06 10:40:00,,-26.409
1997-07-06 11:00:00,,-26.399
1997-07-06 11:20:00,,-26.393
1997-07-06 11:40:00,,-26.39
1997-07-06 12:00:00,,-26.387
1997-07-06 12:20:00,,-26.386
1997-07-06 16:40:00,,-26.386
1997-07-06 18:00:00,,-26.372
1997-07-06 18:20:00,,-26.37
1997-07-06 18:40:00,,-26.366
1997-07-06 19:00:00,,-26.362
1997-07-06 19:20:00,,-26.36
1997-07-06 19:40:00,,-26.358
1997-07-06 21:00:00,,-26.349
1997-07-06 21:20:00,,-26.347
1997-07-06 22:40:00,,-26.341
1997-07-07 00:00:00,,-26.333
1997-07-07 00:20:00,,-26.33
1997-07-07 00:40:00,,-26.327
1997-07-07 01:00:00,,-26.326
1997-07-07 01:20:00,,-26.323
1997-07-07 01:40:00,,-26.321
1997-07-07 02:00:00,,-26.319
1997-07-07 02:20:00,,-26.316
1997-07-07 04:40:00,,-26.302
1997-07-07 05:00:00,,-26.328
1997-07-07 05:20:00,,-26.348
1997-07-07 05:40:00,,-26.362
1997-07-07 06:00:00,,-26.373
1997-07-07 06:20:00,,-26.381
1997-07-07 06:40:00,,-26.388
1997-07-07 07:00:00,,-26.394
1997-07-07 07:20:00,,-26.399
1997-07-07 07:40:00,,-26.403
1997-07-07 08:00:00,,-26.406
1997-07-07 09:20:00,,-26.417
1997-07-07 09:40:00,,-26.42
1997-07-07 10:00:00,,-26.422
1997-07-07 10:20:00,,-26.424
1997-07-07 11:40:00,,-26.429
1997-07-07 12:00:00,,-26.43
1997-07-07 12:20:00,,-26.431
1997-07-07 12:40:00,,-26.431
1997-07-07 13:00:00,,-26.432
1997-07-07 18:40:00,,-26.432
1997-07-07 19:00:00,,-26.422
1997-07-07 19:20:00,,-26.395
1997-07-07 19:40:00,,-26.376
1997-07-07 20:00:00,,-26.362
1997-07-07 20:20:00,,-26.353
1997-07-07 20:40:00,,-26.346
1997-07-07 21:00:00,,-26.339
1997-07-07 21:20:00,,-26.334
1997-07-07 21:40:00,,-26.329
1997-07-07 22:00:00,,-26.325
1997-07-07 22:20:00,,-26.321
1997-07-07 22:40:00,,-26.317
1997-07-07 23:00:00,,-26.314
1997-07-07 23:20:00,,-26.312
1997-07-07 23:40:00,,-26.308
1997-07-08 00:00:00,,-26.306
1997-07-08 00:20:00,,-26.302
1997-07-08 00:40:00,,-26.3
1997-07-08 01:00:00,,-26.297
1997-07-08 01:20:00,,-26.294
1997-07-08 01:40:00,,-26.291
1997-07-08 02:00:00,,-26.287
1997-07-08 02:20:00,,-26.284
1997-07-08 02:40:00,,-26.281
1997-07-08 03:00:00,,-26.278
1997-07-08 03:20:00,,-26.274
1997-07-08 03:40:00,,-26.271
1997-07-08 04:00:00,,-26.267
1997-07-08 05:20:00,,-26.253
1997-07-08 05:40:00,,-26.251
1997-07-08 06:00:00,,-26.249
1997-07-08 07:20:00,,-26.239
1997-07-08 07:40:00,,-26.238
1997-07-08 08:00:00,,-26.236
1997-07-08 08:20:00,,-26.245
1997-07-08 08:40:00,,-26.272
1997-07-08 09:00:00,,-26.293
1997-07-08 09:20:00,,-26.312
1997-07-08 09:40:00,,-26.334
1997-07-08 10:00:00,,-26.356
1997-07-08 10:20:00,,-26.375
1997-07-08 10:40:00,,-26.394
1997-07-08 11:00:00,,-26.412
1997-07-08 11:20:00,,-26.428
1997-07-08 11:40:00,,-26.442
1997-07-08 12:00:00,,-26.456
1997-07-08 12:20:00,,-26.468
1997-07-08 12:40:00,,-26.481
1997-07-08 13:00:00,,-26.491
1997-07-08 13:20:00,,-26.501
1997-07-08 13:40:00,,-26.509
1997-07-08 14:00:00,,-26.518
1997-07-08 14:20:00,,-26.525
1997-07-08 14:40:00,,-26.532
1997-07-08 16:00:00,,-26.556
1997-07-08 16:20:00,,-26.561
1997-07-08 16:40:00,,-26.565
1997-07-08 18:00:00,,-26.583
1997-07-08 18:20:00,,-26.588
1997-07-08 18:20:01,,NaN
1997-08-01 10:39:59,,NaN
1997-08-01 10:40:00,,-26.787
1997-08-01 11:20:00,,-26.787
1997-08-01 11:40:00,,-26.786
1997-08-01 12:00:00,,-26.784
1997-08-01 12:20:00,,-26.781
1997-08-01 12:40:00,,-26.78
1997-08-01 13:40:00,,-26.78
1997-08-01 14:00:00,,-26.782
1997-08-01 15:00:00,,-26.782
1997-08-01 15:20:00,,-26.781
1997-08-01 15:40:00,,-26.777
1997-08-01 16:00:00,,-26.773
1997-08-01 16:20:00,,-26.77
1997-08-01 16:40:00,,-26.768
1997-08-01 17:00:00,,-26.766
1997-08-01 17:20:00,,-26.764
1997-08-01 17:40:00,,-26.763
1997-08-01 23:40:00,,-26.763
1997-08-02 00:00:00,,-26.759
1997-08-02 00:20:00,,-26.755
1997-08-02 00:40:00,,-26.749
1997-08-02 01:00:00,,-26.742
1997-08-02 01:20:00,,-26.735
1997-08-02 02:40:00,,-26.701
1997-08-02 03:00:00,,-26.693
1997-08-02 03:20:00,,-26.684
1997-08-02 03:40:00,,-26.677
1997-08-02 04:00:00,,-26.67
1997-08-02 04:20:00,,-26.662
1997-08-02 04:40:00,,-26.654
1997-08-02 06:00:00,,-26.628
1997-08-02 06:20:00,,-26.623
1997-08-02 06:40:00,,-26.618
1997-08-02 07:00:00,,-26.613
1997-08-02 08:20:00,,-26.598
1997-08-02 08:40:00,,-26.595
1997-08-02 09:00:00,,-26.593
1997-08-02 09:20:00,,-26.589
1997-08-02 09:40:00,,-26.585
1997-08-02 10:00:00,,-26.581
1997-08-02 11:00:00,,-26.581
1997-08-02 11:20:00,,-26.587
1997-08-02 11:40:00,,-26.594
1997-08-02 12:00:00,,-26.601
1997-08-02 12:20:00,,-26.607
1997-08-02 12:40:00,,-26.614
1997-08-02 14:00:00,,-26.634
1997-08-02 14:20:00,,-26.654
1997-08-02 14:40:00,,-26.691
1997-08-02 15:00:00,,-26.718
1997-08-02 15:20:00,,-26.741
1997-08-02 15:40:00,,-26.742
1997-08-02 16:00:00,,-26.735
1997-08-02 16:20:00,,-26.733
1997-08-02 17:20:00,,-26.733
1997-08-02 17:40:00,,-26.735
1997-08-02 18:00:00,,-26.739
1997-08-02 18:20:00,,-26.744
1997-08-02 18:40:00,,-26.747
1997-08-02 19:00:00,,-26.75
1997-08-02 19:20:00,,-26.752
1997-08-02 19:40:00,,-26.754
1997-08-02 20:00:00,,-26.755
1997-08-02 20:40:00,,-26.755
1997-08-02 21:00:00,,-26.746
1997-08-02 21:20:00,,-26.735
1997-08-02 21:40:00,,-26.723
1997-08-02 22:00:00,,-26.71
1997-08-02 22:20:00,,-26.699
1997-08-02 22:40:00,,-26.689
1997-08-02 23:00:00,,-26.677
1997-08-02 23:20:00,,-26.666
1997-08-02 23:40:00,,-26.655
1997-08-03 00:00:00,,-26.646
1997-08-03 00:20:00,,-26.637
1997-08-03 00:40:00,,-26.627
1997-08-03 01:00:00,,-26.62
1997-08-03 01:20:00,,-26.613
1997-08-03 01:40:00,,-26.605
1997-08-03 02:00:00,,-26.598
1997-08-03 03:20:00,,-26.572
1997-08-03 03:40:00,,-26.566
1997-08-03 04:00:00,,-26.559
1997-08-03 04:20:00,,-26.554
1997-08-03 04:40:00,,-26.549
1997-08-03 05:00:00,,-26.544
1997-08-03 05:20:00,,-26.54
1997-08-03 05:40:00,,-26.535
1997-08-03 06:00:00,,-26.533
1997-08-03 06:20:00,,-26.529
1997-08-03 06:40:00,,-26.525
1997-08-03 07:00:00,,-26.521
1997-08-03 07:20:00,,-26.522
1997-08-03 07:40:00,,-26.546
1997-08-03 08:00:00,,-26.562
1997-08-03 08:20:00,,-26.574
1997-08-03 08:40:00,,-26.582
1997-08-03 09:00:00,,-26.588
1997-08-03 09:20:00,,-26.595
1997-08-03 09:40:00,,-26.601
1997-08-03 10:00:00,,-26.585
1997-08-03 10:20:00,,-26.568
1997-08-03 10:40:00,,-26.558
1997-08-03 11:00:00,,-26.558
1997-08-03 11:20:00,,-26.56
1997-08-03 11:40:00,,-26.583
1997-08-03 12:00:00,,-26.601
1997-08-03 12:20:00,,-26.614
1997-08-03 12:40:00,,-26.623
1997-08-03 13:00:00,,-26.632
1997-08-03 13:20:00,,-26.637
1997-08-03 13:40:00,,-26.643
1997-08-03 14:00:00,,-26.649
1997-08-03 14:20:00,,-26.654
1997-08-03 14:40:00,,-26.659
1997-08-03 15:00:00,,-26.647
1997-08-03 15:20:00,,-26.629
1997-08-03 15:40:00,,-26.623
1997-08-03 16:00:00,,-26.622
1997-08-03 16:20:00,,-26.622
1997-08-03 16:40:00,,-26.626
1997-08-03 17:00:00,,-26.635
1997-08-03 17:20:00,,-26.645
1997-08-03 17:40:00,,-26.655
1997-08-03 18:00:00,,-26.667
1997-08-03 18:20:00,,-26.706
1997-08-03 18:40:00,,-26.739
1997-08-03 19:00:00,,-26.764
1997-08-03 19:20:00,,-26.787
1997-08-03 19:40:00,,-26.807
1997-08-03 20:00:00,,-26.823
1997-08-03 20:20:00,,-26.836
1997-08-03 20:40:00,,-26.844
1997-08-03 21:00:00,,-26.847
1997-08-03 21:20:00,,-26.849
1997-08-03 22:00:00,,-26.849
1997-08-03 22:20:00,,-26.85
1997-08-03 22:40:00,,-26.85
1997-08-03 23:00:00,,-26.851
1997-08-03 23:40:00,,-26.851
1997-08-04 00:00:00,,-26.852
1997-08-04 00:20:00,,-26.853
1997-08-04 02:00:00,,-26.863
1997-08-04 02:20:00,,-26.864
1997-08-04 02:40:00,,-26.865
1997-08-04 05:20:00,,-26.865
1997-08-04 05:40:00,,-26.866
1997-08-04 06:00:00,,-26.867
1997-08-04 07:20:00,,-26.875
1997-08-04 07:40:00,,-26.878
1997-08-04 08:00:00,,-26.881
1997-08-04 08:20:00,,-26.884
1997-08-04 08:40:00,,-26.888
1997-08-04 09:00:00,,-26.89
1997-08-04 09:20:00,,-26.893
1997-08-04 09:40:00,,-26.895
1997-08-04 10:00:00,,-26.898
1997-08-04 10:20:00,,-26.9
1997-08-04 10:40:00,,-26.902
1997-08-04 11:00:00,,-26.904
1997-08-04 11:20:00,,-26.905
1997-08-04 11:40:00,,-26.906
1997-08-04 12:00:00,,-26.908
1997-08-04 12:20:00,,-26.886
1997-08-04 12:40:00,,-26.863
1997-08-04 13:00:00,,-26.846
1997-08-04 13:20:00,,-26.832
1997-08-04 13:40:00,,-26.822
1997-08-04 14:00:00,,-26.813
1997-08-04 14:20:00,,-26.805
1997-08-04 14:40:00,,-26.797
1997-08-04 15:00:00,,-26.792
1997-08-04 15:20:00,,-26.788
1997-08-04 16:00:00,,-26.788
1997-08-04 16:20:00,,-26.791
1997-08-04 16:40:00,,-26.799
1997-08-04 17:00:00,,-26.808
1997-08-04 17:20:00,,-26.817
1997-08-04 17:40:00,,-26.823
1997-08-04 18:00:00,,-26.853
1997-08-04 18:20:00,,-26.889
1997-08-04 18:40:00,,-26.916
1997-08-04 19:00:00,,-26.939
1997-08-04 19:20:00,,-26.959
1997-08-04 19:40:00,,-26.96
1997-08-04 20:00:00,,-26.948
1997-08-04 20:20:00,,-26.94
1997-08-04 21:40:00,,-26.897
1997-08-04 22:00:00,,-26.885
1997-08-04 22:20:00,,-26.873
1997-08-04 22:40:00,,-26.861
1997-08-04 23:00:00,,-26.85
1997-08-04 23:20:00,,-26.838
1997-08-04 23:40:00,,-26.825
1997-08-05 00:00:00,,-26.813
1997-08-05 01:20:00,,-26.769
1997-08-05 01:40:00,,-26.757
1997-08-05 02:00:00,,-26.746
1997-08-05 02:20:00,,-26.736
1997-08-05 02:40:00,,-26.725
1997-08-05 03:00:00,,-26.717
1997-08-05 03:20:00,,-26.705
1997-08-05 04:40:00,,-26.666
1997-08-05 05:00:00,,-26.672
1997-08-05 05:20:00,,-26.69
1997-08-05 05:40:00,,-26.7
1997-08-05 06:00:00,,-26.707
1997-08-05 06:20:00,,-26.712
1997-08-05 06:40:00,,-26.714
1997-08-05 07:00:00,,-26.716
1997-08-05 07:20:00,,-26.719
1997-08-05 07:40:00,,-26.705
1997-08-05 08:00:00,,-26.68
1997-08-05 08:20:00,,-26.679
1997-08-05 08:40:00,,-26.691
1997-08-05 09:00:00,,-26.699
1997-08-05 09:20:00,,-26.705
1997-08-05 09:40:00,,-26.711
1997-08-05 10:00:00,,-26.717
1997-08-05 10:20:00,,-26.706
1997-08-05 10:40:00,,-26.688
1997-08-05 11:00:00,,-26.678
1997-08-05 11:20:00,,-26.67
1997-08-05 11:40:00,,-26.666
1997-08-05 12:00:00,,-26.663
1997-08-05 12:20:00,,-26.661
1997-08-05 12:40:00,,-26.687
1997-08-05 13:00:00,,-26.706
1997-08-05 13:20:00,,-26.71
1997-08-05 13:40:00,,-26.722
1997-08-05 14:00:00,,-26.73
1997-08-05 14:20:00,,-26.737
1997-08-05 14:40:00,,-26.741
1997-08-05 15:00:00,,-26.718
1997-08-05 15:20:00,,-26.703
1997-08-05 15:40:00,,-26.697
1997-08-05 16:00:00,,-26.696
1997-08-05 16:20:00,,-26.696
1997-08-05 16:40:00,,-26.7
1997-08-05 17:00:00,,-26.709
1997-08-05 17:20:00,,-26.718
1997-08-05 17:40:00,,-26.727
1997-08-05 18:00:00,,-26.737
1997-08-05 18:20:00,,-26.745
1997-08-05 18:40:00,,-26.753
1997-08-05 19:00:00,,-26.76
1997-08-05 19:20:00,,-26.767
1997-08-05 19:40:00,,-26.772
1997-08-05 20:00:00,,-26.777
1997-08-05 20:20:00,,-26.778
1997-08-05 20:40:00,,-26.778
1997-08-05 21:00:00,,-26.775
1997-08-05 21:20:00,,-26.764
1997-08-05 21:40:00,,-26.753
1997-08-05 22:00:00,,-26.742
1997-08-05 22:20:00,,-26.732
1997-08-05 22:40:00,,-26.721
1997-08-05 23:00:00,,-26.711
1997-08-05 23:20:00,,-26.701
1997-08-05 23:40:00,,-26.69
1997-08-06 00:00:00,,-26.682
1997-08-06 00:20:00,,-26.673
1997-08-06 00:40:00,,-26.664
1997-08-06 01:00:00,,-26.656
1997-08-06 01:20:00,,-26.648
1997-08-06 01:40:00,,-26.64
1997-08-06 02:00:00,,-26.633
1997-08-06 02:20:00,,-26.624
1997-08-06 02:40:00,,-26.616
1997-08-06 03:00:00,,-26.609
1997-08-06 03:20:00,,-26.602
1997-08-06 03:40:00,,-26.596
1997-08-06 04:00:00,,-26.59
1997-08-06 04:20:00,,-26.583
1997-08-06 04:40:00,,-26.577
1997-08-06 05:00:00,,-26.571
1997-08-06 05:20:00,,-26.565
1997-08-06 05:40:00,,-26.558
1997-08-06 06:00:00,,-26.559
1997-08-06 06:20:00,,-26.582
1997-08-06 06:40:00,,-26.597
1997-08-06 07:00:00,,-26.589
1997-08-06 07:20:00,,-26.569
1997-08-06 07:40:00,,-26.556
1997-08-06 08:00:00,,-26.546
1997-08-06 08:20:00,,-26.543
1997-08-06 09:00:00,,-26.543
1997-08-06 09:20:00,,-26.549
1997-08-06 09:40:00,,-26.556
1997-08-06 10:00:00,,-26.564
1997-08-06 10:20:00,,-26.571
1997-08-06 10:40:00,,-26.578
1997-08-06 11:00:00,,-26.581
1997-08-06 13:00:00,,-26.581
1997-08-06 13:20:00,,-26.586
1997-08-06 13:40:00,,-26.59
1997-08-06 14:00:00,,-26.595
1997-08-06 14:20:00,,-26.596
1997-08-06 14:40:00,,-26.597
1997-08-06 15:00:00,,-26.601
1997-08-06 15:20:00,,-26.606
1997-08-06 15:40:00,,-26.611
1997-08-06 16:00:00,,-26.617
1997-08-06 16:20:00,,-26.619
1997-08-06 16:40:00,,-26.622
1997-08-06 17:00:00,,-26.625
1997-08-06 17:20:00,,-26.627
1997-08-06 17:40:00,,-26.629
1997-08-06 18:00:00,,-26.631
1997-08-06 18:20:00,,-26.634
1997-08-06 20:00:00,,-26.642
1997-08-06 20:20:00,,-26.644
1997-08-06 20:40:00,,-26.645
1997-08-06 21:00:00,,-26.645
1997-08-06 21:20:00,,-26.641
1997-08-06 22:40:00,,-26.598
1997-08-06 23:00:00,,-26.589
1997-08-06 23:20:00,,-26.579
1997-08-06 23:40:00,,-26.569
1997-08-07 00:00:00,,-26.562
1997-08-07 00:20:00,,-26.554
1997-08-07 01:40:00,,-26.531
1997-08-07 02:00:00,,-26.527
1997-08-07 02:20:00,,-26.523
1997-08-07 03:40:00,,-26.505
1997-08-07 04:00:00,,-26.501
1997-08-07 04:20:00,,-26.497
1997-08-07 04:40:00,,-26.493
1997-08-07 05:00:00,,-26.49
1997-08-07 05:20:00,,-26.485
1997-08-07 05:40:00,,-26.481
1997-08-07 06:00:00,,-26.476
1997-08-07 06:20:00,,-26.472
1997-08-07 06:40:00,,-26.467
1997-08-07 07:00:00,,-26.463
1997-08-07 07:20:00,,-26.46
1997-08-07 07:40:00,,-26.456
1997-08-07 08:00:00,,-26.452
1997-08-07 09:20:00,,-26.444
1997-08-07 09:40:00,,-26.441
1997-08-07 10:00:00,,-26.439
1997-08-07 10:20:00,,-26.438
1997-08-07 11:40:00,,-26.426
1997-08-07 12:00:00,,-26.424
1997-08-07 12:20:00,,-26.42
1997-08-07 12:40:00,,-26.416
1997-08-07 13:00:00,,-26.413
1997-08-07 13:20:00,,-26.411
1997-08-07 13:40:00,,-26.405
1997-08-07 14:00:00,,-26.401
1997-08-07 14:20:00,,-26.399
1997-08-07 14:40:00,,-26.393
1997-08-07 16:20:00,,-26.376
1997-08-07 16:40:00,,-26.374
1997-08-07 17:00:00,,-26.372
1997-08-07 17:20:00,,-26.369
1997-08-07 17:40:00,,-26.366
1997-08-07 18:00:00,,-26.365
1997-08-07 18:20:00,,-26.361
1997-08-07 18:40:00,,-26.36
1997-08-07 19:20:00,,-26.36
1997-08-07 19:40:00,,-26.37
1997-08-07 20:00:00,,-26.38
1997-08-07 20:20:00,,-26.391
1997-08-07 20:40:00,,-26.402
1997-08-07 21:00:00,,-26.412
1997-08-07 21:20:00,,-26.421
1997-08-07 21:40:00,,-26.43
1997-08-07 22:00:00,,-26.439
1997-08-07 22:20:00,,-26.448
1997-08-07 22:40:00,,-26.455
1997-08-07 23:00:00,,-26.462
1997-08-07 23:20:00,,-26.468
1997-08-07 23:40:00,,-26.472
1997-08-08 00:20:00,,-26.472
1997-08-08 00:40:00,,-26.47
1997-08-08 01:00:00,,-26.462
1997-08-08 01:20:00,,-26.455
1997-08-08 01:40:00,,-26.448
1997-08-08 02:00:00,,-26.44
1997-08-08 02:20:00,,-26.433
1997-08-08 02:40:00,,-26.426
1997-08-08 04:20:00,,-26.399
1997-08-08 04:40:00,,-26.393
1997-08-08 06:00:00,,-26.377
1997-08-08 06:20:00,,-26.374
1997-08-08 06:40:00,,-26.37
1997-08-08 07:00:00,,-26.367
1997-08-08 07:20:00,,-26.365
1997-08-08 07:40:00,,-26.364
1997-08-08 08:00:00,,-26.361
1997-08-08 08:20:00,,-26.36
1997-08-08 08:40:00,,-26.357
1997-08-08 09:00:00,,-26.356
1997-08-08 09:20:00,,-26.353
1997-08-08 09:40:00,,-26.353
1997-08-08 11:00:00,,-26.348
1997-08-08 11:20:00,,-26.346
1997-08-08 11:40:00,,-26.344
1997-08-08 12:00:00,,-26.342
1997-08-08 12:20:00,,-26.341
1997-08-08 12:40:00,,-26.339
1997-08-08 13:00:00,,-26.336
1997-08-08 13:20:00,,-26.334
1997-08-08 13:40:00,,-26.333
1997-08-08 14:00:00,,-26.331
1997-08-08 15:40:00,,-26.331
1997-08-08 16:00:00,,-26.336
1997-08-08 16:20:00,,-26.341
1997-08-08 16:40:00,,-26.345
1997-08-08 17:00:00,,-26.351
1997-08-08 17:20:00,,-26.356
1997-08-08 17:40:00,,-26.36
1997-08-08 18:00:00,,-26.364
1997-08-08 18:20:00,,-26.367
1997-08-08 18:40:00,,-26.37
1997-08-08 19:00:00,,-26.371
1997-08-08 19:20:00,,-26.372
1997-08-08 21:00:00,,-26.372
1997-08-08 21:20:00,,-26.374
1997-08-08 21:40:00,,-26.382
1997-08-08 22:00:00,,-26.392
1997-08-08 22:20:00,,-26.403
1997-08-08 22:40:00,,-26.413
1997-08-08 23:00:00,,-26.423
1997-08-08 23:20:00,,-26.432
1997-08-08 23:40:00,,-26.442
1997-08-09 00:00:00,,-26.45
1997-08-09 00:20:00,,-26.458
1997-08-09 00:40:00,,-26.466
1997-08-09 01:00:00,,-26.473
1997-08-09 01:20:00,,-26.482
1997-08-09 01:40:00,,-26.488
1997-08-09 02:00:00,,-26.492
1997-08-09 02:40:00,,-26.492
1997-08-09 03:00:00,,-26.49
1997-08-09 03:20:00,,-26.484
1997-08-09 03:40:00,,-26.477
1997-08-09 04:00:00,,-26.471
1997-08-09 04:20:00,,-26.464
1997-08-09 04:40:00,,-26.458
1997-08-09 05:00:00,,-26.453
1997-08-09 05:20:00,,-26.448
1997-08-09 05:40:00,,-26.442
1997-08-09 06:00:00,,-26.436
1997-08-09 06:20:00,,-26.431
1997-08-09 06:40:00,,-26.426
1997-08-09 07:00:00,,-26.421
1997-08-09 07:20:00,,-26.415
1997-08-09 07:40:00,,-26.421
1997-08-09 08:00:00,,-26.443
1997-08-09 08:20:00,,-26.46
1997-08-09 08:40:00,,-26.47
1997-08-09 09:00:00,,-26.47
1997-08-09 09:20:00,,-26.476
1997-08-09 09:40:00,,-26.482
1997-08-09 10:00:00,,-26.482
1997-08-09 10:20:00,,-26.483
1997-08-09 10:40:00,,-26.487
1997-08-09 11:00:00,,-26.491
1997-08-09 12:20:00,,-26.503
1997-08-09 12:40:00,,-26.508
1997-08-09 13:00:00,,-26.512
1997-08-09 13:20:00,,-26.517
1997-08-09 15:40:00,,-26.559
1997-08-09 16:00:00,,-26.567
1997-08-09 16:20:00,,-26.573
1997-08-09 16:40:00,,-26.579
1997-08-09 17:00:00,,-26.582
1997-08-09 17:20:00,,-26.559
1997-08-09 17:40:00,,-26.545
1997-08-09 18:00:00,,-26.536
1997-08-09 18:20:00,,-26.53
1997-08-09 18:40:00,,-26.525
1997-08-09 19:00:00,,-26.523
1997-08-09 19:20:00,,-26.521
1997-08-09 19:40:00,,-26.52
1997-08-09 21:20:00,,-26.52
1997-08-09 21:40:00,,-26.523
1997-08-09 22:00:00,,-26.535
1997-08-09 22:20:00,,-26.549
1997-08-09 22:40:00,,-26.562
1997-08-09 23:00:00,,-26.575
1997-08-09 23:20:00,,-26.587
1997-08-09 23:40:00,,-26.601
1997-08-10 00:00:00,,-26.612
1997-08-10 00:20:00,,-26.624
1997-08-10 00:40:00,,-26.635
1997-08-10 01:00:00,,-26.646
1997-08-10 01:20:00,,-26.656
1997-08-10 01:40:00,,-26.667
1997-08-10 02:00:00,,-26.675
1997-08-10 02:20:00,,-26.68
1997-08-10 02:40:00,,-26.681
1997-08-10 03:00:00,,-26.681
1997-08-10 03:20:00,,-26.68
1997-08-10 04:40:00,,-26.659
1997-08-10 05:00:00,,-26.654
1997-08-10 05:20:00,,-26.651
1997-08-10 05:40:00,,-26.648
1997-08-10 06:00:00,,-26.643
1997-08-10 06:20:00,,-26.643
1997-08-10 06:40:00,,-26.641
1997-08-10 07:00:00,,-26.635
1997-08-10 07:20:00,,-26.649
1997-08-10 07:40:00,,-26.674
1997-08-10 08:00:00,,-26.691
1997-08-10 08:20:00,,-26.703
1997-08-10 08:40:00,,-26.707
1997-08-10 09:00:00,,-26.686
1997-08-10 09:20:00,,-26.667
1997-08-10 09:40:00,,-26.665
1997-08-10 10:00:00,,-26.684
1997-08-10 10:20:00,,-26.694
1997-08-10 10:40:00,,-26.7
1997-08-10 11:00:00,,-26.703
1997-08-10 11:20:00,,-26.704
1997-08-10 11:40:00,,-26.706
1997-08-10 13:00:00,,-26.706
1997-08-10 13:20:00,,-26.705
1997-08-10 13:40:00,,-26.702
1997-08-10 14:00:00,,-26.697
1997-08-10 14:20:00,,-26.692
1997-08-10 14:40:00,,-26.689
1997-08-10 15:00:00,,-26.686
1997-08-10 15:20:00,,-26.683
1997-08-10 15:40:00,,-26.682
1997-08-10 17:20:00,,-26.682
1997-08-10 17:40:00,,-26.685
1997-08-10 18:00:00,,-26.69
1997-08-10 18:20:00,,-26.669
1997-08-10 18:40:00,,-26.653
1997-08-10 19:00:00,,-26.642
1997-08-10 19:20:00,,-26.637
1997-08-10 19:40:00,,-26.632
1997-08-10 20:00:00,,-26.63
1997-08-10 20:20:00,,-26.629
1997-08-10 20:40:00,,-26.627
1997-08-10 21:40:00,,-26.627
1997-08-10 22:00:00,,-26.631
1997-08-10 22:20:00,,-26.643
1997-08-10 22:40:00,,-26.653
1997-08-11 00:00:00,,-26.694
1997-08-11 00:20:00,,-26.703
1997-08-11 00:40:00,,-26.711
1997-08-11 01:00:00,,-26.717
1997-08-11 01:20:00,,-26.723
1997-08-11 01:40:00,,-26.727
1997-08-11 02:00:00,,-26.73
1997-08-11 02:40:00,,-26.73
1997-08-11 03:00:00,,-26.722
1997-08-11 03:20:00,,-26.711
1997-08-11 03:40:00,,-26.699
1997-08-11 04:00:00,,-26.689
1997-08-11 04:20:00,,-26.677
1997-08-11 04:40:00,,-26.666
1997-08-11 05:00:00,,-26.656
1997-08-11 05:20:00,,-26.647
1997-08-11 05:40:00,,-26.639
1997-08-11 06:00:00,,-26.631
1997-08-11 06:20:00,,-26.624
1997-08-11 07:40:00,,-26.597
1997-08-11 08:00:00,,-26.593
1997-08-11 08:20:00,,-26.588
1997-08-11 08:40:00,,-26.583
1997-08-11 09:00:00,,-26.578
1997-08-11 09:20:00,,-26.573
1997-08-11 09:40:00,,-26.569
1997-08-11 10:00:00,,-26.565
1997-08-11 10:20:00,,-26.56
1997-08-11 10:40:00,,-26.556
1997-08-11 11:00:00,,-26.551
1997-08-11 11:20:00,,-26.546
1997-08-11 11:40:00,,-26.541
1997-08-11 12:00:00,,-26.535
1997-08-11 12:20:00,,-26.529
1997-08-11 12:40:00,,-26.524
1997-08-11 13:00:00,,-26.519
1997-08-11 13:20:00,,-26.513
1997-08-11 13:40:00,,-26.51
1997-08-11 14:00:00,,-26.506
1997-08-11 14:20:00,,-26.503
1997-08-11 14:40:00,,-26.502
1997-08-11 16:20:00,,-26.502
1997-08-11 16:40:00,,-26.503
1997-08-11 17:00:00,,-26.506
1997-08-11 17:20:00,,-26.512
1997-08-11 17:40:00,,-26.547
1997-08-11 18:00:00,,-26.574
1997-08-11 18:20:00,,-26.588
1997-08-11 18:40:00,,-26.583
1997-08-11 19:00:00,,-26.577
1997-08-11 19:20:00,,-26.573
1997-08-11 19:40:00,,-26.571
1997-08-11 21:20:00,,-26.571
1997-08-11 21:40:00,,-26.58
1997-08-11 22:00:00,,-26.592
1997-08-11 22:20:00,,-26.606
1997-08-11 22:40:00,,-26.62
1997-08-11 23:00:00,,-26.634
1997-08-11 23:20:00,,-26.647
1997-08-11 23:40:00,,-26.66
1997-08-12 00:00:00,,-26.672
1997-08-12 00:20:00,,-26.684
1997-08-12 00:40:00,,-26.695
1997-08-12 01:00:00,,-26.707
1997-08-12 01:20:00,,-26.718
1997-08-12 01:40:00,,-26.73
1997-08-12 02:00:00,,-26.739
1997-08-12 02:20:00,,-26.747
1997-08-12 02:40:00,,-26.748
1997-08-12 04:00:00,,-26.748
1997-08-12 04:20:00,,-26.746
1997-08-12 04:40:00,,-26.745
1997-08-12 05:00:00,,-26.743
1997-08-12 05:20:00,,-26.743
1997-08-12 05:40:00,,-26.742
1997-08-12 06:00:00,,-26.741
1997-08-12 06:20:00,,-26.741
1997-08-12 06:40:00,,-26.738
1997-08-12 07:00:00,,-26.756
1997-08-12 07:20:00,,-26.779
1997-08-12 07:40:00,,-26.796
1997-08-12 08:00:00,,-26.807
1997-08-12 08:20:00,,-26.818
1997-08-12 08:40:00,,-26.832
1997-08-12 09:00:00,,-26.846
1997-08-12 09:20:00,,-26.851
1997-08-12 09:40:00,,-26.869
1997-08-12 10:00:00,,-26.883
1997-08-12 10:20:00,,-26.896
1997-08-12 10:40:00,,-26.906
1997-08-12 11:00:00,,-26.914
1997-08-12 11:20:00,,-26.921
1997-08-12 11:40:00,,-26.927
1997-08-12 12:00:00,,-26.93
1997-08-12 12:20:00,,-26.933
1997-08-12 12:40:00,,-26.934
1997-08-12 13:00:00,,-26.934
1997-08-12 13:20:00,,-26.929
1997-08-12 13:40:00,,-26.921
1997-08-12 14:00:00,,-26.914
1997-08-12 14:20:00,,-26.907
1997-08-12 14:40:00,,-26.903
1997-08-12 15:00:00,,-26.899
1997-08-12 15:20:00,,-26.897
1997-08-12 15:40:00,,-26.895
1997-08-12 16:00:00,,-26.894
1997-08-12 18:20:00,,-26.894
1997-08-12 18:40:00,,-26.896
1997-08-12 19:00:00,,-26.885
1997-08-12 19:20:00,,-26.861
1997-08-12 19:40:00,,-26.843
1997-08-12 20:00:00,,-26.833
1997-08-12 20:20:00,,-26.823
1997-08-12 20:40:00,,-26.817
1997-08-12 21:00:00,,-26.811
1997-08-12 21:20:00,,-26.807
1997-08-12 21:40:00,,-26.806
1997-08-12 22:20:00,,-26.806
1997-08-12 22:40:00,,-26.811
1997-08-12 23:00:00,,-26.816
1997-08-12 23:20:00,,-26.819
1997-08-12 23:40:00,,-26.821
1997-08-13 00:00:00,,-26.823
1997-08-13 00:20:00,,-26.824
1997-08-13 00:40:00,,-26.826
1997-08-13 01:00:00,,-26.826
1997-08-13 02:20:00,,-26.83
1997-08-13 02:40:00,,-26.83
1997-08-13 03:00:00,,-26.822
1997-08-13 03:20:00,,-26.812
1997-08-13 03:40:00,,-26.801
1997-08-13 04:00:00,,-26.791
1997-08-13 04:20:00,,-26.781
1997-08-13 04:40:00,,-26.771
1997-08-13 05:00:00,,-26.763
1997-08-13 05:20:00,,-26.755
1997-08-13 05:40:00,,-26.747
1997-08-13 07:00:00,,-26.721
1997-08-13 07:20:00,,-26.722
1997-08-13 07:40:00,,-26.743
1997-08-13 08:00:00,,-26.757
1997-08-13 08:20:00,,-26.766
1997-08-13 08:40:00,,-26.77
1997-08-13 09:00:00,,-26.773
1997-08-13 11:20:00,,-26.773
1997-08-13 11:40:00,,-26.771
1997-08-13 12:00:00,,-26.767
1997-08-13 12:20:00,,-26.764
1997-08-13 12:40:00,,-26.743
1997-08-13 13:00:00,,-26.712
1997-08-13 13:20:00,,-26.689
1997-08-13 13:40:00,,-26.671
1997-08-13 14:00:00,,-26.656
1997-08-13 14:20:00,,-26.644
1997-08-13 14:40:00,,-26.634
1997-08-13 15:00:00,,-26.624
1997-08-13 15:20:00,,-26.615
1997-08-13 15:40:00,,-26.607
1997-08-13 16:00:00,,-26.601
1997-08-13 16:20:00,,-26.594
1997-08-13 16:40:00,,-26.589
1997-08-13 17:00:00,,-26.584
1997-08-13 17:20:00,,-26.579
1997-08-13 17:40:00,,-26.576
1997-08-13 18:00:00,,-26.571
1997-08-13 18:20:00,,-26.567
1997-08-13 18:40:00,,-26.562
1997-08-13 19:00:00,,-26.559
1997-08-13 19:20:00,,-26.556
1997-08-13 19:40:00,,-26.552
1997-08-13 20:00:00,,-26.548
1997-08-13 20:20:00,,-26.546
1997-08-13 20:40:00,,-26.542
1997-08-13 21:00:00,,-26.539
1997-08-13 21:20:00,,-26.537
1997-08-13 22:00:00,,-26.537
1997-08-13 22:20:00,,-26.542
1997-08-13 22:40:00,,-26.55
1997-08-13 23:00:00,,-26.557
1997-08-13 23:20:00,,-26.564
1997-08-13 23:40:00,,-26.57
1997-08-14 00:00:00,,-26.576
1997-08-14 00:20:00,,-26.583
1997-08-14 00:40:00,,-26.589
1997-08-14 01:00:00,,-26.595
1997-08-14 01:20:00,,-26.601
1997-08-14 01:40:00,,-26.606
1997-08-14 02:00:00,,-26.611
1997-08-14 02:20:00,,-26.613
1997-08-14 03:00:00,,-26.613
1997-08-14 03:20:00,,-26.607
1997-08-14 03:40:00,,-26.6
1997-08-14 04:00:00,,-26.593
1997-08-14 04:20:00,,-26.586
1997-08-14 04:40:00,,-26.58
1997-08-14 05:00:00,,-26.574
1997-08-14 05:20:00,,-26.57
1997-08-14 05:40:00,,-26.565
1997-08-14 06:00:00,,-26.56
1997-08-14 06:20:00,,-26.556
1997-08-14 06:40:00,,-26.552
1997-08-14 07:00:00,,-26.547
1997-08-14 07:20:00,,-26.567
1997-08-14 07:40:00,,-26.575
1997-08-14 08:00:00,,-26.564
1997-08-14 08:20:00,,-26.552
1997-08-14 08:40:00,,-26.543
1997-08-14 09:00:00,,-26.536
1997-08-14 09:20:00,,-26.529
1997-08-14 09:40:00,,-26.523
1997-08-14 10:00:00,,-26.518
1997-08-14 10:20:00,,-26.512
1997-08-14 10:40:00,,-26.509
1997-08-14 11:00:00,,-26.528
1997-08-14 11:20:00,,-26.545
1997-08-14 11:40:00,,-26.556
1997-08-14 12:00:00,,-26.564
1997-08-14 12:20:00,,-26.557
1997-08-14 12:40:00,,-26.533
1997-08-14 13:00:00,,-26.515
1997-08-14 13:20:00,,-26.501
1997-08-14 13:40:00,,-26.49
1997-08-14 14:00:00,,-26.481
1997-08-14 14:20:00,,-26.473
1997-08-14 14:40:00,,-26.47
1997-08-14 15:00:00,,-26.463
1997-08-14 15:20:00,,-26.461
1997-08-14 15:40:00,,-26.459
1997-08-14 16:00:00,,-26.463
1997-08-14 16:20:00,,-26.493
1997-08-14 16:40:00,,-26.516
1997-08-14 17:00:00,,-26.534
1997-08-14 17:20:00,,-26.55
1997-08-14 17:40:00,,-26.563
1997-08-14 18:00:00,,-26.572
1997-08-14 18:20:00,,-26.581
1997-08-14 18:40:00,,-26.567
1997-08-14 19:00:00,,-26.552
1997-08-14 19:20:00,,-26.542
1997-08-14 19:40:00,,-26.535
1997-08-14 20:00:00,,-26.529
1997-08-14 20:20:00,,-26.525
1997-08-14 20:40:00,,-26.519
1997-08-14 21:00:00,,-26.514
1997-08-14 21:20:00,,-26.511
1997-08-14 21:40:00,,-26.51
1997-08-14 22:20:00,,-26.51
1997-08-14 23:40:00,,-26.535
1997-08-15 00:00:00,,-26.54
1997-08-15 00:20:00,,-26.545
1997-08-15 00:40:00,,-26.551
1997-08-15 01:00:00,,-26.557
1997-08-15 01:20:00,,-26.56
1997-08-15 01:40:00,,-26.565
1997-08-15 02:00:00,,-26.569
1997-08-15 02:20:00,,-26.57
1997-08-15 03:00:00,,-26.57
1997-08-15 03:20:00,,-26.563
1997-08-15 03:40:00,,-26.555
1997-08-15 04:00:00,,-26.547
1997-08-15 04:20:00,,-26.541
1997-08-15 04:40:00,,-26.534
1997-08-15 05:00:00,,-26.527
1997-08-15 05:20:00,,-26.522
1997-08-15 05:40:00,,-26.517
1997-08-15 06:00:00,,-26.512
1997-08-15 06:20:00,,-26.51
1997-08-15 06:40:00,,-26.508
1997-08-15 07:00:00,,-26.536
1997-08-15 07:20:00,,-26.54
1997-08-15 07:40:00,,-26.528
1997-08-15 08:00:00,,-26.518
1997-08-15 08:20:00,,-26.511
1997-08-15 08:40:00,,-26.507
1997-08-15 09:20:00,,-26.507
1997-08-15 09:40:00,,-26.51
1997-08-15 10:00:00,,-26.516
1997-08-15 10:20:00,,-26.523
1997-08-15 10:40:00,,-26.529
1997-08-15 11:00:00,,-26.534
1997-08-15 11:20:00,,-26.538
1997-08-15 11:40:00,,-26.543
1997-08-15 12:00:00,,-26.546
1997-08-15 12:20:00,,-26.549
1997-08-15 12:40:00,,-26.551
1997-08-15 14:00:00,,-26.555
1997-08-15 14:20:00,,-26.557
1997-08-15 14:40:00,,-26.558
1997-08-15 15:00:00,,-26.559
1997-08-15 16:20:00,,-26.566
1997-08-15 16:40:00,,-26.567
1997-08-15 17:20:00,,-26.567
1997-08-15 17:40:00,,-26.565
1997-08-15 18:00:00,,-26.557
1997-08-15 18:20:00,,-26.555
1997-08-15 19:20:00,,-26.555
1997-08-15 19:40:00,,-26.557
1997-08-15 20:20:00,,-26.557
1997-08-15 20:40:00,,-26.55
1997-08-15 21:00:00,,-26.541
1997-08-15 21:20:00,,-26.534
1997-08-15 21:40:00,,-26.531
1997-08-15 22:40:00,,-26.531
1997-08-15 23:00:00,,-26.536
1997-08-15 23:20:00,,-26.54
1997-08-16 01:40:00,,-26.564
1997-08-16 02:00:00,,-26.566
1997-08-16 02:40:00,,-26.566
1997-08-16 03:00:00,,-26.561
1997-08-16 03:20:00,,-26.552
1997-08-16 03:40:00,,-26.543
1997-08-16 04:00:00,,-26.533
1997-08-16 04:20:00,,-26.525
1997-08-16 04:40:00,,-26.517
1997-08-16 05:00:00,,-26.511
1997-08-16 05:20:00,,-26.505
1997-08-16 05:40:00,,-26.499
1997-08-16 06:00:00,,-26.497
1997-08-16 06:20:00,,-26.522
1997-08-16 06:40:00,,-26.533
1997-08-16 07:00:00,,-26.521
1997-08-16 07:20:00,,-26.505
1997-08-16 07:40:00,,-26.493
1997-08-16 08:00:00,,-26.487
1997-08-16 08:20:00,,-26.51
1997-08-16 08:40:00,,-26.524
1997-08-16 09:00:00,,-26.535
1997-08-16 09:20:00,,-26.543
1997-08-16 09:40:00,,-26.548
1997-08-16 10:00:00,,-26.553
1997-08-16 10:20:00,,-26.558
1997-08-16 10:40:00,,-26.561
1997-08-16 11:00:00,,-26.564
1997-08-16 11:20:00,,-26.568
1997-08-16 11:40:00,,-26.572
1997-08-16 13:00:00,,-26.59
1997-08-16 13:20:00,,-26.594
1997-08-16 13:40:00,,-26.598
1997-08-16 14:00:00,,-26.605
1997-08-16 14:20:00,,-26.615
1997-08-16 14:40:00,,-26.63
1997-08-16 15:00:00,,-26.647
1997-08-16 15:20:00,,-26.665
1997-08-16 15:40:00,,-26.683
1997-08-16 16:00:00,,-26.699
1997-08-16 16:20:00,,-26.71
1997-08-16 16:40:00,,-26.716
1997-08-16 17:00:00,,-26.721
1997-08-16 18:20:00,,-26.729
1997-08-16 18:40:00,,-26.733
1997-08-16 19:00:00,,-26.717
1997-08-16 19:20:00,,-26.694
1997-08-16 19:40:00,,-26.681
1997-08-16 20:00:00,,-26.671
1997-08-16 20:20:00,,-26.663
1997-08-16 20:40:00,,-26.658
1997-08-16 21:00:00,,-26.654
1997-08-16 21:20:00,,-26.653
1997-08-16 21:40:00,,-26.653
1997-08-16 22:00:00,,-26.655
1997-08-16 22:20:00,,-26.666
1997-08-16 22:40:00,,-26.675
1997-08-16 23:00:00,,-26.684
1997-08-16 23:20:00,,-26.693
1997-08-16 23:40:00,,-26.701
1997-08-17 00:00:00,,-26.707
1997-08-17 00:20:00,,-26.714
1997-08-17 00:40:00,,-26.721
1997-08-17 01:00:00,,-26.726
1997-08-17 01:20:00,,-26.731
1997-08-17 01:40:00,,-26.736
1997-08-17 02:00:00,,-26.739
1997-08-17 02:20:00,,-26.74
1997-08-17 02:40:00,,-26.74
1997-08-17 03:00:00,,-26.739
1997-08-17 03:20:00,,-26.733
1997-08-17 03:40:00,,-26.727
1997-08-17 04:00:00,,-26.721
1997-08-17 04:20:00,,-26.716
1997-08-17 04:40:00,,-26.712
1997-08-17 05:00:00,,-26.708
1997-08-17 05:20:00,,-26.705
1997-08-17 05:40:00,,-26.703
1997-08-17 06:00:00,,-26.709
1997-08-17 06:20:00,,-26.736
1997-08-17 06:40:00,,-26.756
1997-08-17 07:00:00,,-26.77
1997-08-17 07:20:00,,-26.782
1997-08-17 07:40:00,,-26.791
1997-08-17 08:00:00,,-26.799
1997-08-17 08:20:00,,-26.807
1997-08-17 08:40:00,,-26.814
1997-08-17 09:00:00,,-26.801
1997-08-17 09:20:00,,-26.781
1997-08-17 09:40:00,,-26.766
1997-08-17 10:00:00,,-26.756
1997-08-17 10:20:00,,-26.748
1997-08-17 10:40:00,,-26.74
1997-08-17 11:00:00,,-26.734
1997-08-17 11:20:00,,-26.729
1997-08-17 12:40:00,,-26.712
1997-08-17 13:00:00,,-26.707
1997-08-17 13:20:00,,-26.703
1997-08-17 13:40:00,,-26.7
1997-08-17 14:00:00,,-26.695
1997-08-17 14:20:00,,-26.691
1997-08-17 14:40:00,,-26.688
1997-08-17 15:00:00,,-26.686
1997-08-17 15:20:00,,-26.683
1997-08-17 15:40:00,,-26.681
1997-08-17 16:00:00,,-26.678
1997-08-17 17:20:00,,-26.667
1997-08-17 17:40:00,,-26.666
1997-08-17 18:00:00,,-26.665
1997-08-17 19:40:00,,-26.665
1997-08-17 20:00:00,,-26.664
1997-08-17 20:20:00,,-26.662
1997-08-17 20:40:00,,-26.66
1997-08-17 21:00:00,,-26.657
1997-08-17 21:20:00,,-26.652
1997-08-17 21:40:00,,-26.65
1997-08-17 22:00:00,,-26.648
1997-08-17 22:40:00,,-26.648
1997-08-17 23:00:00,,-26.649
1997-08-17 23:20:00,,-26.653
1997-08-17 23:40:00,,-26.659
1997-08-18 00:00:00,,-26.663
1997-08-18 00:20:00,,-26.666
1997-08-18 00:40:00,,-26.669
1997-08-18 01:00:00,,-26.671
1997-08-18 01:20:00,,-26.673
1997-08-18 01:40:00,,-26.674
1997-08-18 02:20:00,,-26.674
1997-08-18 02:40:00,,-26.676
1997-08-18 03:20:00,,-26.676
1997-08-18 03:40:00,,-26.666
1997-08-18 04:00:00,,-26.654
1997-08-18 04:20:00,,-26.642
1997-08-18 04:40:00,,-26.632
1997-08-18 05:00:00,,-26.621
1997-08-18 05:20:00,,-26.611
1997-08-18 05:40:00,,-26.604
1997-08-18 06:00:00,,-26.598
1997-08-18 06:20:00,,-26.591
1997-08-18 06:40:00,,-26.587
1997-08-18 07:00:00,,-26.582
1997-08-18 07:20:00,,-26.588
1997-08-18 07:40:00,,-26.588
1997-08-18 08:00:00,,-26.582
1997-08-18 08:20:00,,-26.579
1997-08-18 08:40:00,,-26.596
1997-08-18 09:00:00,,-26.63
1997-08-18 09:20:00,,-26.645
1997-08-18 09:40:00,,-26.664
1997-08-18 10:00:00,,-26.686
1997-08-18 10:20:00,,-26.705
1997-08-18 10:40:00,,-26.722
1997-08-18 11:00:00,,-26.733
1997-08-18 11:20:00,,-26.738
1997-08-18 12:00:00,,-26.738
1997-08-18 12:20:00,,-26.718
1997-08-18 12:40:00,,-26.7
1997-08-18 13:00:00,,-26.688
1997-08-18 13:20:00,,-26.682
1997-08-18 13:40:00,,-26.676
1997-08-18 14:00:00,,-26.673
1997-08-18 14:20:00,,-26.67
1997-08-18 14:40:00,,-26.667
1997-08-18 16:00:00,,-26.662
1997-08-18 16:20:00,,-26.667
1997-08-18 16:40:00,,-26.693
1997-08-18 17:00:00,,-26.706
1997-08-18 17:20:00,,-26.712
1997-08-18 17:40:00,,-26.688
1997-08-18 18:00:00,,-26.663
1997-08-18 18:20:00,,-26.645
1997-08-18 18:40:00,,-26.629
1997-08-18 19:00:00,,-26.617
1997-08-18 19:20:00,,-26.606
1997-08-18 19:40:00,,-26.596
1997-08-18 20:00:00,,-26.588
1997-08-18 20:20:00,,-26.58
1997-08-18 20:40:00,,-26.572
1997-08-18 21:00:00,,-26.566
1997-08-18 21:20:00,,-26.559
1997-08-18 21:40:00,,-26.554
1997-08-18 22:00:00,,-26.548
1997-08-18 22:20:00,,-26.542
1997-08-18 22:40:00,,-26.539
1997-08-18 23:00:00,,-26.536
1997-08-18 23:40:00,,-26.536
1997-08-19 01:00:00,,-26.563
1997-08-19 01:20:00,,-26.568
1997-08-19 01:40:00,,-26.572
1997-08-19 02:00:00,,-26.576
1997-08-19 02:20:00,,-26.58
1997-08-19 02:40:00,,-26.582
1997-08-19 03:00:00,,-26.585
1997-08-19 03:20:00,,-26.587
1997-08-19 04:20:00,,-26.587
1997-08-19 04:40:00,,-26.578
1997-08-19 05:00:00,,-26.568
1997-08-19 05:20:00,,-26.557
1997-08-19 05:40:00,,-26.548
1997-08-19 06:00:00,,-26.539
1997-08-19 06:20:00,,-26.531
1997-08-19 06:40:00,,-26.524
1997-08-19 07:00:00,,-26.518
1997-08-19 07:20:00,,-26.512
1997-08-19 07:40:00,,-26.506
1997-08-19 08:00:00,,-26.508
1997-08-19 08:20:00,,-26.534
1997-08-19 08:40:00,,-26.542
1997-08-19 09:00:00,,-26.532
1997-08-19 09:20:00,,-26.524
1997-08-19 09:40:00,,-26.522
1997-08-19 10:00:00,,-26.522
1997-08-19 10:20:00,,-26.533
1997-08-19 12:00:00,,-26.598
1997-08-19 12:20:00,,-26.609
1997-08-19 12:40:00,,-26.62
1997-08-19 13:00:00,,-26.63
1997-08-19 13:20:00,,-26.64
1997-08-19 13:40:00,,-26.649
1997-08-19 14:00:00,,-26.656
1997-08-19 14:20:00,,-26.664
1997-08-19 14:40:00,,-26.668
1997-08-19 15:00:00,,-26.669
1997-08-19 15:20:00,,-26.669
1997-08-19 15:40:00,,-26.665
1997-08-19 16:00:00,,-26.668
1997-08-19 16:20:00,,-26.688
1997-08-19 16:40:00,,-26.703
1997-08-19 17:00:00,,-26.713
1997-08-19 17:20:00,,-26.717
1997-08-19 18:20:00,,-26.717
1997-08-19 18:40:00,,-26.715
1997-08-19 19:00:00,,-26.714
1997-08-19 19:20:00,,-26.685
1997-08-19 19:40:00,,-26.656
1997-08-19 20:00:00,,-26.636
1997-08-19 20:20:00,,-26.62
1997-08-19 20:40:00,,-26.608
1997-08-19 21:00:00,,-26.599
1997-08-19 21:20:00,,-26.59
1997-08-19 21:40:00,,-26.583
1997-08-19 22:00:00,,-26.576
1997-08-19 22:20:00,,-26.57
1997-08-19 22:40:00,,-26.564
1997-08-19 23:00:00,,-26.558
1997-08-19 23:20:00,,-26.553
1997-08-19 23:40:00,,-26.546
1997-08-20 00:00:00,,-26.543
1997-08-20 00:20:00,,-26.542
1997-08-20 00:40:00,,-26.542
1997-08-20 01:00:00,,-26.545
1997-08-20 01:20:00,,-26.552
1997-08-20 01:40:00,,-26.559
1997-08-20 02:00:00,,-26.564
1997-08-20 02:20:00,,-26.57
1997-08-20 02:40:00,,-26.575
1997-08-20 03:00:00,,-26.581
1997-08-20 03:20:00,,-26.587
1997-08-20 03:40:00,,-26.59
1997-08-20 04:00:00,,-26.594
1997-08-20 04:20:00,,-26.599
1997-08-20 04:40:00,,-26.603
1997-08-20 05:00:00,,-26.604
1997-08-20 05:40:00,,-26.604
1997-08-20 07:00:00,,-26.574
1997-08-20 07:20:00,,-26.573
1997-08-20 07:40:00,,-26.573
1997-08-20 08:00:00,,-26.579
1997-08-20 08:20:00,,-26.599
1997-08-20 08:40:00,,-26.614
1997-08-20 09:00:00,,-26.626
1997-08-20 09:20:00,,-26.635
1997-08-20 09:40:00,,-26.644
1997-08-20 10:00:00,,-26.654
1997-08-20 10:20:00,,-26.667
1997-08-20 10:40:00,,-26.684
1997-08-20 11:00:00,,-26.702
1997-08-20 11:20:00,,-26.722
1997-08-20 11:40:00,,-26.741
1997-08-20 12:00:00,,-26.76
1997-08-20 12:20:00,,-26.776
1997-08-20 12:40:00,,-26.79
1997-08-20 13:00:00,,-26.798
1997-08-20 13:20:00,,-26.802
1997-08-20 13:40:00,,-26.803
1997-08-20 14:00:00,,-26.798
1997-08-20 14:20:00,,-26.77
1997-08-20 14:40:00,,-26.748
1997-08-20 15:00:00,,-26.733
1997-08-20 15:20:00,,-26.721
1997-08-20 15:40:00,,-26.711
1997-08-20 16:00:00,,-26.702
1997-08-20 16:20:00,,-26.697
1997-08-20 16:40:00,,-26.691
1997-08-20 17:00:00,,-26.684
1997-08-20 17:20:00,,-26.705
1997-08-20 17:40:00,,-26.728
1997-08-20 18:00:00,,-26.742
1997-08-20 18:20:00,,-26.729
1997-08-20 18:40:00,,-26.712
1997-08-20 19:00:00,,-26.702
1997-08-20 19:20:00,,-26.695
1997-08-20 19:40:00,,-26.691
1997-08-20 20:00:00,,-26.688
1997-08-20 20:20:00,,-26.686
1997-08-20 20:40:00,,-26.685
1997-08-20 21:00:00,,-26.684
1997-08-21 00:00:00,,-26.684
1997-08-21 00:20:00,,-26.687
1997-08-21 00:40:00,,-26.698
1997-08-21 01:00:00,,-26.71
1997-08-21 01:20:00,,-26.722
1997-08-21 01:40:00,,-26.734
1997-08-21 02:00:00,,-26.744
1997-08-21 02:20:00,,-26.754
1997-08-21 02:40:00,,-26.763
1997-08-21 03:00:00,,-26.774
1997-08-21 03:20:00,,-26.783
1997-08-21 03:40:00,,-26.791
1997-08-21 04:00:00,,-26.799
1997-08-21 04:20:00,,-26.808
1997-08-21 04:40:00,,-26.815
1997-08-21 05:00:00,,-26.819
1997-08-21 05:20:00,,-26.82
1997-08-21 06:00:00,,-26.82
1997-08-21 06:20:00,,-26.817
1997-08-21 06:40:00,,-26.812
1997-08-21 07:00:00,,-26.807
1997-08-21 07:20:00,,-26.804
1997-08-21 08:00:00,,-26.804
1997-08-21 08:20:00,,-26.808
1997-08-21 08:40:00,,-26.817
1997-08-21 09:00:00,,-26.827
1997-08-21 09:20:00,,-26.835
1997-08-21 09:40:00,,-26.844
1997-08-21 10:00:00,,-26.851
1997-08-21 10:20:00,,-26.882
1997-08-21 10:40:00,,-26.917
1997-08-21 11:00:00,,-26.944
1997-08-21 11:20:00,,-26.965
1997-08-21 11:40:00,,-26.982
1997-08-21 12:00:00,,-26.997
1997-08-21 12:20:00,,-27.009
1997-08-21 12:40:00,,-27.016
1997-08-21 13:00:00,,-27.018
1997-08-21 14:00:00,,-27.018
1997-08-21 14:20:00,,-27.016
1997-08-21 14:40:00,,-27.012
1997-08-21 15:00:00,,-27.008
1997-08-21 15:20:00,,-27.005
1997-08-21 15:40:00,,-27.002
1997-08-21 16:00:00,,-27
1997-08-21 16:20:00,,-26.997
1997-08-21 16:40:00,,-26.996
1997-08-21 17:00:00,,-26.994
1997-08-21 17:20:00,,-26.992
1997-08-21 17:40:00,,-26.963
1997-08-21 18:00:00,,-26.933
1997-08-21 18:20:00,,-26.912
1997-08-21 18:40:00,,-26.897
1997-08-21 19:00:00,,-26.884
1997-08-21 19:20:00,,-26.875
1997-08-21 19:40:00,,-26.868
1997-08-21 20:00:00,,-26.861
1997-08-21 20:20:00,,-26.856
1997-08-21 20:40:00,,-26.851
1997-08-21 21:00:00,,-26.846
1997-08-21 22:20:00,,-26.834
1997-08-21 22:40:00,,-26.832
1997-08-21 23:00:00,,-26.83
1997-08-21 23:20:00,,-26.828
1997-08-21 23:40:00,,-26.825
1997-08-22 00:20:00,,-26.825
1997-08-22 00:40:00,,-26.827
1997-08-22 02:00:00,,-26.865
1997-08-22 03:20:00,,-26.896
1997-08-22 04:40:00,,-26.922
1997-08-22 05:00:00,,-26.925
1997-08-22 05:20:00,,-26.926
1997-08-22 05:40:00,,-26.926
1997-08-22 06:00:00,,-26.923
1997-08-22 06:20:00,,-26.918
1997-08-22 06:40:00,,-26.913
1997-08-22 07:00:00,,-26.906
1997-08-22 07:20:00,,-26.902
1997-08-22 07:40:00,,-26.896
1997-08-22 08:00:00,,-26.894
1997-08-22 08:20:00,,-26.892
1997-08-22 08:40:00,,-26.887
1997-08-22 09:00:00,,-26.884
1997-08-22 09:20:00,,-26.878
1997-08-22 09:40:00,,-26.871
1997-08-22 10:00:00,,-26.865
1997-08-22 10:20:00,,-26.86
1997-08-22 10:40:00,,-26.854
1997-08-22 11:00:00,,-26.844
1997-08-22 11:20:00,,-26.834
1997-08-22 11:40:00,,-26.825
1997-08-22 12:00:00,,-26.814
1997-08-22 12:20:00,,-26.806
1997-08-22 12:40:00,,-26.796
1997-08-22 13:00:00,,-26.788
1997-08-22 13:20:00,,-26.784
1997-08-22 13:40:00,,-26.783
1997-08-22 14:40:00,,-26.783
1997-08-22 15:00:00,,-26.784
1997-08-22 15:20:00,,-26.786
1997-08-22 16:40:00,,-26.793
1997-08-22 17:00:00,,-26.793
1997-08-22 17:20:00,,-26.794
1997-08-22 17:40:00,,-26.795
1997-08-22 18:20:00,,-26.795
1997-08-22 18:40:00,,-26.788
1997-08-22 19:00:00,,-26.777
1997-08-22 19:20:00,,-26.764
1997-08-22 20:40:00,,-26.72
1997-08-22 21:00:00,,-26.71
1997-08-22 21:20:00,,-26.701
1997-08-22 21:40:00,,-26.693
1997-08-22 22:00:00,,-26.685
1997-08-22 22:20:00,,-26.677
1997-08-22 22:40:00,,-26.67
1997-08-22 23:00:00,,-26.664
1997-08-22 23:20:00,,-26.656
1997-08-22 23:40:00,,-26.651
1997-08-23 00:00:00,,-26.647
1997-08-23 01:00:00,,-26.647
1997-08-23 01:20:00,,-26.654
1997-08-23 01:40:00,,-26.662
1997-08-23 02:00:00,,-26.668
1997-08-23 02:20:00,,-26.674
1997-08-23 02:40:00,,-26.679
1997-08-23 03:00:00,,-26.685
1997-08-23 03:20:00,,-26.69
1997-08-23 03:40:00,,-26.695
1997-08-23 04:00:00,,-26.7
1997-08-23 04:20:00,,-26.703
1997-08-23 04:40:00,,-26.707
1997-08-23 05:00:00,,-26.708
1997-08-23 05:40:00,,-26.708
1997-08-23 06:00:00,,-26.7
1997-08-23 06:20:00,,-26.691
1997-08-23 06:40:00,,-26.682
1997-08-23 07:00:00,,-26.675
1997-08-23 07:20:00,,-26.69
1997-08-23 07:40:00,,-26.711
1997-08-23 08:00:00,,-26.724
1997-08-23 08:20:00,,-26.732
1997-08-23 08:40:00,,-26.737
1997-08-23 09:00:00,,-26.741
1997-08-23 09:20:00,,-26.742
1997-08-23 09:40:00,,-26.743
1997-08-23 10:00:00,,-26.744
1997-08-23 15:20:00,,-26.744
1997-08-23 15:40:00,,-26.748
1997-08-23 16:00:00,,-26.753
1997-08-23 16:20:00,,-26.758
1997-08-23 16:40:00,,-26.763
1997-08-23 17:00:00,,-26.769
1997-08-23 17:20:00,,-26.775
1997-08-23 17:40:00,,-26.78
1997-08-23 18:00:00,,-26.757
1997-08-23 18:20:00,,-26.738
1997-08-23 18:40:00,,-26.725
1997-08-23 19:00:00,,-26.717
1997-08-23 19:20:00,,-26.712
1997-08-23 19:40:00,,-26.708
1997-08-23 20:00:00,,-26.704
1997-08-23 20:20:00,,-26.702
1997-08-23 20:40:00,,-26.702
1997-08-23 21:00:00,,-26.701
1997-08-23 21:20:00,,-26.698
1997-08-23 22:00:00,,-26.698
1997-08-23 22:20:00,,-26.697
1997-08-24 00:20:00,,-26.697
1997-08-24 00:40:00,,-26.708
1997-08-24 01:00:00,,-26.721
1997-08-24 01:20:00,,-26.733
1997-08-24 01:40:00,,-26.746
1997-08-24 03:00:00,,-26.793
1997-08-24 03:20:00,,-26.803
1997-08-24 03:40:00,,-26.814
1997-08-24 04:00:00,,-26.825
1997-08-24 04:20:00,,-26.833
1997-08-24 04:40:00,,-26.843
1997-08-24 05:00:00,,-26.85
1997-08-24 05:20:00,,-26.853
1997-08-24 06:20:00,,-26.853
1997-08-24 06:40:00,,-26.851
1997-08-24 07:00:00,,-26.847
1997-08-24 07:20:00,,-26.865
1997-08-24 07:40:00,,-26.891
1997-08-24 08:00:00,,-26.904
1997-08-24 08:20:00,,-26.889
1997-08-24 08:40:00,,-26.874
1997-08-24 09:00:00,,-26.866
1997-08-24 09:20:00,,-26.859
1997-08-24 09:40:00,,-26.854
1997-08-24 11:00:00,,-26.841
1997-08-24 11:20:00,,-26.836
1997-08-24 11:40:00,,-26.833
1997-08-24 12:00:00,,-26.83
1997-08-24 12:20:00,,-26.827
1997-08-24 12:40:00,,-26.823
1997-08-24 14:00:00,,-26.814
1997-08-24 14:20:00,,-26.811
1997-08-24 14:40:00,,-26.81
1997-08-24 15:00:00,,-26.807
1997-08-24 15:20:00,,-26.805
1997-08-24 15:40:00,,-26.803
1997-08-24 16:00:00,,-26.801
1997-08-24 16:20:00,,-26.8
1997-08-24 16:40:00,,-26.799
1997-08-24 17:00:00,,-26.798
1997-08-24 17:20:00,,-26.798
1997-08-24 17:40:00,,-26.797
1997-08-24 18:00:00,,-26.797
1997-08-24 18:20:00,,-26.795
1997-08-24 18:40:00,,-26.795
1997-08-24 19:00:00,,-26.794
1997-08-24 20:20:00,,-26.794
1997-08-24 20:40:00,,-26.792
1997-08-24 21:00:00,,-26.792
1997-08-24 21:20:00,,-26.79
1997-08-24 22:00:00,,-26.79
1997-08-24 22:20:00,,-26.789
1997-08-24 22:40:00,,-26.788
1997-08-24 23:20:00,,-26.788
1997-08-24 23:40:00,,-26.786
1997-08-25 00:20:00,,-26.786
1997-08-25 00:40:00,,-26.793
1997-08-25 01:00:00,,-26.804
1997-08-25 01:20:00,,-26.815
1997-08-25 01:40:00,,-26.826
1997-08-25 02:00:00,,-26.836
1997-08-25 02:20:00,,-26.847
1997-08-25 02:40:00,,-26.858
1997-08-25 03:00:00,,-26.867
1997-08-25 03:20:00,,-26.877
1997-08-25 03:40:00,,-26.887
1997-08-25 04:00:00,,-26.896
1997-08-25 04:20:00,,-26.905
1997-08-25 04:40:00,,-26.913
1997-08-25 05:00:00,,-26.919
1997-08-25 05:20:00,,-26.921
1997-08-25 06:00:00,,-26.921
1997-08-25 06:20:00,,-26.919
1997-08-25 06:40:00,,-26.916
1997-08-25 07:00:00,,-26.911
1997-08-25 07:20:00,,-26.906
1997-08-25 07:40:00,,-26.903
1997-08-25 08:00:00,,-26.899
1997-08-25 09:20:00,,-26.874
1997-08-25 09:40:00,,-26.864
1997-08-25 10:00:00,,-26.854
1997-08-25 10:20:00,,-26.846
1997-08-25 10:40:00,,-26.836
1997-08-25 11:00:00,,-26.826
1997-08-25 11:20:00,,-26.816
1997-08-25 11:40:00,,-26.805
1997-08-25 12:00:00,,-26.795
1997-08-25 12:20:00,,-26.785
1997-08-25 12:40:00,,-26.774
1997-08-25 13:00:00,,-26.765
1997-08-25 13:20:00,,-26.756
1997-08-25 13:40:00,,-26.747
1997-08-25 14:00:00,,-26.739
1997-08-25 14:20:00,,-26.73
1997-08-25 14:40:00,,-26.722
1997-08-25 15:00:00,,-26.714
1997-08-25 15:20:00,,-26.707
1997-08-25 15:40:00,,-26.7
1997-08-25 16:00:00,,-26.694
1997-08-25 16:20:00,,-26.687
1997-08-25 16:40:00,,-26.68
1997-08-25 18:00:00,,-26.659
1997-08-25 18:20:00,,-26.653
1997-08-25 18:40:00,,-26.648
1997-08-25 19:00:00,,-26.643
1997-08-25 19:20:00,,-26.65
1997-08-25 19:40:00,,-26.676
1997-08-25 20:00:00,,-26.693
1997-08-25 20:20:00,,-26.705
1997-08-25 20:40:00,,-26.713
1997-08-25 21:00:00,,-26.719
1997-08-25 21:20:00,,-26.723
1997-08-25 21:40:00,,-26.726
1997-08-25 23:00:00,,-26.731
1997-08-25 23:40:00,,-26.731
1997-08-26 00:00:00,,-26.733
1997-08-26 00:20:00,,-26.739
1997-08-26 00:40:00,,-26.75
1997-08-26 01:00:00,,-26.76
1997-08-26 01:20:00,,-26.772
1997-08-26 01:40:00,,-26.783
1997-08-26 02:00:00,,-26.794
1997-08-26 02:20:00,,-26.803
1997-08-26 02:40:00,,-26.813
1997-08-26 03:00:00,,-26.823
1997-08-26 04:20:00,,-26.86
1997-08-26 04:40:00,,-26.869
1997-08-26 05:00:00,,-26.874
1997-08-26 05:20:00,,-26.878
1997-08-26 06:00:00,,-26.878
1997-08-26 06:20:00,,-26.877
1997-08-26 06:40:00,,-26.871
1997-08-26 07:00:00,,-26.869
1997-08-26 07:20:00,,-26.866
1997-08-26 07:40:00,,-26.864
1997-08-26 09:20:00,,-26.864
1997-08-26 09:40:00,,-26.862
1997-08-26 11:00:00,,-26.848
1997-08-26 11:20:00,,-26.844
1997-08-26 11:40:00,,-26.84
1997-08-26 12:00:00,,-26.835
1997-08-26 12:20:00,,-26.832
1997-08-26 12:40:00,,-26.827
1997-08-26 13:00:00,,-26.822
1997-08-26 13:20:00,,-26.819
1997-08-26 13:40:00,,-26.816
1997-08-26 14:00:00,,-26.814
1997-08-26 14:20:00,,-26.812
1997-08-26 15:40:00,,-26.812
1997-08-26 16:00:00,,-26.815
1997-08-26 16:20:00,,-26.792
1997-08-26 16:40:00,,-26.773
1997-08-26 17:00:00,,-26.76
1997-08-26 17:20:00,,-26.752
1997-08-26 17:40:00,,-26.747
1997-08-26 18:00:00,,-26.743
1997-08-26 18:20:00,,-26.739
1997-08-26 18:40:00,,-26.736
1997-08-26 19:00:00,,-26.734
1997-08-26 19:20:00,,-26.73
1997-08-26 19:40:00,,-26.726
1997-08-26 20:00:00,,-26.722
1997-08-26 20:20:00,,-26.716
1997-08-26 20:40:00,,-26.71
1997-08-26 22:00:00,,-26.684
1997-08-26 22:20:00,,-26.676
1997-08-26 22:40:00,,-26.668
1997-08-26 23:00:00,,-26.662
1997-08-26 23:20:00,,-26.656
1997-08-26 23:40:00,,-26.649
1997-08-27 00:00:00,,-26.645
1997-08-27 00:20:00,,-26.644
1997-08-27 01:00:00,,-26.644
1997-08-27 01:20:00,,-26.649
1997-08-27 01:40:00,,-26.654
1997-08-27 02:00:00,,-26.659
1997-08-27 02:20:00,,-26.665
1997-08-27 02:40:00,,-26.67
1997-08-27 03:00:00,,-26.674
1997-08-27 04:40:00,,-26.701
1997-08-27 05:00:00,,-26.702
1997-08-27 05:40:00,,-26.702
1997-08-27 06:00:00,,-26.699
1997-08-27 06:20:00,,-26.693
1997-08-27 06:40:00,,-26.686
1997-08-27 07:00:00,,-26.68
1997-08-27 07:20:00,,-26.702
1997-08-27 07:40:00,,-26.724
1997-08-27 08:00:00,,-26.736
1997-08-27 08:20:00,,-26.749
1997-08-27 08:40:00,,-26.762
1997-08-27 09:00:00,,-26.776
1997-08-27 09:20:00,,-26.791
1997-08-27 09:40:00,,-26.802
1997-08-27 10:00:00,,-26.81
1997-08-27 10:20:00,,-26.811
1997-08-27 10:40:00,,-26.813
1997-08-27 11:00:00,,-26.785
1997-08-27 11:20:00,,-26.753
1997-08-27 11:40:00,,-26.728
1997-08-27 12:00:00,,-26.712
1997-08-27 12:20:00,,-26.705
1997-08-27 12:40:00,,-26.702
1997-08-27 13:00:00,,-26.7
1997-08-27 13:20:00,,-26.7
1997-08-27 13:40:00,,-26.693
1997-08-27 14:00:00,,-26.687
1997-08-27 14:20:00,,-26.683
1997-08-27 14:40:00,,-26.714
1997-08-27 15:00:00,,-26.737
1997-08-27 15:20:00,,-26.755
1997-08-27 15:40:00,,-26.77
1997-08-27 16:00:00,,-26.784
1997-08-27 16:20:00,,-26.795
1997-08-27 16:40:00,,-26.806
1997-08-27 17:00:00,,-26.816
1997-08-27 17:20:00,,-26.826
1997-08-27 17:40:00,,-26.835
1997-08-27 18:00:00,,-26.84
1997-08-27 18:20:00,,-26.814
1997-08-27 18:40:00,,-26.787
1997-08-27 19:00:00,,-26.769
1997-08-27 19:20:00,,-26.754
1997-08-27 19:40:00,,-26.744
1997-08-27 20:00:00,,-26.734
1997-08-27 20:20:00,,-26.725
1997-08-27 20:40:00,,-26.716
1997-08-27 21:00:00,,-26.708
1997-08-27 21:20:00,,-26.7
1997-08-27 22:40:00,,-26.664
1997-08-27 23:00:00,,-26.656
1997-08-27 23:20:00,,-26.648
1997-08-27 23:40:00,,-26.64
1997-08-28 00:00:00,,-26.633
1997-08-28 00:20:00,,-26.631
1997-08-28 01:20:00,,-26.631
1997-08-28 01:40:00,,-26.635
1997-08-28 02:00:00,,-26.639
1997-08-28 02:20:00,,-26.642
1997-08-28 02:40:00,,-26.647
1997-08-28 03:00:00,,-26.651
1997-08-28 03:20:00,,-26.655
1997-08-28 03:40:00,,-26.658
1997-08-28 04:00:00,,-26.661
1997-08-28 04:20:00,,-26.666
1997-08-28 04:40:00,,-26.669
1997-08-28 05:00:00,,-26.671
1997-08-28 05:40:00,,-26.671
1997-08-28 06:00:00,,-26.666
1997-08-28 06:20:00,,-26.66
1997-08-28 06:40:00,,-26.652
1997-08-28 07:00:00,,-26.67
1997-08-28 07:20:00,,-26.69
1997-08-28 07:40:00,,-26.703
1997-08-28 08:00:00,,-26.69
1997-08-28 08:20:00,,-26.67
1997-08-28 08:40:00,,-26.655
1997-08-28 09:00:00,,-26.644
1997-08-28 09:20:00,,-26.634
1997-08-28 09:40:00,,-26.627
1997-08-28 10:00:00,,-26.619
1997-08-28 10:20:00,,-26.613
1997-08-28 10:40:00,,-26.605
1997-08-28 11:00:00,,-26.598
1997-08-28 11:20:00,,-26.592
1997-08-28 12:20:00,,-26.592
1997-08-28 12:40:00,,-26.595
1997-08-28 13:00:00,,-26.602
1997-08-28 13:20:00,,-26.609
1997-08-28 13:40:00,,-26.616
1997-08-28 14:00:00,,-26.655
1997-08-28 14:20:00,,-26.691
1997-08-28 14:40:00,,-26.719
1997-08-28 15:00:00,,-26.742
1997-08-28 15:20:00,,-26.759
1997-08-28 15:40:00,,-26.77
1997-08-28 16:00:00,,-26.777
1997-08-28 16:20:00,,-26.782
1997-08-28 16:40:00,,-26.786
1997-08-28 17:00:00,,-26.792
1997-08-28 17:20:00,,-26.774
1997-08-28 17:40:00,,-26.751
1997-08-28 18:00:00,,-26.736
1997-08-28 18:20:00,,-26.725
1997-08-28 18:40:00,,-26.72
1997-08-28 19:00:00,,-26.715
1997-08-28 19:20:00,,-26.712
1997-08-28 19:40:00,,-26.709
1997-08-28 20:00:00,,-26.707
1997-08-28 20:20:00,,-26.705
1997-08-28 20:40:00,,-26.704
1997-08-28 21:00:00,,-26.702
1997-08-28 21:20:00,,-26.701
1997-08-28 21:40:00,,-26.701
1997-08-28 22:00:00,,-26.7
1997-08-28 22:20:00,,-26.698
1997-08-28 22:40:00,,-26.698
1997-08-28 23:00:00,,-26.697
1997-08-28 23:20:00,,-26.696
1997-08-28 23:40:00,,-26.694
1997-08-29 00:20:00,,-26.694
1997-08-29 00:40:00,,-26.697
1997-08-29 01:00:00,,-26.706
1997-08-29 01:20:00,,-26.716
1997-08-29 02:40:00,,-26.753
1997-08-29 03:00:00,,-26.761
1997-08-29 03:20:00,,-26.77
1997-08-29 03:40:00,,-26.779
1997-08-29 04:00:00,,-26.787
1997-08-29 04:20:00,,-26.797
1997-08-29 04:40:00,,-26.806
1997-08-29 05:00:00,,-26.815
1997-08-29 05:20:00,,-26.851
1997-08-29 05:40:00,,-26.877
1997-08-29 06:00:00,,-26.893
1997-08-29 06:20:00,,-26.904
1997-08-29 06:40:00,,-26.913
1997-08-29 07:00:00,,-26.92
1997-08-29 07:20:00,,-26.927
1997-08-29 07:40:00,,-26.933
1997-08-29 08:00:00,,-26.938
1997-08-29 08:20:00,,-26.943
1997-08-29 08:40:00,,-26.946
1997-08-29 09:00:00,,-26.95
1997-08-29 09:20:00,,-26.952
1997-08-29 09:40:00,,-26.954
1997-08-29 10:00:00,,-26.956
1997-08-29 10:20:00,,-26.957
1997-08-29 18:00:00,,-26.957
1997-08-29 18:20:00,,-26.927
1997-08-29 18:40:00,,-26.906
1997-08-29 19:00:00,,-26.892
1997-08-29 19:20:00,,-26.882
1997-08-29 19:40:00,,-26.874
1997-08-29 20:00:00,,-26.868
1997-08-29 20:20:00,,-26.862
1997-08-29 22:40:00,,-26.834
1997-08-29 23:00:00,,-26.832
1997-08-29 23:20:00,,-26.828
1997-08-29 23:40:00,,-26.825
1997-08-30 00:00:00,,-26.822
1997-08-30 00:40:00,,-26.822
1997-08-30 01:00:00,,-26.829
1997-08-30 01:20:00,,-26.836
1997-08-30 02:40:00,,-26.865
1997-08-30 03:00:00,,-26.871
1997-08-30 03:20:00,,-26.878
1997-08-30 03:40:00,,-26.885
1997-08-30 04:00:00,,-26.892
1997-08-30 04:20:00,,-26.899
1997-08-30 04:40:00,,-26.905
1997-08-30 05:00:00,,-26.91
1997-08-30 05:20:00,,-26.911
1997-08-30 06:00:00,,-26.911
1997-08-30 06:20:00,,-26.918
1997-08-30 06:40:00,,-26.946
1997-08-30 07:00:00,,-26.965
1997-08-30 07:20:00,,-26.979
1997-08-30 07:40:00,,-26.99
1997-08-30 08:00:00,,-27.002
1997-08-30 08:20:00,,-27.015
1997-08-30 08:40:00,,-27.027
1997-08-30 09:00:00,,-27.036
1997-08-30 09:20:00,,-27.042
1997-08-30 09:40:00,,-27.046
1997-08-30 10:00:00,,-27.049
1997-08-30 10:20:00,,-27.05
1997-08-30 10:40:00,,-27.051
1997-08-30 13:40:00,,-27.051
1997-08-30 14:00:00,,-27.05
1997-08-30 14:20:00,,-27.049
1997-08-30 14:40:00,,-27.049
1997-08-30 15:00:00,,-27.048
1997-08-30 15:20:00,,-27.047
1997-08-30 15:40:00,,-27.047
1997-08-30 16:00:00,,-27.046
1997-08-30 17:40:00,,-27.046
1997-08-30 18:00:00,,-27.038
1997-08-30 18:20:00,,-27.009
1997-08-30 18:40:00,,-26.988
1997-08-30 19:00:00,,-26.972
1997-08-30 19:20:00,,-26.96
1997-08-30 19:40:00,,-26.95
1997-08-30 20:00:00,,-26.94
1997-08-30 20:20:00,,-26.93
1997-08-30 20:40:00,,-26.922
1997-08-30 22:20:00,,-26.872
1997-08-30 22:40:00,,-26.86
1997-08-30 23:00:00,,-26.85
1997-08-30 23:20:00,,-26.84
1997-08-30 23:40:00,,-26.83
1997-08-31 00:00:00,,-26.822
1997-08-31 00:20:00,,-26.818
1997-08-31 03:20:00,,-26.818
1997-08-31 03:40:00,,-26.819
1997-08-31 04:00:00,,-26.821
1997-08-31 04:20:00,,-26.821
1997-08-31 04:40:00,,-26.823
1997-08-31 05:20:00,,-26.823
1997-08-31 05:40:00,,-26.819
1997-08-31 06:00:00,,-26.81
1997-08-31 06:20:00,,-26.802
1997-08-31 06:40:00,,-26.794
1997-08-31 07:00:00,,-26.785
1997-08-31 08:40:00,,-26.752
1997-08-31 09:00:00,,-26.746
1997-08-31 09:20:00,,-26.739
1997-08-31 09:40:00,,-26.733
1997-08-31 10:00:00,,-26.726
1997-08-31 10:20:00,,-26.718
1997-08-31 10:40:00,,-26.71
1997-08-31 11:00:00,,-26.703
1997-08-31 11:20:00,,-26.695
1997-08-31 11:40:00,,-26.685
1997-08-31 12:00:00,,-26.695
1997-08-31 12:20:00,,-26.716
1997-08-31 12:40:00,,-26.728
1997-08-31 13:00:00,,-26.736
1997-08-31 13:20:00,,-26.739
1997-08-31 13:40:00,,-26.741
1997-08-31 15:40:00,,-26.741
1997-08-31 15:40:01,,NaN
1997-09-19 07:19:59,,NaN
1997-09-19 07:20:00,,-27.15
1997-09-19 07:40:00,,-27.148
1997-09-19 08:20:00,,-27.148
1997-09-19 08:40:00,,-27.151
1997-09-19 09:00:00,,-27.163
1997-09-19 09:20:00,,-27.176
1997-09-19 09:40:00,,-27.193
1997-09-19 10:00:00,,-27.209
1997-09-19 10:20:00,,-27.224
1997-09-19 10:40:00,,-27.24
1997-09-19 11:00:00,,-27.256
1997-09-19 11:20:00,,-27.271
1997-09-19 11:40:00,,-27.284
1997-09-19 12:00:00,,-27.298
1997-09-19 12:20:00,,-27.309
1997-09-19 12:40:00,,-27.318
1997-09-19 13:00:00,,-27.321
1997-09-19 14:20:00,,-27.321
1997-09-19 14:40:00,,-27.317
1997-09-19 15:00:00,,-27.313
1997-09-19 16:40:00,,-27.303
1997-09-19 17:00:00,,-27.3
1997-09-19 17:20:00,,-27.271
1997-09-19 17:40:00,,-27.242
1997-09-19 18:00:00,,-27.222
1997-09-19 18:20:00,,-27.207
1997-09-19 18:40:00,,-27.196
1997-09-19 18:40:01,,NaN
1997-10-07 09:01:59,,NaN
1997-10-07 09:02:00,,-26.79
1997-10-07 09:02:01,,NaN
1997-11-16 23:59:59,,NaN
1997-11-17 00:00:00,,-27.59
1997-11-17 00:00:01,,NaN
1998-05-31 23:59:59,,NaN
1998-06-01 00:00:00,,-26.62
1998-06-01 00:00:01,,NaN
1998-09-14 23:59:59,,NaN
1998-09-15 00:00:00,,-26.52
