#Data Set Export - Depth Below Ground.Publish@RN013931,,
Latest telemetry data is sourced directly from logging devices and is unverified. No guarantee is made as to the accuracy or reliability of the data until it is approved. Use with caution.,,
Timestamp (UTC+09:30),Event Timestamp (UTC+09:30),Value (m)
2011-06-01 11:08:00,,-17.18
2011-06-01 18:00:00,,-17.181
2011-06-02 00:00:00,,-17.207
2011-06-02 06:00:00,,-17.191
2011-06-02 12:00:00,,-17.216
2011-06-02 18:00:00,,-17.176
2011-06-03 00:00:00,,-17.198
2011-06-03 06:00:00,,-17.185
2011-06-03 12:00:00,,-17.204
2011-06-03 18:00:00,,-17.162
2011-06-04 00:00:00,,-17.179
2011-06-04 06:00:00,,-17.168
2011-06-04 12:00:00,,-17.187
2011-06-04 18:00:00,,-17.151
2011-06-05 00:00:00,,-17.17
2011-06-05 06:00:00,,-17.164
2011-06-05 12:00:00,,-17.175
2011-06-05 18:00:00,,-17.145
2011-06-06 00:00:00,,-17.165
2011-06-06 06:00:00,,-17.158
2011-06-06 12:00:00,,-17.175
2011-06-06 18:00:00,,-17.144
2011-06-07 00:00:00,,-17.155
2011-06-07 06:00:00,,-17.157
2011-06-07 12:00:00,,-17.169
2011-06-07 18:00:00,,-17.148
2011-06-08 00:00:00,,-17.163
2011-06-08 06:00:00,,-17.163
2011-06-08 12:00:00,,-17.178
2011-06-08 18:00:00,,-17.17
2011-06-09 00:00:00,,-17.174
2011-06-09 06:00:00,,-17.176
2011-06-09 12:00:00,,-17.186
2011-06-09 18:00:00,,-17.171
2011-06-10 00:00:00,,-17.191
2011-06-10 06:00:00,,-17.19
2011-06-10 12:00:00,,-17.198
2011-06-10 18:00:00,,-17.177
2011-06-11 00:00:00,,-17.198
2011-06-11 06:00:00,,-17.191
2011-06-11 12:00:00,,-17.209
2011-06-11 18:00:00,,-17.189
2011-06-12 00:00:00,,-17.204
2011-06-12 06:00:00,,-17.201
2011-06-12 12:00:00,,-17.219
2011-06-12 18:00:00,,-17.193
2011-06-13 00:00:00,,-17.21
2011-06-13 06:00:00,,-17.199
2011-06-13 12:00:00,,-17.215
2011-06-13 18:00:00,,-17.186
2011-06-14 00:00:00,,-17.208
2011-06-14 06:00:00,,-17.196
2011-06-14 12:00:00,,-17.22
2011-06-14 18:00:00,,-17.187
2011-06-15 00:00:00,,-17.214
2011-06-15 06:00:00,,-17.201
2011-06-15 12:00:00,,-17.221
2011-06-15 18:00:00,,-17.186
2011-06-16 00:00:00,,-17.203
2011-06-16 06:00:00,,-17.2
2011-06-16 12:00:00,,-17.222
2011-06-16 18:00:00,,-17.181
2011-06-17 00:00:00,,-17.205
2011-06-17 06:00:00,,-17.189
2011-06-17 12:00:00,,-17.212
2011-06-17 18:00:00,,-17.175
2011-06-18 00:00:00,,-17.205
2011-06-18 06:00:00,,-17.19
2011-06-18 12:00:00,,-17.209
2011-06-18 18:00:00,,-17.163
2011-06-19 00:00:00,,-17.181
2011-06-19 06:00:00,,-17.173
2011-06-19 12:00:00,,-17.184
2011-06-19 18:00:00,,-17.146
2011-06-20 00:00:00,,-17.168
2011-06-20 06:00:00,,-17.162
2011-06-20 12:00:00,,-17.18
2011-06-20 18:00:00,,-17.146
2011-06-21 00:00:00,,-17.165
2011-06-21 06:00:00,,-17.164
2011-06-21 12:00:00,,-17.18
2011-06-21 18:00:00,,-17.153
2011-06-22 00:00:00,,-17.173
2011-06-22 06:00:00,,-17.179
2011-06-22 12:00:00,,-17.194
2011-06-22 18:00:00,,-17.165
2011-06-23 00:00:00,,-17.182
2011-06-23 06:00:00,,-17.179
2011-06-23 12:00:00,,-17.195
2011-06-23 18:00:00,,-17.167
2011-06-24 00:00:00,,-17.178
2011-06-24 06:00:00,,-17.179
2011-06-24 12:00:00,,-17.195
2011-06-24 18:00:00,,-17.164
2011-06-25 00:00:00,,-17.182
2011-06-25 06:00:00,,-17.182
2011-06-25 12:00:00,,-17.198
2011-06-25 18:00:00,,-17.166
2011-06-26 00:00:00,,-17.183
2011-06-26 06:00:00,,-17.177
2011-06-26 12:00:00,,-17.191
2011-06-26 18:00:00,,-17.158
2011-06-27 00:00:00,,-17.173
2011-06-27 06:00:00,,-17.165
2011-06-27 12:00:00,,-17.185
2011-06-27 18:00:00,,-17.15
2011-06-28 00:00:00,,-17.177
2011-06-28 06:00:00,,-17.162
2011-06-28 12:00:00,,-17.18
2011-06-28 18:00:00,,-17.149
2011-06-29 00:00:00,,-17.171
2011-06-29 06:00:00,,-17.163
2011-06-29 12:00:00,,-17.184
2011-06-29 18:00:00,,-17.154
2011-06-30 00:00:00,,-17.185
2011-06-30 06:00:00,,-17.18
2011-06-30 12:00:00,,-17.197
2011-06-30 18:00:00,,-17.158
2011-07-01 00:00:00,,-17.176
2011-07-01 06:00:00,,-17.164
2011-07-01 12:00:00,,-17.18
2011-07-01 18:00:00,,-17.144
2011-07-02 00:00:00,,-17.165
2011-07-02 06:00:00,,-17.14
2011-07-02 12:00:00,,-17.153
2011-07-02 18:00:00,,-17.123
2011-07-03 00:00:00,,-17.123
2011-07-03 06:00:00,,-17.12
2011-07-03 12:00:00,,-17.151
2011-07-03 18:00:00,,-17.125
2011-07-04 00:00:00,,-17.128
2011-07-04 06:00:00,,-17.149
2011-07-04 12:00:00,,-17.175
2011-07-04 18:00:00,,-17.147
2011-07-05 00:00:00,,-17.179
2011-07-05 06:00:00,,-17.183
2011-07-05 12:00:00,,-17.196
2011-07-05 18:00:00,,-17.161
2011-07-06 00:00:00,,-17.176
2011-07-06 06:00:00,,-17.165
2011-07-06 12:00:00,,-17.172
2011-07-06 18:00:00,,-17.143
2011-07-07 00:00:00,,-17.169
2011-07-07 06:00:00,,-17.178
2011-07-07 12:00:00,,-17.199
2011-07-07 18:00:00,,-17.18
2011-07-08 00:00:00,,-17.204
2011-07-08 06:00:00,,-17.211
2011-07-08 12:00:00,,-17.228
2011-07-08 18:00:00,,-17.197
2011-07-09 00:00:00,,-17.207
2011-07-09 06:00:00,,-17.216
2011-07-09 12:00:00,,-17.216
2011-07-09 18:00:00,,-17.181
2011-07-10 00:00:00,,-17.199
2011-07-10 06:00:00,,-17.184
2011-07-10 12:00:00,,-17.199
2011-07-10 18:00:00,,-17.169
2011-07-11 00:00:00,,-17.183
2011-07-11 06:00:00,,-17.185
2011-07-11 12:00:00,,-17.196
2011-07-11 18:00:00,,-17.168
2011-07-12 00:00:00,,-17.182
2011-07-12 06:00:00,,-17.167
2011-07-12 12:00:00,,-17.181
2011-07-12 18:00:00,,-17.136
2011-07-13 00:00:00,,-17.157
2011-07-13 06:00:00,,-17.147
2011-07-13 12:00:00,,-17.156
2011-07-13 18:00:00,,-17.132
2011-07-14 00:00:00,,-17.157
2011-07-14 06:00:00,,-17.143
2011-07-14 12:00:00,,-17.172
2011-07-14 18:00:00,,-17.149
2011-07-15 00:00:00,,-17.177
2011-07-15 06:00:00,,-17.164
2011-07-15 12:00:00,,-17.188
2011-07-15 18:00:00,,-17.147
2011-07-16 00:00:00,,-17.17
2011-07-16 06:00:00,,-17.154
2011-07-16 12:00:00,,-17.171
2011-07-16 18:00:00,,-17.135
2011-07-17 00:00:00,,-17.157
2011-07-17 06:00:00,,-17.151
2011-07-17 12:00:00,,-17.171
2011-07-17 18:00:00,,-17.133
2011-07-18 00:00:00,,-17.16
2011-07-18 06:00:00,,-17.155
2011-07-18 12:00:00,,-17.174
2011-07-18 18:00:00,,-17.141
2011-07-19 00:00:00,,-17.166
2011-07-19 06:00:00,,-17.164
2011-07-19 12:00:00,,-17.175
2011-07-19 18:00:00,,-17.138
2011-07-20 00:00:00,,-17.164
2011-07-20 06:00:00,,-17.162
2011-07-20 12:00:00,,-17.169
2011-07-20 18:00:00,,-17.132
2011-07-21 00:00:00,,-17.152
2011-07-21 06:00:00,,-17.154
2011-07-21 12:00:00,,-17.169
2011-07-21 18:00:00,,-17.134
2011-07-22 00:00:00,,-17.147
2011-07-22 06:00:00,,-17.148
2011-07-22 12:00:00,,-17.159
2011-07-22 18:00:00,,-17.123
2011-07-23 00:00:00,,-17.137
2011-07-23 06:00:00,,-17.144
2011-07-23 12:00:00,,-17.16
2011-07-23 18:00:00,,-17.127
2011-07-24 00:00:00,,-17.142
2011-07-24 06:00:00,,-17.144
2011-07-24 12:00:00,,-17.157
2011-07-24 18:00:00,,-17.13
2011-07-25 00:00:00,,-17.148
2011-07-25 06:00:00,,-17.142
2011-07-25 12:00:00,,-17.16
2011-07-25 18:00:00,,-17.128
2011-07-26 00:00:00,,-17.149
2011-07-26 06:00:00,,-17.148
2011-07-26 12:00:00,,-17.17
2011-07-26 18:00:00,,-17.138
2011-07-27 00:00:00,,-17.157
2011-07-27 06:00:00,,-17.156
2011-07-27 12:00:00,,-17.181
2011-07-27 18:00:00,,-17.146
2011-07-28 00:00:00,,-17.161
2011-07-28 06:00:00,,-17.15
2011-07-28 12:00:00,,-17.17
2011-07-28 12:11:00,,-17.17
2011-07-28 18:00:00,,-17.17
2011-07-29 00:00:00,,-17.19
2011-07-29 06:00:00,,-17.173
2011-07-29 12:00:00,,-17.199
2011-07-29 18:00:00,,-17.159
2011-07-30 00:00:00,,-17.179
2011-07-30 06:00:00,,-17.164
2011-07-30 12:00:00,,-17.19
2011-07-30 18:00:00,,-17.152
2011-07-31 00:00:00,,-17.176
2011-07-31 06:00:00,,-17.163
2011-07-31 12:00:00,,-17.196
2011-07-31 18:00:00,,-17.16
2011-08-01 00:00:00,,-17.192
2011-08-01 06:00:00,,-17.182
2011-08-01 12:00:00,,-17.207
2011-08-01 18:00:00,,-17.168
2011-08-02 00:00:00,,-17.193
2011-08-02 06:00:00,,-17.188
2011-08-02 12:00:00,,-17.214
2011-08-02 18:00:00,,-17.172
2011-08-03 00:00:00,,-17.189
2011-08-03 06:00:00,,-17.187
2011-08-03 12:00:00,,-17.204
2011-08-03 18:00:00,,-17.166
2011-08-04 00:00:00,,-17.177
2011-08-04 06:00:00,,-17.171
2011-08-04 12:00:00,,-17.19
2011-08-04 18:00:00,,-17.153
2011-08-05 00:00:00,,-17.169
2011-08-05 06:00:00,,-17.164
2011-08-05 12:00:00,,-17.179
2011-08-05 18:00:00,,-17.159
2011-08-06 00:00:00,,-17.175
2011-08-06 06:00:00,,-17.177
2011-08-06 12:00:00,,-17.193
2011-08-06 18:00:00,,-17.169
2011-08-07 00:00:00,,-17.177
2011-08-07 06:00:00,,-17.18
2011-08-07 12:00:00,,-17.201
2011-08-07 18:00:00,,-17.174
2011-08-08 00:00:00,,-17.184
2011-08-08 06:00:00,,-17.18
2011-08-08 12:00:00,,-17.195
2011-08-08 18:00:00,,-17.163
2011-08-09 00:00:00,,-17.172
2011-08-09 06:00:00,,-17.159
2011-08-09 12:00:00,,-17.171
2011-08-09 18:00:00,,-17.124
2011-08-10 00:00:00,,-17.141
2011-08-10 06:00:00,,-17.134
2011-08-10 12:00:00,,-17.161
2011-08-10 18:00:00,,-17.133
2011-08-11 00:00:00,,-17.162
2011-08-11 06:00:00,,-17.156
2011-08-11 12:00:00,,-17.183
2011-08-11 18:00:00,,-17.152
2011-08-12 00:00:00,,-17.179
2011-08-12 06:00:00,,-17.167
2011-08-12 12:00:00,,-17.196
2011-08-12 18:00:00,,-17.154
2011-08-13 00:00:00,,-17.179
2011-08-13 06:00:00,,-17.179
2011-08-13 12:00:00,,-17.204
2011-08-13 18:00:00,,-17.17
2011-08-14 00:00:00,,-17.198
2011-08-14 06:00:00,,-17.199
2011-08-14 12:00:00,,-17.224
2011-08-14 18:00:00,,-17.181
2011-08-15 00:00:00,,-17.206
2011-08-15 06:00:00,,-17.197
2011-08-15 12:00:00,,-17.213
2011-08-15 18:00:00,,-17.162
2011-08-16 00:00:00,,-17.178
2011-08-16 06:00:00,,-17.161
2011-08-16 12:00:00,,-17.187
2011-08-16 18:00:00,,-17.169
2011-08-17 00:00:00,,-17.14
2011-08-17 06:00:00,,-17.123
2011-08-17 12:00:00,,-17.191
2011-08-17 18:00:00,,-17.171
2011-08-18 00:00:00,,-17.202
2011-08-18 06:00:00,,-17.206
2011-08-18 12:00:00,,-17.237
2011-08-18 18:00:00,,-17.207
2011-08-19 00:00:00,,-17.225
2011-08-19 06:00:00,,-17.225
2011-08-19 12:00:00,,-17.243
2011-08-19 18:00:00,,-17.209
2011-08-20 00:00:00,,-17.226
2011-08-20 06:00:00,,-17.23
2011-08-20 12:00:00,,-17.246
2011-08-20 18:00:00,,-17.212
2011-08-21 00:00:00,,-17.227
2011-08-21 06:00:00,,-17.228
2011-08-21 12:00:00,,-17.25
2011-08-21 18:00:00,,-17.218
2011-08-22 00:00:00,,-17.236
2011-08-22 06:00:00,,-17.238
2011-08-22 12:00:00,,-17.252
2011-08-22 18:00:00,,-17.226
2011-08-23 00:00:00,,-17.242
2011-08-23 06:00:00,,-17.235
2011-08-23 12:00:00,,-17.248
2011-08-23 18:00:00,,-17.212
2011-08-24 00:00:00,,-17.225
2011-08-24 06:00:00,,-17.224
2011-08-24 12:00:00,,-17.237
2011-08-24 18:00:00,,-17.197
2011-08-25 00:00:00,,-17.207
2011-08-25 06:00:00,,-17.201
2011-08-25 12:00:00,,-17.216
2011-08-25 18:00:00,,-17.18
2011-08-26 00:00:00,,-17.195
2011-08-26 06:00:00,,-17.185
2011-08-26 12:00:00,,-17.206
2011-08-26 18:00:00,,-17.168
2011-08-27 00:00:00,,-17.196
2011-08-27 06:00:00,,-17.188
2011-08-27 12:00:00,,-17.214
2011-08-27 18:00:00,,-17.176
2011-08-28 00:00:00,,-17.207
2011-08-28 06:00:00,,-17.192
2011-08-28 12:00:00,,-17.223
2011-08-28 18:00:00,,-17.17
2011-08-29 00:00:00,,-17.199
2011-08-29 06:00:00,,-17.189
2011-08-29 12:00:00,,-17.22
2011-08-29 18:00:00,,-17.175
2011-08-30 00:00:00,,-17.201
2011-08-30 06:00:00,,-17.185
2011-08-30 12:00:00,,-17.216
2011-08-30 18:00:00,,-17.177
2011-08-31 00:00:00,,-17.195
2011-08-31 06:00:00,,-17.187
2011-08-31 12:00:00,,-17.214
2011-08-31 18:00:00,,-17.166
2011-09-01 00:00:00,,-17.189
2011-09-01 06:00:00,,-17.184
2011-09-01 12:00:00,,-17.2
2011-09-01 18:00:00,,-17.162
2011-09-02 00:00:00,,-17.182
2011-09-02 06:00:00,,-17.18
2011-09-02 12:00:00,,-17.194
2011-09-02 18:00:00,,-17.159
2011-09-03 00:00:00,,-17.17
2011-09-03 06:00:00,,-17.163
2011-09-03 12:00:00,,-17.18
2011-09-03 18:00:00,,-17.153
2011-09-04 00:00:00,,-17.173
2011-09-04 06:00:00,,-17.17
2011-09-04 12:00:00,,-17.192
2011-09-04 18:00:00,,-17.165
2011-09-05 00:00:00,,-17.185
2011-09-05 06:00:00,,-17.188
2011-09-05 12:00:00,,-17.203
2011-09-05 18:00:00,,-17.173
2011-09-06 00:00:00,,-17.183
2011-09-06 06:00:00,,-17.176
2011-09-06 12:00:00,,-17.193
2011-09-06 18:00:00,,-17.163
2011-09-07 00:00:00,,-17.177
2011-09-07 06:00:00,,-17.173
2011-09-07 12:00:00,,-17.183
2011-09-07 18:00:00,,-17.16
2011-09-08 00:00:00,,-17.167
2011-09-08 06:00:00,,-17.166
2011-09-08 12:00:00,,-17.205
2011-09-08 18:00:00,,-17.182
2011-09-09 00:00:00,,-17.219
2011-09-09 06:00:00,,-17.218
2011-09-09 12:00:00,,-17.241
2011-09-09 18:00:00,,-17.217
2011-09-10 00:00:00,,-17.246
2011-09-10 06:00:00,,-17.24
2011-09-10 12:00:00,,-17.262
2011-09-10 18:00:00,,-17.218
2011-09-11 00:00:00,,-17.244
2011-09-11 06:00:00,,-17.224
2011-09-11 12:00:00,,-17.246
2011-09-11 18:00:00,,-17.202
2011-09-12 00:00:00,,-17.232
2011-09-12 06:00:00,,-17.22
2011-09-12 12:00:00,,-17.252
2011-09-12 18:00:00,,-17.212
2011-09-13 00:00:00,,-17.241
2011-09-13 06:00:00,,-17.226
2011-09-13 12:00:00,,-17.251
2011-09-13 18:00:00,,-17.205
2011-09-14 00:00:00,,-17.227
2011-09-14 06:00:00,,-17.217
2011-09-14 12:00:00,,-17.24
2011-09-14 18:00:00,,-17.196
2011-09-15 00:00:00,,-17.215
2011-09-15 06:00:00,,-17.205
2011-09-15 12:00:00,,-17.227
2011-09-15 18:00:00,,-17.181
2011-09-16 00:00:00,,-17.195
2011-09-16 06:00:00,,-17.187
2011-09-16 12:00:00,,-17.206
2011-09-16 18:00:00,,-17.154
2011-09-17 00:00:00,,-17.171
2011-09-17 06:00:00,,-17.162
2011-09-17 12:00:00,,-17.175
2011-09-17 18:00:00,,-17.138
2011-09-18 00:00:00,,-17.16
2011-09-18 06:00:00,,-17.152
2011-09-18 12:00:00,,-17.171
2011-09-18 18:00:00,,-17.128
2011-09-19 00:00:00,,-17.142
2011-09-19 06:00:00,,-17.134
2011-09-19 12:00:00,,-17.15
2011-09-19 18:00:00,,-17.129
2011-09-20 00:00:00,,-17.157
2011-09-20 06:00:00,,-17.168
2011-09-20 12:00:00,,-17.2
2011-09-20 18:00:00,,-17.17
2011-09-21 00:00:00,,-17.198
2011-09-21 06:00:00,,-17.195
2011-09-21 12:00:00,,-17.211
2011-09-21 18:00:00,,-17.171
2011-09-22 00:00:00,,-17.184
2011-09-22 06:00:00,,-17.179
2011-09-22 12:00:00,,-17.193
2011-09-22 18:00:00,,-17.158
2011-09-23 00:00:00,,-17.179
2011-09-23 06:00:00,,-17.172
2011-09-23 12:00:00,,-17.192
2011-09-23 18:00:00,,-17.16
2011-09-24 00:00:00,,-17.18
2011-09-24 06:00:00,,-17.168
2011-09-24 12:00:00,,-17.188
2011-09-24 18:00:00,,-17.155
2011-09-25 00:00:00,,-17.182
2011-09-25 06:00:00,,-17.168
2011-09-25 12:00:00,,-17.189
2011-09-25 18:00:00,,-17.144
2011-09-26 00:00:00,,-17.169
2011-09-26 06:00:00,,-17.152
2011-09-26 12:00:00,,-17.171
2011-09-26 18:00:00,,-17.122
2011-09-27 00:00:00,,-17.139
2011-09-27 06:00:00,,-17.119
2011-09-27 12:00:00,,-17.141
2011-09-27 18:00:00,,-17.095
2011-09-28 00:00:00,,-17.121
2011-09-28 06:00:00,,-17.106
2011-09-28 12:00:00,,-17.128
2011-09-28 18:00:00,,-17.093
2011-09-29 00:00:00,,-17.143
2011-09-29 06:00:00,,-17.154
2011-09-29 12:00:00,,-17.184
2011-09-29 18:00:00,,-17.139
2011-09-30 00:00:00,,-17.156
2011-09-30 06:00:00,,-17.154
2011-09-30 12:00:00,,-17.176
2011-09-30 18:00:00,,-17.135
2011-10-01 00:00:00,,-17.159
2011-10-01 06:00:00,,-17.163
2011-10-01 12:00:00,,-17.183
2011-10-01 18:00:00,,-17.151
2011-10-02 00:00:00,,-17.171
2011-10-02 06:00:00,,-17.161
2011-10-02 12:00:00,,-17.193
2011-10-02 18:00:00,,-17.157
2011-10-03 00:00:00,,-17.172
2011-10-03 06:00:00,,-17.163
2011-10-03 12:00:00,,-17.176
2011-10-03 18:00:00,,-17.149
2011-10-04 00:00:00,,-17.146
2011-10-04 06:00:00,,-17.144
2011-10-04 12:00:00,,-17.154
2011-10-04 18:00:00,,-17.133
2011-10-05 00:00:00,,-17.146
2011-10-05 06:00:00,,-17.147
2011-10-05 12:00:00,,-17.168
2011-10-05 18:00:00,,-17.142
2011-10-06 00:00:00,,-17.162
2011-10-06 06:00:00,,-17.167
2011-10-06 12:00:00,,-17.182
2011-10-06 18:00:00,,-17.143
2011-10-07 00:00:00,,-17.162
2011-10-07 06:00:00,,-17.154
2011-10-07 12:00:00,,-17.176
2011-10-07 18:00:00,,-17.137
2011-10-08 00:00:00,,-17.164
2011-10-08 06:00:00,,-17.16
2011-10-08 12:00:00,,-17.185
2011-10-08 18:00:00,,-17.147
2011-10-09 00:00:00,,-17.166
2011-10-09 06:00:00,,-17.155
2011-10-09 12:00:00,,-17.17
2011-10-09 18:00:00,,-17.127
2011-10-10 00:00:00,,-17.137
2011-10-10 06:00:00,,-17.121
2011-10-10 12:00:00,,-17.142
2011-10-10 18:00:00,,-17.109
2011-10-11 00:00:00,,-17.16
2011-10-11 06:00:00,,-17.155
2011-10-11 12:00:00,,-17.177
2011-10-11 18:00:00,,-17.133
2011-10-12 00:00:00,,-17.155
2011-10-12 06:00:00,,-17.149
2011-10-12 12:00:00,,-17.169
2011-10-12 18:00:00,,-17.114
2011-10-13 00:00:00,,-17.134
2011-10-13 06:00:00,,-17.131
2011-10-13 12:00:00,,-17.15
2011-10-13 18:00:00,,-17.107
2011-10-14 00:00:00,,-17.129
2011-10-14 06:00:00,,-17.123
2011-10-14 12:00:00,,-17.152
2011-10-14 18:00:00,,-17.127
2011-10-15 00:00:00,,-17.158
2011-10-15 06:00:00,,-17.176
2011-10-15 12:00:00,,-17.199
2011-10-15 18:00:00,,-17.171
2011-10-16 00:00:00,,-17.2
2011-10-16 06:00:00,,-17.207
2011-10-16 12:00:00,,-17.221
2011-10-16 18:00:00,,-17.187
2011-10-17 00:00:00,,-17.214
2011-10-17 06:00:00,,-17.217
2011-10-17 12:00:00,,-17.23
2011-10-17 18:00:00,,-17.189
2011-10-18 00:00:00,,-17.207
2011-10-18 06:00:00,,-17.197
2011-10-18 12:00:00,,-17.21
2011-10-18 18:00:00,,-17.171
2011-10-19 00:00:00,,-17.186
2011-10-19 06:00:00,,-17.182
2011-10-19 12:00:00,,-17.19
2011-10-19 18:00:00,,-17.161
2011-10-20 00:00:00,,-17.176
2011-10-20 06:00:00,,-17.175
2011-10-20 12:00:00,,-17.182
2011-10-20 18:00:00,,-17.146
2011-10-21 00:00:00,,-17.175
2011-10-21 06:00:00,,-17.183
2011-10-21 12:00:00,,-17.193
2011-10-21 18:00:00,,-17.178
2011-10-22 00:00:00,,-17.186
2011-10-22 06:00:00,,-17.173
2011-10-22 12:00:00,,-17.18
2011-10-22 18:00:00,,-17.155
2011-10-23 00:00:00,,-17.165
2011-10-23 06:00:00,,-17.157
2011-10-23 12:00:00,,-17.171
2011-10-23 18:00:00,,-17.139
2011-10-24 00:00:00,,-17.158
2011-10-24 06:00:00,,-17.153
2011-10-24 12:00:00,,-17.171
2011-10-24 18:00:00,,-17.14
2011-10-25 00:00:00,,-17.16
2011-10-25 06:00:00,,-17.153
2011-10-25 12:00:00,,-17.179
2011-10-25 18:00:00,,-17.138
2011-10-26 00:00:00,,-17.172
2011-10-26 06:00:00,,-17.163
2011-10-26 12:00:00,,-17.188
2011-10-26 18:00:00,,-17.146
2011-10-27 00:00:00,,-17.173
2011-10-27 06:00:00,,-17.158
2011-10-27 12:00:00,,-17.178
2011-10-27 18:00:00,,-17.139
2011-10-28 00:00:00,,-17.158
2011-10-28 06:00:00,,-17.151
2011-10-28 12:00:00,,-17.17
2011-10-28 18:00:00,,-17.131
2011-10-29 00:00:00,,-17.146
2011-10-29 06:00:00,,-17.138
2011-10-29 12:00:00,,-17.165
2011-10-29 18:00:00,,-17.129
2011-10-30 00:00:00,,-17.159
2011-10-30 06:00:00,,-17.153
2011-10-30 12:00:00,,-17.166
2011-10-30 18:00:00,,-17.148
2011-10-31 00:00:00,,-17.171
2011-10-31 06:00:00,,-17.184
2011-10-31 12:00:00,,-17.188
2011-10-31 18:00:00,,-17.182
2011-11-01 00:00:00,,-17.19
2011-11-01 06:00:00,,-17.179
2011-11-01 12:00:00,,-17.184
2011-11-01 18:00:00,,-17.163
2011-11-02 00:00:00,,-17.179
2011-11-02 06:00:00,,-17.171
2011-11-02 12:00:00,,-17.172
2011-11-02 18:00:00,,-17.154
2011-11-03 00:00:00,,-17.163
2011-11-03 06:00:00,,-17.15
2011-11-03 12:00:00,,-17.162
2011-11-03 18:00:00,,-17.147
2011-11-04 00:00:00,,-17.165
2011-11-04 06:00:00,,-17.153
2011-11-04 12:00:00,,-17.151
2011-11-04 18:00:00,,-17.121
2011-11-05 00:00:00,,-17.128
2011-11-05 06:00:00,,-17.13
2011-11-05 12:00:00,,-17.139
2011-11-05 18:00:00,,-17.107
2011-11-06 00:00:00,,-17.13
2011-11-06 06:00:00,,-17.124
2011-11-06 12:00:00,,-17.14
2011-11-06 18:00:00,,-17.108
2011-11-07 00:00:00,,-17.13
2011-11-07 06:00:00,,-17.123
2011-11-07 12:00:00,,-17.143
2011-11-07 18:00:00,,-17.108
2011-11-08 00:00:00,,-17.132
2011-11-08 06:00:00,,-17.132
2011-11-08 12:00:00,,-17.151
2011-11-08 18:00:00,,-17.126
2011-11-09 00:00:00,,-17.161
2011-11-09 06:00:00,,-17.144
2011-11-09 12:00:00,,-17.159
2011-11-09 18:00:00,,-17.139
2011-11-10 00:00:00,,-17.169
2011-11-10 06:00:00,,-17.179
2011-11-10 12:00:00,,-17.203
2011-11-10 18:00:00,,-17.166
2011-11-11 00:00:00,,-17.202
2011-11-11 06:00:00,,-17.196
2011-11-11 12:00:00,,-17.222
2011-11-11 18:00:00,,-17.181
2011-11-12 00:00:00,,-17.196
2011-11-12 06:00:00,,-17.186
2011-11-12 12:00:00,,-17.198
2011-11-12 18:00:00,,-17.15
2011-11-13 00:00:00,,-17.169
2011-11-13 06:00:00,,-17.152
2011-11-13 12:00:00,,-17.179
2011-11-13 18:00:00,,-17.152
2011-11-14 00:00:00,,-17.163
2011-11-14 06:00:00,,-17.154
2011-11-14 12:00:00,,-17.174
2011-11-14 18:00:00,,-17.147
2011-11-15 00:00:00,,-17.162
2011-11-15 06:00:00,,-17.16
2011-11-15 12:00:00,,-17.174
2011-11-15 18:00:00,,-17.14
2011-11-16 00:00:00,,-17.168
2011-11-16 06:00:00,,-17.169
2011-11-16 12:00:00,,-17.177
2011-11-16 18:00:00,,-17.151
2011-11-17 00:00:00,,-17.167
2011-11-17 06:00:00,,-17.167
2011-11-17 12:00:00,,-17.178
2011-11-17 18:00:00,,-17.139
2011-11-18 00:00:00,,-17.146
2011-11-18 06:00:00,,-17.151
2011-11-18 12:00:00,,-17.159
2011-11-18 18:00:00,,-17.122
2011-11-19 00:00:00,,-17.133
2011-11-19 06:00:00,,-17.136
2011-11-19 12:00:00,,-17.158
2011-11-19 18:00:00,,-17.134
2011-11-20 00:00:00,,-17.152
2011-11-20 06:00:00,,-17.154
2011-11-20 12:00:00,,-17.165
2011-11-20 18:00:00,,-17.152
2011-11-21 00:00:00,,-17.17
2011-11-21 06:00:00,,-17.156
2011-11-21 12:00:00,,-17.154
2011-11-21 18:00:00,,-17.126
2011-11-22 00:00:00,,-17.135
2011-11-22 06:00:00,,-17.127
2011-11-22 12:00:00,,-17.148
2011-11-22 18:00:00,,-17.12
2011-11-23 00:00:00,,-17.166
2011-11-23 06:00:00,,-17.167
2011-11-23 12:00:00,,-17.192
2011-11-23 18:00:00,,-17.164
2011-11-24 00:00:00,,-17.203
2011-11-24 06:00:00,,-17.194
2011-11-24 12:00:00,,-17.212
2011-11-24 18:00:00,,-17.174
2011-11-25 00:00:00,,-17.206
2011-11-25 06:00:00,,-17.193
2011-11-25 12:00:00,,-17.217
2011-11-25 18:00:00,,-17.169
2011-11-26 00:00:00,,-17.192
2011-11-26 06:00:00,,-17.185
2011-11-26 12:00:00,,-17.2
2011-11-26 18:00:00,,-17.154
2011-11-27 00:00:00,,-17.173
2011-11-27 06:00:00,,-17.164
2011-11-27 12:00:00,,-17.18
2011-11-27 18:00:00,,-17.14
2011-11-28 00:00:00,,-17.156
2011-11-28 06:00:00,,-17.152
2011-11-28 12:00:00,,-17.166
2011-11-28 18:00:00,,-17.129
2011-11-29 00:00:00,,-17.136
2011-11-29 06:00:00,,-17.133
2011-11-29 12:00:00,,-17.143
2011-11-29 18:00:00,,-17.114
2011-11-30 00:00:00,,-17.126
2011-11-30 06:00:00,,-17.133
2011-11-30 12:00:00,,-17.162
2011-11-30 18:00:00,,-17.147
2011-12-01 00:00:00,,-17.177
2011-12-01 06:00:00,,-17.18
2011-12-01 12:00:00,,-17.188
2011-12-01 18:00:00,,-17.16
2011-12-02 00:00:00,,-17.171
2011-12-02 06:00:00,,-17.168
2011-12-02 12:00:00,,-17.172
2011-12-02 18:00:00,,-17.145
2011-12-03 00:00:00,,-17.15
2011-12-03 06:00:00,,-17.155
2011-12-03 12:00:00,,-17.172
2011-12-03 18:00:00,,-17.165
2011-12-04 00:00:00,,-17.166
2011-12-04 06:00:00,,-17.162
2011-12-04 12:00:00,,-17.162
2011-12-04 18:00:00,,-17.138
2011-12-05 00:00:00,,-17.158
2011-12-05 06:00:00,,-17.143
2011-12-05 12:00:00,,-17.151
2011-12-05 18:00:00,,-17.118
2011-12-06 00:00:00,,-17.139
2011-12-06 06:00:00,,-17.141
2011-12-06 12:00:00,,-17.156
2011-12-06 18:00:00,,-17.122
2011-12-07 00:00:00,,-17.143
2011-12-07 06:00:00,,-17.14
2011-12-07 12:00:00,,-17.154
2011-12-07 18:00:00,,-17.11
2011-12-08 00:00:00,,-17.124
2011-12-08 06:00:00,,-17.118
2011-12-08 12:00:00,,-17.133
2011-12-08 18:00:00,,-17.097
2011-12-09 00:00:00,,-17.116
2011-12-09 06:00:00,,-17.1
2011-12-09 12:00:00,,-17.12
2011-12-09 18:00:00,,-17.088
2011-12-10 00:00:00,,-17.116
2011-12-10 06:00:00,,-17.113
2011-12-10 12:00:00,,-17.131
2011-12-10 18:00:00,,-17.094
2011-12-11 00:00:00,,-17.119
2011-12-11 06:00:00,,-17.123
2011-12-11 12:00:00,,-17.15
2011-12-11 18:00:00,,-17.108
2011-12-12 00:00:00,,-17.14
2011-12-12 06:00:00,,-17.147
2011-12-12 12:00:00,,-17.161
2011-12-12 18:00:00,,-17.117
2011-12-13 00:00:00,,-17.147
2011-12-13 06:00:00,,-17.152
2011-12-13 12:00:00,,-17.174
2011-12-13 18:00:00,,-17.13
2011-12-14 00:00:00,,-17.153
2011-12-14 06:00:00,,-17.153
2011-12-14 12:00:00,,-17.166
2011-12-14 18:00:00,,-17.134
2011-12-15 00:00:00,,-17.145
2011-12-15 06:00:00,,-17.141
2011-12-15 12:00:00,,-17.15
2011-12-15 18:00:00,,-17.122
2011-12-16 00:00:00,,-17.129
2011-12-16 06:00:00,,-17.13
2011-12-16 12:00:00,,-17.133
2011-12-16 18:00:00,,-17.134
2011-12-17 00:00:00,,-17.143
2011-12-17 06:00:00,,-17.145
2011-12-17 12:00:00,,-17.159
2011-12-17 18:00:00,,-17.12
2011-12-18 00:00:00,,-17.151
2011-12-18 06:00:00,,-17.159
2011-12-18 12:00:00,,-17.153
2011-12-18 18:00:00,,-17.128
2011-12-19 00:00:00,,-17.153
2011-12-19 06:00:00,,-17.151
2011-12-19 12:00:00,,-17.161
2011-12-19 18:00:00,,-17.122
2011-12-20 00:00:00,,-17.146
2011-12-20 06:00:00,,-17.152
2011-12-20 12:00:00,,-17.162
2011-12-20 18:00:00,,-17.133
2011-12-21 00:00:00,,-17.148
2011-12-21 06:00:00,,-17.166
2011-12-21 12:00:00,,-17.162
2011-12-21 18:00:00,,-17.133
2011-12-22 00:00:00,,-17.156
2011-12-22 06:00:00,,-17.143
2011-12-22 12:00:00,,-17.161
2011-12-22 18:00:00,,-17.124
2011-12-23 00:00:00,,-17.149
2011-12-23 06:00:00,,-17.142
2011-12-23 12:00:00,,-17.161
2011-12-23 18:00:00,,-17.121
2011-12-24 00:00:00,,-17.148
2011-12-24 06:00:00,,-17.145
2011-12-24 12:00:00,,-17.163
2011-12-24 18:00:00,,-17.118
2011-12-25 00:00:00,,-17.142
2011-12-25 06:00:00,,-17.129
2011-12-25 12:00:00,,-17.15
2011-12-25 18:00:00,,-17.111
2011-12-26 00:00:00,,-17.135
2011-12-26 06:00:00,,-17.125
2011-12-26 12:00:00,,-17.149
2011-12-26 18:00:00,,-17.117
2011-12-27 00:00:00,,-17.152
2011-12-27 06:00:00,,-17.156
2011-12-27 12:00:00,,-17.171
2011-12-27 18:00:00,,-17.137
2011-12-28 00:00:00,,-17.162
2011-12-28 06:00:00,,-17.154
2011-12-28 12:00:00,,-17.168
2011-12-28 18:00:00,,-17.138
2011-12-29 00:00:00,,-17.151
2011-12-29 06:00:00,,-17.152
2011-12-29 12:00:00,,-17.169
2011-12-29 18:00:00,,-17.145
2011-12-30 00:00:00,,-17.161
2011-12-30 06:00:00,,-17.162
2011-12-30 12:00:00,,-17.171
2011-12-30 18:00:00,,-17.146
2011-12-31 00:00:00,,-17.155
2011-12-31 06:00:00,,-17.161
2011-12-31 12:00:00,,-17.171
2011-12-31 18:00:00,,-17.142
2012-01-01 00:00:00,,-17.147
2012-01-01 06:00:00,,-17.151
2012-01-01 12:00:00,,-17.162
2012-01-01 18:00:00,,-17.128
2012-01-02 00:00:00,,-17.145
2012-01-02 06:00:00,,-17.151
2012-01-02 12:00:00,,-17.165
2012-01-02 18:00:00,,-17.132
2012-01-03 00:00:00,,-17.163
2012-01-03 06:00:00,,-17.165
2012-01-03 12:00:00,,-17.182
2012-01-03 18:00:00,,-17.147
2012-01-04 00:00:00,,-17.174
2012-01-04 06:00:00,,-17.176
2012-01-04 12:00:00,,-17.185
2012-01-04 18:00:00,,-17.152
2012-01-05 00:00:00,,-17.193
2012-01-05 06:00:00,,-17.169
2012-01-05 12:00:00,,-17.192
2012-01-05 18:00:00,,-17.16
2012-01-06 00:00:00,,-17.178
2012-01-06 06:00:00,,-17.16
2012-01-06 12:00:00,,-17.169
2012-01-06 18:00:00,,-17.136
2012-01-07 00:00:00,,-17.162
2012-01-07 06:00:00,,-17.155
2012-01-07 12:00:00,,-17.171
2012-01-07 18:00:00,,-17.131
2012-01-08 00:00:00,,-17.16
2012-01-08 06:00:00,,-17.152
2012-01-08 12:00:00,,-17.187
2012-01-08 18:00:00,,-17.154
2012-01-09 00:00:00,,-17.176
2012-01-09 06:00:00,,-17.173
2012-01-09 12:00:00,,-17.197
2012-01-09 18:00:00,,-17.164
2012-01-10 00:00:00,,-17.18
2012-01-10 06:00:00,,-17.187
2012-01-10 12:00:00,,-17.221
2012-01-10 18:00:00,,-17.19
2012-01-11 00:00:00,,-17.207
2012-01-11 06:00:00,,-17.194
2012-01-11 12:00:00,,-17.216
2012-01-11 18:00:00,,-17.179
2012-01-12 00:00:00,,-17.198
2012-01-12 06:00:00,,-17.191
2012-01-12 12:00:00,,-17.206
2012-01-12 18:00:00,,-17.169
2012-01-13 00:00:00,,-17.185
2012-01-13 06:00:00,,-17.181
2012-01-13 12:00:00,,-17.195
2012-01-13 18:00:00,,-17.158
2012-01-14 00:00:00,,-17.174
2012-01-14 06:00:00,,-17.173
2012-01-14 12:00:00,,-17.18
2012-01-14 18:00:00,,-17.156
2012-01-15 00:00:00,,-17.164
2012-01-15 06:00:00,,-17.162
2012-01-15 12:00:00,,-17.17
2012-01-15 18:00:00,,-17.146
2012-01-16 00:00:00,,-17.155
2012-01-16 06:00:00,,-17.15
2012-01-16 12:00:00,,-17.153
2012-01-16 18:00:00,,-17.126
2012-01-17 00:00:00,,-17.138
2012-01-17 06:00:00,,-17.15
2012-01-17 12:00:00,,-17.162
2012-01-17 18:00:00,,-17.137
2012-01-18 00:00:00,,-17.154
2012-01-18 06:00:00,,-17.157
2012-01-18 12:00:00,,-17.171
2012-01-18 18:00:00,,-17.138
2012-01-19 00:00:00,,-17.154
2012-01-19 06:00:00,,-17.158
2012-01-19 12:00:00,,-17.165
2012-01-19 18:00:00,,-17.134
2012-01-20 00:00:00,,-17.15
2012-01-20 06:00:00,,-17.145
2012-01-20 12:00:00,,-17.157
2012-01-20 18:00:00,,-17.12
2012-01-21 00:00:00,,-17.137
2012-01-21 06:00:00,,-17.134
2012-01-21 12:00:00,,-17.154
2012-01-21 18:00:00,,-17.114
2012-01-22 00:00:00,,-17.14
2012-01-22 06:00:00,,-17.144
2012-01-22 12:00:00,,-17.163
2012-01-22 18:00:00,,-17.119
2012-01-23 00:00:00,,-17.147
2012-01-23 06:00:00,,-17.139
2012-01-23 12:00:00,,-17.156
2012-01-23 18:00:00,,-17.107
2012-01-24 00:00:00,,-17.128
2012-01-24 06:00:00,,-17.12
2012-01-24 12:00:00,,-17.143
2012-01-24 18:00:00,,-17.112
2012-01-25 00:00:00,,-17.135
2012-01-25 06:00:00,,-17.133
2012-01-25 12:00:00,,-17.146
2012-01-25 18:00:00,,-17.112
2012-01-26 00:00:00,,-17.138
2012-01-26 06:00:00,,-17.133
2012-01-26 12:00:00,,-17.146
2012-01-26 18:00:00,,-17.108
2012-01-27 00:00:00,,-17.129
2012-01-27 06:00:00,,-17.119
2012-01-27 12:00:00,,-17.124
2012-01-27 18:00:00,,-17.095
2012-01-28 00:00:00,,-17.114
2012-01-28 06:00:00,,-17.105
2012-01-28 12:00:00,,-17.114
2012-01-28 18:00:00,,-17.081
2012-01-29 00:00:00,,-17.096
2012-01-29 06:00:00,,-17.089
2012-01-29 12:00:00,,-17.104
2012-01-29 18:00:00,,-17.075
2012-01-30 00:00:00,,-17.093
2012-01-30 06:00:00,,-17.098
2012-01-30 12:00:00,,-17.119
2012-01-30 18:00:00,,-17.1
2012-01-31 00:00:00,,-17.127
2012-01-31 06:00:00,,-17.147
2012-01-31 12:00:00,,-17.169
2012-01-31 18:00:00,,-17.142
2012-02-01 00:00:00,,-17.166
2012-02-01 06:00:00,,-17.169
2012-02-01 12:00:00,,-17.179
2012-02-01 18:00:00,,-17.14
2012-02-02 00:00:00,,-17.153
2012-02-02 06:00:00,,-17.154
2012-02-02 12:00:00,,-17.162
2012-02-02 18:00:00,,-17.126
2012-02-03 00:00:00,,-17.143
2012-02-03 06:00:00,,-17.14
2012-02-03 12:00:00,,-17.153
2012-02-03 18:00:00,,-17.115
2012-02-04 00:00:00,,-17.133
2012-02-04 06:00:00,,-17.131
2012-02-04 12:00:00,,-17.145
2012-02-04 18:00:00,,-17.101
2012-02-05 00:00:00,,-17.114
2012-02-05 06:00:00,,-17.107
2012-02-05 12:00:00,,-17.139
2012-02-05 18:00:00,,-17.118
2012-02-06 00:00:00,,-17.154
2012-02-06 06:00:00,,-17.155
2012-02-06 12:00:00,,-17.188
2012-02-06 18:00:00,,-17.149
2012-02-07 00:00:00,,-17.182
2012-02-07 06:00:00,,-17.176
2012-02-07 12:00:00,,-17.205
2012-02-07 18:00:00,,-17.164
2012-02-08 00:00:00,,-17.19
2012-02-08 06:00:00,,-17.191
2012-02-08 12:00:00,,-17.218
2012-02-08 18:00:00,,-17.176
2012-02-09 00:00:00,,-17.198
2012-02-09 06:00:00,,-17.193
2012-02-09 12:00:00,,-17.213
2012-02-09 18:00:00,,-17.171
2012-02-10 00:00:00,,-17.191
2012-02-10 06:00:00,,-17.193
2012-02-10 12:00:00,,-17.212
2012-02-10 18:00:00,,-17.176
2012-02-11 00:00:00,,-17.2
2012-02-11 06:00:00,,-17.2
2012-02-11 12:00:00,,-17.214
2012-02-11 18:00:00,,-17.178
2012-02-12 00:00:00,,-17.196
2012-02-12 06:00:00,,-17.203
2012-02-12 12:00:00,,-17.22
2012-02-12 18:00:00,,-17.192
2012-02-13 00:00:00,,-17.205
2012-02-13 06:00:00,,-17.207
2012-02-13 12:00:00,,-17.219
2012-02-13 18:00:00,,-17.183
2012-02-14 00:00:00,,-17.2
2012-02-14 06:00:00,,-17.202
2012-02-14 12:00:00,,-17.206
2012-02-14 18:00:00,,-17.167
2012-02-15 00:00:00,,-17.181
2012-02-15 06:00:00,,-17.182
2012-02-15 12:00:00,,-17.184
2012-02-15 18:00:00,,-17.152
2012-02-16 00:00:00,,-17.169
2012-02-16 06:00:00,,-17.173
2012-02-16 12:00:00,,-17.187
2012-02-16 18:00:00,,-17.158
2012-02-17 00:00:00,,-17.173
2012-02-17 06:00:00,,-17.173
2012-02-17 12:00:00,,-17.194
2012-02-17 18:00:00,,-17.164
2012-02-18 00:00:00,,-17.179
2012-02-18 06:00:00,,-17.175
2012-02-18 12:00:00,,-17.196
2012-02-18 18:00:00,,-17.159
2012-02-19 00:00:00,,-17.185
2012-02-19 06:00:00,,-17.185
2012-02-19 12:00:00,,-17.206
2012-02-19 18:00:00,,-17.163
2012-02-20 00:00:00,,-17.182
2012-02-20 06:00:00,,-17.179
2012-02-20 12:00:00,,-17.2
2012-02-20 18:00:00,,-17.155
2012-02-21 00:00:00,,-17.184
2012-02-21 06:00:00,,-17.17
2012-02-21 12:00:00,,-17.186
2012-02-21 18:00:00,,-17.149
2012-02-22 00:00:00,,-17.175
2012-02-22 06:00:00,,-17.184
2012-02-22 12:00:00,,-17.201
2012-02-22 18:00:00,,-17.168
2012-02-23 00:00:00,,-17.201
2012-02-23 06:00:00,,-17.189
2012-02-23 12:00:00,,-17.211
2012-02-23 18:00:00,,-17.169
2012-02-24 00:00:00,,-17.19
2012-02-24 06:00:00,,-17.182
2012-02-24 12:00:00,,-17.196
2012-02-24 18:00:00,,-17.152
2012-02-25 00:00:00,,-17.174
2012-02-25 06:00:00,,-17.168
2012-02-25 12:00:00,,-17.178
2012-02-25 18:00:00,,-17.144
2012-02-26 00:00:00,,-17.165
2012-02-26 06:00:00,,-17.165
2012-02-26 12:00:00,,-17.176
2012-02-26 18:00:00,,-17.137
2012-02-27 00:00:00,,-17.154
2012-02-27 06:00:00,,-17.149
2012-02-27 12:00:00,,-17.161
2012-02-27 18:00:00,,-17.147
2012-02-28 00:00:00,,-17.156
2012-02-28 06:00:00,,-17.145
2012-02-28 12:00:00,,-17.157
2012-02-28 18:00:00,,-17.12
2012-02-29 00:00:00,,-17.143
2012-02-29 06:00:00,,-17.136
2012-02-29 12:00:00,,-17.146
2012-02-29 18:00:00,,-17.119
2012-03-01 00:00:00,,-17.132
2012-03-01 06:00:00,,-17.127
2012-03-01 12:00:00,,-17.135
2012-03-01 18:00:00,,-17.114
2012-03-02 00:00:00,,-17.131
2012-03-02 06:00:00,,-17.122
2012-03-02 12:00:00,,-17.139
2012-03-02 18:00:00,,-17.122
2012-03-03 00:00:00,,-17.147
2012-03-03 06:00:00,,-17.138
2012-03-03 12:00:00,,-17.161
2012-03-03 18:00:00,,-17.142
2012-03-04 00:00:00,,-17.177
2012-03-04 06:00:00,,-17.173
2012-03-04 12:00:00,,-17.195
2012-03-04 18:00:00,,-17.175
2012-03-05 00:00:00,,-17.2
2012-03-05 06:00:00,,-17.201
2012-03-05 12:00:00,,-17.216
2012-03-05 18:00:00,,-17.186
2012-03-06 00:00:00,,-17.209
2012-03-06 06:00:00,,-17.202
2012-03-06 12:00:00,,-17.222
2012-03-06 18:00:00,,-17.19
2012-03-07 00:00:00,,-17.214
2012-03-07 06:00:00,,-17.199
2012-03-07 12:00:00,,-17.21
2012-03-07 18:00:00,,-17.167
2012-03-08 00:00:00,,-17.189
2012-03-08 06:00:00,,-17.179
2012-03-08 12:00:00,,-17.191
2012-03-08 18:00:00,,-17.155
2012-03-09 00:00:00,,-17.184
2012-03-09 06:00:00,,-17.178
2012-03-09 12:00:00,,-17.203
2012-03-09 18:00:00,,-17.17
2012-03-10 00:00:00,,-17.199
2012-03-10 06:00:00,,-17.188
2012-03-10 12:00:00,,-17.213
2012-03-10 18:00:00,,-17.175
2012-03-11 00:00:00,,-17.2
2012-03-11 06:00:00,,-17.192
2012-03-11 12:00:00,,-17.206
2012-03-11 18:00:00,,-17.172
2012-03-12 00:00:00,,-17.196
2012-03-12 06:00:00,,-17.184
2012-03-12 12:00:00,,-17.199
2012-03-12 18:00:00,,-17.176
2012-03-13 00:00:00,,-17.191
2012-03-13 06:00:00,,-17.181
2012-03-13 12:00:00,,-17.182
2012-03-13 18:00:00,,-17.152
2012-03-14 00:00:00,,-17.167
2012-03-14 06:00:00,,-17.166
2012-03-14 12:00:00,,-17.168
2012-03-14 18:00:00,,-17.133
2012-03-15 00:00:00,,-17.144
2012-03-15 06:00:00,,-17.143
2012-03-15 12:00:00,,-17.142
2012-03-15 18:00:00,,-17.114
2012-03-16 00:00:00,,-17.129
2012-03-16 06:00:00,,-17.124
2012-03-16 12:00:00,,-17.141
2012-03-16 18:00:00,,-17.129
2012-03-17 00:00:00,,-17.155
2012-03-17 06:00:00,,-17.15
2012-03-17 12:00:00,,-17.169
2012-03-17 18:00:00,,-17.141
2012-03-18 00:00:00,,-17.172
2012-03-18 06:00:00,,-17.168
2012-03-18 12:00:00,,-17.177
2012-03-18 18:00:00,,-17.149
2012-03-19 00:00:00,,-17.167
2012-03-19 06:00:00,,-17.157
2012-03-19 12:00:00,,-17.166
2012-03-19 18:00:00,,-17.129
2012-03-20 00:00:00,,-17.153
2012-03-20 06:00:00,,-17.134
2012-03-20 12:00:00,,-17.151
2012-03-20 18:00:00,,-17.115
2012-03-21 00:00:00,,-17.143
2012-03-21 06:00:00,,-17.138
2012-03-21 12:00:00,,-17.165
2012-03-21 18:00:00,,-17.138
2012-03-22 00:00:00,,-17.165
2012-03-22 06:00:00,,-17.167
2012-03-22 12:00:00,,-17.191
2012-03-22 18:00:00,,-17.161
2012-03-23 00:00:00,,-17.202
2012-03-23 06:00:00,,-17.196
2012-03-23 12:00:00,,-17.23
2012-03-23 18:00:00,,-17.195
2012-03-24 00:00:00,,-17.227
2012-03-24 06:00:00,,-17.217
2012-03-24 12:00:00,,-17.233
2012-03-24 18:00:00,,-17.2
2012-03-25 00:00:00,,-17.228
2012-03-25 06:00:00,,-17.22
2012-03-25 12:00:00,,-17.235
2012-03-25 18:00:00,,-17.204
2012-03-26 00:00:00,,-17.226
2012-03-26 06:00:00,,-17.217
2012-03-26 12:00:00,,-17.232
2012-03-26 18:00:00,,-17.201
2012-03-27 00:00:00,,-17.223
2012-03-27 06:00:00,,-17.221
2012-03-27 12:00:00,,-17.234
2012-03-27 18:00:00,,-17.201
2012-03-28 00:00:00,,-17.224
2012-03-28 06:00:00,,-17.216
2012-03-28 12:00:00,,-17.228
2012-03-28 18:00:00,,-17.198
2012-03-29 00:00:00,,-17.215
2012-03-29 06:00:00,,-17.216
2012-03-29 12:00:00,,-17.226
2012-03-29 18:00:00,,-17.194
2012-03-30 00:00:00,,-17.206
2012-03-30 06:00:00,,-17.208
2012-03-30 12:00:00,,-17.219
2012-03-30 18:00:00,,-17.188
2012-03-31 00:00:00,,-17.206
2012-03-31 06:00:00,,-17.21
2012-03-31 12:00:00,,-17.229
2012-03-31 18:00:00,,-17.199
2012-04-01 00:00:00,,-17.212
2012-04-01 06:00:00,,-17.215
2012-04-01 12:00:00,,-17.231
2012-04-01 18:00:00,,-17.197
2012-04-02 00:00:00,,-17.213
2012-04-02 06:00:00,,-17.215
2012-04-02 12:00:00,,-17.231
2012-04-02 18:00:00,,-17.206
2012-04-03 00:00:00,,-17.223
2012-04-03 06:00:00,,-17.216
2012-04-03 12:00:00,,-17.241
2012-04-03 18:00:00,,-17.206
2012-04-04 00:00:00,,-17.221
2012-04-04 06:00:00,,-17.213
2012-04-04 12:00:00,,-17.231
2012-04-04 18:00:00,,-17.191
2012-04-05 00:00:00,,-17.213
2012-04-05 06:00:00,,-17.204
2012-04-05 12:00:00,,-17.224
2012-04-05 18:00:00,,-17.191
2012-04-06 00:00:00,,-17.212
2012-04-06 06:00:00,,-17.201
2012-04-06 12:00:00,,-17.232
2012-04-06 18:00:00,,-17.203
2012-04-07 00:00:00,,-17.232
2012-04-07 06:00:00,,-17.213
2012-04-07 12:00:00,,-17.238
2012-04-07 18:00:00,,-17.205
2012-04-08 00:00:00,,-17.228
2012-04-08 06:00:00,,-17.214
2012-04-08 12:00:00,,-17.238
2012-04-08 18:00:00,,-17.2
2012-04-09 00:00:00,,-17.23
2012-04-09 06:00:00,,-17.224
2012-04-09 12:00:00,,-17.248
2012-04-09 18:00:00,,-17.23
2012-04-10 00:00:00,,-17.256
2012-04-10 06:00:00,,-17.256
2012-04-10 12:00:00,,-17.274
2012-04-10 18:00:00,,-17.252
2012-04-11 00:00:00,,-17.262
2012-04-11 06:00:00,,-17.256
2012-04-11 12:00:00,,-17.264
2012-04-11 18:00:00,,-17.23
2012-04-12 00:00:00,,-17.249
2012-04-12 06:00:00,,-17.251
2012-04-12 12:00:00,,-17.254
2012-04-12 18:00:00,,-17.252
2012-04-13 00:00:00,,-17.251
2012-04-13 06:00:00,,-17.246
2012-04-13 12:00:00,,-17.241
2012-04-13 18:00:00,,-17.227
2012-04-14 00:00:00,,-17.233
2012-04-14 06:00:00,,-17.228
2012-04-14 12:00:00,,-17.235
2012-04-14 18:00:00,,-17.207
2012-04-15 00:00:00,,-17.223
2012-04-15 06:00:00,,-17.219
2012-04-15 12:00:00,,-17.229
2012-04-15 18:00:00,,-17.202
2012-04-16 00:00:00,,-17.218
2012-04-16 06:00:00,,-17.212
2012-04-16 12:00:00,,-17.223
2012-04-16 18:00:00,,-17.194
2012-04-17 00:00:00,,-17.211
2012-04-17 06:00:00,,-17.2
2012-04-17 12:00:00,,-17.206
2012-04-17 18:00:00,,-17.174
2012-04-18 00:00:00,,-17.196
2012-04-18 06:00:00,,-17.179
2012-04-18 12:00:00,,-17.194
2012-04-18 18:00:00,,-17.162
2012-04-19 00:00:00,,-17.187
2012-04-19 06:00:00,,-17.172
2012-04-19 12:00:00,,-17.192
2012-04-19 18:00:00,,-17.158
2012-04-20 00:00:00,,-17.188
2012-04-20 06:00:00,,-17.176
2012-04-20 12:00:00,,-17.196
2012-04-20 18:00:00,,-17.159
2012-04-21 00:00:00,,-17.185
2012-04-21 06:00:00,,-17.163
2012-04-21 12:00:00,,-17.179
2012-04-21 18:00:00,,-17.143
2012-04-22 00:00:00,,-17.167
2012-04-22 06:00:00,,-17.157
2012-04-22 12:00:00,,-17.179
2012-04-22 18:00:00,,-17.158
2012-04-23 00:00:00,,-17.19
2012-04-23 06:00:00,,-17.182
2012-04-23 12:00:00,,-17.206
2012-04-23 18:00:00,,-17.19
2012-04-24 00:00:00,,-17.208
2012-04-24 06:00:00,,-17.198
2012-04-24 12:00:00,,-17.222
2012-04-24 18:00:00,,-17.216
2012-04-25 00:00:00,,-17.238
2012-04-25 06:00:00,,-17.229
2012-04-25 12:00:00,,-17.251
2012-04-25 18:00:00,,-17.223
2012-04-26 00:00:00,,-17.246
2012-04-26 06:00:00,,-17.24
2012-04-26 12:00:00,,-17.246
2012-04-26 18:00:00,,-17.217
2012-04-27 00:00:00,,-17.232
2012-04-27 06:00:00,,-17.23
2012-04-27 12:00:00,,-17.236
2012-04-27 18:00:00,,-17.21
2012-04-28 00:00:00,,-17.222
2012-04-28 06:00:00,,-17.223
2012-04-28 12:00:00,,-17.228
2012-04-28 18:00:00,,-17.206
2012-04-29 00:00:00,,-17.223
2012-04-29 06:00:00,,-17.223
2012-04-29 12:00:00,,-17.221
2012-04-29 18:00:00,,-17.192
2012-04-30 00:00:00,,-17.208
2012-04-30 06:00:00,,-17.201
2012-04-30 12:00:00,,-17.206
2012-04-30 18:00:00,,-17.183
2012-05-01 00:00:00,,-17.197
2012-05-01 06:00:00,,-17.197
2012-05-01 12:00:00,,-17.212
2012-05-01 18:00:00,,-17.195
2012-05-02 00:00:00,,-17.218
2012-05-02 06:00:00,,-17.219
2012-05-02 12:00:00,,-17.233
2012-05-02 18:00:00,,-17.213
2012-05-03 00:00:00,,-17.231
2012-05-03 06:00:00,,-17.22
2012-05-03 12:00:00,,-17.236
2012-05-03 18:00:00,,-17.201
2012-05-04 00:00:00,,-17.227
2012-05-04 06:00:00,,-17.223
2012-05-04 12:00:00,,-17.238
2012-05-04 18:00:00,,-17.198
2012-05-05 00:00:00,,-17.224
2012-05-05 06:00:00,,-17.212
2012-05-05 12:00:00,,-17.226
2012-05-05 18:00:00,,-17.184
2012-05-06 00:00:00,,-17.211
2012-05-06 06:00:00,,-17.199
2012-05-06 12:00:00,,-17.211
2012-05-06 18:00:00,,-17.173
2012-05-07 00:00:00,,-17.206
2012-05-07 06:00:00,,-17.191
2012-05-07 12:00:00,,-17.201
2012-05-07 18:00:00,,-17.161
2012-05-08 00:00:00,,-17.189
2012-05-08 06:00:00,,-17.18
2012-05-08 12:00:00,,-17.19
2012-05-08 18:00:00,,-17.167
2012-05-09 00:00:00,,-17.196
2012-05-09 06:00:00,,-17.195
2012-05-09 12:00:00,,-17.207
2012-05-09 18:00:00,,-17.182
2012-05-10 00:00:00,,-17.207
2012-05-10 06:00:00,,-17.206
2012-05-10 12:00:00,,-17.212
2012-05-10 18:00:00,,-17.187
2012-05-11 00:00:00,,-17.208
2012-05-11 06:00:00,,-17.207
2012-05-11 12:00:00,,-17.211
2012-05-11 18:00:00,,-17.19
2012-05-12 00:00:00,,-17.208
2012-05-12 06:00:00,,-17.208
2012-05-12 12:00:00,,-17.217
2012-05-12 18:00:00,,-17.196
2012-05-13 00:00:00,,-17.214
2012-05-13 06:00:00,,-17.222
2012-05-13 12:00:00,,-17.238
2012-05-13 18:00:00,,-17.217
2012-05-14 00:00:00,,-17.24
2012-05-14 06:00:00,,-17.241
2012-05-14 12:00:00,,-17.256
2012-05-14 18:00:00,,-17.232
2012-05-15 00:00:00,,-17.253
2012-05-15 06:00:00,,-17.246
2012-05-15 12:00:00,,-17.251
2012-05-15 18:00:00,,-17.22
2012-05-16 00:00:00,,-17.239
2012-05-16 06:00:00,,-17.229
2012-05-16 12:00:00,,-17.232
2012-05-16 18:00:00,,-17.198
2012-05-17 00:00:00,,-17.218
2012-05-17 06:00:00,,-17.21
2012-05-17 12:00:00,,-17.229
2012-05-17 18:00:00,,-17.195
2012-05-18 00:00:00,,-17.219
2012-05-18 06:00:00,,-17.21
2012-05-18 12:00:00,,-17.229
2012-05-18 18:00:00,,-17.205
2012-05-19 00:00:00,,-17.229
2012-05-19 06:00:00,,-17.224
2012-05-19 12:00:00,,-17.242
2012-05-19 18:00:00,,-17.212
2012-05-20 00:00:00,,-17.241
2012-05-20 06:00:00,,-17.226
2012-05-20 12:00:00,,-17.241
2012-05-20 18:00:00,,-17.207
2012-05-21 00:00:00,,-17.231
2012-05-21 06:00:00,,-17.219
2012-05-21 12:00:00,,-17.241
2012-05-21 18:00:00,,-17.208
2012-05-22 00:00:00,,-17.239
2012-05-22 06:00:00,,-17.224
2012-05-22 12:00:00,,-17.24
2012-05-22 18:00:00,,-17.207
2012-05-23 00:00:00,,-17.23
2012-05-23 06:00:00,,-17.214
2012-05-23 12:00:00,,-17.223
2012-05-23 18:00:00,,-17.192
2012-05-24 00:00:00,,-17.216
2012-05-24 06:00:00,,-17.224
2012-05-24 12:00:00,,-17.247
2012-05-24 18:00:00,,-17.23
2012-05-25 00:00:00,,-17.257
2012-05-25 06:00:00,,-17.252
2012-05-25 12:00:00,,-17.262
2012-05-25 18:00:00,,-17.235
2012-05-26 00:00:00,,-17.251
2012-05-26 06:00:00,,-17.249
2012-05-26 12:00:00,,-17.252
2012-05-26 18:00:00,,-17.22
2012-05-27 00:00:00,,-17.246
2012-05-27 06:00:00,,-17.233
2012-05-27 12:00:00,,-17.24
2012-05-27 18:00:00,,-17.217
2012-05-28 00:00:00,,-17.239
2012-05-28 06:00:00,,-17.234
2012-05-28 12:00:00,,-17.239
2012-05-28 18:00:00,,-17.223
2012-05-29 00:00:00,,-17.235
2012-05-29 06:00:00,,-17.238
2012-05-29 12:00:00,,-17.244
2012-05-29 18:00:00,,-17.228
2012-05-30 00:00:00,,-17.237
2012-05-30 06:00:00,,-17.229
2012-05-30 12:00:00,,-17.228
2012-05-30 18:00:00,,-17.207
2012-05-31 00:00:00,,-17.213
2012-05-31 06:00:00,,-17.196
2012-05-31 12:00:00,,-17.216
2012-05-31 18:00:00,,-17.186
2012-06-01 00:00:00,,-17.199
2012-06-01 06:00:00,,-17.188
2012-06-01 12:00:00,,-17.201
2012-06-01 18:00:00,,-17.177
2012-06-02 00:00:00,,-17.199
2012-06-02 06:00:00,,-17.183
2012-06-02 12:00:00,,-17.199
2012-06-02 18:00:00,,-17.179
2012-06-03 00:00:00,,-17.2
2012-06-03 06:00:00,,-17.187
2012-06-03 12:00:00,,-17.204
2012-06-03 18:00:00,,-17.174
2012-06-04 00:00:00,,-17.208
2012-06-04 06:00:00,,-17.192
2012-06-04 12:00:00,,-17.214
2012-06-04 18:00:00,,-17.182
2012-06-05 00:00:00,,-17.211
2012-06-05 06:00:00,,-17.198
2012-06-05 12:00:00,,-17.221
2012-06-05 18:00:00,,-17.185
2012-06-06 00:00:00,,-17.216
2012-06-06 06:00:00,,-17.203
2012-06-06 12:00:00,,-17.22
2012-06-06 18:00:00,,-17.188
2012-06-07 00:00:00,,-17.209
2012-06-07 06:00:00,,-17.205
2012-06-07 12:00:00,,-17.222
2012-06-07 18:00:00,,-17.208
2012-06-08 00:00:00,,-17.223
2012-06-08 06:00:00,,-17.222
2012-06-08 12:00:00,,-17.235
2012-06-08 18:00:00,,-17.207
2012-06-09 00:00:00,,-17.228
2012-06-09 06:00:00,,-17.227
2012-06-09 12:00:00,,-17.238
2012-06-09 18:00:00,,-17.203
2012-06-10 00:00:00,,-17.217
2012-06-10 06:00:00,,-17.214
2012-06-10 12:00:00,,-17.223
2012-06-10 18:00:00,,-17.203
2012-06-11 00:00:00,,-17.202
2012-06-11 06:00:00,,-17.198
2012-06-11 12:00:00,,-17.208
2012-06-11 18:00:00,,-17.177
2012-06-12 00:00:00,,-17.193
2012-06-12 06:00:00,,-17.19
2012-06-12 12:00:00,,-17.202
2012-06-12 18:00:00,,-17.176
2012-06-13 00:00:00,,-17.183
2012-06-13 06:00:00,,-17.183
2012-06-13 12:00:00,,-17.197
2012-06-13 18:00:00,,-17.161
2012-06-14 00:00:00,,-17.168
2012-06-14 06:00:00,,-17.16
2012-06-14 12:00:00,,-17.179
2012-06-14 18:00:00,,-17.15
2012-06-15 00:00:00,,-17.167
2012-06-15 06:00:00,,-17.16
2012-06-15 12:00:00,,-17.175
2012-06-15 18:00:00,,-17.157
2012-06-16 00:00:00,,-17.181
2012-06-16 06:00:00,,-17.188
2012-06-16 12:00:00,,-17.223
2012-06-16 18:00:00,,-17.208
2012-06-17 00:00:00,,-17.242
2012-06-17 06:00:00,,-17.246
2012-06-17 12:00:00,,-17.271
2012-06-17 18:00:00,,-17.246
2012-06-18 00:00:00,,-17.264
2012-06-18 06:00:00,,-17.254
2012-06-18 12:00:00,,-17.274
2012-06-18 18:00:00,,-17.238
2012-06-19 00:00:00,,-17.257
2012-06-19 06:00:00,,-17.243
2012-06-19 12:00:00,,-17.253
2012-06-19 18:00:00,,-17.211
2012-06-20 00:00:00,,-17.228
2012-06-20 06:00:00,,-17.204
2012-06-20 12:00:00,,-17.232
2012-06-20 18:00:00,,-17.18
2012-06-21 00:00:00,,-17.198
2012-06-21 06:00:00,,-17.18
2012-06-21 08:59:00,,-17.17
2012-06-21 10:00:00,,-17.17
2012-06-21 11:00:00,,-17.181
2012-06-21 12:00:00,,-17.189
2012-06-21 14:00:00,,-17.191
2012-06-21 15:00:00,,-17.18
2012-06-21 16:00:00,,-17.175
2012-06-21 17:00:00,,-17.174
2012-06-21 18:00:00,,-17.175
2012-06-21 19:00:00,,-17.178
2012-06-21 20:00:00,,-17.183
2012-06-21 21:00:00,,-17.186
2012-06-21 22:00:00,,-17.192
2012-06-21 23:00:00,,-17.198
2012-06-22 00:00:00,,-17.202
2012-06-22 01:00:00,,-17.208
2012-06-22 02:00:00,,-17.211
2012-06-22 03:00:00,,-17.215
2012-06-22 04:00:00,,-17.214
2012-06-22 05:00:00,,-17.214
2012-06-22 06:00:00,,-17.216
2012-06-22 07:00:00,,-17.218
2012-06-22 08:00:00,,-17.224
2012-06-22 09:00:00,,-17.229
2012-06-22 10:00:00,,-17.238
2012-06-22 11:00:00,,-17.24
2012-06-22 12:00:00,,-17.241
2012-06-22 13:00:00,,-17.24
2012-06-22 14:00:00,,-17.232
2012-06-22 15:00:00,,-17.232
2012-06-22 16:00:00,,-17.23
2012-06-22 17:00:00,,-17.231
2012-06-22 18:00:00,,-17.234
2012-06-22 19:00:00,,-17.24
2012-06-22 20:00:00,,-17.245
2012-06-22 21:00:00,,-17.252
2012-06-22 22:00:00,,-17.259
2012-06-22 23:00:00,,-17.264
2012-06-23 00:00:00,,-17.267
2012-06-23 01:00:00,,-17.271
2012-06-23 02:00:00,,-17.27
2012-06-23 03:00:00,,-17.27
2012-06-23 04:00:00,,-17.267
2012-06-23 05:00:00,,-17.269
2012-06-23 06:00:00,,-17.265
2012-06-23 07:00:00,,-17.268
2012-06-23 08:00:00,,-17.272
2012-06-23 09:00:00,,-17.28
2012-06-23 10:00:00,,-17.279
2012-06-23 11:00:00,,-17.281
2012-06-23 12:00:00,,-17.279
2012-06-23 13:00:00,,-17.277
2012-06-23 14:00:00,,-17.273
2012-06-23 15:00:00,,-17.268
2012-06-23 16:00:00,,-17.27
2012-06-23 17:00:00,,-17.269
2012-06-23 18:00:00,,-17.271
2012-06-23 19:00:00,,-17.274
2012-06-23 20:00:00,,-17.28
2012-06-23 21:00:00,,-17.283
2012-06-23 22:00:00,,-17.286
2012-06-23 23:00:00,,-17.289
2012-06-24 00:00:00,,-17.292
2012-06-24 01:00:00,,-17.292
2012-06-24 02:00:00,,-17.293
2012-06-24 03:00:00,,-17.291
2012-06-24 04:00:00,,-17.288
2012-06-24 05:00:00,,-17.287
2012-06-24 06:00:00,,-17.289
2012-06-24 07:00:00,,-17.285
2012-06-24 08:00:00,,-17.29
2012-06-24 09:00:00,,-17.291
2012-06-24 10:00:00,,-17.298
2012-06-24 11:00:00,,-17.298
2012-06-24 12:00:00,,-17.293
2012-06-24 13:00:00,,-17.289
2012-06-24 14:00:00,,-17.288
2012-06-24 15:00:00,,-17.284
2012-06-24 16:00:00,,-17.282
2012-06-24 17:00:00,,-17.281
2012-06-24 18:00:00,,-17.282
2012-06-24 19:00:00,,-17.281
2012-06-24 20:00:00,,-17.287
2012-06-24 21:00:00,,-17.286
2012-06-24 22:00:00,,-17.289
2012-06-24 23:00:00,,-17.29
2012-06-25 00:00:00,,-17.285
2012-06-25 01:00:00,,-17.289
2012-06-25 02:00:00,,-17.284
2012-06-25 03:00:00,,-17.284
2012-06-25 04:00:00,,-17.284
2012-06-25 05:00:00,,-17.28
2012-06-25 06:00:00,,-17.282
2012-06-25 07:00:00,,-17.284
2012-06-25 08:00:00,,-17.282
2012-06-25 09:00:00,,-17.285
2012-06-25 10:00:00,,-17.286
2012-06-25 11:00:00,,-17.287
2012-06-25 12:00:00,,-17.283
2012-06-25 13:00:00,,-17.279
2012-06-25 14:00:00,,-17.272
2012-06-25 15:00:00,,-17.269
2012-06-25 16:00:00,,-17.263
2012-06-25 17:00:00,,-17.261
2012-06-25 18:00:00,,-17.266
2012-06-25 19:00:00,,-17.268
2012-06-25 20:00:00,,-17.273
2012-06-25 21:00:00,,-17.273
2012-06-25 22:00:00,,-17.27
2012-06-25 23:00:00,,-17.273
2012-06-26 00:00:00,,-17.269
2012-06-26 01:00:00,,-17.267
2012-06-26 02:00:00,,-17.268
2012-06-26 03:00:00,,-17.265
2012-06-26 04:00:00,,-17.264
2012-06-26 05:00:00,,-17.264
2012-06-26 06:00:00,,-17.263
2012-06-26 07:00:00,,-17.261
2012-06-26 08:00:00,,-17.264
2012-06-26 09:00:00,,-17.264
2012-06-26 10:00:00,,-17.266
2012-06-26 11:00:00,,-17.265
2012-06-26 12:00:00,,-17.258
2012-06-26 13:00:00,,-17.252
2012-06-26 14:00:00,,-17.247
2012-06-26 15:00:00,,-17.245
2012-06-26 16:00:00,,-17.242
2012-06-26 17:00:00,,-17.243
2012-06-26 18:00:00,,-17.242
2012-06-26 19:00:00,,-17.243
2012-06-26 20:00:00,,-17.246
2012-06-26 21:00:00,,-17.248
2012-06-26 22:00:00,,-17.249
2012-06-26 23:00:00,,-17.251
2012-06-27 00:00:00,,-17.249
2012-06-27 01:00:00,,-17.246
2012-06-27 02:00:00,,-17.247
2012-06-27 03:00:00,,-17.242
2012-06-27 04:00:00,,-17.24
2012-06-27 05:00:00,,-17.238
2012-06-27 06:00:00,,-17.238
2012-06-27 07:00:00,,-17.242
2012-06-27 08:00:00,,-17.244
2012-06-27 09:00:00,,-17.246
2012-06-27 10:00:00,,-17.243
2012-06-27 11:00:00,,-17.243
2012-06-27 12:00:00,,-17.243
2012-06-27 13:00:00,,-17.233
2012-06-27 14:00:00,,-17.226
2012-06-27 15:00:00,,-17.221
2012-06-27 16:00:00,,-17.217
2012-06-27 17:00:00,,-17.21
2012-06-27 18:00:00,,-17.215
2012-06-27 19:00:00,,-17.221
2012-06-27 20:00:00,,-17.221
2012-06-27 21:00:00,,-17.223
2012-06-27 22:00:00,,-17.225
2012-06-27 23:00:00,,-17.22
2012-06-28 00:00:00,,-17.221
2012-06-28 01:00:00,,-17.223
2012-06-28 02:00:00,,-17.216
2012-06-28 03:00:00,,-17.218
2012-06-28 04:00:00,,-17.217
2012-06-28 05:00:00,,-17.215
2012-06-28 06:00:00,,-17.218
2012-06-28 07:00:00,,-17.215
2012-06-28 08:00:00,,-17.215
2012-06-28 09:00:00,,-17.221
2012-06-28 10:00:00,,-17.22
2012-06-28 11:00:00,,-17.217
2012-06-28 12:00:00,,-17.212
2012-06-28 13:00:00,,-17.202
2012-06-28 14:00:00,,-17.196
2012-06-28 15:00:00,,-17.191
2012-06-28 16:00:00,,-17.19
2012-06-28 17:00:00,,-17.19
2012-06-28 18:00:00,,-17.192
2012-06-28 19:00:00,,-17.196
2012-06-28 20:00:00,,-17.197
2012-06-28 21:00:00,,-17.196
2012-06-28 22:00:00,,-17.194
2012-06-28 23:00:00,,-17.195
2012-06-29 00:00:00,,-17.195
2012-06-29 01:00:00,,-17.19
2012-06-29 02:00:00,,-17.19
2012-06-29 03:00:00,,-17.186
2012-06-29 04:00:00,,-17.188
2012-06-29 05:00:00,,-17.188
2012-06-29 06:00:00,,-17.194
2012-06-29 07:00:00,,-17.195
2012-06-29 08:00:00,,-17.198
2012-06-29 09:00:00,,-17.201
2012-06-29 10:00:00,,-17.202
2012-06-29 11:00:00,,-17.2
2012-06-29 12:00:00,,-17.194
2012-06-29 13:00:00,,-17.189
2012-06-29 14:00:00,,-17.183
2012-06-29 15:00:00,,-17.178
2012-06-29 16:00:00,,-17.178
2012-06-29 17:00:00,,-17.181
2012-06-29 18:00:00,,-17.181
2012-06-29 19:00:00,,-17.188
2012-06-29 20:00:00,,-17.192
2012-06-29 21:00:00,,-17.197
2012-06-29 22:00:00,,-17.198
2012-06-29 23:00:00,,-17.199
2012-06-30 00:00:00,,-17.198
2012-06-30 01:00:00,,-17.198
2012-06-30 02:00:00,,-17.198
2012-06-30 03:00:00,,-17.198
2012-06-30 04:00:00,,-17.198
2012-06-30 05:00:00,,-17.199
2012-06-30 06:00:00,,-17.206
2012-06-30 07:00:00,,-17.212
2012-06-30 08:00:00,,-17.219
2012-06-30 09:00:00,,-17.224
2012-06-30 10:00:00,,-17.227
2012-06-30 11:00:00,,-17.226
2012-06-30 12:00:00,,-17.225
2012-06-30 13:00:00,,-17.22
2012-06-30 14:00:00,,-17.21
2012-06-30 15:00:00,,-17.205
2012-06-30 16:00:00,,-17.204
2012-06-30 17:00:00,,-17.207
2012-06-30 18:00:00,,-17.209
2012-06-30 19:00:00,,-17.216
2012-06-30 20:00:00,,-17.227
2012-06-30 21:00:00,,-17.23
2012-06-30 22:00:00,,-17.235
2012-06-30 23:00:00,,-17.237
2012-07-01 00:00:00,,-17.235
2012-07-01 01:00:00,,-17.236
2012-07-01 02:00:00,,-17.234
2012-07-01 03:00:00,,-17.234
2012-07-01 04:00:00,,-17.235
2012-07-01 05:00:00,,-17.236
2012-07-01 06:00:00,,-17.244
2012-07-01 07:00:00,,-17.248
2012-07-01 08:00:00,,-17.255
2012-07-01 09:00:00,,-17.26
2012-07-01 10:00:00,,-17.266
2012-07-01 11:00:00,,-17.266
2012-07-01 12:00:00,,-17.267
2012-07-01 13:00:00,,-17.258
2012-07-01 14:00:00,,-17.254
2012-07-01 15:00:00,,-17.246
2012-07-01 16:00:00,,-17.245
2012-07-01 17:00:00,,-17.244
2012-07-01 18:00:00,,-17.249
2012-07-01 19:00:00,,-17.253
2012-07-01 20:00:00,,-17.259
2012-07-01 21:00:00,,-17.264
2012-07-01 22:00:00,,-17.267
2012-07-01 23:00:00,,-17.268
2012-07-02 00:00:00,,-17.266
2012-07-02 01:00:00,,-17.268
2012-07-02 02:00:00,,-17.265
2012-07-02 03:00:00,,-17.26
2012-07-02 04:00:00,,-17.26
2012-07-02 05:00:00,,-17.257
2012-07-02 06:00:00,,-17.262
2012-07-02 07:00:00,,-17.263
2012-07-02 08:00:00,,-17.268
2012-07-02 09:00:00,,-17.27
2012-07-02 10:00:00,,-17.274
2012-07-02 11:00:00,,-17.272
2012-07-02 12:00:00,,-17.27
2012-07-02 13:00:00,,-17.26
2012-07-02 14:00:00,,-17.251
2012-07-02 15:00:00,,-17.246
2012-07-02 16:00:00,,-17.239
2012-07-02 17:00:00,,-17.237
2012-07-02 18:00:00,,-17.241
2012-07-02 19:00:00,,-17.246
2012-07-02 20:00:00,,-17.253
2012-07-02 21:00:00,,-17.259
2012-07-02 22:00:00,,-17.262
2012-07-02 23:00:00,,-17.264
2012-07-03 00:00:00,,-17.263
2012-07-03 01:00:00,,-17.264
2012-07-03 02:00:00,,-17.26
2012-07-03 03:00:00,,-17.255
2012-07-03 04:00:00,,-17.252
2012-07-03 05:00:00,,-17.249
2012-07-03 06:00:00,,-17.249
2012-07-03 07:00:00,,-17.252
2012-07-03 08:00:00,,-17.256
2012-07-03 09:00:00,,-17.261
2012-07-03 10:00:00,,-17.264
2012-07-03 11:00:00,,-17.266
2012-07-03 12:00:00,,-17.26
2012-07-03 13:00:00,,-17.254
2012-07-03 14:00:00,,-17.244
2012-07-03 15:00:00,,-17.242
2012-07-03 16:00:00,,-17.236
2012-07-03 17:00:00,,-17.237
2012-07-03 18:00:00,,-17.239
2012-07-03 19:00:00,,-17.245
2012-07-03 20:00:00,,-17.249
2012-07-03 21:00:00,,-17.256
2012-07-03 22:00:00,,-17.258
2012-07-03 23:00:00,,-17.261
2012-07-04 00:00:00,,-17.262
2012-07-04 01:00:00,,-17.262
2012-07-04 02:00:00,,-17.263
2012-07-04 03:00:00,,-17.258
2012-07-04 04:00:00,,-17.251
2012-07-04 05:00:00,,-17.249
2012-07-04 06:00:00,,-17.251
2012-07-04 07:00:00,,-17.253
2012-07-04 08:00:00,,-17.259
2012-07-04 09:00:00,,-17.264
2012-07-04 10:00:00,,-17.271
2012-07-04 11:00:00,,-17.271
2012-07-04 12:00:00,,-17.269
2012-07-04 13:00:00,,-17.263
2012-07-04 14:00:00,,-17.257
2012-07-04 15:00:00,,-17.249
2012-07-04 16:00:00,,-17.25
2012-07-04 17:00:00,,-17.243
2012-07-04 18:00:00,,-17.249
2012-07-04 19:00:00,,-17.253
2012-07-04 20:00:00,,-17.26
2012-07-04 21:00:00,,-17.267
2012-07-04 22:00:00,,-17.271
2012-07-04 23:00:00,,-17.273
2012-07-05 00:00:00,,-17.276
2012-07-05 01:00:00,,-17.273
2012-07-05 02:00:00,,-17.273
2012-07-05 03:00:00,,-17.271
2012-07-05 04:00:00,,-17.264
2012-07-05 05:00:00,,-17.257
2012-07-05 06:00:00,,-17.26
2012-07-05 07:00:00,,-17.262
2012-07-05 08:00:00,,-17.267
2012-07-05 09:00:00,,-17.271
2012-07-05 10:00:00,,-17.277
2012-07-05 11:00:00,,-17.274
2012-07-05 12:00:00,,-17.272
2012-07-05 13:00:00,,-17.263
2012-07-05 14:00:00,,-17.258
2012-07-05 15:00:00,,-17.249
2012-07-05 16:00:00,,-17.25
2012-07-05 17:00:00,,-17.248
2012-07-05 18:00:00,,-17.252
2012-07-05 19:00:00,,-17.252
2012-07-05 20:00:00,,-17.26
2012-07-05 21:00:00,,-17.264
2012-07-05 22:00:00,,-17.266
2012-07-05 23:00:00,,-17.268
2012-07-06 00:00:00,,-17.27
2012-07-06 01:00:00,,-17.268
2012-07-06 02:00:00,,-17.266
2012-07-06 03:00:00,,-17.263
2012-07-06 04:00:00,,-17.258
2012-07-06 05:00:00,,-17.249
2012-07-06 06:00:00,,-17.252
2012-07-06 07:00:00,,-17.253
2012-07-06 08:00:00,,-17.254
2012-07-06 09:00:00,,-17.257
2012-07-06 10:00:00,,-17.254
2012-07-06 11:00:00,,-17.255
2012-07-06 12:00:00,,-17.25
2012-07-06 13:00:00,,-17.241
2012-07-06 14:00:00,,-17.234
2012-07-06 15:00:00,,-17.228
2012-07-06 16:00:00,,-17.222
2012-07-06 17:00:00,,-17.218
2012-07-06 18:00:00,,-17.22
2012-07-06 19:00:00,,-17.221
2012-07-06 20:00:00,,-17.227
2012-07-06 21:00:00,,-17.227
2012-07-06 22:00:00,,-17.229
2012-07-06 23:00:00,,-17.227
2012-07-07 00:00:00,,-17.234
2012-07-07 01:00:00,,-17.235
2012-07-07 02:00:00,,-17.23
2012-07-07 03:00:00,,-17.224
2012-07-07 04:00:00,,-17.225
2012-07-07 05:00:00,,-17.223
2012-07-07 06:00:00,,-17.22
2012-07-07 07:00:00,,-17.219
2012-07-07 08:00:00,,-17.219
2012-07-07 09:00:00,,-17.223
2012-07-07 10:00:00,,-17.222
2012-07-07 11:00:00,,-17.222
2012-07-07 12:00:00,,-17.223
2012-07-07 13:00:00,,-17.214
2012-07-07 14:00:00,,-17.208
2012-07-07 15:00:00,,-17.202
2012-07-07 16:00:00,,-17.195
2012-07-07 17:00:00,,-17.194
2012-07-07 18:00:00,,-17.193
2012-07-07 19:00:00,,-17.193
2012-07-07 20:00:00,,-17.195
2012-07-07 21:00:00,,-17.198
2012-07-07 22:00:00,,-17.201
2012-07-07 23:00:00,,-17.203
2012-07-08 00:00:00,,-17.204
2012-07-08 01:00:00,,-17.204
2012-07-08 02:00:00,,-17.2
2012-07-08 03:00:00,,-17.196
2012-07-08 04:00:00,,-17.197
2012-07-08 05:00:00,,-17.192
2012-07-08 06:00:00,,-17.192
2012-07-08 07:00:00,,-17.188
2012-07-08 08:00:00,,-17.195
2012-07-08 09:00:00,,-17.195
2012-07-08 10:00:00,,-17.196
2012-07-08 11:00:00,,-17.193
2012-07-08 12:00:00,,-17.187
2012-07-08 13:00:00,,-17.187
2012-07-08 14:00:00,,-17.18
2012-07-08 15:00:00,,-17.177
2012-07-08 16:00:00,,-17.174
2012-07-08 17:00:00,,-17.174
2012-07-08 18:00:00,,-17.175
2012-07-08 19:00:00,,-17.178
2012-07-08 20:00:00,,-17.183
2012-07-08 21:00:00,,-17.182
2012-07-08 22:00:00,,-17.184
2012-07-08 23:00:00,,-17.183
2012-07-09 00:00:00,,-17.185
2012-07-09 01:00:00,,-17.186
2012-07-09 02:00:00,,-17.183
2012-07-09 03:00:00,,-17.181
2012-07-09 04:00:00,,-17.182
2012-07-09 05:00:00,,-17.18
2012-07-09 06:00:00,,-17.176
2012-07-09 07:00:00,,-17.184
2012-07-09 08:00:00,,-17.184
2012-07-09 09:00:00,,-17.188
2012-07-09 10:00:00,,-17.189
2012-07-09 11:00:00,,-17.191
2012-07-09 12:00:00,,-17.183
2012-07-09 13:00:00,,-17.181
2012-07-09 14:00:00,,-17.18
2012-07-09 15:00:00,,-17.174
2012-07-09 16:00:00,,-17.173
2012-07-09 17:00:00,,-17.17
2012-07-09 18:00:00,,-17.171
2012-07-09 19:00:00,,-17.175
2012-07-09 20:00:00,,-17.177
2012-07-09 21:00:00,,-17.18
2012-07-09 22:00:00,,-17.187
2012-07-09 23:00:00,,-17.189
2012-07-10 00:00:00,,-17.19
2012-07-10 01:00:00,,-17.189
2012-07-10 02:00:00,,-17.186
2012-07-10 03:00:00,,-17.189
2012-07-10 04:00:00,,-17.188
2012-07-10 05:00:00,,-17.19
2012-07-10 06:00:00,,-17.19
2012-07-10 07:00:00,,-17.195
2012-07-10 08:00:00,,-17.191
2012-07-10 09:00:00,,-17.197
2012-07-10 10:00:00,,-17.197
2012-07-10 11:00:00,,-17.194
2012-07-10 12:00:00,,-17.19
2012-07-10 13:00:00,,-17.187
2012-07-10 14:00:00,,-17.179
2012-07-10 15:00:00,,-17.183
2012-07-10 16:00:00,,-17.179
2012-07-10 17:00:00,,-17.175
2012-07-10 18:00:00,,-17.177
2012-07-10 19:00:00,,-17.178
2012-07-10 20:00:00,,-17.181
2012-07-10 21:00:00,,-17.184
2012-07-10 22:00:00,,-17.184
2012-07-10 23:00:00,,-17.187
2012-07-11 00:00:00,,-17.183
2012-07-11 01:00:00,,-17.181
2012-07-11 02:00:00,,-17.18
2012-07-11 03:00:00,,-17.179
2012-07-11 04:00:00,,-17.179
2012-07-11 05:00:00,,-17.177
2012-07-11 06:00:00,,-17.176
2012-07-11 07:00:00,,-17.181
2012-07-11 08:00:00,,-17.181
2012-07-11 09:00:00,,-17.182
2012-07-11 10:00:00,,-17.182
2012-07-11 11:00:00,,-17.177
2012-07-11 12:00:00,,-17.174
2012-07-11 13:00:00,,-17.167
2012-07-11 14:00:00,,-17.158
2012-07-11 15:00:00,,-17.157
2012-07-11 16:00:00,,-17.153
2012-07-11 17:00:00,,-17.155
2012-07-11 18:00:00,,-17.158
2012-07-11 19:00:00,,-17.16
2012-07-11 20:00:00,,-17.165
2012-07-11 21:00:00,,-17.166
2012-07-11 22:00:00,,-17.168
2012-07-11 23:00:00,,-17.167
2012-07-12 00:00:00,,-17.169
2012-07-12 01:00:00,,-17.164
2012-07-12 02:00:00,,-17.164
2012-07-12 03:00:00,,-17.163
2012-07-12 04:00:00,,-17.163
2012-07-12 05:00:00,,-17.167
2012-07-12 06:00:00,,-17.172
2012-07-12 07:00:00,,-17.175
2012-07-12 08:00:00,,-17.177
2012-07-12 09:00:00,,-17.18
2012-07-12 10:00:00,,-17.182
2012-07-12 11:00:00,,-17.176
2012-07-12 12:00:00,,-17.176
2012-07-12 13:00:00,,-17.17
2012-07-12 14:00:00,,-17.166
2012-07-12 15:00:00,,-17.164
2012-07-12 16:00:00,,-17.161
2012-07-12 17:00:00,,-17.163
2012-07-12 18:00:00,,-17.165
2012-07-12 19:00:00,,-17.17
2012-07-12 20:00:00,,-17.176
2012-07-12 21:00:00,,-17.179
2012-07-12 22:00:00,,-17.183
2012-07-12 23:00:00,,-17.18
2012-07-13 00:00:00,,-17.181
2012-07-13 01:00:00,,-17.18
2012-07-13 02:00:00,,-17.179
2012-07-13 03:00:00,,-17.179
2012-07-13 04:00:00,,-17.18
2012-07-13 05:00:00,,-17.187
2012-07-13 06:00:00,,-17.191
2012-07-13 07:00:00,,-17.193
2012-07-13 08:00:00,,-17.193
2012-07-13 09:00:00,,-17.2
2012-07-13 10:00:00,,-17.203
2012-07-13 11:00:00,,-17.205
2012-07-13 12:00:00,,-17.205
2012-07-13 13:00:00,,-17.193
2012-07-13 14:00:00,,-17.193
2012-07-13 15:00:00,,-17.188
2012-07-13 16:00:00,,-17.186
2012-07-13 17:00:00,,-17.19
2012-07-13 18:00:00,,-17.194
2012-07-13 19:00:00,,-17.195
2012-07-13 20:00:00,,-17.199
2012-07-13 21:00:00,,-17.206
2012-07-13 22:00:00,,-17.208
2012-07-13 23:00:00,,-17.206
2012-07-14 00:00:00,,-17.203
2012-07-14 01:00:00,,-17.202
2012-07-14 02:00:00,,-17.2
2012-07-14 03:00:00,,-17.203
2012-07-14 04:00:00,,-17.204
2012-07-14 05:00:00,,-17.207
2012-07-14 06:00:00,,-17.207
2012-07-14 07:00:00,,-17.213
2012-07-14 08:00:00,,-17.221
2012-07-14 09:00:00,,-17.226
2012-07-14 10:00:00,,-17.234
2012-07-14 11:00:00,,-17.233
2012-07-14 12:00:00,,-17.228
2012-07-14 13:00:00,,-17.223
2012-07-14 14:00:00,,-17.221
2012-07-14 15:00:00,,-17.215
2012-07-14 16:00:00,,-17.216
2012-07-14 17:00:00,,-17.22
2012-07-14 18:00:00,,-17.222
2012-07-14 19:00:00,,-17.231
2012-07-14 20:00:00,,-17.239
2012-07-14 21:00:00,,-17.244
2012-07-14 22:00:00,,-17.251
2012-07-14 23:00:00,,-17.254
2012-07-15 00:00:00,,-17.254
2012-07-15 01:00:00,,-17.251
2012-07-15 02:00:00,,-17.249
2012-07-15 03:00:00,,-17.25
2012-07-15 04:00:00,,-17.25
2012-07-15 05:00:00,,-17.255
2012-07-15 06:00:00,,-17.258
2012-07-15 07:00:00,,-17.263
2012-07-15 08:00:00,,-17.268
2012-07-15 09:00:00,,-17.275
2012-07-15 10:00:00,,-17.275
2012-07-15 11:00:00,,-17.279
2012-07-15 12:00:00,,-17.273
2012-07-15 13:00:00,,-17.269
2012-07-15 14:00:00,,-17.261
2012-07-15 15:00:00,,-17.254
2012-07-15 16:00:00,,-17.256
2012-07-15 17:00:00,,-17.252
2012-07-15 18:00:00,,-17.258
2012-07-15 19:00:00,,-17.261
2012-07-15 20:00:00,,-17.269
2012-07-15 21:00:00,,-17.272
2012-07-15 22:00:00,,-17.276
2012-07-15 23:00:00,,-17.277
2012-07-16 00:00:00,,-17.277
2012-07-16 01:00:00,,-17.271
2012-07-16 02:00:00,,-17.267
2012-07-16 03:00:00,,-17.265
2012-07-16 04:00:00,,-17.266
2012-07-16 05:00:00,,-17.263
2012-07-16 06:00:00,,-17.267
2012-07-16 07:00:00,,-17.268
2012-07-16 08:00:00,,-17.272
2012-07-16 09:00:00,,-17.272
2012-07-16 10:00:00,,-17.273
2012-07-16 11:00:00,,-17.272
2012-07-16 12:00:00,,-17.265
2012-07-16 13:00:00,,-17.255
2012-07-16 14:00:00,,-17.243
2012-07-16 15:00:00,,-17.241
2012-07-16 16:00:00,,-17.237
2012-07-16 17:00:00,,-17.234
2012-07-16 18:00:00,,-17.235
2012-07-16 19:00:00,,-17.238
2012-07-16 20:00:00,,-17.243
2012-07-16 21:00:00,,-17.249
2012-07-16 22:00:00,,-17.249
2012-07-16 23:00:00,,-17.255
2012-07-17 00:00:00,,-17.249
2012-07-17 01:00:00,,-17.25
2012-07-17 02:00:00,,-17.246
2012-07-17 03:00:00,,-17.241
2012-07-17 04:00:00,,-17.24
2012-07-17 05:00:00,,-17.237
2012-07-17 06:00:00,,-17.24
2012-07-17 07:00:00,,-17.246
2012-07-17 08:00:00,,-17.243
2012-07-17 09:00:00,,-17.244
2012-07-17 10:00:00,,-17.251
2012-07-17 11:00:00,,-17.25
2012-07-17 12:00:00,,-17.246
2012-07-17 13:00:00,,-17.237
2012-07-17 14:00:00,,-17.231
2012-07-17 15:00:00,,-17.224
2012-07-17 16:00:00,,-17.217
2012-07-17 17:00:00,,-17.218
2012-07-17 18:00:00,,-17.221
2012-07-17 19:00:00,,-17.224
2012-07-17 20:00:00,,-17.233
2012-07-17 21:00:00,,-17.237
2012-07-17 22:00:00,,-17.241
2012-07-17 23:00:00,,-17.246
2012-07-18 00:00:00,,-17.248
2012-07-18 01:00:00,,-17.246
2012-07-18 02:00:00,,-17.241
2012-07-18 03:00:00,,-17.235
2012-07-18 04:00:00,,-17.235
2012-07-18 05:00:00,,-17.235
2012-07-18 06:00:00,,-17.236
2012-07-18 07:00:00,,-17.239
2012-07-18 08:00:00,,-17.248
2012-07-18 09:00:00,,-17.252
2012-07-18 10:00:00,,-17.253
2012-07-18 11:00:00,,-17.26
2012-07-18 12:00:00,,-17.252
2012-07-18 13:00:00,,-17.247
2012-07-18 14:00:00,,-17.236
2012-07-18 15:00:00,,-17.23
2012-07-18 16:00:00,,-17.227
2012-07-18 17:00:00,,-17.229
2012-07-18 18:00:00,,-17.231
2012-07-18 19:00:00,,-17.234
2012-07-18 20:00:00,,-17.242
2012-07-18 21:00:00,,-17.252
2012-07-18 22:00:00,,-17.256
2012-07-18 23:00:00,,-17.26
2012-07-19 00:00:00,,-17.256
2012-07-19 01:00:00,,-17.258
2012-07-19 02:00:00,,-17.255
2012-07-19 03:00:00,,-17.255
2012-07-19 04:00:00,,-17.254
2012-07-19 05:00:00,,-17.252
2012-07-19 06:00:00,,-17.251
2012-07-19 07:00:00,,-17.258
2012-07-19 08:00:00,,-17.265
2012-07-19 09:00:00,,-17.269
2012-07-19 10:00:00,,-17.27
2012-07-19 11:00:00,,-17.273
2012-07-19 12:00:00,,-17.273
2012-07-19 13:00:00,,-17.267
2012-07-19 14:00:00,,-17.258
2012-07-19 15:00:00,,-17.253
2012-07-19 16:00:00,,-17.247
2012-07-19 17:00:00,,-17.248
2012-07-19 18:00:00,,-17.245
2012-07-19 19:00:00,,-17.25
2012-07-19 20:00:00,,-17.257
2012-07-19 21:00:00,,-17.266
2012-07-19 22:00:00,,-17.27
2012-07-19 23:00:00,,-17.274
2012-07-20 00:00:00,,-17.274
2012-07-20 01:00:00,,-17.275
2012-07-20 02:00:00,,-17.274
2012-07-20 03:00:00,,-17.271
2012-07-20 04:00:00,,-17.271
2012-07-20 05:00:00,,-17.268
2012-07-20 06:00:00,,-17.268
2012-07-20 07:00:00,,-17.274
2012-07-20 08:00:00,,-17.278
2012-07-20 09:00:00,,-17.283
2012-07-20 10:00:00,,-17.287
2012-07-20 11:00:00,,-17.285
2012-07-20 12:00:00,,-17.281
2012-07-20 13:00:00,,-17.279
2012-07-20 14:00:00,,-17.273
2012-07-20 15:00:00,,-17.265
2012-07-20 16:00:00,,-17.262
2012-07-20 17:00:00,,-17.26
2012-07-20 18:00:00,,-17.262
2012-07-20 19:00:00,,-17.265
2012-07-20 20:00:00,,-17.274
2012-07-20 21:00:00,,-17.28
2012-07-20 22:00:00,,-17.283
2012-07-20 23:00:00,,-17.288
2012-07-21 00:00:00,,-17.283
2012-07-21 01:00:00,,-17.286
2012-07-21 02:00:00,,-17.286
2012-07-21 03:00:00,,-17.279
2012-07-21 04:00:00,,-17.279
2012-07-21 05:00:00,,-17.279
2012-07-21 06:00:00,,-17.279
2012-07-21 07:00:00,,-17.278
2012-07-21 08:00:00,,-17.284
2012-07-21 09:00:00,,-17.287
2012-07-21 10:00:00,,-17.285
2012-07-21 11:00:00,,-17.29
2012-07-21 12:00:00,,-17.285
2012-07-21 13:00:00,,-17.278
2012-07-21 14:00:00,,-17.269
2012-07-21 15:00:00,,-17.261
2012-07-21 16:00:00,,-17.256
2012-07-21 17:00:00,,-17.253
2012-07-21 18:00:00,,-17.254
2012-07-21 19:00:00,,-17.259
2012-07-21 20:00:00,,-17.265
2012-07-21 21:00:00,,-17.268
2012-07-21 22:00:00,,-17.271
2012-07-21 23:00:00,,-17.271
2012-07-22 00:00:00,,-17.269
2012-07-22 01:00:00,,-17.27
2012-07-22 02:00:00,,-17.267
2012-07-22 03:00:00,,-17.262
2012-07-22 04:00:00,,-17.26
2012-07-22 05:00:00,,-17.257
2012-07-22 06:00:00,,-17.26
2012-07-22 07:00:00,,-17.257
2012-07-22 08:00:00,,-17.26
2012-07-22 09:00:00,,-17.263
2012-07-22 10:00:00,,-17.263
2012-07-22 11:00:00,,-17.263
2012-07-22 12:00:00,,-17.259
2012-07-22 13:00:00,,-17.249
2012-07-22 14:00:00,,-17.24
2012-07-22 15:00:00,,-17.235
2012-07-22 16:00:00,,-17.23
2012-07-22 17:00:00,,-17.228
2012-07-22 18:00:00,,-17.226
2012-07-22 19:00:00,,-17.233
2012-07-22 20:00:00,,-17.234
2012-07-22 21:00:00,,-17.236
2012-07-22 22:00:00,,-17.243
2012-07-22 23:00:00,,-17.243
2012-07-23 00:00:00,,-17.244
2012-07-23 01:00:00,,-17.247
2012-07-23 02:00:00,,-17.245
2012-07-23 03:00:00,,-17.247
2012-07-23 04:00:00,,-17.243
2012-07-23 05:00:00,,-17.24
2012-07-23 06:00:00,,-17.237
2012-07-23 07:00:00,,-17.242
2012-07-23 08:00:00,,-17.241
2012-07-23 09:00:00,,-17.242
2012-07-23 10:00:00,,-17.245
2012-07-23 11:00:00,,-17.242
2012-07-23 12:00:00,,-17.242
2012-07-23 13:00:00,,-17.231
2012-07-23 14:00:00,,-17.221
2012-07-23 15:00:00,,-17.215
2012-07-23 16:00:00,,-17.212
2012-07-23 17:00:00,,-17.209
2012-07-23 18:00:00,,-17.21
2012-07-23 19:00:00,,-17.211
2012-07-23 20:00:00,,-17.212
2012-07-23 21:00:00,,-17.217
2012-07-23 22:00:00,,-17.219
2012-07-23 23:00:00,,-17.224
2012-07-24 00:00:00,,-17.22
2012-07-24 01:00:00,,-17.223
2012-07-24 02:00:00,,-17.224
2012-07-24 03:00:00,,-17.224
2012-07-24 04:00:00,,-17.219
2012-07-24 05:00:00,,-17.219
2012-07-24 06:00:00,,-17.222
2012-07-24 07:00:00,,-17.222
2012-07-24 08:00:00,,-17.225
2012-07-24 09:00:00,,-17.227
2012-07-24 10:00:00,,-17.231
2012-07-24 11:00:00,,-17.227
2012-07-24 12:00:00,,-17.224
2012-07-24 13:00:00,,-17.216
2012-07-24 14:00:00,,-17.213
2012-07-24 15:00:00,,-17.207
2012-07-24 16:00:00,,-17.201
2012-07-24 17:00:00,,-17.201
2012-07-24 18:00:00,,-17.199
2012-07-24 19:00:00,,-17.201
2012-07-24 20:00:00,,-17.2
2012-07-24 21:00:00,,-17.204
2012-07-24 22:00:00,,-17.207
2012-07-24 23:00:00,,-17.209
2012-07-25 00:00:00,,-17.209
2012-07-25 01:00:00,,-17.209
2012-07-25 02:00:00,,-17.211
2012-07-25 03:00:00,,-17.211
2012-07-25 04:00:00,,-17.212
2012-07-25 05:00:00,,-17.213
2012-07-25 06:00:00,,-17.214
2012-07-25 07:00:00,,-17.217
2012-07-25 08:00:00,,-17.221
2012-07-25 09:00:00,,-17.223
2012-07-25 10:00:00,,-17.224
2012-07-25 11:00:00,,-17.226
2012-07-25 12:00:00,,-17.221
2012-07-25 13:00:00,,-17.214
2012-07-25 14:00:00,,-17.213
2012-07-25 15:00:00,,-17.212
2012-07-25 16:00:00,,-17.205
2012-07-25 17:00:00,,-17.208
2012-07-25 18:00:00,,-17.211
2012-07-25 19:00:00,,-17.21
2012-07-25 20:00:00,,-17.212
2012-07-25 21:00:00,,-17.218
2012-07-25 22:00:00,,-17.221
2012-07-25 23:00:00,,-17.221
2012-07-26 00:00:00,,-17.219
2012-07-26 01:00:00,,-17.22
2012-07-26 02:00:00,,-17.221
2012-07-26 03:00:00,,-17.223
2012-07-26 04:00:00,,-17.224
2012-07-26 05:00:00,,-17.227
2012-07-26 06:00:00,,-17.229
2012-07-26 07:00:00,,-17.233
2012-07-26 08:00:00,,-17.238
2012-07-26 09:00:00,,-17.244
2012-07-26 10:00:00,,-17.241
2012-07-26 11:00:00,,-17.242
2012-07-26 12:00:00,,-17.238
2012-07-26 13:00:00,,-17.235
2012-07-26 14:00:00,,-17.229
2012-07-26 15:00:00,,-17.227
2012-07-26 16:00:00,,-17.221
2012-07-26 17:00:00,,-17.225
2012-07-26 18:00:00,,-17.227
2012-07-26 19:00:00,,-17.232
2012-07-26 20:00:00,,-17.237
2012-07-26 21:00:00,,-17.24
2012-07-26 22:00:00,,-17.244
2012-07-26 23:00:00,,-17.248
2012-07-27 00:00:00,,-17.247
2012-07-27 01:00:00,,-17.247
2012-07-27 02:00:00,,-17.249
2012-07-27 03:00:00,,-17.247
2012-07-27 04:00:00,,-17.247
2012-07-27 05:00:00,,-17.249
2012-07-27 06:00:00,,-17.256
2012-07-27 07:00:00,,-17.26
2012-07-27 08:00:00,,-17.264
2012-07-27 09:00:00,,-17.266
2012-07-27 10:00:00,,-17.27
2012-07-27 11:00:00,,-17.271
2012-07-27 12:00:00,,-17.266
2012-07-27 13:00:00,,-17.267
2012-07-27 14:00:00,,-17.258
2012-07-27 15:00:00,,-17.254
2012-07-27 16:00:00,,-17.255
2012-07-27 17:00:00,,-17.251
2012-07-27 18:00:00,,-17.254
2012-07-27 19:00:00,,-17.257
2012-07-27 20:00:00,,-17.261
2012-07-27 21:00:00,,-17.265
2012-07-27 22:00:00,,-17.269
2012-07-27 23:00:00,,-17.268
2012-07-28 00:00:00,,-17.267
2012-07-28 01:00:00,,-17.263
2012-07-28 02:00:00,,-17.266
2012-07-28 03:00:00,,-17.27
2012-07-28 04:00:00,,-17.271
2012-07-28 05:00:00,,-17.274
2012-07-28 06:00:00,,-17.274
2012-07-28 07:00:00,,-17.281
2012-07-28 08:00:00,,-17.287
2012-07-28 09:00:00,,-17.289
2012-07-28 10:00:00,,-17.292
2012-07-28 11:00:00,,-17.288
2012-07-28 12:00:00,,-17.282
2012-07-28 13:00:00,,-17.273
2012-07-28 14:00:00,,-17.263
2012-07-28 15:00:00,,-17.259
2012-07-28 16:00:00,,-17.257
2012-07-28 17:00:00,,-17.255
2012-07-28 18:00:00,,-17.253
2012-07-28 19:00:00,,-17.257
2012-07-28 20:00:00,,-17.263
2012-07-28 21:00:00,,-17.27
2012-07-28 22:00:00,,-17.271
2012-07-28 23:00:00,,-17.267
2012-07-29 00:00:00,,-17.269
2012-07-29 01:00:00,,-17.267
2012-07-29 02:00:00,,-17.266
2012-07-29 03:00:00,,-17.267
2012-07-29 04:00:00,,-17.263
2012-07-29 05:00:00,,-17.265
2012-07-29 06:00:00,,-17.27
2012-07-29 07:00:00,,-17.272
2012-07-29 08:00:00,,-17.28
2012-07-29 09:00:00,,-17.282
2012-07-29 10:00:00,,-17.281
2012-07-29 11:00:00,,-17.281
2012-07-29 12:00:00,,-17.279
2012-07-29 13:00:00,,-17.269
2012-07-29 14:00:00,,-17.26
2012-07-29 15:00:00,,-17.254
2012-07-29 16:00:00,,-17.249
2012-07-29 17:00:00,,-17.253
2012-07-29 18:00:00,,-17.252
2012-07-29 19:00:00,,-17.258
2012-07-29 20:00:00,,-17.266
2012-07-29 21:00:00,,-17.272
2012-07-29 22:00:00,,-17.274
2012-07-29 23:00:00,,-17.278
2012-07-30 00:00:00,,-17.275
2012-07-30 01:00:00,,-17.273
2012-07-30 02:00:00,,-17.27
2012-07-30 03:00:00,,-17.27
2012-07-30 04:00:00,,-17.266
2012-07-30 05:00:00,,-17.264
2012-07-30 06:00:00,,-17.27
2012-07-30 07:00:00,,-17.274
2012-07-30 08:00:00,,-17.28
2012-07-30 09:00:00,,-17.279
2012-07-30 10:00:00,,-17.277
2012-07-30 11:00:00,,-17.283
2012-07-30 12:00:00,,-17.277
2012-07-30 13:00:00,,-17.269
2012-07-30 14:00:00,,-17.261
2012-07-30 15:00:00,,-17.253
2012-07-30 16:00:00,,-17.251
2012-07-30 17:00:00,,-17.253
2012-07-30 18:00:00,,-17.258
2012-07-30 19:00:00,,-17.258
2012-07-30 20:00:00,,-17.268
2012-07-30 21:00:00,,-17.272
2012-07-30 22:00:00,,-17.276
2012-07-30 23:00:00,,-17.279
2012-07-31 00:00:00,,-17.275
2012-07-31 01:00:00,,-17.274
2012-07-31 02:00:00,,-17.269
2012-07-31 03:00:00,,-17.265
2012-07-31 04:00:00,,-17.262
2012-07-31 05:00:00,,-17.262
2012-07-31 06:00:00,,-17.267
2012-07-31 07:00:00,,-17.269
2012-07-31 08:00:00,,-17.274
2012-07-31 09:00:00,,-17.279
2012-07-31 10:00:00,,-17.285
2012-07-31 11:00:00,,-17.281
2012-07-31 12:00:00,,-17.276
2012-07-31 13:00:00,,-17.267
2012-07-31 14:00:00,,-17.258
2012-07-31 15:00:00,,-17.249
2012-07-31 16:00:00,,-17.244
2012-07-31 17:00:00,,-17.245
2012-07-31 18:00:00,,-17.243
2012-07-31 19:00:00,,-17.248
2012-07-31 20:00:00,,-17.255
2012-07-31 21:00:00,,-17.259
2012-07-31 22:00:00,,-17.263
2012-07-31 23:00:00,,-17.265
2012-08-01 00:00:00,,-17.262
2012-08-01 01:00:00,,-17.261
2012-08-01 02:00:00,,-17.26
2012-08-01 03:00:00,,-17.255
2012-08-01 04:00:00,,-17.249
2012-08-01 05:00:00,,-17.251
2012-08-01 06:00:00,,-17.252
2012-08-01 07:00:00,,-17.253
2012-08-01 08:00:00,,-17.255
2012-08-01 09:00:00,,-17.258
2012-08-01 10:00:00,,-17.261
2012-08-01 11:00:00,,-17.263
2012-08-01 12:00:00,,-17.255
2012-08-01 13:00:00,,-17.249
2012-08-01 14:00:00,,-17.239
2012-08-01 15:00:00,,-17.232
2012-08-01 16:00:00,,-17.231
2012-08-01 17:00:00,,-17.225
2012-08-01 18:00:00,,-17.225
2012-08-01 19:00:00,,-17.232
2012-08-01 20:00:00,,-17.233
2012-08-01 21:00:00,,-17.243
2012-08-01 22:00:00,,-17.246
2012-08-01 23:00:00,,-17.249
2012-08-02 00:00:00,,-17.249
2012-08-02 01:00:00,,-17.241
2012-08-02 02:00:00,,-17.24
2012-08-02 03:00:00,,-17.239
2012-08-02 04:00:00,,-17.231
2012-08-02 05:00:00,,-17.233
2012-08-02 06:00:00,,-17.237
2012-08-02 07:00:00,,-17.242
2012-08-02 08:00:00,,-17.247
2012-08-02 09:00:00,,-17.253
2012-08-02 10:00:00,,-17.254
2012-08-02 11:00:00,,-17.254
2012-08-02 12:00:00,,-17.244
2012-08-02 13:00:00,,-17.238
2012-08-02 14:00:00,,-17.227
2012-08-02 15:00:00,,-17.22
2012-08-02 16:00:00,,-17.213
2012-08-02 17:00:00,,-17.213
2012-08-02 18:00:00,,-17.212
2012-08-02 19:00:00,,-17.212
2012-08-02 20:00:00,,-17.218
2012-08-02 21:00:00,,-17.223
2012-08-02 22:00:00,,-17.227
2012-08-02 23:00:00,,-17.23
2012-08-03 00:00:00,,-17.229
2012-08-03 01:00:00,,-17.228
2012-08-03 02:00:00,,-17.224
2012-08-03 03:00:00,,-17.223
2012-08-03 04:00:00,,-17.219
2012-08-03 05:00:00,,-17.217
2012-08-03 06:00:00,,-17.221
2012-08-03 07:00:00,,-17.222
2012-08-03 08:00:00,,-17.231
2012-08-03 09:00:00,,-17.236
2012-08-03 10:00:00,,-17.241
2012-08-03 11:00:00,,-17.239
2012-08-03 12:00:00,,-17.232
2012-08-03 13:00:00,,-17.229
2012-08-03 14:00:00,,-17.223
2012-08-03 15:00:00,,-17.218
2012-08-03 16:00:00,,-17.212
2012-08-03 17:00:00,,-17.211
2012-08-03 18:00:00,,-17.206
2012-08-03 19:00:00,,-17.211
2012-08-03 20:00:00,,-17.216
2012-08-03 21:00:00,,-17.218
2012-08-03 22:00:00,,-17.225
2012-08-03 23:00:00,,-17.225
2012-08-04 00:00:00,,-17.226
2012-08-04 01:00:00,,-17.226
2012-08-04 02:00:00,,-17.227
2012-08-04 03:00:00,,-17.221
2012-08-04 04:00:00,,-17.225
2012-08-04 05:00:00,,-17.222
2012-08-04 06:00:00,,-17.223
2012-08-04 07:00:00,,-17.226
2012-08-04 08:00:00,,-17.23
2012-08-04 09:00:00,,-17.234
2012-08-04 10:00:00,,-17.236
2012-08-04 11:00:00,,-17.238
2012-08-04 12:00:00,,-17.238
2012-08-04 13:00:00,,-17.232
2012-08-04 14:00:00,,-17.223
2012-08-04 15:00:00,,-17.219
2012-08-04 16:00:00,,-17.215
2012-08-04 17:00:00,,-17.209
2012-08-04 18:00:00,,-17.21
2012-08-04 19:00:00,,-17.212
2012-08-04 20:00:00,,-17.216
2012-08-04 21:00:00,,-17.218
2012-08-04 22:00:00,,-17.224
2012-08-04 23:00:00,,-17.227
2012-08-05 00:00:00,,-17.226
2012-08-05 01:00:00,,-17.227
2012-08-05 02:00:00,,-17.229
2012-08-05 03:00:00,,-17.229
2012-08-05 04:00:00,,-17.224
2012-08-05 05:00:00,,-17.228
2012-08-05 06:00:00,,-17.226
2012-08-05 07:00:00,,-17.231
2012-08-05 08:00:00,,-17.236
2012-08-05 09:00:00,,-17.239
2012-08-05 10:00:00,,-17.245
2012-08-05 11:00:00,,-17.243
2012-08-05 12:00:00,,-17.241
2012-08-05 13:00:00,,-17.236
2012-08-05 14:00:00,,-17.234
2012-08-05 15:00:00,,-17.225
2012-08-05 16:00:00,,-17.223
2012-08-05 17:00:00,,-17.217
2012-08-05 18:00:00,,-17.217
2012-08-05 19:00:00,,-17.22
2012-08-05 20:00:00,,-17.221
2012-08-05 21:00:00,,-17.23
2012-08-05 22:00:00,,-17.236
2012-08-05 23:00:00,,-17.239
2012-08-06 00:00:00,,-17.237
2012-08-06 01:00:00,,-17.241
2012-08-06 02:00:00,,-17.243
2012-08-06 03:00:00,,-17.244
2012-08-06 04:00:00,,-17.244
2012-08-06 05:00:00,,-17.245
2012-08-06 06:00:00,,-17.248
2012-08-06 07:00:00,,-17.247
2012-08-06 08:00:00,,-17.254
2012-08-06 09:00:00,,-17.259
2012-08-06 10:00:00,,-17.263
2012-08-06 11:00:00,,-17.264
2012-08-06 12:00:00,,-17.266
2012-08-06 13:00:00,,-17.259
2012-08-06 14:00:00,,-17.252
2012-08-06 15:00:00,,-17.249
2012-08-06 16:00:00,,-17.244
2012-08-06 17:00:00,,-17.238
2012-08-06 18:00:00,,-17.24
2012-08-06 19:00:00,,-17.239
2012-08-06 20:00:00,,-17.247
2012-08-06 21:00:00,,-17.251
2012-08-06 22:00:00,,-17.256
2012-08-06 23:00:00,,-17.256
2012-08-07 00:00:00,,-17.258
2012-08-07 01:00:00,,-17.26
2012-08-07 02:00:00,,-17.258
2012-08-07 03:00:00,,-17.255
2012-08-07 04:00:00,,-17.255
2012-08-07 05:00:00,,-17.257
2012-08-07 06:00:00,,-17.256
2012-08-07 07:00:00,,-17.258
2012-08-07 08:00:00,,-17.259
2012-08-07 09:00:00,,-17.26
2012-08-07 10:00:00,,-17.266
2012-08-07 11:00:00,,-17.265
2012-08-07 12:00:00,,-17.258
2012-08-07 13:00:00,,-17.257
2012-08-07 14:00:00,,-17.25
2012-08-07 15:00:00,,-17.244
2012-08-07 16:00:00,,-17.239
2012-08-07 17:00:00,,-17.232
2012-08-07 18:00:00,,-17.236
2012-08-07 19:00:00,,-17.236
2012-08-07 20:00:00,,-17.239
2012-08-07 21:00:00,,-17.24
2012-08-07 22:00:00,,-17.242
2012-08-07 23:00:00,,-17.246
2012-08-08 00:00:00,,-17.242
2012-08-08 01:00:00,,-17.246
2012-08-08 02:00:00,,-17.244
2012-08-08 03:00:00,,-17.242
2012-08-08 04:00:00,,-17.241
2012-08-08 05:00:00,,-17.243
2012-08-08 06:00:00,,-17.243
2012-08-08 07:00:00,,-17.244
2012-08-08 08:00:00,,-17.248
2012-08-08 09:00:00,,-17.251
2012-08-08 10:00:00,,-17.255
2012-08-08 11:00:00,,-17.25
2012-08-08 12:00:00,,-17.247
2012-08-08 13:00:00,,-17.246
2012-08-08 14:00:00,,-17.238
2012-08-08 15:00:00,,-17.23
2012-08-08 16:00:00,,-17.228
2012-08-08 17:00:00,,-17.226
2012-08-08 18:00:00,,-17.228
2012-08-08 19:00:00,,-17.224
2012-08-08 20:00:00,,-17.232
2012-08-08 21:00:00,,-17.235
2012-08-08 22:00:00,,-17.237
2012-08-08 23:00:00,,-17.231
2012-08-09 00:00:00,,-17.237
2012-08-09 01:00:00,,-17.235
2012-08-09 02:00:00,,-17.234
2012-08-09 03:00:00,,-17.236
2012-08-09 04:00:00,,-17.236
2012-08-09 05:00:00,,-17.237
2012-08-09 06:00:00,,-17.236
2012-08-09 07:00:00,,-17.242
2012-08-09 08:00:00,,-17.25
2012-08-09 09:00:00,,-17.254
2012-08-09 10:00:00,,-17.255
2012-08-09 11:00:00,,-17.258
2012-08-09 12:00:00,,-17.257
2012-08-09 13:00:00,,-17.253
2012-08-09 14:00:00,,-17.246
2012-08-09 15:00:00,,-17.242
2012-08-09 16:00:00,,-17.243
2012-08-09 17:00:00,,-17.243
2012-08-09 18:00:00,,-17.246
2012-08-09 19:00:00,,-17.251
2012-08-09 20:00:00,,-17.255
2012-08-09 21:00:00,,-17.26
2012-08-09 22:00:00,,-17.265
2012-08-09 23:00:00,,-17.265
2012-08-10 00:00:00,,-17.265
2012-08-10 01:00:00,,-17.265
2012-08-10 02:00:00,,-17.266
2012-08-10 03:00:00,,-17.266
2012-08-10 04:00:00,,-17.267
2012-08-10 05:00:00,,-17.269
2012-08-10 06:00:00,,-17.275
2012-08-10 07:00:00,,-17.281
2012-08-10 08:00:00,,-17.287
2012-08-10 09:00:00,,-17.291
2012-08-10 10:00:00,,-17.296
2012-08-10 11:00:00,,-17.293
2012-08-10 12:00:00,,-17.29
2012-08-10 13:00:00,,-17.285
2012-08-10 14:00:00,,-17.278
2012-08-10 15:00:00,,-17.276
2012-08-10 16:00:00,,-17.273
2012-08-10 17:00:00,,-17.273
2012-08-10 18:00:00,,-17.273
2012-08-10 19:00:00,,-17.279
2012-08-10 20:00:00,,-17.281
2012-08-10 21:00:00,,-17.285
2012-08-10 22:00:00,,-17.29
2012-08-10 23:00:00,,-17.289
2012-08-11 00:00:00,,-17.291
2012-08-11 01:00:00,,-17.291
2012-08-11 02:00:00,,-17.287
2012-08-11 03:00:00,,-17.286
2012-08-11 04:00:00,,-17.284
2012-08-11 05:00:00,,-17.286
2012-08-11 06:00:00,,-17.29
2012-08-11 07:00:00,,-17.292
2012-08-11 08:00:00,,-17.299
2012-08-11 09:00:00,,-17.3
2012-08-11 10:00:00,,-17.301
2012-08-11 11:00:00,,-17.301
2012-08-11 12:00:00,,-17.296
2012-08-11 13:00:00,,-17.286
2012-08-11 14:00:00,,-17.28
2012-08-11 15:00:00,,-17.273
2012-08-11 16:00:00,,-17.27
2012-08-11 17:00:00,,-17.27
2012-08-11 18:00:00,,-17.272
2012-08-11 19:00:00,,-17.276
2012-08-11 20:00:00,,-17.277
2012-08-11 21:00:00,,-17.281
2012-08-11 22:00:00,,-17.281
2012-08-11 23:00:00,,-17.282
2012-08-12 00:00:00,,-17.281
2012-08-12 01:00:00,,-17.28
2012-08-12 02:00:00,,-17.276
2012-08-12 03:00:00,,-17.273
2012-08-12 04:00:00,,-17.273
2012-08-12 05:00:00,,-17.273
2012-08-12 06:00:00,,-17.276
2012-08-12 07:00:00,,-17.282
2012-08-12 08:00:00,,-17.287
2012-08-12 09:00:00,,-17.286
2012-08-12 10:00:00,,-17.289
2012-08-12 11:00:00,,-17.285
2012-08-12 12:00:00,,-17.278
2012-08-12 13:00:00,,-17.268
2012-08-12 14:00:00,,-17.257
2012-08-12 15:00:00,,-17.255
2012-08-12 16:00:00,,-17.251
2012-08-12 17:00:00,,-17.247
2012-08-12 18:00:00,,-17.25
2012-08-12 19:00:00,,-17.25
2012-08-12 20:00:00,,-17.256
2012-08-12 21:00:00,,-17.259
2012-08-12 22:00:00,,-17.261
2012-08-12 23:00:00,,-17.26
2012-08-13 00:00:00,,-17.258
2012-08-13 01:00:00,,-17.26
2012-08-13 02:00:00,,-17.256
2012-08-13 03:00:00,,-17.257
2012-08-13 04:00:00,,-17.253
2012-08-13 05:00:00,,-17.254
2012-08-13 06:00:00,,-17.258
2012-08-13 07:00:00,,-17.262
2012-08-13 08:00:00,,-17.267
2012-08-13 09:00:00,,-17.269
2012-08-13 10:00:00,,-17.267
2012-08-13 11:00:00,,-17.268
2012-08-13 12:00:00,,-17.263
2012-08-13 13:00:00,,-17.251
2012-08-13 14:00:00,,-17.245
2012-08-13 15:00:00,,-17.237
2012-08-13 16:00:00,,-17.235
2012-08-13 17:00:00,,-17.234
2012-08-13 18:00:00,,-17.231
2012-08-13 19:00:00,,-17.235
2012-08-13 20:00:00,,-17.239
2012-08-13 21:00:00,,-17.242
2012-08-13 22:00:00,,-17.245
2012-08-13 23:00:00,,-17.248
2012-08-14 00:00:00,,-17.243
2012-08-14 01:00:00,,-17.241
2012-08-14 02:00:00,,-17.238
2012-08-14 03:00:00,,-17.237
2012-08-14 04:00:00,,-17.235
2012-08-14 05:00:00,,-17.235
2012-08-14 06:00:00,,-17.238
2012-08-14 07:00:00,,-17.244
2012-08-14 08:00:00,,-17.249
2012-08-14 09:00:00,,-17.252
2012-08-14 10:00:00,,-17.252
2012-08-14 11:00:00,,-17.254
2012-08-14 12:00:00,,-17.245
2012-08-14 13:00:00,,-17.241
2012-08-14 14:00:00,,-17.231
2012-08-14 15:00:00,,-17.231
2012-08-14 16:00:00,,-17.225
2012-08-14 17:00:00,,-17.224
2012-08-14 18:00:00,,-17.226
2012-08-14 19:00:00,,-17.23
2012-08-14 20:00:00,,-17.235
2012-08-14 21:00:00,,-17.24
2012-08-14 22:00:00,,-17.243
2012-08-14 23:00:00,,-17.243
2012-08-15 00:00:00,,-17.242
2012-08-15 01:00:00,,-17.237
2012-08-15 02:00:00,,-17.235
2012-08-15 03:00:00,,-17.228
2012-08-15 04:00:00,,-17.229
2012-08-15 05:00:00,,-17.229
2012-08-15 06:00:00,,-17.229
2012-08-15 07:00:00,,-17.234
2012-08-15 08:00:00,,-17.24
2012-08-15 09:00:00,,-17.243
2012-08-15 10:00:00,,-17.246
2012-08-15 11:00:00,,-17.247
2012-08-15 12:00:00,,-17.242
2012-08-15 13:00:00,,-17.233
2012-08-15 14:00:00,,-17.225
2012-08-15 15:00:00,,-17.216
2012-08-15 16:00:00,,-17.211
2012-08-15 17:00:00,,-17.21
2012-08-15 18:00:00,,-17.215
2012-08-15 19:00:00,,-17.219
2012-08-15 20:00:00,,-17.219
2012-08-15 21:00:00,,-17.226
2012-08-15 22:00:00,,-17.229
2012-08-15 23:00:00,,-17.228
2012-08-16 00:00:00,,-17.227
2012-08-16 01:00:00,,-17.224
2012-08-16 02:00:00,,-17.222
2012-08-16 03:00:00,,-17.217
2012-08-16 04:00:00,,-17.214
2012-08-16 05:00:00,,-17.213
2012-08-16 06:00:00,,-17.217
2012-08-16 07:00:00,,-17.219
2012-08-16 08:00:00,,-17.222
2012-08-16 09:00:00,,-17.225
2012-08-16 10:00:00,,-17.231
2012-08-16 11:00:00,,-17.228
2012-08-16 12:00:00,,-17.224
2012-08-16 13:00:00,,-17.217
2012-08-16 14:00:00,,-17.207
2012-08-16 15:00:00,,-17.2
2012-08-16 16:00:00,,-17.192
2012-08-16 17:00:00,,-17.19
2012-08-16 18:00:00,,-17.192
2012-08-16 19:00:00,,-17.197
2012-08-16 20:00:00,,-17.202
2012-08-16 21:00:00,,-17.209
2012-08-16 22:00:00,,-17.213
2012-08-16 23:00:00,,-17.215
2012-08-17 00:00:00,,-17.215
2012-08-17 01:00:00,,-17.218
2012-08-17 02:00:00,,-17.213
2012-08-17 03:00:00,,-17.213
2012-08-17 04:00:00,,-17.207
2012-08-17 05:00:00,,-17.206
2012-08-17 06:00:00,,-17.209
2012-08-17 07:00:00,,-17.217
2012-08-17 08:00:00,,-17.224
2012-08-17 09:00:00,,-17.231
2012-08-17 10:00:00,,-17.235
2012-08-17 11:00:00,,-17.237
2012-08-17 12:00:00,,-17.233
2012-08-17 13:00:00,,-17.229
2012-08-17 14:00:00,,-17.217
2012-08-17 15:00:00,,-17.211
2012-08-17 16:00:00,,-17.206
2012-08-17 17:00:00,,-17.201
2012-08-17 18:00:00,,-17.204
2012-08-17 19:00:00,,-17.21
2012-08-17 20:00:00,,-17.217
2012-08-17 21:00:00,,-17.224
2012-08-17 22:00:00,,-17.233
2012-08-17 23:00:00,,-17.235
2012-08-18 00:00:00,,-17.235
2012-08-18 01:00:00,,-17.23
2012-08-18 02:00:00,,-17.23
2012-08-18 03:00:00,,-17.224
2012-08-18 04:00:00,,-17.222
2012-08-18 05:00:00,,-17.222
2012-08-18 06:00:00,,-17.227
2012-08-18 07:00:00,,-17.232
2012-08-18 08:00:00,,-17.237
2012-08-18 09:00:00,,-17.243
2012-08-18 10:00:00,,-17.25
2012-08-18 11:00:00,,-17.249
2012-08-18 12:00:00,,-17.248
2012-08-18 13:00:00,,-17.242
2012-08-18 14:00:00,,-17.233
2012-08-18 15:00:00,,-17.225
2012-08-18 16:00:00,,-17.222
2012-08-18 17:00:00,,-17.221
2012-08-18 18:00:00,,-17.223
2012-08-18 19:00:00,,-17.228
2012-08-18 20:00:00,,-17.235
2012-08-18 21:00:00,,-17.243
2012-08-18 22:00:00,,-17.249
2012-08-18 23:00:00,,-17.254
2012-08-19 00:00:00,,-17.259
2012-08-19 01:00:00,,-17.257
2012-08-19 02:00:00,,-17.255
2012-08-19 03:00:00,,-17.252
2012-08-19 04:00:00,,-17.251
2012-08-19 05:00:00,,-17.247
2012-08-19 06:00:00,,-17.251
2012-08-19 07:00:00,,-17.25
2012-08-19 08:00:00,,-17.254
2012-08-19 09:00:00,,-17.259
2012-08-19 10:00:00,,-17.263
2012-08-19 11:00:00,,-17.263
2012-08-19 12:00:00,,-17.26
2012-08-19 13:00:00,,-17.249
2012-08-19 14:00:00,,-17.246
2012-08-19 15:00:00,,-17.235
2012-08-19 16:00:00,,-17.228
2012-08-19 17:00:00,,-17.226
2012-08-19 18:00:00,,-17.222
2012-08-19 19:00:00,,-17.226
2012-08-19 20:00:00,,-17.232
2012-08-19 21:00:00,,-17.232
2012-08-19 22:00:00,,-17.236
2012-08-19 23:00:00,,-17.24
2012-08-20 00:00:00,,-17.241
2012-08-20 01:00:00,,-17.241
2012-08-20 02:00:00,,-17.236
2012-08-20 03:00:00,,-17.235
2012-08-20 04:00:00,,-17.23
2012-08-20 05:00:00,,-17.226
2012-08-20 06:00:00,,-17.227
2012-08-20 07:00:00,,-17.23
2012-08-20 08:00:00,,-17.233
2012-08-20 09:00:00,,-17.235
2012-08-20 10:00:00,,-17.237
2012-08-20 11:00:00,,-17.237
2012-08-20 12:00:00,,-17.233
2012-08-20 13:00:00,,-17.223
2012-08-20 14:00:00,,-17.217
2012-08-20 15:00:00,,-17.208
2012-08-20 16:00:00,,-17.202
2012-08-20 17:00:00,,-17.197
2012-08-20 18:00:00,,-17.195
2012-08-20 19:00:00,,-17.194
2012-08-20 20:00:00,,-17.198
2012-08-20 21:00:00,,-17.201
2012-08-20 22:00:00,,-17.2
2012-08-20 23:00:00,,-17.206
2012-08-21 00:00:00,,-17.207
2012-08-21 01:00:00,,-17.206
2012-08-21 02:00:00,,-17.205
2012-08-21 03:00:00,,-17.201
2012-08-21 04:00:00,,-17.197
2012-08-21 05:00:00,,-17.197
2012-08-21 06:00:00,,-17.198
2012-08-21 07:00:00,,-17.198
2012-08-21 08:00:00,,-17.203
2012-08-21 09:00:00,,-17.204
2012-08-21 10:00:00,,-17.204
2012-08-21 11:00:00,,-17.203
2012-08-21 12:00:00,,-17.2
2012-08-21 13:00:00,,-17.196
2012-08-21 14:00:00,,-17.187
2012-08-21 15:00:00,,-17.178
2012-08-21 16:00:00,,-17.175
2012-08-21 17:00:00,,-17.171
2012-08-21 18:00:00,,-17.17
2012-08-21 19:00:00,,-17.171
2012-08-21 20:00:00,,-17.174
2012-08-21 21:00:00,,-17.179
2012-08-21 22:00:00,,-17.178
2012-08-21 23:00:00,,-17.182
2012-08-22 00:00:00,,-17.182
2012-08-22 01:00:00,,-17.182
2012-08-22 02:00:00,,-17.184
2012-08-22 03:00:00,,-17.18
2012-08-22 04:00:00,,-17.18
2012-08-22 05:00:00,,-17.177
2012-08-22 06:00:00,,-17.181
2012-08-22 07:00:00,,-17.18
2012-08-22 08:00:00,,-17.181
2012-08-22 09:00:00,,-17.186
2012-08-22 10:00:00,,-17.185
2012-08-22 11:00:00,,-17.184
2012-08-22 12:00:00,,-17.182
2012-08-22 13:00:00,,-17.176
2012-08-22 14:00:00,,-17.171
2012-08-22 15:00:00,,-17.167
2012-08-22 16:00:00,,-17.16
2012-08-22 17:00:00,,-17.155
2012-08-22 18:00:00,,-17.155
2012-08-22 19:00:00,,-17.154
2012-08-22 20:00:00,,-17.159
2012-08-22 21:00:00,,-17.161
2012-08-22 22:00:00,,-17.167
2012-08-22 23:00:00,,-17.17
2012-08-23 00:00:00,,-17.17
2012-08-23 01:00:00,,-17.172
2012-08-23 02:00:00,,-17.175
2012-08-23 03:00:00,,-17.175
2012-08-23 04:00:00,,-17.176
2012-08-23 05:00:00,,-17.18
2012-08-23 06:00:00,,-17.186
2012-08-23 07:00:00,,-17.196
2012-08-23 08:00:00,,-17.198
2012-08-23 09:00:00,,-17.202
2012-08-23 10:00:00,,-17.206
2012-08-23 11:00:00,,-17.208
2012-08-23 12:00:00,,-17.21
2012-08-23 13:00:00,,-17.205
2012-08-23 14:00:00,,-17.205
2012-08-23 15:00:00,,-17.2
2012-08-23 16:00:00,,-17.203
2012-08-23 17:00:00,,-17.203
2012-08-23 18:00:00,,-17.204
2012-08-23 19:00:00,,-17.205
2012-08-23 20:00:00,,-17.207
2012-08-23 21:00:00,,-17.213
2012-08-23 22:00:00,,-17.215
2012-08-23 23:00:00,,-17.22
2012-08-24 00:00:00,,-17.224
2012-08-24 01:00:00,,-17.223
2012-08-24 02:00:00,,-17.223
2012-08-24 03:00:00,,-17.228
2012-08-24 04:00:00,,-17.229
2012-08-24 05:00:00,,-17.233
2012-08-24 06:00:00,,-17.236
2012-08-24 07:00:00,,-17.246
2012-08-24 08:00:00,,-17.251
2012-08-24 09:00:00,,-17.254
2012-08-24 10:00:00,,-17.258
2012-08-24 11:00:00,,-17.26
2012-08-24 12:00:00,,-17.25
2012-08-24 13:00:00,,-17.249
2012-08-24 14:00:00,,-17.245
2012-08-24 15:00:00,,-17.238
2012-08-24 16:00:00,,-17.237
2012-08-24 17:00:00,,-17.238
2012-08-24 18:00:00,,-17.239
2012-08-24 19:00:00,,-17.243
2012-08-24 20:00:00,,-17.245
2012-08-24 21:00:00,,-17.249
2012-08-24 22:00:00,,-17.248
2012-08-24 23:00:00,,-17.248
2012-08-25 00:00:00,,-17.249
2012-08-25 01:00:00,,-17.247
2012-08-25 02:00:00,,-17.246
2012-08-25 03:00:00,,-17.244
2012-08-25 04:00:00,,-17.242
2012-08-25 05:00:00,,-17.243
2012-08-25 06:00:00,,-17.248
2012-08-25 07:00:00,,-17.251
2012-08-25 08:00:00,,-17.254
2012-08-25 09:00:00,,-17.256
2012-08-25 10:00:00,,-17.255
2012-08-25 11:00:00,,-17.25
2012-08-25 12:00:00,,-17.248
2012-08-25 13:00:00,,-17.24
2012-08-25 14:00:00,,-17.234
2012-08-25 15:00:00,,-17.229
2012-08-25 16:00:00,,-17.225
2012-08-25 17:00:00,,-17.226
2012-08-25 18:00:00,,-17.227
2012-08-25 19:00:00,,-17.23
2012-08-25 20:00:00,,-17.23
2012-08-25 21:00:00,,-17.232
2012-08-25 22:00:00,,-17.233
2012-08-25 23:00:00,,-17.235
2012-08-26 00:00:00,,-17.239
2012-08-26 01:00:00,,-17.237
2012-08-26 02:00:00,,-17.234
2012-08-26 03:00:00,,-17.237
2012-08-26 04:00:00,,-17.235
2012-08-26 05:00:00,,-17.236
2012-08-26 06:00:00,,-17.242
2012-08-26 07:00:00,,-17.246
2012-08-26 08:00:00,,-17.251
2012-08-26 09:00:00,,-17.256
2012-08-26 10:00:00,,-17.257
2012-08-26 11:00:00,,-17.258
2012-08-26 12:00:00,,-17.253
2012-08-26 13:00:00,,-17.244
2012-08-26 14:00:00,,-17.24
2012-08-26 15:00:00,,-17.232
2012-08-26 16:00:00,,-17.23
2012-08-26 17:00:00,,-17.231
2012-08-26 18:00:00,,-17.233
2012-08-26 19:00:00,,-17.236
2012-08-26 20:00:00,,-17.24
2012-08-26 21:00:00,,-17.243
2012-08-26 22:00:00,,-17.248
2012-08-26 23:00:00,,-17.247
2012-08-27 00:00:00,,-17.246
2012-08-27 01:00:00,,-17.244
2012-08-27 02:00:00,,-17.24
2012-08-27 03:00:00,,-17.238
2012-08-27 04:00:00,,-17.237
2012-08-27 05:00:00,,-17.241
2012-08-27 06:00:00,,-17.244
2012-08-27 07:00:00,,-17.25
2012-08-27 08:00:00,,-17.253
2012-08-27 09:00:00,,-17.257
2012-08-27 10:00:00,,-17.258
2012-08-27 11:00:00,,-17.256
2012-08-27 12:00:00,,-17.248
2012-08-27 13:00:00,,-17.238
2012-08-27 14:00:00,,-17.232
2012-08-27 15:00:00,,-17.224
2012-08-27 16:00:00,,-17.224
2012-08-27 17:00:00,,-17.221
2012-08-27 18:00:00,,-17.221
2012-08-27 19:00:00,,-17.226
2012-08-27 20:00:00,,-17.229
2012-08-27 21:00:00,,-17.232
2012-08-27 22:00:00,,-17.234
2012-08-27 23:00:00,,-17.232
2012-08-28 00:00:00,,-17.233
2012-08-28 01:00:00,,-17.231
2012-08-28 02:00:00,,-17.227
2012-08-28 03:00:00,,-17.228
2012-08-28 04:00:00,,-17.225
2012-08-28 05:00:00,,-17.226
2012-08-28 06:00:00,,-17.228
2012-08-28 07:00:00,,-17.236
2012-08-28 08:00:00,,-17.241
2012-08-28 09:00:00,,-17.245
2012-08-28 10:00:00,,-17.248
2012-08-28 11:00:00,,-17.249
2012-08-28 12:00:00,,-17.238
2012-08-28 13:00:00,,-17.231
2012-08-28 14:00:00,,-17.223
2012-08-28 15:00:00,,-17.214
2012-08-28 16:00:00,,-17.212
2012-08-28 17:00:00,,-17.21
2012-08-28 18:00:00,,-17.211
2012-08-28 19:00:00,,-17.216
2012-08-28 20:00:00,,-17.221
2012-08-28 21:00:00,,-17.223
2012-08-28 22:00:00,,-17.227
2012-08-28 23:00:00,,-17.228
2012-08-29 00:00:00,,-17.228
2012-08-29 01:00:00,,-17.227
2012-08-29 02:00:00,,-17.22
2012-08-29 03:00:00,,-17.213
2012-08-29 04:00:00,,-17.21
2012-08-29 05:00:00,,-17.209
2012-08-29 06:00:00,,-17.212
2012-08-29 07:00:00,,-17.214
2012-08-29 08:00:00,,-17.222
2012-08-29 09:00:00,,-17.226
2012-08-29 10:00:00,,-17.228
2012-08-29 11:00:00,,-17.227
2012-08-29 12:00:00,,-17.22
2012-08-29 13:00:00,,-17.213
2012-08-29 14:00:00,,-17.204
2012-08-29 15:00:00,,-17.195
2012-08-29 16:00:00,,-17.191
2012-08-29 17:00:00,,-17.188
2012-08-29 18:00:00,,-17.19
2012-08-29 19:00:00,,-17.196
2012-08-29 20:00:00,,-17.203
2012-08-29 21:00:00,,-17.207
2012-08-29 22:00:00,,-17.211
2012-08-29 23:00:00,,-17.213
2012-08-30 00:00:00,,-17.214
2012-08-30 01:00:00,,-17.21
2012-08-30 02:00:00,,-17.208
2012-08-30 03:00:00,,-17.204
2012-08-30 04:00:00,,-17.202
2012-08-30 05:00:00,,-17.204
2012-08-30 06:00:00,,-17.21
2012-08-30 07:00:00,,-17.215
2012-08-30 08:00:00,,-17.227
2012-08-30 09:00:00,,-17.232
2012-08-30 10:00:00,,-17.235
2012-08-30 11:00:00,,-17.237
2012-08-30 12:00:00,,-17.233
2012-08-30 13:00:00,,-17.226
2012-08-30 14:00:00,,-17.215
2012-08-30 15:00:00,,-17.209
2012-08-30 16:00:00,,-17.205
2012-08-30 17:00:00,,-17.202
2012-08-30 18:00:00,,-17.206
2012-08-30 19:00:00,,-17.209
2012-08-30 20:00:00,,-17.215
2012-08-30 21:00:00,,-17.223
2012-08-30 22:00:00,,-17.227
2012-08-30 23:00:00,,-17.232
2012-08-31 00:00:00,,-17.235
2012-08-31 01:00:00,,-17.235
2012-08-31 02:00:00,,-17.236
2012-08-31 03:00:00,,-17.23
2012-08-31 04:00:00,,-17.231
2012-08-31 05:00:00,,-17.233
2012-08-31 06:00:00,,-17.234
2012-08-31 07:00:00,,-17.239
2012-08-31 08:00:00,,-17.248
2012-08-31 09:00:00,,-17.254
2012-08-31 10:00:00,,-17.262
2012-08-31 11:00:00,,-17.265
2012-08-31 12:00:00,,-17.259
2012-08-31 13:00:00,,-17.254
2012-08-31 14:00:00,,-17.247
2012-08-31 15:00:00,,-17.239
2012-08-31 16:00:00,,-17.234
2012-08-31 17:00:00,,-17.233
2012-08-31 18:00:00,,-17.234
2012-08-31 19:00:00,,-17.238
2012-08-31 20:00:00,,-17.243
2012-08-31 21:00:00,,-17.252
2012-08-31 22:00:00,,-17.252
2012-08-31 23:00:00,,-17.26
2012-09-01 00:00:00,,-17.262
2012-09-01 01:00:00,,-17.261
2012-09-01 02:00:00,,-17.257
2012-09-01 03:00:00,,-17.253
2012-09-01 04:00:00,,-17.25
2012-09-01 05:00:00,,-17.251
2012-09-01 06:00:00,,-17.252
2012-09-01 07:00:00,,-17.254
2012-09-01 08:00:00,,-17.254
2012-09-01 09:00:00,,-17.261
2012-09-01 10:00:00,,-17.264
2012-09-01 11:00:00,,-17.262
2012-09-01 12:00:00,,-17.259
2012-09-01 13:00:00,,-17.25
2012-09-01 14:00:00,,-17.241
2012-09-01 15:00:00,,-17.233
2012-09-01 16:00:00,,-17.226
2012-09-01 17:00:00,,-17.226
2012-09-01 18:00:00,,-17.226
2012-09-01 19:00:00,,-17.229
2012-09-01 20:00:00,,-17.233
2012-09-01 21:00:00,,-17.237
2012-09-01 22:00:00,,-17.243
2012-09-01 23:00:00,,-17.246
2012-09-02 00:00:00,,-17.245
2012-09-02 01:00:00,,-17.244
2012-09-02 02:00:00,,-17.241
2012-09-02 03:00:00,,-17.24
2012-09-02 04:00:00,,-17.237
2012-09-02 05:00:00,,-17.238
2012-09-02 06:00:00,,-17.239
2012-09-02 07:00:00,,-17.244
2012-09-02 08:00:00,,-17.247
2012-09-02 09:00:00,,-17.254
2012-09-02 10:00:00,,-17.252
2012-09-02 11:00:00,,-17.252
2012-09-02 12:00:00,,-17.249
2012-09-02 13:00:00,,-17.241
2012-09-02 14:00:00,,-17.234
2012-09-02 15:00:00,,-17.224
2012-09-02 16:00:00,,-17.219
2012-09-02 17:00:00,,-17.213
2012-09-02 18:00:00,,-17.214
2012-09-02 19:00:00,,-17.215
2012-09-02 20:00:00,,-17.222
2012-09-02 21:00:00,,-17.229
2012-09-02 22:00:00,,-17.232
2012-09-02 23:00:00,,-17.236
2012-09-03 00:00:00,,-17.233
2012-09-03 01:00:00,,-17.231
2012-09-03 02:00:00,,-17.235
2012-09-03 03:00:00,,-17.232
2012-09-03 04:00:00,,-17.231
2012-09-03 05:00:00,,-17.231
2012-09-03 06:00:00,,-17.229
2012-09-03 07:00:00,,-17.231
2012-09-03 08:00:00,,-17.231
2012-09-03 09:00:00,,-17.235
2012-09-03 10:00:00,,-17.235
2012-09-03 11:00:00,,-17.236
2012-09-03 12:00:00,,-17.231
2012-09-03 13:00:00,,-17.226
2012-09-03 14:00:00,,-17.22
2012-09-03 15:00:00,,-17.213
2012-09-03 16:00:00,,-17.207
2012-09-03 17:00:00,,-17.204
2012-09-03 18:00:00,,-17.203
2012-09-03 19:00:00,,-17.202
2012-09-03 20:00:00,,-17.209
2012-09-03 21:00:00,,-17.214
2012-09-03 22:00:00,,-17.215
2012-09-03 23:00:00,,-17.22
2012-09-04 00:00:00,,-17.219
2012-09-04 01:00:00,,-17.222
2012-09-04 02:00:00,,-17.22
2012-09-04 03:00:00,,-17.222
2012-09-04 04:00:00,,-17.22
2012-09-04 05:00:00,,-17.221
2012-09-04 06:00:00,,-17.223
2012-09-04 07:00:00,,-17.225
2012-09-04 08:00:00,,-17.226
2012-09-04 09:00:00,,-17.226
2012-09-04 10:00:00,,-17.227
2012-09-04 11:00:00,,-17.227
2012-09-04 12:00:00,,-17.222
2012-09-04 13:00:00,,-17.215
2012-09-04 14:00:00,,-17.208
2012-09-04 15:00:00,,-17.2
2012-09-04 16:00:00,,-17.196
2012-09-04 17:00:00,,-17.19
2012-09-04 18:00:00,,-17.186
2012-09-04 19:00:00,,-17.188
2012-09-04 20:00:00,,-17.191
2012-09-04 21:00:00,,-17.194
2012-09-04 22:00:00,,-17.198
2012-09-04 23:00:00,,-17.2
2012-09-05 00:00:00,,-17.198
2012-09-05 01:00:00,,-17.198
2012-09-05 02:00:00,,-17.195
2012-09-05 03:00:00,,-17.192
2012-09-05 04:00:00,,-17.189
2012-09-05 05:00:00,,-17.186
2012-09-05 06:00:00,,-17.189
2012-09-05 07:00:00,,-17.192
2012-09-05 08:00:00,,-17.196
2012-09-05 09:00:00,,-17.198
2012-09-05 10:00:00,,-17.202
2012-09-05 11:00:00,,-17.2
2012-09-05 12:00:00,,-17.2
2012-09-05 13:00:00,,-17.194
2012-09-05 14:00:00,,-17.19
2012-09-05 15:00:00,,-17.186
2012-09-05 16:00:00,,-17.182
2012-09-05 17:00:00,,-17.184
2012-09-05 18:00:00,,-17.182
2012-09-05 19:00:00,,-17.184
2012-09-05 20:00:00,,-17.188
2012-09-05 21:00:00,,-17.19
2012-09-05 22:00:00,,-17.195
2012-09-05 23:00:00,,-17.195
2012-09-06 00:00:00,,-17.196
2012-09-06 01:00:00,,-17.198
2012-09-06 02:00:00,,-17.196
2012-09-06 03:00:00,,-17.196
2012-09-06 04:00:00,,-17.198
2012-09-06 05:00:00,,-17.197
2012-09-06 06:00:00,,-17.204
2012-09-06 07:00:00,,-17.205
2012-09-06 08:00:00,,-17.206
2012-09-06 09:00:00,,-17.212
2012-09-06 10:00:00,,-17.214
2012-09-06 11:00:00,,-17.214
2012-09-06 12:00:00,,-17.209
2012-09-06 13:00:00,,-17.203
2012-09-06 14:00:00,,-17.2
2012-09-06 15:00:00,,-17.194
2012-09-06 16:00:00,,-17.188
2012-09-06 17:00:00,,-17.185
2012-09-06 18:00:00,,-17.184
2012-09-06 19:00:00,,-17.188
2012-09-06 20:00:00,,-17.193
2012-09-06 21:00:00,,-17.198
2012-09-06 22:00:00,,-17.204
2012-09-06 23:00:00,,-17.204
2012-09-07 00:00:00,,-17.211
2012-09-07 01:00:00,,-17.211
2012-09-07 02:00:00,,-17.213
2012-09-07 03:00:00,,-17.216
2012-09-07 04:00:00,,-17.22
2012-09-07 05:00:00,,-17.225
2012-09-07 06:00:00,,-17.229
2012-09-07 07:00:00,,-17.234
2012-09-07 08:00:00,,-17.24
2012-09-07 09:00:00,,-17.249
2012-09-07 10:00:00,,-17.251
2012-09-07 11:00:00,,-17.252
2012-09-07 12:00:00,,-17.249
2012-09-07 13:00:00,,-17.249
2012-09-07 14:00:00,,-17.244
2012-09-07 15:00:00,,-17.238
2012-09-07 16:00:00,,-17.235
2012-09-07 17:00:00,,-17.239
2012-09-07 18:00:00,,-17.242
2012-09-07 19:00:00,,-17.249
2012-09-07 20:00:00,,-17.254
2012-09-07 21:00:00,,-17.261
2012-09-07 22:00:00,,-17.265
2012-09-07 23:00:00,,-17.27
2012-09-08 00:00:00,,-17.27
2012-09-08 01:00:00,,-17.273
2012-09-08 02:00:00,,-17.271
2012-09-08 03:00:00,,-17.273
2012-09-08 04:00:00,,-17.275
2012-09-08 05:00:00,,-17.275
2012-09-08 06:00:00,,-17.278
2012-09-08 07:00:00,,-17.281
2012-09-08 08:00:00,,-17.286
2012-09-08 09:00:00,,-17.29
2012-09-08 10:00:00,,-17.289
2012-09-08 11:00:00,,-17.287
2012-09-08 12:00:00,,-17.285
2012-09-08 13:00:00,,-17.277
2012-09-08 14:00:00,,-17.27
2012-09-08 15:00:00,,-17.265
2012-09-08 16:00:00,,-17.26
2012-09-08 17:00:00,,-17.257
2012-09-08 18:00:00,,-17.255
2012-09-08 19:00:00,,-17.261
2012-09-08 20:00:00,,-17.263
2012-09-08 21:00:00,,-17.271
2012-09-08 22:00:00,,-17.276
2012-09-08 23:00:00,,-17.281
2012-09-09 00:00:00,,-17.28
2012-09-09 01:00:00,,-17.276
2012-09-09 02:00:00,,-17.272
2012-09-09 03:00:00,,-17.267
2012-09-09 04:00:00,,-17.264
2012-09-09 05:00:00,,-17.267
2012-09-09 06:00:00,,-17.27
2012-09-09 07:00:00,,-17.276
2012-09-09 08:00:00,,-17.283
2012-09-09 09:00:00,,-17.285
2012-09-09 10:00:00,,-17.286
2012-09-09 11:00:00,,-17.279
2012-09-09 12:00:00,,-17.269
2012-09-09 13:00:00,,-17.264
2012-09-09 14:00:00,,-17.253
2012-09-09 15:00:00,,-17.248
2012-09-09 16:00:00,,-17.243
2012-09-09 17:00:00,,-17.243
2012-09-09 18:00:00,,-17.246
2012-09-09 19:00:00,,-17.247
2012-09-09 20:00:00,,-17.251
2012-09-09 21:00:00,,-17.255
2012-09-09 22:00:00,,-17.255
2012-09-09 23:00:00,,-17.256
2012-09-10 00:00:00,,-17.258
2012-09-10 01:00:00,,-17.255
2012-09-10 02:00:00,,-17.25
2012-09-10 03:00:00,,-17.25
2012-09-10 04:00:00,,-17.248
2012-09-10 05:00:00,,-17.25
2012-09-10 06:00:00,,-17.253
2012-09-10 07:00:00,,-17.255
2012-09-10 08:00:00,,-17.262
2012-09-10 09:00:00,,-17.263
2012-09-10 10:00:00,,-17.261
2012-09-10 11:00:00,,-17.26
2012-09-10 12:00:00,,-17.254
2012-09-10 13:00:00,,-17.247
2012-09-10 14:00:00,,-17.239
2012-09-10 15:00:00,,-17.231
2012-09-10 16:00:00,,-17.231
2012-09-10 17:00:00,,-17.232
2012-09-10 18:00:00,,-17.231
2012-09-10 19:00:00,,-17.236
2012-09-10 20:00:00,,-17.242
2012-09-10 21:00:00,,-17.246
2012-09-10 22:00:00,,-17.249
2012-09-10 23:00:00,,-17.251
2012-09-11 00:00:00,,-17.248
2012-09-11 01:00:00,,-17.245
2012-09-11 02:00:00,,-17.244
2012-09-11 03:00:00,,-17.238
2012-09-11 04:00:00,,-17.24
2012-09-11 05:00:00,,-17.24
2012-09-11 06:00:00,,-17.245
2012-09-11 07:00:00,,-17.249
2012-09-11 08:00:00,,-17.254
2012-09-11 09:00:00,,-17.254
2012-09-11 10:00:00,,-17.259
2012-09-11 11:00:00,,-17.259
2012-09-11 12:00:00,,-17.252
2012-09-11 13:00:00,,-17.243
2012-09-11 14:00:00,,-17.237
2012-09-11 15:00:00,,-17.231
2012-09-11 16:00:00,,-17.228
2012-09-11 17:00:00,,-17.227
2012-09-11 18:00:00,,-17.225
2012-09-11 19:00:00,,-17.228
2012-09-11 20:00:00,,-17.236
2012-09-11 21:00:00,,-17.238
2012-09-11 22:00:00,,-17.24
2012-09-11 23:00:00,,-17.238
2012-09-12 00:00:00,,-17.241
2012-09-12 01:00:00,,-17.237
2012-09-12 02:00:00,,-17.234
2012-09-12 03:00:00,,-17.236
2012-09-12 04:00:00,,-17.231
2012-09-12 05:00:00,,-17.235
2012-09-12 06:00:00,,-17.236
2012-09-12 07:00:00,,-17.241
2012-09-12 08:00:00,,-17.248
2012-09-12 09:00:00,,-17.251
2012-09-12 10:00:00,,-17.249
2012-09-12 11:00:00,,-17.248
2012-09-12 12:00:00,,-17.241
2012-09-12 13:00:00,,-17.232
2012-09-12 14:00:00,,-17.221
2012-09-12 15:00:00,,-17.215
2012-09-12 16:00:00,,-17.213
2012-09-12 17:00:00,,-17.211
2012-09-12 18:00:00,,-17.213
2012-09-12 19:00:00,,-17.213
2012-09-12 20:00:00,,-17.217
2012-09-12 21:00:00,,-17.221
2012-09-12 22:00:00,,-17.223
2012-09-12 23:00:00,,-17.224
2012-09-13 00:00:00,,-17.225
2012-09-13 01:00:00,,-17.22
2012-09-13 02:00:00,,-17.216
2012-09-13 03:00:00,,-17.212
2012-09-13 04:00:00,,-17.21
2012-09-13 05:00:00,,-17.211
2012-09-13 06:00:00,,-17.214
2012-09-13 07:00:00,,-17.228
2012-09-13 08:00:00,,-17.237
2012-09-13 09:00:00,,-17.244
2012-09-13 10:00:00,,-17.247
2012-09-13 11:00:00,,-17.248
2012-09-13 12:00:00,,-17.242
2012-09-13 13:00:00,,-17.231
2012-09-13 14:00:00,,-17.224
2012-09-13 15:00:00,,-17.221
2012-09-13 16:00:00,,-17.218
2012-09-13 17:00:00,,-17.216
2012-09-13 18:00:00,,-17.219
2012-09-13 19:00:00,,-17.226
2012-09-13 20:00:00,,-17.239
2012-09-13 21:00:00,,-17.242
2012-09-13 22:00:00,,-17.246
2012-09-13 23:00:00,,-17.247
2012-09-14 00:00:00,,-17.248
2012-09-14 01:00:00,,-17.244
2012-09-14 02:00:00,,-17.243
2012-09-14 03:00:00,,-17.243
2012-09-14 04:00:00,,-17.241
2012-09-14 05:00:00,,-17.241
2012-09-14 06:00:00,,-17.245
2012-09-14 07:00:00,,-17.252
2012-09-14 08:00:00,,-17.254
2012-09-14 09:00:00,,-17.26
2012-09-14 10:00:00,,-17.262
2012-09-14 11:00:00,,-17.258
2012-09-14 12:00:00,,-17.25
2012-09-14 13:00:00,,-17.243
2012-09-14 14:00:00,,-17.237
2012-09-14 15:00:00,,-17.229
2012-09-14 16:00:00,,-17.224
2012-09-14 17:00:00,,-17.221
2012-09-14 18:00:00,,-17.226
2012-09-14 19:00:00,,-17.228
2012-09-14 20:00:00,,-17.238
2012-09-14 21:00:00,,-17.245
2012-09-14 22:00:00,,-17.248
2012-09-14 23:00:00,,-17.247
2012-09-15 00:00:00,,-17.248
2012-09-15 01:00:00,,-17.25
2012-09-15 02:00:00,,-17.243
2012-09-15 03:00:00,,-17.244
2012-09-15 04:00:00,,-17.239
2012-09-15 05:00:00,,-17.241
2012-09-15 06:00:00,,-17.242
2012-09-15 07:00:00,,-17.25
2012-09-15 08:00:00,,-17.258
2012-09-15 09:00:00,,-17.264
2012-09-15 10:00:00,,-17.263
2012-09-15 11:00:00,,-17.261
2012-09-15 12:00:00,,-17.257
2012-09-15 13:00:00,,-17.244
2012-09-15 14:00:00,,-17.237
2012-09-15 15:00:00,,-17.229
2012-09-15 16:00:00,,-17.221
2012-09-15 17:00:00,,-17.225
2012-09-15 18:00:00,,-17.225
2012-09-15 19:00:00,,-17.226
2012-09-15 20:00:00,,-17.235
2012-09-15 21:00:00,,-17.245
2012-09-15 22:00:00,,-17.248
2012-09-15 23:00:00,,-17.251
2012-09-16 00:00:00,,-17.254
2012-09-16 01:00:00,,-17.25
2012-09-16 02:00:00,,-17.247
2012-09-16 03:00:00,,-17.242
2012-09-16 04:00:00,,-17.235
2012-09-16 05:00:00,,-17.239
2012-09-16 06:00:00,,-17.238
2012-09-16 07:00:00,,-17.243
2012-09-16 08:00:00,,-17.251
2012-09-16 09:00:00,,-17.254
2012-09-16 10:00:00,,-17.255
2012-09-16 11:00:00,,-17.256
2012-09-16 12:00:00,,-17.25
2012-09-16 13:00:00,,-17.239
2012-09-16 14:00:00,,-17.234
2012-09-16 15:00:00,,-17.225
2012-09-16 16:00:00,,-17.216
2012-09-16 17:00:00,,-17.212
2012-09-16 18:00:00,,-17.212
2012-09-16 19:00:00,,-17.217
2012-09-16 20:00:00,,-17.222
2012-09-16 21:00:00,,-17.229
2012-09-16 22:00:00,,-17.234
2012-09-16 23:00:00,,-17.235
2012-09-17 00:00:00,,-17.236
2012-09-17 01:00:00,,-17.238
2012-09-17 02:00:00,,-17.231
2012-09-17 03:00:00,,-17.222
2012-09-17 04:00:00,,-17.22
2012-09-17 05:00:00,,-17.219
2012-09-17 06:00:00,,-17.223
2012-09-17 07:00:00,,-17.225
2012-09-17 08:00:00,,-17.229
2012-09-17 09:00:00,,-17.233
2012-09-17 10:00:00,,-17.238
2012-09-17 11:00:00,,-17.238
2012-09-17 12:00:00,,-17.232
2012-09-17 13:00:00,,-17.224
2012-09-17 14:00:00,,-17.215
2012-09-17 15:00:00,,-17.207
2012-09-17 16:00:00,,-17.202
2012-09-17 17:00:00,,-17.193
2012-09-17 18:00:00,,-17.187
2012-09-17 19:00:00,,-17.188
2012-09-17 20:00:00,,-17.191
2012-09-17 21:00:00,,-17.198
2012-09-17 22:00:00,,-17.201
2012-09-17 23:00:00,,-17.204
2012-09-18 00:00:00,,-17.205
2012-09-18 01:00:00,,-17.202
2012-09-18 02:00:00,,-17.199
2012-09-18 03:00:00,,-17.197
2012-09-18 04:00:00,,-17.193
2012-09-18 05:00:00,,-17.192
2012-09-18 06:00:00,,-17.195
2012-09-18 07:00:00,,-17.199
2012-09-18 08:00:00,,-17.204
2012-09-18 09:00:00,,-17.205
2012-09-18 10:00:00,,-17.207
2012-09-18 11:00:00,,-17.207
2012-09-18 12:00:00,,-17.197
2012-09-18 13:00:00,,-17.191
2012-09-18 14:00:00,,-17.184
2012-09-18 15:00:00,,-17.182
2012-09-18 16:00:00,,-17.175
2012-09-18 17:00:00,,-17.17
2012-09-18 18:00:00,,-17.171
2012-09-18 19:00:00,,-17.172
2012-09-18 20:00:00,,-17.174
2012-09-18 21:00:00,,-17.182
2012-09-18 22:00:00,,-17.181
2012-09-18 23:00:00,,-17.185
2012-09-19 00:00:00,,-17.184
2012-09-19 01:00:00,,-17.184
2012-09-19 02:00:00,,-17.184
2012-09-19 03:00:00,,-17.177
2012-09-19 04:00:00,,-17.173
2012-09-19 05:00:00,,-17.177
2012-09-19 06:00:00,,-17.177
2012-09-19 07:00:00,,-17.183
2012-09-19 08:00:00,,-17.182
2012-09-19 09:00:00,,-17.191
2012-09-19 10:00:00,,-17.192
2012-09-19 11:00:00,,-17.187
2012-09-19 12:00:00,,-17.186
2012-09-19 13:00:00,,-17.186
2012-09-19 14:00:00,,-17.176
2012-09-19 15:00:00,,-17.176
2012-09-19 16:00:00,,-17.173
2012-09-19 17:00:00,,-17.167
2012-09-19 18:00:00,,-17.168
2012-09-19 19:00:00,,-17.169
2012-09-19 20:00:00,,-17.173
2012-09-19 21:00:00,,-17.178
2012-09-19 22:00:00,,-17.181
2012-09-19 23:00:00,,-17.183
2012-09-20 00:00:00,,-17.188
2012-09-20 01:00:00,,-17.187
2012-09-20 02:00:00,,-17.184
2012-09-20 03:00:00,,-17.185
2012-09-20 04:00:00,,-17.179
2012-09-20 05:00:00,,-17.182
2012-09-20 06:00:00,,-17.181
2012-09-20 07:00:00,,-17.182
2012-09-20 08:00:00,,-17.19
2012-09-20 09:00:00,,-17.195
2012-09-20 10:00:00,,-17.196
2012-09-20 11:00:00,,-17.198
2012-09-20 12:00:00,,-17.195
2012-09-20 13:00:00,,-17.191
2012-09-20 14:00:00,,-17.185
2012-09-20 15:00:00,,-17.183
2012-09-20 16:00:00,,-17.177
2012-09-20 17:00:00,,-17.176
2012-09-20 18:00:00,,-17.179
2012-09-20 19:00:00,,-17.178
2012-09-20 20:00:00,,-17.187
2012-09-20 21:00:00,,-17.188
2012-09-20 22:00:00,,-17.192
2012-09-20 23:00:00,,-17.194
2012-09-21 00:00:00,,-17.196
2012-09-21 01:00:00,,-17.194
2012-09-21 02:00:00,,-17.196
2012-09-21 03:00:00,,-17.197
2012-09-21 04:00:00,,-17.194
2012-09-21 05:00:00,,-17.193
2012-09-21 06:00:00,,-17.197
2012-09-21 07:00:00,,-17.201
2012-09-21 08:00:00,,-17.204
2012-09-21 09:00:00,,-17.214
2012-09-21 10:00:00,,-17.214
2012-09-21 11:00:00,,-17.215
2012-09-21 12:00:00,,-17.208
2012-09-21 13:00:00,,-17.205
2012-09-21 14:00:00,,-17.2
2012-09-21 15:00:00,,-17.196
2012-09-21 16:00:00,,-17.188
2012-09-21 17:00:00,,-17.188
2012-09-21 18:00:00,,-17.189
2012-09-21 19:00:00,,-17.192
2012-09-21 20:00:00,,-17.192
2012-09-21 21:00:00,,-17.197
2012-09-21 22:00:00,,-17.199
2012-09-21 23:00:00,,-17.198
2012-09-22 00:00:00,,-17.197
2012-09-22 01:00:00,,-17.198
2012-09-22 02:00:00,,-17.2
2012-09-22 03:00:00,,-17.198
2012-09-22 04:00:00,,-17.196
2012-09-22 05:00:00,,-17.197
2012-09-22 06:00:00,,-17.203
2012-09-22 07:00:00,,-17.205
2012-09-22 08:00:00,,-17.21
2012-09-22 09:00:00,,-17.208
2012-09-22 10:00:00,,-17.211
2012-09-22 11:00:00,,-17.204
2012-09-22 12:00:00,,-17.202
2012-09-22 13:00:00,,-17.19
2012-09-22 14:00:00,,-17.186
2012-09-22 15:00:00,,-17.184
2012-09-22 16:00:00,,-17.179
2012-09-22 17:00:00,,-17.179
2012-09-22 18:00:00,,-17.181
2012-09-22 19:00:00,,-17.183
2012-09-22 20:00:00,,-17.187
2012-09-22 21:00:00,,-17.186
2012-09-22 22:00:00,,-17.19
2012-09-22 23:00:00,,-17.191
2012-09-23 00:00:00,,-17.187
2012-09-23 01:00:00,,-17.184
2012-09-23 02:00:00,,-17.186
2012-09-23 03:00:00,,-17.183
2012-09-23 04:00:00,,-17.183
2012-09-23 05:00:00,,-17.189
2012-09-23 06:00:00,,-17.189
2012-09-23 07:00:00,,-17.195
2012-09-23 08:00:00,,-17.199
2012-09-23 09:00:00,,-17.201
2012-09-23 10:00:00,,-17.201
2012-09-23 11:00:00,,-17.206
2012-09-23 12:00:00,,-17.202
2012-09-23 13:00:00,,-17.196
2012-09-23 14:00:00,,-17.193
2012-09-23 15:00:00,,-17.192
2012-09-23 16:00:00,,-17.188
2012-09-23 17:00:00,,-17.191
2012-09-23 18:00:00,,-17.192
2012-09-23 19:00:00,,-17.197
2012-09-23 20:00:00,,-17.204
2012-09-23 21:00:00,,-17.209
2012-09-23 22:00:00,,-17.211
2012-09-23 23:00:00,,-17.216
2012-09-24 00:00:00,,-17.21
2012-09-24 01:00:00,,-17.208
2012-09-24 02:00:00,,-17.204
2012-09-24 03:00:00,,-17.207
2012-09-24 04:00:00,,-17.209
2012-09-24 05:00:00,,-17.214
2012-09-24 06:00:00,,-17.222
2012-09-24 07:00:00,,-17.224
2012-09-24 08:00:00,,-17.228
2012-09-24 09:00:00,,-17.235
2012-09-24 10:00:00,,-17.231
2012-09-24 11:00:00,,-17.231
2012-09-24 12:00:00,,-17.223
2012-09-24 13:00:00,,-17.214
2012-09-24 14:00:00,,-17.209
2012-09-24 15:00:00,,-17.2
2012-09-24 16:00:00,,-17.198
2012-09-24 17:00:00,,-17.2
2012-09-24 18:00:00,,-17.2
2012-09-24 19:00:00,,-17.208
2012-09-24 20:00:00,,-17.214
2012-09-24 21:00:00,,-17.221
2012-09-24 22:00:00,,-17.219
2012-09-24 23:00:00,,-17.222
2012-09-25 00:00:00,,-17.222
2012-09-25 01:00:00,,-17.216
2012-09-25 02:00:00,,-17.212
2012-09-25 03:00:00,,-17.213
2012-09-25 04:00:00,,-17.211
2012-09-25 05:00:00,,-17.211
2012-09-25 06:00:00,,-17.217
2012-09-25 07:00:00,,-17.221
2012-09-25 08:00:00,,-17.227
2012-09-25 09:00:00,,-17.228
2012-09-25 10:00:00,,-17.223
2012-09-25 11:00:00,,-17.219
2012-09-25 12:00:00,,-17.216
2012-09-25 13:00:00,,-17.208
2012-09-25 14:00:00,,-17.202
2012-09-25 15:00:00,,-17.194
2012-09-25 16:00:00,,-17.195
2012-09-25 17:00:00,,-17.191
2012-09-25 18:00:00,,-17.193
2012-09-25 19:00:00,,-17.201
2012-09-25 20:00:00,,-17.21
2012-09-25 21:00:00,,-17.217
2012-09-25 22:00:00,,-17.218
2012-09-25 23:00:00,,-17.218
2012-09-26 00:00:00,,-17.216
2012-09-26 01:00:00,,-17.215
2012-09-26 02:00:00,,-17.205
2012-09-26 03:00:00,,-17.204
2012-09-26 04:00:00,,-17.203
2012-09-26 05:00:00,,-17.209
2012-09-26 06:00:00,,-17.212
2012-09-26 07:00:00,,-17.214
2012-09-26 08:00:00,,-17.217
2012-09-26 09:00:00,,-17.224
2012-09-26 10:00:00,,-17.222
2012-09-26 11:00:00,,-17.216
2012-09-26 12:00:00,,-17.215
2012-09-26 13:00:00,,-17.204
2012-09-26 14:00:00,,-17.199
2012-09-26 15:00:00,,-17.196
2012-09-26 16:00:00,,-17.191
2012-09-26 17:00:00,,-17.198
2012-09-26 18:00:00,,-17.201
2012-09-26 19:00:00,,-17.209
2012-09-26 20:00:00,,-17.22
2012-09-26 21:00:00,,-17.212
2012-09-26 22:00:00,,-17.215
2012-09-26 23:00:00,,-17.21
2012-09-27 00:00:00,,-17.211
2012-09-27 01:00:00,,-17.208
2012-09-27 02:00:00,,-17.199
2012-09-27 03:00:00,,-17.194
2012-09-27 04:00:00,,-17.191
2012-09-27 05:00:00,,-17.193
2012-09-27 06:00:00,,-17.196
2012-09-27 07:00:00,,-17.201
2012-09-27 08:00:00,,-17.209
2012-09-27 09:00:00,,-17.211
2012-09-27 10:00:00,,-17.211
2012-09-27 11:00:00,,-17.206
2012-09-27 12:00:00,,-17.202
2012-09-27 13:00:00,,-17.189
2012-09-27 14:00:00,,-17.182
2012-09-27 15:00:00,,-17.169
2012-09-27 16:00:00,,-17.166
2012-09-27 17:00:00,,-17.166
2012-09-27 18:00:00,,-17.164
2012-09-27 19:00:00,,-17.171
2012-09-27 20:00:00,,-17.173
2012-09-27 21:00:00,,-17.183
2012-09-27 22:00:00,,-17.194
2012-09-27 23:00:00,,-17.194
2012-09-28 00:00:00,,-17.187
2012-09-28 01:00:00,,-17.185
2012-09-28 02:00:00,,-17.174
2012-09-28 03:00:00,,-17.177
2012-09-28 04:00:00,,-17.169
2012-09-28 05:00:00,,-17.174
2012-09-28 06:00:00,,-17.173
2012-09-28 07:00:00,,-17.177
2012-09-28 08:00:00,,-17.187
2012-09-28 09:00:00,,-17.194
2012-09-28 10:00:00,,-17.191
2012-09-28 11:00:00,,-17.19
2012-09-28 12:00:00,,-17.185
2012-09-28 13:00:00,,-17.174
2012-09-28 14:00:00,,-17.167
2012-09-28 15:00:00,,-17.161
2012-09-28 16:00:00,,-17.156
2012-09-28 17:00:00,,-17.156
2012-09-28 18:00:00,,-17.157
2012-09-28 19:00:00,,-17.17
2012-09-28 20:00:00,,-17.191
2012-09-28 21:00:00,,-17.207
2012-09-28 22:00:00,,-17.21
2012-09-28 23:00:00,,-17.22
2012-09-29 00:00:00,,-17.22
2012-09-29 01:00:00,,-17.22
2012-09-29 02:00:00,,-17.21
2012-09-29 03:00:00,,-17.214
2012-09-29 04:00:00,,-17.209
2012-09-29 05:00:00,,-17.21
2012-09-29 06:00:00,,-17.214
2012-09-29 07:00:00,,-17.222
2012-09-29 08:00:00,,-17.232
2012-09-29 09:00:00,,-17.237
2012-09-29 10:00:00,,-17.258
2012-09-29 11:00:00,,-17.259
2012-09-29 12:00:00,,-17.253
2012-09-29 13:00:00,,-17.249
2012-09-29 14:00:00,,-17.25
2012-09-29 15:00:00,,-17.248
2012-09-29 16:00:00,,-17.236
2012-09-29 17:00:00,,-17.235
2012-09-29 18:00:00,,-17.242
2012-09-29 19:00:00,,-17.245
2012-09-29 20:00:00,,-17.251
2012-09-29 21:00:00,,-17.258
2012-09-29 22:00:00,,-17.266
2012-09-29 23:00:00,,-17.271
2012-09-30 00:00:00,,-17.275
2012-09-30 01:00:00,,-17.268
2012-09-30 02:00:00,,-17.266
2012-09-30 03:00:00,,-17.262
2012-09-30 04:00:00,,-17.264
2012-09-30 05:00:00,,-17.265
2012-09-30 06:00:00,,-17.264
2012-09-30 07:00:00,,-17.275
2012-09-30 08:00:00,,-17.28
2012-09-30 09:00:00,,-17.289
2012-09-30 10:00:00,,-17.288
2012-09-30 11:00:00,,-17.291
2012-09-30 12:00:00,,-17.285
2012-09-30 13:00:00,,-17.278
2012-09-30 14:00:00,,-17.268
2012-09-30 15:00:00,,-17.262
2012-09-30 16:00:00,,-17.255
2012-09-30 17:00:00,,-17.255
2012-09-30 18:00:00,,-17.257
2012-09-30 19:00:00,,-17.261
2012-09-30 20:00:00,,-17.268
2012-09-30 21:00:00,,-17.273
2012-09-30 22:00:00,,-17.279
2012-09-30 23:00:00,,-17.284
2012-10-01 00:00:00,,-17.286
2012-10-01 01:00:00,,-17.284
2012-10-01 02:00:00,,-17.279
2012-10-01 03:00:00,,-17.28
2012-10-01 04:00:00,,-17.279
2012-10-01 05:00:00,,-17.284
2012-10-01 06:00:00,,-17.283
2012-10-01 07:00:00,,-17.288
2012-10-01 08:00:00,,-17.294
2012-10-01 09:00:00,,-17.303
2012-10-01 10:00:00,,-17.301
2012-10-01 11:00:00,,-17.3
2012-10-01 12:00:00,,-17.3
2012-10-01 13:00:00,,-17.291
2012-10-01 14:00:00,,-17.287
2012-10-01 15:00:00,,-17.279
2012-10-01 16:00:00,,-17.27
2012-10-01 17:00:00,,-17.27
2012-10-01 18:00:00,,-17.271
2012-10-01 19:00:00,,-17.271
2012-10-01 20:00:00,,-17.278
2012-10-01 21:00:00,,-17.285
2012-10-01 22:00:00,,-17.291
2012-10-01 23:00:00,,-17.291
2012-10-02 00:00:00,,-17.292
2012-10-02 01:00:00,,-17.289
2012-10-02 02:00:00,,-17.287
2012-10-02 03:00:00,,-17.286
2012-10-02 04:00:00,,-17.281
2012-10-02 05:00:00,,-17.286
2012-10-02 06:00:00,,-17.287
2012-10-02 07:00:00,,-17.292
2012-10-02 08:00:00,,-17.297
2012-10-02 09:00:00,,-17.305
2012-10-02 10:00:00,,-17.3
2012-10-02 11:00:00,,-17.3
2012-10-02 12:00:00,,-17.294
2012-10-02 13:00:00,,-17.285
2012-10-02 14:00:00,,-17.277
2012-10-02 15:00:00,,-17.267
2012-10-02 16:00:00,,-17.26
2012-10-02 17:00:00,,-17.258
2012-10-02 18:00:00,,-17.257
2012-10-02 19:00:00,,-17.257
2012-10-02 20:00:00,,-17.262
2012-10-02 21:00:00,,-17.264
2012-10-02 22:00:00,,-17.27
2012-10-02 23:00:00,,-17.27
2012-10-03 00:00:00,,-17.271
2012-10-03 01:00:00,,-17.268
2012-10-03 02:00:00,,-17.264
2012-10-03 03:00:00,,-17.26
2012-10-03 04:00:00,,-17.258
2012-10-03 05:00:00,,-17.257
2012-10-03 06:00:00,,-17.258
2012-10-03 07:00:00,,-17.26
2012-10-03 08:00:00,,-17.26
2012-10-03 09:00:00,,-17.265
2012-10-03 10:00:00,,-17.264
2012-10-03 11:00:00,,-17.261
2012-10-03 12:00:00,,-17.252
2012-10-03 13:00:00,,-17.247
2012-10-03 14:00:00,,-17.239
2012-10-03 15:00:00,,-17.229
2012-10-03 16:00:00,,-17.222
2012-10-03 17:00:00,,-17.216
2012-10-03 18:00:00,,-17.215
2012-10-03 19:00:00,,-17.218
2012-10-03 20:00:00,,-17.221
2012-10-03 21:00:00,,-17.224
2012-10-03 22:00:00,,-17.227
2012-10-03 23:00:00,,-17.228
2012-10-04 00:00:00,,-17.225
2012-10-04 01:00:00,,-17.223
2012-10-04 02:00:00,,-17.221
2012-10-04 03:00:00,,-17.22
2012-10-04 04:00:00,,-17.217
2012-10-04 05:00:00,,-17.214
2012-10-04 06:00:00,,-17.216
2012-10-04 07:00:00,,-17.221
2012-10-04 08:00:00,,-17.228
2012-10-04 09:00:00,,-17.229
2012-10-04 10:00:00,,-17.23
2012-10-04 11:00:00,,-17.226
2012-10-04 12:00:00,,-17.218
2012-10-04 13:00:00,,-17.213
2012-10-04 14:00:00,,-17.21
2012-10-04 15:00:00,,-17.204
2012-10-04 16:00:00,,-17.197
2012-10-04 17:00:00,,-17.197
2012-10-04 18:00:00,,-17.194
2012-10-04 19:00:00,,-17.196
2012-10-04 20:00:00,,-17.201
2012-10-04 21:00:00,,-17.202
2012-10-04 22:00:00,,-17.207
2012-10-04 23:00:00,,-17.206
2012-10-05 00:00:00,,-17.208
2012-10-05 01:00:00,,-17.211
2012-10-05 02:00:00,,-17.204
2012-10-05 03:00:00,,-17.205
2012-10-05 04:00:00,,-17.205
2012-10-05 05:00:00,,-17.206
2012-10-05 06:00:00,,-17.208
2012-10-05 07:00:00,,-17.215
2012-10-05 08:00:00,,-17.216
2012-10-05 09:00:00,,-17.225
2012-10-05 10:00:00,,-17.226
2012-10-05 11:00:00,,-17.221
2012-10-05 12:00:00,,-17.22
2012-10-05 13:00:00,,-17.213
2012-10-05 14:00:00,,-17.205
2012-10-05 15:00:00,,-17.2
2012-10-05 16:00:00,,-17.199
2012-10-05 17:00:00,,-17.192
2012-10-05 18:00:00,,-17.192
2012-10-05 19:00:00,,-17.196
2012-10-05 20:00:00,,-17.199
2012-10-05 21:00:00,,-17.206
2012-10-05 22:00:00,,-17.209
2012-10-05 23:00:00,,-17.21
2012-10-06 00:00:00,,-17.209
2012-10-06 01:00:00,,-17.207
2012-10-06 02:00:00,,-17.205
2012-10-06 03:00:00,,-17.205
2012-10-06 04:00:00,,-17.203
2012-10-06 05:00:00,,-17.203
2012-10-06 06:00:00,,-17.206
2012-10-06 07:00:00,,-17.213
2012-10-06 08:00:00,,-17.214
2012-10-06 09:00:00,,-17.22
2012-10-06 10:00:00,,-17.219
2012-10-06 11:00:00,,-17.219
2012-10-06 12:00:00,,-17.213
2012-10-06 13:00:00,,-17.211
2012-10-06 14:00:00,,-17.204
2012-10-06 15:00:00,,-17.199
2012-10-06 16:00:00,,-17.195
2012-10-06 17:00:00,,-17.191
2012-10-06 18:00:00,,-17.195
2012-10-06 19:00:00,,-17.198
2012-10-06 20:00:00,,-17.199
2012-10-06 21:00:00,,-17.204
2012-10-06 22:00:00,,-17.206
2012-10-06 23:00:00,,-17.205
2012-10-07 00:00:00,,-17.211
2012-10-07 01:00:00,,-17.211
2012-10-07 02:00:00,,-17.212
2012-10-07 03:00:00,,-17.212
2012-10-07 04:00:00,,-17.212
2012-10-07 05:00:00,,-17.215
2012-10-07 06:00:00,,-17.222
2012-10-07 07:00:00,,-17.221
2012-10-07 08:00:00,,-17.225
2012-10-07 09:00:00,,-17.229
2012-10-07 10:00:00,,-17.232
2012-10-07 11:00:00,,-17.232
2012-10-07 12:00:00,,-17.223
2012-10-07 13:00:00,,-17.221
2012-10-07 14:00:00,,-17.213
2012-10-07 15:00:00,,-17.206
2012-10-07 16:00:00,,-17.204
2012-10-07 17:00:00,,-17.2
2012-10-07 18:00:00,,-17.199
2012-10-07 19:00:00,,-17.202
2012-10-07 20:00:00,,-17.207
2012-10-07 21:00:00,,-17.208
2012-10-07 22:00:00,,-17.207
2012-10-07 23:00:00,,-17.211
2012-10-08 00:00:00,,-17.208
2012-10-08 01:00:00,,-17.205
2012-10-08 02:00:00,,-17.202
2012-10-08 03:00:00,,-17.199
2012-10-08 04:00:00,,-17.201
2012-10-08 05:00:00,,-17.201
2012-10-08 06:00:00,,-17.199
2012-10-08 07:00:00,,-17.206
2012-10-08 08:00:00,,-17.21
2012-10-08 09:00:00,,-17.211
2012-10-08 10:00:00,,-17.212
2012-10-08 11:00:00,,-17.209
2012-10-08 12:00:00,,-17.205
2012-10-08 13:00:00,,-17.197
2012-10-08 14:00:00,,-17.191
2012-10-08 15:00:00,,-17.186
2012-10-08 16:00:00,,-17.181
2012-10-08 17:00:00,,-17.174
2012-10-08 18:00:00,,-17.176
2012-10-08 19:00:00,,-17.179
2012-10-08 20:00:00,,-17.184
2012-10-08 21:00:00,,-17.183
2012-10-08 22:00:00,,-17.184
2012-10-08 23:00:00,,-17.184
2012-10-09 00:00:00,,-17.183
2012-10-09 01:00:00,,-17.182
2012-10-09 02:00:00,,-17.181
2012-10-09 03:00:00,,-17.175
2012-10-09 04:00:00,,-17.176
2012-10-09 05:00:00,,-17.18
2012-10-09 06:00:00,,-17.183
2012-10-09 07:00:00,,-17.187
2012-10-09 08:00:00,,-17.196
2012-10-09 09:00:00,,-17.196
2012-10-09 10:00:00,,-17.198
2012-10-09 11:00:00,,-17.194
2012-10-09 12:00:00,,-17.188
2012-10-09 13:00:00,,-17.182
2012-10-09 14:00:00,,-17.172
2012-10-09 15:00:00,,-17.162
2012-10-09 16:00:00,,-17.164
2012-10-09 17:00:00,,-17.159
2012-10-09 18:00:00,,-17.159
2012-10-09 19:00:00,,-17.161
2012-10-09 20:00:00,,-17.163
2012-10-09 21:00:00,,-17.172
2012-10-09 22:00:00,,-17.176
2012-10-09 23:00:00,,-17.171
2012-10-10 00:00:00,,-17.176
2012-10-10 01:00:00,,-17.174
2012-10-10 02:00:00,,-17.177
2012-10-10 03:00:00,,-17.168
2012-10-10 04:00:00,,-17.178
2012-10-10 05:00:00,,-17.177
2012-10-10 06:00:00,,-17.181
2012-10-10 07:00:00,,-17.186
2012-10-10 08:00:00,,-17.196
2012-10-10 09:00:00,,-17.202
2012-10-10 10:00:00,,-17.201
2012-10-10 11:00:00,,-17.199
2012-10-10 12:00:00,,-17.203
2012-10-10 13:00:00,,-17.195
2012-10-10 14:00:00,,-17.196
2012-10-10 15:00:00,,-17.191
2012-10-10 16:00:00,,-17.195
2012-10-10 17:00:00,,-17.202
2012-10-10 18:00:00,,-17.208
2012-10-10 19:00:00,,-17.218
2012-10-10 20:00:00,,-17.228
2012-10-10 21:00:00,,-17.228
2012-10-10 22:00:00,,-17.232
2012-10-10 23:00:00,,-17.233
2012-10-11 00:00:00,,-17.238
2012-10-11 01:00:00,,-17.239
2012-10-11 02:00:00,,-17.247
2012-10-11 03:00:00,,-17.246
2012-10-11 04:00:00,,-17.253
2012-10-11 05:00:00,,-17.257
2012-10-11 06:00:00,,-17.265
2012-10-11 07:00:00,,-17.274
2012-10-11 08:00:00,,-17.277
2012-10-11 09:00:00,,-17.285
2012-10-11 10:00:00,,-17.282
2012-10-11 11:00:00,,-17.281
2012-10-11 12:00:00,,-17.277
2012-10-11 13:00:00,,-17.267
2012-10-11 14:00:00,,-17.264
2012-10-11 15:00:00,,-17.259
2012-10-11 16:00:00,,-17.255
2012-10-11 17:00:00,,-17.256
2012-10-11 18:00:00,,-17.259
2012-10-11 19:00:00,,-17.263
2012-10-11 20:00:00,,-17.271
2012-10-11 21:00:00,,-17.273
2012-10-11 22:00:00,,-17.274
2012-10-11 23:00:00,,-17.278
2012-10-12 00:00:00,,-17.273
2012-10-12 01:00:00,,-17.275
2012-10-12 02:00:00,,-17.267
2012-10-12 03:00:00,,-17.263
2012-10-12 04:00:00,,-17.267
2012-10-12 05:00:00,,-17.271
2012-10-12 06:00:00,,-17.271
2012-10-12 07:00:00,,-17.278
2012-10-12 08:00:00,,-17.289
2012-10-12 09:00:00,,-17.292
2012-10-12 10:00:00,,-17.295
2012-10-12 11:00:00,,-17.29
2012-10-12 12:00:00,,-17.283
2012-10-12 13:00:00,,-17.273
2012-10-12 14:00:00,,-17.269
2012-10-12 15:00:00,,-17.263
2012-10-12 16:00:00,,-17.257
2012-10-12 17:00:00,,-17.258
2012-10-12 18:00:00,,-17.259
2012-10-12 19:00:00,,-17.267
2012-10-12 20:00:00,,-17.271
2012-10-12 21:00:00,,-17.275
2012-10-12 22:00:00,,-17.281
2012-10-12 23:00:00,,-17.283
2012-10-13 00:00:00,,-17.279
2012-10-13 01:00:00,,-17.273
2012-10-13 02:00:00,,-17.268
2012-10-13 03:00:00,,-17.268
2012-10-13 04:00:00,,-17.268
2012-10-13 05:00:00,,-17.269
2012-10-13 06:00:00,,-17.276
2012-10-13 07:00:00,,-17.28
2012-10-13 08:00:00,,-17.285
2012-10-13 09:00:00,,-17.288
2012-10-13 10:00:00,,-17.286
2012-10-13 11:00:00,,-17.286
2012-10-13 12:00:00,,-17.275
2012-10-13 13:00:00,,-17.265
2012-10-13 14:00:00,,-17.259
2012-10-13 15:00:00,,-17.249
2012-10-13 16:00:00,,-17.243
2012-10-13 17:00:00,,-17.239
2012-10-13 18:00:00,,-17.241
2012-10-13 19:00:00,,-17.247
2012-10-13 20:00:00,,-17.254
2012-10-13 21:00:00,,-17.259
2012-10-13 22:00:00,,-17.268
2012-10-13 23:00:00,,-17.268
2012-10-14 00:00:00,,-17.269
2012-10-14 01:00:00,,-17.265
2012-10-14 02:00:00,,-17.258
2012-10-14 03:00:00,,-17.256
2012-10-14 04:00:00,,-17.249
2012-10-14 05:00:00,,-17.254
2012-10-14 06:00:00,,-17.259
2012-10-14 07:00:00,,-17.26
2012-10-14 08:00:00,,-17.273
2012-10-14 09:00:00,,-17.278
2012-10-14 10:00:00,,-17.277
2012-10-14 11:00:00,,-17.277
2012-10-14 12:00:00,,-17.273
2012-10-14 13:00:00,,-17.262
2012-10-14 14:00:00,,-17.25
2012-10-14 15:00:00,,-17.24
2012-10-14 16:00:00,,-17.233
2012-10-14 17:00:00,,-17.234
2012-10-14 18:00:00,,-17.234
2012-10-14 19:00:00,,-17.24
2012-10-14 20:00:00,,-17.247
2012-10-14 21:00:00,,-17.249
2012-10-14 22:00:00,,-17.254
2012-10-14 23:00:00,,-17.257
2012-10-15 00:00:00,,-17.258
2012-10-15 01:00:00,,-17.256
2012-10-15 02:00:00,,-17.248
2012-10-15 03:00:00,,-17.244
2012-10-15 04:00:00,,-17.245
2012-10-15 05:00:00,,-17.246
2012-10-15 06:00:00,,-17.247
2012-10-15 07:00:00,,-17.253
2012-10-15 08:00:00,,-17.259
2012-10-15 09:00:00,,-17.262
2012-10-15 10:00:00,,-17.262
2012-10-15 11:00:00,,-17.264
2012-10-15 12:00:00,,-17.258
2012-10-15 13:00:00,,-17.246
2012-10-15 14:00:00,,-17.241
2012-10-15 15:00:00,,-17.229
2012-10-15 16:00:00,,-17.223
2012-10-15 17:00:00,,-17.223
2012-10-15 18:00:00,,-17.221
2012-10-15 19:00:00,,-17.222
2012-10-15 20:00:00,,-17.23
2012-10-15 21:00:00,,-17.235
2012-10-15 22:00:00,,-17.239
2012-10-15 23:00:00,,-17.24
2012-10-16 00:00:00,,-17.235
2012-10-16 01:00:00,,-17.233
2012-10-16 02:00:00,,-17.229
2012-10-16 03:00:00,,-17.225
2012-10-16 04:00:00,,-17.222
2012-10-16 05:00:00,,-17.223
2012-10-16 06:00:00,,-17.226
2012-10-16 07:00:00,,-17.227
2012-10-16 08:00:00,,-17.234
2012-10-16 09:00:00,,-17.237
2012-10-16 10:00:00,,-17.241
2012-10-16 11:00:00,,-17.238
2012-10-16 12:00:00,,-17.23
2012-10-16 13:00:00,,-17.227
2012-10-16 14:00:00,,-17.22
2012-10-16 15:00:00,,-17.209
2012-10-16 16:00:00,,-17.201
2012-10-16 17:00:00,,-17.197
2012-10-16 18:00:00,,-17.195
2012-10-16 19:00:00,,-17.199
2012-10-16 20:00:00,,-17.201
2012-10-16 21:00:00,,-17.208
2012-10-16 22:00:00,,-17.212
2012-10-16 23:00:00,,-17.213
2012-10-17 00:00:00,,-17.211
2012-10-17 01:00:00,,-17.209
2012-10-17 02:00:00,,-17.204
2012-10-17 03:00:00,,-17.208
2012-10-17 04:00:00,,-17.206
2012-10-17 05:00:00,,-17.206
2012-10-17 06:00:00,,-17.214
2012-10-17 07:00:00,,-17.218
2012-10-17 08:00:00,,-17.221
2012-10-17 09:00:00,,-17.229
2012-10-17 10:00:00,,-17.23
2012-10-17 11:00:00,,-17.227
2012-10-17 12:00:00,,-17.224
2012-10-17 13:00:00,,-17.216
2012-10-17 14:00:00,,-17.207
2012-10-17 15:00:00,,-17.2
2012-10-17 16:00:00,,-17.194
2012-10-17 17:00:00,,-17.19
2012-10-17 18:00:00,,-17.19
2012-10-17 19:00:00,,-17.187
2012-10-17 20:00:00,,-17.196
2012-10-17 21:00:00,,-17.201
2012-10-17 22:00:00,,-17.206
2012-10-17 23:00:00,,-17.208
2012-10-18 00:00:00,,-17.211
2012-10-18 01:00:00,,-17.212
2012-10-18 02:00:00,,-17.21
2012-10-18 03:00:00,,-17.204
2012-10-18 04:00:00,,-17.202
2012-10-18 05:00:00,,-17.207
2012-10-18 06:00:00,,-17.208
2012-10-18 07:00:00,,-17.214
2012-10-18 08:00:00,,-17.224
2012-10-18 09:00:00,,-17.224
2012-10-18 10:00:00,,-17.227
2012-10-18 11:00:00,,-17.222
2012-10-18 12:00:00,,-17.224
2012-10-18 13:00:00,,-17.22
2012-10-18 14:00:00,,-17.211
2012-10-18 15:00:00,,-17.2
2012-10-18 16:00:00,,-17.197
2012-10-18 17:00:00,,-17.195
2012-10-18 18:00:00,,-17.196
2012-10-18 19:00:00,,-17.198
2012-10-18 20:00:00,,-17.197
2012-10-18 21:00:00,,-17.203
2012-10-18 22:00:00,,-17.209
2012-10-18 23:00:00,,-17.209
2012-10-19 00:00:00,,-17.209
2012-10-19 01:00:00,,-17.206
2012-10-19 02:00:00,,-17.207
2012-10-19 03:00:00,,-17.205
2012-10-19 04:00:00,,-17.204
2012-10-19 05:00:00,,-17.205
2012-10-19 06:00:00,,-17.209
2012-10-19 07:00:00,,-17.214
2012-10-19 08:00:00,,-17.22
2012-10-19 09:00:00,,-17.22
2012-10-19 10:00:00,,-17.223
2012-10-19 11:00:00,,-17.222
2012-10-19 12:00:00,,-17.22
2012-10-19 13:00:00,,-17.211
2012-10-19 14:00:00,,-17.207
2012-10-19 15:00:00,,-17.199
2012-10-19 16:00:00,,-17.196
2012-10-19 17:00:00,,-17.192
2012-10-19 18:00:00,,-17.192
2012-10-19 19:00:00,,-17.195
2012-10-19 20:00:00,,-17.195
2012-10-19 21:00:00,,-17.199
2012-10-19 22:00:00,,-17.202
2012-10-19 23:00:00,,-17.206
2012-10-20 00:00:00,,-17.204
2012-10-20 01:00:00,,-17.203
2012-10-20 02:00:00,,-17.199
2012-10-20 03:00:00,,-17.199
2012-10-20 04:00:00,,-17.201
2012-10-20 05:00:00,,-17.202
2012-10-20 06:00:00,,-17.204
2012-10-20 07:00:00,,-17.213
2012-10-20 08:00:00,,-17.216
2012-10-20 09:00:00,,-17.221
2012-10-20 10:00:00,,-17.219
2012-10-20 11:00:00,,-17.221
2012-10-20 12:00:00,,-17.214
2012-10-20 13:00:00,,-17.209
2012-10-20 14:00:00,,-17.204
2012-10-20 15:00:00,,-17.2
2012-10-20 16:00:00,,-17.196
2012-10-20 17:00:00,,-17.195
2012-10-20 18:00:00,,-17.196
2012-10-20 19:00:00,,-17.198
2012-10-20 20:00:00,,-17.197
2012-10-20 21:00:00,,-17.203
2012-10-20 22:00:00,,-17.205
2012-10-20 23:00:00,,-17.202
2012-10-21 00:00:00,,-17.202
2012-10-21 01:00:00,,-17.202
2012-10-21 02:00:00,,-17.201
2012-10-21 03:00:00,,-17.204
2012-10-21 04:00:00,,-17.205
2012-10-21 05:00:00,,-17.209
2012-10-21 06:00:00,,-17.213
2012-10-21 07:00:00,,-17.218
2012-10-21 08:00:00,,-17.215
2012-10-21 09:00:00,,-17.22
2012-10-21 10:00:00,,-17.222
2012-10-21 11:00:00,,-17.218
2012-10-21 12:00:00,,-17.216
2012-10-21 13:00:00,,-17.212
2012-10-21 14:00:00,,-17.203
2012-10-21 15:00:00,,-17.197
2012-10-21 16:00:00,,-17.198
2012-10-21 17:00:00,,-17.192
2012-10-21 18:00:00,,-17.194
2012-10-21 19:00:00,,-17.198
2012-10-21 20:00:00,,-17.199
2012-10-21 21:00:00,,-17.2
2012-10-21 22:00:00,,-17.205
2012-10-21 23:00:00,,-17.206
2012-10-22 00:00:00,,-17.202
2012-10-22 01:00:00,,-17.199
2012-10-22 02:00:00,,-17.201
2012-10-22 03:00:00,,-17.201
2012-10-22 04:00:00,,-17.203
2012-10-22 05:00:00,,-17.207
2012-10-22 06:00:00,,-17.211
2012-10-22 07:00:00,,-17.215
2012-10-22 08:00:00,,-17.224
2012-10-22 09:00:00,,-17.222
2012-10-22 10:00:00,,-17.221
2012-10-22 11:00:00,,-17.218
2012-10-22 12:00:00,,-17.213
2012-10-22 13:00:00,,-17.206
2012-10-22 14:00:00,,-17.199
2012-10-22 15:00:00,,-17.195
2012-10-22 16:00:00,,-17.19
2012-10-22 17:00:00,,-17.188
2012-10-22 18:00:00,,-17.188
2012-10-22 19:00:00,,-17.195
2012-10-22 20:00:00,,-17.197
2012-10-22 21:00:00,,-17.198
2012-10-22 22:00:00,,-17.198
2012-10-22 23:00:00,,-17.203
2012-10-23 00:00:00,,-17.198
2012-10-23 01:00:00,,-17.2
2012-10-23 02:00:00,,-17.199
2012-10-23 03:00:00,,-17.198
2012-10-23 04:00:00,,-17.195
2012-10-23 05:00:00,,-17.2
2012-10-23 06:00:00,,-17.201
2012-10-23 07:00:00,,-17.207
2012-10-23 08:00:00,,-17.211
2012-10-23 09:00:00,,-17.215
2012-10-23 10:00:00,,-17.212
2012-10-23 11:00:00,,-17.207
2012-10-23 12:00:00,,-17.2
2012-10-23 13:00:00,,-17.191
2012-10-23 14:00:00,,-17.186
2012-10-23 15:00:00,,-17.185
2012-10-23 16:00:00,,-17.175
2012-10-23 17:00:00,,-17.175
2012-10-23 18:00:00,,-17.178
2012-10-23 19:00:00,,-17.188
2012-10-23 20:00:00,,-17.19
2012-10-23 21:00:00,,-17.19
2012-10-23 22:00:00,,-17.191
2012-10-23 23:00:00,,-17.192
2012-10-24 00:00:00,,-17.189
2012-10-24 01:00:00,,-17.191
2012-10-24 02:00:00,,-17.183
2012-10-24 03:00:00,,-17.185
2012-10-24 04:00:00,,-17.184
2012-10-24 05:00:00,,-17.188
2012-10-24 06:00:00,,-17.193
2012-10-24 07:00:00,,-17.203
2012-10-24 08:00:00,,-17.208
2012-10-24 09:00:00,,-17.21
2012-10-24 10:00:00,,-17.21
2012-10-24 11:00:00,,-17.205
2012-10-24 12:00:00,,-17.195
2012-10-24 13:00:00,,-17.187
2012-10-24 14:00:00,,-17.183
2012-10-24 15:00:00,,-17.173
2012-10-24 16:00:00,,-17.172
2012-10-24 17:00:00,,-17.167
2012-10-24 18:00:00,,-17.169
2012-10-24 19:00:00,,-17.171
2012-10-24 20:00:00,,-17.183
2012-10-24 21:00:00,,-17.192
2012-10-24 22:00:00,,-17.191
2012-10-24 23:00:00,,-17.187
2012-10-25 00:00:00,,-17.189
2012-10-25 01:00:00,,-17.188
2012-10-25 02:00:00,,-17.179
2012-10-25 03:00:00,,-17.182
2012-10-25 04:00:00,,-17.19
2012-10-25 05:00:00,,-17.194
2012-10-25 06:00:00,,-17.199
2012-10-25 07:00:00,,-17.211
2012-10-25 08:00:00,,-17.218
2012-10-25 09:00:00,,-17.223
2012-10-25 10:00:00,,-17.225
2012-10-25 11:00:00,,-17.223
2012-10-25 12:00:00,,-17.212
2012-10-25 13:00:00,,-17.204
2012-10-25 14:00:00,,-17.198
2012-10-25 15:00:00,,-17.195
2012-10-25 16:00:00,,-17.192
2012-10-25 17:00:00,,-17.189
2012-10-25 18:00:00,,-17.192
2012-10-25 19:00:00,,-17.196
2012-10-25 20:00:00,,-17.205
2012-10-25 21:00:00,,-17.211
2012-10-25 22:00:00,,-17.217
2012-10-25 23:00:00,,-17.226
2012-10-26 00:00:00,,-17.226
2012-10-26 01:00:00,,-17.22
2012-10-26 02:00:00,,-17.211
2012-10-26 03:00:00,,-17.205
2012-10-26 04:00:00,,-17.203
2012-10-26 05:00:00,,-17.211
2012-10-26 06:00:00,,-17.219
2012-10-26 07:00:00,,-17.223
2012-10-26 08:00:00,,-17.24
2012-10-26 09:00:00,,-17.244
2012-10-26 10:00:00,,-17.244
2012-10-26 11:00:00,,-17.242
2012-10-26 12:00:00,,-17.248
2012-10-26 13:00:00,,-17.238
2012-10-26 14:00:00,,-17.226
2012-10-26 15:00:00,,-17.22
2012-10-26 16:00:00,,-17.214
2012-10-26 17:00:00,,-17.214
2012-10-26 18:00:00,,-17.219
2012-10-26 19:00:00,,-17.225
2012-10-26 20:00:00,,-17.23
2012-10-26 21:00:00,,-17.236
2012-10-26 22:00:00,,-17.244
2012-10-26 23:00:00,,-17.243
2012-10-27 00:00:00,,-17.239
2012-10-27 01:00:00,,-17.234
2012-10-27 02:00:00,,-17.235
2012-10-27 03:00:00,,-17.227
2012-10-27 04:00:00,,-17.226
2012-10-27 05:00:00,,-17.23
2012-10-27 06:00:00,,-17.234
2012-10-27 07:00:00,,-17.241
2012-10-27 08:00:00,,-17.247
2012-10-27 09:00:00,,-17.25
2012-10-27 10:00:00,,-17.25
2012-10-27 11:00:00,,-17.251
2012-10-27 12:00:00,,-17.243
2012-10-27 13:00:00,,-17.236
2012-10-27 14:00:00,,-17.228
2012-10-27 15:00:00,,-17.22
2012-10-27 16:00:00,,-17.212
2012-10-27 17:00:00,,-17.211
2012-10-27 18:00:00,,-17.217
2012-10-27 19:00:00,,-17.218
2012-10-27 20:00:00,,-17.224
2012-10-27 21:00:00,,-17.231
2012-10-27 22:00:00,,-17.237
2012-10-27 23:00:00,,-17.245
2012-10-28 00:00:00,,-17.24
2012-10-28 01:00:00,,-17.242
2012-10-28 02:00:00,,-17.232
2012-10-28 03:00:00,,-17.235
2012-10-28 04:00:00,,-17.237
2012-10-28 05:00:00,,-17.238
2012-10-28 06:00:00,,-17.243
2012-10-28 07:00:00,,-17.245
2012-10-28 08:00:00,,-17.251
2012-10-28 09:00:00,,-17.26
2012-10-28 10:00:00,,-17.252
2012-10-28 11:00:00,,-17.252
2012-10-28 12:00:00,,-17.246
2012-10-28 13:00:00,,-17.234
2012-10-28 14:00:00,,-17.228
2012-10-28 15:00:00,,-17.219
2012-10-28 16:00:00,,-17.211
2012-10-28 17:00:00,,-17.208
2012-10-28 18:00:00,,-17.21
2012-10-28 19:00:00,,-17.213
2012-10-28 20:00:00,,-17.217
2012-10-28 21:00:00,,-17.226
2012-10-28 22:00:00,,-17.231
2012-10-28 23:00:00,,-17.235
2012-10-29 00:00:00,,-17.232
2012-10-29 01:00:00,,-17.23
2012-10-29 02:00:00,,-17.224
2012-10-29 03:00:00,,-17.224
2012-10-29 04:00:00,,-17.22
2012-10-29 05:00:00,,-17.219
2012-10-29 06:00:00,,-17.229
2012-10-29 07:00:00,,-17.23
2012-10-29 08:00:00,,-17.236
2012-10-29 09:00:00,,-17.239
2012-10-29 10:00:00,,-17.239
2012-10-29 11:00:00,,-17.235
2012-10-29 12:00:00,,-17.232
2012-10-29 13:00:00,,-17.223
2012-10-29 14:00:00,,-17.212
2012-10-29 15:00:00,,-17.201
2012-10-29 16:00:00,,-17.201
2012-10-29 17:00:00,,-17.197
2012-10-29 18:00:00,,-17.197
2012-10-29 19:00:00,,-17.201
2012-10-29 20:00:00,,-17.203
2012-10-29 21:00:00,,-17.207
2012-10-29 22:00:00,,-17.21
2012-10-29 23:00:00,,-17.215
2012-10-30 00:00:00,,-17.215
2012-10-30 01:00:00,,-17.213
2012-10-30 02:00:00,,-17.205
2012-10-30 03:00:00,,-17.207
2012-10-30 04:00:00,,-17.205
2012-10-30 05:00:00,,-17.205
2012-10-30 06:00:00,,-17.211
2012-10-30 07:00:00,,-17.218
2012-10-30 08:00:00,,-17.22
2012-10-30 09:00:00,,-17.224
2012-10-30 10:00:00,,-17.223
2012-10-30 11:00:00,,-17.226
2012-10-30 12:00:00,,-17.218
2012-10-30 13:00:00,,-17.212
2012-10-30 14:00:00,,-17.206
2012-10-30 15:00:00,,-17.197
2012-10-30 16:00:00,,-17.195
2012-10-30 17:00:00,,-17.19
2012-10-30 18:00:00,,-17.191
2012-10-30 19:00:00,,-17.194
2012-10-30 20:00:00,,-17.195
2012-10-30 21:00:00,,-17.202
2012-10-30 22:00:00,,-17.211
2012-10-30 23:00:00,,-17.214
2012-10-31 00:00:00,,-17.211
2012-10-31 01:00:00,,-17.212
2012-10-31 02:00:00,,-17.21
2012-10-31 03:00:00,,-17.207
2012-10-31 04:00:00,,-17.206
2012-10-31 05:00:00,,-17.204
2012-10-31 06:00:00,,-17.211
2012-10-31 07:00:00,,-17.213
2012-10-31 08:00:00,,-17.217
2012-10-31 09:00:00,,-17.221
2012-10-31 10:00:00,,-17.226
2012-10-31 11:00:00,,-17.219
2012-10-31 12:00:00,,-17.216
2012-10-31 13:00:00,,-17.21
2012-10-31 14:00:00,,-17.201
2012-10-31 15:00:00,,-17.194
2012-10-31 16:00:00,,-17.19
2012-10-31 17:00:00,,-17.187
2012-10-31 18:00:00,,-17.186
2012-10-31 19:00:00,,-17.186
2012-10-31 20:00:00,,-17.191
2012-10-31 21:00:00,,-17.193
2012-10-31 22:00:00,,-17.202
2012-10-31 23:00:00,,-17.199
2012-11-01 00:00:00,,-17.201
2012-11-01 01:00:00,,-17.202
2012-11-01 02:00:00,,-17.199
2012-11-01 03:00:00,,-17.195
2012-11-01 04:00:00,,-17.192
2012-11-01 05:00:00,,-17.194
2012-11-01 06:00:00,,-17.205
2012-11-01 07:00:00,,-17.203
2012-11-01 08:00:00,,-17.211
2012-11-01 09:00:00,,-17.219
2012-11-01 10:00:00,,-17.215
2012-11-01 11:00:00,,-17.215
2012-11-01 12:00:00,,-17.208
2012-11-01 13:00:00,,-17.205
2012-11-01 14:00:00,,-17.195
2012-11-01 15:00:00,,-17.19
2012-11-01 16:00:00,,-17.185
2012-11-01 17:00:00,,-17.181
2012-11-01 18:00:00,,-17.177
2012-11-01 19:00:00,,-17.177
2012-11-01 20:00:00,,-17.187
2012-11-01 21:00:00,,-17.192
2012-11-01 22:00:00,,-17.193
2012-11-01 23:00:00,,-17.202
2012-11-02 00:00:00,,-17.202
2012-11-02 01:00:00,,-17.201
2012-11-02 02:00:00,,-17.199
2012-11-02 03:00:00,,-17.201
2012-11-02 04:00:00,,-17.203
2012-11-02 05:00:00,,-17.203
2012-11-02 06:00:00,,-17.205
2012-11-02 07:00:00,,-17.215
2012-11-02 08:00:00,,-17.216
2012-11-02 09:00:00,,-17.215
2012-11-02 10:00:00,,-17.214
2012-11-02 11:00:00,,-17.215
2012-11-02 12:00:00,,-17.208
2012-11-02 13:00:00,,-17.205
2012-11-02 14:00:00,,-17.195
2012-11-02 15:00:00,,-17.191
2012-11-02 16:00:00,,-17.181
2012-11-02 17:00:00,,-17.176
2012-11-02 18:00:00,,-17.176
2012-11-02 19:00:00,,-17.178
2012-11-02 20:00:00,,-17.182
2012-11-02 21:00:00,,-17.186
2012-11-02 22:00:00,,-17.191
2012-11-02 23:00:00,,-17.195
2012-11-03 00:00:00,,-17.191
2012-11-03 01:00:00,,-17.192
2012-11-03 02:00:00,,-17.191
2012-11-03 03:00:00,,-17.196
2012-11-03 04:00:00,,-17.2
2012-11-03 05:00:00,,-17.2
2012-11-03 06:00:00,,-17.202
2012-11-03 07:00:00,,-17.212
2012-11-03 08:00:00,,-17.217
2012-11-03 09:00:00,,-17.217
2012-11-03 10:00:00,,-17.216
2012-11-03 11:00:00,,-17.214
2012-11-03 12:00:00,,-17.214
2012-11-03 13:00:00,,-17.207
2012-11-03 14:00:00,,-17.202
2012-11-03 15:00:00,,-17.194
2012-11-03 16:00:00,,-17.189
2012-11-03 17:00:00,,-17.182
2012-11-03 18:00:00,,-17.18
2012-11-03 19:00:00,,-17.187
2012-11-03 20:00:00,,-17.191
2012-11-03 21:00:00,,-17.191
2012-11-03 22:00:00,,-17.199
2012-11-03 23:00:00,,-17.204
2012-11-04 00:00:00,,-17.2
2012-11-04 01:00:00,,-17.197
2012-11-04 02:00:00,,-17.193
2012-11-04 03:00:00,,-17.194
2012-11-04 04:00:00,,-17.198
2012-11-04 05:00:00,,-17.196
2012-11-04 06:00:00,,-17.197
2012-11-04 07:00:00,,-17.204
2012-11-04 08:00:00,,-17.206
2012-11-04 09:00:00,,-17.207
2012-11-04 10:00:00,,-17.211
2012-11-04 11:00:00,,-17.204
2012-11-04 12:00:00,,-17.2
2012-11-04 13:00:00,,-17.189
2012-11-04 14:00:00,,-17.185
2012-11-04 15:00:00,,-17.177
2012-11-04 16:00:00,,-17.172
2012-11-04 17:00:00,,-17.172
2012-11-04 18:00:00,,-17.169
2012-11-04 19:00:00,,-17.174
2012-11-04 20:00:00,,-17.174
2012-11-04 21:00:00,,-17.176
2012-11-04 22:00:00,,-17.183
2012-11-04 23:00:00,,-17.186
2012-11-05 00:00:00,,-17.185
2012-11-05 01:00:00,,-17.184
2012-11-05 02:00:00,,-17.177
2012-11-05 03:00:00,,-17.177
2012-11-05 04:00:00,,-17.182
2012-11-05 05:00:00,,-17.184
2012-11-05 06:00:00,,-17.193
2012-11-05 07:00:00,,-17.195
2012-11-05 08:00:00,,-17.207
2012-11-05 09:00:00,,-17.208
2012-11-05 10:00:00,,-17.214
2012-11-05 11:00:00,,-17.213
2012-11-05 12:00:00,,-17.205
2012-11-05 13:00:00,,-17.201
2012-11-05 14:00:00,,-17.197
2012-11-05 15:00:00,,-17.189
2012-11-05 16:00:00,,-17.188
2012-11-05 17:00:00,,-17.18
2012-11-05 18:00:00,,-17.179
2012-11-05 19:00:00,,-17.184
2012-11-05 20:00:00,,-17.19
2012-11-05 21:00:00,,-17.192
2012-11-05 22:00:00,,-17.19
2012-11-05 23:00:00,,-17.206
2012-11-06 00:00:00,,-17.211
2012-11-06 01:00:00,,-17.217
2012-11-06 02:00:00,,-17.214
2012-11-06 03:00:00,,-17.213
2012-11-06 04:00:00,,-17.21
2012-11-06 05:00:00,,-17.211
2012-11-06 06:00:00,,-17.217
2012-11-06 07:00:00,,-17.218
2012-11-06 08:00:00,,-17.21
2012-11-06 09:00:00,,-17.215
2012-11-06 10:00:00,,-17.218
2012-11-06 11:00:00,,-17.218
2012-11-06 12:00:00,,-17.215
2012-11-06 13:00:00,,-17.212
2012-11-06 14:00:00,,-17.21
2012-11-06 15:00:00,,-17.21
2012-11-06 16:00:00,,-17.202
2012-11-06 17:00:00,,-17.198
2012-11-06 18:00:00,,-17.197
2012-11-06 19:00:00,,-17.2
2012-11-06 20:00:00,,-17.204
2012-11-06 21:00:00,,-17.206
2012-11-06 22:00:00,,-17.214
2012-11-06 23:00:00,,-17.227
2012-11-07 00:00:00,,-17.218
2012-11-07 01:00:00,,-17.213
2012-11-07 02:00:00,,-17.208
2012-11-07 03:00:00,,-17.202
2012-11-07 04:00:00,,-17.201
2012-11-07 05:00:00,,-17.201
2012-11-07 06:00:00,,-17.205
2012-11-07 07:00:00,,-17.208
2012-11-07 08:00:00,,-17.211
2012-11-07 09:00:00,,-17.214
2012-11-07 10:00:00,,-17.212
2012-11-07 11:00:00,,-17.208
2012-11-07 12:00:00,,-17.205
2012-11-07 13:00:00,,-17.199
2012-11-07 14:00:00,,-17.188
2012-11-07 15:00:00,,-17.181
2012-11-07 16:00:00,,-17.173
2012-11-07 17:00:00,,-17.172
2012-11-07 18:00:00,,-17.167
2012-11-07 19:00:00,,-17.169
2012-11-07 20:00:00,,-17.178
2012-11-07 21:00:00,,-17.175
2012-11-07 22:00:00,,-17.179
2012-11-07 23:00:00,,-17.178
2012-11-08 00:00:00,,-17.183
2012-11-08 01:00:00,,-17.179
2012-11-08 02:00:00,,-17.184
2012-11-08 03:00:00,,-17.175
2012-11-08 04:00:00,,-17.175
2012-11-08 05:00:00,,-17.175
2012-11-08 06:00:00,,-17.18
2012-11-08 07:00:00,,-17.189
2012-11-08 08:00:00,,-17.195
2012-11-08 09:00:00,,-17.201
2012-11-08 10:00:00,,-17.202
2012-11-08 11:00:00,,-17.201
2012-11-08 12:00:00,,-17.197
2012-11-08 13:00:00,,-17.196
2012-11-08 14:00:00,,-17.185
2012-11-08 15:00:00,,-17.181
2012-11-08 16:00:00,,-17.184
2012-11-08 17:00:00,,-17.19
2012-11-08 18:00:00,,-17.19
2012-11-08 19:00:00,,-17.19
2012-11-08 20:00:00,,-17.198
2012-11-08 21:00:00,,-17.211
2012-11-08 22:00:00,,-17.215
2012-11-08 23:00:00,,-17.218
2012-11-09 00:00:00,,-17.219
2012-11-09 01:00:00,,-17.219
2012-11-09 02:00:00,,-17.216
2012-11-09 03:00:00,,-17.22
2012-11-09 04:00:00,,-17.226
2012-11-09 05:00:00,,-17.227
2012-11-09 06:00:00,,-17.235
2012-11-09 07:00:00,,-17.238
2012-11-09 08:00:00,,-17.249
2012-11-09 09:00:00,,-17.25
2012-11-09 10:00:00,,-17.251
2012-11-09 11:00:00,,-17.251
2012-11-09 12:00:00,,-17.247
2012-11-09 13:00:00,,-17.246
2012-11-09 14:00:00,,-17.24
2012-11-09 15:00:00,,-17.232
2012-11-09 16:00:00,,-17.228
2012-11-09 17:00:00,,-17.232
2012-11-09 18:00:00,,-17.237
2012-11-09 19:00:00,,-17.24
2012-11-09 20:00:00,,-17.248
2012-11-09 21:00:00,,-17.255
2012-11-09 22:00:00,,-17.258
2012-11-09 23:00:00,,-17.255
2012-11-10 00:00:00,,-17.255
2012-11-10 01:00:00,,-17.253
2012-11-10 02:00:00,,-17.251
2012-11-10 03:00:00,,-17.248
2012-11-10 04:00:00,,-17.252
2012-11-10 05:00:00,,-17.255
2012-11-10 06:00:00,,-17.258
2012-11-10 07:00:00,,-17.262
2012-11-10 08:00:00,,-17.268
2012-11-10 09:00:00,,-17.272
2012-11-10 10:00:00,,-17.271
2012-11-10 11:00:00,,-17.266
2012-11-10 12:00:00,,-17.261
2012-11-10 13:00:00,,-17.257
2012-11-10 14:00:00,,-17.247
2012-11-10 15:00:00,,-17.239
2012-11-10 16:00:00,,-17.239
2012-11-10 17:00:00,,-17.231
2012-11-10 18:00:00,,-17.233
2012-11-10 19:00:00,,-17.237
2012-11-10 20:00:00,,-17.243
2012-11-10 21:00:00,,-17.249
2012-11-10 22:00:00,,-17.254
2012-11-10 23:00:00,,-17.25
2012-11-11 00:00:00,,-17.249
2012-11-11 01:00:00,,-17.245
2012-11-11 02:00:00,,-17.244
2012-11-11 03:00:00,,-17.243
2012-11-11 04:00:00,,-17.241
2012-11-11 05:00:00,,-17.244
2012-11-11 06:00:00,,-17.251
2012-11-11 07:00:00,,-17.258
2012-11-11 08:00:00,,-17.26
2012-11-11 09:00:00,,-17.262
2012-11-11 10:00:00,,-17.263
2012-11-11 11:00:00,,-17.259
2012-11-11 12:00:00,,-17.248
2012-11-11 13:00:00,,-17.245
2012-11-11 14:00:00,,-17.232
2012-11-11 15:00:00,,-17.223
2012-11-11 16:00:00,,-17.222
2012-11-11 17:00:00,,-17.22
2012-11-11 18:00:00,,-17.219
2012-11-11 19:00:00,,-17.228
2012-11-11 20:00:00,,-17.231
2012-11-11 21:00:00,,-17.235
2012-11-11 22:00:00,,-17.241
2012-11-11 23:00:00,,-17.244
2012-11-12 00:00:00,,-17.243
2012-11-12 01:00:00,,-17.237
2012-11-12 02:00:00,,-17.234
2012-11-12 03:00:00,,-17.234
2012-11-12 04:00:00,,-17.233
2012-11-12 05:00:00,,-17.234
2012-11-12 06:00:00,,-17.238
2012-11-12 07:00:00,,-17.247
2012-11-12 08:00:00,,-17.253
2012-11-12 09:00:00,,-17.258
2012-11-12 10:00:00,,-17.258
2012-11-12 11:00:00,,-17.253
2012-11-12 12:00:00,,-17.247
2012-11-12 13:00:00,,-17.243
2012-11-12 14:00:00,,-17.233
2012-11-12 15:00:00,,-17.226
2012-11-12 16:00:00,,-17.217
2012-11-12 17:00:00,,-17.241
2012-11-12 18:00:00,,-17.22
2012-11-12 19:00:00,,-17.224
2012-11-12 20:00:00,,-17.23
2012-11-12 21:00:00,,-17.234
2012-11-12 22:00:00,,-17.24
2012-11-12 23:00:00,,-17.243
2012-11-13 00:00:00,,-17.242
2012-11-13 01:00:00,,-17.24
2012-11-13 02:00:00,,-17.234
2012-11-13 03:00:00,,-17.233
2012-11-13 04:00:00,,-17.231
2012-11-13 05:00:00,,-17.232
2012-11-13 06:00:00,,-17.239
2012-11-13 07:00:00,,-17.241
2012-11-13 08:00:00,,-17.249
2012-11-13 09:00:00,,-17.253
2012-11-13 10:00:00,,-17.256
2012-11-13 11:00:00,,-17.252
2012-11-13 12:00:00,,-17.248
2012-11-13 13:00:00,,-17.24
2012-11-13 14:00:00,,-17.232
2012-11-13 15:00:00,,-17.223
2012-11-13 16:00:00,,-17.215
2012-11-13 17:00:00,,-17.214
2012-11-13 18:00:00,,-17.216
2012-11-13 19:00:00,,-17.213
2012-11-13 20:00:00,,-17.22
2012-11-13 21:00:00,,-17.226
2012-11-13 22:00:00,,-17.233
2012-11-13 23:00:00,,-17.236
2012-11-14 00:00:00,,-17.235
2012-11-14 01:00:00,,-17.23
2012-11-14 02:00:00,,-17.228
2012-11-14 03:00:00,,-17.225
2012-11-14 04:00:00,,-17.221
2012-11-14 05:00:00,,-17.225
2012-11-14 06:00:00,,-17.229
2012-11-14 07:00:00,,-17.232
2012-11-14 08:00:00,,-17.238
2012-11-14 09:00:00,,-17.239
2012-11-14 10:00:00,,-17.246
2012-11-14 11:00:00,,-17.244
2012-11-14 12:00:00,,-17.24
2012-11-14 13:00:00,,-17.234
2012-11-14 14:00:00,,-17.225
2012-11-14 15:00:00,,-17.218
2012-11-14 16:00:00,,-17.211
2012-11-14 17:00:00,,-17.204
2012-11-14 18:00:00,,-17.204
2012-11-14 19:00:00,,-17.207
2012-11-14 20:00:00,,-17.21
2012-11-14 21:00:00,,-17.216
2012-11-14 22:00:00,,-17.218
2012-11-14 23:00:00,,-17.222
2012-11-15 00:00:00,,-17.223
2012-11-15 01:00:00,,-17.221
2012-11-15 02:00:00,,-17.219
2012-11-15 03:00:00,,-17.215
2012-11-15 04:00:00,,-17.211
2012-11-15 05:00:00,,-17.211
2012-11-15 06:00:00,,-17.215
2012-11-15 07:00:00,,-17.218
2012-11-15 08:00:00,,-17.221
2012-11-15 09:00:00,,-17.225
2012-11-15 10:00:00,,-17.225
2012-11-15 11:00:00,,-17.222
2012-11-15 12:00:00,,-17.216
2012-11-15 13:00:00,,-17.214
2012-11-15 14:00:00,,-17.208
2012-11-15 15:00:00,,-17.198
2012-11-15 16:00:00,,-17.192
2012-11-15 17:00:00,,-17.185
2012-11-15 18:00:00,,-17.183
2012-11-15 19:00:00,,-17.182
2012-11-15 20:00:00,,-17.185
2012-11-15 21:00:00,,-17.187
2012-11-15 22:00:00,,-17.193
2012-11-15 23:00:00,,-17.195
2012-11-16 00:00:00,,-17.196
2012-11-16 01:00:00,,-17.19
2012-11-16 02:00:00,,-17.188
2012-11-16 03:00:00,,-17.185
2012-11-16 04:00:00,,-17.186
2012-11-16 05:00:00,,-17.187
2012-11-16 06:00:00,,-17.188
2012-11-16 07:00:00,,-17.191
2012-11-16 08:00:00,,-17.194
2012-11-16 09:00:00,,-17.197
2012-11-16 10:00:00,,-17.198
2012-11-16 11:00:00,,-17.195
2012-11-16 12:00:00,,-17.193
2012-11-16 13:00:00,,-17.189
2012-11-16 14:00:00,,-17.184
2012-11-16 15:00:00,,-17.179
2012-11-16 16:00:00,,-17.174
2012-11-16 17:00:00,,-17.169
2012-11-16 18:00:00,,-17.169
2012-11-16 19:00:00,,-17.178
2012-11-16 20:00:00,,-17.178
2012-11-16 21:00:00,,-17.188
2012-11-16 22:00:00,,-17.189
2012-11-16 23:00:00,,-17.194
2012-11-17 00:00:00,,-17.194
2012-11-17 01:00:00,,-17.19
2012-11-17 02:00:00,,-17.188
2012-11-17 03:00:00,,-17.189
2012-11-17 04:00:00,,-17.19
2012-11-17 05:00:00,,-17.194
2012-11-17 06:00:00,,-17.195
2012-11-17 07:00:00,,-17.197
2012-11-17 08:00:00,,-17.198
2012-11-17 09:00:00,,-17.203
2012-11-17 10:00:00,,-17.206
2012-11-17 11:00:00,,-17.203
2012-11-17 12:00:00,,-17.203
2012-11-17 13:00:00,,-17.199
2012-11-17 14:00:00,,-17.193
2012-11-17 15:00:00,,-17.185
2012-11-17 16:00:00,,-17.181
2012-11-17 17:00:00,,-17.172
2012-11-17 18:00:00,,-17.173
2012-11-17 19:00:00,,-17.172
2012-11-17 20:00:00,,-17.174
2012-11-17 21:00:00,,-17.181
2012-11-17 22:00:00,,-17.189
2012-11-17 23:00:00,,-17.195
2012-11-18 00:00:00,,-17.197
2012-11-18 01:00:00,,-17.199
2012-11-18 02:00:00,,-17.202
2012-11-18 03:00:00,,-17.202
2012-11-18 04:00:00,,-17.21
2012-11-18 05:00:00,,-17.216
2012-11-18 06:00:00,,-17.22
2012-11-18 07:00:00,,-17.224
2012-11-18 08:00:00,,-17.223
2012-11-18 09:00:00,,-17.222
2012-11-18 10:00:00,,-17.224
2012-11-18 11:00:00,,-17.224
2012-11-18 12:00:00,,-17.223
2012-11-18 13:00:00,,-17.218
2012-11-18 14:00:00,,-17.211
2012-11-18 15:00:00,,-17.209
2012-11-18 16:00:00,,-17.202
2012-11-18 17:00:00,,-17.198
2012-11-18 18:00:00,,-17.194
2012-11-18 19:00:00,,-17.195
2012-11-18 20:00:00,,-17.195
2012-11-18 21:00:00,,-17.201
2012-11-18 22:00:00,,-17.205
2012-11-18 23:00:00,,-17.205
2012-11-19 00:00:00,,-17.217
2012-11-19 01:00:00,,-17.213
2012-11-19 02:00:00,,-17.212
2012-11-19 03:00:00,,-17.215
2012-11-19 04:00:00,,-17.217
2012-11-19 05:00:00,,-17.219
2012-11-19 06:00:00,,-17.221
2012-11-19 07:00:00,,-17.227
2012-11-19 08:00:00,,-17.23
2012-11-19 09:00:00,,-17.231
2012-11-19 10:00:00,,-17.231
2012-11-19 11:00:00,,-17.226
2012-11-19 12:00:00,,-17.225
2012-11-19 13:00:00,,-17.217
2012-11-19 14:00:00,,-17.213
2012-11-19 15:00:00,,-17.209
2012-11-19 16:00:00,,-17.206
2012-11-19 17:00:00,,-17.205
2012-11-19 18:00:00,,-17.2
2012-11-19 19:00:00,,-17.199
2012-11-19 20:00:00,,-17.204
2012-11-19 21:00:00,,-17.204
2012-11-19 22:00:00,,-17.207
2012-11-19 23:00:00,,-17.208
2012-11-20 00:00:00,,-17.211
2012-11-20 01:00:00,,-17.206
2012-11-20 02:00:00,,-17.209
2012-11-20 03:00:00,,-17.211
2012-11-20 04:00:00,,-17.214
2012-11-20 05:00:00,,-17.218
2012-11-20 06:00:00,,-17.225
2012-11-20 07:00:00,,-17.231
2012-11-20 08:00:00,,-17.235
2012-11-20 09:00:00,,-17.237
2012-11-20 10:00:00,,-17.238
2012-11-20 11:00:00,,-17.231
2012-11-20 12:00:00,,-17.229
2012-11-20 13:00:00,,-17.224
2012-11-20 14:00:00,,-17.219
2012-11-20 15:00:00,,-17.213
2012-11-20 16:00:00,,-17.209
2012-11-20 17:00:00,,-17.208
2012-11-20 18:00:00,,-17.205
2012-11-20 19:00:00,,-17.205
2012-11-20 20:00:00,,-17.207
2012-11-20 21:00:00,,-17.208
2012-11-20 22:00:00,,-17.208
2012-11-20 23:00:00,,-17.21
2012-11-21 00:00:00,,-17.209
2012-11-21 01:00:00,,-17.21
2012-11-21 02:00:00,,-17.208
2012-11-21 03:00:00,,-17.212
2012-11-21 04:00:00,,-17.216
2012-11-21 05:00:00,,-17.218
2012-11-21 06:00:00,,-17.223
2012-11-21 07:00:00,,-17.227
2012-11-21 08:00:00,,-17.232
2012-11-21 09:00:00,,-17.23
2012-11-21 10:00:00,,-17.23
2012-11-21 11:00:00,,-17.226
2012-11-21 12:00:00,,-17.222
2012-11-21 13:00:00,,-17.214
2012-11-21 14:00:00,,-17.213
2012-11-21 15:00:00,,-17.208
2012-11-21 16:00:00,,-17.205
2012-11-21 17:00:00,,-17.2
2012-11-21 18:00:00,,-17.202
2012-11-21 19:00:00,,-17.208
2012-11-21 20:00:00,,-17.212
2012-11-21 21:00:00,,-17.214
2012-11-21 22:00:00,,-17.217
2012-11-21 23:00:00,,-17.219
2012-11-22 00:00:00,,-17.219
2012-11-22 01:00:00,,-17.215
2012-11-22 02:00:00,,-17.213
2012-11-22 03:00:00,,-17.212
2012-11-22 04:00:00,,-17.216
2012-11-22 05:00:00,,-17.219
2012-11-22 06:00:00,,-17.227
2012-11-22 07:00:00,,-17.231
2012-11-22 08:00:00,,-17.235
2012-11-22 09:00:00,,-17.232
2012-11-22 10:00:00,,-17.233
2012-11-22 11:00:00,,-17.231
2012-11-22 12:00:00,,-17.225
2012-11-22 13:00:00,,-17.217
2012-11-22 14:00:00,,-17.211
2012-11-22 15:00:00,,-17.204
2012-11-22 16:00:00,,-17.203
2012-11-22 17:00:00,,-17.201
2012-11-22 18:00:00,,-17.204
2012-11-22 19:00:00,,-17.209
2012-11-22 20:00:00,,-17.213
2012-11-22 21:00:00,,-17.215
2012-11-22 22:00:00,,-17.217
2012-11-22 23:00:00,,-17.219
2012-11-23 00:00:00,,-17.214
2012-11-23 01:00:00,,-17.211
2012-11-23 02:00:00,,-17.209
2012-11-23 03:00:00,,-17.205
2012-11-23 04:00:00,,-17.207
2012-11-23 05:00:00,,-17.21
2012-11-23 06:00:00,,-17.219
2012-11-23 07:00:00,,-17.226
2012-11-23 08:00:00,,-17.225
2012-11-23 09:00:00,,-17.229
2012-11-23 10:00:00,,-17.228
2012-11-23 11:00:00,,-17.225
2012-11-23 12:00:00,,-17.221
2012-11-23 13:00:00,,-17.211
2012-11-23 14:00:00,,-17.206
2012-11-23 15:00:00,,-17.202
2012-11-23 16:00:00,,-17.199
2012-11-23 17:00:00,,-17.192
2012-11-23 18:00:00,,-17.197
2012-11-23 19:00:00,,-17.199
2012-11-23 20:00:00,,-17.203
2012-11-23 21:00:00,,-17.208
2012-11-23 22:00:00,,-17.212
2012-11-23 23:00:00,,-17.21
2012-11-24 00:00:00,,-17.206
2012-11-24 01:00:00,,-17.205
2012-11-24 02:00:00,,-17.203
2012-11-24 03:00:00,,-17.205
2012-11-24 04:00:00,,-17.209
2012-11-24 05:00:00,,-17.22
2012-11-24 06:00:00,,-17.223
2012-11-24 07:00:00,,-17.234
2012-11-24 08:00:00,,-17.237
2012-11-24 09:00:00,,-17.239
2012-11-24 10:00:00,,-17.237
2012-11-24 11:00:00,,-17.233
2012-11-24 12:00:00,,-17.226
2012-11-24 13:00:00,,-17.217
2012-11-24 14:00:00,,-17.211
2012-11-24 15:00:00,,-17.204
2012-11-24 16:00:00,,-17.2
2012-11-24 17:00:00,,-17.2
2012-11-24 18:00:00,,-17.198
2012-11-24 19:00:00,,-17.204
2012-11-24 20:00:00,,-17.206
2012-11-24 21:00:00,,-17.208
2012-11-24 22:00:00,,-17.213
2012-11-24 23:00:00,,-17.211
2012-11-25 00:00:00,,-17.212
2012-11-25 01:00:00,,-17.208
2012-11-25 02:00:00,,-17.203
2012-11-25 03:00:00,,-17.205
2012-11-25 04:00:00,,-17.206
2012-11-25 05:00:00,,-17.205
2012-11-25 06:00:00,,-17.213
2012-11-25 07:00:00,,-17.224
2012-11-25 08:00:00,,-17.229
2012-11-25 09:00:00,,-17.232
2012-11-25 10:00:00,,-17.234
2012-11-25 11:00:00,,-17.235
2012-11-25 12:00:00,,-17.226
2012-11-25 13:00:00,,-17.221
2012-11-25 14:00:00,,-17.212
2012-11-25 15:00:00,,-17.203
2012-11-25 16:00:00,,-17.196
2012-11-25 17:00:00,,-17.193
2012-11-25 18:00:00,,-17.197
2012-11-25 19:00:00,,-17.198
2012-11-25 20:00:00,,-17.213
2012-11-25 21:00:00,,-17.22
2012-11-25 22:00:00,,-17.235
2012-11-25 23:00:00,,-17.239
2012-11-26 00:00:00,,-17.238
2012-11-26 01:00:00,,-17.23
2012-11-26 02:00:00,,-17.222
2012-11-26 03:00:00,,-17.215
2012-11-26 04:00:00,,-17.216
2012-11-26 05:00:00,,-17.223
2012-11-26 06:00:00,,-17.227
2012-11-26 07:00:00,,-17.23
2012-11-26 08:00:00,,-17.236
2012-11-26 09:00:00,,-17.236
2012-11-26 10:00:00,,-17.238
2012-11-26 11:00:00,,-17.231
2012-11-26 12:00:00,,-17.225
2012-11-26 13:00:00,,-17.214
2012-11-26 14:00:00,,-17.208
2012-11-26 15:00:00,,-17.201
2012-11-26 16:00:00,,-17.193
2012-11-26 17:00:00,,-17.188
2012-11-26 18:00:00,,-17.19
2012-11-26 19:00:00,,-17.193
2012-11-26 20:00:00,,-17.195
2012-11-26 21:00:00,,-17.203
2012-11-26 22:00:00,,-17.211
2012-11-26 23:00:00,,-17.208
2012-11-27 00:00:00,,-17.209
2012-11-27 01:00:00,,-17.207
2012-11-27 02:00:00,,-17.2
2012-11-27 03:00:00,,-17.201
2012-11-27 04:00:00,,-17.198
2012-11-27 05:00:00,,-17.197
2012-11-27 06:00:00,,-17.202
2012-11-27 07:00:00,,-17.206
2012-11-27 08:00:00,,-17.212
2012-11-27 09:00:00,,-17.218
2012-11-27 10:00:00,,-17.22
2012-11-27 11:00:00,,-17.221
2012-11-27 12:00:00,,-17.218
2012-11-27 13:00:00,,-17.213
2012-11-27 14:00:00,,-17.208
2012-11-27 15:00:00,,-17.201
2012-11-27 16:00:00,,-17.194
2012-11-27 17:00:00,,-17.191
2012-11-27 18:00:00,,-17.186
2012-11-27 19:00:00,,-17.191
2012-11-27 20:00:00,,-17.194
2012-11-27 21:00:00,,-17.198
2012-11-27 22:00:00,,-17.207
2012-11-27 23:00:00,,-17.206
2012-11-28 00:00:00,,-17.21
2012-11-28 01:00:00,,-17.206
2012-11-28 02:00:00,,-17.201
2012-11-28 03:00:00,,-17.198
2012-11-28 04:00:00,,-17.193
2012-11-28 05:00:00,,-17.196
2012-11-28 06:00:00,,-17.201
2012-11-28 07:00:00,,-17.209
2012-11-28 08:00:00,,-17.214
2012-11-28 09:00:00,,-17.217
2012-11-28 10:00:00,,-17.218
2012-11-28 11:00:00,,-17.216
2012-11-28 12:00:00,,-17.213
2012-11-28 13:00:00,,-17.207
2012-11-28 14:00:00,,-17.199
2012-11-28 15:00:00,,-17.185
2012-11-28 16:00:00,,-17.181
2012-11-28 17:00:00,,-17.175
2012-11-28 18:00:00,,-17.174
2012-11-28 19:00:00,,-17.173
2012-11-28 20:00:00,,-17.174
2012-11-28 21:00:00,,-17.184
2012-11-28 22:00:00,,-17.184
2012-11-28 23:00:00,,-17.186
2012-11-29 00:00:00,,-17.185
2012-11-29 01:00:00,,-17.188
2012-11-29 02:00:00,,-17.187
2012-11-29 03:00:00,,-17.182
2012-11-29 04:00:00,,-17.181
2012-11-29 05:00:00,,-17.181
2012-11-29 06:00:00,,-17.19
2012-11-29 07:00:00,,-17.193
2012-11-29 08:00:00,,-17.201
2012-11-29 09:00:00,,-17.207
2012-11-29 10:00:00,,-17.208
2012-11-29 11:00:00,,-17.204
2012-11-29 12:00:00,,-17.2
2012-11-29 13:00:00,,-17.196
2012-11-29 14:00:00,,-17.185
2012-11-29 15:00:00,,-17.179
2012-11-29 16:00:00,,-17.172
2012-11-29 17:00:00,,-17.167
2012-11-29 18:00:00,,-17.167
2012-11-29 19:00:00,,-17.179
2012-11-29 20:00:00,,-17.188
2012-11-29 21:00:00,,-17.196
2012-11-29 22:00:00,,-17.205
2012-11-29 23:00:00,,-17.208
2012-11-30 00:00:00,,-17.211
2012-11-30 01:00:00,,-17.207
2012-11-30 02:00:00,,-17.204
2012-11-30 03:00:00,,-17.201
2012-11-30 04:00:00,,-17.202
2012-11-30 05:00:00,,-17.2
2012-11-30 06:00:00,,-17.2
2012-11-30 07:00:00,,-17.205
2012-11-30 08:00:00,,-17.209
2012-11-30 09:00:00,,-17.21
2012-11-30 10:00:00,,-17.215
2012-11-30 11:00:00,,-17.214
2012-11-30 12:00:00,,-17.211
2012-11-30 13:00:00,,-17.205
2012-11-30 14:00:00,,-17.203
2012-11-30 15:00:00,,-17.196
2012-11-30 16:00:00,,-17.192
2012-11-30 17:00:00,,-17.186
2012-11-30 18:00:00,,-17.189
2012-11-30 19:00:00,,-17.186
2012-11-30 20:00:00,,-17.194
2012-11-30 21:00:00,,-17.198
2012-11-30 22:00:00,,-17.204
2012-11-30 23:00:00,,-17.207
2012-12-01 00:00:00,,-17.207
2012-12-01 01:00:00,,-17.209
2012-12-01 02:00:00,,-17.205
2012-12-01 03:00:00,,-17.206
2012-12-01 04:00:00,,-17.205
2012-12-01 05:00:00,,-17.21
2012-12-01 06:00:00,,-17.214
2012-12-01 07:00:00,,-17.222
2012-12-01 08:00:00,,-17.225
2012-12-01 09:00:00,,-17.23
2012-12-01 10:00:00,,-17.232
2012-12-01 11:00:00,,-17.232
2012-12-01 12:00:00,,-17.23
2012-12-01 13:00:00,,-17.224
2012-12-01 14:00:00,,-17.219
2012-12-01 15:00:00,,-17.217
2012-12-01 16:00:00,,-17.215
2012-12-01 17:00:00,,-17.216
2012-12-01 18:00:00,,-17.214
2012-12-01 19:00:00,,-17.224
2012-12-01 20:00:00,,-17.22
2012-12-01 21:00:00,,-17.225
2012-12-01 22:00:00,,-17.229
2012-12-01 23:00:00,,-17.231
2012-12-02 00:00:00,,-17.228
2012-12-02 01:00:00,,-17.232
2012-12-02 02:00:00,,-17.239
2012-12-02 03:00:00,,-17.236
2012-12-02 04:00:00,,-17.234
2012-12-02 05:00:00,,-17.236
2012-12-02 06:00:00,,-17.232
2012-12-02 07:00:00,,-17.24
2012-12-02 08:00:00,,-17.248
2012-12-02 09:00:00,,-17.253
2012-12-02 10:00:00,,-17.255
2012-12-02 11:00:00,,-17.255
2012-12-02 12:00:00,,-17.252
2012-12-02 13:00:00,,-17.247
2012-12-02 14:00:00,,-17.242
2012-12-02 15:00:00,,-17.239
2012-12-02 16:00:00,,-17.235
2012-12-02 17:00:00,,-17.232
2012-12-02 18:00:00,,-17.23
2012-12-02 19:00:00,,-17.227
2012-12-02 20:00:00,,-17.231
2012-12-02 21:00:00,,-17.235
2012-12-02 22:00:00,,-17.238
2012-12-02 23:00:00,,-17.239
2012-12-03 00:00:00,,-17.24
2012-12-03 01:00:00,,-17.238
2012-12-03 02:00:00,,-17.237
2012-12-03 03:00:00,,-17.234
2012-12-03 04:00:00,,-17.233
2012-12-03 05:00:00,,-17.237
2012-12-03 06:00:00,,-17.238
2012-12-03 07:00:00,,-17.242
2012-12-03 08:00:00,,-17.248
2012-12-03 09:00:00,,-17.253
2012-12-03 10:00:00,,-17.253
2012-12-03 11:00:00,,-17.252
2012-12-03 12:00:00,,-17.246
2012-12-03 13:00:00,,-17.24
2012-12-03 14:00:00,,-17.239
2012-12-03 15:00:00,,-17.233
2012-12-03 16:00:00,,-17.228
2012-12-03 17:00:00,,-17.22
2012-12-03 18:00:00,,-17.223
2012-12-03 19:00:00,,-17.224
2012-12-03 20:00:00,,-17.229
2012-12-03 21:00:00,,-17.227
2012-12-03 22:00:00,,-17.234
2012-12-03 23:00:00,,-17.236
2012-12-04 00:00:00,,-17.234
2012-12-04 01:00:00,,-17.232
2012-12-04 02:00:00,,-17.229
2012-12-04 03:00:00,,-17.227
2012-12-04 04:00:00,,-17.227
2012-12-04 05:00:00,,-17.229
2012-12-04 06:00:00,,-17.233
2012-12-04 07:00:00,,-17.236
2012-12-04 08:00:00,,-17.238
2012-12-04 09:00:00,,-17.244
2012-12-04 10:00:00,,-17.247
2012-12-04 11:00:00,,-17.251
2012-12-04 12:00:00,,-17.246
2012-12-04 13:00:00,,-17.249
2012-12-04 14:00:00,,-17.241
2012-12-04 15:00:00,,-17.248
2012-12-04 16:00:00,,-17.243
2012-12-04 17:00:00,,-17.24
2012-12-04 18:00:00,,-17.242
2012-12-04 19:00:00,,-17.244
2012-12-04 20:00:00,,-17.248
2012-12-04 21:00:00,,-17.25
2012-12-04 22:00:00,,-17.25
2012-12-04 23:00:00,,-17.251
2012-12-05 00:00:00,,-17.25
2012-12-05 01:00:00,,-17.244
2012-12-05 02:00:00,,-17.242
2012-12-05 03:00:00,,-17.242
2012-12-05 04:00:00,,-17.239
2012-12-05 05:00:00,,-17.245
2012-12-05 06:00:00,,-17.247
2012-12-05 07:00:00,,-17.252
2012-12-05 08:00:00,,-17.254
2012-12-05 09:00:00,,-17.256
2012-12-05 10:00:00,,-17.256
2012-12-05 11:00:00,,-17.254
2012-12-05 12:00:00,,-17.251
2012-12-05 13:00:00,,-17.247
2012-12-05 14:00:00,,-17.239
2012-12-05 15:00:00,,-17.238
2012-12-05 16:00:00,,-17.233
2012-12-05 17:00:00,,-17.232
2012-12-05 18:00:00,,-17.232
2012-12-05 19:00:00,,-17.234
2012-12-05 20:00:00,,-17.239
2012-12-05 21:00:00,,-17.243
2012-12-05 22:00:00,,-17.248
2012-12-05 23:00:00,,-17.247
2012-12-06 00:00:00,,-17.247
2012-12-06 01:00:00,,-17.244
2012-12-06 02:00:00,,-17.238
2012-12-06 03:00:00,,-17.241
2012-12-06 04:00:00,,-17.244
2012-12-06 05:00:00,,-17.245
2012-12-06 06:00:00,,-17.249
2012-12-06 07:00:00,,-17.254
2012-12-06 08:00:00,,-17.255
2012-12-06 09:00:00,,-17.258
2012-12-06 10:00:00,,-17.257
2012-12-06 11:00:00,,-17.254
2012-12-06 12:00:00,,-17.25
2012-12-06 13:00:00,,-17.243
2012-12-06 14:00:00,,-17.237
2012-12-06 15:00:00,,-17.235
2012-12-06 16:00:00,,-17.231
2012-12-06 17:00:00,,-17.228
2012-12-06 18:00:00,,-17.228
2012-12-06 19:00:00,,-17.228
2012-12-06 20:00:00,,-17.232
2012-12-06 21:00:00,,-17.235
2012-12-06 22:00:00,,-17.237
2012-12-06 23:00:00,,-17.235
2012-12-07 00:00:00,,-17.234
2012-12-07 01:00:00,,-17.229
2012-12-07 02:00:00,,-17.23
2012-12-07 03:00:00,,-17.233
2012-12-07 04:00:00,,-17.236
2012-12-07 05:00:00,,-17.238
2012-12-07 06:00:00,,-17.243
2012-12-07 07:00:00,,-17.248
2012-12-07 08:00:00,,-17.253
2012-12-07 09:00:00,,-17.252
2012-12-07 10:00:00,,-17.254
2012-12-07 11:00:00,,-17.248
2012-12-07 12:00:00,,-17.244
2012-12-07 13:00:00,,-17.237
2012-12-07 14:00:00,,-17.23
2012-12-07 15:00:00,,-17.225
2012-12-07 16:00:00,,-17.221
2012-12-07 17:00:00,,-17.216
2012-12-07 18:00:00,,-17.217
2012-12-07 19:00:00,,-17.218
2012-12-07 20:00:00,,-17.223
2012-12-07 21:00:00,,-17.224
2012-12-07 22:00:00,,-17.225
2012-12-07 23:00:00,,-17.226
2012-12-08 00:00:00,,-17.225
2012-12-08 01:00:00,,-17.222
2012-12-08 02:00:00,,-17.219
2012-12-08 03:00:00,,-17.22
2012-12-08 04:00:00,,-17.22
2012-12-08 05:00:00,,-17.225
2012-12-08 06:00:00,,-17.229
2012-12-08 07:00:00,,-17.234
2012-12-08 08:00:00,,-17.236
2012-12-08 09:00:00,,-17.24
2012-12-08 10:00:00,,-17.238
2012-12-08 11:00:00,,-17.235
2012-12-08 12:00:00,,-17.226
2012-12-08 13:00:00,,-17.216
2012-12-08 14:00:00,,-17.212
2012-12-08 15:00:00,,-17.206
2012-12-08 16:00:00,,-17.203
2012-12-08 17:00:00,,-17.199
2012-12-08 18:00:00,,-17.2
2012-12-08 19:00:00,,-17.202
2012-12-08 20:00:00,,-17.206
2012-12-08 21:00:00,,-17.207
2012-12-08 22:00:00,,-17.212
2012-12-08 23:00:00,,-17.211
2012-12-09 00:00:00,,-17.213
2012-12-09 01:00:00,,-17.213
2012-12-09 02:00:00,,-17.213
2012-12-09 03:00:00,,-17.214
2012-12-09 04:00:00,,-17.216
2012-12-09 05:00:00,,-17.221
2012-12-09 06:00:00,,-17.22
2012-12-09 07:00:00,,-17.23
2012-12-09 08:00:00,,-17.234
2012-12-09 09:00:00,,-17.232
2012-12-09 10:00:00,,-17.232
2012-12-09 11:00:00,,-17.228
2012-12-09 12:00:00,,-17.224
2012-12-09 13:00:00,,-17.217
2012-12-09 14:00:00,,-17.211
2012-12-09 15:00:00,,-17.206
2012-12-09 16:00:00,,-17.202
2012-12-09 17:00:00,,-17.203
2012-12-09 18:00:00,,-17.202
2012-12-09 19:00:00,,-17.207
2012-12-09 20:00:00,,-17.218
2012-12-09 21:00:00,,-17.225
2012-12-09 22:00:00,,-17.228
2012-12-09 23:00:00,,-17.229
2012-12-10 00:00:00,,-17.226
2012-12-10 01:00:00,,-17.222
2012-12-10 02:00:00,,-17.221
2012-12-10 03:00:00,,-17.221
2012-12-10 04:00:00,,-17.222
2012-12-10 05:00:00,,-17.223
2012-12-10 06:00:00,,-17.235
2012-12-10 07:00:00,,-17.245
2012-12-10 08:00:00,,-17.247
2012-12-10 09:00:00,,-17.248
2012-12-10 10:00:00,,-17.245
2012-12-10 11:00:00,,-17.243
2012-12-10 12:00:00,,-17.236
2012-12-10 13:00:00,,-17.227
2012-12-10 14:00:00,,-17.222
2012-12-10 15:00:00,,-17.215
2012-12-10 16:00:00,,-17.212
2012-12-10 17:00:00,,-17.209
2012-12-10 18:00:00,,-17.212
2012-12-10 19:00:00,,-17.217
2012-12-10 20:00:00,,-17.221
2012-12-10 21:00:00,,-17.227
2012-12-10 22:00:00,,-17.228
2012-12-10 23:00:00,,-17.231
2012-12-11 00:00:00,,-17.229
2012-12-11 01:00:00,,-17.223
2012-12-11 02:00:00,,-17.221
2012-12-11 03:00:00,,-17.217
2012-12-11 04:00:00,,-17.221
2012-12-11 05:00:00,,-17.223
2012-12-11 06:00:00,,-17.234
2012-12-11 07:00:00,,-17.24
2012-12-11 08:00:00,,-17.243
2012-12-11 09:00:00,,-17.246
2012-12-11 10:00:00,,-17.246
2012-12-11 11:00:00,,-17.241
2012-12-11 12:00:00,,-17.234
2012-12-11 13:00:00,,-17.226
2012-12-11 14:00:00,,-17.219
2012-12-11 15:00:00,,-17.21
2012-12-11 16:00:00,,-17.202
2012-12-11 17:00:00,,-17.199
2012-12-11 18:00:00,,-17.198
2012-12-11 19:00:00,,-17.199
2012-12-11 20:00:00,,-17.205
2012-12-11 21:00:00,,-17.213
2012-12-11 22:00:00,,-17.218
2012-12-11 23:00:00,,-17.222
2012-12-12 00:00:00,,-17.22
2012-12-12 01:00:00,,-17.215
2012-12-12 02:00:00,,-17.211
2012-12-12 03:00:00,,-17.205
2012-12-12 04:00:00,,-17.209
2012-12-12 05:00:00,,-17.216
2012-12-12 06:00:00,,-17.219
2012-12-12 07:00:00,,-17.229
2012-12-12 08:00:00,,-17.234
2012-12-12 09:00:00,,-17.238
2012-12-12 10:00:00,,-17.241
2012-12-12 11:00:00,,-17.237
2012-12-12 12:00:00,,-17.234
2012-12-12 13:00:00,,-17.221
2012-12-12 14:00:00,,-17.213
2012-12-12 15:00:00,,-17.205
2012-12-12 16:00:00,,-17.197
2012-12-12 17:00:00,,-17.191
2012-12-12 18:00:00,,-17.19
2012-12-12 19:00:00,,-17.193
2012-12-12 20:00:00,,-17.199
2012-12-12 21:00:00,,-17.205
2012-12-12 22:00:00,,-17.214
2012-12-12 23:00:00,,-17.215
2012-12-13 00:00:00,,-17.217
2012-12-13 01:00:00,,-17.213
2012-12-13 02:00:00,,-17.212
2012-12-13 03:00:00,,-17.205
2012-12-13 04:00:00,,-17.2
2012-12-13 05:00:00,,-17.205
2012-12-13 06:00:00,,-17.21
2012-12-13 07:00:00,,-17.214
2012-12-13 08:00:00,,-17.22
2012-12-13 09:00:00,,-17.227
2012-12-13 10:00:00,,-17.226
2012-12-13 11:00:00,,-17.226
2012-12-13 12:00:00,,-17.223
2012-12-13 13:00:00,,-17.219
2012-12-13 14:00:00,,-17.21
2012-12-13 15:00:00,,-17.201
2012-12-13 16:00:00,,-17.192
2012-12-13 17:00:00,,-17.186
2012-12-13 18:00:00,,-17.185
2012-12-13 19:00:00,,-17.192
2012-12-13 20:00:00,,-17.196
2012-12-13 21:00:00,,-17.203
2012-12-13 22:00:00,,-17.206
2012-12-13 23:00:00,,-17.214
2012-12-14 00:00:00,,-17.217
2012-12-14 01:00:00,,-17.216
2012-12-14 02:00:00,,-17.213
2012-12-14 03:00:00,,-17.211
2012-12-14 04:00:00,,-17.208
2012-12-14 05:00:00,,-17.206
2012-12-14 06:00:00,,-17.211
2012-12-14 07:00:00,,-17.214
2012-12-14 08:00:00,,-17.219
2012-12-14 09:00:00,,-17.223
2012-12-14 10:00:00,,-17.226
2012-12-14 11:00:00,,-17.224
2012-12-14 12:00:00,,-17.219
2012-12-14 13:00:00,,-17.21
2012-12-14 14:00:00,,-17.204
2012-12-14 15:00:00,,-17.199
2012-12-14 16:00:00,,-17.196
2012-12-14 17:00:00,,-17.184
2012-12-14 18:00:00,,-17.185
2012-12-14 19:00:00,,-17.185
2012-12-14 20:00:00,,-17.189
2012-12-14 21:00:00,,-17.196
2012-12-14 22:00:00,,-17.207
2012-12-14 23:00:00,,-17.208
2012-12-15 00:00:00,,-17.209
2012-12-15 01:00:00,,-17.212
2012-12-15 02:00:00,,-17.214
2012-12-15 03:00:00,,-17.211
2012-12-15 04:00:00,,-17.208
2012-12-15 05:00:00,,-17.205
2012-12-15 06:00:00,,-17.205
2012-12-15 07:00:00,,-17.207
2012-12-15 08:00:00,,-17.208
2012-12-15 09:00:00,,-17.213
2012-12-15 10:00:00,,-17.213
2012-12-15 11:00:00,,-17.212
2012-12-15 12:00:00,,-17.208
2012-12-15 13:00:00,,-17.203
2012-12-15 14:00:00,,-17.195
2012-12-15 15:00:00,,-17.183
2012-12-15 16:00:00,,-17.174
2012-12-15 17:00:00,,-17.171
2012-12-15 18:00:00,,-17.181
2012-12-15 19:00:00,,-17.188
2012-12-15 20:00:00,,-17.192
2012-12-15 21:00:00,,-17.192
2012-12-15 22:00:00,,-17.195
2012-12-15 23:00:00,,-17.195
2012-12-16 00:00:00,,-17.192
2012-12-16 01:00:00,,-17.192
2012-12-16 02:00:00,,-17.196
2012-12-16 03:00:00,,-17.195
2012-12-16 04:00:00,,-17.197
2012-12-16 05:00:00,,-17.204
2012-12-16 06:00:00,,-17.202
2012-12-16 07:00:00,,-17.205
2012-12-16 08:00:00,,-17.209
2012-12-16 09:00:00,,-17.21
2012-12-16 10:00:00,,-17.21
2012-12-16 11:00:00,,-17.212
2012-12-16 12:00:00,,-17.21
2012-12-16 13:00:00,,-17.207
2012-12-16 14:00:00,,-17.203
2012-12-16 15:00:00,,-17.198
2012-12-16 16:00:00,,-17.184
2012-12-16 17:00:00,,-17.181
2012-12-16 18:00:00,,-17.18
2012-12-16 19:00:00,,-17.181
2012-12-16 20:00:00,,-17.187
2012-12-16 21:00:00,,-17.2
2012-12-16 22:00:00,,-17.206
2012-12-16 23:00:00,,-17.208
2012-12-17 00:00:00,,-17.209
2012-12-17 01:00:00,,-17.214
2012-12-17 02:00:00,,-17.216
2012-12-17 03:00:00,,-17.21
2012-12-17 04:00:00,,-17.208
2012-12-17 05:00:00,,-17.208
2012-12-17 06:00:00,,-17.209
2012-12-17 07:00:00,,-17.21
2012-12-17 08:00:00,,-17.216
2012-12-17 09:00:00,,-17.217
2012-12-17 10:00:00,,-17.214
2012-12-17 11:00:00,,-17.215
2012-12-17 12:00:00,,-17.212
2012-12-17 13:00:00,,-17.208
2012-12-17 14:00:00,,-17.202
2012-12-17 15:00:00,,-17.193
2012-12-17 16:00:00,,-17.188
2012-12-17 17:00:00,,-17.182
2012-12-17 18:00:00,,-17.181
2012-12-17 19:00:00,,-17.184
2012-12-17 20:00:00,,-17.192
2012-12-17 21:00:00,,-17.195
2012-12-17 22:00:00,,-17.203
2012-12-17 23:00:00,,-17.204
2012-12-18 00:00:00,,-17.204
2012-12-18 01:00:00,,-17.206
2012-12-18 02:00:00,,-17.208
2012-12-18 03:00:00,,-17.207
2012-12-18 04:00:00,,-17.21
2012-12-18 05:00:00,,-17.212
2012-12-18 06:00:00,,-17.211
2012-12-18 07:00:00,,-17.215
2012-12-18 08:00:00,,-17.216
2012-12-18 09:00:00,,-17.216
2012-12-18 10:00:00,,-17.214
2012-12-18 11:00:00,,-17.214
2012-12-18 12:00:00,,-17.214
2012-12-18 13:00:00,,-17.211
2012-12-18 14:00:00,,-17.205
2012-12-18 15:00:00,,-17.201
2012-12-18 16:00:00,,-17.196
2012-12-18 17:00:00,,-17.201
2012-12-18 18:00:00,,-17.196
2012-12-18 19:00:00,,-17.19
2012-12-18 20:00:00,,-17.195
2012-12-18 21:00:00,,-17.196
2012-12-18 22:00:00,,-17.204
2012-12-18 23:00:00,,-17.206
2012-12-19 00:00:00,,-17.201
2012-12-19 01:00:00,,-17.202
2012-12-19 02:00:00,,-17.197
2012-12-19 03:00:00,,-17.194
2012-12-19 04:00:00,,-17.193
2012-12-19 05:00:00,,-17.196
2012-12-19 06:00:00,,-17.199
2012-12-19 07:00:00,,-17.202
2012-12-19 08:00:00,,-17.203
2012-12-19 09:00:00,,-17.201
2012-12-19 10:00:00,,-17.205
2012-12-19 11:00:00,,-17.203
2012-12-19 12:00:00,,-17.202
2012-12-19 13:00:00,,-17.196
2012-12-19 14:00:00,,-17.194
2012-12-19 15:00:00,,-17.192
2012-12-19 16:00:00,,-17.187
2012-12-19 17:00:00,,-17.185
2012-12-19 18:00:00,,-17.188
2012-12-19 19:00:00,,-17.188
2012-12-19 20:00:00,,-17.194
2012-12-19 21:00:00,,-17.195
2012-12-19 22:00:00,,-17.196
2012-12-19 23:00:00,,-17.196
2012-12-20 00:00:00,,-17.198
2012-12-20 01:00:00,,-17.196
2012-12-20 02:00:00,,-17.194
2012-12-20 03:00:00,,-17.195
2012-12-20 04:00:00,,-17.198
2012-12-20 05:00:00,,-17.2
2012-12-20 06:00:00,,-17.205
2012-12-20 07:00:00,,-17.21
2012-12-20 08:00:00,,-17.212
2012-12-20 09:00:00,,-17.213
2012-12-20 10:00:00,,-17.213
2012-12-20 11:00:00,,-17.212
2012-12-20 12:00:00,,-17.21
2012-12-20 13:00:00,,-17.205
2012-12-20 14:00:00,,-17.205
2012-12-20 15:00:00,,-17.205
2012-12-20 16:00:00,,-17.202
2012-12-20 17:00:00,,-17.202
2012-12-20 18:00:00,,-17.201
2012-12-20 19:00:00,,-17.208
2012-12-20 20:00:00,,-17.208
2012-12-20 21:00:00,,-17.217
2012-12-20 22:00:00,,-17.219
2012-12-20 23:00:00,,-17.218
2012-12-21 00:00:00,,-17.221
2012-12-21 01:00:00,,-17.218
2012-12-21 02:00:00,,-17.217
2012-12-21 03:00:00,,-17.217
2012-12-21 04:00:00,,-17.217
2012-12-21 05:00:00,,-17.218
2012-12-21 06:00:00,,-17.224
2012-12-21 07:00:00,,-17.223
2012-12-21 08:00:00,,-17.227
2012-12-21 09:00:00,,-17.232
2012-12-21 10:00:00,,-17.23
2012-12-21 11:00:00,,-17.225
2012-12-21 12:00:00,,-17.224
2012-12-21 13:00:00,,-17.219
2012-12-21 14:00:00,,-17.212
2012-12-21 15:00:00,,-17.206
2012-12-21 16:00:00,,-17.202
2012-12-21 17:00:00,,-17.197
2012-12-21 18:00:00,,-17.197
2012-12-21 19:00:00,,-17.196
2012-12-21 20:00:00,,-17.202
2012-12-21 21:00:00,,-17.203
2012-12-21 22:00:00,,-17.206
2012-12-21 23:00:00,,-17.207
2012-12-22 00:00:00,,-17.209
2012-12-22 01:00:00,,-17.204
2012-12-22 02:00:00,,-17.204
2012-12-22 03:00:00,,-17.199
2012-12-22 04:00:00,,-17.195
2012-12-22 05:00:00,,-17.196
2012-12-22 06:00:00,,-17.2
2012-12-22 07:00:00,,-17.208
2012-12-22 08:00:00,,-17.212
2012-12-22 09:00:00,,-17.211
2012-12-22 10:00:00,,-17.213
2012-12-22 11:00:00,,-17.21
2012-12-22 12:00:00,,-17.204
2012-12-22 13:00:00,,-17.196
2012-12-22 14:00:00,,-17.194
2012-12-22 15:00:00,,-17.187
2012-12-22 16:00:00,,-17.178
2012-12-22 17:00:00,,-17.178
2012-12-22 18:00:00,,-17.177
2012-12-22 19:00:00,,-17.181
2012-12-22 20:00:00,,-17.185
2012-12-22 21:00:00,,-17.189
2012-12-22 22:00:00,,-17.192
2012-12-22 23:00:00,,-17.196
2012-12-23 00:00:00,,-17.195
2012-12-23 01:00:00,,-17.189
2012-12-23 02:00:00,,-17.189
2012-12-23 03:00:00,,-17.189
2012-12-23 04:00:00,,-17.189
2012-12-23 05:00:00,,-17.195
2012-12-23 06:00:00,,-17.2
2012-12-23 07:00:00,,-17.208
2012-12-23 08:00:00,,-17.214
2012-12-23 09:00:00,,-17.215
2012-12-23 10:00:00,,-17.214
2012-12-23 11:00:00,,-17.212
2012-12-23 12:00:00,,-17.204
2012-12-23 13:00:00,,-17.196
2012-12-23 14:00:00,,-17.193
2012-12-23 15:00:00,,-17.187
2012-12-23 16:00:00,,-17.182
2012-12-23 17:00:00,,-17.18
2012-12-23 18:00:00,,-17.176
2012-12-23 19:00:00,,-17.183
2012-12-23 20:00:00,,-17.186
2012-12-23 21:00:00,,-17.19
2012-12-23 22:00:00,,-17.197
2012-12-23 23:00:00,,-17.199
2012-12-24 00:00:00,,-17.2
2012-12-24 01:00:00,,-17.198
2012-12-24 02:00:00,,-17.194
2012-12-24 03:00:00,,-17.195
2012-12-24 04:00:00,,-17.194
2012-12-24 05:00:00,,-17.201
2012-12-24 06:00:00,,-17.209
2012-12-24 07:00:00,,-17.219
2012-12-24 08:00:00,,-17.224
2012-12-24 09:00:00,,-17.227
2012-12-24 10:00:00,,-17.225
2012-12-24 11:00:00,,-17.225
2012-12-24 12:00:00,,-17.22
2012-12-24 13:00:00,,-17.213
2012-12-24 14:00:00,,-17.208
2012-12-24 15:00:00,,-17.202
2012-12-24 16:00:00,,-17.195
2012-12-24 17:00:00,,-17.193
2012-12-24 18:00:00,,-17.196
2012-12-24 19:00:00,,-17.2
2012-12-24 20:00:00,,-17.206
2012-12-24 21:00:00,,-17.212
2012-12-24 22:00:00,,-17.213
2012-12-24 23:00:00,,-17.22
2012-12-25 00:00:00,,-17.218
2012-12-25 01:00:00,,-17.218
2012-12-25 02:00:00,,-17.22
2012-12-25 03:00:00,,-17.217
2012-12-25 04:00:00,,-17.216
2012-12-25 05:00:00,,-17.218
2012-12-25 06:00:00,,-17.222
2012-12-25 07:00:00,,-17.229
2012-12-25 08:00:00,,-17.234
2012-12-25 09:00:00,,-17.238
2012-12-25 10:00:00,,-17.239
2012-12-25 11:00:00,,-17.237
2012-12-25 12:00:00,,-17.234
2012-12-25 13:00:00,,-17.228
2012-12-25 14:00:00,,-17.22
2012-12-25 15:00:00,,-17.216
2012-12-25 16:00:00,,-17.21
2012-12-25 17:00:00,,-17.203
2012-12-25 18:00:00,,-17.201
2012-12-25 19:00:00,,-17.203
2012-12-25 20:00:00,,-17.208
2012-12-25 21:00:00,,-17.211
2012-12-25 22:00:00,,-17.221
2012-12-25 23:00:00,,-17.223
2012-12-26 00:00:00,,-17.224
2012-12-26 01:00:00,,-17.22
2012-12-26 02:00:00,,-17.219
2012-12-26 03:00:00,,-17.217
2012-12-26 04:00:00,,-17.215
2012-12-26 05:00:00,,-17.218
2012-12-26 06:00:00,,-17.221
2012-12-26 07:00:00,,-17.229
2012-12-26 08:00:00,,-17.238
2012-12-26 09:00:00,,-17.242
2012-12-26 10:00:00,,-17.238
2012-12-26 11:00:00,,-17.237
2012-12-26 12:00:00,,-17.229
2012-12-26 13:00:00,,-17.223
2012-12-26 14:00:00,,-17.213
2012-12-26 15:00:00,,-17.206
2012-12-26 16:00:00,,-17.202
2012-12-26 17:00:00,,-17.192
2012-12-26 18:00:00,,-17.192
2012-12-26 19:00:00,,-17.193
2012-12-26 20:00:00,,-17.195
2012-12-26 21:00:00,,-17.201
2012-12-26 22:00:00,,-17.207
2012-12-26 23:00:00,,-17.21
2012-12-27 00:00:00,,-17.211
2012-12-27 01:00:00,,-17.208
2012-12-27 02:00:00,,-17.207
2012-12-27 03:00:00,,-17.204
2012-12-27 04:00:00,,-17.205
2012-12-27 05:00:00,,-17.208
2012-12-27 06:00:00,,-17.213
2012-12-27 07:00:00,,-17.221
2012-12-27 08:00:00,,-17.228
2012-12-27 09:00:00,,-17.23
2012-12-27 10:00:00,,-17.233
2012-12-27 11:00:00,,-17.23
2012-12-27 12:00:00,,-17.226
2012-12-27 13:00:00,,-17.219
2012-12-27 14:00:00,,-17.213
2012-12-27 15:00:00,,-17.207
2012-12-27 16:00:00,,-17.2
2012-12-27 17:00:00,,-17.198
2012-12-27 18:00:00,,-17.195
2012-12-27 19:00:00,,-17.197
2012-12-27 20:00:00,,-17.207
2012-12-27 21:00:00,,-17.213
2012-12-27 22:00:00,,-17.218
2012-12-27 23:00:00,,-17.221
2012-12-28 00:00:00,,-17.224
2012-12-28 01:00:00,,-17.221
2012-12-28 02:00:00,,-17.219
2012-12-28 03:00:00,,-17.217
2012-12-28 04:00:00,,-17.218
2012-12-28 05:00:00,,-17.218
2012-12-28 06:00:00,,-17.223
2012-12-28 07:00:00,,-17.228
2012-12-28 08:00:00,,-17.235
2012-12-28 09:00:00,,-17.234
2012-12-28 10:00:00,,-17.239
2012-12-28 11:00:00,,-17.239
2012-12-28 12:00:00,,-17.237
2012-12-28 13:00:00,,-17.232
2012-12-28 14:00:00,,-17.225
2012-12-28 15:00:00,,-17.221
2012-12-28 16:00:00,,-17.212
2012-12-28 17:00:00,,-17.207
2012-12-28 18:00:00,,-17.207
2012-12-28 19:00:00,,-17.207
2012-12-28 20:00:00,,-17.215
2012-12-28 21:00:00,,-17.22
2012-12-28 22:00:00,,-17.227
2012-12-28 23:00:00,,-17.229
2012-12-29 00:00:00,,-17.229
2012-12-29 01:00:00,,-17.231
2012-12-29 02:00:00,,-17.228
2012-12-29 03:00:00,,-17.225
2012-12-29 04:00:00,,-17.231
2012-12-29 05:00:00,,-17.232
2012-12-29 06:00:00,,-17.233
2012-12-29 07:00:00,,-17.239
2012-12-29 08:00:00,,-17.245
2012-12-29 09:00:00,,-17.247
2012-12-29 10:00:00,,-17.248
2012-12-29 11:00:00,,-17.249
2012-12-29 12:00:00,,-17.244
2012-12-29 13:00:00,,-17.238
2012-12-29 14:00:00,,-17.234
2012-12-29 15:00:00,,-17.226
2012-12-29 16:00:00,,-17.221
2012-12-29 17:00:00,,-17.216
2012-12-29 18:00:00,,-17.215
2012-12-29 19:00:00,,-17.216
2012-12-29 20:00:00,,-17.222
2012-12-29 21:00:00,,-17.227
2012-12-29 22:00:00,,-17.234
2012-12-29 23:00:00,,-17.235
2012-12-30 00:00:00,,-17.234
2012-12-30 01:00:00,,-17.233
2012-12-30 02:00:00,,-17.233
2012-12-30 03:00:00,,-17.233
2012-12-30 04:00:00,,-17.229
2012-12-30 05:00:00,,-17.233
2012-12-30 06:00:00,,-17.235
2012-12-30 07:00:00,,-17.238
2012-12-30 08:00:00,,-17.241
2012-12-30 09:00:00,,-17.246
2012-12-30 10:00:00,,-17.245
2012-12-30 11:00:00,,-17.244
2012-12-30 12:00:00,,-17.238
2012-12-30 13:00:00,,-17.232
2012-12-30 14:00:00,,-17.225
2012-12-30 15:00:00,,-17.22
2012-12-30 16:00:00,,-17.212
2012-12-30 17:00:00,,-17.205
2012-12-30 18:00:00,,-17.204
2012-12-30 19:00:00,,-17.208
2012-12-30 20:00:00,,-17.211
2012-12-30 21:00:00,,-17.215
2012-12-30 22:00:00,,-17.22
2012-12-30 23:00:00,,-17.222
2012-12-31 00:00:00,,-17.223
2012-12-31 01:00:00,,-17.223
2012-12-31 02:00:00,,-17.218
2012-12-31 03:00:00,,-17.219
2012-12-31 04:00:00,,-17.217
2012-12-31 05:00:00,,-17.215
2012-12-31 06:00:00,,-17.217
2012-12-31 07:00:00,,-17.22
2012-12-31 08:00:00,,-17.223
2012-12-31 09:00:00,,-17.225
2012-12-31 10:00:00,,-17.223
2012-12-31 11:00:00,,-17.224
2012-12-31 12:00:00,,-17.22
2012-12-31 13:00:00,,-17.218
2012-12-31 14:00:00,,-17.212
2012-12-31 15:00:00,,-17.209
2012-12-31 16:00:00,,-17.205
2012-12-31 17:00:00,,-17.2
2012-12-31 18:00:00,,-17.202
2012-12-31 19:00:00,,-17.201
2012-12-31 20:00:00,,-17.205
2012-12-31 21:00:00,,-17.206
2012-12-31 22:00:00,,-17.21
2012-12-31 23:00:00,,-17.213
2013-01-01 00:00:00,,-17.214
2013-01-01 01:00:00,,-17.213
2013-01-01 02:00:00,,-17.209
2013-01-01 03:00:00,,-17.213
2013-01-01 04:00:00,,-17.211
2013-01-01 05:00:00,,-17.216
2013-01-01 06:00:00,,-17.217
2013-01-01 07:00:00,,-17.226
2013-01-01 08:00:00,,-17.229
2013-01-01 09:00:00,,-17.23
2013-01-01 10:00:00,,-17.231
2013-01-01 11:00:00,,-17.231
2013-01-01 12:00:00,,-17.23
2013-01-01 13:00:00,,-17.225
2013-01-01 14:00:00,,-17.225
2013-01-01 15:00:00,,-17.216
2013-01-01 16:00:00,,-17.21
2013-01-01 17:00:00,,-17.207
2013-01-01 18:00:00,,-17.203
2013-01-01 19:00:00,,-17.213
2013-01-01 20:00:00,,-17.21
2013-01-01 21:00:00,,-17.217
2013-01-01 22:00:00,,-17.219
2013-01-01 23:00:00,,-17.224
2013-01-02 00:00:00,,-17.224
2013-01-02 01:00:00,,-17.221
2013-01-02 02:00:00,,-17.222
2013-01-02 03:00:00,,-17.222
2013-01-02 04:00:00,,-17.222
2013-01-02 05:00:00,,-17.225
2013-01-02 06:00:00,,-17.227
2013-01-02 07:00:00,,-17.231
2013-01-02 08:00:00,,-17.231
2013-01-02 09:00:00,,-17.232
2013-01-02 10:00:00,,-17.232
2013-01-02 11:00:00,,-17.231
2013-01-02 12:00:00,,-17.226
2013-01-02 13:00:00,,-17.224
2013-01-02 14:00:00,,-17.221
2013-01-02 15:00:00,,-17.213
2013-01-02 16:00:00,,-17.211
2013-01-02 17:00:00,,-17.206
2013-01-02 18:00:00,,-17.203
2013-01-02 19:00:00,,-17.207
2013-01-02 20:00:00,,-17.208
2013-01-02 21:00:00,,-17.212
2013-01-02 22:00:00,,-17.216
2013-01-02 23:00:00,,-17.219
2013-01-03 00:00:00,,-17.221
2013-01-03 01:00:00,,-17.22
2013-01-03 02:00:00,,-17.217
2013-01-03 03:00:00,,-17.219
2013-01-03 04:00:00,,-17.215
2013-01-03 05:00:00,,-17.22
2013-01-03 06:00:00,,-17.224
2013-01-03 07:00:00,,-17.225
2013-01-03 08:00:00,,-17.226
2013-01-03 09:00:00,,-17.224
2013-01-03 10:00:00,,-17.224
2013-01-03 11:00:00,,-17.218
2013-01-03 12:00:00,,-17.215
2013-01-03 13:00:00,,-17.212
2013-01-03 14:00:00,,-17.206
2013-01-03 15:00:00,,-17.199
2013-01-03 16:00:00,,-17.192
2013-01-03 17:00:00,,-17.189
2013-01-03 18:00:00,,-17.185
2013-01-03 19:00:00,,-17.186
2013-01-03 20:00:00,,-17.19
2013-01-03 21:00:00,,-17.188
2013-01-03 22:00:00,,-17.19
2013-01-03 23:00:00,,-17.191
2013-01-04 00:00:00,,-17.192
2013-01-04 01:00:00,,-17.189
2013-01-04 02:00:00,,-17.189
2013-01-04 03:00:00,,-17.19
2013-01-04 04:00:00,,-17.194
2013-01-04 05:00:00,,-17.19
2013-01-04 06:00:00,,-17.195
2013-01-04 07:00:00,,-17.198
2013-01-04 08:00:00,,-17.2
2013-01-04 09:00:00,,-17.198
2013-01-04 10:00:00,,-17.198
2013-01-04 11:00:00,,-17.195
2013-01-04 12:00:00,,-17.19
2013-01-04 13:00:00,,-17.185
2013-01-04 14:00:00,,-17.179
2013-01-04 15:00:00,,-17.181
2013-01-04 16:00:00,,-17.175
2013-01-04 17:00:00,,-17.17
2013-01-04 18:00:00,,-17.171
2013-01-04 19:00:00,,-17.171
2013-01-04 20:00:00,,-17.175
2013-01-04 21:00:00,,-17.179
2013-01-04 22:00:00,,-17.183
2013-01-04 23:00:00,,-17.186
2013-01-05 00:00:00,,-17.185
2013-01-05 01:00:00,,-17.183
2013-01-05 02:00:00,,-17.184
2013-01-05 03:00:00,,-17.183
2013-01-05 04:00:00,,-17.184
2013-01-05 05:00:00,,-17.189
2013-01-05 06:00:00,,-17.196
2013-01-05 07:00:00,,-17.204
2013-01-05 08:00:00,,-17.212
2013-01-05 09:00:00,,-17.215
2013-01-05 10:00:00,,-17.21
2013-01-05 11:00:00,,-17.211
2013-01-05 12:00:00,,-17.208
2013-01-05 13:00:00,,-17.203
2013-01-05 14:00:00,,-17.204
2013-01-05 15:00:00,,-17.199
2013-01-05 16:00:00,,-17.196
2013-01-05 17:00:00,,-17.231
2013-01-05 18:00:00,,-17.22
2013-01-05 19:00:00,,-17.227
2013-01-05 20:00:00,,-17.22
2013-01-05 21:00:00,,-17.223
2013-01-05 22:00:00,,-17.224
2013-01-05 23:00:00,,-17.223
2013-01-06 00:00:00,,-17.223
2013-01-06 01:00:00,,-17.221
2013-01-06 02:00:00,,-17.219
2013-01-06 03:00:00,,-17.223
2013-01-06 04:00:00,,-17.221
2013-01-06 05:00:00,,-17.226
2013-01-06 06:00:00,,-17.232
2013-01-06 07:00:00,,-17.237
2013-01-06 08:00:00,,-17.24
2013-01-06 09:00:00,,-17.238
2013-01-06 10:00:00,,-17.238
2013-01-06 11:00:00,,-17.236
2013-01-06 12:00:00,,-17.23
2013-01-06 13:00:00,,-17.225
2013-01-06 14:00:00,,-17.222
2013-01-06 15:00:00,,-17.216
2013-01-06 16:00:00,,-17.213
2013-01-06 17:00:00,,-17.208
2013-01-06 18:00:00,,-17.208
2013-01-06 19:00:00,,-17.212
2013-01-06 20:00:00,,-17.225
2013-01-06 21:00:00,,-17.225
2013-01-06 22:00:00,,-17.226
2013-01-06 23:00:00,,-17.226
2013-01-07 00:00:00,,-17.221
2013-01-07 01:00:00,,-17.221
2013-01-07 02:00:00,,-17.221
2013-01-07 03:00:00,,-17.218
2013-01-07 04:00:00,,-17.222
2013-01-07 05:00:00,,-17.229
2013-01-07 06:00:00,,-17.233
2013-01-07 07:00:00,,-17.239
2013-01-07 08:00:00,,-17.241
2013-01-07 09:00:00,,-17.241
2013-01-07 10:00:00,,-17.24
2013-01-07 11:00:00,,-17.235
2013-01-07 12:00:00,,-17.23
2013-01-07 13:00:00,,-17.221
2013-01-07 14:00:00,,-17.215
2013-01-07 15:00:00,,-17.205
2013-01-07 16:00:00,,-17.202
2013-01-07 17:00:00,,-17.199
2013-01-07 18:00:00,,-17.2
2013-01-07 19:00:00,,-17.204
2013-01-07 20:00:00,,-17.206
2013-01-07 21:00:00,,-17.211
2013-01-07 22:00:00,,-17.208
2013-01-07 23:00:00,,-17.213
2013-01-08 00:00:00,,-17.211
2013-01-08 01:00:00,,-17.207
2013-01-08 02:00:00,,-17.205
2013-01-08 03:00:00,,-17.202
2013-01-08 04:00:00,,-17.204
2013-01-08 05:00:00,,-17.204
2013-01-08 06:00:00,,-17.21
2013-01-08 07:00:00,,-17.215
2013-01-08 08:00:00,,-17.219
2013-01-08 09:00:00,,-17.222
2013-01-08 10:00:00,,-17.217
2013-01-08 11:00:00,,-17.212
2013-01-08 12:00:00,,-17.205
2013-01-08 13:00:00,,-17.199
2013-01-08 14:00:00,,-17.188
2013-01-08 15:00:00,,-17.178
2013-01-08 16:00:00,,-17.174
2013-01-08 17:00:00,,-17.17
2013-01-08 18:00:00,,-17.17
2013-01-08 19:00:00,,-17.175
2013-01-08 20:00:00,,-17.18
2013-01-08 21:00:00,,-17.188
2013-01-08 22:00:00,,-17.189
2013-01-08 23:00:00,,-17.191
2013-01-09 00:00:00,,-17.192
2013-01-09 01:00:00,,-17.188
2013-01-09 02:00:00,,-17.183
2013-01-09 03:00:00,,-17.179
2013-01-09 04:00:00,,-17.179
2013-01-09 05:00:00,,-17.18
2013-01-09 06:00:00,,-17.186
2013-01-09 07:00:00,,-17.192
2013-01-09 08:00:00,,-17.197
2013-01-09 09:00:00,,-17.194
2013-01-09 10:00:00,,-17.196
2013-01-09 11:00:00,,-17.189
2013-01-09 12:00:00,,-17.186
2013-01-09 13:00:00,,-17.175
2013-01-09 14:00:00,,-17.17
2013-01-09 15:00:00,,-17.162
2013-01-09 16:00:00,,-17.154
2013-01-09 17:00:00,,-17.15
2013-01-09 18:00:00,,-17.15
2013-01-09 19:00:00,,-17.153
2013-01-09 20:00:00,,-17.158
2013-01-09 21:00:00,,-17.163
2013-01-09 22:00:00,,-17.169
2013-01-09 23:00:00,,-17.167
2013-01-10 00:00:00,,-17.169
2013-01-10 01:00:00,,-17.166
2013-01-10 02:00:00,,-17.164
2013-01-10 03:00:00,,-17.165
2013-01-10 04:00:00,,-17.168
2013-01-10 05:00:00,,-17.174
2013-01-10 06:00:00,,-17.176
2013-01-10 07:00:00,,-17.185
2013-01-10 08:00:00,,-17.19
2013-01-10 09:00:00,,-17.196
2013-01-10 10:00:00,,-17.197
2013-01-10 11:00:00,,-17.193
2013-01-10 12:00:00,,-17.19
2013-01-10 13:00:00,,-17.184
2013-01-10 14:00:00,,-17.174
2013-01-10 15:00:00,,-17.169
2013-01-10 16:00:00,,-17.159
2013-01-10 17:00:00,,-17.154
2013-01-10 18:00:00,,-17.155
2013-01-10 19:00:00,,-17.158
2013-01-10 20:00:00,,-17.161
2013-01-10 21:00:00,,-17.163
2013-01-10 22:00:00,,-17.168
2013-01-10 23:00:00,,-17.173
2013-01-11 00:00:00,,-17.174
2013-01-11 01:00:00,,-17.173
2013-01-11 02:00:00,,-17.169
2013-01-11 03:00:00,,-17.171
2013-01-11 04:00:00,,-17.175
2013-01-11 05:00:00,,-17.18
2013-01-11 06:00:00,,-17.181
2013-01-11 07:00:00,,-17.184
2013-01-11 08:00:00,,-17.192
2013-01-11 09:00:00,,-17.196
2013-01-11 10:00:00,,-17.199
2013-01-11 11:00:00,,-17.2
2013-01-11 12:00:00,,-17.193
2013-01-11 13:00:00,,-17.189
2013-01-11 14:00:00,,-17.183
2013-01-11 15:00:00,,-17.178
2013-01-11 16:00:00,,-17.169
2013-01-11 17:00:00,,-17.163
2013-01-11 18:00:00,,-17.163
2013-01-11 19:00:00,,-17.165
2013-01-11 20:00:00,,-17.169
2013-01-11 21:00:00,,-17.18
2013-01-11 22:00:00,,-17.186
2013-01-11 23:00:00,,-17.191
2013-01-12 00:00:00,,-17.195
2013-01-12 01:00:00,,-17.196
2013-01-12 02:00:00,,-17.196
2013-01-12 03:00:00,,-17.197
2013-01-12 04:00:00,,-17.206
2013-01-12 05:00:00,,-17.205
2013-01-12 06:00:00,,-17.21
2013-01-12 07:00:00,,-17.218
2013-01-12 08:00:00,,-17.224
2013-01-12 09:00:00,,-17.226
2013-01-12 10:00:00,,-17.226
2013-01-12 11:00:00,,-17.227
2013-01-12 12:00:00,,-17.225
2013-01-12 13:00:00,,-17.223
2013-01-12 14:00:00,,-17.215
2013-01-12 15:00:00,,-17.209
2013-01-12 16:00:00,,-17.199
2013-01-12 17:00:00,,-17.196
2013-01-12 18:00:00,,-17.193
2013-01-12 19:00:00,,-17.201
2013-01-12 20:00:00,,-17.203
2013-01-12 21:00:00,,-17.208
2013-01-12 22:00:00,,-17.213
2013-01-12 23:00:00,,-17.218
2013-01-13 00:00:00,,-17.215
2013-01-13 01:00:00,,-17.214
2013-01-13 02:00:00,,-17.213
2013-01-13 03:00:00,,-17.21
2013-01-13 04:00:00,,-17.211
2013-01-13 05:00:00,,-17.212
2013-01-13 06:00:00,,-17.217
2013-01-13 07:00:00,,-17.221
2013-01-13 08:00:00,,-17.228
2013-01-13 09:00:00,,-17.228
2013-01-13 10:00:00,,-17.225
2013-01-13 11:00:00,,-17.231
2013-01-13 12:00:00,,-17.228
2013-01-13 13:00:00,,-17.22
2013-01-13 14:00:00,,-17.222
2013-01-13 15:00:00,,-17.223
2013-01-13 16:00:00,,-17.22
2013-01-13 17:00:00,,-17.215
2013-01-13 18:00:00,,-17.209
2013-01-13 19:00:00,,-17.211
2013-01-13 20:00:00,,-17.216
2013-01-13 21:00:00,,-17.218
2013-01-13 22:00:00,,-17.224
2013-01-13 23:00:00,,-17.227
2013-01-14 00:00:00,,-17.232
2013-01-14 01:00:00,,-17.231
2013-01-14 02:00:00,,-17.225
2013-01-14 03:00:00,,-17.222
2013-01-14 04:00:00,,-17.223
2013-01-14 05:00:00,,-17.226
2013-01-14 06:00:00,,-17.231
2013-01-14 07:00:00,,-17.236
2013-01-14 08:00:00,,-17.236
2013-01-14 09:00:00,,-17.236
2013-01-14 10:00:00,,-17.239
2013-01-14 11:00:00,,-17.237
2013-01-14 12:00:00,,-17.234
2013-01-14 13:00:00,,-17.229
2013-01-14 14:00:00,,-17.223
2013-01-14 15:00:00,,-17.219
2013-01-14 16:00:00,,-17.212
2013-01-14 17:00:00,,-17.208
2013-01-14 18:00:00,,-17.209
2013-01-14 19:00:00,,-17.21
2013-01-14 20:00:00,,-17.21
2013-01-14 21:00:00,,-17.213
2013-01-14 22:00:00,,-17.218
2013-01-14 23:00:00,,-17.222
2013-01-15 00:00:00,,-17.223
2013-01-15 01:00:00,,-17.223
2013-01-15 02:00:00,,-17.222
2013-01-15 03:00:00,,-17.224
2013-01-15 04:00:00,,-17.226
2013-01-15 05:00:00,,-17.231
2013-01-15 06:00:00,,-17.233
2013-01-15 07:00:00,,-17.243
2013-01-15 08:00:00,,-17.247
2013-01-15 09:00:00,,-17.247
2013-01-15 10:00:00,,-17.245
2013-01-15 11:00:00,,-17.244
2013-01-15 12:00:00,,-17.239
2013-01-15 13:00:00,,-17.237
2013-01-15 14:00:00,,-17.231
2013-01-15 15:00:00,,-17.22
2013-01-15 16:00:00,,-17.217
2013-01-15 17:00:00,,-17.207
2013-01-15 18:00:00,,-17.206
2013-01-15 19:00:00,,-17.204
2013-01-15 20:00:00,,-17.209
2013-01-15 21:00:00,,-17.208
2013-01-15 22:00:00,,-17.212
2013-01-15 23:00:00,,-17.214
2013-01-16 00:00:00,,-17.216
2013-01-16 01:00:00,,-17.212
2013-01-16 02:00:00,,-17.21
2013-01-16 03:00:00,,-17.21
2013-01-16 04:00:00,,-17.21
2013-01-16 05:00:00,,-17.215
2013-01-16 06:00:00,,-17.219
2013-01-16 07:00:00,,-17.218
2013-01-16 08:00:00,,-17.22
2013-01-16 09:00:00,,-17.222
2013-01-16 10:00:00,,-17.223
2013-01-16 11:00:00,,-17.217
2013-01-16 12:00:00,,-17.213
2013-01-16 13:00:00,,-17.205
2013-01-16 14:00:00,,-17.199
2013-01-16 15:00:00,,-17.194
2013-01-16 16:00:00,,-17.19
2013-01-16 17:00:00,,-17.184
2013-01-16 18:00:00,,-17.181
2013-01-16 19:00:00,,-17.18
2013-01-16 20:00:00,,-17.183
2013-01-16 21:00:00,,-17.18
2013-01-16 22:00:00,,-17.188
2013-01-16 23:00:00,,-17.185
2013-01-17 00:00:00,,-17.181
2013-01-17 01:00:00,,-17.178
2013-01-17 02:00:00,,-17.181
2013-01-17 03:00:00,,-17.181
2013-01-17 04:00:00,,-17.178
2013-01-17 05:00:00,,-17.179
2013-01-17 06:00:00,,-17.18
2013-01-17 07:00:00,,-17.184
2013-01-17 08:00:00,,-17.185
2013-01-17 09:00:00,,-17.183
2013-01-17 10:00:00,,-17.186
2013-01-17 11:00:00,,-17.183
2013-01-17 12:00:00,,-17.181
2013-01-17 13:00:00,,-17.177
2013-01-17 14:00:00,,-17.174
2013-01-17 15:00:00,,-17.17
2013-01-17 16:00:00,,-17.167
2013-01-17 17:00:00,,-17.167
2013-01-17 18:00:00,,-17.171
2013-01-17 19:00:00,,-17.171
2013-01-17 20:00:00,,-17.179
2013-01-17 21:00:00,,-17.179
2013-01-17 22:00:00,,-17.177
2013-01-17 23:00:00,,-17.184
2013-01-18 00:00:00,,-17.187
2013-01-18 01:00:00,,-17.185
2013-01-18 02:00:00,,-17.184
2013-01-18 03:00:00,,-17.184
2013-01-18 04:00:00,,-17.186
2013-01-18 05:00:00,,-17.188
2013-01-18 06:00:00,,-17.195
2013-01-18 07:00:00,,-17.199
2013-01-18 08:00:00,,-17.201
2013-01-18 09:00:00,,-17.2
2013-01-18 10:00:00,,-17.203
2013-01-18 11:00:00,,-17.204
2013-01-18 12:00:00,,-17.205
2013-01-18 13:00:00,,-17.203
2013-01-18 14:00:00,,-17.196
2013-01-18 15:00:00,,-17.188
2013-01-18 16:00:00,,-17.186
2013-01-18 17:00:00,,-17.184
2013-01-18 18:00:00,,-17.182
2013-01-18 19:00:00,,-17.189
2013-01-18 20:00:00,,-17.195
2013-01-18 21:00:00,,-17.204
2013-01-18 22:00:00,,-17.204
2013-01-18 23:00:00,,-17.204
2013-01-19 00:00:00,,-17.204
2013-01-19 01:00:00,,-17.204
2013-01-19 02:00:00,,-17.202
2013-01-19 03:00:00,,-17.208
2013-01-19 04:00:00,,-17.199
2013-01-19 05:00:00,,-17.203
2013-01-19 06:00:00,,-17.203
2013-01-19 07:00:00,,-17.211
2013-01-19 08:00:00,,-17.211
2013-01-19 09:00:00,,-17.215
2013-01-19 10:00:00,,-17.212
2013-01-19 11:00:00,,-17.208
2013-01-19 12:00:00,,-17.203
2013-01-19 13:00:00,,-17.198
2013-01-19 14:00:00,,-17.193
2013-01-19 15:00:00,,-17.189
2013-01-19 16:00:00,,-17.184
2013-01-19 17:00:00,,-17.181
2013-01-19 18:00:00,,-17.183
2013-01-19 19:00:00,,-17.187
2013-01-19 20:00:00,,-17.189
2013-01-19 21:00:00,,-17.192
2013-01-19 22:00:00,,-17.195
2013-01-19 23:00:00,,-17.198
2013-01-20 00:00:00,,-17.2
2013-01-20 01:00:00,,-17.194
2013-01-20 02:00:00,,-17.193
2013-01-20 03:00:00,,-17.194
2013-01-20 04:00:00,,-17.192
2013-01-20 05:00:00,,-17.193
2013-01-20 06:00:00,,-17.2
2013-01-20 07:00:00,,-17.201
2013-01-20 08:00:00,,-17.203
2013-01-20 09:00:00,,-17.209
2013-01-20 10:00:00,,-17.207
2013-01-20 11:00:00,,-17.204
2013-01-20 12:00:00,,-17.197
2013-01-20 13:00:00,,-17.195
2013-01-20 14:00:00,,-17.187
2013-01-20 15:00:00,,-17.181
2013-01-20 16:00:00,,-17.176
2013-01-20 17:00:00,,-17.181
2013-01-20 18:00:00,,-17.178
2013-01-20 19:00:00,,-17.18
2013-01-20 20:00:00,,-17.18
2013-01-20 21:00:00,,-17.184
2013-01-20 22:00:00,,-17.194
2013-01-20 23:00:00,,-17.194
2013-01-21 00:00:00,,-17.196
2013-01-21 01:00:00,,-17.197
2013-01-21 02:00:00,,-17.193
2013-01-21 03:00:00,,-17.192
2013-01-21 04:00:00,,-17.192
2013-01-21 05:00:00,,-17.195
2013-01-21 06:00:00,,-17.202
2013-01-21 07:00:00,,-17.206
2013-01-21 08:00:00,,-17.214
2013-01-21 09:00:00,,-17.215
2013-01-21 10:00:00,,-17.215
2013-01-21 11:00:00,,-17.211
2013-01-21 12:00:00,,-17.206
2013-01-21 13:00:00,,-17.204
2013-01-21 14:00:00,,-17.195
2013-01-21 15:00:00,,-17.187
2013-01-21 16:00:00,,-17.183
2013-01-21 17:00:00,,-17.181
2013-01-21 18:00:00,,-17.182
2013-01-21 19:00:00,,-17.186
2013-01-21 20:00:00,,-17.189
2013-01-21 21:00:00,,-17.191
2013-01-21 22:00:00,,-17.197
2013-01-21 23:00:00,,-17.201
2013-01-22 00:00:00,,-17.2
2013-01-22 01:00:00,,-17.197
2013-01-22 02:00:00,,-17.199
2013-01-22 03:00:00,,-17.192
2013-01-22 04:00:00,,-17.192
2013-01-22 05:00:00,,-17.196
2013-01-22 06:00:00,,-17.199
2013-01-22 07:00:00,,-17.209
2013-01-22 08:00:00,,-17.213
2013-01-22 09:00:00,,-17.213
2013-01-22 10:00:00,,-17.218
2013-01-22 11:00:00,,-17.212
2013-01-22 12:00:00,,-17.21
2013-01-22 13:00:00,,-17.202
2013-01-22 14:00:00,,-17.2
2013-01-22 15:00:00,,-17.192
2013-01-22 16:00:00,,-17.191
2013-01-22 17:00:00,,-17.187
2013-01-22 18:00:00,,-17.187
2013-01-22 19:00:00,,-17.19
2013-01-22 20:00:00,,-17.195
2013-01-22 21:00:00,,-17.201
2013-01-22 22:00:00,,-17.203
2013-01-22 23:00:00,,-17.212
2013-01-23 00:00:00,,-17.209
2013-01-23 01:00:00,,-17.211
2013-01-23 02:00:00,,-17.208
2013-01-23 03:00:00,,-17.208
2013-01-23 04:00:00,,-17.207
2013-01-23 05:00:00,,-17.206
2013-01-23 06:00:00,,-17.213
2013-01-23 07:00:00,,-17.216
2013-01-23 08:00:00,,-17.222
2013-01-23 09:00:00,,-17.223
2013-01-23 10:00:00,,-17.223
2013-01-23 11:00:00,,-17.224
2013-01-23 12:00:00,,-17.221
2013-01-23 13:00:00,,-17.21
2013-01-23 14:00:00,,-17.204
2013-01-23 15:00:00,,-17.2
2013-01-23 16:00:00,,-17.192
2013-01-23 17:00:00,,-17.191
2013-01-23 18:00:00,,-17.194
2013-01-23 19:00:00,,-17.192
2013-01-23 20:00:00,,-17.2
2013-01-23 21:00:00,,-17.202
2013-01-23 22:00:00,,-17.207
2013-01-23 23:00:00,,-17.21
2013-01-24 00:00:00,,-17.21
2013-01-24 01:00:00,,-17.205
2013-01-24 02:00:00,,-17.204
2013-01-24 03:00:00,,-17.204
2013-01-24 04:00:00,,-17.206
2013-01-24 05:00:00,,-17.208
2013-01-24 06:00:00,,-17.214
2013-01-24 07:00:00,,-17.217
2013-01-24 08:00:00,,-17.223
2013-01-24 09:00:00,,-17.225
2013-01-24 10:00:00,,-17.223
2013-01-24 11:00:00,,-17.218
2013-01-24 12:00:00,,-17.212
2013-01-24 13:00:00,,-17.204
2013-01-24 14:00:00,,-17.199
2013-01-24 15:00:00,,-17.195
2013-01-24 16:00:00,,-17.185
2013-01-24 17:00:00,,-17.181
2013-01-24 18:00:00,,-17.182
2013-01-24 19:00:00,,-17.183
2013-01-24 20:00:00,,-17.191
2013-01-24 21:00:00,,-17.194
2013-01-24 22:00:00,,-17.199
2013-01-24 23:00:00,,-17.199
2013-01-25 00:00:00,,-17.202
2013-01-25 01:00:00,,-17.194
2013-01-25 02:00:00,,-17.192
2013-01-25 03:00:00,,-17.191
2013-01-25 04:00:00,,-17.189
2013-01-25 05:00:00,,-17.192
2013-01-25 06:00:00,,-17.196
2013-01-25 07:00:00,,-17.207
2013-01-25 08:00:00,,-17.213
2013-01-25 09:00:00,,-17.215
2013-01-25 10:00:00,,-17.216
2013-01-25 11:00:00,,-17.217
2013-01-25 12:00:00,,-17.216
2013-01-25 13:00:00,,-17.212
2013-01-25 14:00:00,,-17.203
2013-01-25 15:00:00,,-17.204
2013-01-25 16:00:00,,-17.197
2013-01-25 17:00:00,,-17.194
2013-01-25 18:00:00,,-17.202
2013-01-25 19:00:00,,-17.204
2013-01-25 20:00:00,,-17.21
2013-01-25 21:00:00,,-17.216
2013-01-25 22:00:00,,-17.22
2013-01-25 23:00:00,,-17.227
2013-01-26 00:00:00,,-17.224
2013-01-26 01:00:00,,-17.225
2013-01-26 02:00:00,,-17.222
2013-01-26 03:00:00,,-17.221
2013-01-26 04:00:00,,-17.219
2013-01-26 05:00:00,,-17.22
2013-01-26 06:00:00,,-17.228
2013-01-26 07:00:00,,-17.229
2013-01-26 08:00:00,,-17.235
2013-01-26 09:00:00,,-17.241
2013-01-26 10:00:00,,-17.239
2013-01-26 11:00:00,,-17.237
2013-01-26 12:00:00,,-17.236
2013-01-26 13:00:00,,-17.228
2013-01-26 14:00:00,,-17.226
2013-01-26 15:00:00,,-17.222
2013-01-26 16:00:00,,-17.216
2013-01-26 17:00:00,,-17.211
2013-01-26 18:00:00,,-17.213
2013-01-26 19:00:00,,-17.218
2013-01-26 20:00:00,,-17.222
2013-01-26 21:00:00,,-17.228
2013-01-26 22:00:00,,-17.239
2013-01-26 23:00:00,,-17.239
2013-01-27 00:00:00,,-17.242
2013-01-27 01:00:00,,-17.235
2013-01-27 02:00:00,,-17.236
2013-01-27 03:00:00,,-17.229
2013-01-27 04:00:00,,-17.229
2013-01-27 05:00:00,,-17.227
2013-01-27 06:00:00,,-17.235
2013-01-27 07:00:00,,-17.242
2013-01-27 08:00:00,,-17.244
2013-01-27 09:00:00,,-17.247
2013-01-27 10:00:00,,-17.25
2013-01-27 11:00:00,,-17.249
2013-01-27 12:00:00,,-17.247
2013-01-27 13:00:00,,-17.237
2013-01-27 14:00:00,,-17.234
2013-01-27 15:00:00,,-17.225
2013-01-27 16:00:00,,-17.216
2013-01-27 17:00:00,,-17.211
2013-01-27 18:00:00,,-17.208
2013-01-27 19:00:00,,-17.208
2013-01-27 20:00:00,,-17.214
2013-01-27 21:00:00,,-17.221
2013-01-27 22:00:00,,-17.227
2013-01-27 23:00:00,,-17.232
2013-01-28 00:00:00,,-17.237
2013-01-28 01:00:00,,-17.234
2013-01-28 02:00:00,,-17.237
2013-01-28 03:00:00,,-17.233
2013-01-28 04:00:00,,-17.233
2013-01-28 05:00:00,,-17.233
2013-01-28 06:00:00,,-17.237
2013-01-28 07:00:00,,-17.241
2013-01-28 08:00:00,,-17.248
2013-01-28 09:00:00,,-17.248
2013-01-28 10:00:00,,-17.25
2013-01-28 11:00:00,,-17.249
2013-01-28 12:00:00,,-17.247
2013-01-28 13:00:00,,-17.241
2013-01-28 14:00:00,,-17.236
2013-01-28 15:00:00,,-17.233
2013-01-28 16:00:00,,-17.222
2013-01-28 17:00:00,,-17.217
2013-01-28 18:00:00,,-17.216
2013-01-28 19:00:00,,-17.219
2013-01-28 20:00:00,,-17.227
2013-01-28 21:00:00,,-17.235
2013-01-28 22:00:00,,-17.239
2013-01-28 23:00:00,,-17.245
2013-01-29 00:00:00,,-17.248
2013-01-29 01:00:00,,-17.247
2013-01-29 02:00:00,,-17.248
2013-01-29 03:00:00,,-17.247
2013-01-29 04:00:00,,-17.253
2013-01-29 05:00:00,,-17.249
2013-01-29 06:00:00,,-17.25
2013-01-29 07:00:00,,-17.256
2013-01-29 08:00:00,,-17.26
2013-01-29 09:00:00,,-17.263
2013-01-29 10:00:00,,-17.267
2013-01-29 11:00:00,,-17.272
2013-01-29 12:00:00,,-17.265
2013-01-29 13:00:00,,-17.265
2013-01-29 14:00:00,,-17.254
2013-01-29 15:00:00,,-17.25
2013-01-29 16:00:00,,-17.244
2013-01-29 17:00:00,,-17.238
2013-01-29 18:00:00,,-17.237
2013-01-29 19:00:00,,-17.242
2013-01-29 20:00:00,,-17.242
2013-01-29 21:00:00,,-17.249
2013-01-29 22:00:00,,-17.252
2013-01-29 23:00:00,,-17.261
2013-01-30 00:00:00,,-17.262
2013-01-30 01:00:00,,-17.262
2013-01-30 02:00:00,,-17.26
2013-01-30 03:00:00,,-17.264
2013-01-30 04:00:00,,-17.261
2013-01-30 05:00:00,,-17.262
2013-01-30 06:00:00,,-17.264
2013-01-30 07:00:00,,-17.265
2013-01-30 08:00:00,,-17.272
2013-01-30 09:00:00,,-17.274
2013-01-30 10:00:00,,-17.278
2013-01-30 11:00:00,,-17.274
2013-01-30 12:00:00,,-17.269
2013-01-30 13:00:00,,-17.266
2013-01-30 14:00:00,,-17.258
2013-01-30 15:00:00,,-17.251
2013-01-30 16:00:00,,-17.248
2013-01-30 17:00:00,,-17.246
2013-01-30 18:00:00,,-17.24
2013-01-30 19:00:00,,-17.24
2013-01-30 20:00:00,,-17.243
2013-01-30 21:00:00,,-17.25
2013-01-30 22:00:00,,-17.254
2013-01-30 23:00:00,,-17.257
2013-01-31 00:00:00,,-17.263
2013-01-31 01:00:00,,-17.263
2013-01-31 02:00:00,,-17.264
2013-01-31 03:00:00,,-17.264
2013-01-31 04:00:00,,-17.266
2013-01-31 05:00:00,,-17.264
2013-01-31 06:00:00,,-17.266
2013-01-31 07:00:00,,-17.269
2013-01-31 08:00:00,,-17.27
2013-01-31 09:00:00,,-17.27
2013-01-31 10:00:00,,-17.273
2013-01-31 11:00:00,,-17.272
2013-01-31 12:00:00,,-17.271
2013-01-31 13:00:00,,-17.262
2013-01-31 14:00:00,,-17.259
2013-01-31 15:00:00,,-17.254
2013-01-31 16:00:00,,-17.248
2013-01-31 17:00:00,,-17.245
2013-01-31 18:00:00,,-17.244
2013-01-31 19:00:00,,-17.244
2013-01-31 20:00:00,,-17.245
2013-01-31 21:00:00,,-17.249
2013-01-31 22:00:00,,-17.253
2013-01-31 23:00:00,,-17.256
2013-02-01 00:00:00,,-17.26
2013-02-01 01:00:00,,-17.261
2013-02-01 02:00:00,,-17.26
2013-02-01 03:00:00,,-17.261
2013-02-01 04:00:00,,-17.258
2013-02-01 05:00:00,,-17.262
2013-02-01 06:00:00,,-17.268
2013-02-01 07:00:00,,-17.27
2013-02-01 08:00:00,,-17.276
2013-02-01 09:00:00,,-17.276
2013-02-01 10:00:00,,-17.281
2013-02-01 11:00:00,,-17.277
2013-02-01 12:00:00,,-17.272
2013-02-01 13:00:00,,-17.269
2013-02-01 14:00:00,,-17.267
2013-02-01 15:00:00,,-17.258
2013-02-01 16:00:00,,-17.258
2013-02-01 17:00:00,,-17.251
2013-02-01 18:00:00,,-17.253
2013-02-01 19:00:00,,-17.253
2013-02-01 20:00:00,,-17.257
2013-02-01 21:00:00,,-17.258
2013-02-01 22:00:00,,-17.261
2013-02-01 23:00:00,,-17.267
2013-02-02 00:00:00,,-17.268
2013-02-02 01:00:00,,-17.277
2013-02-02 02:00:00,,-17.275
2013-02-02 03:00:00,,-17.278
2013-02-02 04:00:00,,-17.274
2013-02-02 05:00:00,,-17.277
2013-02-02 06:00:00,,-17.278
2013-02-02 07:00:00,,-17.281
2013-02-02 08:00:00,,-17.286
2013-02-02 09:00:00,,-17.285
2013-02-02 10:00:00,,-17.284
2013-02-02 11:00:00,,-17.28
2013-02-02 12:00:00,,-17.275
2013-02-02 13:00:00,,-17.271
2013-02-02 14:00:00,,-17.265
2013-02-02 15:00:00,,-17.261
2013-02-02 16:00:00,,-17.256
2013-02-02 17:00:00,,-17.251
2013-02-02 18:00:00,,-17.251
2013-02-02 19:00:00,,-17.249
2013-02-02 20:00:00,,-17.25
2013-02-02 21:00:00,,-17.256
2013-02-02 22:00:00,,-17.261
2013-02-02 23:00:00,,-17.266
2013-02-03 00:00:00,,-17.267
2013-02-03 01:00:00,,-17.264
2013-02-03 02:00:00,,-17.264
2013-02-03 03:00:00,,-17.266
2013-02-03 04:00:00,,-17.268
2013-02-03 05:00:00,,-17.269
2013-02-03 06:00:00,,-17.271
2013-02-03 07:00:00,,-17.274
2013-02-03 08:00:00,,-17.281
2013-02-03 09:00:00,,-17.282
2013-02-03 10:00:00,,-17.283
2013-02-03 11:00:00,,-17.277
2013-02-03 12:00:00,,-17.27
2013-02-03 13:00:00,,-17.265
2013-02-03 14:00:00,,-17.263
2013-02-03 15:00:00,,-17.257
2013-02-03 16:00:00,,-17.248
2013-02-03 17:00:00,,-17.245
2013-02-03 18:00:00,,-17.247
2013-02-03 19:00:00,,-17.253
2013-02-03 20:00:00,,-17.252
2013-02-03 21:00:00,,-17.257
2013-02-03 22:00:00,,-17.261
2013-02-03 23:00:00,,-17.264
2013-02-04 00:00:00,,-17.264
2013-02-04 01:00:00,,-17.264
2013-02-04 02:00:00,,-17.266
2013-02-04 03:00:00,,-17.267
2013-02-04 04:00:00,,-17.271
2013-02-04 05:00:00,,-17.272
2013-02-04 06:00:00,,-17.277
2013-02-04 07:00:00,,-17.281
2013-02-04 08:00:00,,-17.288
2013-02-04 09:00:00,,-17.287
2013-02-04 10:00:00,,-17.284
2013-02-04 11:00:00,,-17.282
2013-02-04 12:00:00,,-17.275
2013-02-04 13:00:00,,-17.27
2013-02-04 14:00:00,,-17.266
2013-02-04 15:00:00,,-17.263
2013-02-04 16:00:00,,-17.254
2013-02-04 17:00:00,,-17.252
2013-02-04 18:00:00,,-17.251
2013-02-04 19:00:00,,-17.256
2013-02-04 20:00:00,,-17.258
2013-02-04 21:00:00,,-17.262
2013-02-04 22:00:00,,-17.268
2013-02-04 23:00:00,,-17.271
2013-02-05 00:00:00,,-17.272
2013-02-05 01:00:00,,-17.267
2013-02-05 02:00:00,,-17.266
2013-02-05 03:00:00,,-17.265
2013-02-05 04:00:00,,-17.265
2013-02-05 05:00:00,,-17.269
2013-02-05 06:00:00,,-17.273
2013-02-05 07:00:00,,-17.276
2013-02-05 08:00:00,,-17.281
2013-02-05 09:00:00,,-17.281
2013-02-05 10:00:00,,-17.28
2013-02-05 11:00:00,,-17.275
2013-02-05 12:00:00,,-17.27
2013-02-05 13:00:00,,-17.26
2013-02-05 14:00:00,,-17.256
2013-02-05 15:00:00,,-17.25
2013-02-05 16:00:00,,-17.244
2013-02-05 17:00:00,,-17.242
2013-02-05 18:00:00,,-17.243
2013-02-05 19:00:00,,-17.243
2013-02-05 20:00:00,,-17.246
2013-02-05 21:00:00,,-17.249
2013-02-05 22:00:00,,-17.25
2013-02-05 23:00:00,,-17.253
2013-02-06 00:00:00,,-17.249
2013-02-06 01:00:00,,-17.248
2013-02-06 02:00:00,,-17.243
2013-02-06 03:00:00,,-17.239
2013-02-06 04:00:00,,-17.239
2013-02-06 05:00:00,,-17.244
2013-02-06 06:00:00,,-17.248
2013-02-06 07:00:00,,-17.254
2013-02-06 08:00:00,,-17.258
2013-02-06 09:00:00,,-17.257
2013-02-06 10:00:00,,-17.257
2013-02-06 11:00:00,,-17.25
2013-02-06 12:00:00,,-17.247
2013-02-06 13:00:00,,-17.236
2013-02-06 14:00:00,,-17.228
2013-02-06 15:00:00,,-17.222
2013-02-06 16:00:00,,-17.216
2013-02-06 17:00:00,,-17.21
2013-02-06 18:00:00,,-17.214
2013-02-06 19:00:00,,-17.215
2013-02-06 20:00:00,,-17.222
2013-02-06 21:00:00,,-17.222
2013-02-06 22:00:00,,-17.222
2013-02-06 23:00:00,,-17.223
2013-02-07 00:00:00,,-17.225
2013-02-07 01:00:00,,-17.219
2013-02-07 02:00:00,,-17.214
2013-02-07 03:00:00,,-17.214
2013-02-07 04:00:00,,-17.212
2013-02-07 05:00:00,,-17.215
2013-02-07 06:00:00,,-17.219
2013-02-07 07:00:00,,-17.223
2013-02-07 08:00:00,,-17.23
2013-02-07 09:00:00,,-17.236
2013-02-07 10:00:00,,-17.238
2013-02-07 11:00:00,,-17.233
2013-02-07 12:00:00,,-17.228
2013-02-07 13:00:00,,-17.22
2013-02-07 14:00:00,,-17.214
2013-02-07 15:00:00,,-17.208
2013-02-07 16:00:00,,-17.197
2013-02-07 17:00:00,,-17.195
2013-02-07 18:00:00,,-17.2
2013-02-07 19:00:00,,-17.2
2013-02-07 20:00:00,,-17.205
2013-02-07 21:00:00,,-17.214
2013-02-07 22:00:00,,-17.218
2013-02-07 23:00:00,,-17.219
2013-02-08 00:00:00,,-17.223
2013-02-08 01:00:00,,-17.218
2013-02-08 02:00:00,,-17.22
2013-02-08 03:00:00,,-17.216
2013-02-08 04:00:00,,-17.217
2013-02-08 05:00:00,,-17.227
2013-02-08 06:00:00,,-17.231
2013-02-08 07:00:00,,-17.238
2013-02-08 08:00:00,,-17.247
2013-02-08 09:00:00,,-17.254
2013-02-08 10:00:00,,-17.252
2013-02-08 11:00:00,,-17.25
2013-02-08 12:00:00,,-17.246
2013-02-08 13:00:00,,-17.236
2013-02-08 14:00:00,,-17.229
2013-02-08 15:00:00,,-17.224
2013-02-08 16:00:00,,-17.217
2013-02-08 17:00:00,,-17.21
2013-02-08 18:00:00,,-17.22
2013-02-08 19:00:00,,-17.213
2013-02-08 20:00:00,,-17.235
2013-02-08 21:00:00,,-17.249
2013-02-08 22:00:00,,-17.251
2013-02-08 23:00:00,,-17.251
2013-02-09 00:00:00,,-17.251
2013-02-09 01:00:00,,-17.251
2013-02-09 02:00:00,,-17.25
2013-02-09 03:00:00,,-17.253
2013-02-09 04:00:00,,-17.248
2013-02-09 05:00:00,,-17.254
2013-02-09 06:00:00,,-17.253
2013-02-09 07:00:00,,-17.257
2013-02-09 08:00:00,,-17.263
2013-02-09 09:00:00,,-17.263
2013-02-09 10:00:00,,-17.263
2013-02-09 11:00:00,,-17.26
2013-02-09 12:00:00,,-17.259
2013-02-09 13:00:00,,-17.255
2013-02-09 14:00:00,,-17.249
2013-02-09 15:00:00,,-17.238
2013-02-09 16:00:00,,-17.235
2013-02-09 17:00:00,,-17.231
2013-02-09 18:00:00,,-17.232
2013-02-09 19:00:00,,-17.243
2013-02-09 20:00:00,,-17.253
2013-02-09 21:00:00,,-17.257
2013-02-09 22:00:00,,-17.261
2013-02-09 23:00:00,,-17.259
2013-02-10 00:00:00,,-17.255
2013-02-10 01:00:00,,-17.249
2013-02-10 02:00:00,,-17.243
2013-02-10 03:00:00,,-17.237
2013-02-10 04:00:00,,-17.234
2013-02-10 05:00:00,,-17.231
2013-02-10 06:00:00,,-17.233
2013-02-10 07:00:00,,-17.238
2013-02-10 08:00:00,,-17.243
2013-02-10 09:00:00,,-17.249
2013-02-10 10:00:00,,-17.255
2013-02-10 11:00:00,,-17.257
2013-02-10 12:00:00,,-17.255
2013-02-10 13:00:00,,-17.254
2013-02-10 14:00:00,,-17.251
2013-02-10 15:00:00,,-17.245
2013-02-10 16:00:00,,-17.244
2013-02-10 17:00:00,,-17.241
2013-02-10 18:00:00,,-17.243
2013-02-10 19:00:00,,-17.24
2013-02-10 20:00:00,,-17.245
2013-02-10 21:00:00,,-17.251
2013-02-10 22:00:00,,-17.262
2013-02-10 23:00:00,,-17.265
2013-02-11 00:00:00,,-17.269
2013-02-11 01:00:00,,-17.259
2013-02-11 02:00:00,,-17.259
2013-02-11 03:00:00,,-17.257
2013-02-11 04:00:00,,-17.251
2013-02-11 05:00:00,,-17.245
2013-02-11 06:00:00,,-17.244
2013-02-11 07:00:00,,-17.249
2013-02-11 08:00:00,,-17.248
2013-02-11 09:00:00,,-17.261
2013-02-11 10:00:00,,-17.26
2013-02-11 11:00:00,,-17.262
2013-02-11 12:00:00,,-17.259
2013-02-11 13:00:00,,-17.254
2013-02-11 14:00:00,,-17.251
2013-02-11 15:00:00,,-17.245
2013-02-11 16:00:00,,-17.237
2013-02-11 17:00:00,,-17.233
2013-02-11 18:00:00,,-17.234
2013-02-11 19:00:00,,-17.235
2013-02-11 20:00:00,,-17.243
2013-02-11 21:00:00,,-17.247
2013-02-11 22:00:00,,-17.255
2013-02-11 23:00:00,,-17.258
2013-02-12 00:00:00,,-17.264
2013-02-12 01:00:00,,-17.263
2013-02-12 02:00:00,,-17.26
2013-02-12 03:00:00,,-17.254
2013-02-12 04:00:00,,-17.251
2013-02-12 05:00:00,,-17.248
2013-02-12 06:00:00,,-17.25
2013-02-12 07:00:00,,-17.255
2013-02-12 08:00:00,,-17.257
2013-02-12 09:00:00,,-17.258
2013-02-12 10:00:00,,-17.263
2013-02-12 11:00:00,,-17.261
2013-02-12 12:00:00,,-17.262
2013-02-12 13:00:00,,-17.252
2013-02-12 14:00:00,,-17.246
2013-02-12 15:00:00,,-17.245
2013-02-12 16:00:00,,-17.244
2013-02-12 17:00:00,,-17.235
2013-02-12 18:00:00,,-17.231
2013-02-12 19:00:00,,-17.233
2013-02-12 20:00:00,,-17.232
2013-02-12 21:00:00,,-17.237
2013-02-12 22:00:00,,-17.245
2013-02-12 23:00:00,,-17.249
2013-02-13 00:00:00,,-17.247
2013-02-13 01:00:00,,-17.246
2013-02-13 02:00:00,,-17.244
2013-02-13 03:00:00,,-17.241
2013-02-13 04:00:00,,-17.239
2013-02-13 05:00:00,,-17.242
2013-02-13 06:00:00,,-17.24
2013-02-13 07:00:00,,-17.244
2013-02-13 08:00:00,,-17.244
2013-02-13 09:00:00,,-17.25
2013-02-13 10:00:00,,-17.247
2013-02-13 11:00:00,,-17.251
2013-02-13 12:00:00,,-17.246
2013-02-13 13:00:00,,-17.241
2013-02-13 14:00:00,,-17.238
2013-02-13 15:00:00,,-17.231
2013-02-13 16:00:00,,-17.225
2013-02-13 17:00:00,,-17.215
2013-02-13 18:00:00,,-17.214
2013-02-13 19:00:00,,-17.216
2013-02-13 20:00:00,,-17.222
2013-02-13 21:00:00,,-17.222
2013-02-13 22:00:00,,-17.233
2013-02-13 23:00:00,,-17.24
2013-02-14 00:00:00,,-17.242
2013-02-14 01:00:00,,-17.242
2013-02-14 02:00:00,,-17.242
2013-02-14 03:00:00,,-17.241
2013-02-14 04:00:00,,-17.241
2013-02-14 05:00:00,,-17.238
2013-02-14 06:00:00,,-17.241
2013-02-14 07:00:00,,-17.242
2013-02-14 08:00:00,,-17.245
2013-02-14 09:00:00,,-17.248
2013-02-14 10:00:00,,-17.246
2013-02-14 11:00:00,,-17.245
2013-02-14 12:00:00,,-17.241
2013-02-14 13:00:00,,-17.238
2013-02-14 14:00:00,,-17.231
2013-02-14 15:00:00,,-17.223
2013-02-14 16:00:00,,-17.214
2013-02-14 17:00:00,,-17.213
2013-02-14 18:00:00,,-17.212
2013-02-14 19:00:00,,-17.214
2013-02-14 20:00:00,,-17.215
2013-02-14 21:00:00,,-17.219
2013-02-14 22:00:00,,-17.226
2013-02-14 23:00:00,,-17.229
2013-02-15 00:00:00,,-17.227
2013-02-15 01:00:00,,-17.229
2013-02-15 02:00:00,,-17.227
2013-02-15 03:00:00,,-17.229
2013-02-15 04:00:00,,-17.228
2013-02-15 05:00:00,,-17.224
2013-02-15 06:00:00,,-17.227
2013-02-15 07:00:00,,-17.226
2013-02-15 08:00:00,,-17.232
2013-02-15 09:00:00,,-17.235
2013-02-15 10:00:00,,-17.235
2013-02-15 11:00:00,,-17.236
2013-02-15 12:00:00,,-17.232
2013-02-15 13:00:00,,-17.224
2013-02-15 14:00:00,,-17.217
2013-02-15 15:00:00,,-17.209
2013-02-15 16:00:00,,-17.202
2013-02-15 17:00:00,,-17.201
2013-02-15 18:00:00,,-17.197
2013-02-15 19:00:00,,-17.198
2013-02-15 20:00:00,,-17.204
2013-02-15 21:00:00,,-17.209
2013-02-15 22:00:00,,-17.213
2013-02-15 23:00:00,,-17.218
2013-02-16 00:00:00,,-17.219
2013-02-16 01:00:00,,-17.218
2013-02-16 02:00:00,,-17.219
2013-02-16 03:00:00,,-17.221
2013-02-16 04:00:00,,-17.222
2013-02-16 05:00:00,,-17.223
2013-02-16 06:00:00,,-17.224
2013-02-16 07:00:00,,-17.23
2013-02-16 08:00:00,,-17.233
2013-02-16 09:00:00,,-17.234
2013-02-16 10:00:00,,-17.233
2013-02-16 11:00:00,,-17.235
2013-02-16 12:00:00,,-17.225
2013-02-16 13:00:00,,-17.221
2013-02-16 14:00:00,,-17.218
2013-02-16 15:00:00,,-17.212
2013-02-16 16:00:00,,-17.206
2013-02-16 17:00:00,,-17.202
2013-02-16 18:00:00,,-17.204
2013-02-16 19:00:00,,-17.203
2013-02-16 20:00:00,,-17.207
2013-02-16 21:00:00,,-17.215
2013-02-16 22:00:00,,-17.215
2013-02-16 23:00:00,,-17.217
2013-02-17 00:00:00,,-17.218
2013-02-17 01:00:00,,-17.218
2013-02-17 02:00:00,,-17.216
2013-02-17 03:00:00,,-17.216
2013-02-17 04:00:00,,-17.22
2013-02-17 05:00:00,,-17.221
2013-02-17 06:00:00,,-17.222
2013-02-17 07:00:00,,-17.225
2013-02-17 08:00:00,,-17.226
2013-02-17 09:00:00,,-17.229
2013-02-17 10:00:00,,-17.229
2013-02-17 11:00:00,,-17.228
2013-02-17 12:00:00,,-17.22
2013-02-17 13:00:00,,-17.213
2013-02-17 14:00:00,,-17.205
2013-02-17 15:00:00,,-17.202
2013-02-17 16:00:00,,-17.196
2013-02-17 17:00:00,,-17.19
2013-02-17 18:00:00,,-17.185
2013-02-17 19:00:00,,-17.188
2013-02-17 20:00:00,,-17.196
2013-02-17 21:00:00,,-17.196
2013-02-17 22:00:00,,-17.202
2013-02-17 23:00:00,,-17.206
2013-02-18 00:00:00,,-17.203
2013-02-18 01:00:00,,-17.205
2013-02-18 02:00:00,,-17.203
2013-02-18 03:00:00,,-17.204
2013-02-18 04:00:00,,-17.203
2013-02-18 05:00:00,,-17.207
2013-02-18 06:00:00,,-17.213
2013-02-18 07:00:00,,-17.213
2013-02-18 08:00:00,,-17.216
2013-02-18 09:00:00,,-17.217
2013-02-18 10:00:00,,-17.214
2013-02-18 11:00:00,,-17.212
2013-02-18 12:00:00,,-17.204
2013-02-18 13:00:00,,-17.195
2013-02-18 14:00:00,,-17.191
2013-02-18 15:00:00,,-17.185
2013-02-18 16:00:00,,-17.184
2013-02-18 17:00:00,,-17.187
2013-02-18 18:00:00,,-17.183
2013-02-18 19:00:00,,-17.185
2013-02-18 20:00:00,,-17.193
2013-02-18 21:00:00,,-17.196
2013-02-18 22:00:00,,-17.202
2013-02-18 23:00:00,,-17.209
2013-02-19 00:00:00,,-17.211
2013-02-19 01:00:00,,-17.217
2013-02-19 02:00:00,,-17.213
2013-02-19 03:00:00,,-17.215
2013-02-19 04:00:00,,-17.219
2013-02-19 05:00:00,,-17.226
2013-02-19 06:00:00,,-17.225
2013-02-19 07:00:00,,-17.23
2013-02-19 08:00:00,,-17.237
2013-02-19 09:00:00,,-17.24
2013-02-19 10:00:00,,-17.243
2013-02-19 11:00:00,,-17.241
2013-02-19 12:00:00,,-17.233
2013-02-19 13:00:00,,-17.227
2013-02-19 14:00:00,,-17.221
2013-02-19 15:00:00,,-17.216
2013-02-19 16:00:00,,-17.211
2013-02-19 17:00:00,,-17.213
2013-02-19 18:00:00,,-17.211
2013-02-19 19:00:00,,-17.22
2013-02-19 20:00:00,,-17.225
2013-02-19 21:00:00,,-17.229
2013-02-19 22:00:00,,-17.236
2013-02-19 23:00:00,,-17.24
2013-02-20 00:00:00,,-17.242
2013-02-20 01:00:00,,-17.245
2013-02-20 02:00:00,,-17.243
2013-02-20 03:00:00,,-17.244
2013-02-20 04:00:00,,-17.239
2013-02-20 05:00:00,,-17.244
2013-02-20 06:00:00,,-17.245
2013-02-20 07:00:00,,-17.248
2013-02-20 08:00:00,,-17.253
2013-02-20 09:00:00,,-17.253
2013-02-20 10:00:00,,-17.256
2013-02-20 11:00:00,,-17.252
2013-02-20 12:00:00,,-17.244
2013-02-20 13:00:00,,-17.241
2013-02-20 14:00:00,,-17.235
2013-02-20 15:00:00,,-17.226
2013-02-20 16:00:00,,-17.221
2013-02-20 17:00:00,,-17.221
2013-02-20 18:00:00,,-17.224
2013-02-20 19:00:00,,-17.227
2013-02-20 20:00:00,,-17.232
2013-02-20 21:00:00,,-17.239
2013-02-20 22:00:00,,-17.244
2013-02-20 23:00:00,,-17.248
2013-02-21 00:00:00,,-17.248
2013-02-21 01:00:00,,-17.247
2013-02-21 02:00:00,,-17.243
2013-02-21 03:00:00,,-17.239
2013-02-21 04:00:00,,-17.239
2013-02-21 05:00:00,,-17.245
2013-02-21 06:00:00,,-17.245
2013-02-21 07:00:00,,-17.248
2013-02-21 08:00:00,,-17.254
2013-02-21 09:00:00,,-17.256
2013-02-21 10:00:00,,-17.253
2013-02-21 11:00:00,,-17.249
2013-02-21 12:00:00,,-17.244
2013-02-21 13:00:00,,-17.234
2013-02-21 14:00:00,,-17.23
2013-02-21 15:00:00,,-17.22
2013-02-21 16:00:00,,-17.215
2013-02-21 17:00:00,,-17.213
2013-02-21 18:00:00,,-17.215
2013-02-21 19:00:00,,-17.22
2013-02-21 20:00:00,,-17.222
2013-02-21 21:00:00,,-17.229
2013-02-21 22:00:00,,-17.23
2013-02-21 23:00:00,,-17.234
2013-02-22 00:00:00,,-17.233
2013-02-22 01:00:00,,-17.23
2013-02-22 02:00:00,,-17.226
2013-02-22 03:00:00,,-17.225
2013-02-22 04:00:00,,-17.229
2013-02-22 05:00:00,,-17.228
2013-02-22 06:00:00,,-17.231
2013-02-22 07:00:00,,-17.237
2013-02-22 08:00:00,,-17.242
2013-02-22 09:00:00,,-17.248
2013-02-22 10:00:00,,-17.25
2013-02-22 11:00:00,,-17.248
2013-02-22 12:00:00,,-17.24
2013-02-22 13:00:00,,-17.239
2013-02-22 14:00:00,,-17.229
2013-02-22 15:00:00,,-17.218
2013-02-22 16:00:00,,-17.214
2013-02-22 17:00:00,,-17.211
2013-02-22 18:00:00,,-17.205
2013-02-22 19:00:00,,-17.208
2013-02-22 20:00:00,,-17.215
2013-02-22 21:00:00,,-17.215
2013-02-22 22:00:00,,-17.222
2013-02-22 23:00:00,,-17.222
2013-02-23 00:00:00,,-17.221
2013-02-23 01:00:00,,-17.218
2013-02-23 02:00:00,,-17.215
2013-02-23 03:00:00,,-17.211
2013-02-23 04:00:00,,-17.208
2013-02-23 05:00:00,,-17.208
2013-02-23 06:00:00,,-17.212
2013-02-23 07:00:00,,-17.219
2013-02-23 08:00:00,,-17.225
2013-02-23 09:00:00,,-17.23
2013-02-23 10:00:00,,-17.231
2013-02-23 11:00:00,,-17.226
2013-02-23 12:00:00,,-17.226
2013-02-23 13:00:00,,-17.212
2013-02-23 14:00:00,,-17.202
2013-02-23 15:00:00,,-17.198
2013-02-23 16:00:00,,-17.192
2013-02-23 17:00:00,,-17.185
2013-02-23 18:00:00,,-17.183
2013-02-23 19:00:00,,-17.187
2013-02-23 20:00:00,,-17.187
2013-02-23 21:00:00,,-17.195
2013-02-23 22:00:00,,-17.197
2013-02-23 23:00:00,,-17.201
2013-02-24 00:00:00,,-17.197
2013-02-24 01:00:00,,-17.205
2013-02-24 02:00:00,,-17.2
2013-02-24 03:00:00,,-17.196
2013-02-24 04:00:00,,-17.195
2013-02-24 05:00:00,,-17.193
2013-02-24 06:00:00,,-17.202
2013-02-24 07:00:00,,-17.21
2013-02-24 08:00:00,,-17.212
2013-02-24 09:00:00,,-17.217
2013-02-24 10:00:00,,-17.217
2013-02-24 11:00:00,,-17.22
2013-02-24 12:00:00,,-17.212
2013-02-24 13:00:00,,-17.205
2013-02-24 14:00:00,,-17.195
2013-02-24 15:00:00,,-17.185
2013-02-24 16:00:00,,-17.18
2013-02-24 17:00:00,,-17.176
2013-02-24 18:00:00,,-17.18
2013-02-24 19:00:00,,-17.182
2013-02-24 20:00:00,,-17.192
2013-02-24 21:00:00,,-17.198
2013-02-24 22:00:00,,-17.203
2013-02-24 23:00:00,,-17.216
2013-02-25 00:00:00,,-17.213
2013-02-25 01:00:00,,-17.212
2013-02-25 02:00:00,,-17.215
2013-02-25 03:00:00,,-17.207
2013-02-25 04:00:00,,-17.205
2013-02-25 05:00:00,,-17.21
2013-02-25 06:00:00,,-17.216
2013-02-25 07:00:00,,-17.219
2013-02-25 08:00:00,,-17.222
2013-02-25 09:00:00,,-17.224
2013-02-25 10:00:00,,-17.229
2013-02-25 11:00:00,,-17.235
2013-02-25 12:00:00,,-17.225
2013-02-25 13:00:00,,-17.217
2013-02-25 14:00:00,,-17.212
2013-02-25 15:00:00,,-17.206
2013-02-25 16:00:00,,-17.198
2013-02-25 17:00:00,,-17.194
2013-02-25 18:00:00,,-17.193
2013-02-25 19:00:00,,-17.198
2013-02-25 20:00:00,,-17.205
2013-02-25 21:00:00,,-17.212
2013-02-25 22:00:00,,-17.216
2013-02-25 23:00:00,,-17.216
2013-02-26 00:00:00,,-17.218
2013-02-26 01:00:00,,-17.218
2013-02-26 02:00:00,,-17.212
2013-02-26 03:00:00,,-17.211
2013-02-26 04:00:00,,-17.209
2013-02-26 05:00:00,,-17.211
2013-02-26 06:00:00,,-17.209
2013-02-26 07:00:00,,-17.214
2013-02-26 08:00:00,,-17.218
2013-02-26 09:00:00,,-17.225
2013-02-26 10:00:00,,-17.222
2013-02-26 11:00:00,,-17.224
2013-02-26 12:00:00,,-17.221
2013-02-26 13:00:00,,-17.22
2013-02-26 14:00:00,,-17.206
2013-02-26 15:00:00,,-17.201
2013-02-26 16:00:00,,-17.194
2013-02-26 17:00:00,,-17.188
2013-02-26 18:00:00,,-17.186
2013-02-26 19:00:00,,-17.19
2013-02-26 20:00:00,,-17.189
2013-02-26 21:00:00,,-17.206
2013-02-26 22:00:00,,-17.211
2013-02-26 23:00:00,,-17.216
2013-02-27 00:00:00,,-17.218
2013-02-27 01:00:00,,-17.212
2013-02-27 02:00:00,,-17.211
2013-02-27 03:00:00,,-17.207
2013-02-27 04:00:00,,-17.206
2013-02-27 05:00:00,,-17.204
2013-02-27 06:00:00,,-17.2
2013-02-27 07:00:00,,-17.206
2013-02-27 08:00:00,,-17.214
2013-02-27 09:00:00,,-17.219
2013-02-27 10:00:00,,-17.222
2013-02-27 11:00:00,,-17.223
2013-02-27 12:00:00,,-17.223
2013-02-27 13:00:00,,-17.215
2013-02-27 14:00:00,,-17.208
2013-02-27 15:00:00,,-17.202
2013-02-27 16:00:00,,-17.197
2013-02-27 17:00:00,,-17.193
2013-02-27 18:00:00,,-17.193
2013-02-27 19:00:00,,-17.193
2013-02-27 20:00:00,,-17.207
2013-02-27 21:00:00,,-17.215
2013-02-27 22:00:00,,-17.218
2013-02-27 23:00:00,,-17.226
2013-02-28 00:00:00,,-17.224
2013-02-28 01:00:00,,-17.225
2013-02-28 02:00:00,,-17.22
2013-02-28 03:00:00,,-17.219
2013-02-28 04:00:00,,-17.216
2013-02-28 05:00:00,,-17.215
2013-02-28 06:00:00,,-17.221
2013-02-28 07:00:00,,-17.227
2013-02-28 08:00:00,,-17.232
2013-02-28 09:00:00,,-17.24
2013-02-28 10:00:00,,-17.246
2013-02-28 11:00:00,,-17.24
2013-02-28 12:00:00,,-17.234
2013-02-28 13:00:00,,-17.228
2013-02-28 14:00:00,,-17.225
2013-02-28 15:00:00,,-17.223
2013-02-28 16:00:00,,-17.214
2013-02-28 17:00:00,,-17.21
2013-02-28 18:00:00,,-17.21
2013-02-28 19:00:00,,-17.215
2013-02-28 20:00:00,,-17.219
2013-02-28 21:00:00,,-17.225
2013-02-28 22:00:00,,-17.229
2013-02-28 23:00:00,,-17.235
2013-03-01 00:00:00,,-17.238
2013-03-01 01:00:00,,-17.237
2013-03-01 02:00:00,,-17.237
2013-03-01 03:00:00,,-17.233
2013-03-01 04:00:00,,-17.23
2013-03-01 05:00:00,,-17.23
2013-03-01 06:00:00,,-17.23
2013-03-01 07:00:00,,-17.238
2013-03-01 08:00:00,,-17.238
2013-03-01 09:00:00,,-17.241
2013-03-01 10:00:00,,-17.244
2013-03-01 11:00:00,,-17.244
2013-03-01 12:00:00,,-17.241
2013-03-01 13:00:00,,-17.236
2013-03-01 14:00:00,,-17.231
2013-03-01 15:00:00,,-17.225
2013-03-01 16:00:00,,-17.219
2013-03-01 17:00:00,,-17.222
2013-03-01 18:00:00,,-17.218
2013-03-01 19:00:00,,-17.215
2013-03-01 20:00:00,,-17.218
2013-03-01 21:00:00,,-17.222
2013-03-01 22:00:00,,-17.227
2013-03-01 23:00:00,,-17.232
2013-03-02 00:00:00,,-17.232
2013-03-02 01:00:00,,-17.232
2013-03-02 02:00:00,,-17.233
2013-03-02 03:00:00,,-17.231
2013-03-02 04:00:00,,-17.227
2013-03-02 05:00:00,,-17.226
2013-03-02 06:00:00,,-17.23
2013-03-02 07:00:00,,-17.23
2013-03-02 08:00:00,,-17.235
2013-03-02 09:00:00,,-17.236
2013-03-02 10:00:00,,-17.239
2013-03-02 11:00:00,,-17.241
2013-03-02 12:00:00,,-17.234
2013-03-02 13:00:00,,-17.228
2013-03-02 14:00:00,,-17.219
2013-03-02 15:00:00,,-17.211
2013-03-02 16:00:00,,-17.201
2013-03-02 17:00:00,,-17.201
2013-03-02 18:00:00,,-17.195
2013-03-02 19:00:00,,-17.196
2013-03-02 20:00:00,,-17.198
2013-03-02 21:00:00,,-17.201
2013-03-02 22:00:00,,-17.203
2013-03-02 23:00:00,,-17.207
2013-03-03 00:00:00,,-17.208
2013-03-03 01:00:00,,-17.211
2013-03-03 02:00:00,,-17.211
2013-03-03 03:00:00,,-17.207
2013-03-03 04:00:00,,-17.205
2013-03-03 05:00:00,,-17.204
2013-03-03 06:00:00,,-17.209
2013-03-03 07:00:00,,-17.208
2013-03-03 08:00:00,,-17.21
2013-03-03 09:00:00,,-17.21
2013-03-03 10:00:00,,-17.207
2013-03-03 11:00:00,,-17.203
2013-03-03 12:00:00,,-17.2
2013-03-03 13:00:00,,-17.2
2013-03-03 14:00:00,,-17.19
2013-03-03 15:00:00,,-17.18
2013-03-03 16:00:00,,-17.179
2013-03-03 17:00:00,,-17.173
2013-03-03 18:00:00,,-17.171
2013-03-03 19:00:00,,-17.172
2013-03-03 20:00:00,,-17.176
2013-03-03 21:00:00,,-17.178
2013-03-03 22:00:00,,-17.186
2013-03-03 23:00:00,,-17.185
2013-03-04 00:00:00,,-17.19
2013-03-04 01:00:00,,-17.193
2013-03-04 02:00:00,,-17.191
2013-03-04 03:00:00,,-17.191
2013-03-04 04:00:00,,-17.192
2013-03-04 05:00:00,,-17.194
2013-03-04 06:00:00,,-17.195
2013-03-04 07:00:00,,-17.198
2013-03-04 08:00:00,,-17.202
2013-03-04 09:00:00,,-17.203
2013-03-04 10:00:00,,-17.201
2013-03-04 11:00:00,,-17.199
2013-03-04 12:00:00,,-17.192
2013-03-04 13:00:00,,-17.19
2013-03-04 14:00:00,,-17.185
2013-03-04 15:00:00,,-17.178
2013-03-04 16:00:00,,-17.178
2013-03-04 17:00:00,,-17.174
2013-03-04 18:00:00,,-17.176
2013-03-04 19:00:00,,-17.179
2013-03-04 20:00:00,,-17.182
2013-03-04 21:00:00,,-17.187
2013-03-04 22:00:00,,-17.193
2013-03-04 23:00:00,,-17.195
2013-03-05 00:00:00,,-17.199
2013-03-05 01:00:00,,-17.195
2013-03-05 02:00:00,,-17.196
2013-03-05 03:00:00,,-17.193
2013-03-05 04:00:00,,-17.193
2013-03-05 05:00:00,,-17.196
2013-03-05 06:00:00,,-17.202
2013-03-05 07:00:00,,-17.208
2013-03-05 08:00:00,,-17.21
2013-03-05 09:00:00,,-17.209
2013-03-05 10:00:00,,-17.208
2013-03-05 11:00:00,,-17.207
2013-03-05 12:00:00,,-17.201
2013-03-05 13:00:00,,-17.197
2013-03-05 14:00:00,,-17.196
2013-03-05 15:00:00,,-17.191
2013-03-05 16:00:00,,-17.182
2013-03-05 17:00:00,,-17.184
2013-03-05 18:00:00,,-17.186
2013-03-05 19:00:00,,-17.19
2013-03-05 20:00:00,,-17.195
2013-03-05 21:00:00,,-17.199
2013-03-05 22:00:00,,-17.204
2013-03-05 23:00:00,,-17.206
2013-03-06 00:00:00,,-17.204
2013-03-06 01:00:00,,-17.202
2013-03-06 02:00:00,,-17.2
2013-03-06 03:00:00,,-17.204
2013-03-06 04:00:00,,-17.206
2013-03-06 05:00:00,,-17.209
2013-03-06 06:00:00,,-17.21
2013-03-06 07:00:00,,-17.213
2013-03-06 08:00:00,,-17.215
2013-03-06 09:00:00,,-17.22
2013-03-06 10:00:00,,-17.217
2013-03-06 11:00:00,,-17.211
2013-03-06 12:00:00,,-17.205
2013-03-06 13:00:00,,-17.2
2013-03-06 14:00:00,,-17.191
2013-03-06 15:00:00,,-17.186
2013-03-06 16:00:00,,-17.182
2013-03-06 17:00:00,,-17.182
2013-03-06 18:00:00,,-17.181
2013-03-06 19:00:00,,-17.186
2013-03-06 20:00:00,,-17.191
2013-03-06 21:00:00,,-17.197
2013-03-06 22:00:00,,-17.203
2013-03-06 23:00:00,,-17.205
2013-03-07 00:00:00,,-17.204
2013-03-07 01:00:00,,-17.205
2013-03-07 02:00:00,,-17.204
2013-03-07 03:00:00,,-17.207
2013-03-07 04:00:00,,-17.206
2013-03-07 05:00:00,,-17.204
2013-03-07 06:00:00,,-17.211
2013-03-07 07:00:00,,-17.214
2013-03-07 08:00:00,,-17.22
2013-03-07 09:00:00,,-17.219
2013-03-07 10:00:00,,-17.217
2013-03-07 11:00:00,,-17.21
2013-03-07 12:00:00,,-17.206
2013-03-07 13:00:00,,-17.203
2013-03-07 14:00:00,,-17.188
2013-03-07 15:00:00,,-17.185
2013-03-07 16:00:00,,-17.18
2013-03-07 17:00:00,,-17.181
2013-03-07 18:00:00,,-17.18
2013-03-07 19:00:00,,-17.186
2013-03-07 20:00:00,,-17.194
2013-03-07 21:00:00,,-17.199
2013-03-07 22:00:00,,-17.203
2013-03-07 23:00:00,,-17.204
2013-03-08 00:00:00,,-17.206
2013-03-08 01:00:00,,-17.206
2013-03-08 02:00:00,,-17.203
2013-03-08 03:00:00,,-17.2
2013-03-08 04:00:00,,-17.2
2013-03-08 05:00:00,,-17.205
2013-03-08 06:00:00,,-17.209
2013-03-08 07:00:00,,-17.212
2013-03-08 08:00:00,,-17.219
2013-03-08 09:00:00,,-17.221
2013-03-08 10:00:00,,-17.22
2013-03-08 11:00:00,,-17.223
2013-03-08 12:00:00,,-17.214
2013-03-08 13:00:00,,-17.206
2013-03-08 14:00:00,,-17.197
2013-03-08 15:00:00,,-17.192
2013-03-08 16:00:00,,-17.186
2013-03-08 17:00:00,,-17.183
2013-03-08 18:00:00,,-17.186
2013-03-08 19:00:00,,-17.188
2013-03-08 20:00:00,,-17.19
2013-03-08 21:00:00,,-17.196
2013-03-08 22:00:00,,-17.204
2013-03-08 23:00:00,,-17.204
2013-03-09 00:00:00,,-17.206
2013-03-09 01:00:00,,-17.203
2013-03-09 02:00:00,,-17.201
2013-03-09 03:00:00,,-17.202
2013-03-09 04:00:00,,-17.202
2013-03-09 05:00:00,,-17.202
2013-03-09 06:00:00,,-17.209
2013-03-09 07:00:00,,-17.215
2013-03-09 08:00:00,,-17.223
2013-03-09 09:00:00,,-17.226
2013-03-09 10:00:00,,-17.229
2013-03-09 11:00:00,,-17.227
2013-03-09 12:00:00,,-17.222
2013-03-09 13:00:00,,-17.213
2013-03-09 14:00:00,,-17.202
2013-03-09 15:00:00,,-17.195
2013-03-09 16:00:00,,-17.189
2013-03-09 17:00:00,,-17.202
2013-03-09 18:00:00,,-17.196
2013-03-09 19:00:00,,-17.2
2013-03-09 20:00:00,,-17.213
2013-03-09 21:00:00,,-17.219
2013-03-09 22:00:00,,-17.223
2013-03-09 23:00:00,,-17.228
2013-03-10 00:00:00,,-17.222
2013-03-10 01:00:00,,-17.22
2013-03-10 02:00:00,,-17.219
2013-03-10 03:00:00,,-17.211
2013-03-10 04:00:00,,-17.216
2013-03-10 05:00:00,,-17.214
2013-03-10 06:00:00,,-17.217
2013-03-10 07:00:00,,-17.221
2013-03-10 08:00:00,,-17.23
2013-03-10 09:00:00,,-17.235
2013-03-10 10:00:00,,-17.241
2013-03-10 11:00:00,,-17.241
2013-03-10 12:00:00,,-17.232
2013-03-10 13:00:00,,-17.224
2013-03-10 14:00:00,,-17.215
2013-03-10 15:00:00,,-17.207
2013-03-10 16:00:00,,-17.199
2013-03-10 17:00:00,,-17.2
2013-03-10 18:00:00,,-17.2
2013-03-10 19:00:00,,-17.204
2013-03-10 20:00:00,,-17.206
2013-03-10 21:00:00,,-17.213
2013-03-10 22:00:00,,-17.217
2013-03-10 23:00:00,,-17.223
2013-03-11 00:00:00,,-17.223
2013-03-11 01:00:00,,-17.221
2013-03-11 02:00:00,,-17.219
2013-03-11 03:00:00,,-17.213
2013-03-11 04:00:00,,-17.214
2013-03-11 05:00:00,,-17.212
2013-03-11 06:00:00,,-17.213
2013-03-11 07:00:00,,-17.217
2013-03-11 08:00:00,,-17.221
2013-03-11 09:00:00,,-17.228
2013-03-11 10:00:00,,-17.23
2013-03-11 11:00:00,,-17.228
2013-03-11 12:00:00,,-17.221
2013-03-11 13:00:00,,-17.213
2013-03-11 14:00:00,,-17.203
2013-03-11 15:00:00,,-17.2
2013-03-11 16:00:00,,-17.193
2013-03-11 17:00:00,,-17.189
2013-03-11 18:00:00,,-17.185
2013-03-11 19:00:00,,-17.189
2013-03-11 20:00:00,,-17.195
2013-03-11 21:00:00,,-17.2
2013-03-11 22:00:00,,-17.208
2013-03-11 23:00:00,,-17.21
2013-03-12 00:00:00,,-17.212
2013-03-12 01:00:00,,-17.21
2013-03-12 02:00:00,,-17.209
2013-03-12 03:00:00,,-17.207
2013-03-12 04:00:00,,-17.206
2013-03-12 05:00:00,,-17.202
2013-03-12 06:00:00,,-17.209
2013-03-12 07:00:00,,-17.209
2013-03-12 08:00:00,,-17.216
2013-03-12 09:00:00,,-17.217
2013-03-12 10:00:00,,-17.224
2013-03-12 11:00:00,,-17.222
2013-03-12 12:00:00,,-17.219
2013-03-12 13:00:00,,-17.211
2013-03-12 14:00:00,,-17.201
2013-03-12 15:00:00,,-17.193
2013-03-12 16:00:00,,-17.187
2013-03-12 17:00:00,,-17.183
2013-03-12 18:00:00,,-17.182
2013-03-12 19:00:00,,-17.183
2013-03-12 20:00:00,,-17.188
2013-03-12 21:00:00,,-17.195
2013-03-12 22:00:00,,-17.2
2013-03-12 23:00:00,,-17.205
2013-03-13 00:00:00,,-17.209
2013-03-13 01:00:00,,-17.206
2013-03-13 02:00:00,,-17.205
2013-03-13 03:00:00,,-17.207
2013-03-13 04:00:00,,-17.203
2013-03-13 05:00:00,,-17.199
2013-03-13 06:00:00,,-17.202
2013-03-13 07:00:00,,-17.202
2013-03-13 08:00:00,,-17.207
2013-03-13 09:00:00,,-17.217
2013-03-13 10:00:00,,-17.214
2013-03-13 11:00:00,,-17.214
2013-03-13 12:00:00,,-17.211
2013-03-13 13:00:00,,-17.205
2013-03-13 14:00:00,,-17.199
2013-03-13 15:00:00,,-17.193
2013-03-13 16:00:00,,-17.188
2013-03-13 17:00:00,,-17.185
2013-03-13 18:00:00,,-17.189
2013-03-13 19:00:00,,-17.191
2013-03-13 20:00:00,,-17.2
2013-03-13 21:00:00,,-17.205
2013-03-13 22:00:00,,-17.21
2013-03-13 23:00:00,,-17.218
2013-03-14 00:00:00,,-17.217
2013-03-14 01:00:00,,-17.218
2013-03-14 02:00:00,,-17.214
2013-03-14 03:00:00,,-17.212
2013-03-14 04:00:00,,-17.213
2013-03-14 05:00:00,,-17.212
2013-03-14 06:00:00,,-17.215
2013-03-14 07:00:00,,-17.218
2013-03-14 08:00:00,,-17.219
2013-03-14 09:00:00,,-17.225
2013-03-14 10:00:00,,-17.226
2013-03-14 11:00:00,,-17.225
2013-03-14 12:00:00,,-17.225
2013-03-14 13:00:00,,-17.217
2013-03-14 17:12:00,,-17.185
2013-03-14 18:00:00,,-17.185
2013-03-14 19:00:00,,-17.193
2013-03-14 20:00:00,,-17.198
2013-03-14 21:00:00,,-17.207
2013-03-14 22:00:00,,-17.213
2013-03-14 23:00:00,,-17.22
2013-03-15 00:00:00,,-17.228
2013-03-15 01:00:00,,-17.229
2013-03-15 02:00:00,,-17.229
2013-03-15 03:00:00,,-17.227
2013-03-15 04:00:00,,-17.221
2013-03-15 05:00:00,,-17.225
2013-03-15 06:00:00,,-17.227
2013-03-15 07:00:00,,-17.23
2013-03-15 08:00:00,,-17.234
2013-03-15 09:00:00,,-17.235
2013-03-15 10:00:00,,-17.239
2013-03-15 11:00:00,,-17.234
2013-03-15 12:00:00,,-17.235
2013-03-15 13:00:00,,-17.23
2013-03-15 14:00:00,,-17.222
2013-03-15 15:00:00,,-17.217
2013-03-15 16:00:00,,-17.207
2013-03-15 17:00:00,,-17.209
2013-03-15 18:00:00,,-17.207
2013-03-15 19:00:00,,-17.207
2013-03-15 20:00:00,,-17.214
2013-03-15 21:00:00,,-17.221
2013-03-15 22:00:00,,-17.225
2013-03-15 23:00:00,,-17.231
2013-03-16 00:00:00,,-17.231
2013-03-16 01:00:00,,-17.233
2013-03-16 02:00:00,,-17.232
2013-03-16 03:00:00,,-17.233
2013-03-16 04:00:00,,-17.23
2013-03-16 05:00:00,,-17.23
2013-03-16 06:00:00,,-17.231
2013-03-16 07:00:00,,-17.237
2013-03-16 08:00:00,,-17.238
2013-03-16 09:00:00,,-17.243
2013-03-16 10:00:00,,-17.247
2013-03-16 11:00:00,,-17.241
2013-03-16 12:00:00,,-17.238
2013-03-16 13:00:00,,-17.233
2013-03-16 14:00:00,,-17.229
2013-03-16 15:00:00,,-17.221
2013-03-16 16:00:00,,-17.216
2013-03-16 17:00:00,,-17.214
2013-03-16 18:00:00,,-17.214
2013-03-16 19:00:00,,-17.217
2013-03-16 20:00:00,,-17.221
2013-03-16 21:00:00,,-17.228
2013-03-16 22:00:00,,-17.232
2013-03-16 23:00:00,,-17.237
2013-03-17 00:00:00,,-17.238
2013-03-17 01:00:00,,-17.237
2013-03-17 02:00:00,,-17.234
2013-03-17 03:00:00,,-17.239
2013-03-17 04:00:00,,-17.239
2013-03-17 05:00:00,,-17.239
2013-03-17 06:00:00,,-17.245
2013-03-17 07:00:00,,-17.244
2013-03-17 08:00:00,,-17.246
2013-03-17 09:00:00,,-17.25
2013-03-17 10:00:00,,-17.254
2013-03-17 11:00:00,,-17.25
2013-03-17 12:00:00,,-17.247
2013-03-17 13:00:00,,-17.241
2013-03-17 14:00:00,,-17.238
2013-03-17 15:00:00,,-17.234
2013-03-17 16:00:00,,-17.229
2013-03-17 17:00:00,,-17.223
2013-03-17 18:00:00,,-17.225
2013-03-17 19:00:00,,-17.226
2013-03-17 20:00:00,,-17.232
2013-03-17 21:00:00,,-17.237
2013-03-17 22:00:00,,-17.242
2013-03-17 23:00:00,,-17.239
2013-03-18 00:00:00,,-17.243
2013-03-18 01:00:00,,-17.243
2013-03-18 02:00:00,,-17.239
2013-03-18 03:00:00,,-17.239
2013-03-18 04:00:00,,-17.236
2013-03-18 05:00:00,,-17.239
2013-03-18 06:00:00,,-17.241
2013-03-18 07:00:00,,-17.246
2013-03-18 08:00:00,,-17.244
2013-03-18 09:00:00,,-17.246
2013-03-18 10:00:00,,-17.251
2013-03-18 11:00:00,,-17.251
2013-03-18 12:00:00,,-17.241
2013-03-18 13:00:00,,-17.235
2013-03-18 14:00:00,,-17.227
2013-03-18 15:00:00,,-17.226
2013-03-18 16:00:00,,-17.219
2013-03-18 17:00:00,,-17.22
2013-03-18 18:00:00,,-17.216
2013-03-18 19:00:00,,-17.221
2013-03-18 20:00:00,,-17.227
2013-03-18 21:00:00,,-17.232
2013-03-18 22:00:00,,-17.236
2013-03-18 23:00:00,,-17.235
2013-03-19 00:00:00,,-17.237
2013-03-19 01:00:00,,-17.234
2013-03-19 02:00:00,,-17.236
2013-03-19 03:00:00,,-17.236
2013-03-19 04:00:00,,-17.235
2013-03-19 05:00:00,,-17.238
2013-03-19 06:00:00,,-17.241
2013-03-19 07:00:00,,-17.241
2013-03-19 08:00:00,,-17.246
2013-03-19 09:00:00,,-17.249
2013-03-19 10:00:00,,-17.25
2013-03-19 11:00:00,,-17.248
2013-03-19 12:00:00,,-17.243
2013-03-19 13:00:00,,-17.235
2013-03-19 14:00:00,,-17.231
2013-03-19 15:00:00,,-17.221
2013-03-19 16:00:00,,-17.218
2013-03-19 17:00:00,,-17.218
2013-03-19 18:00:00,,-17.221
2013-03-19 19:00:00,,-17.226
2013-03-19 20:00:00,,-17.226
2013-03-19 21:00:00,,-17.234
2013-03-19 22:00:00,,-17.24
2013-03-19 23:00:00,,-17.241
2013-03-20 00:00:00,,-17.241
2013-03-20 01:00:00,,-17.235
2013-03-20 02:00:00,,-17.236
2013-03-20 03:00:00,,-17.235
2013-03-20 04:00:00,,-17.236
2013-03-20 05:00:00,,-17.237
2013-03-20 06:00:00,,-17.238
2013-03-20 07:00:00,,-17.242
2013-03-20 08:00:00,,-17.242
2013-03-20 09:00:00,,-17.244
2013-03-20 10:00:00,,-17.245
2013-03-20 11:00:00,,-17.243
2013-03-20 12:00:00,,-17.234
2013-03-20 13:00:00,,-17.229
2013-03-20 14:00:00,,-17.219
2013-03-20 15:00:00,,-17.213
2013-03-20 16:00:00,,-17.207
2013-03-20 17:00:00,,-17.2
2013-03-20 18:00:00,,-17.204
2013-03-20 19:00:00,,-17.207
2013-03-20 20:00:00,,-17.211
2013-03-20 21:00:00,,-17.213
2013-03-20 22:00:00,,-17.221
2013-03-20 23:00:00,,-17.22
2013-03-21 00:00:00,,-17.214
2013-03-21 01:00:00,,-17.212
2013-03-21 02:00:00,,-17.209
2013-03-21 03:00:00,,-17.205
2013-03-21 04:00:00,,-17.204
2013-03-21 05:00:00,,-17.208
2013-03-21 06:00:00,,-17.214
2013-03-21 07:00:00,,-17.21
2013-03-21 08:00:00,,-17.217
2013-03-21 09:00:00,,-17.218
2013-03-21 10:00:00,,-17.219
2013-03-21 11:00:00,,-17.219
2013-03-21 12:00:00,,-17.212
2013-03-21 13:00:00,,-17.206
2013-03-21 14:00:00,,-17.194
2013-03-21 15:00:00,,-17.193
2013-03-21 16:00:00,,-17.182
2013-03-21 17:00:00,,-17.186
2013-03-21 18:00:00,,-17.184
2013-03-21 19:00:00,,-17.187
2013-03-21 20:00:00,,-17.19
2013-03-21 21:00:00,,-17.194
2013-03-21 22:00:00,,-17.198
2013-03-21 23:00:00,,-17.198
2013-03-22 00:00:00,,-17.197
2013-03-22 01:00:00,,-17.196
2013-03-22 02:00:00,,-17.191
2013-03-22 03:00:00,,-17.196
2013-03-22 04:00:00,,-17.198
2013-03-22 05:00:00,,-17.197
2013-03-22 06:00:00,,-17.204
2013-03-22 07:00:00,,-17.211
2013-03-22 08:00:00,,-17.214
2013-03-22 09:00:00,,-17.219
2013-03-22 10:00:00,,-17.221
2013-03-22 11:00:00,,-17.219
2013-03-22 12:00:00,,-17.215
2013-03-22 13:00:00,,-17.209
2013-03-22 14:00:00,,-17.203
2013-03-22 15:00:00,,-17.195
2013-03-22 16:00:00,,-17.194
2013-03-22 17:00:00,,-17.194
2013-03-22 18:00:00,,-17.196
2013-03-22 19:00:00,,-17.203
2013-03-22 20:00:00,,-17.206
2013-03-22 21:00:00,,-17.211
2013-03-22 22:00:00,,-17.214
2013-03-22 23:00:00,,-17.216
2013-03-23 00:00:00,,-17.216
2013-03-23 01:00:00,,-17.215
2013-03-23 02:00:00,,-17.215
2013-03-23 03:00:00,,-17.216
2013-03-23 04:00:00,,-17.217
2013-03-23 05:00:00,,-17.221
2013-03-23 06:00:00,,-17.225
2013-03-23 07:00:00,,-17.234
2013-03-23 08:00:00,,-17.238
2013-03-23 09:00:00,,-17.241
2013-03-23 10:00:00,,-17.245
2013-03-23 11:00:00,,-17.241
2013-03-23 12:00:00,,-17.238
2013-03-23 13:00:00,,-17.231
2013-03-23 14:00:00,,-17.219
2013-03-23 15:00:00,,-17.214
2013-03-23 16:00:00,,-17.203
2013-03-23 17:00:00,,-17.208
2013-03-23 18:00:00,,-17.207
2013-03-23 19:00:00,,-17.21
2013-03-23 20:00:00,,-17.218
2013-03-23 21:00:00,,-17.223
2013-03-23 22:00:00,,-17.23
2013-03-23 23:00:00,,-17.229
2013-03-24 00:00:00,,-17.23
2013-03-24 01:00:00,,-17.234
2013-03-24 02:00:00,,-17.231
2013-03-24 03:00:00,,-17.23
2013-03-24 04:00:00,,-17.232
2013-03-24 05:00:00,,-17.229
2013-03-24 06:00:00,,-17.235
2013-03-24 07:00:00,,-17.238
2013-03-24 08:00:00,,-17.247
2013-03-24 09:00:00,,-17.25
2013-03-24 10:00:00,,-17.256
2013-03-24 11:00:00,,-17.254
2013-03-24 12:00:00,,-17.249
2013-03-24 13:00:00,,-17.236
2013-03-24 14:00:00,,-17.224
2013-03-24 15:00:00,,-17.215
2013-03-24 16:00:00,,-17.21
2013-03-24 17:00:00,,-17.205
2013-03-24 18:00:00,,-17.207
2013-03-24 19:00:00,,-17.206
2013-03-24 20:00:00,,-17.223
2013-03-24 21:00:00,,-17.225
2013-03-24 22:00:00,,-17.232
2013-03-24 23:00:00,,-17.233
2013-03-25 00:00:00,,-17.23
2013-03-25 01:00:00,,-17.224
2013-03-25 02:00:00,,-17.216
2013-03-25 03:00:00,,-17.212
2013-03-25 04:00:00,,-17.214
2013-03-25 05:00:00,,-17.217
2013-03-25 06:00:00,,-17.219
2013-03-25 07:00:00,,-17.221
2013-03-25 08:00:00,,-17.227
2013-03-25 09:00:00,,-17.228
2013-03-25 10:00:00,,-17.233
2013-03-25 11:00:00,,-17.23
2013-03-25 12:00:00,,-17.227
2013-03-25 13:00:00,,-17.217
2013-03-25 14:00:00,,-17.207
2013-03-25 15:00:00,,-17.194
2013-03-25 16:00:00,,-17.191
2013-03-25 17:00:00,,-17.188
2013-03-25 18:00:00,,-17.19
2013-03-25 19:00:00,,-17.194
2013-03-25 20:00:00,,-17.203
2013-03-25 21:00:00,,-17.208
2013-03-25 22:00:00,,-17.217
2013-03-25 23:00:00,,-17.217
2013-03-26 00:00:00,,-17.214
2013-03-26 01:00:00,,-17.212
2013-03-26 02:00:00,,-17.206
2013-03-26 03:00:00,,-17.201
2013-03-26 04:00:00,,-17.2
2013-03-26 05:00:00,,-17.196
2013-03-26 06:00:00,,-17.2
2013-03-26 07:00:00,,-17.204
2013-03-26 08:00:00,,-17.209
2013-03-26 09:00:00,,-17.212
2013-03-26 10:00:00,,-17.213
2013-03-26 11:00:00,,-17.212
2013-03-26 12:00:00,,-17.209
2013-03-26 13:00:00,,-17.199
2013-03-26 14:00:00,,-17.187
2013-03-26 15:00:00,,-17.181
2013-03-26 16:00:00,,-17.173
2013-03-26 17:00:00,,-17.17
2013-03-26 18:00:00,,-17.171
2013-03-26 19:00:00,,-17.175
2013-03-26 20:00:00,,-17.182
2013-03-26 21:00:00,,-17.189
2013-03-26 22:00:00,,-17.192
2013-03-26 23:00:00,,-17.196
2013-03-27 00:00:00,,-17.196
2013-03-27 01:00:00,,-17.196
2013-03-27 02:00:00,,-17.193
2013-03-27 03:00:00,,-17.19
2013-03-27 04:00:00,,-17.186
2013-03-27 05:00:00,,-17.188
2013-03-27 06:00:00,,-17.194
2013-03-27 07:00:00,,-17.197
2013-03-27 08:00:00,,-17.204
2013-03-27 09:00:00,,-17.21
2013-03-27 10:00:00,,-17.214
2013-03-27 11:00:00,,-17.212
2013-03-27 12:00:00,,-17.207
2013-03-27 13:00:00,,-17.198
2013-03-27 14:00:00,,-17.188
2013-03-27 15:00:00,,-17.181
2013-03-27 16:00:00,,-17.175
2013-03-27 17:00:00,,-17.176
2013-03-27 18:00:00,,-17.176
2013-03-27 19:00:00,,-17.179
2013-03-27 20:00:00,,-17.185
2013-03-27 21:00:00,,-17.192
2013-03-27 22:00:00,,-17.199
2013-03-27 23:00:00,,-17.204
2013-03-28 00:00:00,,-17.202
2013-03-28 01:00:00,,-17.202
2013-03-28 02:00:00,,-17.211
2013-03-28 03:00:00,,-17.21
2013-03-28 04:00:00,,-17.211
2013-03-28 05:00:00,,-17.209
2013-03-28 06:00:00,,-17.218
2013-03-28 07:00:00,,-17.225
2013-03-28 08:00:00,,-17.232
2013-03-28 09:00:00,,-17.239
2013-03-28 10:00:00,,-17.243
2013-03-28 11:00:00,,-17.246
2013-03-28 12:00:00,,-17.242
2013-03-28 13:00:00,,-17.24
2013-03-28 14:00:00,,-17.235
2013-03-28 15:00:00,,-17.23
2013-03-28 16:00:00,,-17.23
2013-03-28 17:00:00,,-17.223
2013-03-28 18:00:00,,-17.222
2013-03-28 19:00:00,,-17.232
2013-03-28 20:00:00,,-17.237
2013-03-28 21:00:00,,-17.239
2013-03-28 22:00:00,,-17.246
2013-03-28 23:00:00,,-17.248
2013-03-29 00:00:00,,-17.251
2013-03-29 01:00:00,,-17.249
2013-03-29 02:00:00,,-17.244
2013-03-29 03:00:00,,-17.238
2013-03-29 04:00:00,,-17.236
2013-03-29 05:00:00,,-17.232
2013-03-29 06:00:00,,-17.229
2013-03-29 07:00:00,,-17.23
2013-03-29 08:00:00,,-17.235
2013-03-29 09:00:00,,-17.236
2013-03-29 10:00:00,,-17.24
2013-03-29 11:00:00,,-17.242
2013-03-29 12:00:00,,-17.237
2013-03-29 13:00:00,,-17.23
2013-03-29 14:00:00,,-17.226
2013-03-29 15:00:00,,-17.22
2013-03-29 16:00:00,,-17.212
2013-03-29 17:00:00,,-17.21
2013-03-29 18:00:00,,-17.206
2013-03-29 19:00:00,,-17.211
2013-03-29 20:00:00,,-17.215
2013-03-29 21:00:00,,-17.224
2013-03-29 22:00:00,,-17.225
2013-03-29 23:00:00,,-17.227
2013-03-30 00:00:00,,-17.226
2013-03-30 01:00:00,,-17.221
2013-03-30 02:00:00,,-17.22
2013-03-30 03:00:00,,-17.211
2013-03-30 04:00:00,,-17.206
2013-03-30 05:00:00,,-17.204
2013-03-30 06:00:00,,-17.207
2013-03-30 07:00:00,,-17.21
2013-03-30 08:00:00,,-17.212
2013-03-30 09:00:00,,-17.217
2013-03-30 10:00:00,,-17.217
2013-03-30 11:00:00,,-17.218
2013-03-30 12:00:00,,-17.217
2013-03-30 13:00:00,,-17.206
2013-03-30 14:00:00,,-17.201
2013-03-30 15:00:00,,-17.197
2013-03-30 16:00:00,,-17.193
2013-03-30 17:00:00,,-17.192
2013-03-30 18:00:00,,-17.194
2013-03-30 19:00:00,,-17.197
2013-03-30 20:00:00,,-17.204
2013-03-30 21:00:00,,-17.21
2013-03-30 22:00:00,,-17.215
2013-03-30 23:00:00,,-17.218
2013-03-31 00:00:00,,-17.219
2013-03-31 01:00:00,,-17.226
2013-03-31 02:00:00,,-17.23
2013-03-31 03:00:00,,-17.228
2013-03-31 04:00:00,,-17.222
2013-03-31 05:00:00,,-17.223
2013-03-31 06:00:00,,-17.228
2013-03-31 07:00:00,,-17.231
2013-03-31 08:00:00,,-17.236
2013-03-31 09:00:00,,-17.244
2013-03-31 10:00:00,,-17.246
2013-03-31 11:00:00,,-17.245
2013-03-31 12:00:00,,-17.247
2013-03-31 13:00:00,,-17.24
2013-03-31 14:00:00,,-17.232
2013-03-31 15:00:00,,-17.233
2013-03-31 16:00:00,,-17.228
2013-03-31 17:00:00,,-17.231
2013-03-31 18:00:00,,-17.228
2013-03-31 19:00:00,,-17.236
2013-03-31 20:00:00,,-17.235
2013-03-31 21:00:00,,-17.242
2013-03-31 22:00:00,,-17.247
2013-03-31 23:00:00,,-17.252
2013-04-01 00:00:00,,-17.25
2013-04-01 01:00:00,,-17.252
2013-04-01 02:00:00,,-17.254
2013-04-01 03:00:00,,-17.253
2013-04-01 04:00:00,,-17.251
2013-04-01 05:00:00,,-17.253
2013-04-01 06:00:00,,-17.254
2013-04-01 07:00:00,,-17.256
2013-04-01 08:00:00,,-17.257
2013-04-01 09:00:00,,-17.261
2013-04-01 10:00:00,,-17.258
2013-04-01 11:00:00,,-17.259
2013-04-01 12:00:00,,-17.254
2013-04-01 13:00:00,,-17.251
2013-04-01 14:00:00,,-17.247
2013-04-01 15:00:00,,-17.241
2013-04-01 16:00:00,,-17.238
2013-04-01 17:00:00,,-17.235
2013-04-01 18:00:00,,-17.235
2013-04-01 19:00:00,,-17.241
2013-04-01 20:00:00,,-17.245
2013-04-01 21:00:00,,-17.25
2013-04-01 22:00:00,,-17.256
2013-04-01 23:00:00,,-17.255
2013-04-02 00:00:00,,-17.26
2013-04-02 01:00:00,,-17.26
2013-04-02 02:00:00,,-17.255
2013-04-02 03:00:00,,-17.257
2013-04-02 04:00:00,,-17.258
2013-04-02 05:00:00,,-17.257
2013-04-02 06:00:00,,-17.26
2013-04-02 07:00:00,,-17.26
2013-04-02 08:00:00,,-17.263
2013-04-02 09:00:00,,-17.265
2013-04-02 10:00:00,,-17.265
2013-04-02 11:00:00,,-17.26
2013-04-02 12:00:00,,-17.255
2013-04-02 13:00:00,,-17.25
2013-04-02 14:00:00,,-17.241
2013-04-02 15:00:00,,-17.235
2013-04-02 16:00:00,,-17.236
2013-04-02 17:00:00,,-17.235
2013-04-02 18:00:00,,-17.239
2013-04-02 19:00:00,,-17.237
2013-04-02 20:00:00,,-17.247
2013-04-02 21:00:00,,-17.247
2013-04-02 22:00:00,,-17.25
2013-04-02 23:00:00,,-17.254
2013-04-03 00:00:00,,-17.252
2013-04-03 01:00:00,,-17.25
2013-04-03 02:00:00,,-17.25
2013-04-03 03:00:00,,-17.25
2013-04-03 04:00:00,,-17.249
2013-04-03 05:00:00,,-17.254
2013-04-03 06:00:00,,-17.255
2013-04-03 07:00:00,,-17.257
2013-04-03 08:00:00,,-17.258
2013-04-03 09:00:00,,-17.259
2013-04-03 10:00:00,,-17.257
2013-04-03 11:00:00,,-17.252
2013-04-03 12:00:00,,-17.248
2013-04-03 13:00:00,,-17.239
2013-04-03 14:00:00,,-17.23
2013-04-03 15:00:00,,-17.225
2013-04-03 16:00:00,,-17.228
2013-04-03 17:00:00,,-17.226
2013-04-03 18:00:00,,-17.23
2013-04-03 19:00:00,,-17.231
2013-04-03 20:00:00,,-17.241
2013-04-03 21:00:00,,-17.243
2013-04-03 22:00:00,,-17.248
2013-04-03 23:00:00,,-17.247
2013-04-04 00:00:00,,-17.248
2013-04-04 01:00:00,,-17.244
2013-04-04 02:00:00,,-17.245
2013-04-04 03:00:00,,-17.246
2013-04-04 04:00:00,,-17.242
2013-04-04 05:00:00,,-17.246
2013-04-04 06:00:00,,-17.244
2013-04-04 07:00:00,,-17.252
2013-04-04 08:00:00,,-17.255
2013-04-04 09:00:00,,-17.262
2013-04-04 10:00:00,,-17.262
2013-04-04 11:00:00,,-17.255
2013-04-04 12:00:00,,-17.249
2013-04-04 13:00:00,,-17.242
2013-04-04 14:00:00,,-17.238
2013-04-04 15:00:00,,-17.236
2013-04-04 16:00:00,,-17.23
2013-04-04 17:00:00,,-17.227
2013-04-04 18:00:00,,-17.231
2013-04-04 19:00:00,,-17.238
2013-04-04 20:00:00,,-17.245
2013-04-04 21:00:00,,-17.248
2013-04-04 22:00:00,,-17.251
2013-04-04 23:00:00,,-17.249
2013-04-05 00:00:00,,-17.242
2013-04-05 01:00:00,,-17.243
2013-04-05 02:00:00,,-17.237
2013-04-05 03:00:00,,-17.238
2013-04-05 04:00:00,,-17.239
2013-04-05 05:00:00,,-17.244
2013-04-05 06:00:00,,-17.247
2013-04-05 07:00:00,,-17.256
2013-04-05 08:00:00,,-17.263
2013-04-05 09:00:00,,-17.262
2013-04-05 10:00:00,,-17.26
2013-04-05 11:00:00,,-17.254
2013-04-05 12:00:00,,-17.258
2013-04-05 13:00:00,,-17.253
2013-04-05 14:00:00,,-17.251
2013-04-05 15:00:00,,-17.253
2013-04-05 16:00:00,,-17.251
2013-04-05 17:00:00,,-17.25
2013-04-05 18:00:00,,-17.254
2013-04-05 19:00:00,,-17.257
2013-04-05 20:00:00,,-17.262
2013-04-05 21:00:00,,-17.257
2013-04-05 22:00:00,,-17.267
2013-04-05 23:00:00,,-17.269
2013-04-06 00:00:00,,-17.265
2013-04-06 01:00:00,,-17.26
2013-04-06 02:00:00,,-17.256
2013-04-06 03:00:00,,-17.252
2013-04-06 04:00:00,,-17.249
2013-04-06 05:00:00,,-17.251
2013-04-06 06:00:00,,-17.25
2013-04-06 07:00:00,,-17.256
2013-04-06 08:00:00,,-17.259
2013-04-06 09:00:00,,-17.262
2013-04-06 10:00:00,,-17.26
2013-04-06 11:00:00,,-17.255
2013-04-06 12:00:00,,-17.247
2013-04-06 13:00:00,,-17.239
2013-04-06 14:00:00,,-17.236
2013-04-06 15:00:00,,-17.227
2013-04-06 16:00:00,,-17.224
2013-04-06 17:00:00,,-17.22
2013-04-06 18:00:00,,-17.221
2013-04-06 19:00:00,,-17.226
2013-04-06 20:00:00,,-17.231
2013-04-06 21:00:00,,-17.237
2013-04-06 22:00:00,,-17.243
2013-04-06 23:00:00,,-17.238
2013-04-07 00:00:00,,-17.239
2013-04-07 01:00:00,,-17.236
2013-04-07 02:00:00,,-17.227
2013-04-07 03:00:00,,-17.226
2013-04-07 04:00:00,,-17.222
2013-04-07 05:00:00,,-17.225
2013-04-07 06:00:00,,-17.226
2013-04-07 07:00:00,,-17.233
2013-04-07 08:00:00,,-17.239
2013-04-07 09:00:00,,-17.243
2013-04-07 10:00:00,,-17.244
2013-04-07 11:00:00,,-17.244
2013-04-07 12:00:00,,-17.239
2013-04-07 13:00:00,,-17.231
2013-04-07 14:00:00,,-17.221
2013-04-07 15:00:00,,-17.218
2013-04-07 16:00:00,,-17.212
2013-04-07 17:00:00,,-17.216
2013-04-07 18:00:00,,-17.218
2013-04-07 19:00:00,,-17.218
2013-04-07 20:00:00,,-17.227
2013-04-07 21:00:00,,-17.234
2013-04-07 22:00:00,,-17.24
2013-04-07 23:00:00,,-17.242
2013-04-08 00:00:00,,-17.243
2013-04-08 01:00:00,,-17.239
2013-04-08 02:00:00,,-17.239
2013-04-08 03:00:00,,-17.233
2013-04-08 04:00:00,,-17.231
2013-04-08 05:00:00,,-17.229
2013-04-08 06:00:00,,-17.237
2013-04-08 07:00:00,,-17.241
2013-04-08 08:00:00,,-17.249
2013-04-08 09:00:00,,-17.254
2013-04-08 10:00:00,,-17.256
2013-04-08 11:00:00,,-17.256
2013-04-08 12:00:00,,-17.251
2013-04-08 13:00:00,,-17.243
2013-04-08 14:00:00,,-17.235
2013-04-08 15:00:00,,-17.229
2013-04-08 16:00:00,,-17.227
2013-04-08 17:00:00,,-17.221
2013-04-08 18:00:00,,-17.227
2013-04-08 19:00:00,,-17.234
2013-04-08 20:00:00,,-17.239
2013-04-08 21:00:00,,-17.244
2013-04-08 22:00:00,,-17.252
2013-04-08 23:00:00,,-17.257
2013-04-09 00:00:00,,-17.253
2013-04-09 01:00:00,,-17.252
2013-04-09 02:00:00,,-17.247
2013-04-09 03:00:00,,-17.247
2013-04-09 04:00:00,,-17.243
2013-04-09 05:00:00,,-17.239
2013-04-09 06:00:00,,-17.242
2013-04-09 07:00:00,,-17.247
2013-04-09 08:00:00,,-17.25
2013-04-09 09:00:00,,-17.259
2013-04-09 10:00:00,,-17.261
2013-04-09 11:00:00,,-17.26
2013-04-09 12:00:00,,-17.254
2013-04-09 13:00:00,,-17.247
2013-04-09 14:00:00,,-17.232
2013-04-09 15:00:00,,-17.231
2013-04-09 16:00:00,,-17.225
2013-04-09 17:00:00,,-17.223
2013-04-09 18:00:00,,-17.225
2013-04-09 19:00:00,,-17.227
2013-04-09 20:00:00,,-17.235
2013-04-09 21:00:00,,-17.245
2013-04-09 22:00:00,,-17.247
2013-04-09 23:00:00,,-17.246
2013-04-10 00:00:00,,-17.25
2013-04-10 01:00:00,,-17.247
2013-04-10 02:00:00,,-17.245
2013-04-10 03:00:00,,-17.241
2013-04-10 04:00:00,,-17.238
2013-04-10 05:00:00,,-17.238
2013-04-10 06:00:00,,-17.237
2013-04-10 07:00:00,,-17.242
2013-04-10 08:00:00,,-17.246
2013-04-10 09:00:00,,-17.25
2013-04-10 10:00:00,,-17.252
2013-04-10 11:00:00,,-17.25
2013-04-10 12:00:00,,-17.242
2013-04-10 13:00:00,,-17.233
2013-04-10 14:00:00,,-17.229
2013-04-10 15:00:00,,-17.221
2013-04-10 16:00:00,,-17.215
2013-04-10 17:00:00,,-17.211
2013-04-10 18:00:00,,-17.213
2013-04-10 19:00:00,,-17.219
2013-04-10 20:00:00,,-17.22
2013-04-10 21:00:00,,-17.233
2013-04-10 22:00:00,,-17.235
2013-04-10 23:00:00,,-17.239
2013-04-11 00:00:00,,-17.236
2013-04-11 01:00:00,,-17.234
2013-04-11 02:00:00,,-17.233
2013-04-11 03:00:00,,-17.23
2013-04-11 04:00:00,,-17.228
2013-04-11 05:00:00,,-17.229
2013-04-11 06:00:00,,-17.228
2013-04-11 07:00:00,,-17.232
2013-04-11 08:00:00,,-17.235
2013-04-11 09:00:00,,-17.239
2013-04-11 10:00:00,,-17.24
2013-04-11 11:00:00,,-17.24
2013-04-11 12:00:00,,-17.237
2013-04-11 13:00:00,,-17.23
2013-04-11 14:00:00,,-17.221
2013-04-11 15:00:00,,-17.214
2013-04-11 16:00:00,,-17.211
2013-04-11 17:00:00,,-17.207
2013-04-11 18:00:00,,-17.211
2013-04-11 19:00:00,,-17.215
2013-04-11 20:00:00,,-17.222
2013-04-11 21:00:00,,-17.227
2013-04-11 22:00:00,,-17.23
2013-04-11 23:00:00,,-17.234
2013-04-12 00:00:00,,-17.235
2013-04-12 01:00:00,,-17.233
2013-04-12 02:00:00,,-17.235
2013-04-12 03:00:00,,-17.226
2013-04-12 04:00:00,,-17.228
2013-04-12 05:00:00,,-17.222
2013-04-12 06:00:00,,-17.223
2013-04-12 07:00:00,,-17.232
2013-04-12 08:00:00,,-17.239
2013-04-12 09:00:00,,-17.241
2013-04-12 10:00:00,,-17.241
2013-04-12 11:00:00,,-17.241
2013-04-12 12:00:00,,-17.237
2013-04-12 13:00:00,,-17.231
2013-04-12 14:00:00,,-17.224
2013-04-12 15:00:00,,-17.216
2013-04-12 16:00:00,,-17.215
2013-04-12 17:00:00,,-17.21
2013-04-12 18:00:00,,-17.21
2013-04-12 19:00:00,,-17.212
2013-04-12 20:00:00,,-17.221
2013-04-12 21:00:00,,-17.222
2013-04-12 22:00:00,,-17.232
2013-04-12 23:00:00,,-17.235
2013-04-13 00:00:00,,-17.234
2013-04-13 01:00:00,,-17.23
2013-04-13 02:00:00,,-17.232
2013-04-13 03:00:00,,-17.233
2013-04-13 04:00:00,,-17.23
2013-04-13 05:00:00,,-17.229
2013-04-13 06:00:00,,-17.231
2013-04-13 07:00:00,,-17.233
2013-04-13 08:00:00,,-17.236
2013-04-13 09:00:00,,-17.242
2013-04-13 10:00:00,,-17.241
2013-04-13 11:00:00,,-17.238
2013-04-13 12:00:00,,-17.238
2013-04-13 13:00:00,,-17.227
2013-04-13 14:00:00,,-17.224
2013-04-13 15:00:00,,-17.214
2013-04-13 16:00:00,,-17.213
2013-04-13 17:00:00,,-17.209
2013-04-13 18:00:00,,-17.207
2013-04-13 19:00:00,,-17.208
2013-04-13 20:00:00,,-17.217
2013-04-13 21:00:00,,-17.219
2013-04-13 22:00:00,,-17.226
2013-04-13 23:00:00,,-17.227
2013-04-14 00:00:00,,-17.225
2013-04-14 01:00:00,,-17.222
2013-04-14 02:00:00,,-17.219
2013-04-14 03:00:00,,-17.221
2013-04-14 04:00:00,,-17.218
2013-04-14 05:00:00,,-17.218
2013-04-14 06:00:00,,-17.216
2013-04-14 07:00:00,,-17.22
2013-04-14 08:00:00,,-17.227
2013-04-14 09:00:00,,-17.228
2013-04-14 10:00:00,,-17.231
2013-04-14 11:00:00,,-17.23
2013-04-14 12:00:00,,-17.224
2013-04-14 13:00:00,,-17.22
2013-04-14 14:00:00,,-17.207
2013-04-14 15:00:00,,-17.204
2013-04-14 16:00:00,,-17.199
2013-04-14 17:00:00,,-17.194
2013-04-14 18:00:00,,-17.194
2013-04-14 19:00:00,,-17.195
2013-04-14 20:00:00,,-17.2
2013-04-14 21:00:00,,-17.203
2013-04-14 22:00:00,,-17.209
2013-04-14 23:00:00,,-17.211
2013-04-15 00:00:00,,-17.209
2013-04-15 01:00:00,,-17.207
2013-04-15 02:00:00,,-17.208
2013-04-15 03:00:00,,-17.205
2013-04-15 04:00:00,,-17.199
2013-04-15 05:00:00,,-17.203
2013-04-15 06:00:00,,-17.201
2013-04-15 07:00:00,,-17.2
2013-04-15 08:00:00,,-17.203
2013-04-15 09:00:00,,-17.204
2013-04-15 10:00:00,,-17.207
2013-04-15 11:00:00,,-17.207
2013-04-15 12:00:00,,-17.205
2013-04-15 13:00:00,,-17.195
2013-04-15 14:00:00,,-17.19
2013-04-15 15:00:00,,-17.183
2013-04-15 16:00:00,,-17.18
2013-04-15 17:00:00,,-17.178
2013-04-15 18:00:00,,-17.177
2013-04-15 19:00:00,,-17.182
2013-04-15 20:00:00,,-17.185
2013-04-15 21:00:00,,-17.193
2013-04-15 22:00:00,,-17.194
2013-04-15 23:00:00,,-17.203
2013-04-16 00:00:00,,-17.202
2013-04-16 01:00:00,,-17.202
2013-04-16 02:00:00,,-17.199
2013-04-16 03:00:00,,-17.205
2013-04-16 04:00:00,,-17.208
2013-04-16 05:00:00,,-17.214
2013-04-16 06:00:00,,-17.215
2013-04-16 07:00:00,,-17.217
2013-04-16 08:00:00,,-17.221
2013-04-16 09:00:00,,-17.228
2013-04-16 10:00:00,,-17.228
2013-04-16 11:00:00,,-17.228
2013-04-16 12:00:00,,-17.225
2013-04-16 13:00:00,,-17.215
2013-04-16 14:00:00,,-17.208
2013-04-16 15:00:00,,-17.203
2013-04-16 16:00:00,,-17.201
2013-04-16 17:00:00,,-17.201
2013-04-16 18:00:00,,-17.202
2013-04-16 19:00:00,,-17.203
2013-04-16 20:00:00,,-17.204
2013-04-16 21:00:00,,-17.206
2013-04-16 22:00:00,,-17.212
2013-04-16 23:00:00,,-17.217
2013-04-17 00:00:00,,-17.213
2013-04-17 01:00:00,,-17.217
2013-04-17 02:00:00,,-17.219
2013-04-17 03:00:00,,-17.218
2013-04-17 04:00:00,,-17.219
2013-04-17 05:00:00,,-17.222
2013-04-17 06:00:00,,-17.223
2013-04-17 07:00:00,,-17.226
2013-04-17 08:00:00,,-17.228
2013-04-17 09:00:00,,-17.23
2013-04-17 10:00:00,,-17.232
2013-04-17 11:00:00,,-17.229
2013-04-17 12:00:00,,-17.226
2013-04-17 13:00:00,,-17.216
2013-04-17 14:00:00,,-17.211
2013-04-17 15:00:00,,-17.208
2013-04-17 16:00:00,,-17.206
2013-04-17 17:00:00,,-17.203
2013-04-17 18:00:00,,-17.2
2013-04-17 19:00:00,,-17.206
2013-04-17 20:00:00,,-17.208
2013-04-17 21:00:00,,-17.213
2013-04-17 22:00:00,,-17.216
2013-04-17 23:00:00,,-17.214
2013-04-18 00:00:00,,-17.215
2013-04-18 01:00:00,,-17.218
2013-04-18 02:00:00,,-17.219
2013-04-18 03:00:00,,-17.214
2013-04-18 04:00:00,,-17.218
2013-04-18 05:00:00,,-17.222
2013-04-18 06:00:00,,-17.226
2013-04-18 07:00:00,,-17.224
2013-04-18 08:00:00,,-17.233
2013-04-18 09:00:00,,-17.235
2013-04-18 10:00:00,,-17.232
2013-04-18 11:00:00,,-17.235
2013-04-18 12:00:00,,-17.23
2013-04-18 13:00:00,,-17.221
2013-04-18 14:00:00,,-17.218
2013-04-18 15:00:00,,-17.213
2013-04-18 16:00:00,,-17.21
2013-04-18 17:00:00,,-17.211
2013-04-18 18:00:00,,-17.21
2013-04-18 19:00:00,,-17.219
2013-04-18 20:00:00,,-17.223
2013-04-18 21:00:00,,-17.226
2013-04-18 22:00:00,,-17.227
2013-04-18 23:00:00,,-17.225
2013-04-19 00:00:00,,-17.228
2013-04-19 01:00:00,,-17.229
2013-04-19 02:00:00,,-17.225
2013-04-19 03:00:00,,-17.228
2013-04-19 04:00:00,,-17.224
2013-04-19 05:00:00,,-17.233
2013-04-19 06:00:00,,-17.235
2013-04-19 07:00:00,,-17.235
2013-04-19 08:00:00,,-17.242
2013-04-19 09:00:00,,-17.247
2013-04-19 10:00:00,,-17.247
2013-04-19 11:00:00,,-17.248
2013-04-19 12:00:00,,-17.241
2013-04-19 13:00:00,,-17.231
2013-04-19 14:00:00,,-17.228
2013-04-19 15:00:00,,-17.222
2013-04-19 16:00:00,,-17.216
2013-04-19 17:00:00,,-17.218
2013-04-19 18:00:00,,-17.223
2013-04-19 19:00:00,,-17.225
2013-04-19 20:00:00,,-17.232
2013-04-19 21:00:00,,-17.236
2013-04-19 22:00:00,,-17.237
2013-04-19 23:00:00,,-17.238
2013-04-20 00:00:00,,-17.237
2013-04-20 01:00:00,,-17.231
2013-04-20 02:00:00,,-17.23
2013-04-20 03:00:00,,-17.226
2013-04-20 04:00:00,,-17.228
2013-04-20 05:00:00,,-17.227
2013-04-20 06:00:00,,-17.239
2013-04-20 07:00:00,,-17.242
2013-04-20 08:00:00,,-17.246
2013-04-20 09:00:00,,-17.246
2013-04-20 10:00:00,,-17.249
2013-04-20 11:00:00,,-17.245
2013-04-20 12:00:00,,-17.237
2013-04-20 13:00:00,,-17.232
2013-04-20 14:00:00,,-17.219
2013-04-20 15:00:00,,-17.217
2013-04-20 16:00:00,,-17.211
2013-04-20 17:00:00,,-17.214
2013-04-20 18:00:00,,-17.209
2013-04-20 19:00:00,,-17.214
2013-04-20 20:00:00,,-17.217
2013-04-20 21:00:00,,-17.223
2013-04-20 22:00:00,,-17.224
2013-04-20 23:00:00,,-17.224
2013-04-21 00:00:00,,-17.222
2013-04-21 01:00:00,,-17.222
2013-04-21 02:00:00,,-17.217
2013-04-21 03:00:00,,-17.208
2013-04-21 04:00:00,,-17.21
2013-04-21 05:00:00,,-17.213
2013-04-21 06:00:00,,-17.212
2013-04-21 07:00:00,,-17.211
2013-04-21 08:00:00,,-17.218
2013-04-21 09:00:00,,-17.221
2013-04-21 10:00:00,,-17.219
2013-04-21 11:00:00,,-17.218
2013-04-21 12:00:00,,-17.208
2013-04-21 13:00:00,,-17.204
2013-04-21 14:00:00,,-17.191
2013-04-21 15:00:00,,-17.189
2013-04-21 16:00:00,,-17.185
2013-04-21 17:00:00,,-17.186
2013-04-21 18:00:00,,-17.186
2013-04-21 19:00:00,,-17.192
2013-04-21 20:00:00,,-17.194
2013-04-21 21:00:00,,-17.2
2013-04-21 22:00:00,,-17.196
2013-04-21 23:00:00,,-17.195
2013-04-22 00:00:00,,-17.188
2013-04-22 01:00:00,,-17.187
2013-04-22 02:00:00,,-17.185
2013-04-22 03:00:00,,-17.18
2013-04-22 04:00:00,,-17.181
2013-04-22 05:00:00,,-17.182
2013-04-22 06:00:00,,-17.189
2013-04-22 07:00:00,,-17.194
2013-04-22 08:00:00,,-17.201
2013-04-22 09:00:00,,-17.21
2013-04-22 10:00:00,,-17.215
2013-04-22 11:00:00,,-17.213
2013-04-22 12:00:00,,-17.208
2013-04-22 13:00:00,,-17.199
2013-04-22 14:00:00,,-17.192
2013-04-22 15:00:00,,-17.185
2013-04-22 16:00:00,,-17.186
2013-04-22 17:00:00,,-17.192
2013-04-22 18:00:00,,-17.19
2013-04-22 19:00:00,,-17.198
2013-04-22 20:00:00,,-17.204
2013-04-22 21:00:00,,-17.217
2013-04-22 22:00:00,,-17.229
2013-04-22 23:00:00,,-17.227
2013-04-23 00:00:00,,-17.224
2013-04-23 01:00:00,,-17.227
2013-04-23 02:00:00,,-17.223
2013-04-23 03:00:00,,-17.224
2013-04-23 04:00:00,,-17.221
2013-04-23 05:00:00,,-17.22
2013-04-23 06:00:00,,-17.232
2013-04-23 07:00:00,,-17.238
2013-04-23 08:00:00,,-17.243
2013-04-23 09:00:00,,-17.252
2013-04-23 10:00:00,,-17.255
2013-04-23 11:00:00,,-17.255
2013-04-23 12:00:00,,-17.252
2013-04-23 13:00:00,,-17.246
2013-04-23 14:00:00,,-17.239
2013-04-23 15:00:00,,-17.23
2013-04-23 16:00:00,,-17.228
2013-04-23 17:00:00,,-17.229
2013-04-23 18:00:00,,-17.233
2013-04-23 19:00:00,,-17.236
2013-04-23 20:00:00,,-17.248
2013-04-23 21:00:00,,-17.255
2013-04-23 22:00:00,,-17.262
2013-04-23 23:00:00,,-17.257
2013-04-24 00:00:00,,-17.256
2013-04-24 01:00:00,,-17.254
2013-04-24 02:00:00,,-17.25
2013-04-24 03:00:00,,-17.248
2013-04-24 04:00:00,,-17.247
2013-04-24 05:00:00,,-17.251
2013-04-24 06:00:00,,-17.252
2013-04-24 07:00:00,,-17.265
2013-04-24 08:00:00,,-17.272
2013-04-24 09:00:00,,-17.276
2013-04-24 10:00:00,,-17.284
2013-04-24 11:00:00,,-17.278
2013-04-24 12:00:00,,-17.277
2013-04-24 13:00:00,,-17.266
2013-04-24 14:00:00,,-17.26
2013-04-24 15:00:00,,-17.253
2013-04-24 16:00:00,,-17.248
2013-04-24 17:00:00,,-17.247
2013-04-24 18:00:00,,-17.248
2013-04-24 19:00:00,,-17.254
2013-04-24 20:00:00,,-17.261
2013-04-24 21:00:00,,-17.271
2013-04-24 22:00:00,,-17.27
2013-04-24 23:00:00,,-17.276
2013-04-25 00:00:00,,-17.275
2013-04-25 01:00:00,,-17.276
2013-04-25 02:00:00,,-17.272
2013-04-25 03:00:00,,-17.267
2013-04-25 04:00:00,,-17.269
2013-04-25 05:00:00,,-17.272
2013-04-25 06:00:00,,-17.275
2013-04-25 07:00:00,,-17.279
2013-04-25 08:00:00,,-17.285
2013-04-25 09:00:00,,-17.29
2013-04-25 10:00:00,,-17.293
2013-04-25 11:00:00,,-17.294
2013-04-25 12:00:00,,-17.288
2013-04-25 13:00:00,,-17.282
2013-04-25 14:00:00,,-17.274
2013-04-25 15:00:00,,-17.268
2013-04-25 16:00:00,,-17.262
2013-04-25 17:00:00,,-17.263
2013-04-25 18:00:00,,-17.264
2013-04-25 19:00:00,,-17.272
2013-04-25 20:00:00,,-17.28
2013-04-25 21:00:00,,-17.282
2013-04-25 22:00:00,,-17.29
2013-04-25 23:00:00,,-17.294
2013-04-26 00:00:00,,-17.294
2013-04-26 01:00:00,,-17.293
2013-04-26 02:00:00,,-17.29
2013-04-26 03:00:00,,-17.287
2013-04-26 04:00:00,,-17.283
2013-04-26 05:00:00,,-17.283
2013-04-26 06:00:00,,-17.281
2013-04-26 07:00:00,,-17.285
2013-04-26 08:00:00,,-17.292
2013-04-26 09:00:00,,-17.298
2013-04-26 10:00:00,,-17.302
2013-04-26 11:00:00,,-17.296
2013-04-26 12:00:00,,-17.291
2013-04-26 13:00:00,,-17.286
2013-04-26 14:00:00,,-17.277
2013-04-26 15:00:00,,-17.267
2013-04-26 16:00:00,,-17.264
2013-04-26 17:00:00,,-17.258
2013-04-26 18:00:00,,-17.26
2013-04-26 19:00:00,,-17.261
2013-04-26 20:00:00,,-17.264
2013-04-26 21:00:00,,-17.275
2013-04-26 22:00:00,,-17.277
2013-04-26 23:00:00,,-17.279
2013-04-27 00:00:00,,-17.282
2013-04-27 01:00:00,,-17.282
2013-04-27 02:00:00,,-17.278
2013-04-27 03:00:00,,-17.269
2013-04-27 04:00:00,,-17.263
2013-04-27 05:00:00,,-17.261
2013-04-27 06:00:00,,-17.259
2013-04-27 07:00:00,,-17.26
2013-04-27 08:00:00,,-17.262
2013-04-27 09:00:00,,-17.27
2013-04-27 10:00:00,,-17.271
2013-04-27 11:00:00,,-17.272
2013-04-27 12:00:00,,-17.267
2013-04-27 13:00:00,,-17.258
2013-04-27 14:00:00,,-17.252
2013-04-27 15:00:00,,-17.245
2013-04-27 16:00:00,,-17.24
2013-04-27 17:00:00,,-17.235
2013-04-27 18:00:00,,-17.237
2013-04-27 19:00:00,,-17.243
2013-04-27 20:00:00,,-17.245
2013-04-27 21:00:00,,-17.251
2013-04-27 22:00:00,,-17.254
2013-04-27 23:00:00,,-17.255
2013-04-28 00:00:00,,-17.256
2013-04-28 01:00:00,,-17.256
2013-04-28 02:00:00,,-17.255
2013-04-28 03:00:00,,-17.251
2013-04-28 04:00:00,,-17.251
2013-04-28 05:00:00,,-17.247
2013-04-28 06:00:00,,-17.247
2013-04-28 07:00:00,,-17.25
2013-04-28 08:00:00,,-17.254
2013-04-28 09:00:00,,-17.254
2013-04-28 10:00:00,,-17.259
2013-04-28 11:00:00,,-17.26
2013-04-28 12:00:00,,-17.257
2013-04-28 13:00:00,,-17.248
2013-04-28 14:00:00,,-17.237
2013-04-28 15:00:00,,-17.235
2013-04-28 16:00:00,,-17.234
2013-04-28 17:00:00,,-17.227
2013-04-28 18:00:00,,-17.228
2013-04-28 19:00:00,,-17.233
2013-04-28 20:00:00,,-17.236
2013-04-28 21:00:00,,-17.239
2013-04-28 22:00:00,,-17.246
2013-04-28 23:00:00,,-17.247
2013-04-29 00:00:00,,-17.251
2013-04-29 01:00:00,,-17.249
2013-04-29 02:00:00,,-17.249
2013-04-29 03:00:00,,-17.244
2013-04-29 04:00:00,,-17.245
2013-04-29 05:00:00,,-17.244
2013-04-29 06:00:00,,-17.249
2013-04-29 07:00:00,,-17.249
2013-04-29 08:00:00,,-17.251
2013-04-29 09:00:00,,-17.257
2013-04-29 10:00:00,,-17.258
2013-04-29 11:00:00,,-17.26
2013-04-29 12:00:00,,-17.254
2013-04-29 13:00:00,,-17.252
2013-04-29 14:00:00,,-17.244
2013-04-29 15:00:00,,-17.241
2013-04-29 16:00:00,,-17.237
2013-04-29 17:00:00,,-17.236
2013-04-29 18:00:00,,-17.239
2013-04-29 19:00:00,,-17.241
2013-04-29 20:00:00,,-17.244
2013-04-29 21:00:00,,-17.251
2013-04-29 22:00:00,,-17.247
2013-04-29 23:00:00,,-17.254
2013-04-30 00:00:00,,-17.255
2013-04-30 01:00:00,,-17.252
2013-04-30 02:00:00,,-17.254
2013-04-30 03:00:00,,-17.248
2013-04-30 04:00:00,,-17.252
2013-04-30 05:00:00,,-17.251
2013-04-30 06:00:00,,-17.254
2013-04-30 07:00:00,,-17.256
2013-04-30 08:00:00,,-17.262
2013-04-30 09:00:00,,-17.262
2013-04-30 10:00:00,,-17.264
2013-04-30 11:00:00,,-17.262
2013-04-30 12:00:00,,-17.257
2013-04-30 13:00:00,,-17.253
2013-04-30 14:00:00,,-17.246
2013-04-30 15:00:00,,-17.242
2013-04-30 16:00:00,,-17.235
2013-04-30 17:00:00,,-17.235
2013-04-30 18:00:00,,-17.237
2013-04-30 19:00:00,,-17.238
2013-04-30 20:00:00,,-17.246
2013-04-30 21:00:00,,-17.247
2013-04-30 22:00:00,,-17.25
2013-04-30 23:00:00,,-17.253
2013-05-01 00:00:00,,-17.25
2013-05-01 01:00:00,,-17.254
2013-05-01 02:00:00,,-17.248
2013-05-01 03:00:00,,-17.248
2013-05-01 04:00:00,,-17.244
2013-05-01 05:00:00,,-17.245
2013-05-01 06:00:00,,-17.249
2013-05-01 07:00:00,,-17.251
2013-05-01 08:00:00,,-17.253
2013-05-01 09:00:00,,-17.255
2013-05-01 10:00:00,,-17.256
2013-05-01 11:00:00,,-17.251
2013-05-01 12:00:00,,-17.249
2013-05-01 13:00:00,,-17.238
2013-05-01 14:00:00,,-17.234
2013-05-01 15:00:00,,-17.23
2013-05-01 16:00:00,,-17.227
2013-05-01 17:00:00,,-17.23
2013-05-01 18:00:00,,-17.229
2013-05-01 19:00:00,,-17.232
2013-05-01 20:00:00,,-17.236
2013-05-01 21:00:00,,-17.24
2013-05-01 22:00:00,,-17.246
2013-05-01 23:00:00,,-17.246
2013-05-02 00:00:00,,-17.245
2013-05-02 01:00:00,,-17.246
2013-05-02 02:00:00,,-17.245
2013-05-02 03:00:00,,-17.24
2013-05-02 04:00:00,,-17.245
2013-05-02 05:00:00,,-17.245
2013-05-02 06:00:00,,-17.245
2013-05-02 07:00:00,,-17.246
2013-05-02 08:00:00,,-17.25
2013-05-02 09:00:00,,-17.249
2013-05-02 10:00:00,,-17.251
2013-05-02 11:00:00,,-17.25
2013-05-02 12:00:00,,-17.241
2013-05-02 13:00:00,,-17.235
2013-05-02 14:00:00,,-17.228
2013-05-02 15:00:00,,-17.227
2013-05-02 16:00:00,,-17.226
2013-05-02 17:00:00,,-17.226
2013-05-02 18:00:00,,-17.229
2013-05-02 19:00:00,,-17.235
2013-05-02 20:00:00,,-17.24
2013-05-02 21:00:00,,-17.242
2013-05-02 22:00:00,,-17.244
2013-05-02 23:00:00,,-17.243
2013-05-03 00:00:00,,-17.238
2013-05-03 01:00:00,,-17.242
2013-05-03 02:00:00,,-17.24
2013-05-03 03:00:00,,-17.242
2013-05-03 04:00:00,,-17.242
2013-05-03 05:00:00,,-17.241
2013-05-03 06:00:00,,-17.247
2013-05-03 07:00:00,,-17.252
2013-05-03 08:00:00,,-17.256
2013-05-03 09:00:00,,-17.256
2013-05-03 10:00:00,,-17.26
2013-05-03 11:00:00,,-17.257
2013-05-03 12:00:00,,-17.253
2013-05-03 13:00:00,,-17.243
2013-05-03 14:00:00,,-17.24
2013-05-03 15:00:00,,-17.234
2013-05-03 16:00:00,,-17.23
2013-05-03 17:00:00,,-17.23
2013-05-03 18:00:00,,-17.236
2013-05-03 19:00:00,,-17.238
2013-05-03 20:00:00,,-17.242
2013-05-03 21:00:00,,-17.249
2013-05-03 22:00:00,,-17.252
2013-05-03 23:00:00,,-17.253
2013-05-04 00:00:00,,-17.252
2013-05-04 01:00:00,,-17.253
2013-05-04 02:00:00,,-17.25
2013-05-04 03:00:00,,-17.25
2013-05-04 04:00:00,,-17.247
2013-05-04 05:00:00,,-17.25
2013-05-04 06:00:00,,-17.252
2013-05-04 07:00:00,,-17.258
2013-05-04 08:00:00,,-17.264
2013-05-04 09:00:00,,-17.265
2013-05-04 10:00:00,,-17.266
2013-05-04 11:00:00,,-17.262
2013-05-04 12:00:00,,-17.254
2013-05-04 13:00:00,,-17.246
2013-05-04 14:00:00,,-17.238
2013-05-04 15:00:00,,-17.232
2013-05-04 16:00:00,,-17.229
2013-05-04 17:00:00,,-17.229
2013-05-04 18:00:00,,-17.235
2013-05-04 19:00:00,,-17.242
2013-05-04 20:00:00,,-17.245
2013-05-04 21:00:00,,-17.248
2013-05-04 22:00:00,,-17.249
2013-05-04 23:00:00,,-17.249
2013-05-05 00:00:00,,-17.245
2013-05-05 01:00:00,,-17.241
2013-05-05 02:00:00,,-17.238
2013-05-05 03:00:00,,-17.235
2013-05-05 04:00:00,,-17.237
2013-05-05 05:00:00,,-17.233
2013-05-05 06:00:00,,-17.237
2013-05-05 07:00:00,,-17.241
2013-05-05 08:00:00,,-17.251
2013-05-05 09:00:00,,-17.252
2013-05-05 10:00:00,,-17.251
2013-05-05 11:00:00,,-17.244
2013-05-05 12:00:00,,-17.236
2013-05-05 13:00:00,,-17.23
2013-05-05 14:00:00,,-17.222
2013-05-05 15:00:00,,-17.216
2013-05-05 16:00:00,,-17.213
2013-05-05 17:00:00,,-17.212
2013-05-05 18:00:00,,-17.211
2013-05-05 19:00:00,,-17.221
2013-05-05 20:00:00,,-17.227
2013-05-05 21:00:00,,-17.23
2013-05-05 22:00:00,,-17.232
2013-05-05 23:00:00,,-17.233
2013-05-06 00:00:00,,-17.231
2013-05-06 01:00:00,,-17.228
2013-05-06 02:00:00,,-17.225
2013-05-06 03:00:00,,-17.222
2013-05-06 04:00:00,,-17.222
2013-05-06 05:00:00,,-17.222
2013-05-06 06:00:00,,-17.224
2013-05-06 07:00:00,,-17.23
2013-05-06 08:00:00,,-17.235
2013-05-06 09:00:00,,-17.239
2013-05-06 10:00:00,,-17.24
2013-05-06 11:00:00,,-17.239
2013-05-06 12:00:00,,-17.229
2013-05-06 13:00:00,,-17.221
2013-05-06 14:00:00,,-17.214
2013-05-06 15:00:00,,-17.203
2013-05-06 16:00:00,,-17.205
2013-05-06 17:00:00,,-17.203
2013-05-06 18:00:00,,-17.207
2013-05-06 19:00:00,,-17.21
2013-05-06 20:00:00,,-17.219
2013-05-06 21:00:00,,-17.226
2013-05-06 22:00:00,,-17.225
2013-05-06 23:00:00,,-17.226
2013-05-07 00:00:00,,-17.223
2013-05-07 01:00:00,,-17.221
2013-05-07 02:00:00,,-17.217
2013-05-07 03:00:00,,-17.212
2013-05-07 04:00:00,,-17.211
2013-05-07 05:00:00,,-17.214
2013-05-07 06:00:00,,-17.219
2013-05-07 07:00:00,,-17.225
2013-05-07 08:00:00,,-17.235
2013-05-07 09:00:00,,-17.237
2013-05-07 10:00:00,,-17.241
2013-05-07 11:00:00,,-17.24
2013-05-07 12:00:00,,-17.236
2013-05-07 13:00:00,,-17.23
2013-05-07 14:00:00,,-17.221
2013-05-07 15:00:00,,-17.217
2013-05-07 16:00:00,,-17.214
2013-05-07 17:00:00,,-17.211
2013-05-07 18:00:00,,-17.216
2013-05-07 19:00:00,,-17.224
2013-05-07 20:00:00,,-17.23
2013-05-07 21:00:00,,-17.236
2013-05-07 22:00:00,,-17.24
2013-05-07 23:00:00,,-17.239
2013-05-08 00:00:00,,-17.238
2013-05-08 01:00:00,,-17.238
2013-05-08 02:00:00,,-17.238
2013-05-08 03:00:00,,-17.229
2013-05-08 04:00:00,,-17.232
2013-05-08 05:00:00,,-17.233
2013-05-08 06:00:00,,-17.236
2013-05-08 07:00:00,,-17.244
2013-05-08 08:00:00,,-17.248
2013-05-08 09:00:00,,-17.25
2013-05-08 10:00:00,,-17.259
2013-05-08 11:00:00,,-17.258
2013-05-08 12:00:00,,-17.255
2013-05-08 13:00:00,,-17.245
2013-05-08 14:00:00,,-17.235
2013-05-08 15:00:00,,-17.229
2013-05-08 16:00:00,,-17.223
2013-05-08 17:00:00,,-17.223
2013-05-08 18:00:00,,-17.226
2013-05-08 19:00:00,,-17.23
2013-05-08 20:00:00,,-17.236
2013-05-08 21:00:00,,-17.244
2013-05-08 22:00:00,,-17.249
2013-05-08 23:00:00,,-17.251
2013-05-09 00:00:00,,-17.252
2013-05-09 01:00:00,,-17.25
2013-05-09 02:00:00,,-17.245
2013-05-09 03:00:00,,-17.246
2013-05-09 04:00:00,,-17.242
2013-05-09 05:00:00,,-17.24
2013-05-09 06:00:00,,-17.241
2013-05-09 07:00:00,,-17.246
2013-05-09 08:00:00,,-17.25
2013-05-09 09:00:00,,-17.253
2013-05-09 10:00:00,,-17.256
2013-05-09 11:00:00,,-17.258
2013-05-09 12:00:00,,-17.253
2013-05-09 13:00:00,,-17.249
2013-05-09 14:00:00,,-17.239
2013-05-09 15:00:00,,-17.232
2013-05-09 16:00:00,,-17.232
2013-05-09 17:00:00,,-17.232
2013-05-09 18:00:00,,-17.231
2013-05-09 19:00:00,,-17.237
2013-05-09 20:00:00,,-17.242
2013-05-09 21:00:00,,-17.246
2013-05-09 22:00:00,,-17.249
2013-05-09 23:00:00,,-17.252
2013-05-10 00:00:00,,-17.254
2013-05-10 01:00:00,,-17.251
2013-05-10 02:00:00,,-17.245
2013-05-10 03:00:00,,-17.241
2013-05-10 04:00:00,,-17.24
2013-05-10 05:00:00,,-17.24
2013-05-10 06:00:00,,-17.239
2013-05-10 07:00:00,,-17.246
2013-05-10 08:00:00,,-17.251
2013-05-10 09:00:00,,-17.257
2013-05-10 10:00:00,,-17.259
2013-05-10 11:00:00,,-17.258
2013-05-10 12:00:00,,-17.254
2013-05-10 13:00:00,,-17.246
2013-05-10 14:00:00,,-17.237
2013-05-10 15:00:00,,-17.23
2013-05-10 16:00:00,,-17.227
2013-05-10 17:00:00,,-17.222
2013-05-10 18:00:00,,-17.226
2013-05-10 19:00:00,,-17.229
2013-05-10 20:00:00,,-17.23
2013-05-10 21:00:00,,-17.236
2013-05-10 22:00:00,,-17.238
2013-05-10 23:00:00,,-17.239
2013-05-11 00:00:00,,-17.242
2013-05-11 01:00:00,,-17.238
2013-05-11 02:00:00,,-17.238
2013-05-11 03:00:00,,-17.235
2013-05-11 04:00:00,,-17.233
2013-05-11 05:00:00,,-17.232
2013-05-11 06:00:00,,-17.23
2013-05-11 07:00:00,,-17.235
2013-05-11 08:00:00,,-17.239
2013-05-11 09:00:00,,-17.245
2013-05-11 10:00:00,,-17.245
2013-05-11 11:00:00,,-17.247
2013-05-11 12:00:00,,-17.242
2013-05-11 13:00:00,,-17.237
2013-05-11 14:00:00,,-17.228
2013-05-11 15:00:00,,-17.219
2013-05-11 16:00:00,,-17.217
2013-05-11 17:00:00,,-17.214
2013-05-11 18:00:00,,-17.215
2013-05-11 19:00:00,,-17.217
2013-05-11 20:00:00,,-17.22
2013-05-11 21:00:00,,-17.225
2013-05-11 22:00:00,,-17.226
2013-05-11 23:00:00,,-17.229
2013-05-12 00:00:00,,-17.225
2013-05-12 01:00:00,,-17.229
2013-05-12 02:00:00,,-17.23
2013-05-12 03:00:00,,-17.23
2013-05-12 04:00:00,,-17.233
2013-05-12 05:00:00,,-17.228
2013-05-12 06:00:00,,-17.233
2013-05-12 07:00:00,,-17.238
2013-05-12 08:00:00,,-17.245
2013-05-12 09:00:00,,-17.254
2013-05-12 10:00:00,,-17.259
2013-05-12 11:00:00,,-17.264
2013-05-12 12:00:00,,-17.266
2013-05-12 13:00:00,,-17.266
2013-05-12 14:00:00,,-17.264
2013-05-12 15:00:00,,-17.26
2013-05-12 16:00:00,,-17.25
2013-05-12 17:00:00,,-17.25
2013-05-12 18:00:00,,-17.251
2013-05-12 19:00:00,,-17.254
2013-05-12 20:00:00,,-17.257
2013-05-12 21:00:00,,-17.256
2013-05-12 22:00:00,,-17.259
2013-05-12 23:00:00,,-17.261
2013-05-13 00:00:00,,-17.266
2013-05-13 01:00:00,,-17.26
2013-05-13 02:00:00,,-17.258
2013-05-13 03:00:00,,-17.258
2013-05-13 04:00:00,,-17.251
2013-05-13 05:00:00,,-17.253
2013-05-13 06:00:00,,-17.25
2013-05-13 07:00:00,,-17.251
2013-05-13 08:00:00,,-17.254
2013-05-13 09:00:00,,-17.261
2013-05-13 10:00:00,,-17.269
2013-05-13 11:00:00,,-17.27
2013-05-13 12:00:00,,-17.269
2013-05-13 13:00:00,,-17.264
2013-05-13 14:00:00,,-17.259
2013-05-13 15:00:00,,-17.258
2013-05-13 16:00:00,,-17.254
2013-05-13 17:00:00,,-17.257
2013-05-13 18:00:00,,-17.255
2013-05-13 19:00:00,,-17.258
2013-05-13 20:00:00,,-17.264
2013-05-13 21:00:00,,-17.264
2013-05-13 22:00:00,,-17.268
2013-05-13 23:00:00,,-17.268
2013-05-14 00:00:00,,-17.266
2013-05-14 01:00:00,,-17.263
2013-05-14 02:00:00,,-17.262
2013-05-14 03:00:00,,-17.257
2013-05-14 04:00:00,,-17.254
2013-05-14 05:00:00,,-17.253
2013-05-14 06:00:00,,-17.248
2013-05-14 07:00:00,,-17.249
2013-05-14 08:00:00,,-17.252
2013-05-14 09:00:00,,-17.258
2013-05-14 10:00:00,,-17.259
2013-05-14 11:00:00,,-17.258
2013-05-14 12:00:00,,-17.254
2013-05-14 13:00:00,,-17.249
2013-05-14 14:00:00,,-17.242
2013-05-14 15:00:00,,-17.233
2013-05-14 16:00:00,,-17.23
2013-05-14 17:00:00,,-17.233
2013-05-14 18:00:00,,-17.234
2013-05-14 19:00:00,,-17.239
2013-05-14 20:00:00,,-17.238
2013-05-14 21:00:00,,-17.24
2013-05-14 22:00:00,,-17.245
2013-05-14 23:00:00,,-17.248
2013-05-15 00:00:00,,-17.249
2013-05-15 01:00:00,,-17.251
2013-05-15 02:00:00,,-17.241
2013-05-15 03:00:00,,-17.24
2013-05-15 04:00:00,,-17.238
2013-05-15 05:00:00,,-17.239
2013-05-15 06:00:00,,-17.235
2013-05-15 07:00:00,,-17.235
2013-05-15 08:00:00,,-17.234
2013-05-15 09:00:00,,-17.238
2013-05-15 10:00:00,,-17.246
2013-05-15 11:00:00,,-17.245
2013-05-15 12:00:00,,-17.234
2013-05-15 13:00:00,,-17.23
2013-05-15 14:00:00,,-17.228
2013-05-15 15:00:00,,-17.223
2013-05-15 16:00:00,,-17.221
2013-05-15 17:00:00,,-17.224
2013-05-15 18:00:00,,-17.224
2013-05-15 19:00:00,,-17.224
2013-05-15 20:00:00,,-17.226
2013-05-15 21:00:00,,-17.231
2013-05-15 22:00:00,,-17.232
2013-05-15 23:00:00,,-17.237
2013-05-16 00:00:00,,-17.237
2013-05-16 01:00:00,,-17.239
2013-05-16 02:00:00,,-17.242
2013-05-16 03:00:00,,-17.242
2013-05-16 04:00:00,,-17.238
2013-05-16 05:00:00,,-17.237
2013-05-16 06:00:00,,-17.234
2013-05-16 07:00:00,,-17.236
2013-05-16 08:00:00,,-17.239
2013-05-16 09:00:00,,-17.24
2013-05-16 10:00:00,,-17.244
2013-05-16 11:00:00,,-17.242
2013-05-16 12:00:00,,-17.242
2013-05-16 13:00:00,,-17.234
2013-05-16 14:00:00,,-17.23
2013-05-16 15:00:00,,-17.229
2013-05-16 16:00:00,,-17.226
2013-05-16 17:00:00,,-17.229
2013-05-16 18:00:00,,-17.231
2013-05-16 19:00:00,,-17.234
2013-05-16 20:00:00,,-17.236
2013-05-16 21:00:00,,-17.239
2013-05-16 22:00:00,,-17.245
2013-05-16 23:00:00,,-17.243
2013-05-17 00:00:00,,-17.245
2013-05-17 01:00:00,,-17.245
2013-05-17 02:00:00,,-17.244
2013-05-17 03:00:00,,-17.238
2013-05-17 04:00:00,,-17.241
2013-05-17 05:00:00,,-17.243
2013-05-17 06:00:00,,-17.24
2013-05-17 07:00:00,,-17.244
2013-05-17 08:00:00,,-17.248
2013-05-17 09:00:00,,-17.25
2013-05-17 10:00:00,,-17.25
2013-05-17 11:00:00,,-17.248
2013-05-17 12:00:00,,-17.241
2013-05-17 13:00:00,,-17.239
2013-05-17 14:00:00,,-17.238
2013-05-17 15:00:00,,-17.236
2013-05-17 16:00:00,,-17.24
2013-05-17 17:00:00,,-17.239
2013-05-17 18:00:00,,-17.247
2013-05-17 19:00:00,,-17.244
2013-05-17 20:00:00,,-17.251
2013-05-17 21:00:00,,-17.251
2013-05-17 22:00:00,,-17.254
2013-05-17 23:00:00,,-17.254
2013-05-18 00:00:00,,-17.255
2013-05-18 01:00:00,,-17.25
2013-05-18 02:00:00,,-17.251
2013-05-18 03:00:00,,-17.247
2013-05-18 04:00:00,,-17.25
2013-05-18 05:00:00,,-17.245
2013-05-18 06:00:00,,-17.249
2013-05-18 07:00:00,,-17.249
2013-05-18 08:00:00,,-17.257
2013-05-18 09:00:00,,-17.261
2013-05-18 10:00:00,,-17.265
2013-05-18 11:00:00,,-17.261
2013-05-18 12:00:00,,-17.254
2013-05-18 13:00:00,,-17.248
2013-05-18 14:00:00,,-17.239
2013-05-18 15:00:00,,-17.234
2013-05-18 16:00:00,,-17.232
2013-05-18 17:00:00,,-17.235
2013-05-18 18:00:00,,-17.236
2013-05-18 19:00:00,,-17.239
2013-05-18 20:00:00,,-17.244
2013-05-18 21:00:00,,-17.247
2013-05-18 22:00:00,,-17.248
2013-05-18 23:00:00,,-17.251
2013-05-19 00:00:00,,-17.251
2013-05-19 01:00:00,,-17.249
2013-05-19 02:00:00,,-17.25
2013-05-19 03:00:00,,-17.25
2013-05-19 04:00:00,,-17.247
2013-05-19 05:00:00,,-17.249
2013-05-19 06:00:00,,-17.251
2013-05-19 07:00:00,,-17.252
2013-05-19 08:00:00,,-17.258
2013-05-19 09:00:00,,-17.258
2013-05-19 10:00:00,,-17.257
2013-05-19 11:00:00,,-17.256
2013-05-19 12:00:00,,-17.249
2013-05-19 13:00:00,,-17.244
2013-05-19 14:00:00,,-17.234
2013-05-19 15:00:00,,-17.228
2013-05-19 16:00:00,,-17.226
2013-05-19 17:00:00,,-17.226
2013-05-19 18:00:00,,-17.23
2013-05-19 19:00:00,,-17.232
2013-05-19 20:00:00,,-17.235
2013-05-19 21:00:00,,-17.24
2013-05-19 22:00:00,,-17.239
2013-05-19 23:00:00,,-17.241
2013-05-20 00:00:00,,-17.236
2013-05-20 01:00:00,,-17.236
2013-05-20 02:00:00,,-17.233
2013-05-20 03:00:00,,-17.232
2013-05-20 04:00:00,,-17.23
2013-05-20 05:00:00,,-17.229
2013-05-20 06:00:00,,-17.229
2013-05-20 07:00:00,,-17.233
2013-05-20 08:00:00,,-17.234
2013-05-20 09:00:00,,-17.238
2013-05-20 10:00:00,,-17.233
2013-05-20 11:00:00,,-17.231
2013-05-20 12:00:00,,-17.225
2013-05-20 13:00:00,,-17.216
2013-05-20 14:00:00,,-17.21
2013-05-20 15:00:00,,-17.208
2013-05-20 16:00:00,,-17.206
2013-05-20 17:00:00,,-17.205
2013-05-20 18:00:00,,-17.206
2013-05-20 19:00:00,,-17.211
2013-05-20 20:00:00,,-17.215
2013-05-20 21:00:00,,-17.22
2013-05-20 22:00:00,,-17.219
2013-05-20 23:00:00,,-17.217
2013-05-21 00:00:00,,-17.213
2013-05-21 01:00:00,,-17.206
2013-05-21 02:00:00,,-17.203
2013-05-21 03:00:00,,-17.203
2013-05-21 04:00:00,,-17.201
2013-05-21 05:00:00,,-17.202
2013-05-21 06:00:00,,-17.208
2013-05-21 07:00:00,,-17.21
2013-05-21 08:00:00,,-17.209
2013-05-21 09:00:00,,-17.212
2013-05-21 10:00:00,,-17.209
2013-05-21 11:00:00,,-17.2
2013-05-21 12:00:00,,-17.191
2013-05-21 13:00:00,,-17.186
2013-05-21 14:00:00,,-17.174
2013-05-21 15:00:00,,-17.174
2013-05-21 16:00:00,,-17.172
2013-05-21 17:00:00,,-17.177
2013-05-21 18:00:00,,-17.179
2013-05-21 19:00:00,,-17.186
2013-05-21 20:00:00,,-17.191
2013-05-21 21:00:00,,-17.198
2013-05-21 22:00:00,,-17.2
2013-05-21 23:00:00,,-17.202
2013-05-22 00:00:00,,-17.203
2013-05-22 01:00:00,,-17.198
2013-05-22 02:00:00,,-17.197
2013-05-22 03:00:00,,-17.195
2013-05-22 04:00:00,,-17.195
2013-05-22 05:00:00,,-17.198
2013-05-22 06:00:00,,-17.202
2013-05-22 07:00:00,,-17.206
2013-05-22 08:00:00,,-17.215
2013-05-22 09:00:00,,-17.219
2013-05-22 10:00:00,,-17.223
2013-05-22 11:00:00,,-17.224
2013-05-22 12:00:00,,-17.218
2013-05-22 13:00:00,,-17.214
2013-05-22 14:00:00,,-17.208
2013-05-22 15:00:00,,-17.206
2013-05-22 16:00:00,,-17.208
2013-05-22 17:00:00,,-17.211
2013-05-22 18:00:00,,-17.214
2013-05-22 19:00:00,,-17.225
2013-05-22 20:00:00,,-17.233
2013-05-22 21:00:00,,-17.241
2013-05-22 22:00:00,,-17.245
2013-05-22 23:00:00,,-17.245
2013-05-23 00:00:00,,-17.244
2013-05-23 01:00:00,,-17.243
2013-05-23 02:00:00,,-17.243
2013-05-23 03:00:00,,-17.24
2013-05-23 04:00:00,,-17.241
2013-05-23 05:00:00,,-17.242
2013-05-23 06:00:00,,-17.242
2013-05-23 07:00:00,,-17.249
2013-05-23 08:00:00,,-17.26
2013-05-23 09:00:00,,-17.265
2013-05-23 10:00:00,,-17.268
2013-05-23 11:00:00,,-17.269
2013-05-23 12:00:00,,-17.265
2013-05-23 13:00:00,,-17.258
2013-05-23 14:00:00,,-17.252
2013-05-23 15:00:00,,-17.248
2013-05-23 16:00:00,,-17.245
2013-05-23 17:00:00,,-17.244
2013-05-23 18:00:00,,-17.249
2013-05-23 19:00:00,,-17.258
2013-05-23 20:00:00,,-17.268
2013-05-23 21:00:00,,-17.276
2013-05-23 22:00:00,,-17.283
2013-05-23 23:00:00,,-17.285
2013-05-24 00:00:00,,-17.282
2013-05-24 01:00:00,,-17.281
2013-05-24 02:00:00,,-17.278
2013-05-24 03:00:00,,-17.278
2013-05-24 04:00:00,,-17.274
2013-05-24 05:00:00,,-17.275
2013-05-24 06:00:00,,-17.277
2013-05-24 07:00:00,,-17.281
2013-05-24 08:00:00,,-17.289
2013-05-24 09:00:00,,-17.296
2013-05-24 10:00:00,,-17.3
2013-05-24 11:00:00,,-17.297
2013-05-24 12:00:00,,-17.293
2013-05-24 13:00:00,,-17.286
2013-05-24 14:00:00,,-17.274
2013-05-24 15:00:00,,-17.271
2013-05-24 16:00:00,,-17.268
2013-05-24 17:00:00,,-17.271
2013-05-24 18:00:00,,-17.273
2013-05-24 19:00:00,,-17.278
2013-05-24 20:00:00,,-17.285
2013-05-24 21:00:00,,-17.288
2013-05-24 22:00:00,,-17.294
2013-05-24 23:00:00,,-17.294
2013-05-25 00:00:00,,-17.294
2013-05-25 01:00:00,,-17.289
2013-05-25 02:00:00,,-17.286
2013-05-25 03:00:00,,-17.283
2013-05-25 04:00:00,,-17.282
2013-05-25 05:00:00,,-17.281
2013-05-25 06:00:00,,-17.281
2013-05-25 07:00:00,,-17.283
2013-05-25 08:00:00,,-17.291
2013-05-25 09:00:00,,-17.296
2013-05-25 10:00:00,,-17.3
2013-05-25 11:00:00,,-17.302
2013-05-25 12:00:00,,-17.298
2013-05-25 13:00:00,,-17.288
2013-05-25 14:00:00,,-17.283
2013-05-25 15:00:00,,-17.274
2013-05-25 16:00:00,,-17.273
2013-05-25 17:00:00,,-17.269
2013-05-25 18:00:00,,-17.269
2013-05-25 19:00:00,,-17.275
2013-05-25 20:00:00,,-17.281
2013-05-25 21:00:00,,-17.288
2013-05-25 22:00:00,,-17.288
2013-05-25 23:00:00,,-17.289
2013-05-26 00:00:00,,-17.292
2013-05-26 01:00:00,,-17.29
2013-05-26 02:00:00,,-17.287
2013-05-26 03:00:00,,-17.283
2013-05-26 04:00:00,,-17.282
2013-05-26 05:00:00,,-17.277
2013-05-26 06:00:00,,-17.28
2013-05-26 07:00:00,,-17.281
2013-05-26 08:00:00,,-17.283
2013-05-26 09:00:00,,-17.285
2013-05-26 10:00:00,,-17.289
2013-05-26 11:00:00,,-17.29
2013-05-26 12:00:00,,-17.283
2013-05-26 13:00:00,,-17.277
2013-05-26 14:00:00,,-17.269
2013-05-26 15:00:00,,-17.263
2013-05-26 16:00:00,,-17.26
2013-05-26 17:00:00,,-17.256
2013-05-26 18:00:00,,-17.255
2013-05-26 19:00:00,,-17.259
2013-05-26 20:00:00,,-17.264
2013-05-26 21:00:00,,-17.269
2013-05-26 22:00:00,,-17.272
2013-05-26 23:00:00,,-17.277
2013-05-27 00:00:00,,-17.28
2013-05-27 01:00:00,,-17.276
2013-05-27 02:00:00,,-17.275
2013-05-27 03:00:00,,-17.271
2013-05-27 04:00:00,,-17.265
2013-05-27 05:00:00,,-17.262
2013-05-27 06:00:00,,-17.263
2013-05-27 07:00:00,,-17.26
2013-05-27 08:00:00,,-17.266
2013-05-27 09:00:00,,-17.271
2013-05-27 10:00:00,,-17.273
2013-05-27 11:00:00,,-17.272
2013-05-27 12:00:00,,-17.272
2013-05-27 13:00:00,,-17.265
2013-05-27 14:00:00,,-17.256
2013-05-27 15:00:00,,-17.249
2013-05-27 16:00:00,,-17.246
2013-05-27 17:00:00,,-17.241
2013-05-27 18:00:00,,-17.24
2013-05-27 19:00:00,,-17.246
2013-05-27 20:00:00,,-17.248
2013-05-27 21:00:00,,-17.252
2013-05-27 22:00:00,,-17.254
2013-05-27 23:00:00,,-17.262
2013-05-28 00:00:00,,-17.256
2013-05-28 01:00:00,,-17.256
2013-05-28 02:00:00,,-17.26
2013-05-28 03:00:00,,-17.257
2013-05-28 04:00:00,,-17.251
2013-05-28 05:00:00,,-17.249
2013-05-28 06:00:00,,-17.246
2013-05-28 07:00:00,,-17.248
2013-05-28 08:00:00,,-17.251
2013-05-28 09:00:00,,-17.253
2013-05-28 10:00:00,,-17.254
2013-05-28 11:00:00,,-17.257
2013-05-28 12:00:00,,-17.251
2013-05-28 13:00:00,,-17.247
2013-05-28 14:00:00,,-17.243
2013-05-28 15:00:00,,-17.239
2013-05-28 16:00:00,,-17.236
2013-05-28 17:00:00,,-17.232
2013-05-28 18:00:00,,-17.232
2013-05-28 19:00:00,,-17.236
2013-05-28 20:00:00,,-17.236
2013-05-28 21:00:00,,-17.238
2013-05-28 22:00:00,,-17.241
2013-05-28 23:00:00,,-17.245
2013-05-29 00:00:00,,-17.247
2013-05-29 01:00:00,,-17.247
2013-05-29 02:00:00,,-17.247
2013-05-29 03:00:00,,-17.247
2013-05-29 04:00:00,,-17.246
2013-05-29 05:00:00,,-17.243
2013-05-29 06:00:00,,-17.243
2013-05-29 07:00:00,,-17.243
2013-05-29 08:00:00,,-17.246
2013-05-29 09:00:00,,-17.25
2013-05-29 10:00:00,,-17.25
2013-05-29 11:00:00,,-17.251
2013-05-29 12:00:00,,-17.246
2013-05-29 13:00:00,,-17.242
2013-05-29 14:00:00,,-17.235
2013-05-29 15:00:00,,-17.23
2013-05-29 16:00:00,,-17.224
2013-05-29 17:00:00,,-17.224
2013-05-29 18:00:00,,-17.224
2013-05-29 19:00:00,,-17.224
2013-05-29 20:00:00,,-17.228
2013-05-29 21:00:00,,-17.232
2013-05-29 22:00:00,,-17.234
2013-05-29 23:00:00,,-17.235
2013-05-30 00:00:00,,-17.235
2013-05-30 01:00:00,,-17.229
2013-05-30 02:00:00,,-17.232
2013-05-30 03:00:00,,-17.232
2013-05-30 04:00:00,,-17.232
2013-05-30 05:00:00,,-17.231
2013-05-30 06:00:00,,-17.236
2013-05-30 07:00:00,,-17.236
2013-05-30 08:00:00,,-17.24
2013-05-30 09:00:00,,-17.241
2013-05-30 10:00:00,,-17.238
2013-05-30 11:00:00,,-17.241
2013-05-30 12:00:00,,-17.239
2013-05-30 13:00:00,,-17.236
2013-05-30 14:00:00,,-17.229
2013-05-30 15:00:00,,-17.227
2013-05-30 16:00:00,,-17.225
2013-05-30 17:00:00,,-17.223
2013-05-30 18:00:00,,-17.223
2013-05-30 19:00:00,,-17.226
2013-05-30 20:00:00,,-17.231
2013-05-30 21:00:00,,-17.235
2013-05-30 22:00:00,,-17.234
2013-05-30 23:00:00,,-17.232
2013-05-31 00:00:00,,-17.23
2013-05-31 01:00:00,,-17.233
2013-05-31 02:00:00,,-17.232
2013-05-31 03:00:00,,-17.234
2013-05-31 04:00:00,,-17.235
2013-05-31 05:00:00,,-17.235
2013-05-31 06:00:00,,-17.239
2013-05-31 07:00:00,,-17.24
2013-05-31 08:00:00,,-17.241
2013-05-31 09:00:00,,-17.242
2013-05-31 10:00:00,,-17.245
2013-05-31 11:00:00,,-17.245
2013-05-31 12:00:00,,-17.239
2013-05-31 13:00:00,,-17.232
2013-05-31 14:00:00,,-17.225
2013-05-31 15:00:00,,-17.225
2013-05-31 16:00:00,,-17.22
2013-05-31 17:00:00,,-17.217
2013-05-31 18:00:00,,-17.219
2013-05-31 19:00:00,,-17.225
2013-05-31 20:00:00,,-17.224
2013-05-31 21:00:00,,-17.23
2013-05-31 22:00:00,,-17.232
2013-05-31 23:00:00,,-17.231
2013-06-01 00:00:00,,-17.231
2013-06-01 01:00:00,,-17.228
2013-06-01 02:00:00,,-17.228
2013-06-01 03:00:00,,-17.225
2013-06-01 04:00:00,,-17.227
2013-06-01 05:00:00,,-17.227
2013-06-01 06:00:00,,-17.228
2013-06-01 07:00:00,,-17.232
2013-06-01 08:00:00,,-17.236
2013-06-01 09:00:00,,-17.238
2013-06-01 10:00:00,,-17.237
2013-06-01 11:00:00,,-17.238
2013-06-01 12:00:00,,-17.232
2013-06-01 13:00:00,,-17.226
2013-06-01 14:00:00,,-17.219
2013-06-01 15:00:00,,-17.219
2013-06-01 16:00:00,,-17.219
2013-06-01 17:00:00,,-17.221
2013-06-01 18:00:00,,-17.224
2013-06-01 19:00:00,,-17.231
2013-06-01 20:00:00,,-17.238
2013-06-01 21:00:00,,-17.241
2013-06-01 22:00:00,,-17.245
2013-06-01 23:00:00,,-17.245
2013-06-02 00:00:00,,-17.245
2013-06-02 01:00:00,,-17.246
2013-06-02 02:00:00,,-17.247
2013-06-02 03:00:00,,-17.247
2013-06-02 04:00:00,,-17.249
2013-06-02 05:00:00,,-17.251
2013-06-02 06:00:00,,-17.257
2013-06-02 07:00:00,,-17.262
2013-06-02 08:00:00,,-17.266
2013-06-02 09:00:00,,-17.268
2013-06-02 10:00:00,,-17.268
2013-06-02 11:00:00,,-17.265
2013-06-02 12:00:00,,-17.259
2013-06-02 13:00:00,,-17.25
2013-06-02 14:00:00,,-17.246
2013-06-02 15:00:00,,-17.243
2013-06-02 16:00:00,,-17.242
2013-06-02 17:00:00,,-17.248
2013-06-02 18:00:00,,-17.252
2013-06-02 19:00:00,,-17.257
2013-06-02 20:00:00,,-17.259
2013-06-02 21:00:00,,-17.262
2013-06-02 22:00:00,,-17.267
2013-06-02 23:00:00,,-17.266
2013-06-03 00:00:00,,-17.264
2013-06-03 01:00:00,,-17.26
2013-06-03 02:00:00,,-17.258
2013-06-03 03:00:00,,-17.258
2013-06-03 04:00:00,,-17.258
2013-06-03 05:00:00,,-17.266
2013-06-03 06:00:00,,-17.267
2013-06-03 07:00:00,,-17.274
2013-06-03 08:00:00,,-17.278
2013-06-03 09:00:00,,-17.279
2013-06-03 10:00:00,,-17.28
2013-06-03 11:00:00,,-17.277
2013-06-03 12:00:00,,-17.271
2013-06-03 13:00:00,,-17.261
2013-06-03 14:00:00,,-17.253
2013-06-03 15:00:00,,-17.249
2013-06-03 16:00:00,,-17.25
2013-06-03 17:00:00,,-17.25
2013-06-03 18:00:00,,-17.252
2013-06-03 19:00:00,,-17.258
2013-06-03 20:00:00,,-17.265
2013-06-03 21:00:00,,-17.268
2013-06-03 22:00:00,,-17.27
2013-06-03 23:00:00,,-17.27
2013-06-04 00:00:00,,-17.272
2013-06-04 01:00:00,,-17.266
2013-06-04 02:00:00,,-17.263
2013-06-04 03:00:00,,-17.252
2013-06-04 04:00:00,,-17.249
2013-06-04 05:00:00,,-17.255
2013-06-04 06:00:00,,-17.256
2013-06-04 07:00:00,,-17.263
2013-06-04 08:00:00,,-17.266
2013-06-04 09:00:00,,-17.268
2013-06-04 10:00:00,,-17.266
2013-06-04 11:00:00,,-17.264
2013-06-04 12:00:00,,-17.251
2013-06-04 13:00:00,,-17.245
2013-06-04 14:00:00,,-17.237
2013-06-04 15:00:00,,-17.232
2013-06-04 16:00:00,,-17.229
2013-06-04 17:00:00,,-17.23
2013-06-04 18:00:00,,-17.236
2013-06-04 19:00:00,,-17.237
2013-06-04 20:00:00,,-17.241
2013-06-04 21:00:00,,-17.245
2013-06-04 22:00:00,,-17.244
2013-06-04 23:00:00,,-17.249
2013-06-05 00:00:00,,-17.247
2013-06-05 01:00:00,,-17.239
2013-06-05 02:00:00,,-17.237
2013-06-05 03:00:00,,-17.233
2013-06-05 04:00:00,,-17.231
2013-06-05 05:00:00,,-17.229
2013-06-05 06:00:00,,-17.23
2013-06-05 07:00:00,,-17.235
2013-06-05 08:00:00,,-17.234
2013-06-05 09:00:00,,-17.241
2013-06-05 10:00:00,,-17.239
2013-06-05 11:00:00,,-17.241
2013-06-05 12:00:00,,-17.233
2013-06-05 13:00:00,,-17.224
2013-06-05 14:00:00,,-17.215
2013-06-05 15:00:00,,-17.212
2013-06-05 16:00:00,,-17.21
2013-06-05 17:00:00,,-17.213
2013-06-05 18:00:00,,-17.217
2013-06-05 19:00:00,,-17.224
2013-06-05 20:00:00,,-17.231
2013-06-05 21:00:00,,-17.232
2013-06-05 22:00:00,,-17.238
2013-06-05 23:00:00,,-17.238
2013-06-06 00:00:00,,-17.24
2013-06-06 01:00:00,,-17.239
2013-06-06 02:00:00,,-17.236
2013-06-06 03:00:00,,-17.235
2013-06-06 04:00:00,,-17.228
2013-06-06 05:00:00,,-17.227
2013-06-06 06:00:00,,-17.23
2013-06-06 07:00:00,,-17.234
2013-06-06 08:00:00,,-17.243
2013-06-06 09:00:00,,-17.246
2013-06-06 10:00:00,,-17.253
2013-06-06 11:00:00,,-17.252
2013-06-06 12:00:00,,-17.245
2013-06-06 13:00:00,,-17.241
2013-06-06 14:00:00,,-17.234
2013-06-06 15:00:00,,-17.231
2013-06-06 16:00:00,,-17.229
2013-06-06 17:00:00,,-17.232
2013-06-06 18:00:00,,-17.237
2013-06-06 19:00:00,,-17.247
2013-06-06 20:00:00,,-17.252
2013-06-06 21:00:00,,-17.261
2013-06-06 22:00:00,,-17.263
2013-06-06 23:00:00,,-17.264
2013-06-07 00:00:00,,-17.262
2013-06-07 01:00:00,,-17.259
2013-06-07 02:00:00,,-17.26
2013-06-07 03:00:00,,-17.259
2013-06-07 04:00:00,,-17.256
2013-06-07 05:00:00,,-17.257
2013-06-07 06:00:00,,-17.258
2013-06-07 07:00:00,,-17.266
2013-06-07 08:00:00,,-17.273
2013-06-07 09:00:00,,-17.278
2013-06-07 10:00:00,,-17.281
2013-06-07 11:00:00,,-17.283
2013-06-07 12:00:00,,-17.284
2013-06-07 13:00:00,,-17.276
2013-06-07 14:00:00,,-17.27
2013-06-07 15:00:00,,-17.262
2013-06-07 16:00:00,,-17.263
2013-06-07 17:00:00,,-17.263
2013-06-07 18:00:00,,-17.265
2013-06-07 19:00:00,,-17.264
2013-06-07 20:00:00,,-17.273
2013-06-07 21:00:00,,-17.279
2013-06-07 22:00:00,,-17.283
2013-06-07 23:00:00,,-17.284
2013-06-08 00:00:00,,-17.285
2013-06-08 01:00:00,,-17.281
2013-06-08 02:00:00,,-17.281
2013-06-08 03:00:00,,-17.281
2013-06-08 04:00:00,,-17.277
2013-06-08 05:00:00,,-17.276
2013-06-08 06:00:00,,-17.272
2013-06-08 07:00:00,,-17.276
2013-06-08 08:00:00,,-17.278
2013-06-08 09:00:00,,-17.282
2013-06-08 10:00:00,,-17.283
2013-06-08 11:00:00,,-17.284
2013-06-08 12:00:00,,-17.277
2013-06-08 13:00:00,,-17.268
2013-06-08 14:00:00,,-17.263
2013-06-08 15:00:00,,-17.254
2013-06-08 16:00:00,,-17.248
2013-06-08 17:00:00,,-17.246
2013-06-08 18:00:00,,-17.25
2013-06-08 19:00:00,,-17.253
2013-06-08 20:00:00,,-17.258
2013-06-08 21:00:00,,-17.264
2013-06-08 22:00:00,,-17.263
2013-06-08 23:00:00,,-17.267
2013-06-09 00:00:00,,-17.264
2013-06-09 01:00:00,,-17.261
2013-06-09 02:00:00,,-17.256
2013-06-09 03:00:00,,-17.25
2013-06-09 04:00:00,,-17.252
2013-06-09 05:00:00,,-17.249
2013-06-09 06:00:00,,-17.248
2013-06-09 07:00:00,,-17.248
2013-06-09 08:00:00,,-17.248
2013-06-09 09:00:00,,-17.253
2013-06-09 10:00:00,,-17.255
2013-06-09 11:00:00,,-17.252
2013-06-09 12:00:00,,-17.248
2013-06-09 13:00:00,,-17.24
2013-06-09 14:00:00,,-17.231
2013-06-09 15:00:00,,-17.224
2013-06-09 16:00:00,,-17.219
2013-06-09 17:00:00,,-17.218
2013-06-09 18:00:00,,-17.221
2013-06-09 19:00:00,,-17.223
2013-06-09 20:00:00,,-17.228
2013-06-09 21:00:00,,-17.235
2013-06-09 22:00:00,,-17.234
2013-06-09 23:00:00,,-17.236
2013-06-10 00:00:00,,-17.236
2013-06-10 01:00:00,,-17.236
2013-06-10 02:00:00,,-17.233
2013-06-10 03:00:00,,-17.231
2013-06-10 04:00:00,,-17.228
2013-06-10 05:00:00,,-17.227
2013-06-10 06:00:00,,-17.227
2013-06-10 07:00:00,,-17.228
2013-06-10 08:00:00,,-17.233
2013-06-10 09:00:00,,-17.234
2013-06-10 10:00:00,,-17.239
2013-06-10 11:00:00,,-17.239
2013-06-10 12:00:00,,-17.236
2013-06-10 13:00:00,,-17.227
2013-06-10 14:00:00,,-17.222
2013-06-10 15:00:00,,-17.217
2013-06-10 16:00:00,,-17.212
2013-06-10 17:00:00,,-17.21
2013-06-10 18:00:00,,-17.211
2013-06-10 19:00:00,,-17.214
2013-06-10 20:00:00,,-17.22
2013-06-10 21:00:00,,-17.226
2013-06-10 22:00:00,,-17.227
2013-06-10 23:00:00,,-17.23
2013-06-11 00:00:00,,-17.231
2013-06-11 01:00:00,,-17.228
2013-06-11 02:00:00,,-17.228
2013-06-11 03:00:00,,-17.222
2013-06-11 04:00:00,,-17.221
2013-06-11 05:00:00,,-17.219
2013-06-11 06:00:00,,-17.221
2013-06-11 07:00:00,,-17.222
2013-06-11 08:00:00,,-17.226
2013-06-11 09:00:00,,-17.229
2013-06-11 10:00:00,,-17.232
2013-06-11 11:00:00,,-17.231
2013-06-11 12:00:00,,-17.229
2013-06-11 13:00:00,,-17.224
2013-06-11 14:00:00,,-17.214
2013-06-11 15:00:00,,-17.21
2013-06-11 16:00:00,,-17.204
2013-06-11 17:00:00,,-17.206
2013-06-11 18:00:00,,-17.205
2013-06-11 19:00:00,,-17.208
2013-06-11 20:00:00,,-17.213
2013-06-11 21:00:00,,-17.216
2013-06-11 22:00:00,,-17.223
2013-06-11 23:00:00,,-17.227
2013-06-12 00:00:00,,-17.226
2013-06-12 01:00:00,,-17.225
2013-06-12 02:00:00,,-17.228
2013-06-12 03:00:00,,-17.228
2013-06-12 04:00:00,,-17.228
2013-06-12 05:00:00,,-17.227
2013-06-12 06:00:00,,-17.233
2013-06-12 07:00:00,,-17.235
2013-06-12 08:00:00,,-17.235
2013-06-12 09:00:00,,-17.241
2013-06-12 10:00:00,,-17.242
2013-06-12 11:00:00,,-17.24
2013-06-12 12:00:00,,-17.237
2013-06-12 13:00:00,,-17.229
2013-06-12 14:00:00,,-17.223
2013-06-12 15:00:00,,-17.219
2013-06-12 16:00:00,,-17.216
2013-06-12 17:00:00,,-17.215
2013-06-12 18:00:00,,-17.217
2013-06-12 19:00:00,,-17.218
2013-06-12 20:00:00,,-17.224
2013-06-12 21:00:00,,-17.224
2013-06-12 22:00:00,,-17.227
2013-06-12 23:00:00,,-17.227
2013-06-13 00:00:00,,-17.229
2013-06-13 01:00:00,,-17.235
2013-06-13 02:00:00,,-17.234
2013-06-13 03:00:00,,-17.232
2013-06-13 04:00:00,,-17.228
2013-06-13 05:00:00,,-17.222
2013-06-13 06:00:00,,-17.223
2013-06-13 07:00:00,,-17.229
2013-06-13 08:00:00,,-17.232
2013-06-13 09:00:00,,-17.236
2013-06-13 10:00:00,,-17.236
2013-06-13 11:00:00,,-17.235
2013-06-13 12:00:00,,-17.23
2013-06-13 13:00:00,,-17.225
2013-06-13 14:00:00,,-17.216
2013-06-13 15:00:00,,-17.213
2013-06-13 16:00:00,,-17.211
2013-06-13 17:00:00,,-17.212
2013-06-13 18:00:00,,-17.21
2013-06-13 19:00:00,,-17.215
2013-06-13 20:00:00,,-17.219
2013-06-13 21:00:00,,-17.222
2013-06-13 22:00:00,,-17.228
2013-06-13 23:00:00,,-17.23
2013-06-14 00:00:00,,-17.23
2013-06-14 01:00:00,,-17.231
2013-06-14 02:00:00,,-17.232
2013-06-14 03:00:00,,-17.233
2013-06-14 04:00:00,,-17.236
2013-06-14 05:00:00,,-17.238
2013-06-14 06:00:00,,-17.239
2013-06-14 07:00:00,,-17.242
2013-06-14 08:00:00,,-17.245
2013-06-14 09:00:00,,-17.247
2013-06-14 10:00:00,,-17.249
2013-06-14 11:00:00,,-17.251
2013-06-14 12:00:00,,-17.246
2013-06-14 13:00:00,,-17.241
2013-06-14 14:00:00,,-17.236
2013-06-14 15:00:00,,-17.234
2013-06-14 16:00:00,,-17.229
2013-06-14 17:00:00,,-17.23
2013-06-14 18:00:00,,-17.231
2013-06-14 19:00:00,,-17.234
2013-06-14 20:00:00,,-17.235
2013-06-14 21:00:00,,-17.241
2013-06-14 22:00:00,,-17.244
2013-06-14 23:00:00,,-17.246
2013-06-15 00:00:00,,-17.246
2013-06-15 01:00:00,,-17.249
2013-06-15 02:00:00,,-17.252
2013-06-15 03:00:00,,-17.249
2013-06-15 04:00:00,,-17.251
2013-06-15 05:00:00,,-17.253
2013-06-15 06:00:00,,-17.253
2013-06-15 07:00:00,,-17.251
2013-06-15 08:00:00,,-17.254
2013-06-15 09:00:00,,-17.257
2013-06-15 10:00:00,,-17.257
2013-06-15 11:00:00,,-17.258
2013-06-15 12:00:00,,-17.257
2013-06-15 13:00:00,,-17.245
2013-06-15 14:00:00,,-17.239
2013-06-15 15:00:00,,-17.236
2013-06-15 16:00:00,,-17.236
2013-06-15 17:00:00,,-17.239
2013-06-15 18:00:00,,-17.236
2013-06-15 19:00:00,,-17.24
2013-06-15 20:00:00,,-17.247
2013-06-15 21:00:00,,-17.246
2013-06-15 22:00:00,,-17.248
2013-06-15 23:00:00,,-17.243
2013-06-16 00:00:00,,-17.241
2013-06-16 01:00:00,,-17.241
2013-06-16 02:00:00,,-17.24
2013-06-16 03:00:00,,-17.237
2013-06-16 04:00:00,,-17.237
2013-06-16 05:00:00,,-17.237
2013-06-16 06:00:00,,-17.238
2013-06-16 07:00:00,,-17.237
2013-06-16 08:00:00,,-17.237
2013-06-16 09:00:00,,-17.244
2013-06-16 10:00:00,,-17.244
2013-06-16 11:00:00,,-17.244
2013-06-16 12:00:00,,-17.238
2013-06-16 13:00:00,,-17.231
2013-06-16 14:00:00,,-17.227
2013-06-16 15:00:00,,-17.224
2013-06-16 16:00:00,,-17.22
2013-06-16 17:00:00,,-17.219
2013-06-16 18:00:00,,-17.22
2013-06-16 19:00:00,,-17.22
2013-06-16 20:00:00,,-17.223
2013-06-16 21:00:00,,-17.224
2013-06-16 22:00:00,,-17.227
2013-06-16 23:00:00,,-17.225
2013-06-17 00:00:00,,-17.224
2013-06-17 01:00:00,,-17.222
2013-06-17 02:00:00,,-17.219
2013-06-17 03:00:00,,-17.216
2013-06-17 04:00:00,,-17.219
2013-06-17 05:00:00,,-17.217
2013-06-17 06:00:00,,-17.219
2013-06-17 07:00:00,,-17.222
2013-06-17 08:00:00,,-17.227
2013-06-17 09:00:00,,-17.232
2013-06-17 10:00:00,,-17.23
2013-06-17 11:00:00,,-17.231
2013-06-17 12:00:00,,-17.222
2013-06-17 13:00:00,,-17.215
2013-06-17 14:00:00,,-17.209
2013-06-17 15:00:00,,-17.206
2013-06-17 16:00:00,,-17.205
2013-06-17 17:00:00,,-17.206
2013-06-17 18:00:00,,-17.21
2013-06-17 19:00:00,,-17.213
2013-06-17 20:00:00,,-17.219
2013-06-17 21:00:00,,-17.22
2013-06-17 22:00:00,,-17.223
2013-06-17 23:00:00,,-17.226
2013-06-18 00:00:00,,-17.226
2013-06-18 01:00:00,,-17.224
2013-06-18 02:00:00,,-17.222
2013-06-18 03:00:00,,-17.224
2013-06-18 04:00:00,,-17.227
2013-06-18 05:00:00,,-17.229
2013-06-18 06:00:00,,-17.231
2013-06-18 07:00:00,,-17.235
2013-06-18 08:00:00,,-17.235
2013-06-18 09:00:00,,-17.239
2013-06-18 10:00:00,,-17.239
2013-06-18 11:00:00,,-17.241
2013-06-18 12:00:00,,-17.236
2013-06-18 13:00:00,,-17.229
2013-06-18 14:00:00,,-17.224
2013-06-18 15:00:00,,-17.222
2013-06-18 16:00:00,,-17.22
2013-06-18 17:00:00,,-17.223
2013-06-18 18:00:00,,-17.224
2013-06-18 19:00:00,,-17.232
2013-06-18 20:00:00,,-17.234
2013-06-18 21:00:00,,-17.237
2013-06-18 22:00:00,,-17.239
2013-06-18 23:00:00,,-17.241
2013-06-19 00:00:00,,-17.242
2013-06-19 01:00:00,,-17.24
2013-06-19 02:00:00,,-17.24
2013-06-19 03:00:00,,-17.242
2013-06-19 04:00:00,,-17.243
2013-06-19 05:00:00,,-17.243
2013-06-19 06:00:00,,-17.247
2013-06-19 07:00:00,,-17.247
2013-06-19 08:00:00,,-17.252
2013-06-19 09:00:00,,-17.259
2013-06-19 10:00:00,,-17.257
2013-06-19 11:00:00,,-17.26
2013-06-19 12:00:00,,-17.257
2013-06-19 13:00:00,,-17.247
2013-06-19 14:00:00,,-17.244
2013-06-19 15:00:00,,-17.24
2013-06-19 16:00:00,,-17.241
2013-06-19 17:00:00,,-17.244
2013-06-19 18:00:00,,-17.251
2013-06-19 19:00:00,,-17.251
2013-06-19 20:00:00,,-17.257
2013-06-19 21:00:00,,-17.259
2013-06-19 22:00:00,,-17.259
2013-06-19 23:00:00,,-17.26
2013-06-20 00:00:00,,-17.258
2013-06-20 01:00:00,,-17.256
2013-06-20 02:00:00,,-17.25
2013-06-20 03:00:00,,-17.247
2013-06-20 04:00:00,,-17.247
2013-06-20 05:00:00,,-17.253
2013-06-20 06:00:00,,-17.256
2013-06-20 07:00:00,,-17.258
2013-06-20 08:00:00,,-17.262
2013-06-20 09:00:00,,-17.266
2013-06-20 10:00:00,,-17.265
2013-06-20 11:00:00,,-17.266
2013-06-20 12:00:00,,-17.263
2013-06-20 13:00:00,,-17.257
2013-06-20 14:00:00,,-17.249
2013-06-20 15:00:00,,-17.248
2013-06-20 16:00:00,,-17.245
2013-06-20 17:00:00,,-17.248
2013-06-20 18:00:00,,-17.248
2013-06-20 19:00:00,,-17.258
2013-06-20 20:00:00,,-17.262
2013-06-20 21:00:00,,-17.266
2013-06-20 22:00:00,,-17.271
2013-06-20 23:00:00,,-17.27
2013-06-21 00:00:00,,-17.269
2013-06-21 01:00:00,,-17.269
2013-06-21 02:00:00,,-17.262
2013-06-21 03:00:00,,-17.259
2013-06-21 04:00:00,,-17.257
2013-06-21 05:00:00,,-17.253
2013-06-21 06:00:00,,-17.256
2013-06-21 07:00:00,,-17.263
2013-06-21 08:00:00,,-17.27
2013-06-21 09:00:00,,-17.275
2013-06-21 10:00:00,,-17.279
2013-06-21 11:00:00,,-17.278
2013-06-21 12:00:00,,-17.274
2013-06-21 13:00:00,,-17.265
2013-06-21 14:00:00,,-17.256
2013-06-21 15:00:00,,-17.252
2013-06-21 16:00:00,,-17.248
2013-06-21 17:00:00,,-17.247
2013-06-21 18:00:00,,-17.251
2013-06-21 19:00:00,,-17.258
2013-06-21 20:00:00,,-17.262
2013-06-21 21:00:00,,-17.27
2013-06-21 22:00:00,,-17.273
2013-06-21 23:00:00,,-17.274
2013-06-22 00:00:00,,-17.273
2013-06-22 01:00:00,,-17.269
2013-06-22 02:00:00,,-17.262
2013-06-22 03:00:00,,-17.26
2013-06-22 04:00:00,,-17.261
2013-06-22 05:00:00,,-17.261
2013-06-22 06:00:00,,-17.261
2013-06-22 07:00:00,,-17.262
2013-06-22 08:00:00,,-17.272
2013-06-22 09:00:00,,-17.274
2013-06-22 10:00:00,,-17.279
2013-06-22 11:00:00,,-17.28
2013-06-22 12:00:00,,-17.275
2013-06-22 13:00:00,,-17.272
2013-06-22 14:00:00,,-17.261
2013-06-22 15:00:00,,-17.257
2013-06-22 16:00:00,,-17.253
2013-06-22 17:00:00,,-17.252
2013-06-22 18:00:00,,-17.253
2013-06-22 19:00:00,,-17.258
2013-06-22 20:00:00,,-17.263
2013-06-22 21:00:00,,-17.268
2013-06-22 22:00:00,,-17.271
2013-06-22 23:00:00,,-17.274
2013-06-23 00:00:00,,-17.276
2013-06-23 01:00:00,,-17.273
2013-06-23 02:00:00,,-17.272
2013-06-23 03:00:00,,-17.271
2013-06-23 04:00:00,,-17.269
2013-06-23 05:00:00,,-17.269
2013-06-23 06:00:00,,-17.267
2013-06-23 07:00:00,,-17.272
2013-06-23 08:00:00,,-17.279
2013-06-23 09:00:00,,-17.282
2013-06-23 10:00:00,,-17.285
2013-06-23 11:00:00,,-17.287
2013-06-23 12:00:00,,-17.281
2013-06-23 13:00:00,,-17.275
2013-06-23 14:00:00,,-17.265
2013-06-23 15:00:00,,-17.258
2013-06-23 16:00:00,,-17.252
2013-06-23 17:00:00,,-17.252
2013-06-23 18:00:00,,-17.253
2013-06-23 19:00:00,,-17.254
2013-06-23 20:00:00,,-17.262
2013-06-23 21:00:00,,-17.268
2013-06-23 22:00:00,,-17.27
2013-06-23 23:00:00,,-17.27
2013-06-24 00:00:00,,-17.274
2013-06-24 01:00:00,,-17.274
2013-06-24 02:00:00,,-17.268
2013-06-24 03:00:00,,-17.264
2013-06-24 04:00:00,,-17.266
2013-06-24 05:00:00,,-17.259
2013-06-24 06:00:00,,-17.26
2013-06-24 07:00:00,,-17.263
2013-06-24 08:00:00,,-17.263
2013-06-24 09:00:00,,-17.267
2013-06-24 10:00:00,,-17.278
2013-06-24 11:00:00,,-17.279
2013-06-24 12:00:00,,-17.279
2013-06-24 13:00:00,,-17.272
2013-06-24 14:00:00,,-17.263
2013-06-24 15:00:00,,-17.258
2013-06-24 16:00:00,,-17.251
2013-06-24 17:00:00,,-17.251
2013-06-24 18:00:00,,-17.251
2013-06-24 19:00:00,,-17.257
2013-06-24 20:00:00,,-17.259
2013-06-24 21:00:00,,-17.267
2013-06-24 22:00:00,,-17.271
2013-06-24 23:00:00,,-17.274
2013-06-25 00:00:00,,-17.271
2013-06-25 01:00:00,,-17.274
2013-06-25 02:00:00,,-17.274
2013-06-25 03:00:00,,-17.268
2013-06-25 04:00:00,,-17.266
2013-06-25 05:00:00,,-17.261
2013-06-25 06:00:00,,-17.261
2013-06-25 07:00:00,,-17.262
2013-06-25 08:00:00,,-17.262
2013-06-25 09:00:00,,-17.265
2013-06-25 10:00:00,,-17.266
2013-06-25 11:00:00,,-17.27
2013-06-25 12:00:00,,-17.26
2013-06-25 13:00:00,,-17.253
2013-06-25 14:00:00,,-17.248
2013-06-25 15:00:00,,-17.242
2013-06-25 16:00:00,,-17.24
2013-06-25 17:00:00,,-17.241
2013-06-25 18:00:00,,-17.241
2013-06-25 19:00:00,,-17.242
2013-06-25 20:00:00,,-17.248
2013-06-25 21:00:00,,-17.25
2013-06-25 22:00:00,,-17.252
2013-06-25 23:00:00,,-17.254
2013-06-26 00:00:00,,-17.25
2013-06-26 01:00:00,,-17.253
2013-06-26 02:00:00,,-17.249
2013-06-26 03:00:00,,-17.24
2013-06-26 04:00:00,,-17.237
2013-06-26 05:00:00,,-17.237
2013-06-26 06:00:00,,-17.23
2013-06-26 07:00:00,,-17.23
2013-06-26 08:00:00,,-17.233
2013-06-26 09:00:00,,-17.236
2013-06-26 10:00:00,,-17.242
2013-06-26 11:00:00,,-17.24
2013-06-26 12:00:00,,-17.234
2013-06-26 13:00:00,,-17.23
2013-06-26 14:00:00,,-17.227
2013-06-26 15:00:00,,-17.221
2013-06-26 16:00:00,,-17.222
2013-06-26 17:00:00,,-17.224
2013-06-26 18:00:00,,-17.226
2013-06-26 19:00:00,,-17.23
2013-06-26 20:00:00,,-17.236
2013-06-26 21:00:00,,-17.237
2013-06-26 22:00:00,,-17.235
2013-06-26 23:00:00,,-17.242
2013-06-27 00:00:00,,-17.238
2013-06-27 01:00:00,,-17.238
2013-06-27 02:00:00,,-17.236
2013-06-27 03:00:00,,-17.232
2013-06-27 04:00:00,,-17.231
2013-06-27 05:00:00,,-17.229
2013-06-27 06:00:00,,-17.226
2013-06-27 07:00:00,,-17.23
2013-06-27 08:00:00,,-17.229
2013-06-27 09:00:00,,-17.233
2013-06-27 10:00:00,,-17.235
2013-06-27 11:00:00,,-17.237
2013-06-27 12:00:00,,-17.235
2013-06-27 13:00:00,,-17.231
2013-06-27 14:00:00,,-17.227
2013-06-27 15:00:00,,-17.221
2013-06-27 16:00:00,,-17.22
2013-06-27 17:00:00,,-17.216
2013-06-27 18:00:00,,-17.222
2013-06-27 19:00:00,,-17.226
2013-06-27 20:00:00,,-17.228
2013-06-27 21:00:00,,-17.233
2013-06-27 22:00:00,,-17.236
2013-06-27 23:00:00,,-17.239
2013-06-28 00:00:00,,-17.239
2013-06-28 01:00:00,,-17.241
2013-06-28 02:00:00,,-17.244
2013-06-28 03:00:00,,-17.244
2013-06-28 04:00:00,,-17.245
2013-06-28 05:00:00,,-17.248
2013-06-28 06:00:00,,-17.248
2013-06-28 07:00:00,,-17.249
2013-06-28 08:00:00,,-17.25
2013-06-28 09:00:00,,-17.251
2013-06-28 10:00:00,,-17.262
2013-06-28 11:00:00,,-17.264
2013-06-28 12:00:00,,-17.262
2013-06-28 13:00:00,,-17.26
2013-06-28 14:00:00,,-17.257
2013-06-28 15:00:00,,-17.255
2013-06-28 16:00:00,,-17.255
2013-06-28 17:00:00,,-17.257
2013-06-28 18:00:00,,-17.259
2013-06-28 19:00:00,,-17.267
2013-06-28 20:00:00,,-17.268
2013-06-28 21:00:00,,-17.273
2013-06-28 22:00:00,,-17.273
2013-06-28 23:00:00,,-17.277
2013-06-29 00:00:00,,-17.276
2013-06-29 01:00:00,,-17.273
2013-06-29 02:00:00,,-17.28
2013-06-29 03:00:00,,-17.282
2013-06-29 04:00:00,,-17.283
2013-06-29 05:00:00,,-17.284
2013-06-29 06:00:00,,-17.287
2013-06-29 07:00:00,,-17.292
2013-06-29 08:00:00,,-17.295
2013-06-29 09:00:00,,-17.299
2013-06-29 10:00:00,,-17.303
2013-06-29 11:00:00,,-17.304
2013-06-29 12:00:00,,-17.299
2013-06-29 13:00:00,,-17.297
2013-06-29 14:00:00,,-17.294
2013-06-29 15:00:00,,-17.29
2013-06-29 16:00:00,,-17.295
2013-06-29 17:00:00,,-17.296
2013-06-29 18:00:00,,-17.301
2013-06-29 19:00:00,,-17.304
2013-06-29 20:00:00,,-17.305
2013-06-29 21:00:00,,-17.309
2013-06-29 22:00:00,,-17.309
2013-06-29 23:00:00,,-17.311
2013-06-30 00:00:00,,-17.306
2013-06-30 01:00:00,,-17.309
2013-06-30 02:00:00,,-17.311
2013-06-30 03:00:00,,-17.31
2013-06-30 04:00:00,,-17.312
2013-06-30 05:00:00,,-17.31
2013-06-30 06:00:00,,-17.313
2013-06-30 07:00:00,,-17.318
2013-06-30 08:00:00,,-17.321
2013-06-30 09:00:00,,-17.326
2013-06-30 10:00:00,,-17.323
2013-06-30 11:00:00,,-17.322
2013-06-30 12:00:00,,-17.321
2013-06-30 13:00:00,,-17.312
2013-06-30 14:00:00,,-17.305
2013-06-30 15:00:00,,-17.302
2013-06-30 16:00:00,,-17.302
2013-06-30 17:00:00,,-17.3
2013-06-30 18:00:00,,-17.3
2013-06-30 19:00:00,,-17.305
2013-06-30 20:00:00,,-17.308
2013-06-30 21:00:00,,-17.311
2013-06-30 22:00:00,,-17.313
2013-06-30 23:00:00,,-17.311
2013-07-01 00:00:00,,-17.311
2013-07-01 01:00:00,,-17.312
2013-07-01 02:00:00,,-17.31
2013-07-01 03:00:00,,-17.306
2013-07-01 04:00:00,,-17.306
2013-07-01 05:00:00,,-17.305
2013-07-01 06:00:00,,-17.304
2013-07-01 07:00:00,,-17.306
2013-07-01 08:00:00,,-17.31
2013-07-01 09:00:00,,-17.308
2013-07-01 10:00:00,,-17.31
2013-07-01 11:00:00,,-17.306
2013-07-01 12:00:00,,-17.301
2013-07-01 13:00:00,,-17.294
2013-07-01 14:00:00,,-17.283
2013-07-01 15:00:00,,-17.279
2013-07-01 16:00:00,,-17.278
2013-07-01 17:00:00,,-17.279
2013-07-01 18:00:00,,-17.28
2013-07-01 19:00:00,,-17.283
2013-07-01 20:00:00,,-17.288
2013-07-01 21:00:00,,-17.29
2013-07-01 22:00:00,,-17.287
2013-07-01 23:00:00,,-17.29
2013-07-02 00:00:00,,-17.287
2013-07-02 01:00:00,,-17.283
2013-07-02 02:00:00,,-17.281
2013-07-02 03:00:00,,-17.281
2013-07-02 04:00:00,,-17.28
2013-07-02 05:00:00,,-17.284
2013-07-02 06:00:00,,-17.283
2013-07-02 07:00:00,,-17.285
2013-07-02 08:00:00,,-17.289
2013-07-02 09:00:00,,-17.291
2013-07-02 10:00:00,,-17.295
2013-07-02 11:00:00,,-17.29
2013-07-02 12:00:00,,-17.283
2013-07-02 13:00:00,,-17.275
2013-07-02 14:00:00,,-17.268
2013-07-02 15:00:00,,-17.261
2013-07-02 16:00:00,,-17.262
2013-07-02 17:00:00,,-17.258
2013-07-02 18:00:00,,-17.26
2013-07-02 19:00:00,,-17.263
2013-07-02 20:00:00,,-17.272
2013-07-02 21:00:00,,-17.272
2013-07-02 22:00:00,,-17.274
2013-07-02 23:00:00,,-17.273
2013-07-03 00:00:00,,-17.269
2013-07-03 01:00:00,,-17.263
2013-07-03 02:00:00,,-17.264
2013-07-03 03:00:00,,-17.263
2013-07-03 04:00:00,,-17.261
2013-07-03 05:00:00,,-17.262
2013-07-03 06:00:00,,-17.262
2013-07-03 07:00:00,,-17.263
2013-07-03 08:00:00,,-17.267
2013-07-03 09:00:00,,-17.269
2013-07-03 10:00:00,,-17.271
2013-07-03 11:00:00,,-17.269
2013-07-03 12:00:00,,-17.263
2013-07-03 13:00:00,,-17.252
2013-07-03 14:00:00,,-17.246
2013-07-03 15:00:00,,-17.237
2013-07-03 16:00:00,,-17.235
2013-07-03 17:00:00,,-17.234
2013-07-03 18:00:00,,-17.232
2013-07-03 19:00:00,,-17.234
2013-07-03 20:00:00,,-17.236
2013-07-03 21:00:00,,-17.237
2013-07-03 22:00:00,,-17.239
2013-07-03 23:00:00,,-17.24
2013-07-04 00:00:00,,-17.238
2013-07-04 01:00:00,,-17.234
2013-07-04 02:00:00,,-17.232
2013-07-04 03:00:00,,-17.227
2013-07-04 04:00:00,,-17.226
2013-07-04 05:00:00,,-17.225
2013-07-04 06:00:00,,-17.224
2013-07-04 07:00:00,,-17.229
2013-07-04 08:00:00,,-17.234
2013-07-04 09:00:00,,-17.237
2013-07-04 10:00:00,,-17.24
2013-07-04 11:00:00,,-17.239
2013-07-04 12:00:00,,-17.234
2013-07-04 13:00:00,,-17.228
2013-07-04 14:00:00,,-17.219
2013-07-04 15:00:00,,-17.209
2013-07-04 16:00:00,,-17.206
2013-07-04 17:00:00,,-17.206
2013-07-04 18:00:00,,-17.208
2013-07-04 19:00:00,,-17.213
2013-07-04 20:00:00,,-17.219
2013-07-04 21:00:00,,-17.224
2013-07-04 22:00:00,,-17.23
2013-07-04 23:00:00,,-17.23
2013-07-05 00:00:00,,-17.23
2013-07-05 01:00:00,,-17.228
2013-07-05 02:00:00,,-17.226
2013-07-05 03:00:00,,-17.22
2013-07-05 04:00:00,,-17.221
2013-07-05 05:00:00,,-17.222
2013-07-05 06:00:00,,-17.226
2013-07-05 07:00:00,,-17.229
2013-07-05 08:00:00,,-17.236
2013-07-05 09:00:00,,-17.24
2013-07-05 10:00:00,,-17.243
2013-07-05 11:00:00,,-17.244
2013-07-05 12:00:00,,-17.239
2013-07-05 13:00:00,,-17.234
2013-07-05 14:00:00,,-17.226
2013-07-05 15:00:00,,-17.223
2013-07-05 16:00:00,,-17.22
2013-07-05 17:00:00,,-17.223
2013-07-05 18:00:00,,-17.222
2013-07-05 19:00:00,,-17.23
2013-07-05 20:00:00,,-17.238
2013-07-05 21:00:00,,-17.245
2013-07-05 22:00:00,,-17.248
2013-07-05 23:00:00,,-17.251
2013-07-06 00:00:00,,-17.249
2013-07-06 01:00:00,,-17.249
2013-07-06 02:00:00,,-17.248
2013-07-06 03:00:00,,-17.245
2013-07-06 04:00:00,,-17.246
2013-07-06 05:00:00,,-17.245
2013-07-06 06:00:00,,-17.248
2013-07-06 07:00:00,,-17.252
2013-07-06 08:00:00,,-17.257
2013-07-06 09:00:00,,-17.262
2013-07-06 10:00:00,,-17.266
2013-07-06 11:00:00,,-17.265
2013-07-06 12:00:00,,-17.261
2013-07-06 13:00:00,,-17.256
2013-07-06 14:00:00,,-17.247
2013-07-06 15:00:00,,-17.243
2013-07-06 16:00:00,,-17.236
2013-07-06 17:00:00,,-17.238
2013-07-06 18:00:00,,-17.239
2013-07-06 19:00:00,,-17.247
2013-07-06 20:00:00,,-17.252
2013-07-06 21:00:00,,-17.26
2013-07-06 22:00:00,,-17.263
2013-07-06 23:00:00,,-17.266
2013-07-07 00:00:00,,-17.268
2013-07-07 01:00:00,,-17.266
2013-07-07 02:00:00,,-17.265
2013-07-07 03:00:00,,-17.261
2013-07-07 04:00:00,,-17.259
2013-07-07 05:00:00,,-17.264
2013-07-07 06:00:00,,-17.266
2013-07-07 07:00:00,,-17.269
2013-07-07 08:00:00,,-17.277
2013-07-07 09:00:00,,-17.281
2013-07-07 10:00:00,,-17.286
2013-07-07 11:00:00,,-17.288
2013-07-07 12:00:00,,-17.284
2013-07-07 13:00:00,,-17.278
2013-07-07 14:00:00,,-17.269
2013-07-07 15:00:00,,-17.264
2013-07-07 16:00:00,,-17.26
2013-07-07 17:00:00,,-17.262
2013-07-07 18:00:00,,-17.263
2013-07-07 19:00:00,,-17.268
2013-07-07 20:00:00,,-17.275
2013-07-07 21:00:00,,-17.281
2013-07-07 22:00:00,,-17.285
2013-07-07 23:00:00,,-17.288
2013-07-08 00:00:00,,-17.289
2013-07-08 01:00:00,,-17.288
2013-07-08 02:00:00,,-17.286
2013-07-08 03:00:00,,-17.278
2013-07-08 04:00:00,,-17.275
2013-07-08 05:00:00,,-17.277
2013-07-08 06:00:00,,-17.282
2013-07-08 07:00:00,,-17.282
2013-07-08 08:00:00,,-17.287
2013-07-08 09:00:00,,-17.292
2013-07-08 10:00:00,,-17.297
2013-07-08 11:00:00,,-17.298
2013-07-08 12:00:00,,-17.296
2013-07-08 13:00:00,,-17.289
2013-07-08 14:00:00,,-17.28
2013-07-08 15:00:00,,-17.277
2013-07-08 16:00:00,,-17.276
2013-07-08 17:00:00,,-17.279
2013-07-08 18:00:00,,-17.276
2013-07-08 19:00:00,,-17.279
2013-07-08 20:00:00,,-17.286
2013-07-08 21:00:00,,-17.289
2013-07-08 22:00:00,,-17.292
2013-07-08 23:00:00,,-17.291
2013-07-09 00:00:00,,-17.287
2013-07-09 01:00:00,,-17.286
2013-07-09 02:00:00,,-17.287
2013-07-09 03:00:00,,-17.283
2013-07-09 04:00:00,,-17.278
2013-07-09 05:00:00,,-17.278
2013-07-09 06:00:00,,-17.281
2013-07-09 07:00:00,,-17.283
2013-07-09 08:00:00,,-17.287
2013-07-09 09:00:00,,-17.289
2013-07-09 10:00:00,,-17.294
2013-07-09 11:00:00,,-17.289
2013-07-09 12:00:00,,-17.288
2013-07-09 13:00:00,,-17.281
2013-07-09 14:00:00,,-17.275
2013-07-09 15:00:00,,-17.267
2013-07-09 16:00:00,,-17.263
2013-07-09 17:00:00,,-17.266
2013-07-09 18:00:00,,-17.268
2013-07-09 19:00:00,,-17.268
2013-07-09 20:00:00,,-17.264
2013-07-09 21:00:00,,-17.264
2013-07-09 22:00:00,,-17.265
2013-07-09 23:00:00,,-17.267
2013-07-10 00:00:00,,-17.268
2013-07-10 01:00:00,,-17.268
2013-07-10 02:00:00,,-17.265
2013-07-10 03:00:00,,-17.26
2013-07-10 04:00:00,,-17.257
2013-07-10 05:00:00,,-17.253
2013-07-10 06:00:00,,-17.258
2013-07-10 07:00:00,,-17.262
2013-07-10 08:00:00,,-17.264
2013-07-10 09:00:00,,-17.269
2013-07-10 10:00:00,,-17.272
2013-07-10 11:00:00,,-17.273
2013-07-10 12:00:00,,-17.267
2013-07-10 13:00:00,,-17.259
2013-07-10 14:00:00,,-17.251
2013-07-10 15:00:00,,-17.246
2013-07-10 16:00:00,,-17.244
2013-07-10 17:00:00,,-17.241
2013-07-10 18:00:00,,-17.242
2013-07-10 19:00:00,,-17.246
2013-07-10 20:00:00,,-17.246
2013-07-10 21:00:00,,-17.253
2013-07-10 22:00:00,,-17.257
2013-07-10 23:00:00,,-17.26
2013-07-11 00:00:00,,-17.263
2013-07-11 01:00:00,,-17.261
2013-07-11 02:00:00,,-17.262
2013-07-11 03:00:00,,-17.262
2013-07-11 04:00:00,,-17.259
2013-07-11 05:00:00,,-17.261
2013-07-11 06:00:00,,-17.261
2013-07-11 07:00:00,,-17.261
2013-07-11 08:00:00,,-17.263
2013-07-11 09:00:00,,-17.266
2013-07-11 10:00:00,,-17.269
2013-07-11 11:00:00,,-17.269
2013-07-11 12:00:00,,-17.265
2013-07-11 13:00:00,,-17.262
2013-07-11 14:00:00,,-17.254
2013-07-11 15:00:00,,-17.248
2013-07-11 16:00:00,,-17.242
2013-07-11 17:00:00,,-17.24
2013-07-11 18:00:00,,-17.237
2013-07-11 19:00:00,,-17.237
2013-07-11 20:00:00,,-17.241
2013-07-11 21:00:00,,-17.244
2013-07-11 22:00:00,,-17.248
2013-07-11 23:00:00,,-17.249
2013-07-12 00:00:00,,-17.252
2013-07-12 01:00:00,,-17.251
2013-07-12 02:00:00,,-17.25
2013-07-12 03:00:00,,-17.25
2013-07-12 04:00:00,,-17.248
2013-07-12 05:00:00,,-17.246
2013-07-12 06:00:00,,-17.247
2013-07-12 07:00:00,,-17.248
2013-07-12 08:00:00,,-17.246
2013-07-12 09:00:00,,-17.25
2013-07-12 10:00:00,,-17.251
2013-07-12 11:00:00,,-17.253
2013-07-12 12:00:00,,-17.248
2013-07-12 13:00:00,,-17.241
2013-07-12 14:00:00,,-17.234
2013-07-12 15:00:00,,-17.227
2013-07-12 16:00:00,,-17.222
2013-07-12 17:00:00,,-17.219
2013-07-12 18:00:00,,-17.218
2013-07-12 19:00:00,,-17.22
2013-07-12 20:00:00,,-17.224
2013-07-12 21:00:00,,-17.226
2013-07-12 22:00:00,,-17.226
2013-07-12 23:00:00,,-17.229
2013-07-13 00:00:00,,-17.231
2013-07-13 01:00:00,,-17.23
2013-07-13 02:00:00,,-17.229
2013-07-13 03:00:00,,-17.227
2013-07-13 04:00:00,,-17.226
2013-07-13 05:00:00,,-17.223
2013-07-13 06:00:00,,-17.225
2013-07-13 07:00:00,,-17.227
2013-07-13 08:00:00,,-17.228
2013-07-13 09:00:00,,-17.231
2013-07-13 10:00:00,,-17.234
2013-07-13 11:00:00,,-17.232
2013-07-13 12:00:00,,-17.231
2013-07-13 13:00:00,,-17.226
2013-07-13 14:00:00,,-17.222
2013-07-13 15:00:00,,-17.218
2013-07-13 16:00:00,,-17.212
2013-07-13 17:00:00,,-17.211
2013-07-13 18:00:00,,-17.209
2013-07-13 19:00:00,,-17.215
2013-07-13 20:00:00,,-17.215
2013-07-13 21:00:00,,-17.218
2013-07-13 22:00:00,,-17.22
2013-07-13 23:00:00,,-17.223
2013-07-14 00:00:00,,-17.224
2013-07-14 01:00:00,,-17.227
2013-07-14 02:00:00,,-17.225
2013-07-14 03:00:00,,-17.224
2013-07-14 04:00:00,,-17.222
2013-07-14 05:00:00,,-17.221
2013-07-14 06:00:00,,-17.223
2013-07-14 07:00:00,,-17.223
2013-07-14 08:00:00,,-17.228
2013-07-14 09:00:00,,-17.231
2013-07-14 10:00:00,,-17.234
2013-07-14 11:00:00,,-17.237
2013-07-14 12:00:00,,-17.231
2013-07-14 13:00:00,,-17.228
2013-07-14 14:00:00,,-17.224
2013-07-14 15:00:00,,-17.22
2013-07-14 16:00:00,,-17.219
2013-07-14 17:00:00,,-17.215
2013-07-14 18:00:00,,-17.218
2013-07-14 19:00:00,,-17.22
2013-07-14 20:00:00,,-17.223
2013-07-14 21:00:00,,-17.225
2013-07-14 22:00:00,,-17.231
2013-07-14 23:00:00,,-17.225
2013-07-15 00:00:00,,-17.237
2013-07-15 01:00:00,,-17.234
2013-07-15 02:00:00,,-17.236
2013-07-15 03:00:00,,-17.237
2013-07-15 04:00:00,,-17.237
2013-07-15 05:00:00,,-17.239
2013-07-15 06:00:00,,-17.24
2013-07-15 07:00:00,,-17.244
2013-07-15 08:00:00,,-17.25
2013-07-15 09:00:00,,-17.251
2013-07-15 10:00:00,,-17.252
2013-07-15 11:00:00,,-17.253
2013-07-15 12:00:00,,-17.252
2013-07-15 13:00:00,,-17.251
2013-07-15 14:00:00,,-17.245
2013-07-15 15:00:00,,-17.239
2013-07-15 16:00:00,,-17.239
2013-07-15 17:00:00,,-17.238
2013-07-15 18:00:00,,-17.237
2013-07-15 19:00:00,,-17.242
2013-07-15 20:00:00,,-17.243
2013-07-15 21:00:00,,-17.249
2013-07-15 22:00:00,,-17.25
2013-07-15 23:00:00,,-17.25
2013-07-16 00:00:00,,-17.25
2013-07-16 01:00:00,,-17.249
2013-07-16 02:00:00,,-17.25
2013-07-16 03:00:00,,-17.247
2013-07-16 04:00:00,,-17.251
2013-07-16 05:00:00,,-17.25
2013-07-16 06:00:00,,-17.251
2013-07-16 07:00:00,,-17.251
2013-07-16 08:00:00,,-17.253
2013-07-16 09:00:00,,-17.258
2013-07-16 10:00:00,,-17.256
2013-07-16 11:00:00,,-17.258
2013-07-16 12:00:00,,-17.253
2013-07-16 13:00:00,,-17.243
2013-07-16 14:00:00,,-17.235
2013-07-16 15:00:00,,-17.232
2013-07-16 16:00:00,,-17.225
2013-07-16 17:00:00,,-17.226
2013-07-16 18:00:00,,-17.226
2013-07-16 19:00:00,,-17.228
2013-07-16 20:00:00,,-17.23
2013-07-16 21:00:00,,-17.233
2013-07-16 22:00:00,,-17.231
2013-07-16 23:00:00,,-17.231
2013-07-17 00:00:00,,-17.225
2013-07-17 01:00:00,,-17.224
2013-07-17 02:00:00,,-17.221
2013-07-17 03:00:00,,-17.22
2013-07-17 04:00:00,,-17.219
2013-07-17 05:00:00,,-17.221
2013-07-17 06:00:00,,-17.222
2013-07-17 07:00:00,,-17.223
2013-07-17 08:00:00,,-17.223
2013-07-17 09:00:00,,-17.227
2013-07-17 10:00:00,,-17.226
2013-07-17 11:00:00,,-17.221
2013-07-17 12:00:00,,-17.212
2013-07-17 13:00:00,,-17.204
2013-07-17 14:00:00,,-17.194
2013-07-17 15:00:00,,-17.188
2013-07-17 16:00:00,,-17.184
2013-07-17 17:00:00,,-17.183
2013-07-17 18:00:00,,-17.184
2013-07-17 19:00:00,,-17.187
2013-07-17 20:00:00,,-17.19
2013-07-17 21:00:00,,-17.192
2013-07-17 22:00:00,,-17.192
2013-07-17 23:00:00,,-17.19
2013-07-18 00:00:00,,-17.188
2013-07-18 01:00:00,,-17.182
2013-07-18 02:00:00,,-17.184
2013-07-18 03:00:00,,-17.181
2013-07-18 04:00:00,,-17.184
2013-07-18 05:00:00,,-17.183
2013-07-18 06:00:00,,-17.188
2013-07-18 07:00:00,,-17.194
2013-07-18 08:00:00,,-17.196
2013-07-18 09:00:00,,-17.197
2013-07-18 10:00:00,,-17.2
2013-07-18 11:00:00,,-17.2
2013-07-18 12:00:00,,-17.196
2013-07-18 13:00:00,,-17.188
2013-07-18 14:00:00,,-17.18
2013-07-18 15:00:00,,-17.177
2013-07-18 16:00:00,,-17.177
2013-07-18 17:00:00,,-17.179
2013-07-18 18:00:00,,-17.183
2013-07-18 19:00:00,,-17.19
2013-07-18 20:00:00,,-17.195
2013-07-18 21:00:00,,-17.2
2013-07-18 22:00:00,,-17.203
2013-07-18 23:00:00,,-17.206
2013-07-19 00:00:00,,-17.206
2013-07-19 01:00:00,,-17.205
2013-07-19 02:00:00,,-17.204
2013-07-19 03:00:00,,-17.207
2013-07-19 04:00:00,,-17.205
2013-07-19 05:00:00,,-17.206
2013-07-19 06:00:00,,-17.211
2013-07-19 07:00:00,,-17.218
2013-07-19 08:00:00,,-17.222
2013-07-19 09:00:00,,-17.232
2013-07-19 10:00:00,,-17.234
2013-07-19 11:00:00,,-17.237
2013-07-19 12:00:00,,-17.233
2013-07-19 13:00:00,,-17.224
2013-07-19 14:00:00,,-17.221
2013-07-19 15:00:00,,-17.217
2013-07-19 16:00:00,,-17.216
2013-07-19 17:00:00,,-17.218
2013-07-19 18:00:00,,-17.223
2013-07-19 19:00:00,,-17.229
2013-07-19 20:00:00,,-17.237
2013-07-19 21:00:00,,-17.247
2013-07-19 22:00:00,,-17.251
2013-07-19 23:00:00,,-17.253
2013-07-20 00:00:00,,-17.254
2013-07-20 01:00:00,,-17.25
2013-07-20 02:00:00,,-17.25
2013-07-20 03:00:00,,-17.251
2013-07-20 04:00:00,,-17.247
2013-07-20 05:00:00,,-17.249
2013-07-20 06:00:00,,-17.252
2013-07-20 07:00:00,,-17.255
2013-07-20 08:00:00,,-17.261
2013-07-20 09:00:00,,-17.265
2013-07-20 10:00:00,,-17.268
2013-07-20 11:00:00,,-17.268
2013-07-20 12:00:00,,-17.264
2013-07-20 13:00:00,,-17.256
2013-07-20 14:00:00,,-17.248
2013-07-20 15:00:00,,-17.24
2013-07-20 16:00:00,,-17.236
2013-07-20 17:00:00,,-17.234
2013-07-20 18:00:00,,-17.237
2013-07-20 19:00:00,,-17.241
2013-07-20 20:00:00,,-17.249
2013-07-20 21:00:00,,-17.256
2013-07-20 22:00:00,,-17.26
2013-07-20 23:00:00,,-17.261
2013-07-21 00:00:00,,-17.263
2013-07-21 01:00:00,,-17.261
2013-07-21 02:00:00,,-17.255
2013-07-21 03:00:00,,-17.253
2013-07-21 04:00:00,,-17.249
2013-07-21 05:00:00,,-17.251
2013-07-21 06:00:00,,-17.251
2013-07-21 07:00:00,,-17.258
2013-07-21 08:00:00,,-17.26
2013-07-21 09:00:00,,-17.267
2013-07-21 10:00:00,,-17.268
2013-07-21 11:00:00,,-17.269
2013-07-21 12:00:00,,-17.263
2013-07-21 13:00:00,,-17.255
2013-07-21 14:00:00,,-17.245
2013-07-21 15:00:00,,-17.239
2013-07-21 16:00:00,,-17.236
2013-07-21 17:00:00,,-17.236
2013-07-21 18:00:00,,-17.237
2013-07-21 19:00:00,,-17.244
2013-07-21 20:00:00,,-17.253
2013-07-21 21:00:00,,-17.26
2013-07-21 22:00:00,,-17.266
2013-07-21 23:00:00,,-17.267
2013-07-22 00:00:00,,-17.272
2013-07-22 01:00:00,,-17.27
2013-07-22 02:00:00,,-17.266
2013-07-22 03:00:00,,-17.265
2013-07-22 04:00:00,,-17.266
2013-07-22 05:00:00,,-17.266
2013-07-22 06:00:00,,-17.264
2013-07-22 07:00:00,,-17.271
2013-07-22 08:00:00,,-17.28
2013-07-22 09:00:00,,-17.287
2013-07-22 10:00:00,,-17.289
2013-07-22 11:00:00,,-17.292
2013-07-22 12:00:00,,-17.289
2013-07-22 13:00:00,,-17.284
2013-07-22 14:00:00,,-17.276
2013-07-22 15:00:00,,-17.272
2013-07-22 16:00:00,,-17.266
2013-07-22 17:00:00,,-17.266
2013-07-22 18:00:00,,-17.268
2013-07-22 19:00:00,,-17.273
2013-07-22 20:00:00,,-17.281
2013-07-22 21:00:00,,-17.287
2013-07-22 22:00:00,,-17.298
2013-07-22 23:00:00,,-17.3
2013-07-23 00:00:00,,-17.302
2013-07-23 01:00:00,,-17.304
2013-07-23 02:00:00,,-17.302
2013-07-23 03:00:00,,-17.301
2013-07-23 04:00:00,,-17.298
2013-07-23 05:00:00,,-17.296
2013-07-23 06:00:00,,-17.298
2013-07-23 07:00:00,,-17.305
2013-07-23 08:00:00,,-17.311
2013-07-23 09:00:00,,-17.316
2013-07-23 10:00:00,,-17.323
2013-07-23 11:00:00,,-17.324
2013-07-23 12:00:00,,-17.322
2013-07-23 13:00:00,,-17.313
2013-07-23 14:00:00,,-17.305
2013-07-23 15:00:00,,-17.296
2013-07-23 16:00:00,,-17.296
2013-07-23 17:00:00,,-17.296
2013-07-23 18:00:00,,-17.295
2013-07-23 19:00:00,,-17.3
2013-07-23 20:00:00,,-17.302
2013-07-23 21:00:00,,-17.31
2013-07-23 22:00:00,,-17.315
2013-07-23 23:00:00,,-17.319
2013-07-24 00:00:00,,-17.319
2013-07-24 01:00:00,,-17.32
2013-07-24 02:00:00,,-17.316
2013-07-24 03:00:00,,-17.311
2013-07-24 04:00:00,,-17.308
2013-07-24 05:00:00,,-17.306
2013-07-24 06:00:00,,-17.304
2013-07-24 07:00:00,,-17.305
2013-07-24 08:00:00,,-17.308
2013-07-24 09:00:00,,-17.311
2013-07-24 10:00:00,,-17.317
2013-07-24 11:00:00,,-17.316
2013-07-24 12:00:00,,-17.313
2013-07-24 13:00:00,,-17.303
2013-07-24 14:00:00,,-17.296
2013-07-24 15:00:00,,-17.285
2013-07-24 16:00:00,,-17.281
2013-07-24 17:00:00,,-17.279
2013-07-24 18:00:00,,-17.277
2013-07-24 19:00:00,,-17.28
2013-07-24 20:00:00,,-17.283
2013-07-24 21:00:00,,-17.29
2013-07-24 22:00:00,,-17.294
2013-07-24 23:00:00,,-17.297
2013-07-25 00:00:00,,-17.3
2013-07-25 01:00:00,,-17.297
2013-07-25 02:00:00,,-17.295
2013-07-25 03:00:00,,-17.291
2013-07-25 04:00:00,,-17.288
2013-07-25 05:00:00,,-17.284
2013-07-25 06:00:00,,-17.282
2013-07-25 07:00:00,,-17.285
2013-07-25 08:00:00,,-17.286
2013-07-25 09:00:00,,-17.29
2013-07-25 10:00:00,,-17.296
2013-07-25 11:00:00,,-17.295
2013-07-25 12:00:00,,-17.288
2013-07-25 13:00:00,,-17.288
2013-07-25 14:00:00,,-17.282
2013-07-25 15:00:00,,-17.273
2013-07-25 16:00:00,,-17.267
2013-07-25 17:00:00,,-17.262
2013-07-25 18:00:00,,-17.262
2013-07-25 19:00:00,,-17.263
2013-07-25 20:00:00,,-17.265
2013-07-25 21:00:00,,-17.27
2013-07-25 22:00:00,,-17.27
2013-07-25 23:00:00,,-17.272
2013-07-26 00:00:00,,-17.275
2013-07-26 01:00:00,,-17.276
2013-07-26 02:00:00,,-17.276
2013-07-26 03:00:00,,-17.272
2013-07-26 04:00:00,,-17.266
2013-07-26 05:00:00,,-17.263
2013-07-26 06:00:00,,-17.261
2013-07-26 07:00:00,,-17.264
2013-07-26 08:00:00,,-17.266
2013-07-26 09:00:00,,-17.267
2013-07-26 10:00:00,,-17.268
2013-07-26 11:00:00,,-17.268
2013-07-26 12:00:00,,-17.264
2013-07-26 13:00:00,,-17.262
2013-07-26 14:00:00,,-17.252
2013-07-26 15:00:00,,-17.247
2013-07-26 16:00:00,,-17.242
2013-07-26 17:00:00,,-17.238
2013-07-26 18:00:00,,-17.238
2013-07-26 19:00:00,,-17.239
2013-07-26 20:00:00,,-17.242
2013-07-26 21:00:00,,-17.242
2013-07-26 22:00:00,,-17.243
2013-07-26 23:00:00,,-17.245
2013-07-27 00:00:00,,-17.244
2013-07-27 01:00:00,,-17.242
2013-07-27 02:00:00,,-17.242
2013-07-27 03:00:00,,-17.241
2013-07-27 04:00:00,,-17.239
2013-07-27 05:00:00,,-17.236
2013-07-27 06:00:00,,-17.233
2013-07-27 07:00:00,,-17.232
2013-07-27 08:00:00,,-17.235
2013-07-27 09:00:00,,-17.237
2013-07-27 10:00:00,,-17.237
2013-07-27 11:00:00,,-17.237
2013-07-27 12:00:00,,-17.232
2013-07-27 13:00:00,,-17.227
2013-07-27 14:00:00,,-17.222
2013-07-27 15:00:00,,-17.217
2013-07-27 16:00:00,,-17.214
2013-07-27 17:00:00,,-17.21
2013-07-27 18:00:00,,-17.21
2013-07-27 19:00:00,,-17.211
2013-07-27 20:00:00,,-17.213
2013-07-27 21:00:00,,-17.216
2013-07-27 22:00:00,,-17.217
2013-07-27 23:00:00,,-17.22
2013-07-28 00:00:00,,-17.221
2013-07-28 01:00:00,,-17.22
2013-07-28 02:00:00,,-17.218
2013-07-28 03:00:00,,-17.22
2013-07-28 04:00:00,,-17.222
2013-07-28 05:00:00,,-17.223
2013-07-28 06:00:00,,-17.223
2013-07-28 07:00:00,,-17.227
2013-07-28 08:00:00,,-17.228
2013-07-28 09:00:00,,-17.232
2013-07-28 10:00:00,,-17.233
2013-07-28 11:00:00,,-17.232
2013-07-28 12:00:00,,-17.228
2013-07-28 13:00:00,,-17.226
2013-07-28 14:00:00,,-17.222
2013-07-28 15:00:00,,-17.22
2013-07-28 16:00:00,,-17.217
2013-07-28 17:00:00,,-17.215
2013-07-28 18:00:00,,-17.217
2013-07-28 19:00:00,,-17.221
2013-07-28 20:00:00,,-17.222
2013-07-28 21:00:00,,-17.228
2013-07-28 22:00:00,,-17.228
2013-07-28 23:00:00,,-17.231
2013-07-29 00:00:00,,-17.232
2013-07-29 01:00:00,,-17.233
2013-07-29 02:00:00,,-17.234
2013-07-29 03:00:00,,-17.236
2013-07-29 04:00:00,,-17.234
2013-07-29 05:00:00,,-17.237
2013-07-29 06:00:00,,-17.238
2013-07-29 07:00:00,,-17.24
2013-07-29 08:00:00,,-17.243
2013-07-29 09:00:00,,-17.246
2013-07-29 10:00:00,,-17.25
2013-07-29 11:00:00,,-17.247
2013-07-29 12:00:00,,-17.244
2013-07-29 13:00:00,,-17.239
2013-07-29 14:00:00,,-17.235
2013-07-29 15:00:00,,-17.231
2013-07-29 16:00:00,,-17.23
2013-07-29 17:00:00,,-17.231
2013-07-29 18:00:00,,-17.234
2013-07-29 19:00:00,,-17.238
2013-07-29 20:00:00,,-17.243
2013-07-29 21:00:00,,-17.247
2013-07-29 22:00:00,,-17.249
2013-07-29 23:00:00,,-17.25
2013-07-30 00:00:00,,-17.25
2013-07-30 01:00:00,,-17.249
2013-07-30 02:00:00,,-17.248
2013-07-30 03:00:00,,-17.246
2013-07-30 04:00:00,,-17.246
2013-07-30 05:00:00,,-17.245
2013-07-30 06:00:00,,-17.245
2013-07-30 07:00:00,,-17.252
2013-07-30 08:00:00,,-17.255
2013-07-30 09:00:00,,-17.258
2013-07-30 10:00:00,,-17.258
2013-07-30 11:00:00,,-17.258
2013-07-30 12:00:00,,-17.253
2013-07-30 13:00:00,,-17.247
2013-07-30 14:00:00,,-17.239
2013-07-30 15:00:00,,-17.235
2013-07-30 16:00:00,,-17.232
2013-07-30 17:00:00,,-17.236
2013-07-30 18:00:00,,-17.236
2013-07-30 19:00:00,,-17.239
2013-07-30 20:00:00,,-17.242
2013-07-30 21:00:00,,-17.245
2013-07-30 22:00:00,,-17.245
2013-07-30 23:00:00,,-17.247
2013-07-31 00:00:00,,-17.245
2013-07-31 01:00:00,,-17.242
2013-07-31 02:00:00,,-17.242
2013-07-31 03:00:00,,-17.241
2013-07-31 04:00:00,,-17.24
2013-07-31 05:00:00,,-17.243
2013-07-31 06:00:00,,-17.246
2013-07-31 07:00:00,,-17.248
2013-07-31 08:00:00,,-17.25
2013-07-31 09:00:00,,-17.255
2013-07-31 10:00:00,,-17.256
2013-07-31 11:00:00,,-17.253
2013-07-31 12:00:00,,-17.251
2013-07-31 13:00:00,,-17.24
2013-07-31 14:00:00,,-17.233
2013-07-31 15:00:00,,-17.225
2013-07-31 16:00:00,,-17.224
2013-07-31 17:00:00,,-17.225
2013-07-31 18:00:00,,-17.225
2013-07-31 19:00:00,,-17.227
2013-07-31 20:00:00,,-17.234
2013-07-31 21:00:00,,-17.236
2013-07-31 22:00:00,,-17.236
2013-07-31 23:00:00,,-17.236
2013-08-01 00:00:00,,-17.233
2013-08-01 01:00:00,,-17.23
2013-08-01 02:00:00,,-17.228
2013-08-01 03:00:00,,-17.225
2013-08-01 04:00:00,,-17.225
2013-08-01 05:00:00,,-17.226
2013-08-01 06:00:00,,-17.232
2013-08-01 07:00:00,,-17.236
2013-08-01 08:00:00,,-17.24
2013-08-01 09:00:00,,-17.244
2013-08-01 10:00:00,,-17.244
2013-08-01 11:00:00,,-17.242
2013-08-01 12:00:00,,-17.237
2013-08-01 13:00:00,,-17.232
2013-08-01 14:00:00,,-17.227
2013-08-01 15:00:00,,-17.219
2013-08-01 16:00:00,,-17.22
2013-08-01 17:00:00,,-17.221
2013-08-01 18:00:00,,-17.224
2013-08-01 19:00:00,,-17.229
2013-08-01 20:00:00,,-17.233
2013-08-01 21:00:00,,-17.237
2013-08-01 22:00:00,,-17.241
2013-08-01 23:00:00,,-17.242
2013-08-02 00:00:00,,-17.242
2013-08-02 01:00:00,,-17.242
2013-08-02 02:00:00,,-17.241
2013-08-02 03:00:00,,-17.239
2013-08-02 04:00:00,,-17.243
2013-08-02 05:00:00,,-17.243
2013-08-02 06:00:00,,-17.249
2013-08-02 07:00:00,,-17.256
2013-08-02 08:00:00,,-17.261
2013-08-02 09:00:00,,-17.267
2013-08-02 10:00:00,,-17.271
2013-08-02 11:00:00,,-17.272
2013-08-02 12:00:00,,-17.267
2013-08-02 13:00:00,,-17.261
2013-08-02 14:00:00,,-17.253
2013-08-02 15:00:00,,-17.25
2013-08-02 16:00:00,,-17.248
2013-08-02 17:00:00,,-17.249
2013-08-02 18:00:00,,-17.251
2013-08-02 19:00:00,,-17.256
2013-08-02 20:00:00,,-17.265
2013-08-02 21:00:00,,-17.268
2013-08-02 22:00:00,,-17.272
2013-08-02 23:00:00,,-17.275
2013-08-03 00:00:00,,-17.273
2013-08-03 01:00:00,,-17.272
2013-08-03 02:00:00,,-17.274
2013-08-03 03:00:00,,-17.272
2013-08-03 04:00:00,,-17.273
2013-08-03 05:00:00,,-17.273
2013-08-03 06:00:00,,-17.276
2013-08-03 07:00:00,,-17.276
2013-08-03 08:00:00,,-17.283
2013-08-03 09:00:00,,-17.29
2013-08-03 10:00:00,,-17.291
2013-08-03 11:00:00,,-17.291
2013-08-03 12:00:00,,-17.285
2013-08-03 13:00:00,,-17.279
2013-08-03 14:00:00,,-17.271
2013-08-03 15:00:00,,-17.265
2013-08-03 16:00:00,,-17.261
2013-08-03 17:00:00,,-17.26
2013-08-03 18:00:00,,-17.26
2013-08-03 19:00:00,,-17.265
2013-08-03 20:00:00,,-17.269
2013-08-03 21:00:00,,-17.276
2013-08-03 22:00:00,,-17.278
2013-08-03 23:00:00,,-17.281
2013-08-04 00:00:00,,-17.276
2013-08-04 01:00:00,,-17.274
2013-08-04 02:00:00,,-17.273
2013-08-04 03:00:00,,-17.27
2013-08-04 04:00:00,,-17.265
2013-08-04 05:00:00,,-17.265
2013-08-04 06:00:00,,-17.266
2013-08-04 07:00:00,,-17.273
2013-08-04 08:00:00,,-17.277
2013-08-04 09:00:00,,-17.284
2013-08-04 10:00:00,,-17.285
2013-08-04 11:00:00,,-17.287
2013-08-04 12:00:00,,-17.283
2013-08-04 13:00:00,,-17.273
2013-08-04 14:00:00,,-17.261
2013-08-04 15:00:00,,-17.256
2013-08-04 16:00:00,,-17.254
2013-08-04 17:00:00,,-17.25
2013-08-04 18:00:00,,-17.251
2013-08-04 19:00:00,,-17.253
2013-08-04 20:00:00,,-17.256
2013-08-04 21:00:00,,-17.261
2013-08-04 22:00:00,,-17.263
2013-08-04 23:00:00,,-17.267
2013-08-05 00:00:00,,-17.265
2013-08-05 01:00:00,,-17.265
2013-08-05 02:00:00,,-17.26
2013-08-05 03:00:00,,-17.257
2013-08-05 04:00:00,,-17.254
2013-08-05 05:00:00,,-17.255
2013-08-05 06:00:00,,-17.254
2013-08-05 07:00:00,,-17.259
2013-08-05 08:00:00,,-17.264
2013-08-05 09:00:00,,-17.272
2013-08-05 10:00:00,,-17.276
2013-08-05 11:00:00,,-17.274
2013-08-05 12:00:00,,-17.268
2013-08-05 13:00:00,,-17.258
2013-08-05 14:00:00,,-17.249
2013-08-05 15:00:00,,-17.24
2013-08-05 16:00:00,,-17.235
2013-08-05 17:00:00,,-17.235
2013-08-05 18:00:00,,-17.234
2013-08-05 19:00:00,,-17.238
2013-08-05 20:00:00,,-17.246
2013-08-05 21:00:00,,-17.25
2013-08-05 22:00:00,,-17.25
2013-08-05 23:00:00,,-17.251
2013-08-06 00:00:00,,-17.249
2013-08-06 01:00:00,,-17.249
2013-08-06 02:00:00,,-17.245
2013-08-06 03:00:00,,-17.241
2013-08-06 04:00:00,,-17.237
2013-08-06 05:00:00,,-17.237
2013-08-06 06:00:00,,-17.238
2013-08-06 07:00:00,,-17.244
2013-08-06 08:00:00,,-17.249
2013-08-06 09:00:00,,-17.254
2013-08-06 10:00:00,,-17.258
2013-08-06 11:00:00,,-17.258
2013-08-06 12:00:00,,-17.252
2013-08-06 13:00:00,,-17.247
2013-08-06 14:00:00,,-17.235
2013-08-06 15:00:00,,-17.229
2013-08-06 16:00:00,,-17.223
2013-08-06 17:00:00,,-17.222
2013-08-06 18:00:00,,-17.224
2013-08-06 19:00:00,,-17.229
2013-08-06 20:00:00,,-17.232
2013-08-06 21:00:00,,-17.241
2013-08-06 22:00:00,,-17.24
2013-08-06 23:00:00,,-17.244
2013-08-07 00:00:00,,-17.241
2013-08-07 01:00:00,,-17.24
2013-08-07 02:00:00,,-17.238
2013-08-07 03:00:00,,-17.232
2013-08-07 04:00:00,,-17.231
2013-08-07 05:00:00,,-17.231
2013-08-07 06:00:00,,-17.232
2013-08-07 07:00:00,,-17.235
2013-08-07 08:00:00,,-17.241
2013-08-07 09:00:00,,-17.247
2013-08-07 10:00:00,,-17.249
2013-08-07 11:00:00,,-17.25
2013-08-07 12:00:00,,-17.246
2013-08-07 13:00:00,,-17.237
2013-08-07 14:00:00,,-17.23
2013-08-07 15:00:00,,-17.224
2013-08-07 16:00:00,,-17.221
2013-08-07 17:00:00,,-17.218
2013-08-07 18:00:00,,-17.22
2013-08-07 19:00:00,,-17.223
2013-08-07 20:00:00,,-17.228
2013-08-07 21:00:00,,-17.235
2013-08-07 22:00:00,,-17.239
2013-08-07 23:00:00,,-17.242
2013-08-08 00:00:00,,-17.244
2013-08-08 01:00:00,,-17.243
2013-08-08 02:00:00,,-17.24
2013-08-08 03:00:00,,-17.239
2013-08-08 04:00:00,,-17.237
2013-08-08 05:00:00,,-17.234
2013-08-08 06:00:00,,-17.236
2013-08-08 07:00:00,,-17.241
2013-08-08 08:00:00,,-17.243
2013-08-08 09:00:00,,-17.25
2013-08-08 10:00:00,,-17.253
2013-08-08 11:00:00,,-17.251
2013-08-08 12:00:00,,-17.251
2013-08-08 13:00:00,,-17.243
2013-08-08 14:00:00,,-17.234
2013-08-08 15:00:00,,-17.228
2013-08-08 16:00:00,,-17.223
2013-08-08 17:00:00,,-17.221
2013-08-08 18:00:00,,-17.222
2013-08-08 19:00:00,,-17.225
2013-08-08 20:00:00,,-17.227
2013-08-08 21:00:00,,-17.234
2013-08-08 22:00:00,,-17.235
2013-08-08 23:00:00,,-17.239
2013-08-09 00:00:00,,-17.24
2013-08-09 01:00:00,,-17.237
2013-08-09 02:00:00,,-17.235
2013-08-09 03:00:00,,-17.234
2013-08-09 04:00:00,,-17.232
2013-08-09 05:00:00,,-17.232
2013-08-09 06:00:00,,-17.232
2013-08-09 07:00:00,,-17.237
2013-08-09 08:00:00,,-17.238
2013-08-09 09:00:00,,-17.243
2013-08-09 10:00:00,,-17.247
2013-08-09 11:00:00,,-17.247
2013-08-09 12:00:00,,-17.244
2013-08-09 13:00:00,,-17.239
2013-08-09 14:00:00,,-17.229
2013-08-09 15:00:00,,-17.225
2013-08-09 16:00:00,,-17.219
2013-08-09 17:00:00,,-17.218
2013-08-09 18:00:00,,-17.214
2013-08-09 19:00:00,,-17.216
2013-08-09 20:00:00,,-17.219
2013-08-09 21:00:00,,-17.223
2013-08-09 22:00:00,,-17.225
2013-08-09 23:00:00,,-17.23
2013-08-10 00:00:00,,-17.229
2013-08-10 01:00:00,,-17.231
2013-08-10 02:00:00,,-17.228
2013-08-10 03:00:00,,-17.227
2013-08-10 04:00:00,,-17.223
2013-08-10 05:00:00,,-17.222
2013-08-10 06:00:00,,-17.225
2013-08-10 07:00:00,,-17.228
2013-08-10 08:00:00,,-17.228
2013-08-10 09:00:00,,-17.233
2013-08-10 10:00:00,,-17.237
2013-08-10 11:00:00,,-17.239
2013-08-10 12:00:00,,-17.235
2013-08-10 13:00:00,,-17.23
2013-08-10 14:00:00,,-17.225
2013-08-10 15:00:00,,-17.218
2013-08-10 16:00:00,,-17.213
2013-08-10 17:00:00,,-17.211
2013-08-10 18:00:00,,-17.207
2013-08-10 19:00:00,,-17.21
2013-08-10 20:00:00,,-17.212
2013-08-10 21:00:00,,-17.219
2013-08-10 22:00:00,,-17.221
2013-08-10 23:00:00,,-17.226
2013-08-11 00:00:00,,-17.226
2013-08-11 01:00:00,,-17.227
2013-08-11 02:00:00,,-17.225
2013-08-11 03:00:00,,-17.223
2013-08-11 04:00:00,,-17.22
2013-08-11 05:00:00,,-17.215
2013-08-11 06:00:00,,-17.216
2013-08-11 07:00:00,,-17.216
2013-08-11 08:00:00,,-17.222
2013-08-11 09:00:00,,-17.225
2013-08-11 10:00:00,,-17.225
2013-08-11 11:00:00,,-17.228
2013-08-11 12:00:00,,-17.222
2013-08-11 13:00:00,,-17.218
2013-08-11 14:00:00,,-17.211
2013-08-11 15:00:00,,-17.205
2013-08-11 16:00:00,,-17.2
2013-08-11 17:00:00,,-17.197
2013-08-11 18:00:00,,-17.195
2013-08-11 19:00:00,,-17.195
2013-08-11 20:00:00,,-17.199
2013-08-11 21:00:00,,-17.204
2013-08-11 22:00:00,,-17.204
2013-08-11 23:00:00,,-17.209
2013-08-12 00:00:00,,-17.21
2013-08-12 01:00:00,,-17.208
2013-08-12 02:00:00,,-17.207
2013-08-12 03:00:00,,-17.206
2013-08-12 04:00:00,,-17.205
2013-08-12 05:00:00,,-17.204
2013-08-12 06:00:00,,-17.205
2013-08-12 07:00:00,,-17.207
2013-08-12 08:00:00,,-17.211
2013-08-12 09:00:00,,-17.212
2013-08-12 10:00:00,,-17.215
2013-08-12 11:00:00,,-17.212
2013-08-12 12:00:00,,-17.21
2013-08-12 13:00:00,,-17.208
2013-08-12 14:00:00,,-17.204
2013-08-12 15:00:00,,-17.204
2013-08-12 16:00:00,,-17.201
2013-08-12 17:00:00,,-17.2
2013-08-12 18:00:00,,-17.202
2013-08-12 19:00:00,,-17.203
2013-08-12 20:00:00,,-17.21
2013-08-12 21:00:00,,-17.214
2013-08-12 22:00:00,,-17.219
2013-08-12 23:00:00,,-17.222
2013-08-13 00:00:00,,-17.225
2013-08-13 01:00:00,,-17.224
2013-08-13 02:00:00,,-17.226
2013-08-13 03:00:00,,-17.228
2013-08-13 04:00:00,,-17.227
2013-08-13 05:00:00,,-17.227
2013-08-13 06:00:00,,-17.229
2013-08-13 07:00:00,,-17.235
2013-08-13 08:00:00,,-17.238
2013-08-13 09:00:00,,-17.242
2013-08-13 10:00:00,,-17.242
2013-08-13 11:00:00,,-17.239
2013-08-13 12:00:00,,-17.239
2013-08-13 13:00:00,,-17.231
2013-08-13 14:00:00,,-17.223
2013-08-13 15:00:00,,-17.217
2013-08-13 16:00:00,,-17.216
2013-08-13 17:00:00,,-17.213
2013-08-13 18:00:00,,-17.212
2013-08-13 19:00:00,,-17.215
2013-08-13 20:00:00,,-17.215
2013-08-13 21:00:00,,-17.218
2013-08-13 22:00:00,,-17.219
2013-08-13 23:00:00,,-17.218
2013-08-14 00:00:00,,-17.217
2013-08-14 01:00:00,,-17.217
2013-08-14 02:00:00,,-17.217
2013-08-14 03:00:00,,-17.214
2013-08-14 04:00:00,,-17.213
2013-08-14 05:00:00,,-17.214
2013-08-14 06:00:00,,-17.217
2013-08-14 07:00:00,,-17.22
2013-08-14 08:00:00,,-17.225
2013-08-14 09:00:00,,-17.229
2013-08-14 10:00:00,,-17.232
2013-08-14 11:00:00,,-17.233
2013-08-14 12:00:00,,-17.23
2013-08-14 13:00:00,,-17.223
2013-08-14 14:00:00,,-17.219
2013-08-14 15:00:00,,-17.213
2013-08-14 16:00:00,,-17.212
2013-08-14 17:00:00,,-17.215
2013-08-14 18:00:00,,-17.216
2013-08-14 19:00:00,,-17.218
2013-08-14 20:00:00,,-17.226
2013-08-14 21:00:00,,-17.229
2013-08-14 22:00:00,,-17.232
2013-08-14 23:00:00,,-17.234
2013-08-15 00:00:00,,-17.238
2013-08-15 01:00:00,,-17.237
2013-08-15 02:00:00,,-17.238
2013-08-15 03:00:00,,-17.234
2013-08-15 04:00:00,,-17.238
2013-08-15 05:00:00,,-17.24
2013-08-15 06:00:00,,-17.242
2013-08-15 07:00:00,,-17.246
2013-08-15 08:00:00,,-17.249
2013-08-15 09:00:00,,-17.252
2013-08-15 10:00:00,,-17.253
2013-08-15 11:00:00,,-17.254
2013-08-15 12:00:00,,-17.248
2013-08-15 13:00:00,,-17.238
2013-08-15 14:00:00,,-17.23
2013-08-15 15:00:00,,-17.226
2013-08-15 16:00:00,,-17.222
2013-08-15 17:00:00,,-17.219
2013-08-15 18:00:00,,-17.217
2013-08-15 19:00:00,,-17.222
2013-08-15 20:00:00,,-17.222
2013-08-15 21:00:00,,-17.224
2013-08-15 22:00:00,,-17.222
2013-08-15 23:00:00,,-17.22
2013-08-16 00:00:00,,-17.211
2013-08-16 01:00:00,,-17.212
2013-08-16 02:00:00,,-17.21
2013-08-16 03:00:00,,-17.208
2013-08-16 04:00:00,,-17.201
2013-08-16 05:00:00,,-17.203
2013-08-16 06:00:00,,-17.203
2013-08-16 07:00:00,,-17.204
2013-08-16 08:00:00,,-17.207
2013-08-16 09:00:00,,-17.212
2013-08-16 10:00:00,,-17.212
2013-08-16 11:00:00,,-17.207
2013-08-16 12:00:00,,-17.201
2013-08-16 13:00:00,,-17.192
2013-08-16 14:00:00,,-17.184
2013-08-16 15:00:00,,-17.178
2013-08-16 16:00:00,,-17.175
2013-08-16 17:00:00,,-17.175
2013-08-16 18:00:00,,-17.178
2013-08-16 19:00:00,,-17.184
2013-08-16 20:00:00,,-17.192
2013-08-16 21:00:00,,-17.194
2013-08-16 22:00:00,,-17.197
2013-08-16 23:00:00,,-17.199
2013-08-17 00:00:00,,-17.2
2013-08-17 01:00:00,,-17.203
2013-08-17 02:00:00,,-17.2
2013-08-17 03:00:00,,-17.203
2013-08-17 04:00:00,,-17.205
2013-08-17 05:00:00,,-17.209
2013-08-17 06:00:00,,-17.214
2013-08-17 07:00:00,,-17.223
2013-08-17 08:00:00,,-17.231
2013-08-17 09:00:00,,-17.237
2013-08-17 10:00:00,,-17.243
2013-08-17 11:00:00,,-17.24
2013-08-17 12:00:00,,-17.235
2013-08-17 13:00:00,,-17.228
2013-08-17 14:00:00,,-17.224
2013-08-17 15:00:00,,-17.222
2013-08-17 16:00:00,,-17.221
2013-08-17 17:00:00,,-17.226
2013-08-17 18:00:00,,-17.228
2013-08-17 19:00:00,,-17.234
2013-08-17 20:00:00,,-17.242
2013-08-17 21:00:00,,-17.244
2013-08-17 22:00:00,,-17.242
2013-08-17 23:00:00,,-17.243
2013-08-18 00:00:00,,-17.24
2013-08-18 01:00:00,,-17.237
2013-08-18 02:00:00,,-17.235
2013-08-18 03:00:00,,-17.232
2013-08-18 04:00:00,,-17.229
2013-08-18 05:00:00,,-17.234
2013-08-18 06:00:00,,-17.239
2013-08-18 07:00:00,,-17.244
2013-08-18 08:00:00,,-17.251
2013-08-18 09:00:00,,-17.256
2013-08-18 10:00:00,,-17.256
2013-08-18 11:00:00,,-17.255
2013-08-18 12:00:00,,-17.25
2013-08-18 13:00:00,,-17.244
2013-08-18 14:00:00,,-17.233
2013-08-18 15:00:00,,-17.231
2013-08-18 16:00:00,,-17.221
2013-08-18 17:00:00,,-17.222
2013-08-18 18:00:00,,-17.226
2013-08-18 19:00:00,,-17.231
2013-08-18 20:00:00,,-17.239
2013-08-18 21:00:00,,-17.242
2013-08-18 22:00:00,,-17.244
2013-08-18 23:00:00,,-17.246
2013-08-19 00:00:00,,-17.247
2013-08-19 01:00:00,,-17.243
2013-08-19 02:00:00,,-17.24
2013-08-19 03:00:00,,-17.235
2013-08-19 04:00:00,,-17.235
2013-08-19 05:00:00,,-17.236
2013-08-19 06:00:00,,-17.241
2013-08-19 07:00:00,,-17.248
2013-08-19 08:00:00,,-17.252
2013-08-19 09:00:00,,-17.257
2013-08-19 10:00:00,,-17.256
2013-08-19 11:00:00,,-17.256
2013-08-19 12:00:00,,-17.25
2013-08-19 13:00:00,,-17.242
2013-08-19 14:00:00,,-17.234
2013-08-19 15:00:00,,-17.226
2013-08-19 16:00:00,,-17.224
2013-08-19 17:00:00,,-17.218
2013-08-19 18:00:00,,-17.224
2013-08-19 19:00:00,,-17.228
2013-08-19 20:00:00,,-17.232
2013-08-19 21:00:00,,-17.239
2013-08-19 22:00:00,,-17.242
2013-08-19 23:00:00,,-17.244
2013-08-20 00:00:00,,-17.242
2013-08-20 01:00:00,,-17.242
2013-08-20 02:00:00,,-17.242
2013-08-20 03:00:00,,-17.235
2013-08-20 04:00:00,,-17.234
2013-08-20 05:00:00,,-17.237
2013-08-20 06:00:00,,-17.236
2013-08-20 07:00:00,,-17.246
2013-08-20 08:00:00,,-17.254
2013-08-20 09:00:00,,-17.256
2013-08-20 10:00:00,,-17.263
2013-08-20 11:00:00,,-17.263
2013-08-20 12:00:00,,-17.257
2013-08-20 13:00:00,,-17.252
2013-08-20 14:00:00,,-17.24
2013-08-20 15:00:00,,-17.235
2013-08-20 16:00:00,,-17.229
2013-08-20 17:00:00,,-17.229
2013-08-20 18:00:00,,-17.232
2013-08-20 19:00:00,,-17.236
2013-08-20 20:00:00,,-17.244
2013-08-20 21:00:00,,-17.255
2013-08-20 22:00:00,,-17.261
2013-08-20 23:00:00,,-17.263
2013-08-21 00:00:00,,-17.264
2013-08-21 01:00:00,,-17.262
2013-08-21 02:00:00,,-17.257
2013-08-21 03:00:00,,-17.25
2013-08-21 04:00:00,,-17.249
2013-08-21 05:00:00,,-17.246
2013-08-21 06:00:00,,-17.247
2013-08-21 07:00:00,,-17.251
2013-08-21 08:00:00,,-17.258
2013-08-21 09:00:00,,-17.264
2013-08-21 10:00:00,,-17.269
2013-08-21 11:00:00,,-17.267
2013-08-21 12:00:00,,-17.264
2013-08-21 13:00:00,,-17.254
2013-08-21 14:00:00,,-17.25
2013-08-21 15:00:00,,-17.24
2013-08-21 16:00:00,,-17.237
2013-08-21 17:00:00,,-17.235
2013-08-21 18:00:00,,-17.234
2013-08-21 19:00:00,,-17.235
2013-08-21 20:00:00,,-17.245
2013-08-21 21:00:00,,-17.252
2013-08-21 22:00:00,,-17.257
2013-08-21 23:00:00,,-17.262
2013-08-22 00:00:00,,-17.267
2013-08-22 01:00:00,,-17.268
2013-08-22 02:00:00,,-17.263
2013-08-22 03:00:00,,-17.259
2013-08-22 04:00:00,,-17.257
2013-08-22 05:00:00,,-17.256
2013-08-22 06:00:00,,-17.257
2013-08-22 07:00:00,,-17.261
2013-08-22 08:00:00,,-17.27
2013-08-22 09:00:00,,-17.276
2013-08-22 10:00:00,,-17.283
2013-08-22 11:00:00,,-17.283
2013-08-22 12:00:00,,-17.277
2013-08-22 13:00:00,,-17.272
2013-08-22 14:00:00,,-17.265
2013-08-22 15:00:00,,-17.26
2013-08-22 16:00:00,,-17.255
2013-08-22 17:00:00,,-17.252
2013-08-22 18:00:00,,-17.253
2013-08-22 19:00:00,,-17.257
2013-08-22 20:00:00,,-17.262
2013-08-22 21:00:00,,-17.268
2013-08-22 22:00:00,,-17.273
2013-08-22 23:00:00,,-17.278
2013-08-23 00:00:00,,-17.279
2013-08-23 01:00:00,,-17.282
2013-08-23 02:00:00,,-17.28
2013-08-23 03:00:00,,-17.276
2013-08-23 04:00:00,,-17.273
2013-08-23 05:00:00,,-17.274
2013-08-23 06:00:00,,-17.276
2013-08-23 07:00:00,,-17.281
2013-08-23 08:00:00,,-17.285
2013-08-23 09:00:00,,-17.291
2013-08-23 10:00:00,,-17.296
2013-08-23 11:00:00,,-17.295
2013-08-23 12:00:00,,-17.291
2013-08-23 13:00:00,,-17.286
2013-08-23 14:00:00,,-17.277
2013-08-23 15:00:00,,-17.273
2013-08-23 16:00:00,,-17.268
2013-08-23 17:00:00,,-17.266
2013-08-23 18:00:00,,-17.263
2013-08-23 19:00:00,,-17.267
2013-08-23 20:00:00,,-17.272
2013-08-23 21:00:00,,-17.276
2013-08-23 22:00:00,,-17.279
2013-08-23 23:00:00,,-17.287
2013-08-24 00:00:00,,-17.287
2013-08-24 01:00:00,,-17.288
2013-08-24 02:00:00,,-17.284
2013-08-24 03:00:00,,-17.282
2013-08-24 04:00:00,,-17.281
2013-08-24 05:00:00,,-17.279
2013-08-24 06:00:00,,-17.281
2013-08-24 07:00:00,,-17.285
2013-08-24 08:00:00,,-17.289
2013-08-24 09:00:00,,-17.296
2013-08-24 10:00:00,,-17.299
2013-08-24 11:00:00,,-17.295
2013-08-24 12:00:00,,-17.295
2013-08-24 13:00:00,,-17.286
2013-08-24 14:00:00,,-17.278
2013-08-24 15:00:00,,-17.271
2013-08-24 16:00:00,,-17.268
2013-08-24 17:00:00,,-17.263
2013-08-24 18:00:00,,-17.261
2013-08-24 19:00:00,,-17.262
2013-08-24 20:00:00,,-17.266
2013-08-24 21:00:00,,-17.268
2013-08-24 22:00:00,,-17.273
2013-08-24 23:00:00,,-17.276
2013-08-25 00:00:00,,-17.277
2013-08-25 01:00:00,,-17.28
2013-08-25 02:00:00,,-17.278
2013-08-25 03:00:00,,-17.277
2013-08-25 04:00:00,,-17.274
2013-08-25 05:00:00,,-17.274
2013-08-25 06:00:00,,-17.275
2013-08-25 07:00:00,,-17.279
2013-08-25 08:00:00,,-17.281
2013-08-25 09:00:00,,-17.283
2013-08-25 10:00:00,,-17.286
2013-08-25 11:00:00,,-17.287
2013-08-25 12:00:00,,-17.282
2013-08-25 13:00:00,,-17.277
2013-08-25 14:00:00,,-17.266
2013-08-25 15:00:00,,-17.259
2013-08-25 16:00:00,,-17.257
2013-08-25 17:00:00,,-17.249
2013-08-25 18:00:00,,-17.25
2013-08-25 19:00:00,,-17.255
2013-08-25 20:00:00,,-17.257
2013-08-25 21:00:00,,-17.258
2013-08-25 22:00:00,,-17.26
2013-08-25 23:00:00,,-17.262
2013-08-26 00:00:00,,-17.267
2013-08-26 01:00:00,,-17.267
2013-08-26 02:00:00,,-17.266
2013-08-26 03:00:00,,-17.262
2013-08-26 04:00:00,,-17.262
2013-08-26 05:00:00,,-17.261
2013-08-26 06:00:00,,-17.262
2013-08-26 07:00:00,,-17.266
2013-08-26 08:00:00,,-17.269
2013-08-26 09:00:00,,-17.274
2013-08-26 10:00:00,,-17.273
2013-08-26 11:00:00,,-17.274
2013-08-26 12:00:00,,-17.267
2013-08-26 13:00:00,,-17.262
2013-08-26 14:00:00,,-17.256
2013-08-26 15:00:00,,-17.25
2013-08-26 16:00:00,,-17.243
2013-08-26 17:00:00,,-17.24
2013-08-26 18:00:00,,-17.239
2013-08-26 19:00:00,,-17.239
2013-08-26 20:00:00,,-17.243
2013-08-26 21:00:00,,-17.245
2013-08-26 22:00:00,,-17.248
2013-08-26 23:00:00,,-17.246
2013-08-27 00:00:00,,-17.249
2013-08-27 01:00:00,,-17.247
2013-08-27 02:00:00,,-17.25
2013-08-27 03:00:00,,-17.246
2013-08-27 04:00:00,,-17.245
2013-08-27 05:00:00,,-17.248
2013-08-27 06:00:00,,-17.25
2013-08-27 07:00:00,,-17.253
2013-08-27 08:00:00,,-17.257
2013-08-27 09:00:00,,-17.259
2013-08-27 10:00:00,,-17.262
2013-08-27 11:00:00,,-17.261
2013-08-27 12:00:00,,-17.254
2013-08-27 13:00:00,,-17.251
2013-08-27 14:00:00,,-17.245
2013-08-27 15:00:00,,-17.239
2013-08-27 16:00:00,,-17.234
2013-08-27 17:00:00,,-17.234
2013-08-27 18:00:00,,-17.233
2013-08-27 19:00:00,,-17.236
2013-08-27 20:00:00,,-17.236
2013-08-27 21:00:00,,-17.237
2013-08-27 22:00:00,,-17.241
2013-08-27 23:00:00,,-17.241
2013-08-28 00:00:00,,-17.24
2013-08-28 01:00:00,,-17.239
2013-08-28 02:00:00,,-17.238
2013-08-28 03:00:00,,-17.236
2013-08-28 04:00:00,,-17.231
2013-08-28 05:00:00,,-17.235
2013-08-28 06:00:00,,-17.236
2013-08-28 07:00:00,,-17.238
2013-08-28 08:00:00,,-17.241
2013-08-28 09:00:00,,-17.242
2013-08-28 10:00:00,,-17.244
2013-08-28 11:00:00,,-17.241
2013-08-28 12:00:00,,-17.237
2013-08-28 13:00:00,,-17.23
2013-08-28 14:00:00,,-17.22
2013-08-28 15:00:00,,-17.213
2013-08-28 16:00:00,,-17.21
2013-08-28 17:00:00,,-17.206
2013-08-28 18:00:00,,-17.205
2013-08-28 19:00:00,,-17.208
2013-08-28 20:00:00,,-17.216
2013-08-28 21:00:00,,-17.216
2013-08-28 22:00:00,,-17.217
2013-08-28 23:00:00,,-17.219
2013-08-29 00:00:00,,-17.215
2013-08-29 01:00:00,,-17.215
2013-08-29 02:00:00,,-17.211
2013-08-29 03:00:00,,-17.209
2013-08-29 04:00:00,,-17.209
2013-08-29 05:00:00,,-17.208
2013-08-29 06:00:00,,-17.211
2013-08-29 07:00:00,,-17.217
2013-08-29 08:00:00,,-17.22
2013-08-29 09:00:00,,-17.228
2013-08-29 10:00:00,,-17.228
2013-08-29 11:00:00,,-17.225
2013-08-29 12:00:00,,-17.22
2013-08-29 13:00:00,,-17.214
2013-08-29 14:00:00,,-17.209
2013-08-29 15:00:00,,-17.203
2013-08-29 16:00:00,,-17.201
2013-08-29 17:00:00,,-17.201
2013-08-29 18:00:00,,-17.203
2013-08-29 19:00:00,,-17.209
2013-08-29 20:00:00,,-17.213
2013-08-29 21:00:00,,-17.215
2013-08-29 22:00:00,,-17.216
2013-08-29 23:00:00,,-17.217
2013-08-30 00:00:00,,-17.215
2013-08-30 01:00:00,,-17.218
2013-08-30 02:00:00,,-17.213
2013-08-30 03:00:00,,-17.213
2013-08-30 04:00:00,,-17.212
2013-08-30 05:00:00,,-17.214
2013-08-30 06:00:00,,-17.218
2013-08-30 07:00:00,,-17.223
2013-08-30 08:00:00,,-17.227
2013-08-30 09:00:00,,-17.233
2013-08-30 10:00:00,,-17.231
2013-08-30 11:00:00,,-17.23
2013-08-30 12:00:00,,-17.224
2013-08-30 13:00:00,,-17.217
2013-08-30 14:00:00,,-17.211
2013-08-30 15:00:00,,-17.204
2013-08-30 16:00:00,,-17.2
2013-08-30 17:00:00,,-17.202
2013-08-30 18:00:00,,-17.201
2013-08-30 19:00:00,,-17.208
2013-08-30 20:00:00,,-17.212
2013-08-30 21:00:00,,-17.218
2013-08-30 22:00:00,,-17.22
2013-08-30 23:00:00,,-17.22
2013-08-31 00:00:00,,-17.217
2013-08-31 01:00:00,,-17.214
2013-08-31 02:00:00,,-17.208
2013-08-31 03:00:00,,-17.211
2013-08-31 04:00:00,,-17.214
2013-08-31 05:00:00,,-17.214
2013-08-31 06:00:00,,-17.219
2013-08-31 07:00:00,,-17.222
2013-08-31 08:00:00,,-17.23
2013-08-31 09:00:00,,-17.234
2013-08-31 10:00:00,,-17.236
2013-08-31 11:00:00,,-17.236
2013-08-31 12:00:00,,-17.231
2013-08-31 13:00:00,,-17.224
2013-08-31 14:00:00,,-17.219
2013-08-31 15:00:00,,-17.215
2013-08-31 16:00:00,,-17.212
2013-08-31 17:00:00,,-17.216
2013-08-31 18:00:00,,-17.217
2013-08-31 19:00:00,,-17.221
2013-08-31 20:00:00,,-17.232
2013-08-31 21:00:00,,-17.234
2013-08-31 22:00:00,,-17.237
2013-08-31 23:00:00,,-17.241
2013-09-01 00:00:00,,-17.242
2013-09-01 01:00:00,,-17.238
2013-09-01 02:00:00,,-17.236
2013-09-01 03:00:00,,-17.236
2013-09-01 04:00:00,,-17.236
2013-09-01 05:00:00,,-17.237
2013-09-01 06:00:00,,-17.245
2013-09-01 07:00:00,,-17.249
2013-09-01 08:00:00,,-17.257
2013-09-01 09:00:00,,-17.262
2013-09-01 10:00:00,,-17.264
2013-09-01 11:00:00,,-17.262
2013-09-01 12:00:00,,-17.258
2013-09-01 13:00:00,,-17.251
2013-09-01 14:00:00,,-17.246
2013-09-01 15:00:00,,-17.24
2013-09-01 16:00:00,,-17.239
2013-09-01 17:00:00,,-17.239
2013-09-01 18:00:00,,-17.243
2013-09-01 19:00:00,,-17.247
2013-09-01 20:00:00,,-17.256
2013-09-01 21:00:00,,-17.262
2013-09-01 22:00:00,,-17.263
2013-09-01 23:00:00,,-17.267
2013-09-02 00:00:00,,-17.269
2013-09-02 01:00:00,,-17.265
2013-09-02 02:00:00,,-17.262
2013-09-02 03:00:00,,-17.262
2013-09-02 04:00:00,,-17.259
2013-09-02 05:00:00,,-17.266
2013-09-02 06:00:00,,-17.271
2013-09-02 07:00:00,,-17.278
2013-09-02 08:00:00,,-17.284
2013-09-02 09:00:00,,-17.289
2013-09-02 10:00:00,,-17.292
2013-09-02 11:00:00,,-17.291
2013-09-02 12:00:00,,-17.284
2013-09-02 13:00:00,,-17.279
2013-09-02 14:00:00,,-17.271
2013-09-02 15:00:00,,-17.262
2013-09-02 16:00:00,,-17.255
2013-09-02 17:00:00,,-17.255
2013-09-02 18:00:00,,-17.256
2013-09-02 19:00:00,,-17.26
2013-09-02 20:00:00,,-17.268
2013-09-02 21:00:00,,-17.272
2013-09-02 22:00:00,,-17.276
2013-09-02 23:00:00,,-17.278
2013-09-03 00:00:00,,-17.275
2013-09-03 01:00:00,,-17.27
2013-09-03 02:00:00,,-17.268
2013-09-03 03:00:00,,-17.264
2013-09-03 04:00:00,,-17.26
2013-09-03 05:00:00,,-17.265
2013-09-03 06:00:00,,-17.268
2013-09-03 07:00:00,,-17.273
2013-09-03 08:00:00,,-17.278
2013-09-03 09:00:00,,-17.281
2013-09-03 10:00:00,,-17.282
2013-09-03 11:00:00,,-17.279
2013-09-03 12:00:00,,-17.275
2013-09-03 13:00:00,,-17.267
2013-09-03 14:00:00,,-17.26
2013-09-03 15:00:00,,-17.253
2013-09-03 16:00:00,,-17.25
2013-09-03 17:00:00,,-17.248
2013-09-03 18:00:00,,-17.249
2013-09-03 19:00:00,,-17.253
2013-09-03 20:00:00,,-17.261
2013-09-03 21:00:00,,-17.266
2013-09-03 22:00:00,,-17.267
2013-09-03 23:00:00,,-17.27
2013-09-04 00:00:00,,-17.27
2013-09-04 01:00:00,,-17.267
2013-09-04 02:00:00,,-17.263
2013-09-04 03:00:00,,-17.261
2013-09-04 04:00:00,,-17.26
2013-09-04 05:00:00,,-17.263
2013-09-04 06:00:00,,-17.267
2013-09-04 07:00:00,,-17.272
2013-09-04 08:00:00,,-17.277
2013-09-04 09:00:00,,-17.283
2013-09-04 10:00:00,,-17.283
2013-09-04 11:00:00,,-17.28
2013-09-04 12:00:00,,-17.277
2013-09-04 13:00:00,,-17.269
2013-09-04 14:00:00,,-17.26
2013-09-04 15:00:00,,-17.252
2013-09-04 16:00:00,,-17.246
2013-09-04 17:00:00,,-17.248
2013-09-04 18:00:00,,-17.249
2013-09-04 19:00:00,,-17.251
2013-09-04 20:00:00,,-17.261
2013-09-04 21:00:00,,-17.268
2013-09-04 22:00:00,,-17.274
2013-09-04 23:00:00,,-17.278
2013-09-05 00:00:00,,-17.278
2013-09-05 01:00:00,,-17.277
2013-09-05 02:00:00,,-17.272
2013-09-05 03:00:00,,-17.268
2013-09-05 04:00:00,,-17.267
2013-09-05 05:00:00,,-17.267
2013-09-05 06:00:00,,-17.271
2013-09-05 07:00:00,,-17.273
2013-09-05 08:00:00,,-17.282
2013-09-05 09:00:00,,-17.283
2013-09-05 10:00:00,,-17.285
2013-09-05 11:00:00,,-17.285
2013-09-05 12:00:00,,-17.281
2013-09-05 13:00:00,,-17.274
2013-09-05 14:00:00,,-17.265
2013-09-05 15:00:00,,-17.256
2013-09-05 16:00:00,,-17.251
2013-09-05 17:00:00,,-17.249
2013-09-05 18:00:00,,-17.25
2013-09-05 19:00:00,,-17.257
2013-09-05 20:00:00,,-17.264
2013-09-05 21:00:00,,-17.271
2013-09-05 22:00:00,,-17.273
2013-09-05 23:00:00,,-17.275
2013-09-06 00:00:00,,-17.276
2013-09-06 01:00:00,,-17.277
2013-09-06 02:00:00,,-17.274
2013-09-06 03:00:00,,-17.271
2013-09-06 04:00:00,,-17.268
2013-09-06 05:00:00,,-17.267
2013-09-06 06:00:00,,-17.271
2013-09-06 07:00:00,,-17.276
2013-09-06 08:00:00,,-17.283
2013-09-06 09:00:00,,-17.284
2013-09-06 10:00:00,,-17.29
2013-09-06 11:00:00,,-17.289
2013-09-06 12:00:00,,-17.283
2013-09-06 13:00:00,,-17.275
2013-09-06 14:00:00,,-17.265
2013-09-06 15:00:00,,-17.255
2013-09-06 16:00:00,,-17.252
2013-09-06 17:00:00,,-17.247
2013-09-06 18:00:00,,-17.244
2013-09-06 19:00:00,,-17.245
2013-09-06 20:00:00,,-17.252
2013-09-06 21:00:00,,-17.255
2013-09-06 22:00:00,,-17.258
2013-09-06 23:00:00,,-17.262
2013-09-07 00:00:00,,-17.264
2013-09-07 01:00:00,,-17.264
2013-09-07 02:00:00,,-17.263
2013-09-07 03:00:00,,-17.26
2013-09-07 04:00:00,,-17.257
2013-09-07 05:00:00,,-17.257
2013-09-07 06:00:00,,-17.258
2013-09-07 07:00:00,,-17.263
2013-09-07 08:00:00,,-17.268
2013-09-07 09:00:00,,-17.271
2013-09-07 10:00:00,,-17.273
2013-09-07 11:00:00,,-17.274
2013-09-07 12:00:00,,-17.268
2013-09-07 13:00:00,,-17.26
2013-09-07 14:00:00,,-17.252
2013-09-07 15:00:00,,-17.244
2013-09-07 16:00:00,,-17.238
2013-09-07 17:00:00,,-17.235
2013-09-07 18:00:00,,-17.234
2013-09-07 19:00:00,,-17.238
2013-09-07 20:00:00,,-17.242
2013-09-07 21:00:00,,-17.249
2013-09-07 22:00:00,,-17.252
2013-09-07 23:00:00,,-17.254
2013-09-08 00:00:00,,-17.257
2013-09-08 01:00:00,,-17.253
2013-09-08 02:00:00,,-17.253
2013-09-08 03:00:00,,-17.251
2013-09-08 04:00:00,,-17.246
2013-09-08 05:00:00,,-17.246
2013-09-08 06:00:00,,-17.247
2013-09-08 07:00:00,,-17.25
2013-09-08 08:00:00,,-17.254
2013-09-08 09:00:00,,-17.261
2013-09-08 10:00:00,,-17.262
2013-09-08 11:00:00,,-17.261
2013-09-08 12:00:00,,-17.257
2013-09-08 13:00:00,,-17.249
2013-09-08 14:00:00,,-17.241
2013-09-08 15:00:00,,-17.234
2013-09-08 16:00:00,,-17.226
2013-09-08 17:00:00,,-17.222
2013-09-08 18:00:00,,-17.221
2013-09-08 19:00:00,,-17.223
2013-09-08 20:00:00,,-17.227
2013-09-08 21:00:00,,-17.231
2013-09-08 22:00:00,,-17.236
2013-09-08 23:00:00,,-17.239
2013-09-09 00:00:00,,-17.238
2013-09-09 01:00:00,,-17.241
2013-09-09 02:00:00,,-17.234
2013-09-09 03:00:00,,-17.232
2013-09-09 04:00:00,,-17.226
2013-09-09 05:00:00,,-17.226
2013-09-09 06:00:00,,-17.229
2013-09-09 07:00:00,,-17.231
2013-09-09 08:00:00,,-17.234
2013-09-09 09:00:00,,-17.235
2013-09-09 10:00:00,,-17.234
2013-09-09 11:00:00,,-17.232
2013-09-09 12:00:00,,-17.227
2013-09-09 13:00:00,,-17.222
2013-09-09 14:00:00,,-17.215
2013-09-09 15:00:00,,-17.207
2013-09-09 16:00:00,,-17.202
2013-09-09 17:00:00,,-17.198
2013-09-09 18:00:00,,-17.196
2013-09-09 19:00:00,,-17.197
2013-09-09 20:00:00,,-17.2
2013-09-09 21:00:00,,-17.201
2013-09-09 22:00:00,,-17.204
2013-09-09 23:00:00,,-17.207
2013-09-10 00:00:00,,-17.204
2013-09-10 01:00:00,,-17.202
2013-09-10 02:00:00,,-17.202
2013-09-10 03:00:00,,-17.197
2013-09-10 04:00:00,,-17.194
2013-09-10 05:00:00,,-17.194
2013-09-10 06:00:00,,-17.195
2013-09-10 07:00:00,,-17.204
2013-09-10 08:00:00,,-17.204
2013-09-10 09:00:00,,-17.211
2013-09-10 10:00:00,,-17.212
2013-09-10 11:00:00,,-17.213
2013-09-10 12:00:00,,-17.207
2013-09-10 13:00:00,,-17.203
2013-09-10 14:00:00,,-17.198
2013-09-10 15:00:00,,-17.193
2013-09-10 16:00:00,,-17.185
2013-09-10 17:00:00,,-17.184
2013-09-10 18:00:00,,-17.185
2013-09-10 19:00:00,,-17.186
2013-09-10 20:00:00,,-17.189
2013-09-10 21:00:00,,-17.193
2013-09-10 22:00:00,,-17.199
2013-09-10 23:00:00,,-17.201
2013-09-11 00:00:00,,-17.205
2013-09-11 01:00:00,,-17.204
2013-09-11 02:00:00,,-17.205
2013-09-11 03:00:00,,-17.201
2013-09-11 04:00:00,,-17.202
2013-09-11 05:00:00,,-17.204
2013-09-11 06:00:00,,-17.207
2013-09-11 07:00:00,,-17.212
2013-09-11 08:00:00,,-17.218
2013-09-11 09:00:00,,-17.219
2013-09-11 10:00:00,,-17.22
2013-09-11 11:00:00,,-17.22
2013-09-11 12:00:00,,-17.216
2013-09-11 13:00:00,,-17.207
2013-09-11 14:00:00,,-17.204
2013-09-11 15:00:00,,-17.198
2013-09-11 16:00:00,,-17.193
2013-09-11 17:00:00,,-17.193
2013-09-11 18:00:00,,-17.194
2013-09-11 19:00:00,,-17.195
2013-09-11 20:00:00,,-17.199
2013-09-11 21:00:00,,-17.203
2013-09-11 22:00:00,,-17.205
2013-09-11 23:00:00,,-17.203
2013-09-12 00:00:00,,-17.204
2013-09-12 01:00:00,,-17.203
2013-09-12 02:00:00,,-17.198
2013-09-12 03:00:00,,-17.198
2013-09-12 04:00:00,,-17.196
2013-09-12 05:00:00,,-17.201
2013-09-12 06:00:00,,-17.206
2013-09-12 07:00:00,,-17.208
2013-09-12 08:00:00,,-17.209
2013-09-12 09:00:00,,-17.213
2013-09-12 10:00:00,,-17.215
2013-09-12 11:00:00,,-17.214
2013-09-12 12:00:00,,-17.21
2013-09-12 13:00:00,,-17.202
2013-09-12 14:00:00,,-17.2
2013-09-12 15:00:00,,-17.199
2013-09-12 16:00:00,,-17.191
2013-09-12 17:00:00,,-17.191
2013-09-12 18:00:00,,-17.192
2013-09-12 19:00:00,,-17.196
2013-09-12 20:00:00,,-17.201
2013-09-12 21:00:00,,-17.205
2013-09-12 22:00:00,,-17.209
2013-09-12 23:00:00,,-17.209
2013-09-13 00:00:00,,-17.206
2013-09-13 01:00:00,,-17.207
2013-09-13 02:00:00,,-17.207
2013-09-13 03:00:00,,-17.209
2013-09-13 04:00:00,,-17.207
2013-09-13 05:00:00,,-17.21
2013-09-13 06:00:00,,-17.215
2013-09-13 07:00:00,,-17.221
2013-09-13 08:00:00,,-17.227
2013-09-13 09:00:00,,-17.229
2013-09-13 10:00:00,,-17.229
2013-09-13 11:00:00,,-17.227
2013-09-13 12:00:00,,-17.223
2013-09-13 13:00:00,,-17.214
2013-09-13 14:00:00,,-17.206
2013-09-13 15:00:00,,-17.203
2013-09-13 16:00:00,,-17.195
2013-09-13 17:00:00,,-17.198
2013-09-13 18:00:00,,-17.198
2013-09-13 19:00:00,,-17.2
2013-09-13 20:00:00,,-17.206
2013-09-13 21:00:00,,-17.206
2013-09-13 22:00:00,,-17.209
2013-09-13 23:00:00,,-17.207
2013-09-14 00:00:00,,-17.203
2013-09-14 01:00:00,,-17.202
2013-09-14 02:00:00,,-17.2
2013-09-14 03:00:00,,-17.201
2013-09-14 04:00:00,,-17.199
2013-09-14 05:00:00,,-17.202
2013-09-14 06:00:00,,-17.206
2013-09-14 07:00:00,,-17.21
2013-09-14 08:00:00,,-17.216
2013-09-14 09:00:00,,-17.218
2013-09-14 10:00:00,,-17.217
2013-09-14 11:00:00,,-17.211
2013-09-14 12:00:00,,-17.202
2013-09-14 13:00:00,,-17.196
2013-09-14 14:00:00,,-17.189
2013-09-14 15:00:00,,-17.177
2013-09-14 16:00:00,,-17.174
2013-09-14 17:00:00,,-17.175
2013-09-14 18:00:00,,-17.174
2013-09-14 19:00:00,,-17.177
2013-09-14 20:00:00,,-17.182
2013-09-14 21:00:00,,-17.185
2013-09-14 22:00:00,,-17.185
2013-09-14 23:00:00,,-17.186
2013-09-15 00:00:00,,-17.185
2013-09-15 01:00:00,,-17.181
2013-09-15 02:00:00,,-17.18
2013-09-15 03:00:00,,-17.174
2013-09-15 04:00:00,,-17.182
2013-09-15 05:00:00,,-17.183
2013-09-15 06:00:00,,-17.191
2013-09-15 07:00:00,,-17.195
2013-09-15 08:00:00,,-17.202
2013-09-15 09:00:00,,-17.207
2013-09-15 10:00:00,,-17.206
2013-09-15 11:00:00,,-17.201
2013-09-15 12:00:00,,-17.195
2013-09-15 13:00:00,,-17.185
2013-09-15 14:00:00,,-17.182
2013-09-15 15:00:00,,-17.171
2013-09-15 16:00:00,,-17.168
2013-09-15 17:00:00,,-17.169
2013-09-15 18:00:00,,-17.175
2013-09-15 19:00:00,,-17.179
2013-09-15 20:00:00,,-17.185
2013-09-15 21:00:00,,-17.192
2013-09-15 22:00:00,,-17.193
2013-09-15 23:00:00,,-17.195
2013-09-16 00:00:00,,-17.194
2013-09-16 01:00:00,,-17.192
2013-09-16 02:00:00,,-17.191
2013-09-16 03:00:00,,-17.191
2013-09-16 04:00:00,,-17.192
2013-09-16 05:00:00,,-17.198
2013-09-16 06:00:00,,-17.204
2013-09-16 07:00:00,,-17.213
2013-09-16 08:00:00,,-17.221
2013-09-16 09:00:00,,-17.225
2013-09-16 10:00:00,,-17.227
2013-09-16 11:00:00,,-17.225
2013-09-16 12:00:00,,-17.219
2013-09-16 13:00:00,,-17.215
2013-09-16 14:00:00,,-17.207
2013-09-16 15:00:00,,-17.2
2013-09-16 16:00:00,,-17.197
2013-09-16 17:00:00,,-17.2
2013-09-16 18:00:00,,-17.203
2013-09-16 19:00:00,,-17.207
2013-09-16 20:00:00,,-17.212
2013-09-16 21:00:00,,-17.22
2013-09-16 22:00:00,,-17.22
2013-09-16 23:00:00,,-17.218
2013-09-17 00:00:00,,-17.216
2013-09-17 01:00:00,,-17.216
2013-09-17 02:00:00,,-17.214
2013-09-17 03:00:00,,-17.21
2013-09-17 04:00:00,,-17.211
2013-09-17 05:00:00,,-17.206
2013-09-17 06:00:00,,-17.213
2013-09-17 07:00:00,,-17.219
2013-09-17 08:00:00,,-17.227
2013-09-17 09:00:00,,-17.229
2013-09-17 10:00:00,,-17.234
2013-09-17 11:00:00,,-17.23
2013-09-17 12:00:00,,-17.222
2013-09-17 13:00:00,,-17.21
2013-09-17 14:00:00,,-17.201
2013-09-17 15:00:00,,-17.19
2013-09-17 16:00:00,,-17.184
2013-09-17 17:00:00,,-17.179
2013-09-17 18:00:00,,-17.181
2013-09-17 19:00:00,,-17.184
2013-09-17 20:00:00,,-17.189
2013-09-17 21:00:00,,-17.194
2013-09-17 22:00:00,,-17.197
2013-09-17 23:00:00,,-17.197
2013-09-18 00:00:00,,-17.195
2013-09-18 01:00:00,,-17.19
2013-09-18 02:00:00,,-17.187
2013-09-18 03:00:00,,-17.187
2013-09-18 04:00:00,,-17.183
2013-09-18 05:00:00,,-17.181
2013-09-18 06:00:00,,-17.187
2013-09-18 07:00:00,,-17.196
2013-09-18 08:00:00,,-17.205
2013-09-18 09:00:00,,-17.212
2013-09-18 10:00:00,,-17.219
2013-09-18 11:00:00,,-17.22
2013-09-18 12:00:00,,-17.215
2013-09-18 13:00:00,,-17.209
2013-09-18 14:00:00,,-17.199
2013-09-18 15:00:00,,-17.191
2013-09-18 16:00:00,,-17.185
2013-09-18 17:00:00,,-17.181
2013-09-18 18:00:00,,-17.183
2013-09-18 19:00:00,,-17.186
2013-09-18 20:00:00,,-17.194
2013-09-18 21:00:00,,-17.199
2013-09-18 22:00:00,,-17.208
2013-09-18 23:00:00,,-17.211
2013-09-19 00:00:00,,-17.212
2013-09-19 01:00:00,,-17.214
2013-09-19 02:00:00,,-17.21
2013-09-19 03:00:00,,-17.205
2013-09-19 04:00:00,,-17.205
2013-09-19 05:00:00,,-17.206
2013-09-19 06:00:00,,-17.209
2013-09-19 07:00:00,,-17.216
2013-09-19 08:00:00,,-17.226
2013-09-19 09:00:00,,-17.229
2013-09-19 10:00:00,,-17.234
2013-09-19 11:00:00,,-17.236
2013-09-19 12:00:00,,-17.232
2013-09-19 13:00:00,,-17.225
2013-09-19 14:00:00,,-17.214
2013-09-19 15:00:00,,-17.208
2013-09-19 16:00:00,,-17.204
2013-09-19 17:00:00,,-17.203
2013-09-19 18:00:00,,-17.203
2013-09-19 19:00:00,,-17.207
2013-09-19 20:00:00,,-17.215
2013-09-19 21:00:00,,-17.22
2013-09-19 22:00:00,,-17.223
2013-09-19 23:00:00,,-17.23
2013-09-20 00:00:00,,-17.232
2013-09-20 01:00:00,,-17.231
2013-09-20 02:00:00,,-17.23
2013-09-20 03:00:00,,-17.226
2013-09-20 04:00:00,,-17.225
2013-09-20 05:00:00,,-17.231
2013-09-20 06:00:00,,-17.228
2013-09-20 07:00:00,,-17.235
2013-09-20 08:00:00,,-17.243
2013-09-20 09:00:00,,-17.248
2013-09-20 10:00:00,,-17.252
2013-09-20 11:00:00,,-17.255
2013-09-20 12:00:00,,-17.249
2013-09-20 13:00:00,,-17.241
2013-09-20 14:00:00,,-17.231
2013-09-20 15:00:00,,-17.221
2013-09-20 16:00:00,,-17.216
2013-09-20 17:00:00,,-17.213
2013-09-20 18:00:00,,-17.212
2013-09-20 19:00:00,,-17.212
2013-09-20 20:00:00,,-17.217
2013-09-20 21:00:00,,-17.224
2013-09-20 22:00:00,,-17.227
2013-09-20 23:00:00,,-17.231
2013-09-21 00:00:00,,-17.232
2013-09-21 01:00:00,,-17.231
2013-09-21 02:00:00,,-17.227
2013-09-21 03:00:00,,-17.224
2013-09-21 04:00:00,,-17.224
2013-09-21 05:00:00,,-17.224
2013-09-21 06:00:00,,-17.225
2013-09-21 07:00:00,,-17.233
2013-09-21 08:00:00,,-17.241
2013-09-21 09:00:00,,-17.245
2013-09-21 10:00:00,,-17.245
2013-09-21 11:00:00,,-17.247
2013-09-21 12:00:00,,-17.239
2013-09-21 13:00:00,,-17.231
2013-09-21 14:00:00,,-17.225
2013-09-21 15:00:00,,-17.219
2013-09-21 16:00:00,,-17.21
2013-09-21 17:00:00,,-17.206
2013-09-21 18:00:00,,-17.206
2013-09-21 19:00:00,,-17.209
2013-09-21 20:00:00,,-17.211
2013-09-21 21:00:00,,-17.212
2013-09-21 22:00:00,,-17.217
2013-09-21 23:00:00,,-17.222
2013-09-22 00:00:00,,-17.221
2013-09-22 01:00:00,,-17.219
2013-09-22 02:00:00,,-17.218
2013-09-22 03:00:00,,-17.218
2013-09-22 04:00:00,,-17.214
2013-09-22 05:00:00,,-17.219
2013-09-22 06:00:00,,-17.219
2013-09-22 07:00:00,,-17.223
2013-09-22 08:00:00,,-17.225
2013-09-22 09:00:00,,-17.233
2013-09-22 10:00:00,,-17.233
2013-09-22 11:00:00,,-17.235
2013-09-22 12:00:00,,-17.23
2013-09-22 13:00:00,,-17.225
2013-09-22 14:00:00,,-17.219
2013-09-22 15:00:00,,-17.207
2013-09-22 16:00:00,,-17.201
2013-09-22 17:00:00,,-17.197
2013-09-22 18:00:00,,-17.192
2013-09-22 19:00:00,,-17.196
2013-09-22 20:00:00,,-17.197
2013-09-22 21:00:00,,-17.203
2013-09-22 22:00:00,,-17.204
2013-09-22 23:00:00,,-17.204
2013-09-23 00:00:00,,-17.204
2013-09-23 01:00:00,,-17.2
2013-09-23 02:00:00,,-17.198
2013-09-23 03:00:00,,-17.196
2013-09-23 04:00:00,,-17.196
2013-09-23 05:00:00,,-17.195
2013-09-23 06:00:00,,-17.199
2013-09-23 07:00:00,,-17.206
2013-09-23 08:00:00,,-17.211
2013-09-23 09:00:00,,-17.214
2013-09-23 10:00:00,,-17.215
2013-09-23 11:00:00,,-17.212
2013-09-23 12:00:00,,-17.209
2013-09-23 13:00:00,,-17.201
2013-09-23 14:00:00,,-17.194
2013-09-23 15:00:00,,-17.186
2013-09-23 16:00:00,,-17.183
2013-09-23 17:00:00,,-17.178
2013-09-23 18:00:00,,-17.178
2013-09-23 19:00:00,,-17.182
2013-09-23 20:00:00,,-17.184
2013-09-23 21:00:00,,-17.189
2013-09-23 22:00:00,,-17.191
2013-09-23 23:00:00,,-17.197
2013-09-24 00:00:00,,-17.197
2013-09-24 01:00:00,,-17.198
2013-09-24 02:00:00,,-17.198
2013-09-24 03:00:00,,-17.193
2013-09-24 04:00:00,,-17.192
2013-09-24 05:00:00,,-17.193
2013-09-24 06:00:00,,-17.196
2013-09-24 07:00:00,,-17.201
2013-09-24 08:00:00,,-17.207
2013-09-24 09:00:00,,-17.211
2013-09-24 10:00:00,,-17.21
2013-09-24 11:00:00,,-17.21
2013-09-24 12:00:00,,-17.209
2013-09-24 13:00:00,,-17.206
2013-09-24 14:00:00,,-17.2
2013-09-24 15:00:00,,-17.197
2013-09-24 16:00:00,,-17.193
2013-09-24 17:00:00,,-17.189
2013-09-24 18:00:00,,-17.189
2013-09-24 19:00:00,,-17.193
2013-09-24 20:00:00,,-17.194
2013-09-24 21:00:00,,-17.202
2013-09-24 22:00:00,,-17.208
2013-09-24 23:00:00,,-17.21
2013-09-25 00:00:00,,-17.21
2013-09-25 01:00:00,,-17.21
2013-09-25 02:00:00,,-17.206
2013-09-25 03:00:00,,-17.207
2013-09-25 04:00:00,,-17.207
2013-09-25 05:00:00,,-17.21
2013-09-25 06:00:00,,-17.217
2013-09-25 07:00:00,,-17.218
2013-09-25 08:00:00,,-17.223
2013-09-25 09:00:00,,-17.225
2013-09-25 10:00:00,,-17.226
2013-09-25 11:00:00,,-17.228
2013-09-25 12:00:00,,-17.225
2013-09-25 13:00:00,,-17.217
2013-09-25 14:00:00,,-17.213
2013-09-25 15:00:00,,-17.207
2013-09-25 16:00:00,,-17.202
2013-09-25 17:00:00,,-17.204
2013-09-25 18:00:00,,-17.202
2013-09-25 19:00:00,,-17.205
2013-09-25 20:00:00,,-17.21
2013-09-25 21:00:00,,-17.214
2013-09-25 22:00:00,,-17.219
2013-09-25 23:00:00,,-17.22
2013-09-26 00:00:00,,-17.221
2013-09-26 01:00:00,,-17.222
2013-09-26 02:00:00,,-17.222
2013-09-26 03:00:00,,-17.224
2013-09-26 04:00:00,,-17.224
2013-09-26 05:00:00,,-17.227
2013-09-26 06:00:00,,-17.234
2013-09-26 07:00:00,,-17.239
2013-09-26 08:00:00,,-17.243
2013-09-26 09:00:00,,-17.248
2013-09-26 10:00:00,,-17.257
2013-09-26 11:00:00,,-17.256
2013-09-26 12:00:00,,-17.249
2013-09-26 13:00:00,,-17.244
2013-09-26 14:00:00,,-17.239
2013-09-26 15:00:00,,-17.239
2013-09-26 16:00:00,,-17.233
2013-09-26 17:00:00,,-17.232
2013-09-26 18:00:00,,-17.231
2013-09-26 19:00:00,,-17.233
2013-09-26 20:00:00,,-17.237
2013-09-26 21:00:00,,-17.241
2013-09-26 22:00:00,,-17.242
2013-09-26 23:00:00,,-17.237
2013-09-27 00:00:00,,-17.237
2013-09-27 01:00:00,,-17.238
2013-09-27 02:00:00,,-17.233
2013-09-27 03:00:00,,-17.234
2013-09-27 04:00:00,,-17.232
2013-09-27 05:00:00,,-17.231
2013-09-27 06:00:00,,-17.235
2013-09-27 07:00:00,,-17.242
2013-09-27 08:00:00,,-17.247
2013-09-27 09:00:00,,-17.248
2013-09-27 10:00:00,,-17.25
2013-09-27 11:00:00,,-17.246
2013-09-27 12:00:00,,-17.238
2013-09-27 13:00:00,,-17.233
2013-09-27 14:00:00,,-17.227
2013-09-27 15:00:00,,-17.226
2013-09-27 16:00:00,,-17.228
2013-09-27 17:00:00,,-17.226
2013-09-27 18:00:00,,-17.228
2013-09-27 19:00:00,,-17.233
2013-09-27 20:00:00,,-17.237
2013-09-27 21:00:00,,-17.24
2013-09-27 22:00:00,,-17.241
2013-09-27 23:00:00,,-17.239
2013-09-28 00:00:00,,-17.233
2013-09-28 01:00:00,,-17.233
2013-09-28 02:00:00,,-17.229
2013-09-28 03:00:00,,-17.228
2013-09-28 04:00:00,,-17.224
2013-09-28 05:00:00,,-17.226
2013-09-28 06:00:00,,-17.233
2013-09-28 07:00:00,,-17.239
2013-09-28 08:00:00,,-17.249
2013-09-28 09:00:00,,-17.253
2013-09-28 10:00:00,,-17.264
2013-09-28 11:00:00,,-17.264
2013-09-28 12:00:00,,-17.262
2013-09-28 13:00:00,,-17.26
2013-09-28 14:00:00,,-17.262
2013-09-28 15:00:00,,-17.26
2013-09-28 16:00:00,,-17.252
2013-09-28 17:00:00,,-17.252
2013-09-28 18:00:00,,-17.251
2013-09-28 19:00:00,,-17.245
2013-09-28 20:00:00,,-17.253
2013-09-28 21:00:00,,-17.263
2013-09-28 22:00:00,,-17.258
2013-09-28 23:00:00,,-17.258
2013-09-29 00:00:00,,-17.251
2013-09-29 01:00:00,,-17.247
2013-09-29 02:00:00,,-17.246
2013-09-29 03:00:00,,-17.24
2013-09-29 04:00:00,,-17.234
2013-09-29 05:00:00,,-17.237
2013-09-29 06:00:00,,-17.244
2013-09-29 07:00:00,,-17.246
2013-09-29 08:00:00,,-17.253
2013-09-29 09:00:00,,-17.254
2013-09-29 10:00:00,,-17.256
2013-09-29 11:00:00,,-17.252
2013-09-29 12:00:00,,-17.247
2013-09-29 13:00:00,,-17.238
2013-09-29 14:00:00,,-17.23
2013-09-29 15:00:00,,-17.224
2013-09-29 16:00:00,,-17.218
2013-09-29 17:00:00,,-17.218
2013-09-29 18:00:00,,-17.221
2013-09-29 19:00:00,,-17.226
2013-09-29 20:00:00,,-17.232
2013-09-29 21:00:00,,-17.233
2013-09-29 22:00:00,,-17.237
2013-09-29 23:00:00,,-17.238
2013-09-30 00:00:00,,-17.235
2013-09-30 01:00:00,,-17.229
2013-09-30 02:00:00,,-17.226
2013-09-30 03:00:00,,-17.223
2013-09-30 04:00:00,,-17.221
2013-09-30 05:00:00,,-17.224
2013-09-30 06:00:00,,-17.228
2013-09-30 07:00:00,,-17.233
2013-09-30 08:00:00,,-17.237
2013-09-30 09:00:00,,-17.235
2013-09-30 10:00:00,,-17.238
2013-09-30 11:00:00,,-17.234
2013-09-30 12:00:00,,-17.227
2013-09-30 13:00:00,,-17.22
2013-09-30 14:00:00,,-17.214
2013-09-30 15:00:00,,-17.206
2013-09-30 16:00:00,,-17.201
2013-09-30 17:00:00,,-17.199
2013-09-30 18:00:00,,-17.202
2013-09-30 19:00:00,,-17.205
2013-09-30 20:00:00,,-17.21
2013-09-30 21:00:00,,-17.213
2013-09-30 22:00:00,,-17.216
2013-09-30 23:00:00,,-17.219
2013-10-01 00:00:00,,-17.216
2013-10-01 01:00:00,,-17.211
2013-10-01 02:00:00,,-17.207
2013-10-01 03:00:00,,-17.203
2013-10-01 04:00:00,,-17.204
2013-10-01 05:00:00,,-17.203
2013-10-01 06:00:00,,-17.21
2013-10-01 07:00:00,,-17.218
2013-10-01 08:00:00,,-17.23
2013-10-01 09:00:00,,-17.233
2013-10-01 10:00:00,,-17.239
2013-10-01 11:00:00,,-17.24
2013-10-01 12:00:00,,-17.24
2013-10-01 13:00:00,,-17.234
2013-10-01 14:00:00,,-17.228
2013-10-01 15:00:00,,-17.224
2013-10-01 16:00:00,,-17.221
2013-10-01 17:00:00,,-17.222
2013-10-01 18:00:00,,-17.225
2013-10-01 19:00:00,,-17.234
2013-10-01 20:00:00,,-17.242
2013-10-01 21:00:00,,-17.248
2013-10-01 22:00:00,,-17.254
2013-10-01 23:00:00,,-17.256
2013-10-02 00:00:00,,-17.254
2013-10-02 01:00:00,,-17.252
2013-10-02 02:00:00,,-17.249
2013-10-02 03:00:00,,-17.243
2013-10-02 04:00:00,,-17.245
2013-10-02 05:00:00,,-17.248
2013-10-02 06:00:00,,-17.256
2013-10-02 07:00:00,,-17.265
2013-10-02 08:00:00,,-17.272
2013-10-02 09:00:00,,-17.277
2013-10-02 10:00:00,,-17.28
2013-10-02 11:00:00,,-17.277
2013-10-02 12:00:00,,-17.274
2013-10-02 13:00:00,,-17.266
2013-10-02 14:00:00,,-17.258
2013-10-02 15:00:00,,-17.25
2013-10-02 16:00:00,,-17.245
2013-10-02 17:00:00,,-17.242
2013-10-02 18:00:00,,-17.242
2013-10-02 19:00:00,,-17.249
2013-10-02 20:00:00,,-17.257
2013-10-02 21:00:00,,-17.264
2013-10-02 22:00:00,,-17.269
2013-10-02 23:00:00,,-17.272
2013-10-03 00:00:00,,-17.269
2013-10-03 01:00:00,,-17.267
2013-10-03 02:00:00,,-17.267
2013-10-03 03:00:00,,-17.263
2013-10-03 04:00:00,,-17.261
2013-10-03 05:00:00,,-17.266
2013-10-03 06:00:00,,-17.27
2013-10-03 07:00:00,,-17.278
2013-10-03 08:00:00,,-17.286
2013-10-03 09:00:00,,-17.294
2013-10-03 10:00:00,,-17.293
2013-10-03 11:00:00,,-17.291
2013-10-03 12:00:00,,-17.285
2013-10-03 13:00:00,,-17.279
2013-10-03 14:00:00,,-17.272
2013-10-03 15:00:00,,-17.263
2013-10-03 16:00:00,,-17.258
2013-10-03 17:00:00,,-17.257
2013-10-03 18:00:00,,-17.26
2013-10-03 19:00:00,,-17.265
2013-10-03 20:00:00,,-17.271
2013-10-03 21:00:00,,-17.278
2013-10-03 22:00:00,,-17.282
2013-10-03 23:00:00,,-17.284
2013-10-04 00:00:00,,-17.281
2013-10-04 01:00:00,,-17.277
2013-10-04 02:00:00,,-17.269
2013-10-04 03:00:00,,-17.267
2013-10-04 04:00:00,,-17.266
2013-10-04 05:00:00,,-17.266
2013-10-04 06:00:00,,-17.269
2013-10-04 07:00:00,,-17.274
2013-10-04 08:00:00,,-17.278
2013-10-04 09:00:00,,-17.281
2013-10-04 10:00:00,,-17.284
2013-10-04 11:00:00,,-17.281
2013-10-04 12:00:00,,-17.275
2013-10-04 13:00:00,,-17.265
2013-10-04 14:00:00,,-17.255
2013-10-04 15:00:00,,-17.244
2013-10-04 16:00:00,,-17.236
2013-10-04 17:00:00,,-17.234
2013-10-04 18:00:00,,-17.234
2013-10-04 19:00:00,,-17.237
2013-10-04 20:00:00,,-17.241
2013-10-04 21:00:00,,-17.247
2013-10-04 22:00:00,,-17.252
2013-10-04 23:00:00,,-17.253
2013-10-05 00:00:00,,-17.249
2013-10-05 01:00:00,,-17.247
2013-10-05 02:00:00,,-17.241
2013-10-05 03:00:00,,-17.237
2013-10-05 04:00:00,,-17.234
2013-10-05 05:00:00,,-17.234
2013-10-05 06:00:00,,-17.239
2013-10-05 07:00:00,,-17.241
2013-10-05 08:00:00,,-17.247
2013-10-05 09:00:00,,-17.253
2013-10-05 10:00:00,,-17.253
2013-10-05 11:00:00,,-17.25
2013-10-05 12:00:00,,-17.246
2013-10-05 13:00:00,,-17.238
2013-10-05 14:00:00,,-17.226
2013-10-05 15:00:00,,-17.22
2013-10-05 16:00:00,,-17.211
2013-10-05 17:00:00,,-17.208
2013-10-05 18:00:00,,-17.205
2013-10-05 19:00:00,,-17.209
2013-10-05 20:00:00,,-17.213
2013-10-05 21:00:00,,-17.216
2013-10-05 22:00:00,,-17.223
2013-10-05 23:00:00,,-17.223
2013-10-06 00:00:00,,-17.223
2013-10-06 01:00:00,,-17.223
2013-10-06 02:00:00,,-17.219
2013-10-06 03:00:00,,-17.213
2013-10-06 04:00:00,,-17.212
2013-10-06 05:00:00,,-17.21
2013-10-06 06:00:00,,-17.217
2013-10-06 07:00:00,,-17.223
2013-10-06 08:00:00,,-17.227
2013-10-06 09:00:00,,-17.233
2013-10-06 10:00:00,,-17.233
2013-10-06 11:00:00,,-17.232
2013-10-06 12:00:00,,-17.226
2013-10-06 13:00:00,,-17.217
2013-10-06 14:00:00,,-17.211
2013-10-06 15:00:00,,-17.204
2013-10-06 16:00:00,,-17.199
2013-10-06 17:00:00,,-17.196
2013-10-06 18:00:00,,-17.192
2013-10-06 19:00:00,,-17.195
2013-10-06 20:00:00,,-17.2
2013-10-06 21:00:00,,-17.206
2013-10-06 22:00:00,,-17.209
2013-10-06 23:00:00,,-17.213
2013-10-07 00:00:00,,-17.21
2013-10-07 01:00:00,,-17.208
2013-10-07 02:00:00,,-17.21
2013-10-07 03:00:00,,-17.207
2013-10-07 04:00:00,,-17.202
2013-10-07 05:00:00,,-17.203
2013-10-07 06:00:00,,-17.208
2013-10-07 07:00:00,,-17.214
2013-10-07 08:00:00,,-17.218
2013-10-07 09:00:00,,-17.221
2013-10-07 10:00:00,,-17.223
2013-10-07 11:00:00,,-17.223
2013-10-07 12:00:00,,-17.218
2013-10-07 13:00:00,,-17.213
2013-10-07 14:00:00,,-17.208
2013-10-07 15:00:00,,-17.2
2013-10-07 16:00:00,,-17.197
2013-10-07 17:00:00,,-17.192
2013-10-07 18:00:00,,-17.193
2013-10-07 19:00:00,,-17.197
2013-10-07 20:00:00,,-17.201
2013-10-07 21:00:00,,-17.207
2013-10-07 22:00:00,,-17.212
2013-10-07 23:00:00,,-17.216
2013-10-08 00:00:00,,-17.217
2013-10-08 01:00:00,,-17.219
2013-10-08 02:00:00,,-17.217
2013-10-08 03:00:00,,-17.219
2013-10-08 04:00:00,,-17.218
2013-10-08 05:00:00,,-17.22
2013-10-08 06:00:00,,-17.221
2013-10-08 07:00:00,,-17.228
2013-10-08 08:00:00,,-17.234
2013-10-08 09:00:00,,-17.241
2013-10-08 10:00:00,,-17.243
2013-10-08 11:00:00,,-17.241
2013-10-08 12:00:00,,-17.24
2013-10-08 13:00:00,,-17.235
2013-10-08 14:00:00,,-17.227
2013-10-08 15:00:00,,-17.22
2013-10-08 16:00:00,,-17.218
2013-10-08 17:00:00,,-17.214
2013-10-08 18:00:00,,-17.213
2013-10-08 19:00:00,,-17.217
2013-10-08 20:00:00,,-17.221
2013-10-08 21:00:00,,-17.224
2013-10-08 22:00:00,,-17.228
2013-10-08 23:00:00,,-17.231
2013-10-09 00:00:00,,-17.233
2013-10-09 01:00:00,,-17.23
2013-10-09 02:00:00,,-17.234
2013-10-09 03:00:00,,-17.23
2013-10-09 04:00:00,,-17.231
2013-10-09 05:00:00,,-17.233
2013-10-09 06:00:00,,-17.236
2013-10-09 07:00:00,,-17.242
2013-10-09 08:00:00,,-17.243
2013-10-09 09:00:00,,-17.245
2013-10-09 10:00:00,,-17.243
2013-10-09 11:00:00,,-17.243
2013-10-09 12:00:00,,-17.238
2013-10-09 13:00:00,,-17.236
2013-10-09 14:00:00,,-17.227
2013-10-09 15:00:00,,-17.221
2013-10-09 16:00:00,,-17.217
2013-10-09 17:00:00,,-17.213
2013-10-09 18:00:00,,-17.211
2013-10-09 19:00:00,,-17.211
2013-10-09 20:00:00,,-17.214
2013-10-09 21:00:00,,-17.218
2013-10-09 22:00:00,,-17.218
2013-10-09 23:00:00,,-17.218
2013-10-10 00:00:00,,-17.22
2013-10-10 01:00:00,,-17.219
2013-10-10 02:00:00,,-17.218
2013-10-10 03:00:00,,-17.217
2013-10-10 04:00:00,,-17.216
2013-10-10 05:00:00,,-17.216
2013-10-10 06:00:00,,-17.221
2013-10-10 07:00:00,,-17.226
2013-10-10 08:00:00,,-17.225
2013-10-10 09:00:00,,-17.227
2013-10-10 10:00:00,,-17.223
2013-10-10 11:00:00,,-17.219
2013-10-10 12:00:00,,-17.218
2013-10-10 13:00:00,,-17.215
2013-10-10 14:00:00,,-17.21
2013-10-10 15:00:00,,-17.205
2013-10-10 16:00:00,,-17.203
2013-10-10 17:00:00,,-17.201
2013-10-10 18:00:00,,-17.2
2013-10-10 19:00:00,,-17.203
2013-10-10 20:00:00,,-17.205
2013-10-10 21:00:00,,-17.214
2013-10-10 22:00:00,,-17.218
2013-10-10 23:00:00,,-17.22
2013-10-11 00:00:00,,-17.223
2013-10-11 01:00:00,,-17.228
2013-10-11 02:00:00,,-17.229
2013-10-11 03:00:00,,-17.231
2013-10-11 04:00:00,,-17.231
2013-10-11 05:00:00,,-17.237
2013-10-11 06:00:00,,-17.239
2013-10-11 07:00:00,,-17.248
2013-10-11 08:00:00,,-17.252
2013-10-11 09:00:00,,-17.256
2013-10-11 10:00:00,,-17.25
2013-10-11 11:00:00,,-17.247
2013-10-11 12:00:00,,-17.244
2013-10-11 13:00:00,,-17.237
2013-10-11 14:00:00,,-17.234
2013-10-11 15:00:00,,-17.229
2013-10-11 16:00:00,,-17.225
2013-10-11 17:00:00,,-17.222
2013-10-11 18:00:00,,-17.224
2013-10-11 19:00:00,,-17.226
2013-10-11 20:00:00,,-17.229
2013-10-11 21:00:00,,-17.23
2013-10-11 22:00:00,,-17.228
2013-10-11 23:00:00,,-17.226
2013-10-12 00:00:00,,-17.222
2013-10-12 01:00:00,,-17.221
2013-10-12 02:00:00,,-17.217
2013-10-12 03:00:00,,-17.212
2013-10-12 04:00:00,,-17.214
2013-10-12 05:00:00,,-17.214
2013-10-12 06:00:00,,-17.219
2013-10-12 07:00:00,,-17.221
2013-10-12 08:00:00,,-17.225
2013-10-12 09:00:00,,-17.229
2013-10-12 10:00:00,,-17.228
2013-10-12 11:00:00,,-17.223
2013-10-12 12:00:00,,-17.217
2013-10-12 13:00:00,,-17.214
2013-10-12 14:00:00,,-17.204
2013-10-12 15:00:00,,-17.198
2013-10-12 16:00:00,,-17.193
2013-10-12 17:00:00,,-17.195
2013-10-12 18:00:00,,-17.196
2013-10-12 19:00:00,,-17.201
2013-10-12 20:00:00,,-17.204
2013-10-12 21:00:00,,-17.206
2013-10-12 22:00:00,,-17.212
2013-10-12 23:00:00,,-17.208
2013-10-13 00:00:00,,-17.203
2013-10-13 01:00:00,,-17.198
2013-10-13 02:00:00,,-17.194
2013-10-13 03:00:00,,-17.196
2013-10-13 04:00:00,,-17.196
2013-10-13 05:00:00,,-17.2
2013-10-13 06:00:00,,-17.204
2013-10-13 07:00:00,,-17.211
2013-10-13 08:00:00,,-17.216
2013-10-13 09:00:00,,-17.224
2013-10-13 10:00:00,,-17.229
2013-10-13 11:00:00,,-17.231
2013-10-13 12:00:00,,-17.232
2013-10-13 13:00:00,,-17.224
2013-10-13 14:00:00,,-17.225
2013-10-13 15:00:00,,-17.222
2013-10-13 16:00:00,,-17.225
2013-10-13 17:00:00,,-17.226
2013-10-13 18:00:00,,-17.235
2013-10-13 19:00:00,,-17.243
2013-10-13 20:00:00,,-17.246
2013-10-13 21:00:00,,-17.258
2013-10-13 22:00:00,,-17.263
2013-10-13 23:00:00,,-17.257
2013-10-14 00:00:00,,-17.259
2013-10-14 01:00:00,,-17.257
2013-10-14 02:00:00,,-17.265
2013-10-14 03:00:00,,-17.267
2013-10-14 04:00:00,,-17.261
2013-10-14 05:00:00,,-17.272
2013-10-14 06:00:00,,-17.284
2013-10-14 07:00:00,,-17.289
2013-10-14 08:00:00,,-17.296
2013-10-14 09:00:00,,-17.3
2013-10-14 10:00:00,,-17.3
2013-10-14 11:00:00,,-17.294
2013-10-14 12:00:00,,-17.286
2013-10-14 13:00:00,,-17.28
2013-10-14 14:00:00,,-17.271
2013-10-14 15:00:00,,-17.267
2013-10-14 16:00:00,,-17.263
2013-10-14 17:00:00,,-17.265
2013-10-14 18:00:00,,-17.268
2013-10-14 19:00:00,,-17.273
2013-10-14 20:00:00,,-17.277
2013-10-14 21:00:00,,-17.283
2013-10-14 22:00:00,,-17.288
2013-10-14 23:00:00,,-17.283
2013-10-15 00:00:00,,-17.282
2013-10-15 01:00:00,,-17.277
2013-10-15 02:00:00,,-17.275
2013-10-15 03:00:00,,-17.27
2013-10-15 04:00:00,,-17.271
2013-10-15 05:00:00,,-17.276
2013-10-15 06:00:00,,-17.281
2013-10-15 07:00:00,,-17.286
2013-10-15 08:00:00,,-17.296
2013-10-15 09:00:00,,-17.299
2013-10-15 10:00:00,,-17.295
2013-10-15 11:00:00,,-17.291
2013-10-15 12:00:00,,-17.284
2013-10-15 13:00:00,,-17.274
2013-10-15 14:00:00,,-17.265
2013-10-15 15:00:00,,-17.259
2013-10-15 16:00:00,,-17.251
2013-10-15 17:00:00,,-17.248
2013-10-15 18:00:00,,-17.254
2013-10-15 19:00:00,,-17.25
2013-10-15 20:00:00,,-17.253
2013-10-15 21:00:00,,-17.257
2013-10-15 22:00:00,,-17.263
2013-10-15 23:00:00,,-17.259
2013-10-16 00:00:00,,-17.258
2013-10-16 01:00:00,,-17.255
2013-10-16 02:00:00,,-17.251
2013-10-16 03:00:00,,-17.248
2013-10-16 04:00:00,,-17.248
2013-10-16 05:00:00,,-17.25
2013-10-16 06:00:00,,-17.254
2013-10-16 07:00:00,,-17.254
2013-10-16 08:00:00,,-17.261
2013-10-16 09:00:00,,-17.264
2013-10-16 10:00:00,,-17.262
2013-10-16 11:00:00,,-17.256
2013-10-16 12:00:00,,-17.244
2013-10-16 13:00:00,,-17.233
2013-10-16 14:00:00,,-17.223
2013-10-16 15:00:00,,-17.217
2013-10-16 16:00:00,,-17.211
2013-10-16 17:00:00,,-17.208
2013-10-16 18:00:00,,-17.21
2013-10-16 19:00:00,,-17.217
2013-10-16 20:00:00,,-17.221
2013-10-16 21:00:00,,-17.23
2013-10-16 22:00:00,,-17.227
2013-10-16 23:00:00,,-17.226
2013-10-17 00:00:00,,-17.223
2013-10-17 01:00:00,,-17.217
2013-10-17 02:00:00,,-17.212
2013-10-17 03:00:00,,-17.21
2013-10-17 04:00:00,,-17.207
2013-10-17 05:00:00,,-17.208
2013-10-17 06:00:00,,-17.213
2013-10-17 07:00:00,,-17.23
2013-10-17 08:00:00,,-17.235
2013-10-17 09:00:00,,-17.243
2013-10-17 10:00:00,,-17.246
2013-10-17 11:00:00,,-17.246
2013-10-17 12:00:00,,-17.241
2013-10-17 13:00:00,,-17.236
2013-10-17 14:00:00,,-17.225
2013-10-17 15:00:00,,-17.219
2013-10-17 16:00:00,,-17.217
2013-10-17 17:00:00,,-17.216
2013-10-17 18:00:00,,-17.216
2013-10-17 19:00:00,,-17.223
2013-10-17 20:00:00,,-17.232
2013-10-17 21:00:00,,-17.241
2013-10-17 22:00:00,,-17.247
2013-10-17 23:00:00,,-17.251
2013-10-18 00:00:00,,-17.251
2013-10-18 01:00:00,,-17.249
2013-10-18 02:00:00,,-17.247
2013-10-18 03:00:00,,-17.244
2013-10-18 04:00:00,,-17.248
2013-10-18 05:00:00,,-17.251
2013-10-18 06:00:00,,-17.253
2013-10-18 07:00:00,,-17.261
2013-10-18 08:00:00,,-17.267
2013-10-18 09:00:00,,-17.276
2013-10-18 10:00:00,,-17.278
2013-10-18 11:00:00,,-17.275
2013-10-18 12:00:00,,-17.267
2013-10-18 13:00:00,,-17.261
2013-10-18 14:00:00,,-17.25
2013-10-18 15:00:00,,-17.242
2013-10-18 16:00:00,,-17.234
2013-10-18 17:00:00,,-17.231
2013-10-18 18:00:00,,-17.232
2013-10-18 19:00:00,,-17.237
2013-10-18 20:00:00,,-17.239
2013-10-18 21:00:00,,-17.248
2013-10-18 22:00:00,,-17.254
2013-10-18 23:00:00,,-17.255
2013-10-19 00:00:00,,-17.257
2013-10-19 01:00:00,,-17.255
2013-10-19 02:00:00,,-17.25
2013-10-19 03:00:00,,-17.244
2013-10-19 04:00:00,,-17.242
2013-10-19 05:00:00,,-17.245
2013-10-19 06:00:00,,-17.245
2013-10-19 07:00:00,,-17.249
2013-10-19 08:00:00,,-17.255
2013-10-19 09:00:00,,-17.257
2013-10-19 10:00:00,,-17.256
2013-10-19 11:00:00,,-17.252
2013-10-19 12:00:00,,-17.246
2013-10-19 13:00:00,,-17.235
2013-10-19 14:00:00,,-17.228
2013-10-19 15:00:00,,-17.219
2013-10-19 16:00:00,,-17.209
2013-10-19 17:00:00,,-17.207
2013-10-19 18:00:00,,-17.207
2013-10-19 19:00:00,,-17.209
2013-10-19 20:00:00,,-17.215
2013-10-19 21:00:00,,-17.221
2013-10-19 22:00:00,,-17.223
2013-10-19 23:00:00,,-17.226
2013-10-20 00:00:00,,-17.227
2013-10-20 01:00:00,,-17.224
2013-10-20 02:00:00,,-17.221
2013-10-20 03:00:00,,-17.216
2013-10-20 04:00:00,,-17.216
2013-10-20 05:00:00,,-17.212
2013-10-20 06:00:00,,-17.218
2013-10-20 07:00:00,,-17.225
2013-10-20 08:00:00,,-17.228
2013-10-20 09:00:00,,-17.228
2013-10-20 10:00:00,,-17.226
2013-10-20 11:00:00,,-17.225
2013-10-20 12:00:00,,-17.219
2013-10-20 13:00:00,,-17.21
2013-10-20 14:00:00,,-17.201
2013-10-20 15:00:00,,-17.194
2013-10-20 16:00:00,,-17.187
2013-10-20 17:00:00,,-17.186
2013-10-20 18:00:00,,-17.183
2013-10-20 19:00:00,,-17.185
2013-10-20 20:00:00,,-17.189
2013-10-20 21:00:00,,-17.194
2013-10-20 22:00:00,,-17.195
2013-10-20 23:00:00,,-17.199
2013-10-21 00:00:00,,-17.195
2013-10-21 01:00:00,,-17.192
2013-10-21 02:00:00,,-17.19
2013-10-21 03:00:00,,-17.192
2013-10-21 04:00:00,,-17.187
2013-10-21 05:00:00,,-17.19
2013-10-21 06:00:00,,-17.19
2013-10-21 07:00:00,,-17.195
2013-10-21 08:00:00,,-17.2
2013-10-21 09:00:00,,-17.203
2013-10-21 10:00:00,,-17.208
2013-10-21 11:00:00,,-17.208
2013-10-21 12:00:00,,-17.201
2013-10-21 13:00:00,,-17.197
2013-10-21 14:00:00,,-17.189
2013-10-21 15:00:00,,-17.182
2013-10-21 16:00:00,,-17.176
2013-10-21 17:00:00,,-17.175
2013-10-21 18:00:00,,-17.174
2013-10-21 19:00:00,,-17.175
2013-10-21 20:00:00,,-17.181
2013-10-21 21:00:00,,-17.187
2013-10-21 22:00:00,,-17.188
2013-10-21 23:00:00,,-17.189
2013-10-22 00:00:00,,-17.189
2013-10-22 01:00:00,,-17.192
2013-10-22 02:00:00,,-17.194
2013-10-22 03:00:00,,-17.191
2013-10-22 04:00:00,,-17.194
2013-10-22 05:00:00,,-17.198
2013-10-22 06:00:00,,-17.204
2013-10-22 07:00:00,,-17.211
2013-10-22 08:00:00,,-17.217
2013-10-22 09:00:00,,-17.224
2013-10-22 10:00:00,,-17.225
2013-10-22 11:00:00,,-17.227
2013-10-22 12:00:00,,-17.223
2013-10-22 13:00:00,,-17.222
2013-10-22 14:00:00,,-17.219
2013-10-22 15:00:00,,-17.214
2013-10-22 16:00:00,,-17.213
2013-10-22 17:00:00,,-17.211
2013-10-22 18:00:00,,-17.209
2013-10-22 19:00:00,,-17.213
2013-10-22 20:00:00,,-17.217
2013-10-22 21:00:00,,-17.223
2013-10-22 22:00:00,,-17.231
2013-10-22 23:00:00,,-17.232
2013-10-23 00:00:00,,-17.236
2013-10-23 01:00:00,,-17.234
2013-10-23 02:00:00,,-17.231
2013-10-23 03:00:00,,-17.23
2013-10-23 04:00:00,,-17.234
2013-10-23 05:00:00,,-17.233
2013-10-23 06:00:00,,-17.235
2013-10-23 07:00:00,,-17.242
2013-10-23 08:00:00,,-17.243
2013-10-23 09:00:00,,-17.247
2013-10-23 10:00:00,,-17.248
2013-10-23 11:00:00,,-17.249
2013-10-23 12:00:00,,-17.247
2013-10-23 13:00:00,,-17.243
2013-10-23 14:00:00,,-17.235
2013-10-23 15:00:00,,-17.229
2013-10-23 16:00:00,,-17.229
2013-10-23 17:00:00,,-17.228
2013-10-23 18:00:00,,-17.232
2013-10-23 19:00:00,,-17.237
2013-10-23 20:00:00,,-17.245
2013-10-23 21:00:00,,-17.253
2013-10-23 22:00:00,,-17.258
2013-10-23 23:00:00,,-17.261
2013-10-24 00:00:00,,-17.259
2013-10-24 01:00:00,,-17.261
2013-10-24 02:00:00,,-17.258
2013-10-24 03:00:00,,-17.258
2013-10-24 04:00:00,,-17.257
2013-10-24 05:00:00,,-17.259
2013-10-24 06:00:00,,-17.264
2013-10-24 07:00:00,,-17.268
2013-10-24 08:00:00,,-17.271
2013-10-24 09:00:00,,-17.272
2013-10-24 10:00:00,,-17.28
2013-10-24 11:00:00,,-17.28
2013-10-24 12:00:00,,-17.276
2013-10-24 13:00:00,,-17.273
2013-10-24 14:00:00,,-17.267
2013-10-24 15:00:00,,-17.263
2013-10-24 16:00:00,,-17.257
2013-10-24 17:00:00,,-17.257
2013-10-24 18:00:00,,-17.259
2013-10-24 19:00:00,,-17.263
2013-10-24 20:00:00,,-17.267
2013-10-24 21:00:00,,-17.268
2013-10-24 22:00:00,,-17.271
2013-10-24 23:00:00,,-17.274
2013-10-25 00:00:00,,-17.273
2013-10-25 01:00:00,,-17.275
2013-10-25 02:00:00,,-17.273
2013-10-25 03:00:00,,-17.273
2013-10-25 04:00:00,,-17.273
2013-10-25 05:00:00,,-17.279
2013-10-25 06:00:00,,-17.281
2013-10-25 07:00:00,,-17.29
2013-10-25 08:00:00,,-17.291
2013-10-25 09:00:00,,-17.291
2013-10-25 10:00:00,,-17.291
2013-10-25 11:00:00,,-17.287
2013-10-25 12:00:00,,-17.283
2013-10-25 13:00:00,,-17.275
2013-10-25 14:00:00,,-17.268
2013-10-25 15:00:00,,-17.262
2013-10-25 16:00:00,,-17.257
2013-10-25 17:00:00,,-17.257
2013-10-25 18:00:00,,-17.26
2013-10-25 19:00:00,,-17.262
2013-10-25 20:00:00,,-17.268
2013-10-25 21:00:00,,-17.271
2013-10-25 22:00:00,,-17.276
2013-10-25 23:00:00,,-17.28
2013-10-26 00:00:00,,-17.278
2013-10-26 01:00:00,,-17.279
2013-10-26 02:00:00,,-17.276
2013-10-26 03:00:00,,-17.276
2013-10-26 04:00:00,,-17.279
2013-10-26 05:00:00,,-17.28
2013-10-26 06:00:00,,-17.282
2013-10-26 07:00:00,,-17.288
2013-10-26 08:00:00,,-17.292
2013-10-26 09:00:00,,-17.294
2013-10-26 10:00:00,,-17.292
2013-10-26 11:00:00,,-17.287
2013-10-26 12:00:00,,-17.284
2013-10-26 13:00:00,,-17.275
2013-10-26 14:00:00,,-17.271
2013-10-26 15:00:00,,-17.264
2013-10-26 16:00:00,,-17.259
2013-10-26 17:00:00,,-17.258
2013-10-26 18:00:00,,-17.258
2013-10-26 19:00:00,,-17.261
2013-10-26 20:00:00,,-17.262
2013-10-26 21:00:00,,-17.269
2013-10-26 22:00:00,,-17.268
2013-10-26 23:00:00,,-17.271
2013-10-27 00:00:00,,-17.268
2013-10-27 01:00:00,,-17.261
2013-10-27 02:00:00,,-17.261
2013-10-27 03:00:00,,-17.261
2013-10-27 04:00:00,,-17.261
2013-10-27 05:00:00,,-17.263
2013-10-27 06:00:00,,-17.265
2013-10-27 07:00:00,,-17.269
2013-10-27 08:00:00,,-17.273
2013-10-27 09:00:00,,-17.274
2013-10-27 10:00:00,,-17.271
2013-10-27 11:00:00,,-17.267
2013-10-27 12:00:00,,-17.26
2013-10-27 13:00:00,,-17.253
2013-10-27 14:00:00,,-17.245
2013-10-27 15:00:00,,-17.239
2013-10-27 16:00:00,,-17.237
2013-10-27 17:00:00,,-17.234
2013-10-27 18:00:00,,-17.235
2013-10-27 19:00:00,,-17.237
2013-10-27 20:00:00,,-17.236
2013-10-27 21:00:00,,-17.239
2013-10-27 22:00:00,,-17.244
2013-10-27 23:00:00,,-17.243
2013-10-28 00:00:00,,-17.239
2013-10-28 01:00:00,,-17.237
2013-10-28 02:00:00,,-17.235
2013-10-28 03:00:00,,-17.231
2013-10-28 04:00:00,,-17.231
2013-10-28 05:00:00,,-17.231
2013-10-28 06:00:00,,-17.236
2013-10-28 07:00:00,,-17.241
2013-10-28 08:00:00,,-17.24
2013-10-28 09:00:00,,-17.242
2013-10-28 10:00:00,,-17.241
2013-10-28 11:00:00,,-17.241
2013-10-28 12:00:00,,-17.234
2013-10-28 13:00:00,,-17.227
2013-10-28 14:00:00,,-17.218
2013-10-28 15:00:00,,-17.215
2013-10-28 16:00:00,,-17.21
2013-10-28 17:00:00,,-17.207
2013-10-28 18:00:00,,-17.208
2013-10-28 19:00:00,,-17.211
2013-10-28 20:00:00,,-17.217
2013-10-28 21:00:00,,-17.219
2013-10-28 22:00:00,,-17.224
2013-10-28 23:00:00,,-17.222
2013-10-29 00:00:00,,-17.224
2013-10-29 01:00:00,,-17.223
2013-10-29 02:00:00,,-17.221
2013-10-29 03:00:00,,-17.221
2013-10-29 04:00:00,,-17.225
2013-10-29 05:00:00,,-17.231
2013-10-29 06:00:00,,-17.238
2013-10-29 07:00:00,,-17.249
2013-10-29 08:00:00,,-17.254
2013-10-29 09:00:00,,-17.259
2013-10-29 10:00:00,,-17.261
2013-10-29 11:00:00,,-17.257
2013-10-29 12:00:00,,-17.248
2013-10-29 13:00:00,,-17.245
2013-10-29 14:00:00,,-17.239
2013-10-29 15:00:00,,-17.232
2013-10-29 16:00:00,,-17.228
2013-10-29 17:00:00,,-17.229
2013-10-29 18:00:00,,-17.232
2013-10-29 19:00:00,,-17.236
2013-10-29 20:00:00,,-17.24
2013-10-29 21:00:00,,-17.245
2013-10-29 22:00:00,,-17.247
2013-10-29 23:00:00,,-17.245
2013-10-30 00:00:00,,-17.244
2013-10-30 01:00:00,,-17.244
2013-10-30 02:00:00,,-17.242
2013-10-30 03:00:00,,-17.24
2013-10-30 04:00:00,,-17.244
2013-10-30 05:00:00,,-17.245
2013-10-30 06:00:00,,-17.252
2013-10-30 07:00:00,,-17.26
2013-10-30 08:00:00,,-17.269
2013-10-30 09:00:00,,-17.267
2013-10-30 10:00:00,,-17.268
2013-10-30 11:00:00,,-17.265
2013-10-30 12:00:00,,-17.258
2013-10-30 13:00:00,,-17.253
2013-10-30 14:00:00,,-17.245
2013-10-30 15:00:00,,-17.238
2013-10-30 16:00:00,,-17.235
2013-10-30 17:00:00,,-17.232
2013-10-30 18:00:00,,-17.234
2013-10-30 19:00:00,,-17.238
2013-10-30 20:00:00,,-17.246
2013-10-30 21:00:00,,-17.249
2013-10-30 22:00:00,,-17.256
2013-10-30 23:00:00,,-17.254
2013-10-31 00:00:00,,-17.252
2013-10-31 01:00:00,,-17.249
2013-10-31 02:00:00,,-17.244
2013-10-31 03:00:00,,-17.246
2013-10-31 04:00:00,,-17.248
2013-10-31 05:00:00,,-17.255
2013-10-31 06:00:00,,-17.262
2013-10-31 07:00:00,,-17.268
2013-10-31 08:00:00,,-17.275
2013-10-31 09:00:00,,-17.276
2013-10-31 10:00:00,,-17.274
2013-10-31 11:00:00,,-17.271
2013-10-31 12:00:00,,-17.265
2013-10-31 13:00:00,,-17.259
2013-10-31 14:00:00,,-17.248
2013-10-31 15:00:00,,-17.243
2013-10-31 16:00:00,,-17.234
2013-10-31 17:00:00,,-17.235
2013-10-31 18:00:00,,-17.239
2013-10-31 19:00:00,,-17.244
2013-10-31 20:00:00,,-17.253
2013-10-31 21:00:00,,-17.257
2013-10-31 22:00:00,,-17.263
2013-10-31 23:00:00,,-17.265
2013-11-01 00:00:00,,-17.261
2013-11-01 01:00:00,,-17.256
2013-11-01 02:00:00,,-17.254
2013-11-01 03:00:00,,-17.251
2013-11-01 04:00:00,,-17.251
2013-11-01 05:00:00,,-17.256
2013-11-01 06:00:00,,-17.261
2013-11-01 07:00:00,,-17.268
2013-11-01 08:00:00,,-17.272
2013-11-01 09:00:00,,-17.273
2013-11-01 10:00:00,,-17.276
2013-11-01 11:00:00,,-17.27
2013-11-01 12:00:00,,-17.262
2013-11-01 13:00:00,,-17.253
2013-11-01 14:00:00,,-17.243
2013-11-01 15:00:00,,-17.235
2013-11-01 16:00:00,,-17.23
2013-11-01 17:00:00,,-17.23
2013-11-01 18:00:00,,-17.231
2013-11-01 19:00:00,,-17.238
2013-11-01 20:00:00,,-17.243
2013-11-01 21:00:00,,-17.25
2013-11-01 22:00:00,,-17.253
2013-11-01 23:00:00,,-17.256
2013-11-02 00:00:00,,-17.254
2013-11-02 01:00:00,,-17.251
2013-11-02 02:00:00,,-17.247
2013-11-02 03:00:00,,-17.244
2013-11-02 04:00:00,,-17.243
2013-11-02 05:00:00,,-17.247
2013-11-02 06:00:00,,-17.252
2013-11-02 07:00:00,,-17.258
2013-11-02 08:00:00,,-17.262
2013-11-02 09:00:00,,-17.262
2013-11-02 10:00:00,,-17.261
2013-11-02 11:00:00,,-17.257
2013-11-02 12:00:00,,-17.252
2013-11-02 13:00:00,,-17.242
2013-11-02 14:00:00,,-17.234
2013-11-02 15:00:00,,-17.227
2013-11-02 16:00:00,,-17.219
2013-11-02 17:00:00,,-17.217
2013-11-02 18:00:00,,-17.217
2013-11-02 19:00:00,,-17.223
2013-11-02 20:00:00,,-17.231
2013-11-02 21:00:00,,-17.236
2013-11-02 22:00:00,,-17.242
2013-11-02 23:00:00,,-17.243
2013-11-03 00:00:00,,-17.24
2013-11-03 01:00:00,,-17.236
2013-11-03 02:00:00,,-17.233
2013-11-03 03:00:00,,-17.231
2013-11-03 04:00:00,,-17.231
2013-11-03 05:00:00,,-17.234
2013-11-03 06:00:00,,-17.237
2013-11-03 07:00:00,,-17.244
2013-11-03 08:00:00,,-17.249
2013-11-03 09:00:00,,-17.254
2013-11-03 10:00:00,,-17.255
2013-11-03 11:00:00,,-17.251
2013-11-03 12:00:00,,-17.245
2013-11-03 13:00:00,,-17.241
2013-11-03 14:00:00,,-17.231
2013-11-03 15:00:00,,-17.222
2013-11-03 16:00:00,,-17.217
2013-11-03 17:00:00,,-17.215
2013-11-03 18:00:00,,-17.216
2013-11-03 19:00:00,,-17.222
2013-11-03 20:00:00,,-17.228
2013-11-03 21:00:00,,-17.234
2013-11-03 22:00:00,,-17.241
2013-11-03 23:00:00,,-17.245
2013-11-04 00:00:00,,-17.244
2013-11-04 01:00:00,,-17.242
2013-11-04 02:00:00,,-17.24
2013-11-04 03:00:00,,-17.241
2013-11-04 04:00:00,,-17.242
2013-11-04 05:00:00,,-17.244
2013-11-04 06:00:00,,-17.248
2013-11-04 07:00:00,,-17.254
2013-11-04 08:00:00,,-17.26
2013-11-04 09:00:00,,-17.264
2013-11-04 10:00:00,,-17.264
2013-11-04 11:00:00,,-17.26
2013-11-04 12:00:00,,-17.255
2013-11-04 13:00:00,,-17.249
2013-11-04 14:00:00,,-17.245
2013-11-04 15:00:00,,-17.238
2013-11-04 16:00:00,,-17.231
2013-11-04 17:00:00,,-17.227
2013-11-04 18:00:00,,-17.226
2013-11-04 19:00:00,,-17.231
2013-11-04 20:00:00,,-17.235
2013-11-04 21:00:00,,-17.241
2013-11-04 22:00:00,,-17.247
2013-11-04 23:00:00,,-17.252
2013-11-05 00:00:00,,-17.253
2013-11-05 01:00:00,,-17.25
2013-11-05 02:00:00,,-17.248
2013-11-05 03:00:00,,-17.246
2013-11-05 04:00:00,,-17.244
2013-11-05 05:00:00,,-17.244
2013-11-05 06:00:00,,-17.246
2013-11-05 07:00:00,,-17.254
2013-11-05 08:00:00,,-17.258
2013-11-05 09:00:00,,-17.259
2013-11-05 10:00:00,,-17.262
2013-11-05 11:00:00,,-17.26
2013-11-05 12:00:00,,-17.255
2013-11-05 13:00:00,,-17.251
2013-11-05 14:00:00,,-17.241
2013-11-05 15:00:00,,-17.233
2013-11-05 16:00:00,,-17.227
2013-11-05 17:00:00,,-17.222
2013-11-05 18:00:00,,-17.219
2013-11-05 19:00:00,,-17.221
2013-11-05 20:00:00,,-17.223
2013-11-05 21:00:00,,-17.228
2013-11-05 22:00:00,,-17.236
2013-11-05 23:00:00,,-17.239
2013-11-06 00:00:00,,-17.235
2013-11-06 01:00:00,,-17.235
2013-11-06 02:00:00,,-17.233
2013-11-06 03:00:00,,-17.235
2013-11-06 04:00:00,,-17.232
2013-11-06 05:00:00,,-17.232
2013-11-06 06:00:00,,-17.234
2013-11-06 07:00:00,,-17.238
2013-11-06 08:00:00,,-17.239
2013-11-06 09:00:00,,-17.239
2013-11-06 10:00:00,,-17.239
2013-11-06 11:00:00,,-17.237
2013-11-06 12:00:00,,-17.235
2013-11-06 13:00:00,,-17.227
2013-11-06 14:00:00,,-17.221
2013-11-06 15:00:00,,-17.212
2013-11-06 16:00:00,,-17.206
2013-11-06 17:00:00,,-17.2
2013-11-06 18:00:00,,-17.197
2013-11-06 19:00:00,,-17.197
2013-11-06 20:00:00,,-17.204
2013-11-06 21:00:00,,-17.204
2013-11-06 22:00:00,,-17.209
2013-11-06 23:00:00,,-17.211
2013-11-07 00:00:00,,-17.215
2013-11-07 01:00:00,,-17.213
2013-11-07 02:00:00,,-17.211
2013-11-07 03:00:00,,-17.208
2013-11-07 04:00:00,,-17.207
2013-11-07 05:00:00,,-17.208
2013-11-07 06:00:00,,-17.21
2013-11-07 07:00:00,,-17.213
2013-11-07 08:00:00,,-17.215
2013-11-07 09:00:00,,-17.215
2013-11-07 10:00:00,,-17.217
2013-11-07 11:00:00,,-17.212
2013-11-07 12:00:00,,-17.207
2013-11-07 13:00:00,,-17.199
2013-11-07 14:00:00,,-17.194
2013-11-07 15:00:00,,-17.186
2013-11-07 16:00:00,,-17.185
2013-11-07 17:00:00,,-17.176
2013-11-07 18:00:00,,-17.176
2013-11-07 19:00:00,,-17.178
2013-11-07 20:00:00,,-17.18
2013-11-07 21:00:00,,-17.181
2013-11-07 22:00:00,,-17.183
2013-11-07 23:00:00,,-17.185
2013-11-08 00:00:00,,-17.183
2013-11-08 01:00:00,,-17.181
2013-11-08 02:00:00,,-17.177
2013-11-08 03:00:00,,-17.185
2013-11-08 04:00:00,,-17.186
2013-11-08 05:00:00,,-17.196
2013-11-08 06:00:00,,-17.201
2013-11-08 07:00:00,,-17.207
2013-11-08 08:00:00,,-17.22
2013-11-08 09:00:00,,-17.219
2013-11-08 10:00:00,,-17.221
2013-11-08 11:00:00,,-17.221
2013-11-08 12:00:00,,-17.217
2013-11-08 13:00:00,,-17.213
2013-11-08 14:00:00,,-17.207
2013-11-08 15:00:00,,-17.203
2013-11-08 16:00:00,,-17.2
2013-11-08 17:00:00,,-17.196
2013-11-08 18:00:00,,-17.197
2013-11-08 19:00:00,,-17.197
2013-11-08 20:00:00,,-17.201
2013-11-08 21:00:00,,-17.206
2013-11-08 22:00:00,,-17.205
2013-11-08 23:00:00,,-17.204
2013-11-09 00:00:00,,-17.207
2013-11-09 01:00:00,,-17.206
2013-11-09 02:00:00,,-17.204
2013-11-09 03:00:00,,-17.207
2013-11-09 04:00:00,,-17.214
2013-11-09 05:00:00,,-17.223
2013-11-09 06:00:00,,-17.221
2013-11-09 07:00:00,,-17.232
2013-11-09 08:00:00,,-17.243
2013-11-09 09:00:00,,-17.239
2013-11-09 10:00:00,,-17.235
2013-11-09 11:00:00,,-17.227
2013-11-09 12:00:00,,-17.23
2013-11-09 13:00:00,,-17.225
2013-11-09 14:00:00,,-17.222
2013-11-09 15:00:00,,-17.22
2013-11-09 16:00:00,,-17.215
2013-11-09 17:00:00,,-17.212
2013-11-09 18:00:00,,-17.213
2013-11-09 19:00:00,,-17.212
2013-11-09 20:00:00,,-17.214
2013-11-09 21:00:00,,-17.221
2013-11-09 22:00:00,,-17.226
2013-11-09 23:00:00,,-17.228
2013-11-10 00:00:00,,-17.236
2013-11-10 01:00:00,,-17.233
2013-11-10 02:00:00,,-17.232
2013-11-10 03:00:00,,-17.232
2013-11-10 04:00:00,,-17.234
2013-11-10 05:00:00,,-17.237
2013-11-10 06:00:00,,-17.239
2013-11-10 07:00:00,,-17.245
2013-11-10 08:00:00,,-17.249
2013-11-10 09:00:00,,-17.252
2013-11-10 10:00:00,,-17.251
2013-11-10 11:00:00,,-17.248
2013-11-10 12:00:00,,-17.24
2013-11-10 13:00:00,,-17.236
2013-11-10 14:00:00,,-17.229
2013-11-10 15:00:00,,-17.221
2013-11-10 16:00:00,,-17.218
2013-11-10 17:00:00,,-17.221
2013-11-10 18:00:00,,-17.222
2013-11-10 19:00:00,,-17.223
2013-11-10 20:00:00,,-17.227
2013-11-10 21:00:00,,-17.232
2013-11-10 22:00:00,,-17.23
2013-11-10 23:00:00,,-17.232
2013-11-11 00:00:00,,-17.23
2013-11-11 01:00:00,,-17.231
2013-11-11 02:00:00,,-17.229
2013-11-11 03:00:00,,-17.229
2013-11-11 04:00:00,,-17.237
2013-11-11 05:00:00,,-17.236
2013-11-11 06:00:00,,-17.246
2013-11-11 07:00:00,,-17.249
2013-11-11 08:00:00,,-17.255
2013-11-11 09:00:00,,-17.254
2013-11-11 10:00:00,,-17.252
2013-11-11 11:00:00,,-17.248
2013-11-11 12:00:00,,-17.241
2013-11-11 13:00:00,,-17.231
2013-11-11 14:00:00,,-17.226
2013-11-11 15:00:00,,-17.222
2013-11-11 16:00:00,,-17.218
2013-11-11 17:00:00,,-17.215
2013-11-11 18:00:00,,-17.216
2013-11-11 19:00:00,,-17.218
2013-11-11 20:00:00,,-17.225
2013-11-11 21:00:00,,-17.229
2013-11-11 22:00:00,,-17.234
2013-11-11 23:00:00,,-17.234
2013-11-12 00:00:00,,-17.23
2013-11-12 01:00:00,,-17.228
2013-11-12 02:00:00,,-17.226
2013-11-12 03:00:00,,-17.225
2013-11-12 04:00:00,,-17.229
2013-11-12 05:00:00,,-17.234
2013-11-12 06:00:00,,-17.242
2013-11-12 07:00:00,,-17.246
2013-11-12 08:00:00,,-17.249
2013-11-12 09:00:00,,-17.252
2013-11-12 10:00:00,,-17.252
2013-11-12 11:00:00,,-17.246
2013-11-12 12:00:00,,-17.241
2013-11-12 13:00:00,,-17.234
2013-11-12 14:00:00,,-17.225
2013-11-12 15:00:00,,-17.218
2013-11-12 16:00:00,,-17.215
2013-11-12 17:00:00,,-17.216
2013-11-12 18:00:00,,-17.217
2013-11-12 19:00:00,,-17.22
2013-11-12 20:00:00,,-17.224
2013-11-12 21:00:00,,-17.229
2013-11-12 22:00:00,,-17.232
2013-11-12 23:00:00,,-17.236
2013-11-13 00:00:00,,-17.232
2013-11-13 01:00:00,,-17.227
2013-11-13 02:00:00,,-17.224
2013-11-13 03:00:00,,-17.226
2013-11-13 04:00:00,,-17.229
2013-11-13 05:00:00,,-17.233
2013-11-13 06:00:00,,-17.238
2013-11-13 07:00:00,,-17.244
2013-11-13 08:00:00,,-17.251
2013-11-13 09:00:00,,-17.254
2013-11-13 10:00:00,,-17.254
2013-11-13 11:00:00,,-17.252
2013-11-13 12:00:00,,-17.25
2013-11-13 13:00:00,,-17.242
2013-11-13 14:00:00,,-17.236
2013-11-13 15:00:00,,-17.228
2013-11-13 16:00:00,,-17.227
2013-11-13 17:00:00,,-17.223
2013-11-13 18:00:00,,-17.227
2013-11-13 19:00:00,,-17.232
2013-11-13 20:00:00,,-17.234
2013-11-13 21:00:00,,-17.239
2013-11-13 22:00:00,,-17.244
2013-11-13 23:00:00,,-17.243
2013-11-14 00:00:00,,-17.244
2013-11-14 01:00:00,,-17.239
2013-11-14 02:00:00,,-17.237
2013-11-14 03:00:00,,-17.237
2013-11-14 04:00:00,,-17.237
2013-11-14 05:00:00,,-17.24
2013-11-14 06:00:00,,-17.246
2013-11-14 07:00:00,,-17.254
2013-11-14 08:00:00,,-17.255
2013-11-14 09:00:00,,-17.258
2013-11-14 10:00:00,,-17.258
2013-11-14 11:00:00,,-17.253
2013-11-14 12:00:00,,-17.249
2013-11-14 13:00:00,,-17.238
2013-11-14 14:00:00,,-17.231
2013-11-14 15:00:00,,-17.222
2013-11-14 16:00:00,,-17.217
2013-11-14 17:00:00,,-17.217
2013-11-14 18:00:00,,-17.216
2013-11-14 19:00:00,,-17.223
2013-11-14 20:00:00,,-17.225
2013-11-14 21:00:00,,-17.228
2013-11-14 22:00:00,,-17.239
2013-11-14 23:00:00,,-17.244
2013-11-15 00:00:00,,-17.238
2013-11-15 01:00:00,,-17.234
2013-11-15 02:00:00,,-17.232
2013-11-15 03:00:00,,-17.23
2013-11-15 04:00:00,,-17.23
2013-11-15 05:00:00,,-17.235
2013-11-15 06:00:00,,-17.238
2013-11-15 07:00:00,,-17.243
2013-11-15 08:00:00,,-17.25
2013-11-15 09:00:00,,-17.251
2013-11-15 10:00:00,,-17.252
2013-11-15 11:00:00,,-17.246
2013-11-15 12:00:00,,-17.239
2013-11-15 13:00:00,,-17.23
2013-11-15 14:00:00,,-17.223
2013-11-15 15:00:00,,-17.215
2013-11-15 16:00:00,,-17.211
2013-11-15 17:00:00,,-17.206
2013-11-15 18:00:00,,-17.205
2013-11-15 19:00:00,,-17.211
2013-11-15 20:00:00,,-17.214
2013-11-15 21:00:00,,-17.221
2013-11-15 22:00:00,,-17.226
2013-11-15 23:00:00,,-17.223
2013-11-16 00:00:00,,-17.222
2013-11-16 01:00:00,,-17.218
2013-11-16 02:00:00,,-17.211
2013-11-16 03:00:00,,-17.205
2013-11-16 04:00:00,,-17.202
2013-11-16 05:00:00,,-17.204
2013-11-16 06:00:00,,-17.206
2013-11-16 07:00:00,,-17.207
2013-11-16 08:00:00,,-17.21
2013-11-16 09:00:00,,-17.216
2013-11-16 10:00:00,,-17.212
2013-11-16 11:00:00,,-17.209
2013-11-16 12:00:00,,-17.202
2013-11-16 13:00:00,,-17.197
2013-11-16 14:00:00,,-17.189
2013-11-16 15:00:00,,-17.184
2013-11-16 16:00:00,,-17.178
2013-11-16 17:00:00,,-17.175
2013-11-16 18:00:00,,-17.177
2013-11-16 19:00:00,,-17.183
2013-11-16 20:00:00,,-17.19
2013-11-16 21:00:00,,-17.196
2013-11-16 22:00:00,,-17.203
2013-11-16 23:00:00,,-17.205
2013-11-17 00:00:00,,-17.206
2013-11-17 01:00:00,,-17.203
2013-11-17 02:00:00,,-17.196
2013-11-17 03:00:00,,-17.193
2013-11-17 04:00:00,,-17.193
2013-11-17 05:00:00,,-17.196
2013-11-17 06:00:00,,-17.196
2013-11-17 07:00:00,,-17.201
2013-11-17 08:00:00,,-17.207
2013-11-17 09:00:00,,-17.218
2013-11-17 10:00:00,,-17.223
2013-11-17 11:00:00,,-17.219
2013-11-17 12:00:00,,-17.216
2013-11-17 13:00:00,,-17.21
2013-11-17 14:00:00,,-17.204
2013-11-17 15:00:00,,-17.197
2013-11-17 16:00:00,,-17.189
2013-11-17 17:00:00,,-17.188
2013-11-17 18:00:00,,-17.189
2013-11-17 19:00:00,,-17.191
2013-11-17 20:00:00,,-17.197
2013-11-17 21:00:00,,-17.201
2013-11-17 22:00:00,,-17.206
2013-11-17 23:00:00,,-17.209
2013-11-18 00:00:00,,-17.209
2013-11-18 01:00:00,,-17.209
2013-11-18 02:00:00,,-17.203
2013-11-18 03:00:00,,-17.202
2013-11-18 04:00:00,,-17.201
2013-11-18 05:00:00,,-17.204
2013-11-18 06:00:00,,-17.209
2013-11-18 07:00:00,,-17.215
2013-11-18 08:00:00,,-17.219
2013-11-18 09:00:00,,-17.222
2013-11-18 10:00:00,,-17.223
2013-11-18 11:00:00,,-17.218
2013-11-18 12:00:00,,-17.214
2013-11-18 13:00:00,,-17.21
2013-11-18 14:00:00,,-17.202
2013-11-18 15:00:00,,-17.195
2013-11-18 16:00:00,,-17.187
2013-11-18 17:00:00,,-17.185
2013-11-18 18:00:00,,-17.188
2013-11-18 19:00:00,,-17.192
2013-11-18 20:00:00,,-17.197
2013-11-18 21:00:00,,-17.203
2013-11-18 22:00:00,,-17.21
2013-11-18 23:00:00,,-17.21
2013-11-19 00:00:00,,-17.211
2013-11-19 01:00:00,,-17.21
2013-11-19 02:00:00,,-17.205
2013-11-19 03:00:00,,-17.204
2013-11-19 04:00:00,,-17.204
2013-11-19 05:00:00,,-17.202
2013-11-19 06:00:00,,-17.205
2013-11-19 07:00:00,,-17.209
2013-11-19 08:00:00,,-17.21
2013-11-19 09:00:00,,-17.212
2013-11-19 10:00:00,,-17.213
2013-11-19 11:00:00,,-17.211
2013-11-19 12:00:00,,-17.205
2013-11-19 13:00:00,,-17.2
2013-11-19 14:00:00,,-17.192
2013-11-19 15:00:00,,-17.183
2013-11-19 16:00:00,,-17.175
2013-11-19 17:00:00,,-17.17
2013-11-19 18:00:00,,-17.169
2013-11-19 19:00:00,,-17.173
2013-11-19 20:00:00,,-17.177
2013-11-19 21:00:00,,-17.185
2013-11-19 22:00:00,,-17.187
2013-11-19 23:00:00,,-17.188
2013-11-20 00:00:00,,-17.19
2013-11-20 01:00:00,,-17.188
2013-11-20 02:00:00,,-17.182
2013-11-20 03:00:00,,-17.184
2013-11-20 04:00:00,,-17.183
2013-11-20 05:00:00,,-17.184
2013-11-20 06:00:00,,-17.185
2013-11-20 07:00:00,,-17.189
2013-11-20 08:00:00,,-17.195
2013-11-20 09:00:00,,-17.199
2013-11-20 10:00:00,,-17.199
2013-11-20 11:00:00,,-17.197
2013-11-20 12:00:00,,-17.195
2013-11-20 13:00:00,,-17.189
2013-11-20 14:00:00,,-17.188
2013-11-20 15:00:00,,-17.179
2013-11-20 16:00:00,,-17.176
2013-11-20 17:00:00,,-17.172
2013-11-20 18:00:00,,-17.172
2013-11-20 19:00:00,,-17.174
2013-11-20 20:00:00,,-17.18
2013-11-20 21:00:00,,-17.185
2013-11-20 22:00:00,,-17.19
2013-11-20 23:00:00,,-17.195
2013-11-21 00:00:00,,-17.195
2013-11-21 01:00:00,,-17.198
2013-11-21 02:00:00,,-17.197
2013-11-21 03:00:00,,-17.195
2013-11-21 04:00:00,,-17.194
2013-11-21 05:00:00,,-17.197
2013-11-21 06:00:00,,-17.197
2013-11-21 07:00:00,,-17.201
2013-11-21 08:00:00,,-17.204
2013-11-21 09:00:00,,-17.205
2013-11-21 10:00:00,,-17.205
2013-11-21 11:00:00,,-17.205
2013-11-21 12:00:00,,-17.202
2013-11-21 13:00:00,,-17.196
2013-11-21 14:00:00,,-17.192
2013-11-21 15:00:00,,-17.187
2013-11-21 16:00:00,,-17.18
2013-11-21 17:00:00,,-17.177
2013-11-21 18:00:00,,-17.176
2013-11-21 19:00:00,,-17.181
2013-11-21 20:00:00,,-17.185
2013-11-21 21:00:00,,-17.19
2013-11-21 22:00:00,,-17.201
2013-11-21 23:00:00,,-17.207
2013-11-22 00:00:00,,-17.207
2013-11-22 01:00:00,,-17.206
2013-11-22 02:00:00,,-17.206
2013-11-22 03:00:00,,-17.206
2013-11-22 04:00:00,,-17.207
2013-11-22 05:00:00,,-17.215
2013-11-22 06:00:00,,-17.219
2013-11-22 07:00:00,,-17.224
2013-11-22 08:00:00,,-17.226
2013-11-22 09:00:00,,-17.23
2013-11-22 10:00:00,,-17.229
2013-11-22 11:00:00,,-17.228
2013-11-22 12:00:00,,-17.222
2013-11-22 13:00:00,,-17.22
2013-11-22 14:00:00,,-17.213
2013-11-22 15:00:00,,-17.208
2013-11-22 16:00:00,,-17.201
2013-11-22 17:00:00,,-17.198
2013-11-22 18:00:00,,-17.194
2013-11-22 19:00:00,,-17.194
2013-11-22 20:00:00,,-17.197
2013-11-22 21:00:00,,-17.202
2013-11-22 22:00:00,,-17.207
2013-11-22 23:00:00,,-17.209
2013-11-23 00:00:00,,-17.208
2013-11-23 01:00:00,,-17.207
2013-11-23 02:00:00,,-17.204
2013-11-23 03:00:00,,-17.206
2013-11-23 04:00:00,,-17.208
2013-11-23 05:00:00,,-17.209
2013-11-23 06:00:00,,-17.211
2013-11-23 07:00:00,,-17.216
2013-11-23 08:00:00,,-17.218
2013-11-23 09:00:00,,-17.221
2013-11-23 10:00:00,,-17.22
2013-11-23 11:00:00,,-17.217
2013-11-23 12:00:00,,-17.211
2013-11-23 13:00:00,,-17.204
2013-11-23 14:00:00,,-17.199
2013-11-23 15:00:00,,-17.192
2013-11-23 16:00:00,,-17.189
2013-11-23 17:00:00,,-17.184
2013-11-23 18:00:00,,-17.188
2013-11-23 19:00:00,,-17.19
2013-11-23 20:00:00,,-17.194
2013-11-23 21:00:00,,-17.197
2013-11-23 22:00:00,,-17.2
2013-11-23 23:00:00,,-17.2
2013-11-24 00:00:00,,-17.202
2013-11-24 01:00:00,,-17.201
2013-11-24 02:00:00,,-17.201
2013-11-24 03:00:00,,-17.204
2013-11-24 04:00:00,,-17.204
2013-11-24 05:00:00,,-17.208
2013-11-24 06:00:00,,-17.211
2013-11-24 07:00:00,,-17.214
2013-11-24 08:00:00,,-17.216
2013-11-24 09:00:00,,-17.216
2013-11-24 10:00:00,,-17.213
2013-11-24 11:00:00,,-17.208
2013-11-24 12:00:00,,-17.202
2013-11-24 13:00:00,,-17.196
2013-11-24 14:00:00,,-17.192
2013-11-24 15:00:00,,-17.185
2013-11-24 16:00:00,,-17.179
2013-11-24 17:00:00,,-17.177
2013-11-24 18:00:00,,-17.18
2013-11-24 19:00:00,,-17.178
2013-11-24 20:00:00,,-17.182
2013-11-24 21:00:00,,-17.185
2013-11-24 22:00:00,,-17.186
2013-11-24 23:00:00,,-17.19
2013-11-25 00:00:00,,-17.19
2013-11-25 01:00:00,,-17.188
2013-11-25 02:00:00,,-17.187
2013-11-25 03:00:00,,-17.188
2013-11-25 04:00:00,,-17.199
2013-11-25 05:00:00,,-17.198
2013-11-25 06:00:00,,-17.199
2013-11-25 07:00:00,,-17.204
2013-11-25 08:00:00,,-17.205
2013-11-25 09:00:00,,-17.203
2013-11-25 10:00:00,,-17.201
2013-11-25 11:00:00,,-17.198
2013-11-25 12:00:00,,-17.191
2013-11-25 13:00:00,,-17.185
2013-11-25 14:00:00,,-17.182
2013-11-25 15:00:00,,-17.179
2013-11-25 16:00:00,,-17.175
2013-11-25 17:00:00,,-17.17
2013-11-25 18:00:00,,-17.175
2013-11-25 19:00:00,,-17.177
2013-11-25 20:00:00,,-17.185
2013-11-25 21:00:00,,-17.188
2013-11-25 22:00:00,,-17.191
2013-11-25 23:00:00,,-17.191
2013-11-26 00:00:00,,-17.194
2013-11-26 01:00:00,,-17.187
2013-11-26 02:00:00,,-17.187
2013-11-26 03:00:00,,-17.191
2013-11-26 04:00:00,,-17.192
2013-11-26 05:00:00,,-17.194
2013-11-26 06:00:00,,-17.198
2013-11-26 07:00:00,,-17.208
2013-11-26 08:00:00,,-17.21
2013-11-26 09:00:00,,-17.212
2013-11-26 10:00:00,,-17.207
2013-11-26 11:00:00,,-17.203
2013-11-26 12:00:00,,-17.2
2013-11-26 13:00:00,,-17.195
2013-11-26 14:00:00,,-17.192
2013-11-26 15:00:00,,-17.186
2013-11-26 16:00:00,,-17.183
2013-11-26 17:00:00,,-17.18
2013-11-26 18:00:00,,-17.192
2013-11-26 19:00:00,,-17.204
2013-11-26 20:00:00,,-17.209
2013-11-26 21:00:00,,-17.211
2013-11-26 22:00:00,,-17.212
2013-11-26 23:00:00,,-17.212
2013-11-27 00:00:00,,-17.216
2013-11-27 01:00:00,,-17.215
2013-11-27 02:00:00,,-17.212
2013-11-27 03:00:00,,-17.212
2013-11-27 04:00:00,,-17.213
2013-11-27 05:00:00,,-17.213
2013-11-27 06:00:00,,-17.218
2013-11-27 07:00:00,,-17.224
2013-11-27 08:00:00,,-17.227
2013-11-27 09:00:00,,-17.227
2013-11-27 10:00:00,,-17.226
2013-11-27 11:00:00,,-17.224
2013-11-27 12:00:00,,-17.221
2013-11-27 13:00:00,,-17.211
2013-11-27 14:00:00,,-17.206
2013-11-27 15:00:00,,-17.198
2013-11-27 16:00:00,,-17.196
2013-11-27 17:00:00,,-17.197
2013-11-27 18:00:00,,-17.194
2013-11-27 19:00:00,,-17.205
2013-11-27 20:00:00,,-17.205
2013-11-27 21:00:00,,-17.206
2013-11-27 22:00:00,,-17.208
2013-11-27 23:00:00,,-17.206
2013-11-28 00:00:00,,-17.207
2013-11-28 01:00:00,,-17.201
2013-11-28 02:00:00,,-17.2
2013-11-28 03:00:00,,-17.203
2013-11-28 04:00:00,,-17.206
2013-11-28 05:00:00,,-17.206
2013-11-28 06:00:00,,-17.211
2013-11-28 07:00:00,,-17.216
2013-11-28 08:00:00,,-17.221
2013-11-28 09:00:00,,-17.224
2013-11-28 10:00:00,,-17.222
2013-11-28 11:00:00,,-17.215
2013-11-28 12:00:00,,-17.208
2013-11-28 13:00:00,,-17.213
2013-11-28 14:00:00,,-17.208
2013-11-28 15:00:00,,-17.206
2013-11-28 16:00:00,,-17.205
2013-11-28 17:00:00,,-17.214
2013-11-28 18:00:00,,-17.213
2013-11-28 19:00:00,,-17.21
2013-11-28 20:00:00,,-17.206
2013-11-28 21:00:00,,-17.21
2013-11-28 22:00:00,,-17.214
2013-11-28 23:00:00,,-17.214
2013-11-29 00:00:00,,-17.215
2013-11-29 01:00:00,,-17.212
2013-11-29 02:00:00,,-17.212
2013-11-29 03:00:00,,-17.209
2013-11-29 04:00:00,,-17.211
2013-11-29 05:00:00,,-17.216
2013-11-29 06:00:00,,-17.219
2013-11-29 07:00:00,,-17.225
2013-11-29 08:00:00,,-17.229
2013-11-29 09:00:00,,-17.235
2013-11-29 10:00:00,,-17.237
2013-11-29 11:00:00,,-17.23
2013-11-29 12:00:00,,-17.226
2013-11-29 13:00:00,,-17.219
2013-11-29 14:00:00,,-17.21
2013-11-29 15:00:00,,-17.206
2013-11-29 16:00:00,,-17.201
2013-11-29 17:00:00,,-17.199
2013-11-29 18:00:00,,-17.2
2013-11-29 19:00:00,,-17.204
2013-11-29 20:00:00,,-17.208
2013-11-29 21:00:00,,-17.211
2013-11-29 22:00:00,,-17.216
2013-11-29 23:00:00,,-17.215
2013-11-30 00:00:00,,-17.217
2013-11-30 01:00:00,,-17.214
2013-11-30 02:00:00,,-17.212
2013-11-30 03:00:00,,-17.21
2013-11-30 04:00:00,,-17.213
2013-11-30 05:00:00,,-17.221
2013-11-30 06:00:00,,-17.225
2013-11-30 07:00:00,,-17.232
2013-11-30 08:00:00,,-17.239
2013-11-30 09:00:00,,-17.241
2013-11-30 10:00:00,,-17.242
2013-11-30 11:00:00,,-17.236
2013-11-30 12:00:00,,-17.231
2013-11-30 13:00:00,,-17.221
2013-11-30 14:00:00,,-17.214
2013-11-30 15:00:00,,-17.207
2013-11-30 16:00:00,,-17.205
2013-11-30 17:00:00,,-17.204
2013-11-30 18:00:00,,-17.203
2013-11-30 19:00:00,,-17.21
2013-11-30 20:00:00,,-17.213
2013-11-30 21:00:00,,-17.217
2013-11-30 22:00:00,,-17.22
2013-11-30 23:00:00,,-17.223
2013-12-01 00:00:00,,-17.221
2013-12-01 01:00:00,,-17.22
2013-12-01 02:00:00,,-17.221
2013-12-01 03:00:00,,-17.221
2013-12-01 04:00:00,,-17.224
2013-12-01 05:00:00,,-17.222
2013-12-01 06:00:00,,-17.229
2013-12-01 07:00:00,,-17.239
2013-12-01 08:00:00,,-17.245
2013-12-01 09:00:00,,-17.254
2013-12-01 10:00:00,,-17.252
2013-12-01 11:00:00,,-17.25
2013-12-01 12:00:00,,-17.245
2013-12-01 13:00:00,,-17.237
2013-12-01 14:00:00,,-17.227
2013-12-01 15:00:00,,-17.218
2013-12-01 16:00:00,,-17.216
2013-12-01 17:00:00,,-17.214
2013-12-01 18:00:00,,-17.214
2013-12-01 19:00:00,,-17.216
2013-12-01 20:00:00,,-17.222
2013-12-01 21:00:00,,-17.228
2013-12-01 22:00:00,,-17.232
2013-12-01 23:00:00,,-17.231
2013-12-02 00:00:00,,-17.23
2013-12-02 01:00:00,,-17.229
2013-12-02 02:00:00,,-17.228
2013-12-02 03:00:00,,-17.227
2013-12-02 04:00:00,,-17.228
2013-12-02 05:00:00,,-17.232
2013-12-02 06:00:00,,-17.239
2013-12-02 07:00:00,,-17.244
2013-12-02 08:00:00,,-17.25
2013-12-02 09:00:00,,-17.252
2013-12-02 10:00:00,,-17.255
2013-12-02 11:00:00,,-17.253
2013-12-02 12:00:00,,-17.246
2013-12-02 13:00:00,,-17.235
2013-12-02 14:00:00,,-17.229
2013-12-02 15:00:00,,-17.216
2013-12-02 16:00:00,,-17.21
2013-12-02 17:00:00,,-17.22
2013-12-02 18:00:00,,-17.212
2013-12-02 19:00:00,,-17.226
2013-12-02 20:00:00,,-17.228
2013-12-02 21:00:00,,-17.232
2013-12-02 22:00:00,,-17.238
2013-12-02 23:00:00,,-17.238
2013-12-03 00:00:00,,-17.237
2013-12-03 01:00:00,,-17.23
2013-12-03 02:00:00,,-17.228
2013-12-03 03:00:00,,-17.225
2013-12-03 04:00:00,,-17.222
2013-12-03 05:00:00,,-17.219
2013-12-03 06:00:00,,-17.223
2013-12-03 07:00:00,,-17.229
2013-12-03 08:00:00,,-17.237
2013-12-03 09:00:00,,-17.239
2013-12-03 10:00:00,,-17.245
2013-12-03 11:00:00,,-17.243
2013-12-03 12:00:00,,-17.239
2013-12-03 13:00:00,,-17.229
2013-12-03 14:00:00,,-17.222
2013-12-03 15:00:00,,-17.212
2013-12-03 16:00:00,,-17.203
2013-12-03 17:00:00,,-17.199
2013-12-03 18:00:00,,-17.209
2013-12-03 19:00:00,,-17.205
2013-12-03 20:00:00,,-17.215
2013-12-03 21:00:00,,-17.215
2013-12-03 22:00:00,,-17.218
2013-12-03 23:00:00,,-17.218
2013-12-04 00:00:00,,-17.217
2013-12-04 01:00:00,,-17.212
2013-12-04 02:00:00,,-17.204
2013-12-04 03:00:00,,-17.199
2013-12-04 04:00:00,,-17.199
2013-12-04 05:00:00,,-17.205
2013-12-04 06:00:00,,-17.21
2013-12-04 07:00:00,,-17.218
2013-12-04 08:00:00,,-17.226
2013-12-04 09:00:00,,-17.23
2013-12-04 10:00:00,,-17.238
2013-12-04 11:00:00,,-17.245
2013-12-04 12:00:00,,-17.247
2013-12-04 13:00:00,,-17.242
2013-12-04 14:00:00,,-17.235
2013-12-04 15:00:00,,-17.228
2013-12-04 16:00:00,,-17.219
2013-12-04 17:00:00,,-17.214
2013-12-04 18:00:00,,-17.211
2013-12-04 19:00:00,,-17.21
2013-12-04 20:00:00,,-17.214
2013-12-04 21:00:00,,-17.218
2013-12-04 22:00:00,,-17.228
2013-12-04 23:00:00,,-17.231
2013-12-05 00:00:00,,-17.232
2013-12-05 01:00:00,,-17.233
2013-12-05 02:00:00,,-17.229
2013-12-05 03:00:00,,-17.231
2013-12-05 04:00:00,,-17.23
2013-12-05 05:00:00,,-17.233
2013-12-05 06:00:00,,-17.242
2013-12-05 07:00:00,,-17.245
2013-12-05 08:00:00,,-17.252
2013-12-05 09:00:00,,-17.255
2013-12-05 10:00:00,,-17.26
2013-12-05 11:00:00,,-17.265
2013-12-05 12:00:00,,-17.262
2013-12-05 13:00:00,,-17.262
2013-12-05 14:00:00,,-17.258
2013-12-05 15:00:00,,-17.253
2013-12-05 16:00:00,,-17.249
2013-12-05 17:00:00,,-17.246
2013-12-05 18:00:00,,-17.244
2013-12-05 19:00:00,,-17.247
2013-12-05 20:00:00,,-17.252
2013-12-05 21:00:00,,-17.257
2013-12-05 22:00:00,,-17.263
2013-12-05 23:00:00,,-17.267
2013-12-06 00:00:00,,-17.268
2013-12-06 01:00:00,,-17.265
2013-12-06 02:00:00,,-17.264
2013-12-06 03:00:00,,-17.27
2013-12-06 04:00:00,,-17.27
2013-12-06 05:00:00,,-17.271
2013-12-06 06:00:00,,-17.275
2013-12-06 07:00:00,,-17.279
2013-12-06 08:00:00,,-17.281
2013-12-06 09:00:00,,-17.284
2013-12-06 10:00:00,,-17.283
2013-12-06 11:00:00,,-17.281
2013-12-06 12:00:00,,-17.279
2013-12-06 13:00:00,,-17.273
2013-12-06 14:00:00,,-17.269
2013-12-06 15:00:00,,-17.26
2013-12-06 16:00:00,,-17.255
2013-12-06 17:00:00,,-17.252
2013-12-06 18:00:00,,-17.249
2013-12-06 19:00:00,,-17.249
2013-12-06 20:00:00,,-17.251
2013-12-06 21:00:00,,-17.256
2013-12-06 22:00:00,,-17.26
2013-12-06 23:00:00,,-17.262
2013-12-07 00:00:00,,-17.263
2013-12-07 01:00:00,,-17.265
2013-12-07 02:00:00,,-17.265
2013-12-07 03:00:00,,-17.267
2013-12-07 04:00:00,,-17.267
2013-12-07 05:00:00,,-17.269
2013-12-07 06:00:00,,-17.269
2013-12-07 07:00:00,,-17.271
2013-12-07 08:00:00,,-17.274
2013-12-07 09:00:00,,-17.276
2013-12-07 10:00:00,,-17.272
2013-12-07 11:00:00,,-17.271
2013-12-07 12:00:00,,-17.27
2013-12-07 13:00:00,,-17.265
2013-12-07 14:00:00,,-17.259
2013-12-07 15:00:00,,-17.252
2013-12-07 16:00:00,,-17.247
2013-12-07 17:00:00,,-17.246
2013-12-07 18:00:00,,-17.244
2013-12-07 19:00:00,,-17.242
2013-12-07 20:00:00,,-17.245
2013-12-07 21:00:00,,-17.243
2013-12-07 22:00:00,,-17.246
2013-12-07 23:00:00,,-17.249
2013-12-08 00:00:00,,-17.247
2013-12-08 01:00:00,,-17.247
2013-12-08 02:00:00,,-17.247
2013-12-08 03:00:00,,-17.244
2013-12-08 04:00:00,,-17.242
2013-12-08 05:00:00,,-17.246
2013-12-08 06:00:00,,-17.251
2013-12-08 07:00:00,,-17.253
2013-12-08 08:00:00,,-17.252
2013-12-08 09:00:00,,-17.254
2013-12-08 10:00:00,,-17.252
2013-12-08 11:00:00,,-17.25
2013-12-08 12:00:00,,-17.243
2013-12-08 13:00:00,,-17.237
2013-12-08 14:00:00,,-17.233
2013-12-08 15:00:00,,-17.227
2013-12-08 16:00:00,,-17.22
2013-12-08 17:00:00,,-17.219
2013-12-08 18:00:00,,-17.216
2013-12-08 19:00:00,,-17.216
2013-12-08 20:00:00,,-17.215
2013-12-08 21:00:00,,-17.215
2013-12-08 22:00:00,,-17.215
2013-12-08 23:00:00,,-17.215
2013-12-09 00:00:00,,-17.215
2013-12-09 01:00:00,,-17.211
2013-12-09 02:00:00,,-17.209
2013-12-09 03:00:00,,-17.206
2013-12-09 04:00:00,,-17.206
2013-12-09 05:00:00,,-17.211
2013-12-09 06:00:00,,-17.215
2013-12-09 07:00:00,,-17.217
2013-12-09 08:00:00,,-17.217
2013-12-09 09:00:00,,-17.217
2013-12-09 10:00:00,,-17.22
2013-12-09 11:00:00,,-17.216
2013-12-09 12:00:00,,-17.208
2013-12-09 13:00:00,,-17.203
2013-12-09 14:00:00,,-17.198
2013-12-09 15:00:00,,-17.198
2013-12-09 16:00:00,,-17.195
2013-12-09 17:00:00,,-17.195
2013-12-09 18:00:00,,-17.196
2013-12-09 19:00:00,,-17.2
2013-12-09 20:00:00,,-17.207
2013-12-09 21:00:00,,-17.211
2013-12-09 22:00:00,,-17.213
2013-12-09 23:00:00,,-17.212
2013-12-10 00:00:00,,-17.21
2013-12-10 01:00:00,,-17.207
2013-12-10 02:00:00,,-17.206
2013-12-10 03:00:00,,-17.209
2013-12-10 04:00:00,,-17.216
2013-12-10 05:00:00,,-17.223
2013-12-10 06:00:00,,-17.226
2013-12-10 07:00:00,,-17.233
2013-12-10 08:00:00,,-17.244
2013-12-10 09:00:00,,-17.242
2013-12-10 10:00:00,,-17.244
2013-12-10 11:00:00,,-17.24
2013-12-10 12:00:00,,-17.234
2013-12-10 13:00:00,,-17.227
2013-12-10 14:00:00,,-17.223
2013-12-10 15:00:00,,-17.217
2013-12-10 16:00:00,,-17.216
2013-12-10 17:00:00,,-17.218
2013-12-10 18:00:00,,-17.218
2013-12-10 19:00:00,,-17.222
2013-12-10 20:00:00,,-17.228
2013-12-10 21:00:00,,-17.23
2013-12-10 22:00:00,,-17.231
2013-12-10 23:00:00,,-17.232
2013-12-11 00:00:00,,-17.232
2013-12-11 01:00:00,,-17.229
2013-12-11 02:00:00,,-17.224
2013-12-11 03:00:00,,-17.228
2013-12-11 04:00:00,,-17.227
2013-12-11 05:00:00,,-17.234
2013-12-11 06:00:00,,-17.241
2013-12-11 07:00:00,,-17.249
2013-12-11 08:00:00,,-17.257
2013-12-11 09:00:00,,-17.261
2013-12-11 10:00:00,,-17.254
2013-12-11 11:00:00,,-17.252
2013-12-11 12:00:00,,-17.244
2013-12-11 13:00:00,,-17.239
2013-12-11 14:00:00,,-17.235
2013-12-11 15:00:00,,-17.233
2013-12-11 16:00:00,,-17.23
2013-12-11 17:00:00,,-17.231
2013-12-11 18:00:00,,-17.238
2013-12-11 19:00:00,,-17.241
2013-12-11 20:00:00,,-17.246
2013-12-11 21:00:00,,-17.251
2013-12-11 22:00:00,,-17.255
2013-12-11 23:00:00,,-17.254
2013-12-12 00:00:00,,-17.254
2013-12-12 01:00:00,,-17.246
2013-12-12 02:00:00,,-17.239
2013-12-12 03:00:00,,-17.24
2013-12-12 04:00:00,,-17.244
2013-12-12 05:00:00,,-17.242
2013-12-12 06:00:00,,-17.247
2013-12-12 07:00:00,,-17.254
2013-12-12 08:00:00,,-17.259
2013-12-12 09:00:00,,-17.258
2013-12-12 10:00:00,,-17.255
2013-12-12 11:00:00,,-17.252
2013-12-12 12:00:00,,-17.246
2013-12-12 13:00:00,,-17.24
2013-12-12 14:00:00,,-17.233
2013-12-12 15:00:00,,-17.23
2013-12-12 16:00:00,,-17.225
2013-12-12 17:00:00,,-17.224
2013-12-12 18:00:00,,-17.224
2013-12-12 19:00:00,,-17.228
2013-12-12 20:00:00,,-17.232
2013-12-12 21:00:00,,-17.237
2013-12-12 22:00:00,,-17.24
2013-12-12 23:00:00,,-17.241
2013-12-13 00:00:00,,-17.242
2013-12-13 01:00:00,,-17.238
2013-12-13 02:00:00,,-17.239
2013-12-13 03:00:00,,-17.239
2013-12-13 04:00:00,,-17.24
2013-12-13 05:00:00,,-17.245
2013-12-13 06:00:00,,-17.253
2013-12-13 07:00:00,,-17.26
2013-12-13 08:00:00,,-17.265
2013-12-13 09:00:00,,-17.269
2013-12-13 10:00:00,,-17.268
2013-12-13 11:00:00,,-17.266
2013-12-13 12:00:00,,-17.262
2013-12-13 13:00:00,,-17.253
2013-12-13 14:00:00,,-17.246
2013-12-13 15:00:00,,-17.241
2013-12-13 16:00:00,,-17.236
2013-12-13 17:00:00,,-17.231
2013-12-13 18:00:00,,-17.236
2013-12-13 19:00:00,,-17.237
2013-12-13 20:00:00,,-17.243
2013-12-13 21:00:00,,-17.251
2013-12-13 22:00:00,,-17.253
2013-12-13 23:00:00,,-17.254
2013-12-14 00:00:00,,-17.256
2013-12-14 01:00:00,,-17.253
2013-12-14 02:00:00,,-17.248
2013-12-14 03:00:00,,-17.246
2013-12-14 04:00:00,,-17.249
2013-12-14 05:00:00,,-17.25
2013-12-14 06:00:00,,-17.256
2013-12-14 07:00:00,,-17.265
2013-12-14 08:00:00,,-17.271
2013-12-14 09:00:00,,-17.272
2013-12-14 10:00:00,,-17.276
2013-12-14 11:00:00,,-17.271
2013-12-14 12:00:00,,-17.265
2013-12-14 13:00:00,,-17.254
2013-12-14 14:00:00,,-17.247
2013-12-14 15:00:00,,-17.242
2013-12-14 16:00:00,,-17.236
2013-12-14 17:00:00,,-17.234
2013-12-14 18:00:00,,-17.237
2013-12-14 19:00:00,,-17.238
2013-12-14 20:00:00,,-17.241
2013-12-14 21:00:00,,-17.246
2013-12-14 22:00:00,,-17.251
2013-12-14 23:00:00,,-17.254
2013-12-15 00:00:00,,-17.251
2013-12-15 01:00:00,,-17.246
2013-12-15 02:00:00,,-17.242
2013-12-15 03:00:00,,-17.24
2013-12-15 04:00:00,,-17.242
2013-12-15 05:00:00,,-17.245
2013-12-15 06:00:00,,-17.252
2013-12-15 07:00:00,,-17.259
2013-12-15 08:00:00,,-17.262
2013-12-15 09:00:00,,-17.265
2013-12-15 10:00:00,,-17.265
2013-12-15 11:00:00,,-17.258
2013-12-15 12:00:00,,-17.255
2013-12-15 13:00:00,,-17.248
2013-12-15 14:00:00,,-17.238
2013-12-15 15:00:00,,-17.233
2013-12-15 16:00:00,,-17.225
2013-12-15 17:00:00,,-17.224
2013-12-15 18:00:00,,-17.227
2013-12-15 19:00:00,,-17.23
2013-12-15 20:00:00,,-17.234
2013-12-15 21:00:00,,-17.242
2013-12-15 22:00:00,,-17.241
2013-12-15 23:00:00,,-17.243
2013-12-16 00:00:00,,-17.242
2013-12-16 01:00:00,,-17.238
2013-12-16 02:00:00,,-17.235
2013-12-16 03:00:00,,-17.234
2013-12-16 04:00:00,,-17.234
2013-12-16 05:00:00,,-17.237
2013-12-16 06:00:00,,-17.242
2013-12-16 07:00:00,,-17.252
2013-12-16 08:00:00,,-17.255
2013-12-16 09:00:00,,-17.255
2013-12-16 10:00:00,,-17.258
2013-12-16 11:00:00,,-17.258
2013-12-16 12:00:00,,-17.256
2013-12-16 13:00:00,,-17.247
2013-12-16 14:00:00,,-17.243
2013-12-16 15:00:00,,-17.239
2013-12-16 16:00:00,,-17.239
2013-12-16 17:00:00,,-17.237
2013-12-16 18:00:00,,-17.231
2013-12-16 19:00:00,,-17.24
2013-12-16 20:00:00,,-17.249
2013-12-16 21:00:00,,-17.254
2013-12-16 22:00:00,,-17.255
2013-12-16 23:00:00,,-17.255
2013-12-17 00:00:00,,-17.251
2013-12-17 01:00:00,,-17.247
2013-12-17 02:00:00,,-17.24
2013-12-17 03:00:00,,-17.237
2013-12-17 04:00:00,,-17.236
2013-12-17 05:00:00,,-17.239
2013-12-17 06:00:00,,-17.243
2013-12-17 07:00:00,,-17.25
2013-12-17 08:00:00,,-17.252
2013-12-17 09:00:00,,-17.256
2013-12-17 10:00:00,,-17.254
2013-12-17 11:00:00,,-17.251
2013-12-17 12:00:00,,-17.249
2013-12-17 13:00:00,,-17.242
2013-12-17 14:00:00,,-17.232
2013-12-17 15:00:00,,-17.228
2013-12-17 16:00:00,,-17.221
2013-12-17 17:00:00,,-17.217
2013-12-17 18:00:00,,-17.214
2013-12-17 19:00:00,,-17.218
2013-12-17 20:00:00,,-17.221
2013-12-17 21:00:00,,-17.225
2013-12-17 22:00:00,,-17.23
2013-12-17 23:00:00,,-17.233
2013-12-18 00:00:00,,-17.235
2013-12-18 01:00:00,,-17.232
2013-12-18 02:00:00,,-17.228
2013-12-18 03:00:00,,-17.23
2013-12-18 04:00:00,,-17.229
2013-12-18 05:00:00,,-17.229
2013-12-18 06:00:00,,-17.235
2013-12-18 07:00:00,,-17.241
2013-12-18 08:00:00,,-17.242
2013-12-18 09:00:00,,-17.246
2013-12-18 10:00:00,,-17.247
2013-12-18 11:00:00,,-17.247
2013-12-18 12:00:00,,-17.235
2013-12-18 13:00:00,,-17.235
2013-12-18 14:00:00,,-17.227
2013-12-18 15:00:00,,-17.224
2013-12-18 16:00:00,,-17.221
2013-12-18 17:00:00,,-17.217
2013-12-18 18:00:00,,-17.217
2013-12-18 19:00:00,,-17.218
2013-12-18 20:00:00,,-17.218
2013-12-18 21:00:00,,-17.226
2013-12-18 22:00:00,,-17.231
2013-12-18 23:00:00,,-17.235
2013-12-19 00:00:00,,-17.237
2013-12-19 01:00:00,,-17.235
2013-12-19 02:00:00,,-17.23
2013-12-19 03:00:00,,-17.229
2013-12-19 04:00:00,,-17.227
2013-12-19 05:00:00,,-17.232
2013-12-19 06:00:00,,-17.231
2013-12-19 07:00:00,,-17.232
2013-12-19 08:00:00,,-17.237
2013-12-19 09:00:00,,-17.238
2013-12-19 10:00:00,,-17.238
2013-12-19 11:00:00,,-17.237
2013-12-19 12:00:00,,-17.233
2013-12-19 13:00:00,,-17.229
2013-12-19 14:00:00,,-17.224
2013-12-19 15:00:00,,-17.217
2013-12-19 16:00:00,,-17.211
2013-12-19 17:00:00,,-17.206
2013-12-19 18:00:00,,-17.209
2013-12-19 19:00:00,,-17.209
2013-12-19 20:00:00,,-17.214
2013-12-19 21:00:00,,-17.221
2013-12-19 22:00:00,,-17.228
2013-12-19 23:00:00,,-17.233
2013-12-20 00:00:00,,-17.23
2013-12-20 01:00:00,,-17.228
2013-12-20 02:00:00,,-17.224
2013-12-20 03:00:00,,-17.222
2013-12-20 04:00:00,,-17.219
2013-12-20 05:00:00,,-17.219
2013-12-20 06:00:00,,-17.22
2013-12-20 07:00:00,,-17.225
2013-12-20 08:00:00,,-17.228
2013-12-20 09:00:00,,-17.23
2013-12-20 10:00:00,,-17.234
2013-12-20 11:00:00,,-17.228
2013-12-20 12:00:00,,-17.226
2013-12-20 13:00:00,,-17.22
2013-12-20 14:00:00,,-17.212
2013-12-20 15:00:00,,-17.206
2013-12-20 16:00:00,,-17.198
2013-12-20 17:00:00,,-17.192
2013-12-20 18:00:00,,-17.191
2013-12-20 19:00:00,,-17.194
2013-12-20 20:00:00,,-17.196
2013-12-20 21:00:00,,-17.204
2013-12-20 22:00:00,,-17.204
2013-12-20 23:00:00,,-17.207
2013-12-21 00:00:00,,-17.209
2013-12-21 01:00:00,,-17.204
2013-12-21 02:00:00,,-17.204
2013-12-21 03:00:00,,-17.206
2013-12-21 04:00:00,,-17.206
2013-12-21 05:00:00,,-17.21
2013-12-21 06:00:00,,-17.207
2013-12-21 07:00:00,,-17.21
2013-12-21 08:00:00,,-17.217
2013-12-21 09:00:00,,-17.216
2013-12-21 10:00:00,,-17.215
2013-12-21 11:00:00,,-17.214
2013-12-21 12:00:00,,-17.21
2013-12-21 13:00:00,,-17.204
2013-12-21 14:00:00,,-17.201
2013-12-21 15:00:00,,-17.201
2013-12-21 16:00:00,,-17.196
2013-12-21 17:00:00,,-17.19
2013-12-21 18:00:00,,-17.206
2013-12-21 19:00:00,,-17.207
2013-12-21 20:00:00,,-17.204
2013-12-21 21:00:00,,-17.198
2013-12-21 22:00:00,,-17.209
2013-12-21 23:00:00,,-17.214
2013-12-22 00:00:00,,-17.219
2013-12-22 01:00:00,,-17.221
2013-12-22 02:00:00,,-17.22
2013-12-22 03:00:00,,-17.219
2013-12-22 04:00:00,,-17.218
2013-12-22 05:00:00,,-17.216
2013-12-22 06:00:00,,-17.216
2013-12-22 07:00:00,,-17.222
2013-12-22 08:00:00,,-17.222
2013-12-22 09:00:00,,-17.223
2013-12-22 10:00:00,,-17.221
2013-12-22 11:00:00,,-17.223
2013-12-22 12:00:00,,-17.219
2013-12-22 13:00:00,,-17.218
2013-12-22 14:00:00,,-17.212
2013-12-22 15:00:00,,-17.208
2013-12-22 16:00:00,,-17.208
2013-12-22 17:00:00,,-17.204
2013-12-22 18:00:00,,-17.2
2013-12-22 19:00:00,,-17.204
2013-12-22 20:00:00,,-17.215
2013-12-22 21:00:00,,-17.217
2013-12-22 22:00:00,,-17.217
2013-12-22 23:00:00,,-17.222
2013-12-23 00:00:00,,-17.223
2013-12-23 01:00:00,,-17.224
2013-12-23 02:00:00,,-17.224
2013-12-23 03:00:00,,-17.228
2013-12-23 04:00:00,,-17.231
2013-12-23 05:00:00,,-17.234
2013-12-23 06:00:00,,-17.237
2013-12-23 07:00:00,,-17.236
2013-12-23 08:00:00,,-17.243
2013-12-23 09:00:00,,-17.247
2013-12-23 10:00:00,,-17.248
2013-12-23 11:00:00,,-17.252
2013-12-23 12:00:00,,-17.256
2013-12-23 13:00:00,,-17.254
2013-12-23 14:00:00,,-17.252
2013-12-23 15:00:00,,-17.251
2013-12-23 16:00:00,,-17.246
2013-12-23 17:00:00,,-17.246
2013-12-23 18:00:00,,-17.241
2013-12-23 19:00:00,,-17.242
2013-12-23 20:00:00,,-17.247
2013-12-23 21:00:00,,-17.25
2013-12-23 22:00:00,,-17.251
2013-12-23 23:00:00,,-17.259
2013-12-24 00:00:00,,-17.258
2013-12-24 01:00:00,,-17.257
2013-12-24 02:00:00,,-17.254
2013-12-24 03:00:00,,-17.251
2013-12-24 04:00:00,,-17.252
2013-12-24 05:00:00,,-17.251
2013-12-24 06:00:00,,-17.259
2013-12-24 07:00:00,,-17.255
2013-12-24 08:00:00,,-17.257
2013-12-24 09:00:00,,-17.261
2013-12-24 10:00:00,,-17.265
2013-12-24 11:00:00,,-17.265
2013-12-24 12:00:00,,-17.261
2013-12-24 13:00:00,,-17.26
2013-12-24 14:00:00,,-17.255
2013-12-24 15:00:00,,-17.253
2013-12-24 16:00:00,,-17.251
2013-12-24 17:00:00,,-17.248
2013-12-24 18:00:00,,-17.245
2013-12-24 19:00:00,,-17.251
2013-12-24 20:00:00,,-17.248
2013-12-24 21:00:00,,-17.248
2013-12-24 22:00:00,,-17.251
2013-12-24 23:00:00,,-17.251
2013-12-25 00:00:00,,-17.247
2013-12-25 01:00:00,,-17.243
2013-12-25 02:00:00,,-17.245
2013-12-25 03:00:00,,-17.242
2013-12-25 04:00:00,,-17.24
2013-12-25 05:00:00,,-17.237
2013-12-25 06:00:00,,-17.236
2013-12-25 07:00:00,,-17.24
2013-12-25 08:00:00,,-17.247
2013-12-25 09:00:00,,-17.251
2013-12-25 10:00:00,,-17.254
2013-12-25 11:00:00,,-17.253
2013-12-25 12:00:00,,-17.254
2013-12-25 13:00:00,,-17.25
2013-12-25 14:00:00,,-17.249
2013-12-25 15:00:00,,-17.242
2013-12-25 16:00:00,,-17.234
2013-12-25 17:00:00,,-17.235
2013-12-25 18:00:00,,-17.235
2013-12-25 19:00:00,,-17.236
2013-12-25 20:00:00,,-17.235
2013-12-25 21:00:00,,-17.238
2013-12-25 22:00:00,,-17.24
2013-12-25 23:00:00,,-17.24
2013-12-26 00:00:00,,-17.242
2013-12-26 01:00:00,,-17.24
2013-12-26 02:00:00,,-17.237
2013-12-26 03:00:00,,-17.236
2013-12-26 04:00:00,,-17.235
2013-12-26 05:00:00,,-17.235
2013-12-26 06:00:00,,-17.237
2013-12-26 07:00:00,,-17.242
2013-12-26 08:00:00,,-17.25
2013-12-26 09:00:00,,-17.249
2013-12-26 10:00:00,,-17.249
2013-12-26 11:00:00,,-17.249
2013-12-26 12:00:00,,-17.242
2013-12-26 13:00:00,,-17.238
2013-12-26 14:00:00,,-17.231
2013-12-26 15:00:00,,-17.226
2013-12-26 16:00:00,,-17.222
2013-12-26 17:00:00,,-17.22
2013-12-26 18:00:00,,-17.221
2013-12-26 19:00:00,,-17.223
2013-12-26 20:00:00,,-17.226
2013-12-26 21:00:00,,-17.23
2013-12-26 22:00:00,,-17.233
2013-12-26 23:00:00,,-17.235
2013-12-27 00:00:00,,-17.234
2013-12-27 01:00:00,,-17.23
2013-12-27 02:00:00,,-17.227
2013-12-27 03:00:00,,-17.223
2013-12-27 04:00:00,,-17.227
2013-12-27 05:00:00,,-17.225
2013-12-27 06:00:00,,-17.227
2013-12-27 07:00:00,,-17.232
2013-12-27 08:00:00,,-17.231
2013-12-27 09:00:00,,-17.234
2013-12-27 10:00:00,,-17.233
2013-12-27 11:00:00,,-17.228
2013-12-27 12:00:00,,-17.223
2013-12-27 13:00:00,,-17.217
2013-12-27 14:00:00,,-17.209
2013-12-27 15:00:00,,-17.203
2013-12-27 16:00:00,,-17.2
2013-12-27 17:00:00,,-17.2
2013-12-27 18:00:00,,-17.201
2013-12-27 19:00:00,,-17.203
2013-12-27 20:00:00,,-17.207
2013-12-27 21:00:00,,-17.211
2013-12-27 22:00:00,,-17.217
2013-12-27 23:00:00,,-17.214
2013-12-28 00:00:00,,-17.211
2013-12-28 01:00:00,,-17.206
2013-12-28 02:00:00,,-17.204
2013-12-28 03:00:00,,-17.2
2013-12-28 04:00:00,,-17.203
2013-12-28 05:00:00,,-17.206
2013-12-28 06:00:00,,-17.209
2013-12-28 07:00:00,,-17.215
2013-12-28 08:00:00,,-17.224
2013-12-28 09:00:00,,-17.221
2013-12-28 10:00:00,,-17.223
2013-12-28 11:00:00,,-17.218
2013-12-28 12:00:00,,-17.214
2013-12-28 13:00:00,,-17.208
2013-12-28 14:00:00,,-17.201
2013-12-28 15:00:00,,-17.196
2013-12-28 16:00:00,,-17.194
2013-12-28 17:00:00,,-17.19
2013-12-28 18:00:00,,-17.19
2013-12-28 19:00:00,,-17.195
2013-12-28 20:00:00,,-17.202
2013-12-28 21:00:00,,-17.202
2013-12-28 22:00:00,,-17.207
2013-12-28 23:00:00,,-17.207
2013-12-29 00:00:00,,-17.205
2013-12-29 01:00:00,,-17.2
2013-12-29 02:00:00,,-17.197
2013-12-29 03:00:00,,-17.196
2013-12-29 04:00:00,,-17.197
2013-12-29 05:00:00,,-17.201
2013-12-29 06:00:00,,-17.208
2013-12-29 07:00:00,,-17.221
2013-12-29 08:00:00,,-17.23
2013-12-29 09:00:00,,-17.234
2013-12-29 10:00:00,,-17.236
2013-12-29 11:00:00,,-17.233
2013-12-29 12:00:00,,-17.23
2013-12-29 13:00:00,,-17.223
2013-12-29 14:00:00,,-17.215
2013-12-29 15:00:00,,-17.208
2013-12-29 16:00:00,,-17.203
2013-12-29 17:00:00,,-17.203
2013-12-29 18:00:00,,-17.204
2013-12-29 19:00:00,,-17.208
2013-12-29 20:00:00,,-17.214
2013-12-29 21:00:00,,-17.222
2013-12-29 22:00:00,,-17.223
2013-12-29 23:00:00,,-17.226
2013-12-30 00:00:00,,-17.224
2013-12-30 01:00:00,,-17.223
2013-12-30 02:00:00,,-17.218
2013-12-30 03:00:00,,-17.213
2013-12-30 04:00:00,,-17.218
2013-12-30 05:00:00,,-17.226
2013-12-30 06:00:00,,-17.232
2013-12-30 07:00:00,,-17.241
2013-12-30 08:00:00,,-17.247
2013-12-30 09:00:00,,-17.249
2013-12-30 10:00:00,,-17.25
2013-12-30 11:00:00,,-17.245
2013-12-30 12:00:00,,-17.241
2013-12-30 13:00:00,,-17.231
2013-12-30 14:00:00,,-17.224
2013-12-30 15:00:00,,-17.216
2013-12-30 16:00:00,,-17.207
2013-12-30 17:00:00,,-17.204
2013-12-30 18:00:00,,-17.203
2013-12-30 19:00:00,,-17.206
2013-12-30 20:00:00,,-17.212
2013-12-30 21:00:00,,-17.217
2013-12-30 22:00:00,,-17.22
2013-12-30 23:00:00,,-17.221
2013-12-31 00:00:00,,-17.217
2013-12-31 01:00:00,,-17.218
2013-12-31 02:00:00,,-17.219
2013-12-31 03:00:00,,-17.219
2013-12-31 04:00:00,,-17.219
2013-12-31 05:00:00,,-17.224
2013-12-31 06:00:00,,-17.226
2013-12-31 07:00:00,,-17.233
2013-12-31 08:00:00,,-17.241
2013-12-31 09:00:00,,-17.243
2013-12-31 10:00:00,,-17.241
2013-12-31 11:00:00,,-17.243
2013-12-31 12:00:00,,-17.24
2013-12-31 13:00:00,,-17.232
2013-12-31 14:00:00,,-17.225
2013-12-31 15:00:00,,-17.212
2013-12-31 16:00:00,,-17.205
2013-12-31 17:00:00,,-17.2
2013-12-31 18:00:00,,-17.202
2013-12-31 19:00:00,,-17.203
2013-12-31 20:00:00,,-17.206
2013-12-31 21:00:00,,-17.212
2013-12-31 22:00:00,,-17.214
2013-12-31 23:00:00,,-17.219
2014-01-01 00:00:00,,-17.216
2014-01-01 01:00:00,,-17.211
2014-01-01 02:00:00,,-17.215
2014-01-01 03:00:00,,-17.214
2014-01-01 04:00:00,,-17.213
2014-01-01 05:00:00,,-17.217
2014-01-01 06:00:00,,-17.22
2014-01-01 07:00:00,,-17.225
2014-01-01 08:00:00,,-17.226
2014-01-01 09:00:00,,-17.231
2014-01-01 10:00:00,,-17.234
2014-01-01 11:00:00,,-17.231
2014-01-01 12:00:00,,-17.226
2014-01-01 13:00:00,,-17.221
2014-01-01 14:00:00,,-17.218
2014-01-01 15:00:00,,-17.208
2014-01-01 16:00:00,,-17.199
2014-01-01 17:00:00,,-17.196
2014-01-01 18:00:00,,-17.193
2014-01-01 19:00:00,,-17.198
2014-01-01 20:00:00,,-17.206
2014-01-01 21:00:00,,-17.205
2014-01-01 22:00:00,,-17.21
2014-01-01 23:00:00,,-17.213
2014-01-02 00:00:00,,-17.212
2014-01-02 01:00:00,,-17.21
2014-01-02 02:00:00,,-17.21
2014-01-02 03:00:00,,-17.203
2014-01-02 04:00:00,,-17.202
2014-01-02 05:00:00,,-17.206
2014-01-02 06:00:00,,-17.207
2014-01-02 07:00:00,,-17.218
2014-01-02 08:00:00,,-17.224
2014-01-02 09:00:00,,-17.223
2014-01-02 10:00:00,,-17.227
2014-01-02 11:00:00,,-17.226
2014-01-02 12:00:00,,-17.225
2014-01-02 13:00:00,,-17.218
2014-01-02 14:00:00,,-17.212
2014-01-02 15:00:00,,-17.205
2014-01-02 16:00:00,,-17.197
2014-01-02 17:00:00,,-17.192
2014-01-02 18:00:00,,-17.189
2014-01-02 19:00:00,,-17.19
2014-01-02 20:00:00,,-17.195
2014-01-02 21:00:00,,-17.206
2014-01-02 22:00:00,,-17.207
2014-01-02 23:00:00,,-17.211
2014-01-03 00:00:00,,-17.209
2014-01-03 01:00:00,,-17.206
2014-01-03 02:00:00,,-17.202
2014-01-03 03:00:00,,-17.206
2014-01-03 04:00:00,,-17.203
2014-01-03 05:00:00,,-17.204
2014-01-03 06:00:00,,-17.206
2014-01-03 07:00:00,,-17.212
2014-01-03 08:00:00,,-17.214
2014-01-03 09:00:00,,-17.221
2014-01-03 10:00:00,,-17.227
2014-01-03 11:00:00,,-17.227
2014-01-03 12:00:00,,-17.227
2014-01-03 13:00:00,,-17.225
2014-01-03 14:00:00,,-17.22
2014-01-03 15:00:00,,-17.214
2014-01-03 16:00:00,,-17.213
2014-01-03 17:00:00,,-17.208
2014-01-03 18:00:00,,-17.208
2014-01-03 19:00:00,,-17.21
2014-01-03 20:00:00,,-17.21
2014-01-03 21:00:00,,-17.215
2014-01-03 22:00:00,,-17.221
2014-01-03 23:00:00,,-17.226
2014-01-04 00:00:00,,-17.226
2014-01-04 01:00:00,,-17.228
2014-01-04 02:00:00,,-17.229
2014-01-04 03:00:00,,-17.227
2014-01-04 04:00:00,,-17.228
2014-01-04 05:00:00,,-17.232
2014-01-04 06:00:00,,-17.236
2014-01-04 07:00:00,,-17.238
2014-01-04 08:00:00,,-17.24
2014-01-04 09:00:00,,-17.244
2014-01-04 10:00:00,,-17.249
2014-01-04 11:00:00,,-17.249
2014-01-04 12:00:00,,-17.247
2014-01-04 13:00:00,,-17.242
2014-01-04 14:00:00,,-17.238
2014-01-04 15:00:00,,-17.233
2014-01-04 16:00:00,,-17.225
2014-01-04 17:00:00,,-17.222
2014-01-04 18:00:00,,-17.22
2014-01-04 19:00:00,,-17.217
2014-01-04 20:00:00,,-17.219
2014-01-04 21:00:00,,-17.225
2014-01-04 22:00:00,,-17.231
2014-01-04 23:00:00,,-17.233
2014-01-05 00:00:00,,-17.234
2014-01-05 01:00:00,,-17.234
2014-01-05 02:00:00,,-17.234
2014-01-05 03:00:00,,-17.232
2014-01-05 04:00:00,,-17.234
2014-01-05 05:00:00,,-17.238
2014-01-05 06:00:00,,-17.241
2014-01-05 07:00:00,,-17.246
2014-01-05 08:00:00,,-17.251
2014-01-05 09:00:00,,-17.254
2014-01-05 10:00:00,,-17.255
2014-01-05 11:00:00,,-17.254
2014-01-05 12:00:00,,-17.249
2014-01-05 13:00:00,,-17.25
2014-01-05 14:00:00,,-17.242
2014-01-05 15:00:00,,-17.241
2014-01-05 16:00:00,,-17.236
2014-01-05 17:00:00,,-17.231
2014-01-05 18:00:00,,-17.233
2014-01-05 19:00:00,,-17.233
2014-01-05 20:00:00,,-17.237
2014-01-05 21:00:00,,-17.241
2014-01-05 22:00:00,,-17.244
2014-01-05 23:00:00,,-17.248
2014-01-06 00:00:00,,-17.248
2014-01-06 01:00:00,,-17.247
2014-01-06 02:00:00,,-17.248
2014-01-06 03:00:00,,-17.25
2014-01-06 04:00:00,,-17.254
2014-01-06 05:00:00,,-17.259
2014-01-06 06:00:00,,-17.265
2014-01-06 07:00:00,,-17.265
2014-01-06 08:00:00,,-17.27
2014-01-06 09:00:00,,-17.273
2014-01-06 10:00:00,,-17.273
2014-01-06 11:00:00,,-17.274
2014-01-06 12:00:00,,-17.27
2014-01-06 13:00:00,,-17.266
2014-01-06 14:00:00,,-17.263
2014-01-06 15:00:00,,-17.258
2014-01-06 16:00:00,,-17.257
2014-01-06 17:00:00,,-17.252
2014-01-06 18:00:00,,-17.254
2014-01-06 19:00:00,,-17.258
2014-01-06 20:00:00,,-17.259
2014-01-06 21:00:00,,-17.26
2014-01-06 22:00:00,,-17.264
2014-01-06 23:00:00,,-17.266
2014-01-07 00:00:00,,-17.267
2014-01-07 01:00:00,,-17.265
2014-01-07 02:00:00,,-17.267
2014-01-07 03:00:00,,-17.267
2014-01-07 04:00:00,,-17.269
2014-01-07 05:00:00,,-17.27
2014-01-07 06:00:00,,-17.277
2014-01-07 07:00:00,,-17.281
2014-01-07 08:00:00,,-17.279
2014-01-07 09:00:00,,-17.277
2014-01-07 10:00:00,,-17.273
2014-01-07 11:00:00,,-17.27
2014-01-07 12:00:00,,-17.265
2014-01-07 13:00:00,,-17.256
2014-01-07 14:00:00,,-17.251
2014-01-07 15:00:00,,-17.244
2014-01-07 16:00:00,,-17.238
2014-01-07 17:00:00,,-17.237
2014-01-07 18:00:00,,-17.238
2014-01-07 19:00:00,,-17.242
2014-01-07 20:00:00,,-17.244
2014-01-07 21:00:00,,-17.248
2014-01-07 22:00:00,,-17.249
2014-01-07 23:00:00,,-17.25
2014-01-08 00:00:00,,-17.249
2014-01-08 01:00:00,,-17.247
2014-01-08 02:00:00,,-17.245
2014-01-08 03:00:00,,-17.245
2014-01-08 04:00:00,,-17.247
2014-01-08 05:00:00,,-17.249
2014-01-08 06:00:00,,-17.253
2014-01-08 07:00:00,,-17.257
2014-01-08 08:00:00,,-17.258
2014-01-08 09:00:00,,-17.257
2014-01-08 10:00:00,,-17.254
2014-01-08 11:00:00,,-17.249
2014-01-08 12:00:00,,-17.242
2014-01-08 13:00:00,,-17.237
2014-01-08 14:00:00,,-17.231
2014-01-08 15:00:00,,-17.224
2014-01-08 16:00:00,,-17.219
2014-01-08 17:00:00,,-17.218
2014-01-08 18:00:00,,-17.221
2014-01-08 19:00:00,,-17.222
2014-01-08 20:00:00,,-17.224
2014-01-08 21:00:00,,-17.227
2014-01-08 22:00:00,,-17.233
2014-01-08 23:00:00,,-17.233
2014-01-09 00:00:00,,-17.233
2014-01-09 01:00:00,,-17.232
2014-01-09 02:00:00,,-17.23
2014-01-09 03:00:00,,-17.227
2014-01-09 04:00:00,,-17.229
2014-01-09 05:00:00,,-17.234
2014-01-09 06:00:00,,-17.238
2014-01-09 07:00:00,,-17.245
2014-01-09 08:00:00,,-17.247
2014-01-09 09:00:00,,-17.246
2014-01-09 10:00:00,,-17.244
2014-01-09 11:00:00,,-17.244
2014-01-09 12:00:00,,-17.238
2014-01-09 13:00:00,,-17.232
2014-01-09 14:00:00,,-17.226
2014-01-09 15:00:00,,-17.222
2014-01-09 16:00:00,,-17.216
2014-01-09 17:00:00,,-17.217
2014-01-09 18:00:00,,-17.217
2014-01-09 19:00:00,,-17.22
2014-01-09 20:00:00,,-17.223
2014-01-09 21:00:00,,-17.229
2014-01-09 22:00:00,,-17.231
2014-01-09 23:00:00,,-17.232
2014-01-10 00:00:00,,-17.231
2014-01-10 01:00:00,,-17.231
2014-01-10 02:00:00,,-17.232
2014-01-10 03:00:00,,-17.225
2014-01-10 04:00:00,,-17.226
2014-01-10 05:00:00,,-17.233
2014-01-10 06:00:00,,-17.237
2014-01-10 07:00:00,,-17.249
2014-01-10 08:00:00,,-17.254
2014-01-10 09:00:00,,-17.256
2014-01-10 10:00:00,,-17.253
2014-01-10 11:00:00,,-17.251
2014-01-10 12:00:00,,-17.246
2014-01-10 13:00:00,,-17.242
2014-01-10 14:00:00,,-17.237
2014-01-10 15:00:00,,-17.231
2014-01-10 16:00:00,,-17.228
2014-01-10 17:00:00,,-17.228
2014-01-10 18:00:00,,-17.23
2014-01-10 19:00:00,,-17.232
2014-01-10 20:00:00,,-17.235
2014-01-10 21:00:00,,-17.241
2014-01-10 22:00:00,,-17.248
2014-01-10 23:00:00,,-17.248
2014-01-11 00:00:00,,-17.245
2014-01-11 01:00:00,,-17.244
2014-01-11 02:00:00,,-17.243
2014-01-11 03:00:00,,-17.238
2014-01-11 04:00:00,,-17.242
2014-01-11 05:00:00,,-17.245
2014-01-11 06:00:00,,-17.25
2014-01-11 07:00:00,,-17.255
2014-01-11 08:00:00,,-17.262
2014-01-11 09:00:00,,-17.261
2014-01-11 10:00:00,,-17.26
2014-01-11 11:00:00,,-17.255
2014-01-11 12:00:00,,-17.248
2014-01-11 13:00:00,,-17.243
2014-01-11 14:00:00,,-17.236
2014-01-11 15:00:00,,-17.227
2014-01-11 16:00:00,,-17.22
2014-01-11 17:00:00,,-17.216
2014-01-11 18:00:00,,-17.217
2014-01-11 19:00:00,,-17.22
2014-01-11 20:00:00,,-17.223
2014-01-11 21:00:00,,-17.23
2014-01-11 22:00:00,,-17.236
2014-01-11 23:00:00,,-17.236
2014-01-12 00:00:00,,-17.237
2014-01-12 01:00:00,,-17.235
2014-01-12 02:00:00,,-17.234
2014-01-12 03:00:00,,-17.235
2014-01-12 04:00:00,,-17.232
2014-01-12 05:00:00,,-17.235
2014-01-12 06:00:00,,-17.235
2014-01-12 07:00:00,,-17.246
2014-01-12 08:00:00,,-17.25
2014-01-12 09:00:00,,-17.249
2014-01-12 10:00:00,,-17.249
2014-01-12 11:00:00,,-17.243
2014-01-12 12:00:00,,-17.24
2014-01-12 13:00:00,,-17.232
2014-01-12 14:00:00,,-17.225
2014-01-12 15:00:00,,-17.216
2014-01-12 16:00:00,,-17.205
2014-01-12 17:00:00,,-17.207
2014-01-12 18:00:00,,-17.204
2014-01-12 19:00:00,,-17.21
2014-01-12 20:00:00,,-17.217
2014-01-12 21:00:00,,-17.222
2014-01-12 22:00:00,,-17.226
2014-01-12 23:00:00,,-17.228
2014-01-13 00:00:00,,-17.232
2014-01-13 01:00:00,,-17.226
2014-01-13 02:00:00,,-17.221
2014-01-13 03:00:00,,-17.218
2014-01-13 04:00:00,,-17.218
2014-01-13 05:00:00,,-17.219
2014-01-13 06:00:00,,-17.225
2014-01-13 07:00:00,,-17.23
2014-01-13 08:00:00,,-17.233
2014-01-13 09:00:00,,-17.234
2014-01-13 10:00:00,,-17.232
2014-01-13 11:00:00,,-17.229
2014-01-13 12:00:00,,-17.223
2014-01-13 13:00:00,,-17.216
2014-01-13 14:00:00,,-17.206
2014-01-13 15:00:00,,-17.2
2014-01-13 16:00:00,,-17.194
2014-01-13 17:00:00,,-17.192
2014-01-13 18:00:00,,-17.191
2014-01-13 19:00:00,,-17.196
2014-01-13 20:00:00,,-17.202
2014-01-13 21:00:00,,-17.212
2014-01-13 22:00:00,,-17.215
2014-01-13 23:00:00,,-17.22
2014-01-14 00:00:00,,-17.218
2014-01-14 01:00:00,,-17.216
2014-01-14 02:00:00,,-17.212
2014-01-14 03:00:00,,-17.212
2014-01-14 04:00:00,,-17.212
2014-01-14 05:00:00,,-17.214
2014-01-14 06:00:00,,-17.217
2014-01-14 07:00:00,,-17.226
2014-01-14 08:00:00,,-17.226
2014-01-14 09:00:00,,-17.232
2014-01-14 10:00:00,,-17.233
2014-01-14 11:00:00,,-17.229
2014-01-14 12:00:00,,-17.224
2014-01-14 13:00:00,,-17.221
2014-01-14 14:00:00,,-17.214
2014-01-14 15:00:00,,-17.207
2014-01-14 16:00:00,,-17.199
2014-01-14 17:00:00,,-17.199
2014-01-14 18:00:00,,-17.202
2014-01-14 19:00:00,,-17.205
2014-01-14 20:00:00,,-17.212
2014-01-14 21:00:00,,-17.219
2014-01-14 22:00:00,,-17.226
2014-01-14 23:00:00,,-17.226
2014-01-15 00:00:00,,-17.228
2014-01-15 01:00:00,,-17.223
2014-01-15 02:00:00,,-17.22
2014-01-15 03:00:00,,-17.22
2014-01-15 04:00:00,,-17.223
2014-01-15 05:00:00,,-17.222
2014-01-15 06:00:00,,-17.227
2014-01-15 07:00:00,,-17.231
2014-01-15 08:00:00,,-17.235
2014-01-15 09:00:00,,-17.238
2014-01-15 10:00:00,,-17.239
2014-01-15 11:00:00,,-17.238
2014-01-15 12:00:00,,-17.233
2014-01-15 13:00:00,,-17.231
2014-01-15 14:00:00,,-17.222
2014-01-15 15:00:00,,-17.221
2014-01-15 16:00:00,,-17.218
2014-01-15 17:00:00,,-17.218
2014-01-15 18:00:00,,-17.22
2014-01-15 19:00:00,,-17.225
2014-01-15 20:00:00,,-17.231
2014-01-15 21:00:00,,-17.226
2014-01-15 22:00:00,,-17.233
2014-01-15 23:00:00,,-17.234
2014-01-16 00:00:00,,-17.234
2014-01-16 01:00:00,,-17.232
2014-01-16 02:00:00,,-17.228
2014-01-16 03:00:00,,-17.222
2014-01-16 04:00:00,,-17.218
2014-01-16 05:00:00,,-17.216
2014-01-16 06:00:00,,-17.222
2014-01-16 07:00:00,,-17.225
2014-01-16 08:00:00,,-17.231
2014-01-16 09:00:00,,-17.232
2014-01-16 10:00:00,,-17.232
2014-01-16 11:00:00,,-17.232
2014-01-16 12:00:00,,-17.23
2014-01-16 13:00:00,,-17.228
2014-01-16 14:00:00,,-17.222
2014-01-16 15:00:00,,-17.214
2014-01-16 16:00:00,,-17.209
2014-01-16 17:00:00,,-17.205
2014-01-16 18:00:00,,-17.202
2014-01-16 19:00:00,,-17.206
2014-01-16 20:00:00,,-17.211
2014-01-16 21:00:00,,-17.218
2014-01-16 22:00:00,,-17.216
2014-01-16 23:00:00,,-17.219
2014-01-17 00:00:00,,-17.221
2014-01-17 01:00:00,,-17.216
2014-01-17 02:00:00,,-17.212
2014-01-17 03:00:00,,-17.209
2014-01-17 04:00:00,,-17.205
2014-01-17 05:00:00,,-17.21
2014-01-17 06:00:00,,-17.207
2014-01-17 07:00:00,,-17.212
2014-01-17 08:00:00,,-17.214
2014-01-17 09:00:00,,-17.219
2014-01-17 10:00:00,,-17.221
2014-01-17 11:00:00,,-17.221
2014-01-17 12:00:00,,-17.221
2014-01-17 13:00:00,,-17.217
2014-01-17 14:00:00,,-17.209
2014-01-17 15:00:00,,-17.203
2014-01-17 16:00:00,,-17.197
2014-01-17 17:00:00,,-17.192
2014-01-17 18:00:00,,-17.194
2014-01-17 19:00:00,,-17.2
2014-01-17 20:00:00,,-17.205
2014-01-17 21:00:00,,-17.206
2014-01-17 22:00:00,,-17.212
2014-01-17 23:00:00,,-17.211
2014-01-18 00:00:00,,-17.216
2014-01-18 01:00:00,,-17.209
2014-01-18 02:00:00,,-17.206
2014-01-18 03:00:00,,-17.194
2014-01-18 04:00:00,,-17.19
2014-01-18 05:00:00,,-17.194
2014-01-18 06:00:00,,-17.195
2014-01-18 07:00:00,,-17.203
2014-01-18 08:00:00,,-17.208
2014-01-18 09:00:00,,-17.214
2014-01-18 10:00:00,,-17.216
2014-01-18 11:00:00,,-17.219
2014-01-18 12:00:00,,-17.221
2014-01-18 13:00:00,,-17.217
2014-01-18 14:00:00,,-17.211
2014-01-18 15:00:00,,-17.206
2014-01-18 16:00:00,,-17.201
2014-01-18 17:00:00,,-17.198
2014-01-18 18:00:00,,-17.203
2014-01-18 19:00:00,,-17.206
2014-01-18 20:00:00,,-17.211
2014-01-18 21:00:00,,-17.219
2014-01-18 22:00:00,,-17.226
2014-01-18 23:00:00,,-17.227
2014-01-19 00:00:00,,-17.23
2014-01-19 01:00:00,,-17.226
2014-01-19 02:00:00,,-17.219
2014-01-19 03:00:00,,-17.216
2014-01-19 04:00:00,,-17.211
2014-01-19 05:00:00,,-17.209
2014-01-19 06:00:00,,-17.219
2014-01-19 07:00:00,,-17.219
2014-01-19 08:00:00,,-17.225
2014-01-19 09:00:00,,-17.228
2014-01-19 10:00:00,,-17.234
2014-01-19 11:00:00,,-17.234
2014-01-19 12:00:00,,-17.232
2014-01-19 13:00:00,,-17.229
2014-01-19 14:00:00,,-17.226
2014-01-19 15:00:00,,-17.221
2014-01-19 16:00:00,,-17.212
2014-01-19 17:00:00,,-17.208
2014-01-19 18:00:00,,-17.211
2014-01-19 19:00:00,,-17.211
2014-01-19 20:00:00,,-17.21
2014-01-19 21:00:00,,-17.214
2014-01-19 22:00:00,,-17.215
2014-01-19 23:00:00,,-17.218
2014-01-20 00:00:00,,-17.22
2014-01-20 01:00:00,,-17.219
2014-01-20 02:00:00,,-17.218
2014-01-20 03:00:00,,-17.213
2014-01-20 04:00:00,,-17.211
2014-01-20 05:00:00,,-17.21
2014-01-20 06:00:00,,-17.213
2014-01-20 07:00:00,,-17.214
2014-01-20 08:00:00,,-17.216
2014-01-20 09:00:00,,-17.215
2014-01-20 10:00:00,,-17.218
2014-01-20 11:00:00,,-17.22
2014-01-20 12:00:00,,-17.216
2014-01-20 13:00:00,,-17.216
2014-01-20 14:00:00,,-17.217
2014-01-20 15:00:00,,-17.211
2014-01-20 16:00:00,,-17.207
2014-01-20 17:00:00,,-17.2
2014-01-20 18:00:00,,-17.202
2014-01-20 19:00:00,,-17.203
2014-01-20 20:00:00,,-17.202
2014-01-20 21:00:00,,-17.206
2014-01-20 22:00:00,,-17.213
2014-01-20 23:00:00,,-17.219
2014-01-21 00:00:00,,-17.223
2014-01-21 01:00:00,,-17.223
2014-01-21 02:00:00,,-17.221
2014-01-21 03:00:00,,-17.218
2014-01-21 04:00:00,,-17.219
2014-01-21 05:00:00,,-17.222
2014-01-21 06:00:00,,-17.22
2014-01-21 07:00:00,,-17.223
2014-01-21 08:00:00,,-17.227
2014-01-21 09:00:00,,-17.226
2014-01-21 10:00:00,,-17.226
2014-01-21 11:00:00,,-17.227
2014-01-21 12:00:00,,-17.225
2014-01-21 13:00:00,,-17.22
2014-01-21 14:00:00,,-17.217
2014-01-21 15:00:00,,-17.213
2014-01-21 16:00:00,,-17.206
2014-01-21 17:00:00,,-17.202
2014-01-21 18:00:00,,-17.2
2014-01-21 19:00:00,,-17.206
2014-01-21 20:00:00,,-17.21
2014-01-21 21:00:00,,-17.213
2014-01-21 22:00:00,,-17.216
2014-01-21 23:00:00,,-17.224
2014-01-22 00:00:00,,-17.223
2014-01-22 01:00:00,,-17.222
2014-01-22 02:00:00,,-17.22
2014-01-22 03:00:00,,-17.224
2014-01-22 04:00:00,,-17.221
2014-01-22 05:00:00,,-17.215
2014-01-22 06:00:00,,-17.223
2014-01-22 07:00:00,,-17.227
2014-01-22 08:00:00,,-17.23
2014-01-22 09:00:00,,-17.234
2014-01-22 10:00:00,,-17.237
2014-01-22 11:00:00,,-17.236
2014-01-22 12:00:00,,-17.233
2014-01-22 13:00:00,,-17.229
2014-01-22 14:00:00,,-17.226
2014-01-22 15:00:00,,-17.222
2014-01-22 16:00:00,,-17.221
2014-01-22 17:00:00,,-17.22
2014-01-22 18:00:00,,-17.218
2014-01-22 19:00:00,,-17.217
2014-01-22 20:00:00,,-17.221
2014-01-22 21:00:00,,-17.224
2014-01-22 22:00:00,,-17.227
2014-01-22 23:00:00,,-17.235
2014-01-23 00:00:00,,-17.229
2014-01-23 01:00:00,,-17.226
2014-01-23 02:00:00,,-17.226
2014-01-23 03:00:00,,-17.226
2014-01-23 04:00:00,,-17.231
2014-01-23 05:00:00,,-17.23
2014-01-23 06:00:00,,-17.229
2014-01-23 07:00:00,,-17.231
2014-01-23 08:00:00,,-17.233
2014-01-23 09:00:00,,-17.233
2014-01-23 10:00:00,,-17.234
2014-01-23 11:00:00,,-17.231
2014-01-23 12:00:00,,-17.227
2014-01-23 13:00:00,,-17.222
2014-01-23 14:00:00,,-17.219
2014-01-23 15:00:00,,-17.213
2014-01-23 16:00:00,,-17.213
2014-01-23 17:00:00,,-17.21
2014-01-23 18:00:00,,-17.207
2014-01-23 19:00:00,,-17.21
2014-01-23 20:00:00,,-17.212
2014-01-23 21:00:00,,-17.213
2014-01-23 22:00:00,,-17.213
2014-01-23 23:00:00,,-17.215
2014-01-24 00:00:00,,-17.214
2014-01-24 01:00:00,,-17.217
2014-01-24 02:00:00,,-17.217
2014-01-24 03:00:00,,-17.215
2014-01-24 04:00:00,,-17.213
2014-01-24 05:00:00,,-17.217
2014-01-24 06:00:00,,-17.221
2014-01-24 07:00:00,,-17.223
2014-01-24 08:00:00,,-17.227
2014-01-24 09:00:00,,-17.223
2014-01-24 10:00:00,,-17.224
2014-01-24 11:00:00,,-17.22
2014-01-24 12:00:00,,-17.216
2014-01-24 13:00:00,,-17.213
2014-01-24 14:00:00,,-17.208
2014-01-24 15:00:00,,-17.207
2014-01-24 16:00:00,,-17.201
2014-01-24 17:00:00,,-17.198
2014-01-24 18:00:00,,-17.198
2014-01-24 19:00:00,,-17.199
2014-01-24 20:00:00,,-17.201
2014-01-24 21:00:00,,-17.205
2014-01-24 22:00:00,,-17.205
2014-01-24 23:00:00,,-17.211
2014-01-25 00:00:00,,-17.219
2014-01-25 01:00:00,,-17.218
2014-01-25 02:00:00,,-17.216
2014-01-25 03:00:00,,-17.22
2014-01-25 04:00:00,,-17.221
2014-01-25 05:00:00,,-17.229
2014-01-25 06:00:00,,-17.232
2014-01-25 07:00:00,,-17.244
2014-01-25 08:00:00,,-17.243
2014-01-25 09:00:00,,-17.245
2014-01-25 10:00:00,,-17.245
2014-01-25 11:00:00,,-17.244
2014-01-25 12:00:00,,-17.238
2014-01-25 13:00:00,,-17.232
2014-01-25 14:00:00,,-17.228
2014-01-25 15:00:00,,-17.226
2014-01-25 16:00:00,,-17.219
2014-01-25 17:00:00,,-17.222
2014-01-25 18:00:00,,-17.226
2014-01-25 19:00:00,,-17.233
2014-01-25 20:00:00,,-17.239
2014-01-25 21:00:00,,-17.241
2014-01-25 22:00:00,,-17.246
2014-01-25 23:00:00,,-17.249
2014-01-26 00:00:00,,-17.245
2014-01-26 01:00:00,,-17.244
2014-01-26 02:00:00,,-17.242
2014-01-26 03:00:00,,-17.236
2014-01-26 04:00:00,,-17.235
2014-01-26 05:00:00,,-17.237
2014-01-26 06:00:00,,-17.242
2014-01-26 07:00:00,,-17.248
2014-01-26 08:00:00,,-17.249
2014-01-26 09:00:00,,-17.25
2014-01-26 10:00:00,,-17.25
2014-01-26 11:00:00,,-17.246
2014-01-26 12:00:00,,-17.24
2014-01-26 13:00:00,,-17.233
2014-01-26 14:00:00,,-17.228
2014-01-26 15:00:00,,-17.223
2014-01-26 16:00:00,,-17.217
2014-01-26 17:00:00,,-17.21
2014-01-26 18:00:00,,-17.214
2014-01-26 19:00:00,,-17.214
2014-01-26 20:00:00,,-17.216
2014-01-26 21:00:00,,-17.219
2014-01-26 22:00:00,,-17.224
2014-01-26 23:00:00,,-17.231
2014-01-27 00:00:00,,-17.23
2014-01-27 01:00:00,,-17.228
2014-01-27 02:00:00,,-17.224
2014-01-27 03:00:00,,-17.227
2014-01-27 04:00:00,,-17.224
2014-01-27 05:00:00,,-17.227
2014-01-27 06:00:00,,-17.228
2014-01-27 07:00:00,,-17.234
2014-01-27 08:00:00,,-17.241
2014-01-27 09:00:00,,-17.245
2014-01-27 10:00:00,,-17.243
2014-01-27 11:00:00,,-17.242
2014-01-27 12:00:00,,-17.24
2014-01-27 13:00:00,,-17.23
2014-01-27 14:00:00,,-17.223
2014-01-27 15:00:00,,-17.217
2014-01-27 16:00:00,,-17.212
2014-01-27 17:00:00,,-17.205
2014-01-27 18:00:00,,-17.219
2014-01-27 19:00:00,,-17.218
2014-01-27 20:00:00,,-17.22
2014-01-27 21:00:00,,-17.23
2014-01-27 22:00:00,,-17.234
2014-01-27 23:00:00,,-17.24
2014-01-28 00:00:00,,-17.238
2014-01-28 01:00:00,,-17.235
2014-01-28 02:00:00,,-17.228
2014-01-28 03:00:00,,-17.232
2014-01-28 04:00:00,,-17.229
2014-01-28 05:00:00,,-17.23
2014-01-28 06:00:00,,-17.232
2014-01-28 07:00:00,,-17.239
2014-01-28 08:00:00,,-17.244
2014-01-28 09:00:00,,-17.249
2014-01-28 10:00:00,,-17.251
2014-01-28 11:00:00,,-17.252
2014-01-28 12:00:00,,-17.242
2014-01-28 13:00:00,,-17.234
2014-01-28 14:00:00,,-17.226
2014-01-28 15:00:00,,-17.223
2014-01-28 16:00:00,,-17.217
2014-01-28 17:00:00,,-17.217
2014-01-28 18:00:00,,-17.226
2014-01-28 19:00:00,,-17.229
2014-01-28 20:00:00,,-17.231
2014-01-28 21:00:00,,-17.234
2014-01-28 22:00:00,,-17.237
2014-01-28 23:00:00,,-17.238
2014-01-29 00:00:00,,-17.237
2014-01-29 01:00:00,,-17.233
2014-01-29 02:00:00,,-17.226
2014-01-29 03:00:00,,-17.224
2014-01-29 04:00:00,,-17.223
2014-01-29 05:00:00,,-17.22
2014-01-29 06:00:00,,-17.224
2014-01-29 07:00:00,,-17.23
2014-01-29 08:00:00,,-17.234
2014-01-29 09:00:00,,-17.238
2014-01-29 10:00:00,,-17.24
2014-01-29 11:00:00,,-17.24
2014-01-29 12:00:00,,-17.232
2014-01-29 13:00:00,,-17.227
2014-01-29 14:00:00,,-17.225
2014-01-29 15:00:00,,-17.211
2014-01-29 16:00:00,,-17.204
2014-01-29 17:00:00,,-17.201
2014-01-29 18:00:00,,-17.204
2014-01-29 19:00:00,,-17.201
2014-01-29 20:00:00,,-17.206
2014-01-29 21:00:00,,-17.214
2014-01-29 22:00:00,,-17.219
2014-01-29 23:00:00,,-17.223
2014-01-30 00:00:00,,-17.221
2014-01-30 01:00:00,,-17.218
2014-01-30 02:00:00,,-17.216
2014-01-30 03:00:00,,-17.212
2014-01-30 04:00:00,,-17.21
2014-01-30 05:00:00,,-17.211
2014-01-30 06:00:00,,-17.215
2014-01-30 07:00:00,,-17.22
2014-01-30 08:00:00,,-17.222
2014-01-30 09:00:00,,-17.231
2014-01-30 10:00:00,,-17.234
2014-01-30 11:00:00,,-17.23
2014-01-30 12:00:00,,-17.227
2014-01-30 13:00:00,,-17.219
2014-01-30 14:00:00,,-17.213
2014-01-30 15:00:00,,-17.202
2014-01-30 16:00:00,,-17.197
2014-01-30 17:00:00,,-17.192
2014-01-30 18:00:00,,-17.192
2014-01-30 19:00:00,,-17.193
2014-01-30 20:00:00,,-17.196
2014-01-30 21:00:00,,-17.2
2014-01-30 22:00:00,,-17.204
2014-01-30 23:00:00,,-17.209
2014-01-31 00:00:00,,-17.209
2014-01-31 01:00:00,,-17.207
2014-01-31 02:00:00,,-17.204
2014-01-31 03:00:00,,-17.202
2014-01-31 04:00:00,,-17.2
2014-01-31 05:00:00,,-17.199
2014-01-31 06:00:00,,-17.198
2014-01-31 07:00:00,,-17.205
2014-01-31 08:00:00,,-17.209
2014-01-31 09:00:00,,-17.21
2014-01-31 10:00:00,,-17.214
2014-01-31 11:00:00,,-17.215
2014-01-31 12:00:00,,-17.211
2014-01-31 13:00:00,,-17.207
2014-01-31 14:00:00,,-17.202
2014-01-31 15:00:00,,-17.195
2014-01-31 16:00:00,,-17.19
2014-01-31 17:00:00,,-17.184
2014-01-31 18:00:00,,-17.184
2014-01-31 19:00:00,,-17.184
2014-01-31 20:00:00,,-17.188
2014-01-31 21:00:00,,-17.193
2014-01-31 22:00:00,,-17.199
2014-01-31 23:00:00,,-17.201
2014-02-01 00:00:00,,-17.202
2014-02-01 01:00:00,,-17.2
2014-02-01 02:00:00,,-17.196
2014-02-01 03:00:00,,-17.194
2014-02-01 04:00:00,,-17.187
2014-02-01 05:00:00,,-17.189
2014-02-01 06:00:00,,-17.189
2014-02-01 07:00:00,,-17.19
2014-02-01 08:00:00,,-17.192
2014-02-01 09:00:00,,-17.198
2014-02-01 10:00:00,,-17.196
2014-02-01 11:00:00,,-17.198
2014-02-01 12:00:00,,-17.196
2014-02-01 13:00:00,,-17.191
2014-02-01 14:00:00,,-17.182
2014-02-01 15:00:00,,-17.179
2014-02-01 16:00:00,,-17.172
2014-02-01 17:00:00,,-17.169
2014-02-01 18:00:00,,-17.166
2014-02-01 19:00:00,,-17.167
2014-02-01 20:00:00,,-17.167
2014-02-01 21:00:00,,-17.174
2014-02-01 22:00:00,,-17.18
2014-02-01 23:00:00,,-17.189
2014-02-02 00:00:00,,-17.188
2014-02-02 01:00:00,,-17.187
2014-02-02 02:00:00,,-17.186
2014-02-02 03:00:00,,-17.187
2014-02-02 04:00:00,,-17.187
2014-02-02 05:00:00,,-17.188
2014-02-02 06:00:00,,-17.19
2014-02-02 07:00:00,,-17.198
2014-02-02 08:00:00,,-17.199
2014-02-02 09:00:00,,-17.2
2014-02-02 10:00:00,,-17.198
2014-02-02 11:00:00,,-17.199
2014-02-02 12:00:00,,-17.195
2014-02-02 13:00:00,,-17.193
2014-02-02 14:00:00,,-17.183
2014-02-02 15:00:00,,-17.178
2014-02-02 16:00:00,,-17.174
2014-02-02 17:00:00,,-17.173
2014-02-02 18:00:00,,-17.171
2014-02-02 19:00:00,,-17.173
2014-02-02 20:00:00,,-17.175
2014-02-02 21:00:00,,-17.181
2014-02-02 22:00:00,,-17.187
2014-02-02 23:00:00,,-17.188
2014-02-03 00:00:00,,-17.19
2014-02-03 01:00:00,,-17.197
2014-02-03 02:00:00,,-17.192
2014-02-03 03:00:00,,-17.191
2014-02-03 04:00:00,,-17.191
2014-02-03 05:00:00,,-17.192
2014-02-03 06:00:00,,-17.193
2014-02-03 07:00:00,,-17.196
2014-02-03 08:00:00,,-17.199
2014-02-03 09:00:00,,-17.203
2014-02-03 10:00:00,,-17.202
2014-02-03 11:00:00,,-17.203
2014-02-03 12:00:00,,-17.203
2014-02-03 13:00:00,,-17.2
2014-02-03 14:00:00,,-17.191
2014-02-03 15:00:00,,-17.185
2014-02-03 16:00:00,,-17.183
2014-02-03 17:00:00,,-17.182
2014-02-03 18:00:00,,-17.185
2014-02-03 19:00:00,,-17.188
2014-02-03 20:00:00,,-17.191
2014-02-03 21:00:00,,-17.195
2014-02-03 22:00:00,,-17.202
2014-02-03 23:00:00,,-17.205
2014-02-04 00:00:00,,-17.205
2014-02-04 01:00:00,,-17.21
2014-02-04 02:00:00,,-17.209
2014-02-04 03:00:00,,-17.207
2014-02-04 04:00:00,,-17.206
2014-02-04 05:00:00,,-17.205
2014-02-04 06:00:00,,-17.207
2014-02-04 07:00:00,,-17.211
2014-02-04 08:00:00,,-17.217
2014-02-04 09:00:00,,-17.219
2014-02-04 10:00:00,,-17.22
2014-02-04 11:00:00,,-17.22
2014-02-04 12:00:00,,-17.22
2014-02-04 13:00:00,,-17.22
2014-02-04 14:00:00,,-17.223
2014-02-04 15:00:00,,-17.214
2014-02-04 16:00:00,,-17.214
2014-02-04 17:00:00,,-17.21
2014-02-04 18:00:00,,-17.209
2014-02-04 19:00:00,,-17.214
2014-02-04 20:00:00,,-17.213
2014-02-04 21:00:00,,-17.216
2014-02-04 22:00:00,,-17.219
2014-02-04 23:00:00,,-17.223
2014-02-05 00:00:00,,-17.222
2014-02-05 01:00:00,,-17.215
2014-02-05 02:00:00,,-17.217
2014-02-05 03:00:00,,-17.212
2014-02-05 04:00:00,,-17.214
2014-02-05 05:00:00,,-17.217
2014-02-05 06:00:00,,-17.218
2014-02-05 07:00:00,,-17.222
2014-02-05 08:00:00,,-17.222
2014-02-05 09:00:00,,-17.226
2014-02-05 10:00:00,,-17.227
2014-02-05 11:00:00,,-17.224
2014-02-05 12:00:00,,-17.221
2014-02-05 13:00:00,,-17.218
2014-02-05 14:00:00,,-17.213
2014-02-05 15:00:00,,-17.211
2014-02-05 16:00:00,,-17.206
2014-02-05 17:00:00,,-17.202
2014-02-05 18:00:00,,-17.198
2014-02-05 19:00:00,,-17.205
2014-02-05 20:00:00,,-17.207
2014-02-05 21:00:00,,-17.212
2014-02-05 22:00:00,,-17.215
2014-02-05 23:00:00,,-17.216
2014-02-06 00:00:00,,-17.216
2014-02-06 01:00:00,,-17.217
2014-02-06 02:00:00,,-17.216
2014-02-06 03:00:00,,-17.213
2014-02-06 04:00:00,,-17.215
2014-02-06 05:00:00,,-17.216
2014-02-06 06:00:00,,-17.221
2014-02-06 07:00:00,,-17.225
2014-02-06 08:00:00,,-17.229
2014-02-06 09:00:00,,-17.23
2014-02-06 10:00:00,,-17.23
2014-02-06 11:00:00,,-17.227
2014-02-06 12:00:00,,-17.224
2014-02-06 13:00:00,,-17.219
2014-02-06 14:00:00,,-17.213
2014-02-06 15:00:00,,-17.209
2014-02-06 16:00:00,,-17.206
2014-02-06 17:00:00,,-17.204
2014-02-06 18:00:00,,-17.203
2014-02-06 19:00:00,,-17.205
2014-02-06 20:00:00,,-17.21
2014-02-06 21:00:00,,-17.214
2014-02-06 22:00:00,,-17.218
2014-02-06 23:00:00,,-17.221
2014-02-07 00:00:00,,-17.22
2014-02-07 01:00:00,,-17.221
2014-02-07 02:00:00,,-17.216
2014-02-07 03:00:00,,-17.218
2014-02-07 04:00:00,,-17.223
2014-02-07 05:00:00,,-17.225
2014-02-07 06:00:00,,-17.228
2014-02-07 07:00:00,,-17.235
2014-02-07 08:00:00,,-17.239
2014-02-07 09:00:00,,-17.239
2014-02-07 10:00:00,,-17.238
2014-02-07 11:00:00,,-17.234
2014-02-07 12:00:00,,-17.229
2014-02-07 13:00:00,,-17.226
2014-02-07 14:00:00,,-17.22
2014-02-07 15:00:00,,-17.217
2014-02-07 16:00:00,,-17.212
2014-02-07 17:00:00,,-17.208
2014-02-07 18:00:00,,-17.211
2014-02-07 19:00:00,,-17.212
2014-02-07 20:00:00,,-17.218
2014-02-07 21:00:00,,-17.226
2014-02-07 22:00:00,,-17.229
2014-02-07 23:00:00,,-17.231
2014-02-08 00:00:00,,-17.229
2014-02-08 01:00:00,,-17.229
2014-02-08 02:00:00,,-17.226
2014-02-08 03:00:00,,-17.224
2014-02-08 04:00:00,,-17.226
2014-02-08 05:00:00,,-17.23
2014-02-08 06:00:00,,-17.232
2014-02-08 07:00:00,,-17.237
2014-02-08 08:00:00,,-17.241
2014-02-08 09:00:00,,-17.243
2014-02-08 10:00:00,,-17.241
2014-02-08 11:00:00,,-17.237
2014-02-08 12:00:00,,-17.235
2014-02-08 13:00:00,,-17.229
2014-02-08 14:00:00,,-17.223
2014-02-08 15:00:00,,-17.219
2014-02-08 16:00:00,,-17.214
2014-02-08 17:00:00,,-17.214
2014-02-08 18:00:00,,-17.214
2014-02-08 19:00:00,,-17.215
2014-02-08 20:00:00,,-17.221
2014-02-08 21:00:00,,-17.227
2014-02-08 22:00:00,,-17.231
2014-02-08 23:00:00,,-17.233
2014-02-09 00:00:00,,-17.233
2014-02-09 01:00:00,,-17.234
2014-02-09 02:00:00,,-17.232
2014-02-09 03:00:00,,-17.233
2014-02-09 04:00:00,,-17.234
2014-02-09 05:00:00,,-17.238
2014-02-09 06:00:00,,-17.245
2014-02-09 07:00:00,,-17.246
2014-02-09 08:00:00,,-17.254
2014-02-09 09:00:00,,-17.258
2014-02-09 10:00:00,,-17.258
2014-02-09 11:00:00,,-17.254
2014-02-09 12:00:00,,-17.248
2014-02-09 13:00:00,,-17.244
2014-02-09 14:00:00,,-17.236
2014-02-09 15:00:00,,-17.229
2014-02-09 16:00:00,,-17.223
2014-02-09 17:00:00,,-17.224
2014-02-09 18:00:00,,-17.223
2014-02-09 19:00:00,,-17.224
2014-02-09 20:00:00,,-17.231
2014-02-09 21:00:00,,-17.235
2014-02-09 22:00:00,,-17.242
2014-02-09 23:00:00,,-17.243
2014-02-10 00:00:00,,-17.242
2014-02-10 01:00:00,,-17.24
2014-02-10 02:00:00,,-17.235
2014-02-10 03:00:00,,-17.233
2014-02-10 04:00:00,,-17.233
2014-02-10 05:00:00,,-17.236
2014-02-10 06:00:00,,-17.243
2014-02-10 07:00:00,,-17.248
2014-02-10 08:00:00,,-17.252
2014-02-10 09:00:00,,-17.251
2014-02-10 10:00:00,,-17.25
2014-02-10 11:00:00,,-17.247
2014-02-10 12:00:00,,-17.239
2014-02-10 13:00:00,,-17.23
2014-02-10 14:00:00,,-17.226
2014-02-10 15:00:00,,-17.218
2014-02-10 16:00:00,,-17.215
2014-02-10 17:00:00,,-17.214
2014-02-10 18:00:00,,-17.214
2014-02-10 19:00:00,,-17.218
2014-02-10 20:00:00,,-17.225
2014-02-10 21:00:00,,-17.23
2014-02-10 22:00:00,,-17.233
2014-02-10 23:00:00,,-17.236
2014-02-11 00:00:00,,-17.233
2014-02-11 01:00:00,,-17.231
2014-02-11 02:00:00,,-17.232
2014-02-11 03:00:00,,-17.226
2014-02-11 04:00:00,,-17.228
2014-02-11 05:00:00,,-17.228
2014-02-11 06:00:00,,-17.233
2014-02-11 07:00:00,,-17.24
2014-02-11 08:00:00,,-17.241
2014-02-11 09:00:00,,-17.242
2014-02-11 10:00:00,,-17.24
2014-02-11 11:00:00,,-17.237
2014-02-11 12:00:00,,-17.236
2014-02-11 13:00:00,,-17.229
2014-02-11 14:00:00,,-17.221
2014-02-11 15:00:00,,-17.216
2014-02-11 16:00:00,,-17.21
2014-02-11 17:00:00,,-17.206
2014-02-11 18:00:00,,-17.211
2014-02-11 19:00:00,,-17.212
2014-02-11 20:00:00,,-17.217
2014-02-11 21:00:00,,-17.225
2014-02-11 22:00:00,,-17.229
2014-02-11 23:00:00,,-17.226
2014-02-12 00:00:00,,-17.228
2014-02-12 01:00:00,,-17.227
2014-02-12 02:00:00,,-17.226
2014-02-12 03:00:00,,-17.223
2014-02-12 04:00:00,,-17.223
2014-02-12 05:00:00,,-17.223
2014-02-12 06:00:00,,-17.227
2014-02-12 07:00:00,,-17.233
2014-02-12 08:00:00,,-17.241
2014-02-12 09:00:00,,-17.245
2014-02-12 10:00:00,,-17.248
2014-02-12 11:00:00,,-17.246
2014-02-12 12:00:00,,-17.242
2014-02-12 13:00:00,,-17.234
2014-02-12 14:00:00,,-17.227
2014-02-12 15:00:00,,-17.224
2014-02-12 16:00:00,,-17.219
2014-02-12 17:00:00,,-17.225
2014-02-12 18:00:00,,-17.225
2014-02-12 19:00:00,,-17.235
2014-02-12 20:00:00,,-17.244
2014-02-12 21:00:00,,-17.251
2014-02-12 22:00:00,,-17.254
2014-02-12 23:00:00,,-17.257
2014-02-13 00:00:00,,-17.255
2014-02-13 01:00:00,,-17.256
2014-02-13 02:00:00,,-17.25
2014-02-13 03:00:00,,-17.245
2014-02-13 04:00:00,,-17.244
2014-02-13 05:00:00,,-17.246
2014-02-13 06:00:00,,-17.247
2014-02-13 07:00:00,,-17.256
2014-02-13 08:00:00,,-17.261
2014-02-13 09:00:00,,-17.264
2014-02-13 10:00:00,,-17.266
2014-02-13 11:00:00,,-17.262
2014-02-13 12:00:00,,-17.256
2014-02-13 13:00:00,,-17.249
2014-02-13 14:00:00,,-17.242
2014-02-13 15:00:00,,-17.233
2014-02-13 16:00:00,,-17.229
2014-02-13 17:00:00,,-17.224
2014-02-13 18:00:00,,-17.228
2014-02-13 19:00:00,,-17.229
2014-02-13 20:00:00,,-17.233
2014-02-13 21:00:00,,-17.24
2014-02-13 22:00:00,,-17.241
2014-02-13 23:00:00,,-17.241
2014-02-14 00:00:00,,-17.238
2014-02-14 01:00:00,,-17.234
2014-02-14 02:00:00,,-17.231
2014-02-14 03:00:00,,-17.226
2014-02-14 04:00:00,,-17.229
2014-02-14 05:00:00,,-17.226
2014-02-14 06:00:00,,-17.23
2014-02-14 07:00:00,,-17.234
2014-02-14 08:00:00,,-17.238
2014-02-14 09:00:00,,-17.24
2014-02-14 10:00:00,,-17.238
2014-02-14 11:00:00,,-17.238
2014-02-14 12:00:00,,-17.231
2014-02-14 13:00:00,,-17.224
2014-02-14 14:00:00,,-17.212
2014-02-14 15:00:00,,-17.205
2014-02-14 16:00:00,,-17.196
2014-02-14 17:00:00,,-17.192
2014-02-14 18:00:00,,-17.193
2014-02-14 19:00:00,,-17.201
2014-02-14 20:00:00,,-17.203
2014-02-14 21:00:00,,-17.21
2014-02-14 22:00:00,,-17.213
2014-02-14 23:00:00,,-17.212
2014-02-15 00:00:00,,-17.213
2014-02-15 01:00:00,,-17.21
2014-02-15 02:00:00,,-17.207
2014-02-15 03:00:00,,-17.202
2014-02-15 04:00:00,,-17.203
2014-02-15 05:00:00,,-17.201
2014-02-15 06:00:00,,-17.204
2014-02-15 07:00:00,,-17.21
2014-02-15 08:00:00,,-17.215
2014-02-15 09:00:00,,-17.218
2014-02-15 10:00:00,,-17.218
2014-02-15 11:00:00,,-17.215
2014-02-15 12:00:00,,-17.213
2014-02-15 13:00:00,,-17.199
2014-02-15 14:00:00,,-17.194
2014-02-15 15:00:00,,-17.186
2014-02-15 16:00:00,,-17.189
2014-02-15 17:00:00,,-17.187
2014-02-15 18:00:00,,-17.189
2014-02-15 19:00:00,,-17.192
2014-02-15 20:00:00,,-17.198
2014-02-15 21:00:00,,-17.206
2014-02-15 22:00:00,,-17.211
2014-02-15 23:00:00,,-17.215
2014-02-16 00:00:00,,-17.218
2014-02-16 01:00:00,,-17.215
2014-02-16 02:00:00,,-17.216
2014-02-16 03:00:00,,-17.216
2014-02-16 04:00:00,,-17.219
2014-02-16 05:00:00,,-17.223
2014-02-16 06:00:00,,-17.228
2014-02-16 07:00:00,,-17.235
2014-02-16 08:00:00,,-17.244
2014-02-16 09:00:00,,-17.249
2014-02-16 10:00:00,,-17.253
2014-02-16 11:00:00,,-17.249
2014-02-16 12:00:00,,-17.248
2014-02-16 13:00:00,,-17.244
2014-02-16 14:00:00,,-17.237
2014-02-16 15:00:00,,-17.231
2014-02-16 16:00:00,,-17.226
2014-02-16 17:00:00,,-17.222
2014-02-16 18:00:00,,-17.222
2014-02-16 19:00:00,,-17.226
2014-02-16 20:00:00,,-17.235
2014-02-16 21:00:00,,-17.239
2014-02-16 22:00:00,,-17.245
2014-02-16 23:00:00,,-17.251
2014-02-17 00:00:00,,-17.253
2014-02-17 01:00:00,,-17.252
2014-02-17 02:00:00,,-17.249
2014-02-17 03:00:00,,-17.248
2014-02-17 04:00:00,,-17.246
2014-02-17 05:00:00,,-17.248
2014-02-17 06:00:00,,-17.251
2014-02-17 07:00:00,,-17.254
2014-02-17 08:00:00,,-17.256
2014-02-17 09:00:00,,-17.26
2014-02-17 10:00:00,,-17.263
2014-02-17 11:00:00,,-17.264
2014-02-17 12:00:00,,-17.261
2014-02-17 13:00:00,,-17.257
2014-02-17 14:00:00,,-17.251
2014-02-17 15:00:00,,-17.239
2014-02-17 16:00:00,,-17.232
2014-02-17 17:00:00,,-17.231
2014-02-17 18:00:00,,-17.226
2014-02-17 19:00:00,,-17.229
2014-02-17 20:00:00,,-17.234
2014-02-17 21:00:00,,-17.238
2014-02-17 22:00:00,,-17.244
2014-02-17 23:00:00,,-17.249
2014-02-18 00:00:00,,-17.25
2014-02-18 01:00:00,,-17.25
2014-02-18 02:00:00,,-17.248
2014-02-18 03:00:00,,-17.25
2014-02-18 04:00:00,,-17.25
2014-02-18 05:00:00,,-17.25
2014-02-18 06:00:00,,-17.25
2014-02-18 07:00:00,,-17.249
2014-02-18 08:00:00,,-17.251
2014-02-18 09:00:00,,-17.254
2014-02-18 10:00:00,,-17.253
2014-02-18 11:00:00,,-17.251
2014-02-18 12:00:00,,-17.247
2014-02-18 13:00:00,,-17.241
2014-02-18 14:00:00,,-17.234
2014-02-18 15:00:00,,-17.231
2014-02-18 16:00:00,,-17.225
2014-02-18 17:00:00,,-17.222
2014-02-18 18:00:00,,-17.221
2014-02-18 19:00:00,,-17.222
2014-02-18 20:00:00,,-17.225
2014-02-18 21:00:00,,-17.23
2014-02-18 22:00:00,,-17.232
2014-02-18 23:00:00,,-17.235
2014-02-19 00:00:00,,-17.237
2014-02-19 01:00:00,,-17.235
2014-02-19 02:00:00,,-17.234
2014-02-19 03:00:00,,-17.231
2014-02-19 04:00:00,,-17.229
2014-02-19 05:00:00,,-17.231
2014-02-19 06:00:00,,-17.232
2014-02-19 07:00:00,,-17.234
2014-02-19 08:00:00,,-17.239
2014-02-19 09:00:00,,-17.243
2014-02-19 10:00:00,,-17.249
2014-02-19 11:00:00,,-17.248
2014-02-19 12:00:00,,-17.248
2014-02-19 13:00:00,,-17.246
2014-02-19 14:00:00,,-17.238
2014-02-19 15:00:00,,-17.237
2014-02-19 16:00:00,,-17.234
2014-02-19 17:00:00,,-17.232
2014-02-19 18:00:00,,-17.234
2014-02-19 19:00:00,,-17.235
2014-02-19 20:00:00,,-17.239
2014-02-19 21:00:00,,-17.245
2014-02-19 22:00:00,,-17.25
2014-02-19 23:00:00,,-17.257
2014-02-20 00:00:00,,-17.259
2014-02-20 01:00:00,,-17.26
2014-02-20 02:00:00,,-17.261
2014-02-20 03:00:00,,-17.264
2014-02-20 04:00:00,,-17.265
2014-02-20 05:00:00,,-17.27
2014-02-20 06:00:00,,-17.272
2014-02-20 07:00:00,,-17.274
2014-02-20 08:00:00,,-17.278
2014-02-20 09:00:00,,-17.28
2014-02-20 10:00:00,,-17.282
2014-02-20 11:00:00,,-17.282
2014-02-20 12:00:00,,-17.28
2014-02-20 13:00:00,,-17.275
2014-02-20 14:00:00,,-17.275
2014-02-20 15:00:00,,-17.27
2014-02-20 16:00:00,,-17.265
2014-02-20 17:00:00,,-17.264
2014-02-20 18:00:00,,-17.266
2014-02-20 19:00:00,,-17.27
2014-02-20 20:00:00,,-17.275
2014-02-20 21:00:00,,-17.28
2014-02-20 22:00:00,,-17.283
2014-02-20 23:00:00,,-17.29
2014-02-21 00:00:00,,-17.294
2014-02-21 01:00:00,,-17.292
2014-02-21 02:00:00,,-17.289
2014-02-21 03:00:00,,-17.292
2014-02-21 04:00:00,,-17.296
2014-02-21 05:00:00,,-17.296
2014-02-21 06:00:00,,-17.298
2014-02-21 07:00:00,,-17.303
2014-02-21 08:00:00,,-17.306
2014-02-21 09:00:00,,-17.31
2014-02-21 10:00:00,,-17.308
2014-02-21 11:00:00,,-17.305
2014-02-21 12:00:00,,-17.3
2014-02-21 13:00:00,,-17.296
2014-02-21 14:00:00,,-17.29
2014-02-21 15:00:00,,-17.287
2014-02-21 16:00:00,,-17.281
2014-02-21 17:00:00,,-17.28
2014-02-21 18:00:00,,-17.285
2014-02-21 19:00:00,,-17.284
2014-02-21 20:00:00,,-17.288
2014-02-21 21:00:00,,-17.293
2014-02-21 22:00:00,,-17.295
2014-02-21 23:00:00,,-17.297
2014-02-22 00:00:00,,-17.297
2014-02-22 01:00:00,,-17.298
2014-02-22 02:00:00,,-17.299
2014-02-22 03:00:00,,-17.298
2014-02-22 04:00:00,,-17.299
2014-02-22 05:00:00,,-17.3
2014-02-22 06:00:00,,-17.304
2014-02-22 07:00:00,,-17.306
2014-02-22 08:00:00,,-17.309
2014-02-22 09:00:00,,-17.307
2014-02-22 10:00:00,,-17.307
2014-02-22 11:00:00,,-17.301
2014-02-22 12:00:00,,-17.297
2014-02-22 13:00:00,,-17.293
2014-02-22 14:00:00,,-17.283
2014-02-22 15:00:00,,-17.279
2014-02-22 16:00:00,,-17.275
2014-02-22 17:00:00,,-17.273
2014-02-22 18:00:00,,-17.28
2014-02-22 19:00:00,,-17.28
2014-02-22 20:00:00,,-17.284
2014-02-22 21:00:00,,-17.288
2014-02-22 22:00:00,,-17.291
2014-02-22 23:00:00,,-17.292
2014-02-23 00:00:00,,-17.288
2014-02-23 01:00:00,,-17.287
2014-02-23 02:00:00,,-17.282
2014-02-23 03:00:00,,-17.281
2014-02-23 04:00:00,,-17.281
2014-02-23 05:00:00,,-17.281
2014-02-23 06:00:00,,-17.285
2014-02-23 07:00:00,,-17.29
2014-02-23 08:00:00,,-17.291
2014-02-23 09:00:00,,-17.293
2014-02-23 10:00:00,,-17.292
2014-02-23 11:00:00,,-17.289
2014-02-23 12:00:00,,-17.283
2014-02-23 13:00:00,,-17.275
2014-02-23 14:00:00,,-17.271
2014-02-23 15:00:00,,-17.265
2014-02-23 16:00:00,,-17.262
2014-02-23 17:00:00,,-17.262
2014-02-23 18:00:00,,-17.262
2014-02-23 19:00:00,,-17.27
2014-02-23 20:00:00,,-17.273
2014-02-23 21:00:00,,-17.28
2014-02-23 22:00:00,,-17.284
2014-02-23 23:00:00,,-17.283
2014-02-24 00:00:00,,-17.278
2014-02-24 01:00:00,,-17.274
2014-02-24 02:00:00,,-17.267
2014-02-24 03:00:00,,-17.266
2014-02-24 04:00:00,,-17.266
2014-02-24 05:00:00,,-17.27
2014-02-24 06:00:00,,-17.272
2014-02-24 07:00:00,,-17.278
2014-02-24 08:00:00,,-17.283
2014-02-24 09:00:00,,-17.285
2014-02-24 10:00:00,,-17.284
2014-02-24 11:00:00,,-17.278
2014-02-24 12:00:00,,-17.27
2014-02-24 13:00:00,,-17.263
2014-02-24 14:00:00,,-17.254
2014-02-24 15:00:00,,-17.248
2014-02-24 16:00:00,,-17.245
2014-02-24 17:00:00,,-17.243
2014-02-24 18:00:00,,-17.247
2014-02-24 19:00:00,,-17.25
2014-02-24 20:00:00,,-17.258
2014-02-24 21:00:00,,-17.262
2014-02-24 22:00:00,,-17.27
2014-02-24 23:00:00,,-17.273
2014-02-25 00:00:00,,-17.268
2014-02-25 01:00:00,,-17.274
2014-02-25 02:00:00,,-17.265
2014-02-25 03:00:00,,-17.268
2014-02-25 04:00:00,,-17.266
2014-02-25 05:00:00,,-17.267
2014-02-25 06:00:00,,-17.268
2014-02-25 07:00:00,,-17.272
2014-02-25 08:00:00,,-17.28
2014-02-25 09:00:00,,-17.277
2014-02-25 10:00:00,,-17.282
2014-02-25 11:00:00,,-17.278
2014-02-25 12:00:00,,-17.274
2014-02-25 13:00:00,,-17.265
2014-02-25 14:00:00,,-17.262
2014-02-25 15:00:00,,-17.256
2014-02-25 16:00:00,,-17.253
2014-02-25 17:00:00,,-17.253
2014-02-25 18:00:00,,-17.257
2014-02-25 19:00:00,,-17.258
2014-02-25 20:00:00,,-17.262
2014-02-25 21:00:00,,-17.271
2014-02-25 22:00:00,,-17.273
2014-02-25 23:00:00,,-17.275
2014-02-26 00:00:00,,-17.272
2014-02-26 01:00:00,,-17.268
2014-02-26 02:00:00,,-17.264
2014-02-26 03:00:00,,-17.26
2014-02-26 04:00:00,,-17.257
2014-02-26 05:00:00,,-17.253
2014-02-26 06:00:00,,-17.253
2014-02-26 07:00:00,,-17.255
2014-02-26 08:00:00,,-17.262
2014-02-26 09:00:00,,-17.264
2014-02-26 10:00:00,,-17.27
2014-02-26 11:00:00,,-17.27
2014-02-26 12:00:00,,-17.27
2014-02-26 13:00:00,,-17.267
2014-02-26 14:00:00,,-17.259
2014-02-26 15:00:00,,-17.249
2014-02-26 16:00:00,,-17.246
2014-02-26 17:00:00,,-17.247
2014-02-26 18:00:00,,-17.251
2014-02-26 19:00:00,,-17.255
2014-02-26 20:00:00,,-17.264
2014-02-26 21:00:00,,-17.266
2014-02-26 22:00:00,,-17.269
2014-02-26 23:00:00,,-17.27
2014-02-27 00:00:00,,-17.27
2014-02-27 01:00:00,,-17.266
2014-02-27 02:00:00,,-17.259
2014-02-27 03:00:00,,-17.257
2014-02-27 04:00:00,,-17.257
2014-02-27 05:00:00,,-17.259
2014-02-27 06:00:00,,-17.263
2014-02-27 07:00:00,,-17.268
2014-02-27 08:00:00,,-17.274
2014-02-27 09:00:00,,-17.28
2014-02-27 10:00:00,,-17.282
2014-02-27 11:00:00,,-17.282
2014-02-27 12:00:00,,-17.279
2014-02-27 13:00:00,,-17.272
2014-02-27 14:00:00,,-17.263
2014-02-27 15:00:00,,-17.256
2014-02-27 16:00:00,,-17.253
2014-02-27 17:00:00,,-17.253
2014-02-27 18:00:00,,-17.253
2014-02-27 19:00:00,,-17.259
2014-02-27 20:00:00,,-17.265
2014-02-27 21:00:00,,-17.274
2014-02-27 22:00:00,,-17.276
2014-02-27 23:00:00,,-17.278
2014-02-28 00:00:00,,-17.278
2014-02-28 01:00:00,,-17.276
2014-02-28 02:00:00,,-17.268
2014-02-28 03:00:00,,-17.265
2014-02-28 04:00:00,,-17.263
2014-02-28 05:00:00,,-17.264
2014-02-28 06:00:00,,-17.269
2014-02-28 07:00:00,,-17.276
2014-02-28 08:00:00,,-17.281
2014-02-28 09:00:00,,-17.286
2014-02-28 10:00:00,,-17.289
2014-02-28 11:00:00,,-17.289
2014-02-28 12:00:00,,-17.287
2014-02-28 13:00:00,,-17.278
2014-02-28 14:00:00,,-17.27
2014-02-28 15:00:00,,-17.263
2014-02-28 16:00:00,,-17.257
2014-02-28 17:00:00,,-17.254
2014-02-28 18:00:00,,-17.253
2014-02-28 19:00:00,,-17.259
2014-02-28 20:00:00,,-17.265
2014-02-28 21:00:00,,-17.272
2014-02-28 22:00:00,,-17.283
2014-02-28 23:00:00,,-17.284
2014-03-01 00:00:00,,-17.283
2014-03-01 01:00:00,,-17.281
2014-03-01 02:00:00,,-17.277
2014-03-01 03:00:00,,-17.273
2014-03-01 04:00:00,,-17.274
2014-03-01 05:00:00,,-17.269
2014-03-01 06:00:00,,-17.272
2014-03-01 07:00:00,,-17.278
2014-03-01 08:00:00,,-17.283
2014-03-01 09:00:00,,-17.288
2014-03-01 10:00:00,,-17.289
2014-03-01 11:00:00,,-17.288
2014-03-01 12:00:00,,-17.287
2014-03-01 13:00:00,,-17.281
2014-03-01 14:00:00,,-17.273
2014-03-01 15:00:00,,-17.266
2014-03-01 16:00:00,,-17.258
2014-03-01 17:00:00,,-17.257
2014-03-01 18:00:00,,-17.256
2014-03-01 19:00:00,,-17.258
2014-03-01 20:00:00,,-17.265
2014-03-01 21:00:00,,-17.274
2014-03-01 22:00:00,,-17.279
2014-03-01 23:00:00,,-17.284
2014-03-02 00:00:00,,-17.282
2014-03-02 01:00:00,,-17.284
2014-03-02 02:00:00,,-17.277
2014-03-02 03:00:00,,-17.275
2014-03-02 04:00:00,,-17.273
2014-03-02 05:00:00,,-17.273
2014-03-02 06:00:00,,-17.271
2014-03-02 07:00:00,,-17.277
2014-03-02 08:00:00,,-17.285
2014-03-02 09:00:00,,-17.289
2014-03-02 10:00:00,,-17.292
2014-03-02 11:00:00,,-17.292
2014-03-02 12:00:00,,-17.289
2014-03-02 13:00:00,,-17.283
2014-03-02 14:00:00,,-17.277
2014-03-02 15:00:00,,-17.267
2014-03-02 16:00:00,,-17.261
2014-03-02 17:00:00,,-17.258
2014-03-02 18:00:00,,-17.259
2014-03-02 19:00:00,,-17.261
2014-03-02 20:00:00,,-17.269
2014-03-02 21:00:00,,-17.274
2014-03-02 22:00:00,,-17.281
2014-03-02 23:00:00,,-17.283
2014-03-03 00:00:00,,-17.284
2014-03-03 01:00:00,,-17.285
2014-03-03 02:00:00,,-17.286
2014-03-03 03:00:00,,-17.281
2014-03-03 04:00:00,,-17.278
2014-03-03 05:00:00,,-17.279
2014-03-03 06:00:00,,-17.279
2014-03-03 07:00:00,,-17.283
2014-03-03 08:00:00,,-17.285
2014-03-03 09:00:00,,-17.292
2014-03-03 10:00:00,,-17.295
2014-03-03 11:00:00,,-17.292
2014-03-03 12:00:00,,-17.29
2014-03-03 13:00:00,,-17.285
2014-03-03 14:00:00,,-17.275
2014-03-03 15:00:00,,-17.272
2014-03-03 16:00:00,,-17.267
2014-03-03 17:00:00,,-17.267
2014-03-03 18:00:00,,-17.262
2014-03-03 19:00:00,,-17.265
2014-03-03 20:00:00,,-17.269
2014-03-03 21:00:00,,-17.282
2014-03-03 22:00:00,,-17.286
2014-03-03 23:00:00,,-17.293
2014-03-04 00:00:00,,-17.297
2014-03-04 01:00:00,,-17.296
2014-03-04 02:00:00,,-17.295
2014-03-04 03:00:00,,-17.292
2014-03-04 04:00:00,,-17.292
2014-03-04 05:00:00,,-17.29
2014-03-04 06:00:00,,-17.29
2014-03-04 07:00:00,,-17.294
2014-03-04 08:00:00,,-17.296
2014-03-04 09:00:00,,-17.3
2014-03-04 10:00:00,,-17.302
2014-03-04 11:00:00,,-17.302
2014-03-04 12:00:00,,-17.298
2014-03-04 13:00:00,,-17.294
2014-03-04 14:00:00,,-17.286
2014-03-04 15:00:00,,-17.279
2014-03-04 16:00:00,,-17.277
2014-03-04 17:00:00,,-17.271
2014-03-04 18:00:00,,-17.269
2014-03-04 19:00:00,,-17.271
2014-03-04 20:00:00,,-17.273
2014-03-04 21:00:00,,-17.282
2014-03-04 22:00:00,,-17.285
2014-03-04 23:00:00,,-17.288
2014-03-05 00:00:00,,-17.29
2014-03-05 01:00:00,,-17.29
2014-03-05 02:00:00,,-17.288
2014-03-05 03:00:00,,-17.285
2014-03-05 04:00:00,,-17.285
2014-03-05 05:00:00,,-17.284
2014-03-05 06:00:00,,-17.285
2014-03-05 07:00:00,,-17.287
2014-03-05 08:00:00,,-17.292
2014-03-05 09:00:00,,-17.291
2014-03-05 10:00:00,,-17.293
2014-03-05 11:00:00,,-17.292
2014-03-05 12:00:00,,-17.284
2014-03-05 13:00:00,,-17.28
2014-03-05 14:00:00,,-17.272
2014-03-05 15:00:00,,-17.268
2014-03-05 16:00:00,,-17.266
2014-03-05 17:00:00,,-17.265
2014-03-05 18:00:00,,-17.26
2014-03-05 19:00:00,,-17.262
2014-03-05 20:00:00,,-17.265
2014-03-05 21:00:00,,-17.272
2014-03-05 22:00:00,,-17.274
2014-03-05 23:00:00,,-17.274
2014-03-06 00:00:00,,-17.277
2014-03-06 01:00:00,,-17.276
2014-03-06 02:00:00,,-17.272
2014-03-06 03:00:00,,-17.271
2014-03-06 04:00:00,,-17.269
2014-03-06 05:00:00,,-17.27
2014-03-06 06:00:00,,-17.271
2014-03-06 07:00:00,,-17.277
2014-03-06 08:00:00,,-17.279
2014-03-06 09:00:00,,-17.281
2014-03-06 10:00:00,,-17.283
2014-03-06 11:00:00,,-17.278
2014-03-06 12:00:00,,-17.275
2014-03-06 13:00:00,,-17.267
2014-03-06 14:00:00,,-17.263
2014-03-06 15:00:00,,-17.261
2014-03-06 16:00:00,,-17.258
2014-03-06 17:00:00,,-17.255
2014-03-06 18:00:00,,-17.257
2014-03-06 19:00:00,,-17.258
2014-03-06 20:00:00,,-17.264
2014-03-06 21:00:00,,-17.269
2014-03-06 22:00:00,,-17.273
2014-03-06 23:00:00,,-17.276
2014-03-07 00:00:00,,-17.279
2014-03-07 01:00:00,,-17.279
2014-03-07 02:00:00,,-17.278
2014-03-07 03:00:00,,-17.273
2014-03-07 04:00:00,,-17.277
2014-03-07 05:00:00,,-17.277
2014-03-07 06:00:00,,-17.281
2014-03-07 07:00:00,,-17.281
2014-03-07 08:00:00,,-17.285
2014-03-07 09:00:00,,-17.288
2014-03-07 10:00:00,,-17.288
2014-03-07 11:00:00,,-17.285
2014-03-07 12:00:00,,-17.28
2014-03-07 13:00:00,,-17.274
2014-03-07 14:00:00,,-17.267
2014-03-07 15:00:00,,-17.261
2014-03-07 16:00:00,,-17.263
2014-03-07 17:00:00,,-17.261
2014-03-07 18:00:00,,-17.261
2014-03-07 19:00:00,,-17.266
2014-03-07 20:00:00,,-17.268
2014-03-07 21:00:00,,-17.281
2014-03-07 22:00:00,,-17.281
2014-03-07 23:00:00,,-17.283
2014-03-08 00:00:00,,-17.281
2014-03-08 01:00:00,,-17.279
2014-03-08 02:00:00,,-17.28
2014-03-08 03:00:00,,-17.277
2014-03-08 04:00:00,,-17.276
2014-03-08 05:00:00,,-17.279
2014-03-08 06:00:00,,-17.28
2014-03-08 07:00:00,,-17.284
2014-03-08 08:00:00,,-17.288
2014-03-08 09:00:00,,-17.289
2014-03-08 10:00:00,,-17.287
2014-03-08 11:00:00,,-17.287
2014-03-08 12:00:00,,-17.282
2014-03-08 13:00:00,,-17.276
2014-03-08 14:00:00,,-17.273
2014-03-08 15:00:00,,-17.269
2014-03-08 16:00:00,,-17.264
2014-03-08 17:00:00,,-17.266
2014-03-08 18:00:00,,-17.262
2014-03-08 19:00:00,,-17.266
2014-03-08 20:00:00,,-17.27
2014-03-08 21:00:00,,-17.27
2014-03-08 22:00:00,,-17.272
2014-03-08 23:00:00,,-17.27
2014-03-09 00:00:00,,-17.267
2014-03-09 01:00:00,,-17.267
2014-03-09 02:00:00,,-17.265
2014-03-09 03:00:00,,-17.262
2014-03-09 04:00:00,,-17.268
2014-03-09 05:00:00,,-17.27
2014-03-09 06:00:00,,-17.272
2014-03-09 07:00:00,,-17.272
2014-03-09 08:00:00,,-17.278
2014-03-09 09:00:00,,-17.281
2014-03-09 10:00:00,,-17.281
2014-03-09 11:00:00,,-17.276
2014-03-09 12:00:00,,-17.27
2014-03-09 13:00:00,,-17.263
2014-03-09 14:00:00,,-17.257
2014-03-09 15:00:00,,-17.253
2014-03-09 16:00:00,,-17.254
2014-03-09 17:00:00,,-17.257
2014-03-09 18:00:00,,-17.252
2014-03-09 19:00:00,,-17.256
2014-03-09 20:00:00,,-17.259
2014-03-09 21:00:00,,-17.264
2014-03-09 22:00:00,,-17.266
2014-03-09 23:00:00,,-17.267
2014-03-10 00:00:00,,-17.266
2014-03-10 01:00:00,,-17.267
2014-03-10 02:00:00,,-17.266
2014-03-10 03:00:00,,-17.265
2014-03-10 04:00:00,,-17.265
2014-03-10 05:00:00,,-17.272
2014-03-10 06:00:00,,-17.278
2014-03-10 07:00:00,,-17.283
2014-03-10 08:00:00,,-17.287
2014-03-10 09:00:00,,-17.29
2014-03-10 10:00:00,,-17.287
2014-03-10 11:00:00,,-17.286
2014-03-10 12:00:00,,-17.281
2014-03-10 13:00:00,,-17.274
2014-03-10 14:00:00,,-17.265
2014-03-10 15:00:00,,-17.261
2014-03-10 16:00:00,,-17.261
2014-03-10 17:00:00,,-17.261
2014-03-10 18:00:00,,-17.265
2014-03-10 19:00:00,,-17.268
2014-03-10 20:00:00,,-17.272
2014-03-10 21:00:00,,-17.276
2014-03-10 22:00:00,,-17.279
2014-03-10 23:00:00,,-17.282
2014-03-11 00:00:00,,-17.28
2014-03-11 01:00:00,,-17.279
2014-03-11 02:00:00,,-17.275
2014-03-11 03:00:00,,-17.276
2014-03-11 04:00:00,,-17.279
2014-03-11 05:00:00,,-17.284
2014-03-11 06:00:00,,-17.286
2014-03-11 07:00:00,,-17.291
2014-03-11 08:00:00,,-17.298
2014-03-11 09:00:00,,-17.299
2014-03-11 10:00:00,,-17.297
2014-03-11 11:00:00,,-17.294
2014-03-11 12:00:00,,-17.287
2014-03-11 13:00:00,,-17.279
2014-03-11 14:00:00,,-17.273
2014-03-11 15:00:00,,-17.267
2014-03-11 16:00:00,,-17.263
2014-03-11 17:00:00,,-17.264
2014-03-11 18:00:00,,-17.268
2014-03-11 19:00:00,,-17.27
2014-03-11 20:00:00,,-17.278
2014-03-11 21:00:00,,-17.283
2014-03-11 22:00:00,,-17.285
2014-03-11 23:00:00,,-17.287
2014-03-12 00:00:00,,-17.283
2014-03-12 01:00:00,,-17.282
2014-03-12 02:00:00,,-17.279
2014-03-12 03:00:00,,-17.278
2014-03-12 04:00:00,,-17.276
2014-03-12 05:00:00,,-17.281
2014-03-12 06:00:00,,-17.285
2014-03-12 07:00:00,,-17.293
2014-03-12 08:00:00,,-17.294
2014-03-12 09:00:00,,-17.3
2014-03-12 10:00:00,,-17.301
2014-03-12 11:00:00,,-17.299
2014-03-12 12:00:00,,-17.291
2014-03-12 13:00:00,,-17.282
2014-03-12 14:00:00,,-17.274
2014-03-12 15:00:00,,-17.269
2014-03-12 16:00:00,,-17.263
2014-03-12 17:00:00,,-17.265
2014-03-12 18:00:00,,-17.265
2014-03-12 19:00:00,,-17.27
2014-03-12 20:00:00,,-17.279
2014-03-12 21:00:00,,-17.282
2014-03-12 22:00:00,,-17.284
2014-03-12 23:00:00,,-17.286
2014-03-13 00:00:00,,-17.288
2014-03-13 01:00:00,,-17.282
2014-03-13 02:00:00,,-17.277
2014-03-13 03:00:00,,-17.278
2014-03-13 04:00:00,,-17.278
2014-03-13 05:00:00,,-17.278
2014-03-13 06:00:00,,-17.282
2014-03-13 07:00:00,,-17.287
2014-03-13 08:00:00,,-17.292
2014-03-13 09:00:00,,-17.297
2014-03-13 10:00:00,,-17.297
2014-03-13 11:00:00,,-17.294
2014-03-13 12:00:00,,-17.287
2014-03-13 13:00:00,,-17.276
2014-03-13 14:00:00,,-17.27
2014-03-13 15:00:00,,-17.262
2014-03-13 16:00:00,,-17.261
2014-03-13 17:00:00,,-17.257
2014-03-13 18:00:00,,-17.261
2014-03-13 19:00:00,,-17.264
2014-03-13 20:00:00,,-17.272
2014-03-13 21:00:00,,-17.278
2014-03-13 22:00:00,,-17.281
2014-03-13 23:00:00,,-17.282
2014-03-14 00:00:00,,-17.281
2014-03-14 01:00:00,,-17.278
2014-03-14 02:00:00,,-17.275
2014-03-14 03:00:00,,-17.276
2014-03-14 04:00:00,,-17.273
2014-03-14 05:00:00,,-17.277
2014-03-14 06:00:00,,-17.278
2014-03-14 07:00:00,,-17.285
2014-03-14 08:00:00,,-17.289
2014-03-14 09:00:00,,-17.292
2014-03-14 10:00:00,,-17.295
2014-03-14 11:00:00,,-17.29
2014-03-14 12:00:00,,-17.285
2014-03-14 13:00:00,,-17.275
2014-03-14 14:00:00,,-17.265
2014-03-14 15:00:00,,-17.26
2014-03-14 16:00:00,,-17.256
2014-03-14 17:00:00,,-17.252
2014-03-14 18:00:00,,-17.253
2014-03-14 19:00:00,,-17.256
2014-03-14 20:00:00,,-17.263
2014-03-14 21:00:00,,-17.268
2014-03-14 22:00:00,,-17.271
2014-03-14 23:00:00,,-17.273
2014-03-15 00:00:00,,-17.272
2014-03-15 01:00:00,,-17.269
2014-03-15 02:00:00,,-17.265
2014-03-15 03:00:00,,-17.263
2014-03-15 04:00:00,,-17.26
2014-03-15 05:00:00,,-17.26
2014-03-15 06:00:00,,-17.264
2014-03-15 07:00:00,,-17.266
2014-03-15 08:00:00,,-17.27
2014-03-15 09:00:00,,-17.276
2014-03-15 10:00:00,,-17.274
2014-03-15 11:00:00,,-17.272
2014-03-15 12:00:00,,-17.27
2014-03-15 13:00:00,,-17.263
2014-03-15 14:00:00,,-17.253
2014-03-15 15:00:00,,-17.247
2014-03-15 16:00:00,,-17.241
2014-03-15 17:00:00,,-17.241
2014-03-15 18:00:00,,-17.241
2014-03-15 19:00:00,,-17.246
2014-03-15 20:00:00,,-17.25
2014-03-15 21:00:00,,-17.252
2014-03-15 22:00:00,,-17.26
2014-03-15 23:00:00,,-17.261
2014-03-16 00:00:00,,-17.261
2014-03-16 01:00:00,,-17.26
2014-03-16 02:00:00,,-17.256
2014-03-16 03:00:00,,-17.254
2014-03-16 04:00:00,,-17.255
2014-03-16 05:00:00,,-17.254
2014-03-16 06:00:00,,-17.263
2014-03-16 07:00:00,,-17.266
2014-03-16 08:00:00,,-17.271
2014-03-16 09:00:00,,-17.277
2014-03-16 10:00:00,,-17.279
2014-03-16 11:00:00,,-17.278
2014-03-16 12:00:00,,-17.272
2014-03-16 13:00:00,,-17.269
2014-03-16 14:00:00,,-17.261
2014-03-16 15:00:00,,-17.252
2014-03-16 16:00:00,,-17.25
2014-03-16 17:00:00,,-17.247
2014-03-16 18:00:00,,-17.25
2014-03-16 19:00:00,,-17.254
2014-03-16 20:00:00,,-17.267
2014-03-16 21:00:00,,-17.273
2014-03-16 22:00:00,,-17.279
2014-03-16 23:00:00,,-17.283
2014-03-17 00:00:00,,-17.285
2014-03-17 01:00:00,,-17.287
2014-03-17 02:00:00,,-17.284
2014-03-17 03:00:00,,-17.28
2014-03-17 04:00:00,,-17.282
2014-03-17 05:00:00,,-17.282
2014-03-17 06:00:00,,-17.288
2014-03-17 07:00:00,,-17.292
2014-03-17 08:00:00,,-17.299
2014-03-17 09:00:00,,-17.303
2014-03-17 10:00:00,,-17.307
2014-03-17 11:00:00,,-17.303
2014-03-17 12:00:00,,-17.299
2014-03-17 13:00:00,,-17.296
2014-03-17 14:00:00,,-17.288
2014-03-17 15:00:00,,-17.281
2014-03-17 16:00:00,,-17.278
2014-03-17 17:00:00,,-17.277
2014-03-17 18:00:00,,-17.274
2014-03-17 19:00:00,,-17.277
2014-03-17 20:00:00,,-17.283
2014-03-17 21:00:00,,-17.288
2014-03-17 22:00:00,,-17.302
2014-03-17 23:00:00,,-17.301
2014-03-18 00:00:00,,-17.304
2014-03-18 01:00:00,,-17.304
2014-03-18 02:00:00,,-17.302
2014-03-18 03:00:00,,-17.301
2014-03-18 04:00:00,,-17.297
2014-03-18 05:00:00,,-17.296
2014-03-18 06:00:00,,-17.301
2014-03-18 07:00:00,,-17.305
2014-03-18 08:00:00,,-17.311
2014-03-18 09:00:00,,-17.315
2014-03-18 10:00:00,,-17.319
2014-03-18 11:00:00,,-17.32
2014-03-18 12:00:00,,-17.316
2014-03-18 13:00:00,,-17.311
2014-03-18 14:00:00,,-17.304
2014-03-18 15:00:00,,-17.299
2014-03-18 16:00:00,,-17.294
2014-03-18 17:00:00,,-17.293
2014-03-18 18:00:00,,-17.291
2014-03-18 19:00:00,,-17.293
2014-03-18 20:00:00,,-17.299
2014-03-18 21:00:00,,-17.306
2014-03-18 22:00:00,,-17.313
2014-03-18 23:00:00,,-17.315
2014-03-19 00:00:00,,-17.316
2014-03-19 01:00:00,,-17.316
2014-03-19 02:00:00,,-17.312
2014-03-19 03:00:00,,-17.309
2014-03-19 04:00:00,,-17.307
2014-03-19 05:00:00,,-17.312
2014-03-19 06:00:00,,-17.311
2014-03-19 07:00:00,,-17.314
2014-03-19 08:00:00,,-17.316
2014-03-19 09:00:00,,-17.32
2014-03-19 10:00:00,,-17.322
2014-03-19 11:00:00,,-17.321
2014-03-19 12:00:00,,-17.317
2014-03-19 13:00:00,,-17.31
2014-03-19 14:00:00,,-17.304
2014-03-19 15:00:00,,-17.294
2014-03-19 16:00:00,,-17.291
2014-03-19 17:00:00,,-17.287
2014-03-19 18:00:00,,-17.288
2014-03-19 19:00:00,,-17.29
2014-03-19 20:00:00,,-17.293
2014-03-19 21:00:00,,-17.298
2014-03-19 22:00:00,,-17.299
2014-03-19 23:00:00,,-17.301
2014-03-20 00:00:00,,-17.3
2014-03-20 01:00:00,,-17.302
2014-03-20 02:00:00,,-17.299
2014-03-20 03:00:00,,-17.294
2014-03-20 04:00:00,,-17.29
2014-03-20 05:00:00,,-17.289
2014-03-20 06:00:00,,-17.29
2014-03-20 07:00:00,,-17.292
2014-03-20 08:00:00,,-17.293
2014-03-20 09:00:00,,-17.293
2014-03-20 10:00:00,,-17.291
2014-03-20 11:00:00,,-17.289
2014-03-20 12:00:00,,-17.284
2014-03-20 13:00:00,,-17.28
2014-03-20 14:00:00,,-17.271
2014-03-20 15:00:00,,-17.264
2014-03-20 16:00:00,,-17.26
2014-03-20 17:00:00,,-17.254
2014-03-20 18:00:00,,-17.253
2014-03-20 19:00:00,,-17.255
2014-03-20 20:00:00,,-17.262
2014-03-20 21:00:00,,-17.271
2014-03-20 22:00:00,,-17.268
2014-03-20 23:00:00,,-17.271
2014-03-21 00:00:00,,-17.274
2014-03-21 01:00:00,,-17.272
2014-03-21 02:00:00,,-17.269
2014-03-21 03:00:00,,-17.267
2014-03-21 04:00:00,,-17.268
2014-03-21 05:00:00,,-17.267
2014-03-21 06:00:00,,-17.27
2014-03-21 07:00:00,,-17.275
2014-03-21 08:00:00,,-17.279
2014-03-21 09:00:00,,-17.281
2014-03-21 10:00:00,,-17.28
2014-03-21 11:00:00,,-17.278
2014-03-21 12:00:00,,-17.273
2014-03-21 13:00:00,,-17.266
2014-03-21 14:00:00,,-17.263
2014-03-21 15:00:00,,-17.265
2014-03-21 16:00:00,,-17.264
2014-03-21 17:00:00,,-17.265
2014-03-21 18:00:00,,-17.265
2014-03-21 19:00:00,,-17.263
2014-03-21 20:00:00,,-17.264
2014-03-21 21:00:00,,-17.268
2014-03-21 22:00:00,,-17.275
2014-03-21 23:00:00,,-17.274
2014-03-22 00:00:00,,-17.273
2014-03-22 01:00:00,,-17.276
2014-03-22 02:00:00,,-17.272
2014-03-22 03:00:00,,-17.275
2014-03-22 04:00:00,,-17.273
2014-03-22 05:00:00,,-17.272
2014-03-22 06:00:00,,-17.273
2014-03-22 07:00:00,,-17.274
2014-03-22 08:00:00,,-17.277
2014-03-22 09:00:00,,-17.283
2014-03-22 10:00:00,,-17.282
2014-03-22 11:00:00,,-17.28
2014-03-22 12:00:00,,-17.277
2014-03-22 13:00:00,,-17.272
2014-03-22 14:00:00,,-17.269
2014-03-22 15:00:00,,-17.264
2014-03-22 16:00:00,,-17.265
2014-03-22 17:00:00,,-17.263
2014-03-22 18:00:00,,-17.262
2014-03-22 19:00:00,,-17.266
2014-03-22 20:00:00,,-17.271
2014-03-22 21:00:00,,-17.276
2014-03-22 22:00:00,,-17.279
2014-03-22 23:00:00,,-17.282
2014-03-23 00:00:00,,-17.281
2014-03-23 01:00:00,,-17.282
2014-03-23 02:00:00,,-17.281
2014-03-23 03:00:00,,-17.28
2014-03-23 04:00:00,,-17.281
2014-03-23 05:00:00,,-17.284
2014-03-23 06:00:00,,-17.287
2014-03-23 07:00:00,,-17.288
2014-03-23 08:00:00,,-17.295
2014-03-23 09:00:00,,-17.297
2014-03-23 10:00:00,,-17.297
2014-03-23 11:00:00,,-17.293
2014-03-23 12:00:00,,-17.29
2014-03-23 13:00:00,,-17.285
2014-03-23 14:00:00,,-17.28
2014-03-23 15:00:00,,-17.276
2014-03-23 16:00:00,,-17.278
2014-03-23 17:00:00,,-17.277
2014-03-23 18:00:00,,-17.279
2014-03-23 19:00:00,,-17.283
2014-03-23 20:00:00,,-17.283
2014-03-23 21:00:00,,-17.289
2014-03-23 22:00:00,,-17.288
2014-03-23 23:00:00,,-17.289
2014-03-24 00:00:00,,-17.288
2014-03-24 01:00:00,,-17.291
2014-03-24 02:00:00,,-17.291
2014-03-24 03:00:00,,-17.293
2014-03-24 04:00:00,,-17.292
2014-03-24 05:00:00,,-17.298
2014-03-24 06:00:00,,-17.297
2014-03-24 07:00:00,,-17.305
2014-03-24 08:00:00,,-17.308
2014-03-24 09:00:00,,-17.307
2014-03-24 10:00:00,,-17.308
2014-03-24 11:00:00,,-17.304
2014-03-24 12:00:00,,-17.298
2014-03-24 13:00:00,,-17.29
2014-03-24 14:00:00,,-17.283
2014-03-24 15:00:00,,-17.277
2014-03-24 16:00:00,,-17.274
2014-03-24 17:00:00,,-17.274
2014-03-24 18:00:00,,-17.276
2014-03-24 19:00:00,,-17.28
2014-03-24 20:00:00,,-17.284
2014-03-24 21:00:00,,-17.289
2014-03-24 22:00:00,,-17.293
2014-03-24 23:00:00,,-17.294
2014-03-25 00:00:00,,-17.293
2014-03-25 01:00:00,,-17.288
2014-03-25 02:00:00,,-17.291
2014-03-25 03:00:00,,-17.295
2014-03-25 04:00:00,,-17.297
2014-03-25 05:00:00,,-17.297
2014-03-25 06:00:00,,-17.3
2014-03-25 07:00:00,,-17.302
2014-03-25 08:00:00,,-17.309
2014-03-25 09:00:00,,-17.311
2014-03-25 10:00:00,,-17.31
2014-03-25 11:00:00,,-17.305
2014-03-25 12:00:00,,-17.296
2014-03-25 13:00:00,,-17.29
2014-03-25 14:00:00,,-17.28
2014-03-25 15:00:00,,-17.275
2014-03-25 16:00:00,,-17.272
2014-03-25 17:00:00,,-17.274
2014-03-25 18:00:00,,-17.277
2014-03-25 19:00:00,,-17.283
2014-03-25 20:00:00,,-17.286
2014-03-25 21:00:00,,-17.291
2014-03-25 22:00:00,,-17.295
2014-03-25 23:00:00,,-17.297
2014-03-26 00:00:00,,-17.295
2014-03-26 01:00:00,,-17.292
2014-03-26 02:00:00,,-17.291
2014-03-26 03:00:00,,-17.288
2014-03-26 04:00:00,,-17.289
2014-03-26 05:00:00,,-17.291
2014-03-26 06:00:00,,-17.296
2014-03-26 07:00:00,,-17.3
2014-03-26 08:00:00,,-17.305
2014-03-26 09:00:00,,-17.304
2014-03-26 10:00:00,,-17.305
2014-03-26 11:00:00,,-17.3
2014-03-26 12:00:00,,-17.292
2014-03-26 13:00:00,,-17.286
2014-03-26 14:00:00,,-17.277
2014-03-26 15:00:00,,-17.273
2014-03-26 16:00:00,,-17.27
2014-03-26 17:00:00,,-17.272
2014-03-26 18:00:00,,-17.274
2014-03-26 19:00:00,,-17.28
2014-03-26 20:00:00,,-17.284
2014-03-26 21:00:00,,-17.289
2014-03-26 22:00:00,,-17.29
2014-03-26 23:00:00,,-17.288
2014-03-27 00:00:00,,-17.287
2014-03-27 01:00:00,,-17.285
2014-03-27 02:00:00,,-17.278
2014-03-27 03:00:00,,-17.276
2014-03-27 04:00:00,,-17.277
2014-03-27 05:00:00,,-17.281
2014-03-27 06:00:00,,-17.286
2014-03-27 07:00:00,,-17.292
2014-03-27 08:00:00,,-17.296
2014-03-27 09:00:00,,-17.297
2014-03-27 10:00:00,,-17.297
2014-03-27 11:00:00,,-17.296
2014-03-27 12:00:00,,-17.287
2014-03-27 13:00:00,,-17.279
2014-03-27 14:00:00,,-17.27
2014-03-27 15:00:00,,-17.264
2014-03-27 16:00:00,,-17.259
2014-03-27 17:00:00,,-17.263
2014-03-27 18:00:00,,-17.262
2014-03-27 19:00:00,,-17.265
2014-03-27 20:00:00,,-17.27
2014-03-27 21:00:00,,-17.278
2014-03-27 22:00:00,,-17.277
2014-03-27 23:00:00,,-17.281
2014-03-28 00:00:00,,-17.283
2014-03-28 01:00:00,,-17.28
2014-03-28 02:00:00,,-17.275
2014-03-28 03:00:00,,-17.273
2014-03-28 04:00:00,,-17.272
2014-03-28 05:00:00,,-17.274
2014-03-28 06:00:00,,-17.276
2014-03-28 07:00:00,,-17.287
2014-03-28 08:00:00,,-17.293
2014-03-28 09:00:00,,-17.299
2014-03-28 10:00:00,,-17.306
2014-03-28 11:00:00,,-17.3
2014-03-28 12:00:00,,-17.297
2014-03-28 13:00:00,,-17.286
2014-03-28 14:00:00,,-17.279
2014-03-28 15:00:00,,-17.27
2014-03-28 16:00:00,,-17.265
2014-03-28 17:00:00,,-17.266
2014-03-28 18:00:00,,-17.267
2014-03-28 19:00:00,,-17.271
2014-03-28 20:00:00,,-17.277
2014-03-28 21:00:00,,-17.282
2014-03-28 22:00:00,,-17.287
2014-03-28 23:00:00,,-17.286
2014-03-29 00:00:00,,-17.286
2014-03-29 01:00:00,,-17.283
2014-03-29 02:00:00,,-17.278
2014-03-29 03:00:00,,-17.276
2014-03-29 04:00:00,,-17.275
2014-03-29 05:00:00,,-17.278
2014-03-29 06:00:00,,-17.283
2014-03-29 07:00:00,,-17.287
2014-03-29 08:00:00,,-17.292
2014-03-29 09:00:00,,-17.3
2014-03-29 10:00:00,,-17.303
2014-03-29 11:00:00,,-17.302
2014-03-29 12:00:00,,-17.295
2014-03-29 13:00:00,,-17.29
2014-03-29 14:00:00,,-17.279
2014-03-29 15:00:00,,-17.274
2014-03-29 16:00:00,,-17.268
2014-03-29 17:00:00,,-17.267
2014-03-29 18:00:00,,-17.268
2014-03-29 19:00:00,,-17.274
2014-03-29 20:00:00,,-17.279
2014-03-29 21:00:00,,-17.286
2014-03-29 22:00:00,,-17.289
2014-03-29 23:00:00,,-17.286
2014-03-30 00:00:00,,-17.286
2014-03-30 01:00:00,,-17.291
2014-03-30 02:00:00,,-17.285
2014-03-30 03:00:00,,-17.28
2014-03-30 04:00:00,,-17.281
2014-03-30 05:00:00,,-17.281
2014-03-30 06:00:00,,-17.283
2014-03-30 07:00:00,,-17.293
2014-03-30 08:00:00,,-17.299
2014-03-30 09:00:00,,-17.308
2014-03-30 10:00:00,,-17.31
2014-03-30 11:00:00,,-17.31
2014-03-30 12:00:00,,-17.303
2014-03-30 13:00:00,,-17.296
2014-03-30 14:00:00,,-17.29
2014-03-30 15:00:00,,-17.284
2014-03-30 16:00:00,,-17.279
2014-03-30 17:00:00,,-17.278
2014-03-30 18:00:00,,-17.278
2014-03-30 19:00:00,,-17.281
2014-03-30 20:00:00,,-17.284
2014-03-30 21:00:00,,-17.291
2014-03-30 22:00:00,,-17.293
2014-03-30 23:00:00,,-17.297
2014-03-31 00:00:00,,-17.29
2014-03-31 01:00:00,,-17.292
2014-03-31 02:00:00,,-17.289
2014-03-31 03:00:00,,-17.285
2014-03-31 04:00:00,,-17.281
2014-03-31 05:00:00,,-17.283
2014-03-31 06:00:00,,-17.285
2014-03-31 07:00:00,,-17.29
2014-03-31 08:00:00,,-17.297
2014-03-31 09:00:00,,-17.304
2014-03-31 10:00:00,,-17.305
2014-03-31 11:00:00,,-17.303
2014-03-31 12:00:00,,-17.297
2014-03-31 13:00:00,,-17.291
2014-03-31 14:00:00,,-17.28
2014-03-31 15:00:00,,-17.275
2014-03-31 16:00:00,,-17.27
2014-03-31 17:00:00,,-17.268
2014-03-31 18:00:00,,-17.268
2014-03-31 19:00:00,,-17.271
2014-03-31 20:00:00,,-17.272
2014-03-31 21:00:00,,-17.279
2014-03-31 22:00:00,,-17.282
2014-03-31 23:00:00,,-17.284
2014-04-01 00:00:00,,-17.281
2014-04-01 01:00:00,,-17.278
2014-04-01 02:00:00,,-17.278
2014-04-01 03:00:00,,-17.276
2014-04-01 04:00:00,,-17.272
2014-04-01 05:00:00,,-17.27
2014-04-01 06:00:00,,-17.276
2014-04-01 07:00:00,,-17.278
2014-04-01 08:00:00,,-17.279
2014-04-01 09:00:00,,-17.284
2014-04-01 10:00:00,,-17.286
2014-04-01 11:00:00,,-17.284
2014-04-01 12:00:00,,-17.276
2014-04-01 13:00:00,,-17.269
2014-04-01 14:00:00,,-17.262
2014-04-01 15:00:00,,-17.257
2014-04-01 16:00:00,,-17.247
2014-04-01 17:00:00,,-17.247
2014-04-01 18:00:00,,-17.245
2014-04-01 19:00:00,,-17.245
2014-04-01 20:00:00,,-17.253
2014-04-01 21:00:00,,-17.258
2014-04-01 22:00:00,,-17.262
2014-04-01 23:00:00,,-17.26
2014-04-02 00:00:00,,-17.261
2014-04-02 01:00:00,,-17.26
2014-04-02 02:00:00,,-17.259
2014-04-02 03:00:00,,-17.258
2014-04-02 04:00:00,,-17.257
2014-04-02 05:00:00,,-17.258
2014-04-02 06:00:00,,-17.258
2014-04-02 07:00:00,,-17.258
2014-04-02 08:00:00,,-17.264
2014-04-02 09:00:00,,-17.268
2014-04-02 10:00:00,,-17.265
2014-04-02 11:00:00,,-17.268
2014-04-02 12:00:00,,-17.263
2014-04-02 13:00:00,,-17.255
2014-04-02 14:00:00,,-17.25
2014-04-02 15:00:00,,-17.244
2014-04-02 16:00:00,,-17.24
2014-04-02 17:00:00,,-17.238
2014-04-02 18:00:00,,-17.236
2014-04-02 19:00:00,,-17.241
2014-04-02 20:00:00,,-17.245
2014-04-02 21:00:00,,-17.249
2014-04-02 22:00:00,,-17.253
2014-04-02 23:00:00,,-17.255
2014-04-03 00:00:00,,-17.253
2014-04-03 01:00:00,,-17.254
2014-04-03 02:00:00,,-17.254
2014-04-03 03:00:00,,-17.255
2014-04-03 04:00:00,,-17.256
2014-04-03 05:00:00,,-17.253
2014-04-03 06:00:00,,-17.262
2014-04-03 07:00:00,,-17.266
2014-04-03 08:00:00,,-17.269
2014-04-03 09:00:00,,-17.277
2014-04-03 10:00:00,,-17.281
2014-04-03 11:00:00,,-17.282
2014-04-03 12:00:00,,-17.277
2014-04-03 13:00:00,,-17.276
2014-04-03 14:00:00,,-17.268
2014-04-03 15:00:00,,-17.269
2014-04-03 16:00:00,,-17.265
2014-04-03 17:00:00,,-17.261
2014-04-03 18:00:00,,-17.263
2014-04-03 19:00:00,,-17.267
2014-04-03 20:00:00,,-17.272
2014-04-03 21:00:00,,-17.278
2014-04-03 22:00:00,,-17.285
2014-04-03 23:00:00,,-17.285
2014-04-04 00:00:00,,-17.285
2014-04-04 01:00:00,,-17.284
2014-04-04 02:00:00,,-17.284
2014-04-04 03:00:00,,-17.285
2014-04-04 04:00:00,,-17.285
2014-04-04 05:00:00,,-17.288
2014-04-04 06:00:00,,-17.29
2014-04-04 07:00:00,,-17.292
2014-04-04 08:00:00,,-17.296
2014-04-04 09:00:00,,-17.297
2014-04-04 10:00:00,,-17.295
2014-04-04 11:00:00,,-17.295
2014-04-04 12:00:00,,-17.292
2014-04-04 13:00:00,,-17.283
2014-04-04 14:00:00,,-17.279
2014-04-04 15:00:00,,-17.275
2014-04-04 16:00:00,,-17.274
2014-04-04 17:00:00,,-17.269
2014-04-04 18:00:00,,-17.273
2014-04-04 19:00:00,,-17.279
2014-04-04 20:00:00,,-17.28
2014-04-04 21:00:00,,-17.285
2014-04-04 22:00:00,,-17.292
2014-04-04 23:00:00,,-17.291
2014-04-05 00:00:00,,-17.301
2014-04-05 01:00:00,,-17.298
2014-04-05 02:00:00,,-17.296
2014-04-05 03:00:00,,-17.297
2014-04-05 04:00:00,,-17.298
2014-04-05 05:00:00,,-17.299
2014-04-05 06:00:00,,-17.3
2014-04-05 07:00:00,,-17.297
2014-04-05 08:00:00,,-17.298
2014-04-05 09:00:00,,-17.301
2014-04-05 10:00:00,,-17.302
2014-04-05 11:00:00,,-17.3
2014-04-05 12:00:00,,-17.294
2014-04-05 13:00:00,,-17.29
2014-04-05 14:00:00,,-17.284
2014-04-05 15:00:00,,-17.279
2014-04-05 16:00:00,,-17.278
2014-04-05 17:00:00,,-17.271
2014-04-05 18:00:00,,-17.269
2014-04-05 19:00:00,,-17.276
2014-04-05 20:00:00,,-17.282
2014-04-05 21:00:00,,-17.29
2014-04-05 22:00:00,,-17.289
2014-04-05 23:00:00,,-17.291
2014-04-06 00:00:00,,-17.287
2014-04-06 01:00:00,,-17.29
2014-04-06 02:00:00,,-17.288
2014-04-06 03:00:00,,-17.285
2014-04-06 04:00:00,,-17.286
2014-04-06 05:00:00,,-17.286
2014-04-06 06:00:00,,-17.289
2014-04-06 07:00:00,,-17.288
2014-04-06 08:00:00,,-17.291
2014-04-06 09:00:00,,-17.292
2014-04-06 10:00:00,,-17.292
2014-04-06 11:00:00,,-17.29
2014-04-06 12:00:00,,-17.281
2014-04-06 13:00:00,,-17.276
2014-04-06 14:00:00,,-17.272
2014-04-06 15:00:00,,-17.266
2014-04-06 16:00:00,,-17.265
2014-04-06 17:00:00,,-17.264
2014-04-06 18:00:00,,-17.265
2014-04-06 19:00:00,,-17.276
2014-04-06 20:00:00,,-17.277
2014-04-06 21:00:00,,-17.282
2014-04-06 22:00:00,,-17.285
2014-04-06 23:00:00,,-17.28
2014-04-07 00:00:00,,-17.28
2014-04-07 01:00:00,,-17.276
2014-04-07 02:00:00,,-17.275
2014-04-07 03:00:00,,-17.275
2014-04-07 04:00:00,,-17.277
2014-04-07 05:00:00,,-17.277
2014-04-07 06:00:00,,-17.279
2014-04-07 07:00:00,,-17.284
2014-04-07 08:00:00,,-17.286
2014-04-07 09:00:00,,-17.284
2014-04-07 10:00:00,,-17.286
2014-04-07 11:00:00,,-17.279
2014-04-07 12:00:00,,-17.272
2014-04-07 13:00:00,,-17.264
2014-04-07 14:00:00,,-17.257
2014-04-07 15:00:00,,-17.252
2014-04-07 16:00:00,,-17.25
2014-04-07 17:00:00,,-17.25
2014-04-07 18:00:00,,-17.252
2014-04-07 19:00:00,,-17.254
2014-04-07 20:00:00,,-17.258
2014-04-07 21:00:00,,-17.259
2014-04-07 22:00:00,,-17.263
2014-04-07 23:00:00,,-17.26
2014-04-08 00:00:00,,-17.256
2014-04-08 01:00:00,,-17.259
2014-04-08 02:00:00,,-17.255
2014-04-08 03:00:00,,-17.259
2014-04-08 04:00:00,,-17.258
2014-04-08 05:00:00,,-17.26
2014-04-08 06:00:00,,-17.265
2014-04-08 07:00:00,,-17.269
2014-04-08 08:00:00,,-17.268
2014-04-08 09:00:00,,-17.273
2014-04-08 10:00:00,,-17.273
2014-04-08 11:00:00,,-17.277
2014-04-08 12:00:00,,-17.278
2014-04-08 13:00:00,,-17.266
2014-04-08 14:00:00,,-17.266
2014-04-08 15:00:00,,-17.258
2014-04-08 16:00:00,,-17.257
2014-04-08 17:00:00,,-17.259
2014-04-08 18:00:00,,-17.264
2014-04-08 19:00:00,,-17.267
2014-04-08 20:00:00,,-17.273
2014-04-08 21:00:00,,-17.273
2014-04-08 22:00:00,,-17.271
2014-04-08 23:00:00,,-17.268
2014-04-09 00:00:00,,-17.271
2014-04-09 01:00:00,,-17.268
2014-04-09 02:00:00,,-17.263
2014-04-09 03:00:00,,-17.263
2014-04-09 04:00:00,,-17.26
2014-04-09 05:00:00,,-17.26
2014-04-09 06:00:00,,-17.264
2014-04-09 07:00:00,,-17.265
2014-04-09 08:00:00,,-17.27
2014-04-09 09:00:00,,-17.275
2014-04-09 10:00:00,,-17.277
2014-04-09 11:00:00,,-17.276
2014-04-09 12:00:00,,-17.27
2014-04-09 13:00:00,,-17.262
2014-04-09 14:00:00,,-17.262
2014-04-09 15:00:00,,-17.258
2014-04-09 16:00:00,,-17.258
2014-04-09 17:00:00,,-17.258
2014-04-09 18:00:00,,-17.265
2014-04-09 19:00:00,,-17.269
2014-04-09 20:00:00,,-17.273
2014-04-09 21:00:00,,-17.276
2014-04-09 22:00:00,,-17.276
2014-04-09 23:00:00,,-17.276
2014-04-10 00:00:00,,-17.274
2014-04-10 01:00:00,,-17.268
2014-04-10 02:00:00,,-17.265
2014-04-10 03:00:00,,-17.265
2014-04-10 04:00:00,,-17.264
2014-04-10 05:00:00,,-17.266
2014-04-10 06:00:00,,-17.272
2014-04-10 07:00:00,,-17.276
2014-04-10 08:00:00,,-17.281
2014-04-10 09:00:00,,-17.281
2014-04-10 10:00:00,,-17.282
2014-04-10 11:00:00,,-17.28
2014-04-10 12:00:00,,-17.273
2014-04-10 13:00:00,,-17.265
2014-04-10 14:00:00,,-17.259
2014-04-10 15:00:00,,-17.255
2014-04-10 16:00:00,,-17.258
2014-04-10 17:00:00,,-17.256
2014-04-10 18:00:00,,-17.257
2014-04-10 19:00:00,,-17.262
2014-04-10 20:00:00,,-17.267
2014-04-10 21:00:00,,-17.273
2014-04-10 22:00:00,,-17.276
2014-04-10 23:00:00,,-17.273
2014-04-11 00:00:00,,-17.274
2014-04-11 01:00:00,,-17.27
2014-04-11 02:00:00,,-17.267
2014-04-11 03:00:00,,-17.266
2014-04-11 04:00:00,,-17.265
2014-04-11 05:00:00,,-17.264
2014-04-11 06:00:00,,-17.269
2014-04-11 07:00:00,,-17.278
2014-04-11 08:00:00,,-17.283
2014-04-11 09:00:00,,-17.285
2014-04-11 10:00:00,,-17.285
2014-04-11 11:00:00,,-17.285
2014-04-11 12:00:00,,-17.28
2014-04-11 13:00:00,,-17.272
2014-04-11 14:00:00,,-17.265
2014-04-11 15:00:00,,-17.262
2014-04-11 16:00:00,,-17.263
2014-04-11 17:00:00,,-17.264
2014-04-11 18:00:00,,-17.268
2014-04-11 19:00:00,,-17.275
2014-04-11 20:00:00,,-17.286
2014-04-11 21:00:00,,-17.285
2014-04-11 22:00:00,,-17.286
2014-04-11 23:00:00,,-17.288
2014-04-12 00:00:00,,-17.287
2014-04-12 01:00:00,,-17.287
2014-04-12 02:00:00,,-17.28
2014-04-12 03:00:00,,-17.276
2014-04-12 04:00:00,,-17.275
2014-04-12 05:00:00,,-17.276
2014-04-12 06:00:00,,-17.278
2014-04-12 07:00:00,,-17.282
2014-04-12 08:00:00,,-17.285
2014-04-12 09:00:00,,-17.289
2014-04-12 10:00:00,,-17.291
2014-04-12 11:00:00,,-17.29
2014-04-12 12:00:00,,-17.282
2014-04-12 13:00:00,,-17.273
2014-04-12 14:00:00,,-17.267
2014-04-12 15:00:00,,-17.264
2014-04-12 16:00:00,,-17.259
2014-04-12 17:00:00,,-17.259
2014-04-12 18:00:00,,-17.265
2014-04-12 19:00:00,,-17.273
2014-04-12 20:00:00,,-17.279
2014-04-12 21:00:00,,-17.283
2014-04-12 22:00:00,,-17.287
2014-04-12 23:00:00,,-17.289
2014-04-13 00:00:00,,-17.288
2014-04-13 01:00:00,,-17.283
2014-04-13 02:00:00,,-17.283
2014-04-13 03:00:00,,-17.278
2014-04-13 04:00:00,,-17.278
2014-04-13 05:00:00,,-17.278
2014-04-13 06:00:00,,-17.278
2014-04-13 07:00:00,,-17.286
2014-04-13 08:00:00,,-17.289
2014-04-13 09:00:00,,-17.296
2014-04-13 10:00:00,,-17.297
2014-04-13 11:00:00,,-17.297
2014-04-13 12:00:00,,-17.291
2014-04-13 13:00:00,,-17.284
2014-04-13 14:00:00,,-17.279
2014-04-13 15:00:00,,-17.274
2014-04-13 16:00:00,,-17.269
2014-04-13 17:00:00,,-17.274
2014-04-13 18:00:00,,-17.276
2014-04-13 19:00:00,,-17.281
2014-04-13 20:00:00,,-17.29
2014-04-13 21:00:00,,-17.294
2014-04-13 22:00:00,,-17.299
2014-04-13 23:00:00,,-17.301
2014-04-14 00:00:00,,-17.298
2014-04-14 01:00:00,,-17.296
2014-04-14 02:00:00,,-17.293
2014-04-14 03:00:00,,-17.291
2014-04-14 04:00:00,,-17.289
2014-04-14 05:00:00,,-17.288
2014-04-14 06:00:00,,-17.289
2014-04-14 07:00:00,,-17.293
2014-04-14 08:00:00,,-17.297
2014-04-14 09:00:00,,-17.301
2014-04-14 10:00:00,,-17.306
2014-04-14 11:00:00,,-17.3
2014-04-14 12:00:00,,-17.295
2014-04-14 13:00:00,,-17.29
2014-04-14 14:00:00,,-17.283
2014-04-14 15:00:00,,-17.279
2014-04-14 16:00:00,,-17.277
2014-04-14 17:00:00,,-17.276
2014-04-14 18:00:00,,-17.281
2014-04-14 19:00:00,,-17.29
2014-04-14 20:00:00,,-17.295
2014-04-14 21:00:00,,-17.302
2014-04-14 22:00:00,,-17.304
2014-04-14 23:00:00,,-17.307
2014-04-15 00:00:00,,-17.309
2014-04-15 01:00:00,,-17.304
2014-04-15 02:00:00,,-17.302
2014-04-15 03:00:00,,-17.298
2014-04-15 04:00:00,,-17.298
2014-04-15 05:00:00,,-17.299
2014-04-15 06:00:00,,-17.302
2014-04-15 07:00:00,,-17.305
2014-04-15 08:00:00,,-17.308
2014-04-15 09:00:00,,-17.312
2014-04-15 10:00:00,,-17.317
2014-04-15 11:00:00,,-17.316
2014-04-15 12:00:00,,-17.315
2014-04-15 13:00:00,,-17.305
2014-04-15 14:00:00,,-17.298
2014-04-15 15:00:00,,-17.293
2014-04-15 16:00:00,,-17.291
2014-04-15 17:00:00,,-17.289
2014-04-15 18:00:00,,-17.292
2014-04-15 19:00:00,,-17.295
2014-04-15 20:00:00,,-17.301
2014-04-15 21:00:00,,-17.306
2014-04-15 22:00:00,,-17.313
2014-04-15 23:00:00,,-17.314
2014-04-16 00:00:00,,-17.315
2014-04-16 01:00:00,,-17.314
2014-04-16 02:00:00,,-17.314
2014-04-16 03:00:00,,-17.307
2014-04-16 04:00:00,,-17.304
2014-04-16 05:00:00,,-17.306
2014-04-16 06:00:00,,-17.307
2014-04-16 07:00:00,,-17.31
2014-04-16 08:00:00,,-17.314
2014-04-16 09:00:00,,-17.319
2014-04-16 10:00:00,,-17.322
2014-04-16 11:00:00,,-17.32
2014-04-16 12:00:00,,-17.318
2014-04-16 13:00:00,,-17.31
2014-04-16 14:00:00,,-17.302
2014-04-16 15:00:00,,-17.298
2014-04-16 16:00:00,,-17.294
2014-04-16 17:00:00,,-17.294
2014-04-16 18:00:00,,-17.292
2014-04-16 19:00:00,,-17.298
2014-04-16 20:00:00,,-17.302
2014-04-16 21:00:00,,-17.308
2014-04-16 22:00:00,,-17.318
2014-04-16 23:00:00,,-17.318
2014-04-17 00:00:00,,-17.316
2014-04-17 01:00:00,,-17.318
2014-04-17 02:00:00,,-17.316
2014-04-17 03:00:00,,-17.313
2014-04-17 04:00:00,,-17.312
2014-04-17 05:00:00,,-17.309
2014-04-17 06:00:00,,-17.312
2014-04-17 07:00:00,,-17.316
2014-04-17 08:00:00,,-17.319
2014-04-17 09:00:00,,-17.322
2014-04-17 10:00:00,,-17.325
2014-04-17 11:00:00,,-17.325
2014-04-17 12:00:00,,-17.319
2014-04-17 13:00:00,,-17.316
2014-04-17 14:00:00,,-17.308
2014-04-17 15:00:00,,-17.306
2014-04-17 16:00:00,,-17.3
2014-04-17 17:00:00,,-17.299
2014-04-17 18:00:00,,-17.3
2014-04-17 19:00:00,,-17.305
2014-04-17 20:00:00,,-17.312
2014-04-17 21:00:00,,-17.317
2014-04-17 22:00:00,,-17.321
2014-04-17 23:00:00,,-17.323
2014-04-18 00:00:00,,-17.323
2014-04-18 01:00:00,,-17.323
2014-04-18 02:00:00,,-17.322
2014-04-18 03:00:00,,-17.32
2014-04-18 04:00:00,,-17.317
2014-04-18 05:00:00,,-17.316
2014-04-18 06:00:00,,-17.315
2014-04-18 07:00:00,,-17.316
2014-04-18 08:00:00,,-17.32
2014-04-18 09:00:00,,-17.32
2014-04-18 10:00:00,,-17.321
2014-04-18 11:00:00,,-17.324
2014-04-18 12:00:00,,-17.322
2014-04-18 13:00:00,,-17.317
2014-04-18 14:00:00,,-17.311
2014-04-18 15:00:00,,-17.308
2014-04-18 16:00:00,,-17.302
2014-04-18 17:00:00,,-17.301
2014-04-18 18:00:00,,-17.306
2014-04-18 19:00:00,,-17.305
2014-04-18 20:00:00,,-17.31
2014-04-18 21:00:00,,-17.316
2014-04-18 22:00:00,,-17.318
2014-04-18 23:00:00,,-17.319
2014-04-19 00:00:00,,-17.32
2014-04-19 01:00:00,,-17.319
2014-04-19 02:00:00,,-17.318
2014-04-19 03:00:00,,-17.318
2014-04-19 04:00:00,,-17.318
2014-04-19 05:00:00,,-17.314
2014-04-19 06:00:00,,-17.313
2014-04-19 07:00:00,,-17.314
2014-04-19 08:00:00,,-17.317
2014-04-19 09:00:00,,-17.316
2014-04-19 10:00:00,,-17.317
2014-04-19 11:00:00,,-17.32
2014-04-19 12:00:00,,-17.311
2014-04-19 13:00:00,,-17.305
2014-04-19 14:00:00,,-17.299
2014-04-19 15:00:00,,-17.291
2014-04-19 16:00:00,,-17.289
2014-04-19 17:00:00,,-17.289
2014-04-19 18:00:00,,-17.286
2014-04-19 19:00:00,,-17.29
2014-04-19 20:00:00,,-17.291
2014-04-19 21:00:00,,-17.297
2014-04-19 22:00:00,,-17.299
2014-04-19 23:00:00,,-17.301
2014-04-20 00:00:00,,-17.3
2014-04-20 01:00:00,,-17.302
2014-04-20 02:00:00,,-17.302
2014-04-20 03:00:00,,-17.299
2014-04-20 04:00:00,,-17.297
2014-04-20 05:00:00,,-17.298
2014-04-20 06:00:00,,-17.296
2014-04-20 07:00:00,,-17.299
2014-04-20 08:00:00,,-17.305
2014-04-20 09:00:00,,-17.308
2014-04-20 10:00:00,,-17.306
2014-04-20 11:00:00,,-17.304
2014-04-20 12:00:00,,-17.299
2014-04-20 13:00:00,,-17.294
2014-04-20 14:00:00,,-17.288
2014-04-20 15:00:00,,-17.285
2014-04-20 16:00:00,,-17.282
2014-04-20 17:00:00,,-17.286
2014-04-20 18:00:00,,-17.282
2014-04-20 19:00:00,,-17.286
2014-04-20 20:00:00,,-17.289
2014-04-20 21:00:00,,-17.296
2014-04-20 22:00:00,,-17.295
2014-04-20 23:00:00,,-17.294
2014-04-21 00:00:00,,-17.297
2014-04-21 01:00:00,,-17.292
2014-04-21 02:00:00,,-17.29
2014-04-21 03:00:00,,-17.293
2014-04-21 04:00:00,,-17.291
2014-04-21 05:00:00,,-17.292
2014-04-21 06:00:00,,-17.294
2014-04-21 07:00:00,,-17.298
2014-04-21 08:00:00,,-17.301
2014-04-21 09:00:00,,-17.303
2014-04-21 10:00:00,,-17.302
2014-04-21 11:00:00,,-17.298
2014-04-21 12:00:00,,-17.294
2014-04-21 13:00:00,,-17.29
2014-04-21 14:00:00,,-17.283
2014-04-21 15:00:00,,-17.28
2014-04-21 16:00:00,,-17.28
2014-04-21 17:00:00,,-17.281
2014-04-21 18:00:00,,-17.285
2014-04-21 19:00:00,,-17.285
2014-04-21 20:00:00,,-17.284
2014-04-21 21:00:00,,-17.285
2014-04-21 22:00:00,,-17.289
2014-04-21 23:00:00,,-17.288
2014-04-22 00:00:00,,-17.292
2014-04-22 01:00:00,,-17.289
2014-04-22 02:00:00,,-17.29
2014-04-22 03:00:00,,-17.292
2014-04-22 04:00:00,,-17.288
2014-04-22 05:00:00,,-17.29
2014-04-22 06:00:00,,-17.289
2014-04-22 07:00:00,,-17.295
2014-04-22 08:00:00,,-17.3
2014-04-22 09:00:00,,-17.301
2014-04-22 10:00:00,,-17.299
2014-04-22 11:00:00,,-17.298
2014-04-22 12:00:00,,-17.289
2014-04-22 13:00:00,,-17.281
2014-04-22 14:00:00,,-17.277
2014-04-22 15:00:00,,-17.274
2014-04-22 16:00:00,,-17.272
2014-04-22 17:00:00,,-17.272
2014-04-22 18:00:00,,-17.274
2014-04-22 19:00:00,,-17.277
2014-04-22 20:00:00,,-17.282
2014-04-22 21:00:00,,-17.283
2014-04-22 22:00:00,,-17.287
2014-04-22 23:00:00,,-17.289
2014-04-23 00:00:00,,-17.283
2014-04-23 01:00:00,,-17.281
2014-04-23 02:00:00,,-17.28
2014-04-23 03:00:00,,-17.281
2014-04-23 04:00:00,,-17.28
2014-04-23 05:00:00,,-17.28
2014-04-23 06:00:00,,-17.283
2014-04-23 07:00:00,,-17.286
2014-04-23 08:00:00,,-17.287
2014-04-23 09:00:00,,-17.29
2014-04-23 10:00:00,,-17.291
2014-04-23 11:00:00,,-17.287
2014-04-23 12:00:00,,-17.282
2014-04-23 13:00:00,,-17.275
2014-04-23 14:00:00,,-17.273
2014-04-23 15:00:00,,-17.268
2014-04-23 16:00:00,,-17.264
2014-04-23 17:00:00,,-17.265
2014-04-23 18:00:00,,-17.267
2014-04-23 19:00:00,,-17.274
2014-04-23 20:00:00,,-17.278
2014-04-23 21:00:00,,-17.282
2014-04-23 22:00:00,,-17.282
2014-04-23 23:00:00,,-17.282
2014-04-24 00:00:00,,-17.28
2014-04-24 01:00:00,,-17.278
2014-04-24 02:00:00,,-17.274
2014-04-24 03:00:00,,-17.273
2014-04-24 04:00:00,,-17.273
2014-04-24 05:00:00,,-17.273
2014-04-24 06:00:00,,-17.277
2014-04-24 07:00:00,,-17.281
2014-04-24 08:00:00,,-17.286
2014-04-24 09:00:00,,-17.289
2014-04-24 10:00:00,,-17.289
2014-04-24 11:00:00,,-17.284
2014-04-24 12:00:00,,-17.279
2014-04-24 13:00:00,,-17.27
2014-04-24 14:00:00,,-17.263
2014-04-24 15:00:00,,-17.259
2014-04-24 16:00:00,,-17.257
2014-04-24 17:00:00,,-17.258
2014-04-24 18:00:00,,-17.261
2014-04-24 19:00:00,,-17.266
2014-04-24 20:00:00,,-17.274
2014-04-24 21:00:00,,-17.277
2014-04-24 22:00:00,,-17.278
2014-04-24 23:00:00,,-17.276
2014-04-25 00:00:00,,-17.274
2014-04-25 01:00:00,,-17.272
2014-04-25 02:00:00,,-17.267
2014-04-25 03:00:00,,-17.266
2014-04-25 04:00:00,,-17.267
2014-04-25 05:00:00,,-17.27
2014-04-25 06:00:00,,-17.272
2014-04-25 07:00:00,,-17.279
2014-04-25 08:00:00,,-17.288
2014-04-25 09:00:00,,-17.289
2014-04-25 10:00:00,,-17.288
2014-04-25 11:00:00,,-17.287
2014-04-25 12:00:00,,-17.279
2014-04-25 13:00:00,,-17.273
2014-04-25 14:00:00,,-17.267
2014-04-25 15:00:00,,-17.258
2014-04-25 16:00:00,,-17.256
2014-04-25 17:00:00,,-17.258
2014-04-25 18:00:00,,-17.264
2014-04-25 19:00:00,,-17.267
2014-04-25 20:00:00,,-17.274
2014-04-25 21:00:00,,-17.279
2014-04-25 22:00:00,,-17.282
2014-04-25 23:00:00,,-17.286
2014-04-26 00:00:00,,-17.281
2014-04-26 01:00:00,,-17.277
2014-04-26 02:00:00,,-17.276
2014-04-26 03:00:00,,-17.272
2014-04-26 04:00:00,,-17.272
2014-04-26 05:00:00,,-17.273
2014-04-26 06:00:00,,-17.276
2014-04-26 07:00:00,,-17.284
2014-04-26 08:00:00,,-17.29
2014-04-26 09:00:00,,-17.293
2014-04-26 10:00:00,,-17.294
2014-04-26 11:00:00,,-17.289
2014-04-26 12:00:00,,-17.284
2014-04-26 13:00:00,,-17.275
2014-04-26 14:00:00,,-17.267
2014-04-26 15:00:00,,-17.263
2014-04-26 16:00:00,,-17.259
2014-04-26 17:00:00,,-17.262
2014-04-26 18:00:00,,-17.264
2014-04-26 19:00:00,,-17.273
2014-04-26 20:00:00,,-17.279
2014-04-26 21:00:00,,-17.283
2014-04-26 22:00:00,,-17.292
2014-04-26 23:00:00,,-17.29
2014-04-27 00:00:00,,-17.288
2014-04-27 01:00:00,,-17.287
2014-04-27 02:00:00,,-17.282
2014-04-27 03:00:00,,-17.282
2014-04-27 04:00:00,,-17.28
2014-04-27 05:00:00,,-17.281
2014-04-27 06:00:00,,-17.288
2014-04-27 07:00:00,,-17.292
2014-04-27 08:00:00,,-17.3
2014-04-27 09:00:00,,-17.304
2014-04-27 10:00:00,,-17.303
2014-04-27 11:00:00,,-17.299
2014-04-27 12:00:00,,-17.291
2014-04-27 13:00:00,,-17.282
2014-04-27 14:00:00,,-17.272
2014-04-27 15:00:00,,-17.268
2014-04-27 16:00:00,,-17.266
2014-04-27 17:00:00,,-17.264
2014-04-27 18:00:00,,-17.266
2014-04-27 19:00:00,,-17.272
2014-04-27 20:00:00,,-17.278
2014-04-27 21:00:00,,-17.286
2014-04-27 22:00:00,,-17.29
2014-04-27 23:00:00,,-17.288
2014-04-28 00:00:00,,-17.289
2014-04-28 01:00:00,,-17.286
2014-04-28 02:00:00,,-17.283
2014-04-28 03:00:00,,-17.28
2014-04-28 04:00:00,,-17.281
2014-04-28 05:00:00,,-17.28
2014-04-28 06:00:00,,-17.281
2014-04-28 07:00:00,,-17.288
2014-04-28 08:00:00,,-17.292
2014-04-28 09:00:00,,-17.299
2014-04-28 10:00:00,,-17.301
2014-04-28 11:00:00,,-17.299
2014-04-28 12:00:00,,-17.294
2014-04-28 13:00:00,,-17.287
2014-04-28 14:00:00,,-17.28
2014-04-28 15:00:00,,-17.275
2014-04-28 16:00:00,,-17.27
2014-04-28 17:00:00,,-17.269
2014-04-28 18:00:00,,-17.268
2014-04-28 19:00:00,,-17.27
2014-04-28 20:00:00,,-17.277
2014-04-28 21:00:00,,-17.28
2014-04-28 22:00:00,,-17.281
2014-04-28 23:00:00,,-17.285
2014-04-29 00:00:00,,-17.282
2014-04-29 01:00:00,,-17.277
2014-04-29 02:00:00,,-17.273
2014-04-29 03:00:00,,-17.269
2014-04-29 04:00:00,,-17.267
2014-04-29 05:00:00,,-17.266
2014-04-29 06:00:00,,-17.268
2014-04-29 07:00:00,,-17.274
2014-04-29 08:00:00,,-17.279
2014-04-29 09:00:00,,-17.284
2014-04-29 10:00:00,,-17.284
2014-04-29 11:00:00,,-17.281
2014-04-29 12:00:00,,-17.277
2014-04-29 13:00:00,,-17.271
2014-04-29 14:00:00,,-17.262
2014-04-29 15:00:00,,-17.254
2014-04-29 16:00:00,,-17.252
2014-04-29 17:00:00,,-17.258
2014-04-29 18:00:00,,-17.269
2014-04-29 19:00:00,,-17.275
2014-04-29 20:00:00,,-17.286
2014-04-29 21:00:00,,-17.291
2014-04-29 22:00:00,,-17.303
2014-04-29 23:00:00,,-17.309
2014-04-30 00:00:00,,-17.31
2014-04-30 01:00:00,,-17.306
2014-04-30 02:00:00,,-17.302
2014-04-30 03:00:00,,-17.301
2014-04-30 04:00:00,,-17.3
2014-04-30 05:00:00,,-17.298
2014-04-30 06:00:00,,-17.3
2014-04-30 07:00:00,,-17.299
2014-04-30 08:00:00,,-17.305
2014-04-30 09:00:00,,-17.315
2014-04-30 10:00:00,,-17.32
2014-04-30 11:00:00,,-17.316
2014-04-30 12:00:00,,-17.313
2014-04-30 13:00:00,,-17.307
2014-04-30 14:00:00,,-17.302
2014-04-30 15:00:00,,-17.299
2014-04-30 16:00:00,,-17.297
2014-04-30 17:00:00,,-17.296
2014-04-30 18:00:00,,-17.296
2014-04-30 19:00:00,,-17.304
2014-04-30 20:00:00,,-17.308
2014-04-30 21:00:00,,-17.319
2014-04-30 22:00:00,,-17.322
2014-04-30 23:00:00,,-17.324
2014-05-01 00:00:00,,-17.318
2014-05-01 01:00:00,,-17.317
2014-05-01 02:00:00,,-17.316
2014-05-01 03:00:00,,-17.315
2014-05-01 04:00:00,,-17.307
2014-05-01 05:00:00,,-17.308
2014-05-01 06:00:00,,-17.309
2014-05-01 07:00:00,,-17.311
2014-05-01 08:00:00,,-17.309
2014-05-01 09:00:00,,-17.313
2014-05-01 10:00:00,,-17.316
2014-05-01 11:00:00,,-17.315
2014-05-01 12:00:00,,-17.308
2014-05-01 13:00:00,,-17.303
2014-05-01 14:00:00,,-17.297
2014-05-01 15:00:00,,-17.291
2014-05-01 16:00:00,,-17.289
2014-05-01 17:00:00,,-17.287
2014-05-01 18:00:00,,-17.29
2014-05-01 19:00:00,,-17.293
2014-05-01 20:00:00,,-17.297
2014-05-01 21:00:00,,-17.301
2014-05-01 22:00:00,,-17.304
2014-05-01 23:00:00,,-17.306
2014-05-02 00:00:00,,-17.304
2014-05-02 01:00:00,,-17.308
2014-05-02 02:00:00,,-17.304
2014-05-02 03:00:00,,-17.304
2014-05-02 04:00:00,,-17.301
2014-05-02 05:00:00,,-17.299
2014-05-02 06:00:00,,-17.301
2014-05-02 07:00:00,,-17.303
2014-05-02 08:00:00,,-17.307
2014-05-02 09:00:00,,-17.311
2014-05-02 10:00:00,,-17.312
2014-05-02 11:00:00,,-17.311
2014-05-02 12:00:00,,-17.305
2014-05-02 13:00:00,,-17.297
2014-05-02 14:00:00,,-17.292
2014-05-02 15:00:00,,-17.285
2014-05-02 16:00:00,,-17.283
2014-05-02 17:00:00,,-17.283
2014-05-02 18:00:00,,-17.284
2014-05-02 19:00:00,,-17.286
2014-05-02 20:00:00,,-17.288
2014-05-02 21:00:00,,-17.297
2014-05-02 22:00:00,,-17.297
2014-05-02 23:00:00,,-17.296
2014-05-03 00:00:00,,-17.299
2014-05-03 01:00:00,,-17.297
2014-05-03 02:00:00,,-17.298
2014-05-03 03:00:00,,-17.3
2014-05-03 04:00:00,,-17.296
2014-05-03 05:00:00,,-17.296
2014-05-03 06:00:00,,-17.299
2014-05-03 07:00:00,,-17.3
2014-05-03 08:00:00,,-17.304
2014-05-03 09:00:00,,-17.307
2014-05-03 10:00:00,,-17.31
2014-05-03 11:00:00,,-17.305
2014-05-03 12:00:00,,-17.3
2014-05-03 13:00:00,,-17.292
2014-05-03 14:00:00,,-17.288
2014-05-03 15:00:00,,-17.284
2014-05-03 16:00:00,,-17.282
2014-05-03 17:00:00,,-17.28
2014-05-03 18:00:00,,-17.281
2014-05-03 19:00:00,,-17.284
2014-05-03 20:00:00,,-17.288
2014-05-03 21:00:00,,-17.29
2014-05-03 22:00:00,,-17.294
2014-05-03 23:00:00,,-17.294
2014-05-04 00:00:00,,-17.295
2014-05-04 01:00:00,,-17.294
2014-05-04 02:00:00,,-17.294
2014-05-04 03:00:00,,-17.294
2014-05-04 04:00:00,,-17.293
2014-05-04 05:00:00,,-17.296
2014-05-04 06:00:00,,-17.296
2014-05-04 07:00:00,,-17.3
2014-05-04 08:00:00,,-17.306
2014-05-04 09:00:00,,-17.309
2014-05-04 10:00:00,,-17.313
2014-05-04 11:00:00,,-17.312
2014-05-04 12:00:00,,-17.307
2014-05-04 13:00:00,,-17.303
2014-05-04 14:00:00,,-17.302
2014-05-04 15:00:00,,-17.295
2014-05-04 16:00:00,,-17.291
2014-05-04 17:00:00,,-17.291
2014-05-04 18:00:00,,-17.291
2014-05-04 19:00:00,,-17.301
2014-05-04 20:00:00,,-17.304
2014-05-04 21:00:00,,-17.304
2014-05-04 22:00:00,,-17.306
2014-05-04 23:00:00,,-17.307
2014-05-05 00:00:00,,-17.308
2014-05-05 01:00:00,,-17.31
2014-05-05 02:00:00,,-17.309
2014-05-05 03:00:00,,-17.31
2014-05-05 04:00:00,,-17.31
2014-05-05 05:00:00,,-17.312
2014-05-05 06:00:00,,-17.316
2014-05-05 07:00:00,,-17.322
2014-05-05 08:00:00,,-17.327
2014-05-05 09:00:00,,-17.33
2014-05-05 10:00:00,,-17.329
2014-05-05 11:00:00,,-17.328
2014-05-05 12:00:00,,-17.324
2014-05-05 13:00:00,,-17.317
2014-05-05 14:00:00,,-17.311
2014-05-05 15:00:00,,-17.307
2014-05-05 16:00:00,,-17.304
2014-05-05 17:00:00,,-17.308
2014-05-05 18:00:00,,-17.306
2014-05-05 19:00:00,,-17.31
2014-05-05 20:00:00,,-17.315
2014-05-05 21:00:00,,-17.317
2014-05-05 22:00:00,,-17.319
2014-05-05 23:00:00,,-17.322
2014-05-06 00:00:00,,-17.322
2014-05-06 01:00:00,,-17.322
2014-05-06 02:00:00,,-17.319
2014-05-06 03:00:00,,-17.318
2014-05-06 04:00:00,,-17.32
2014-05-06 05:00:00,,-17.32
2014-05-06 06:00:00,,-17.326
2014-05-06 07:00:00,,-17.327
2014-05-06 08:00:00,,-17.33
2014-05-06 09:00:00,,-17.331
2014-05-06 10:00:00,,-17.332
2014-05-06 11:00:00,,-17.324
2014-05-06 12:00:00,,-17.321
2014-05-06 13:00:00,,-17.313
2014-05-06 14:00:00,,-17.309
2014-05-06 15:00:00,,-17.307
2014-05-06 16:00:00,,-17.304
2014-05-06 17:00:00,,-17.302
2014-05-06 18:00:00,,-17.306
2014-05-06 19:00:00,,-17.311
2014-05-06 20:00:00,,-17.318
2014-05-06 21:00:00,,-17.312
2014-05-06 22:00:00,,-17.314
2014-05-06 23:00:00,,-17.316
2014-05-07 00:00:00,,-17.316
2014-05-07 01:00:00,,-17.316
2014-05-07 02:00:00,,-17.313
2014-05-07 03:00:00,,-17.313
2014-05-07 04:00:00,,-17.314
2014-05-07 05:00:00,,-17.31
2014-05-07 06:00:00,,-17.316
2014-05-07 07:00:00,,-17.319
2014-05-07 08:00:00,,-17.324
2014-05-07 09:00:00,,-17.325
2014-05-07 10:00:00,,-17.324
2014-05-07 11:00:00,,-17.318
2014-05-07 12:00:00,,-17.312
2014-05-07 13:00:00,,-17.307
2014-05-07 14:00:00,,-17.299
2014-05-07 15:00:00,,-17.297
2014-05-07 16:00:00,,-17.294
2014-05-07 17:00:00,,-17.294
2014-05-07 18:00:00,,-17.299
2014-05-07 19:00:00,,-17.302
2014-05-07 20:00:00,,-17.311
2014-05-07 21:00:00,,-17.311
2014-05-07 22:00:00,,-17.312
2014-05-07 23:00:00,,-17.312
2014-05-08 00:00:00,,-17.311
2014-05-08 01:00:00,,-17.309
2014-05-08 02:00:00,,-17.307
2014-05-08 03:00:00,,-17.308
2014-05-08 04:00:00,,-17.305
2014-05-08 05:00:00,,-17.308
2014-05-08 06:00:00,,-17.309
2014-05-08 07:00:00,,-17.309
2014-05-08 08:00:00,,-17.31
2014-05-08 09:00:00,,-17.312
2014-05-08 10:00:00,,-17.309
2014-05-08 11:00:00,,-17.306
2014-05-08 12:00:00,,-17.297
2014-05-08 13:00:00,,-17.291
2014-05-08 14:00:00,,-17.285
2014-05-08 15:00:00,,-17.279
2014-05-08 16:00:00,,-17.277
2014-05-08 17:00:00,,-17.279
2014-05-08 18:00:00,,-17.282
2014-05-08 19:00:00,,-17.287
2014-05-08 20:00:00,,-17.291
2014-05-08 21:00:00,,-17.293
2014-05-08 22:00:00,,-17.29
2014-05-08 23:00:00,,-17.29
2014-05-09 00:00:00,,-17.285
2014-05-09 01:00:00,,-17.288
2014-05-09 02:00:00,,-17.286
2014-05-09 03:00:00,,-17.284
2014-05-09 04:00:00,,-17.287
2014-05-09 05:00:00,,-17.283
2014-05-09 06:00:00,,-17.287
2014-05-09 07:00:00,,-17.293
2014-05-09 08:00:00,,-17.299
2014-05-09 09:00:00,,-17.299
2014-05-09 10:00:00,,-17.297
2014-05-09 11:00:00,,-17.296
2014-05-09 12:00:00,,-17.286
2014-05-09 13:00:00,,-17.277
2014-05-09 14:00:00,,-17.272
2014-05-09 15:00:00,,-17.267
2014-05-09 16:00:00,,-17.268
2014-05-09 17:00:00,,-17.269
2014-05-09 18:00:00,,-17.272
2014-05-09 19:00:00,,-17.277
2014-05-09 20:00:00,,-17.28
2014-05-09 21:00:00,,-17.282
2014-05-09 22:00:00,,-17.285
2014-05-09 23:00:00,,-17.284
2014-05-10 00:00:00,,-17.282
2014-05-10 01:00:00,,-17.279
2014-05-10 02:00:00,,-17.278
2014-05-10 03:00:00,,-17.278
2014-05-10 04:00:00,,-17.277
2014-05-10 05:00:00,,-17.28
2014-05-10 06:00:00,,-17.282
2014-05-10 07:00:00,,-17.289
2014-05-10 08:00:00,,-17.297
2014-05-10 09:00:00,,-17.302
2014-05-10 10:00:00,,-17.299
2014-05-10 11:00:00,,-17.299
2014-05-10 12:00:00,,-17.293
2014-05-10 13:00:00,,-17.285
2014-05-10 14:00:00,,-17.281
2014-05-10 15:00:00,,-17.275
2014-05-10 16:00:00,,-17.276
2014-05-10 17:00:00,,-17.275
2014-05-10 18:00:00,,-17.28
2014-05-10 19:00:00,,-17.284
2014-05-10 20:00:00,,-17.289
2014-05-10 21:00:00,,-17.295
2014-05-10 22:00:00,,-17.295
2014-05-10 23:00:00,,-17.296
2014-05-11 00:00:00,,-17.294
2014-05-11 01:00:00,,-17.292
2014-05-11 02:00:00,,-17.291
2014-05-11 03:00:00,,-17.289
2014-05-11 04:00:00,,-17.289
2014-05-11 05:00:00,,-17.291
2014-05-11 06:00:00,,-17.295
2014-05-11 07:00:00,,-17.304
2014-05-11 08:00:00,,-17.308
2014-05-11 09:00:00,,-17.313
2014-05-11 10:00:00,,-17.316
2014-05-11 11:00:00,,-17.311
2014-05-11 12:00:00,,-17.307
2014-05-11 13:00:00,,-17.301
2014-05-11 14:00:00,,-17.296
2014-05-11 15:00:00,,-17.29
2014-05-11 16:00:00,,-17.289
2014-05-11 17:00:00,,-17.292
2014-05-11 18:00:00,,-17.294
2014-05-11 19:00:00,,-17.3
2014-05-11 20:00:00,,-17.306
2014-05-11 21:00:00,,-17.312
2014-05-11 22:00:00,,-17.314
2014-05-11 23:00:00,,-17.312
2014-05-12 00:00:00,,-17.31
2014-05-12 01:00:00,,-17.311
2014-05-12 02:00:00,,-17.307
2014-05-12 03:00:00,,-17.306
2014-05-12 04:00:00,,-17.306
2014-05-12 05:00:00,,-17.31
2014-05-12 06:00:00,,-17.313
2014-05-12 07:00:00,,-17.319
2014-05-12 08:00:00,,-17.325
2014-05-12 09:00:00,,-17.326
2014-05-12 10:00:00,,-17.329
2014-05-12 11:00:00,,-17.329
2014-05-12 12:00:00,,-17.325
2014-05-12 13:00:00,,-17.318
2014-05-12 14:00:00,,-17.311
2014-05-12 15:00:00,,-17.309
2014-05-12 16:00:00,,-17.308
2014-05-12 17:00:00,,-17.309
2014-05-12 18:00:00,,-17.313
2014-05-12 19:00:00,,-17.316
2014-05-12 20:00:00,,-17.324
2014-05-12 21:00:00,,-17.326
2014-05-12 22:00:00,,-17.329
2014-05-12 23:00:00,,-17.33
2014-05-13 00:00:00,,-17.324
2014-05-13 01:00:00,,-17.321
2014-05-13 02:00:00,,-17.318
2014-05-13 03:00:00,,-17.314
2014-05-13 04:00:00,,-17.313
2014-05-13 05:00:00,,-17.313
2014-05-13 06:00:00,,-17.314
2014-05-13 07:00:00,,-17.32
2014-05-13 08:00:00,,-17.327
2014-05-13 09:00:00,,-17.331
2014-05-13 10:00:00,,-17.332
2014-05-13 11:00:00,,-17.33
2014-05-13 12:00:00,,-17.323
2014-05-13 13:00:00,,-17.315
2014-05-13 14:00:00,,-17.308
2014-05-13 15:00:00,,-17.302
2014-05-13 16:00:00,,-17.3
2014-05-13 17:00:00,,-17.3
2014-05-13 18:00:00,,-17.304
2014-05-13 19:00:00,,-17.306
2014-05-13 20:00:00,,-17.315
2014-05-13 21:00:00,,-17.318
2014-05-13 22:00:00,,-17.322
2014-05-13 23:00:00,,-17.323
2014-05-14 00:00:00,,-17.321
2014-05-14 01:00:00,,-17.315
2014-05-14 02:00:00,,-17.312
2014-05-14 03:00:00,,-17.305
2014-05-14 04:00:00,,-17.305
2014-05-14 05:00:00,,-17.302
2014-05-14 06:00:00,,-17.303
2014-05-14 07:00:00,,-17.311
2014-05-14 08:00:00,,-17.318
2014-05-14 09:00:00,,-17.317
2014-05-14 10:00:00,,-17.32
2014-05-14 11:00:00,,-17.318
2014-05-14 12:00:00,,-17.314
2014-05-14 13:00:00,,-17.305
2014-05-14 14:00:00,,-17.295
2014-05-14 15:00:00,,-17.291
2014-05-14 16:00:00,,-17.286
2014-05-14 17:00:00,,-17.285
2014-05-14 18:00:00,,-17.289
2014-05-14 19:00:00,,-17.293
2014-05-14 20:00:00,,-17.299
2014-05-14 21:00:00,,-17.306
2014-05-14 22:00:00,,-17.31
2014-05-14 23:00:00,,-17.308
2014-05-15 00:00:00,,-17.308
2014-05-15 01:00:00,,-17.309
2014-05-15 02:00:00,,-17.307
2014-05-15 03:00:00,,-17.302
2014-05-15 04:00:00,,-17.301
2014-05-15 05:00:00,,-17.3
2014-05-15 06:00:00,,-17.301
2014-05-15 07:00:00,,-17.306
2014-05-15 08:00:00,,-17.309
2014-05-15 09:00:00,,-17.313
2014-05-15 10:00:00,,-17.318
2014-05-15 11:00:00,,-17.317
2014-05-15 12:00:00,,-17.313
2014-05-15 13:00:00,,-17.307
2014-05-15 14:00:00,,-17.298
2014-05-15 15:00:00,,-17.294
2014-05-15 16:00:00,,-17.288
2014-05-15 17:00:00,,-17.287
2014-05-15 18:00:00,,-17.29
2014-05-15 19:00:00,,-17.291
2014-05-15 20:00:00,,-17.296
2014-05-15 21:00:00,,-17.304
2014-05-15 22:00:00,,-17.305
2014-05-15 23:00:00,,-17.308
2014-05-16 00:00:00,,-17.309
2014-05-16 01:00:00,,-17.31
2014-05-16 02:00:00,,-17.308
2014-05-16 03:00:00,,-17.305
2014-05-16 04:00:00,,-17.303
2014-05-16 05:00:00,,-17.304
2014-05-16 06:00:00,,-17.306
2014-05-16 07:00:00,,-17.308
2014-05-16 08:00:00,,-17.313
2014-05-16 09:00:00,,-17.317
2014-05-16 10:00:00,,-17.318
2014-05-16 11:00:00,,-17.319
2014-05-16 12:00:00,,-17.312
2014-05-16 13:00:00,,-17.309
2014-05-16 14:00:00,,-17.302
2014-05-16 15:00:00,,-17.298
2014-05-16 16:00:00,,-17.295
2014-05-16 17:00:00,,-17.293
2014-05-16 18:00:00,,-17.296
2014-05-16 19:00:00,,-17.3
2014-05-16 20:00:00,,-17.305
2014-05-16 21:00:00,,-17.309
2014-05-16 22:00:00,,-17.313
2014-05-16 23:00:00,,-17.313
2014-05-17 00:00:00,,-17.314
2014-05-17 01:00:00,,-17.315
2014-05-17 02:00:00,,-17.312
2014-05-17 03:00:00,,-17.307
2014-05-17 04:00:00,,-17.304
2014-05-17 05:00:00,,-17.303
2014-05-17 06:00:00,,-17.304
2014-05-17 07:00:00,,-17.305
2014-05-17 08:00:00,,-17.307
2014-05-17 09:00:00,,-17.312
2014-05-17 10:00:00,,-17.312
2014-05-17 11:00:00,,-17.311
2014-05-17 12:00:00,,-17.306
2014-05-17 13:00:00,,-17.299
2014-05-17 14:00:00,,-17.3
2014-05-17 15:00:00,,-17.295
2014-05-17 16:00:00,,-17.295
2014-05-17 17:00:00,,-17.291
2014-05-17 18:00:00,,-17.29
2014-05-17 19:00:00,,-17.294
2014-05-17 20:00:00,,-17.297
2014-05-17 21:00:00,,-17.304
2014-05-17 22:00:00,,-17.306
2014-05-17 23:00:00,,-17.307
2014-05-18 00:00:00,,-17.308
2014-05-18 01:00:00,,-17.31
2014-05-18 02:00:00,,-17.307
2014-05-18 03:00:00,,-17.306
2014-05-18 04:00:00,,-17.308
2014-05-18 05:00:00,,-17.303
2014-05-18 06:00:00,,-17.305
2014-05-18 07:00:00,,-17.304
2014-05-18 08:00:00,,-17.306
2014-05-18 09:00:00,,-17.307
2014-05-18 10:00:00,,-17.31
2014-05-18 11:00:00,,-17.308
2014-05-18 12:00:00,,-17.303
2014-05-18 13:00:00,,-17.299
2014-05-18 14:00:00,,-17.296
2014-05-18 15:00:00,,-17.295
2014-05-18 16:00:00,,-17.292
2014-05-18 17:00:00,,-17.291
2014-05-18 18:00:00,,-17.292
2014-05-18 19:00:00,,-17.295
2014-05-18 20:00:00,,-17.3
2014-05-18 21:00:00,,-17.303
2014-05-18 22:00:00,,-17.304
2014-05-18 23:00:00,,-17.308
2014-05-19 00:00:00,,-17.308
2014-05-19 01:00:00,,-17.307
2014-05-19 02:00:00,,-17.31
2014-05-19 03:00:00,,-17.308
2014-05-19 04:00:00,,-17.309
2014-05-19 05:00:00,,-17.307
2014-05-19 06:00:00,,-17.306
2014-05-19 07:00:00,,-17.304
2014-05-19 08:00:00,,-17.308
2014-05-19 09:00:00,,-17.31
2014-05-19 10:00:00,,-17.31
2014-05-19 11:00:00,,-17.309
2014-05-19 12:00:00,,-17.307
2014-05-19 13:00:00,,-17.303
2014-05-19 14:00:00,,-17.303
2014-05-19 15:00:00,,-17.304
2014-05-19 16:00:00,,-17.305
2014-05-19 17:00:00,,-17.304
2014-05-19 18:00:00,,-17.305
2014-05-19 19:00:00,,-17.307
2014-05-19 20:00:00,,-17.309
2014-05-19 21:00:00,,-17.312
2014-05-19 22:00:00,,-17.311
2014-05-19 23:00:00,,-17.31
2014-05-20 00:00:00,,-17.312
2014-05-20 01:00:00,,-17.312
2014-05-20 02:00:00,,-17.312
2014-05-20 03:00:00,,-17.309
2014-05-20 04:00:00,,-17.312
2014-05-20 05:00:00,,-17.31
2014-05-20 06:00:00,,-17.31
2014-05-20 07:00:00,,-17.311
2014-05-20 08:00:00,,-17.312
2014-05-20 09:00:00,,-17.313
2014-05-20 10:00:00,,-17.314
2014-05-20 11:00:00,,-17.309
2014-05-20 12:00:00,,-17.304
2014-05-20 13:00:00,,-17.299
2014-05-20 14:00:00,,-17.292
2014-05-20 15:00:00,,-17.293
2014-05-20 16:00:00,,-17.293
2014-05-20 17:00:00,,-17.29
2014-05-20 18:00:00,,-17.295
2014-05-20 19:00:00,,-17.296
2014-05-20 20:00:00,,-17.301
2014-05-20 21:00:00,,-17.301
2014-05-20 22:00:00,,-17.298
2014-05-20 23:00:00,,-17.301
2014-05-21 00:00:00,,-17.298
2014-05-21 01:00:00,,-17.299
2014-05-21 02:00:00,,-17.299
2014-05-21 03:00:00,,-17.297
2014-05-21 04:00:00,,-17.298
2014-05-21 05:00:00,,-17.299
2014-05-21 06:00:00,,-17.302
2014-05-21 07:00:00,,-17.302
2014-05-21 08:00:00,,-17.304
2014-05-21 09:00:00,,-17.304
2014-05-21 10:00:00,,-17.303
2014-05-21 11:00:00,,-17.299
2014-05-21 12:00:00,,-17.293
2014-05-21 13:00:00,,-17.286
2014-05-21 14:00:00,,-17.279
2014-05-21 15:00:00,,-17.278
2014-05-21 16:00:00,,-17.276
2014-05-21 17:00:00,,-17.277
2014-05-21 18:00:00,,-17.281
2014-05-21 19:00:00,,-17.28
2014-05-21 20:00:00,,-17.285
2014-05-21 21:00:00,,-17.287
2014-05-21 22:00:00,,-17.288
2014-05-21 23:00:00,,-17.287
2014-05-22 00:00:00,,-17.285
2014-05-22 01:00:00,,-17.285
2014-05-22 02:00:00,,-17.28
2014-05-22 03:00:00,,-17.283
2014-05-22 04:00:00,,-17.279
2014-05-22 05:00:00,,-17.28
2014-05-22 06:00:00,,-17.282
2014-05-22 07:00:00,,-17.287
2014-05-22 08:00:00,,-17.293
2014-05-22 09:00:00,,-17.295
2014-05-22 10:00:00,,-17.294
2014-05-22 11:00:00,,-17.299
2014-05-22 12:00:00,,-17.286
2014-05-22 13:00:00,,-17.285
2014-05-22 14:00:00,,-17.282
2014-05-22 15:00:00,,-17.277
2014-05-22 16:00:00,,-17.277
2014-05-22 17:00:00,,-17.278
2014-05-22 18:00:00,,-17.281
2014-05-22 19:00:00,,-17.281
2014-05-22 20:00:00,,-17.282
2014-05-22 21:00:00,,-17.288
2014-05-22 22:00:00,,-17.287
2014-05-22 23:00:00,,-17.29
2014-05-23 00:00:00,,-17.288
2014-05-23 01:00:00,,-17.283
2014-05-23 02:00:00,,-17.284
2014-05-23 03:00:00,,-17.286
2014-05-23 04:00:00,,-17.287
2014-05-23 05:00:00,,-17.287
2014-05-23 06:00:00,,-17.292
2014-05-23 07:00:00,,-17.296
2014-05-23 08:00:00,,-17.301
2014-05-23 09:00:00,,-17.304
2014-05-23 10:00:00,,-17.304
2014-05-23 11:00:00,,-17.301
2014-05-23 12:00:00,,-17.295
2014-05-23 13:00:00,,-17.286
2014-05-23 14:00:00,,-17.278
2014-05-23 15:00:00,,-17.275
2014-05-23 16:00:00,,-17.272
2014-05-23 17:00:00,,-17.275
2014-05-23 18:00:00,,-17.28
2014-05-23 19:00:00,,-17.287
2014-05-23 20:00:00,,-17.293
2014-05-23 21:00:00,,-17.295
2014-05-23 22:00:00,,-17.295
2014-05-23 23:00:00,,-17.296
2014-05-24 00:00:00,,-17.294
2014-05-24 01:00:00,,-17.291
2014-05-24 02:00:00,,-17.292
2014-05-24 03:00:00,,-17.289
2014-05-24 04:00:00,,-17.291
2014-05-24 05:00:00,,-17.291
2014-05-24 06:00:00,,-17.296
2014-05-24 07:00:00,,-17.303
2014-05-24 08:00:00,,-17.305
2014-05-24 09:00:00,,-17.313
2014-05-24 10:00:00,,-17.312
2014-05-24 11:00:00,,-17.31
2014-05-24 12:00:00,,-17.304
2014-05-24 13:00:00,,-17.295
2014-05-24 14:00:00,,-17.29
2014-05-24 15:00:00,,-17.283
2014-05-24 16:00:00,,-17.279
2014-05-24 17:00:00,,-17.281
2014-05-24 18:00:00,,-17.286
2014-05-24 19:00:00,,-17.291
2014-05-24 20:00:00,,-17.294
2014-05-24 21:00:00,,-17.296
2014-05-24 22:00:00,,-17.302
2014-05-24 23:00:00,,-17.299
2014-05-25 00:00:00,,-17.301
2014-05-25 01:00:00,,-17.297
2014-05-25 02:00:00,,-17.296
2014-05-25 03:00:00,,-17.295
2014-05-25 04:00:00,,-17.297
2014-05-25 05:00:00,,-17.299
2014-05-25 06:00:00,,-17.3
2014-05-25 07:00:00,,-17.304
2014-05-25 08:00:00,,-17.31
2014-05-25 09:00:00,,-17.314
2014-05-25 10:00:00,,-17.315
2014-05-25 11:00:00,,-17.313
2014-05-25 12:00:00,,-17.305
2014-05-25 13:00:00,,-17.298
2014-05-25 14:00:00,,-17.291
2014-05-25 15:00:00,,-17.282
2014-05-25 16:00:00,,-17.28
2014-05-25 17:00:00,,-17.278
2014-05-25 18:00:00,,-17.279
2014-05-25 19:00:00,,-17.284
2014-05-25 20:00:00,,-17.292
2014-05-25 21:00:00,,-17.296
2014-05-25 22:00:00,,-17.302
2014-05-25 23:00:00,,-17.295
2014-05-26 00:00:00,,-17.295
2014-05-26 01:00:00,,-17.29
2014-05-26 02:00:00,,-17.287
2014-05-26 03:00:00,,-17.281
2014-05-26 04:00:00,,-17.281
2014-05-26 05:00:00,,-17.28
2014-05-26 06:00:00,,-17.283
2014-05-26 07:00:00,,-17.289
2014-05-26 08:00:00,,-17.293
2014-05-26 09:00:00,,-17.292
2014-05-26 10:00:00,,-17.291
2014-05-26 11:00:00,,-17.289
2014-05-26 12:00:00,,-17.287
2014-05-26 13:00:00,,-17.286
2014-05-26 14:00:00,,-17.278
2014-05-26 15:00:00,,-17.274
2014-05-26 16:00:00,,-17.272
2014-05-26 17:00:00,,-17.271
2014-05-26 18:00:00,,-17.274
2014-05-26 19:00:00,,-17.28
2014-05-26 20:00:00,,-17.287
2014-05-26 21:00:00,,-17.29
2014-05-26 22:00:00,,-17.293
2014-05-26 23:00:00,,-17.292
2014-05-27 00:00:00,,-17.292
2014-05-27 01:00:00,,-17.289
2014-05-27 02:00:00,,-17.284
2014-05-27 03:00:00,,-17.281
2014-05-27 04:00:00,,-17.281
2014-05-27 05:00:00,,-17.281
2014-05-27 06:00:00,,-17.285
2014-05-27 07:00:00,,-17.289
2014-05-27 08:00:00,,-17.293
2014-05-27 09:00:00,,-17.301
2014-05-27 10:00:00,,-17.302
2014-05-27 11:00:00,,-17.301
2014-05-27 12:00:00,,-17.295
2014-05-27 13:00:00,,-17.287
2014-05-27 14:00:00,,-17.28
2014-05-27 15:00:00,,-17.276
2014-05-27 16:00:00,,-17.271
2014-05-27 17:00:00,,-17.271
2014-05-27 18:00:00,,-17.275
2014-05-27 19:00:00,,-17.279
2014-05-27 20:00:00,,-17.285
2014-05-27 21:00:00,,-17.289
2014-05-27 22:00:00,,-17.291
2014-05-27 23:00:00,,-17.289
2014-05-28 00:00:00,,-17.292
2014-05-28 01:00:00,,-17.289
2014-05-28 02:00:00,,-17.288
2014-05-28 03:00:00,,-17.287
2014-05-28 04:00:00,,-17.287
2014-05-28 05:00:00,,-17.285
2014-05-28 06:00:00,,-17.291
2014-05-28 07:00:00,,-17.295
2014-05-28 08:00:00,,-17.301
2014-05-28 09:00:00,,-17.307
2014-05-28 10:00:00,,-17.31
2014-05-28 11:00:00,,-17.31
2014-05-28 12:00:00,,-17.305
2014-05-28 13:00:00,,-17.298
2014-05-28 14:00:00,,-17.291
2014-05-28 15:00:00,,-17.285
2014-05-28 16:00:00,,-17.287
2014-05-28 17:00:00,,-17.284
2014-05-28 18:00:00,,-17.284
2014-05-28 19:00:00,,-17.291
2014-05-28 20:00:00,,-17.294
2014-05-28 21:00:00,,-17.299
2014-05-28 22:00:00,,-17.303
2014-05-28 23:00:00,,-17.304
2014-05-29 00:00:00,,-17.3
2014-05-29 01:00:00,,-17.298
2014-05-29 02:00:00,,-17.297
2014-05-29 03:00:00,,-17.297
2014-05-29 04:00:00,,-17.294
2014-05-29 05:00:00,,-17.293
2014-05-29 06:00:00,,-17.293
2014-05-29 07:00:00,,-17.299
2014-05-29 08:00:00,,-17.304
2014-05-29 09:00:00,,-17.309
2014-05-29 10:00:00,,-17.311
2014-05-29 11:00:00,,-17.309
2014-05-29 12:00:00,,-17.302
2014-05-29 13:00:00,,-17.295
2014-05-29 14:00:00,,-17.287
2014-05-29 15:00:00,,-17.284
2014-05-29 16:00:00,,-17.283
2014-05-29 17:00:00,,-17.281
2014-05-29 18:00:00,,-17.281
2014-05-29 19:00:00,,-17.285
2014-05-29 20:00:00,,-17.288
2014-05-29 21:00:00,,-17.289
2014-05-29 22:00:00,,-17.292
2014-05-29 23:00:00,,-17.294
2014-05-30 00:00:00,,-17.291
2014-05-30 01:00:00,,-17.291
2014-05-30 02:00:00,,-17.289
2014-05-30 03:00:00,,-17.285
2014-05-30 04:00:00,,-17.283
2014-05-30 05:00:00,,-17.277
2014-05-30 06:00:00,,-17.281
2014-05-30 07:00:00,,-17.28
2014-05-30 08:00:00,,-17.282
2014-05-30 09:00:00,,-17.289
2014-05-30 10:00:00,,-17.287
2014-05-30 11:00:00,,-17.286
2014-05-30 12:00:00,,-17.28
2014-05-30 13:00:00,,-17.278
2014-05-30 14:00:00,,-17.27
2014-05-30 15:00:00,,-17.268
2014-05-30 16:00:00,,-17.266
2014-05-30 17:00:00,,-17.264
2014-05-30 18:00:00,,-17.272
2014-05-30 19:00:00,,-17.274
2014-05-30 20:00:00,,-17.277
2014-05-30 21:00:00,,-17.282
2014-05-30 22:00:00,,-17.285
2014-05-30 23:00:00,,-17.287
2014-05-31 00:00:00,,-17.288
2014-05-31 01:00:00,,-17.289
2014-05-31 02:00:00,,-17.286
2014-05-31 03:00:00,,-17.286
2014-05-31 04:00:00,,-17.287
2014-05-31 05:00:00,,-17.285
2014-05-31 06:00:00,,-17.287
2014-05-31 07:00:00,,-17.289
2014-05-31 08:00:00,,-17.297
2014-05-31 09:00:00,,-17.3
2014-05-31 10:00:00,,-17.301
2014-05-31 11:00:00,,-17.303
2014-05-31 12:00:00,,-17.301
2014-05-31 13:00:00,,-17.296
2014-05-31 14:00:00,,-17.289
2014-05-31 15:00:00,,-17.287
2014-05-31 16:00:00,,-17.286
2014-05-31 17:00:00,,-17.286
2014-05-31 18:00:00,,-17.286
2014-05-31 19:00:00,,-17.29
2014-05-31 20:00:00,,-17.297
2014-05-31 21:00:00,,-17.3
2014-05-31 22:00:00,,-17.306
2014-05-31 23:00:00,,-17.308
2014-06-01 00:00:00,,-17.31
2014-06-01 01:00:00,,-17.311
2014-06-01 02:00:00,,-17.306
2014-06-01 03:00:00,,-17.302
2014-06-01 04:00:00,,-17.303
2014-06-01 05:00:00,,-17.302
2014-06-01 06:00:00,,-17.301
2014-06-01 07:00:00,,-17.3
2014-06-01 08:00:00,,-17.307
2014-06-01 09:00:00,,-17.31
2014-06-01 10:00:00,,-17.313
2014-06-01 11:00:00,,-17.312
2014-06-01 12:00:00,,-17.307
2014-06-01 13:00:00,,-17.305
2014-06-01 14:00:00,,-17.298
2014-06-01 15:00:00,,-17.294
2014-06-01 16:00:00,,-17.296
2014-06-01 17:00:00,,-17.292
2014-06-01 18:00:00,,-17.295
2014-06-01 19:00:00,,-17.302
2014-06-01 20:00:00,,-17.304
2014-06-01 21:00:00,,-17.306
2014-06-01 22:00:00,,-17.307
2014-06-01 23:00:00,,-17.311
2014-06-02 00:00:00,,-17.313
2014-06-02 01:00:00,,-17.315
2014-06-02 02:00:00,,-17.312
2014-06-02 03:00:00,,-17.313
2014-06-02 04:00:00,,-17.309
2014-06-02 05:00:00,,-17.309
2014-06-02 06:00:00,,-17.31
2014-06-02 07:00:00,,-17.312
2014-06-02 08:00:00,,-17.317
2014-06-02 09:00:00,,-17.317
2014-06-02 10:00:00,,-17.319
2014-06-02 11:00:00,,-17.317
2014-06-02 12:00:00,,-17.313
2014-06-02 13:00:00,,-17.308
2014-06-02 14:00:00,,-17.302
2014-06-02 15:00:00,,-17.299
2014-06-02 16:00:00,,-17.298
2014-06-02 17:00:00,,-17.294
2014-06-02 18:00:00,,-17.297
2014-06-02 19:00:00,,-17.299
2014-06-02 20:00:00,,-17.302
2014-06-02 21:00:00,,-17.308
2014-06-02 22:00:00,,-17.309
2014-06-02 23:00:00,,-17.313
2014-06-03 00:00:00,,-17.311
2014-06-03 01:00:00,,-17.312
2014-06-03 02:00:00,,-17.31
2014-06-03 03:00:00,,-17.311
2014-06-03 04:00:00,,-17.311
2014-06-03 05:00:00,,-17.31
2014-06-03 06:00:00,,-17.313
2014-06-03 07:00:00,,-17.312
2014-06-03 08:00:00,,-17.314
2014-06-03 09:00:00,,-17.319
2014-06-03 10:00:00,,-17.318
2014-06-03 11:00:00,,-17.313
2014-06-03 12:00:00,,-17.312
2014-06-03 13:00:00,,-17.309
2014-06-03 14:00:00,,-17.302
2014-06-03 15:00:00,,-17.299
2014-06-03 16:00:00,,-17.296
2014-06-03 17:00:00,,-17.295
2014-06-03 18:00:00,,-17.295
2014-06-03 19:00:00,,-17.297
2014-06-03 20:00:00,,-17.303
2014-06-03 21:00:00,,-17.309
2014-06-03 22:00:00,,-17.309
2014-06-03 23:00:00,,-17.316
2014-06-04 00:00:00,,-17.315
2014-06-04 01:00:00,,-17.316
2014-06-04 02:00:00,,-17.318
2014-06-04 03:00:00,,-17.319
2014-06-04 04:00:00,,-17.319
2014-06-04 05:00:00,,-17.319
2014-06-04 06:00:00,,-17.322
2014-06-04 07:00:00,,-17.324
2014-06-04 08:00:00,,-17.33
2014-06-04 09:00:00,,-17.331
2014-06-04 10:00:00,,-17.329
2014-06-04 11:00:00,,-17.328
2014-06-04 12:00:00,,-17.323
2014-06-04 13:00:00,,-17.316
2014-06-04 14:00:00,,-17.314
2014-06-04 15:00:00,,-17.31
2014-06-04 16:00:00,,-17.31
2014-06-04 17:00:00,,-17.309
2014-06-04 18:00:00,,-17.312
2014-06-04 19:00:00,,-17.315
2014-06-04 20:00:00,,-17.321
2014-06-04 21:00:00,,-17.325
2014-06-04 22:00:00,,-17.327
2014-06-04 23:00:00,,-17.327
2014-06-05 00:00:00,,-17.325
2014-06-05 01:00:00,,-17.326
2014-06-05 02:00:00,,-17.325
2014-06-05 03:00:00,,-17.326
2014-06-05 04:00:00,,-17.328
2014-06-05 05:00:00,,-17.327
2014-06-05 06:00:00,,-17.327
2014-06-05 07:00:00,,-17.334
2014-06-05 08:00:00,,-17.333
2014-06-05 09:00:00,,-17.336
2014-06-05 10:00:00,,-17.336
2014-06-05 11:00:00,,-17.331
2014-06-05 12:00:00,,-17.326
2014-06-05 13:00:00,,-17.322
2014-06-05 14:00:00,,-17.316
2014-06-05 15:00:00,,-17.313
2014-06-05 16:00:00,,-17.315
2014-06-05 17:00:00,,-17.319
2014-06-05 18:00:00,,-17.317
2014-06-05 19:00:00,,-17.323
2014-06-05 20:00:00,,-17.326
2014-06-05 21:00:00,,-17.33
2014-06-05 22:00:00,,-17.33
2014-06-05 23:00:00,,-17.33
2014-06-06 00:00:00,,-17.328
2014-06-06 01:00:00,,-17.33
2014-06-06 02:00:00,,-17.329
2014-06-06 03:00:00,,-17.33
2014-06-06 04:00:00,,-17.33
2014-06-06 05:00:00,,-17.331
2014-06-06 06:00:00,,-17.335
2014-06-06 07:00:00,,-17.337
2014-06-06 08:00:00,,-17.337
2014-06-06 09:00:00,,-17.342
2014-06-06 10:00:00,,-17.341
2014-06-06 11:00:00,,-17.339
2014-06-06 12:00:00,,-17.334
2014-06-06 13:00:00,,-17.328
2014-06-06 14:00:00,,-17.324
2014-06-06 15:00:00,,-17.321
2014-06-06 16:00:00,,-17.321
2014-06-06 17:00:00,,-17.326
2014-06-06 18:00:00,,-17.327
2014-06-06 19:00:00,,-17.334
2014-06-06 20:00:00,,-17.34
2014-06-06 21:00:00,,-17.342
2014-06-06 22:00:00,,-17.342
2014-06-06 23:00:00,,-17.343
2014-06-07 00:00:00,,-17.344
2014-06-07 01:00:00,,-17.344
2014-06-07 02:00:00,,-17.344
2014-06-07 03:00:00,,-17.345
2014-06-07 04:00:00,,-17.347
2014-06-07 05:00:00,,-17.348
2014-06-07 06:00:00,,-17.349
2014-06-07 07:00:00,,-17.352
2014-06-07 08:00:00,,-17.355
2014-06-07 09:00:00,,-17.354
2014-06-07 10:00:00,,-17.353
2014-06-07 11:00:00,,-17.348
2014-06-07 12:00:00,,-17.34
2014-06-07 13:00:00,,-17.331
2014-06-07 14:00:00,,-17.325
2014-06-07 15:00:00,,-17.326
2014-06-07 16:00:00,,-17.329
2014-06-07 17:00:00,,-17.326
2014-06-07 18:00:00,,-17.331
2014-06-07 19:00:00,,-17.337
2014-06-07 20:00:00,,-17.343
2014-06-07 21:00:00,,-17.343
2014-06-07 22:00:00,,-17.34
2014-06-07 23:00:00,,-17.341
2014-06-08 00:00:00,,-17.336
2014-06-08 01:00:00,,-17.338
2014-06-08 02:00:00,,-17.339
2014-06-08 03:00:00,,-17.341
2014-06-08 04:00:00,,-17.344
2014-06-08 05:00:00,,-17.34
2014-06-08 06:00:00,,-17.342
2014-06-08 07:00:00,,-17.342
2014-06-08 08:00:00,,-17.344
2014-06-08 09:00:00,,-17.345
2014-06-08 10:00:00,,-17.347
2014-06-08 11:00:00,,-17.341
2014-06-08 12:00:00,,-17.34
2014-06-08 13:00:00,,-17.33
2014-06-08 14:00:00,,-17.326
2014-06-08 15:00:00,,-17.323
2014-06-08 16:00:00,,-17.324
2014-06-08 17:00:00,,-17.325
2014-06-08 18:00:00,,-17.325
2014-06-08 19:00:00,,-17.332
2014-06-08 20:00:00,,-17.335
2014-06-08 21:00:00,,-17.333
2014-06-08 22:00:00,,-17.334
2014-06-08 23:00:00,,-17.334
2014-06-09 00:00:00,,-17.333
2014-06-09 01:00:00,,-17.335
2014-06-09 02:00:00,,-17.33
2014-06-09 03:00:00,,-17.331
2014-06-09 04:00:00,,-17.326
2014-06-09 05:00:00,,-17.33
2014-06-09 06:00:00,,-17.329
2014-06-09 07:00:00,,-17.335
2014-06-09 08:00:00,,-17.335
2014-06-09 09:00:00,,-17.336
2014-06-09 10:00:00,,-17.334
2014-06-09 11:00:00,,-17.331
2014-06-09 12:00:00,,-17.323
2014-06-09 13:00:00,,-17.315
2014-06-09 14:00:00,,-17.31
2014-06-09 15:00:00,,-17.306
2014-06-09 16:00:00,,-17.303
2014-06-09 17:00:00,,-17.302
2014-06-09 18:00:00,,-17.308
2014-06-09 19:00:00,,-17.31
2014-06-09 20:00:00,,-17.319
2014-06-09 21:00:00,,-17.32
2014-06-09 22:00:00,,-17.322
2014-06-09 23:00:00,,-17.32
2014-06-10 00:00:00,,-17.318
2014-06-10 01:00:00,,-17.311
2014-06-10 02:00:00,,-17.309
2014-06-10 03:00:00,,-17.303
2014-06-10 04:00:00,,-17.299
2014-06-10 05:00:00,,-17.291
2014-06-10 06:00:00,,-17.297
2014-06-10 07:00:00,,-17.302
2014-06-10 08:00:00,,-17.304
2014-06-10 09:00:00,,-17.311
2014-06-10 10:00:00,,-17.309
2014-06-10 11:00:00,,-17.307
2014-06-10 12:00:00,,-17.304
2014-06-10 13:00:00,,-17.291
2014-06-10 14:00:00,,-17.281
2014-06-10 15:00:00,,-17.276
2014-06-10 16:00:00,,-17.273
2014-06-10 17:00:00,,-17.272
2014-06-10 18:00:00,,-17.277
2014-06-10 19:00:00,,-17.277
2014-06-10 20:00:00,,-17.282
2014-06-10 21:00:00,,-17.282
2014-06-10 22:00:00,,-17.286
2014-06-10 23:00:00,,-17.286
2014-06-11 00:00:00,,-17.282
2014-06-11 01:00:00,,-17.276
2014-06-11 02:00:00,,-17.275
2014-06-11 03:00:00,,-17.269
2014-06-11 04:00:00,,-17.271
2014-06-11 05:00:00,,-17.269
2014-06-11 06:00:00,,-17.271
2014-06-11 07:00:00,,-17.274
2014-06-11 08:00:00,,-17.283
2014-06-11 09:00:00,,-17.283
2014-06-11 10:00:00,,-17.283
2014-06-11 11:00:00,,-17.28
2014-06-11 12:00:00,,-17.274
2014-06-11 13:00:00,,-17.26
2014-06-11 14:00:00,,-17.252
2014-06-11 15:00:00,,-17.247
2014-06-11 16:00:00,,-17.242
2014-06-11 17:00:00,,-17.241
2014-06-11 18:00:00,,-17.243
2014-06-11 19:00:00,,-17.246
2014-06-11 20:00:00,,-17.253
2014-06-11 21:00:00,,-17.256
2014-06-11 22:00:00,,-17.26
2014-06-11 23:00:00,,-17.26
2014-06-12 00:00:00,,-17.257
2014-06-12 01:00:00,,-17.256
2014-06-12 02:00:00,,-17.251
2014-06-12 03:00:00,,-17.246
2014-06-12 04:00:00,,-17.244
2014-06-12 05:00:00,,-17.24
2014-06-12 06:00:00,,-17.244
2014-06-12 07:00:00,,-17.248
2014-06-12 08:00:00,,-17.25
2014-06-12 09:00:00,,-17.26
2014-06-12 10:00:00,,-17.26
2014-06-12 11:00:00,,-17.259
2014-06-12 12:00:00,,-17.254
2014-06-12 13:00:00,,-17.245
2014-06-12 14:00:00,,-17.238
2014-06-12 15:00:00,,-17.236
2014-06-12 16:00:00,,-17.233
2014-06-12 17:00:00,,-17.234
2014-06-12 18:00:00,,-17.237
2014-06-12 19:00:00,,-17.245
2014-06-12 20:00:00,,-17.252
2014-06-12 21:00:00,,-17.257
2014-06-12 22:00:00,,-17.265
2014-06-12 23:00:00,,-17.27
2014-06-13 00:00:00,,-17.273
2014-06-13 01:00:00,,-17.269
2014-06-13 02:00:00,,-17.267
2014-06-13 03:00:00,,-17.268
2014-06-13 04:00:00,,-17.27
2014-06-13 05:00:00,,-17.272
2014-06-13 06:00:00,,-17.276
2014-06-13 07:00:00,,-17.283
2014-06-13 08:00:00,,-17.292
2014-06-13 09:00:00,,-17.296
2014-06-13 10:00:00,,-17.302
2014-06-13 11:00:00,,-17.304
2014-06-13 12:00:00,,-17.303
2014-06-13 13:00:00,,-17.297
2014-06-13 14:00:00,,-17.293
2014-06-13 15:00:00,,-17.289
2014-06-13 16:00:00,,-17.285
2014-06-13 17:00:00,,-17.284
2014-06-13 18:00:00,,-17.287
2014-06-13 19:00:00,,-17.294
2014-06-13 20:00:00,,-17.304
2014-06-13 21:00:00,,-17.31
2014-06-13 22:00:00,,-17.316
2014-06-13 23:00:00,,-17.318
2014-06-14 00:00:00,,-17.321
2014-06-14 01:00:00,,-17.323
2014-06-14 02:00:00,,-17.322
2014-06-14 03:00:00,,-17.322
2014-06-14 04:00:00,,-17.319
2014-06-14 05:00:00,,-17.319
2014-06-14 06:00:00,,-17.317
2014-06-14 07:00:00,,-17.322
2014-06-14 08:00:00,,-17.326
2014-06-14 09:00:00,,-17.332
2014-06-14 10:00:00,,-17.334
2014-06-14 11:00:00,,-17.337
2014-06-14 12:00:00,,-17.334
2014-06-14 13:00:00,,-17.328
2014-06-14 14:00:00,,-17.321
2014-06-14 15:00:00,,-17.317
2014-06-14 16:00:00,,-17.312
2014-06-14 17:00:00,,-17.31
2014-06-14 18:00:00,,-17.314
2014-06-14 19:00:00,,-17.318
2014-06-14 20:00:00,,-17.326
2014-06-14 21:00:00,,-17.332
2014-06-14 22:00:00,,-17.338
2014-06-14 23:00:00,,-17.339
2014-06-15 00:00:00,,-17.342
2014-06-15 01:00:00,,-17.342
2014-06-15 02:00:00,,-17.342
2014-06-15 03:00:00,,-17.337
2014-06-15 04:00:00,,-17.336
2014-06-15 05:00:00,,-17.33
2014-06-15 06:00:00,,-17.332
2014-06-15 07:00:00,,-17.33
2014-06-15 08:00:00,,-17.336
2014-06-15 09:00:00,,-17.34
2014-06-15 10:00:00,,-17.343
2014-06-15 11:00:00,,-17.342
2014-06-15 12:00:00,,-17.339
2014-06-15 13:00:00,,-17.334
2014-06-15 14:00:00,,-17.329
2014-06-15 15:00:00,,-17.323
2014-06-15 16:00:00,,-17.322
2014-06-15 17:00:00,,-17.323
2014-06-15 18:00:00,,-17.323
2014-06-15 19:00:00,,-17.327
2014-06-15 20:00:00,,-17.331
2014-06-15 21:00:00,,-17.333
2014-06-15 22:00:00,,-17.336
2014-06-15 23:00:00,,-17.337
2014-06-16 00:00:00,,-17.343
2014-06-16 01:00:00,,-17.347
2014-06-16 02:00:00,,-17.345
2014-06-16 03:00:00,,-17.346
2014-06-16 04:00:00,,-17.346
2014-06-16 05:00:00,,-17.339
2014-06-16 06:00:00,,-17.339
2014-06-16 07:00:00,,-17.343
2014-06-16 08:00:00,,-17.348
2014-06-16 09:00:00,,-17.35
2014-06-16 10:00:00,,-17.355
2014-06-16 11:00:00,,-17.353
2014-06-16 12:00:00,,-17.35
2014-06-16 13:00:00,,-17.346
2014-06-16 14:00:00,,-17.34
2014-06-16 15:00:00,,-17.335
2014-06-16 16:00:00,,-17.335
2014-06-16 17:00:00,,-17.331
2014-06-16 18:00:00,,-17.334
2014-06-16 19:00:00,,-17.336
2014-06-16 20:00:00,,-17.341
2014-06-16 21:00:00,,-17.345
2014-06-16 22:00:00,,-17.349
2014-06-16 23:00:00,,-17.351
2014-06-17 00:00:00,,-17.352
2014-06-17 01:00:00,,-17.354
2014-06-17 02:00:00,,-17.354
2014-06-17 03:00:00,,-17.349
2014-06-17 04:00:00,,-17.349
2014-06-17 05:00:00,,-17.346
2014-06-17 06:00:00,,-17.347
2014-06-17 07:00:00,,-17.348
2014-06-17 08:00:00,,-17.347
2014-06-17 09:00:00,,-17.35
2014-06-17 10:00:00,,-17.353
2014-06-17 11:00:00,,-17.353
2014-06-17 12:00:00,,-17.345
2014-06-17 13:00:00,,-17.342
2014-06-17 14:00:00,,-17.337
2014-06-17 15:00:00,,-17.334
2014-06-17 16:00:00,,-17.331
2014-06-17 17:00:00,,-17.329
2014-06-17 18:00:00,,-17.325
2014-06-17 19:00:00,,-17.327
2014-06-17 20:00:00,,-17.329
2014-06-17 21:00:00,,-17.335
2014-06-17 22:00:00,,-17.333
2014-06-17 23:00:00,,-17.337
2014-06-18 00:00:00,,-17.336
2014-06-18 01:00:00,,-17.336
2014-06-18 02:00:00,,-17.332
2014-06-18 03:00:00,,-17.332
2014-06-18 04:00:00,,-17.33
2014-06-18 05:00:00,,-17.33
2014-06-18 06:00:00,,-17.332
2014-06-18 07:00:00,,-17.334
2014-06-18 08:00:00,,-17.335
2014-06-18 09:00:00,,-17.335
2014-06-18 10:00:00,,-17.335
2014-06-18 11:00:00,,-17.331
2014-06-18 12:00:00,,-17.324
2014-06-18 13:00:00,,-17.316
2014-06-18 14:00:00,,-17.311
2014-06-18 15:00:00,,-17.306
2014-06-18 16:00:00,,-17.307
2014-06-18 17:00:00,,-17.302
2014-06-18 18:00:00,,-17.307
2014-06-18 19:00:00,,-17.307
2014-06-18 20:00:00,,-17.309
2014-06-18 21:00:00,,-17.31
2014-06-18 22:00:00,,-17.31
2014-06-18 23:00:00,,-17.306
2014-06-19 00:00:00,,-17.307
2014-06-19 01:00:00,,-17.308
2014-06-19 02:00:00,,-17.31
2014-06-19 03:00:00,,-17.31
2014-06-19 04:00:00,,-17.308
2014-06-19 05:00:00,,-17.308
2014-06-19 06:00:00,,-17.31
2014-06-19 07:00:00,,-17.309
2014-06-19 08:00:00,,-17.307
2014-06-19 09:00:00,,-17.308
2014-06-19 10:00:00,,-17.308
2014-06-19 11:00:00,,-17.306
2014-06-19 12:00:00,,-17.3
2014-06-19 13:00:00,,-17.296
2014-06-19 14:00:00,,-17.288
2014-06-19 15:00:00,,-17.289
2014-06-19 16:00:00,,-17.288
2014-06-19 17:00:00,,-17.287
2014-06-19 18:00:00,,-17.288
2014-06-19 19:00:00,,-17.291
2014-06-19 20:00:00,,-17.292
2014-06-19 21:00:00,,-17.295
2014-06-19 22:00:00,,-17.295
2014-06-19 23:00:00,,-17.296
2014-06-20 00:00:00,,-17.298
2014-06-20 01:00:00,,-17.296
2014-06-20 02:00:00,,-17.297
2014-06-20 03:00:00,,-17.301
2014-06-20 04:00:00,,-17.298
2014-06-20 05:00:00,,-17.302
2014-06-20 06:00:00,,-17.304
2014-06-20 07:00:00,,-17.307
2014-06-20 08:00:00,,-17.311
2014-06-20 09:00:00,,-17.314
2014-06-20 10:00:00,,-17.315
2014-06-20 11:00:00,,-17.31
2014-06-20 12:00:00,,-17.305
2014-06-20 13:00:00,,-17.3
2014-06-20 14:00:00,,-17.298
2014-06-20 15:00:00,,-17.296
2014-06-20 16:00:00,,-17.294
2014-06-20 17:00:00,,-17.296
2014-06-20 18:00:00,,-17.297
2014-06-20 19:00:00,,-17.302
2014-06-20 20:00:00,,-17.304
2014-06-20 21:00:00,,-17.308
2014-06-20 22:00:00,,-17.307
2014-06-20 23:00:00,,-17.306
2014-06-21 00:00:00,,-17.304
2014-06-21 01:00:00,,-17.307
2014-06-21 02:00:00,,-17.302
2014-06-21 03:00:00,,-17.304
2014-06-21 04:00:00,,-17.304
2014-06-21 05:00:00,,-17.307
2014-06-21 06:00:00,,-17.309
2014-06-21 07:00:00,,-17.315
2014-06-21 08:00:00,,-17.319
2014-06-21 09:00:00,,-17.325
2014-06-21 10:00:00,,-17.323
2014-06-21 11:00:00,,-17.323
2014-06-21 12:00:00,,-17.319
2014-06-21 13:00:00,,-17.312
2014-06-21 14:00:00,,-17.305
2014-06-21 15:00:00,,-17.303
2014-06-21 16:00:00,,-17.301
2014-06-21 17:00:00,,-17.301
2014-06-21 18:00:00,,-17.302
2014-06-21 19:00:00,,-17.308
2014-06-21 20:00:00,,-17.312
2014-06-21 21:00:00,,-17.311
2014-06-21 22:00:00,,-17.312
2014-06-21 23:00:00,,-17.312
2014-06-22 00:00:00,,-17.31
2014-06-22 01:00:00,,-17.31
2014-06-22 02:00:00,,-17.309
2014-06-22 03:00:00,,-17.307
2014-06-22 04:00:00,,-17.31
2014-06-22 05:00:00,,-17.309
2014-06-22 06:00:00,,-17.313
2014-06-22 07:00:00,,-17.319
2014-06-22 08:00:00,,-17.325
2014-06-22 09:00:00,,-17.324
2014-06-22 10:00:00,,-17.325
2014-06-22 11:00:00,,-17.321
2014-06-22 12:00:00,,-17.316
2014-06-22 13:00:00,,-17.306
2014-06-22 14:00:00,,-17.296
2014-06-22 15:00:00,,-17.295
2014-06-22 16:00:00,,-17.29
2014-06-22 17:00:00,,-17.291
2014-06-22 18:00:00,,-17.292
2014-06-22 19:00:00,,-17.296
2014-06-22 20:00:00,,-17.304
2014-06-22 21:00:00,,-17.304
2014-06-22 22:00:00,,-17.303
2014-06-22 23:00:00,,-17.301
2014-06-23 00:00:00,,-17.299
2014-06-23 01:00:00,,-17.294
2014-06-23 02:00:00,,-17.293
2014-06-23 03:00:00,,-17.293
2014-06-23 04:00:00,,-17.292
2014-06-23 05:00:00,,-17.291
2014-06-23 06:00:00,,-17.296
2014-06-23 07:00:00,,-17.3
2014-06-23 08:00:00,,-17.303
2014-06-23 09:00:00,,-17.309
2014-06-23 10:00:00,,-17.31
2014-06-23 11:00:00,,-17.305
2014-06-23 12:00:00,,-17.3
2014-06-23 13:00:00,,-17.29
2014-06-23 14:00:00,,-17.284
2014-06-23 15:00:00,,-17.28
2014-06-23 16:00:00,,-17.281
2014-06-23 17:00:00,,-17.283
2014-06-23 18:00:00,,-17.291
2014-06-23 19:00:00,,-17.298
2014-06-23 20:00:00,,-17.305
2014-06-23 21:00:00,,-17.31
2014-06-23 22:00:00,,-17.311
2014-06-23 23:00:00,,-17.313
2014-06-24 00:00:00,,-17.314
2014-06-24 01:00:00,,-17.311
2014-06-24 02:00:00,,-17.309
2014-06-24 03:00:00,,-17.31
2014-06-24 04:00:00,,-17.309
2014-06-24 05:00:00,,-17.312
2014-06-24 06:00:00,,-17.318
2014-06-24 07:00:00,,-17.324
2014-06-24 08:00:00,,-17.329
2014-06-24 09:00:00,,-17.338
2014-06-24 10:00:00,,-17.337
2014-06-24 11:00:00,,-17.339
2014-06-24 12:00:00,,-17.33
2014-06-24 13:00:00,,-17.327
2014-06-24 14:00:00,,-17.321
2014-06-24 15:00:00,,-17.319
2014-06-24 16:00:00,,-17.319
2014-06-24 17:00:00,,-17.32
2014-06-24 18:00:00,,-17.324
2014-06-24 19:00:00,,-17.328
2014-06-24 20:00:00,,-17.332
2014-06-24 21:00:00,,-17.338
2014-06-24 22:00:00,,-17.339
2014-06-24 23:00:00,,-17.342
2014-06-25 00:00:00,,-17.338
2014-06-25 01:00:00,,-17.339
2014-06-25 02:00:00,,-17.334
2014-06-25 03:00:00,,-17.331
2014-06-25 04:00:00,,-17.328
2014-06-25 05:00:00,,-17.328
2014-06-25 06:00:00,,-17.328
2014-06-25 07:00:00,,-17.336
2014-06-25 08:00:00,,-17.341
2014-06-25 09:00:00,,-17.35
2014-06-25 10:00:00,,-17.355
2014-06-25 11:00:00,,-17.352
2014-06-25 12:00:00,,-17.344
2014-06-25 13:00:00,,-17.338
2014-06-25 14:00:00,,-17.334
2014-06-25 15:00:00,,-17.329
2014-06-25 16:00:00,,-17.325
2014-06-25 17:00:00,,-17.326
2014-06-25 18:00:00,,-17.326
2014-06-25 19:00:00,,-17.332
2014-06-25 20:00:00,,-17.336
2014-06-25 21:00:00,,-17.341
2014-06-25 22:00:00,,-17.343
2014-06-25 23:00:00,,-17.346
2014-06-26 00:00:00,,-17.345
2014-06-26 01:00:00,,-17.342
2014-06-26 02:00:00,,-17.339
2014-06-26 03:00:00,,-17.337
2014-06-26 04:00:00,,-17.334
2014-06-26 05:00:00,,-17.331
2014-06-26 06:00:00,,-17.334
2014-06-26 07:00:00,,-17.338
2014-06-26 08:00:00,,-17.339
2014-06-26 09:00:00,,-17.345
2014-06-26 10:00:00,,-17.348
2014-06-26 11:00:00,,-17.345
2014-06-26 12:00:00,,-17.341
2014-06-26 13:00:00,,-17.332
2014-06-26 14:00:00,,-17.323
2014-06-26 15:00:00,,-17.316
2014-06-26 16:00:00,,-17.312
2014-06-26 17:00:00,,-17.31
2014-06-26 18:00:00,,-17.307
2014-06-26 19:00:00,,-17.31
2014-06-26 20:00:00,,-17.311
2014-06-26 21:00:00,,-17.317
2014-06-26 22:00:00,,-17.317
2014-06-26 23:00:00,,-17.318
2014-06-27 00:00:00,,-17.317
2014-06-27 01:00:00,,-17.311
2014-06-27 02:00:00,,-17.309
2014-06-27 03:00:00,,-17.302
2014-06-27 04:00:00,,-17.3
2014-06-27 05:00:00,,-17.3
2014-06-27 06:00:00,,-17.3
2014-06-27 07:00:00,,-17.301
2014-06-27 08:00:00,,-17.304
2014-06-27 09:00:00,,-17.309
2014-06-27 10:00:00,,-17.311
2014-06-27 11:00:00,,-17.307
2014-06-27 12:00:00,,-17.298
2014-06-27 13:00:00,,-17.29
2014-06-27 14:00:00,,-17.279
2014-06-27 15:00:00,,-17.27
2014-06-27 16:00:00,,-17.264
2014-06-27 17:00:00,,-17.263
2014-06-27 18:00:00,,-17.261
2014-06-27 19:00:00,,-17.265
2014-06-27 20:00:00,,-17.271
2014-06-27 21:00:00,,-17.276
2014-06-27 22:00:00,,-17.279
2014-06-27 23:00:00,,-17.279
2014-06-28 00:00:00,,-17.279
2014-06-28 01:00:00,,-17.278
2014-06-28 02:00:00,,-17.279
2014-06-28 03:00:00,,-17.279
2014-06-28 04:00:00,,-17.28
2014-06-28 05:00:00,,-17.28
2014-06-28 06:00:00,,-17.287
2014-06-28 07:00:00,,-17.292
2014-06-28 08:00:00,,-17.297
2014-06-28 09:00:00,,-17.304
2014-06-28 10:00:00,,-17.309
2014-06-28 11:00:00,,-17.306
2014-06-28 12:00:00,,-17.304
2014-06-28 13:00:00,,-17.297
2014-06-28 14:00:00,,-17.292
2014-06-28 15:00:00,,-17.291
2014-06-28 16:00:00,,-17.286
2014-06-28 17:00:00,,-17.289
2014-06-28 18:00:00,,-17.291
2014-06-28 19:00:00,,-17.296
2014-06-28 20:00:00,,-17.299
2014-06-28 21:00:00,,-17.311
2014-06-28 22:00:00,,-17.313
2014-06-28 23:00:00,,-17.318
2014-06-29 00:00:00,,-17.318
2014-06-29 01:00:00,,-17.317
2014-06-29 02:00:00,,-17.315
2014-06-29 03:00:00,,-17.312
2014-06-29 04:00:00,,-17.31
2014-06-29 05:00:00,,-17.308
2014-06-29 06:00:00,,-17.313
2014-06-29 07:00:00,,-17.315
2014-06-29 08:00:00,,-17.323
2014-06-29 09:00:00,,-17.323
2014-06-29 10:00:00,,-17.329
2014-06-29 11:00:00,,-17.33
2014-06-29 12:00:00,,-17.329
2014-06-29 13:00:00,,-17.322
2014-06-29 14:00:00,,-17.318
2014-06-29 15:00:00,,-17.315
2014-06-29 16:00:00,,-17.313
2014-06-29 17:00:00,,-17.313
2014-06-29 18:00:00,,-17.314
2014-06-29 19:00:00,,-17.318
2014-06-29 20:00:00,,-17.322
2014-06-29 21:00:00,,-17.328
2014-06-29 22:00:00,,-17.332
2014-06-29 23:00:00,,-17.336
2014-06-30 00:00:00,,-17.338
2014-06-30 01:00:00,,-17.339
2014-06-30 02:00:00,,-17.34
2014-06-30 03:00:00,,-17.337
2014-06-30 04:00:00,,-17.334
2014-06-30 05:00:00,,-17.333
2014-06-30 06:00:00,,-17.339
2014-06-30 07:00:00,,-17.34
2014-06-30 08:00:00,,-17.344
2014-06-30 09:00:00,,-17.348
2014-06-30 10:00:00,,-17.353
2014-06-30 11:00:00,,-17.353
2014-06-30 12:00:00,,-17.35
2014-06-30 13:00:00,,-17.347
2014-06-30 14:00:00,,-17.34
2014-06-30 15:00:00,,-17.34
2014-06-30 16:00:00,,-17.336
2014-06-30 17:00:00,,-17.336
2014-06-30 18:00:00,,-17.338
2014-06-30 19:00:00,,-17.34
2014-06-30 20:00:00,,-17.344
2014-06-30 21:00:00,,-17.349
2014-06-30 22:00:00,,-17.351
2014-06-30 23:00:00,,-17.353
2014-07-01 00:00:00,,-17.354
2014-07-01 01:00:00,,-17.353
2014-07-01 02:00:00,,-17.35
2014-07-01 03:00:00,,-17.349
2014-07-01 04:00:00,,-17.348
2014-07-01 05:00:00,,-17.348
2014-07-01 06:00:00,,-17.353
2014-07-01 07:00:00,,-17.355
2014-07-01 08:00:00,,-17.36
2014-07-01 09:00:00,,-17.362
2014-07-01 10:00:00,,-17.365
2014-07-01 11:00:00,,-17.364
2014-07-01 12:00:00,,-17.365
2014-07-01 13:00:00,,-17.354
2014-07-01 14:00:00,,-17.348
2014-07-01 15:00:00,,-17.347
2014-07-01 16:00:00,,-17.341
2014-07-01 17:00:00,,-17.339
2014-07-01 18:00:00,,-17.338
2014-07-01 19:00:00,,-17.341
2014-07-01 20:00:00,,-17.345
2014-07-01 21:00:00,,-17.346
2014-07-01 22:00:00,,-17.347
2014-07-01 23:00:00,,-17.349
2014-07-02 00:00:00,,-17.348
2014-07-02 01:00:00,,-17.346
2014-07-02 02:00:00,,-17.345
2014-07-02 03:00:00,,-17.344
2014-07-02 04:00:00,,-17.344
2014-07-02 05:00:00,,-17.343
2014-07-02 06:00:00,,-17.339
2014-07-02 07:00:00,,-17.341
2014-07-02 08:00:00,,-17.342
2014-07-02 09:00:00,,-17.343
2014-07-02 10:00:00,,-17.344
2014-07-02 11:00:00,,-17.341
2014-07-02 12:00:00,,-17.336
2014-07-02 13:00:00,,-17.327
2014-07-02 14:00:00,,-17.318
2014-07-02 15:00:00,,-17.313
2014-07-02 16:00:00,,-17.309
2014-07-02 17:00:00,,-17.308
2014-07-02 18:00:00,,-17.307
2014-07-02 19:00:00,,-17.308
2014-07-02 20:00:00,,-17.309
2014-07-02 21:00:00,,-17.312
2014-07-02 22:00:00,,-17.312
2014-07-02 23:00:00,,-17.314
2014-07-03 00:00:00,,-17.317
2014-07-03 01:00:00,,-17.316
2014-07-03 02:00:00,,-17.317
2014-07-03 03:00:00,,-17.315
2014-07-03 04:00:00,,-17.31
2014-07-03 05:00:00,,-17.305
2014-07-03 06:00:00,,-17.306
2014-07-03 07:00:00,,-17.303
2014-07-03 08:00:00,,-17.306
2014-07-03 09:00:00,,-17.307
2014-07-03 10:00:00,,-17.306
2014-07-03 11:00:00,,-17.306
2014-07-03 12:00:00,,-17.301
2014-07-03 13:00:00,,-17.291
2014-07-03 14:00:00,,-17.287
2014-07-03 15:00:00,,-17.284
2014-07-03 16:00:00,,-17.285
2014-07-03 17:00:00,,-17.281
2014-07-03 18:00:00,,-17.282
2014-07-03 19:00:00,,-17.285
2014-07-03 20:00:00,,-17.286
2014-07-03 21:00:00,,-17.286
2014-07-03 22:00:00,,-17.289
2014-07-03 23:00:00,,-17.292
2014-07-04 00:00:00,,-17.291
2014-07-04 01:00:00,,-17.293
2014-07-04 02:00:00,,-17.294
2014-07-04 03:00:00,,-17.292
2014-07-04 04:00:00,,-17.294
2014-07-04 05:00:00,,-17.292
2014-07-04 06:00:00,,-17.295
2014-07-04 07:00:00,,-17.296
2014-07-04 08:00:00,,-17.302
2014-07-04 09:00:00,,-17.307
2014-07-04 10:00:00,,-17.308
2014-07-04 11:00:00,,-17.309
2014-07-04 12:00:00,,-17.306
2014-07-04 13:00:00,,-17.3
2014-07-04 14:00:00,,-17.297
2014-07-04 15:00:00,,-17.293
2014-07-04 16:00:00,,-17.292
2014-07-04 17:00:00,,-17.293
2014-07-04 18:00:00,,-17.295
2014-07-04 19:00:00,,-17.299
2014-07-04 20:00:00,,-17.304
2014-07-04 21:00:00,,-17.305
2014-07-04 22:00:00,,-17.31
2014-07-04 23:00:00,,-17.31
2014-07-05 00:00:00,,-17.31
2014-07-05 01:00:00,,-17.309
2014-07-05 02:00:00,,-17.311
2014-07-05 03:00:00,,-17.311
2014-07-05 04:00:00,,-17.314
2014-07-05 05:00:00,,-17.315
2014-07-05 06:00:00,,-17.32
2014-07-05 07:00:00,,-17.325
2014-07-05 08:00:00,,-17.331
2014-07-05 09:00:00,,-17.334
2014-07-05 10:00:00,,-17.335
2014-07-05 11:00:00,,-17.335
2014-07-05 12:00:00,,-17.331
2014-07-05 13:00:00,,-17.323
2014-07-05 14:00:00,,-17.318
2014-07-05 15:00:00,,-17.316
2014-07-05 16:00:00,,-17.313
2014-07-05 17:00:00,,-17.311
2014-07-05 18:00:00,,-17.314
2014-07-05 19:00:00,,-17.318
2014-07-05 20:00:00,,-17.321
2014-07-05 21:00:00,,-17.32
2014-07-05 22:00:00,,-17.322
2014-07-05 23:00:00,,-17.322
2014-07-06 00:00:00,,-17.318
2014-07-06 01:00:00,,-17.319
2014-07-06 02:00:00,,-17.316
2014-07-06 03:00:00,,-17.317
2014-07-06 04:00:00,,-17.316
2014-07-06 05:00:00,,-17.315
2014-07-06 06:00:00,,-17.313
2014-07-06 07:00:00,,-17.317
2014-07-06 08:00:00,,-17.322
2014-07-06 09:00:00,,-17.328
2014-07-06 10:00:00,,-17.331
2014-07-06 11:00:00,,-17.331
2014-07-06 12:00:00,,-17.321
2014-07-06 13:00:00,,-17.314
2014-07-06 14:00:00,,-17.303
2014-07-06 15:00:00,,-17.296
2014-07-06 16:00:00,,-17.294
2014-07-06 17:00:00,,-17.294
2014-07-06 18:00:00,,-17.292
2014-07-06 19:00:00,,-17.294
2014-07-06 20:00:00,,-17.296
2014-07-06 21:00:00,,-17.298
2014-07-06 22:00:00,,-17.298
2014-07-06 23:00:00,,-17.299
2014-07-07 00:00:00,,-17.295
2014-07-07 01:00:00,,-17.296
2014-07-07 02:00:00,,-17.293
2014-07-07 03:00:00,,-17.295
2014-07-07 04:00:00,,-17.294
2014-07-07 05:00:00,,-17.293
2014-07-07 06:00:00,,-17.295
2014-07-07 07:00:00,,-17.298
2014-07-07 08:00:00,,-17.302
2014-07-07 09:00:00,,-17.302
2014-07-07 10:00:00,,-17.299
2014-07-07 11:00:00,,-17.294
2014-07-07 12:00:00,,-17.286
2014-07-07 13:00:00,,-17.28
2014-07-07 14:00:00,,-17.27
2014-07-07 15:00:00,,-17.265
2014-07-07 16:00:00,,-17.261
2014-07-07 17:00:00,,-17.261
2014-07-07 18:00:00,,-17.262
2014-07-07 19:00:00,,-17.262
2014-07-07 20:00:00,,-17.263
2014-07-07 21:00:00,,-17.266
2014-07-07 22:00:00,,-17.266
2014-07-07 23:00:00,,-17.262
2014-07-08 00:00:00,,-17.259
2014-07-08 01:00:00,,-17.257
2014-07-08 02:00:00,,-17.255
2014-07-08 03:00:00,,-17.253
2014-07-08 04:00:00,,-17.25
2014-07-08 05:00:00,,-17.254
2014-07-08 06:00:00,,-17.255
2014-07-08 07:00:00,,-17.255
2014-07-08 08:00:00,,-17.262
2014-07-08 09:00:00,,-17.262
2014-07-08 10:00:00,,-17.263
2014-07-08 11:00:00,,-17.258
2014-07-08 12:00:00,,-17.25
2014-07-08 13:00:00,,-17.241
2014-07-08 14:00:00,,-17.234
2014-07-08 15:00:00,,-17.227
2014-07-08 16:00:00,,-17.226
2014-07-08 17:00:00,,-17.228
2014-07-08 18:00:00,,-17.229
2014-07-08 19:00:00,,-17.233
2014-07-08 20:00:00,,-17.239
2014-07-08 21:00:00,,-17.241
2014-07-08 22:00:00,,-17.245
2014-07-08 23:00:00,,-17.245
2014-07-09 00:00:00,,-17.244
2014-07-09 01:00:00,,-17.246
2014-07-09 02:00:00,,-17.242
2014-07-09 03:00:00,,-17.239
2014-07-09 04:00:00,,-17.243
2014-07-09 05:00:00,,-17.247
2014-07-09 06:00:00,,-17.253
2014-07-09 07:00:00,,-17.26
2014-07-09 08:00:00,,-17.268
2014-07-09 09:00:00,,-17.275
2014-07-09 10:00:00,,-17.28
2014-07-09 11:00:00,,-17.277
2014-07-09 12:00:00,,-17.273
2014-07-09 13:00:00,,-17.268
2014-07-09 14:00:00,,-17.259
2014-07-09 15:00:00,,-17.257
2014-07-09 16:00:00,,-17.258
2014-07-09 17:00:00,,-17.261
2014-07-09 18:00:00,,-17.267
2014-07-09 19:00:00,,-17.272
2014-07-09 20:00:00,,-17.281
2014-07-09 21:00:00,,-17.286
2014-07-09 22:00:00,,-17.288
2014-07-09 23:00:00,,-17.291
2014-07-10 00:00:00,,-17.289
2014-07-10 01:00:00,,-17.289
2014-07-10 02:00:00,,-17.289
2014-07-10 03:00:00,,-17.289
2014-07-10 04:00:00,,-17.288
2014-07-10 05:00:00,,-17.292
2014-07-10 06:00:00,,-17.293
2014-07-10 07:00:00,,-17.301
2014-07-10 08:00:00,,-17.308
2014-07-10 09:00:00,,-17.315
2014-07-10 10:00:00,,-17.32
2014-07-10 11:00:00,,-17.319
2014-07-10 12:00:00,,-17.312
2014-07-10 13:00:00,,-17.305
2014-07-10 14:00:00,,-17.3
2014-07-10 15:00:00,,-17.294
2014-07-10 16:00:00,,-17.295
2014-07-10 17:00:00,,-17.293
2014-07-10 18:00:00,,-17.293
2014-07-10 19:00:00,,-17.299
2014-07-10 20:00:00,,-17.304
2014-07-10 21:00:00,,-17.309
2014-07-10 22:00:00,,-17.313
2014-07-10 23:00:00,,-17.314
2014-07-11 00:00:00,,-17.313
2014-07-11 01:00:00,,-17.311
2014-07-11 02:00:00,,-17.31
2014-07-11 03:00:00,,-17.306
2014-07-11 04:00:00,,-17.305
2014-07-11 05:00:00,,-17.306
2014-07-11 06:00:00,,-17.31
2014-07-11 07:00:00,,-17.311
2014-07-11 08:00:00,,-17.318
2014-07-11 09:00:00,,-17.324
2014-07-11 10:00:00,,-17.326
2014-07-11 11:00:00,,-17.324
2014-07-11 12:00:00,,-17.316
2014-07-11 13:00:00,,-17.31
2014-07-11 14:00:00,,-17.297
2014-07-11 15:00:00,,-17.293
2014-07-11 16:00:00,,-17.291
2014-07-11 17:00:00,,-17.288
2014-07-11 18:00:00,,-17.291
2014-07-11 19:00:00,,-17.299
2014-07-11 20:00:00,,-17.304
2014-07-11 21:00:00,,-17.309
2014-07-11 22:00:00,,-17.313
2014-07-11 23:00:00,,-17.319
2014-07-12 00:00:00,,-17.32
2014-07-12 01:00:00,,-17.319
2014-07-12 02:00:00,,-17.319
2014-07-12 03:00:00,,-17.318
2014-07-12 04:00:00,,-17.318
2014-07-12 05:00:00,,-17.318
2014-07-12 06:00:00,,-17.318
2014-07-12 07:00:00,,-17.324
2014-07-12 08:00:00,,-17.327
2014-07-12 09:00:00,,-17.334
2014-07-12 10:00:00,,-17.34
2014-07-12 11:00:00,,-17.338
2014-07-12 12:00:00,,-17.332
2014-07-12 13:00:00,,-17.32
2014-07-12 14:00:00,,-17.314
2014-07-12 15:00:00,,-17.305
2014-07-12 16:00:00,,-17.303
2014-07-12 17:00:00,,-17.299
2014-07-12 18:00:00,,-17.302
2014-07-12 19:00:00,,-17.304
2014-07-12 20:00:00,,-17.307
2014-07-12 21:00:00,,-17.315
2014-07-12 22:00:00,,-17.313
2014-07-12 23:00:00,,-17.319
2014-07-13 00:00:00,,-17.324
2014-07-13 01:00:00,,-17.322
2014-07-13 02:00:00,,-17.328
2014-07-13 03:00:00,,-17.321
2014-07-13 04:00:00,,-17.316
2014-07-13 05:00:00,,-17.315
2014-07-13 06:00:00,,-17.313
2014-07-13 07:00:00,,-17.311
2014-07-13 08:00:00,,-17.311
2014-07-13 09:00:00,,-17.319
2014-07-13 10:00:00,,-17.327
2014-07-13 11:00:00,,-17.327
2014-07-13 12:00:00,,-17.326
2014-07-13 13:00:00,,-17.326
2014-07-13 14:00:00,,-17.317
2014-07-13 15:00:00,,-17.315
2014-07-13 16:00:00,,-17.309
2014-07-13 17:00:00,,-17.308
2014-07-13 18:00:00,,-17.313
2014-07-13 19:00:00,,-17.311
2014-07-13 20:00:00,,-17.315
2014-07-13 21:00:00,,-17.325
2014-07-13 22:00:00,,-17.322
2014-07-13 23:00:00,,-17.318
2014-07-14 00:00:00,,-17.322
2014-07-14 01:00:00,,-17.325
2014-07-14 02:00:00,,-17.318
2014-07-14 03:00:00,,-17.312
2014-07-14 04:00:00,,-17.314
2014-07-14 05:00:00,,-17.313
2014-07-14 06:00:00,,-17.306
2014-07-14 07:00:00,,-17.307
2014-07-14 08:00:00,,-17.306
2014-07-14 09:00:00,,-17.308
2014-07-14 10:00:00,,-17.311
2014-07-14 11:00:00,,-17.307
2014-07-14 12:00:00,,-17.303
2014-07-14 13:00:00,,-17.298
2014-07-14 14:00:00,,-17.291
2014-07-14 15:00:00,,-17.288
2014-07-14 16:00:00,,-17.28
2014-07-14 17:00:00,,-17.28
2014-07-14 18:00:00,,-17.279
2014-07-14 19:00:00,,-17.277
2014-07-14 20:00:00,,-17.282
2014-07-14 21:00:00,,-17.284
2014-07-14 22:00:00,,-17.285
2014-07-14 23:00:00,,-17.286
2014-07-15 00:00:00,,-17.283
2014-07-15 01:00:00,,-17.287
2014-07-15 02:00:00,,-17.284
2014-07-15 03:00:00,,-17.28
2014-07-15 04:00:00,,-17.277
2014-07-15 05:00:00,,-17.277
2014-07-15 06:00:00,,-17.279
2014-07-15 07:00:00,,-17.278
2014-07-15 08:00:00,,-17.282
2014-07-15 09:00:00,,-17.286
2014-07-15 10:00:00,,-17.29
2014-07-15 11:00:00,,-17.294
2014-07-15 12:00:00,,-17.289
2014-07-15 13:00:00,,-17.284
2014-07-15 14:00:00,,-17.282
2014-07-15 15:00:00,,-17.279
2014-07-15 16:00:00,,-17.276
2014-07-15 17:00:00,,-17.276
2014-07-15 18:00:00,,-17.278
2014-07-15 19:00:00,,-17.279
2014-07-15 20:00:00,,-17.283
2014-07-15 21:00:00,,-17.285
2014-07-15 22:00:00,,-17.29
2014-07-15 23:00:00,,-17.296
2014-07-16 00:00:00,,-17.3
2014-07-16 01:00:00,,-17.3
2014-07-16 02:00:00,,-17.3
2014-07-16 03:00:00,,-17.302
2014-07-16 04:00:00,,-17.302
2014-07-16 05:00:00,,-17.303
2014-07-16 06:00:00,,-17.303
2014-07-16 07:00:00,,-17.305
2014-07-16 08:00:00,,-17.306
2014-07-16 09:00:00,,-17.311
2014-07-16 10:00:00,,-17.317
2014-07-16 11:00:00,,-17.319
2014-07-16 12:00:00,,-17.316
2014-07-16 13:00:00,,-17.313
2014-07-16 14:00:00,,-17.308
2014-07-16 15:00:00,,-17.303
2014-07-16 16:00:00,,-17.3
2014-07-16 17:00:00,,-17.302
2014-07-16 18:00:00,,-17.301
2014-07-16 19:00:00,,-17.305
2014-07-16 20:00:00,,-17.308
2014-07-16 21:00:00,,-17.309
2014-07-16 22:00:00,,-17.312
2014-07-16 23:00:00,,-17.314
2014-07-17 00:00:00,,-17.317
2014-07-17 01:00:00,,-17.319
2014-07-17 02:00:00,,-17.321
2014-07-17 03:00:00,,-17.324
2014-07-17 04:00:00,,-17.327
2014-07-17 05:00:00,,-17.328
2014-07-17 06:00:00,,-17.328
2014-07-17 07:00:00,,-17.331
2014-07-17 08:00:00,,-17.336
2014-07-17 09:00:00,,-17.336
2014-07-17 10:00:00,,-17.337
2014-07-17 11:00:00,,-17.34
2014-07-17 12:00:00,,-17.337
2014-07-17 13:00:00,,-17.331
2014-07-17 14:00:00,,-17.328
2014-07-17 15:00:00,,-17.325
2014-07-17 16:00:00,,-17.326
2014-07-17 17:00:00,,-17.322
2014-07-17 18:00:00,,-17.32
2014-07-17 19:00:00,,-17.326
2014-07-17 20:00:00,,-17.328
2014-07-17 21:00:00,,-17.331
2014-07-17 22:00:00,,-17.334
2014-07-17 23:00:00,,-17.334
2014-07-18 00:00:00,,-17.332
2014-07-18 01:00:00,,-17.331
2014-07-18 02:00:00,,-17.334
2014-07-18 03:00:00,,-17.332
2014-07-18 04:00:00,,-17.336
2014-07-18 05:00:00,,-17.337
2014-07-18 06:00:00,,-17.341
2014-07-18 07:00:00,,-17.342
2014-07-18 08:00:00,,-17.343
2014-07-18 09:00:00,,-17.343
2014-07-18 10:00:00,,-17.345
2014-07-18 11:00:00,,-17.344
2014-07-18 12:00:00,,-17.341
2014-07-18 13:00:00,,-17.33
2014-07-18 14:00:00,,-17.324
2014-07-18 15:00:00,,-17.321
2014-07-18 16:00:00,,-17.319
2014-07-18 17:00:00,,-17.316
2014-07-18 18:00:00,,-17.317
2014-07-18 19:00:00,,-17.32
2014-07-18 20:00:00,,-17.326
2014-07-18 21:00:00,,-17.326
2014-07-18 22:00:00,,-17.325
2014-07-18 23:00:00,,-17.326
2014-07-19 00:00:00,,-17.33
2014-07-19 01:00:00,,-17.331
2014-07-19 02:00:00,,-17.33
2014-07-19 03:00:00,,-17.331
2014-07-19 04:00:00,,-17.331
2014-07-19 05:00:00,,-17.335
2014-07-19 06:00:00,,-17.332
2014-07-19 07:00:00,,-17.33
2014-07-19 08:00:00,,-17.335
2014-07-19 09:00:00,,-17.334
2014-07-19 10:00:00,,-17.333
2014-07-19 11:00:00,,-17.325
2014-07-19 12:00:00,,-17.321
2014-07-19 13:00:00,,-17.312
2014-07-19 14:00:00,,-17.308
2014-07-19 15:00:00,,-17.305
2014-07-19 16:00:00,,-17.302
2014-07-19 17:00:00,,-17.303
2014-07-19 18:00:00,,-17.305
2014-07-19 19:00:00,,-17.312
2014-07-19 20:00:00,,-17.314
2014-07-19 21:00:00,,-17.313
2014-07-19 22:00:00,,-17.313
2014-07-19 23:00:00,,-17.311
2014-07-20 00:00:00,,-17.314
2014-07-20 01:00:00,,-17.312
2014-07-20 02:00:00,,-17.311
2014-07-20 03:00:00,,-17.312
2014-07-20 04:00:00,,-17.312
2014-07-20 05:00:00,,-17.31
2014-07-20 06:00:00,,-17.314
2014-07-20 07:00:00,,-17.315
2014-07-20 08:00:00,,-17.318
2014-07-20 09:00:00,,-17.321
2014-07-20 10:00:00,,-17.319
2014-07-20 11:00:00,,-17.318
2014-07-20 12:00:00,,-17.311
2014-07-20 13:00:00,,-17.304
2014-07-20 14:00:00,,-17.297
2014-07-20 15:00:00,,-17.293
2014-07-20 16:00:00,,-17.293
2014-07-20 17:00:00,,-17.289
2014-07-20 18:00:00,,-17.293
2014-07-20 19:00:00,,-17.297
2014-07-20 20:00:00,,-17.299
2014-07-20 21:00:00,,-17.301
2014-07-20 22:00:00,,-17.301
2014-07-20 23:00:00,,-17.302
2014-07-21 00:00:00,,-17.3
2014-07-21 01:00:00,,-17.297
2014-07-21 02:00:00,,-17.296
2014-07-21 03:00:00,,-17.294
2014-07-21 04:00:00,,-17.296
2014-07-21 05:00:00,,-17.298
2014-07-21 06:00:00,,-17.299
2014-07-21 07:00:00,,-17.309
2014-07-21 08:00:00,,-17.312
2014-07-21 09:00:00,,-17.315
2014-07-21 10:00:00,,-17.315
2014-07-21 11:00:00,,-17.313
2014-07-21 12:00:00,,-17.309
2014-07-21 13:00:00,,-17.301
2014-07-21 14:00:00,,-17.294
2014-07-21 15:00:00,,-17.29
2014-07-21 16:00:00,,-17.292
2014-07-21 17:00:00,,-17.292
2014-07-21 18:00:00,,-17.294
2014-07-21 19:00:00,,-17.3
2014-07-21 20:00:00,,-17.304
2014-07-21 21:00:00,,-17.301
2014-07-21 22:00:00,,-17.304
2014-07-21 23:00:00,,-17.299
2014-07-22 00:00:00,,-17.301
2014-07-22 01:00:00,,-17.299
2014-07-22 02:00:00,,-17.3
2014-07-22 03:00:00,,-17.298
2014-07-22 04:00:00,,-17.3
2014-07-22 05:00:00,,-17.302
2014-07-22 06:00:00,,-17.307
2014-07-22 07:00:00,,-17.309
2014-07-22 08:00:00,,-17.314
2014-07-22 09:00:00,,-17.315
2014-07-22 10:00:00,,-17.317
2014-07-22 11:00:00,,-17.313
2014-07-22 12:00:00,,-17.301
2014-07-22 13:00:00,,-17.292
2014-07-22 14:00:00,,-17.285
2014-07-22 15:00:00,,-17.275
2014-07-22 16:00:00,,-17.27
2014-07-22 17:00:00,,-17.271
2014-07-22 18:00:00,,-17.275
2014-07-22 19:00:00,,-17.283
2014-07-22 20:00:00,,-17.287
2014-07-22 21:00:00,,-17.288
2014-07-22 22:00:00,,-17.288
2014-07-22 23:00:00,,-17.29
2014-07-23 00:00:00,,-17.285
2014-07-23 01:00:00,,-17.279
2014-07-23 02:00:00,,-17.278
2014-07-23 03:00:00,,-17.274
2014-07-23 04:00:00,,-17.274
2014-07-23 05:00:00,,-17.275
2014-07-23 06:00:00,,-17.28
2014-07-23 07:00:00,,-17.282
2014-07-23 08:00:00,,-17.288
2014-07-23 09:00:00,,-17.29
2014-07-23 10:00:00,,-17.29
2014-07-23 11:00:00,,-17.286
2014-07-23 12:00:00,,-17.275
2014-07-23 13:00:00,,-17.268
2014-07-23 14:00:00,,-17.258
2014-07-23 15:00:00,,-17.253
2014-07-23 16:00:00,,-17.253
2014-07-23 17:00:00,,-17.252
2014-07-23 18:00:00,,-17.253
2014-07-23 19:00:00,,-17.257
2014-07-23 20:00:00,,-17.262
2014-07-23 21:00:00,,-17.264
2014-07-23 22:00:00,,-17.265
2014-07-23 23:00:00,,-17.266
2014-07-24 00:00:00,,-17.262
2014-07-24 01:00:00,,-17.259
2014-07-24 02:00:00,,-17.257
2014-07-24 03:00:00,,-17.257
2014-07-24 04:00:00,,-17.255
2014-07-24 05:00:00,,-17.259
2014-07-24 06:00:00,,-17.26
2014-07-24 07:00:00,,-17.266
2014-07-24 08:00:00,,-17.274
2014-07-24 09:00:00,,-17.281
2014-07-24 10:00:00,,-17.283
2014-07-24 11:00:00,,-17.279
2014-07-24 12:00:00,,-17.275
2014-07-24 13:00:00,,-17.266
2014-07-24 14:00:00,,-17.26
2014-07-24 15:00:00,,-17.258
2014-07-24 16:00:00,,-17.255
2014-07-24 17:00:00,,-17.253
2014-07-24 18:00:00,,-17.258
2014-07-24 19:00:00,,-17.263
2014-07-24 20:00:00,,-17.272
2014-07-24 21:00:00,,-17.273
2014-07-24 22:00:00,,-17.279
2014-07-24 23:00:00,,-17.281
2014-07-25 00:00:00,,-17.283
2014-07-25 01:00:00,,-17.282
2014-07-25 02:00:00,,-17.282
2014-07-25 03:00:00,,-17.281
2014-07-25 04:00:00,,-17.286
2014-07-25 05:00:00,,-17.287
2014-07-25 06:00:00,,-17.291
2014-07-25 07:00:00,,-17.295
2014-07-25 08:00:00,,-17.306
2014-07-25 09:00:00,,-17.313
2014-07-25 10:00:00,,-17.316
2014-07-25 11:00:00,,-17.316
2014-07-25 12:00:00,,-17.314
2014-07-25 13:00:00,,-17.308
2014-07-25 14:00:00,,-17.299
2014-07-25 15:00:00,,-17.297
2014-07-25 16:00:00,,-17.295
2014-07-25 17:00:00,,-17.299
2014-07-25 18:00:00,,-17.3
2014-07-25 19:00:00,,-17.306
2014-07-25 20:00:00,,-17.314
2014-07-25 21:00:00,,-17.325
2014-07-25 22:00:00,,-17.325
2014-07-25 23:00:00,,-17.331
2014-07-26 00:00:00,,-17.331
2014-07-26 01:00:00,,-17.33
2014-07-26 02:00:00,,-17.327
2014-07-26 03:00:00,,-17.331
2014-07-26 04:00:00,,-17.328
2014-07-26 05:00:00,,-17.329
2014-07-26 06:00:00,,-17.33
2014-07-26 07:00:00,,-17.339
2014-07-26 08:00:00,,-17.346
2014-07-26 09:00:00,,-17.351
2014-07-26 10:00:00,,-17.355
2014-07-26 11:00:00,,-17.353
2014-07-26 12:00:00,,-17.349
2014-07-26 13:00:00,,-17.344
2014-07-26 14:00:00,,-17.335
2014-07-26 15:00:00,,-17.331
2014-07-26 16:00:00,,-17.327
2014-07-26 17:00:00,,-17.327
2014-07-26 18:00:00,,-17.33
2014-07-26 19:00:00,,-17.336
2014-07-26 20:00:00,,-17.339
2014-07-26 21:00:00,,-17.342
2014-07-26 22:00:00,,-17.347
2014-07-26 23:00:00,,-17.349
2014-07-27 00:00:00,,-17.352
2014-07-27 01:00:00,,-17.349
2014-07-27 02:00:00,,-17.344
2014-07-27 03:00:00,,-17.344
2014-07-27 04:00:00,,-17.339
2014-07-27 05:00:00,,-17.339
2014-07-27 06:00:00,,-17.341
2014-07-27 07:00:00,,-17.343
2014-07-27 08:00:00,,-17.348
2014-07-27 09:00:00,,-17.351
2014-07-27 10:00:00,,-17.351
2014-07-27 11:00:00,,-17.35
2014-07-27 12:00:00,,-17.343
2014-07-27 13:00:00,,-17.336
2014-07-27 14:00:00,,-17.328
2014-07-27 15:00:00,,-17.32
2014-07-27 16:00:00,,-17.315
2014-07-27 17:00:00,,-17.313
2014-07-27 18:00:00,,-17.313
2014-07-27 19:00:00,,-17.316
2014-07-27 20:00:00,,-17.321
2014-07-27 21:00:00,,-17.324
2014-07-27 22:00:00,,-17.325
2014-07-27 23:00:00,,-17.327
2014-07-28 00:00:00,,-17.328
2014-07-28 01:00:00,,-17.325
2014-07-28 02:00:00,,-17.322
2014-07-28 03:00:00,,-17.322
2014-07-28 04:00:00,,-17.32
2014-07-28 05:00:00,,-17.319
2014-07-28 06:00:00,,-17.319
2014-07-28 07:00:00,,-17.32
2014-07-28 08:00:00,,-17.326
2014-07-28 09:00:00,,-17.329
2014-07-28 10:00:00,,-17.335
2014-07-28 11:00:00,,-17.333
2014-07-28 12:00:00,,-17.326
2014-07-28 13:00:00,,-17.32
2014-07-28 14:00:00,,-17.31
2014-07-28 15:00:00,,-17.302
2014-07-28 16:00:00,,-17.3
2014-07-28 17:00:00,,-17.296
2014-07-28 18:00:00,,-17.297
2014-07-28 19:00:00,,-17.3
2014-07-28 20:00:00,,-17.307
2014-07-28 21:00:00,,-17.309
2014-07-28 22:00:00,,-17.313
2014-07-28 23:00:00,,-17.314
2014-07-29 00:00:00,,-17.316
2014-07-29 01:00:00,,-17.317
2014-07-29 02:00:00,,-17.314
2014-07-29 03:00:00,,-17.313
2014-07-29 04:00:00,,-17.314
2014-07-29 05:00:00,,-17.312
2014-07-29 06:00:00,,-17.312
2014-07-29 07:00:00,,-17.313
2014-07-29 08:00:00,,-17.32
2014-07-29 09:00:00,,-17.321
2014-07-29 10:00:00,,-17.326
2014-07-29 11:00:00,,-17.323
2014-07-29 12:00:00,,-17.32
2014-07-29 13:00:00,,-17.311
2014-07-29 14:00:00,,-17.304
2014-07-29 15:00:00,,-17.301
2014-07-29 16:00:00,,-17.299
2014-07-29 17:00:00,,-17.296
2014-07-29 18:00:00,,-17.3
2014-07-29 19:00:00,,-17.301
2014-07-29 20:00:00,,-17.307
2014-07-29 21:00:00,,-17.311
2014-07-29 22:00:00,,-17.316
2014-07-29 23:00:00,,-17.319
2014-07-30 00:00:00,,-17.32
2014-07-30 01:00:00,,-17.32
2014-07-30 02:00:00,,-17.319
2014-07-30 03:00:00,,-17.317
2014-07-30 04:00:00,,-17.314
2014-07-30 05:00:00,,-17.309
2014-07-30 06:00:00,,-17.313
2014-07-30 07:00:00,,-17.313
2014-07-30 08:00:00,,-17.317
2014-07-30 09:00:00,,-17.321
2014-07-30 10:00:00,,-17.322
2014-07-30 11:00:00,,-17.321
2014-07-30 12:00:00,,-17.318
2014-07-30 13:00:00,,-17.313
2014-07-30 14:00:00,,-17.305
2014-07-30 15:00:00,,-17.299
2014-07-30 16:00:00,,-17.293
2014-07-30 17:00:00,,-17.29
2014-07-30 18:00:00,,-17.289
2014-07-30 19:00:00,,-17.293
2014-07-30 20:00:00,,-17.294
2014-07-30 21:00:00,,-17.296
2014-07-30 22:00:00,,-17.299
2014-07-30 23:00:00,,-17.3
2014-07-31 00:00:00,,-17.297
2014-07-31 01:00:00,,-17.301
2014-07-31 02:00:00,,-17.298
2014-07-31 03:00:00,,-17.298
2014-07-31 04:00:00,,-17.295
2014-07-31 05:00:00,,-17.293
2014-07-31 06:00:00,,-17.295
2014-07-31 07:00:00,,-17.296
2014-07-31 08:00:00,,-17.298
2014-07-31 09:00:00,,-17.3
2014-07-31 10:00:00,,-17.302
2014-07-31 11:00:00,,-17.302
2014-07-31 12:00:00,,-17.294
2014-07-31 13:00:00,,-17.289
2014-07-31 14:00:00,,-17.285
2014-07-31 15:00:00,,-17.28
2014-07-31 16:00:00,,-17.274
2014-07-31 17:00:00,,-17.278
2014-07-31 18:00:00,,-17.274
2014-07-31 19:00:00,,-17.276
2014-07-31 20:00:00,,-17.279
2014-07-31 21:00:00,,-17.282
2014-07-31 22:00:00,,-17.283
2014-07-31 23:00:00,,-17.284
2014-08-01 00:00:00,,-17.284
2014-08-01 01:00:00,,-17.288
2014-08-01 02:00:00,,-17.285
2014-08-01 03:00:00,,-17.285
2014-08-01 04:00:00,,-17.286
2014-08-01 05:00:00,,-17.289
2014-08-01 06:00:00,,-17.292
2014-08-01 07:00:00,,-17.296
2014-08-01 08:00:00,,-17.302
2014-08-01 09:00:00,,-17.304
2014-08-01 10:00:00,,-17.311
2014-08-01 11:00:00,,-17.31
2014-08-01 12:00:00,,-17.31
2014-08-01 13:00:00,,-17.309
2014-08-01 14:00:00,,-17.302
2014-08-01 15:00:00,,-17.301
2014-08-01 16:00:00,,-17.297
2014-08-01 17:00:00,,-17.301
2014-08-01 18:00:00,,-17.302
2014-08-01 19:00:00,,-17.307
2014-08-01 20:00:00,,-17.315
2014-08-01 21:00:00,,-17.32
2014-08-01 22:00:00,,-17.326
2014-08-01 23:00:00,,-17.328
2014-08-02 00:00:00,,-17.331
2014-08-02 01:00:00,,-17.329
2014-08-02 02:00:00,,-17.328
2014-08-02 03:00:00,,-17.328
2014-08-02 04:00:00,,-17.325
2014-08-02 05:00:00,,-17.326
2014-08-02 06:00:00,,-17.329
2014-08-02 07:00:00,,-17.33
2014-08-02 08:00:00,,-17.334
2014-08-02 09:00:00,,-17.336
2014-08-02 10:00:00,,-17.339
2014-08-02 11:00:00,,-17.335
2014-08-02 12:00:00,,-17.33
2014-08-02 13:00:00,,-17.326
2014-08-02 14:00:00,,-17.324
2014-08-02 15:00:00,,-17.32
2014-08-02 16:00:00,,-17.316
2014-08-02 17:00:00,,-17.317
2014-08-02 18:00:00,,-17.319
2014-08-02 19:00:00,,-17.321
2014-08-02 20:00:00,,-17.324
2014-08-02 21:00:00,,-17.328
2014-08-02 22:00:00,,-17.328
2014-08-02 23:00:00,,-17.331
2014-08-03 00:00:00,,-17.331
2014-08-03 01:00:00,,-17.329
2014-08-03 02:00:00,,-17.329
2014-08-03 03:00:00,,-17.329
2014-08-03 04:00:00,,-17.33
2014-08-03 05:00:00,,-17.332
2014-08-03 06:00:00,,-17.335
2014-08-03 07:00:00,,-17.339
2014-08-03 08:00:00,,-17.342
2014-08-03 09:00:00,,-17.346
2014-08-03 10:00:00,,-17.345
2014-08-03 11:00:00,,-17.345
2014-08-03 12:00:00,,-17.339
2014-08-03 13:00:00,,-17.335
2014-08-03 14:00:00,,-17.327
2014-08-03 15:00:00,,-17.323
2014-08-03 16:00:00,,-17.322
2014-08-03 17:00:00,,-17.323
2014-08-03 18:00:00,,-17.326
2014-08-03 19:00:00,,-17.332
2014-08-03 20:00:00,,-17.338
2014-08-03 21:00:00,,-17.34
2014-08-03 22:00:00,,-17.34
2014-08-03 23:00:00,,-17.343
2014-08-04 00:00:00,,-17.343
2014-08-04 01:00:00,,-17.344
2014-08-04 02:00:00,,-17.346
2014-08-04 03:00:00,,-17.345
2014-08-04 04:00:00,,-17.346
2014-08-04 05:00:00,,-17.349
2014-08-04 06:00:00,,-17.353
2014-08-04 07:00:00,,-17.353
2014-08-04 08:00:00,,-17.354
2014-08-04 09:00:00,,-17.357
2014-08-04 10:00:00,,-17.358
2014-08-04 11:00:00,,-17.354
2014-08-04 12:00:00,,-17.351
2014-08-04 13:00:00,,-17.345
2014-08-04 14:00:00,,-17.34
2014-08-04 15:00:00,,-17.34
2014-08-04 16:00:00,,-17.344
2014-08-04 17:00:00,,-17.348
2014-08-04 18:00:00,,-17.35
2014-08-04 19:00:00,,-17.354
2014-08-04 20:00:00,,-17.355
2014-08-04 21:00:00,,-17.359
2014-08-04 22:00:00,,-17.36
2014-08-04 23:00:00,,-17.357
2014-08-05 00:00:00,,-17.356
2014-08-05 01:00:00,,-17.355
2014-08-05 02:00:00,,-17.353
2014-08-05 03:00:00,,-17.351
2014-08-05 04:00:00,,-17.35
2014-08-05 05:00:00,,-17.349
2014-08-05 06:00:00,,-17.35
2014-08-05 07:00:00,,-17.351
2014-08-05 08:00:00,,-17.353
2014-08-05 09:00:00,,-17.356
2014-08-05 10:00:00,,-17.354
2014-08-05 11:00:00,,-17.35
2014-08-05 12:00:00,,-17.346
2014-08-05 13:00:00,,-17.337
2014-08-05 14:00:00,,-17.33
2014-08-05 15:00:00,,-17.328
2014-08-05 16:00:00,,-17.326
2014-08-05 17:00:00,,-17.328
2014-08-05 18:00:00,,-17.331
2014-08-05 19:00:00,,-17.337
2014-08-05 20:00:00,,-17.339
2014-08-05 21:00:00,,-17.341
2014-08-05 22:00:00,,-17.34
2014-08-05 23:00:00,,-17.337
2014-08-06 00:00:00,,-17.334
2014-08-06 01:00:00,,-17.33
2014-08-06 02:00:00,,-17.329
2014-08-06 03:00:00,,-17.326
2014-08-06 04:00:00,,-17.325
2014-08-06 05:00:00,,-17.323
2014-08-06 06:00:00,,-17.326
2014-08-06 07:00:00,,-17.327
2014-08-06 08:00:00,,-17.329
2014-08-06 09:00:00,,-17.329
2014-08-06 10:00:00,,-17.332
2014-08-06 11:00:00,,-17.328
2014-08-06 12:00:00,,-17.318
2014-08-06 13:00:00,,-17.312
2014-08-06 14:00:00,,-17.304
2014-08-06 15:00:00,,-17.303
2014-08-06 16:00:00,,-17.303
2014-08-06 17:00:00,,-17.305
2014-08-06 18:00:00,,-17.309
2014-08-06 19:00:00,,-17.317
2014-08-06 20:00:00,,-17.322
2014-08-06 21:00:00,,-17.327
2014-08-06 22:00:00,,-17.324
2014-08-06 23:00:00,,-17.322
2014-08-07 00:00:00,,-17.321
2014-08-07 01:00:00,,-17.318
2014-08-07 02:00:00,,-17.317
2014-08-07 03:00:00,,-17.317
2014-08-07 04:00:00,,-17.318
2014-08-07 05:00:00,,-17.32
2014-08-07 06:00:00,,-17.322
2014-08-07 07:00:00,,-17.327
2014-08-07 08:00:00,,-17.331
2014-08-07 09:00:00,,-17.334
2014-08-07 10:00:00,,-17.333
2014-08-07 11:00:00,,-17.331
2014-08-07 12:00:00,,-17.323
2014-08-07 13:00:00,,-17.316
2014-08-07 14:00:00,,-17.313
2014-08-07 15:00:00,,-17.306
2014-08-07 16:00:00,,-17.304
2014-08-07 17:00:00,,-17.307
2014-08-07 18:00:00,,-17.31
2014-08-07 19:00:00,,-17.314
2014-08-07 20:00:00,,-17.319
2014-08-07 21:00:00,,-17.324
2014-08-07 22:00:00,,-17.325
2014-08-07 23:00:00,,-17.324
2014-08-08 00:00:00,,-17.321
2014-08-08 01:00:00,,-17.321
2014-08-08 02:00:00,,-17.316
2014-08-08 03:00:00,,-17.318
2014-08-08 04:00:00,,-17.315
2014-08-08 05:00:00,,-17.319
2014-08-08 06:00:00,,-17.322
2014-08-08 07:00:00,,-17.327
2014-08-08 08:00:00,,-17.333
2014-08-08 09:00:00,,-17.336
2014-08-08 10:00:00,,-17.335
2014-08-08 11:00:00,,-17.335
2014-08-08 12:00:00,,-17.328
2014-08-08 13:00:00,,-17.319
2014-08-08 14:00:00,,-17.311
2014-08-08 15:00:00,,-17.304
2014-08-08 16:00:00,,-17.301
2014-08-08 17:00:00,,-17.301
2014-08-08 18:00:00,,-17.305
2014-08-08 19:00:00,,-17.309
2014-08-08 20:00:00,,-17.314
2014-08-08 21:00:00,,-17.325
2014-08-08 22:00:00,,-17.326
2014-08-08 23:00:00,,-17.327
2014-08-09 00:00:00,,-17.327
2014-08-09 01:00:00,,-17.325
2014-08-09 02:00:00,,-17.321
2014-08-09 03:00:00,,-17.316
2014-08-09 04:00:00,,-17.314
2014-08-09 05:00:00,,-17.315
2014-08-09 06:00:00,,-17.32
2014-08-09 07:00:00,,-17.325
2014-08-09 08:00:00,,-17.331
2014-08-09 09:00:00,,-17.336
2014-08-09 10:00:00,,-17.338
2014-08-09 11:00:00,,-17.337
2014-08-09 12:00:00,,-17.332
2014-08-09 13:00:00,,-17.325
2014-08-09 14:00:00,,-17.314
2014-08-09 15:00:00,,-17.31
2014-08-09 16:00:00,,-17.307
2014-08-09 17:00:00,,-17.303
2014-08-09 18:00:00,,-17.307
2014-08-09 19:00:00,,-17.313
2014-08-09 20:00:00,,-17.319
2014-08-09 21:00:00,,-17.328
2014-08-09 22:00:00,,-17.328
2014-08-09 23:00:00,,-17.33
2014-08-10 00:00:00,,-17.33
2014-08-10 01:00:00,,-17.328
2014-08-10 02:00:00,,-17.322
2014-08-10 03:00:00,,-17.322
2014-08-10 04:00:00,,-17.317
2014-08-10 05:00:00,,-17.319
2014-08-10 06:00:00,,-17.32
2014-08-10 07:00:00,,-17.325
2014-08-10 08:00:00,,-17.334
2014-08-10 09:00:00,,-17.333
2014-08-10 10:00:00,,-17.337
2014-08-10 11:00:00,,-17.33
2014-08-10 12:00:00,,-17.326
2014-08-10 13:00:00,,-17.319
2014-08-10 14:00:00,,-17.311
2014-08-10 15:00:00,,-17.305
2014-08-10 16:00:00,,-17.301
2014-08-10 17:00:00,,-17.298
2014-08-10 18:00:00,,-17.299
2014-08-10 19:00:00,,-17.306
2014-08-10 20:00:00,,-17.311
2014-08-10 21:00:00,,-17.319
2014-08-10 22:00:00,,-17.323
2014-08-10 23:00:00,,-17.328
2014-08-11 00:00:00,,-17.325
2014-08-11 01:00:00,,-17.323
2014-08-11 02:00:00,,-17.32
2014-08-11 03:00:00,,-17.318
2014-08-11 04:00:00,,-17.317
2014-08-11 05:00:00,,-17.313
2014-08-11 06:00:00,,-17.316
2014-08-11 07:00:00,,-17.321
2014-08-11 08:00:00,,-17.326
2014-08-11 09:00:00,,-17.327
2014-08-11 10:00:00,,-17.335
2014-08-11 11:00:00,,-17.329
2014-08-11 12:00:00,,-17.323
2014-08-11 13:00:00,,-17.318
2014-08-11 14:00:00,,-17.31
2014-08-11 15:00:00,,-17.305
2014-08-11 16:00:00,,-17.298
2014-08-11 17:00:00,,-17.298
2014-08-11 18:00:00,,-17.301
2014-08-11 19:00:00,,-17.303
2014-08-11 20:00:00,,-17.311
2014-08-11 21:00:00,,-17.314
2014-08-11 22:00:00,,-17.319
2014-08-11 23:00:00,,-17.321
2014-08-12 00:00:00,,-17.322
2014-08-12 01:00:00,,-17.317
2014-08-12 02:00:00,,-17.318
2014-08-12 03:00:00,,-17.32
2014-08-12 04:00:00,,-17.316
2014-08-12 05:00:00,,-17.312
2014-08-12 06:00:00,,-17.318
2014-08-12 07:00:00,,-17.321
2014-08-12 08:00:00,,-17.326
2014-08-12 09:00:00,,-17.332
2014-08-12 10:00:00,,-17.335
2014-08-12 11:00:00,,-17.336
2014-08-12 12:00:00,,-17.331
2014-08-12 13:00:00,,-17.327
2014-08-12 14:00:00,,-17.322
2014-08-12 15:00:00,,-17.315
2014-08-12 16:00:00,,-17.313
2014-08-12 17:00:00,,-17.309
2014-08-12 18:00:00,,-17.315
2014-08-12 19:00:00,,-17.317
2014-08-12 20:00:00,,-17.32
2014-08-12 21:00:00,,-17.325
2014-08-12 22:00:00,,-17.329
2014-08-12 23:00:00,,-17.332
2014-08-13 00:00:00,,-17.333
2014-08-13 01:00:00,,-17.335
2014-08-13 02:00:00,,-17.334
2014-08-13 03:00:00,,-17.335
2014-08-13 04:00:00,,-17.333
2014-08-13 05:00:00,,-17.332
2014-08-13 06:00:00,,-17.333
2014-08-13 07:00:00,,-17.335
2014-08-13 08:00:00,,-17.34
2014-08-13 09:00:00,,-17.346
2014-08-13 10:00:00,,-17.347
2014-08-13 11:00:00,,-17.351
2014-08-13 12:00:00,,-17.344
2014-08-13 13:00:00,,-17.339
2014-08-13 14:00:00,,-17.331
2014-08-13 15:00:00,,-17.328
2014-08-13 16:00:00,,-17.325
2014-08-13 17:00:00,,-17.323
2014-08-13 18:00:00,,-17.32
2014-08-13 19:00:00,,-17.323
2014-08-13 20:00:00,,-17.329
2014-08-13 21:00:00,,-17.331
2014-08-13 22:00:00,,-17.334
2014-08-13 23:00:00,,-17.337
2014-08-14 00:00:00,,-17.338
2014-08-14 01:00:00,,-17.337
2014-08-14 02:00:00,,-17.334
2014-08-14 03:00:00,,-17.331
2014-08-14 04:00:00,,-17.327
2014-08-14 05:00:00,,-17.324
2014-08-14 06:00:00,,-17.323
2014-08-14 07:00:00,,-17.321
2014-08-14 08:00:00,,-17.327
2014-08-14 09:00:00,,-17.327
2014-08-14 10:00:00,,-17.33
2014-08-14 11:00:00,,-17.327
2014-08-14 12:00:00,,-17.325
2014-08-14 13:00:00,,-17.317
2014-08-14 14:00:00,,-17.316
2014-08-14 15:00:00,,-17.31
2014-08-14 16:00:00,,-17.307
2014-08-14 17:00:00,,-17.304
2014-08-14 18:00:00,,-17.302
2014-08-14 19:00:00,,-17.305
2014-08-14 20:00:00,,-17.31
2014-08-14 21:00:00,,-17.311
2014-08-14 22:00:00,,-17.313
2014-08-14 23:00:00,,-17.314
2014-08-15 00:00:00,,-17.314
2014-08-15 01:00:00,,-17.313
2014-08-15 02:00:00,,-17.309
2014-08-15 03:00:00,,-17.309
2014-08-15 04:00:00,,-17.309
2014-08-15 05:00:00,,-17.306
2014-08-15 06:00:00,,-17.307
2014-08-15 07:00:00,,-17.311
2014-08-15 08:00:00,,-17.312
2014-08-15 09:00:00,,-17.314
2014-08-15 10:00:00,,-17.312
2014-08-15 11:00:00,,-17.308
2014-08-15 12:00:00,,-17.302
2014-08-15 13:00:00,,-17.293
2014-08-15 14:00:00,,-17.291
2014-08-15 15:00:00,,-17.287
2014-08-15 16:00:00,,-17.284
2014-08-15 17:00:00,,-17.282
2014-08-15 18:00:00,,-17.284
2014-08-15 19:00:00,,-17.291
2014-08-15 20:00:00,,-17.29
2014-08-15 21:00:00,,-17.291
2014-08-15 22:00:00,,-17.293
2014-08-15 23:00:00,,-17.29
2014-08-16 00:00:00,,-17.288
2014-08-16 01:00:00,,-17.29
2014-08-16 02:00:00,,-17.289
2014-08-16 03:00:00,,-17.284
2014-08-16 04:00:00,,-17.283
2014-08-16 05:00:00,,-17.284
2014-08-16 06:00:00,,-17.283
2014-08-16 07:00:00,,-17.287
2014-08-16 08:00:00,,-17.286
2014-08-16 09:00:00,,-17.287
2014-08-16 10:00:00,,-17.286
2014-08-16 11:00:00,,-17.285
2014-08-16 12:00:00,,-17.278
2014-08-16 13:00:00,,-17.275
2014-08-16 14:00:00,,-17.27
2014-08-16 15:00:00,,-17.264
2014-08-16 16:00:00,,-17.262
2014-08-16 17:00:00,,-17.263
2014-08-16 18:00:00,,-17.267
2014-08-16 19:00:00,,-17.269
2014-08-16 20:00:00,,-17.274
2014-08-16 21:00:00,,-17.278
2014-08-16 22:00:00,,-17.278
2014-08-16 23:00:00,,-17.28
2014-08-17 00:00:00,,-17.279
2014-08-17 01:00:00,,-17.278
2014-08-17 02:00:00,,-17.277
2014-08-17 03:00:00,,-17.277
2014-08-17 04:00:00,,-17.277
2014-08-17 05:00:00,,-17.28
2014-08-17 06:00:00,,-17.284
2014-08-17 07:00:00,,-17.286
2014-08-17 08:00:00,,-17.289
2014-08-17 09:00:00,,-17.293
2014-08-17 10:00:00,,-17.291
2014-08-17 11:00:00,,-17.29
2014-08-17 12:00:00,,-17.287
2014-08-17 13:00:00,,-17.28
2014-08-17 14:00:00,,-17.276
2014-08-17 15:00:00,,-17.274
2014-08-17 16:00:00,,-17.276
2014-08-17 17:00:00,,-17.276
2014-08-17 18:00:00,,-17.278
2014-08-17 19:00:00,,-17.285
2014-08-17 20:00:00,,-17.289
2014-08-17 21:00:00,,-17.289
2014-08-17 22:00:00,,-17.294
2014-08-17 23:00:00,,-17.293
2014-08-18 00:00:00,,-17.293
2014-08-18 01:00:00,,-17.291
2014-08-18 02:00:00,,-17.291
2014-08-18 03:00:00,,-17.293
2014-08-18 04:00:00,,-17.291
2014-08-18 05:00:00,,-17.291
2014-08-18 06:00:00,,-17.295
2014-08-18 07:00:00,,-17.302
2014-08-18 08:00:00,,-17.304
2014-08-18 09:00:00,,-17.308
2014-08-18 10:00:00,,-17.309
2014-08-18 11:00:00,,-17.306
2014-08-18 12:00:00,,-17.298
2014-08-18 13:00:00,,-17.291
2014-08-18 14:00:00,,-17.284
2014-08-18 15:00:00,,-17.279
2014-08-18 16:00:00,,-17.279
2014-08-18 17:00:00,,-17.28
2014-08-18 18:00:00,,-17.282
2014-08-18 19:00:00,,-17.285
2014-08-18 20:00:00,,-17.29
2014-08-18 21:00:00,,-17.29
2014-08-18 22:00:00,,-17.292
2014-08-18 23:00:00,,-17.292
2014-08-19 00:00:00,,-17.29
2014-08-19 01:00:00,,-17.288
2014-08-19 02:00:00,,-17.289
2014-08-19 03:00:00,,-17.288
2014-08-19 04:00:00,,-17.288
2014-08-19 05:00:00,,-17.292
2014-08-19 06:00:00,,-17.294
2014-08-19 07:00:00,,-17.3
2014-08-19 08:00:00,,-17.302
2014-08-19 09:00:00,,-17.306
2014-08-19 10:00:00,,-17.305
2014-08-19 11:00:00,,-17.301
2014-08-19 12:00:00,,-17.293
2014-08-19 13:00:00,,-17.286
2014-08-19 14:00:00,,-17.278
2014-08-19 15:00:00,,-17.27
2014-08-19 16:00:00,,-17.267
2014-08-19 17:00:00,,-17.269
2014-08-19 18:00:00,,-17.269
2014-08-19 19:00:00,,-17.272
2014-08-19 20:00:00,,-17.277
2014-08-19 21:00:00,,-17.279
2014-08-19 22:00:00,,-17.281
2014-08-19 23:00:00,,-17.283
2014-08-20 00:00:00,,-17.286
2014-08-20 01:00:00,,-17.279
2014-08-20 02:00:00,,-17.279
2014-08-20 03:00:00,,-17.277
2014-08-20 04:00:00,,-17.279
2014-08-20 05:00:00,,-17.277
2014-08-20 06:00:00,,-17.281
2014-08-20 07:00:00,,-17.285
2014-08-20 08:00:00,,-17.292
2014-08-20 09:00:00,,-17.293
2014-08-20 10:00:00,,-17.295
2014-08-20 11:00:00,,-17.29
2014-08-20 12:00:00,,-17.282
2014-08-20 13:00:00,,-17.276
2014-08-20 14:00:00,,-17.268
2014-08-20 15:00:00,,-17.262
2014-08-20 16:00:00,,-17.259
2014-08-20 17:00:00,,-17.26
2014-08-20 18:00:00,,-17.264
2014-08-20 19:00:00,,-17.268
2014-08-20 20:00:00,,-17.273
2014-08-20 21:00:00,,-17.281
2014-08-20 22:00:00,,-17.283
2014-08-20 23:00:00,,-17.285
2014-08-21 00:00:00,,-17.284
2014-08-21 01:00:00,,-17.281
2014-08-21 02:00:00,,-17.279
2014-08-21 03:00:00,,-17.278
2014-08-21 04:00:00,,-17.279
2014-08-21 05:00:00,,-17.278
2014-08-21 06:00:00,,-17.28
2014-08-21 07:00:00,,-17.286
2014-08-21 08:00:00,,-17.291
2014-08-21 09:00:00,,-17.296
2014-08-21 10:00:00,,-17.293
2014-08-21 11:00:00,,-17.29
2014-08-21 12:00:00,,-17.283
2014-08-21 13:00:00,,-17.273
2014-08-21 14:00:00,,-17.266
2014-08-21 15:00:00,,-17.26
2014-08-21 16:00:00,,-17.258
2014-08-21 17:00:00,,-17.262
2014-08-21 18:00:00,,-17.266
2014-08-21 19:00:00,,-17.273
2014-08-21 20:00:00,,-17.278
2014-08-21 21:00:00,,-17.285
2014-08-21 22:00:00,,-17.288
2014-08-21 23:00:00,,-17.29
2014-08-22 00:00:00,,-17.291
2014-08-22 01:00:00,,-17.287
2014-08-22 02:00:00,,-17.286
2014-08-22 03:00:00,,-17.285
2014-08-22 04:00:00,,-17.284
2014-08-22 05:00:00,,-17.285
2014-08-22 06:00:00,,-17.289
2014-08-22 07:00:00,,-17.29
2014-08-22 08:00:00,,-17.297
2014-08-22 09:00:00,,-17.302
2014-08-22 10:00:00,,-17.301
2014-08-22 11:00:00,,-17.298
2014-08-22 12:00:00,,-17.293
2014-08-22 13:00:00,,-17.283
2014-08-22 14:00:00,,-17.276
2014-08-22 15:00:00,,-17.272
2014-08-22 16:00:00,,-17.268
2014-08-22 17:00:00,,-17.269
2014-08-22 18:00:00,,-17.271
2014-08-22 19:00:00,,-17.277
2014-08-22 20:00:00,,-17.283
2014-08-22 21:00:00,,-17.286
2014-08-22 22:00:00,,-17.292
2014-08-22 23:00:00,,-17.295
2014-08-23 00:00:00,,-17.294
2014-08-23 01:00:00,,-17.293
2014-08-23 02:00:00,,-17.289
2014-08-23 03:00:00,,-17.287
2014-08-23 04:00:00,,-17.285
2014-08-23 05:00:00,,-17.285
2014-08-23 06:00:00,,-17.289
2014-08-23 07:00:00,,-17.295
2014-08-23 08:00:00,,-17.299
2014-08-23 09:00:00,,-17.303
2014-08-23 10:00:00,,-17.308
2014-08-23 11:00:00,,-17.304
2014-08-23 12:00:00,,-17.298
2014-08-23 13:00:00,,-17.291
2014-08-23 14:00:00,,-17.285
2014-08-23 15:00:00,,-17.281
2014-08-23 16:00:00,,-17.282
2014-08-23 17:00:00,,-17.279
2014-08-23 18:00:00,,-17.281
2014-08-23 19:00:00,,-17.287
2014-08-23 20:00:00,,-17.294
2014-08-23 21:00:00,,-17.302
2014-08-23 22:00:00,,-17.304
2014-08-23 23:00:00,,-17.304
2014-08-24 00:00:00,,-17.3
2014-08-24 01:00:00,,-17.299
2014-08-24 02:00:00,,-17.296
2014-08-24 03:00:00,,-17.295
2014-08-24 04:00:00,,-17.292
2014-08-24 05:00:00,,-17.292
2014-08-24 06:00:00,,-17.299
2014-08-24 07:00:00,,-17.303
2014-08-24 08:00:00,,-17.308
2014-08-24 09:00:00,,-17.315
2014-08-24 10:00:00,,-17.316
2014-08-24 11:00:00,,-17.313
2014-08-24 12:00:00,,-17.309
2014-08-24 13:00:00,,-17.302
2014-08-24 14:00:00,,-17.297
2014-08-24 15:00:00,,-17.293
2014-08-24 16:00:00,,-17.291
2014-08-24 17:00:00,,-17.29
2014-08-24 18:00:00,,-17.293
2014-08-24 19:00:00,,-17.302
2014-08-24 20:00:00,,-17.306
2014-08-24 21:00:00,,-17.31
2014-08-24 22:00:00,,-17.314
2014-08-24 23:00:00,,-17.318
2014-08-25 00:00:00,,-17.317
2014-08-25 01:00:00,,-17.317
2014-08-25 02:00:00,,-17.314
2014-08-25 03:00:00,,-17.312
2014-08-25 04:00:00,,-17.31
2014-08-25 05:00:00,,-17.312
2014-08-25 06:00:00,,-17.314
2014-08-25 07:00:00,,-17.32
2014-08-25 08:00:00,,-17.323
2014-08-25 09:00:00,,-17.327
2014-08-25 10:00:00,,-17.328
2014-08-25 11:00:00,,-17.325
2014-08-25 12:00:00,,-17.317
2014-08-25 13:00:00,,-17.309
2014-08-25 14:00:00,,-17.301
2014-08-25 15:00:00,,-17.295
2014-08-25 16:00:00,,-17.288
2014-08-25 17:00:00,,-17.287
2014-08-25 18:00:00,,-17.29
2014-08-25 19:00:00,,-17.295
2014-08-25 20:00:00,,-17.299
2014-08-25 21:00:00,,-17.305
2014-08-25 22:00:00,,-17.309
2014-08-25 23:00:00,,-17.308
2014-08-26 00:00:00,,-17.308
2014-08-26 01:00:00,,-17.305
2014-08-26 02:00:00,,-17.303
2014-08-26 03:00:00,,-17.298
2014-08-26 04:00:00,,-17.294
2014-08-26 05:00:00,,-17.294
2014-08-26 06:00:00,,-17.296
2014-08-26 07:00:00,,-17.301
2014-08-26 08:00:00,,-17.306
2014-08-26 09:00:00,,-17.309
2014-08-26 10:00:00,,-17.31
2014-08-26 11:00:00,,-17.308
2014-08-26 12:00:00,,-17.306
2014-08-26 13:00:00,,-17.295
2014-08-26 14:00:00,,-17.287
2014-08-26 15:00:00,,-17.278
2014-08-26 16:00:00,,-17.272
2014-08-26 17:00:00,,-17.271
2014-08-26 18:00:00,,-17.272
2014-08-26 19:00:00,,-17.278
2014-08-26 20:00:00,,-17.283
2014-08-26 21:00:00,,-17.289
2014-08-26 22:00:00,,-17.293
2014-08-26 23:00:00,,-17.295
2014-08-27 00:00:00,,-17.295
2014-08-27 01:00:00,,-17.292
2014-08-27 02:00:00,,-17.288
2014-08-27 03:00:00,,-17.287
2014-08-27 04:00:00,,-17.284
2014-08-27 05:00:00,,-17.282
2014-08-27 06:00:00,,-17.288
2014-08-27 07:00:00,,-17.293
2014-08-27 08:00:00,,-17.297
2014-08-27 09:00:00,,-17.299
2014-08-27 10:00:00,,-17.3
2014-08-27 11:00:00,,-17.299
2014-08-27 12:00:00,,-17.296
2014-08-27 13:00:00,,-17.288
2014-08-27 14:00:00,,-17.285
2014-08-27 15:00:00,,-17.277
2014-08-27 16:00:00,,-17.274
2014-08-27 17:00:00,,-17.27
2014-08-27 18:00:00,,-17.271
2014-08-27 19:00:00,,-17.276
2014-08-27 20:00:00,,-17.283
2014-08-27 21:00:00,,-17.286
2014-08-27 22:00:00,,-17.289
2014-08-27 23:00:00,,-17.294
2014-08-28 00:00:00,,-17.294
2014-08-28 01:00:00,,-17.29
2014-08-28 02:00:00,,-17.291
2014-08-28 03:00:00,,-17.286
2014-08-28 04:00:00,,-17.286
2014-08-28 05:00:00,,-17.288
2014-08-28 06:00:00,,-17.288
2014-08-28 07:00:00,,-17.293
2014-08-28 08:00:00,,-17.298
2014-08-28 09:00:00,,-17.301
2014-08-28 10:00:00,,-17.302
2014-08-28 11:00:00,,-17.301
2014-08-28 12:00:00,,-17.298
2014-08-28 13:00:00,,-17.293
2014-08-28 14:00:00,,-17.287
2014-08-28 15:00:00,,-17.282
2014-08-28 16:00:00,,-17.278
2014-08-28 17:00:00,,-17.274
2014-08-28 18:00:00,,-17.275
2014-08-28 19:00:00,,-17.279
2014-08-28 20:00:00,,-17.281
2014-08-28 21:00:00,,-17.284
2014-08-28 22:00:00,,-17.288
2014-08-28 23:00:00,,-17.287
2014-08-29 00:00:00,,-17.294
2014-08-29 01:00:00,,-17.293
2014-08-29 02:00:00,,-17.29
2014-08-29 03:00:00,,-17.287
2014-08-29 04:00:00,,-17.288
2014-08-29 05:00:00,,-17.289
2014-08-29 06:00:00,,-17.292
2014-08-29 07:00:00,,-17.291
2014-08-29 08:00:00,,-17.296
2014-08-29 09:00:00,,-17.298
2014-08-29 10:00:00,,-17.301
2014-08-29 11:00:00,,-17.302
2014-08-29 12:00:00,,-17.296
2014-08-29 13:00:00,,-17.286
2014-08-29 14:00:00,,-17.281
2014-08-29 15:00:00,,-17.274
2014-08-29 16:00:00,,-17.269
2014-08-29 17:00:00,,-17.265
2014-08-29 18:00:00,,-17.266
2014-08-29 19:00:00,,-17.268
2014-08-29 20:00:00,,-17.269
2014-08-29 21:00:00,,-17.273
2014-08-29 22:00:00,,-17.279
2014-08-29 23:00:00,,-17.279
2014-08-30 00:00:00,,-17.28
2014-08-30 01:00:00,,-17.282
2014-08-30 02:00:00,,-17.281
2014-08-30 03:00:00,,-17.281
2014-08-30 04:00:00,,-17.279
2014-08-30 05:00:00,,-17.277
2014-08-30 06:00:00,,-17.279
2014-08-30 07:00:00,,-17.284
2014-08-30 08:00:00,,-17.284
2014-08-30 09:00:00,,-17.29
2014-08-30 10:00:00,,-17.287
2014-08-30 11:00:00,,-17.287
2014-08-30 12:00:00,,-17.28
2014-08-30 13:00:00,,-17.273
2014-08-30 14:00:00,,-17.263
2014-08-30 15:00:00,,-17.26
2014-08-30 16:00:00,,-17.255
2014-08-30 17:00:00,,-17.25
2014-08-30 18:00:00,,-17.251
2014-08-30 19:00:00,,-17.255
2014-08-30 20:00:00,,-17.257
2014-08-30 21:00:00,,-17.261
2014-08-30 22:00:00,,-17.263
2014-08-30 23:00:00,,-17.264
2014-08-31 00:00:00,,-17.263
2014-08-31 01:00:00,,-17.264
2014-08-31 02:00:00,,-17.263
2014-08-31 03:00:00,,-17.26
2014-08-31 04:00:00,,-17.257
2014-08-31 05:00:00,,-17.257
2014-08-31 06:00:00,,-17.259
2014-08-31 07:00:00,,-17.263
2014-08-31 08:00:00,,-17.267
2014-08-31 09:00:00,,-17.268
2014-08-31 10:00:00,,-17.268
2014-08-31 11:00:00,,-17.265
2014-08-31 12:00:00,,-17.259
2014-08-31 13:00:00,,-17.255
2014-08-31 14:00:00,,-17.249
2014-08-31 15:00:00,,-17.245
2014-08-31 16:00:00,,-17.24
2014-08-31 17:00:00,,-17.239
2014-08-31 18:00:00,,-17.236
2014-08-31 19:00:00,,-17.242
2014-08-31 20:00:00,,-17.242
2014-08-31 21:00:00,,-17.244
2014-08-31 22:00:00,,-17.242
2014-08-31 23:00:00,,-17.244
2014-09-01 00:00:00,,-17.243
2014-09-01 01:00:00,,-17.243
2014-09-01 02:00:00,,-17.243
2014-09-01 03:00:00,,-17.243
2014-09-01 04:00:00,,-17.242
2014-09-01 05:00:00,,-17.246
2014-09-01 06:00:00,,-17.251
2014-09-01 07:00:00,,-17.253
2014-09-01 08:00:00,,-17.256
2014-09-01 09:00:00,,-17.26
2014-09-01 10:00:00,,-17.264
2014-09-01 11:00:00,,-17.261
2014-09-01 12:00:00,,-17.256
2014-09-01 13:00:00,,-17.252
2014-09-01 14:00:00,,-17.243
2014-09-01 15:00:00,,-17.244
2014-09-01 16:00:00,,-17.242
2014-09-01 17:00:00,,-17.242
2014-09-01 18:00:00,,-17.25
2014-09-01 19:00:00,,-17.249
2014-09-01 20:00:00,,-17.253
2014-09-01 21:00:00,,-17.253
2014-09-01 22:00:00,,-17.255
2014-09-01 23:00:00,,-17.26
2014-09-02 00:00:00,,-17.263
2014-09-02 01:00:00,,-17.262
2014-09-02 02:00:00,,-17.264
2014-09-02 03:00:00,,-17.268
2014-09-02 04:00:00,,-17.267
2014-09-02 05:00:00,,-17.275
2014-09-02 06:00:00,,-17.28
2014-09-02 07:00:00,,-17.286
2014-09-02 08:00:00,,-17.289
2014-09-02 09:00:00,,-17.296
2014-09-02 10:00:00,,-17.3
2014-09-02 11:00:00,,-17.296
2014-09-02 12:00:00,,-17.293
2014-09-02 13:00:00,,-17.285
2014-09-02 14:00:00,,-17.283
2014-09-02 15:00:00,,-17.281
2014-09-02 16:00:00,,-17.278
2014-09-02 17:00:00,,-17.279
2014-09-02 18:00:00,,-17.28
2014-09-02 19:00:00,,-17.282
2014-09-02 20:00:00,,-17.287
2014-09-02 21:00:00,,-17.291
2014-09-02 22:00:00,,-17.291
2014-09-02 23:00:00,,-17.292
2014-09-03 00:00:00,,-17.291
2014-09-03 01:00:00,,-17.29
2014-09-03 02:00:00,,-17.285
2014-09-03 03:00:00,,-17.284
2014-09-03 04:00:00,,-17.287
2014-09-03 05:00:00,,-17.291
2014-09-03 06:00:00,,-17.297
2014-09-03 07:00:00,,-17.3
2014-09-03 08:00:00,,-17.301
2014-09-03 09:00:00,,-17.302
2014-09-03 10:00:00,,-17.303
2014-09-03 11:00:00,,-17.295
2014-09-03 12:00:00,,-17.288
2014-09-03 13:00:00,,-17.279
2014-09-03 14:00:00,,-17.272
2014-09-03 15:00:00,,-17.265
2014-09-03 16:00:00,,-17.259
2014-09-03 17:00:00,,-17.258
2014-09-03 18:00:00,,-17.257
2014-09-03 19:00:00,,-17.262
2014-09-03 20:00:00,,-17.262
2014-09-03 21:00:00,,-17.265
2014-09-03 22:00:00,,-17.262
2014-09-03 23:00:00,,-17.259
2014-09-04 00:00:00,,-17.261
2014-09-04 01:00:00,,-17.257
2014-09-04 02:00:00,,-17.253
2014-09-04 03:00:00,,-17.249
2014-09-04 04:00:00,,-17.251
2014-09-04 05:00:00,,-17.25
2014-09-04 06:00:00,,-17.255
2014-09-04 07:00:00,,-17.254
2014-09-04 08:00:00,,-17.258
2014-09-04 09:00:00,,-17.257
2014-09-04 10:00:00,,-17.257
2014-09-04 11:00:00,,-17.249
2014-09-04 12:00:00,,-17.242
2014-09-04 13:00:00,,-17.234
2014-09-04 14:00:00,,-17.227
2014-09-04 15:00:00,,-17.219
2014-09-04 16:00:00,,-17.218
2014-09-04 17:00:00,,-17.218
2014-09-04 18:00:00,,-17.223
2014-09-04 19:00:00,,-17.225
2014-09-04 20:00:00,,-17.229
2014-09-04 21:00:00,,-17.23
2014-09-04 22:00:00,,-17.231
2014-09-04 23:00:00,,-17.229
2014-09-05 00:00:00,,-17.237
2014-09-05 01:00:00,,-17.233
2014-09-05 02:00:00,,-17.232
2014-09-05 03:00:00,,-17.228
2014-09-05 04:00:00,,-17.228
2014-09-05 05:00:00,,-17.236
2014-09-05 06:00:00,,-17.238
2014-09-05 07:00:00,,-17.249
2014-09-05 08:00:00,,-17.253
2014-09-05 09:00:00,,-17.26
2014-09-05 10:00:00,,-17.259
2014-09-05 11:00:00,,-17.258
2014-09-05 12:00:00,,-17.25
2014-09-05 13:00:00,,-17.242
2014-09-05 14:00:00,,-17.234
2014-09-05 15:00:00,,-17.23
2014-09-05 16:00:00,,-17.231
2014-09-05 17:00:00,,-17.228
2014-09-05 18:00:00,,-17.234
2014-09-05 19:00:00,,-17.24
2014-09-05 20:00:00,,-17.251
2014-09-05 21:00:00,,-17.256
2014-09-05 22:00:00,,-17.257
2014-09-05 23:00:00,,-17.256
2014-09-06 00:00:00,,-17.255
2014-09-06 01:00:00,,-17.251
2014-09-06 02:00:00,,-17.249
2014-09-06 03:00:00,,-17.24
2014-09-06 04:00:00,,-17.239
2014-09-06 05:00:00,,-17.246
2014-09-06 06:00:00,,-17.258
2014-09-06 07:00:00,,-17.256
2014-09-06 08:00:00,,-17.258
2014-09-06 09:00:00,,-17.266
2014-09-06 10:00:00,,-17.268
2014-09-06 11:00:00,,-17.264
2014-09-06 12:00:00,,-17.263
2014-09-06 13:00:00,,-17.254
2014-09-06 14:00:00,,-17.248
2014-09-06 15:00:00,,-17.242
2014-09-06 16:00:00,,-17.237
2014-09-06 17:00:00,,-17.238
2014-09-06 18:00:00,,-17.242
2014-09-06 19:00:00,,-17.249
2014-09-06 20:00:00,,-17.255
2014-09-06 21:00:00,,-17.259
2014-09-06 22:00:00,,-17.262
2014-09-06 23:00:00,,-17.26
2014-09-07 00:00:00,,-17.26
2014-09-07 01:00:00,,-17.259
2014-09-07 02:00:00,,-17.255
2014-09-07 03:00:00,,-17.25
2014-09-07 04:00:00,,-17.25
2014-09-07 05:00:00,,-17.251
2014-09-07 06:00:00,,-17.255
2014-09-07 07:00:00,,-17.262
2014-09-07 08:00:00,,-17.27
2014-09-07 09:00:00,,-17.273
2014-09-07 10:00:00,,-17.274
2014-09-07 11:00:00,,-17.272
2014-09-07 12:00:00,,-17.266
2014-09-07 13:00:00,,-17.258
2014-09-07 14:00:00,,-17.248
2014-09-07 15:00:00,,-17.24
2014-09-07 16:00:00,,-17.24
2014-09-07 17:00:00,,-17.238
2014-09-07 18:00:00,,-17.242
2014-09-07 19:00:00,,-17.244
2014-09-07 20:00:00,,-17.249
2014-09-07 21:00:00,,-17.256
2014-09-07 22:00:00,,-17.255
2014-09-07 23:00:00,,-17.258
2014-09-08 00:00:00,,-17.254
2014-09-08 01:00:00,,-17.254
2014-09-08 02:00:00,,-17.25
2014-09-08 03:00:00,,-17.246
2014-09-08 04:00:00,,-17.241
2014-09-08 05:00:00,,-17.244
2014-09-08 06:00:00,,-17.248
2014-09-08 07:00:00,,-17.253
2014-09-08 08:00:00,,-17.259
2014-09-08 09:00:00,,-17.264
2014-09-08 10:00:00,,-17.265
2014-09-08 11:00:00,,-17.257
2014-09-08 12:00:00,,-17.25
2014-09-08 13:00:00,,-17.244
2014-09-08 14:00:00,,-17.235
2014-09-08 15:00:00,,-17.225
2014-09-08 16:00:00,,-17.221
2014-09-08 17:00:00,,-17.218
2014-09-08 18:00:00,,-17.216
2014-09-08 19:00:00,,-17.222
2014-09-08 20:00:00,,-17.227
2014-09-08 21:00:00,,-17.232
2014-09-08 22:00:00,,-17.237
2014-09-08 23:00:00,,-17.239
2014-09-09 00:00:00,,-17.238
2014-09-09 01:00:00,,-17.234
2014-09-09 02:00:00,,-17.231
2014-09-09 03:00:00,,-17.225
2014-09-09 04:00:00,,-17.222
2014-09-09 05:00:00,,-17.222
2014-09-09 06:00:00,,-17.222
2014-09-09 07:00:00,,-17.232
2014-09-09 08:00:00,,-17.234
2014-09-09 09:00:00,,-17.239
2014-09-09 10:00:00,,-17.24
2014-09-09 11:00:00,,-17.241
2014-09-09 12:00:00,,-17.237
2014-09-09 13:00:00,,-17.231
2014-09-09 14:00:00,,-17.227
2014-09-09 15:00:00,,-17.22
2014-09-09 16:00:00,,-17.217
2014-09-09 17:00:00,,-17.215
2014-09-09 18:00:00,,-17.214
2014-09-09 19:00:00,,-17.22
2014-09-09 20:00:00,,-17.228
2014-09-09 21:00:00,,-17.233
2014-09-09 22:00:00,,-17.239
2014-09-09 23:00:00,,-17.24
2014-09-10 00:00:00,,-17.242
2014-09-10 01:00:00,,-17.242
2014-09-10 02:00:00,,-17.24
2014-09-10 03:00:00,,-17.236
2014-09-10 04:00:00,,-17.237
2014-09-10 05:00:00,,-17.241
2014-09-10 06:00:00,,-17.242
2014-09-10 07:00:00,,-17.25
2014-09-10 08:00:00,,-17.256
2014-09-10 09:00:00,,-17.265
2014-09-10 10:00:00,,-17.269
2014-09-10 11:00:00,,-17.271
2014-09-10 12:00:00,,-17.267
2014-09-10 13:00:00,,-17.26
2014-09-10 14:00:00,,-17.253
2014-09-10 15:00:00,,-17.245
2014-09-10 16:00:00,,-17.242
2014-09-10 17:00:00,,-17.24
2014-09-10 18:00:00,,-17.242
2014-09-10 19:00:00,,-17.247
2014-09-10 20:00:00,,-17.249
2014-09-10 21:00:00,,-17.253
2014-09-10 22:00:00,,-17.259
2014-09-10 23:00:00,,-17.261
2014-09-11 00:00:00,,-17.263
2014-09-11 01:00:00,,-17.258
2014-09-11 02:00:00,,-17.251
2014-09-11 03:00:00,,-17.25
2014-09-11 04:00:00,,-17.251
2014-09-11 05:00:00,,-17.25
2014-09-11 06:00:00,,-17.254
2014-09-11 07:00:00,,-17.259
2014-09-11 08:00:00,,-17.265
2014-09-11 09:00:00,,-17.27
2014-09-11 10:00:00,,-17.273
2014-09-11 11:00:00,,-17.274
2014-09-11 12:00:00,,-17.274
2014-09-11 13:00:00,,-17.267
2014-09-11 14:00:00,,-17.262
2014-09-11 15:00:00,,-17.255
2014-09-11 16:00:00,,-17.25
2014-09-11 16:10:00,,-17.25
2014-09-11 16:11:00,,-17.25
2014-09-11 16:11:01,,NaN
2024-08-28 15:59:59,,NaN
2024-08-28 16:00:00,,-17.9
2024-08-28 17:00:00,,-17.893004212299918
2024-08-28 18:00:00,,-17.89700842459983
2024-08-28 19:00:00,,-17.902012636899748
2024-08-28 20:00:00,,-17.903016849199663
2024-08-28 21:00:00,,-17.912021061499576
2024-08-28 22:00:00,,-17.912025273799493
2024-08-28 23:00:00,,-17.911029486099412
2024-08-29 00:00:00,,-17.908033698399326
2024-08-29 01:00:00,,-17.905037910699242
2024-08-29 02:00:00,,-17.903042122999157
2024-08-29 03:00:00,,-17.897046335299073
2024-08-29 04:00:00,,-17.894050547598987
2024-08-29 05:00:00,,-17.893054759898906
2024-08-29 06:00:00,,-17.89705897219882
2024-08-29 07:00:00,,-17.904063184498735
2024-08-29 08:00:00,,-17.908067396798653
2024-08-29 09:00:00,,-17.912071609098568
2024-08-29 10:00:00,,-17.914075821398484
2024-08-29 11:00:00,,-17.9100800336984
2024-08-29 12:00:00,,-17.903084245998315
2024-08-29 13:00:00,,-17.89508845829823
2024-08-29 14:00:00,,-17.885092670598148
2024-08-29 15:00:00,,-17.881096882898063
2024-08-29 16:00:00,,-17.879101095197978
2024-08-29 17:00:00,,-17.875105307497893
2024-08-29 18:00:00,,-17.87510951979781
2024-08-29 19:00:00,,-17.880113732097723
2024-08-29 20:00:00,,-17.88611794439764
2024-08-29 21:00:00,,-17.892122156697557
2024-08-29 22:00:00,,-17.894126368997473
2024-08-29 23:00:00,,-17.890130581297388
2024-08-30 00:00:00,,-17.890134793597305
2024-08-30 01:00:00,,-17.88913900589722
2024-08-30 02:00:00,,-17.881143218197135
2024-08-30 03:00:00,,-17.87814743049705
2024-08-30 04:00:00,,-17.87615164279697
2024-08-30 05:00:00,,-17.87515585509688
2024-08-30 06:00:00,,-17.8811600673968
2024-08-30 07:00:00,,-17.887164279696716
2024-08-30 08:00:00,,-17.889168491996628
2024-08-30 09:00:00,,-17.896172704296546
2024-08-30 10:00:00,,-17.896176916596463
2024-08-30 11:00:00,,-17.891181128896374
2024-08-30 12:00:00,,-17.884185341196293
2024-08-30 13:00:00,,-17.87618955349621
2024-08-30 14:00:00,,-17.870193765796127
2024-08-30 15:00:00,,-17.86319797809604
2024-08-30 16:00:00,,-17.860202190395956
2024-08-30 17:00:00,,-17.859206402695875
2024-08-30 18:00:00,,-17.862210614995785
2024-08-30 19:00:00,,-17.865214827295702
2024-08-30 20:00:00,,-17.87121903959562
2024-08-30 21:00:00,,-17.877223251895533
2024-08-30 22:00:00,,-17.88022746419545
2024-08-30 23:00:00,,-17.881231676495368
2024-08-31 00:00:00,,-17.882235888795282
2024-08-31 01:00:00,,-17.878240101095198
2024-08-31 02:00:00,,-17.876244313395116
2024-08-31 03:00:00,,-17.87324852569503
2024-08-31 04:00:00,,-17.871252737994944
2024-08-31 05:00:00,,-17.87225695029486
2024-08-31 06:00:00,,-17.875261162594775
2024-08-31 07:00:00,,-17.879265374894693
2024-08-31 08:00:00,,-17.88726958719461
2024-08-31 09:00:00,,-17.892273799494525
2024-08-31 10:00:00,,-17.894278011794437
2024-08-31 11:00:00,,-17.891282224094354
2024-08-31 12:00:00,,-17.888286436394274
2024-08-31 13:00:00,,-17.880290648694185
2024-08-31 14:00:00,,-17.873294860994104
2024-08-31 15:00:00,,-17.86629907329402
2024-08-31 16:00:00,,-17.863303285593933
2024-08-31 17:00:00,,-17.86230749789385
2024-08-31 18:00:00,,-17.863311710193766
2024-08-31 19:00:00,,-17.86731592249368
2024-08-31 20:00:00,,-17.8763201347936
2024-08-31 21:00:00,,-17.883324347093513
2024-08-31 22:00:00,,-17.88832855939343
2024-08-31 23:00:00,,-17.892332771693344
2024-09-01 00:00:00,,-17.89533698399326
2024-09-01 01:00:00,,-17.893341196293175
2024-09-01 02:00:00,,-17.89434540859309
2024-09-01 03:00:00,,-17.892349620893008
2024-09-01 04:00:00,,-17.888353833192927
2024-09-01 05:00:00,,-17.89035804549284
2024-09-01 06:00:00,,-17.895362257792755
2024-09-01 07:00:00,,-17.902366470092673
2024-09-01 08:00:00,,-17.909370682392584
2024-09-01 09:00:00,,-17.9123748946925
2024-09-01 10:00:00,,-17.91937910699242
2024-09-01 11:00:00,,-17.917383319292334
2024-09-01 12:00:00,,-17.91238753159225
2024-09-01 13:00:00,,-17.906391743892165
2024-09-01 14:00:00,,-17.90239595619208
2024-09-01 15:00:00,,-17.892400168491996
2024-09-01 16:00:00,,-17.888404380791915
2024-09-01 17:00:00,,-17.887408593091827
2024-09-01 18:00:00,,-17.89141280539174
2024-09-01 19:00:00,,-17.89241701769166
2024-09-01 20:00:00,,-17.897421229991576
2024-09-01 21:00:00,,-17.90642544229149
2024-09-01 22:00:00,,-17.912429654591406
2024-09-01 23:00:00,,-17.915433866891323
2024-09-02 00:00:00,,-17.91443807919124
2024-09-02 01:00:00,,-17.914442291491156
2024-09-02 02:00:00,,-17.91344650379107
2024-09-02 03:00:00,,-17.910450716090985
2024-09-02 04:00:00,,-17.908454928390903
2024-09-02 05:00:00,,-17.91145914069082
2024-09-02 06:00:00,,-17.917463352990733
2024-09-02 07:00:00,,-17.92246756529065
2024-09-02 08:00:00,,-17.929471777590564
2024-09-02 09:00:00,,-17.935475989890477
2024-09-02 10:00:00,,-17.944480202190395
2024-09-02 11:00:00,,-17.942484414490313
2024-09-02 12:00:00,,-17.939488626790226
2024-09-02 13:00:00,,-17.933492839090142
2024-09-02 14:00:00,,-17.92749705139006
2024-09-02 15:00:00,,-17.920501263689978
2024-09-02 16:00:00,,-17.91850547598989
2024-09-02 17:00:00,,-17.918509688289806
2024-09-02 18:00:00,,-17.920513900589725
2024-09-02 19:00:00,,-17.928518112889638
2024-09-02 20:00:00,,-17.938522325189552
2024-09-02 21:00:00,,-17.946526537489472
2024-09-02 22:00:00,,-17.956530749789383
2024-09-02 23:00:00,,-17.9565349620893
2024-09-03 00:00:00,,-17.961539174389216
2024-09-03 01:00:00,,-17.95654338668913
2024-09-03 02:00:00,,-17.956547598989047
2024-09-03 03:00:00,,-17.953551811288964
2024-09-03 04:00:00,,-17.94855602358888
2024-09-03 05:00:00,,-17.947560235888794
2024-09-03 06:00:00,,-17.95356444818871
2024-09-03 07:00:00,,-17.958568660488623
2024-09-03 08:00:00,,-17.95957287278854
2024-09-03 09:00:00,,-17.96357708508846
2024-09-03 10:00:00,,-17.970581297388375
2024-09-03 11:00:00,,-17.967585509688288
2024-09-03 12:00:00,,-17.957589721988207
2024-09-03 13:00:00,,-17.953593934288122
2024-09-03 14:00:00,,-17.943598146588037
2024-09-03 15:00:00,,-17.93260235888795
2024-09-03 16:00:00,,-17.92860657118787
2024-09-03 17:00:00,,-17.925610783487784
2024-09-03 18:00:00,,-17.9256149957877
2024-09-03 19:00:00,,-17.925619208087618
2024-09-03 20:00:00,,-17.93362342038753
2024-09-03 21:00:00,,-17.937627632687448
2024-09-03 22:00:00,,-17.939631844987364
2024-09-03 23:00:00,,-17.94363605728728
2024-09-04 00:00:00,,-17.943640269587195
2024-09-04 01:00:00,,-17.940644481887112
2024-09-04 02:00:00,,-17.938648694187027
2024-09-04 03:00:00,,-17.93365290648694
2024-09-04 04:00:00,,-17.92865711878686
2024-09-04 05:00:00,,-17.927661331086775
2024-09-04 06:00:00,,-17.926665543386687
2024-09-04 07:00:00,,-17.929669755686604
2024-09-04 08:00:00,,-17.93267396798652
2024-09-04 09:00:00,,-17.933678180286435
2024-09-04 10:00:00,,-17.93568239258635
2024-09-04 11:00:00,,-17.93168660488627
2024-09-04 12:00:00,,-17.92369081718618
2024-09-04 13:00:00,,-17.9156950294861
2024-09-04 14:00:00,,-17.903699241786015
2024-09-04 15:00:00,,-17.894703454085928
2024-09-04 16:00:00,,-17.889707666385846
2024-09-04 17:00:00,,-17.883711878685762
2024-09-04 18:00:00,,-17.883716090985676
2024-09-04 19:00:00,,-17.884720303285594
2024-09-04 20:00:00,,-17.88972451558551
2024-09-04 21:00:00,,-17.890728727885428
2024-09-04 22:00:00,,-17.89573294018534
2024-09-04 23:00:00,,-17.899737152485258
2024-09-05 00:00:00,,-17.899741364785175
2024-09-05 01:00:00,,-17.89974557708509
2024-09-05 02:00:00,,-17.896749789385005
2024-09-05 03:00:00,,-17.88775400168492
2024-09-05 04:00:00,,-17.890758213984835
2024-09-05 05:00:00,,-17.89276242628475
2024-09-05 06:00:00,,-17.889766638584668
2024-09-05 07:00:00,,-17.896770850884582
2024-09-05 08:00:00,,-17.9017750631845
2024-09-05 09:00:00,,-17.906779275484414
2024-09-05 10:00:00,,-17.90778348778433
2024-09-05 11:00:00,,-17.909787700084244
2024-09-05 12:00:00,,-17.905791912384164
2024-09-05 13:00:00,,-17.897796124684074
2024-09-05 14:00:00,,-17.89180033698399
2024-09-05 15:00:00,,-17.88480454928391
2024-09-05 16:00:00,,-17.880808761583825
2024-09-05 17:00:00,,-17.88181297388374
2024-09-05 18:00:00,,-17.879817186183658
2024-09-05 19:00:00,,-17.881821398483574
2024-09-05 20:00:00,,-17.886825610783486
2024-09-05 21:00:00,,-17.895829823083403
2024-09-05 22:00:00,,-17.90083403538332
2024-09-05 23:00:00,,-17.903838247683233
2024-09-06 00:00:00,,-17.905842459983152
2024-09-06 01:00:00,,-17.907846672283068
2024-09-06 02:00:00,,-17.90385088458298
2024-09-06 03:00:00,,-17.906855096882897
2024-09-06 04:00:00,,-17.903859309182813
2024-09-06 05:00:00,,-17.90286352148273
2024-09-06 06:00:00,,-17.904867733782645
2024-09-06 07:00:00,,-17.90787194608256
2024-09-06 08:00:00,,-17.915876158382478
2024-09-06 09:00:00,,-17.92188037068239
2024-09-06 10:00:00,,-17.92588458298231
2024-09-06 11:00:00,,-17.928888795282226
2024-09-06 12:00:00,,-17.92289300758214
2024-09-06 13:00:00,,-17.919897219882056
2024-09-06 14:00:00,,-17.914901432181974
2024-09-06 15:00:00,,-17.906905644481885
2024-09-06 16:00:00,,-17.904909856781803
2024-09-06 17:00:00,,-17.90591406908172
2024-09-06 18:00:00,,-17.908918281381634
2024-09-06 19:00:00,,-17.91092249368155
2024-09-06 20:00:00,,-17.916926705981467
2024-09-06 21:00:00,,-17.92193091828138
2024-09-06 22:00:00,,-17.925935130581298
2024-09-06 23:00:00,,-17.926939342881212
2024-09-07 00:00:00,,-17.925943555181128
2024-09-07 01:00:00,,-17.923947767481042
2024-09-07 02:00:00,,-17.92495197978096
2024-09-07 03:00:00,,-17.923956192080876
2024-09-07 04:00:00,,-17.925960404380792
2024-09-07 05:00:00,,-17.927964616680708
2024-09-07 06:00:00,,-17.928968828980626
2024-09-07 07:00:00,,-17.933973041280538
2024-09-07 08:00:00,,-17.938977253580454
2024-09-07 09:00:00,,-17.943981465880373
2024-09-07 10:00:00,,-17.943985678180287
2024-09-07 11:00:00,,-17.9449898904802
2024-09-07 12:00:00,,-17.941994102780118
2024-09-07 13:00:00,,-17.93599831508003
2024-09-07 14:00:00,,-17.93200252737995
2024-09-07 15:00:00,,-17.920006739679867
2024-09-07 16:00:00,,-17.91601095197978
2024-09-07 17:00:00,,-17.915015164279698
2024-09-07 18:00:00,,-17.914019376579613
2024-09-07 19:00:00,,-17.913023588879526
2024-09-07 20:00:00,,-17.916027801179442
2024-09-07 21:00:00,,-17.92303201347936
2024-09-07 22:00:00,,-17.926036225779278
2024-09-07 23:00:00,,-17.92504043807919
2024-09-08 00:00:00,,-17.928044650379107
2024-09-08 01:00:00,,-17.930048862679023
2024-09-08 02:00:00,,-17.928053074978937
2024-09-08 03:00:00,,-17.929057287278855
2024-09-08 04:00:00,,-17.93006149957877
2024-09-08 05:00:00,,-17.927065711878683
2024-09-08 06:00:00,,-17.929069924178602
2024-09-08 07:00:00,,-17.93707413647852
2024-09-08 08:00:00,,-17.94307834877843
2024-09-08 09:00:00,,-17.94308256107835
2024-09-08 10:00:00,,-17.946086773378266
2024-09-08 11:00:00,,-17.948090985678178
2024-09-08 12:00:00,,-17.943095197978096
2024-09-08 13:00:00,,-17.938099410278014
2024-09-08 14:00:00,,-17.939103622577928
2024-09-08 15:00:00,,-17.93310783487784
2024-09-08 16:00:00,,-17.92811204717776
2024-09-08 17:00:00,,-17.932116259477677
2024-09-08 18:00:00,,-17.927120471777588
2024-09-08 19:00:00,,-17.930124684077505
2024-09-08 20:00:00,,-17.937128896377423
2024-09-08 21:00:00,,-17.939133108677336
2024-09-08 22:00:00,,-17.939137320977252
2024-09-08 23:00:00,,-17.93814153327717
2024-09-09 00:00:00,,-17.934145745577084
2024-09-09 01:00:00,,-17.932149957877
2024-09-09 02:00:00,,-17.92915417017692
2024-09-09 03:00:00,,-17.92715838247683
2024-09-09 04:00:00,,-17.925162594776747
2024-09-09 05:00:00,,-17.926166807076665
2024-09-09 06:00:00,,-17.92917101937658
2024-09-09 07:00:00,,-17.930175231676493
2024-09-09 08:00:00,,-17.938179443976413
2024-09-09 09:00:00,,-17.94018365627633
2024-09-09 10:00:00,,-17.940187868576242
2024-09-09 11:00:00,,-17.939192080876158
2024-09-09 12:00:00,,-17.932196293176077
2024-09-09 13:00:00,,-17.927200505475987
2024-09-09 14:00:00,,-17.920204717775906
2024-09-09 15:00:00,,-17.912208930075824
2024-09-09 16:00:00,,-17.909213142375737
2024-09-09 17:00:00,,-17.90421735467565
2024-09-09 18:00:00,,-17.90322156697557
2024-09-09 19:00:00,,-17.909225779275484
2024-09-09 20:00:00,,-17.9092299915754
2024-09-09 21:00:00,,-17.917234203875317
2024-09-09 22:00:00,,-17.91923841617523
2024-09-09 23:00:00,,-17.92124262847515
2024-09-10 00:00:00,,-17.921246840775066
2024-09-10 01:00:00,,-17.920251053074978
2024-09-10 02:00:00,,-17.917255265374894
2024-09-10 03:00:00,,-17.91625947767481
2024-09-10 04:00:00,,-17.91826368997473
2024-09-10 05:00:00,,-17.91426790227464
2024-09-10 06:00:00,,-17.919272114574557
2024-09-10 07:00:00,,-17.918276326874476
2024-09-10 08:00:00,,-17.92328053917439
2024-09-10 09:00:00,,-17.922284751474304
2024-09-10 10:00:00,,-17.923288963774223
2024-09-10 11:00:00,,-17.919293176074135
2024-09-10 12:00:00,,-17.918297388374054
2024-09-10 13:00:00,,-17.90830160067397
2024-09-10 14:00:00,,-17.903305812973883
2024-09-10 15:00:00,,-17.8963100252738
2024-09-10 16:00:00,,-17.892314237573714
2024-09-10 17:00:00,,-17.89331844987363
2024-09-10 18:00:00,,-17.894322662173547
2024-09-10 19:00:00,,-17.897326874473464
2024-09-10 20:00:00,,-17.90233108677338
2024-09-10 21:00:00,,-17.906335299073294
2024-09-10 22:00:00,,-17.90733951137321
2024-09-10 23:00:00,,-17.911343723673127
2024-09-11 00:00:00,,-17.91134793597304
2024-09-11 01:00:00,,-17.913352148272956
2024-09-11 02:00:00,,-17.912356360572876
2024-09-11 03:00:00,,-17.90936057287279
2024-09-11 04:00:00,,-17.909364785172706
2024-09-11 05:00:00,,-17.91336899747262
2024-09-11 06:00:00,,-17.917373209772535
2024-09-11 07:00:00,,-17.92437742207245
2024-09-11 08:00:00,,-17.92638163437237
2024-09-11 09:00:00,,-17.93138584667228
2024-09-11 10:00:00,,-17.933390058972197
2024-09-11 11:00:00,,-17.931394271272115
2024-09-11 12:00:00,,-17.92839848357203
2024-09-11 13:00:00,,-17.924402695871944
2024-09-11 14:00:00,,-17.918406908171864
2024-09-11 15:00:00,,-17.91141112047178
2024-09-11 16:00:00,,-17.909415332771694
2024-09-11 17:00:00,,-17.91241954507161
2024-09-11 18:00:00,,-17.912423757371528
2024-09-11 19:00:00,,-17.91242796967144
2024-09-11 20:00:00,,-17.918432181971358
2024-09-11 21:00:00,,-17.919436394271273
2024-09-11 22:00:00,,-17.924440606571185
2024-09-11 23:00:00,,-17.926444818871104
2024-09-12 00:00:00,,-17.93344903117102
2024-09-12 01:00:00,,-17.934453243470934
2024-09-12 02:00:00,,-17.93645745577085
2024-09-12 03:00:00,,-17.934461668070767
2024-09-12 04:00:00,,-17.93746588037068
2024-09-12 05:00:00,,-17.940470092670598
2024-09-12 06:00:00,,-17.941474304970516
2024-09-12 07:00:00,,-17.95047851727043
2024-09-12 08:00:00,,-17.955482729570345
2024-09-12 09:00:00,,-17.955486941870262
2024-09-12 10:00:00,,-17.95849115417018
2024-09-12 11:00:00,,-17.95649536647009
2024-09-12 12:00:00,,-17.95249957877001
2024-09-12 13:00:00,,-17.950503791069927
2024-09-12 14:00:00,,-17.94450800336984
2024-09-12 15:00:00,,-17.933512215669754
2024-09-12 16:00:00,,-17.93051642796967
2024-09-12 17:00:00,,-17.937520640269586
2024-09-12 18:00:00,,-17.940524852569503
2024-09-12 19:00:00,,-17.94252906486942
2024-09-12 20:00:00,,-17.951533277169332
2024-09-12 21:00:00,,-17.95553748946925
2024-09-12 22:00:00,,-17.955541701769167
2024-09-12 23:00:00,,-17.95654591406908
2024-09-13 00:00:00,,-17.955550126368998
2024-09-13 01:00:00,,-17.951554338668913
2024-09-13 02:00:00,,-17.94955855096883
2024-09-13 03:00:00,,-17.950562763268746
2024-09-13 04:00:00,,-17.950566975568663
2024-09-13 05:00:00,,-17.95557118786858
2024-09-13 06:00:00,,-17.96057540016849
2024-09-13 07:00:00,,-17.960579612468408
2024-09-13 08:00:00,,-17.961583824768326
2024-09-13 09:00:00,,-17.96758803706824
2024-09-13 10:00:00,,-17.966592249368155
2024-09-13 11:00:00,,-17.96059646166807
2024-09-13 12:00:00,,-17.955600673967986
2024-09-13 13:00:00,,-17.944604886267904
2024-09-13 14:00:00,,-17.933609098567818
2024-09-13 15:00:00,,-17.926613310867733
2024-09-13 16:00:00,,-17.92561752316765
2024-09-13 17:00:00,,-17.921621735467568
2024-09-13 18:00:00,,-17.92362594776748
2024-09-13 19:00:00,,-17.930630160067395
2024-09-13 20:00:00,,-17.93363437236731
2024-09-13 21:00:00,,-17.93763858466723
2024-09-13 22:00:00,,-17.942642796967142
2024-09-13 23:00:00,,-17.93864700926706
2024-09-14 00:00:00,,-17.935651221566978
2024-09-14 01:00:00,,-17.93365543386689
2024-09-14 02:00:00,,-17.931659646166807
2024-09-14 03:00:00,,-17.928663858466724
2024-09-14 04:00:00,,-17.927668070766636
2024-09-14 05:00:00,,-17.928672283066554
2024-09-14 06:00:00,,-17.93067649536647
2024-09-14 07:00:00,,-17.932680707666385
2024-09-14 08:00:00,,-17.935684919966302
2024-09-14 09:00:00,,-17.936689132266217
2024-09-14 10:00:00,,-17.932693344566133
2024-09-14 11:00:00,,-17.928697556866048
2024-09-14 12:00:00,,-17.922701769165965
2024-09-14 13:00:00,,-17.91570598146588
2024-09-14 14:00:00,,-17.905710193765795
2024-09-14 15:00:00,,-17.897714406065713
2024-09-14 16:00:00,,-17.89471861836563
2024-09-14 17:00:00,,-17.891722830665543
2024-09-14 18:00:00,,-17.89372704296546
2024-09-14 19:00:00,,-17.899731255265376
2024-09-14 20:00:00,,-17.90773546756529
2024-09-14 21:00:00,,-17.911739679865207
2024-09-14 22:00:00,,-17.913743892165122
2024-09-14 23:00:00,,-17.911748104465037
2024-09-15 00:00:00,,-17.910752316764952
2024-09-15 01:00:00,,-17.90675652906487
2024-09-15 02:00:00,,-17.905760741364784
2024-09-15 03:00:00,,-17.9037649536647
2024-09-15 04:00:00,,-17.902769165964617
2024-09-15 05:00:00,,-17.90577337826453
2024-09-15 06:00:00,,-17.907777590564447
2024-09-15 07:00:00,,-17.914781802864365
2024-09-15 08:00:00,,-17.920786015164282
2024-09-15 09:00:00,,-17.923790227464195
2024-09-15 10:00:00,,-17.92479443976411
2024-09-15 11:00:00,,-17.922798652064028
2024-09-15 12:00:00,,-17.915802864363943
2024-09-15 13:00:00,,-17.90880707666386
2024-09-15 14:00:00,,-17.903811288963777
2024-09-15 15:00:00,,-17.895815501263687
2024-09-15 16:00:00,,-17.889819713563607
2024-09-15 17:00:00,,-17.887823925863522
2024-09-15 18:00:00,,-17.892828138163434
2024-09-15 19:00:00,,-17.897832350463354
2024-09-15 20:00:00,,-17.90383656276327
2024-09-15 21:00:00,,-17.911840775063183
2024-09-15 22:00:00,,-17.9178449873631
2024-09-15 23:00:00,,-17.91884919966302
2024-09-16 00:00:00,,-17.92085341196293
2024-09-16 01:00:00,,-17.916857624262846
2024-09-16 02:00:00,,-17.915861836562765
2024-09-16 03:00:00,,-17.91486604886268
2024-09-16 04:00:00,,-17.914870261162594
2024-09-16 05:00:00,,-17.918874473462512
2024-09-16 06:00:00,,-17.92087868576243
2024-09-16 07:00:00,,-17.92488289806234
2024-09-16 08:00:00,,-17.934887110362258
2024-09-16 09:00:00,,-17.937891322662175
2024-09-16 10:00:00,,-17.942895534962087
2024-09-16 11:00:00,,-17.938899747262006
2024-09-16 12:00:00,,-17.938903959561923
2024-09-16 13:00:00,,-17.930908171861834
2024-09-16 14:00:00,,-17.92591238416175
2024-09-16 15:00:00,,-17.91791659646167
2024-09-16 16:00:00,,-17.912920808761584
2024-09-16 17:00:00,,-17.9169250210615
2024-09-16 18:00:00,,-17.920929233361417
2024-09-16 19:00:00,,-17.92393344566133
2024-09-16 20:00:00,,-17.932937657961247
2024-09-16 21:00:00,,-17.939941870261162
2024-09-16 22:00:00,,-17.94394608256108
2024-09-16 23:00:00,,-17.944950294860995
2024-09-17 00:00:00,,-17.94695450716091
2024-09-17 01:00:00,,-17.940958719460827
2024-09-17 02:00:00,,-17.93396293176074
2024-09-17 03:00:00,,-17.931967144060657
2024-09-17 04:00:00,,-17.929971356360575
2024-09-17 05:00:00,,-17.928975568660487
2024-09-17 06:00:00,,-17.930979780960403
2024-09-17 07:00:00,,-17.935983993260322
2024-09-17 08:00:00,,-17.943988205560235
2024-09-17 09:00:00,,-17.947992417860153
2024-09-17 10:00:00,,-17.954996630160068
2024-09-17 11:00:00,,-17.950000842459982
2024-09-17 12:00:00,,-17.946005054759897
2024-09-17 13:00:00,,-17.939009267059816
2024-09-17 14:00:00,,-17.92901347935973
2024-09-17 15:00:00,,-17.924017691659646
2024-09-17 16:00:00,,-17.91402190395956
2024-09-17 17:00:00,,-17.91502611625948
2024-09-17 18:00:00,,-17.91703032855939
2024-09-17 19:00:00,,-17.92103454085931
2024-09-17 20:00:00,,-17.925038753159225
2024-09-17 21:00:00,,-17.928042965459138
2024-09-17 22:00:00,,-17.932047177759056
2024-09-17 23:00:00,,-17.937051390058972
2024-09-18 00:00:00,,-17.936055602358888
2024-09-18 01:00:00,,-17.934059814658802
2024-09-18 02:00:00,,-17.92706402695872
2024-09-18 03:00:00,,-17.921068239258634
2024-09-18 04:00:00,,-17.91407245155855
2024-09-18 05:00:00,,-17.91607666385847
2024-09-18 06:00:00,,-17.91708087615838
2024-09-18 07:00:00,,-17.9190850884583
2024-09-18 08:00:00,,-17.923089300758214
2024-09-18 09:00:00,,-17.930093513058132
2024-09-18 10:00:00,,-17.931097725358043
2024-09-18 11:00:00,,-17.93110193765796
2024-09-18 12:00:00,,-17.923106149957878
2024-09-18 13:00:00,,-17.913110362257793
2024-09-18 14:00:00,,-17.90611457455771
2024-09-18 15:00:00,,-17.897118786857625
2024-09-18 16:00:00,,-17.88912299915754
2024-09-18 17:00:00,,-17.890127211457457
2024-09-18 18:00:00,,-17.887131423757374
2024-09-18 19:00:00,,-17.891135636057285
2024-09-18 20:00:00,,-17.8961398483572
2024-09-18 21:00:00,,-17.90114406065712
2024-09-18 22:00:00,,-17.909148272957033
2024-09-18 23:00:00,,-17.91015248525695
2024-09-19 00:00:00,,-17.911156697556866
2024-09-19 01:00:00,,-17.91016090985678
2024-09-19 02:00:00,,-17.906165122156697
2024-09-19 03:00:00,,-17.904169334456615
2024-09-19 04:00:00,,-17.89917354675653
2024-09-19 05:00:00,,-17.899177759056442
2024-09-19 06:00:00,,-17.901181971356362
2024-09-19 07:00:00,,-17.90418618365628
2024-09-19 08:00:00,,-17.91219039595619
2024-09-19 09:00:00,,-17.91919460825611
2024-09-19 10:00:00,,-17.919198820556026
2024-09-19 11:00:00,,-17.92220303285594
2024-09-19 12:00:00,,-17.917207245155854
2024-09-19 13:00:00,,-17.910211457455773
2024-09-19 14:00:00,,-17.905215669755684
2024-09-19 15:00:00,,-17.8972198820556
2024-09-19 16:00:00,,-17.888224094355518
2024-09-19 17:00:00,,-17.884228306655434
2024-09-19 18:00:00,,-17.882232518955348
2024-09-19 19:00:00,,-17.885236731255265
2024-09-19 20:00:00,,-17.890240943555185
2024-09-19 21:00:00,,-17.895245155855097
2024-09-19 22:00:00,,-17.900249368155013
2024-09-19 23:00:00,,-17.90025358045493
2024-09-20 00:00:00,,-17.904257792754844
2024-09-20 01:00:00,,-17.90426200505476
2024-09-20 02:00:00,,-17.903266217354677
2024-09-20 03:00:00,,-17.89827042965459
2024-09-20 04:00:00,,-17.894274641954507
2024-09-20 05:00:00,,-17.896278854254422
2024-09-20 06:00:00,,-17.899283066554336
2024-09-20 07:00:00,,-17.903287278854254
2024-09-20 08:00:00,,-17.907291491154172
2024-09-20 09:00:00,,-17.914295703454084
2024-09-20 10:00:00,,-17.916299915754003
2024-09-20 11:00:00,,-17.91930412805392
2024-09-20 12:00:00,,-17.91430834035383
2024-09-20 13:00:00,,-17.908312552653747
2024-09-20 14:00:00,,-17.896316764953664
2024-09-20 15:00:00,,-17.88832097725358
2024-09-20 16:00:00,,-17.886325189553496
2024-09-20 17:00:00,,-17.878329401853414
2024-09-20 18:00:00,,-17.87733361415333
2024-09-20 19:00:00,,-17.881337826453244
2024-09-20 20:00:00,,-17.88634203875316
2024-09-20 21:00:00,,-17.891346251053076
2024-09-20 22:00:00,,-17.89535046335299
2024-09-20 23:00:00,,-17.898354675652907
2024-09-21 00:00:00,,-17.898358887952824
2024-09-21 01:00:00,,-17.898363100252737
2024-09-21 02:00:00,,-17.895367312552654
2024-09-21 03:00:00,,-17.89237152485257
2024-09-21 04:00:00,,-17.891375737152483
2024-09-21 05:00:00,,-17.8973799494524
2024-09-21 06:00:00,,-17.896384161752316
2024-09-21 07:00:00,,-17.89938837405223
2024-09-21 08:00:00,,-17.908392586352146
2024-09-21 09:00:00,,-17.910396798652066
2024-09-21 10:00:00,,-17.90940101095198
2024-09-21 11:00:00,,-17.913405223251896
2024-09-21 12:00:00,,-17.91240943555181
2024-09-21 13:00:00,,-17.91041364785173
2024-09-21 14:00:00,,-17.89941786015164
2024-09-21 15:00:00,,-17.89542207245156
2024-09-21 16:00:00,,-17.889426284751476
2024-09-21 17:00:00,,-17.88943049705139
2024-09-21 18:00:00,,-17.886434709351306
2024-09-21 19:00:00,,-17.886438921651223
2024-09-21 20:00:00,,-17.892443133951137
2024-09-21 21:00:00,,-17.895447346251053
2024-09-21 22:00:00,,-17.90045155855097
2024-09-21 23:00:00,,-17.900455770850883
2024-09-22 00:00:00,,-17.8994599831508
2024-09-22 01:00:00,,-17.901464195450718
2024-09-22 02:00:00,,-17.898468407750634
2024-09-22 03:00:00,,-17.901472620050548
2024-09-22 04:00:00,,-17.904476832350465
2024-09-22 05:00:00,,-17.90548104465038
2024-09-22 06:00:00,,-17.909485256950294
2024-09-22 07:00:00,,-17.91448946925021
2024-09-22 08:00:00,,-17.91949368155013
2024-09-22 09:00:00,,-17.92449789385004
2024-09-22 10:00:00,,-17.931502106149956
2024-09-22 11:00:00,,-17.931506318449873
2024-09-22 12:00:00,,-17.92751053074979
2024-09-22 13:00:00,,-17.920514743049704
2024-09-22 14:00:00,,-17.91451895534962
2024-09-22 15:00:00,,-17.908523167649534
2024-09-22 16:00:00,,-17.89952737994945
2024-09-22 17:00:00,,-17.896531592249367
2024-09-22 18:00:00,,-17.89653580454928
2024-09-22 19:00:00,,-17.8975400168492
2024-09-22 20:00:00,,-17.902544229149115
2024-09-22 21:00:00,,-17.903548441449033
2024-09-22 22:00:00,,-17.906552653748946
2024-09-22 23:00:00,,-17.904556866048864
2024-09-23 00:00:00,,-17.90156107834878
2024-09-23 01:00:00,,-17.898565290648694
2024-09-23 02:00:00,,-17.89356950294861
2024-09-23 03:00:00,,-17.899573715248525
2024-09-23 04:00:00,,-17.89657792754844
2024-09-23 05:00:00,,-17.900582139848357
2024-09-23 06:00:00,,-17.908586352148273
2024-09-23 07:00:00,,-17.91359056444819
2024-09-23 08:00:00,,-17.912594776748104
2024-09-23 09:00:00,,-17.92059898904802
2024-09-23 10:00:00,,-17.921603201347935
2024-09-23 11:00:00,,-17.92060741364785
2024-09-23 12:00:00,,-17.925611625947766
2024-09-23 13:00:00,,-17.922615838247683
2024-09-23 14:00:00,,-17.9106200505476
2024-09-23 15:00:00,,-17.904624262847516
2024-09-23 16:00:00,,-17.901628475147433
2024-09-23 17:00:00,,-17.894632687447345
2024-09-23 18:00:00,,-17.895636899747263
2024-09-23 19:00:00,,-17.90464111204718
2024-09-23 20:00:00,,-17.90564532434709
2024-09-23 21:00:00,,-17.90164953664701
2024-09-23 22:00:00,,-17.903653748946926
2024-09-23 23:00:00,,-17.90065796124684
2024-09-24 00:00:00,,-17.896662173546755
2024-09-24 01:00:00,,-17.892666385846674
2024-09-24 02:00:00,,-17.895670598146587
2024-09-24 03:00:00,,-17.884674810446505
2024-09-24 04:00:00,,-17.89167902274642
2024-09-24 05:00:00,,-17.896683235046332
2024-09-24 06:00:00,,-17.90368744734625
2024-09-24 07:00:00,,-17.912691659646168
2024-09-24 08:00:00,,-17.91869587194608
2024-09-24 09:00:00,,-17.911700084245997
2024-09-24 10:00:00,,-17.912704296545915
2024-09-24 11:00:00,,-17.91270850884583
2024-09-24 12:00:00,,-17.910712721145746
2024-09-24 13:00:00,,-17.90571693344566
2024-09-24 14:00:00,,-17.89072114574558
2024-09-24 15:00:00,,-17.880725358045492
2024-09-24 16:00:00,,-17.88072957034541
2024-09-24 17:00:00,,-17.877733782645326
2024-09-24 18:00:00,,-17.87573799494524
2024-09-24 19:00:00,,-17.880742207245156
2024-09-24 20:00:00,,-17.881746419545074
2024-09-24 21:00:00,,-17.880750631844986
2024-09-24 22:00:00,,-17.885754844144902
2024-09-24 23:00:00,,-17.88775905644482
2024-09-25 00:00:00,,-17.880763268744733
2024-09-25 01:00:00,,-17.88076748104465
2024-09-25 02:00:00,,-17.879771693344566
2024-09-25 03:00:00,,-17.873775905644482
2024-09-25 04:00:00,,-17.872780117944398
2024-09-25 05:00:00,,-17.875784330244315
2024-09-25 06:00:00,,-17.87778854254423
2024-09-25 07:00:00,,-17.882792754844143
2024-09-25 08:00:00,,-17.89179696714406
2024-09-25 09:00:00,,-17.89080117944398
2024-09-25 10:00:00,,-17.89680539174389
2024-09-25 11:00:00,,-17.897809604043807
2024-09-25 12:00:00,,-17.892813816343725
2024-09-25 13:00:00,,-17.888818028643637
2024-09-25 14:00:00,,-17.884822240943556
2024-09-25 15:00:00,,-17.875826453243473
2024-09-25 16:00:00,,-17.882830665543384
2024-09-25 17:00:00,,-17.883834877843302
2024-09-25 18:00:00,,-17.88383909014322
2024-09-25 19:00:00,,-17.889843302443133
2024-09-25 20:00:00,,-17.89584751474305
2024-09-25 21:00:00,,-17.899851727042964
2024-09-25 22:00:00,,-17.90285593934288
2024-09-25 23:00:00,,-17.900860151642796
2024-09-26 00:00:00,,-17.90586436394271
2024-09-26 01:00:00,,-17.90486857624263
2024-09-26 02:00:00,,-17.907872788542544
2024-09-26 03:00:00,,-17.90887700084246
2024-09-26 04:00:00,,-17.911881213142376
2024-09-26 05:00:00,,-17.916885425442292
2024-09-26 06:00:00,,-17.923889637742207
2024-09-26 07:00:00,,-17.924893850042125
2024-09-26 08:00:00,,-17.934898062342036
2024-09-26 09:00:00,,-17.939902274641955
2024-09-26 10:00:00,,-17.94490648694187
2024-09-26 11:00:00,,-17.945910699241786
2024-09-26 12:00:00,,-17.9409149115417
2024-09-26 13:00:00,,-17.935919123841618
2024-09-26 14:00:00,,-17.92892333614153
2024-09-26 15:00:00,,-17.92292754844145
2024-09-26 16:00:00,,-17.921931760741366
2024-09-26 17:00:00,,-17.918935973041282
2024-09-26 18:00:00,,-17.917940185341195
2024-09-26 19:00:00,,-17.927944397641113
2024-09-26 20:00:00,,-17.931948609941028
2024-09-26 21:00:00,,-17.936952822240944
2024-09-26 22:00:00,,-17.93895703454086
2024-09-26 23:00:00,,-17.940961246840775
2024-09-27 00:00:00,,-17.93896545914069
2024-09-27 01:00:00,,-17.932969671440606
2024-09-27 02:00:00,,-17.929973883740523
2024-09-27 03:00:00,,-17.929978096040436
2024-09-27 04:00:00,,-17.930982308340354
2024-09-27 05:00:00,,-17.93198652064027
2024-09-27 06:00:00,,-17.934990732940182
2024-09-27 07:00:00,,-17.9399949452401
2024-09-27 08:00:00,,-17.944999157540018
2024-09-27 09:00:00,,-17.955003369839936
2024-09-27 10:00:00,,-17.950007582139847
2024-09-27 11:00:00,,-17.948011794439765
2024-09-27 12:00:00,,-17.94201600673968
2024-09-27 13:00:00,,-17.934020219039596
2024-09-27 14:00:00,,-17.92702443133951
2024-09-27 15:00:00,,-17.918028643639428
2024-09-27 16:00:00,,-17.916032855939342
2024-09-27 17:00:00,,-17.91303706823926
2024-09-27 18:00:00,,-17.915041280539175
2024-09-27 19:00:00,,-17.918045492839088
2024-09-27 20:00:00,,-17.927049705139005
2024-09-27 21:00:00,,-17.930053917438922
2024-09-27 22:00:00,,-17.932058129738834
2024-09-27 23:00:00,,-17.93206234203875
2024-09-28 00:00:00,,-17.929066554338668
2024-09-28 01:00:00,,-17.925070766638584
2024-09-28 02:00:00,,-17.9180749789385
2024-09-28 03:00:00,,-17.917079191238418
2024-09-28 04:00:00,,-17.915083403538333
2024-09-28 05:00:00,,-17.918087615838246
2024-09-28 06:00:00,,-17.921091828138163
2024-09-28 07:00:00,,-17.92909604043808
2024-09-28 08:00:00,,-17.935100252737993
2024-09-28 09:00:00,,-17.93510446503791
2024-09-28 10:00:00,,-17.93410867733783
2024-09-28 11:00:00,,-17.93211288963774
2024-09-28 12:00:00,,-17.92511710193766
2024-09-28 13:00:00,,-17.917121314237576
2024-09-28 14:00:00,,-17.90812552653749
2024-09-28 15:00:00,,-17.903129738837404
2024-09-28 16:00:00,,-17.896133951137323
2024-09-28 17:00:00,,-17.897138163437234
2024-09-28 18:00:00,,-17.89714237573715
2024-09-28 19:00:00,,-17.900146588037067
2024-09-28 20:00:00,,-17.904150800336982
2024-09-28 21:00:00,,-17.9111550126369
2024-09-28 22:00:00,,-17.916159224936816
2024-09-28 23:00:00,,-17.913163437236733
2024-09-29 00:00:00,,-17.910167649536646
2024-09-29 01:00:00,,-17.909171861836562
2024-09-29 02:00:00,,-17.90517607413648
2024-09-29 03:00:00,,-17.903180286436392
2024-09-29 04:00:00,,-17.90218449873631
2024-09-29 05:00:00,,-17.903188711036226
2024-09-29 06:00:00,,-17.91119292333614
2024-09-29 07:00:00,,-17.91719713563606
2024-09-29 08:00:00,,-17.924201347935973
2024-09-29 09:00:00,,-17.929205560235886
2024-09-29 10:00:00,,-17.930209772535804
2024-09-29 11:00:00,,-17.928213984835722
2024-09-29 12:00:00,,-17.922218197135635
2024-09-29 13:00:00,,-17.91322240943555
2024-09-29 14:00:00,,-17.907226621735468
2024-09-29 15:00:00,,-17.899230834035386
2024-09-29 16:00:00,,-17.8962350463353
2024-09-29 17:00:00,,-17.880239258635214
2024-09-29 18:00:00,,-17.890243470935133
2024-09-29 19:00:00,,-17.908247683235047
2024-09-29 20:00:00,,-17.913251895534962
2024-09-29 21:00:00,,-17.92525610783488
2024-09-29 22:00:00,,-17.925260320134793
2024-09-29 23:00:00,,-17.93026453243471
2024-09-30 00:00:00,,-17.932268744734625
2024-09-30 01:00:00,,-17.93027295703454
2024-09-30 02:00:00,,-17.927277169334456
2024-09-30 03:00:00,,-17.923281381634375
2024-09-30 04:00:00,,-17.922285593934287
2024-09-30 05:00:00,,-17.924289806234203
2024-09-30 06:00:00,,-17.93129401853412
2024-09-30 07:00:00,,-17.937298230834035
2024-09-30 08:00:00,,-17.943302443133952
2024-09-30 09:00:00,,-17.94930665543387
2024-09-30 10:00:00,,-17.953310867733784
2024-09-30 11:00:00,,-17.950315080033697
2024-09-30 12:00:00,,-17.945319292333615
2024-09-30 13:00:00,,-17.93532350463353
2024-09-30 14:00:00,,-17.929327716933443
2024-09-30 15:00:00,,-17.920331929233363
2024-09-30 16:00:00,,-17.91633614153328
2024-09-30 17:00:00,,-17.913340353833192
2024-09-30 18:00:00,,-17.91634456613311
2024-09-30 19:00:00,,-17.918348778433025
2024-09-30 20:00:00,,-17.92535299073294
2024-09-30 21:00:00,,-17.933357203032855
2024-09-30 22:00:00,,-17.939361415332773
2024-09-30 23:00:00,,-17.940365627632687
2024-10-01 00:00:00,,-17.936369839932603
2024-10-01 01:00:00,,-17.93337405223252
2024-10-01 02:00:00,,-17.928378264532434
2024-10-01 03:00:00,,-17.92238247683235
2024-10-01 04:00:00,,-17.926386689132265
2024-10-01 05:00:00,,-17.924390901432183
2024-10-01 06:00:00,,-17.932395113732095
2024-10-01 07:00:00,,-17.938399326032012
2024-10-01 08:00:00,,-17.94540353833193
2024-10-01 09:00:00,,-17.951407750631844
2024-10-01 10:00:00,,-17.95141196293176
2024-10-01 11:00:00,,-17.95241617523168
2024-10-01 12:00:00,,-17.94542038753159
2024-10-01 13:00:00,,-17.942424599831508
2024-10-01 14:00:00,,-17.932428812131423
2024-10-01 15:00:00,,-17.92243302443134
2024-10-01 16:00:00,,-17.917437236731256
2024-10-01 17:00:00,,-17.914441449031173
2024-10-01 18:00:00,,-17.908445661331086
2024-10-01 19:00:00,,-17.915449873631
2024-10-01 20:00:00,,-17.92245408593092
2024-10-01 21:00:00,,-17.928458298230836
2024-10-01 22:00:00,,-17.93146251053075
2024-10-01 23:00:00,,-17.935466722830665
2024-10-02 00:00:00,,-17.934470935130584
2024-10-02 01:00:00,,-17.929475147430495
2024-10-02 02:00:00,,-17.927479359730413
2024-10-02 03:00:00,,-17.92448357203033
2024-10-02 04:00:00,,-17.922487784330244
2024-10-02 05:00:00,,-17.92049199663016
2024-10-02 06:00:00,,-17.926496208930075
2024-10-02 07:00:00,,-17.92950042122999
2024-10-02 08:00:00,,-17.933504633529907
2024-10-02 09:00:00,,-17.939508845829824
2024-10-02 10:00:00,,-17.938513058129736
2024-10-02 11:00:00,,-17.934517270429655
2024-10-02 12:00:00,,-17.93052148272957
2024-10-02 13:00:00,,-17.921525695029484
2024-10-02 14:00:00,,-17.911529907329403
2024-10-02 15:00:00,,-17.903534119629317
2024-10-02 16:00:00,,-17.895538331929234
2024-10-02 17:00:00,,-17.89354254422915
2024-10-02 18:00:00,,-17.891546756529067
2024-10-02 19:00:00,,-17.896550968828983
2024-10-02 20:00:00,,-17.900555181128894
2024-10-02 21:00:00,,-17.90655939342881
2024-10-02 22:00:00,,-17.912563605728728
2024-10-02 23:00:00,,-17.914567818028644
2024-10-03 00:00:00,,-17.91257203032856
2024-10-03 01:00:00,,-17.910576242628476
2024-10-03 02:00:00,,-17.90858045492839
2024-10-03 03:00:00,,-17.903584667228305
2024-10-03 04:00:00,,-17.896588879528224
2024-10-03 05:00:00,,-17.896593091828137
2024-10-03 06:00:00,,-17.900597304128052
2024-10-03 07:00:00,,-17.90860151642797
2024-10-03 08:00:00,,-17.915605728727883
2024-10-03 09:00:00,,-17.9216099410278
2024-10-03 10:00:00,,-17.921614153327717
2024-10-03 11:00:00,,-17.917618365627636
2024-10-03 12:00:00,,-17.912622577927547
2024-10-03 13:00:00,,-17.907626790227464
2024-10-03 14:00:00,,-17.89763100252738
2024-10-03 15:00:00,,-17.889635214827294
2024-10-03 16:00:00,,-17.88463942712721
2024-10-03 17:00:00,,-17.88164363942713
2024-10-03 18:00:00,,-17.88364785172704
2024-10-03 19:00:00,,-17.88465206402696
2024-10-03 20:00:00,,-17.890656276326876
2024-10-03 21:00:00,,-17.89866048862679
2024-10-03 22:00:00,,-17.905664700926707
2024-10-03 23:00:00,,-17.907668913226622
2024-10-04 00:00:00,,-17.905673125526537
2024-10-04 01:00:00,,-17.90667733782645
2024-10-04 02:00:00,,-17.90168155012637
2024-10-04 03:00:00,,-17.894685762426285
2024-10-04 04:00:00,,-17.8906899747262
2024-10-04 05:00:00,,-17.889694187026116
2024-10-04 06:00:00,,-17.889698399326033
2024-10-04 07:00:00,,-17.898702611625946
2024-10-04 08:00:00,,-17.897706823925862
2024-10-04 09:00:00,,-17.90671103622578
2024-10-04 10:00:00,,-17.907715248525694
2024-10-04 11:00:00,,-17.90371946082561
2024-10-04 12:00:00,,-17.89972367312553
2024-10-04 13:00:00,,-17.89472788542544
2024-10-04 14:00:00,,-17.88573209772536
2024-10-04 15:00:00,,-17.878736310025275
2024-10-04 16:00:00,,-17.87074052232519
2024-10-04 17:00:00,,-17.870744734625106
2024-10-04 18:00:00,,-17.86874894692502
2024-10-04 19:00:00,,-17.871753159224934
2024-10-04 20:00:00,,-17.875757371524852
2024-10-04 21:00:00,,-17.883761583824768
2024-10-04 22:00:00,,-17.889765796124685
2024-10-04 23:00:00,,-17.8917700084246
2024-10-05 00:00:00,,-17.895774220724515
2024-10-05 01:00:00,,-17.89477843302443
2024-10-05 02:00:00,,-17.893782645324347
2024-10-05 03:00:00,,-17.889786857624262
2024-10-05 04:00:00,,-17.89079106992418
2024-10-05 05:00:00,,-17.887795282224094
2024-10-05 06:00:00,,-17.88979949452401
2024-10-05 07:00:00,,-17.89180370682393
2024-10-05 08:00:00,,-17.89780791912384
2024-10-05 09:00:00,,-17.898812131423757
2024-10-05 10:00:00,,-17.901816343723674
2024-10-05 11:00:00,,-17.903820556023586
2024-10-05 12:00:00,,-17.901824768323504
2024-10-05 13:00:00,,-17.89382898062342
2024-10-05 14:00:00,,-17.889833192923334
2024-10-05 15:00:00,,-17.88483740522325
2024-10-05 16:00:00,,-17.88184161752317
2024-10-05 17:00:00,,-17.879845829823086
2024-10-05 18:00:00,,-17.880850042122997
2024-10-05 19:00:00,,-17.883854254422914
2024-10-05 20:00:00,,-17.88985846672283
2024-10-05 21:00:00,,-17.894862679022744
2024-10-05 22:00:00,,-17.898866891322662
2024-10-05 23:00:00,,-17.90287110362258
2024-10-06 00:00:00,,-17.90387531592249
2024-10-06 01:00:00,,-17.90887952822241
2024-10-06 02:00:00,,-17.908883740522327
2024-10-06 03:00:00,,-17.90788795282224
2024-10-06 04:00:00,,-17.906892165122155
2024-10-06 05:00:00,,-17.907896377422073
2024-10-06 06:00:00,,-17.912900589721986
2024-10-06 07:00:00,,-17.917904802021905
2024-10-06 08:00:00,,-17.92190901432182
2024-10-06 09:00:00,,-17.928913226621738
2024-10-06 10:00:00,,-17.92891743892165
2024-10-06 11:00:00,,-17.926921651221566
2024-10-06 12:00:00,,-17.921925863521484
2024-10-06 13:00:00,,-17.921930075821397
2024-10-06 14:00:00,,-17.915934288121314
2024-10-06 15:00:00,,-17.905938500421232
2024-10-06 16:00:00,,-17.901942712721144
2024-10-06 17:00:00,,-17.899946925021062
2024-10-06 18:00:00,,-17.89695113732098
2024-10-06 19:00:00,,-17.899955349620893
2024-10-06 20:00:00,,-17.90595956192081
2024-10-06 21:00:00,,-17.912963774220724
2024-10-06 22:00:00,,-17.91496798652064
2024-10-06 23:00:00,,-17.919972198820556
2024-10-07 00:00:00,,-17.923976411120474
2024-10-07 01:00:00,,-17.925980623420386
2024-10-07 02:00:00,,-17.923984835720304
2024-10-07 03:00:00,,-17.92198904802022
2024-10-07 04:00:00,,-17.923993260320138
2024-10-07 05:00:00,,-17.92499747262005
2024-10-07 06:00:00,,-17.926001684919967
2024-10-07 07:00:00,,-17.932005897219884
2024-10-07 08:00:00,,-17.935010109519798
2024-10-07 09:00:00,,-17.939014321819712
2024-10-07 10:00:00,,-17.94301853411963
2024-10-07 11:00:00,,-17.940022746419544
2024-10-07 12:00:00,,-17.93602695871946
2024-10-07 13:00:00,,-17.931031171019377
2024-10-07 14:00:00,,-17.92703538331929
2024-10-07 15:00:00,,-17.92003959561921
2024-10-07 16:00:00,,-17.913043807919124
2024-10-07 17:00:00,,-17.911048020219038
2024-10-07 18:00:00,,-17.910052232518954
2024-10-07 19:00:00,,-17.921056444818873
2024-10-07 20:00:00,,-17.923060657118786
2024-10-07 21:00:00,,-17.926064869418703
2024-10-07 22:00:00,,-17.92806908171862
2024-10-07 23:00:00,,-17.931073294018535
2024-10-08 00:00:00,,-17.930077506318447
2024-10-08 01:00:00,,-17.928081718618365
2024-10-08 02:00:00,,-17.93008593091828
2024-10-08 03:00:00,,-17.925090143218195
2024-10-08 04:00:00,,-17.92709435551811
2024-10-08 05:00:00,,-17.93209856781803
2024-10-08 06:00:00,,-17.93310278011794
2024-10-08 07:00:00,,-17.93910699241786
2024-10-08 08:00:00,,-17.943111204717777
2024-10-08 09:00:00,,-17.94611541701769
2024-10-08 10:00:00,,-17.945119629317606
2024-10-08 11:00:00,,-17.945123841617523
2024-10-08 12:00:00,,-17.94112805391744
2024-10-08 13:00:00,,-17.932132266217355
2024-10-08 14:00:00,,-17.92613647851727
2024-10-08 15:00:00,,-17.919140690817187
2024-10-08 16:00:00,,-17.9141449031171
2024-10-08 17:00:00,,-17.913149115417017
2024-10-08 18:00:00,,-17.910153327716934
2024-10-08 19:00:00,,-17.91515754001685
2024-10-08 20:00:00,,-17.919161752316764
2024-10-08 21:00:00,,-17.92216596461668
2024-10-08 22:00:00,,-17.922170176916595
2024-10-08 23:00:00,,-17.924174389216514
2024-10-09 00:00:00,,-17.92217860151643
2024-10-09 01:00:00,,-17.92218281381634
2024-10-09 02:00:00,,-17.91718702611626
2024-10-09 03:00:00,,-17.919191238416175
2024-10-09 04:00:00,,-17.92119545071609
2024-10-09 05:00:00,,-17.928199663016006
2024-10-09 06:00:00,,-17.928203875315923
2024-10-09 07:00:00,,-17.936208087615835
2024-10-09 08:00:00,,-17.938212299915754
2024-10-09 09:00:00,,-17.93921651221567
2024-10-09 10:00:00,,-17.93822072451559
2024-10-09 11:00:00,,-17.9342249368155
2024-10-09 12:00:00,,-17.931229149115417
2024-10-09 13:00:00,,-17.922233361415334
2024-10-09 14:00:00,,-17.916237573715247
2024-10-09 15:00:00,,-17.910241786015163
2024-10-09 16:00:00,,-17.906245998315082
2024-10-09 17:00:00,,-17.904250210614993
2024-10-09 18:00:00,,-17.90525442291491
2024-10-09 19:00:00,,-17.90625863521483
2024-10-09 20:00:00,,-17.90726284751474
2024-10-09 21:00:00,,-17.91526705981466
2024-10-09 22:00:00,,-17.918271272114577
2024-10-09 23:00:00,,-17.91827548441449
2024-10-10 00:00:00,,-17.916279696714405
2024-10-10 01:00:00,,-17.915283909014324
2024-10-10 02:00:00,,-17.914288121314236
2024-10-10 03:00:00,,-17.91329233361415
2024-10-10 04:00:00,,-17.91329654591407
2024-10-10 05:00:00,,-17.917300758213987
2024-10-10 06:00:00,,-17.9233049705139
2024-10-10 07:00:00,,-17.923309182813817
2024-10-10 08:00:00,,-17.932313395113734
2024-10-10 09:00:00,,-17.934317607413647
2024-10-10 10:00:00,,-17.938321819713565
2024-10-10 11:00:00,,-17.93432603201348
2024-10-10 12:00:00,,-17.930330244313392
2024-10-10 13:00:00,,-17.92633445661331
2024-10-10 14:00:00,,-17.917338668913228
2024-10-10 15:00:00,,-17.91434288121314
2024-10-10 16:00:00,,-17.907347093513057
2024-10-10 17:00:00,,-17.907351305812973
2024-10-10 18:00:00,,-17.911355518112888
2024-10-10 19:00:00,,-17.915359730412806
2024-10-10 20:00:00,,-17.92236394271272
2024-10-10 21:00:00,,-17.928368155012638
2024-10-10 22:00:00,,-17.93137236731255
2024-10-10 23:00:00,,-17.93137657961247
2024-10-11 00:00:00,,-17.930380791912384
2024-10-11 01:00:00,,-17.9293850042123
2024-10-11 02:00:00,,-17.926389216512217
2024-10-11 03:00:00,,-17.922393428812132
2024-10-11 04:00:00,,-17.925397641112045
2024-10-11 05:00:00,,-17.928401853411962
2024-10-11 06:00:00,,-17.93340606571188
2024-10-11 07:00:00,,-17.937410278011793
2024-10-11 08:00:00,,-17.94341449031171
2024-10-11 09:00:00,,-17.944418702611628
2024-10-11 10:00:00,,-17.94242291491154
2024-10-11 11:00:00,,-17.939427127211456
2024-10-11 12:00:00,,-17.935431339511375
2024-10-11 13:00:00,,-17.927435551811286
2024-10-11 14:00:00,,-17.921439764111206
2024-10-11 15:00:00,,-17.91744397641112
2024-10-11 16:00:00,,-17.91544818871104
2024-10-11 17:00:00,,-17.915452401010953
2024-10-11 18:00:00,,-17.91545661331087
2024-10-11 19:00:00,,-17.920460825610785
2024-10-11 20:00:00,,-17.925465037910698
2024-10-11 21:00:00,,-17.929469250210616
2024-10-11 22:00:00,,-17.93347346251053
2024-10-11 23:00:00,,-17.926477674810446
2024-10-12 00:00:00,,-17.92548188711036
2024-10-12 01:00:00,,-17.92348609941028
2024-10-12 02:00:00,,-17.923490311710193
2024-10-12 03:00:00,,-17.92049452401011
2024-10-12 04:00:00,,-17.917498736310026
2024-10-12 05:00:00,,-17.91850294860994
2024-10-12 06:00:00,,-17.924507160909858
2024-10-12 07:00:00,,-17.924511373209775
2024-10-12 08:00:00,,-17.927515585509685
2024-10-12 09:00:00,,-17.926519797809604
2024-10-12 10:00:00,,-17.92352401010952
2024-10-12 11:00:00,,-17.920528222409438
2024-10-12 12:00:00,,-17.91353243470935
2024-10-12 13:00:00,,-17.905536647009267
2024-10-12 14:00:00,,-17.901540859309183
2024-10-12 15:00:00,,-17.894545071609098
2024-10-12 16:00:00,,-17.888549283909015
2024-10-12 17:00:00,,-17.889553496208933
2024-10-12 18:00:00,,-17.891557708508845
2024-10-12 19:00:00,,-17.892561920808763
2024-10-12 20:00:00,,-17.89456613310868
2024-10-12 21:00:00,,-17.89657034540859
2024-10-12 22:00:00,,-17.90057455770851
2024-10-12 23:00:00,,-17.901578770008424
2024-10-13 00:00:00,,-17.90058298230834
2024-10-13 01:00:00,,-17.896587194608255
2024-10-13 02:00:00,,-17.89859140690817
2024-10-13 03:00:00,,-17.89759561920809
2024-10-13 04:00:00,,-17.899599831508002
2024-10-13 05:00:00,,-17.90360404380792
2024-10-13 06:00:00,,-17.906608256107837
2024-10-13 07:00:00,,-17.91161246840775
2024-10-13 08:00:00,,-17.914616680707667
2024-10-13 09:00:00,,-17.915620893007585
2024-10-13 10:00:00,,-17.915625105307498
2024-10-13 11:00:00,,-17.910629317607413
2024-10-13 12:00:00,,-17.90063352990733
2024-10-13 13:00:00,,-17.891637742207244
2024-10-13 14:00:00,,-17.88564195450716
2024-10-13 15:00:00,,-17.88064616680708
2024-10-13 16:00:00,,-17.87665037910699
2024-10-13 17:00:00,,-17.872654591406906
2024-10-13 18:00:00,,-17.873658803706824
2024-10-13 19:00:00,,-17.88066301600674
2024-10-13 20:00:00,,-17.886667228306656
2024-10-13 21:00:00,,-17.892671440606573
2024-10-13 22:00:00,,-17.895675652906487
2024-10-13 23:00:00,,-17.8966798652064
2024-10-14 00:00:00,,-17.89468407750632
2024-10-14 01:00:00,,-17.891688289806236
2024-10-14 02:00:00,,-17.89169250210615
2024-10-14 03:00:00,,-17.887696714406065
2024-10-14 04:00:00,,-17.883700926705984
2024-10-14 05:00:00,,-17.886705139005898
2024-10-14 06:00:00,,-17.893709351305812
2024-10-14 07:00:00,,-17.898713563605728
2024-10-14 08:00:00,,-17.902717775905643
2024-10-14 09:00:00,,-17.91172198820556
2024-10-14 10:00:00,,-17.909726200505478
2024-10-14 11:00:00,,-17.90573041280539
2024-10-14 12:00:00,,-17.901734625105306
2024-10-14 13:00:00,,-17.892738837405226
2024-10-14 14:00:00,,-17.88374304970514
2024-10-14 15:00:00,,-17.873747262005054
2024-10-14 16:00:00,,-17.86775147430497
2024-10-14 17:00:00,,-17.87175568660489
2024-10-14 18:00:00,,-17.874759898904802
2024-10-14 19:00:00,,-17.88376411120472
2024-10-14 20:00:00,,-17.886768323504636
2024-10-14 21:00:00,,-17.893772535804548
2024-10-14 22:00:00,,-17.899776748104465
2024-10-14 23:00:00,,-17.897780960404383
2024-10-15 00:00:00,,-17.897785172704296
2024-10-15 01:00:00,,-17.89078938500421
2024-10-15 02:00:00,,-17.88879359730413
2024-10-15 03:00:00,,-17.880797809604044
2024-10-15 04:00:00,,-17.87980202190396
2024-10-15 05:00:00,,-17.880806234203877
2024-10-15 06:00:00,,-17.88481044650379
2024-10-15 07:00:00,,-17.893814658803706
2024-10-15 08:00:00,,-17.899818871103623
2024-10-15 09:00:00,,-17.90382308340354
2024-10-15 10:00:00,,-17.905827295703453
2024-10-15 11:00:00,,-17.90383150800337
2024-10-15 12:00:00,,-17.897835720303288
2024-10-15 13:00:00,,-17.889839932603202
2024-10-15 14:00:00,,-17.881844144903116
2024-10-15 15:00:00,,-17.876848357203034
2024-10-15 16:00:00,,-17.872852569502946
2024-10-15 17:00:00,,-17.871856781802865
2024-10-15 18:00:00,,-17.87386099410278
2024-10-15 19:00:00,,-17.881865206402694
2024-10-15 20:00:00,,-17.88786941870261
2024-10-15 21:00:00,,-17.89287363100253
2024-10-15 22:00:00,,-17.89887784330244
2024-10-15 23:00:00,,-17.89788205560236
2024-10-16 00:00:00,,-17.895886267902274
2024-10-16 01:00:00,,-17.890890480202188
2024-10-16 02:00:00,,-17.882894692502106
2024-10-16 03:00:00,,-17.87889890480202
2024-10-16 04:00:00,,-17.88190311710194
2024-10-16 05:00:00,,-17.879907329401853
2024-10-16 06:00:00,,-17.88491154170177
2024-10-16 07:00:00,,-17.887915754001686
2024-10-16 08:00:00,,-17.8969199663016
2024-10-16 09:00:00,,-17.900924178601517
2024-10-16 10:00:00,,-17.902928390901433
2024-10-16 11:00:00,,-17.898932603201345
2024-10-16 12:00:00,,-17.894936815501264
2024-10-16 13:00:00,,-17.88794102780118
2024-10-16 14:00:00,,-17.880945240101095
2024-10-16 15:00:00,,-17.87294945240101
2024-10-16 16:00:00,,-17.864953664700927
2024-10-16 17:00:00,,-17.86695787700084
2024-10-16 18:00:00,,-17.86596208930076
2024-10-16 19:00:00,,-17.871966301600676
2024-10-16 20:00:00,,-17.876970513900588
2024-10-16 21:00:00,,-17.886974726200506
2024-10-16 22:00:00,,-17.88797893850042
2024-10-16 23:00:00,,-17.88998315080034
2024-10-17 00:00:00,,-17.88498736310025
2024-10-17 01:00:00,,-17.87999157540017
2024-10-17 02:00:00,,-17.874995787700087
2024-10-17 03:00:00,,-17.869999999999997
2024-10-17 04:00:00,,-17.871004212299916
2024-10-17 05:00:00,,-17.869008424599834
2024-10-17 06:00:00,,-17.872012636899747
2024-10-17 07:00:00,,-17.881016849199664
2024-10-17 08:00:00,,-17.88702106149958
2024-10-17 09:00:00,,-17.892025273799494
2024-10-17 10:00:00,,-17.89702948609941
2024-10-17 11:00:00,,-17.895033698399327
2024-10-17 12:00:00,,-17.89103791069924
2024-10-17 13:00:00,,-17.883042122999157
2024-10-17 14:00:00,,-17.879046335299073
2024-10-17 15:00:00,,-17.87105054759899
2024-10-17 16:00:00,,-17.866054759898905
2024-10-17 17:00:00,,-17.86605897219882
2024-10-17 18:00:00,,-17.870063184498736
2024-10-17 19:00:00,,-17.87906739679865
2024-10-17 20:00:00,,-17.88707160909857
2024-10-17 21:00:00,,-17.895075821398486
2024-10-17 22:00:00,,-17.900080033698398
2024-10-17 23:00:00,,-17.905084245998314
2024-10-18 00:00:00,,-17.90008845829823
2024-10-18 01:00:00,,-17.896092670598144
2024-10-18 02:00:00,,-17.89409688289806
2024-10-18 03:00:00,,-17.88910109519798
2024-10-18 04:00:00,,-17.88510530749789
2024-10-18 05:00:00,,-17.88910951979781
2024-10-18 06:00:00,,-17.893113732097728
2024-10-18 07:00:00,,-17.899117944397638
2024-10-18 08:00:00,,-17.906122156697556
2024-10-18 09:00:00,,-17.911126368997472
2024-10-18 10:00:00,,-17.91813058129739
2024-10-18 11:00:00,,-17.913134793597305
2024-10-18 12:00:00,,-17.91413900589722
2024-10-18 13:00:00,,-17.904143218197138
2024-10-18 14:00:00,,-17.90014743049705
2024-10-18 15:00:00,,-17.889151642796968
2024-10-18 16:00:00,,-17.886155855096884
2024-10-18 17:00:00,,-17.8841600673968
2024-10-18 18:00:00,,-17.885164279696713
2024-10-18 19:00:00,,-17.88916849199663
2024-10-18 20:00:00,,-17.899172704296543
2024-10-18 21:00:00,,-17.90317691659646
2024-10-18 22:00:00,,-17.91318112889638
2024-10-18 23:00:00,,-17.918185341196292
2024-10-19 00:00:00,,-17.91618955349621
2024-10-19 01:00:00,,-17.916193765796127
2024-10-19 02:00:00,,-17.91319797809604
2024-10-19 03:00:00,,-17.912202190395956
2024-10-19 04:00:00,,-17.913206402695874
2024-10-19 05:00:00,,-17.91521061499579
2024-10-19 06:00:00,,-17.918214827295703
2024-10-19 07:00:00,,-17.92521903959562
2024-10-19 08:00:00,,-17.934223251895535
2024-10-19 09:00:00,,-17.93822746419545
2024-10-19 10:00:00,,-17.937231676495365
2024-10-19 11:00:00,,-17.941235888795283
2024-10-19 12:00:00,,-17.936240101095198
2024-10-19 13:00:00,,-17.929244313395113
2024-10-19 14:00:00,,-17.92324852569503
2024-10-19 15:00:00,,-17.917252737994943
2024-10-19 16:00:00,,-17.90825695029486
2024-10-19 17:00:00,,-17.908261162594776
2024-10-19 18:00:00,,-17.90826537489469
2024-10-19 19:00:00,,-17.911269587194607
2024-10-19 20:00:00,,-17.914273799494524
2024-10-19 21:00:00,,-17.921278011794442
2024-10-19 22:00:00,,-17.926282224094354
2024-10-19 23:00:00,,-17.93228643639427
2024-10-20 00:00:00,,-17.931290648694187
2024-10-20 01:00:00,,-17.9322948609941
2024-10-20 02:00:00,,-17.928299073294017
2024-10-20 03:00:00,,-17.925303285593937
2024-10-20 04:00:00,,-17.92630749789385
2024-10-20 05:00:00,,-17.933311710193767
2024-10-20 06:00:00,,-17.936315922493684
2024-10-20 07:00:00,,-17.941320134793596
2024-10-20 08:00:00,,-17.947324347093513
2024-10-20 09:00:00,,-17.94732855939343
2024-10-20 10:00:00,,-17.948332771693345
2024-10-20 11:00:00,,-17.94633698399326
2024-10-20 12:00:00,,-17.942341196293178
2024-10-20 13:00:00,,-17.93634540859309
2024-10-20 14:00:00,,-17.926349620893006
2024-10-20 15:00:00,,-17.919353833192925
2024-10-20 16:00:00,,-17.91235804549284
2024-10-20 17:00:00,,-17.907362257792755
2024-10-20 18:00:00,,-17.904366470092672
2024-10-20 19:00:00,,-17.906370682392588
2024-10-20 20:00:00,,-17.910374894692502
2024-10-20 21:00:00,,-17.915379106992418
2024-10-20 22:00:00,,-17.923383319292334
2024-10-20 23:00:00,,-17.926387531592248
2024-10-21 00:00:00,,-17.921391743892165
2024-10-21 01:00:00,,-17.924395956192082
2024-10-21 02:00:00,,-17.920400168491994
2024-10-21 03:00:00,,-17.92040438079191
2024-10-21 04:00:00,,-17.92140859309183
2024-10-21 05:00:00,,-17.918412805391743
2024-10-21 06:00:00,,-17.92541701769166
2024-10-21 07:00:00,,-17.929421229991576
2024-10-21 08:00:00,,-17.931425442291488
2024-10-21 09:00:00,,-17.935429654591406
2024-10-21 10:00:00,,-17.933433866891324
2024-10-21 11:00:00,,-17.93443807919124
2024-10-21 12:00:00,,-17.925442291491155
2024-10-21 13:00:00,,-17.91944650379107
2024-10-21 14:00:00,,-17.911450716090986
2024-10-21 15:00:00,,-17.9054549283909
2024-10-21 16:00:00,,-17.897459140690817
2024-10-21 17:00:00,,-17.891463352990733
2024-10-21 18:00:00,,-17.894467565290647
2024-10-21 19:00:00,,-17.894471777590564
2024-10-21 20:00:00,,-17.89647598989048
2024-10-21 21:00:00,,-17.896480202190393
2024-10-21 22:00:00,,-17.904484414490312
2024-10-21 23:00:00,,-17.905488626790227
2024-10-22 00:00:00,,-17.90649283909014
2024-10-22 01:00:00,,-17.905497051390057
2024-10-22 02:00:00,,-17.901501263689976
2024-10-22 03:00:00,,-17.897505475989888
2024-10-22 04:00:00,,-17.900509688289805
2024-10-22 05:00:00,,-17.900513900589722
2024-10-22 06:00:00,,-17.90451811288964
2024-10-22 07:00:00,,-17.906522325189552
2024-10-22 08:00:00,,-17.91052653748947
2024-10-22 09:00:00,,-17.912530749789386
2024-10-22 10:00:00,,-17.9125349620893
2024-10-22 11:00:00,,-17.910539174389218
2024-10-22 12:00:00,,-17.907543386689134
2024-10-22 13:00:00,,-17.898547598989047
2024-10-22 14:00:00,,-17.895551811288964
2024-10-22 15:00:00,,-17.890556023588882
2024-10-22 16:00:00,,-17.884560235888795
2024-10-22 17:00:00,,-17.88256444818871
2024-10-22 18:00:00,,-17.882568660488626
2024-10-22 19:00:00,,-17.884572872788542
2024-10-22 20:00:00,,-17.888577085088457
2024-10-22 21:00:00,,-17.894581297388374
2024-10-22 22:00:00,,-17.89658550968829
2024-10-22 23:00:00,,-17.895589721988205
2024-10-23 00:00:00,,-17.895593934288122
2024-10-23 01:00:00,,-17.89359814658804
2024-10-23 02:00:00,,-17.892602358887952
2024-10-23 03:00:00,,-17.89060657118787
2024-10-23 04:00:00,,-17.891610783487785
2024-10-23 05:00:00,,-17.8906149957877
2024-10-23 06:00:00,,-17.898619208087617
2024-10-23 07:00:00,,-17.903623420387532
2024-10-23 08:00:00,,-17.911627632687445
2024-10-23 09:00:00,,-17.913631844987364
2024-10-23 10:00:00,,-17.91463605728728
2024-10-23 11:00:00,,-17.912640269587193
2024-10-23 12:00:00,,-17.90864448188711
2024-10-23 13:00:00,,-17.904648694187028
2024-10-23 14:00:00,,-17.89665290648694
2024-10-23 15:00:00,,-17.891657118786856
2024-10-23 16:00:00,,-17.888661331086773
2024-10-23 17:00:00,,-17.88666554338669
2024-10-23 18:00:00,,-17.890669755686606
2024-10-23 19:00:00,,-17.89567396798652
2024-10-23 20:00:00,,-17.899678180286436
2024-10-23 21:00:00,,-17.90268239258635
2024-10-23 22:00:00,,-17.905686604886267
2024-10-23 23:00:00,,-17.909690817186185
2024-10-24 00:00:00,,-17.905695029486097
2024-10-24 01:00:00,,-17.903699241786015
2024-10-24 02:00:00,,-17.90270345408593
2024-10-24 03:00:00,,-17.900707666385845
2024-10-24 04:00:00,,-17.907711878685763
2024-10-24 05:00:00,,-17.90671609098568
2024-10-24 06:00:00,,-17.91172030328559
2024-10-24 07:00:00,,-17.91972451558551
2024-10-24 08:00:00,,-17.926728727885425
2024-10-24 09:00:00,,-17.92773294018534
2024-10-24 10:00:00,,-17.929737152485256
2024-10-24 11:00:00,,-17.926741364785173
2024-10-24 12:00:00,,-17.92274557708509
2024-10-24 13:00:00,,-17.918749789385004
2024-10-24 14:00:00,,-17.91275400168492
2024-10-24 15:00:00,,-17.911758213984836
2024-10-24 16:00:00,,-17.90876242628475
2024-10-24 17:00:00,,-17.91076663858467
2024-10-24 18:00:00,,-17.912770850884584
2024-10-24 19:00:00,,-17.920775063184497
2024-10-24 20:00:00,,-17.926779275484414
2024-10-24 21:00:00,,-17.93178348778433
2024-10-24 22:00:00,,-17.933787700084245
2024-10-24 23:00:00,,-17.936791912384162
2024-10-25 00:00:00,,-17.934796124684077
2024-10-25 01:00:00,,-17.92880033698399
2024-10-25 02:00:00,,-17.928804549283907
2024-10-25 03:00:00,,-17.926808761583825
2024-10-25 04:00:00,,-17.927812973883743
2024-10-25 05:00:00,,-17.927817186183656
2024-10-25 06:00:00,,-17.932821398483572
2024-10-25 07:00:00,,-17.943825610783488
2024-10-25 08:00:00,,-17.9468298230834
2024-10-25 09:00:00,,-17.95083403538332
2024-10-25 10:00:00,,-17.948838247683238
2024-10-25 11:00:00,,-17.94484245998315
2024-10-25 12:00:00,,-17.938846672283066
2024-10-25 13:00:00,,-17.935850884582983
2024-10-25 14:00:00,,-17.924855096882897
2024-10-25 15:00:00,,-17.916859309182815
2024-10-25 16:00:00,,-17.91586352148273
2024-10-25 17:00:00,,-17.914867733782643
2024-10-25 18:00:00,,-17.91787194608256
2024-10-25 19:00:00,,-17.91987615838248
2024-10-25 20:00:00,,-17.922880370682392
2024-10-25 21:00:00,,-17.92788458298231
2024-10-25 22:00:00,,-17.932888795282224
2024-10-25 23:00:00,,-17.930893007582142
2024-10-26 00:00:00,,-17.929897219882054
2024-10-26 01:00:00,,-17.924901432181972
2024-10-26 02:00:00,,-17.92290564448189
2024-10-26 03:00:00,,-17.9239098567818
2024-10-26 04:00:00,,-17.920914069081718
2024-10-26 05:00:00,,-17.924918281381636
2024-10-26 06:00:00,,-17.92992249368155
2024-10-26 07:00:00,,-17.935926705981466
2024-10-26 08:00:00,,-17.93793091828138
2024-10-26 09:00:00,,-17.938935130581296
2024-10-26 10:00:00,,-17.936939342881214
2024-10-26 11:00:00,,-17.93094355518113
2024-10-26 12:00:00,,-17.922947767481045
2024-10-26 13:00:00,,-17.91195197978096
2024-10-26 14:00:00,,-17.902956192080875
2024-10-26 15:00:00,,-17.89596040438079
2024-10-26 16:00:00,,-17.888964616680706
2024-10-26 17:00:00,,-17.888968828980623
2024-10-26 18:00:00,,-17.88697304128054
2024-10-26 19:00:00,,-17.890977253580456
2024-10-26 20:00:00,,-17.89698146588037
2024-10-26 21:00:00,,-17.897985678180287
2024-10-26 22:00:00,,-17.901989890480202
2024-10-26 23:00:00,,-17.90199410278012
2024-10-27 00:00:00,,-17.898998315080036
2024-10-27 01:00:00,,-17.897002527379946
2024-10-27 02:00:00,,-17.892006739679864
2024-10-27 03:00:00,,-17.894010951979784
2024-10-27 04:00:00,,-17.897015164279694
2024-10-27 05:00:00,,-17.899019376579613
2024-10-27 06:00:00,,-17.91102358887953
2024-10-27 07:00:00,,-17.914027801179444
2024-10-27 08:00:00,,-17.92403201347936
2024-10-27 09:00:00,,-17.928036225779277
2024-10-27 10:00:00,,-17.927040438079192
2024-10-27 11:00:00,,-17.924044650379106
2024-10-27 12:00:00,,-17.922048862679024
2024-10-27 13:00:00,,-17.91805307497894
2024-10-27 14:00:00,,-17.911057287278854
2024-10-27 15:00:00,,-17.90806149957877
2024-10-27 16:00:00,,-17.907065711878687
2024-10-27 17:00:00,,-17.9110699241786
2024-10-27 18:00:00,,-17.910074136478517
2024-10-27 19:00:00,,-17.918078348778433
2024-10-27 20:00:00,,-17.925082561078348
2024-10-27 21:00:00,,-17.930086773378264
2024-10-27 22:00:00,,-17.937090985678182
2024-10-27 23:00:00,,-17.936095197978094
2024-10-28 00:00:00,,-17.93609941027801
2024-10-28 01:00:00,,-17.933103622577928
2024-10-28 02:00:00,,-17.926107834877843
2024-10-28 03:00:00,,-17.92311204717776
2024-10-28 04:00:00,,-17.926116259477677
2024-10-28 05:00:00,,-17.928120471777593
2024-10-28 06:00:00,,-17.938124684077504
2024-10-28 07:00:00,,-17.94412889637742
2024-10-28 08:00:00,,-17.95213310867734
2024-10-28 09:00:00,,-17.958137320977254
2024-10-28 10:00:00,,-17.95914153327717
2024-10-28 11:00:00,,-17.956145745577086
2024-10-28 12:00:00,,-17.951149957877
2024-10-28 13:00:00,,-17.942154170176916
2024-10-28 14:00:00,,-17.938158382476832
2024-10-28 15:00:00,,-17.929162594776745
2024-10-28 16:00:00,,-17.926166807076665
2024-10-28 17:00:00,,-17.92817101937658
2024-10-28 18:00:00,,-17.928175231676494
2024-10-28 19:00:00,,-17.93717944397641
2024-10-28 20:00:00,,-17.94018365627633
2024-10-28 21:00:00,,-17.94818786857624
2024-10-28 22:00:00,,-17.95219208087616
2024-10-28 23:00:00,,-17.957196293176075
2024-10-29 00:00:00,,-17.955200505475993
2024-10-29 01:00:00,,-17.951204717775905
2024-10-29 02:00:00,,-17.946208930075823
2024-10-29 03:00:00,,-17.94621314237574
2024-10-29 04:00:00,,-17.948217354675652
2024-10-29 05:00:00,,-17.95222156697557
2024-10-29 06:00:00,,-17.955225779275487
2024-10-29 07:00:00,,-17.9652299915754
2024-10-29 08:00:00,,-17.968234203875316
2024-10-29 09:00:00,,-17.971238416175233
2024-10-29 10:00:00,,-17.974242628475146
2024-10-29 11:00:00,,-17.971246840775063
2024-10-29 12:00:00,,-17.96525105307498
2024-10-29 13:00:00,,-17.958255265374895
2024-10-29 14:00:00,,-17.94925947767481
2024-10-29 15:00:00,,-17.942263689974727
2024-10-29 16:00:00,,-17.938267902274642
2024-10-29 17:00:00,,-17.933272114574557
2024-10-29 18:00:00,,-17.937276326874475
2024-10-29 19:00:00,,-17.943280539174392
2024-10-29 20:00:00,,-17.948284751474304
2024-10-29 21:00:00,,-17.95428896377422
2024-10-29 22:00:00,,-17.959293176074137
2024-10-29 23:00:00,,-17.958297388374053
2024-10-30 00:00:00,,-17.956301600673967
2024-10-30 01:00:00,,-17.954305812973885
2024-10-30 02:00:00,,-17.950310025273797
2024-10-30 03:00:00,,-17.942314237573715
2024-10-30 04:00:00,,-17.939318449873632
2024-10-30 05:00:00,,-17.940322662173546
2024-10-30 06:00:00,,-17.942326874473462
2024-10-30 07:00:00,,-17.94933108677338
2024-10-30 08:00:00,,-17.94733529907329
2024-10-30 09:00:00,,-17.95533951137321
2024-10-30 10:00:00,,-17.955343723673128
2024-10-30 11:00:00,,-17.946347935973044
2024-10-30 12:00:00,,-17.934352148272957
2024-10-30 13:00:00,,-17.928356360572874
2024-10-30 14:00:00,,-17.91936057287279
2024-10-30 15:00:00,,-17.912364785172702
2024-10-30 16:00:00,,-17.90636899747262
2024-10-30 17:00:00,,-17.904373209772537
2024-10-30 18:00:00,,-17.90237742207245
2024-10-30 19:00:00,,-17.907381634372367
2024-10-30 20:00:00,,-17.908385846672285
2024-10-30 21:00:00,,-17.9143900589722
2024-10-30 22:00:00,,-17.919394271272115
2024-10-30 23:00:00,,-17.920398483572033
2024-10-31 00:00:00,,-17.919402695871945
2024-10-31 01:00:00,,-17.91940690817186
2024-10-31 02:00:00,,-17.91441112047178
2024-10-31 03:00:00,,-17.91041533277169
2024-10-31 04:00:00,,-17.91141954507161
2024-10-31 05:00:00,,-17.914423757371527
2024-10-31 06:00:00,,-17.916427969671442
2024-10-31 07:00:00,,-17.925432181971356
2024-10-31 08:00:00,,-17.926436394271274
2024-10-31 09:00:00,,-17.93044060657119
2024-10-31 10:00:00,,-17.9294448188711
2024-10-31 11:00:00,,-17.92744903117102
2024-10-31 12:00:00,,-17.917453243470938
2024-10-31 13:00:00,,-17.91345745577085
2024-10-31 14:00:00,,-17.900461668070765
2024-10-31 15:00:00,,-17.895465880370683
2024-10-31 16:00:00,,-17.888470092670598
2024-10-31 17:00:00,,-17.883474304970512
2024-10-31 18:00:00,,-17.885478517270432
2024-10-31 19:00:00,,-17.891482729570345
2024-10-31 20:00:00,,-17.89348694187026
2024-10-31 21:00:00,,-17.896491154170178
2024-10-31 22:00:00,,-17.906495366470093
2024-10-31 23:00:00,,-17.909499578770006
2024-11-01 00:00:00,,-17.912503791069923
2024-11-01 01:00:00,,-17.91050800336984
2024-11-01 02:00:00,,-17.903512215669753
2024-11-01 03:00:00,,-17.905516427969673
2024-11-01 04:00:00,,-17.903520640269587
2024-11-01 05:00:00,,-17.9035248525695
2024-11-01 06:00:00,,-17.91152906486942
2024-11-01 07:00:00,,-17.917533277169337
2024-11-01 08:00:00,,-17.92753748946925
2024-11-01 09:00:00,,-17.930541701769165
2024-11-01 10:00:00,,-17.92954591406908
2024-11-01 11:00:00,,-17.929550126368994
2024-11-01 12:00:00,,-17.923554338668914
2024-11-01 13:00:00,,-17.91755855096883
2024-11-01 14:00:00,,-17.908562763268744
2024-11-01 15:00:00,,-17.90256697556866
2024-11-01 16:00:00,,-17.895571187868576
2024-11-01 17:00:00,,-17.891575400168495
2024-11-01 18:00:00,,-17.895579612468406
2024-11-01 19:00:00,,-17.894583824768326
2024-11-01 20:00:00,,-17.90158803706824
2024-11-01 21:00:00,,-17.906592249368153
2024-11-01 22:00:00,,-17.91259646166807
2024-11-01 23:00:00,,-17.915600673967987
2024-11-02 00:00:00,,-17.9166048862679
2024-11-02 01:00:00,,-17.916609098567818
2024-11-02 02:00:00,,-17.914613310867736
2024-11-02 03:00:00,,-17.913617523167648
2024-11-02 04:00:00,,-17.914621735467566
2024-11-02 05:00:00,,-17.914625947767483
2024-11-02 06:00:00,,-17.919630160067396
2024-11-02 07:00:00,,-17.92463437236731
2024-11-02 08:00:00,,-17.93763858466723
2024-11-02 09:00:00,,-17.940642796967143
2024-11-02 10:00:00,,-17.94064700926706
2024-11-02 11:00:00,,-17.935651221566975
2024-11-02 12:00:00,,-17.933655433866893
2024-11-02 13:00:00,,-17.924659646166806
2024-11-02 14:00:00,,-17.916663858466723
2024-11-02 15:00:00,,-17.90966807076664
2024-11-02 16:00:00,,-17.903672283066552
2024-11-02 17:00:00,,-17.89967649536647
2024-11-02 18:00:00,,-17.895680707666386
2024-11-02 19:00:00,,-17.8976849199663
2024-11-02 20:00:00,,-17.904689132266217
2024-11-02 21:00:00,,-17.909693344566133
2024-11-02 22:00:00,,-17.916697556866048
2024-11-02 23:00:00,,-17.916701769165964
2024-11-03 00:00:00,,-17.91370598146588
2024-11-03 01:00:00,,-17.911710193765796
2024-11-03 02:00:00,,-17.90671440606571
2024-11-03 03:00:00,,-17.904718618365628
2024-11-03 04:00:00,,-17.902722830665546
2024-11-03 05:00:00,,-17.901727042965458
2024-11-03 06:00:00,,-17.911731255265376
2024-11-03 07:00:00,,-17.914735467565293
2024-11-03 08:00:00,,-17.921739679865205
2024-11-03 09:00:00,,-17.92774389216512
2024-11-03 10:00:00,,-17.92774810446504
2024-11-03 11:00:00,,-17.923752316764954
2024-11-03 12:00:00,,-17.91675652906487
2024-11-03 13:00:00,,-17.912760741364785
2024-11-03 14:00:00,,-17.9067649536647
2024-11-03 15:00:00,,-17.898769165964616
2024-11-03 16:00:00,,-17.892773378264533
2024-11-03 17:00:00,,-17.885777590564448
2024-11-03 18:00:00,,-17.885781802864365
2024-11-03 19:00:00,,-17.88978601516428
2024-11-03 20:00:00,,-17.893790227464194
2024-11-03 21:00:00,,-17.89779443976411
2024-11-03 22:00:00,,-17.90279865206403
2024-11-03 23:00:00,,-17.907802864363944
2024-11-04 00:00:00,,-17.903807076663856
2024-11-04 01:00:00,,-17.902811288963775
2024-11-04 02:00:00,,-17.902815501263692
2024-11-04 03:00:00,,-17.905819713563606
2024-11-04 04:00:00,,-17.90482392586352
2024-11-04 05:00:00,,-17.904828138163438
2024-11-04 06:00:00,,-17.90783235046335
2024-11-04 07:00:00,,-17.91783656276327
2024-11-04 08:00:00,,-17.923840775063187
2024-11-04 09:00:00,,-17.9268449873631
2024-11-04 10:00:00,,-17.930849199663015
2024-11-04 11:00:00,,-17.930853411962932
2024-11-04 12:00:00,,-17.925857624262846
2024-11-04 13:00:00,,-17.923861836562764
2024-11-04 14:00:00,,-17.91986604886268
2024-11-04 15:00:00,,-17.911870261162594
2024-11-04 16:00:00,,-17.90887447346251
2024-11-04 17:00:00,,-17.904878685762426
2024-11-04 18:00:00,,-17.899882898062344
2024-11-04 19:00:00,,-17.899887110362258
2024-11-04 20:00:00,,-17.903891322662172
2024-11-04 21:00:00,,-17.90489553496209
2024-11-04 22:00:00,,-17.910899747262004
2024-11-04 23:00:00,,-17.90990395956192
2024-11-05 00:00:00,,-17.910908171861838
2024-11-05 01:00:00,,-17.90691238416175
2024-11-05 02:00:00,,-17.90891659646167
2024-11-05 03:00:00,,-17.901920808761584
2024-11-05 04:00:00,,-17.901925021061498
2024-11-05 05:00:00,,-17.902929233361416
2024-11-05 06:00:00,,-17.90693344566133
2024-11-05 07:00:00,,-17.912937657961244
2024-11-05 08:00:00,,-17.91594187026116
2024-11-05 09:00:00,,-17.91994608256108
2024-11-05 10:00:00,,-17.918950294860995
2024-11-05 11:00:00,,-17.91995450716091
2024-11-05 12:00:00,,-17.912958719460825
2024-11-05 13:00:00,,-17.907962931760743
2024-11-05 14:00:00,,-17.901967144060656
2024-11-05 15:00:00,,-17.895971356360572
2024-11-05 16:00:00,,-17.89097556866049
2024-11-05 17:00:00,,-17.884979780960403
2024-11-05 18:00:00,,-17.88298399326032
2024-11-05 19:00:00,,-17.883988205560236
2024-11-05 20:00:00,,-17.88799241786015
2024-11-05 21:00:00,,-17.890996630160068
2024-11-05 22:00:00,,-17.895000842459986
2024-11-05 23:00:00,,-17.9030050547599
2024-11-06 00:00:00,,-17.902009267059814
2024-11-06 01:00:00,,-17.900013479359732
2024-11-06 02:00:00,,-17.900017691659645
2024-11-06 03:00:00,,-17.903021903959562
2024-11-06 04:00:00,,-17.90602611625948
2024-11-06 05:00:00,,-17.911030328559395
2024-11-06 06:00:00,,-17.916034540859307
2024-11-06 07:00:00,,-17.928038753159225
2024-11-06 08:00:00,,-17.93604296545914
2024-11-06 09:00:00,,-17.939047177759054
2024-11-06 10:00:00,,-17.934051390058972
2024-11-06 11:00:00,,-17.93205560235889
2024-11-06 12:00:00,,-17.929059814658803
2024-11-06 13:00:00,,-17.92106402695872
2024-11-06 14:00:00,,-17.918068239258638
2024-11-06 15:00:00,,-17.91107245155855
2024-11-06 16:00:00,,-17.907076663858465
2024-11-06 17:00:00,,-17.906080876158384
2024-11-06 18:00:00,,-17.908085088458296
2024-11-06 19:00:00,,-17.909089300758215
2024-11-06 20:00:00,,-17.91309351305813
2024-11-06 21:00:00,,-17.911097725358044
2024-11-06 22:00:00,,-17.91310193765796
2024-11-06 23:00:00,,-17.916106149957876
2024-11-07 00:00:00,,-17.917110362257795
2024-11-07 01:00:00,,-17.91511457455771
2024-11-07 02:00:00,,-17.912118786857626
2024-11-07 03:00:00,,-17.90812299915754
2024-11-07 04:00:00,,-17.911127211457455
2024-11-07 05:00:00,,-17.923131423757372
2024-11-07 06:00:00,,-17.934135636057288
2024-11-07 07:00:00,,-17.9331398483572
2024-11-07 08:00:00,,-17.94414406065712
2024-11-07 09:00:00,,-17.954148272957035
2024-11-07 10:00:00,,-17.95515248525695
2024-11-07 11:00:00,,-17.954156697556865
2024-11-07 12:00:00,,-17.949160909856783
2024-11-07 13:00:00,,-17.951165122156695
2024-11-07 14:00:00,,-17.943169334456613
2024-11-07 15:00:00,,-17.93417354675653
2024-11-07 16:00:00,,-17.931177759056446
2024-11-07 17:00:00,,-17.92018197135636
2024-11-07 18:00:00,,-17.928186183656276
2024-11-07 19:00:00,,-17.924190395956195
2024-11-07 20:00:00,,-17.926194608256107
2024-11-07 21:00:00,,-17.927198820556026
2024-11-07 22:00:00,,-17.93220303285594
2024-11-07 23:00:00,,-17.934207245155854
2024-11-08 00:00:00,,-17.92921145745577
2024-11-08 01:00:00,,-17.92921566975569
2024-11-08 02:00:00,,-17.9252198820556
2024-11-08 03:00:00,,-17.92722409435552
2024-11-08 04:00:00,,-17.932228306655436
2024-11-08 05:00:00,,-17.933232518955347
2024-11-08 06:00:00,,-17.935236731255266
2024-11-08 07:00:00,,-17.93924094355518
2024-11-08 08:00:00,,-17.942245155855094
2024-11-08 09:00:00,,-17.94224936815501
2024-11-08 10:00:00,,-17.94125358045493
2024-11-08 11:00:00,,-17.936257792754844
2024-11-08 12:00:00,,-17.93226200505476
2024-11-08 13:00:00,,-17.925266217354675
2024-11-08 14:00:00,,-17.920270429654593
2024-11-08 15:00:00,,-17.913274641954505
2024-11-08 16:00:00,,-17.911278854254423
2024-11-08 17:00:00,,-17.90528306655434
2024-11-08 18:00:00,,-17.906287278854254
2024-11-08 19:00:00,,-17.90829149115417
2024-11-08 20:00:00,,-17.909295703454088
2024-11-08 21:00:00,,-17.919299915754
2024-11-08 22:00:00,,-17.91830412805392
2024-11-08 23:00:00,,-17.920308340353834
2024-11-09 00:00:00,,-17.91831255265375
2024-11-09 01:00:00,,-17.914316764953664
2024-11-09 02:00:00,,-17.91332097725358
2024-11-09 03:00:00,,-17.911325189553494
2024-11-09 04:00:00,,-17.912329401853412
2024-11-09 05:00:00,,-17.91733361415333
2024-11-09 06:00:00,,-17.923337826453245
2024-11-09 07:00:00,,-17.92934203875316
2024-11-09 08:00:00,,-17.934346251053075
2024-11-09 09:00:00,,-17.93335046335299
2024-11-09 10:00:00,,-17.929354675652906
2024-11-09 11:00:00,,-17.92835888795282
2024-11-09 12:00:00,,-17.92136310025274
2024-11-09 13:00:00,,-17.918367312552654
2024-11-09 14:00:00,,-17.90937152485257
2024-11-09 15:00:00,,-17.918375737152488
2024-11-09 16:00:00,,-17.9193799494524
2024-11-09 17:00:00,,-17.918384161752318
2024-11-09 18:00:00,,-17.931388374052233
2024-11-09 19:00:00,,-17.938392586352148
2024-11-09 20:00:00,,-17.941396798652065
2024-11-09 21:00:00,,-17.95740101095198
2024-11-09 22:00:00,,-17.960405223251897
2024-11-09 23:00:00,,-17.96240943555181
2024-11-10 00:00:00,,-17.95341364785173
2024-11-10 01:00:00,,-17.949417860151645
2024-11-10 02:00:00,,-17.94442207245156
2024-11-10 03:00:00,,-17.946426284751475
2024-11-10 04:00:00,,-17.955430497051392
2024-11-10 05:00:00,,-17.955434709351305
2024-11-10 06:00:00,,-17.953438921651223
2024-11-10 07:00:00,,-17.957443133951138
2024-11-10 08:00:00,,-17.958447346251052
2024-11-10 09:00:00,,-17.954451558550968
2024-11-10 10:00:00,,-17.956455770850887
2024-11-10 11:00:00,,-17.9524599831508
2024-11-10 12:00:00,,-17.951464195450715
2024-11-10 13:00:00,,-17.944468407750634
2024-11-10 14:00:00,,-17.934472620050546
2024-11-10 15:00:00,,-17.928476832350462
2024-11-10 16:00:00,,-17.92448104465038
2024-11-10 17:00:00,,-17.917485256950297
2024-11-10 18:00:00,,-17.91648946925021
2024-11-10 19:00:00,,-17.920493681550127
2024-11-10 20:00:00,,-17.927497893850045
2024-11-10 21:00:00,,-17.929502106149958
2024-11-10 22:00:00,,-17.933506318449872
2024-11-10 23:00:00,,-17.93151053074979
2024-11-11 00:00:00,,-17.928514743049703
2024-11-11 01:00:00,,-17.927518955349623
2024-11-11 02:00:00,,-17.922523167649537
2024-11-11 03:00:00,,-17.93752737994945
2024-11-11 04:00:00,,-17.94453159224937
2024-11-11 05:00:00,,-17.947535804549286
2024-11-11 06:00:00,,-17.946540016849198
2024-11-11 07:00:00,,-17.956544229149117
2024-11-11 08:00:00,,-17.96554844144903
2024-11-11 09:00:00,,-17.966552653748945
2024-11-11 10:00:00,,-17.964556866048863
2024-11-11 11:00:00,,-17.95256107834878
2024-11-11 12:00:00,,-17.942565290648695
2024-11-11 13:00:00,,-17.93156950294861
2024-11-11 14:00:00,,-17.921573715248527
2024-11-11 15:00:00,,-17.914577927548443
2024-11-11 16:00:00,,-17.911582139848356
2024-11-11 17:00:00,,-17.908586352148273
2024-11-11 18:00:00,,-17.91059056444819
2024-11-11 19:00:00,,-17.914594776748103
2024-11-11 20:00:00,,-17.91759898904802
2024-11-11 21:00:00,,-17.92160320134794
2024-11-11 22:00:00,,-17.92260741364785
2024-11-11 23:00:00,,-17.922611625947766
2024-11-12 00:00:00,,-17.914615838247684
2024-11-12 01:00:00,,-17.911620050547597
2024-11-12 02:00:00,,-17.908624262847514
2024-11-12 03:00:00,,-17.909628475147432
2024-11-12 04:00:00,,-17.910632687447347
2024-11-12 05:00:00,,-17.918636899747263
2024-11-12 06:00:00,,-17.925641112047177
2024-11-12 07:00:00,,-17.932645324347096
2024-11-12 08:00:00,,-17.937649536647008
2024-11-12 09:00:00,,-17.941653748946926
2024-11-12 10:00:00,,-17.93965796124684
2024-11-12 11:00:00,,-17.936662173546754
2024-11-12 12:00:00,,-17.937666385846672
2024-11-12 13:00:00,,-17.936670598146588
2024-11-12 14:00:00,,-17.931674810446502
2024-11-12 15:00:00,,-17.930679022746418
2024-11-12 16:00:00,,-17.927683235046338
2024-11-12 17:00:00,,-17.92468744734625
2024-11-12 18:00:00,,-17.921691659646168
2024-11-12 19:00:00,,-17.922695871946082
2024-11-12 20:00:00,,-17.928700084245996
2024-11-12 21:00:00,,-17.932704296545914
2024-11-12 22:00:00,,-17.93670850884583
2024-11-12 23:00:00,,-17.932712721145748
2024-11-13 00:00:00,,-17.92871693344566
2024-11-13 01:00:00,,-17.922721145745577
2024-11-13 02:00:00,,-17.925725358045494
2024-11-13 03:00:00,,-17.922729570345407
2024-11-13 04:00:00,,-17.923733782645325
2024-11-13 05:00:00,,-17.926737994945242
2024-11-13 06:00:00,,-17.925742207245154
2024-11-13 07:00:00,,-17.93174641954507
2024-11-13 08:00:00,,-17.94475063184499
2024-11-13 09:00:00,,-17.9487548441449
2024-11-13 10:00:00,,-17.94675905644482
2024-11-13 11:00:00,,-17.946763268744736
2024-11-13 12:00:00,,-17.93876748104465
2024-11-13 13:00:00,,-17.931771693344565
2024-11-13 14:00:00,,-17.92277590564448
2024-11-13 15:00:00,,-17.915780117944397
2024-11-13 16:00:00,,-17.91378433024431
2024-11-13 17:00:00,,-17.91278854254423
2024-11-13 18:00:00,,-17.914792754844147
2024-11-13 19:00:00,,-17.92079696714406
2024-11-13 20:00:00,,-17.926801179443977
2024-11-13 21:00:00,,-17.933805391743892
2024-11-13 22:00:00,,-17.937809604043807
2024-11-13 23:00:00,,-17.940813816343724
2024-11-14 00:00:00,,-17.93281802864364
2024-11-14 01:00:00,,-17.933822240943552
2024-11-14 02:00:00,,-17.92882645324347
2024-11-14 03:00:00,,-17.928830665543387
2024-11-14 04:00:00,,-17.9288348778433
2024-11-14 05:00:00,,-17.933839090143216
2024-11-14 06:00:00,,-17.939843302443133
2024-11-14 07:00:00,,-17.94184751474305
2024-11-14 08:00:00,,-17.950851727042966
2024-11-14 09:00:00,,-17.95485593934288
2024-11-14 10:00:00,,-17.957860151642798
2024-11-14 11:00:00,,-17.950864363942713
2024-11-14 12:00:00,,-17.948868576242628
2024-11-14 13:00:00,,-17.941872788542547
2024-11-14 14:00:00,,-17.93187700084246
2024-11-14 15:00:00,,-17.921881213142377
2024-11-14 16:00:00,,-17.918885425442294
2024-11-14 17:00:00,,-17.915889637742207
2024-11-14 18:00:00,,-17.916893850042122
2024-11-14 19:00:00,,-17.92289806234204
2024-11-14 20:00:00,,-17.929902274641954
2024-11-14 21:00:00,,-17.93790648694187
2024-11-14 22:00:00,,-17.936910699241785
2024-11-14 23:00:00,,-17.9439149115417
2024-11-15 00:00:00,,-17.942919123841616
2024-11-15 01:00:00,,-17.937923336141534
2024-11-15 02:00:00,,-17.934927548441447
2024-11-15 03:00:00,,-17.928931760741364
2024-11-15 04:00:00,,-17.92993597304128
2024-11-15 05:00:00,,-17.930940185341196
2024-11-15 06:00:00,,-17.93194439764111
2024-11-15 07:00:00,,-17.93894860994103
2024-11-15 08:00:00,,-17.942952822240944
2024-11-15 09:00:00,,-17.945957034540857
2024-11-15 10:00:00,,-17.944961246840776
2024-11-15 11:00:00,,-17.941965459140693
2024-11-15 12:00:00,,-17.934969671440605
2024-11-15 13:00:00,,-17.926973883740523
2024-11-15 14:00:00,,-17.913978096040438
2024-11-15 15:00:00,,-17.903982308340353
2024-11-15 16:00:00,,-17.898986520640268
2024-11-15 17:00:00,,-17.894990732940187
2024-11-15 18:00:00,,-17.8889949452401
2024-11-15 19:00:00,,-17.896999157540016
2024-11-15 20:00:00,,-17.900003369839933
2024-11-15 21:00:00,,-17.905007582139845
2024-11-15 22:00:00,,-17.905011794439762
2024-11-15 23:00:00,,-17.90901600673968
2024-11-16 00:00:00,,-17.906020219039597
2024-11-16 01:00:00,,-17.90302443133951
2024-11-16 02:00:00,,-17.900028643639427
2024-11-16 03:00:00,,-17.896032855939346
2024-11-16 04:00:00,,-17.891037068239257
2024-11-16 05:00:00,,-17.897041280539174
2024-11-16 06:00:00,,-17.89904549283909
2024-11-16 07:00:00,,-17.906049705139004
2024-11-16 08:00:00,,-17.91105391743892
2024-11-16 09:00:00,,-17.91305812973884
2024-11-16 10:00:00,,-17.916062342038753
2024-11-16 11:00:00,,-17.91906655433867
2024-11-16 12:00:00,,-17.912070766638585
2024-11-16 13:00:00,,-17.9030749789385
2024-11-16 14:00:00,,-17.896079191238417
2024-11-16 15:00:00,,-17.88208340353833
2024-11-16 16:00:00,,-17.879087615838245
2024-11-16 17:00:00,,-17.871091828138162
2024-11-16 18:00:00,,-17.873096040438078
2024-11-16 19:00:00,,-17.875100252737997
2024-11-16 20:00:00,,-17.88010446503791
2024-11-16 21:00:00,,-17.887108677337828
2024-11-16 22:00:00,,-17.894112889637743
2024-11-16 23:00:00,,-17.900117101937656
2024-11-17 00:00:00,,-17.897121314237573
2024-11-17 01:00:00,,-17.89812552653749
2024-11-17 02:00:00,,-17.895129738837404
2024-11-17 03:00:00,,-17.89513395113732
2024-11-17 04:00:00,,-17.892138163437238
2024-11-17 05:00:00,,-17.89514237573715
2024-11-17 06:00:00,,-17.897146588037067
2024-11-17 07:00:00,,-17.907150800336986
2024-11-17 08:00:00,,-17.9131550126369
2024-11-17 09:00:00,,-17.919159224936816
2024-11-17 10:00:00,,-17.925163437236733
2024-11-17 11:00:00,,-17.926167649536648
2024-11-17 12:00:00,,-17.924171861836562
2024-11-17 13:00:00,,-17.91517607413648
2024-11-17 14:00:00,,-17.909180286436396
2024-11-17 15:00:00,,-17.908184498736308
2024-11-17 16:00:00,,-17.897188711036225
2024-11-17 17:00:00,,-17.893192923336144
2024-11-17 18:00:00,,-17.894197135636055
2024-11-17 19:00:00,,-17.906201347935973
2024-11-17 20:00:00,,-17.91820556023589
2024-11-17 21:00:00,,-17.941209772535803
2024-11-17 22:00:00,,-17.94621398483572
2024-11-17 23:00:00,,-17.950218197135637
2024-11-18 00:00:00,,-17.94822240943555
2024-11-18 01:00:00,,-17.947226621735467
2024-11-18 02:00:00,,-17.944230834035384
2024-11-18 03:00:00,,-17.9422350463353
2024-11-18 04:00:00,,-17.941239258635214
2024-11-18 05:00:00,,-17.94624347093513
2024-11-18 06:00:00,,-17.95624768323505
2024-11-18 07:00:00,,-17.960251895534963
2024-11-18 08:00:00,,-17.96225610783488
2024-11-18 09:00:00,,-17.964260320134795
2024-11-18 10:00:00,,-17.96526453243471
2024-11-18 11:00:00,,-17.960268744734627
2024-11-18 12:00:00,,-17.95827295703454
2024-11-18 13:00:00,,-17.953277169334456
2024-11-18 14:00:00,,-17.948281381634374
2024-11-18 15:00:00,,-17.94128559393429
2024-11-18 16:00:00,,-17.933289806234203
2024-11-18 17:00:00,,-17.92929401853412
2024-11-18 18:00:00,,-17.930298230834037
2024-11-18 19:00:00,,-17.93330244313395
2024-11-18 20:00:00,,-17.935306655433866
2024-11-18 21:00:00,,-17.943310867733782
2024-11-18 22:00:00,,-17.947315080033697
2024-11-18 23:00:00,,-17.947319292333614
2024-11-19 00:00:00,,-17.95232350463353
2024-11-19 01:00:00,,-17.94832771693345
2024-11-19 02:00:00,,-17.94333192923336
2024-11-19 03:00:00,,-17.94233614153328
2024-11-19 04:00:00,,-17.942340353833195
2024-11-19 05:00:00,,-17.943344566133106
2024-11-19 06:00:00,,-17.945348778433026
2024-11-19 07:00:00,,-17.94935299073294
2024-11-19 08:00:00,,-17.956357203032855
2024-11-19 09:00:00,,-17.956361415332772
2024-11-19 10:00:00,,-17.958365627632688
2024-11-19 11:00:00,,-17.9553698399326
2024-11-19 12:00:00,,-17.95037405223252
2024-11-19 13:00:00,,-17.942378264532437
2024-11-19 14:00:00,,-17.93638247683235
2024-11-19 15:00:00,,-17.932386689132265
2024-11-19 16:00:00,,-17.922390901432184
2024-11-19 17:00:00,,-17.9163951137321
2024-11-19 18:00:00,,-17.91439932603201
2024-11-19 19:00:00,,-17.91640353833193
2024-11-19 20:00:00,,-17.916407750631848
2024-11-19 21:00:00,,-17.91941196293176
2024-11-19 22:00:00,,-17.923416175231676
2024-11-19 23:00:00,,-17.928420387531595
2024-11-20 00:00:00,,-17.924424599831507
2024-11-20 01:00:00,,-17.923428812131423
2024-11-20 02:00:00,,-17.92643302443134
2024-11-20 03:00:00,,-17.923437236731253
2024-11-20 04:00:00,,-17.92444144903117
2024-11-20 05:00:00,,-17.927445661331088
2024-11-20 06:00:00,,-17.930449873631
2024-11-20 07:00:00,,-17.93645408593092
2024-11-20 08:00:00,,-17.936458298230836
2024-11-20 09:00:00,,-17.937462510530747
2024-11-20 10:00:00,,-17.939466722830666
2024-11-20 11:00:00,,-17.936470935130583
2024-11-20 12:00:00,,-17.931475147430497
2024-11-20 13:00:00,,-17.927479359730413
2024-11-20 14:00:00,,-17.92548357203033
2024-11-20 15:00:00,,-17.913487784330247
2024-11-20 16:00:00,,-17.91049199663016
2024-11-20 17:00:00,,-17.903496208930076
2024-11-20 18:00:00,,-17.90550042122999
2024-11-20 19:00:00,,-17.904504633529907
2024-11-20 20:00:00,,-17.904508845829824
2024-11-20 21:00:00,,-17.90751305812974
2024-11-20 22:00:00,,-17.912517270429653
2024-11-20 23:00:00,,-17.91652148272957
2024-11-21 00:00:00,,-17.916525695029488
2024-11-21 01:00:00,,-17.9155299073294
2024-11-21 02:00:00,,-17.91353411962932
2024-11-21 03:00:00,,-17.909538331929234
2024-11-21 04:00:00,,-17.908542544229146
2024-11-21 05:00:00,,-17.914546756529063
2024-11-21 06:00:00,,-17.916550968828982
2024-11-21 07:00:00,,-17.920555181128897
2024-11-21 08:00:00,,-17.925559393428813
2024-11-21 09:00:00,,-17.92756360572873
2024-11-21 10:00:00,,-17.927567818028646
2024-11-21 11:00:00,,-17.92257203032856
2024-11-21 12:00:00,,-17.919576242628477
2024-11-21 13:00:00,,-17.91158045492839
2024-11-21 14:00:00,,-17.906584667228305
2024-11-21 15:00:00,,-17.90258887952822
2024-11-21 16:00:00,,-17.89859309182814
2024-11-21 17:00:00,,-17.895597304128053
2024-11-21 18:00:00,,-17.89160151642797
2024-11-21 19:00:00,,-17.895605728727887
2024-11-21 20:00:00,,-17.8966099410278
2024-11-21 21:00:00,,-17.897614153327716
2024-11-21 22:00:00,,-17.89961836562763
2024-11-21 23:00:00,,-17.90562257792755
2024-11-22 00:00:00,,-17.907626790227464
2024-11-22 01:00:00,,-17.90363100252738
2024-11-22 02:00:00,,-17.903635214827297
2024-11-22 03:00:00,,-17.90563942712721
2024-11-22 04:00:00,,-17.906643639427127
2024-11-22 05:00:00,,-17.911647851727043
2024-11-22 06:00:00,,-17.91665206402696
2024-11-22 07:00:00,,-17.924656276326875
2024-11-22 08:00:00,,-17.92966048862679
2024-11-22 09:00:00,,-17.929664700926704
2024-11-22 10:00:00,,-17.92666891322662
2024-11-22 11:00:00,,-17.923673125526538
2024-11-22 12:00:00,,-17.918677337826452
2024-11-22 13:00:00,,-17.911681550126367
2024-11-22 14:00:00,,-17.906685762426285
2024-11-22 15:00:00,,-17.899689974726197
2024-11-22 16:00:00,,-17.899694187026114
2024-11-22 17:00:00,,-17.896698399326034
2024-11-22 18:00:00,,-17.89470261162595
2024-11-22 19:00:00,,-17.896706823925864
2024-11-22 20:00:00,,-17.899711036225778
2024-11-22 21:00:00,,-17.902715248525695
2024-11-22 22:00:00,,-17.90371946082561
2024-11-22 23:00:00,,-17.907723673125528
2024-11-23 00:00:00,,-17.909727885425443
2024-11-23 01:00:00,,-17.901732097725358
2024-11-23 02:00:00,,-17.901736310025274
2024-11-23 03:00:00,,-17.90274052232519
2024-11-23 04:00:00,,-17.902744734625102
2024-11-23 05:00:00,,-17.90474894692502
2024-11-23 06:00:00,,-17.90775315922494
2024-11-23 07:00:00,,-17.91275737152485
2024-11-23 08:00:00,,-17.914761583824767
2024-11-23 09:00:00,,-17.917765796124684
2024-11-23 10:00:00,,-17.914770008424597
2024-11-23 11:00:00,,-17.916774220724516
2024-11-23 12:00:00,,-17.921778433024432
2024-11-23 13:00:00,,-17.923782645324348
2024-11-23 14:00:00,,-17.92078685762426
2024-11-23 15:00:00,,-17.90979106992418
2024-11-23 16:00:00,,-17.904795282224097
2024-11-23 17:00:00,,-17.90679949452401
2024-11-23 18:00:00,,-17.920803706823925
2024-11-23 19:00:00,,-17.932807919123842
2024-11-23 20:00:00,,-17.936812131423757
2024-11-23 21:00:00,,-17.941816343723673
2024-11-23 22:00:00,,-17.94682055602359
2024-11-23 23:00:00,,-17.947824768323503
2024-11-24 00:00:00,,-17.93882898062342
2024-11-24 01:00:00,,-17.932833192923336
2024-11-24 02:00:00,,-17.925837405223252
2024-11-24 03:00:00,,-17.926841617523166
2024-11-24 04:00:00,,-17.926845829823083
2024-11-24 05:00:00,,-17.926850042123
2024-11-24 06:00:00,,-17.925854254422916
2024-11-24 07:00:00,,-17.93585846672283
2024-11-24 08:00:00,,-17.93986267902275
2024-11-24 09:00:00,,-17.945866891322662
2024-11-24 10:00:00,,-17.94287110362258
2024-11-24 11:00:00,,-17.945875315922496
2024-11-24 12:00:00,,-17.937879528222407
2024-11-24 13:00:00,,-17.933883740522326
2024-11-24 14:00:00,,-17.927887952822243
2024-11-24 15:00:00,,-17.921892165122156
2024-11-24 16:00:00,,-17.91489637742207
2024-11-24 17:00:00,,-17.91290058972199
2024-11-24 18:00:00,,-17.915904802021902
2024-11-24 19:00:00,,-17.91690901432182
2024-11-24 20:00:00,,-17.918913226621736
2024-11-24 21:00:00,,-17.92191743892165
2024-11-24 22:00:00,,-17.923921651221566
2024-11-24 23:00:00,,-17.927925863521484
2024-11-25 00:00:00,,-17.9249300758214
2024-11-25 01:00:00,,-17.922934288121315
2024-11-25 02:00:00,,-17.91693850042123
2024-11-25 03:00:00,,-17.917942712721146
2024-11-25 04:00:00,,-17.92194692502106
2024-11-25 05:00:00,,-17.92295113732098
2024-11-25 06:00:00,,-17.922955349620896
2024-11-25 07:00:00,,-17.930959561920808
2024-11-25 08:00:00,,-17.932963774220724
2024-11-25 09:00:00,,-17.930967986520642
2024-11-25 10:00:00,,-17.932972198820554
2024-11-25 11:00:00,,-17.92697641112047
2024-11-25 12:00:00,,-17.91598062342039
2024-11-25 13:00:00,,-17.9059848357203
2024-11-25 14:00:00,,-17.89398904802022
2024-11-25 15:00:00,,-17.890993260320137
2024-11-25 16:00:00,,-17.88699747262005
2024-11-25 17:00:00,,-17.882001684919967
2024-11-25 18:00:00,,-17.887005897219883
2024-11-25 19:00:00,,-17.8970101095198
2024-11-25 20:00:00,,-17.902014321819713
2024-11-25 21:00:00,,-17.90501853411963
2024-11-25 22:00:00,,-17.903022746419545
2024-11-25 23:00:00,,-17.90702695871946
2024-11-26 00:00:00,,-17.906031171019375
2024-11-26 01:00:00,,-17.899035383319294
2024-11-26 02:00:00,,-17.895039595619206
2024-11-26 03:00:00,,-17.892043807919123
2024-11-26 04:00:00,,-17.89004802021904
2024-11-26 05:00:00,,-17.893052232518954
2024-11-26 06:00:00,,-17.90005644481887
2024-11-26 07:00:00,,-17.906060657118786
2024-11-26 08:00:00,,-17.914064869418702
2024-11-26 09:00:00,,-17.913069081718618
2024-11-26 10:00:00,,-17.913073294018535
2024-11-26 11:00:00,,-17.90707750631845
2024-11-26 12:00:00,,-17.902081718618366
2024-11-26 13:00:00,,-17.893085930918282
2024-11-26 14:00:00,,-17.8840901432182
2024-11-26 15:00:00,,-17.890094355518112
2024-11-26 16:00:00,,-17.88109856781803
2024-11-26 17:00:00,,-17.879102780117947
2024-11-26 18:00:00,,-17.880106992417858
2024-11-26 19:00:00,,-17.885111204717777
2024-11-26 20:00:00,,-17.889115417017692
2024-11-26 21:00:00,,-17.896119629317607
2024-11-26 22:00:00,,-17.898123841617522
2024-11-26 23:00:00,,-17.900128053917438
2024-11-27 00:00:00,,-17.905132266217354
2024-11-27 01:00:00,,-17.89213647851727
2024-11-27 02:00:00,,-17.88814069081719
2024-11-27 03:00:00,,-17.8921449031171
2024-11-27 04:00:00,,-17.893149115417017
2024-11-27 05:00:00,,-17.894153327716936
2024-11-27 06:00:00,,-17.89815754001685
2024-11-27 07:00:00,,-17.910161752316764
2024-11-27 08:00:00,,-17.920165964616682
2024-11-27 09:00:00,,-17.921170176916597
2024-11-27 10:00:00,,-17.923174389216513
2024-11-27 11:00:00,,-17.91917860151643
2024-11-27 12:00:00,,-17.918182813816344
2024-11-27 13:00:00,,-17.909187026116257
2024-11-27 14:00:00,,-17.905191238416176
2024-11-27 15:00:00,,-17.89819545071609
2024-11-27 16:00:00,,-17.895199663016005
2024-11-27 17:00:00,,-17.891203875315924
2024-11-27 18:00:00,,-17.89720808761584
2024-11-27 19:00:00,,-17.904212299915752
2024-11-27 20:00:00,,-17.912216512215668
2024-11-27 21:00:00,,-17.913220724515586
2024-11-27 22:00:00,,-17.9192249368155
2024-11-27 23:00:00,,-17.920229149115418
2024-11-28 00:00:00,,-17.922233361415334
2024-11-28 01:00:00,,-17.91723757371525
2024-11-28 02:00:00,,-17.918241786015162
2024-11-28 03:00:00,,-17.91624599831508
2024-11-28 04:00:00,,-17.916250210614997
2024-11-28 05:00:00,,-17.91725442291491
2024-11-28 06:00:00,,-17.927258635214827
2024-11-28 07:00:00,,-17.934262847514745
2024-11-28 08:00:00,,-17.942267059814657
2024-11-28 09:00:00,,-17.941271272114573
2024-11-28 10:00:00,,-17.94527548441449
2024-11-28 11:00:00,,-17.946279696714406
2024-11-28 12:00:00,,-17.943283909014323
2024-11-28 13:00:00,,-17.938288121314237
2024-11-28 14:00:00,,-17.93329233361415
2024-11-28 15:00:00,,-17.92929654591407
2024-11-28 16:00:00,,-17.923300758213987
2024-11-28 17:00:00,,-17.920304970513904
2024-11-28 18:00:00,,-17.917309182813817
2024-11-28 19:00:00,,-17.91831339511373
2024-11-28 20:00:00,,-17.92731760741365
2024-11-28 21:00:00,,-17.933321819713562
2024-11-28 22:00:00,,-17.94032603201348
2024-11-28 23:00:00,,-17.946330244313398
2024-11-29 00:00:00,,-17.94533445661331
2024-11-29 01:00:00,,-17.938338668913225
2024-11-29 02:00:00,,-17.934342881213144
2024-11-29 03:00:00,,-17.927347093513056
2024-11-29 04:00:00,,-17.929351305812975
2024-11-29 05:00:00,,-17.93035551811289
2024-11-29 06:00:00,,-17.932359730412802
2024-11-29 07:00:00,,-17.93736394271272
2024-11-29 08:00:00,,-17.944368155012636
2024-11-29 09:00:00,,-17.94537236731255
2024-11-29 10:00:00,,-17.944376579612467
2024-11-29 11:00:00,,-17.941380791912383
2024-11-29 12:00:00,,-17.9353850042123
2024-11-29 13:00:00,,-17.926389216512217
2024-11-29 14:00:00,,-17.91839342881213
2024-11-29 15:00:00,,-17.91339764111205
2024-11-29 16:00:00,,-17.90340185341196
2024-11-29 17:00:00,,-17.89740606571188
2024-11-29 18:00:00,,-17.896410278011796
2024-11-29 19:00:00,,-17.90141449031171
2024-11-29 20:00:00,,-17.907418702611626
2024-11-29 21:00:00,,-17.910422914911543
2024-11-29 22:00:00,,-17.914427127211457
2024-11-29 23:00:00,,-17.918431339511372
2024-11-30 00:00:00,,-17.91843555181129
2024-11-30 01:00:00,,-17.915439764111202
2024-11-30 02:00:00,,-17.90944397641112
2024-11-30 03:00:00,,-17.907448188711037
2024-11-30 04:00:00,,-17.90645240101095
2024-11-30 05:00:00,,-17.906456613310866
2024-11-30 06:00:00,,-17.912460825610783
2024-11-30 07:00:00,,-17.920465037910702
2024-11-30 08:00:00,,-17.923469250210616
2024-11-30 09:00:00,,-17.92447346251053
2024-11-30 10:00:00,,-17.92647767481045
2024-11-30 11:00:00,,-17.923481887110363
2024-11-30 12:00:00,,-17.91448609941028
2024-11-30 13:00:00,,-17.907490311710195
2024-11-30 14:00:00,,-17.89649452401011
2024-11-30 15:00:00,,-17.887498736310025
2024-11-30 16:00:00,,-17.882502948609943
2024-11-30 17:00:00,,-17.879507160909856
2024-11-30 18:00:00,,-17.875511373209772
2024-11-30 19:00:00,,-17.88151558550969
2024-11-30 20:00:00,,-17.884519797809602
2024-11-30 21:00:00,,-17.89852401010952
2024-11-30 22:00:00,,-17.897528222409438
2024-11-30 23:00:00,,-17.898532434709352
2024-12-01 00:00:00,,-17.897536647009268
2024-12-01 01:00:00,,-17.896540859309184
2024-12-01 02:00:00,,-17.8925450716091
2024-12-01 03:00:00,,-17.886549283909012
2024-12-01 04:00:00,,-17.88655349620893
2024-12-01 05:00:00,,-17.887557708508847
2024-12-01 06:00:00,,-17.88956192080876
2024-12-01 07:00:00,,-17.898566133108677
2024-12-01 08:00:00,,-17.904570345408594
2024-12-01 09:00:00,,-17.90857455770851
2024-12-01 10:00:00,,-17.905578770008425
2024-12-01 11:00:00,,-17.905582982308342
2024-12-01 12:00:00,,-17.897587194608256
2024-12-01 13:00:00,,-17.88959140690817
2024-12-01 14:00:00,,-17.88259561920809
2024-12-01 15:00:00,,-17.878599831508
2024-12-01 16:00:00,,-17.87060404380792
2024-12-01 17:00:00,,-17.873608256107836
2024-12-01 18:00:00,,-17.868612468407754
2024-12-01 19:00:00,,-17.868616680707667
2024-12-01 20:00:00,,-17.87762089300758
2024-12-01 21:00:00,,-17.8866251053075
2024-12-01 22:00:00,,-17.88662931760741
2024-12-01 23:00:00,,-17.90263352990733
2024-12-02 00:00:00,,-17.898637742207246
2024-12-02 01:00:00,,-17.89264195450716
2024-12-02 02:00:00,,-17.888646166807078
2024-12-02 03:00:00,,-17.883650379106992
2024-12-02 04:00:00,,-17.888654591406908
2024-12-02 05:00:00,,-17.884658803706824
2024-12-02 06:00:00,,-17.888663016006742
2024-12-02 07:00:00,,-17.893667228306654
2024-12-02 08:00:00,,-17.894671440606572
2024-12-02 09:00:00,,-17.90267565290649
2024-12-02 10:00:00,,-17.9076798652064
2024-12-02 11:00:00,,-17.918684077506317
2024-12-02 12:00:00,,-17.905688289806236
2024-12-02 13:00:00,,-17.89869250210615
2024-12-02 14:00:00,,-17.892696714406064
2024-12-02 15:00:00,,-17.885700926705983
2024-12-02 16:00:00,,-17.8757051390059
2024-12-02 17:00:00,,-17.876709351305813
2024-12-02 18:00:00,,-17.87571356360573
2024-12-02 19:00:00,,-17.880717775905644
2024-12-02 20:00:00,,-17.89372198820556
2024-12-02 21:00:00,,-17.885726200505477
2024-12-02 22:00:00,,-17.873730412805394
2024-12-02 23:00:00,,-17.890734625105306
2024-12-03 00:00:00,,-17.886738837405222
2024-12-03 01:00:00,,-17.88874304970514
2024-12-03 02:00:00,,-17.883747262005052
2024-12-03 03:00:00,,-17.88675147430497
2024-12-03 04:00:00,,-17.885755686604888
2024-12-03 05:00:00,,-17.884759898904804
2024-12-03 06:00:00,,-17.889764111204716
2024-12-03 07:00:00,,-17.895768323504633
2024-12-03 08:00:00,,-17.90277253580455
2024-12-03 09:00:00,,-17.906776748104463
2024-12-03 10:00:00,,-17.905780960404382
2024-12-03 11:00:00,,-17.904785172704297
2024-12-03 12:00:00,,-17.90178938500421
2024-12-03 13:00:00,,-17.895793597304127
2024-12-03 14:00:00,,-17.891797809604046
2024-12-03 15:00:00,,-17.88280202190396
2024-12-03 16:00:00,,-17.879806234203876
2024-12-03 17:00:00,,-17.86981044650379
2024-12-03 18:00:00,,-17.871814658803704
2024-12-03 19:00:00,,-17.87281887110362
2024-12-03 20:00:00,,-17.877823083403538
2024-12-03 21:00:00,,-17.884827295703452
2024-12-03 22:00:00,,-17.89083150800337
2024-12-03 23:00:00,,-17.893835720303287
2024-12-04 00:00:00,,-17.895839932603202
2024-12-04 01:00:00,,-17.899844144903117
2024-12-04 02:00:00,,-17.892848357203032
2024-12-04 03:00:00,,-17.897852569502952
2024-12-04 04:00:00,,-17.901856781802863
2024-12-04 05:00:00,,-17.90386099410278
2024-12-04 06:00:00,,-17.906865206402696
2024-12-04 07:00:00,,-17.91786941870261
2024-12-04 08:00:00,,-17.921873631002526
2024-12-04 09:00:00,,-17.924877843302443
2024-12-04 10:00:00,,-17.927882055602357
2024-12-04 11:00:00,,-17.924886267902274
2024-12-04 12:00:00,,-17.91989048020219
2024-12-04 13:00:00,,-17.918894692502104
2024-12-04 14:00:00,,-17.911898904802023
2024-12-04 15:00:00,,-17.906903117101937
2024-12-04 16:00:00,,-17.90090732940185
2024-12-04 17:00:00,,-17.892911541701768
2024-12-04 18:00:00,,-17.892915754001685
2024-12-04 19:00:00,,-17.8929199663016
2024-12-04 20:00:00,,-17.895924178601515
2024-12-04 21:00:00,,-17.90392839090143
2024-12-04 22:00:00,,-17.90893260320135
2024-12-04 23:00:00,,-17.91293681550126
2024-12-05 00:00:00,,-17.91294102780118
2024-12-05 01:00:00,,-17.905945240101097
2024-12-05 02:00:00,,-17.91194945240101
2024-12-05 03:00:00,,-17.906953664700925
2024-12-05 04:00:00,,-17.911957877000845
2024-12-05 05:00:00,,-17.910962089300757
2024-12-05 06:00:00,,-17.916966301600674
2024-12-05 07:00:00,,-17.92197051390059
2024-12-05 08:00:00,,-17.924974726200503
2024-12-05 09:00:00,,-17.92797893850042
2024-12-05 10:00:00,,-17.92998315080034
2024-12-05 11:00:00,,-17.930987363100254
2024-12-05 12:00:00,,-17.924991575400167
2024-12-05 13:00:00,,-17.921995787700084
2024-12-05 14:00:00,,-17.914
2024-12-05 14:15:00,,-17.91
