#Data Set Export - Water Elevation (AHD).Publish@RN014409,,
Latest telemetry data is sourced directly from logging devices and is unverified. No guarantee is made as to the accuracy or reliability of the data until it is approved. Use with caution.,,
Timestamp (UTC+09:30),Event Timestamp (UTC+09:30),Value (m)
2011-06-01 14:26:00,,544.42
2011-06-01 18:00:00,,544.425
2011-06-02 00:00:00,,544.436
2011-06-02 06:00:00,,544.445
2011-06-02 12:00:00,,544.407
2011-06-02 18:00:00,,544.418
2011-06-03 00:00:00,,544.428
2011-06-03 06:00:00,,544.432
2011-06-03 12:00:00,,544.392
2011-06-03 18:00:00,,544.4
2011-06-04 00:00:00,,544.421
2011-06-04 06:00:00,,544.418
2011-06-04 12:00:00,,544.382
2011-06-04 18:00:00,,544.405
2011-06-05 00:00:00,,544.401
2011-06-05 06:00:00,,544.422
2011-06-05 12:00:00,,544.379
2011-06-05 18:00:00,,544.394
2011-06-06 00:00:00,,544.415
2011-06-06 06:00:00,,544.411
2011-06-06 12:00:00,,544.386
2011-06-06 18:00:00,,544.392
2011-06-07 00:00:00,,544.402
2011-06-07 06:00:00,,544.41
2011-06-07 12:00:00,,544.401
2011-06-07 18:00:00,,544.412
2011-06-08 00:00:00,,544.407
2011-06-08 06:00:00,,544.428
2011-06-08 12:00:00,,544.428
2011-06-08 18:00:00,,544.438
2011-06-09 00:00:00,,544.434
2011-06-09 06:00:00,,544.444
2011-06-09 12:00:00,,544.437
2011-06-09 18:00:00,,544.437
2011-06-10 00:00:00,,544.455
2011-06-10 06:00:00,,544.462
2011-06-10 12:00:00,,544.448
2011-06-10 18:00:00,,544.451
2011-06-11 00:00:00,,544.471
2011-06-11 06:00:00,,544.486
2011-06-11 12:00:00,,544.46
2011-06-11 18:00:00,,544.47
2011-06-12 00:00:00,,544.487
2011-06-12 06:00:00,,544.488
2011-06-12 12:00:00,,544.462
2011-06-12 18:00:00,,544.46
2011-06-13 00:00:00,,544.421
2011-06-13 06:00:00,,544.438
2011-06-13 12:00:00,,544.419
2011-06-13 18:00:00,,544.44
2011-06-14 00:00:00,,544.428
2011-06-14 06:00:00,,544.44
2011-06-14 12:00:00,,544.408
2011-06-14 18:00:00,,544.453
2011-06-15 00:00:00,,544.416
2011-06-15 06:00:00,,544.44
2011-06-15 12:00:00,,544.414
2011-06-15 18:00:00,,544.448
2011-06-16 00:00:00,,544.438
2011-06-16 06:00:00,,544.435
2011-06-16 12:00:00,,544.416
2011-06-16 18:00:00,,544.453
2011-06-17 00:00:00,,544.434
2011-06-17 06:00:00,,544.444
2011-06-17 12:00:00,,544.421
2011-06-17 18:00:00,,544.452
2011-06-18 00:00:00,,544.424
2011-06-18 06:00:00,,544.439
2011-06-18 12:00:00,,544.42
2011-06-18 18:00:00,,544.474
2011-06-19 00:00:00,,544.443
2011-06-19 06:00:00,,544.442
2011-06-19 12:00:00,,544.429
2011-06-19 18:00:00,,544.461
2011-06-20 00:00:00,,544.438
2011-06-20 06:00:00,,544.442
2011-06-20 12:00:00,,544.425
2011-06-20 18:00:00,,544.468
2011-06-21 00:00:00,,544.444
2011-06-21 06:00:00,,544.438
2011-06-21 12:00:00,,544.43
2011-06-21 18:00:00,,544.47
2011-06-22 00:00:00,,544.44
2011-06-22 06:00:00,,544.439
2011-06-22 12:00:00,,544.43
2011-06-22 18:00:00,,544.459
2011-06-23 00:00:00,,544.436
2011-06-23 06:00:00,,544.442
2011-06-23 12:00:00,,544.439
2011-06-23 18:00:00,,544.464
2011-06-24 00:00:00,,544.441
2011-06-24 06:00:00,,544.456
2011-06-24 12:00:00,,544.43
2011-06-24 18:00:00,,544.473
2011-06-25 00:00:00,,544.439
2011-06-25 06:00:00,,544.443
2011-06-25 12:00:00,,544.436
2011-06-25 18:00:00,,544.464
2011-06-26 00:00:00,,544.443
2011-06-26 06:00:00,,544.459
2011-06-26 12:00:00,,544.442
2011-06-26 18:00:00,,544.475
2011-06-27 00:00:00,,544.443
2011-06-27 06:00:00,,544.451
2011-06-27 12:00:00,,544.436
2011-06-27 18:00:00,,544.468
2011-06-28 00:00:00,,544.44
2011-06-28 06:00:00,,544.465
2011-06-28 12:00:00,,544.438
2011-06-28 18:00:00,,544.477
2011-06-29 00:00:00,,544.455
2011-06-29 06:00:00,,544.463
2011-06-29 12:00:00,,544.435
2011-06-29 18:00:00,,544.471
2011-06-30 00:00:00,,544.449
2011-06-30 06:00:00,,544.454
2011-06-30 12:00:00,,544.435
2011-06-30 18:00:00,,544.485
2011-07-01 00:00:00,,544.461
2011-07-01 06:00:00,,544.471
2011-07-01 12:00:00,,544.442
2011-07-01 18:00:00,,544.475
2011-07-02 00:00:00,,544.461
2011-07-02 06:00:00,,544.475
2011-07-02 12:00:00,,544.456
2011-07-02 18:00:00,,544.49
2011-07-03 00:00:00,,544.459
2011-07-03 06:00:00,,544.472
2011-07-03 12:00:00,,544.443
2011-07-03 18:00:00,,544.475
2011-07-04 00:00:00,,544.446
2011-07-04 06:00:00,,544.45
2011-07-04 12:00:00,,544.439
2011-07-04 18:00:00,,544.482
2011-07-05 00:00:00,,544.448
2011-07-05 06:00:00,,544.459
2011-07-05 12:00:00,,544.44
2011-07-05 18:00:00,,544.489
2011-07-06 00:00:00,,544.454
2011-07-06 06:00:00,,544.475
2011-07-06 12:00:00,,544.452
2011-07-06 18:00:00,,544.479
2011-07-07 00:00:00,,544.448
2011-07-07 06:00:00,,544.452
2011-07-07 12:00:00,,544.449
2011-07-07 18:00:00,,544.471
2011-07-08 00:00:00,,544.454
2011-07-08 06:00:00,,544.457
2011-07-08 12:00:00,,544.441
2011-07-08 18:00:00,,544.483
2011-07-09 00:00:00,,544.464
2011-07-09 06:00:00,,544.463
2011-07-09 12:00:00,,544.451
2011-07-09 18:00:00,,544.483
2011-07-10 00:00:00,,544.457
2011-07-10 06:00:00,,544.47
2011-07-10 12:00:00,,544.454
2011-07-10 18:00:00,,544.493
2011-07-11 00:00:00,,544.47
2011-07-11 06:00:00,,544.473
2011-07-11 12:00:00,,544.462
2011-07-11 18:00:00,,544.492
2011-07-12 00:00:00,,544.46
2011-07-12 06:00:00,,544.472
2011-07-12 12:00:00,,544.47
2011-07-12 18:00:00,,544.498
2011-07-13 00:00:00,,544.478
2011-07-13 06:00:00,,544.474
2011-07-13 12:00:00,,544.465
2011-07-13 18:00:00,,544.483
2011-07-14 00:00:00,,544.464
2011-07-14 06:00:00,,544.474
2011-07-14 12:00:00,,544.453
2011-07-14 18:00:00,,544.486
2011-07-15 00:00:00,,544.457
2011-07-15 06:00:00,,544.472
2011-07-15 12:00:00,,544.456
2011-07-15 18:00:00,,544.49
2011-07-16 00:00:00,,544.47
2011-07-16 06:00:00,,544.488
2011-07-16 12:00:00,,544.471
2011-07-16 18:00:00,,544.495
2011-07-17 00:00:00,,544.466
2011-07-17 06:00:00,,544.47
2011-07-17 12:00:00,,544.459
2011-07-17 18:00:00,,544.503
2011-07-18 00:00:00,,544.463
2011-07-18 06:00:00,,544.476
2011-07-18 12:00:00,,544.457
2011-07-18 18:00:00,,544.504
2011-07-19 00:00:00,,544.462
2011-07-19 06:00:00,,544.472
2011-07-19 12:00:00,,544.462
2011-07-19 18:00:00,,544.508
2011-07-20 00:00:00,,544.477
2011-07-20 06:00:00,,544.485
2011-07-20 12:00:00,,544.472
2011-07-20 18:00:00,,544.5
2011-07-21 00:00:00,,544.48
2011-07-21 06:00:00,,544.484
2011-07-21 12:00:00,,544.473
2011-07-21 18:00:00,,544.502
2011-07-22 00:00:00,,544.482
2011-07-22 06:00:00,,544.482
2011-07-22 12:00:00,,544.468
2011-07-22 18:00:00,,544.512
2011-07-23 00:00:00,,544.476
2011-07-23 06:00:00,,544.487
2011-07-23 12:00:00,,544.463
2011-07-23 18:00:00,,544.509
2011-07-24 00:00:00,,544.474
2011-07-24 06:00:00,,544.487
2011-07-24 12:00:00,,544.466
2011-07-24 18:00:00,,544.507
2011-07-25 00:00:00,,544.475
2011-07-25 06:00:00,,544.495
2011-07-25 12:00:00,,544.467
2011-07-25 18:00:00,,544.511
2011-07-26 00:00:00,,544.473
2011-07-26 06:00:00,,544.492
2011-07-26 12:00:00,,544.462
2011-07-26 18:00:00,,544.503
2011-07-27 00:00:00,,544.474
2011-07-27 06:00:00,,544.48
2011-07-27 12:00:00,,544.462
2011-07-27 18:00:00,,544.514
2011-07-28 00:00:00,,544.477
2011-07-28 06:00:00,,544.497
2011-07-28 12:00:00,,544.482
2011-07-28 18:00:00,,544.508
2011-07-29 00:00:00,,544.494
2011-07-29 06:00:00,,544.504
2011-07-29 12:00:00,,544.471
2011-07-29 18:00:00,,544.521
2011-07-30 00:00:00,,544.486
2011-07-30 06:00:00,,544.493
2011-07-30 12:00:00,,544.469
2011-07-30 18:00:00,,544.509
2011-07-31 00:00:00,,544.488
2011-07-31 06:00:00,,544.492
2011-07-31 12:00:00,,544.474
2011-07-31 18:00:00,,544.507
2011-08-01 00:00:00,,544.477
2011-08-01 06:00:00,,544.488
2011-08-01 12:00:00,,544.476
2011-08-01 18:00:00,,544.51
2011-08-02 00:00:00,,544.492
2011-08-02 06:00:00,,544.498
2011-08-02 12:00:00,,544.468
2011-08-02 18:00:00,,544.525
2011-08-03 00:00:00,,544.498
2011-08-03 06:00:00,,544.5
2011-08-03 12:00:00,,544.487
2011-08-03 18:00:00,,544.526
2011-08-04 00:00:00,,544.498
2011-08-04 06:00:00,,544.497
2011-08-04 12:00:00,,544.483
2011-08-04 18:00:00,,544.527
2011-08-05 00:00:00,,544.5
2011-08-05 06:00:00,,544.497
2011-08-05 12:00:00,,544.487
2011-08-05 18:00:00,,544.509
2011-08-06 00:00:00,,544.494
2011-08-06 06:00:00,,544.501
2011-08-06 12:00:00,,544.477
2011-08-06 18:00:00,,544.514
2011-08-07 00:00:00,,544.493
2011-08-07 06:00:00,,544.504
2011-08-07 12:00:00,,544.476
2011-08-07 18:00:00,,544.509
2011-08-08 00:00:00,,544.492
2011-08-08 06:00:00,,544.509
2011-08-08 12:00:00,,544.495
2011-08-08 18:00:00,,544.519
2011-08-09 00:00:00,,544.499
2011-08-09 06:00:00,,544.506
2011-08-09 12:00:00,,544.502
2011-08-09 18:00:00,,544.542
2011-08-10 00:00:00,,544.512
2011-08-10 06:00:00,,544.516
2011-08-10 12:00:00,,544.486
2011-08-10 18:00:00,,544.528
2011-08-11 00:00:00,,544.492
2011-08-11 06:00:00,,544.499
2011-08-11 12:00:00,,544.485
2011-08-11 18:00:00,,544.528
2011-08-12 00:00:00,,544.488
2011-08-12 06:00:00,,544.513
2011-08-12 12:00:00,,544.491
2011-08-12 18:00:00,,544.534
2011-08-13 00:00:00,,544.491
2011-08-13 06:00:00,,544.508
2011-08-13 12:00:00,,544.482
2011-08-13 18:00:00,,544.518
2011-08-14 00:00:00,,544.499
2011-08-14 06:00:00,,544.501
2011-08-14 12:00:00,,544.486
2011-08-14 18:00:00,,544.531
2011-08-15 00:00:00,,544.499
2011-08-15 06:00:00,,544.514
2011-08-15 12:00:00,,544.5
2011-08-15 18:00:00,,544.546
2011-08-16 00:00:00,,544.516
2011-08-16 06:00:00,,544.528
2011-08-16 12:00:00,,544.513
2011-08-16 18:00:00,,544.553
2011-08-17 00:00:00,,544.516
2011-08-17 06:00:00,,544.497
2011-08-17 12:00:00,,544.479
2011-08-17 18:00:00,,544.514
2011-08-18 00:00:00,,544.483
2011-08-18 06:00:00,,544.504
2011-08-18 12:00:00,,544.473
2011-08-18 18:00:00,,544.514
2011-08-19 00:00:00,,544.492
2011-08-19 06:00:00,,544.505
2011-08-19 12:00:00,,544.496
2011-08-19 18:00:00,,544.528
2011-08-20 00:00:00,,544.507
2011-08-20 06:00:00,,544.496
2011-08-20 12:00:00,,544.494
2011-08-20 18:00:00,,544.534
2011-08-21 00:00:00,,544.509
2011-08-21 06:00:00,,544.514
2011-08-21 12:00:00,,544.492
2011-08-21 18:00:00,,544.521
2011-08-22 00:00:00,,544.508
2011-08-22 06:00:00,,544.512
2011-08-22 12:00:00,,544.495
2011-08-22 18:00:00,,544.528
2011-08-23 00:00:00,,544.5
2011-08-23 06:00:00,,544.514
2011-08-23 12:00:00,,544.508
2011-08-23 18:00:00,,544.529
2011-08-24 00:00:00,,544.52
2011-08-24 06:00:00,,544.522
2011-08-24 12:00:00,,544.499
2011-08-24 18:00:00,,544.546
2011-08-25 00:00:00,,544.524
2011-08-25 06:00:00,,544.528
2011-08-25 12:00:00,,544.502
2011-08-25 18:00:00,,544.536
2011-08-26 00:00:00,,544.524
2011-08-26 06:00:00,,544.531
2011-08-26 12:00:00,,544.503
2011-08-26 18:00:00,,544.543
2011-08-27 00:00:00,,544.506
2011-08-27 06:00:00,,544.515
2011-08-27 12:00:00,,544.496
2011-08-27 18:00:00,,544.548
2011-08-28 00:00:00,,544.504
2011-08-28 06:00:00,,544.528
2011-08-28 12:00:00,,544.497
2011-08-28 18:00:00,,544.543
2011-08-29 00:00:00,,544.514
2011-08-29 06:00:00,,544.525
2011-08-29 12:00:00,,544.496
2011-08-29 18:00:00,,544.54
2011-08-30 00:00:00,,544.517
2011-08-30 06:00:00,,544.535
2011-08-30 12:00:00,,544.495
2011-08-30 18:00:00,,544.539
2011-08-31 00:00:00,,544.526
2011-08-31 06:00:00,,544.521
2011-08-31 12:00:00,,544.514
2011-08-31 18:00:00,,544.547
2011-09-01 00:00:00,,544.514
2011-09-01 06:00:00,,544.523
2011-09-01 12:00:00,,544.509
2011-09-01 18:00:00,,544.546
2011-09-02 00:00:00,,544.521
2011-09-02 06:00:00,,544.534
2011-09-02 12:00:00,,544.508
2011-09-02 18:00:00,,544.546
2011-09-03 00:00:00,,544.534
2011-09-03 06:00:00,,544.539
2011-09-03 12:00:00,,544.512
2011-09-03 18:00:00,,544.543
2011-09-04 00:00:00,,544.529
2011-09-04 06:00:00,,544.533
2011-09-04 12:00:00,,544.505
2011-09-04 18:00:00,,544.542
2011-09-05 00:00:00,,544.52
2011-09-05 06:00:00,,544.519
2011-09-05 12:00:00,,544.513
2011-09-05 18:00:00,,544.544
2011-09-06 00:00:00,,544.525
2011-09-06 06:00:00,,544.53
2011-09-06 12:00:00,,544.518
2011-09-06 18:00:00,,544.551
2011-09-07 00:00:00,,544.524
2011-09-07 06:00:00,,544.538
2011-09-07 12:00:00,,544.532
2011-09-07 18:00:00,,544.544
2011-09-08 00:00:00,,544.53
2011-09-08 06:00:00,,544.54
2011-09-08 12:00:00,,544.512
2011-09-08 18:00:00,,544.543
2011-09-09 00:00:00,,544.509
2011-09-09 06:00:00,,544.517
2011-09-09 12:00:00,,544.501
2011-09-09 18:00:00,,544.542
2011-09-10 00:00:00,,544.512
2011-09-10 06:00:00,,544.519
2011-09-10 12:00:00,,544.505
2011-09-10 18:00:00,,544.554
2011-09-11 00:00:00,,544.527
2011-09-11 06:00:00,,544.53
2011-09-11 12:00:00,,544.516
2011-09-11 18:00:00,,544.551
2011-09-12 00:00:00,,544.516
2011-09-12 06:00:00,,544.54
2011-09-12 12:00:00,,544.514
2011-09-12 18:00:00,,544.549
2011-09-13 00:00:00,,544.517
2011-09-13 06:00:00,,544.534
2011-09-13 12:00:00,,544.514
2011-09-13 18:00:00,,544.565
2011-09-14 00:00:00,,544.536
2011-09-14 06:00:00,,544.533
2011-09-14 12:00:00,,544.523
2011-09-14 18:00:00,,544.557
2011-09-15 00:00:00,,544.533
2011-09-15 06:00:00,,544.543
2011-09-15 12:00:00,,544.531
2011-09-15 18:00:00,,544.567
2011-09-16 00:00:00,,544.531
2011-09-16 06:00:00,,544.551
2011-09-16 12:00:00,,544.536
2011-09-16 18:00:00,,544.567
2011-09-17 00:00:00,,544.544
2011-09-17 06:00:00,,544.553
2011-09-17 12:00:00,,544.543
2011-09-17 18:00:00,,544.576
2011-09-18 00:00:00,,544.542
2011-09-18 06:00:00,,544.542
2011-09-18 12:00:00,,544.533
2011-09-18 18:00:00,,544.576
2011-09-19 00:00:00,,544.545
2011-09-19 06:00:00,,544.554
2011-09-19 12:00:00,,544.532
2011-09-19 18:00:00,,544.566
2011-09-20 00:00:00,,544.536
2011-09-20 06:00:00,,544.539
2011-09-20 12:00:00,,544.524
2011-09-20 18:00:00,,544.556
2011-09-21 00:00:00,,544.531
2011-09-21 06:00:00,,544.532
2011-09-21 12:00:00,,544.525
2011-09-21 18:00:00,,544.569
2011-09-22 00:00:00,,544.541
2011-09-22 06:00:00,,544.551
2011-09-22 12:00:00,,544.536
2011-09-22 18:00:00,,544.565
2011-09-23 00:00:00,,544.541
2011-09-23 06:00:00,,544.55
2011-09-23 12:00:00,,544.534
2011-09-23 18:00:00,,544.561
2011-09-24 00:00:00,,544.538
2011-09-24 06:00:00,,544.554
2011-09-24 12:00:00,,544.531
2011-09-24 18:00:00,,544.568
2011-09-25 00:00:00,,544.54
2011-09-25 06:00:00,,544.547
2011-09-25 12:00:00,,544.54
2011-09-25 18:00:00,,544.571
2011-09-26 00:00:00,,544.545
2011-09-26 06:00:00,,544.556
2011-09-26 12:00:00,,544.545
2011-09-26 18:00:00,,544.577
2011-09-27 00:00:00,,544.558
2011-09-27 06:00:00,,544.563
2011-09-27 12:00:00,,544.545
2011-09-27 18:00:00,,544.585
2011-09-28 00:00:00,,544.545
2011-09-28 06:00:00,,544.561
2011-09-28 12:00:00,,544.549
2011-09-28 18:00:00,,544.576
2011-09-29 00:00:00,,544.526
2011-09-29 06:00:00,,544.533
2011-09-29 12:00:00,,544.526
2011-09-29 18:00:00,,544.581
2011-09-30 00:00:00,,544.544
2011-09-30 06:00:00,,544.553
2011-09-30 12:00:00,,544.542
2011-09-30 18:00:00,,544.574
2011-10-01 00:00:00,,544.547
2011-10-01 06:00:00,,544.554
2011-10-01 12:00:00,,544.542
2011-10-01 18:00:00,,544.577
2011-10-02 00:00:00,,544.549
2011-10-02 06:00:00,,544.556
2011-10-02 12:00:00,,544.528
2011-10-02 18:00:00,,544.572
2011-10-03 00:00:00,,544.547
2011-10-03 06:00:00,,544.565
2011-10-03 12:00:00,,544.546
2011-10-03 18:00:00,,544.585
2011-10-04 00:00:00,,544.561
2011-10-04 06:00:00,,544.562
2011-10-04 12:00:00,,544.552
2011-10-04 18:00:00,,544.579
2011-10-05 00:00:00,,544.549
2011-10-05 06:00:00,,544.564
2011-10-05 12:00:00,,544.552
2011-10-05 18:00:00,,544.573
2011-10-06 00:00:00,,544.551
2011-10-06 06:00:00,,544.555
2011-10-06 12:00:00,,544.552
2011-10-06 18:00:00,,544.586
2011-10-07 00:00:00,,544.563
2011-10-07 06:00:00,,544.566
2011-10-07 12:00:00,,544.543
2011-10-07 18:00:00,,544.594
2011-10-08 00:00:00,,544.547
2011-10-08 06:00:00,,544.562
2011-10-08 12:00:00,,544.539
2011-10-08 18:00:00,,544.592
2011-10-09 00:00:00,,544.552
2011-10-09 06:00:00,,544.563
2011-10-09 12:00:00,,544.562
2011-10-09 18:00:00,,544.589
2011-10-10 00:00:00,,544.574
2011-10-10 06:00:00,,544.582
2011-10-10 12:00:00,,544.561
2011-10-10 18:00:00,,544.582
2011-10-11 00:00:00,,544.545
2011-10-11 06:00:00,,544.563
2011-10-11 12:00:00,,544.549
2011-10-11 18:00:00,,544.596
2011-10-12 00:00:00,,544.562
2011-10-12 06:00:00,,544.572
2011-10-12 12:00:00,,544.551
2011-10-12 18:00:00,,544.6
2011-10-13 00:00:00,,544.573
2011-10-13 06:00:00,,544.574
2011-10-13 12:00:00,,544.564
2011-10-13 18:00:00,,544.603
2011-10-14 00:00:00,,544.561
2011-10-14 06:00:00,,544.566
2011-10-14 12:00:00,,544.559
2011-10-14 18:00:00,,544.582
2011-10-15 00:00:00,,544.546
2011-10-15 06:00:00,,544.55
2011-10-15 12:00:00,,544.536
2011-10-15 18:00:00,,544.576
2011-10-16 00:00:00,,544.538
2011-10-16 06:00:00,,544.555
2011-10-16 12:00:00,,544.556
2011-10-16 18:00:00,,544.581
2011-10-17 00:00:00,,544.558
2011-10-17 06:00:00,,544.55
2011-10-17 12:00:00,,544.551
2011-10-17 18:00:00,,544.584
2011-10-18 00:00:00,,544.567
2011-10-18 06:00:00,,544.566
2011-10-18 12:00:00,,544.554
2011-10-18 18:00:00,,544.588
2011-10-19 00:00:00,,544.568
2011-10-19 06:00:00,,544.566
2011-10-19 12:00:00,,544.573
2011-10-19 18:00:00,,544.588
2011-10-20 00:00:00,,544.562
2011-10-20 06:00:00,,544.566
2011-10-20 12:00:00,,544.568
2011-10-20 18:00:00,,544.604
2011-10-21 00:00:00,,544.577
2011-10-21 06:00:00,,544.598
2011-10-21 12:00:00,,544.579
2011-10-21 18:00:00,,544.583
2011-10-22 00:00:00,,544.587
2011-10-22 06:00:00,,544.595
2011-10-22 12:00:00,,544.569
2011-10-22 18:00:00,,544.569
2011-10-23 00:00:00,,544.574
2011-10-23 06:00:00,,544.576
2011-10-23 12:00:00,,544.551
2011-10-23 18:00:00,,544.547
2011-10-24 00:00:00,,544.563
2011-10-24 06:00:00,,544.572
2011-10-24 12:00:00,,544.556
2011-10-24 18:00:00,,544.557
2011-10-25 00:00:00,,544.575
2011-10-25 06:00:00,,544.576
2011-10-25 12:00:00,,544.559
2011-10-25 18:00:00,,544.562
2011-10-26 00:00:00,,544.586
2011-10-26 06:00:00,,544.59
2011-10-26 12:00:00,,544.56
2011-10-26 18:00:00,,544.564
2011-10-27 00:00:00,,544.581
2011-10-27 06:00:00,,544.595
2011-10-27 12:00:00,,544.568
2011-10-27 18:00:00,,544.608
2011-10-28 00:00:00,,544.579
2011-10-28 06:00:00,,544.586
2011-10-28 12:00:00,,544.56
2011-10-28 18:00:00,,544.608
2011-10-29 00:00:00,,544.581
2011-10-29 06:00:00,,544.58
2011-10-29 12:00:00,,544.571
2011-10-29 18:00:00,,544.608
2011-10-30 00:00:00,,544.567
2011-10-30 06:00:00,,544.577
2011-10-30 12:00:00,,544.579
2011-10-30 18:00:00,,544.598
2011-10-31 00:00:00,,544.569
2011-10-31 06:00:00,,544.575
2011-10-31 12:00:00,,544.573
2011-10-31 18:00:00,,544.577
2011-11-01 00:00:00,,544.579
2011-11-01 06:00:00,,544.593
2011-11-01 12:00:00,,544.576
2011-11-01 18:00:00,,544.593
2011-11-02 00:00:00,,544.582
2011-11-02 06:00:00,,544.591
2011-11-02 12:00:00,,544.577
2011-11-02 18:00:00,,544.607
2011-11-03 00:00:00,,544.575
2011-11-03 06:00:00,,544.594
2011-11-03 12:00:00,,544.584
2011-11-03 18:00:00,,544.593
2011-11-04 00:00:00,,544.584
2011-11-04 06:00:00,,544.595
2011-11-04 12:00:00,,544.589
2011-11-04 18:00:00,,544.62
2011-11-05 00:00:00,,544.591
2011-11-05 06:00:00,,544.595
2011-11-05 12:00:00,,544.574
2011-11-05 18:00:00,,544.619
2011-11-06 00:00:00,,544.586
2011-11-06 06:00:00,,544.597
2011-11-06 12:00:00,,544.579
2011-11-06 18:00:00,,544.606
2011-11-07 00:00:00,,544.579
2011-11-07 06:00:00,,544.599
2011-11-07 12:00:00,,544.571
2011-11-07 18:00:00,,544.621
2011-11-08 00:00:00,,544.589
2011-11-08 06:00:00,,544.592
2011-11-08 12:00:00,,544.578
2011-11-08 18:00:00,,544.606
2011-11-09 00:00:00,,544.563
2011-11-09 06:00:00,,544.586
2011-11-09 12:00:00,,544.58
2011-11-09 18:00:00,,544.609
2011-11-10 00:00:00,,544.576
2011-11-10 06:00:00,,544.585
2011-11-10 12:00:00,,544.568
2011-11-10 18:00:00,,544.612
2011-11-11 00:00:00,,544.563
2011-11-11 06:00:00,,544.581
2011-11-11 12:00:00,,544.558
2011-11-11 18:00:00,,544.61
2011-11-12 00:00:00,,544.588
2011-11-12 06:00:00,,544.596
2011-11-12 12:00:00,,544.58
2011-11-12 18:00:00,,544.621
2011-11-13 00:00:00,,544.591
2011-11-13 06:00:00,,544.607
2011-11-13 12:00:00,,544.572
2011-11-13 18:00:00,,544.602
2011-11-14 00:00:00,,544.597
2011-11-14 06:00:00,,544.601
2011-11-14 12:00:00,,544.58
2011-11-14 18:00:00,,544.606
2011-11-15 00:00:00,,544.581
2011-11-15 06:00:00,,544.598
2011-11-15 12:00:00,,544.585
2011-11-15 18:00:00,,544.619
2011-11-16 00:00:00,,544.576
2011-11-16 06:00:00,,544.594
2011-11-16 12:00:00,,544.58
2011-11-16 18:00:00,,544.607
2011-11-17 00:00:00,,544.582
2011-11-17 06:00:00,,544.598
2011-11-17 12:00:00,,544.576
2011-11-17 18:00:00,,544.626
2011-11-18 00:00:00,,544.632
2011-11-18 06:00:00,,544.61
2011-11-18 12:00:00,,544.576
2011-11-18 18:00:00,,544.608
2011-11-19 00:00:00,,544.597
2011-11-19 06:00:00,,544.607
2011-11-19 12:00:00,,544.618
2011-11-19 18:00:00,,544.601
2011-11-20 00:00:00,,544.6
2011-11-20 06:00:00,,544.596
2011-11-20 12:00:00,,544.604
2011-11-20 18:00:00,,544.603
2011-11-21 00:00:00,,544.598
2011-11-21 06:00:00,,544.608
2011-11-21 12:00:00,,544.585
2011-11-21 18:00:00,,544.603
2011-11-22 00:00:00,,544.612
2011-11-22 06:00:00,,544.614
2011-11-22 12:00:00,,544.586
2011-11-22 18:00:00,,544.607
2011-11-23 00:00:00,,544.596
2011-11-23 06:00:00,,544.592
2011-11-23 12:00:00,,544.579
2011-11-23 18:00:00,,544.598
2011-11-24 00:00:00,,544.582
2011-11-24 06:00:00,,544.595
2011-11-24 12:00:00,,544.569
2011-11-24 18:00:00,,544.603
2011-11-25 00:00:00,,544.597
2011-11-25 06:00:00,,544.592
2011-11-25 12:00:00,,544.567
2011-11-25 18:00:00,,544.608
2011-11-26 00:00:00,,544.604
2011-11-26 06:00:00,,544.607
2011-11-26 12:00:00,,544.579
2011-11-26 18:00:00,,544.612
2011-11-27 00:00:00,,544.602
2011-11-27 06:00:00,,544.602
2011-11-27 12:00:00,,544.578
2011-11-27 18:00:00,,544.625
2011-11-28 00:00:00,,544.614
2011-11-28 06:00:00,,544.602
2011-11-28 12:00:00,,544.586
2011-11-28 18:00:00,,544.617
2011-11-29 00:00:00,,544.621
2011-11-29 06:00:00,,544.607
2011-11-29 12:00:00,,544.594
2011-11-29 18:00:00,,544.624
2011-11-30 00:00:00,,544.612
2011-11-30 06:00:00,,544.608
2011-11-30 12:00:00,,544.587
2011-11-30 18:00:00,,544.604
2011-12-01 00:00:00,,544.599
2011-12-01 06:00:00,,544.602
2011-12-01 12:00:00,,544.584
2011-12-01 18:00:00,,544.611
2011-12-02 00:00:00,,544.607
2011-12-02 06:00:00,,544.605
2011-12-02 12:00:00,,544.594
2011-12-02 18:00:00,,544.615
2011-12-03 00:00:00,,544.614
2011-12-03 06:00:00,,544.616
2011-12-03 12:00:00,,544.597
2011-12-03 18:00:00,,544.611
2011-12-04 00:00:00,,544.605
2011-12-04 06:00:00,,544.612
2011-12-04 12:00:00,,544.59
2011-12-04 18:00:00,,544.624
2011-12-05 00:00:00,,544.616
2011-12-05 06:00:00,,544.621
2011-12-05 12:00:00,,544.604
2011-12-05 18:00:00,,544.621
2011-12-06 00:00:00,,544.611
2011-12-06 06:00:00,,544.608
2011-12-06 12:00:00,,544.592
2011-12-06 18:00:00,,544.628
2011-12-07 00:00:00,,544.611
2011-12-07 06:00:00,,544.608
2011-12-07 12:00:00,,544.593
2011-12-07 18:00:00,,544.635
2011-12-08 00:00:00,,544.625
2011-12-08 06:00:00,,544.626
2011-12-08 12:00:00,,544.605
2011-12-08 18:00:00,,544.635
2011-12-09 00:00:00,,544.627
2011-12-09 06:00:00,,544.619
2011-12-09 12:00:00,,544.595
2011-12-09 18:00:00,,544.636
2011-12-10 00:00:00,,544.622
2011-12-10 06:00:00,,544.613
2011-12-10 12:00:00,,544.588
2011-12-10 18:00:00,,544.627
2011-12-11 00:00:00,,544.615
2011-12-11 06:00:00,,544.611
2011-12-11 12:00:00,,544.598
2011-12-11 18:00:00,,544.622
2011-12-12 00:00:00,,544.609
2011-12-12 06:00:00,,544.615
2011-12-12 12:00:00,,544.586
2011-12-12 18:00:00,,544.637
2011-12-13 00:00:00,,544.613
2011-12-13 06:00:00,,544.604
2011-12-13 12:00:00,,544.596
2011-12-13 18:00:00,,544.622
2011-12-14 00:00:00,,544.61
2011-12-14 06:00:00,,544.623
2011-12-14 12:00:00,,544.602
2011-12-14 18:00:00,,544.624
2011-12-15 00:00:00,,544.614
2011-12-15 06:00:00,,544.619
2011-12-15 12:00:00,,544.611
2011-12-15 18:00:00,,544.628
2011-12-16 00:00:00,,544.626
2011-12-16 06:00:00,,544.629
2011-12-16 12:00:00,,544.623
2011-12-16 18:00:00,,544.636
2011-12-17 00:00:00,,544.618
2011-12-17 06:00:00,,544.618
2011-12-17 12:00:00,,544.609
2011-12-17 18:00:00,,544.632
2011-12-18 00:00:00,,544.607
2011-12-18 06:00:00,,544.621
2011-12-18 12:00:00,,544.606
2011-12-18 18:00:00,,544.632
2011-12-19 00:00:00,,544.643
2011-12-19 06:00:00,,544.66
2011-12-19 12:00:00,,544.621
2011-12-19 18:00:00,,544.632
2011-12-20 00:00:00,,544.625
2011-12-20 06:00:00,,544.614
2011-12-20 12:00:00,,544.601
2011-12-20 18:00:00,,544.641
2011-12-21 00:00:00,,544.619
2011-12-21 06:00:00,,544.631
2011-12-21 12:00:00,,544.607
2011-12-21 18:00:00,,544.632
2011-12-22 00:00:00,,544.618
2011-12-22 06:00:00,,544.635
2011-12-22 12:00:00,,544.601
2011-12-22 18:00:00,,544.633
2011-12-23 00:00:00,,544.62
2011-12-23 06:00:00,,544.636
2011-12-23 12:00:00,,544.601
2011-12-23 18:00:00,,544.633
2011-12-24 00:00:00,,544.633
2011-12-24 06:00:00,,544.619
2011-12-24 12:00:00,,544.606
2011-12-24 18:00:00,,544.641
2011-12-25 00:00:00,,544.625
2011-12-25 06:00:00,,544.63
2011-12-25 12:00:00,,544.616
2011-12-25 18:00:00,,544.633
2011-12-26 00:00:00,,544.639
2011-12-26 06:00:00,,544.641
2011-12-26 12:00:00,,544.599
2011-12-26 18:00:00,,544.637
2011-12-27 00:00:00,,544.615
2011-12-27 06:00:00,,544.62
2011-12-27 12:00:00,,544.609
2011-12-27 18:00:00,,544.652
2011-12-28 00:00:00,,544.632
2011-12-28 06:00:00,,544.631
2011-12-28 12:00:00,,544.61
2011-12-28 18:00:00,,544.632
2011-12-29 00:00:00,,544.631
2011-12-29 06:00:00,,544.625
2011-12-29 12:00:00,,544.607
2011-12-29 18:00:00,,544.639
2011-12-30 00:00:00,,544.636
2011-12-30 06:00:00,,544.627
2011-12-30 12:00:00,,544.609
2011-12-30 18:00:00,,544.644
2011-12-31 00:00:00,,544.634
2011-12-31 06:00:00,,544.638
2011-12-31 12:00:00,,544.609
2011-12-31 18:00:00,,544.64
2012-01-01 00:00:00,,544.631
2012-01-01 06:00:00,,544.636
2012-01-01 12:00:00,,544.606
2012-01-01 18:00:00,,544.638
2012-01-02 00:00:00,,544.641
2012-01-02 06:00:00,,544.64
2012-01-02 12:00:00,,544.614
2012-01-02 18:00:00,,544.637
2012-01-03 00:00:00,,544.639
2012-01-03 06:00:00,,544.63
2012-01-03 12:00:00,,544.612
2012-01-03 18:00:00,,544.653
2012-01-04 00:00:00,,544.622
2012-01-04 06:00:00,,544.632
2012-01-04 12:00:00,,544.614
2012-01-04 18:00:00,,544.652
2012-01-05 00:00:00,,544.638
2012-01-05 06:00:00,,544.636
2012-01-05 12:00:00,,544.605
2012-01-05 18:00:00,,544.653
2012-01-06 00:00:00,,544.626
2012-01-06 06:00:00,,544.637
2012-01-06 12:00:00,,544.61
2012-01-06 18:00:00,,544.652
2012-01-07 00:00:00,,544.643
2012-01-07 06:00:00,,544.634
2012-01-07 12:00:00,,544.607
2012-01-07 18:00:00,,544.648
2012-01-08 00:00:00,,544.639
2012-01-08 06:00:00,,544.634
2012-01-08 12:00:00,,544.603
2012-01-08 18:00:00,,544.631
2012-01-09 00:00:00,,544.636
2012-01-09 06:00:00,,544.637
2012-01-09 12:00:00,,544.617
2012-01-09 18:00:00,,544.641
2012-01-10 00:00:00,,544.628
2012-01-10 06:00:00,,544.637
2012-01-10 12:00:00,,544.605
2012-01-10 18:00:00,,544.638
2012-01-11 00:00:00,,544.633
2012-01-11 06:00:00,,544.642
2012-01-11 12:00:00,,544.603
2012-01-11 18:00:00,,544.647
2012-01-12 00:00:00,,544.639
2012-01-12 06:00:00,,544.631
2012-01-12 12:00:00,,544.622
2012-01-12 18:00:00,,544.652
2012-01-13 00:00:00,,544.647
2012-01-13 06:00:00,,544.644
2012-01-13 12:00:00,,544.624
2012-01-13 18:00:00,,544.653
2012-01-14 00:00:00,,544.649
2012-01-14 06:00:00,,544.633
2012-01-14 12:00:00,,544.618
2012-01-14 18:00:00,,544.657
2012-01-15 00:00:00,,544.649
2012-01-15 06:00:00,,544.647
2012-01-15 12:00:00,,544.622
2012-01-15 18:00:00,,544.644
2012-01-16 00:00:00,,544.634
2012-01-16 06:00:00,,544.644
2012-01-16 12:00:00,,544.626
2012-01-16 18:00:00,,544.647
2012-01-17 00:00:00,,544.653
2012-01-17 06:00:00,,544.632
2012-01-17 12:00:00,,544.614
2012-01-17 18:00:00,,544.641
2012-01-18 00:00:00,,544.633
2012-01-18 06:00:00,,544.647
2012-01-18 12:00:00,,544.623
2012-01-18 18:00:00,,544.645
2012-01-19 00:00:00,,544.647
2012-01-19 06:00:00,,544.64
2012-01-19 12:00:00,,544.621
2012-01-19 18:00:00,,544.659
2012-01-20 00:00:00,,544.651
2012-01-20 06:00:00,,544.647
2012-01-20 12:00:00,,544.619
2012-01-20 18:00:00,,544.661
2012-01-21 00:00:00,,544.653
2012-01-21 06:00:00,,544.643
2012-01-21 12:00:00,,544.621
2012-01-21 18:00:00,,544.66
2012-01-22 00:00:00,,544.638
2012-01-22 06:00:00,,544.648
2012-01-22 12:00:00,,544.612
2012-01-22 18:00:00,,544.661
2012-01-23 00:00:00,,544.651
2012-01-23 06:00:00,,544.654
2012-01-23 12:00:00,,544.63
2012-01-23 18:00:00,,544.655
2012-01-24 00:00:00,,544.644
2012-01-24 06:00:00,,544.657
2012-01-24 12:00:00,,544.625
2012-01-24 18:00:00,,544.652
2012-01-25 00:00:00,,544.637
2012-01-25 06:00:00,,544.653
2012-01-25 12:00:00,,544.635
2012-01-25 18:00:00,,544.666
2012-01-26 00:00:00,,544.651
2012-01-26 06:00:00,,544.653
2012-01-26 12:00:00,,544.633
2012-01-26 18:00:00,,544.656
2012-01-27 00:00:00,,544.654
2012-01-27 06:00:00,,544.645
2012-01-27 12:00:00,,544.634
2012-01-27 18:00:00,,544.659
2012-01-28 00:00:00,,544.645
2012-01-28 06:00:00,,544.659
2012-01-28 12:00:00,,544.637
2012-01-28 18:00:00,,544.669
2012-01-29 00:00:00,,544.647
2012-01-29 06:00:00,,544.65
2012-01-29 12:00:00,,544.634
2012-01-29 18:00:00,,544.656
2012-01-30 00:00:00,,544.661
2012-01-30 06:00:00,,544.653
2012-01-30 12:00:00,,544.619
2012-01-30 18:00:00,,544.658
2012-01-31 00:00:00,,544.65
2012-01-31 06:00:00,,544.633
2012-01-31 12:00:00,,544.606
2012-01-31 18:00:00,,544.653
2012-02-01 00:00:00,,544.639
2012-02-01 06:00:00,,544.64
2012-02-01 12:00:00,,544.613
2012-02-01 18:00:00,,544.647
2012-02-02 00:00:00,,544.654
2012-02-02 06:00:00,,544.64
2012-02-02 12:00:00,,544.626
2012-02-02 18:00:00,,544.664
2012-02-03 00:00:00,,544.657
2012-02-03 06:00:00,,544.657
2012-02-03 12:00:00,,544.628
2012-02-03 18:00:00,,544.653
2012-02-04 00:00:00,,544.648
2012-02-04 06:00:00,,544.656
2012-02-04 12:00:00,,544.62
2012-02-04 18:00:00,,544.659
2012-02-05 00:00:00,,544.652
2012-02-05 06:00:00,,544.661
2012-02-05 12:00:00,,544.632
2012-02-05 18:00:00,,544.644
2012-02-06 00:00:00,,544.631
2012-02-06 06:00:00,,544.641
2012-02-06 12:00:00,,544.618
2012-02-06 18:00:00,,544.654
2012-02-07 00:00:00,,544.641
2012-02-07 06:00:00,,544.632
2012-02-07 12:00:00,,544.605
2012-02-07 18:00:00,,544.65
2012-02-08 00:00:00,,544.64
2012-02-08 06:00:00,,544.64
2012-02-08 12:00:00,,544.602
2012-02-08 18:00:00,,544.654
2012-02-09 00:00:00,,544.647
2012-02-09 06:00:00,,544.636
2012-02-09 12:00:00,,544.619
2012-02-09 18:00:00,,544.659
2012-02-10 00:00:00,,544.64
2012-02-10 06:00:00,,544.644
2012-02-10 12:00:00,,544.61
2012-02-10 18:00:00,,544.643
2012-02-11 00:00:00,,544.646
2012-02-11 06:00:00,,544.644
2012-02-11 12:00:00,,544.621
2012-02-11 18:00:00,,544.655
2012-02-12 00:00:00,,544.638
2012-02-12 06:00:00,,544.643
2012-02-12 12:00:00,,544.618
2012-02-12 18:00:00,,544.65
2012-02-13 00:00:00,,544.636
2012-02-13 06:00:00,,544.64
2012-02-13 12:00:00,,544.621
2012-02-13 18:00:00,,544.655
2012-02-14 00:00:00,,544.644
2012-02-14 06:00:00,,544.644
2012-02-14 12:00:00,,544.627
2012-02-14 18:00:00,,544.664
2012-02-15 00:00:00,,544.656
2012-02-15 06:00:00,,544.653
2012-02-15 12:00:00,,544.621
2012-02-15 18:00:00,,544.663
2012-02-16 00:00:00,,544.654
2012-02-16 06:00:00,,544.65
2012-02-16 12:00:00,,544.621
2012-02-16 18:00:00,,544.662
2012-02-17 00:00:00,,544.642
2012-02-17 06:00:00,,544.652
2012-02-17 12:00:00,,544.624
2012-02-17 18:00:00,,544.663
2012-02-18 00:00:00,,544.647
2012-02-18 06:00:00,,544.645
2012-02-18 12:00:00,,544.614
2012-02-18 18:00:00,,544.65
2012-02-19 00:00:00,,544.639
2012-02-19 06:00:00,,544.648
2012-02-19 12:00:00,,544.62
2012-02-19 18:00:00,,544.651
2012-02-20 00:00:00,,544.645
2012-02-20 06:00:00,,544.654
2012-02-20 12:00:00,,544.625
2012-02-20 18:00:00,,544.661
2012-02-21 00:00:00,,544.665
2012-02-21 06:00:00,,544.643
2012-02-21 12:00:00,,544.622
2012-02-21 18:00:00,,544.668
2012-02-22 00:00:00,,544.66
2012-02-22 06:00:00,,544.681
2012-02-22 12:00:00,,544.647
2012-02-22 18:00:00,,544.658
2012-02-23 00:00:00,,544.642
2012-02-23 06:00:00,,544.638
2012-02-23 12:00:00,,544.623
2012-02-23 18:00:00,,544.647
2012-02-24 00:00:00,,544.638
2012-02-24 06:00:00,,544.641
2012-02-24 12:00:00,,544.629
2012-02-24 18:00:00,,544.665
2012-02-25 00:00:00,,544.653
2012-02-25 06:00:00,,544.642
2012-02-25 12:00:00,,544.635
2012-02-25 18:00:00,,544.666
2012-02-26 00:00:00,,544.651
2012-02-26 06:00:00,,544.651
2012-02-26 12:00:00,,544.636
2012-02-26 18:00:00,,544.656
2012-02-27 00:00:00,,544.657
2012-02-27 06:00:00,,544.658
2012-02-27 12:00:00,,544.668
2012-02-27 18:00:00,,544.65
2012-02-28 00:00:00,,544.655
2012-02-28 06:00:00,,544.651
2012-02-28 12:00:00,,544.643
2012-02-28 18:00:00,,544.661
2012-02-29 00:00:00,,544.671
2012-02-29 06:00:00,,544.692
2012-02-29 12:00:00,,544.675
2012-02-29 18:00:00,,544.676
2012-03-01 00:00:00,,544.65
2012-03-01 06:00:00,,544.656
2012-03-01 12:00:00,,544.641
2012-03-01 18:00:00,,544.663
2012-03-02 00:00:00,,544.656
2012-03-02 06:00:00,,544.671
2012-03-02 12:00:00,,544.665
2012-03-02 18:00:00,,544.657
2012-03-03 00:00:00,,544.652
2012-03-03 06:00:00,,544.643
2012-03-03 12:00:00,,544.64
2012-03-03 18:00:00,,544.659
2012-03-04 00:00:00,,544.629
2012-03-04 06:00:00,,544.648
2012-03-04 12:00:00,,544.634
2012-03-04 18:00:00,,544.655
2012-03-05 00:00:00,,544.637
2012-03-05 06:00:00,,544.648
2012-03-05 12:00:00,,544.615
2012-03-05 18:00:00,,544.657
2012-03-06 00:00:00,,544.646
2012-03-06 06:00:00,,544.652
2012-03-06 12:00:00,,544.624
2012-03-06 18:00:00,,544.659
2012-03-07 00:00:00,,544.645
2012-03-07 06:00:00,,544.643
2012-03-07 12:00:00,,544.624
2012-03-07 18:00:00,,544.671
2012-03-08 00:00:00,,544.656
2012-03-08 06:00:00,,544.658
2012-03-08 12:00:00,,544.633
2012-03-08 18:00:00,,544.671
2012-03-09 00:00:00,,544.653
2012-03-09 06:00:00,,544.655
2012-03-09 12:00:00,,544.631
2012-03-09 18:00:00,,544.654
2012-03-10 00:00:00,,544.645
2012-03-10 06:00:00,,544.654
2012-03-10 12:00:00,,544.63
2012-03-10 18:00:00,,544.665
2012-03-11 00:00:00,,544.654
2012-03-11 06:00:00,,544.656
2012-03-11 12:00:00,,544.635
2012-03-11 18:00:00,,544.657
2012-03-12 00:00:00,,544.64
2012-03-12 06:00:00,,544.652
2012-03-12 12:00:00,,544.626
2012-03-12 18:00:00,,544.665
2012-03-13 00:00:00,,544.652
2012-03-13 06:00:00,,544.658
2012-03-13 12:00:00,,544.642
2012-03-13 18:00:00,,544.674
2012-03-14 00:00:00,,544.65
2012-03-14 06:00:00,,544.652
2012-03-14 12:00:00,,544.646
2012-03-14 18:00:00,,544.676
2012-03-15 00:00:00,,544.669
2012-03-15 06:00:00,,544.655
2012-03-15 12:00:00,,544.651
2012-03-15 18:00:00,,544.667
2012-03-16 00:00:00,,544.667
2012-03-16 06:00:00,,544.656
2012-03-16 12:00:00,,544.651
2012-03-16 18:00:00,,544.671
2012-03-17 00:00:00,,544.648
2012-03-17 06:00:00,,544.658
2012-03-17 12:00:00,,544.636
2012-03-17 18:00:00,,544.66
2012-03-18 00:00:00,,544.646
2012-03-18 06:00:00,,544.657
2012-03-18 12:00:00,,544.645
2012-03-18 18:00:00,,544.657
2012-03-19 00:00:00,,544.648
2012-03-19 06:00:00,,544.655
2012-03-19 12:00:00,,544.635
2012-03-19 18:00:00,,544.667
2012-03-20 00:00:00,,544.65
2012-03-20 06:00:00,,544.669
2012-03-20 12:00:00,,544.637
2012-03-20 18:00:00,,544.679
2012-03-21 00:00:00,,544.661
2012-03-21 06:00:00,,544.65
2012-03-21 12:00:00,,544.633
2012-03-21 18:00:00,,544.658
2012-03-22 00:00:00,,544.64
2012-03-22 06:00:00,,544.653
2012-03-22 12:00:00,,544.628
2012-03-22 18:00:00,,544.664
2012-03-23 00:00:00,,544.642
2012-03-23 06:00:00,,544.646
2012-03-23 12:00:00,,544.619
2012-03-23 18:00:00,,544.657
2012-03-24 00:00:00,,544.632
2012-03-24 06:00:00,,544.647
2012-03-24 12:00:00,,544.629
2012-03-24 18:00:00,,544.664
2012-03-25 00:00:00,,544.641
2012-03-25 06:00:00,,544.638
2012-03-25 12:00:00,,544.628
2012-03-25 18:00:00,,544.652
2012-03-26 00:00:00,,544.638
2012-03-26 06:00:00,,544.652
2012-03-26 12:00:00,,544.618
2012-03-26 18:00:00,,544.663
2012-03-27 00:00:00,,544.638
2012-03-27 06:00:00,,544.641
2012-03-27 12:00:00,,544.627
2012-03-27 18:00:00,,544.663
2012-03-28 00:00:00,,544.642
2012-03-28 06:00:00,,544.64
2012-03-28 12:00:00,,544.629
2012-03-28 18:00:00,,544.656
2012-03-29 00:00:00,,544.646
2012-03-29 06:00:00,,544.652
2012-03-29 12:00:00,,544.629
2012-03-29 18:00:00,,544.652
2012-03-30 00:00:00,,544.649
2012-03-30 06:00:00,,544.652
2012-03-30 12:00:00,,544.615
2012-03-30 18:00:00,,544.663
2012-03-31 00:00:00,,544.639
2012-03-31 06:00:00,,544.651
2012-03-31 12:00:00,,544.617
2012-03-31 18:00:00,,544.661
2012-04-01 00:00:00,,544.638
2012-04-01 06:00:00,,544.641
2012-04-01 12:00:00,,544.624
2012-04-01 18:00:00,,544.665
2012-04-02 00:00:00,,544.65
2012-04-02 06:00:00,,544.638
2012-04-02 12:00:00,,544.613
2012-04-02 18:00:00,,544.648
2012-04-03 00:00:00,,544.637
2012-04-03 06:00:00,,544.641
2012-04-03 12:00:00,,544.61
2012-04-03 18:00:00,,544.649
2012-04-04 00:00:00,,544.638
2012-04-04 06:00:00,,544.648
2012-04-04 12:00:00,,544.614
2012-04-04 18:00:00,,544.66
2012-04-05 00:00:00,,544.647
2012-04-05 06:00:00,,544.646
2012-04-05 12:00:00,,544.616
2012-04-05 18:00:00,,544.667
2012-04-06 00:00:00,,544.638
2012-04-06 06:00:00,,544.646
2012-04-06 12:00:00,,544.616
2012-04-06 18:00:00,,544.66
2012-04-07 00:00:00,,544.631
2012-04-07 06:00:00,,544.641
2012-04-07 12:00:00,,544.626
2012-04-07 18:00:00,,544.652
2012-04-08 00:00:00,,544.649
2012-04-08 06:00:00,,544.655
2012-04-08 12:00:00,,544.623
2012-04-08 18:00:00,,544.654
2012-04-09 00:00:00,,544.641
2012-04-09 06:00:00,,544.646
2012-04-09 12:00:00,,544.625
2012-04-09 18:00:00,,544.652
2012-04-10 00:00:00,,544.625
2012-04-10 06:00:00,,544.628
2012-04-10 12:00:00,,544.612
2012-04-10 18:00:00,,544.649
2012-04-11 00:00:00,,544.641
2012-04-11 06:00:00,,544.637
2012-04-11 12:00:00,,544.628
2012-04-11 18:00:00,,544.663
2012-04-12 00:00:00,,544.644
2012-04-12 06:00:00,,544.635
2012-04-12 12:00:00,,544.629
2012-04-12 18:00:00,,544.633
2012-04-13 00:00:00,,544.637
2012-04-13 06:00:00,,544.634
2012-04-13 12:00:00,,544.634
2012-04-13 18:00:00,,544.657
2012-04-14 00:00:00,,544.65
2012-04-14 06:00:00,,544.654
2012-04-14 12:00:00,,544.63
2012-04-14 18:00:00,,544.655
2012-04-15 00:00:00,,544.646
2012-04-15 06:00:00,,544.645
2012-04-15 12:00:00,,544.623
2012-04-15 18:00:00,,544.655
2012-04-16 00:00:00,,544.648
2012-04-16 06:00:00,,544.653
2012-04-16 12:00:00,,544.626
2012-04-16 18:00:00,,544.658
2012-04-17 00:00:00,,544.655
2012-04-17 06:00:00,,544.66
2012-04-17 12:00:00,,544.63
2012-04-17 18:00:00,,544.667
2012-04-18 00:00:00,,544.646
2012-04-18 06:00:00,,544.659
2012-04-18 12:00:00,,544.643
2012-04-18 18:00:00,,544.676
2012-04-19 00:00:00,,544.65
2012-04-19 06:00:00,,544.664
2012-04-19 12:00:00,,544.626
2012-04-19 18:00:00,,544.669
2012-04-20 00:00:00,,544.651
2012-04-20 06:00:00,,544.664
2012-04-20 12:00:00,,544.628
2012-04-20 18:00:00,,544.676
2012-04-21 00:00:00,,544.654
2012-04-21 06:00:00,,544.658
2012-04-21 12:00:00,,544.637
2012-04-21 18:00:00,,544.667
2012-04-22 00:00:00,,544.647
2012-04-22 06:00:00,,544.656
2012-04-22 12:00:00,,544.645
2012-04-22 18:00:00,,544.657
2012-04-23 00:00:00,,544.638
2012-04-23 06:00:00,,544.648
2012-04-23 12:00:00,,544.649
2012-04-23 18:00:00,,544.663
2012-04-24 00:00:00,,544.636
2012-04-24 06:00:00,,544.657
2012-04-24 12:00:00,,544.626
2012-04-24 18:00:00,,544.642
2012-04-25 00:00:00,,544.64
2012-04-25 06:00:00,,544.647
2012-04-25 12:00:00,,544.618
2012-04-25 18:00:00,,544.65
2012-04-26 00:00:00,,544.634
2012-04-26 06:00:00,,544.647
2012-04-26 12:00:00,,544.634
2012-04-26 18:00:00,,544.653
2012-04-27 00:00:00,,544.646
2012-04-27 06:00:00,,544.657
2012-04-27 12:00:00,,544.628
2012-04-27 18:00:00,,544.665
2012-04-28 00:00:00,,544.654
2012-04-28 06:00:00,,544.645
2012-04-28 12:00:00,,544.626
2012-04-28 18:00:00,,544.668
2012-04-29 00:00:00,,544.652
2012-04-29 06:00:00,,544.65
2012-04-29 12:00:00,,544.63
2012-04-29 18:00:00,,544.662
2012-04-30 00:00:00,,544.654
2012-04-30 06:00:00,,544.663
2012-04-30 12:00:00,,544.643
2012-04-30 18:00:00,,544.676
2012-05-01 00:00:00,,544.648
2012-05-01 06:00:00,,544.656
2012-05-01 12:00:00,,544.636
2012-05-01 18:00:00,,544.668
2012-05-02 00:00:00,,544.64
2012-05-02 06:00:00,,544.645
2012-05-02 12:00:00,,544.621
2012-05-02 18:00:00,,544.654
2012-05-03 00:00:00,,544.641
2012-05-03 06:00:00,,544.659
2012-05-03 12:00:00,,544.627
2012-05-03 18:00:00,,544.669
2012-05-04 00:00:00,,544.659
2012-05-04 06:00:00,,544.647
2012-05-04 12:00:00,,544.631
2012-05-04 18:00:00,,544.664
2012-05-05 00:00:00,,544.652
2012-05-05 06:00:00,,544.657
2012-05-05 12:00:00,,544.631
2012-05-05 18:00:00,,544.669
2012-05-06 00:00:00,,544.659
2012-05-06 06:00:00,,544.664
2012-05-06 12:00:00,,544.639
2012-05-06 18:00:00,,544.67
2012-05-07 00:00:00,,544.645
2012-05-07 06:00:00,,544.664
2012-05-07 12:00:00,,544.641
2012-05-07 18:00:00,,544.683
2012-05-08 00:00:00,,544.65
2012-05-08 06:00:00,,544.667
2012-05-08 12:00:00,,544.636
2012-05-08 18:00:00,,544.667
2012-05-09 00:00:00,,544.651
2012-05-09 06:00:00,,544.648
2012-05-09 12:00:00,,544.631
2012-05-09 18:00:00,,544.673
2012-05-10 00:00:00,,544.655
2012-05-10 06:00:00,,544.659
2012-05-10 12:00:00,,544.626
2012-05-10 18:00:00,,544.675
2012-05-11 00:00:00,,544.645
2012-05-11 06:00:00,,544.654
2012-05-11 12:00:00,,544.64
2012-05-11 18:00:00,,544.674
2012-05-12 00:00:00,,544.653
2012-05-12 06:00:00,,544.648
2012-05-12 12:00:00,,544.638
2012-05-12 18:00:00,,544.661
2012-05-13 00:00:00,,544.649
2012-05-13 06:00:00,,544.655
2012-05-13 12:00:00,,544.622
2012-05-13 18:00:00,,544.668
2012-05-14 00:00:00,,544.64
2012-05-14 06:00:00,,544.653
2012-05-14 12:00:00,,544.629
2012-05-14 18:00:00,,544.655
2012-05-15 00:00:00,,544.654
2012-05-15 06:00:00,,544.656
2012-05-15 12:00:00,,544.626
2012-05-15 18:00:00,,544.661
2012-05-16 00:00:00,,544.652
2012-05-16 06:00:00,,544.652
2012-05-16 12:00:00,,544.645
2012-05-16 18:00:00,,544.68
2012-05-17 00:00:00,,544.662
2012-05-17 06:00:00,,544.652
2012-05-17 12:00:00,,544.635
2012-05-17 18:00:00,,544.676
2012-05-18 00:00:00,,544.649
2012-05-18 06:00:00,,544.664
2012-05-18 12:00:00,,544.637
2012-05-18 18:00:00,,544.673
2012-05-19 00:00:00,,544.648
2012-05-19 06:00:00,,544.648
2012-05-19 12:00:00,,544.625
2012-05-19 18:00:00,,544.668
2012-05-20 00:00:00,,544.649
2012-05-20 06:00:00,,544.662
2012-05-20 12:00:00,,544.635
2012-05-20 18:00:00,,544.677
2012-05-21 00:00:00,,544.656
2012-05-21 06:00:00,,544.663
2012-05-21 12:00:00,,544.638
2012-05-21 18:00:00,,544.662
2012-05-22 00:00:00,,544.64
2012-05-22 06:00:00,,544.66
2012-05-22 12:00:00,,544.636
2012-05-22 18:00:00,,544.675
2012-05-23 00:00:00,,544.654
2012-05-23 06:00:00,,544.654
2012-05-23 12:00:00,,544.645
2012-05-23 18:00:00,,544.666
2012-05-24 00:00:00,,544.66
2012-05-24 06:00:00,,544.645
2012-05-24 12:00:00,,544.624
2012-05-24 18:00:00,,544.663
2012-05-25 00:00:00,,544.646
2012-05-25 06:00:00,,544.653
2012-05-25 12:00:00,,544.629
2012-05-25 18:00:00,,544.657
2012-05-26 00:00:00,,544.653
2012-05-26 06:00:00,,544.656
2012-05-26 12:00:00,,544.629
2012-05-26 18:00:00,,544.675
2012-05-27 00:00:00,,544.641
2012-05-27 06:00:00,,544.658
2012-05-27 12:00:00,,544.637
2012-05-27 18:00:00,,544.673
2012-05-28 00:00:00,,544.653
2012-05-28 06:00:00,,544.648
2012-05-28 12:00:00,,544.633
2012-05-28 18:00:00,,544.66
2012-05-29 00:00:00,,544.654
2012-05-29 06:00:00,,544.658
2012-05-29 12:00:00,,544.631
2012-05-29 18:00:00,,544.67
2012-05-30 00:00:00,,544.646
2012-05-30 06:00:00,,544.658
2012-05-30 12:00:00,,544.638
2012-05-30 18:00:00,,544.677
2012-05-31 00:00:00,,544.653
2012-05-31 06:00:00,,544.662
2012-05-31 12:00:00,,544.654
2012-05-31 18:00:00,,544.682
2012-06-01 00:00:00,,544.661
2012-06-01 06:00:00,,544.659
2012-06-01 12:00:00,,544.647
2012-06-01 18:00:00,,544.68
2012-06-02 00:00:00,,544.663
2012-06-02 06:00:00,,544.674
2012-06-02 12:00:00,,544.644
2012-06-02 18:00:00,,544.667
2012-06-03 00:00:00,,544.65
2012-06-03 06:00:00,,544.671
2012-06-03 12:00:00,,544.637
2012-06-03 18:00:00,,544.669
2012-06-04 00:00:00,,544.653
2012-06-04 06:00:00,,544.667
2012-06-04 12:00:00,,544.64
2012-06-04 18:00:00,,544.668
2012-06-05 00:00:00,,544.646
2012-06-05 06:00:00,,544.654
2012-06-05 12:00:00,,544.639
2012-06-05 18:00:00,,544.668
2012-06-06 00:00:00,,544.661
2012-06-06 06:00:00,,544.667
2012-06-06 12:00:00,,544.642
2012-06-06 18:00:00,,544.679
2012-06-07 00:00:00,,544.664
2012-06-07 06:00:00,,544.653
2012-06-07 12:00:00,,544.63
2012-06-07 18:00:00,,544.67
2012-06-08 00:00:00,,544.656
2012-06-08 06:00:00,,544.663
2012-06-08 12:00:00,,544.644
2012-06-08 18:00:00,,544.665
2012-06-09 00:00:00,,544.649
2012-06-09 06:00:00,,544.65
2012-06-09 12:00:00,,544.64
2012-06-09 18:00:00,,544.677
2012-06-10 00:00:00,,544.652
2012-06-10 06:00:00,,544.654
2012-06-10 12:00:00,,544.638
2012-06-10 18:00:00,,544.661
2012-06-11 00:00:00,,544.666
2012-06-11 06:00:00,,544.671
2012-06-11 12:00:00,,544.641
2012-06-11 18:00:00,,544.672
2012-06-12 00:00:00,,544.662
2012-06-12 06:00:00,,544.669
2012-06-12 12:00:00,,544.644
2012-06-12 18:00:00,,544.679
2012-06-13 00:00:00,,544.669
2012-06-13 06:00:00,,544.67
2012-06-13 12:00:00,,544.637
2012-06-13 18:00:00,,544.672
2012-06-14 00:00:00,,544.664
2012-06-14 06:00:00,,544.663
2012-06-14 12:00:00,,544.638
2012-06-14 18:00:00,,544.674
2012-06-15 00:00:00,,544.667
2012-06-15 06:00:00,,544.665
2012-06-15 12:00:00,,544.641
2012-06-15 18:00:00,,544.67
2012-06-16 00:00:00,,544.662
2012-06-16 06:00:00,,544.663
2012-06-16 12:00:00,,544.632
2012-06-16 18:00:00,,544.654
2012-06-17 00:00:00,,544.637
2012-06-17 06:00:00,,544.639
2012-06-17 12:00:00,,544.611
2012-06-17 18:00:00,,544.651
2012-06-18 00:00:00,,544.645
2012-06-18 06:00:00,,544.652
2012-06-18 12:00:00,,544.623
2012-06-18 18:00:00,,544.66
2012-06-19 00:00:00,,544.644
2012-06-19 06:00:00,,544.652
2012-06-19 12:00:00,,544.629
2012-06-19 18:00:00,,544.672
2012-06-20 00:00:00,,544.654
2012-06-20 06:00:00,,544.674
2012-06-20 12:00:00,,544.643
2012-06-20 18:00:00,,544.676
2012-06-21 00:00:00,,544.661
2012-06-21 06:00:00,,544.67
2012-06-21 12:00:00,,544.648
2012-06-21 12:18:00,,544.63
2012-06-21 13:00:00,,544.63
2012-06-21 14:00:00,,544.639
2012-06-21 15:00:00,,544.648
2012-06-21 16:00:00,,544.657
2012-06-21 17:00:00,,544.644
2012-06-21 18:00:00,,544.64
2012-06-21 19:00:00,,544.642
2012-06-21 20:00:00,,544.634
2012-06-21 21:00:00,,544.629
2012-06-21 22:00:00,,544.621
2012-06-21 23:00:00,,544.614
2012-06-22 00:00:00,,544.602
2012-06-22 01:00:00,,544.61
2012-06-22 02:00:00,,544.596
2012-06-22 03:00:00,,544.597
2012-06-22 04:00:00,,544.61
2012-06-22 05:00:00,,544.611
2012-06-22 06:00:00,,544.599
2012-06-22 07:00:00,,544.609
2012-06-22 08:00:00,,544.607
2012-06-22 09:00:00,,544.588
2012-06-22 10:00:00,,544.599
2012-06-22 11:00:00,,544.593
2012-06-22 12:00:00,,544.591
2012-06-22 13:00:00,,544.61
2012-06-22 14:00:00,,544.612
2012-06-22 15:00:00,,544.62
2012-06-22 16:00:00,,544.61
2012-06-22 17:00:00,,544.61
2012-06-22 18:00:00,,544.613
2012-06-22 19:00:00,,544.6
2012-06-22 20:00:00,,544.599
2012-06-22 21:00:00,,544.595
2012-06-22 22:00:00,,544.595
2012-06-22 23:00:00,,544.583
2012-06-23 00:00:00,,544.583
2012-06-23 01:00:00,,544.584
2012-06-23 02:00:00,,544.593
2012-06-23 03:00:00,,544.591
2012-06-23 04:00:00,,544.606
2012-06-23 05:00:00,,544.595
2012-06-23 06:00:00,,544.599
2012-06-23 07:00:00,,544.608
2012-06-23 08:00:00,,544.605
2012-06-23 09:00:00,,544.594
2012-06-23 10:00:00,,544.6
2012-06-23 11:00:00,,544.589
2012-06-23 12:00:00,,544.598
2012-06-23 13:00:00,,544.604
2012-06-23 14:00:00,,544.623
2012-06-23 15:00:00,,544.616
2012-06-23 16:00:00,,544.611
2012-06-23 17:00:00,,544.612
2012-06-23 18:00:00,,544.61
2012-06-23 19:00:00,,544.6
2012-06-23 20:00:00,,544.595
2012-06-23 21:00:00,,544.601
2012-06-23 22:00:00,,544.601
2012-06-23 23:00:00,,544.588
2012-06-24 00:00:00,,544.6
2012-06-24 01:00:00,,544.601
2012-06-24 02:00:00,,544.591
2012-06-24 03:00:00,,544.596
2012-06-24 04:00:00,,544.61
2012-06-24 05:00:00,,544.612
2012-06-24 06:00:00,,544.612
2012-06-24 07:00:00,,544.612
2012-06-24 08:00:00,,544.609
2012-06-24 09:00:00,,544.603
2012-06-24 10:00:00,,544.589
2012-06-24 11:00:00,,544.601
2012-06-24 12:00:00,,544.604
2012-06-24 13:00:00,,544.604
2012-06-24 14:00:00,,544.614
2012-06-24 15:00:00,,544.621
2012-06-24 16:00:00,,544.614
2012-06-24 17:00:00,,544.623
2012-06-24 18:00:00,,544.62
2012-06-24 19:00:00,,544.607
2012-06-24 20:00:00,,544.613
2012-06-24 21:00:00,,544.611
2012-06-24 22:00:00,,544.61
2012-06-24 23:00:00,,544.608
2012-06-25 00:00:00,,544.613
2012-06-25 01:00:00,,544.611
2012-06-25 02:00:00,,544.605
2012-06-25 03:00:00,,544.619
2012-06-25 04:00:00,,544.617
2012-06-25 05:00:00,,544.616
2012-06-25 06:00:00,,544.606
2012-06-25 07:00:00,,544.603
2012-06-25 08:00:00,,544.601
2012-06-25 09:00:00,,544.603
2012-06-25 10:00:00,,544.608
2012-06-25 11:00:00,,544.611
2012-06-25 12:00:00,,544.603
2012-06-25 13:00:00,,544.623
2012-06-25 14:00:00,,544.631
2012-06-25 15:00:00,,544.632
2012-06-25 16:00:00,,544.633
2012-06-25 17:00:00,,544.627
2012-06-25 18:00:00,,544.617
2012-06-25 19:00:00,,544.613
2012-06-25 20:00:00,,544.607
2012-06-25 21:00:00,,544.605
2012-06-25 22:00:00,,544.604
2012-06-25 23:00:00,,544.603
2012-06-26 00:00:00,,544.618
2012-06-26 01:00:00,,544.611
2012-06-26 02:00:00,,544.623
2012-06-26 03:00:00,,544.625
2012-06-26 04:00:00,,544.627
2012-06-26 05:00:00,,544.614
2012-06-26 06:00:00,,544.623
2012-06-26 07:00:00,,544.625
2012-06-26 08:00:00,,544.61
2012-06-26 09:00:00,,544.619
2012-06-26 10:00:00,,544.604
2012-06-26 11:00:00,,544.619
2012-06-26 12:00:00,,544.614
2012-06-26 13:00:00,,544.622
2012-06-26 14:00:00,,544.63
2012-06-26 15:00:00,,544.632
2012-06-26 16:00:00,,544.642
2012-06-26 17:00:00,,544.639
2012-06-26 18:00:00,,544.625
2012-06-26 19:00:00,,544.621
2012-06-26 20:00:00,,544.621
2012-06-26 21:00:00,,544.623
2012-06-26 22:00:00,,544.62
2012-06-26 23:00:00,,544.618
2012-06-27 00:00:00,,544.609
2012-06-27 01:00:00,,544.613
2012-06-27 02:00:00,,544.625
2012-06-27 03:00:00,,544.617
2012-06-27 04:00:00,,544.627
2012-06-27 05:00:00,,544.632
2012-06-27 06:00:00,,544.623
2012-06-27 07:00:00,,544.621
2012-06-27 08:00:00,,544.623
2012-06-27 09:00:00,,544.62
2012-06-27 10:00:00,,544.608
2012-06-27 11:00:00,,544.617
2012-06-27 12:00:00,,544.615
2012-06-27 13:00:00,,544.623
2012-06-27 14:00:00,,544.632
2012-06-27 15:00:00,,544.635
2012-06-27 16:00:00,,544.639
2012-06-27 17:00:00,,544.644
2012-06-27 18:00:00,,544.646
2012-06-27 19:00:00,,544.636
2012-06-27 20:00:00,,544.621
2012-06-27 21:00:00,,544.617
2012-06-27 22:00:00,,544.629
2012-06-27 23:00:00,,544.618
2012-06-28 00:00:00,,544.624
2012-06-28 01:00:00,,544.619
2012-06-28 02:00:00,,544.623
2012-06-28 03:00:00,,544.623
2012-06-28 04:00:00,,544.629
2012-06-28 05:00:00,,544.634
2012-06-28 06:00:00,,544.632
2012-06-28 07:00:00,,544.634
2012-06-28 08:00:00,,544.633
2012-06-28 09:00:00,,544.626
2012-06-28 10:00:00,,544.627
2012-06-28 11:00:00,,544.619
2012-06-28 12:00:00,,544.626
2012-06-28 13:00:00,,544.645
2012-06-28 14:00:00,,544.645
2012-06-28 15:00:00,,544.655
2012-06-28 16:00:00,,544.642
2012-06-28 17:00:00,,544.65
2012-06-28 18:00:00,,544.636
2012-06-28 19:00:00,,544.63
2012-06-28 20:00:00,,544.625
2012-06-28 21:00:00,,544.623
2012-06-28 22:00:00,,544.622
2012-06-28 23:00:00,,544.634
2012-06-29 00:00:00,,544.624
2012-06-29 01:00:00,,544.637
2012-06-29 02:00:00,,544.625
2012-06-29 03:00:00,,544.638
2012-06-29 04:00:00,,544.638
2012-06-29 05:00:00,,544.627
2012-06-29 06:00:00,,544.635
2012-06-29 07:00:00,,544.631
2012-06-29 08:00:00,,544.616
2012-06-29 09:00:00,,544.624
2012-06-29 10:00:00,,544.611
2012-06-29 11:00:00,,544.614
2012-06-29 12:00:00,,544.627
2012-06-29 13:00:00,,544.628
2012-06-29 14:00:00,,544.64
2012-06-29 15:00:00,,544.65
2012-06-29 16:00:00,,544.644
2012-06-29 17:00:00,,544.633
2012-06-29 18:00:00,,544.64
2012-06-29 19:00:00,,544.626
2012-06-29 20:00:00,,544.621
2012-06-29 21:00:00,,544.614
2012-06-29 22:00:00,,544.623
2012-06-29 23:00:00,,544.61
2012-06-30 00:00:00,,544.61
2012-06-30 01:00:00,,544.614
2012-06-30 02:00:00,,544.625
2012-06-30 03:00:00,,544.615
2012-06-30 04:00:00,,544.616
2012-06-30 05:00:00,,544.626
2012-06-30 06:00:00,,544.611
2012-06-30 07:00:00,,544.615
2012-06-30 08:00:00,,544.599
2012-06-30 09:00:00,,544.595
2012-06-30 10:00:00,,544.592
2012-06-30 11:00:00,,544.598
2012-06-30 12:00:00,,544.6
2012-06-30 13:00:00,,544.622
2012-06-30 14:00:00,,544.635
2012-06-30 15:00:00,,544.626
2012-06-30 16:00:00,,544.638
2012-06-30 17:00:00,,544.626
2012-06-30 18:00:00,,544.621
2012-06-30 19:00:00,,544.62
2012-06-30 20:00:00,,544.605
2012-06-30 21:00:00,,544.61
2012-06-30 22:00:00,,544.607
2012-06-30 23:00:00,,544.597
2012-07-01 00:00:00,,544.598
2012-07-01 01:00:00,,544.61
2012-07-01 02:00:00,,544.613
2012-07-01 03:00:00,,544.617
2012-07-01 04:00:00,,544.604
2012-07-01 05:00:00,,544.616
2012-07-01 06:00:00,,544.599
2012-07-01 07:00:00,,544.61
2012-07-01 08:00:00,,544.591
2012-07-01 09:00:00,,544.586
2012-07-01 10:00:00,,544.593
2012-07-01 11:00:00,,544.585
2012-07-01 12:00:00,,544.591
2012-07-01 13:00:00,,544.612
2012-07-01 14:00:00,,544.609
2012-07-01 15:00:00,,544.626
2012-07-01 16:00:00,,544.62
2012-07-01 17:00:00,,544.619
2012-07-01 18:00:00,,544.628
2012-07-01 19:00:00,,544.618
2012-07-01 20:00:00,,544.616
2012-07-01 21:00:00,,544.6
2012-07-01 22:00:00,,544.598
2012-07-01 23:00:00,,544.597
2012-07-02 00:00:00,,544.598
2012-07-02 01:00:00,,544.6
2012-07-02 02:00:00,,544.613
2012-07-02 03:00:00,,544.606
2012-07-02 04:00:00,,544.607
2012-07-02 05:00:00,,544.62
2012-07-02 06:00:00,,544.619
2012-07-02 07:00:00,,544.611
2012-07-02 08:00:00,,544.602
2012-07-02 09:00:00,,544.61
2012-07-02 10:00:00,,544.6
2012-07-02 11:00:00,,544.613
2012-07-02 12:00:00,,544.606
2012-07-02 13:00:00,,544.615
2012-07-02 14:00:00,,544.626
2012-07-02 15:00:00,,544.642
2012-07-02 16:00:00,,544.633
2012-07-02 17:00:00,,544.643
2012-07-02 18:00:00,,544.627
2012-07-02 19:00:00,,544.62
2012-07-02 20:00:00,,544.611
2012-07-02 21:00:00,,544.606
2012-07-02 22:00:00,,544.601
2012-07-02 23:00:00,,544.604
2012-07-03 00:00:00,,544.6
2012-07-03 01:00:00,,544.613
2012-07-03 02:00:00,,544.606
2012-07-03 03:00:00,,544.616
2012-07-03 04:00:00,,544.627
2012-07-03 05:00:00,,544.626
2012-07-03 06:00:00,,544.629
2012-07-03 07:00:00,,544.624
2012-07-03 08:00:00,,544.609
2012-07-03 09:00:00,,544.616
2012-07-03 10:00:00,,544.608
2012-07-03 11:00:00,,544.616
2012-07-03 12:00:00,,544.608
2012-07-03 13:00:00,,544.616
2012-07-03 14:00:00,,544.637
2012-07-03 15:00:00,,544.64
2012-07-03 16:00:00,,544.631
2012-07-03 17:00:00,,544.63
2012-07-03 18:00:00,,544.63
2012-07-03 19:00:00,,544.615
2012-07-03 20:00:00,,544.62
2012-07-03 21:00:00,,544.616
2012-07-03 22:00:00,,544.613
2012-07-03 23:00:00,,544.601
2012-07-04 00:00:00,,544.608
2012-07-04 01:00:00,,544.613
2012-07-04 02:00:00,,544.616
2012-07-04 03:00:00,,544.61
2012-07-04 04:00:00,,544.622
2012-07-04 05:00:00,,544.628
2012-07-04 06:00:00,,544.625
2012-07-04 07:00:00,,544.611
2012-07-04 08:00:00,,544.611
2012-07-04 09:00:00,,544.611
2012-07-04 10:00:00,,544.596
2012-07-04 11:00:00,,544.597
2012-07-04 12:00:00,,544.614
2012-07-04 13:00:00,,544.619
2012-07-04 14:00:00,,544.617
2012-07-04 15:00:00,,544.633
2012-07-04 16:00:00,,544.637
2012-07-04 17:00:00,,544.621
2012-07-04 18:00:00,,544.62
2012-07-04 19:00:00,,544.619
2012-07-04 20:00:00,,544.617
2012-07-04 21:00:00,,544.611
2012-07-04 22:00:00,,544.597
2012-07-04 23:00:00,,544.597
2012-07-05 00:00:00,,544.599
2012-07-05 01:00:00,,544.602
2012-07-05 02:00:00,,544.605
2012-07-05 03:00:00,,544.607
2012-07-05 04:00:00,,544.624
2012-07-05 05:00:00,,544.616
2012-07-05 06:00:00,,544.624
2012-07-05 07:00:00,,544.61
2012-07-05 08:00:00,,544.606
2012-07-05 09:00:00,,544.613
2012-07-05 10:00:00,,544.6
2012-07-05 11:00:00,,544.612
2012-07-05 12:00:00,,544.607
2012-07-05 13:00:00,,544.617
2012-07-05 14:00:00,,544.633
2012-07-05 15:00:00,,544.628
2012-07-05 16:00:00,,544.632
2012-07-05 17:00:00,,544.639
2012-07-05 18:00:00,,544.624
2012-07-05 19:00:00,,544.628
2012-07-05 20:00:00,,544.611
2012-07-05 21:00:00,,544.616
2012-07-05 22:00:00,,544.604
2012-07-05 23:00:00,,544.61
2012-07-06 00:00:00,,544.611
2012-07-06 01:00:00,,544.618
2012-07-06 02:00:00,,544.622
2012-07-06 03:00:00,,544.615
2012-07-06 04:00:00,,544.63
2012-07-06 05:00:00,,544.635
2012-07-06 06:00:00,,544.622
2012-07-06 07:00:00,,544.618
2012-07-06 08:00:00,,544.626
2012-07-06 09:00:00,,544.623
2012-07-06 10:00:00,,544.613
2012-07-06 11:00:00,,544.614
2012-07-06 12:00:00,,544.622
2012-07-06 13:00:00,,544.629
2012-07-06 14:00:00,,544.635
2012-07-06 15:00:00,,544.641
2012-07-06 16:00:00,,544.644
2012-07-06 17:00:00,,544.648
2012-07-06 18:00:00,,544.65
2012-07-06 19:00:00,,544.633
2012-07-06 20:00:00,,544.637
2012-07-06 21:00:00,,544.621
2012-07-06 22:00:00,,544.625
2012-07-06 23:00:00,,544.628
2012-07-07 00:00:00,,544.616
2012-07-07 01:00:00,,544.618
2012-07-07 02:00:00,,544.62
2012-07-07 03:00:00,,544.625
2012-07-07 04:00:00,,544.633
2012-07-07 05:00:00,,544.639
2012-07-07 06:00:00,,544.64
2012-07-07 07:00:00,,544.638
2012-07-07 08:00:00,,544.636
2012-07-07 09:00:00,,544.621
2012-07-07 10:00:00,,544.62
2012-07-07 11:00:00,,544.62
2012-07-07 12:00:00,,544.634
2012-07-07 13:00:00,,544.631
2012-07-07 14:00:00,,544.652
2012-07-07 15:00:00,,544.652
2012-07-07 16:00:00,,544.655
2012-07-07 17:00:00,,544.647
2012-07-07 18:00:00,,544.643
2012-07-07 19:00:00,,544.637
2012-07-07 20:00:00,,544.643
2012-07-07 21:00:00,,544.627
2012-07-07 22:00:00,,544.622
2012-07-07 23:00:00,,544.622
2012-07-08 00:00:00,,544.627
2012-07-08 01:00:00,,544.624
2012-07-08 02:00:00,,544.638
2012-07-08 03:00:00,,544.629
2012-07-08 04:00:00,,544.632
2012-07-08 05:00:00,,544.644
2012-07-08 06:00:00,,544.631
2012-07-08 07:00:00,,544.628
2012-07-08 08:00:00,,544.627
2012-07-08 09:00:00,,544.637
2012-07-08 10:00:00,,544.636
2012-07-08 11:00:00,,544.638
2012-07-08 12:00:00,,544.638
2012-07-08 13:00:00,,544.648
2012-07-08 14:00:00,,544.643
2012-07-08 15:00:00,,544.651
2012-07-08 16:00:00,,544.644
2012-07-08 17:00:00,,544.651
2012-07-08 18:00:00,,544.649
2012-07-08 19:00:00,,544.631
2012-07-08 20:00:00,,544.626
2012-07-08 21:00:00,,544.624
2012-07-08 22:00:00,,544.635
2012-07-08 23:00:00,,544.623
2012-07-09 00:00:00,,544.632
2012-07-09 01:00:00,,544.634
2012-07-09 02:00:00,,544.627
2012-07-09 03:00:00,,544.643
2012-07-09 04:00:00,,544.63
2012-07-09 05:00:00,,544.643
2012-07-09 06:00:00,,544.643
2012-07-09 07:00:00,,544.632
2012-07-09 08:00:00,,544.628
2012-07-09 09:00:00,,544.629
2012-07-09 10:00:00,,544.629
2012-07-09 11:00:00,,544.629
2012-07-09 12:00:00,,544.622
2012-07-09 13:00:00,,544.628
2012-07-09 14:00:00,,544.642
2012-07-09 15:00:00,,544.638
2012-07-09 16:00:00,,544.641
2012-07-09 17:00:00,,544.651
2012-07-09 18:00:00,,544.648
2012-07-09 19:00:00,,544.641
2012-07-09 20:00:00,,544.634
2012-07-09 21:00:00,,544.62
2012-07-09 22:00:00,,544.615
2012-07-09 23:00:00,,544.627
2012-07-10 00:00:00,,544.615
2012-07-10 01:00:00,,544.628
2012-07-10 02:00:00,,544.62
2012-07-10 03:00:00,,544.621
2012-07-10 04:00:00,,544.634
2012-07-10 05:00:00,,544.632
2012-07-10 06:00:00,,544.62
2012-07-10 07:00:00,,544.629
2012-07-10 08:00:00,,544.615
2012-07-10 09:00:00,,544.613
2012-07-10 10:00:00,,544.623
2012-07-10 11:00:00,,544.622
2012-07-10 12:00:00,,544.632
2012-07-10 13:00:00,,544.639
2012-07-10 14:00:00,,544.645
2012-07-10 15:00:00,,544.648
2012-07-10 16:00:00,,544.647
2012-07-10 17:00:00,,544.65
2012-07-10 18:00:00,,544.637
2012-07-10 19:00:00,,544.63
2012-07-10 20:00:00,,544.633
2012-07-10 21:00:00,,544.623
2012-07-10 22:00:00,,544.621
2012-07-10 23:00:00,,544.634
2012-07-11 00:00:00,,544.623
2012-07-11 01:00:00,,544.638
2012-07-11 02:00:00,,544.634
2012-07-11 03:00:00,,544.64
2012-07-11 04:00:00,,544.63
2012-07-11 05:00:00,,544.642
2012-07-11 06:00:00,,544.642
2012-07-11 07:00:00,,544.627
2012-07-11 08:00:00,,544.624
2012-07-11 09:00:00,,544.628
2012-07-11 10:00:00,,544.633
2012-07-11 11:00:00,,544.625
2012-07-11 12:00:00,,544.643
2012-07-11 13:00:00,,544.646
2012-07-11 14:00:00,,544.653
2012-07-11 15:00:00,,544.649
2012-07-11 16:00:00,,544.65
2012-07-11 17:00:00,,544.647
2012-07-11 18:00:00,,544.639
2012-07-11 19:00:00,,544.645
2012-07-11 20:00:00,,544.628
2012-07-11 21:00:00,,544.635
2012-07-11 22:00:00,,544.621
2012-07-11 23:00:00,,544.622
2012-07-12 00:00:00,,544.633
2012-07-12 01:00:00,,544.635
2012-07-12 02:00:00,,544.633
2012-07-12 03:00:00,,544.632
2012-07-12 04:00:00,,544.638
2012-07-12 05:00:00,,544.636
2012-07-12 06:00:00,,544.622
2012-07-12 07:00:00,,544.629
2012-07-12 08:00:00,,544.623
2012-07-12 09:00:00,,544.624
2012-07-12 10:00:00,,544.627
2012-07-12 11:00:00,,544.623
2012-07-12 12:00:00,,544.621
2012-07-12 13:00:00,,544.641
2012-07-12 14:00:00,,544.642
2012-07-12 15:00:00,,544.635
2012-07-12 16:00:00,,544.636
2012-07-12 17:00:00,,544.644
2012-07-12 18:00:00,,544.629
2012-07-12 19:00:00,,544.625
2012-07-12 20:00:00,,544.624
2012-07-12 21:00:00,,544.626
2012-07-12 22:00:00,,544.62
2012-07-12 23:00:00,,544.621
2012-07-13 00:00:00,,544.624
2012-07-13 01:00:00,,544.63
2012-07-13 02:00:00,,544.632
2012-07-13 03:00:00,,544.621
2012-07-13 04:00:00,,544.62
2012-07-13 05:00:00,,544.617
2012-07-13 06:00:00,,544.614
2012-07-13 07:00:00,,544.611
2012-07-13 08:00:00,,544.608
2012-07-13 09:00:00,,544.604
2012-07-13 10:00:00,,544.602
2012-07-13 11:00:00,,544.619
2012-07-13 12:00:00,,544.61
2012-07-13 13:00:00,,544.63
2012-07-13 14:00:00,,544.626
2012-07-13 15:00:00,,544.643
2012-07-13 16:00:00,,544.639
2012-07-13 17:00:00,,544.631
2012-07-13 18:00:00,,544.624
2012-07-13 19:00:00,,544.624
2012-07-13 20:00:00,,544.627
2012-07-13 21:00:00,,544.621
2012-07-13 22:00:00,,544.615
2012-07-13 23:00:00,,544.619
2012-07-14 00:00:00,,544.61
2012-07-14 01:00:00,,544.616
2012-07-14 02:00:00,,544.615
2012-07-14 03:00:00,,544.618
2012-07-14 04:00:00,,544.617
2012-07-14 05:00:00,,544.618
2012-07-14 06:00:00,,544.62
2012-07-14 07:00:00,,544.619
2012-07-14 08:00:00,,544.602
2012-07-14 09:00:00,,544.598
2012-07-14 10:00:00,,544.599
2012-07-14 11:00:00,,544.601
2012-07-14 12:00:00,,544.603
2012-07-14 13:00:00,,544.625
2012-07-14 14:00:00,,544.619
2012-07-14 15:00:00,,544.634
2012-07-14 16:00:00,,544.635
2012-07-14 17:00:00,,544.621
2012-07-14 18:00:00,,544.628
2012-07-14 19:00:00,,544.608
2012-07-14 20:00:00,,544.6
2012-07-14 21:00:00,,544.593
2012-07-14 22:00:00,,544.589
2012-07-14 23:00:00,,544.602
2012-07-15 00:00:00,,544.59
2012-07-15 01:00:00,,544.596
2012-07-15 02:00:00,,544.598
2012-07-15 03:00:00,,544.614
2012-07-15 04:00:00,,544.603
2012-07-15 05:00:00,,544.609
2012-07-15 06:00:00,,544.608
2012-07-15 07:00:00,,544.598
2012-07-15 08:00:00,,544.594
2012-07-15 09:00:00,,544.6
2012-07-15 10:00:00,,544.594
2012-07-15 11:00:00,,544.599
2012-07-15 12:00:00,,544.595
2012-07-15 13:00:00,,544.617
2012-07-15 14:00:00,,544.626
2012-07-15 15:00:00,,544.628
2012-07-15 16:00:00,,544.627
2012-07-15 17:00:00,,544.622
2012-07-15 18:00:00,,544.631
2012-07-15 19:00:00,,544.619
2012-07-15 20:00:00,,544.612
2012-07-15 21:00:00,,544.598
2012-07-15 22:00:00,,544.606
2012-07-15 23:00:00,,544.594
2012-07-16 00:00:00,,544.61
2012-07-16 01:00:00,,544.616
2012-07-16 02:00:00,,544.608
2012-07-16 03:00:00,,544.621
2012-07-16 04:00:00,,544.614
2012-07-16 05:00:00,,544.626
2012-07-16 06:00:00,,544.623
2012-07-16 07:00:00,,544.621
2012-07-16 08:00:00,,544.617
2012-07-16 09:00:00,,544.615
2012-07-16 10:00:00,,544.606
2012-07-16 11:00:00,,544.608
2012-07-16 12:00:00,,544.627
2012-07-16 13:00:00,,544.636
2012-07-16 14:00:00,,544.633
2012-07-16 15:00:00,,544.64
2012-07-16 16:00:00,,544.653
2012-07-16 17:00:00,,544.652
2012-07-16 18:00:00,,544.635
2012-07-16 19:00:00,,544.639
2012-07-16 20:00:00,,544.628
2012-07-16 21:00:00,,544.626
2012-07-16 22:00:00,,544.611
2012-07-16 23:00:00,,544.62
2012-07-17 00:00:00,,544.623
2012-07-17 01:00:00,,544.625
2012-07-17 02:00:00,,544.629
2012-07-17 03:00:00,,544.62
2012-07-17 04:00:00,,544.635
2012-07-17 05:00:00,,544.633
2012-07-17 06:00:00,,544.62
2012-07-17 07:00:00,,544.629
2012-07-17 08:00:00,,544.614
2012-07-17 09:00:00,,544.625
2012-07-17 10:00:00,,544.623
2012-07-17 11:00:00,,544.611
2012-07-17 12:00:00,,544.623
2012-07-17 13:00:00,,544.624
2012-07-17 14:00:00,,544.633
2012-07-17 15:00:00,,544.646
2012-07-17 16:00:00,,544.64
2012-07-17 17:00:00,,544.638
2012-07-17 18:00:00,,544.645
2012-07-17 19:00:00,,544.627
2012-07-17 20:00:00,,544.623
2012-07-17 21:00:00,,544.612
2012-07-17 22:00:00,,544.62
2012-07-17 23:00:00,,544.616
2012-07-18 00:00:00,,544.605
2012-07-18 01:00:00,,544.618
2012-07-18 02:00:00,,544.611
2012-07-18 03:00:00,,544.628
2012-07-18 04:00:00,,544.626
2012-07-18 05:00:00,,544.623
2012-07-18 06:00:00,,544.625
2012-07-18 07:00:00,,544.616
2012-07-18 08:00:00,,544.616
2012-07-18 09:00:00,,544.612
2012-07-18 10:00:00,,544.602
2012-07-18 11:00:00,,544.602
2012-07-18 12:00:00,,544.615
2012-07-18 13:00:00,,544.618
2012-07-18 14:00:00,,544.641
2012-07-18 15:00:00,,544.645
2012-07-18 16:00:00,,544.64
2012-07-18 17:00:00,,544.644
2012-07-18 18:00:00,,544.629
2012-07-18 19:00:00,,544.631
2012-07-18 20:00:00,,544.615
2012-07-18 21:00:00,,544.607
2012-07-18 22:00:00,,544.614
2012-07-18 23:00:00,,544.61
2012-07-19 00:00:00,,544.604
2012-07-19 01:00:00,,544.606
2012-07-19 02:00:00,,544.615
2012-07-19 03:00:00,,544.621
2012-07-19 04:00:00,,544.613
2012-07-19 05:00:00,,544.614
2012-07-19 06:00:00,,544.612
2012-07-19 07:00:00,,544.62
2012-07-19 08:00:00,,544.603
2012-07-19 09:00:00,,544.606
2012-07-19 10:00:00,,544.609
2012-07-19 11:00:00,,544.597
2012-07-19 12:00:00,,544.601
2012-07-19 13:00:00,,544.622
2012-07-19 14:00:00,,544.625
2012-07-19 15:00:00,,544.64
2012-07-19 16:00:00,,544.644
2012-07-19 17:00:00,,544.64
2012-07-19 18:00:00,,544.636
2012-07-19 19:00:00,,544.629
2012-07-19 20:00:00,,544.618
2012-07-19 21:00:00,,544.608
2012-07-19 22:00:00,,544.609
2012-07-19 23:00:00,,544.607
2012-07-20 00:00:00,,544.6
2012-07-20 01:00:00,,544.601
2012-07-20 02:00:00,,544.611
2012-07-20 03:00:00,,544.613
2012-07-20 04:00:00,,544.616
2012-07-20 05:00:00,,544.61
2012-07-20 06:00:00,,544.609
2012-07-20 07:00:00,,544.603
2012-07-20 08:00:00,,544.614
2012-07-20 09:00:00,,544.598
2012-07-20 10:00:00,,544.597
2012-07-20 11:00:00,,544.597
2012-07-20 12:00:00,,544.607
2012-07-20 13:00:00,,544.611
2012-07-20 14:00:00,,544.631
2012-07-20 15:00:00,,544.631
2012-07-20 16:00:00,,544.628
2012-07-20 17:00:00,,544.629
2012-07-20 18:00:00,,544.636
2012-07-20 19:00:00,,544.629
2012-07-20 20:00:00,,544.61
2012-07-20 21:00:00,,544.601
2012-07-20 22:00:00,,544.599
2012-07-20 23:00:00,,544.604
2012-07-21 00:00:00,,544.599
2012-07-21 01:00:00,,544.604
2012-07-21 02:00:00,,544.603
2012-07-21 03:00:00,,544.611
2012-07-21 04:00:00,,544.621
2012-07-21 05:00:00,,544.622
2012-07-21 06:00:00,,544.623
2012-07-21 07:00:00,,544.609
2012-07-21 08:00:00,,544.607
2012-07-21 09:00:00,,544.616
2012-07-21 10:00:00,,544.608
2012-07-21 11:00:00,,544.615
2012-07-21 12:00:00,,544.61
2012-07-21 13:00:00,,544.618
2012-07-21 14:00:00,,544.638
2012-07-21 15:00:00,,544.633
2012-07-21 16:00:00,,544.642
2012-07-21 17:00:00,,544.636
2012-07-21 18:00:00,,544.631
2012-07-21 19:00:00,,544.63
2012-07-21 20:00:00,,544.616
2012-07-21 21:00:00,,544.622
2012-07-21 22:00:00,,544.622
2012-07-21 23:00:00,,544.62
2012-07-22 00:00:00,,544.62
2012-07-22 01:00:00,,544.622
2012-07-22 02:00:00,,544.617
2012-07-22 03:00:00,,544.625
2012-07-22 04:00:00,,544.621
2012-07-22 05:00:00,,544.622
2012-07-22 06:00:00,,544.632
2012-07-22 07:00:00,,544.619
2012-07-22 08:00:00,,544.629
2012-07-22 09:00:00,,544.626
2012-07-22 10:00:00,,544.622
2012-07-22 11:00:00,,544.619
2012-07-22 12:00:00,,544.619
2012-07-22 13:00:00,,544.629
2012-07-22 14:00:00,,544.65
2012-07-22 15:00:00,,544.652
2012-07-22 16:00:00,,544.648
2012-07-22 17:00:00,,544.658
2012-07-22 18:00:00,,544.641
2012-07-22 19:00:00,,544.633
2012-07-22 20:00:00,,544.626
2012-07-22 21:00:00,,544.633
2012-07-22 22:00:00,,544.624
2012-07-22 23:00:00,,544.626
2012-07-23 00:00:00,,544.629
2012-07-23 01:00:00,,544.616
2012-07-23 02:00:00,,544.625
2012-07-23 03:00:00,,544.624
2012-07-23 04:00:00,,544.633
2012-07-23 05:00:00,,544.623
2012-07-23 06:00:00,,544.634
2012-07-23 07:00:00,,544.629
2012-07-23 08:00:00,,544.628
2012-07-23 09:00:00,,544.623
2012-07-23 10:00:00,,544.615
2012-07-23 11:00:00,,544.627
2012-07-23 12:00:00,,544.637
2012-07-23 13:00:00,,544.646
2012-07-23 14:00:00,,544.645
2012-07-23 15:00:00,,544.661
2012-07-23 16:00:00,,544.661
2012-07-23 17:00:00,,544.648
2012-07-23 18:00:00,,544.651
2012-07-23 19:00:00,,544.643
2012-07-23 20:00:00,,544.642
2012-07-23 21:00:00,,544.624
2012-07-23 22:00:00,,544.628
2012-07-23 23:00:00,,544.619
2012-07-24 00:00:00,,544.62
2012-07-24 01:00:00,,544.621
2012-07-24 02:00:00,,544.623
2012-07-24 03:00:00,,544.624
2012-07-24 04:00:00,,544.631
2012-07-24 05:00:00,,544.637
2012-07-24 06:00:00,,544.631
2012-07-24 07:00:00,,544.623
2012-07-24 08:00:00,,544.631
2012-07-24 09:00:00,,544.617
2012-07-24 10:00:00,,544.626
2012-07-24 11:00:00,,544.632
2012-07-24 12:00:00,,544.624
2012-07-24 13:00:00,,544.642
2012-07-24 14:00:00,,544.639
2012-07-24 15:00:00,,544.645
2012-07-24 16:00:00,,544.653
2012-07-24 17:00:00,,544.657
2012-07-24 18:00:00,,544.644
2012-07-24 19:00:00,,544.652
2012-07-24 20:00:00,,544.635
2012-07-24 21:00:00,,544.628
2012-07-24 22:00:00,,544.624
2012-07-24 23:00:00,,544.624
2012-07-25 00:00:00,,544.636
2012-07-25 01:00:00,,544.636
2012-07-25 02:00:00,,544.639
2012-07-25 03:00:00,,544.64
2012-07-25 04:00:00,,544.625
2012-07-25 05:00:00,,544.639
2012-07-25 06:00:00,,544.63
2012-07-25 07:00:00,,544.627
2012-07-25 08:00:00,,544.616
2012-07-25 09:00:00,,544.614
2012-07-25 10:00:00,,544.624
2012-07-25 11:00:00,,544.614
2012-07-25 12:00:00,,544.626
2012-07-25 13:00:00,,544.636
2012-07-25 14:00:00,,544.639
2012-07-25 15:00:00,,544.649
2012-07-25 16:00:00,,544.638
2012-07-25 17:00:00,,544.647
2012-07-25 18:00:00,,544.639
2012-07-25 19:00:00,,544.636
2012-07-25 20:00:00,,544.624
2012-07-25 21:00:00,,544.625
2012-07-25 22:00:00,,544.628
2012-07-25 23:00:00,,544.629
2012-07-26 00:00:00,,544.626
2012-07-26 01:00:00,,544.627
2012-07-26 02:00:00,,544.628
2012-07-26 03:00:00,,544.619
2012-07-26 04:00:00,,544.624
2012-07-26 05:00:00,,544.618
2012-07-26 06:00:00,,544.615
2012-07-26 07:00:00,,544.618
2012-07-26 08:00:00,,544.622
2012-07-26 09:00:00,,544.607
2012-07-26 10:00:00,,544.604
2012-07-26 11:00:00,,544.622
2012-07-26 12:00:00,,544.627
2012-07-26 13:00:00,,544.633
2012-07-26 14:00:00,,544.634
2012-07-26 15:00:00,,544.631
2012-07-26 16:00:00,,544.646
2012-07-26 17:00:00,,544.632
2012-07-26 18:00:00,,544.635
2012-07-26 19:00:00,,544.629
2012-07-26 20:00:00,,544.626
2012-07-26 21:00:00,,544.624
2012-07-26 22:00:00,,544.607
2012-07-26 23:00:00,,544.605
2012-07-27 00:00:00,,544.619
2012-07-27 01:00:00,,544.617
2012-07-27 02:00:00,,544.623
2012-07-27 03:00:00,,544.62
2012-07-27 04:00:00,,544.622
2012-07-27 05:00:00,,544.624
2012-07-27 06:00:00,,544.614
2012-07-27 07:00:00,,544.609
2012-07-27 08:00:00,,544.613
2012-07-27 09:00:00,,544.612
2012-07-27 10:00:00,,544.61
2012-07-27 11:00:00,,544.611
2012-07-27 12:00:00,,544.606
2012-07-27 13:00:00,,544.612
2012-07-27 14:00:00,,544.621
2012-07-27 15:00:00,,544.626
2012-07-27 16:00:00,,544.629
2012-07-27 17:00:00,,544.626
2012-07-27 18:00:00,,544.631
2012-07-27 19:00:00,,544.631
2012-07-27 20:00:00,,544.614
2012-07-27 21:00:00,,544.61
2012-07-27 22:00:00,,544.608
2012-07-27 23:00:00,,544.619
2012-07-28 00:00:00,,544.621
2012-07-28 01:00:00,,544.623
2012-07-28 02:00:00,,544.618
2012-07-28 03:00:00,,544.622
2012-07-28 04:00:00,,544.622
2012-07-28 05:00:00,,544.614
2012-07-28 06:00:00,,544.612
2012-07-28 07:00:00,,544.602
2012-07-28 08:00:00,,544.614
2012-07-28 09:00:00,,544.61
2012-07-28 10:00:00,,544.613
2012-07-28 11:00:00,,544.611
2012-07-28 12:00:00,,544.624
2012-07-28 13:00:00,,544.63
2012-07-28 14:00:00,,544.637
2012-07-28 15:00:00,,544.651
2012-07-28 16:00:00,,544.645
2012-07-28 17:00:00,,544.639
2012-07-28 18:00:00,,544.642
2012-07-28 19:00:00,,544.635
2012-07-28 20:00:00,,544.627
2012-07-28 21:00:00,,544.625
2012-07-28 22:00:00,,544.623
2012-07-28 23:00:00,,544.623
2012-07-29 00:00:00,,544.623
2012-07-29 01:00:00,,544.625
2012-07-29 02:00:00,,544.62
2012-07-29 03:00:00,,544.618
2012-07-29 04:00:00,,544.625
2012-07-29 05:00:00,,544.624
2012-07-29 06:00:00,,544.628
2012-07-29 07:00:00,,544.611
2012-07-29 08:00:00,,544.618
2012-07-29 09:00:00,,544.615
2012-07-29 10:00:00,,544.614
2012-07-29 11:00:00,,544.606
2012-07-29 12:00:00,,544.624
2012-07-29 13:00:00,,544.635
2012-07-29 14:00:00,,544.632
2012-07-29 15:00:00,,544.639
2012-07-29 16:00:00,,544.651
2012-07-29 17:00:00,,544.652
2012-07-29 18:00:00,,544.634
2012-07-29 19:00:00,,544.633
2012-07-29 20:00:00,,544.63
2012-07-29 21:00:00,,544.625
2012-07-29 22:00:00,,544.606
2012-07-29 23:00:00,,544.604
2012-07-30 00:00:00,,544.607
2012-07-30 01:00:00,,544.609
2012-07-30 02:00:00,,544.623
2012-07-30 03:00:00,,544.617
2012-07-30 04:00:00,,544.627
2012-07-30 05:00:00,,544.619
2012-07-30 06:00:00,,544.63
2012-07-30 07:00:00,,544.62
2012-07-30 08:00:00,,544.61
2012-07-30 09:00:00,,544.61
2012-07-30 10:00:00,,544.608
2012-07-30 11:00:00,,544.625
2012-07-30 12:00:00,,544.625
2012-07-30 13:00:00,,544.624
2012-07-30 14:00:00,,544.645
2012-07-30 15:00:00,,544.65
2012-07-30 16:00:00,,544.651
2012-07-30 17:00:00,,544.635
2012-07-30 18:00:00,,544.638
2012-07-30 19:00:00,,544.636
2012-07-30 20:00:00,,544.625
2012-07-30 21:00:00,,544.625
2012-07-30 22:00:00,,544.62
2012-07-30 23:00:00,,544.614
2012-07-31 00:00:00,,544.622
2012-07-31 01:00:00,,544.615
2012-07-31 02:00:00,,544.617
2012-07-31 03:00:00,,544.621
2012-07-31 04:00:00,,544.623
2012-07-31 05:00:00,,544.633
2012-07-31 06:00:00,,544.633
2012-07-31 07:00:00,,544.624
2012-07-31 08:00:00,,544.624
2012-07-31 09:00:00,,544.609
2012-07-31 10:00:00,,544.617
2012-07-31 11:00:00,,544.61
2012-07-31 12:00:00,,544.618
2012-07-31 13:00:00,,544.639
2012-07-31 14:00:00,,544.649
2012-07-31 15:00:00,,544.651
2012-07-31 16:00:00,,544.657
2012-07-31 17:00:00,,544.645
2012-07-31 18:00:00,,544.641
2012-07-31 19:00:00,,544.634
2012-07-31 20:00:00,,544.638
2012-07-31 21:00:00,,544.621
2012-07-31 22:00:00,,544.629
2012-07-31 23:00:00,,544.617
2012-08-01 00:00:00,,544.629
2012-08-01 01:00:00,,544.63
2012-08-01 02:00:00,,544.621
2012-08-01 03:00:00,,544.631
2012-08-01 04:00:00,,544.628
2012-08-01 05:00:00,,544.639
2012-08-01 06:00:00,,544.625
2012-08-01 07:00:00,,544.629
2012-08-01 08:00:00,,544.622
2012-08-01 09:00:00,,544.619
2012-08-01 10:00:00,,544.631
2012-08-01 11:00:00,,544.63
2012-08-01 12:00:00,,544.628
2012-08-01 13:00:00,,544.638
2012-08-01 14:00:00,,544.642
2012-08-01 15:00:00,,544.646
2012-08-01 16:00:00,,544.647
2012-08-01 17:00:00,,544.647
2012-08-01 18:00:00,,544.644
2012-08-01 19:00:00,,544.638
2012-08-01 20:00:00,,544.642
2012-08-01 21:00:00,,544.635
2012-08-01 22:00:00,,544.621
2012-08-01 23:00:00,,544.63
2012-08-02 00:00:00,,544.633
2012-08-02 01:00:00,,544.627
2012-08-02 02:00:00,,544.64
2012-08-02 03:00:00,,544.629
2012-08-02 04:00:00,,544.645
2012-08-02 05:00:00,,544.642
2012-08-02 06:00:00,,544.626
2012-08-02 07:00:00,,544.621
2012-08-02 08:00:00,,544.616
2012-08-02 09:00:00,,544.623
2012-08-02 10:00:00,,544.612
2012-08-02 11:00:00,,544.617
2012-08-02 12:00:00,,544.635
2012-08-02 13:00:00,,544.636
2012-08-02 14:00:00,,544.646
2012-08-02 15:00:00,,544.663
2012-08-02 16:00:00,,544.653
2012-08-02 17:00:00,,544.654
2012-08-02 18:00:00,,544.648
2012-08-02 19:00:00,,544.644
2012-08-02 20:00:00,,544.635
2012-08-02 21:00:00,,544.641
2012-08-02 22:00:00,,544.638
2012-08-02 23:00:00,,544.624
2012-08-03 00:00:00,,544.631
2012-08-03 01:00:00,,544.632
2012-08-03 02:00:00,,544.634
2012-08-03 03:00:00,,544.632
2012-08-03 04:00:00,,544.646
2012-08-03 05:00:00,,544.645
2012-08-03 06:00:00,,544.636
2012-08-03 07:00:00,,544.624
2012-08-03 08:00:00,,544.63
2012-08-03 09:00:00,,544.616
2012-08-03 10:00:00,,544.619
2012-08-03 11:00:00,,544.622
2012-08-03 12:00:00,,544.622
2012-08-03 13:00:00,,544.636
2012-08-03 14:00:00,,544.646
2012-08-03 15:00:00,,544.658
2012-08-03 16:00:00,,544.657
2012-08-03 17:00:00,,544.651
2012-08-03 18:00:00,,544.653
2012-08-03 19:00:00,,544.636
2012-08-03 20:00:00,,544.638
2012-08-03 21:00:00,,544.629
2012-08-03 22:00:00,,544.635
2012-08-03 23:00:00,,544.628
2012-08-04 00:00:00,,544.635
2012-08-04 01:00:00,,544.633
2012-08-04 02:00:00,,544.635
2012-08-04 03:00:00,,544.638
2012-08-04 04:00:00,,544.639
2012-08-04 05:00:00,,544.638
2012-08-04 06:00:00,,544.636
2012-08-04 07:00:00,,544.623
2012-08-04 08:00:00,,544.621
2012-08-04 09:00:00,,544.629
2012-08-04 10:00:00,,544.614
2012-08-04 11:00:00,,544.629
2012-08-04 12:00:00,,544.62
2012-08-04 13:00:00,,544.639
2012-08-04 14:00:00,,544.646
2012-08-04 15:00:00,,544.648
2012-08-04 16:00:00,,544.656
2012-08-04 17:00:00,,544.645
2012-08-04 18:00:00,,544.641
2012-08-04 19:00:00,,544.638
2012-08-04 20:00:00,,544.646
2012-08-04 21:00:00,,544.626
2012-08-04 22:00:00,,544.622
2012-08-04 23:00:00,,544.628
2012-08-05 00:00:00,,544.635
2012-08-05 01:00:00,,544.622
2012-08-05 02:00:00,,544.636
2012-08-05 03:00:00,,544.635
2012-08-05 04:00:00,,544.635
2012-08-05 05:00:00,,544.636
2012-08-05 06:00:00,,544.638
2012-08-05 07:00:00,,544.632
2012-08-05 08:00:00,,544.615
2012-08-05 09:00:00,,544.619
2012-08-05 10:00:00,,544.616
2012-08-05 11:00:00,,544.619
2012-08-05 12:00:00,,544.631
2012-08-05 13:00:00,,544.625
2012-08-05 14:00:00,,544.633
2012-08-05 15:00:00,,544.651
2012-08-05 16:00:00,,544.642
2012-08-05 17:00:00,,544.653
2012-08-05 18:00:00,,544.639
2012-08-05 19:00:00,,544.646
2012-08-05 20:00:00,,544.63
2012-08-05 21:00:00,,544.623
2012-08-05 22:00:00,,544.617
2012-08-05 23:00:00,,544.616
2012-08-06 00:00:00,,544.629
2012-08-06 01:00:00,,544.626
2012-08-06 02:00:00,,544.616
2012-08-06 03:00:00,,544.625
2012-08-06 04:00:00,,544.62
2012-08-06 05:00:00,,544.62
2012-08-06 06:00:00,,544.618
2012-08-06 07:00:00,,544.612
2012-08-06 08:00:00,,544.616
2012-08-06 09:00:00,,544.604
2012-08-06 10:00:00,,544.602
2012-08-06 11:00:00,,544.615
2012-08-06 12:00:00,,544.616
2012-08-06 13:00:00,,544.619
2012-08-06 14:00:00,,544.637
2012-08-06 15:00:00,,544.633
2012-08-06 16:00:00,,544.638
2012-08-06 17:00:00,,544.64
2012-08-06 18:00:00,,544.649
2012-08-06 19:00:00,,544.644
2012-08-06 20:00:00,,544.639
2012-08-06 21:00:00,,544.62
2012-08-06 22:00:00,,544.623
2012-08-06 23:00:00,,544.627
2012-08-07 00:00:00,,544.627
2012-08-07 01:00:00,,544.627
2012-08-07 02:00:00,,544.618
2012-08-07 03:00:00,,544.622
2012-08-07 04:00:00,,544.624
2012-08-07 05:00:00,,544.625
2012-08-07 06:00:00,,544.628
2012-08-07 07:00:00,,544.632
2012-08-07 08:00:00,,544.616
2012-08-07 09:00:00,,544.624
2012-08-07 10:00:00,,544.611
2012-08-07 11:00:00,,544.614
2012-08-07 12:00:00,,544.62
2012-08-07 13:00:00,,544.639
2012-08-07 14:00:00,,544.647
2012-08-07 15:00:00,,544.641
2012-08-07 16:00:00,,544.656
2012-08-07 17:00:00,,544.645
2012-08-07 18:00:00,,544.653
2012-08-07 19:00:00,,544.651
2012-08-07 20:00:00,,544.643
2012-08-07 21:00:00,,544.627
2012-08-07 22:00:00,,544.636
2012-08-07 23:00:00,,544.624
2012-08-08 00:00:00,,544.624
2012-08-08 01:00:00,,544.624
2012-08-08 02:00:00,,544.632
2012-08-08 03:00:00,,544.628
2012-08-08 04:00:00,,544.635
2012-08-08 05:00:00,,544.627
2012-08-08 06:00:00,,544.632
2012-08-08 07:00:00,,544.634
2012-08-08 08:00:00,,544.619
2012-08-08 09:00:00,,544.63
2012-08-08 10:00:00,,544.622
2012-08-08 11:00:00,,544.629
2012-08-08 12:00:00,,544.631
2012-08-08 13:00:00,,544.63
2012-08-08 14:00:00,,544.646
2012-08-08 15:00:00,,544.652
2012-08-08 16:00:00,,544.652
2012-08-08 17:00:00,,544.647
2012-08-08 18:00:00,,544.647
2012-08-08 19:00:00,,544.65
2012-08-08 20:00:00,,544.633
2012-08-08 21:00:00,,544.638
2012-08-08 22:00:00,,544.625
2012-08-08 23:00:00,,544.639
2012-08-09 00:00:00,,544.625
2012-08-09 01:00:00,,544.639
2012-08-09 02:00:00,,544.639
2012-08-09 03:00:00,,544.627
2012-08-09 04:00:00,,544.642
2012-08-09 05:00:00,,544.63
2012-08-09 06:00:00,,544.637
2012-08-09 07:00:00,,544.626
2012-08-09 08:00:00,,544.613
2012-08-09 09:00:00,,544.616
2012-08-09 10:00:00,,544.621
2012-08-09 11:00:00,,544.623
2012-08-09 12:00:00,,544.626
2012-08-09 13:00:00,,544.621
2012-08-09 14:00:00,,544.629
2012-08-09 15:00:00,,544.641
2012-08-09 16:00:00,,544.648
2012-08-09 17:00:00,,544.634
2012-08-09 18:00:00,,544.631
2012-08-09 19:00:00,,544.625
2012-08-09 20:00:00,,544.615
2012-08-09 21:00:00,,544.621
2012-08-09 22:00:00,,544.613
2012-08-09 23:00:00,,544.616
2012-08-10 00:00:00,,544.622
2012-08-10 01:00:00,,544.62
2012-08-10 02:00:00,,544.613
2012-08-10 03:00:00,,544.616
2012-08-10 04:00:00,,544.623
2012-08-10 05:00:00,,544.624
2012-08-10 06:00:00,,544.615
2012-08-10 07:00:00,,544.617
2012-08-10 08:00:00,,544.6
2012-08-10 09:00:00,,544.61
2012-08-10 10:00:00,,544.609
2012-08-10 11:00:00,,544.606
2012-08-10 12:00:00,,544.619
2012-08-10 13:00:00,,544.617
2012-08-10 14:00:00,,544.635
2012-08-10 15:00:00,,544.63
2012-08-10 16:00:00,,544.633
2012-08-10 17:00:00,,544.643
2012-08-10 18:00:00,,544.635
2012-08-10 19:00:00,,544.622
2012-08-10 20:00:00,,544.626
2012-08-10 21:00:00,,544.626
2012-08-10 22:00:00,,544.61
2012-08-10 23:00:00,,544.609
2012-08-11 00:00:00,,544.623
2012-08-11 01:00:00,,544.614
2012-08-11 02:00:00,,544.615
2012-08-11 03:00:00,,544.618
2012-08-11 04:00:00,,544.621
2012-08-11 05:00:00,,544.618
2012-08-11 06:00:00,,544.63
2012-08-11 07:00:00,,544.624
2012-08-11 08:00:00,,544.619
2012-08-11 09:00:00,,544.616
2012-08-11 10:00:00,,544.605
2012-08-11 11:00:00,,544.613
2012-08-11 12:00:00,,544.616
2012-08-11 13:00:00,,544.639
2012-08-11 14:00:00,,544.648
2012-08-11 15:00:00,,544.648
2012-08-11 16:00:00,,544.653
2012-08-11 17:00:00,,544.65
2012-08-11 18:00:00,,544.643
2012-08-11 19:00:00,,544.641
2012-08-11 20:00:00,,544.634
2012-08-11 21:00:00,,544.629
2012-08-11 22:00:00,,544.632
2012-08-11 23:00:00,,544.617
2012-08-12 00:00:00,,544.633
2012-08-12 01:00:00,,544.632
2012-08-12 02:00:00,,544.625
2012-08-12 03:00:00,,544.639
2012-08-12 04:00:00,,544.639
2012-08-12 05:00:00,,544.638
2012-08-12 06:00:00,,544.624
2012-08-12 07:00:00,,544.618
2012-08-12 08:00:00,,544.613
2012-08-12 09:00:00,,544.622
2012-08-12 10:00:00,,544.625
2012-08-12 11:00:00,,544.627
2012-08-12 12:00:00,,544.638
2012-08-12 13:00:00,,544.637
2012-08-12 14:00:00,,544.655
2012-08-12 15:00:00,,544.662
2012-08-12 16:00:00,,544.651
2012-08-12 17:00:00,,544.662
2012-08-12 18:00:00,,544.658
2012-08-12 19:00:00,,544.642
2012-08-12 20:00:00,,544.636
2012-08-12 21:00:00,,544.641
2012-08-12 22:00:00,,544.637
2012-08-12 23:00:00,,544.624
2012-08-13 00:00:00,,544.635
2012-08-13 01:00:00,,544.637
2012-08-13 02:00:00,,544.642
2012-08-13 03:00:00,,544.64
2012-08-13 04:00:00,,544.64
2012-08-13 05:00:00,,544.642
2012-08-13 06:00:00,,544.625
2012-08-13 07:00:00,,544.621
2012-08-13 08:00:00,,544.616
2012-08-13 09:00:00,,544.615
2012-08-13 10:00:00,,544.63
2012-08-13 11:00:00,,544.621
2012-08-13 12:00:00,,544.634
2012-08-13 13:00:00,,544.65
2012-08-13 14:00:00,,544.651
2012-08-13 15:00:00,,544.651
2012-08-13 16:00:00,,544.659
2012-08-13 17:00:00,,544.663
2012-08-13 18:00:00,,544.661
2012-08-13 19:00:00,,544.656
2012-08-13 20:00:00,,544.635
2012-08-13 21:00:00,,544.63
2012-08-13 22:00:00,,544.628
2012-08-13 23:00:00,,544.636
2012-08-14 00:00:00,,544.628
2012-08-14 01:00:00,,544.643
2012-08-14 02:00:00,,544.646
2012-08-14 03:00:00,,544.647
2012-08-14 04:00:00,,544.636
2012-08-14 05:00:00,,544.635
2012-08-14 06:00:00,,544.632
2012-08-14 07:00:00,,544.626
2012-08-14 08:00:00,,544.634
2012-08-14 09:00:00,,544.618
2012-08-14 10:00:00,,544.625
2012-08-14 11:00:00,,544.62
2012-08-14 12:00:00,,544.625
2012-08-14 13:00:00,,544.645
2012-08-14 14:00:00,,544.655
2012-08-14 15:00:00,,544.662
2012-08-14 16:00:00,,544.66
2012-08-14 17:00:00,,544.659
2012-08-14 18:00:00,,544.657
2012-08-14 19:00:00,,544.648
2012-08-14 20:00:00,,544.631
2012-08-14 21:00:00,,544.627
2012-08-14 22:00:00,,544.623
2012-08-14 23:00:00,,544.623
2012-08-15 00:00:00,,544.629
2012-08-15 01:00:00,,544.64
2012-08-15 02:00:00,,544.647
2012-08-15 03:00:00,,544.64
2012-08-15 04:00:00,,544.637
2012-08-15 05:00:00,,544.638
2012-08-15 06:00:00,,544.635
2012-08-15 07:00:00,,544.642
2012-08-15 08:00:00,,544.635
2012-08-15 09:00:00,,544.623
2012-08-15 10:00:00,,544.62
2012-08-15 11:00:00,,544.621
2012-08-15 12:00:00,,544.639
2012-08-15 13:00:00,,544.646
2012-08-15 14:00:00,,544.659
2012-08-15 15:00:00,,544.652
2012-08-15 16:00:00,,544.667
2012-08-15 17:00:00,,544.665
2012-08-15 18:00:00,,544.65
2012-08-15 19:00:00,,544.649
2012-08-15 20:00:00,,544.638
2012-08-15 21:00:00,,544.632
2012-08-15 22:00:00,,544.642
2012-08-15 23:00:00,,544.635
2012-08-16 00:00:00,,544.631
2012-08-16 01:00:00,,544.646
2012-08-16 02:00:00,,544.646
2012-08-16 03:00:00,,544.639
2012-08-16 04:00:00,,544.655
2012-08-16 05:00:00,,544.652
2012-08-16 06:00:00,,544.639
2012-08-16 07:00:00,,544.634
2012-08-16 08:00:00,,544.631
2012-08-16 09:00:00,,544.637
2012-08-16 10:00:00,,544.631
2012-08-16 11:00:00,,544.627
2012-08-16 12:00:00,,544.644
2012-08-16 13:00:00,,544.652
2012-08-16 14:00:00,,544.664
2012-08-16 15:00:00,,544.658
2012-08-16 16:00:00,,544.671
2012-08-16 17:00:00,,544.659
2012-08-16 18:00:00,,544.669
2012-08-16 19:00:00,,544.647
2012-08-16 20:00:00,,544.653
2012-08-16 21:00:00,,544.632
2012-08-16 22:00:00,,544.64
2012-08-16 23:00:00,,544.638
2012-08-17 00:00:00,,544.625
2012-08-17 01:00:00,,544.625
2012-08-17 02:00:00,,544.639
2012-08-17 03:00:00,,544.644
2012-08-17 04:00:00,,544.641
2012-08-17 05:00:00,,544.648
2012-08-17 06:00:00,,544.643
2012-08-17 07:00:00,,544.626
2012-08-17 08:00:00,,544.619
2012-08-17 09:00:00,,544.615
2012-08-17 10:00:00,,544.622
2012-08-17 11:00:00,,544.612
2012-08-17 12:00:00,,544.625
2012-08-17 13:00:00,,544.64
2012-08-17 14:00:00,,544.649
2012-08-17 15:00:00,,544.658
2012-08-17 16:00:00,,544.65
2012-08-17 17:00:00,,544.662
2012-08-17 18:00:00,,544.653
2012-08-17 19:00:00,,544.639
2012-08-17 20:00:00,,544.643
2012-08-17 21:00:00,,544.625
2012-08-17 22:00:00,,544.617
2012-08-17 23:00:00,,544.626
2012-08-18 00:00:00,,544.629
2012-08-18 01:00:00,,544.634
2012-08-18 02:00:00,,544.638
2012-08-18 03:00:00,,544.643
2012-08-18 04:00:00,,544.644
2012-08-18 05:00:00,,544.639
2012-08-18 06:00:00,,544.627
2012-08-18 07:00:00,,544.632
2012-08-18 08:00:00,,544.617
2012-08-18 09:00:00,,544.615
2012-08-18 10:00:00,,544.62
2012-08-18 11:00:00,,544.61
2012-08-18 12:00:00,,544.624
2012-08-18 13:00:00,,544.626
2012-08-18 14:00:00,,544.648
2012-08-18 15:00:00,,544.655
2012-08-18 16:00:00,,544.651
2012-08-18 17:00:00,,544.655
2012-08-18 18:00:00,,544.641
2012-08-18 19:00:00,,544.644
2012-08-18 20:00:00,,544.623
2012-08-18 21:00:00,,544.616
2012-08-18 22:00:00,,544.624
2012-08-18 23:00:00,,544.622
2012-08-19 00:00:00,,544.61
2012-08-19 01:00:00,,544.612
2012-08-19 02:00:00,,544.615
2012-08-19 03:00:00,,544.619
2012-08-19 04:00:00,,544.623
2012-08-19 05:00:00,,544.626
2012-08-19 06:00:00,,544.623
2012-08-19 07:00:00,,544.633
2012-08-19 08:00:00,,544.635
2012-08-19 09:00:00,,544.629
2012-08-19 10:00:00,,544.613
2012-08-19 11:00:00,,544.626
2012-08-19 12:00:00,,544.634
2012-08-19 13:00:00,,544.632
2012-08-19 14:00:00,,544.648
2012-08-19 15:00:00,,544.651
2012-08-19 16:00:00,,544.666
2012-08-19 17:00:00,,544.664
2012-08-19 18:00:00,,544.659
2012-08-19 19:00:00,,544.645
2012-08-19 20:00:00,,544.636
2012-08-19 21:00:00,,544.645
2012-08-19 22:00:00,,544.63
2012-08-19 23:00:00,,544.641
2012-08-20 00:00:00,,544.627
2012-08-20 01:00:00,,544.639
2012-08-20 02:00:00,,544.629
2012-08-20 03:00:00,,544.633
2012-08-20 04:00:00,,544.65
2012-08-20 05:00:00,,544.639
2012-08-20 06:00:00,,544.639
2012-08-20 07:00:00,,544.642
2012-08-20 08:00:00,,544.642
2012-08-20 09:00:00,,544.628
2012-08-20 10:00:00,,544.64
2012-08-20 11:00:00,,544.641
2012-08-20 12:00:00,,544.643
2012-08-20 13:00:00,,544.656
2012-08-20 14:00:00,,544.653
2012-08-20 15:00:00,,544.659
2012-08-20 16:00:00,,544.676
2012-08-20 17:00:00,,544.675
2012-08-20 18:00:00,,544.673
2012-08-20 19:00:00,,544.669
2012-08-20 20:00:00,,544.649
2012-08-20 21:00:00,,544.645
2012-08-20 22:00:00,,544.646
2012-08-20 23:00:00,,544.651
2012-08-21 00:00:00,,544.637
2012-08-21 01:00:00,,544.649
2012-08-21 02:00:00,,544.652
2012-08-21 03:00:00,,544.649
2012-08-21 04:00:00,,544.652
2012-08-21 05:00:00,,544.655
2012-08-21 06:00:00,,544.65
2012-08-21 07:00:00,,544.64
2012-08-21 08:00:00,,544.646
2012-08-21 09:00:00,,544.631
2012-08-21 10:00:00,,544.63
2012-08-21 11:00:00,,544.634
2012-08-21 12:00:00,,544.652
2012-08-21 13:00:00,,544.654
2012-08-21 14:00:00,,544.655
2012-08-21 15:00:00,,544.673
2012-08-21 16:00:00,,544.663
2012-08-21 17:00:00,,544.676
2012-08-21 18:00:00,,544.661
2012-08-21 19:00:00,,544.661
2012-08-21 20:00:00,,544.662
2012-08-21 21:00:00,,544.655
2012-08-21 22:00:00,,544.652
2012-08-21 23:00:00,,544.651
2012-08-22 00:00:00,,544.637
2012-08-22 01:00:00,,544.65
2012-08-22 02:00:00,,544.65
2012-08-22 03:00:00,,544.641
2012-08-22 04:00:00,,544.651
2012-08-22 05:00:00,,544.653
2012-08-22 06:00:00,,544.654
2012-08-22 07:00:00,,544.64
2012-08-22 08:00:00,,544.637
2012-08-22 09:00:00,,544.644
2012-08-22 10:00:00,,544.633
2012-08-22 11:00:00,,544.635
2012-08-22 12:00:00,,544.641
2012-08-22 13:00:00,,544.65
2012-08-22 14:00:00,,544.655
2012-08-22 15:00:00,,544.669
2012-08-22 16:00:00,,544.674
2012-08-22 17:00:00,,544.668
2012-08-22 18:00:00,,544.662
2012-08-22 19:00:00,,544.658
2012-08-22 20:00:00,,544.649
2012-08-22 21:00:00,,544.643
2012-08-22 22:00:00,,544.638
2012-08-22 23:00:00,,544.649
2012-08-23 00:00:00,,544.636
2012-08-23 01:00:00,,544.635
2012-08-23 02:00:00,,544.646
2012-08-23 03:00:00,,544.646
2012-08-23 04:00:00,,544.633
2012-08-23 05:00:00,,544.633
2012-08-23 06:00:00,,544.625
2012-08-23 07:00:00,,544.63
2012-08-23 08:00:00,,544.615
2012-08-23 09:00:00,,544.625
2012-08-23 10:00:00,,544.616
2012-08-23 11:00:00,,544.618
2012-08-23 12:00:00,,544.629
2012-08-23 13:00:00,,544.633
2012-08-23 14:00:00,,544.629
2012-08-23 15:00:00,,544.644
2012-08-23 16:00:00,,544.646
2012-08-23 17:00:00,,544.644
2012-08-23 18:00:00,,544.643
2012-08-23 19:00:00,,544.641
2012-08-23 20:00:00,,544.634
2012-08-23 21:00:00,,544.622
2012-08-23 22:00:00,,544.629
2012-08-23 23:00:00,,544.618
2012-08-24 00:00:00,,544.628
2012-08-24 01:00:00,,544.617
2012-08-24 02:00:00,,544.624
2012-08-24 03:00:00,,544.632
2012-08-24 04:00:00,,544.625
2012-08-24 05:00:00,,544.628
2012-08-24 06:00:00,,544.626
2012-08-24 07:00:00,,544.62
2012-08-24 08:00:00,,544.614
2012-08-24 09:00:00,,544.613
2012-08-24 10:00:00,,544.615
2012-08-24 11:00:00,,544.603
2012-08-24 12:00:00,,544.619
2012-08-24 13:00:00,,544.622
2012-08-24 14:00:00,,544.63
2012-08-24 15:00:00,,544.636
2012-08-24 16:00:00,,544.64
2012-08-24 17:00:00,,544.638
2012-08-24 18:00:00,,544.635
2012-08-24 19:00:00,,544.631
2012-08-24 20:00:00,,544.638
2012-08-24 21:00:00,,544.619
2012-08-24 22:00:00,,544.621
2012-08-24 23:00:00,,544.618
2012-08-25 00:00:00,,544.62
2012-08-25 01:00:00,,544.622
2012-08-25 02:00:00,,544.641
2012-08-25 03:00:00,,544.644
2012-08-25 04:00:00,,544.637
2012-08-25 05:00:00,,544.641
2012-08-25 06:00:00,,544.639
2012-08-25 07:00:00,,544.631
2012-08-25 08:00:00,,544.628
2012-08-25 09:00:00,,544.615
2012-08-25 10:00:00,,544.616
2012-08-25 11:00:00,,544.632
2012-08-25 12:00:00,,544.628
2012-08-25 13:00:00,,544.637
2012-08-25 14:00:00,,544.655
2012-08-25 15:00:00,,544.656
2012-08-25 16:00:00,,544.652
2012-08-25 17:00:00,,544.662
2012-08-25 18:00:00,,544.647
2012-08-25 19:00:00,,544.653
2012-08-25 20:00:00,,544.637
2012-08-25 21:00:00,,544.645
2012-08-25 22:00:00,,544.642
2012-08-25 23:00:00,,544.626
2012-08-26 00:00:00,,544.626
2012-08-26 01:00:00,,544.627
2012-08-26 02:00:00,,544.639
2012-08-26 03:00:00,,544.635
2012-08-26 04:00:00,,544.633
2012-08-26 05:00:00,,544.628
2012-08-26 06:00:00,,544.636
2012-08-26 07:00:00,,544.62
2012-08-26 08:00:00,,544.615
2012-08-26 09:00:00,,544.622
2012-08-26 10:00:00,,544.612
2012-08-26 11:00:00,,544.624
2012-08-26 12:00:00,,544.634
2012-08-26 13:00:00,,544.633
2012-08-26 14:00:00,,544.651
2012-08-26 15:00:00,,544.656
2012-08-26 16:00:00,,544.66
2012-08-26 17:00:00,,544.657
2012-08-26 18:00:00,,544.655
2012-08-26 19:00:00,,544.638
2012-08-26 20:00:00,,544.631
2012-08-26 21:00:00,,544.631
2012-08-26 22:00:00,,544.634
2012-08-26 23:00:00,,544.635
2012-08-27 00:00:00,,544.623
2012-08-27 01:00:00,,544.633
2012-08-27 02:00:00,,544.629
2012-08-27 03:00:00,,544.633
2012-08-27 04:00:00,,544.634
2012-08-27 05:00:00,,544.643
2012-08-27 06:00:00,,544.638
2012-08-27 07:00:00,,544.622
2012-08-27 08:00:00,,544.619
2012-08-27 09:00:00,,544.618
2012-08-27 10:00:00,,544.626
2012-08-27 11:00:00,,544.632
2012-08-27 12:00:00,,544.629
2012-08-27 13:00:00,,544.65
2012-08-27 14:00:00,,544.648
2012-08-27 15:00:00,,544.654
2012-08-27 16:00:00,,544.655
2012-08-27 17:00:00,,544.657
2012-08-27 18:00:00,,544.651
2012-08-27 19:00:00,,544.658
2012-08-27 20:00:00,,544.64
2012-08-27 21:00:00,,544.634
2012-08-27 22:00:00,,544.63
2012-08-27 23:00:00,,544.645
2012-08-28 00:00:00,,544.643
2012-08-28 01:00:00,,544.645
2012-08-28 02:00:00,,544.635
2012-08-28 03:00:00,,544.648
2012-08-28 04:00:00,,544.651
2012-08-28 05:00:00,,544.638
2012-08-28 06:00:00,,544.645
2012-08-28 07:00:00,,544.641
2012-08-28 08:00:00,,544.634
2012-08-28 09:00:00,,544.629
2012-08-28 10:00:00,,544.623
2012-08-28 11:00:00,,544.622
2012-08-28 12:00:00,,544.628
2012-08-28 13:00:00,,544.652
2012-08-28 14:00:00,,544.663
2012-08-28 15:00:00,,544.656
2012-08-28 16:00:00,,544.666
2012-08-28 17:00:00,,544.658
2012-08-28 18:00:00,,544.659
2012-08-28 19:00:00,,544.647
2012-08-28 20:00:00,,544.641
2012-08-28 21:00:00,,544.648
2012-08-28 22:00:00,,544.637
2012-08-28 23:00:00,,544.628
2012-08-29 00:00:00,,544.63
2012-08-29 01:00:00,,544.644
2012-08-29 02:00:00,,544.65
2012-08-29 03:00:00,,544.652
2012-08-29 04:00:00,,544.655
2012-08-29 05:00:00,,544.655
2012-08-29 06:00:00,,544.644
2012-08-29 07:00:00,,544.651
2012-08-29 08:00:00,,544.633
2012-08-29 09:00:00,,544.628
2012-08-29 10:00:00,,544.64
2012-08-29 11:00:00,,544.644
2012-08-29 12:00:00,,544.651
2012-08-29 13:00:00,,544.657
2012-08-29 14:00:00,,544.655
2012-08-29 15:00:00,,544.673
2012-08-29 16:00:00,,544.664
2012-08-29 17:00:00,,544.666
2012-08-29 18:00:00,,544.658
2012-08-29 19:00:00,,544.663
2012-08-29 20:00:00,,544.641
2012-08-29 21:00:00,,544.635
2012-08-29 22:00:00,,544.63
2012-08-29 23:00:00,,544.631
2012-08-30 00:00:00,,544.644
2012-08-30 01:00:00,,544.648
2012-08-30 02:00:00,,544.638
2012-08-30 03:00:00,,544.641
2012-08-30 04:00:00,,544.643
2012-08-30 05:00:00,,544.641
2012-08-30 06:00:00,,544.645
2012-08-30 07:00:00,,544.631
2012-08-30 08:00:00,,544.621
2012-08-30 09:00:00,,544.625
2012-08-30 10:00:00,,544.625
2012-08-30 11:00:00,,544.614
2012-08-30 12:00:00,,544.623
2012-08-30 13:00:00,,544.634
2012-08-30 14:00:00,,544.644
2012-08-30 15:00:00,,544.65
2012-08-30 16:00:00,,544.655
2012-08-30 17:00:00,,544.666
2012-08-30 18:00:00,,544.666
2012-08-30 19:00:00,,544.652
2012-08-30 20:00:00,,544.65
2012-08-30 21:00:00,,544.631
2012-08-30 22:00:00,,544.622
2012-08-30 23:00:00,,544.618
2012-08-31 00:00:00,,544.632
2012-08-31 01:00:00,,544.618
2012-08-31 02:00:00,,544.635
2012-08-31 03:00:00,,544.641
2012-08-31 04:00:00,,544.627
2012-08-31 05:00:00,,544.641
2012-08-31 06:00:00,,544.638
2012-08-31 07:00:00,,544.619
2012-08-31 08:00:00,,544.628
2012-08-31 09:00:00,,544.613
2012-08-31 10:00:00,,544.61
2012-08-31 11:00:00,,544.61
2012-08-31 12:00:00,,544.613
2012-08-31 13:00:00,,544.625
2012-08-31 14:00:00,,544.648
2012-08-31 15:00:00,,544.643
2012-08-31 16:00:00,,544.647
2012-08-31 17:00:00,,544.647
2012-08-31 18:00:00,,544.651
2012-08-31 19:00:00,,544.639
2012-08-31 20:00:00,,544.63
2012-08-31 21:00:00,,544.625
2012-08-31 22:00:00,,544.619
2012-08-31 23:00:00,,544.631
2012-09-01 00:00:00,,544.617
2012-09-01 01:00:00,,544.632
2012-09-01 02:00:00,,544.636
2012-09-01 03:00:00,,544.628
2012-09-01 04:00:00,,544.632
2012-09-01 05:00:00,,544.644
2012-09-01 06:00:00,,544.645
2012-09-01 07:00:00,,544.641
2012-09-01 08:00:00,,544.636
2012-09-01 09:00:00,,544.634
2012-09-01 10:00:00,,544.621
2012-09-01 11:00:00,,544.638
2012-09-01 12:00:00,,544.645
2012-09-01 13:00:00,,544.644
2012-09-01 14:00:00,,544.666
2012-09-01 15:00:00,,544.669
2012-09-01 16:00:00,,544.661
2012-09-01 17:00:00,,544.658
2012-09-01 18:00:00,,544.653
2012-09-01 19:00:00,,544.66
2012-09-01 20:00:00,,544.653
2012-09-01 21:00:00,,544.636
2012-09-01 22:00:00,,544.628
2012-09-01 23:00:00,,544.641
2012-09-02 00:00:00,,544.639
2012-09-02 01:00:00,,544.64
2012-09-02 02:00:00,,544.633
2012-09-02 03:00:00,,544.644
2012-09-02 04:00:00,,544.643
2012-09-02 05:00:00,,544.648
2012-09-02 06:00:00,,544.645
2012-09-02 07:00:00,,544.642
2012-09-02 08:00:00,,544.637
2012-09-02 09:00:00,,544.623
2012-09-02 10:00:00,,544.629
2012-09-02 11:00:00,,544.637
2012-09-02 12:00:00,,544.635
2012-09-02 13:00:00,,544.654
2012-09-02 14:00:00,,544.652
2012-09-02 15:00:00,,544.669
2012-09-02 16:00:00,,544.664
2012-09-02 17:00:00,,544.674
2012-09-02 18:00:00,,544.673
2012-09-02 19:00:00,,544.652
2012-09-02 20:00:00,,544.655
2012-09-02 21:00:00,,544.638
2012-09-02 22:00:00,,544.631
2012-09-02 23:00:00,,544.635
2012-09-03 00:00:00,,544.642
2012-09-03 01:00:00,,544.631
2012-09-03 02:00:00,,544.635
2012-09-03 03:00:00,,544.648
2012-09-03 04:00:00,,544.651
2012-09-03 05:00:00,,544.652
2012-09-03 06:00:00,,544.637
2012-09-03 07:00:00,,544.636
2012-09-03 08:00:00,,544.646
2012-09-03 09:00:00,,544.644
2012-09-03 10:00:00,,544.642
2012-09-03 11:00:00,,544.633
2012-09-03 12:00:00,,544.641
2012-09-03 13:00:00,,544.648
2012-09-03 14:00:00,,544.669
2012-09-03 15:00:00,,544.673
2012-09-03 16:00:00,,544.664
2012-09-03 17:00:00,,544.664
2012-09-03 18:00:00,,544.666
2012-09-03 19:00:00,,544.655
2012-09-03 20:00:00,,544.66
2012-09-03 21:00:00,,544.652
2012-09-03 22:00:00,,544.646
2012-09-03 23:00:00,,544.646
2012-09-04 00:00:00,,544.646
2012-09-04 01:00:00,,544.638
2012-09-04 02:00:00,,544.638
2012-09-04 03:00:00,,544.649
2012-09-04 04:00:00,,544.637
2012-09-04 05:00:00,,544.648
2012-09-04 06:00:00,,544.635
2012-09-04 07:00:00,,544.646
2012-09-04 08:00:00,,544.63
2012-09-04 09:00:00,,544.634
2012-09-04 10:00:00,,544.632
2012-09-04 11:00:00,,544.646
2012-09-04 12:00:00,,544.655
2012-09-04 13:00:00,,544.651
2012-09-04 14:00:00,,544.672
2012-09-04 15:00:00,,544.68
2012-09-04 16:00:00,,544.68
2012-09-04 17:00:00,,544.68
2012-09-04 18:00:00,,544.678
2012-09-04 19:00:00,,544.662
2012-09-04 20:00:00,,544.653
2012-09-04 21:00:00,,544.661
2012-09-04 22:00:00,,544.657
2012-09-04 23:00:00,,544.656
2012-09-05 00:00:00,,544.641
2012-09-05 01:00:00,,544.643
2012-09-05 02:00:00,,544.659
2012-09-05 03:00:00,,544.651
2012-09-05 04:00:00,,544.654
2012-09-05 05:00:00,,544.654
2012-09-05 06:00:00,,544.655
2012-09-05 07:00:00,,544.659
2012-09-05 08:00:00,,544.64
2012-09-05 09:00:00,,544.637
2012-09-05 10:00:00,,544.646
2012-09-05 11:00:00,,544.641
2012-09-05 12:00:00,,544.64
2012-09-05 13:00:00,,544.654
2012-09-05 14:00:00,,544.654
2012-09-05 15:00:00,,544.671
2012-09-05 16:00:00,,544.67
2012-09-05 17:00:00,,544.669
2012-09-05 18:00:00,,544.654
2012-09-05 19:00:00,,544.655
2012-09-05 20:00:00,,544.644
2012-09-05 21:00:00,,544.645
2012-09-05 22:00:00,,544.637
2012-09-05 23:00:00,,544.637
2012-09-06 00:00:00,,544.647
2012-09-06 01:00:00,,544.637
2012-09-06 02:00:00,,544.641
2012-09-06 03:00:00,,544.64
2012-09-06 04:00:00,,544.642
2012-09-06 05:00:00,,544.64
2012-09-06 06:00:00,,544.635
2012-09-06 07:00:00,,544.646
2012-09-06 08:00:00,,544.641
2012-09-06 09:00:00,,544.639
2012-09-06 10:00:00,,544.627
2012-09-06 11:00:00,,544.632
2012-09-06 12:00:00,,544.638
2012-09-06 13:00:00,,544.645
2012-09-06 14:00:00,,544.666
2012-09-06 15:00:00,,544.66
2012-09-06 16:00:00,,544.675
2012-09-06 17:00:00,,544.674
2012-09-06 18:00:00,,544.671
2012-09-06 19:00:00,,544.665
2012-09-06 20:00:00,,544.658
2012-09-06 21:00:00,,544.638
2012-09-06 22:00:00,,544.646
2012-09-06 23:00:00,,544.631
2012-09-07 00:00:00,,544.629
2012-09-07 01:00:00,,544.641
2012-09-07 02:00:00,,544.63
2012-09-07 03:00:00,,544.63
2012-09-07 04:00:00,,544.633
2012-09-07 05:00:00,,544.636
2012-09-07 06:00:00,,544.62
2012-09-07 07:00:00,,544.615
2012-09-07 08:00:00,,544.625
2012-09-07 09:00:00,,544.617
2012-09-07 10:00:00,,544.612
2012-09-07 11:00:00,,544.61
2012-09-07 12:00:00,,544.616
2012-09-07 13:00:00,,544.624
2012-09-07 14:00:00,,544.632
2012-09-07 15:00:00,,544.647
2012-09-07 16:00:00,,544.64
2012-09-07 17:00:00,,544.639
2012-09-07 18:00:00,,544.634
2012-09-07 19:00:00,,544.634
2012-09-07 20:00:00,,544.634
2012-09-07 21:00:00,,544.624
2012-09-07 22:00:00,,544.623
2012-09-07 23:00:00,,544.62
2012-09-08 00:00:00,,544.623
2012-09-08 01:00:00,,544.626
2012-09-08 02:00:00,,544.615
2012-09-08 03:00:00,,544.629
2012-09-08 04:00:00,,544.621
2012-09-08 05:00:00,,544.633
2012-09-08 06:00:00,,544.625
2012-09-08 07:00:00,,544.622
2012-09-08 08:00:00,,544.626
2012-09-08 09:00:00,,544.615
2012-09-08 10:00:00,,544.621
2012-09-08 11:00:00,,544.629
2012-09-08 12:00:00,,544.624
2012-09-08 13:00:00,,544.635
2012-09-08 14:00:00,,544.641
2012-09-08 15:00:00,,544.66
2012-09-08 16:00:00,,544.651
2012-09-08 17:00:00,,544.662
2012-09-08 18:00:00,,544.647
2012-09-08 19:00:00,,544.653
2012-09-08 20:00:00,,544.633
2012-09-08 21:00:00,,544.627
2012-09-08 22:00:00,,544.631
2012-09-08 23:00:00,,544.628
2012-09-09 00:00:00,,544.618
2012-09-09 01:00:00,,544.638
2012-09-09 02:00:00,,544.644
2012-09-09 03:00:00,,544.637
2012-09-09 04:00:00,,544.638
2012-09-09 05:00:00,,544.647
2012-09-09 06:00:00,,544.631
2012-09-09 07:00:00,,544.626
2012-09-09 08:00:00,,544.619
2012-09-09 09:00:00,,544.622
2012-09-09 10:00:00,,544.631
2012-09-09 11:00:00,,544.632
2012-09-09 12:00:00,,544.636
2012-09-09 13:00:00,,544.648
2012-09-09 14:00:00,,544.656
2012-09-09 15:00:00,,544.672
2012-09-09 16:00:00,,544.663
2012-09-09 17:00:00,,544.657
2012-09-09 18:00:00,,544.666
2012-09-09 19:00:00,,544.659
2012-09-09 20:00:00,,544.642
2012-09-09 21:00:00,,544.636
2012-09-09 22:00:00,,544.646
2012-09-09 23:00:00,,544.631
2012-09-10 00:00:00,,544.643
2012-09-10 01:00:00,,544.647
2012-09-10 02:00:00,,544.651
2012-09-10 03:00:00,,544.641
2012-09-10 04:00:00,,544.642
2012-09-10 05:00:00,,544.65
2012-09-10 06:00:00,,544.638
2012-09-10 07:00:00,,544.644
2012-09-10 08:00:00,,544.639
2012-09-10 09:00:00,,544.625
2012-09-10 10:00:00,,544.627
2012-09-10 11:00:00,,544.633
2012-09-10 12:00:00,,544.639
2012-09-10 13:00:00,,544.659
2012-09-10 14:00:00,,544.669
2012-09-10 15:00:00,,544.671
2012-09-10 16:00:00,,544.663
2012-09-10 17:00:00,,544.658
2012-09-10 18:00:00,,544.654
2012-09-10 19:00:00,,544.647
2012-09-10 20:00:00,,544.641
2012-09-10 21:00:00,,544.632
2012-09-10 22:00:00,,544.631
2012-09-10 23:00:00,,544.629
2012-09-11 00:00:00,,544.646
2012-09-11 01:00:00,,544.646
2012-09-11 02:00:00,,544.651
2012-09-11 03:00:00,,544.655
2012-09-11 04:00:00,,544.643
2012-09-11 05:00:00,,544.645
2012-09-11 06:00:00,,544.648
2012-09-11 07:00:00,,544.643
2012-09-11 08:00:00,,544.627
2012-09-11 09:00:00,,544.625
2012-09-11 10:00:00,,544.624
2012-09-11 11:00:00,,544.627
2012-09-11 12:00:00,,544.648
2012-09-11 13:00:00,,544.657
2012-09-11 14:00:00,,544.668
2012-09-11 15:00:00,,544.661
2012-09-11 16:00:00,,544.674
2012-09-11 17:00:00,,544.661
2012-09-11 18:00:00,,544.658
2012-09-11 19:00:00,,544.665
2012-09-11 20:00:00,,544.658
2012-09-11 21:00:00,,544.641
2012-09-11 22:00:00,,544.635
2012-09-11 23:00:00,,544.635
2012-09-12 00:00:00,,544.636
2012-09-12 01:00:00,,544.644
2012-09-12 02:00:00,,544.652
2012-09-12 03:00:00,,544.654
2012-09-12 04:00:00,,544.654
2012-09-12 05:00:00,,544.648
2012-09-12 06:00:00,,544.647
2012-09-12 07:00:00,,544.647
2012-09-12 08:00:00,,544.631
2012-09-12 09:00:00,,544.64
2012-09-12 10:00:00,,544.629
2012-09-12 11:00:00,,544.634
2012-09-12 12:00:00,,544.643
2012-09-12 13:00:00,,544.654
2012-09-12 14:00:00,,544.661
2012-09-12 15:00:00,,544.68
2012-09-12 16:00:00,,544.68
2012-09-12 17:00:00,,544.669
2012-09-12 18:00:00,,544.676
2012-09-12 19:00:00,,544.671
2012-09-12 20:00:00,,544.651
2012-09-12 21:00:00,,544.647
2012-09-12 22:00:00,,544.644
2012-09-12 23:00:00,,544.654
2012-09-13 00:00:00,,544.654
2012-09-13 01:00:00,,544.645
2012-09-13 02:00:00,,544.653
2012-09-13 03:00:00,,544.651
2012-09-13 04:00:00,,544.666
2012-09-13 05:00:00,,544.656
2012-09-13 06:00:00,,544.655
2012-09-13 07:00:00,,544.633
2012-09-13 08:00:00,,544.637
2012-09-13 09:00:00,,544.621
2012-09-13 10:00:00,,544.617
2012-09-13 11:00:00,,544.631
2012-09-13 12:00:00,,544.629
2012-09-13 13:00:00,,544.651
2012-09-13 14:00:00,,544.657
2012-09-13 15:00:00,,544.657
2012-09-13 16:00:00,,544.672
2012-09-13 17:00:00,,544.667
2012-09-13 18:00:00,,544.659
2012-09-13 19:00:00,,544.655
2012-09-13 20:00:00,,544.639
2012-09-13 21:00:00,,544.64
2012-09-13 22:00:00,,544.624
2012-09-13 23:00:00,,544.637
2012-09-14 00:00:00,,544.639
2012-09-14 01:00:00,,544.632
2012-09-14 02:00:00,,544.634
2012-09-14 03:00:00,,544.639
2012-09-14 04:00:00,,544.653
2012-09-14 05:00:00,,544.65
2012-09-14 06:00:00,,544.646
2012-09-14 07:00:00,,544.63
2012-09-14 08:00:00,,544.625
2012-09-14 09:00:00,,544.624
2012-09-14 10:00:00,,544.637
2012-09-14 11:00:00,,544.629
2012-09-14 12:00:00,,544.638
2012-09-14 13:00:00,,544.66
2012-09-14 14:00:00,,544.662
2012-09-14 15:00:00,,544.67
2012-09-14 16:00:00,,544.676
2012-09-14 17:00:00,,544.675
2012-09-14 18:00:00,,544.673
2012-09-14 19:00:00,,544.651
2012-09-14 20:00:00,,544.641
2012-09-14 21:00:00,,544.633
2012-09-14 22:00:00,,544.639
2012-09-14 23:00:00,,544.642
2012-09-15 00:00:00,,544.63
2012-09-15 01:00:00,,544.646
2012-09-15 02:00:00,,544.649
2012-09-15 03:00:00,,544.653
2012-09-15 04:00:00,,544.649
2012-09-15 05:00:00,,544.647
2012-09-15 06:00:00,,544.65
2012-09-15 07:00:00,,544.631
2012-09-15 08:00:00,,544.626
2012-09-15 09:00:00,,544.634
2012-09-15 10:00:00,,544.634
2012-09-15 11:00:00,,544.64
2012-09-15 12:00:00,,544.651
2012-09-15 13:00:00,,544.66
2012-09-15 14:00:00,,544.656
2012-09-15 15:00:00,,544.666
2012-09-15 16:00:00,,544.679
2012-09-15 17:00:00,,544.675
2012-09-15 18:00:00,,544.659
2012-09-15 19:00:00,,544.653
2012-09-15 20:00:00,,544.645
2012-09-15 21:00:00,,544.637
2012-09-15 22:00:00,,544.641
2012-09-15 23:00:00,,544.629
2012-09-16 00:00:00,,544.642
2012-09-16 01:00:00,,544.645
2012-09-16 02:00:00,,544.652
2012-09-16 03:00:00,,544.65
2012-09-16 04:00:00,,544.66
2012-09-16 05:00:00,,544.646
2012-09-16 06:00:00,,544.644
2012-09-16 07:00:00,,544.639
2012-09-16 08:00:00,,544.63
2012-09-16 09:00:00,,544.64
2012-09-16 10:00:00,,544.631
2012-09-16 11:00:00,,544.64
2012-09-16 12:00:00,,544.655
2012-09-16 13:00:00,,544.661
2012-09-16 14:00:00,,544.66
2012-09-16 15:00:00,,544.679
2012-09-16 16:00:00,,544.683
2012-09-16 17:00:00,,544.684
2012-09-16 18:00:00,,544.68
2012-09-16 19:00:00,,544.671
2012-09-16 20:00:00,,544.664
2012-09-16 21:00:00,,544.654
2012-09-16 22:00:00,,544.638
2012-09-16 23:00:00,,544.647
2012-09-17 00:00:00,,544.647
2012-09-17 01:00:00,,544.638
2012-09-17 02:00:00,,544.654
2012-09-17 03:00:00,,544.663
2012-09-17 04:00:00,,544.654
2012-09-17 05:00:00,,544.664
2012-09-17 06:00:00,,544.661
2012-09-17 07:00:00,,544.658
2012-09-17 08:00:00,,544.64
2012-09-17 09:00:00,,544.637
2012-09-17 10:00:00,,544.645
2012-09-17 11:00:00,,544.636
2012-09-17 12:00:00,,544.645
2012-09-17 13:00:00,,544.652
2012-09-17 14:00:00,,544.662
2012-09-17 15:00:00,,544.684
2012-09-17 16:00:00,,544.689
2012-09-17 17:00:00,,544.681
2012-09-17 18:00:00,,544.692
2012-09-17 19:00:00,,544.673
2012-09-17 20:00:00,,544.664
2012-09-17 21:00:00,,544.659
2012-09-17 22:00:00,,544.663
2012-09-17 23:00:00,,544.664
2012-09-18 00:00:00,,544.651
2012-09-18 01:00:00,,544.654
2012-09-18 02:00:00,,544.653
2012-09-18 03:00:00,,544.658
2012-09-18 04:00:00,,544.669
2012-09-18 05:00:00,,544.657
2012-09-18 06:00:00,,544.652
2012-09-18 07:00:00,,544.647
2012-09-18 08:00:00,,544.641
2012-09-18 09:00:00,,544.641
2012-09-18 10:00:00,,544.639
2012-09-18 11:00:00,,544.651
2012-09-18 12:00:00,,544.652
2012-09-18 13:00:00,,544.667
2012-09-18 14:00:00,,544.668
2012-09-18 15:00:00,,544.673
2012-09-18 16:00:00,,544.69
2012-09-18 17:00:00,,544.676
2012-09-18 18:00:00,,544.677
2012-09-18 19:00:00,,544.672
2012-09-18 20:00:00,,544.672
2012-09-18 21:00:00,,544.654
2012-09-18 22:00:00,,544.66
2012-09-18 23:00:00,,544.66
2012-09-19 00:00:00,,544.649
2012-09-19 01:00:00,,544.663
2012-09-19 02:00:00,,544.653
2012-09-19 03:00:00,,544.669
2012-09-19 04:00:00,,544.657
2012-09-19 05:00:00,,544.659
2012-09-19 06:00:00,,544.665
2012-09-19 07:00:00,,544.664
2012-09-19 08:00:00,,544.653
2012-09-19 09:00:00,,544.642
2012-09-19 10:00:00,,544.64
2012-09-19 11:00:00,,544.645
2012-09-19 12:00:00,,544.66
2012-09-19 13:00:00,,544.656
2012-09-19 14:00:00,,544.674
2012-09-19 15:00:00,,544.677
2012-09-19 16:00:00,,544.681
2012-09-19 17:00:00,,544.679
2012-09-19 18:00:00,,544.677
2012-09-19 19:00:00,,544.66
2012-09-19 20:00:00,,544.654
2012-09-19 21:00:00,,544.659
2012-09-19 22:00:00,,544.645
2012-09-19 23:00:00,,544.641
2012-09-20 00:00:00,,544.652
2012-09-20 01:00:00,,544.656
2012-09-20 02:00:00,,544.647
2012-09-20 03:00:00,,544.652
2012-09-20 04:00:00,,544.652
2012-09-20 05:00:00,,544.653
2012-09-20 06:00:00,,544.663
2012-09-20 07:00:00,,544.658
2012-09-20 08:00:00,,544.65
2012-09-20 09:00:00,,544.648
2012-09-20 10:00:00,,544.649
2012-09-20 11:00:00,,544.637
2012-09-20 12:00:00,,544.658
2012-09-20 13:00:00,,544.653
2012-09-20 14:00:00,,544.672
2012-09-20 15:00:00,,544.664
2012-09-20 16:00:00,,544.666
2012-09-20 17:00:00,,544.678
2012-09-20 18:00:00,,544.659
2012-09-20 19:00:00,,544.654
2012-09-20 20:00:00,,544.659
2012-09-20 21:00:00,,544.643
2012-09-20 22:00:00,,544.644
2012-09-20 23:00:00,,544.639
2012-09-21 00:00:00,,544.652
2012-09-21 01:00:00,,544.654
2012-09-21 02:00:00,,544.657
2012-09-21 03:00:00,,544.659
2012-09-21 04:00:00,,544.649
2012-09-21 05:00:00,,544.648
2012-09-21 06:00:00,,544.642
2012-09-21 07:00:00,,544.652
2012-09-21 08:00:00,,544.635
2012-09-21 09:00:00,,544.63
2012-09-21 10:00:00,,544.629
2012-09-21 11:00:00,,544.634
2012-09-21 12:00:00,,544.65
2012-09-21 13:00:00,,544.659
2012-09-21 14:00:00,,544.669
2012-09-21 15:00:00,,544.676
2012-09-21 16:00:00,,544.676
2012-09-21 17:00:00,,544.665
2012-09-21 18:00:00,,544.669
2012-09-21 19:00:00,,544.669
2012-09-21 20:00:00,,544.665
2012-09-21 21:00:00,,544.66
2012-09-21 22:00:00,,544.656
2012-09-21 23:00:00,,544.643
2012-09-22 00:00:00,,544.657
2012-09-22 01:00:00,,544.648
2012-09-22 02:00:00,,544.663
2012-09-22 03:00:00,,544.662
2012-09-22 04:00:00,,544.649
2012-09-22 05:00:00,,544.659
2012-09-22 06:00:00,,544.643
2012-09-22 07:00:00,,544.643
2012-09-22 08:00:00,,544.652
2012-09-22 09:00:00,,544.65
2012-09-22 10:00:00,,544.65
2012-09-22 11:00:00,,544.646
2012-09-22 12:00:00,,544.652
2012-09-22 13:00:00,,544.674
2012-09-22 14:00:00,,544.679
2012-09-22 15:00:00,,544.678
2012-09-22 16:00:00,,544.674
2012-09-22 17:00:00,,544.671
2012-09-22 18:00:00,,544.68
2012-09-22 19:00:00,,544.661
2012-09-22 20:00:00,,544.655
2012-09-22 21:00:00,,544.655
2012-09-22 22:00:00,,544.661
2012-09-22 23:00:00,,544.648
2012-09-23 00:00:00,,544.648
2012-09-23 01:00:00,,544.653
2012-09-23 02:00:00,,544.668
2012-09-23 03:00:00,,544.671
2012-09-23 04:00:00,,544.671
2012-09-23 05:00:00,,544.664
2012-09-23 06:00:00,,544.647
2012-09-23 07:00:00,,544.646
2012-09-23 08:00:00,,544.641
2012-09-23 09:00:00,,544.647
2012-09-23 10:00:00,,544.634
2012-09-23 11:00:00,,544.643
2012-09-23 12:00:00,,544.656
2012-09-23 13:00:00,,544.651
2012-09-23 14:00:00,,544.668
2012-09-23 15:00:00,,544.67
2012-09-23 16:00:00,,544.667
2012-09-23 17:00:00,,544.67
2012-09-23 18:00:00,,544.653
2012-09-23 19:00:00,,544.663
2012-09-23 20:00:00,,544.648
2012-09-23 21:00:00,,544.641
2012-09-23 22:00:00,,544.633
2012-09-23 23:00:00,,544.644
2012-09-24 00:00:00,,544.649
2012-09-24 01:00:00,,544.64
2012-09-24 02:00:00,,544.644
2012-09-24 03:00:00,,544.645
2012-09-24 04:00:00,,544.645
2012-09-24 05:00:00,,544.653
2012-09-24 06:00:00,,544.647
2012-09-24 07:00:00,,544.632
2012-09-24 08:00:00,,544.628
2012-09-24 09:00:00,,544.627
2012-09-24 10:00:00,,544.629
2012-09-24 11:00:00,,544.642
2012-09-24 12:00:00,,544.655
2012-09-24 13:00:00,,544.655
2012-09-24 14:00:00,,544.662
2012-09-24 15:00:00,,544.668
2012-09-24 16:00:00,,544.671
2012-09-24 17:00:00,,544.676
2012-09-24 18:00:00,,544.676
2012-09-24 19:00:00,,544.662
2012-09-24 20:00:00,,544.645
2012-09-24 21:00:00,,544.651
2012-09-24 22:00:00,,544.635
2012-09-24 23:00:00,,544.635
2012-09-25 00:00:00,,544.651
2012-09-25 01:00:00,,544.656
2012-09-25 02:00:00,,544.655
2012-09-25 03:00:00,,544.658
2012-09-25 04:00:00,,544.665
2012-09-25 05:00:00,,544.663
2012-09-25 06:00:00,,544.654
2012-09-25 07:00:00,,544.654
2012-09-25 08:00:00,,544.648
2012-09-25 09:00:00,,544.64
2012-09-25 10:00:00,,544.651
2012-09-25 11:00:00,,544.645
2012-09-25 12:00:00,,544.664
2012-09-25 13:00:00,,544.659
2012-09-25 14:00:00,,544.667
2012-09-25 15:00:00,,544.68
2012-09-25 16:00:00,,544.671
2012-09-25 17:00:00,,544.681
2012-09-25 18:00:00,,544.666
2012-09-25 19:00:00,,544.657
2012-09-25 20:00:00,,544.648
2012-09-25 21:00:00,,544.642
2012-09-25 22:00:00,,544.637
2012-09-25 23:00:00,,544.637
2012-09-26 00:00:00,,544.65
2012-09-26 01:00:00,,544.654
2012-09-26 02:00:00,,544.654
2012-09-26 03:00:00,,544.652
2012-09-26 04:00:00,,544.656
2012-09-26 05:00:00,,544.656
2012-09-26 06:00:00,,544.648
2012-09-26 07:00:00,,544.66
2012-09-26 08:00:00,,544.639
2012-09-26 09:00:00,,544.64
2012-09-26 10:00:00,,544.638
2012-09-26 11:00:00,,544.654
2012-09-26 12:00:00,,544.651
2012-09-26 13:00:00,,544.659
2012-09-26 14:00:00,,544.665
2012-09-26 15:00:00,,544.683
2012-09-26 16:00:00,,544.669
2012-09-26 17:00:00,,544.665
2012-09-26 18:00:00,,544.669
2012-09-26 19:00:00,,544.649
2012-09-26 20:00:00,,544.655
2012-09-26 21:00:00,,544.645
2012-09-26 22:00:00,,544.653
2012-09-26 23:00:00,,544.646
2012-09-27 00:00:00,,544.648
2012-09-27 01:00:00,,544.664
2012-09-27 02:00:00,,544.674
2012-09-27 03:00:00,,544.666
2012-09-27 04:00:00,,544.668
2012-09-27 05:00:00,,544.664
2012-09-27 06:00:00,,544.666
2012-09-27 07:00:00,,544.659
2012-09-27 08:00:00,,544.653
2012-09-27 09:00:00,,544.645
2012-09-27 10:00:00,,544.645
2012-09-27 11:00:00,,544.662
2012-09-27 12:00:00,,544.657
2012-09-27 13:00:00,,544.67
2012-09-27 14:00:00,,544.677
2012-09-27 15:00:00,,544.696
2012-09-27 16:00:00,,544.688
2012-09-27 17:00:00,,544.687
2012-09-27 18:00:00,,544.686
2012-09-27 19:00:00,,544.681
2012-09-27 20:00:00,,544.663
2012-09-27 21:00:00,,544.652
2012-09-27 22:00:00,,544.64
2012-09-27 23:00:00,,544.657
2012-09-28 00:00:00,,544.648
2012-09-28 01:00:00,,544.652
2012-09-28 02:00:00,,544.675
2012-09-28 03:00:00,,544.662
2012-09-28 04:00:00,,544.662
2012-09-28 05:00:00,,544.661
2012-09-28 06:00:00,,544.671
2012-09-28 07:00:00,,544.659
2012-09-28 08:00:00,,544.658
2012-09-28 09:00:00,,544.655
2012-09-28 10:00:00,,544.643
2012-09-28 11:00:00,,544.648
2012-09-28 12:00:00,,544.661
2012-09-28 13:00:00,,544.678
2012-09-28 14:00:00,,544.685
2012-09-28 15:00:00,,544.692
2012-09-28 16:00:00,,544.682
2012-09-28 17:00:00,,544.691
2012-09-28 18:00:00,,544.686
2012-09-28 19:00:00,,544.666
2012-09-28 20:00:00,,544.645
2012-09-28 21:00:00,,544.616
2012-09-28 22:00:00,,544.626
2012-09-28 23:00:00,,544.615
2012-09-29 00:00:00,,544.629
2012-09-29 01:00:00,,544.636
2012-09-29 02:00:00,,544.643
2012-09-29 03:00:00,,544.644
2012-09-29 04:00:00,,544.636
2012-09-29 05:00:00,,544.652
2012-09-29 06:00:00,,544.637
2012-09-29 07:00:00,,544.637
2012-09-29 08:00:00,,544.636
2012-09-29 09:00:00,,544.63
2012-09-29 10:00:00,,544.605
2012-09-29 11:00:00,,544.621
2012-09-29 12:00:00,,544.616
2012-09-29 13:00:00,,544.624
2012-09-29 14:00:00,,544.632
2012-09-29 15:00:00,,544.649
2012-09-29 16:00:00,,544.653
2012-09-29 17:00:00,,544.646
2012-09-29 18:00:00,,544.65
2012-09-29 19:00:00,,544.639
2012-09-29 20:00:00,,544.636
2012-09-29 21:00:00,,544.636
2012-09-29 22:00:00,,544.617
2012-09-29 23:00:00,,544.616
2012-09-30 00:00:00,,544.63
2012-09-30 01:00:00,,544.624
2012-09-30 02:00:00,,544.641
2012-09-30 03:00:00,,544.632
2012-09-30 04:00:00,,544.633
2012-09-30 05:00:00,,544.634
2012-09-30 06:00:00,,544.642
2012-09-30 07:00:00,,544.638
2012-09-30 08:00:00,,544.62
2012-09-30 09:00:00,,544.626
2012-09-30 10:00:00,,544.614
2012-09-30 11:00:00,,544.622
2012-09-30 12:00:00,,544.629
2012-09-30 13:00:00,,544.64
2012-09-30 14:00:00,,544.647
2012-09-30 15:00:00,,544.655
2012-09-30 16:00:00,,544.659
2012-09-30 17:00:00,,544.66
2012-09-30 18:00:00,,544.655
2012-09-30 19:00:00,,544.649
2012-09-30 20:00:00,,544.655
2012-09-30 21:00:00,,544.646
2012-09-30 22:00:00,,544.634
2012-09-30 23:00:00,,544.629
2012-10-01 00:00:00,,544.634
2012-10-01 01:00:00,,544.626
2012-10-01 02:00:00,,544.63
2012-10-01 03:00:00,,544.632
2012-10-01 04:00:00,,544.645
2012-10-01 05:00:00,,544.641
2012-10-01 06:00:00,,544.642
2012-10-01 07:00:00,,544.626
2012-10-01 08:00:00,,544.621
2012-10-01 09:00:00,,544.623
2012-10-01 10:00:00,,544.62
2012-10-01 11:00:00,,544.634
2012-10-01 12:00:00,,544.629
2012-10-01 13:00:00,,544.648
2012-10-01 14:00:00,,544.657
2012-10-01 15:00:00,,544.653
2012-10-01 16:00:00,,544.657
2012-10-01 17:00:00,,544.659
2012-10-01 18:00:00,,544.65
2012-10-01 19:00:00,,544.656
2012-10-01 20:00:00,,544.649
2012-10-01 21:00:00,,544.638
2012-10-01 22:00:00,,544.639
2012-10-01 23:00:00,,544.627
2012-10-02 00:00:00,,544.64
2012-10-02 01:00:00,,544.643
2012-10-02 02:00:00,,544.651
2012-10-02 03:00:00,,544.639
2012-10-02 04:00:00,,544.647
2012-10-02 05:00:00,,544.638
2012-10-02 06:00:00,,544.639
2012-10-02 07:00:00,,544.641
2012-10-02 08:00:00,,544.621
2012-10-02 09:00:00,,544.624
2012-10-02 10:00:00,,544.639
2012-10-02 11:00:00,,544.642
2012-10-02 12:00:00,,544.653
2012-10-02 13:00:00,,544.649
2012-10-02 14:00:00,,544.659
2012-10-02 15:00:00,,544.668
2012-10-02 16:00:00,,544.671
2012-10-02 17:00:00,,544.681
2012-10-02 18:00:00,,544.665
2012-10-02 19:00:00,,544.671
2012-10-02 20:00:00,,544.652
2012-10-02 21:00:00,,544.659
2012-10-02 22:00:00,,544.654
2012-10-02 23:00:00,,544.642
2012-10-03 00:00:00,,544.642
2012-10-03 01:00:00,,544.655
2012-10-03 02:00:00,,544.65
2012-10-03 03:00:00,,544.653
2012-10-03 04:00:00,,544.654
2012-10-03 05:00:00,,544.663
2012-10-03 06:00:00,,544.65
2012-10-03 07:00:00,,544.645
2012-10-03 08:00:00,,544.656
2012-10-03 09:00:00,,544.643
2012-10-03 10:00:00,,544.643
2012-10-03 11:00:00,,544.647
2012-10-03 12:00:00,,544.654
2012-10-03 13:00:00,,544.677
2012-10-03 14:00:00,,544.685
2012-10-03 15:00:00,,544.678
2012-10-03 16:00:00,,544.69
2012-10-03 17:00:00,,544.695
2012-10-03 18:00:00,,544.687
2012-10-03 19:00:00,,544.672
2012-10-03 20:00:00,,544.664
2012-10-03 21:00:00,,544.67
2012-10-03 22:00:00,,544.656
2012-10-03 23:00:00,,544.654
2012-10-04 00:00:00,,544.658
2012-10-04 01:00:00,,544.655
2012-10-04 02:00:00,,544.67
2012-10-04 03:00:00,,544.671
2012-10-04 04:00:00,,544.675
2012-10-04 05:00:00,,544.662
2012-10-04 06:00:00,,544.67
2012-10-04 07:00:00,,544.665
2012-10-04 08:00:00,,544.658
2012-10-04 09:00:00,,544.646
2012-10-04 10:00:00,,544.652
2012-10-04 11:00:00,,544.664
2012-10-04 12:00:00,,544.657
2012-10-04 13:00:00,,544.665
2012-10-04 14:00:00,,544.67
2012-10-04 15:00:00,,544.676
2012-10-04 16:00:00,,544.677
2012-10-04 17:00:00,,544.68
2012-10-04 18:00:00,,544.679
2012-10-04 19:00:00,,544.674
2012-10-04 20:00:00,,544.675
2012-10-04 21:00:00,,544.658
2012-10-04 22:00:00,,544.664
2012-10-04 23:00:00,,544.664
2012-10-05 00:00:00,,544.665
2012-10-05 01:00:00,,544.655
2012-10-05 02:00:00,,544.655
2012-10-05 03:00:00,,544.664
2012-10-05 04:00:00,,544.664
2012-10-05 05:00:00,,544.667
2012-10-05 06:00:00,,544.663
2012-10-05 07:00:00,,544.661
2012-10-05 08:00:00,,544.649
2012-10-05 09:00:00,,544.649
2012-10-05 10:00:00,,544.65
2012-10-05 11:00:00,,544.644
2012-10-05 12:00:00,,544.662
2012-10-05 13:00:00,,544.671
2012-10-05 14:00:00,,544.68
2012-10-05 15:00:00,,544.671
2012-10-05 16:00:00,,544.686
2012-10-05 17:00:00,,544.685
2012-10-05 18:00:00,,544.683
2012-10-05 19:00:00,,544.675
2012-10-05 20:00:00,,544.669
2012-10-05 21:00:00,,544.665
2012-10-05 22:00:00,,544.661
2012-10-05 23:00:00,,544.655
2012-10-06 00:00:00,,544.666
2012-10-06 01:00:00,,544.656
2012-10-06 02:00:00,,544.664
2012-10-06 03:00:00,,544.673
2012-10-06 04:00:00,,544.674
2012-10-06 05:00:00,,544.659
2012-10-06 06:00:00,,544.665
2012-10-06 07:00:00,,544.661
2012-10-06 08:00:00,,544.65
2012-10-06 09:00:00,,544.645
2012-10-06 10:00:00,,544.654
2012-10-06 11:00:00,,544.646
2012-10-06 12:00:00,,544.652
2012-10-06 13:00:00,,544.672
2012-10-06 14:00:00,,544.669
2012-10-06 15:00:00,,544.685
2012-10-06 16:00:00,,544.675
2012-10-06 17:00:00,,544.676
2012-10-06 18:00:00,,544.676
2012-10-06 19:00:00,,544.677
2012-10-06 20:00:00,,544.659
2012-10-06 21:00:00,,544.655
2012-10-06 22:00:00,,544.657
2012-10-06 23:00:00,,544.653
2012-10-07 00:00:00,,544.647
2012-10-07 01:00:00,,544.659
2012-10-07 02:00:00,,544.66
2012-10-07 03:00:00,,544.656
2012-10-07 04:00:00,,544.648
2012-10-07 05:00:00,,544.646
2012-10-07 06:00:00,,544.644
2012-10-07 07:00:00,,544.643
2012-10-07 08:00:00,,544.652
2012-10-07 09:00:00,,544.637
2012-10-07 10:00:00,,544.651
2012-10-07 11:00:00,,544.642
2012-10-07 12:00:00,,544.65
2012-10-07 13:00:00,,544.67
2012-10-07 14:00:00,,544.678
2012-10-07 15:00:00,,544.687
2012-10-07 16:00:00,,544.688
2012-10-07 17:00:00,,544.687
2012-10-07 18:00:00,,544.687
2012-10-07 19:00:00,,544.681
2012-10-07 20:00:00,,544.673
2012-10-07 21:00:00,,544.669
2012-10-07 22:00:00,,544.654
2012-10-07 23:00:00,,544.651
2012-10-08 00:00:00,,544.665
2012-10-08 01:00:00,,544.672
2012-10-08 02:00:00,,544.663
2012-10-08 03:00:00,,544.67
2012-10-08 04:00:00,,544.665
2012-10-08 05:00:00,,544.664
2012-10-08 06:00:00,,544.666
2012-10-08 07:00:00,,544.657
2012-10-08 08:00:00,,544.657
2012-10-08 09:00:00,,544.651
2012-10-08 10:00:00,,544.662
2012-10-08 11:00:00,,544.666
2012-10-08 12:00:00,,544.661
2012-10-08 13:00:00,,544.671
2012-10-08 14:00:00,,544.677
2012-10-08 15:00:00,,544.682
2012-10-08 16:00:00,,544.686
2012-10-08 17:00:00,,544.684
2012-10-08 18:00:00,,544.678
2012-10-08 19:00:00,,544.672
2012-10-08 20:00:00,,544.676
2012-10-08 21:00:00,,544.663
2012-10-08 22:00:00,,544.658
2012-10-08 23:00:00,,544.672
2012-10-09 00:00:00,,544.658
2012-10-09 01:00:00,,544.674
2012-10-09 02:00:00,,544.663
2012-10-09 03:00:00,,544.668
2012-10-09 04:00:00,,544.669
2012-10-09 05:00:00,,544.677
2012-10-09 06:00:00,,544.661
2012-10-09 07:00:00,,544.653
2012-10-09 08:00:00,,544.659
2012-10-09 09:00:00,,544.643
2012-10-09 10:00:00,,544.649
2012-10-09 11:00:00,,544.666
2012-10-09 12:00:00,,544.663
2012-10-09 13:00:00,,544.671
2012-10-09 14:00:00,,544.678
2012-10-09 15:00:00,,544.683
2012-10-09 16:00:00,,544.691
2012-10-09 17:00:00,,544.685
2012-10-09 18:00:00,,544.68
2012-10-09 19:00:00,,544.687
2012-10-09 20:00:00,,544.669
2012-10-09 21:00:00,,544.674
2012-10-09 22:00:00,,544.657
2012-10-09 23:00:00,,544.668
2012-10-10 00:00:00,,544.653
2012-10-10 01:00:00,,544.656
2012-10-10 02:00:00,,544.669
2012-10-10 03:00:00,,544.661
2012-10-10 04:00:00,,544.66
2012-10-10 05:00:00,,544.664
2012-10-10 06:00:00,,544.665
2012-10-10 07:00:00,,544.646
2012-10-10 08:00:00,,544.637
2012-10-10 09:00:00,,544.646
2012-10-10 10:00:00,,544.642
2012-10-10 11:00:00,,544.643
2012-10-10 12:00:00,,544.647
2012-10-10 13:00:00,,544.654
2012-10-10 14:00:00,,544.656
2012-10-10 15:00:00,,544.661
2012-10-10 16:00:00,,544.656
2012-10-10 17:00:00,,544.661
2012-10-10 18:00:00,,544.651
2012-10-10 19:00:00,,544.634
2012-10-10 20:00:00,,544.639
2012-10-10 21:00:00,,544.637
2012-10-10 22:00:00,,544.622
2012-10-10 23:00:00,,544.629
2012-10-11 00:00:00,,544.622
2012-10-11 01:00:00,,544.626
2012-10-11 02:00:00,,544.627
2012-10-11 03:00:00,,544.624
2012-10-11 04:00:00,,544.634
2012-10-11 05:00:00,,544.636
2012-10-11 06:00:00,,544.629
2012-10-11 07:00:00,,544.621
2012-10-11 08:00:00,,544.613
2012-10-11 09:00:00,,544.611
2012-10-11 10:00:00,,544.612
2012-10-11 11:00:00,,544.62
2012-10-11 12:00:00,,544.636
2012-10-11 13:00:00,,544.649
2012-10-11 14:00:00,,544.646
2012-10-11 15:00:00,,544.667
2012-10-11 16:00:00,,544.672
2012-10-11 17:00:00,,544.671
2012-10-11 18:00:00,,544.654
2012-10-11 19:00:00,,544.657
2012-10-11 20:00:00,,544.647
2012-10-11 21:00:00,,544.634
2012-10-11 22:00:00,,544.643
2012-10-11 23:00:00,,544.631
2012-10-12 00:00:00,,544.636
2012-10-12 01:00:00,,544.649
2012-10-12 02:00:00,,544.655
2012-10-12 03:00:00,,544.647
2012-10-12 04:00:00,,544.645
2012-10-12 05:00:00,,544.645
2012-10-12 06:00:00,,544.653
2012-10-12 07:00:00,,544.64
2012-10-12 08:00:00,,544.637
2012-10-12 09:00:00,,544.637
2012-10-12 10:00:00,,544.639
2012-10-12 11:00:00,,544.63
2012-10-12 12:00:00,,544.637
2012-10-12 13:00:00,,544.658
2012-10-12 14:00:00,,544.655
2012-10-12 15:00:00,,544.668
2012-10-12 16:00:00,,544.663
2012-10-12 17:00:00,,544.674
2012-10-12 18:00:00,,544.669
2012-10-12 19:00:00,,544.649
2012-10-12 20:00:00,,544.641
2012-10-12 21:00:00,,544.639
2012-10-12 22:00:00,,544.633
2012-10-12 23:00:00,,544.646
2012-10-13 00:00:00,,544.647
2012-10-13 01:00:00,,544.654
2012-10-13 02:00:00,,544.658
2012-10-13 03:00:00,,544.659
2012-10-13 04:00:00,,544.662
2012-10-13 05:00:00,,544.647
2012-10-13 06:00:00,,544.652
2012-10-13 07:00:00,,544.646
2012-10-13 08:00:00,,544.631
2012-10-13 09:00:00,,544.632
2012-10-13 10:00:00,,544.634
2012-10-13 11:00:00,,544.652
2012-10-13 12:00:00,,544.647
2012-10-13 13:00:00,,544.669
2012-10-13 14:00:00,,544.67
2012-10-13 15:00:00,,544.672
2012-10-13 16:00:00,,544.674
2012-10-13 17:00:00,,544.686
2012-10-13 18:00:00,,544.683
2012-10-13 19:00:00,,544.662
2012-10-13 20:00:00,,544.667
2012-10-13 21:00:00,,544.657
2012-10-13 22:00:00,,544.641
2012-10-13 23:00:00,,544.65
2012-10-14 00:00:00,,544.645
2012-10-14 01:00:00,,544.657
2012-10-14 02:00:00,,544.661
2012-10-14 03:00:00,,544.662
2012-10-14 04:00:00,,544.657
2012-10-14 05:00:00,,544.666
2012-10-14 06:00:00,,544.654
2012-10-14 07:00:00,,544.655
2012-10-14 08:00:00,,544.644
2012-10-14 09:00:00,,544.636
2012-10-14 10:00:00,,544.634
2012-10-14 11:00:00,,544.651
2012-10-14 12:00:00,,544.646
2012-10-14 13:00:00,,544.655
2012-10-14 14:00:00,,544.67
2012-10-14 15:00:00,,544.685
2012-10-14 16:00:00,,544.691
2012-10-14 17:00:00,,544.688
2012-10-14 18:00:00,,544.67
2012-10-14 19:00:00,,544.669
2012-10-14 20:00:00,,544.668
2012-10-14 21:00:00,,544.66
2012-10-14 22:00:00,,544.657
2012-10-14 23:00:00,,544.653
2012-10-15 00:00:00,,544.641
2012-10-15 01:00:00,,544.659
2012-10-15 02:00:00,,544.664
2012-10-15 03:00:00,,544.654
2012-10-15 04:00:00,,544.657
2012-10-15 05:00:00,,544.656
2012-10-15 06:00:00,,544.652
2012-10-15 07:00:00,,544.653
2012-10-15 08:00:00,,544.642
2012-10-15 09:00:00,,544.652
2012-10-15 10:00:00,,544.653
2012-10-15 11:00:00,,544.644
2012-10-15 12:00:00,,544.662
2012-10-15 13:00:00,,544.671
2012-10-15 14:00:00,,544.667
2012-10-15 15:00:00,,544.682
2012-10-15 16:00:00,,544.678
2012-10-15 17:00:00,,544.679
2012-10-15 18:00:00,,544.676
2012-10-15 19:00:00,,544.677
2012-10-15 20:00:00,,544.666
2012-10-15 21:00:00,,544.668
2012-10-15 22:00:00,,544.659
2012-10-15 23:00:00,,544.658
2012-10-16 00:00:00,,544.665
2012-10-16 01:00:00,,544.666
2012-10-16 02:00:00,,544.67
2012-10-16 03:00:00,,544.661
2012-10-16 04:00:00,,544.67
2012-10-16 05:00:00,,544.67
2012-10-16 06:00:00,,544.659
2012-10-16 07:00:00,,544.657
2012-10-16 08:00:00,,544.657
2012-10-16 09:00:00,,544.66
2012-10-16 10:00:00,,544.661
2012-10-16 11:00:00,,544.652
2012-10-16 12:00:00,,544.672
2012-10-16 13:00:00,,544.669
2012-10-16 14:00:00,,544.677
2012-10-16 15:00:00,,544.685
2012-10-16 16:00:00,,544.685
2012-10-16 17:00:00,,544.696
2012-10-16 18:00:00,,544.681
2012-10-16 19:00:00,,544.678
2012-10-16 20:00:00,,544.67
2012-10-16 21:00:00,,544.665
2012-10-16 22:00:00,,544.671
2012-10-16 23:00:00,,544.667
2012-10-17 00:00:00,,544.671
2012-10-17 01:00:00,,544.673
2012-10-17 02:00:00,,544.663
2012-10-17 03:00:00,,544.675
2012-10-17 04:00:00,,544.674
2012-10-17 05:00:00,,544.661
2012-10-17 06:00:00,,544.661
2012-10-17 07:00:00,,544.662
2012-10-17 08:00:00,,544.652
2012-10-17 09:00:00,,544.645
2012-10-17 10:00:00,,544.657
2012-10-17 11:00:00,,544.649
2012-10-17 12:00:00,,544.655
2012-10-17 13:00:00,,544.663
2012-10-17 14:00:00,,544.671
2012-10-17 15:00:00,,544.694
2012-10-17 16:00:00,,544.684
2012-10-17 17:00:00,,544.696
2012-10-17 18:00:00,,544.689
2012-10-17 19:00:00,,544.69
2012-10-17 20:00:00,,544.681
2012-10-17 21:00:00,,544.674
2012-10-17 22:00:00,,544.669
2012-10-17 23:00:00,,544.656
2012-10-18 00:00:00,,544.667
2012-10-18 01:00:00,,544.655
2012-10-18 02:00:00,,544.669
2012-10-18 03:00:00,,544.667
2012-10-18 04:00:00,,544.668
2012-10-18 05:00:00,,544.67
2012-10-18 06:00:00,,544.66
2012-10-18 07:00:00,,544.661
2012-10-18 08:00:00,,544.646
2012-10-18 09:00:00,,544.655
2012-10-18 10:00:00,,544.649
2012-10-18 11:00:00,,544.649
2012-10-18 12:00:00,,544.667
2012-10-18 13:00:00,,544.664
2012-10-18 14:00:00,,544.684
2012-10-18 15:00:00,,544.687
2012-10-18 16:00:00,,544.68
2012-10-18 17:00:00,,544.68
2012-10-18 18:00:00,,544.678
2012-10-18 19:00:00,,544.678
2012-10-18 20:00:00,,544.679
2012-10-18 21:00:00,,544.673
2012-10-18 22:00:00,,544.669
2012-10-18 23:00:00,,544.661
2012-10-19 00:00:00,,544.656
2012-10-19 01:00:00,,544.672
2012-10-19 02:00:00,,544.661
2012-10-19 03:00:00,,544.663
2012-10-19 04:00:00,,544.665
2012-10-19 05:00:00,,544.663
2012-10-19 06:00:00,,544.663
2012-10-19 07:00:00,,544.651
2012-10-19 08:00:00,,544.647
2012-10-19 09:00:00,,544.645
2012-10-19 10:00:00,,544.644
2012-10-19 11:00:00,,544.661
2012-10-19 12:00:00,,544.671
2012-10-19 13:00:00,,544.679
2012-10-19 14:00:00,,544.684
2012-10-19 15:00:00,,544.69
2012-10-19 16:00:00,,544.696
2012-10-19 17:00:00,,544.683
2012-10-19 18:00:00,,544.692
2012-10-19 19:00:00,,544.674
2012-10-19 20:00:00,,544.666
2012-10-19 21:00:00,,544.674
2012-10-19 22:00:00,,544.668
2012-10-19 23:00:00,,544.67
2012-10-20 00:00:00,,544.672
2012-10-20 01:00:00,,544.673
2012-10-20 02:00:00,,544.677
2012-10-20 03:00:00,,544.666
2012-10-20 04:00:00,,544.665
2012-10-20 05:00:00,,544.673
2012-10-20 06:00:00,,544.657
2012-10-20 07:00:00,,544.651
2012-10-20 08:00:00,,544.658
2012-10-20 09:00:00,,544.647
2012-10-20 10:00:00,,544.646
2012-10-20 11:00:00,,544.65
2012-10-20 12:00:00,,544.67
2012-10-20 13:00:00,,544.678
2012-10-20 14:00:00,,544.672
2012-10-20 15:00:00,,544.689
2012-10-20 16:00:00,,544.692
2012-10-20 17:00:00,,544.678
2012-10-20 18:00:00,,544.687
2012-10-20 19:00:00,,544.675
2012-10-20 20:00:00,,544.664
2012-10-20 21:00:00,,544.661
2012-10-20 22:00:00,,544.664
2012-10-20 23:00:00,,544.657
2012-10-21 00:00:00,,544.669
2012-10-21 01:00:00,,544.674
2012-10-21 02:00:00,,544.677
2012-10-21 03:00:00,,544.678
2012-10-21 04:00:00,,544.678
2012-10-21 05:00:00,,544.671
2012-10-21 06:00:00,,544.665
2012-10-21 07:00:00,,544.662
2012-10-21 08:00:00,,544.653
2012-10-21 09:00:00,,544.648
2012-10-21 10:00:00,,544.658
2012-10-21 11:00:00,,544.656
2012-10-21 12:00:00,,544.672
2012-10-21 13:00:00,,544.676
2012-10-21 14:00:00,,544.674
2012-10-21 15:00:00,,544.685
2012-10-21 16:00:00,,544.681
2012-10-21 17:00:00,,544.683
2012-10-21 18:00:00,,544.678
2012-10-21 19:00:00,,544.671
2012-10-21 20:00:00,,544.672
2012-10-21 21:00:00,,544.661
2012-10-21 22:00:00,,544.664
2012-10-21 23:00:00,,544.662
2012-10-22 00:00:00,,544.672
2012-10-22 01:00:00,,544.662
2012-10-22 02:00:00,,544.677
2012-10-22 03:00:00,,544.679
2012-10-22 04:00:00,,544.662
2012-10-22 05:00:00,,544.671
2012-10-22 06:00:00,,544.659
2012-10-22 07:00:00,,544.661
2012-10-22 08:00:00,,544.659
2012-10-22 09:00:00,,544.646
2012-10-22 10:00:00,,544.661
2012-10-22 11:00:00,,544.655
2012-10-22 12:00:00,,544.662
2012-10-22 13:00:00,,544.674
2012-10-22 14:00:00,,544.691
2012-10-22 15:00:00,,544.696
2012-10-22 16:00:00,,544.685
2012-10-22 17:00:00,,544.684
2012-10-22 18:00:00,,544.681
2012-10-22 19:00:00,,544.679
2012-10-22 20:00:00,,544.679
2012-10-22 21:00:00,,544.676
2012-10-22 22:00:00,,544.673
2012-10-22 23:00:00,,544.657
2012-10-23 00:00:00,,544.672
2012-10-23 01:00:00,,544.673
2012-10-23 02:00:00,,544.678
2012-10-23 03:00:00,,544.666
2012-10-23 04:00:00,,544.666
2012-10-23 05:00:00,,544.666
2012-10-23 06:00:00,,544.665
2012-10-23 07:00:00,,544.654
2012-10-23 08:00:00,,544.664
2012-10-23 09:00:00,,544.65
2012-10-23 10:00:00,,544.657
2012-10-23 11:00:00,,544.671
2012-10-23 12:00:00,,544.675
2012-10-23 13:00:00,,544.678
2012-10-23 14:00:00,,544.694
2012-10-23 15:00:00,,544.689
2012-10-23 16:00:00,,544.703
2012-10-23 17:00:00,,544.687
2012-10-23 18:00:00,,544.681
2012-10-23 19:00:00,,544.686
2012-10-23 20:00:00,,544.666
2012-10-23 21:00:00,,544.672
2012-10-23 22:00:00,,544.671
2012-10-23 23:00:00,,544.66
2012-10-24 00:00:00,,544.668
2012-10-24 01:00:00,,544.676
2012-10-24 02:00:00,,544.675
2012-10-24 03:00:00,,544.676
2012-10-24 04:00:00,,544.676
2012-10-24 05:00:00,,544.666
2012-10-24 06:00:00,,544.666
2012-10-24 07:00:00,,544.662
2012-10-24 08:00:00,,544.647
2012-10-24 09:00:00,,544.653
2012-10-24 10:00:00,,544.649
2012-10-24 11:00:00,,544.669
2012-10-24 12:00:00,,544.665
2012-10-24 13:00:00,,544.681
2012-10-24 14:00:00,,544.693
2012-10-24 15:00:00,,544.689
2012-10-24 16:00:00,,544.692
2012-10-24 17:00:00,,544.702
2012-10-24 18:00:00,,544.692
2012-10-24 19:00:00,,544.691
2012-10-24 20:00:00,,544.682
2012-10-24 21:00:00,,544.672
2012-10-24 22:00:00,,544.657
2012-10-24 23:00:00,,544.666
2012-10-25 00:00:00,,544.671
2012-10-25 01:00:00,,544.659
2012-10-25 02:00:00,,544.672
2012-10-25 03:00:00,,544.661
2012-10-25 04:00:00,,544.673
2012-10-25 05:00:00,,544.657
2012-10-25 06:00:00,,544.654
2012-10-25 07:00:00,,544.646
2012-10-25 08:00:00,,544.642
2012-10-25 09:00:00,,544.636
2012-10-25 10:00:00,,544.636
2012-10-25 11:00:00,,544.645
2012-10-25 12:00:00,,544.667
2012-10-25 13:00:00,,544.676
2012-10-25 14:00:00,,544.685
2012-10-25 15:00:00,,544.689
2012-10-25 16:00:00,,544.681
2012-10-25 17:00:00,,544.687
2012-10-25 18:00:00,,544.675
2012-10-25 19:00:00,,544.678
2012-10-25 20:00:00,,544.668
2012-10-25 21:00:00,,544.663
2012-10-25 22:00:00,,544.656
2012-10-25 23:00:00,,544.637
2012-10-26 00:00:00,,544.648
2012-10-26 01:00:00,,544.664
2012-10-26 02:00:00,,544.669
2012-10-26 03:00:00,,544.676
2012-10-26 04:00:00,,544.68
2012-10-26 05:00:00,,544.659
2012-10-26 06:00:00,,544.665
2012-10-26 07:00:00,,544.645
2012-10-26 08:00:00,,544.642
2012-10-26 09:00:00,,544.642
2012-10-26 10:00:00,,544.65
2012-10-26 11:00:00,,544.651
2012-10-26 12:00:00,,544.657
2012-10-26 13:00:00,,544.664
2012-10-26 14:00:00,,544.663
2012-10-26 15:00:00,,544.684
2012-10-26 16:00:00,,544.673
2012-10-26 17:00:00,,544.675
2012-10-26 18:00:00,,544.679
2012-10-26 19:00:00,,544.66
2012-10-26 20:00:00,,544.667
2012-10-26 21:00:00,,544.66
2012-10-26 22:00:00,,544.656
2012-10-26 23:00:00,,544.656
2012-10-27 00:00:00,,544.66
2012-10-27 01:00:00,,544.664
2012-10-27 02:00:00,,544.67
2012-10-27 03:00:00,,544.674
2012-10-27 04:00:00,,544.663
2012-10-27 05:00:00,,544.663
2012-10-27 06:00:00,,544.658
2012-10-27 07:00:00,,544.656
2012-10-27 08:00:00,,544.654
2012-10-27 09:00:00,,544.64
2012-10-27 10:00:00,,544.657
2012-10-27 11:00:00,,544.66
2012-10-27 12:00:00,,544.666
2012-10-27 13:00:00,,544.678
2012-10-27 14:00:00,,544.685
2012-10-27 15:00:00,,544.679
2012-10-27 16:00:00,,544.694
2012-10-27 17:00:00,,544.693
2012-10-27 18:00:00,,544.689
2012-10-27 19:00:00,,544.676
2012-10-27 20:00:00,,544.675
2012-10-27 21:00:00,,544.664
2012-10-27 22:00:00,,544.647
2012-10-27 23:00:00,,544.657
2012-10-28 00:00:00,,544.652
2012-10-28 01:00:00,,544.663
2012-10-28 02:00:00,,544.655
2012-10-28 03:00:00,,544.663
2012-10-28 04:00:00,,544.668
2012-10-28 05:00:00,,544.665
2012-10-28 06:00:00,,544.651
2012-10-28 07:00:00,,544.644
2012-10-28 08:00:00,,544.641
2012-10-28 09:00:00,,544.652
2012-10-28 10:00:00,,544.655
2012-10-28 11:00:00,,544.65
2012-10-28 12:00:00,,544.671
2012-10-28 13:00:00,,544.679
2012-10-28 14:00:00,,544.689
2012-10-28 15:00:00,,544.697
2012-10-28 16:00:00,,544.693
2012-10-28 17:00:00,,544.693
2012-10-28 18:00:00,,544.696
2012-10-28 19:00:00,,544.689
2012-10-28 20:00:00,,544.667
2012-10-28 21:00:00,,544.674
2012-10-28 22:00:00,,544.661
2012-10-28 23:00:00,,544.664
2012-10-29 00:00:00,,544.667
2012-10-29 01:00:00,,544.663
2012-10-29 02:00:00,,544.668
2012-10-29 03:00:00,,544.678
2012-10-29 04:00:00,,544.678
2012-10-29 05:00:00,,544.674
2012-10-29 06:00:00,,544.661
2012-10-29 07:00:00,,544.666
2012-10-29 08:00:00,,544.649
2012-10-29 09:00:00,,544.657
2012-10-29 10:00:00,,544.662
2012-10-29 11:00:00,,544.661
2012-10-29 12:00:00,,544.675
2012-10-29 13:00:00,,544.672
2012-10-29 14:00:00,,544.687
2012-10-29 15:00:00,,544.695
2012-10-29 16:00:00,,544.698
2012-10-29 17:00:00,,544.703
2012-10-29 18:00:00,,544.687
2012-10-29 19:00:00,,544.692
2012-10-29 20:00:00,,544.673
2012-10-29 21:00:00,,544.667
2012-10-29 22:00:00,,544.674
2012-10-29 23:00:00,,544.664
2012-10-30 00:00:00,,544.671
2012-10-30 01:00:00,,544.666
2012-10-30 02:00:00,,544.669
2012-10-30 03:00:00,,544.668
2012-10-30 04:00:00,,544.668
2012-10-30 05:00:00,,544.679
2012-10-30 06:00:00,,544.661
2012-10-30 07:00:00,,544.666
2012-10-30 08:00:00,,544.653
2012-10-30 09:00:00,,544.662
2012-10-30 10:00:00,,544.658
2012-10-30 11:00:00,,544.654
2012-10-30 12:00:00,,544.674
2012-10-30 13:00:00,,544.682
2012-10-30 14:00:00,,544.675
2012-10-30 15:00:00,,544.692
2012-10-30 16:00:00,,544.698
2012-10-30 17:00:00,,544.698
2012-10-30 18:00:00,,544.683
2012-10-30 19:00:00,,544.691
2012-10-30 20:00:00,,544.675
2012-10-30 21:00:00,,544.673
2012-10-30 22:00:00,,544.668
2012-10-30 23:00:00,,544.664
2012-10-31 00:00:00,,544.67
2012-10-31 01:00:00,,544.661
2012-10-31 02:00:00,,544.675
2012-10-31 03:00:00,,544.678
2012-10-31 04:00:00,,544.666
2012-10-31 05:00:00,,544.665
2012-10-31 06:00:00,,544.668
2012-10-31 07:00:00,,544.666
2012-10-31 08:00:00,,544.652
2012-10-31 09:00:00,,544.651
2012-10-31 10:00:00,,544.651
2012-10-31 11:00:00,,544.656
2012-10-31 12:00:00,,544.665
2012-10-31 13:00:00,,544.684
2012-10-31 14:00:00,,544.679
2012-10-31 15:00:00,,544.691
2012-10-31 16:00:00,,544.689
2012-10-31 17:00:00,,544.701
2012-10-31 18:00:00,,544.686
2012-10-31 19:00:00,,544.687
2012-10-31 20:00:00,,544.673
2012-10-31 21:00:00,,544.679
2012-10-31 22:00:00,,544.665
2012-10-31 23:00:00,,544.663
2012-11-01 00:00:00,,544.67
2012-11-01 01:00:00,,544.67
2012-11-01 02:00:00,,544.674
2012-11-01 03:00:00,,544.671
2012-11-01 04:00:00,,544.684
2012-11-01 05:00:00,,544.67
2012-11-01 06:00:00,,544.669
2012-11-01 07:00:00,,544.653
2012-11-01 08:00:00,,544.662
2012-11-01 09:00:00,,544.661
2012-11-01 10:00:00,,544.659
2012-11-01 11:00:00,,544.656
2012-11-01 12:00:00,,544.663
2012-11-01 13:00:00,,544.671
2012-11-01 14:00:00,,544.679
2012-11-01 15:00:00,,544.692
2012-11-01 16:00:00,,544.696
2012-11-01 17:00:00,,544.702
2012-11-01 18:00:00,,544.694
2012-11-01 19:00:00,,544.681
2012-11-01 20:00:00,,544.675
2012-11-01 21:00:00,,544.678
2012-11-01 22:00:00,,544.672
2012-11-01 23:00:00,,544.654
2012-11-02 00:00:00,,544.669
2012-11-02 01:00:00,,544.658
2012-11-02 02:00:00,,544.667
2012-11-02 03:00:00,,544.677
2012-11-02 04:00:00,,544.665
2012-11-02 05:00:00,,544.668
2012-11-02 06:00:00,,544.667
2012-11-02 07:00:00,,544.651
2012-11-02 08:00:00,,544.651
2012-11-02 09:00:00,,544.652
2012-11-02 10:00:00,,544.665
2012-11-02 11:00:00,,544.669
2012-11-02 12:00:00,,544.679
2012-11-02 13:00:00,,544.675
2012-11-02 14:00:00,,544.68
2012-11-02 15:00:00,,544.688
2012-11-02 16:00:00,,544.692
2012-11-02 17:00:00,,544.705
2012-11-02 18:00:00,,544.705
2012-11-02 19:00:00,,544.686
2012-11-02 20:00:00,,544.681
2012-11-02 21:00:00,,544.683
2012-11-02 22:00:00,,544.664
2012-11-02 23:00:00,,544.673
2012-11-03 00:00:00,,544.663
2012-11-03 01:00:00,,544.664
2012-11-03 02:00:00,,544.679
2012-11-03 03:00:00,,544.659
2012-11-03 04:00:00,,544.672
2012-11-03 05:00:00,,544.66
2012-11-03 06:00:00,,544.668
2012-11-03 07:00:00,,544.659
2012-11-03 08:00:00,,544.646
2012-11-03 09:00:00,,544.657
2012-11-03 10:00:00,,544.662
2012-11-03 11:00:00,,544.655
2012-11-03 12:00:00,,544.668
2012-11-03 13:00:00,,544.681
2012-11-03 14:00:00,,544.686
2012-11-03 15:00:00,,544.696
2012-11-03 16:00:00,,544.697
2012-11-03 17:00:00,,544.703
2012-11-03 18:00:00,,544.696
2012-11-03 19:00:00,,544.693
2012-11-03 20:00:00,,544.674
2012-11-03 21:00:00,,544.679
2012-11-03 22:00:00,,544.669
2012-11-03 23:00:00,,544.656
2012-11-04 00:00:00,,544.67
2012-11-04 01:00:00,,544.674
2012-11-04 02:00:00,,544.678
2012-11-04 03:00:00,,544.682
2012-11-04 04:00:00,,544.677
2012-11-04 05:00:00,,544.671
2012-11-04 06:00:00,,544.665
2012-11-04 07:00:00,,544.673
2012-11-04 08:00:00,,544.67
2012-11-04 09:00:00,,544.655
2012-11-04 10:00:00,,544.67
2012-11-04 11:00:00,,544.674
2012-11-04 12:00:00,,544.671
2012-11-04 13:00:00,,544.681
2012-11-04 14:00:00,,544.7
2012-11-04 15:00:00,,544.693
2012-11-04 16:00:00,,544.707
2012-11-04 17:00:00,,544.698
2012-11-04 18:00:00,,544.688
2012-11-04 19:00:00,,544.69
2012-11-04 20:00:00,,544.683
2012-11-04 21:00:00,,544.673
2012-11-04 22:00:00,,544.672
2012-11-04 23:00:00,,544.675
2012-11-05 00:00:00,,544.678
2012-11-05 01:00:00,,544.67
2012-11-05 02:00:00,,544.689
2012-11-05 03:00:00,,544.684
2012-11-05 04:00:00,,544.681
2012-11-05 05:00:00,,544.679
2012-11-05 06:00:00,,544.667
2012-11-05 07:00:00,,544.648
2012-11-05 08:00:00,,544.655
2012-11-05 09:00:00,,544.648
2012-11-05 10:00:00,,544.652
2012-11-05 11:00:00,,544.664
2012-11-05 12:00:00,,544.659
2012-11-05 13:00:00,,544.678
2012-11-05 14:00:00,,544.68
2012-11-05 15:00:00,,544.692
2012-11-05 16:00:00,,544.686
2012-11-05 17:00:00,,544.7
2012-11-05 18:00:00,,544.702
2012-11-05 19:00:00,,544.682
2012-11-05 20:00:00,,544.686
2012-11-05 21:00:00,,544.668
2012-11-05 22:00:00,,544.665
2012-11-05 23:00:00,,544.663
2012-11-06 00:00:00,,544.646
2012-11-06 01:00:00,,544.643
2012-11-06 02:00:00,,544.653
2012-11-06 03:00:00,,544.666
2012-11-06 04:00:00,,544.658
2012-11-06 05:00:00,,544.666
2012-11-06 06:00:00,,544.669
2012-11-06 07:00:00,,544.668
2012-11-06 08:00:00,,544.664
2012-11-06 09:00:00,,544.671
2012-11-06 10:00:00,,544.662
2012-11-06 11:00:00,,544.66
2012-11-06 12:00:00,,544.663
2012-11-06 13:00:00,,544.666
2012-11-06 14:00:00,,544.679
2012-11-06 15:00:00,,544.679
2012-11-06 16:00:00,,544.674
2012-11-06 17:00:00,,544.693
2012-11-06 18:00:00,,544.684
2012-11-06 19:00:00,,544.692
2012-11-06 20:00:00,,544.672
2012-11-06 21:00:00,,544.664
2012-11-06 22:00:00,,544.67
2012-11-06 23:00:00,,544.649
2012-11-07 00:00:00,,544.653
2012-11-07 01:00:00,,544.664
2012-11-07 02:00:00,,544.681
2012-11-07 03:00:00,,544.691
2012-11-07 04:00:00,,544.69
2012-11-07 05:00:00,,544.675
2012-11-07 06:00:00,,544.679
2012-11-07 07:00:00,,544.673
2012-11-07 08:00:00,,544.674
2012-11-07 09:00:00,,544.662
2012-11-07 10:00:00,,544.675
2012-11-07 11:00:00,,544.667
2012-11-07 12:00:00,,544.673
2012-11-07 13:00:00,,544.682
2012-11-07 14:00:00,,544.687
2012-11-07 15:00:00,,544.694
2012-11-07 16:00:00,,544.71
2012-11-07 17:00:00,,544.713
2012-11-07 18:00:00,,544.7
2012-11-07 19:00:00,,544.693
2012-11-07 20:00:00,,544.684
2012-11-07 21:00:00,,544.692
2012-11-07 22:00:00,,544.671
2012-11-07 23:00:00,,544.672
2012-11-08 00:00:00,,544.683
2012-11-08 01:00:00,,544.689
2012-11-08 02:00:00,,544.693
2012-11-08 03:00:00,,544.688
2012-11-08 04:00:00,,544.694
2012-11-08 05:00:00,,544.688
2012-11-08 06:00:00,,544.68
2012-11-08 07:00:00,,544.666
2012-11-08 08:00:00,,544.662
2012-11-08 09:00:00,,544.66
2012-11-08 10:00:00,,544.667
2012-11-08 11:00:00,,544.66
2012-11-08 12:00:00,,544.662
2012-11-08 13:00:00,,544.677
2012-11-08 14:00:00,,544.684
2012-11-08 15:00:00,,544.7
2012-11-08 16:00:00,,544.699
2012-11-08 17:00:00,,544.676
2012-11-08 18:00:00,,544.681
2012-11-08 19:00:00,,544.666
2012-11-08 20:00:00,,544.655
2012-11-08 21:00:00,,544.649
2012-11-08 22:00:00,,544.645
2012-11-08 23:00:00,,544.659
2012-11-09 00:00:00,,544.649
2012-11-09 01:00:00,,544.661
2012-11-09 02:00:00,,544.666
2012-11-09 03:00:00,,544.665
2012-11-09 04:00:00,,544.652
2012-11-09 05:00:00,,544.652
2012-11-09 06:00:00,,544.658
2012-11-09 07:00:00,,544.653
2012-11-09 08:00:00,,544.645
2012-11-09 09:00:00,,544.636
2012-11-09 10:00:00,,544.651
2012-11-09 11:00:00,,544.654
2012-11-09 12:00:00,,544.651
2012-11-09 13:00:00,,544.654
2012-11-09 14:00:00,,544.664
2012-11-09 15:00:00,,544.681
2012-11-09 16:00:00,,544.686
2012-11-09 17:00:00,,544.672
2012-11-09 18:00:00,,544.679
2012-11-09 19:00:00,,544.658
2012-11-09 20:00:00,,544.656
2012-11-09 21:00:00,,544.646
2012-11-09 22:00:00,,544.657
2012-11-09 23:00:00,,544.649
2012-11-10 00:00:00,,544.647
2012-11-10 01:00:00,,544.656
2012-11-10 02:00:00,,544.668
2012-11-10 03:00:00,,544.659
2012-11-10 04:00:00,,544.663
2012-11-10 05:00:00,,544.66
2012-11-10 06:00:00,,544.65
2012-11-10 07:00:00,,544.658
2012-11-10 08:00:00,,544.654
2012-11-10 09:00:00,,544.642
2012-11-10 10:00:00,,544.649
2012-11-10 11:00:00,,544.648
2012-11-10 12:00:00,,544.667
2012-11-10 13:00:00,,544.676
2012-11-10 14:00:00,,544.681
2012-11-10 15:00:00,,544.679
2012-11-10 16:00:00,,544.684
2012-11-10 17:00:00,,544.694
2012-11-10 18:00:00,,544.679
2012-11-10 19:00:00,,544.673
2012-11-10 20:00:00,,544.678
2012-11-10 21:00:00,,544.661
2012-11-10 22:00:00,,544.661
2012-11-10 23:00:00,,544.665
2012-11-11 00:00:00,,544.67
2012-11-11 01:00:00,,544.671
2012-11-11 02:00:00,,544.678
2012-11-11 03:00:00,,544.672
2012-11-11 04:00:00,,544.673
2012-11-11 05:00:00,,544.665
2012-11-11 06:00:00,,544.658
2012-11-11 07:00:00,,544.659
2012-11-11 08:00:00,,544.653
2012-11-11 09:00:00,,544.654
2012-11-11 10:00:00,,544.651
2012-11-11 11:00:00,,544.667
2012-11-11 12:00:00,,544.67
2012-11-11 13:00:00,,544.683
2012-11-11 14:00:00,,544.68
2012-11-11 15:00:00,,544.696
2012-11-11 16:00:00,,544.703
2012-11-11 17:00:00,,544.695
2012-11-11 18:00:00,,544.693
2012-11-11 19:00:00,,544.688
2012-11-11 20:00:00,,544.674
2012-11-11 21:00:00,,544.667
2012-11-11 22:00:00,,544.66
2012-11-11 23:00:00,,544.657
2012-11-12 00:00:00,,544.664
2012-11-12 01:00:00,,544.663
2012-11-12 02:00:00,,544.663
2012-11-12 03:00:00,,544.676
2012-11-12 04:00:00,,544.672
2012-11-12 05:00:00,,544.675
2012-11-12 06:00:00,,544.667
2012-11-12 07:00:00,,544.662
2012-11-12 08:00:00,,544.665
2012-11-12 09:00:00,,544.655
2012-11-12 10:00:00,,544.66
2012-11-12 11:00:00,,544.667
2012-11-12 12:00:00,,544.663
2012-11-12 13:00:00,,544.672
2012-11-12 14:00:00,,544.678
2012-11-12 15:00:00,,544.685
2012-11-12 16:00:00,,544.697
2012-11-12 17:00:00,,544.687
2012-11-12 18:00:00,,544.688
2012-11-12 19:00:00,,544.675
2012-11-12 20:00:00,,544.674
2012-11-12 21:00:00,,544.674
2012-11-12 22:00:00,,544.664
2012-11-12 23:00:00,,544.655
2012-11-13 00:00:00,,544.663
2012-11-13 01:00:00,,544.676
2012-11-13 02:00:00,,544.665
2012-11-13 03:00:00,,544.676
2012-11-13 04:00:00,,544.672
2012-11-13 05:00:00,,544.681
2012-11-13 06:00:00,,544.673
2012-11-13 07:00:00,,544.657
2012-11-13 08:00:00,,544.667
2012-11-13 09:00:00,,544.652
2012-11-13 10:00:00,,544.653
2012-11-13 11:00:00,,544.662
2012-11-13 12:00:00,,544.668
2012-11-13 13:00:00,,544.678
2012-11-13 14:00:00,,544.693
2012-11-13 15:00:00,,544.687
2012-11-13 16:00:00,,544.69
2012-11-13 17:00:00,,544.691
2012-11-13 18:00:00,,544.7
2012-11-13 19:00:00,,544.683
2012-11-13 20:00:00,,544.686
2012-11-13 21:00:00,,544.668
2012-11-13 22:00:00,,544.674
2012-11-13 23:00:00,,544.66
2012-11-14 00:00:00,,544.675
2012-11-14 01:00:00,,544.664
2012-11-14 02:00:00,,544.682
2012-11-14 03:00:00,,544.685
2012-11-14 04:00:00,,544.677
2012-11-14 05:00:00,,544.67
2012-11-14 06:00:00,,544.667
2012-11-14 07:00:00,,544.674
2012-11-14 08:00:00,,544.67
2012-11-14 09:00:00,,544.654
2012-11-14 10:00:00,,544.661
2012-11-14 11:00:00,,544.668
2012-11-14 12:00:00,,544.677
2012-11-14 13:00:00,,544.671
2012-11-14 14:00:00,,544.685
2012-11-14 15:00:00,,544.695
2012-11-14 16:00:00,,544.697
2012-11-14 17:00:00,,544.694
2012-11-14 18:00:00,,544.691
2012-11-14 19:00:00,,544.691
2012-11-14 20:00:00,,544.691
2012-11-14 21:00:00,,544.674
2012-11-14 22:00:00,,544.673
2012-11-14 23:00:00,,544.674
2012-11-15 00:00:00,,544.664
2012-11-15 01:00:00,,544.678
2012-11-15 02:00:00,,544.67
2012-11-15 03:00:00,,544.68
2012-11-15 04:00:00,,544.677
2012-11-15 05:00:00,,544.677
2012-11-15 06:00:00,,544.674
2012-11-15 07:00:00,,544.677
2012-11-15 08:00:00,,544.665
2012-11-15 09:00:00,,544.663
2012-11-15 10:00:00,,544.675
2012-11-15 11:00:00,,544.673
2012-11-15 12:00:00,,544.686
2012-11-15 13:00:00,,544.691
2012-11-15 14:00:00,,544.693
2012-11-15 15:00:00,,544.703
2012-11-15 16:00:00,,544.696
2012-11-15 17:00:00,,544.709
2012-11-15 18:00:00,,544.704
2012-11-15 19:00:00,,544.698
2012-11-15 20:00:00,,544.686
2012-11-15 21:00:00,,544.687
2012-11-15 22:00:00,,544.688
2012-11-15 23:00:00,,544.67
2012-11-16 00:00:00,,544.68
2012-11-16 01:00:00,,544.678
2012-11-16 02:00:00,,544.691
2012-11-16 03:00:00,,544.693
2012-11-16 04:00:00,,544.687
2012-11-16 05:00:00,,544.689
2012-11-16 06:00:00,,544.674
2012-11-16 07:00:00,,544.684
2012-11-16 08:00:00,,544.668
2012-11-16 09:00:00,,544.667
2012-11-16 10:00:00,,544.674
2012-11-16 11:00:00,,544.681
2012-11-16 12:00:00,,544.675
2012-11-16 13:00:00,,544.694
2012-11-16 14:00:00,,544.684
2012-11-16 15:00:00,,544.69
2012-11-16 16:00:00,,544.705
2012-11-16 17:00:00,,544.706
2012-11-16 18:00:00,,544.685
2012-11-16 19:00:00,,544.69
2012-11-16 20:00:00,,544.669
2012-11-16 21:00:00,,544.665
2012-11-16 22:00:00,,544.662
2012-11-16 23:00:00,,544.675
2012-11-17 00:00:00,,544.664
2012-11-17 01:00:00,,544.679
2012-11-17 02:00:00,,544.672
2012-11-17 03:00:00,,544.685
2012-11-17 04:00:00,,544.671
2012-11-17 05:00:00,,544.678
2012-11-17 06:00:00,,544.678
2012-11-17 07:00:00,,544.675
2012-11-17 08:00:00,,544.667
2012-11-17 09:00:00,,544.67
2012-11-17 10:00:00,,544.667
2012-11-17 11:00:00,,544.664
2012-11-17 12:00:00,,544.672
2012-11-17 13:00:00,,544.674
2012-11-17 14:00:00,,544.688
2012-11-17 15:00:00,,544.701
2012-11-17 16:00:00,,544.697
2012-11-17 17:00:00,,544.706
2012-11-17 18:00:00,,544.702
2012-11-17 19:00:00,,544.704
2012-11-17 20:00:00,,544.684
2012-11-17 21:00:00,,544.684
2012-11-17 22:00:00,,544.67
2012-11-17 23:00:00,,544.664
2012-11-18 00:00:00,,544.665
2012-11-18 01:00:00,,544.671
2012-11-18 02:00:00,,544.674
2012-11-18 03:00:00,,544.661
2012-11-18 04:00:00,,544.655
2012-11-18 05:00:00,,544.653
2012-11-18 06:00:00,,544.659
2012-11-18 07:00:00,,544.646
2012-11-18 08:00:00,,544.648
2012-11-18 09:00:00,,544.652
2012-11-18 10:00:00,,544.667
2012-11-18 11:00:00,,544.657
2012-11-18 12:00:00,,544.676
2012-11-18 13:00:00,,544.682
2012-11-18 14:00:00,,544.675
2012-11-18 15:00:00,,544.687
2012-11-18 16:00:00,,544.686
2012-11-18 17:00:00,,544.703
2012-11-18 18:00:00,,544.692
2012-11-18 19:00:00,,544.697
2012-11-18 20:00:00,,544.681
2012-11-18 21:00:00,,544.685
2012-11-18 22:00:00,,544.677
2012-11-18 23:00:00,,544.67
2012-11-19 00:00:00,,544.673
2012-11-19 01:00:00,,544.662
2012-11-19 02:00:00,,544.669
2012-11-19 03:00:00,,544.675
2012-11-19 04:00:00,,544.661
2012-11-19 05:00:00,,544.663
2012-11-19 06:00:00,,544.67
2012-11-19 07:00:00,,544.653
2012-11-19 08:00:00,,544.651
2012-11-19 09:00:00,,544.664
2012-11-19 10:00:00,,544.653
2012-11-19 11:00:00,,544.659
2012-11-19 12:00:00,,544.677
2012-11-19 13:00:00,,544.686
2012-11-19 14:00:00,,544.682
2012-11-19 15:00:00,,544.698
2012-11-19 16:00:00,,544.687
2012-11-19 17:00:00,,544.7
2012-11-19 18:00:00,,544.696
2012-11-19 19:00:00,,544.692
2012-11-19 20:00:00,,544.692
2012-11-19 21:00:00,,544.673
2012-11-19 22:00:00,,544.682
2012-11-19 23:00:00,,544.678
2012-11-20 00:00:00,,544.68
2012-11-20 01:00:00,,544.683
2012-11-20 02:00:00,,544.67
2012-11-20 03:00:00,,544.677
2012-11-20 04:00:00,,544.662
2012-11-20 05:00:00,,544.66
2012-11-20 06:00:00,,544.668
2012-11-20 07:00:00,,544.656
2012-11-20 08:00:00,,544.656
2012-11-20 09:00:00,,544.654
2012-11-20 10:00:00,,544.663
2012-11-20 11:00:00,,544.655
2012-11-20 12:00:00,,544.665
2012-11-20 13:00:00,,544.685
2012-11-20 14:00:00,,544.692
2012-11-20 15:00:00,,544.695
2012-11-20 16:00:00,,544.69
2012-11-20 17:00:00,,544.685
2012-11-20 18:00:00,,544.699
2012-11-20 19:00:00,,544.69
2012-11-20 20:00:00,,544.692
2012-11-20 21:00:00,,544.676
2012-11-20 22:00:00,,544.685
2012-11-20 23:00:00,,544.68
2012-11-21 00:00:00,,544.672
2012-11-21 01:00:00,,544.682
2012-11-21 02:00:00,,544.682
2012-11-21 03:00:00,,544.681
2012-11-21 04:00:00,,544.672
2012-11-21 05:00:00,,544.664
2012-11-21 06:00:00,,544.666
2012-11-21 07:00:00,,544.666
2012-11-21 08:00:00,,544.663
2012-11-21 09:00:00,,544.655
2012-11-21 10:00:00,,544.656
2012-11-21 11:00:00,,544.667
2012-11-21 12:00:00,,544.667
2012-11-21 13:00:00,,544.674
2012-11-21 14:00:00,,544.68
2012-11-21 15:00:00,,544.692
2012-11-21 16:00:00,,544.688
2012-11-21 17:00:00,,544.699
2012-11-21 18:00:00,,544.691
2012-11-21 19:00:00,,544.676
2012-11-21 20:00:00,,544.683
2012-11-21 21:00:00,,544.665
2012-11-21 22:00:00,,544.662
2012-11-21 23:00:00,,544.659
2012-11-22 00:00:00,,544.672
2012-11-22 01:00:00,,544.677
2012-11-22 02:00:00,,544.683
2012-11-22 03:00:00,,544.683
2012-11-22 04:00:00,,544.675
2012-11-22 05:00:00,,544.671
2012-11-22 06:00:00,,544.673
2012-11-22 07:00:00,,544.654
2012-11-22 08:00:00,,544.651
2012-11-22 09:00:00,,544.649
2012-11-22 10:00:00,,544.654
2012-11-22 11:00:00,,544.661
2012-11-22 12:00:00,,544.67
2012-11-22 13:00:00,,544.689
2012-11-22 14:00:00,,544.683
2012-11-22 15:00:00,,544.689
2012-11-22 16:00:00,,544.697
2012-11-22 17:00:00,,544.702
2012-11-22 18:00:00,,544.696
2012-11-22 19:00:00,,544.677
2012-11-22 20:00:00,,544.67
2012-11-22 21:00:00,,544.667
2012-11-22 22:00:00,,544.677
2012-11-22 23:00:00,,544.664
2012-11-23 00:00:00,,544.665
2012-11-23 01:00:00,,544.681
2012-11-23 02:00:00,,544.674
2012-11-23 03:00:00,,544.691
2012-11-23 04:00:00,,544.676
2012-11-23 05:00:00,,544.685
2012-11-23 06:00:00,,544.676
2012-11-23 07:00:00,,544.671
2012-11-23 08:00:00,,544.667
2012-11-23 09:00:00,,544.657
2012-11-23 10:00:00,,544.669
2012-11-23 11:00:00,,544.671
2012-11-23 12:00:00,,544.681
2012-11-23 13:00:00,,544.69
2012-11-23 14:00:00,,544.683
2012-11-23 15:00:00,,544.699
2012-11-23 16:00:00,,544.689
2012-11-23 17:00:00,,544.7
2012-11-23 18:00:00,,544.687
2012-11-23 19:00:00,,544.682
2012-11-23 20:00:00,,544.689
2012-11-23 21:00:00,,544.675
2012-11-23 22:00:00,,544.673
2012-11-23 23:00:00,,544.664
2012-11-24 00:00:00,,544.681
2012-11-24 01:00:00,,544.688
2012-11-24 02:00:00,,544.686
2012-11-24 03:00:00,,544.671
2012-11-24 04:00:00,,544.666
2012-11-24 05:00:00,,544.657
2012-11-24 06:00:00,,544.651
2012-11-24 07:00:00,,544.647
2012-11-24 08:00:00,,544.658
2012-11-24 09:00:00,,544.647
2012-11-24 10:00:00,,544.663
2012-11-24 11:00:00,,544.668
2012-11-24 12:00:00,,544.673
2012-11-24 13:00:00,,544.685
2012-11-24 14:00:00,,544.684
2012-11-24 15:00:00,,544.702
2012-11-24 16:00:00,,544.705
2012-11-24 17:00:00,,544.69
2012-11-24 18:00:00,,544.686
2012-11-24 19:00:00,,544.681
2012-11-24 20:00:00,,544.676
2012-11-24 21:00:00,,544.673
2012-11-24 22:00:00,,544.668
2012-11-24 23:00:00,,544.678
2012-11-25 00:00:00,,544.68
2012-11-25 01:00:00,,544.673
2012-11-25 02:00:00,,544.676
2012-11-25 03:00:00,,544.686
2012-11-25 04:00:00,,544.685
2012-11-25 05:00:00,,544.671
2012-11-25 06:00:00,,544.665
2012-11-25 07:00:00,,544.662
2012-11-25 08:00:00,,544.656
2012-11-25 09:00:00,,544.649
2012-11-25 10:00:00,,544.662
2012-11-25 11:00:00,,544.666
2012-11-25 12:00:00,,544.661
2012-11-25 13:00:00,,544.684
2012-11-25 14:00:00,,544.692
2012-11-25 15:00:00,,544.688
2012-11-25 16:00:00,,544.706
2012-11-25 17:00:00,,544.705
2012-11-25 18:00:00,,544.687
2012-11-25 19:00:00,,544.691
2012-11-25 20:00:00,,544.679
2012-11-25 21:00:00,,544.651
2012-11-25 22:00:00,,544.655
2012-11-25 23:00:00,,544.649
2012-11-26 00:00:00,,544.651
2012-11-26 01:00:00,,544.667
2012-11-26 02:00:00,,544.68
2012-11-26 03:00:00,,544.676
2012-11-26 04:00:00,,544.69
2012-11-26 05:00:00,,544.683
2012-11-26 06:00:00,,544.665
2012-11-26 07:00:00,,544.673
2012-11-26 08:00:00,,544.671
2012-11-26 09:00:00,,544.657
2012-11-26 10:00:00,,544.666
2012-11-26 11:00:00,,544.675
2012-11-26 12:00:00,,544.671
2012-11-26 13:00:00,,544.695
2012-11-26 14:00:00,,544.691
2012-11-26 15:00:00,,544.696
2012-11-26 16:00:00,,544.7
2012-11-26 17:00:00,,544.712
2012-11-26 18:00:00,,544.704
2012-11-26 19:00:00,,544.701
2012-11-26 20:00:00,,544.694
2012-11-26 21:00:00,,544.676
2012-11-26 22:00:00,,544.682
2012-11-26 23:00:00,,544.666
2012-11-27 00:00:00,,544.67
2012-11-27 01:00:00,,544.675
2012-11-27 02:00:00,,544.676
2012-11-27 03:00:00,,544.687
2012-11-27 04:00:00,,544.678
2012-11-27 05:00:00,,544.692
2012-11-27 06:00:00,,544.686
2012-11-27 07:00:00,,544.677
2012-11-27 08:00:00,,544.665
2012-11-27 09:00:00,,544.671
2012-11-27 10:00:00,,544.665
2012-11-27 11:00:00,,544.666
2012-11-27 12:00:00,,544.663
2012-11-27 13:00:00,,544.671
2012-11-27 14:00:00,,544.677
2012-11-27 15:00:00,,544.686
2012-11-27 16:00:00,,544.701
2012-11-27 17:00:00,,544.705
2012-11-27 18:00:00,,544.704
2012-11-27 19:00:00,,544.698
2012-11-27 20:00:00,,544.681
2012-11-27 21:00:00,,544.686
2012-11-27 22:00:00,,544.668
2012-11-27 23:00:00,,544.678
2012-11-28 00:00:00,,544.676
2012-11-28 01:00:00,,544.683
2012-11-28 02:00:00,,544.682
2012-11-28 03:00:00,,544.68
2012-11-28 04:00:00,,544.68
2012-11-28 05:00:00,,544.679
2012-11-28 06:00:00,,544.678
2012-11-28 07:00:00,,544.671
2012-11-28 08:00:00,,544.67
2012-11-28 09:00:00,,544.669
2012-11-28 10:00:00,,544.66
2012-11-28 11:00:00,,544.676
2012-11-28 12:00:00,,544.684
2012-11-28 13:00:00,,544.688
2012-11-28 14:00:00,,544.686
2012-11-28 15:00:00,,544.695
2012-11-28 16:00:00,,544.699
2012-11-28 17:00:00,,544.719
2012-11-28 18:00:00,,544.703
2012-11-28 19:00:00,,544.709
2012-11-28 20:00:00,,544.703
2012-11-28 21:00:00,,544.683
2012-11-28 22:00:00,,544.675
2012-11-28 23:00:00,,544.673
2012-11-29 00:00:00,,544.683
2012-11-29 01:00:00,,544.686
2012-11-29 02:00:00,,544.676
2012-11-29 03:00:00,,544.692
2012-11-29 04:00:00,,544.692
2012-11-29 05:00:00,,544.679
2012-11-29 06:00:00,,544.671
2012-11-29 07:00:00,,544.667
2012-11-29 08:00:00,,544.658
2012-11-29 09:00:00,,544.658
2012-11-29 10:00:00,,544.666
2012-11-29 11:00:00,,544.675
2012-11-29 12:00:00,,544.668
2012-11-29 13:00:00,,544.687
2012-11-29 14:00:00,,544.692
2012-11-29 15:00:00,,544.704
2012-11-29 16:00:00,,544.709
2012-11-29 17:00:00,,544.702
2012-11-29 18:00:00,,544.701
2012-11-29 19:00:00,,544.696
2012-11-29 20:00:00,,544.682
2012-11-29 21:00:00,,544.67
2012-11-29 22:00:00,,544.651
2012-11-29 23:00:00,,544.661
2012-11-30 00:00:00,,544.651
2012-11-30 01:00:00,,544.668
2012-11-30 02:00:00,,544.678
2012-11-30 03:00:00,,544.678
2012-11-30 04:00:00,,544.67
2012-11-30 05:00:00,,544.682
2012-11-30 06:00:00,,544.671
2012-11-30 07:00:00,,544.678
2012-11-30 08:00:00,,544.664
2012-11-30 09:00:00,,544.66
2012-11-30 10:00:00,,544.659
2012-11-30 11:00:00,,544.66
2012-11-30 12:00:00,,544.666
2012-11-30 13:00:00,,544.675
2012-11-30 14:00:00,,544.694
2012-11-30 15:00:00,,544.685
2012-11-30 16:00:00,,544.701
2012-11-30 17:00:00,,544.688
2012-11-30 18:00:00,,544.687
2012-11-30 19:00:00,,544.68
2012-11-30 20:00:00,,544.674
2012-11-30 21:00:00,,544.667
2012-11-30 22:00:00,,544.669
2012-11-30 23:00:00,,544.67
2012-12-01 00:00:00,,544.667
2012-12-01 01:00:00,,544.666
2012-12-01 02:00:00,,544.667
2012-12-01 03:00:00,,544.683
2012-12-01 04:00:00,,544.668
2012-12-01 05:00:00,,544.674
2012-12-01 06:00:00,,544.658
2012-12-01 07:00:00,,544.657
2012-12-01 08:00:00,,544.648
2012-12-01 09:00:00,,544.645
2012-12-01 10:00:00,,544.654
2012-12-01 11:00:00,,544.664
2012-12-01 12:00:00,,544.67
2012-12-01 13:00:00,,544.676
2012-12-01 14:00:00,,544.674
2012-12-01 15:00:00,,544.678
2012-12-01 16:00:00,,544.681
2012-12-01 17:00:00,,544.682
2012-12-01 18:00:00,,544.68
2012-12-01 19:00:00,,544.675
2012-12-01 20:00:00,,544.674
2012-12-01 21:00:00,,544.671
2012-12-01 22:00:00,,544.671
2012-12-01 23:00:00,,544.657
2012-12-02 00:00:00,,544.659
2012-12-02 01:00:00,,544.666
2012-12-02 02:00:00,,544.656
2012-12-02 03:00:00,,544.673
2012-12-02 04:00:00,,544.658
2012-12-02 05:00:00,,544.659
2012-12-02 06:00:00,,544.658
2012-12-02 07:00:00,,544.666
2012-12-02 08:00:00,,544.652
2012-12-02 09:00:00,,544.649
2012-12-02 10:00:00,,544.646
2012-12-02 11:00:00,,544.649
2012-12-02 12:00:00,,544.668
2012-12-02 13:00:00,,544.676
2012-12-02 14:00:00,,544.67
2012-12-02 15:00:00,,544.677
2012-12-02 16:00:00,,544.69
2012-12-02 17:00:00,,544.679
2012-12-02 18:00:00,,544.678
2012-12-02 19:00:00,,544.69
2012-12-02 20:00:00,,544.674
2012-12-02 21:00:00,,544.669
2012-12-02 22:00:00,,544.675
2012-12-02 23:00:00,,544.661
2012-12-03 00:00:00,,544.663
2012-12-03 01:00:00,,544.673
2012-12-03 02:00:00,,544.678
2012-12-03 03:00:00,,544.678
2012-12-03 04:00:00,,544.68
2012-12-03 05:00:00,,544.679
2012-12-03 06:00:00,,544.671
2012-12-03 07:00:00,,544.668
2012-12-03 08:00:00,,544.652
2012-12-03 09:00:00,,544.661
2012-12-03 10:00:00,,544.65
2012-12-03 11:00:00,,544.668
2012-12-03 12:00:00,,544.661
2012-12-03 13:00:00,,544.682
2012-12-03 14:00:00,,544.69
2012-12-03 15:00:00,,544.688
2012-12-03 16:00:00,,544.696
2012-12-03 17:00:00,,544.693
2012-12-03 18:00:00,,544.686
2012-12-03 19:00:00,,544.683
2012-12-03 20:00:00,,544.685
2012-12-03 21:00:00,,544.667
2012-12-03 22:00:00,,544.665
2012-12-03 23:00:00,,544.661
2012-12-04 00:00:00,,544.678
2012-12-04 01:00:00,,544.679
2012-12-04 02:00:00,,544.686
2012-12-04 03:00:00,,544.677
2012-12-04 04:00:00,,544.674
2012-12-04 05:00:00,,544.684
2012-12-04 06:00:00,,544.673
2012-12-04 07:00:00,,544.668
2012-12-04 08:00:00,,544.658
2012-12-04 09:00:00,,544.653
2012-12-04 10:00:00,,544.658
2012-12-04 11:00:00,,544.664
2012-12-04 12:00:00,,544.666
2012-12-04 13:00:00,,544.66
2012-12-04 14:00:00,,544.675
2012-12-04 15:00:00,,544.679
2012-12-04 16:00:00,,544.68
2012-12-04 17:00:00,,544.67
2012-12-04 18:00:00,,544.68
2012-12-04 19:00:00,,544.665
2012-12-04 20:00:00,,544.672
2012-12-04 21:00:00,,544.67
2012-12-04 22:00:00,,544.671
2012-12-04 23:00:00,,544.662
2012-12-05 00:00:00,,544.675
2012-12-05 01:00:00,,544.671
2012-12-05 02:00:00,,544.683
2012-12-05 03:00:00,,544.675
2012-12-05 04:00:00,,544.685
2012-12-05 05:00:00,,544.668
2012-12-05 06:00:00,,544.671
2012-12-05 07:00:00,,544.673
2012-12-05 08:00:00,,544.661
2012-12-05 09:00:00,,544.657
2012-12-05 10:00:00,,544.656
2012-12-05 11:00:00,,544.666
2012-12-05 12:00:00,,544.67
2012-12-05 13:00:00,,544.682
2012-12-05 14:00:00,,544.676
2012-12-05 15:00:00,,544.68
2012-12-05 16:00:00,,544.685
2012-12-05 17:00:00,,544.696
2012-12-05 18:00:00,,544.68
2012-12-05 19:00:00,,544.676
2012-12-05 20:00:00,,544.677
2012-12-05 21:00:00,,544.665
2012-12-05 22:00:00,,544.664
2012-12-05 23:00:00,,544.664
2012-12-06 00:00:00,,544.662
2012-12-06 01:00:00,,544.663
2012-12-06 02:00:00,,544.677
2012-12-06 03:00:00,,544.669
2012-12-06 04:00:00,,544.682
2012-12-06 05:00:00,,544.679
2012-12-06 06:00:00,,544.667
2012-12-06 07:00:00,,544.669
2012-12-06 08:00:00,,544.668
2012-12-06 09:00:00,,544.655
2012-12-06 10:00:00,,544.666
2012-12-06 11:00:00,,544.662
2012-12-06 12:00:00,,544.667
2012-12-06 13:00:00,,544.684
2012-12-06 14:00:00,,544.68
2012-12-06 15:00:00,,544.686
2012-12-06 16:00:00,,544.686
2012-12-06 17:00:00,,544.688
2012-12-06 18:00:00,,544.685
2012-12-06 19:00:00,,544.686
2012-12-06 20:00:00,,544.675
2012-12-06 21:00:00,,544.682
2012-12-06 22:00:00,,544.674
2012-12-06 23:00:00,,544.667
2012-12-07 00:00:00,,544.683
2012-12-07 01:00:00,,544.673
2012-12-07 02:00:00,,544.672
2012-12-07 03:00:00,,544.672
2012-12-07 04:00:00,,544.676
2012-12-07 05:00:00,,544.677
2012-12-07 06:00:00,,544.661
2012-12-07 07:00:00,,544.666
2012-12-07 08:00:00,,544.663
2012-12-07 09:00:00,,544.667
2012-12-07 10:00:00,,544.667
2012-12-07 11:00:00,,544.66
2012-12-07 12:00:00,,544.667
2012-12-07 13:00:00,,544.686
2012-12-07 14:00:00,,544.685
2012-12-07 15:00:00,,544.689
2012-12-07 16:00:00,,544.692
2012-12-07 17:00:00,,544.704
2012-12-07 18:00:00,,544.691
2012-12-07 19:00:00,,544.698
2012-12-07 20:00:00,,544.681
2012-12-07 21:00:00,,544.689
2012-12-07 22:00:00,,544.673
2012-12-07 23:00:00,,544.681
2012-12-08 00:00:00,,544.671
2012-12-08 01:00:00,,544.685
2012-12-08 02:00:00,,544.674
2012-12-08 03:00:00,,544.676
2012-12-08 04:00:00,,544.677
2012-12-08 05:00:00,,544.679
2012-12-08 06:00:00,,544.681
2012-12-08 07:00:00,,544.663
2012-12-08 08:00:00,,544.659
2012-12-08 09:00:00,,544.657
2012-12-08 10:00:00,,544.671
2012-12-08 11:00:00,,544.665
2012-12-08 12:00:00,,544.681
2012-12-08 13:00:00,,544.683
2012-12-08 14:00:00,,544.7
2012-12-08 15:00:00,,544.693
2012-12-08 16:00:00,,544.696
2012-12-08 17:00:00,,544.697
2012-12-08 18:00:00,,544.707
2012-12-08 19:00:00,,544.699
2012-12-08 20:00:00,,544.682
2012-12-08 21:00:00,,544.677
2012-12-08 22:00:00,,544.678
2012-12-08 23:00:00,,544.68
2012-12-09 00:00:00,,544.683
2012-12-09 01:00:00,,544.68
2012-12-09 02:00:00,,544.681
2012-12-09 03:00:00,,544.676
2012-12-09 04:00:00,,544.68
2012-12-09 05:00:00,,544.668
2012-12-09 06:00:00,,544.663
2012-12-09 07:00:00,,544.657
2012-12-09 08:00:00,,544.665
2012-12-09 09:00:00,,544.654
2012-12-09 10:00:00,,544.659
2012-12-09 11:00:00,,544.665
2012-12-09 12:00:00,,544.668
2012-12-09 13:00:00,,544.685
2012-12-09 14:00:00,,544.698
2012-12-09 15:00:00,,544.688
2012-12-09 16:00:00,,544.693
2012-12-09 17:00:00,,544.701
2012-12-09 18:00:00,,544.687
2012-12-09 19:00:00,,544.678
2012-12-09 20:00:00,,544.668
2012-12-09 21:00:00,,544.66
2012-12-09 22:00:00,,544.656
2012-12-09 23:00:00,,544.668
2012-12-10 00:00:00,,544.656
2012-12-10 01:00:00,,544.677
2012-12-10 02:00:00,,544.668
2012-12-10 03:00:00,,544.67
2012-12-10 04:00:00,,544.671
2012-12-10 05:00:00,,544.677
2012-12-10 06:00:00,,544.666
2012-12-10 07:00:00,,544.651
2012-12-10 08:00:00,,544.661
2012-12-10 09:00:00,,544.661
2012-12-10 10:00:00,,544.653
2012-12-10 11:00:00,,544.673
2012-12-10 12:00:00,,544.683
2012-12-10 13:00:00,,544.684
2012-12-10 14:00:00,,544.697
2012-12-10 15:00:00,,544.689
2012-12-10 16:00:00,,544.695
2012-12-10 17:00:00,,544.691
2012-12-10 18:00:00,,544.687
2012-12-10 19:00:00,,544.691
2012-12-10 20:00:00,,544.684
2012-12-10 21:00:00,,544.672
2012-12-10 22:00:00,,544.668
2012-12-10 23:00:00,,544.662
2012-12-11 00:00:00,,544.673
2012-12-11 01:00:00,,544.68
2012-12-11 02:00:00,,544.673
2012-12-11 03:00:00,,544.674
2012-12-11 04:00:00,,544.68
2012-12-11 05:00:00,,544.669
2012-12-11 06:00:00,,544.658
2012-12-11 07:00:00,,544.656
2012-12-11 08:00:00,,544.653
2012-12-11 09:00:00,,544.664
2012-12-11 10:00:00,,544.662
2012-12-11 11:00:00,,544.661
2012-12-11 12:00:00,,544.668
2012-12-11 13:00:00,,544.678
2012-12-11 14:00:00,,544.694
2012-12-11 15:00:00,,544.694
2012-12-11 16:00:00,,544.698
2012-12-11 17:00:00,,544.698
2012-12-11 18:00:00,,544.708
2012-12-11 19:00:00,,544.691
2012-12-11 20:00:00,,544.696
2012-12-11 21:00:00,,544.685
2012-12-11 22:00:00,,544.667
2012-12-11 23:00:00,,544.669
2012-12-12 00:00:00,,544.666
2012-12-12 01:00:00,,544.681
2012-12-12 02:00:00,,544.688
2012-12-12 03:00:00,,544.682
2012-12-12 04:00:00,,544.686
2012-12-12 05:00:00,,544.671
2012-12-12 06:00:00,,544.677
2012-12-12 07:00:00,,544.66
2012-12-12 08:00:00,,544.666
2012-12-12 09:00:00,,544.662
2012-12-12 10:00:00,,544.652
2012-12-12 11:00:00,,544.659
2012-12-12 12:00:00,,544.667
2012-12-12 13:00:00,,544.676
2012-12-12 14:00:00,,544.685
2012-12-12 15:00:00,,544.704
2012-12-12 16:00:00,,544.7
2012-12-12 17:00:00,,544.712
2012-12-12 18:00:00,,544.699
2012-12-12 19:00:00,,544.704
2012-12-12 20:00:00,,544.684
2012-12-12 21:00:00,,544.689
2012-12-12 22:00:00,,544.673
2012-12-12 23:00:00,,544.673
2012-12-13 00:00:00,,544.676
2012-12-13 01:00:00,,544.677
2012-12-13 02:00:00,,544.678
2012-12-13 03:00:00,,544.677
2012-12-13 04:00:00,,544.692
2012-12-13 05:00:00,,544.677
2012-12-13 06:00:00,,544.679
2012-12-13 07:00:00,,544.671
2012-12-13 08:00:00,,544.674
2012-12-13 09:00:00,,544.669
2012-12-13 10:00:00,,544.672
2012-12-13 11:00:00,,544.661
2012-12-13 12:00:00,,544.667
2012-12-13 13:00:00,,544.685
2012-12-13 14:00:00,,544.693
2012-12-13 15:00:00,,544.7
2012-12-13 16:00:00,,544.694
2012-12-13 17:00:00,,544.708
2012-12-13 18:00:00,,544.706
2012-12-13 19:00:00,,544.7
2012-12-13 20:00:00,,544.68
2012-12-13 21:00:00,,544.683
2012-12-13 22:00:00,,544.667
2012-12-13 23:00:00,,544.663
2012-12-14 00:00:00,,544.659
2012-12-14 01:00:00,,544.661
2012-12-14 02:00:00,,544.676
2012-12-14 03:00:00,,544.669
2012-12-14 04:00:00,,544.679
2012-12-14 05:00:00,,544.681
2012-12-14 06:00:00,,544.685
2012-12-14 07:00:00,,544.672
2012-12-14 08:00:00,,544.66
2012-12-14 09:00:00,,544.672
2012-12-14 10:00:00,,544.673
2012-12-14 11:00:00,,544.662
2012-12-14 12:00:00,,544.683
2012-12-14 13:00:00,,544.689
2012-12-14 14:00:00,,544.693
2012-12-14 15:00:00,,544.69
2012-12-14 16:00:00,,544.702
2012-12-14 17:00:00,,544.699
2012-12-14 18:00:00,,544.697
2012-12-14 19:00:00,,544.692
2012-12-14 20:00:00,,544.692
2012-12-14 21:00:00,,544.676
2012-12-14 22:00:00,,544.678
2012-12-14 23:00:00,,544.661
2012-12-15 00:00:00,,544.675
2012-12-15 01:00:00,,544.662
2012-12-15 02:00:00,,544.662
2012-12-15 03:00:00,,544.677
2012-12-15 04:00:00,,544.67
2012-12-15 05:00:00,,544.68
2012-12-15 06:00:00,,544.679
2012-12-15 07:00:00,,544.682
2012-12-15 08:00:00,,544.673
2012-12-15 09:00:00,,544.679
2012-12-15 10:00:00,,544.681
2012-12-15 11:00:00,,544.671
2012-12-15 12:00:00,,544.687
2012-12-15 13:00:00,,544.683
2012-12-15 14:00:00,,544.703
2012-12-15 15:00:00,,544.713
2012-12-15 16:00:00,,544.705
2012-12-15 17:00:00,,544.716
2012-12-15 18:00:00,,544.691
2012-12-15 19:00:00,,544.675
2012-12-15 20:00:00,,544.67
2012-12-15 21:00:00,,544.682
2012-12-15 22:00:00,,544.682
2012-12-15 23:00:00,,544.684
2012-12-16 00:00:00,,544.689
2012-12-16 01:00:00,,544.677
2012-12-16 02:00:00,,544.686
2012-12-16 03:00:00,,544.687
2012-12-16 04:00:00,,544.681
2012-12-16 05:00:00,,544.676
2012-12-16 06:00:00,,544.666
2012-12-16 07:00:00,,544.668
2012-12-16 08:00:00,,544.66
2012-12-16 09:00:00,,544.673
2012-12-16 10:00:00,,544.661
2012-12-16 11:00:00,,544.664
2012-12-16 12:00:00,,544.667
2012-12-16 13:00:00,,544.683
2012-12-16 14:00:00,,544.69
2012-12-16 15:00:00,,544.7
2012-12-16 16:00:00,,544.705
2012-12-16 17:00:00,,544.696
2012-12-16 18:00:00,,544.704
2012-12-16 19:00:00,,544.692
2012-12-16 20:00:00,,544.684
2012-12-16 21:00:00,,544.673
2012-12-16 22:00:00,,544.654
2012-12-16 23:00:00,,544.661
2012-12-17 00:00:00,,544.659
2012-12-17 01:00:00,,544.668
2012-12-17 02:00:00,,544.671
2012-12-17 03:00:00,,544.679
2012-12-17 04:00:00,,544.683
2012-12-17 05:00:00,,544.68
2012-12-17 06:00:00,,544.666
2012-12-17 07:00:00,,544.675
2012-12-17 08:00:00,,544.668
2012-12-17 09:00:00,,544.673
2012-12-17 10:00:00,,544.671
2012-12-17 11:00:00,,544.668
2012-12-17 12:00:00,,544.672
2012-12-17 13:00:00,,544.69
2012-12-17 14:00:00,,544.683
2012-12-17 15:00:00,,544.69
2012-12-17 16:00:00,,544.705
2012-12-17 17:00:00,,544.699
2012-12-17 18:00:00,,544.703
2012-12-17 19:00:00,,544.7
2012-12-17 20:00:00,,544.68
2012-12-17 21:00:00,,544.678
2012-12-17 22:00:00,,544.674
2012-12-17 23:00:00,,544.661
2012-12-18 00:00:00,,544.662
2012-12-18 01:00:00,,544.665
2012-12-18 02:00:00,,544.666
2012-12-18 03:00:00,,544.663
2012-12-18 04:00:00,,544.665
2012-12-18 05:00:00,,544.666
2012-12-18 06:00:00,,544.665
2012-12-18 07:00:00,,544.662
2012-12-18 08:00:00,,544.659
2012-12-18 09:00:00,,544.672
2012-12-18 10:00:00,,544.665
2012-12-18 11:00:00,,544.667
2012-12-18 12:00:00,,544.674
2012-12-18 13:00:00,,544.686
2012-12-18 14:00:00,,544.69
2012-12-18 15:00:00,,544.69
2012-12-18 16:00:00,,544.682
2012-12-18 17:00:00,,544.687
2012-12-18 18:00:00,,544.696
2012-12-18 19:00:00,,544.685
2012-12-18 20:00:00,,544.693
2012-12-18 21:00:00,,544.674
2012-12-18 22:00:00,,544.681
2012-12-18 23:00:00,,544.68
2012-12-19 00:00:00,,544.67
2012-12-19 01:00:00,,544.674
2012-12-19 02:00:00,,544.677
2012-12-19 03:00:00,,544.694
2012-12-19 04:00:00,,544.681
2012-12-19 05:00:00,,544.679
2012-12-19 06:00:00,,544.674
2012-12-19 07:00:00,,544.67
2012-12-19 08:00:00,,544.681
2012-12-19 09:00:00,,544.678
2012-12-19 10:00:00,,544.68
2012-12-19 11:00:00,,544.667
2012-12-19 12:00:00,,544.679
2012-12-19 13:00:00,,544.677
2012-12-19 14:00:00,,544.682
2012-12-19 15:00:00,,544.698
2012-12-19 16:00:00,,544.7
2012-12-19 17:00:00,,544.704
2012-12-19 18:00:00,,544.697
2012-12-19 19:00:00,,544.681
2012-12-19 20:00:00,,544.675
2012-12-19 21:00:00,,544.684
2012-12-19 22:00:00,,544.683
2012-12-19 23:00:00,,544.668
2012-12-20 00:00:00,,544.669
2012-12-20 01:00:00,,544.683
2012-12-20 02:00:00,,544.673
2012-12-20 03:00:00,,544.675
2012-12-20 04:00:00,,544.686
2012-12-20 05:00:00,,544.682
2012-12-20 06:00:00,,544.665
2012-12-20 07:00:00,,544.673
2012-12-20 08:00:00,,544.659
2012-12-20 09:00:00,,544.67
2012-12-20 10:00:00,,544.672
2012-12-20 11:00:00,,544.663
2012-12-20 12:00:00,,544.667
2012-12-20 13:00:00,,544.675
2012-12-20 14:00:00,,544.688
2012-12-20 15:00:00,,544.69
2012-12-20 16:00:00,,544.678
2012-12-20 17:00:00,,544.69
2012-12-20 18:00:00,,544.684
2012-12-20 19:00:00,,544.671
2012-12-20 20:00:00,,544.678
2012-12-20 21:00:00,,544.672
2012-12-20 22:00:00,,544.656
2012-12-20 23:00:00,,544.667
2012-12-21 00:00:00,,544.66
2012-12-21 01:00:00,,544.664
2012-12-21 02:00:00,,544.674
2012-12-21 03:00:00,,544.681
2012-12-21 04:00:00,,544.669
2012-12-21 05:00:00,,544.678
2012-12-21 06:00:00,,544.678
2012-12-21 07:00:00,,544.662
2012-12-21 08:00:00,,544.67
2012-12-21 09:00:00,,544.668
2012-12-21 10:00:00,,544.659
2012-12-21 11:00:00,,544.674
2012-12-21 12:00:00,,544.669
2012-12-21 13:00:00,,544.686
2012-12-21 14:00:00,,544.682
2012-12-21 15:00:00,,544.687
2012-12-21 16:00:00,,544.693
2012-12-21 17:00:00,,544.695
2012-12-21 18:00:00,,544.694
2012-12-21 19:00:00,,544.699
2012-12-21 20:00:00,,544.683
2012-12-21 21:00:00,,544.688
2012-12-21 22:00:00,,544.686
2012-12-21 23:00:00,,544.672
2012-12-22 00:00:00,,544.671
2012-12-22 01:00:00,,544.673
2012-12-22 02:00:00,,544.689
2012-12-22 03:00:00,,544.678
2012-12-22 04:00:00,,544.681
2012-12-22 05:00:00,,544.683
2012-12-22 06:00:00,,544.676
2012-12-22 07:00:00,,544.669
2012-12-22 08:00:00,,544.665
2012-12-22 09:00:00,,544.666
2012-12-22 10:00:00,,544.68
2012-12-22 11:00:00,,544.668
2012-12-22 12:00:00,,544.676
2012-12-22 13:00:00,,544.693
2012-12-22 14:00:00,,544.694
2012-12-22 15:00:00,,544.705
2012-12-22 16:00:00,,544.712
2012-12-22 17:00:00,,544.702
2012-12-22 18:00:00,,544.708
2012-12-22 19:00:00,,544.701
2012-12-22 20:00:00,,544.684
2012-12-22 21:00:00,,544.691
2012-12-22 22:00:00,,544.683
2012-12-22 23:00:00,,544.667
2012-12-23 00:00:00,,544.679
2012-12-23 01:00:00,,544.68
2012-12-23 02:00:00,,544.684
2012-12-23 03:00:00,,544.683
2012-12-23 04:00:00,,544.684
2012-12-23 05:00:00,,544.676
2012-12-23 06:00:00,,544.677
2012-12-23 07:00:00,,544.659
2012-12-23 08:00:00,,544.667
2012-12-23 09:00:00,,544.669
2012-12-23 10:00:00,,544.657
2012-12-23 11:00:00,,544.671
2012-12-23 12:00:00,,544.677
2012-12-23 13:00:00,,544.69
2012-12-23 14:00:00,,544.693
2012-12-23 15:00:00,,544.691
2012-12-23 16:00:00,,544.705
2012-12-23 17:00:00,,544.695
2012-12-23 18:00:00,,544.706
2012-12-23 19:00:00,,544.7
2012-12-23 20:00:00,,544.681
2012-12-23 21:00:00,,544.678
2012-12-23 22:00:00,,544.668
2012-12-23 23:00:00,,544.664
2012-12-24 00:00:00,,544.664
2012-12-24 01:00:00,,544.669
2012-12-24 02:00:00,,544.677
2012-12-24 03:00:00,,544.686
2012-12-24 04:00:00,,544.687
2012-12-24 05:00:00,,544.67
2012-12-24 06:00:00,,544.666
2012-12-24 07:00:00,,544.666
2012-12-24 08:00:00,,544.648
2012-12-24 09:00:00,,544.648
2012-12-24 10:00:00,,544.652
2012-12-24 11:00:00,,544.666
2012-12-24 12:00:00,,544.669
2012-12-24 13:00:00,,544.683
2012-12-24 14:00:00,,544.677
2012-12-24 15:00:00,,544.689
2012-12-24 16:00:00,,544.699
2012-12-24 17:00:00,,544.699
2012-12-24 18:00:00,,544.699
2012-12-24 19:00:00,,544.692
2012-12-24 20:00:00,,544.685
2012-12-24 21:00:00,,544.679
2012-12-24 22:00:00,,544.663
2012-12-24 23:00:00,,544.656
2012-12-25 00:00:00,,544.669
2012-12-25 01:00:00,,544.665
2012-12-25 02:00:00,,544.663
2012-12-25 03:00:00,,544.674
2012-12-25 04:00:00,,544.676
2012-12-25 05:00:00,,544.664
2012-12-25 06:00:00,,544.661
2012-12-25 07:00:00,,544.667
2012-12-25 08:00:00,,544.665
2012-12-25 09:00:00,,544.654
2012-12-25 10:00:00,,544.655
2012-12-25 11:00:00,,544.656
2012-12-25 12:00:00,,544.66
2012-12-25 13:00:00,,544.679
2012-12-25 14:00:00,,544.682
2012-12-25 15:00:00,,544.681
2012-12-25 16:00:00,,544.685
2012-12-25 17:00:00,,544.701
2012-12-25 18:00:00,,544.702
2012-12-25 19:00:00,,544.697
2012-12-25 20:00:00,,544.679
2012-12-25 21:00:00,,544.681
2012-12-25 22:00:00,,544.674
2012-12-25 23:00:00,,544.669
2012-12-26 00:00:00,,544.672
2012-12-26 01:00:00,,544.666
2012-12-26 02:00:00,,544.68
2012-12-26 03:00:00,,544.669
2012-12-26 04:00:00,,544.68
2012-12-26 05:00:00,,544.68
2012-12-26 06:00:00,,544.674
2012-12-26 07:00:00,,544.667
2012-12-26 08:00:00,,544.652
2012-12-26 09:00:00,,544.663
2012-12-26 10:00:00,,544.654
2012-12-26 11:00:00,,544.672
2012-12-26 12:00:00,,544.666
2012-12-26 13:00:00,,544.676
2012-12-26 14:00:00,,544.693
2012-12-26 15:00:00,,544.701
2012-12-26 16:00:00,,544.704
2012-12-26 17:00:00,,544.713
2012-12-26 18:00:00,,544.704
2012-12-26 19:00:00,,544.705
2012-12-26 20:00:00,,544.687
2012-12-26 21:00:00,,544.681
2012-12-26 22:00:00,,544.684
2012-12-26 23:00:00,,544.678
2012-12-27 00:00:00,,544.674
2012-12-27 01:00:00,,544.678
2012-12-27 02:00:00,,544.686
2012-12-27 03:00:00,,544.678
2012-12-27 04:00:00,,544.679
2012-12-27 05:00:00,,544.669
2012-12-27 06:00:00,,544.662
2012-12-27 07:00:00,,544.667
2012-12-27 08:00:00,,544.649
2012-12-27 09:00:00,,544.663
2012-12-27 10:00:00,,544.657
2012-12-27 11:00:00,,544.657
2012-12-27 12:00:00,,544.663
2012-12-27 13:00:00,,544.671
2012-12-27 14:00:00,,544.689
2012-12-27 15:00:00,,544.696
2012-12-27 16:00:00,,544.686
2012-12-27 17:00:00,,544.69
2012-12-27 18:00:00,,544.694
2012-12-27 19:00:00,,544.681
2012-12-27 20:00:00,,544.687
2012-12-27 21:00:00,,544.672
2012-12-27 22:00:00,,544.66
2012-12-27 23:00:00,,544.67
2012-12-28 00:00:00,,544.671
2012-12-28 01:00:00,,544.673
2012-12-28 02:00:00,,544.664
2012-12-28 03:00:00,,544.666
2012-12-28 04:00:00,,544.673
2012-12-28 05:00:00,,544.676
2012-12-28 06:00:00,,544.66
2012-12-28 07:00:00,,544.657
2012-12-28 08:00:00,,544.665
2012-12-28 09:00:00,,544.66
2012-12-28 10:00:00,,544.664
2012-12-28 11:00:00,,544.655
2012-12-28 12:00:00,,544.674
2012-12-28 13:00:00,,544.673
2012-12-28 14:00:00,,544.672
2012-12-28 15:00:00,,544.679
2012-12-28 16:00:00,,544.683
2012-12-28 17:00:00,,544.698
2012-12-28 18:00:00,,544.697
2012-12-28 19:00:00,,544.68
2012-12-28 20:00:00,,544.682
2012-12-28 21:00:00,,544.67
2012-12-28 22:00:00,,544.67
2012-12-28 23:00:00,,544.667
2012-12-29 00:00:00,,544.656
2012-12-29 01:00:00,,544.669
2012-12-29 02:00:00,,544.667
2012-12-29 03:00:00,,544.674
2012-12-29 04:00:00,,544.66
2012-12-29 05:00:00,,544.671
2012-12-29 06:00:00,,544.654
2012-12-29 07:00:00,,544.656
2012-12-29 08:00:00,,544.649
2012-12-29 09:00:00,,544.649
2012-12-29 10:00:00,,544.656
2012-12-29 11:00:00,,544.659
2012-12-29 12:00:00,,544.663
2012-12-29 13:00:00,,544.675
2012-12-29 14:00:00,,544.674
2012-12-29 15:00:00,,544.691
2012-12-29 16:00:00,,544.697
2012-12-29 17:00:00,,544.698
2012-12-29 18:00:00,,544.699
2012-12-29 19:00:00,,544.69
2012-12-29 20:00:00,,544.687
2012-12-29 21:00:00,,544.678
2012-12-29 22:00:00,,544.666
2012-12-29 23:00:00,,544.668
2012-12-30 00:00:00,,544.659
2012-12-30 01:00:00,,544.661
2012-12-30 02:00:00,,544.663
2012-12-30 03:00:00,,544.674
2012-12-30 04:00:00,,544.678
2012-12-30 05:00:00,,544.664
2012-12-30 06:00:00,,544.661
2012-12-30 07:00:00,,544.658
2012-12-30 08:00:00,,544.654
2012-12-30 09:00:00,,544.664
2012-12-30 10:00:00,,544.669
2012-12-30 11:00:00,,544.659
2012-12-30 12:00:00,,544.678
2012-12-30 13:00:00,,544.675
2012-12-30 14:00:00,,544.681
2012-12-30 15:00:00,,544.688
2012-12-30 16:00:00,,544.692
2012-12-30 17:00:00,,544.705
2012-12-30 18:00:00,,544.703
2012-12-30 19:00:00,,544.685
2012-12-30 20:00:00,,544.685
2012-12-30 21:00:00,,544.675
2012-12-30 22:00:00,,544.681
2012-12-30 23:00:00,,544.663
2012-12-31 00:00:00,,544.675
2012-12-31 01:00:00,,544.678
2012-12-31 02:00:00,,544.669
2012-12-31 03:00:00,,544.679
2012-12-31 04:00:00,,544.684
2012-12-31 05:00:00,,544.672
2012-12-31 06:00:00,,544.678
2012-12-31 07:00:00,,544.668
2012-12-31 08:00:00,,544.668
2012-12-31 09:00:00,,544.665
2012-12-31 10:00:00,,544.664
2012-12-31 11:00:00,,544.678
2012-12-31 12:00:00,,544.678
2012-12-31 13:00:00,,544.675
2012-12-31 14:00:00,,544.69
2012-12-31 15:00:00,,544.683
2012-12-31 16:00:00,,544.697
2012-12-31 17:00:00,,544.687
2012-12-31 18:00:00,,544.685
2012-12-31 19:00:00,,544.687
2012-12-31 20:00:00,,544.683
2012-12-31 21:00:00,,544.683
2012-12-31 22:00:00,,544.682
2012-12-31 23:00:00,,544.665
2013-01-01 00:00:00,,544.676
2013-01-01 01:00:00,,544.674
2013-01-01 02:00:00,,544.671
2013-01-01 03:00:00,,544.685
2013-01-01 04:00:00,,544.67
2013-01-01 05:00:00,,544.677
2013-01-01 06:00:00,,544.66
2013-01-01 07:00:00,,544.666
2013-01-01 08:00:00,,544.655
2013-01-01 09:00:00,,544.653
2013-01-01 10:00:00,,544.655
2013-01-01 11:00:00,,544.66
2013-01-01 12:00:00,,544.669
2013-01-01 13:00:00,,544.672
2013-01-01 14:00:00,,544.686
2013-01-01 15:00:00,,544.686
2013-01-01 16:00:00,,544.692
2013-01-01 17:00:00,,544.69
2013-01-01 18:00:00,,544.7
2013-01-01 19:00:00,,544.691
2013-01-01 20:00:00,,544.683
2013-01-01 21:00:00,,544.677
2013-01-01 22:00:00,,544.676
2013-01-01 23:00:00,,544.66
2013-01-02 00:00:00,,544.666
2013-01-02 01:00:00,,544.674
2013-01-02 02:00:00,,544.679
2013-01-02 03:00:00,,544.683
2013-01-02 04:00:00,,544.675
2013-01-02 05:00:00,,544.677
2013-01-02 06:00:00,,544.675
2013-01-02 07:00:00,,544.666
2013-01-02 08:00:00,,544.672
2013-01-02 09:00:00,,544.673
2013-01-02 10:00:00,,544.668
2013-01-02 11:00:00,,544.664
2013-01-02 12:00:00,,544.669
2013-01-02 13:00:00,,544.681
2013-01-02 14:00:00,,544.692
2013-01-02 15:00:00,,544.696
2013-01-02 16:00:00,,544.688
2013-01-02 17:00:00,,544.7
2013-01-02 18:00:00,,544.693
2013-01-02 19:00:00,,544.689
2013-01-02 20:00:00,,544.684
2013-01-02 21:00:00,,544.673
2013-01-02 22:00:00,,544.667
2013-01-02 23:00:00,,544.663
2013-01-03 00:00:00,,544.664
2013-01-03 01:00:00,,544.68
2013-01-03 02:00:00,,544.682
2013-01-03 03:00:00,,544.683
2013-01-03 04:00:00,,544.672
2013-01-03 05:00:00,,544.676
2013-01-03 06:00:00,,544.666
2013-01-03 07:00:00,,544.669
2013-01-03 08:00:00,,544.66
2013-01-03 09:00:00,,544.675
2013-01-03 10:00:00,,544.666
2013-01-03 11:00:00,,544.676
2013-01-03 12:00:00,,544.677
2013-01-03 13:00:00,,544.696
2013-01-03 14:00:00,,544.689
2013-01-03 15:00:00,,544.707
2013-01-03 16:00:00,,544.698
2013-01-03 17:00:00,,544.7
2013-01-03 18:00:00,,544.697
2013-01-03 19:00:00,,544.703
2013-01-03 20:00:00,,544.699
2013-01-03 21:00:00,,544.69
2013-01-03 22:00:00,,544.681
2013-01-03 23:00:00,,544.685
2013-01-04 00:00:00,,544.678
2013-01-04 01:00:00,,544.682
2013-01-04 02:00:00,,544.682
2013-01-04 03:00:00,,544.685
2013-01-04 04:00:00,,544.678
2013-01-04 05:00:00,,544.688
2013-01-04 06:00:00,,544.681
2013-01-04 07:00:00,,544.678
2013-01-04 08:00:00,,544.679
2013-01-04 09:00:00,,544.674
2013-01-04 10:00:00,,544.67
2013-01-04 11:00:00,,544.673
2013-01-04 12:00:00,,544.688
2013-01-04 13:00:00,,544.7
2013-01-04 14:00:00,,544.694
2013-01-04 15:00:00,,544.707
2013-01-04 16:00:00,,544.701
2013-01-04 17:00:00,,544.706
2013-01-04 18:00:00,,544.705
2013-01-04 19:00:00,,544.696
2013-01-04 20:00:00,,544.684
2013-01-04 21:00:00,,544.682
2013-01-04 22:00:00,,544.685
2013-01-04 23:00:00,,544.677
2013-01-05 00:00:00,,544.677
2013-01-05 01:00:00,,544.681
2013-01-05 02:00:00,,544.681
2013-01-05 03:00:00,,544.683
2013-01-05 04:00:00,,544.676
2013-01-05 05:00:00,,544.67
2013-01-05 06:00:00,,544.67
2013-01-05 07:00:00,,544.655
2013-01-05 08:00:00,,544.662
2013-01-05 09:00:00,,544.662
2013-01-05 10:00:00,,544.654
2013-01-05 11:00:00,,544.669
2013-01-05 12:00:00,,544.668
2013-01-05 13:00:00,,544.67
2013-01-05 14:00:00,,544.685
2013-01-05 15:00:00,,544.678
2013-01-05 16:00:00,,544.697
2013-01-05 17:00:00,,544.659
2013-01-05 18:00:00,,544.646
2013-01-05 19:00:00,,544.664
2013-01-05 20:00:00,,544.665
2013-01-05 21:00:00,,544.671
2013-01-05 22:00:00,,544.668
2013-01-05 23:00:00,,544.666
2013-01-06 00:00:00,,544.66
2013-01-06 01:00:00,,544.666
2013-01-06 02:00:00,,544.679
2013-01-06 03:00:00,,544.675
2013-01-06 04:00:00,,544.678
2013-01-06 05:00:00,,544.666
2013-01-06 06:00:00,,544.666
2013-01-06 07:00:00,,544.667
2013-01-06 08:00:00,,544.659
2013-01-06 09:00:00,,544.661
2013-01-06 10:00:00,,544.658
2013-01-06 11:00:00,,544.668
2013-01-06 12:00:00,,544.666
2013-01-06 13:00:00,,544.685
2013-01-06 14:00:00,,544.679
2013-01-06 15:00:00,,544.684
2013-01-06 16:00:00,,544.687
2013-01-06 17:00:00,,544.699
2013-01-06 18:00:00,,544.686
2013-01-06 19:00:00,,544.693
2013-01-06 20:00:00,,544.683
2013-01-06 21:00:00,,544.663
2013-01-06 22:00:00,,544.661
2013-01-06 23:00:00,,544.667
2013-01-07 00:00:00,,544.679
2013-01-07 01:00:00,,544.682
2013-01-07 02:00:00,,544.683
2013-01-07 03:00:00,,544.686
2013-01-07 04:00:00,,544.678
2013-01-07 05:00:00,,544.678
2013-01-07 06:00:00,,544.661
2013-01-07 07:00:00,,544.661
2013-01-07 08:00:00,,544.666
2013-01-07 09:00:00,,544.667
2013-01-07 10:00:00,,544.664
2013-01-07 11:00:00,,544.662
2013-01-07 12:00:00,,544.668
2013-01-07 13:00:00,,544.679
2013-01-07 14:00:00,,544.686
2013-01-07 15:00:00,,544.692
2013-01-07 16:00:00,,544.709
2013-01-07 17:00:00,,544.699
2013-01-07 18:00:00,,544.699
2013-01-07 19:00:00,,544.687
2013-01-07 20:00:00,,544.686
2013-01-07 21:00:00,,544.676
2013-01-07 22:00:00,,544.672
2013-01-07 23:00:00,,544.684
2013-01-08 00:00:00,,544.678
2013-01-08 01:00:00,,544.687
2013-01-08 02:00:00,,544.679
2013-01-08 03:00:00,,544.687
2013-01-08 04:00:00,,544.691
2013-01-08 05:00:00,,544.68
2013-01-08 06:00:00,,544.68
2013-01-08 07:00:00,,544.678
2013-01-08 08:00:00,,544.664
2013-01-08 09:00:00,,544.674
2013-01-08 10:00:00,,544.673
2013-01-08 11:00:00,,544.684
2013-01-08 12:00:00,,544.688
2013-01-08 13:00:00,,544.701
2013-01-08 14:00:00,,544.698
2013-01-08 15:00:00,,544.713
2013-01-08 16:00:00,,544.706
2013-01-08 17:00:00,,544.721
2013-01-08 18:00:00,,544.704
2013-01-08 19:00:00,,544.695
2013-01-08 20:00:00,,544.687
2013-01-08 21:00:00,,544.68
2013-01-08 22:00:00,,544.687
2013-01-08 23:00:00,,544.675
2013-01-09 00:00:00,,544.669
2013-01-09 01:00:00,,544.676
2013-01-09 02:00:00,,544.687
2013-01-09 03:00:00,,544.696
2013-01-09 04:00:00,,544.697
2013-01-09 05:00:00,,544.696
2013-01-09 06:00:00,,544.678
2013-01-09 07:00:00,,544.678
2013-01-09 08:00:00,,544.669
2013-01-09 09:00:00,,544.681
2013-01-09 10:00:00,,544.67
2013-01-09 11:00:00,,544.676
2013-01-09 12:00:00,,544.695
2013-01-09 13:00:00,,544.69
2013-01-09 14:00:00,,544.707
2013-01-09 15:00:00,,544.703
2013-01-09 16:00:00,,544.707
2013-01-09 17:00:00,,544.71
2013-01-09 18:00:00,,544.705
2013-01-09 19:00:00,,544.699
2013-01-09 20:00:00,,544.692
2013-01-09 21:00:00,,544.688
2013-01-09 22:00:00,,544.689
2013-01-09 23:00:00,,544.677
2013-01-10 00:00:00,,544.674
2013-01-10 01:00:00,,544.685
2013-01-10 02:00:00,,544.687
2013-01-10 03:00:00,,544.693
2013-01-10 04:00:00,,544.689
2013-01-10 05:00:00,,544.672
2013-01-10 06:00:00,,544.666
2013-01-10 07:00:00,,544.674
2013-01-10 08:00:00,,544.671
2013-01-10 09:00:00,,544.655
2013-01-10 10:00:00,,544.666
2013-01-10 11:00:00,,544.669
2013-01-10 12:00:00,,544.669
2013-01-10 13:00:00,,544.68
2013-01-10 14:00:00,,544.685
2013-01-10 15:00:00,,544.699
2013-01-10 16:00:00,,544.699
2013-01-10 17:00:00,,544.704
2013-01-10 18:00:00,,544.701
2013-01-10 19:00:00,,544.706
2013-01-10 20:00:00,,544.704
2013-01-10 21:00:00,,544.69
2013-01-10 22:00:00,,544.68
2013-01-10 23:00:00,,544.688
2013-01-11 00:00:00,,544.687
2013-01-11 01:00:00,,544.686
2013-01-11 02:00:00,,544.679
2013-01-11 03:00:00,,544.688
2013-01-11 04:00:00,,544.678
2013-01-11 05:00:00,,544.669
2013-01-11 06:00:00,,544.672
2013-01-11 07:00:00,,544.677
2013-01-11 08:00:00,,544.666
2013-01-11 09:00:00,,544.662
2013-01-11 10:00:00,,544.659
2013-01-11 11:00:00,,544.676
2013-01-11 12:00:00,,544.669
2013-01-11 13:00:00,,544.687
2013-01-11 14:00:00,,544.691
2013-01-11 15:00:00,,544.696
2013-01-11 16:00:00,,544.695
2013-01-11 17:00:00,,544.709
2013-01-11 18:00:00,,544.697
2013-01-11 19:00:00,,544.691
2013-01-11 20:00:00,,544.689
2013-01-11 21:00:00,,544.684
2013-01-11 22:00:00,,544.678
2013-01-11 23:00:00,,544.663
2013-01-12 00:00:00,,544.665
2013-01-12 01:00:00,,544.661
2013-01-12 02:00:00,,544.661
2013-01-12 03:00:00,,544.672
2013-01-12 04:00:00,,544.67
2013-01-12 05:00:00,,544.657
2013-01-12 06:00:00,,544.654
2013-01-12 07:00:00,,544.661
2013-01-12 08:00:00,,544.653
2013-01-12 09:00:00,,544.654
2013-01-12 10:00:00,,544.659
2013-01-12 11:00:00,,544.668
2013-01-12 12:00:00,,544.66
2013-01-12 13:00:00,,544.673
2013-01-12 14:00:00,,544.686
2013-01-12 15:00:00,,544.692
2013-01-12 16:00:00,,544.695
2013-01-12 17:00:00,,544.69
2013-01-12 18:00:00,,544.695
2013-01-12 19:00:00,,544.687
2013-01-12 20:00:00,,544.674
2013-01-12 21:00:00,,544.68
2013-01-12 22:00:00,,544.672
2013-01-12 23:00:00,,544.663
2013-01-13 00:00:00,,544.674
2013-01-13 01:00:00,,544.682
2013-01-13 02:00:00,,544.683
2013-01-13 03:00:00,,544.68
2013-01-13 04:00:00,,544.684
2013-01-13 05:00:00,,544.681
2013-01-13 06:00:00,,544.679
2013-01-13 07:00:00,,544.665
2013-01-13 08:00:00,,544.655
2013-01-13 09:00:00,,544.662
2013-01-13 10:00:00,,544.656
2013-01-13 11:00:00,,544.672
2013-01-13 12:00:00,,544.664
2013-01-13 13:00:00,,544.675
2013-01-13 14:00:00,,544.669
2013-01-13 15:00:00,,544.663
2013-01-13 16:00:00,,544.674
2013-01-13 17:00:00,,544.687
2013-01-13 18:00:00,,544.692
2013-01-13 19:00:00,,544.678
2013-01-13 20:00:00,,544.679
2013-01-13 21:00:00,,544.678
2013-01-13 22:00:00,,544.674
2013-01-13 23:00:00,,544.669
2013-01-14 00:00:00,,544.662
2013-01-14 01:00:00,,544.663
2013-01-14 02:00:00,,544.669
2013-01-14 03:00:00,,544.675
2013-01-14 04:00:00,,544.67
2013-01-14 05:00:00,,544.679
2013-01-14 06:00:00,,544.664
2013-01-14 07:00:00,,544.665
2013-01-14 08:00:00,,544.655
2013-01-14 09:00:00,,544.667
2013-01-14 10:00:00,,544.661
2013-01-14 11:00:00,,544.677
2013-01-14 12:00:00,,544.676
2013-01-14 13:00:00,,544.687
2013-01-14 14:00:00,,544.689
2013-01-14 15:00:00,,544.685
2013-01-14 16:00:00,,544.702
2013-01-14 17:00:00,,544.701
2013-01-14 18:00:00,,544.692
2013-01-14 19:00:00,,544.687
2013-01-14 20:00:00,,544.68
2013-01-14 21:00:00,,544.675
2013-01-14 22:00:00,,544.668
2013-01-14 23:00:00,,544.666
2013-01-15 00:00:00,,544.679
2013-01-15 01:00:00,,544.68
2013-01-15 02:00:00,,544.681
2013-01-15 03:00:00,,544.679
2013-01-15 04:00:00,,544.677
2013-01-15 05:00:00,,544.673
2013-01-15 06:00:00,,544.655
2013-01-15 07:00:00,,544.658
2013-01-15 08:00:00,,544.651
2013-01-15 09:00:00,,544.648
2013-01-15 10:00:00,,544.658
2013-01-15 11:00:00,,544.662
2013-01-15 12:00:00,,544.672
2013-01-15 13:00:00,,544.687
2013-01-15 14:00:00,,544.679
2013-01-15 15:00:00,,544.688
2013-01-15 16:00:00,,544.7
2013-01-15 17:00:00,,544.701
2013-01-15 18:00:00,,544.705
2013-01-15 19:00:00,,544.69
2013-01-15 20:00:00,,544.684
2013-01-15 21:00:00,,544.693
2013-01-15 22:00:00,,544.681
2013-01-15 23:00:00,,544.679
2013-01-16 00:00:00,,544.68
2013-01-16 01:00:00,,544.687
2013-01-16 02:00:00,,544.693
2013-01-16 03:00:00,,544.681
2013-01-16 04:00:00,,544.689
2013-01-16 05:00:00,,544.672
2013-01-16 06:00:00,,544.673
2013-01-16 07:00:00,,544.678
2013-01-16 08:00:00,,544.675
2013-01-16 09:00:00,,544.676
2013-01-16 10:00:00,,544.67
2013-01-16 11:00:00,,544.68
2013-01-16 12:00:00,,544.687
2013-01-16 13:00:00,,544.698
2013-01-16 14:00:00,,544.707
2013-01-16 15:00:00,,544.7
2013-01-16 16:00:00,,544.715
2013-01-16 17:00:00,,544.704
2013-01-16 18:00:00,,544.709
2013-01-16 19:00:00,,544.709
2013-01-16 20:00:00,,544.706
2013-01-16 21:00:00,,544.69
2013-01-16 22:00:00,,544.682
2013-01-16 23:00:00,,544.681
2013-01-17 00:00:00,,544.683
2013-01-17 01:00:00,,544.699
2013-01-17 02:00:00,,544.695
2013-01-17 03:00:00,,544.696
2013-01-17 04:00:00,,544.689
2013-01-17 05:00:00,,544.7
2013-01-17 06:00:00,,544.69
2013-01-17 07:00:00,,544.69
2013-01-17 08:00:00,,544.681
2013-01-17 09:00:00,,544.687
2013-01-17 10:00:00,,544.688
2013-01-17 11:00:00,,544.678
2013-01-17 12:00:00,,544.693
2013-01-17 13:00:00,,544.699
2013-01-17 14:00:00,,544.696
2013-01-17 15:00:00,,544.706
2013-01-17 16:00:00,,544.705
2013-01-17 17:00:00,,544.698
2013-01-17 18:00:00,,544.706
2013-01-17 19:00:00,,544.685
2013-01-17 20:00:00,,544.677
2013-01-17 21:00:00,,544.685
2013-01-17 22:00:00,,544.674
2013-01-17 23:00:00,,544.685
2013-01-18 00:00:00,,544.678
2013-01-18 01:00:00,,544.673
2013-01-18 02:00:00,,544.687
2013-01-18 03:00:00,,544.689
2013-01-18 04:00:00,,544.676
2013-01-18 05:00:00,,544.676
2013-01-18 06:00:00,,544.667
2013-01-18 07:00:00,,544.663
2013-01-18 08:00:00,,544.662
2013-01-18 09:00:00,,544.673
2013-01-18 10:00:00,,544.663
2013-01-18 11:00:00,,544.673
2013-01-18 12:00:00,,544.677
2013-01-18 13:00:00,,544.676
2013-01-18 14:00:00,,544.695
2013-01-18 15:00:00,,544.694
2013-01-18 16:00:00,,544.69
2013-01-18 17:00:00,,544.704
2013-01-18 18:00:00,,544.697
2013-01-18 19:00:00,,544.69
2013-01-18 20:00:00,,544.675
2013-01-18 21:00:00,,544.677
2013-01-18 22:00:00,,544.674
2013-01-18 23:00:00,,544.672
2013-01-19 00:00:00,,544.677
2013-01-19 01:00:00,,544.681
2013-01-19 02:00:00,,544.676
2013-01-19 03:00:00,,544.676
2013-01-19 04:00:00,,544.689
2013-01-19 05:00:00,,544.679
2013-01-19 06:00:00,,544.682
2013-01-19 07:00:00,,544.673
2013-01-19 08:00:00,,544.676
2013-01-19 09:00:00,,544.679
2013-01-19 10:00:00,,544.664
2013-01-19 11:00:00,,544.683
2013-01-19 12:00:00,,544.678
2013-01-19 13:00:00,,544.688
2013-01-19 14:00:00,,544.698
2013-01-19 15:00:00,,544.694
2013-01-19 16:00:00,,544.704
2013-01-19 17:00:00,,544.696
2013-01-19 18:00:00,,544.696
2013-01-19 19:00:00,,544.694
2013-01-19 20:00:00,,544.695
2013-01-19 21:00:00,,544.69
2013-01-19 22:00:00,,544.679
2013-01-19 23:00:00,,544.67
2013-01-20 00:00:00,,544.674
2013-01-20 01:00:00,,544.676
2013-01-20 02:00:00,,544.69
2013-01-20 03:00:00,,544.68
2013-01-20 04:00:00,,544.693
2013-01-20 05:00:00,,544.68
2013-01-20 06:00:00,,544.688
2013-01-20 07:00:00,,544.677
2013-01-20 08:00:00,,544.668
2013-01-20 09:00:00,,544.675
2013-01-20 10:00:00,,544.678
2013-01-20 11:00:00,,544.682
2013-01-20 12:00:00,,544.692
2013-01-20 13:00:00,,544.686
2013-01-20 14:00:00,,544.697
2013-01-20 15:00:00,,544.696
2013-01-20 16:00:00,,544.697
2013-01-20 17:00:00,,544.697
2013-01-20 18:00:00,,544.7
2013-01-20 19:00:00,,544.693
2013-01-20 20:00:00,,544.697
2013-01-20 21:00:00,,544.692
2013-01-20 22:00:00,,544.674
2013-01-20 23:00:00,,544.667
2013-01-21 00:00:00,,544.68
2013-01-21 01:00:00,,544.682
2013-01-21 02:00:00,,544.681
2013-01-21 03:00:00,,544.676
2013-01-21 04:00:00,,544.678
2013-01-21 05:00:00,,544.681
2013-01-21 06:00:00,,544.67
2013-01-21 07:00:00,,544.677
2013-01-21 08:00:00,,544.671
2013-01-21 09:00:00,,544.671
2013-01-21 10:00:00,,544.674
2013-01-21 11:00:00,,544.665
2013-01-21 12:00:00,,544.686
2013-01-21 13:00:00,,544.693
2013-01-21 14:00:00,,544.699
2013-01-21 15:00:00,,544.705
2013-01-21 16:00:00,,544.712
2013-01-21 17:00:00,,544.698
2013-01-21 18:00:00,,544.696
2013-01-21 19:00:00,,544.702
2013-01-21 20:00:00,,544.682
2013-01-21 21:00:00,,544.68
2013-01-21 22:00:00,,544.685
2013-01-21 23:00:00,,544.681
2013-01-22 00:00:00,,544.672
2013-01-22 01:00:00,,544.684
2013-01-22 02:00:00,,544.691
2013-01-22 03:00:00,,544.679
2013-01-22 04:00:00,,544.682
2013-01-22 05:00:00,,544.687
2013-01-22 06:00:00,,544.676
2013-01-22 07:00:00,,544.68
2013-01-22 08:00:00,,544.675
2013-01-22 09:00:00,,544.675
2013-01-22 10:00:00,,544.669
2013-01-22 11:00:00,,544.666
2013-01-22 12:00:00,,544.672
2013-01-22 13:00:00,,544.682
2013-01-22 14:00:00,,544.685
2013-01-22 15:00:00,,544.7
2013-01-22 16:00:00,,544.693
2013-01-22 17:00:00,,544.706
2013-01-22 18:00:00,,544.699
2013-01-22 19:00:00,,544.694
2013-01-22 20:00:00,,544.686
2013-01-22 21:00:00,,544.679
2013-01-22 22:00:00,,544.668
2013-01-22 23:00:00,,544.664
2013-01-23 00:00:00,,544.663
2013-01-23 01:00:00,,544.669
2013-01-23 02:00:00,,544.675
2013-01-23 03:00:00,,544.673
2013-01-23 04:00:00,,544.686
2013-01-23 05:00:00,,544.682
2013-01-23 06:00:00,,544.677
2013-01-23 07:00:00,,544.672
2013-01-23 08:00:00,,544.662
2013-01-23 09:00:00,,544.663
2013-01-23 10:00:00,,544.668
2013-01-23 11:00:00,,544.678
2013-01-23 12:00:00,,544.681
2013-01-23 13:00:00,,544.691
2013-01-23 14:00:00,,544.7
2013-01-23 15:00:00,,544.699
2013-01-23 16:00:00,,544.699
2013-01-23 17:00:00,,544.7
2013-01-23 18:00:00,,544.694
2013-01-23 19:00:00,,544.702
2013-01-23 20:00:00,,544.683
2013-01-23 21:00:00,,544.686
2013-01-23 22:00:00,,544.678
2013-01-23 23:00:00,,544.671
2013-01-24 00:00:00,,544.677
2013-01-24 01:00:00,,544.685
2013-01-24 02:00:00,,544.682
2013-01-24 03:00:00,,544.677
2013-01-24 04:00:00,,544.688
2013-01-24 05:00:00,,544.685
2013-01-24 06:00:00,,544.669
2013-01-24 07:00:00,,544.67
2013-01-24 08:00:00,,544.668
2013-01-24 09:00:00,,544.664
2013-01-24 10:00:00,,544.671
2013-01-24 11:00:00,,544.683
2013-01-24 12:00:00,,544.693
2013-01-24 13:00:00,,544.688
2013-01-24 14:00:00,,544.699
2013-01-24 15:00:00,,544.711
2013-01-24 16:00:00,,544.713
2013-01-24 17:00:00,,544.714
2013-01-24 18:00:00,,544.701
2013-01-24 19:00:00,,544.702
2013-01-24 20:00:00,,544.7
2013-01-24 21:00:00,,544.683
2013-01-24 22:00:00,,544.676
2013-01-24 23:00:00,,544.687
2013-01-25 00:00:00,,544.681
2013-01-25 01:00:00,,544.679
2013-01-25 02:00:00,,544.694
2013-01-25 03:00:00,,544.681
2013-01-25 04:00:00,,544.698
2013-01-25 05:00:00,,544.694
2013-01-25 06:00:00,,544.68
2013-01-25 07:00:00,,544.679
2013-01-25 08:00:00,,544.663
2013-01-25 09:00:00,,544.67
2013-01-25 10:00:00,,544.66
2013-01-25 11:00:00,,544.668
2013-01-25 12:00:00,,544.678
2013-01-25 13:00:00,,544.677
2013-01-25 14:00:00,,544.694
2013-01-25 15:00:00,,544.697
2013-01-25 16:00:00,,544.7
2013-01-25 17:00:00,,544.689
2013-01-25 18:00:00,,544.686
2013-01-25 19:00:00,,544.687
2013-01-25 20:00:00,,544.676
2013-01-25 21:00:00,,544.677
2013-01-25 22:00:00,,544.66
2013-01-25 23:00:00,,544.671
2013-01-26 00:00:00,,544.667
2013-01-26 01:00:00,,544.675
2013-01-26 02:00:00,,544.668
2013-01-26 03:00:00,,544.673
2013-01-26 04:00:00,,544.679
2013-01-26 05:00:00,,544.682
2013-01-26 06:00:00,,544.681
2013-01-26 07:00:00,,544.674
2013-01-26 08:00:00,,544.657
2013-01-26 09:00:00,,544.656
2013-01-26 10:00:00,,544.666
2013-01-26 11:00:00,,544.677
2013-01-26 12:00:00,,544.677
2013-01-26 13:00:00,,544.689
2013-01-26 14:00:00,,544.694
2013-01-26 15:00:00,,544.699
2013-01-26 16:00:00,,544.702
2013-01-26 17:00:00,,544.694
2013-01-26 18:00:00,,544.7
2013-01-26 19:00:00,,544.692
2013-01-26 20:00:00,,544.686
2013-01-26 21:00:00,,544.664
2013-01-26 22:00:00,,544.66
2013-01-26 23:00:00,,544.67
2013-01-27 00:00:00,,544.672
2013-01-27 01:00:00,,544.666
2013-01-27 02:00:00,,544.676
2013-01-27 03:00:00,,544.687
2013-01-27 04:00:00,,544.689
2013-01-27 05:00:00,,544.684
2013-01-27 06:00:00,,544.683
2013-01-27 07:00:00,,544.677
2013-01-27 08:00:00,,544.672
2013-01-27 09:00:00,,544.671
2013-01-27 10:00:00,,544.663
2013-01-27 11:00:00,,544.659
2013-01-27 12:00:00,,544.669
2013-01-27 13:00:00,,544.679
2013-01-27 14:00:00,,544.698
2013-01-27 15:00:00,,544.7
2013-01-27 16:00:00,,544.709
2013-01-27 17:00:00,,544.707
2013-01-27 18:00:00,,544.712
2013-01-27 19:00:00,,544.694
2013-01-27 20:00:00,,544.699
2013-01-27 21:00:00,,544.684
2013-01-27 22:00:00,,544.669
2013-01-27 23:00:00,,544.67
2013-01-28 00:00:00,,544.676
2013-01-28 01:00:00,,544.665
2013-01-28 02:00:00,,544.672
2013-01-28 03:00:00,,544.679
2013-01-28 04:00:00,,544.669
2013-01-28 05:00:00,,544.679
2013-01-28 06:00:00,,544.666
2013-01-28 07:00:00,,544.674
2013-01-28 08:00:00,,544.659
2013-01-28 09:00:00,,544.671
2013-01-28 10:00:00,,544.671
2013-01-28 11:00:00,,544.669
2013-01-28 12:00:00,,544.669
2013-01-28 13:00:00,,544.677
2013-01-28 14:00:00,,544.683
2013-01-28 15:00:00,,544.699
2013-01-28 16:00:00,,544.7
2013-01-28 17:00:00,,544.708
2013-01-28 18:00:00,,544.7
2013-01-28 19:00:00,,544.686
2013-01-28 20:00:00,,544.679
2013-01-28 21:00:00,,544.682
2013-01-28 22:00:00,,544.67
2013-01-28 23:00:00,,544.671
2013-01-29 00:00:00,,544.673
2013-01-29 01:00:00,,544.661
2013-01-29 02:00:00,,544.672
2013-01-29 03:00:00,,544.67
2013-01-29 04:00:00,,544.663
2013-01-29 05:00:00,,544.677
2013-01-29 06:00:00,,544.661
2013-01-29 07:00:00,,544.658
2013-01-29 08:00:00,,544.661
2013-01-29 09:00:00,,544.66
2013-01-29 10:00:00,,544.665
2013-01-29 11:00:00,,544.655
2013-01-29 12:00:00,,544.66
2013-01-29 13:00:00,,544.68
2013-01-29 14:00:00,,544.676
2013-01-29 15:00:00,,544.69
2013-01-29 16:00:00,,544.699
2013-01-29 17:00:00,,544.693
2013-01-29 18:00:00,,544.69
2013-01-29 19:00:00,,544.684
2013-01-29 20:00:00,,544.688
2013-01-29 21:00:00,,544.671
2013-01-29 22:00:00,,544.665
2013-01-29 23:00:00,,544.657
2013-01-30 00:00:00,,544.658
2013-01-30 01:00:00,,544.66
2013-01-30 02:00:00,,544.676
2013-01-30 03:00:00,,544.662
2013-01-30 04:00:00,,544.671
2013-01-30 05:00:00,,544.675
2013-01-30 06:00:00,,544.675
2013-01-30 07:00:00,,544.667
2013-01-30 08:00:00,,544.669
2013-01-30 09:00:00,,544.653
2013-01-30 10:00:00,,544.667
2013-01-30 11:00:00,,544.669
2013-01-30 12:00:00,,544.673
2013-01-30 13:00:00,,544.675
2013-01-30 14:00:00,,544.694
2013-01-30 15:00:00,,544.688
2013-01-30 16:00:00,,544.69
2013-01-30 17:00:00,,544.703
2013-01-30 18:00:00,,544.691
2013-01-30 19:00:00,,544.7
2013-01-30 20:00:00,,544.683
2013-01-30 21:00:00,,544.677
2013-01-30 22:00:00,,544.68
2013-01-30 23:00:00,,544.667
2013-01-31 00:00:00,,544.669
2013-01-31 01:00:00,,544.674
2013-01-31 02:00:00,,544.674
2013-01-31 03:00:00,,544.67
2013-01-31 04:00:00,,544.677
2013-01-31 05:00:00,,544.677
2013-01-31 06:00:00,,544.664
2013-01-31 07:00:00,,544.675
2013-01-31 08:00:00,,544.665
2013-01-31 09:00:00,,544.66
2013-01-31 10:00:00,,544.665
2013-01-31 11:00:00,,544.676
2013-01-31 12:00:00,,544.682
2013-01-31 13:00:00,,544.683
2013-01-31 14:00:00,,544.698
2013-01-31 15:00:00,,544.695
2013-01-31 16:00:00,,544.69
2013-01-31 17:00:00,,544.693
2013-01-31 18:00:00,,544.689
2013-01-31 19:00:00,,544.685
2013-01-31 20:00:00,,544.683
2013-01-31 21:00:00,,544.676
2013-01-31 22:00:00,,544.676
2013-01-31 23:00:00,,544.666
2013-02-01 00:00:00,,544.667
2013-02-01 01:00:00,,544.678
2013-02-01 02:00:00,,544.68
2013-02-01 03:00:00,,544.681
2013-02-01 04:00:00,,544.669
2013-02-01 05:00:00,,544.679
2013-02-01 06:00:00,,544.668
2013-02-01 07:00:00,,544.67
2013-02-01 08:00:00,,544.669
2013-02-01 09:00:00,,544.655
2013-02-01 10:00:00,,544.661
2013-02-01 11:00:00,,544.672
2013-02-01 12:00:00,,544.67
2013-02-01 13:00:00,,544.679
2013-02-01 14:00:00,,544.689
2013-02-01 15:00:00,,544.687
2013-02-01 16:00:00,,544.689
2013-02-01 17:00:00,,544.702
2013-02-01 18:00:00,,544.685
2013-02-01 19:00:00,,544.693
2013-02-01 20:00:00,,544.687
2013-02-01 21:00:00,,544.672
2013-02-01 22:00:00,,544.666
2013-02-01 23:00:00,,544.676
2013-02-02 00:00:00,,544.672
2013-02-02 01:00:00,,544.672
2013-02-02 02:00:00,,544.665
2013-02-02 03:00:00,,544.675
2013-02-02 04:00:00,,544.673
2013-02-02 05:00:00,,544.662
2013-02-02 06:00:00,,544.661
2013-02-02 07:00:00,,544.656
2013-02-02 08:00:00,,544.667
2013-02-02 09:00:00,,544.669
2013-02-02 10:00:00,,544.666
2013-02-02 11:00:00,,544.678
2013-02-02 12:00:00,,544.674
2013-02-02 13:00:00,,544.68
2013-02-02 14:00:00,,544.69
2013-02-02 15:00:00,,544.69
2013-02-02 16:00:00,,544.705
2013-02-02 17:00:00,,544.695
2013-02-02 18:00:00,,544.694
2013-02-02 19:00:00,,544.691
2013-02-02 20:00:00,,544.684
2013-02-02 21:00:00,,544.679
2013-02-02 22:00:00,,544.669
2013-02-02 23:00:00,,544.678
2013-02-03 00:00:00,,544.665
2013-02-03 01:00:00,,544.666
2013-02-03 02:00:00,,544.681
2013-02-03 03:00:00,,544.669
2013-02-03 04:00:00,,544.681
2013-02-03 05:00:00,,544.668
2013-02-03 06:00:00,,544.664
2013-02-03 07:00:00,,544.667
2013-02-03 08:00:00,,544.658
2013-02-03 09:00:00,,544.658
2013-02-03 10:00:00,,544.659
2013-02-03 11:00:00,,544.665
2013-02-03 12:00:00,,544.673
2013-02-03 13:00:00,,544.69
2013-02-03 14:00:00,,544.693
2013-02-03 15:00:00,,544.697
2013-02-03 16:00:00,,544.695
2013-02-03 17:00:00,,544.708
2013-02-03 18:00:00,,544.691
2013-02-03 19:00:00,,544.684
2013-02-03 20:00:00,,544.678
2013-02-03 21:00:00,,544.686
2013-02-03 22:00:00,,544.673
2013-02-03 23:00:00,,544.663
2013-02-04 00:00:00,,544.676
2013-02-04 01:00:00,,544.664
2013-02-04 02:00:00,,544.679
2013-02-04 03:00:00,,544.68
2013-02-04 04:00:00,,544.668
2013-02-04 05:00:00,,544.665
2013-02-04 06:00:00,,544.668
2013-02-04 07:00:00,,544.663
2013-02-04 08:00:00,,544.665
2013-02-04 09:00:00,,544.658
2013-02-04 10:00:00,,544.667
2013-02-04 11:00:00,,544.664
2013-02-04 12:00:00,,544.681
2013-02-04 13:00:00,,544.688
2013-02-04 14:00:00,,544.689
2013-02-04 15:00:00,,544.689
2013-02-04 16:00:00,,544.7
2013-02-04 17:00:00,,544.693
2013-02-04 18:00:00,,544.694
2013-02-04 19:00:00,,544.688
2013-02-04 20:00:00,,544.68
2013-02-04 21:00:00,,544.675
2013-02-04 22:00:00,,544.674
2013-02-04 23:00:00,,544.666
2013-02-05 00:00:00,,544.676
2013-02-05 01:00:00,,544.668
2013-02-05 02:00:00,,544.676
2013-02-05 03:00:00,,544.672
2013-02-05 04:00:00,,544.673
2013-02-05 05:00:00,,544.683
2013-02-05 06:00:00,,544.681
2013-02-05 07:00:00,,544.663
2013-02-05 08:00:00,,544.664
2013-02-05 09:00:00,,544.671
2013-02-05 10:00:00,,544.661
2013-02-05 11:00:00,,544.68
2013-02-05 12:00:00,,544.685
2013-02-05 13:00:00,,544.685
2013-02-05 14:00:00,,544.689
2013-02-05 15:00:00,,544.703
2013-02-05 16:00:00,,544.706
2013-02-05 17:00:00,,544.701
2013-02-05 18:00:00,,544.696
2013-02-05 19:00:00,,544.698
2013-02-05 20:00:00,,544.687
2013-02-05 21:00:00,,544.693
2013-02-05 22:00:00,,544.676
2013-02-05 23:00:00,,544.68
2013-02-06 00:00:00,,544.678
2013-02-06 01:00:00,,544.692
2013-02-06 02:00:00,,544.697
2013-02-06 03:00:00,,544.688
2013-02-06 04:00:00,,544.693
2013-02-06 05:00:00,,544.685
2013-02-06 06:00:00,,544.678
2013-02-06 07:00:00,,544.686
2013-02-06 08:00:00,,544.675
2013-02-06 09:00:00,,544.681
2013-02-06 10:00:00,,544.668
2013-02-06 11:00:00,,544.685
2013-02-06 12:00:00,,544.681
2013-02-06 13:00:00,,544.703
2013-02-06 14:00:00,,544.713
2013-02-06 15:00:00,,544.712
2013-02-06 16:00:00,,544.709
2013-02-06 17:00:00,,544.715
2013-02-06 18:00:00,,544.719
2013-02-06 19:00:00,,544.702
2013-02-06 20:00:00,,544.701
2013-02-06 21:00:00,,544.69
2013-02-06 22:00:00,,544.698
2013-02-06 23:00:00,,544.696
2013-02-07 00:00:00,,544.697
2013-02-07 01:00:00,,544.697
2013-02-07 02:00:00,,544.701
2013-02-07 03:00:00,,544.69
2013-02-07 04:00:00,,544.704
2013-02-07 05:00:00,,544.701
2013-02-07 06:00:00,,544.689
2013-02-07 07:00:00,,544.682
2013-02-07 08:00:00,,544.684
2013-02-07 09:00:00,,544.68
2013-02-07 10:00:00,,544.671
2013-02-07 11:00:00,,544.676
2013-02-07 12:00:00,,544.695
2013-02-07 13:00:00,,544.693
2013-02-07 14:00:00,,544.697
2013-02-07 15:00:00,,544.71
2013-02-07 16:00:00,,544.716
2013-02-07 17:00:00,,544.709
2013-02-07 18:00:00,,544.716
2013-02-07 19:00:00,,544.697
2013-02-07 20:00:00,,544.695
2013-02-07 21:00:00,,544.684
2013-02-07 22:00:00,,544.677
2013-02-07 23:00:00,,544.676
2013-02-08 00:00:00,,544.681
2013-02-08 01:00:00,,544.688
2013-02-08 02:00:00,,544.679
2013-02-08 03:00:00,,544.688
2013-02-08 04:00:00,,544.682
2013-02-08 05:00:00,,544.686
2013-02-08 06:00:00,,544.667
2013-02-08 07:00:00,,544.674
2013-02-08 08:00:00,,544.656
2013-02-08 09:00:00,,544.655
2013-02-08 10:00:00,,544.656
2013-02-08 11:00:00,,544.668
2013-02-08 12:00:00,,544.675
2013-02-08 13:00:00,,544.678
2013-02-08 14:00:00,,544.686
2013-02-08 15:00:00,,544.698
2013-02-08 16:00:00,,544.711
2013-02-08 17:00:00,,544.718
2013-02-08 18:00:00,,544.694
2013-02-08 19:00:00,,544.688
2013-02-08 20:00:00,,544.685
2013-02-08 21:00:00,,544.669
2013-02-08 22:00:00,,544.662
2013-02-08 23:00:00,,544.656
2013-02-09 00:00:00,,544.675
2013-02-09 01:00:00,,544.672
2013-02-09 02:00:00,,544.679
2013-02-09 03:00:00,,544.682
2013-02-09 04:00:00,,544.685
2013-02-09 05:00:00,,544.672
2013-02-09 06:00:00,,544.675
2013-02-09 07:00:00,,544.668
2013-02-09 08:00:00,,544.678
2013-02-09 09:00:00,,544.671
2013-02-09 10:00:00,,544.668
2013-02-09 11:00:00,,544.676
2013-02-09 12:00:00,,544.684
2013-02-09 13:00:00,,544.677
2013-02-09 14:00:00,,544.69
2013-02-09 15:00:00,,544.704
2013-02-09 16:00:00,,544.695
2013-02-09 17:00:00,,544.698
2013-02-09 18:00:00,,544.692
2013-02-09 19:00:00,,544.688
2013-02-09 20:00:00,,544.679
2013-02-09 21:00:00,,544.678
2013-02-09 22:00:00,,544.675
2013-02-09 23:00:00,,544.663
2013-02-10 00:00:00,,544.671
2013-02-10 01:00:00,,544.691
2013-02-10 02:00:00,,544.694
2013-02-10 03:00:00,,544.702
2013-02-10 04:00:00,,544.707
2013-02-10 05:00:00,,544.706
2013-02-10 06:00:00,,544.703
2013-02-10 07:00:00,,544.685
2013-02-10 08:00:00,,544.683
2013-02-10 09:00:00,,544.678
2013-02-10 10:00:00,,544.679
2013-02-10 11:00:00,,544.681
2013-02-10 12:00:00,,544.677
2013-02-10 13:00:00,,544.678
2013-02-10 14:00:00,,544.69
2013-02-10 15:00:00,,544.694
2013-02-10 16:00:00,,544.682
2013-02-10 17:00:00,,544.697
2013-02-10 18:00:00,,544.686
2013-02-10 19:00:00,,544.68
2013-02-10 20:00:00,,544.679
2013-02-10 21:00:00,,544.675
2013-02-10 22:00:00,,544.665
2013-02-10 23:00:00,,544.663
2013-02-11 00:00:00,,544.669
2013-02-11 01:00:00,,544.682
2013-02-11 02:00:00,,544.68
2013-02-11 03:00:00,,544.683
2013-02-11 04:00:00,,544.681
2013-02-11 05:00:00,,544.686
2013-02-11 06:00:00,,544.698
2013-02-11 07:00:00,,544.68
2013-02-11 08:00:00,,544.692
2013-02-11 09:00:00,,544.687
2013-02-11 10:00:00,,544.675
2013-02-11 11:00:00,,544.671
2013-02-11 12:00:00,,544.674
2013-02-11 13:00:00,,544.693
2013-02-11 14:00:00,,544.69
2013-02-11 15:00:00,,544.701
2013-02-11 16:00:00,,544.705
2013-02-11 17:00:00,,544.71
2013-02-11 18:00:00,,544.695
2013-02-11 19:00:00,,544.698
2013-02-11 20:00:00,,544.684
2013-02-11 21:00:00,,544.685
2013-02-11 22:00:00,,544.673
2013-02-11 23:00:00,,544.671
2013-02-12 00:00:00,,544.663
2013-02-12 01:00:00,,544.666
2013-02-12 02:00:00,,544.675
2013-02-12 03:00:00,,544.681
2013-02-12 04:00:00,,544.692
2013-02-12 05:00:00,,544.682
2013-02-12 06:00:00,,544.679
2013-02-12 07:00:00,,544.691
2013-02-12 08:00:00,,544.686
2013-02-12 09:00:00,,544.683
2013-02-12 10:00:00,,544.676
2013-02-12 11:00:00,,544.679
2013-02-12 12:00:00,,544.689
2013-02-12 13:00:00,,544.685
2013-02-12 14:00:00,,544.704
2013-02-12 15:00:00,,544.706
2013-02-12 16:00:00,,544.704
2013-02-12 17:00:00,,544.707
2013-02-12 18:00:00,,544.709
2013-02-12 19:00:00,,544.709
2013-02-12 20:00:00,,544.691
2013-02-12 21:00:00,,544.69
2013-02-12 22:00:00,,544.683
2013-02-12 23:00:00,,544.688
2013-02-13 00:00:00,,544.674
2013-02-13 01:00:00,,544.68
2013-02-13 02:00:00,,544.696
2013-02-13 03:00:00,,544.687
2013-02-13 04:00:00,,544.701
2013-02-13 05:00:00,,544.699
2013-02-13 06:00:00,,544.683
2013-02-13 07:00:00,,544.68
2013-02-13 08:00:00,,544.689
2013-02-13 09:00:00,,544.675
2013-02-13 10:00:00,,544.674
2013-02-13 11:00:00,,544.687
2013-02-13 12:00:00,,544.693
2013-02-13 13:00:00,,544.698
2013-02-13 14:00:00,,544.707
2013-02-13 15:00:00,,544.712
2013-02-13 16:00:00,,544.714
2013-02-13 17:00:00,,544.709
2013-02-13 18:00:00,,544.707
2013-02-13 19:00:00,,544.716
2013-02-13 20:00:00,,544.702
2013-02-13 21:00:00,,544.702
2013-02-13 22:00:00,,544.68
2013-02-13 23:00:00,,544.687
2013-02-14 00:00:00,,544.681
2013-02-14 01:00:00,,544.681
2013-02-14 02:00:00,,544.675
2013-02-14 03:00:00,,544.689
2013-02-14 04:00:00,,544.693
2013-02-14 05:00:00,,544.692
2013-02-14 06:00:00,,544.677
2013-02-14 07:00:00,,544.681
2013-02-14 08:00:00,,544.685
2013-02-14 09:00:00,,544.671
2013-02-14 10:00:00,,544.673
2013-02-14 11:00:00,,544.687
2013-02-14 12:00:00,,544.688
2013-02-14 13:00:00,,544.691
2013-02-14 14:00:00,,544.696
2013-02-14 15:00:00,,544.707
2013-02-14 16:00:00,,544.718
2013-02-14 17:00:00,,544.717
2013-02-14 18:00:00,,544.721
2013-02-14 19:00:00,,544.7
2013-02-14 20:00:00,,544.699
2013-02-14 21:00:00,,544.699
2013-02-14 22:00:00,,544.694
2013-02-14 23:00:00,,544.69
2013-02-15 00:00:00,,544.677
2013-02-15 01:00:00,,544.681
2013-02-15 02:00:00,,544.689
2013-02-15 03:00:00,,544.684
2013-02-15 04:00:00,,544.688
2013-02-15 05:00:00,,544.689
2013-02-15 06:00:00,,544.684
2013-02-15 07:00:00,,544.683
2013-02-15 08:00:00,,544.677
2013-02-15 09:00:00,,544.687
2013-02-15 10:00:00,,544.687
2013-02-15 11:00:00,,544.676
2013-02-15 12:00:00,,544.682
2013-02-15 13:00:00,,544.692
2013-02-15 14:00:00,,544.705
2013-02-15 15:00:00,,544.715
2013-02-15 16:00:00,,544.71
2013-02-15 17:00:00,,544.726
2013-02-15 18:00:00,,544.725
2013-02-15 19:00:00,,544.711
2013-02-15 20:00:00,,544.694
2013-02-15 21:00:00,,544.689
2013-02-15 22:00:00,,544.693
2013-02-15 23:00:00,,544.683
2013-02-16 00:00:00,,544.689
2013-02-16 01:00:00,,544.68
2013-02-16 02:00:00,,544.679
2013-02-16 03:00:00,,544.684
2013-02-16 04:00:00,,544.691
2013-02-16 05:00:00,,544.68
2013-02-16 06:00:00,,544.678
2013-02-16 07:00:00,,544.677
2013-02-16 08:00:00,,544.686
2013-02-16 09:00:00,,544.678
2013-02-16 10:00:00,,544.685
2013-02-16 11:00:00,,544.682
2013-02-16 12:00:00,,544.696
2013-02-16 13:00:00,,544.703
2013-02-16 14:00:00,,544.71
2013-02-16 15:00:00,,544.699
2013-02-16 16:00:00,,544.706
2013-02-16 17:00:00,,544.706
2013-02-16 18:00:00,,544.704
2013-02-16 19:00:00,,544.713
2013-02-16 20:00:00,,544.698
2013-02-16 21:00:00,,544.688
2013-02-16 22:00:00,,544.694
2013-02-16 23:00:00,,544.681
2013-02-17 00:00:00,,544.68
2013-02-17 01:00:00,,544.692
2013-02-17 02:00:00,,544.689
2013-02-17 03:00:00,,544.697
2013-02-17 04:00:00,,544.689
2013-02-17 05:00:00,,544.696
2013-02-17 06:00:00,,544.692
2013-02-17 07:00:00,,544.679
2013-02-17 08:00:00,,544.687
2013-02-17 09:00:00,,544.676
2013-02-17 10:00:00,,544.676
2013-02-17 11:00:00,,544.684
2013-02-17 12:00:00,,544.687
2013-02-17 13:00:00,,544.701
2013-02-17 14:00:00,,544.713
2013-02-17 15:00:00,,544.717
2013-02-17 16:00:00,,544.726
2013-02-17 17:00:00,,544.719
2013-02-17 18:00:00,,544.729
2013-02-17 19:00:00,,544.71
2013-02-17 20:00:00,,544.702
2013-02-17 21:00:00,,544.703
2013-02-17 22:00:00,,544.692
2013-02-17 23:00:00,,544.695
2013-02-18 00:00:00,,544.695
2013-02-18 01:00:00,,544.693
2013-02-18 02:00:00,,544.691
2013-02-18 03:00:00,,544.691
2013-02-18 04:00:00,,544.699
2013-02-18 05:00:00,,544.696
2013-02-18 06:00:00,,544.694
2013-02-18 07:00:00,,544.689
2013-02-18 08:00:00,,544.686
2013-02-18 09:00:00,,544.682
2013-02-18 10:00:00,,544.693
2013-02-18 11:00:00,,544.699
2013-02-18 12:00:00,,544.692
2013-02-18 13:00:00,,544.702
2013-02-18 14:00:00,,544.704
2013-02-18 15:00:00,,544.715
2013-02-18 16:00:00,,544.718
2013-02-18 17:00:00,,544.725
2013-02-18 18:00:00,,544.721
2013-02-18 19:00:00,,544.717
2013-02-18 20:00:00,,544.699
2013-02-18 21:00:00,,544.686
2013-02-18 22:00:00,,544.684
2013-02-18 23:00:00,,544.685
2013-02-19 00:00:00,,544.675
2013-02-19 01:00:00,,544.675
2013-02-19 02:00:00,,544.682
2013-02-19 03:00:00,,544.673
2013-02-19 04:00:00,,544.671
2013-02-19 05:00:00,,544.68
2013-02-19 06:00:00,,544.676
2013-02-19 07:00:00,,544.665
2013-02-19 08:00:00,,544.664
2013-02-19 09:00:00,,544.672
2013-02-19 10:00:00,,544.667
2013-02-19 11:00:00,,544.668
2013-02-19 12:00:00,,544.674
2013-02-19 13:00:00,,544.683
2013-02-19 14:00:00,,544.692
2013-02-19 15:00:00,,544.704
2013-02-19 16:00:00,,544.711
2013-02-19 17:00:00,,544.701
2013-02-19 18:00:00,,544.702
2013-02-19 19:00:00,,544.687
2013-02-19 20:00:00,,544.681
2013-02-19 21:00:00,,544.679
2013-02-19 22:00:00,,544.672
2013-02-19 23:00:00,,544.675
2013-02-20 00:00:00,,544.677
2013-02-20 01:00:00,,544.678
2013-02-20 02:00:00,,544.682
2013-02-20 03:00:00,,544.678
2013-02-20 04:00:00,,544.674
2013-02-20 05:00:00,,544.677
2013-02-20 06:00:00,,544.676
2013-02-20 07:00:00,,544.677
2013-02-20 08:00:00,,544.668
2013-02-20 09:00:00,,544.68
2013-02-20 10:00:00,,544.678
2013-02-20 11:00:00,,544.677
2013-02-20 12:00:00,,544.694
2013-02-20 13:00:00,,544.687
2013-02-20 14:00:00,,544.702
2013-02-20 15:00:00,,544.712
2013-02-20 16:00:00,,544.702
2013-02-20 17:00:00,,544.713
2013-02-20 18:00:00,,544.702
2013-02-20 19:00:00,,544.691
2013-02-20 20:00:00,,544.697
2013-02-20 21:00:00,,544.69
2013-02-20 22:00:00,,544.683
2013-02-20 23:00:00,,544.672
2013-02-21 00:00:00,,544.679
2013-02-21 01:00:00,,544.681
2013-02-21 02:00:00,,544.687
2013-02-21 03:00:00,,544.69
2013-02-21 04:00:00,,544.68
2013-02-21 05:00:00,,544.682
2013-02-21 06:00:00,,544.691
2013-02-21 07:00:00,,544.687
2013-02-21 08:00:00,,544.677
2013-02-21 09:00:00,,544.673
2013-02-21 10:00:00,,544.673
2013-02-21 11:00:00,,544.68
2013-02-21 12:00:00,,544.698
2013-02-21 13:00:00,,544.705
2013-02-21 14:00:00,,544.707
2013-02-21 15:00:00,,544.713
2013-02-21 16:00:00,,544.721
2013-02-21 17:00:00,,544.716
2013-02-21 18:00:00,,544.706
2013-02-21 19:00:00,,544.711
2013-02-21 20:00:00,,544.697
2013-02-21 21:00:00,,544.689
2013-02-21 22:00:00,,544.684
2013-02-21 23:00:00,,544.69
2013-02-22 00:00:00,,544.691
2013-02-22 01:00:00,,544.684
2013-02-22 02:00:00,,544.691
2013-02-22 03:00:00,,544.7
2013-02-22 04:00:00,,544.699
2013-02-22 05:00:00,,544.685
2013-02-22 06:00:00,,544.686
2013-02-22 07:00:00,,544.687
2013-02-22 08:00:00,,544.677
2013-02-22 09:00:00,,544.669
2013-02-22 10:00:00,,544.68
2013-02-22 11:00:00,,544.677
2013-02-22 12:00:00,,544.692
2013-02-22 13:00:00,,544.7
2013-02-22 14:00:00,,544.71
2013-02-22 15:00:00,,544.704
2013-02-22 16:00:00,,544.708
2013-02-22 17:00:00,,544.724
2013-02-22 18:00:00,,544.71
2013-02-22 19:00:00,,544.705
2013-02-22 20:00:00,,544.704
2013-02-22 21:00:00,,544.694
2013-02-22 22:00:00,,544.687
2013-02-22 23:00:00,,544.684
2013-02-23 00:00:00,,544.683
2013-02-23 01:00:00,,544.689
2013-02-23 02:00:00,,544.692
2013-02-23 03:00:00,,544.695
2013-02-23 04:00:00,,544.71
2013-02-23 05:00:00,,544.703
2013-02-23 06:00:00,,544.704
2013-02-23 07:00:00,,544.683
2013-02-23 08:00:00,,544.689
2013-02-23 09:00:00,,544.687
2013-02-23 10:00:00,,544.678
2013-02-23 11:00:00,,544.682
2013-02-23 12:00:00,,544.69
2013-02-23 13:00:00,,544.709
2013-02-23 14:00:00,,544.719
2013-02-23 15:00:00,,544.713
2013-02-23 16:00:00,,544.717
2013-02-23 17:00:00,,544.728
2013-02-23 18:00:00,,544.728
2013-02-23 19:00:00,,544.717
2013-02-23 20:00:00,,544.717
2013-02-23 21:00:00,,544.703
2013-02-23 22:00:00,,544.705
2013-02-23 23:00:00,,544.695
2013-02-24 00:00:00,,544.702
2013-02-24 01:00:00,,544.696
2013-02-24 02:00:00,,544.7
2013-02-24 03:00:00,,544.697
2013-02-24 04:00:00,,544.704
2013-02-24 05:00:00,,544.702
2013-02-24 06:00:00,,544.7
2013-02-24 07:00:00,,544.681
2013-02-24 08:00:00,,544.675
2013-02-24 09:00:00,,544.676
2013-02-24 10:00:00,,544.688
2013-02-24 11:00:00,,544.684
2013-02-24 12:00:00,,544.698
2013-02-24 13:00:00,,544.699
2013-02-24 14:00:00,,544.718
2013-02-24 15:00:00,,544.711
2013-02-24 16:00:00,,544.727
2013-02-24 17:00:00,,544.728
2013-02-24 18:00:00,,544.713
2013-02-24 19:00:00,,544.716
2013-02-24 20:00:00,,544.701
2013-02-24 21:00:00,,544.688
2013-02-24 22:00:00,,544.678
2013-02-24 23:00:00,,544.672
2013-02-25 00:00:00,,544.671
2013-02-25 01:00:00,,544.685
2013-02-25 02:00:00,,544.685
2013-02-25 03:00:00,,544.695
2013-02-25 04:00:00,,544.699
2013-02-25 05:00:00,,544.696
2013-02-25 06:00:00,,544.694
2013-02-25 07:00:00,,544.689
2013-02-25 08:00:00,,544.675
2013-02-25 09:00:00,,544.671
2013-02-25 10:00:00,,544.673
2013-02-25 11:00:00,,544.685
2013-02-25 12:00:00,,544.695
2013-02-25 13:00:00,,544.7
2013-02-25 14:00:00,,544.695
2013-02-25 15:00:00,,544.703
2013-02-25 16:00:00,,544.718
2013-02-25 17:00:00,,544.713
2013-02-25 18:00:00,,544.709
2013-02-25 19:00:00,,544.715
2013-02-25 20:00:00,,544.692
2013-02-25 21:00:00,,544.696
2013-02-25 22:00:00,,544.677
2013-02-25 23:00:00,,544.677
2013-02-26 00:00:00,,544.692
2013-02-26 01:00:00,,544.683
2013-02-26 02:00:00,,544.693
2013-02-26 03:00:00,,544.702
2013-02-26 04:00:00,,544.689
2013-02-26 05:00:00,,544.704
2013-02-26 06:00:00,,544.701
2013-02-26 07:00:00,,544.686
2013-02-26 08:00:00,,544.686
2013-02-26 09:00:00,,544.692
2013-02-26 10:00:00,,544.693
2013-02-26 11:00:00,,544.683
2013-02-26 12:00:00,,544.684
2013-02-26 13:00:00,,544.693
2013-02-26 14:00:00,,544.699
2013-02-26 15:00:00,,544.719
2013-02-26 16:00:00,,544.711
2013-02-26 17:00:00,,544.714
2013-02-26 18:00:00,,544.726
2013-02-26 19:00:00,,544.718
2013-02-26 20:00:00,,544.711
2013-02-26 21:00:00,,544.689
2013-02-26 22:00:00,,544.683
2013-02-26 23:00:00,,544.679
2013-02-27 00:00:00,,544.672
2013-02-27 01:00:00,,544.682
2013-02-27 02:00:00,,544.697
2013-02-27 03:00:00,,544.703
2013-02-27 04:00:00,,544.7
2013-02-27 05:00:00,,544.709
2013-02-27 06:00:00,,544.707
2013-02-27 07:00:00,,544.698
2013-02-27 08:00:00,,544.685
2013-02-27 09:00:00,,544.676
2013-02-27 10:00:00,,544.675
2013-02-27 11:00:00,,544.678
2013-02-27 12:00:00,,544.681
2013-02-27 13:00:00,,544.702
2013-02-27 14:00:00,,544.703
2013-02-27 15:00:00,,544.716
2013-02-27 16:00:00,,544.721
2013-02-27 17:00:00,,544.72
2013-02-27 18:00:00,,544.711
2013-02-27 19:00:00,,544.707
2013-02-27 20:00:00,,544.699
2013-02-27 21:00:00,,544.69
2013-02-27 22:00:00,,544.68
2013-02-27 23:00:00,,544.67
2013-02-28 00:00:00,,544.668
2013-02-28 01:00:00,,544.688
2013-02-28 02:00:00,,544.694
2013-02-28 03:00:00,,544.699
2013-02-28 04:00:00,,544.688
2013-02-28 05:00:00,,544.701
2013-02-28 06:00:00,,544.681
2013-02-28 07:00:00,,544.687
2013-02-28 08:00:00,,544.681
2013-02-28 09:00:00,,544.673
2013-02-28 10:00:00,,544.675
2013-02-28 11:00:00,,544.671
2013-02-28 12:00:00,,544.69
2013-02-28 13:00:00,,544.688
2013-02-28 14:00:00,,544.704
2013-02-28 15:00:00,,544.703
2013-02-28 16:00:00,,544.704
2013-02-28 17:00:00,,544.714
2013-02-28 18:00:00,,544.715
2013-02-28 19:00:00,,544.709
2013-02-28 20:00:00,,544.688
2013-02-28 21:00:00,,544.684
2013-02-28 22:00:00,,544.682
2013-02-28 23:00:00,,544.678
2013-03-01 00:00:00,,544.677
2013-03-01 01:00:00,,544.683
2013-03-01 02:00:00,,544.683
2013-03-01 03:00:00,,544.694
2013-03-01 04:00:00,,544.698
2013-03-01 05:00:00,,544.697
2013-03-01 06:00:00,,544.696
2013-03-01 07:00:00,,544.679
2013-03-01 08:00:00,,544.686
2013-03-01 09:00:00,,544.673
2013-03-01 10:00:00,,544.673
2013-03-01 11:00:00,,544.68
2013-03-01 12:00:00,,544.677
2013-03-01 13:00:00,,544.686
2013-03-01 14:00:00,,544.703
2013-03-01 15:00:00,,544.705
2013-03-01 16:00:00,,544.702
2013-03-01 17:00:00,,544.709
2013-03-01 18:00:00,,544.705
2013-03-01 19:00:00,,544.702
2013-03-01 20:00:00,,544.696
2013-03-01 21:00:00,,544.689
2013-03-01 22:00:00,,544.679
2013-03-01 23:00:00,,544.687
2013-03-02 00:00:00,,544.689
2013-03-02 01:00:00,,544.693
2013-03-02 02:00:00,,544.694
2013-03-02 03:00:00,,544.684
2013-03-02 04:00:00,,544.691
2013-03-02 05:00:00,,544.689
2013-03-02 06:00:00,,544.685
2013-03-02 07:00:00,,544.68
2013-03-02 08:00:00,,544.691
2013-03-02 09:00:00,,544.675
2013-03-02 10:00:00,,544.686
2013-03-02 11:00:00,,544.68
2013-03-02 12:00:00,,544.684
2013-03-02 13:00:00,,544.702
2013-03-02 14:00:00,,544.702
2013-03-02 15:00:00,,544.712
2013-03-02 16:00:00,,544.724
2013-03-02 17:00:00,,544.72
2013-03-02 18:00:00,,544.727
2013-03-02 19:00:00,,544.714
2013-03-02 20:00:00,,544.703
2013-03-02 21:00:00,,544.7
2013-03-02 22:00:00,,544.695
2013-03-02 23:00:00,,544.695
2013-03-03 00:00:00,,544.689
2013-03-03 01:00:00,,544.699
2013-03-03 02:00:00,,544.687
2013-03-03 03:00:00,,544.704
2013-03-03 04:00:00,,544.707
2013-03-03 05:00:00,,544.694
2013-03-03 06:00:00,,544.693
2013-03-03 07:00:00,,544.702
2013-03-03 08:00:00,,544.701
2013-03-03 09:00:00,,544.69
2013-03-03 10:00:00,,544.701
2013-03-03 11:00:00,,544.689
2013-03-03 12:00:00,,544.694
2013-03-03 13:00:00,,544.714
2013-03-03 14:00:00,,544.723
2013-03-03 15:00:00,,544.718
2013-03-03 16:00:00,,544.718
2013-03-03 17:00:00,,544.723
2013-03-03 18:00:00,,544.718
2013-03-03 19:00:00,,544.712
2013-03-03 20:00:00,,544.718
2013-03-03 21:00:00,,544.698
2013-03-03 22:00:00,,544.702
2013-03-03 23:00:00,,544.697
2013-03-04 00:00:00,,544.684
2013-03-04 01:00:00,,544.685
2013-03-04 02:00:00,,544.687
2013-03-04 03:00:00,,544.687
2013-03-04 04:00:00,,544.702
2013-03-04 05:00:00,,544.698
2013-03-04 06:00:00,,544.7
2013-03-04 07:00:00,,544.683
2013-03-04 08:00:00,,544.68
2013-03-04 09:00:00,,544.681
2013-03-04 10:00:00,,544.692
2013-03-04 11:00:00,,544.697
2013-03-04 12:00:00,,544.697
2013-03-04 13:00:00,,544.71
2013-03-04 14:00:00,,544.718
2013-03-04 15:00:00,,544.71
2013-03-04 16:00:00,,544.716
2013-03-04 17:00:00,,544.723
2013-03-04 18:00:00,,544.718
2013-03-04 19:00:00,,544.715
2013-03-04 20:00:00,,544.709
2013-03-04 21:00:00,,544.699
2013-03-04 22:00:00,,544.684
2013-03-04 23:00:00,,544.684
2013-03-05 00:00:00,,544.684
2013-03-05 01:00:00,,544.682
2013-03-05 02:00:00,,544.69
2013-03-05 03:00:00,,544.701
2013-03-05 04:00:00,,544.695
2013-03-05 05:00:00,,544.7
2013-03-05 06:00:00,,544.69
2013-03-05 07:00:00,,544.678
2013-03-05 08:00:00,,544.676
2013-03-05 09:00:00,,544.687
2013-03-05 10:00:00,,544.677
2013-03-05 11:00:00,,544.693
2013-03-05 12:00:00,,544.689
2013-03-05 13:00:00,,544.706
2013-03-05 14:00:00,,544.706
2013-03-05 15:00:00,,544.718
2013-03-05 16:00:00,,544.709
2013-03-05 17:00:00,,544.707
2013-03-05 18:00:00,,544.706
2013-03-05 19:00:00,,544.696
2013-03-05 20:00:00,,544.702
2013-03-05 21:00:00,,544.696
2013-03-05 22:00:00,,544.692
2013-03-05 23:00:00,,544.677
2013-03-06 00:00:00,,544.68
2013-03-06 01:00:00,,544.684
2013-03-06 02:00:00,,544.697
2013-03-06 03:00:00,,544.685
2013-03-06 04:00:00,,544.687
2013-03-06 05:00:00,,544.683
2013-03-06 06:00:00,,544.683
2013-03-06 07:00:00,,544.692
2013-03-06 08:00:00,,544.689
2013-03-06 09:00:00,,544.687
2013-03-06 10:00:00,,544.689
2013-03-06 11:00:00,,544.683
2013-03-06 12:00:00,,544.69
2013-03-06 13:00:00,,544.71
2013-03-06 14:00:00,,544.719
2013-03-06 15:00:00,,544.71
2013-03-06 16:00:00,,544.724
2013-03-06 17:00:00,,544.726
2013-03-06 18:00:00,,544.722
2013-03-06 19:00:00,,544.71
2013-03-06 20:00:00,,544.708
2013-03-06 21:00:00,,544.69
2013-03-06 22:00:00,,544.686
2013-03-06 23:00:00,,544.678
2013-03-07 00:00:00,,544.679
2013-03-07 01:00:00,,544.68
2013-03-07 02:00:00,,544.694
2013-03-07 03:00:00,,544.686
2013-03-07 04:00:00,,544.686
2013-03-07 05:00:00,,544.688
2013-03-07 06:00:00,,544.684
2013-03-07 07:00:00,,544.68
2013-03-07 08:00:00,,544.682
2013-03-07 09:00:00,,544.679
2013-03-07 10:00:00,,544.68
2013-03-07 11:00:00,,544.69
2013-03-07 12:00:00,,544.705
2013-03-07 13:00:00,,544.701
2013-03-07 14:00:00,,544.709
2013-03-07 15:00:00,,544.711
2013-03-07 16:00:00,,544.725
2013-03-07 17:00:00,,544.716
2013-03-07 18:00:00,,544.709
2013-03-07 19:00:00,,544.702
2013-03-07 20:00:00,,544.693
2013-03-07 21:00:00,,544.697
2013-03-07 22:00:00,,544.691
2013-03-07 23:00:00,,544.678
2013-03-08 00:00:00,,544.68
2013-03-08 01:00:00,,544.682
2013-03-08 02:00:00,,544.683
2013-03-08 03:00:00,,544.7
2013-03-08 04:00:00,,544.7
2013-03-08 05:00:00,,544.697
2013-03-08 06:00:00,,544.684
2013-03-08 07:00:00,,544.69
2013-03-08 08:00:00,,544.687
2013-03-08 09:00:00,,544.685
2013-03-08 10:00:00,,544.68
2013-03-08 11:00:00,,544.677
2013-03-08 12:00:00,,544.699
2013-03-08 13:00:00,,544.705
2013-03-08 14:00:00,,544.709
2013-03-08 15:00:00,,544.709
2013-03-08 16:00:00,,544.726
2013-03-08 17:00:00,,544.714
2013-03-08 18:00:00,,544.715
2013-03-08 19:00:00,,544.706
2013-03-08 20:00:00,,544.699
2013-03-08 21:00:00,,544.694
2013-03-08 22:00:00,,544.697
2013-03-08 23:00:00,,544.68
2013-03-09 00:00:00,,544.683
2013-03-09 01:00:00,,544.697
2013-03-09 02:00:00,,544.693
2013-03-09 03:00:00,,544.703
2013-03-09 04:00:00,,544.697
2013-03-09 05:00:00,,544.69
2013-03-09 06:00:00,,544.69
2013-03-09 07:00:00,,544.683
2013-03-09 08:00:00,,544.672
2013-03-09 09:00:00,,544.679
2013-03-09 10:00:00,,544.668
2013-03-09 11:00:00,,544.671
2013-03-09 12:00:00,,544.679
2013-03-09 13:00:00,,544.703
2013-03-09 14:00:00,,544.702
2013-03-09 15:00:00,,544.719
2013-03-09 16:00:00,,544.722
2013-03-09 17:00:00,,544.718
2013-03-09 18:00:00,,544.707
2013-03-09 19:00:00,,544.696
2013-03-09 20:00:00,,544.684
2013-03-09 21:00:00,,544.678
2013-03-09 22:00:00,,544.682
2013-03-09 23:00:00,,544.676
2013-03-10 00:00:00,,544.687
2013-03-10 01:00:00,,544.685
2013-03-10 02:00:00,,544.686
2013-03-10 03:00:00,,544.702
2013-03-10 04:00:00,,544.696
2013-03-10 05:00:00,,544.701
2013-03-10 06:00:00,,544.698
2013-03-10 07:00:00,,544.692
2013-03-10 08:00:00,,544.686
2013-03-10 09:00:00,,544.669
2013-03-10 10:00:00,,544.673
2013-03-10 11:00:00,,544.677
2013-03-10 12:00:00,,544.678
2013-03-10 13:00:00,,544.701
2013-03-10 14:00:00,,544.713
2013-03-10 15:00:00,,544.717
2013-03-10 16:00:00,,544.712
2013-03-10 17:00:00,,544.725
2013-03-10 18:00:00,,544.712
2013-03-10 19:00:00,,544.712
2013-03-10 20:00:00,,544.703
2013-03-10 21:00:00,,544.689
2013-03-10 22:00:00,,544.679
2013-03-10 23:00:00,,544.689
2013-03-11 00:00:00,,544.683
2013-03-11 01:00:00,,544.681
2013-03-11 02:00:00,,544.683
2013-03-11 03:00:00,,544.688
2013-03-11 04:00:00,,544.69
2013-03-11 05:00:00,,544.7
2013-03-11 06:00:00,,544.693
2013-03-11 07:00:00,,544.686
2013-03-11 08:00:00,,544.68
2013-03-11 09:00:00,,544.683
2013-03-11 10:00:00,,544.681
2013-03-11 11:00:00,,544.685
2013-03-11 12:00:00,,544.699
2013-03-11 13:00:00,,544.697
2013-03-11 14:00:00,,544.711
2013-03-11 15:00:00,,544.711
2013-03-11 16:00:00,,544.721
2013-03-11 17:00:00,,544.728
2013-03-11 18:00:00,,544.727
2013-03-11 19:00:00,,544.71
2013-03-11 20:00:00,,544.7
2013-03-11 21:00:00,,544.693
2013-03-11 22:00:00,,544.687
2013-03-11 23:00:00,,544.686
2013-03-12 00:00:00,,544.692
2013-03-12 01:00:00,,544.685
2013-03-12 02:00:00,,544.701
2013-03-12 03:00:00,,544.703
2013-03-12 04:00:00,,544.698
2013-03-12 05:00:00,,544.693
2013-03-12 06:00:00,,544.691
2013-03-12 07:00:00,,544.691
2013-03-12 08:00:00,,544.687
2013-03-12 09:00:00,,544.69
2013-03-12 10:00:00,,544.676
2013-03-12 11:00:00,,544.684
2013-03-12 12:00:00,,544.691
2013-03-12 13:00:00,,544.699
2013-03-12 14:00:00,,544.715
2013-03-12 15:00:00,,544.711
2013-03-12 16:00:00,,544.715
2013-03-12 17:00:00,,544.727
2013-03-12 18:00:00,,544.727
2013-03-12 19:00:00,,544.71
2013-03-12 20:00:00,,544.701
2013-03-12 21:00:00,,544.695
2013-03-12 22:00:00,,544.692
2013-03-12 23:00:00,,544.683
2013-03-13 00:00:00,,544.693
2013-03-13 01:00:00,,544.695
2013-03-13 02:00:00,,544.685
2013-03-13 03:00:00,,544.686
2013-03-13 04:00:00,,544.691
2013-03-13 05:00:00,,544.705
2013-03-13 06:00:00,,544.69
2013-03-13 07:00:00,,544.703
2013-03-13 08:00:00,,544.681
2013-03-13 09:00:00,,544.689
2013-03-13 10:00:00,,544.69
2013-03-13 11:00:00,,544.685
2013-03-13 12:00:00,,544.689
2013-03-13 13:00:00,,544.703
2013-03-13 14:00:00,,544.714
2013-03-13 15:00:00,,544.712
2013-03-13 16:00:00,,544.714
2013-03-13 17:00:00,,544.713
2013-03-13 18:00:00,,544.709
2013-03-13 19:00:00,,544.706
2013-03-13 20:00:00,,544.695
2013-03-13 21:00:00,,544.682
2013-03-13 22:00:00,,544.688
2013-03-13 23:00:00,,544.672
2013-03-14 00:00:00,,544.675
2013-03-14 01:00:00,,544.677
2013-03-14 02:00:00,,544.688
2013-03-14 03:00:00,,544.685
2013-03-14 04:00:00,,544.692
2013-03-14 05:00:00,,544.697
2013-03-14 06:00:00,,544.684
2013-03-14 07:00:00,,544.694
2013-03-14 08:00:00,,544.69
2013-03-14 09:00:00,,544.676
2013-03-14 10:00:00,,544.681
2013-03-14 11:00:00,,544.683
2013-03-14 12:00:00,,544.689
2013-03-14 13:00:00,,544.691
2013-03-14 14:00:00,,544.706
2013-03-14 14:24:00,,544.71
2013-03-14 15:00:00,,544.71
2013-03-14 16:00:00,,544.721
2013-03-14 17:00:00,,544.71
2013-03-14 18:00:00,,544.721
2013-03-14 19:00:00,,544.705
2013-03-14 20:00:00,,544.699
2013-03-14 21:00:00,,544.697
2013-03-14 22:00:00,,544.688
2013-03-14 23:00:00,,544.682
2013-03-15 00:00:00,,544.675
2013-03-15 01:00:00,,544.67
2013-03-15 02:00:00,,544.687
2013-03-15 03:00:00,,544.69
2013-03-15 04:00:00,,544.683
2013-03-15 05:00:00,,544.693
2013-03-15 06:00:00,,544.681
2013-03-15 07:00:00,,544.69
2013-03-15 08:00:00,,544.687
2013-03-15 09:00:00,,544.675
2013-03-15 10:00:00,,544.674
2013-03-15 11:00:00,,544.689
2013-03-15 12:00:00,,544.688
2013-03-15 13:00:00,,544.702
2013-03-15 14:00:00,,544.71
2013-03-15 15:00:00,,544.717
2013-03-15 16:00:00,,544.716
2013-03-15 17:00:00,,544.723
2013-03-15 18:00:00,,544.712
2013-03-15 19:00:00,,544.715
2013-03-15 20:00:00,,544.707
2013-03-15 21:00:00,,544.693
2013-03-15 22:00:00,,544.683
2013-03-15 23:00:00,,544.678
2013-03-16 00:00:00,,544.691
2013-03-16 01:00:00,,544.68
2013-03-16 02:00:00,,544.687
2013-03-16 03:00:00,,544.688
2013-03-16 04:00:00,,544.686
2013-03-16 05:00:00,,544.691
2013-03-16 06:00:00,,544.695
2013-03-16 07:00:00,,544.691
2013-03-16 08:00:00,,544.68
2013-03-16 09:00:00,,544.678
2013-03-16 10:00:00,,544.684
2013-03-16 11:00:00,,544.682
2013-03-16 12:00:00,,544.689
2013-03-16 13:00:00,,544.696
2013-03-16 14:00:00,,544.701
2013-03-16 15:00:00,,544.719
2013-03-16 16:00:00,,544.714
2013-03-16 17:00:00,,544.709
2013-03-16 18:00:00,,544.718
2013-03-16 19:00:00,,544.715
2013-03-16 20:00:00,,544.705
2013-03-16 21:00:00,,544.692
2013-03-16 22:00:00,,544.684
2013-03-16 23:00:00,,544.679
2013-03-17 00:00:00,,544.691
2013-03-17 01:00:00,,544.693
2013-03-17 02:00:00,,544.688
2013-03-17 03:00:00,,544.693
2013-03-17 04:00:00,,544.691
2013-03-17 05:00:00,,544.685
2013-03-17 06:00:00,,544.683
2013-03-17 07:00:00,,544.689
2013-03-17 08:00:00,,544.678
2013-03-17 09:00:00,,544.682
2013-03-17 10:00:00,,544.673
2013-03-17 11:00:00,,544.688
2013-03-17 12:00:00,,544.693
2013-03-17 13:00:00,,544.694
2013-03-17 14:00:00,,544.699
2013-03-17 15:00:00,,544.706
2013-03-17 16:00:00,,544.712
2013-03-17 17:00:00,,544.719
2013-03-17 18:00:00,,544.708
2013-03-17 19:00:00,,544.702
2013-03-17 20:00:00,,544.694
2013-03-17 21:00:00,,544.691
2013-03-17 22:00:00,,544.682
2013-03-17 23:00:00,,544.685
2013-03-18 00:00:00,,544.692
2013-03-18 01:00:00,,544.69
2013-03-18 02:00:00,,544.7
2013-03-18 03:00:00,,544.691
2013-03-18 04:00:00,,544.695
2013-03-18 05:00:00,,544.686
2013-03-18 06:00:00,,544.694
2013-03-18 07:00:00,,544.685
2013-03-18 08:00:00,,544.679
2013-03-18 09:00:00,,544.68
2013-03-18 10:00:00,,544.69
2013-03-18 11:00:00,,544.685
2013-03-18 12:00:00,,544.689
2013-03-18 13:00:00,,544.709
2013-03-18 14:00:00,,544.71
2013-03-18 15:00:00,,544.722
2013-03-18 16:00:00,,544.715
2013-03-18 17:00:00,,544.711
2013-03-18 18:00:00,,544.71
2013-03-18 19:00:00,,544.705
2013-03-18 20:00:00,,544.706
2013-03-18 21:00:00,,544.693
2013-03-18 22:00:00,,544.684
2013-03-18 23:00:00,,544.686
2013-03-19 00:00:00,,544.686
2013-03-19 01:00:00,,544.684
2013-03-19 02:00:00,,544.687
2013-03-19 03:00:00,,544.7
2013-03-19 04:00:00,,544.689
2013-03-19 05:00:00,,544.689
2013-03-19 06:00:00,,544.685
2013-03-19 07:00:00,,544.688
2013-03-19 08:00:00,,544.693
2013-03-19 09:00:00,,544.678
2013-03-19 10:00:00,,544.684
2013-03-19 11:00:00,,544.681
2013-03-19 12:00:00,,544.7
2013-03-19 13:00:00,,544.699
2013-03-19 14:00:00,,544.717
2013-03-19 15:00:00,,544.718
2013-03-19 16:00:00,,544.722
2013-03-19 17:00:00,,544.721
2013-03-19 18:00:00,,544.705
2013-03-19 19:00:00,,544.705
2013-03-19 20:00:00,,544.698
2013-03-19 21:00:00,,544.698
2013-03-19 22:00:00,,544.681
2013-03-19 23:00:00,,544.694
2013-03-20 00:00:00,,544.682
2013-03-20 01:00:00,,544.696
2013-03-20 02:00:00,,544.698
2013-03-20 03:00:00,,544.69
2013-03-20 04:00:00,,544.69
2013-03-20 05:00:00,,544.692
2013-03-20 06:00:00,,544.702
2013-03-20 07:00:00,,544.689
2013-03-20 08:00:00,,544.697
2013-03-20 09:00:00,,544.693
2013-03-20 10:00:00,,544.696
2013-03-20 11:00:00,,544.698
2013-03-20 12:00:00,,544.693
2013-03-20 13:00:00,,544.717
2013-03-20 14:00:00,,544.722
2013-03-20 15:00:00,,544.731
2013-03-20 16:00:00,,544.728
2013-03-20 17:00:00,,544.73
2013-03-20 18:00:00,,544.721
2013-03-20 19:00:00,,544.725
2013-03-20 20:00:00,,544.707
2013-03-20 21:00:00,,544.703
2013-03-20 22:00:00,,544.693
2013-03-20 23:00:00,,544.704
2013-03-21 00:00:00,,544.706
2013-03-21 01:00:00,,544.698
2013-03-21 02:00:00,,544.713
2013-03-21 03:00:00,,544.705
2013-03-21 04:00:00,,544.706
2013-03-21 05:00:00,,544.704
2013-03-21 06:00:00,,544.711
2013-03-21 07:00:00,,544.709
2013-03-21 08:00:00,,544.694
2013-03-21 09:00:00,,544.694
2013-03-21 10:00:00,,544.69
2013-03-21 11:00:00,,544.699
2013-03-21 12:00:00,,544.699
2013-03-21 13:00:00,,544.707
2013-03-21 14:00:00,,544.717
2013-03-21 15:00:00,,544.726
2013-03-21 16:00:00,,544.723
2013-03-21 17:00:00,,544.727
2013-03-21 18:00:00,,544.732
2013-03-21 19:00:00,,544.726
2013-03-21 20:00:00,,544.719
2013-03-21 21:00:00,,544.701
2013-03-21 22:00:00,,544.698
2013-03-21 23:00:00,,544.695
2013-03-22 00:00:00,,544.707
2013-03-22 01:00:00,,544.704
2013-03-22 02:00:00,,544.699
2013-03-22 03:00:00,,544.699
2013-03-22 04:00:00,,544.71
2013-03-22 05:00:00,,544.705
2013-03-22 06:00:00,,544.701
2013-03-22 07:00:00,,544.697
2013-03-22 08:00:00,,544.693
2013-03-22 09:00:00,,544.679
2013-03-22 10:00:00,,544.68
2013-03-22 11:00:00,,544.694
2013-03-22 12:00:00,,544.7
2013-03-22 13:00:00,,544.709
2013-03-22 14:00:00,,544.707
2013-03-22 15:00:00,,544.716
2013-03-22 16:00:00,,544.715
2013-03-22 17:00:00,,544.711
2013-03-22 18:00:00,,544.717
2013-03-22 19:00:00,,544.702
2013-03-22 20:00:00,,544.706
2013-03-22 21:00:00,,544.689
2013-03-22 22:00:00,,544.694
2013-03-22 23:00:00,,544.687
2013-03-23 00:00:00,,544.684
2013-03-23 01:00:00,,544.689
2013-03-23 02:00:00,,544.69
2013-03-23 03:00:00,,544.702
2013-03-23 04:00:00,,544.701
2013-03-23 05:00:00,,544.687
2013-03-23 06:00:00,,544.693
2013-03-23 07:00:00,,544.677
2013-03-23 08:00:00,,544.685
2013-03-23 09:00:00,,544.671
2013-03-23 10:00:00,,544.683
2013-03-23 11:00:00,,544.683
2013-03-23 12:00:00,,544.685
2013-03-23 13:00:00,,544.702
2013-03-23 14:00:00,,544.706
2013-03-23 15:00:00,,544.713
2013-03-23 16:00:00,,544.73
2013-03-23 17:00:00,,544.73
2013-03-23 18:00:00,,544.725
2013-03-23 19:00:00,,544.71
2013-03-23 20:00:00,,544.709
2013-03-23 21:00:00,,544.69
2013-03-23 22:00:00,,544.685
2013-03-23 23:00:00,,544.682
2013-03-24 00:00:00,,544.693
2013-03-24 01:00:00,,544.681
2013-03-24 02:00:00,,544.684
2013-03-24 03:00:00,,544.699
2013-03-24 04:00:00,,544.69
2013-03-24 05:00:00,,544.689
2013-03-24 06:00:00,,544.688
2013-03-24 07:00:00,,544.695
2013-03-24 08:00:00,,544.689
2013-03-24 09:00:00,,544.684
2013-03-24 10:00:00,,544.672
2013-03-24 11:00:00,,544.675
2013-03-24 12:00:00,,544.696
2013-03-24 13:00:00,,544.697
2013-03-24 14:00:00,,544.72
2013-03-24 15:00:00,,544.718
2013-03-24 16:00:00,,544.733
2013-03-24 17:00:00,,544.723
2013-03-24 18:00:00,,544.732
2013-03-24 19:00:00,,544.722
2013-03-24 20:00:00,,544.703
2013-03-24 21:00:00,,544.695
2013-03-24 22:00:00,,544.697
2013-03-24 23:00:00,,544.69
2013-03-25 00:00:00,,544.694
2013-03-25 01:00:00,,544.701
2013-03-25 02:00:00,,544.705
2013-03-25 03:00:00,,544.716
2013-03-25 04:00:00,,544.704
2013-03-25 05:00:00,,544.7
2013-03-25 06:00:00,,544.699
2013-03-25 07:00:00,,544.705
2013-03-25 08:00:00,,544.69
2013-03-25 09:00:00,,544.686
2013-03-25 10:00:00,,544.696
2013-03-25 11:00:00,,544.69
2013-03-25 12:00:00,,544.702
2013-03-25 13:00:00,,544.718
2013-03-25 14:00:00,,544.715
2013-03-25 15:00:00,,544.724
2013-03-25 16:00:00,,544.731
2013-03-25 17:00:00,,544.739
2013-03-25 18:00:00,,544.723
2013-03-25 19:00:00,,544.714
2013-03-25 20:00:00,,544.708
2013-03-25 21:00:00,,544.693
2013-03-25 22:00:00,,544.697
2013-03-25 23:00:00,,544.688
2013-03-26 00:00:00,,544.691
2013-03-26 01:00:00,,544.707
2013-03-26 02:00:00,,544.702
2013-03-26 03:00:00,,544.705
2013-03-26 04:00:00,,544.712
2013-03-26 05:00:00,,544.719
2013-03-26 06:00:00,,544.704
2013-03-26 07:00:00,,544.705
2013-03-26 08:00:00,,544.707
2013-03-26 09:00:00,,544.694
2013-03-26 10:00:00,,544.693
2013-03-26 11:00:00,,544.696
2013-03-26 12:00:00,,544.708
2013-03-26 13:00:00,,544.724
2013-03-26 14:00:00,,544.723
2013-03-26 15:00:00,,544.726
2013-03-26 16:00:00,,544.742
2013-03-26 17:00:00,,544.73
2013-03-26 18:00:00,,544.737
2013-03-26 19:00:00,,544.724
2013-03-26 20:00:00,,544.72
2013-03-26 21:00:00,,544.705
2013-03-26 22:00:00,,544.699
2013-03-26 23:00:00,,544.704
2013-03-27 00:00:00,,544.703
2013-03-27 01:00:00,,544.699
2013-03-27 02:00:00,,544.702
2013-03-27 03:00:00,,544.702
2013-03-27 04:00:00,,544.716
2013-03-27 05:00:00,,544.711
2013-03-27 06:00:00,,544.708
2013-03-27 07:00:00,,544.697
2013-03-27 08:00:00,,544.691
2013-03-27 09:00:00,,544.682
2013-03-27 10:00:00,,544.68
2013-03-27 11:00:00,,544.696
2013-03-27 12:00:00,,544.702
2013-03-27 13:00:00,,544.715
2013-03-27 14:00:00,,544.714
2013-03-27 15:00:00,,544.731
2013-03-27 16:00:00,,544.723
2013-03-27 17:00:00,,544.721
2013-03-27 18:00:00,,544.72
2013-03-27 19:00:00,,544.719
2013-03-27 20:00:00,,544.705
2013-03-27 21:00:00,,544.701
2013-03-27 22:00:00,,544.694
2013-03-27 23:00:00,,544.687
2013-03-28 00:00:00,,544.693
2013-03-28 01:00:00,,544.697
2013-03-28 02:00:00,,544.683
2013-03-28 03:00:00,,544.689
2013-03-28 04:00:00,,544.688
2013-03-28 05:00:00,,544.695
2013-03-28 06:00:00,,544.691
2013-03-28 07:00:00,,544.681
2013-03-28 08:00:00,,544.673
2013-03-28 09:00:00,,544.672
2013-03-28 10:00:00,,544.679
2013-03-28 11:00:00,,544.668
2013-03-28 12:00:00,,544.674
2013-03-28 13:00:00,,544.685
2013-03-28 14:00:00,,544.7
2013-03-28 15:00:00,,544.699
2013-03-28 16:00:00,,544.711
2013-03-28 17:00:00,,544.708
2013-03-28 18:00:00,,544.709
2013-03-28 19:00:00,,544.704
2013-03-28 20:00:00,,544.686
2013-03-28 21:00:00,,544.692
2013-03-28 22:00:00,,544.688
2013-03-28 23:00:00,,544.682
2013-03-29 00:00:00,,544.684
2013-03-29 01:00:00,,544.694
2013-03-29 02:00:00,,544.688
2013-03-29 03:00:00,,544.698
2013-03-29 04:00:00,,544.697
2013-03-29 05:00:00,,544.706
2013-03-29 06:00:00,,544.702
2013-03-29 07:00:00,,544.709
2013-03-29 08:00:00,,544.707
2013-03-29 09:00:00,,544.701
2013-03-29 10:00:00,,544.696
2013-03-29 11:00:00,,544.7
2013-03-29 12:00:00,,544.694
2013-03-29 13:00:00,,544.701
2013-03-29 14:00:00,,544.72
2013-03-29 15:00:00,,544.72
2013-03-29 16:00:00,,544.73
2013-03-29 17:00:00,,544.725
2013-03-29 18:00:00,,544.716
2013-03-29 19:00:00,,544.709
2013-03-29 20:00:00,,544.701
2013-03-29 21:00:00,,544.695
2013-03-29 22:00:00,,544.696
2013-03-29 23:00:00,,544.69
2013-03-30 00:00:00,,544.697
2013-03-30 01:00:00,,544.708
2013-03-30 02:00:00,,544.704
2013-03-30 03:00:00,,544.721
2013-03-30 04:00:00,,544.724
2013-03-30 05:00:00,,544.718
2013-03-30 06:00:00,,544.711
2013-03-30 07:00:00,,544.715
2013-03-30 08:00:00,,544.703
2013-03-30 09:00:00,,544.694
2013-03-30 10:00:00,,544.704
2013-03-30 11:00:00,,544.7
2013-03-30 12:00:00,,544.705
2013-03-30 13:00:00,,544.719
2013-03-30 14:00:00,,544.727
2013-03-30 15:00:00,,544.725
2013-03-30 16:00:00,,544.733
2013-03-30 17:00:00,,544.724
2013-03-30 18:00:00,,544.714
2013-03-30 19:00:00,,544.712
2013-03-30 20:00:00,,544.711
2013-03-30 21:00:00,,544.695
2013-03-30 22:00:00,,544.688
2013-03-30 23:00:00,,544.697
2013-03-31 00:00:00,,544.684
2013-03-31 01:00:00,,544.685
2013-03-31 02:00:00,,544.692
2013-03-31 03:00:00,,544.683
2013-03-31 04:00:00,,544.691
2013-03-31 05:00:00,,544.695
2013-03-31 06:00:00,,544.691
2013-03-31 07:00:00,,544.696
2013-03-31 08:00:00,,544.69
2013-03-31 09:00:00,,544.672
2013-03-31 10:00:00,,544.678
2013-03-31 11:00:00,,544.688
2013-03-31 12:00:00,,544.682
2013-03-31 13:00:00,,544.69
2013-03-31 14:00:00,,544.7
2013-03-31 15:00:00,,544.709
2013-03-31 16:00:00,,544.717
2013-03-31 17:00:00,,544.707
2013-03-31 18:00:00,,544.704
2013-03-31 19:00:00,,544.698
2013-03-31 20:00:00,,544.695
2013-03-31 21:00:00,,544.694
2013-03-31 22:00:00,,544.679
2013-03-31 23:00:00,,544.679
2013-04-01 00:00:00,,544.679
2013-04-01 01:00:00,,544.694
2013-04-01 02:00:00,,544.696
2013-04-01 03:00:00,,544.69
2013-04-01 04:00:00,,544.694
2013-04-01 05:00:00,,544.702
2013-04-01 06:00:00,,544.7
2013-04-01 07:00:00,,544.685
2013-04-01 08:00:00,,544.69
2013-04-01 09:00:00,,544.684
2013-04-01 10:00:00,,544.68
2013-04-01 11:00:00,,544.684
2013-04-01 12:00:00,,544.694
2013-04-01 13:00:00,,544.701
2013-04-01 14:00:00,,544.716
2013-04-01 15:00:00,,544.72
2013-04-01 16:00:00,,544.722
2013-04-01 17:00:00,,544.717
2013-04-01 18:00:00,,544.719
2013-04-01 19:00:00,,544.707
2013-04-01 20:00:00,,544.708
2013-04-01 21:00:00,,544.693
2013-04-01 22:00:00,,544.69
2013-04-01 23:00:00,,544.68
2013-04-02 00:00:00,,544.685
2013-04-02 01:00:00,,544.687
2013-04-02 02:00:00,,544.69
2013-04-02 03:00:00,,544.694
2013-04-02 04:00:00,,544.694
2013-04-02 05:00:00,,544.701
2013-04-02 06:00:00,,544.69
2013-04-02 07:00:00,,544.699
2013-04-02 08:00:00,,544.695
2013-04-02 09:00:00,,544.684
2013-04-02 10:00:00,,544.682
2013-04-02 11:00:00,,544.693
2013-04-02 12:00:00,,544.696
2013-04-02 13:00:00,,544.705
2013-04-02 14:00:00,,544.721
2013-04-02 15:00:00,,544.715
2013-04-02 16:00:00,,544.721
2013-04-02 17:00:00,,544.712
2013-04-02 18:00:00,,544.709
2013-04-02 19:00:00,,544.715
2013-04-02 20:00:00,,544.696
2013-04-02 21:00:00,,544.695
2013-04-02 22:00:00,,544.69
2013-04-02 23:00:00,,544.686
2013-04-03 00:00:00,,544.692
2013-04-03 01:00:00,,544.694
2013-04-03 02:00:00,,544.692
2013-04-03 03:00:00,,544.698
2013-04-03 04:00:00,,544.706
2013-04-03 05:00:00,,544.697
2013-04-03 06:00:00,,544.692
2013-04-03 07:00:00,,544.701
2013-04-03 08:00:00,,544.696
2013-04-03 09:00:00,,544.69
2013-04-03 10:00:00,,544.688
2013-04-03 11:00:00,,544.699
2013-04-03 12:00:00,,544.698
2013-04-03 13:00:00,,544.721
2013-04-03 14:00:00,,544.718
2013-04-03 15:00:00,,544.725
2013-04-03 16:00:00,,544.73
2013-04-03 17:00:00,,544.717
2013-04-03 18:00:00,,544.716
2013-04-03 19:00:00,,544.706
2013-04-03 20:00:00,,544.7
2013-04-03 21:00:00,,544.698
2013-04-03 22:00:00,,544.696
2013-04-03 23:00:00,,544.697
2013-04-04 00:00:00,,544.695
2013-04-04 01:00:00,,544.704
2013-04-04 02:00:00,,544.693
2013-04-04 03:00:00,,544.705
2013-04-04 04:00:00,,544.693
2013-04-04 05:00:00,,544.706
2013-04-04 06:00:00,,544.698
2013-04-04 07:00:00,,544.702
2013-04-04 08:00:00,,544.686
2013-04-04 09:00:00,,544.679
2013-04-04 10:00:00,,544.687
2013-04-04 11:00:00,,544.686
2013-04-04 12:00:00,,544.707
2013-04-04 13:00:00,,544.709
2013-04-04 14:00:00,,544.722
2013-04-04 15:00:00,,544.726
2013-04-04 16:00:00,,544.721
2013-04-04 17:00:00,,544.718
2013-04-04 18:00:00,,544.709
2013-04-04 19:00:00,,544.701
2013-04-04 20:00:00,,544.7
2013-04-04 21:00:00,,544.703
2013-04-04 22:00:00,,544.701
2013-04-04 23:00:00,,544.693
2013-04-05 00:00:00,,544.699
2013-04-05 01:00:00,,544.698
2013-04-05 02:00:00,,544.704
2013-04-05 03:00:00,,544.706
2013-04-05 04:00:00,,544.711
2013-04-05 05:00:00,,544.708
2013-04-05 06:00:00,,544.691
2013-04-05 07:00:00,,544.69
2013-04-05 08:00:00,,544.693
2013-04-05 09:00:00,,544.687
2013-04-05 10:00:00,,544.688
2013-04-05 11:00:00,,544.685
2013-04-05 12:00:00,,544.69
2013-04-05 13:00:00,,544.705
2013-04-05 14:00:00,,544.711
2013-04-05 15:00:00,,544.703
2013-04-05 16:00:00,,544.695
2013-04-05 17:00:00,,544.697
2013-04-05 18:00:00,,544.693
2013-04-05 19:00:00,,544.701
2013-04-05 20:00:00,,544.699
2013-04-05 21:00:00,,544.699
2013-04-05 22:00:00,,544.69
2013-04-05 23:00:00,,544.683
2013-04-06 00:00:00,,544.698
2013-04-06 01:00:00,,544.697
2013-04-06 02:00:00,,544.702
2013-04-06 03:00:00,,544.705
2013-04-06 04:00:00,,544.717
2013-04-06 05:00:00,,544.702
2013-04-06 06:00:00,,544.707
2013-04-06 07:00:00,,544.697
2013-04-06 08:00:00,,544.699
2013-04-06 09:00:00,,544.69
2013-04-06 10:00:00,,544.695
2013-04-06 11:00:00,,544.699
2013-04-06 12:00:00,,544.717
2013-04-06 13:00:00,,544.712
2013-04-06 14:00:00,,544.72
2013-04-06 15:00:00,,544.737
2013-04-06 16:00:00,,544.726
2013-04-06 17:00:00,,544.721
2013-04-06 18:00:00,,544.719
2013-04-06 19:00:00,,544.709
2013-04-06 20:00:00,,544.716
2013-04-06 21:00:00,,544.711
2013-04-06 22:00:00,,544.706
2013-04-06 23:00:00,,544.699
2013-04-07 00:00:00,,544.707
2013-04-07 01:00:00,,544.705
2013-04-07 02:00:00,,544.711
2013-04-07 03:00:00,,544.722
2013-04-07 04:00:00,,544.715
2013-04-07 05:00:00,,544.714
2013-04-07 06:00:00,,544.706
2013-04-07 07:00:00,,544.699
2013-04-07 08:00:00,,544.698
2013-04-07 09:00:00,,544.703
2013-04-07 10:00:00,,544.702
2013-04-07 11:00:00,,544.697
2013-04-07 12:00:00,,544.711
2013-04-07 13:00:00,,544.715
2013-04-07 14:00:00,,544.719
2013-04-07 15:00:00,,544.72
2013-04-07 16:00:00,,544.723
2013-04-07 17:00:00,,544.722
2013-04-07 18:00:00,,544.717
2013-04-07 19:00:00,,544.707
2013-04-07 20:00:00,,544.698
2013-04-07 21:00:00,,544.705
2013-04-07 22:00:00,,544.688
2013-04-07 23:00:00,,544.691
2013-04-08 00:00:00,,544.698
2013-04-08 01:00:00,,544.703
2013-04-08 02:00:00,,544.696
2013-04-08 03:00:00,,544.705
2013-04-08 04:00:00,,544.713
2013-04-08 05:00:00,,544.701
2013-04-08 06:00:00,,544.696
2013-04-08 07:00:00,,544.704
2013-04-08 08:00:00,,544.687
2013-04-08 09:00:00,,544.695
2013-04-08 10:00:00,,544.682
2013-04-08 11:00:00,,544.69
2013-04-08 12:00:00,,544.706
2013-04-08 13:00:00,,544.701
2013-04-08 14:00:00,,544.711
2013-04-08 15:00:00,,544.721
2013-04-08 16:00:00,,544.73
2013-04-08 17:00:00,,544.715
2013-04-08 18:00:00,,544.712
2013-04-08 19:00:00,,544.702
2013-04-08 20:00:00,,544.697
2013-04-08 21:00:00,,544.694
2013-04-08 22:00:00,,544.696
2013-04-08 23:00:00,,544.683
2013-04-09 00:00:00,,544.697
2013-04-09 01:00:00,,544.69
2013-04-09 02:00:00,,544.696
2013-04-09 03:00:00,,544.71
2013-04-09 04:00:00,,544.701
2013-04-09 05:00:00,,544.714
2013-04-09 06:00:00,,544.7
2013-04-09 07:00:00,,544.702
2013-04-09 08:00:00,,544.688
2013-04-09 09:00:00,,544.688
2013-04-09 10:00:00,,544.69
2013-04-09 11:00:00,,544.699
2013-04-09 12:00:00,,544.699
2013-04-09 13:00:00,,544.706
2013-04-09 14:00:00,,544.727
2013-04-09 15:00:00,,544.731
2013-04-09 16:00:00,,544.732
2013-04-09 17:00:00,,544.718
2013-04-09 18:00:00,,544.718
2013-04-09 19:00:00,,544.709
2013-04-09 20:00:00,,544.712
2013-04-09 21:00:00,,544.705
2013-04-09 22:00:00,,544.7
2013-04-09 23:00:00,,544.693
2013-04-10 00:00:00,,544.69
2013-04-10 01:00:00,,544.7
2013-04-10 02:00:00,,544.699
2013-04-10 03:00:00,,544.715
2013-04-10 04:00:00,,544.715
2013-04-10 05:00:00,,544.702
2013-04-10 06:00:00,,544.708
2013-04-10 07:00:00,,544.703
2013-04-10 08:00:00,,544.696
2013-04-10 09:00:00,,544.704
2013-04-10 10:00:00,,544.693
2013-04-10 11:00:00,,544.705
2013-04-10 12:00:00,,544.708
2013-04-10 13:00:00,,544.723
2013-04-10 14:00:00,,544.729
2013-04-10 15:00:00,,544.724
2013-04-10 16:00:00,,544.741
2013-04-10 17:00:00,,544.736
2013-04-10 18:00:00,,544.723
2013-04-10 19:00:00,,544.725
2013-04-10 20:00:00,,544.707
2013-04-10 21:00:00,,544.696
2013-04-10 22:00:00,,544.704
2013-04-10 23:00:00,,544.69
2013-04-11 00:00:00,,544.702
2013-04-11 01:00:00,,544.707
2013-04-11 02:00:00,,544.711
2013-04-11 03:00:00,,544.709
2013-04-11 04:00:00,,544.717
2013-04-11 05:00:00,,544.708
2013-04-11 06:00:00,,544.702
2013-04-11 07:00:00,,544.698
2013-04-11 08:00:00,,544.707
2013-04-11 09:00:00,,544.704
2013-04-11 10:00:00,,544.706
2013-04-11 11:00:00,,544.701
2013-04-11 12:00:00,,544.706
2013-04-11 13:00:00,,544.705
2013-04-11 14:00:00,,544.719
2013-04-11 15:00:00,,544.735
2013-04-11 16:00:00,,544.735
2013-04-11 17:00:00,,544.722
2013-04-11 18:00:00,,544.718
2013-04-11 19:00:00,,544.722
2013-04-11 20:00:00,,544.707
2013-04-11 21:00:00,,544.698
2013-04-11 22:00:00,,544.706
2013-04-11 23:00:00,,544.693
2013-04-12 00:00:00,,544.693
2013-04-12 01:00:00,,544.705
2013-04-12 02:00:00,,544.702
2013-04-12 03:00:00,,544.704
2013-04-12 04:00:00,,544.705
2013-04-12 05:00:00,,544.71
2013-04-12 06:00:00,,544.708
2013-04-12 07:00:00,,544.708
2013-04-12 08:00:00,,544.695
2013-04-12 09:00:00,,544.7
2013-04-12 10:00:00,,544.691
2013-04-12 11:00:00,,544.696
2013-04-12 12:00:00,,544.702
2013-04-12 13:00:00,,544.705
2013-04-12 14:00:00,,544.718
2013-04-12 15:00:00,,544.732
2013-04-12 16:00:00,,544.73
2013-04-12 17:00:00,,544.731
2013-04-12 18:00:00,,544.722
2013-04-12 19:00:00,,544.718
2013-04-12 20:00:00,,544.705
2013-04-12 21:00:00,,544.711
2013-04-12 22:00:00,,544.696
2013-04-12 23:00:00,,544.697
2013-04-13 00:00:00,,544.698
2013-04-13 01:00:00,,544.701
2013-04-13 02:00:00,,544.698
2013-04-13 03:00:00,,544.701
2013-04-13 04:00:00,,544.708
2013-04-13 05:00:00,,544.707
2013-04-13 06:00:00,,544.711
2013-04-13 07:00:00,,544.702
2013-04-13 08:00:00,,544.7
2013-04-13 09:00:00,,544.702
2013-04-13 10:00:00,,544.692
2013-04-13 11:00:00,,544.694
2013-04-13 12:00:00,,544.713
2013-04-13 13:00:00,,544.722
2013-04-13 14:00:00,,544.727
2013-04-13 15:00:00,,544.728
2013-04-13 16:00:00,,544.726
2013-04-13 17:00:00,,544.737
2013-04-13 18:00:00,,544.727
2013-04-13 19:00:00,,544.722
2013-04-13 20:00:00,,544.714
2013-04-13 21:00:00,,544.707
2013-04-13 22:00:00,,544.696
2013-04-13 23:00:00,,544.702
2013-04-14 00:00:00,,544.7
2013-04-14 01:00:00,,544.7
2013-04-14 02:00:00,,544.717
2013-04-14 03:00:00,,544.713
2013-04-14 04:00:00,,544.71
2013-04-14 05:00:00,,544.722
2013-04-14 06:00:00,,544.718
2013-04-14 07:00:00,,544.707
2013-04-14 08:00:00,,544.709
2013-04-14 09:00:00,,544.706
2013-04-14 10:00:00,,544.706
2013-04-14 11:00:00,,544.697
2013-04-14 12:00:00,,544.709
2013-04-14 13:00:00,,544.714
2013-04-14 14:00:00,,544.722
2013-04-14 15:00:00,,544.733
2013-04-14 16:00:00,,544.736
2013-04-14 17:00:00,,544.741
2013-04-14 18:00:00,,544.74
2013-04-14 19:00:00,,544.722
2013-04-14 20:00:00,,544.719
2013-04-14 21:00:00,,544.719
2013-04-14 22:00:00,,544.714
2013-04-14 23:00:00,,544.713
2013-04-15 00:00:00,,544.709
2013-04-15 01:00:00,,544.717
2013-04-15 02:00:00,,544.719
2013-04-15 03:00:00,,544.71
2013-04-15 04:00:00,,544.726
2013-04-15 05:00:00,,544.712
2013-04-15 06:00:00,,544.716
2013-04-15 07:00:00,,544.72
2013-04-15 08:00:00,,544.704
2013-04-15 09:00:00,,544.709
2013-04-15 10:00:00,,544.714
2013-04-15 11:00:00,,544.71
2013-04-15 12:00:00,,544.71
2013-04-15 13:00:00,,544.721
2013-04-15 14:00:00,,544.725
2013-04-15 15:00:00,,544.741
2013-04-15 16:00:00,,544.731
2013-04-15 17:00:00,,544.736
2013-04-15 18:00:00,,544.726
2013-04-15 19:00:00,,544.731
2013-04-15 20:00:00,,544.724
2013-04-15 21:00:00,,544.716
2013-04-15 22:00:00,,544.709
2013-04-15 23:00:00,,544.695
2013-04-16 00:00:00,,544.707
2013-04-16 01:00:00,,544.709
2013-04-16 02:00:00,,544.699
2013-04-16 03:00:00,,544.701
2013-04-16 04:00:00,,544.703
2013-04-16 05:00:00,,544.7
2013-04-16 06:00:00,,544.692
2013-04-16 07:00:00,,544.692
2013-04-16 08:00:00,,544.685
2013-04-16 09:00:00,,544.696
2013-04-16 10:00:00,,544.696
2013-04-16 11:00:00,,544.693
2013-04-16 12:00:00,,544.701
2013-04-16 13:00:00,,544.719
2013-04-16 14:00:00,,544.715
2013-04-16 15:00:00,,544.724
2013-04-16 16:00:00,,544.727
2013-04-16 17:00:00,,544.727
2013-04-16 18:00:00,,544.722
2013-04-16 19:00:00,,544.719
2013-04-16 20:00:00,,544.709
2013-04-16 21:00:00,,544.702
2013-04-16 22:00:00,,544.702
2013-04-16 23:00:00,,544.698
2013-04-17 00:00:00,,544.709
2013-04-17 01:00:00,,544.707
2013-04-17 02:00:00,,544.696
2013-04-17 03:00:00,,544.706
2013-04-17 04:00:00,,544.704
2013-04-17 05:00:00,,544.695
2013-04-17 06:00:00,,544.695
2013-04-17 07:00:00,,544.704
2013-04-17 08:00:00,,544.697
2013-04-17 09:00:00,,544.695
2013-04-17 10:00:00,,544.69
2013-04-17 11:00:00,,544.707
2013-04-17 12:00:00,,544.713
2013-04-17 13:00:00,,544.713
2013-04-17 14:00:00,,544.72
2013-04-17 15:00:00,,544.728
2013-04-17 16:00:00,,544.737
2013-04-17 17:00:00,,544.73
2013-04-17 18:00:00,,544.731
2013-04-17 19:00:00,,544.725
2013-04-17 20:00:00,,544.704
2013-04-17 21:00:00,,544.701
2013-04-17 22:00:00,,544.713
2013-04-17 23:00:00,,544.703
2013-04-18 00:00:00,,544.713
2013-04-18 01:00:00,,544.701
2013-04-18 02:00:00,,544.701
2013-04-18 03:00:00,,544.702
2013-04-18 04:00:00,,544.714
2013-04-18 05:00:00,,544.713
2013-04-18 06:00:00,,544.709
2013-04-18 07:00:00,,544.694
2013-04-18 08:00:00,,544.687
2013-04-18 09:00:00,,544.692
2013-04-18 10:00:00,,544.7
2013-04-18 11:00:00,,544.704
2013-04-18 12:00:00,,544.705
2013-04-18 13:00:00,,544.715
2013-04-18 14:00:00,,544.715
2013-04-18 15:00:00,,544.726
2013-04-18 16:00:00,,544.734
2013-04-18 17:00:00,,544.723
2013-04-18 18:00:00,,544.726
2013-04-18 19:00:00,,544.71
2013-04-18 20:00:00,,544.704
2013-04-18 21:00:00,,544.7
2013-04-18 22:00:00,,544.708
2013-04-18 23:00:00,,544.707
2013-04-19 00:00:00,,544.708
2013-04-19 01:00:00,,544.701
2013-04-19 02:00:00,,544.699
2013-04-19 03:00:00,,544.711
2013-04-19 04:00:00,,544.701
2013-04-19 05:00:00,,544.712
2013-04-19 06:00:00,,544.707
2013-04-19 07:00:00,,544.698
2013-04-19 08:00:00,,544.688
2013-04-19 09:00:00,,544.693
2013-04-19 10:00:00,,544.688
2013-04-19 11:00:00,,544.694
2013-04-19 12:00:00,,544.701
2013-04-19 13:00:00,,544.718
2013-04-19 14:00:00,,544.724
2013-04-19 15:00:00,,544.731
2013-04-19 16:00:00,,544.725
2013-04-19 17:00:00,,544.723
2013-04-19 18:00:00,,544.714
2013-04-19 19:00:00,,544.712
2013-04-19 20:00:00,,544.7
2013-04-19 21:00:00,,544.706
2013-04-19 22:00:00,,544.694
2013-04-19 23:00:00,,544.695
2013-04-20 00:00:00,,544.703
2013-04-20 01:00:00,,544.707
2013-04-20 02:00:00,,544.71
2013-04-20 03:00:00,,544.72
2013-04-20 04:00:00,,544.706
2013-04-20 05:00:00,,544.718
2013-04-20 06:00:00,,544.711
2013-04-20 07:00:00,,544.707
2013-04-20 08:00:00,,544.696
2013-04-20 09:00:00,,544.701
2013-04-20 10:00:00,,544.702
2013-04-20 11:00:00,,544.693
2013-04-20 12:00:00,,544.715
2013-04-20 13:00:00,,544.712
2013-04-20 14:00:00,,544.723
2013-04-20 15:00:00,,544.727
2013-04-20 16:00:00,,544.74
2013-04-20 17:00:00,,544.734
2013-04-20 18:00:00,,544.73
2013-04-20 19:00:00,,544.725
2013-04-20 20:00:00,,544.717
2013-04-20 21:00:00,,544.708
2013-04-20 22:00:00,,544.716
2013-04-20 23:00:00,,544.704
2013-04-21 00:00:00,,544.716
2013-04-21 01:00:00,,544.71
2013-04-21 02:00:00,,544.724
2013-04-21 03:00:00,,544.716
2013-04-21 04:00:00,,544.724
2013-04-21 05:00:00,,544.727
2013-04-21 06:00:00,,544.715
2013-04-21 07:00:00,,544.722
2013-04-21 08:00:00,,544.709
2013-04-21 09:00:00,,544.713
2013-04-21 10:00:00,,544.707
2013-04-21 11:00:00,,544.709
2013-04-21 12:00:00,,544.714
2013-04-21 13:00:00,,544.725
2013-04-21 14:00:00,,544.743
2013-04-21 15:00:00,,544.735
2013-04-21 16:00:00,,544.742
2013-04-21 17:00:00,,544.746
2013-04-21 18:00:00,,544.741
2013-04-21 19:00:00,,544.734
2013-04-21 20:00:00,,544.715
2013-04-21 21:00:00,,544.71
2013-04-21 22:00:00,,544.711
2013-04-21 23:00:00,,544.724
2013-04-22 00:00:00,,544.715
2013-04-22 01:00:00,,544.724
2013-04-22 02:00:00,,544.732
2013-04-22 03:00:00,,544.732
2013-04-22 04:00:00,,544.721
2013-04-22 05:00:00,,544.72
2013-04-22 06:00:00,,544.713
2013-04-22 07:00:00,,544.71
2013-04-22 08:00:00,,544.698
2013-04-22 09:00:00,,544.697
2013-04-22 10:00:00,,544.695
2013-04-22 11:00:00,,544.698
2013-04-22 12:00:00,,544.701
2013-04-22 13:00:00,,544.722
2013-04-22 14:00:00,,544.731
2013-04-22 15:00:00,,544.731
2013-04-22 16:00:00,,544.732
2013-04-22 17:00:00,,544.729
2013-04-22 18:00:00,,544.714
2013-04-22 19:00:00,,544.709
2013-04-22 20:00:00,,544.706
2013-04-22 21:00:00,,544.694
2013-04-22 22:00:00,,544.681
2013-04-22 23:00:00,,544.687
2013-04-23 00:00:00,,544.691
2013-04-23 01:00:00,,544.694
2013-04-23 02:00:00,,544.698
2013-04-23 03:00:00,,544.71
2013-04-23 04:00:00,,544.707
2013-04-23 05:00:00,,544.704
2013-04-23 06:00:00,,544.703
2013-04-23 07:00:00,,544.685
2013-04-23 08:00:00,,544.682
2013-04-23 09:00:00,,544.691
2013-04-23 10:00:00,,544.685
2013-04-23 11:00:00,,544.686
2013-04-23 12:00:00,,544.702
2013-04-23 13:00:00,,544.699
2013-04-23 14:00:00,,544.718
2013-04-23 15:00:00,,544.726
2013-04-23 16:00:00,,544.721
2013-04-23 17:00:00,,544.727
2013-04-23 18:00:00,,544.718
2013-04-23 19:00:00,,544.713
2013-04-23 20:00:00,,544.694
2013-04-23 21:00:00,,544.692
2013-04-23 22:00:00,,544.693
2013-04-23 23:00:00,,544.696
2013-04-24 00:00:00,,544.689
2013-04-24 01:00:00,,544.704
2013-04-24 02:00:00,,544.695
2013-04-24 03:00:00,,544.7
2013-04-24 04:00:00,,544.696
2013-04-24 05:00:00,,544.695
2013-04-24 06:00:00,,544.703
2013-04-24 07:00:00,,544.689
2013-04-24 08:00:00,,544.688
2013-04-24 09:00:00,,544.686
2013-04-24 10:00:00,,544.686
2013-04-24 11:00:00,,544.69
2013-04-24 12:00:00,,544.69
2013-04-24 13:00:00,,544.71
2013-04-24 14:00:00,,544.722
2013-04-24 15:00:00,,544.726
2013-04-24 16:00:00,,544.719
2013-04-24 17:00:00,,544.719
2013-04-24 18:00:00,,544.712
2013-04-24 19:00:00,,544.717
2013-04-24 20:00:00,,544.706
2013-04-24 21:00:00,,544.698
2013-04-24 22:00:00,,544.696
2013-04-24 23:00:00,,544.684
2013-04-25 00:00:00,,544.685
2013-04-25 01:00:00,,544.687
2013-04-25 02:00:00,,544.703
2013-04-25 03:00:00,,544.693
2013-04-25 04:00:00,,544.694
2013-04-25 05:00:00,,544.693
2013-04-25 06:00:00,,544.695
2013-04-25 07:00:00,,544.698
2013-04-25 08:00:00,,544.685
2013-04-25 09:00:00,,544.679
2013-04-25 10:00:00,,544.682
2013-04-25 11:00:00,,544.686
2013-04-25 12:00:00,,544.689
2013-04-25 13:00:00,,544.702
2013-04-25 14:00:00,,544.716
2013-04-25 15:00:00,,544.716
2013-04-25 16:00:00,,544.719
2013-04-25 17:00:00,,544.71
2013-04-25 18:00:00,,544.719
2013-04-25 19:00:00,,544.698
2013-04-25 20:00:00,,544.692
2013-04-25 21:00:00,,544.686
2013-04-25 22:00:00,,544.681
2013-04-25 23:00:00,,544.684
2013-04-26 00:00:00,,544.681
2013-04-26 01:00:00,,544.688
2013-04-26 02:00:00,,544.688
2013-04-26 03:00:00,,544.702
2013-04-26 04:00:00,,544.705
2013-04-26 05:00:00,,544.708
2013-04-26 06:00:00,,544.697
2013-04-26 07:00:00,,544.705
2013-04-26 08:00:00,,544.695
2013-04-26 09:00:00,,544.687
2013-04-26 10:00:00,,544.683
2013-04-26 11:00:00,,544.694
2013-04-26 12:00:00,,544.707
2013-04-26 13:00:00,,544.715
2013-04-26 14:00:00,,544.725
2013-04-26 15:00:00,,544.725
2013-04-26 16:00:00,,544.734
2013-04-26 17:00:00,,544.734
2013-04-26 18:00:00,,544.72
2013-04-26 19:00:00,,544.722
2013-04-26 20:00:00,,544.709
2013-04-26 21:00:00,,544.707
2013-04-26 22:00:00,,544.706
2013-04-26 23:00:00,,544.704
2013-04-27 00:00:00,,544.703
2013-04-27 01:00:00,,544.694
2013-04-27 02:00:00,,544.706
2013-04-27 03:00:00,,544.702
2013-04-27 04:00:00,,544.706
2013-04-27 05:00:00,,544.715
2013-04-27 06:00:00,,544.724
2013-04-27 07:00:00,,544.713
2013-04-27 08:00:00,,544.715
2013-04-27 09:00:00,,544.71
2013-04-27 10:00:00,,544.709
2013-04-27 11:00:00,,544.71
2013-04-27 12:00:00,,544.703
2013-04-27 13:00:00,,544.723
2013-04-27 14:00:00,,544.72
2013-04-27 15:00:00,,544.737
2013-04-27 16:00:00,,544.728
2013-04-27 17:00:00,,544.727
2013-04-27 18:00:00,,544.723
2013-04-27 19:00:00,,544.72
2013-04-27 20:00:00,,544.713
2013-04-27 21:00:00,,544.704
2013-04-27 22:00:00,,544.706
2013-04-27 23:00:00,,544.711
2013-04-28 00:00:00,,544.705
2013-04-28 01:00:00,,544.713
2013-04-28 02:00:00,,544.713
2013-04-28 03:00:00,,544.704
2013-04-28 04:00:00,,544.708
2013-04-28 05:00:00,,544.713
2013-04-28 06:00:00,,544.708
2013-04-28 07:00:00,,544.716
2013-04-28 08:00:00,,544.711
2013-04-28 09:00:00,,544.709
2013-04-28 10:00:00,,544.707
2013-04-28 11:00:00,,544.702
2013-04-28 12:00:00,,544.709
2013-04-28 13:00:00,,544.718
2013-04-28 14:00:00,,544.721
2013-04-28 15:00:00,,544.726
2013-04-28 16:00:00,,544.727
2013-04-28 17:00:00,,544.738
2013-04-28 18:00:00,,544.723
2013-04-28 19:00:00,,544.716
2013-04-28 20:00:00,,544.708
2013-04-28 21:00:00,,544.715
2013-04-28 22:00:00,,544.7
2013-04-28 23:00:00,,544.7
2013-04-29 00:00:00,,544.704
2013-04-29 01:00:00,,544.712
2013-04-29 02:00:00,,544.714
2013-04-29 03:00:00,,544.703
2013-04-29 04:00:00,,544.718
2013-04-29 05:00:00,,544.718
2013-04-29 06:00:00,,544.708
2013-04-29 07:00:00,,544.713
2013-04-29 08:00:00,,544.697
2013-04-29 09:00:00,,544.704
2013-04-29 10:00:00,,544.705
2013-04-29 11:00:00,,544.708
2013-04-29 12:00:00,,544.702
2013-04-29 13:00:00,,544.713
2013-04-29 14:00:00,,544.716
2013-04-29 15:00:00,,544.725
2013-04-29 16:00:00,,544.732
2013-04-29 17:00:00,,544.725
2013-04-29 18:00:00,,544.717
2013-04-29 19:00:00,,544.724
2013-04-29 20:00:00,,544.719
2013-04-29 21:00:00,,544.702
2013-04-29 22:00:00,,544.704
2013-04-29 23:00:00,,544.699
2013-04-30 00:00:00,,544.704
2013-04-30 01:00:00,,544.701
2013-04-30 02:00:00,,544.704
2013-04-30 03:00:00,,544.71
2013-04-30 04:00:00,,544.716
2013-04-30 05:00:00,,544.715
2013-04-30 06:00:00,,544.701
2013-04-30 07:00:00,,544.7
2013-04-30 08:00:00,,544.697
2013-04-30 09:00:00,,544.693
2013-04-30 10:00:00,,544.705
2013-04-30 11:00:00,,544.709
2013-04-30 12:00:00,,544.709
2013-04-30 13:00:00,,544.716
2013-04-30 14:00:00,,544.731
2013-04-30 15:00:00,,544.726
2013-04-30 16:00:00,,544.739
2013-04-30 17:00:00,,544.738
2013-04-30 18:00:00,,544.728
2013-04-30 19:00:00,,544.717
2013-04-30 20:00:00,,544.716
2013-04-30 21:00:00,,544.709
2013-04-30 22:00:00,,544.701
2013-04-30 23:00:00,,544.705
2013-05-01 00:00:00,,544.701
2013-05-01 01:00:00,,544.702
2013-05-01 02:00:00,,544.705
2013-05-01 03:00:00,,544.709
2013-05-01 04:00:00,,544.722
2013-05-01 05:00:00,,544.716
2013-05-01 06:00:00,,544.708
2013-05-01 07:00:00,,544.704
2013-05-01 08:00:00,,544.702
2013-05-01 09:00:00,,544.698
2013-05-01 10:00:00,,544.7
2013-05-01 11:00:00,,544.709
2013-05-01 12:00:00,,544.721
2013-05-01 13:00:00,,544.73
2013-05-01 14:00:00,,544.736
2013-05-01 15:00:00,,544.733
2013-05-01 16:00:00,,544.729
2013-05-01 17:00:00,,544.734
2013-05-01 18:00:00,,544.721
2013-05-01 19:00:00,,544.718
2013-05-01 20:00:00,,544.714
2013-05-01 21:00:00,,544.716
2013-05-01 22:00:00,,544.7
2013-05-01 23:00:00,,544.712
2013-05-02 00:00:00,,544.699
2013-05-02 01:00:00,,544.715
2013-05-02 02:00:00,,544.707
2013-05-02 03:00:00,,544.718
2013-05-02 04:00:00,,544.709
2013-05-02 05:00:00,,544.71
2013-05-02 06:00:00,,544.708
2013-05-02 07:00:00,,544.703
2013-05-02 08:00:00,,544.706
2013-05-02 09:00:00,,544.699
2013-05-02 10:00:00,,544.713
2013-05-02 11:00:00,,544.711
2013-05-02 12:00:00,,544.716
2013-05-02 13:00:00,,544.722
2013-05-02 14:00:00,,544.74
2013-05-02 15:00:00,,544.73
2013-05-02 16:00:00,,544.739
2013-05-02 17:00:00,,544.725
2013-05-02 18:00:00,,544.726
2013-05-02 19:00:00,,544.719
2013-05-02 20:00:00,,544.718
2013-05-02 21:00:00,,544.714
2013-05-02 22:00:00,,544.713
2013-05-02 23:00:00,,544.712
2013-05-03 00:00:00,,544.707
2013-05-03 01:00:00,,544.705
2013-05-03 02:00:00,,544.707
2013-05-03 03:00:00,,544.715
2013-05-03 04:00:00,,544.716
2013-05-03 05:00:00,,544.72
2013-05-03 06:00:00,,544.717
2013-05-03 07:00:00,,544.706
2013-05-03 08:00:00,,544.697
2013-05-03 09:00:00,,544.707
2013-05-03 10:00:00,,544.706
2013-05-03 11:00:00,,544.702
2013-05-03 12:00:00,,544.709
2013-05-03 13:00:00,,544.714
2013-05-03 14:00:00,,544.734
2013-05-03 15:00:00,,544.731
2013-05-03 16:00:00,,544.741
2013-05-03 17:00:00,,544.73
2013-05-03 18:00:00,,544.732
2013-05-03 19:00:00,,544.718
2013-05-03 20:00:00,,544.706
2013-05-03 21:00:00,,544.712
2013-05-03 22:00:00,,544.699
2013-05-03 23:00:00,,544.697
2013-05-04 00:00:00,,544.697
2013-05-04 01:00:00,,544.705
2013-05-04 02:00:00,,544.716
2013-05-04 03:00:00,,544.709
2013-05-04 04:00:00,,544.721
2013-05-04 05:00:00,,544.72
2013-05-04 06:00:00,,544.707
2013-05-04 07:00:00,,544.706
2013-05-04 08:00:00,,544.702
2013-05-04 09:00:00,,544.694
2013-05-04 10:00:00,,544.7
2013-05-04 11:00:00,,544.7
2013-05-04 12:00:00,,544.722
2013-05-04 13:00:00,,544.718
2013-05-04 14:00:00,,544.727
2013-05-04 15:00:00,,544.736
2013-05-04 16:00:00,,544.733
2013-05-04 17:00:00,,544.727
2013-05-04 18:00:00,,544.735
2013-05-04 19:00:00,,544.721
2013-05-04 20:00:00,,544.709
2013-05-04 21:00:00,,544.706
2013-05-04 22:00:00,,544.705
2013-05-04 23:00:00,,544.71
2013-05-05 00:00:00,,544.72
2013-05-05 01:00:00,,544.725
2013-05-05 02:00:00,,544.727
2013-05-05 03:00:00,,544.73
2013-05-05 04:00:00,,544.72
2013-05-05 05:00:00,,544.72
2013-05-05 06:00:00,,544.726
2013-05-05 07:00:00,,544.72
2013-05-05 08:00:00,,544.713
2013-05-05 09:00:00,,544.702
2013-05-05 10:00:00,,544.704
2013-05-05 11:00:00,,544.711
2013-05-05 12:00:00,,544.717
2013-05-05 13:00:00,,544.732
2013-05-05 14:00:00,,544.735
2013-05-05 15:00:00,,544.749
2013-05-05 16:00:00,,544.75
2013-05-05 17:00:00,,544.736
2013-05-05 18:00:00,,544.734
2013-05-05 19:00:00,,544.734
2013-05-05 20:00:00,,544.716
2013-05-05 21:00:00,,544.708
2013-05-05 22:00:00,,544.718
2013-05-05 23:00:00,,544.707
2013-05-06 00:00:00,,544.71
2013-05-06 01:00:00,,544.724
2013-05-06 02:00:00,,544.726
2013-05-06 03:00:00,,544.729
2013-05-06 04:00:00,,544.721
2013-05-06 05:00:00,,544.716
2013-05-06 06:00:00,,544.714
2013-05-06 07:00:00,,544.721
2013-05-06 08:00:00,,544.709
2013-05-06 09:00:00,,544.702
2013-05-06 10:00:00,,544.713
2013-05-06 11:00:00,,544.708
2013-05-06 12:00:00,,544.725
2013-05-06 13:00:00,,544.729
2013-05-06 14:00:00,,544.745
2013-05-06 15:00:00,,544.742
2013-05-06 16:00:00,,544.75
2013-05-06 17:00:00,,544.734
2013-05-06 18:00:00,,544.73
2013-05-06 19:00:00,,544.734
2013-05-06 20:00:00,,544.716
2013-05-06 21:00:00,,544.709
2013-05-06 22:00:00,,544.706
2013-05-06 23:00:00,,544.711
2013-05-07 00:00:00,,544.715
2013-05-07 01:00:00,,544.725
2013-05-07 02:00:00,,544.72
2013-05-07 03:00:00,,544.732
2013-05-07 04:00:00,,544.732
2013-05-07 05:00:00,,544.729
2013-05-07 06:00:00,,544.717
2013-05-07 07:00:00,,544.703
2013-05-07 08:00:00,,544.711
2013-05-07 09:00:00,,544.701
2013-05-07 10:00:00,,544.707
2013-05-07 11:00:00,,544.709
2013-05-07 12:00:00,,544.703
2013-05-07 13:00:00,,544.713
2013-05-07 14:00:00,,544.726
2013-05-07 15:00:00,,544.739
2013-05-07 16:00:00,,544.73
2013-05-07 17:00:00,,544.738
2013-05-07 18:00:00,,544.734
2013-05-07 19:00:00,,544.717
2013-05-07 20:00:00,,544.71
2013-05-07 21:00:00,,544.713
2013-05-07 22:00:00,,544.704
2013-05-07 23:00:00,,544.701
2013-05-08 00:00:00,,544.705
2013-05-08 01:00:00,,544.708
2013-05-08 02:00:00,,544.71
2013-05-08 03:00:00,,544.715
2013-05-08 04:00:00,,544.717
2013-05-08 05:00:00,,544.712
2013-05-08 06:00:00,,544.718
2013-05-08 07:00:00,,544.712
2013-05-08 08:00:00,,544.694
2013-05-08 09:00:00,,544.703
2013-05-08 10:00:00,,544.692
2013-05-08 11:00:00,,544.698
2013-05-08 12:00:00,,544.707
2013-05-08 13:00:00,,544.713
2013-05-08 14:00:00,,544.728
2013-05-08 15:00:00,,544.741
2013-05-08 16:00:00,,544.744
2013-05-08 17:00:00,,544.736
2013-05-08 18:00:00,,544.732
2013-05-08 19:00:00,,544.726
2013-05-08 20:00:00,,544.71
2013-05-08 21:00:00,,544.707
2013-05-08 22:00:00,,544.699
2013-05-08 23:00:00,,544.698
2013-05-09 00:00:00,,544.699
2013-05-09 01:00:00,,544.715
2013-05-09 02:00:00,,544.704
2013-05-09 03:00:00,,544.708
2013-05-09 04:00:00,,544.723
2013-05-09 05:00:00,,544.724
2013-05-09 06:00:00,,544.723
2013-05-09 07:00:00,,544.708
2013-05-09 08:00:00,,544.701
2013-05-09 09:00:00,,544.705
2013-05-09 10:00:00,,544.712
2013-05-09 11:00:00,,544.7
2013-05-09 12:00:00,,544.713
2013-05-09 13:00:00,,544.72
2013-05-09 14:00:00,,544.723
2013-05-09 15:00:00,,544.738
2013-05-09 16:00:00,,544.732
2013-05-09 17:00:00,,544.724
2013-05-09 18:00:00,,544.732
2013-05-09 19:00:00,,544.728
2013-05-09 20:00:00,,544.716
2013-05-09 21:00:00,,544.717
2013-05-09 22:00:00,,544.705
2013-05-09 23:00:00,,544.709
2013-05-10 00:00:00,,544.715
2013-05-10 01:00:00,,544.706
2013-05-10 02:00:00,,544.71
2013-05-10 03:00:00,,544.711
2013-05-10 04:00:00,,544.727
2013-05-10 05:00:00,,544.721
2013-05-10 06:00:00,,544.716
2013-05-10 07:00:00,,544.707
2013-05-10 08:00:00,,544.709
2013-05-10 09:00:00,,544.705
2013-05-10 10:00:00,,544.71
2013-05-10 11:00:00,,544.699
2013-05-10 12:00:00,,544.707
2013-05-10 13:00:00,,544.717
2013-05-10 14:00:00,,544.728
2013-05-10 15:00:00,,544.745
2013-05-10 16:00:00,,544.739
2013-05-10 17:00:00,,544.739
2013-05-10 18:00:00,,544.742
2013-05-10 19:00:00,,544.737
2013-05-10 20:00:00,,544.721
2013-05-10 21:00:00,,544.726
2013-05-10 22:00:00,,544.713
2013-05-10 23:00:00,,544.71
2013-05-11 00:00:00,,544.713
2013-05-11 01:00:00,,544.717
2013-05-11 02:00:00,,544.722
2013-05-11 03:00:00,,544.715
2013-05-11 04:00:00,,544.729
2013-05-11 05:00:00,,544.73
2013-05-11 06:00:00,,544.718
2013-05-11 07:00:00,,544.724
2013-05-11 08:00:00,,544.714
2013-05-11 09:00:00,,544.71
2013-05-11 10:00:00,,544.703
2013-05-11 11:00:00,,544.706
2013-05-11 12:00:00,,544.712
2013-05-11 13:00:00,,544.719
2013-05-11 14:00:00,,544.733
2013-05-11 15:00:00,,544.75
2013-05-11 16:00:00,,544.744
2013-05-11 17:00:00,,544.75
2013-05-11 18:00:00,,544.745
2013-05-11 19:00:00,,544.74
2013-05-11 20:00:00,,544.734
2013-05-11 21:00:00,,544.721
2013-05-11 22:00:00,,544.712
2013-05-11 23:00:00,,544.714
2013-05-12 00:00:00,,544.72
2013-05-12 01:00:00,,544.718
2013-05-12 02:00:00,,544.714
2013-05-12 03:00:00,,544.708
2013-05-12 04:00:00,,544.723
2013-05-12 05:00:00,,544.724
2013-05-12 06:00:00,,544.713
2013-05-12 07:00:00,,544.703
2013-05-12 08:00:00,,544.708
2013-05-12 09:00:00,,544.7
2013-05-12 10:00:00,,544.685
2013-05-12 11:00:00,,544.685
2013-05-12 12:00:00,,544.701
2013-05-12 13:00:00,,544.694
2013-05-12 14:00:00,,544.713
2013-05-12 15:00:00,,544.72
2013-05-12 16:00:00,,544.714
2013-05-12 17:00:00,,544.724
2013-05-12 18:00:00,,544.708
2013-05-12 19:00:00,,544.718
2013-05-12 20:00:00,,544.714
2013-05-12 21:00:00,,544.709
2013-05-12 22:00:00,,544.703
2013-05-12 23:00:00,,544.702
2013-05-13 00:00:00,,544.711
2013-05-13 01:00:00,,544.709
2013-05-13 02:00:00,,544.713
2013-05-13 03:00:00,,544.719
2013-05-13 04:00:00,,544.73
2013-05-13 05:00:00,,544.728
2013-05-13 06:00:00,,544.728
2013-05-13 07:00:00,,544.712
2013-05-13 08:00:00,,544.71
2013-05-13 09:00:00,,544.707
2013-05-13 10:00:00,,544.707
2013-05-13 11:00:00,,544.71
2013-05-13 12:00:00,,544.706
2013-05-13 13:00:00,,544.715
2013-05-13 14:00:00,,544.72
2013-05-13 15:00:00,,544.722
2013-05-13 16:00:00,,544.725
2013-05-13 17:00:00,,544.715
2013-05-13 18:00:00,,544.727
2013-05-13 19:00:00,,544.724
2013-05-13 20:00:00,,544.71
2013-05-13 21:00:00,,544.71
2013-05-13 22:00:00,,544.702
2013-05-13 23:00:00,,544.708
2013-05-14 00:00:00,,544.72
2013-05-14 01:00:00,,544.723
2013-05-14 02:00:00,,544.725
2013-05-14 03:00:00,,544.725
2013-05-14 04:00:00,,544.734
2013-05-14 05:00:00,,544.721
2013-05-14 06:00:00,,544.733
2013-05-14 07:00:00,,544.73
2013-05-14 08:00:00,,544.726
2013-05-14 09:00:00,,544.719
2013-05-14 10:00:00,,544.712
2013-05-14 11:00:00,,544.709
2013-05-14 12:00:00,,544.726
2013-05-14 13:00:00,,544.727
2013-05-14 14:00:00,,544.74
2013-05-14 15:00:00,,544.745
2013-05-14 16:00:00,,544.737
2013-05-14 17:00:00,,544.746
2013-05-14 18:00:00,,544.74
2013-05-14 19:00:00,,544.728
2013-05-14 20:00:00,,544.731
2013-05-14 21:00:00,,544.718
2013-05-14 22:00:00,,544.72
2013-05-14 23:00:00,,544.718
2013-05-15 00:00:00,,544.72
2013-05-15 01:00:00,,544.724
2013-05-15 02:00:00,,544.723
2013-05-15 03:00:00,,544.724
2013-05-15 04:00:00,,544.728
2013-05-15 05:00:00,,544.724
2013-05-15 06:00:00,,544.737
2013-05-15 07:00:00,,544.733
2013-05-15 08:00:00,,544.734
2013-05-15 09:00:00,,544.72
2013-05-15 10:00:00,,544.711
2013-05-15 11:00:00,,544.712
2013-05-15 12:00:00,,544.733
2013-05-15 13:00:00,,544.737
2013-05-15 14:00:00,,544.74
2013-05-15 15:00:00,,544.74
2013-05-15 16:00:00,,544.732
2013-05-15 17:00:00,,544.73
2013-05-15 18:00:00,,544.725
2013-05-15 19:00:00,,544.73
2013-05-15 20:00:00,,544.721
2013-05-15 21:00:00,,544.722
2013-05-15 22:00:00,,544.724
2013-05-15 23:00:00,,544.717
2013-05-16 00:00:00,,544.723
2013-05-16 01:00:00,,544.72
2013-05-16 02:00:00,,544.714
2013-05-16 03:00:00,,544.727
2013-05-16 04:00:00,,544.729
2013-05-16 05:00:00,,544.731
2013-05-16 06:00:00,,544.722
2013-05-16 07:00:00,,544.715
2013-05-16 08:00:00,,544.719
2013-05-16 09:00:00,,544.716
2013-05-16 10:00:00,,544.711
2013-05-16 11:00:00,,544.711
2013-05-16 12:00:00,,544.715
2013-05-16 13:00:00,,544.723
2013-05-16 14:00:00,,544.73
2013-05-16 15:00:00,,544.733
2013-05-16 16:00:00,,544.73
2013-05-16 17:00:00,,544.739
2013-05-16 18:00:00,,544.723
2013-05-16 19:00:00,,544.725
2013-05-16 20:00:00,,544.716
2013-05-16 21:00:00,,544.712
2013-05-16 22:00:00,,544.709
2013-05-16 23:00:00,,544.718
2013-05-17 00:00:00,,544.719
2013-05-17 01:00:00,,544.72
2013-05-17 02:00:00,,544.717
2013-05-17 03:00:00,,544.724
2013-05-17 04:00:00,,544.731
2013-05-17 05:00:00,,544.716
2013-05-17 06:00:00,,544.731
2013-05-17 07:00:00,,544.727
2013-05-17 08:00:00,,544.71
2013-05-17 09:00:00,,544.704
2013-05-17 10:00:00,,544.707
2013-05-17 11:00:00,,544.723
2013-05-17 12:00:00,,544.718
2013-05-17 13:00:00,,544.727
2013-05-17 14:00:00,,544.727
2013-05-17 15:00:00,,544.732
2013-05-17 16:00:00,,544.733
2013-05-17 17:00:00,,544.733
2013-05-17 18:00:00,,544.713
2013-05-17 19:00:00,,544.715
2013-05-17 20:00:00,,544.719
2013-05-17 21:00:00,,544.716
2013-05-17 22:00:00,,544.711
2013-05-17 23:00:00,,544.706
2013-05-18 00:00:00,,544.71
2013-05-18 01:00:00,,544.717
2013-05-18 02:00:00,,544.718
2013-05-18 03:00:00,,544.73
2013-05-18 04:00:00,,544.728
2013-05-18 05:00:00,,544.732
2013-05-18 06:00:00,,544.729
2013-05-18 07:00:00,,544.718
2013-05-18 08:00:00,,544.713
2013-05-18 09:00:00,,544.712
2013-05-18 10:00:00,,544.703
2013-05-18 11:00:00,,544.717
2013-05-18 12:00:00,,544.72
2013-05-18 13:00:00,,544.734
2013-05-18 14:00:00,,544.733
2013-05-18 15:00:00,,544.749
2013-05-18 16:00:00,,544.751
2013-05-18 17:00:00,,544.733
2013-05-18 18:00:00,,544.73
2013-05-18 19:00:00,,544.721
2013-05-18 20:00:00,,544.723
2013-05-18 21:00:00,,544.717
2013-05-18 22:00:00,,544.721
2013-05-18 23:00:00,,544.719
2013-05-19 00:00:00,,544.723
2013-05-19 01:00:00,,544.725
2013-05-19 02:00:00,,544.715
2013-05-19 03:00:00,,544.717
2013-05-19 04:00:00,,544.723
2013-05-19 05:00:00,,544.72
2013-05-19 06:00:00,,544.716
2013-05-19 07:00:00,,544.711
2013-05-19 08:00:00,,544.708
2013-05-19 09:00:00,,544.707
2013-05-19 10:00:00,,544.719
2013-05-19 11:00:00,,544.712
2013-05-19 12:00:00,,544.724
2013-05-19 13:00:00,,544.74
2013-05-19 14:00:00,,544.749
2013-05-19 15:00:00,,544.742
2013-05-19 16:00:00,,544.755
2013-05-19 17:00:00,,544.737
2013-05-19 18:00:00,,544.744
2013-05-19 19:00:00,,544.739
2013-05-19 20:00:00,,544.721
2013-05-19 21:00:00,,544.73
2013-05-19 22:00:00,,544.721
2013-05-19 23:00:00,,544.714
2013-05-20 00:00:00,,544.722
2013-05-20 01:00:00,,544.73
2013-05-20 02:00:00,,544.723
2013-05-20 03:00:00,,544.725
2013-05-20 04:00:00,,544.738
2013-05-20 05:00:00,,544.728
2013-05-20 06:00:00,,544.73
2013-05-20 07:00:00,,544.729
2013-05-20 08:00:00,,544.724
2013-05-20 09:00:00,,544.727
2013-05-20 10:00:00,,544.724
2013-05-20 11:00:00,,544.724
2013-05-20 12:00:00,,544.729
2013-05-20 13:00:00,,544.745
2013-05-20 14:00:00,,544.754
2013-05-20 15:00:00,,544.75
2013-05-20 16:00:00,,544.757
2013-05-20 17:00:00,,544.754
2013-05-20 18:00:00,,544.738
2013-05-20 19:00:00,,544.729
2013-05-20 20:00:00,,544.723
2013-05-20 21:00:00,,544.722
2013-05-20 22:00:00,,544.723
2013-05-20 23:00:00,,544.724
2013-05-21 00:00:00,,544.726
2013-05-21 01:00:00,,544.736
2013-05-21 02:00:00,,544.735
2013-05-21 03:00:00,,544.733
2013-05-21 04:00:00,,544.733
2013-05-21 05:00:00,,544.735
2013-05-21 06:00:00,,544.726
2013-05-21 07:00:00,,544.729
2013-05-21 08:00:00,,544.727
2013-05-21 09:00:00,,544.722
2013-05-21 10:00:00,,544.725
2013-05-21 11:00:00,,544.745
2013-05-21 12:00:00,,544.742
2013-05-21 13:00:00,,544.754
2013-05-21 14:00:00,,544.766
2013-05-21 15:00:00,,544.759
2013-05-21 16:00:00,,544.754
2013-05-21 17:00:00,,544.756
2013-05-21 18:00:00,,544.744
2013-05-21 19:00:00,,544.736
2013-05-21 20:00:00,,544.722
2013-05-21 21:00:00,,544.712
2013-05-21 22:00:00,,544.718
2013-05-21 23:00:00,,544.716
2013-05-22 00:00:00,,544.718
2013-05-22 01:00:00,,544.722
2013-05-22 02:00:00,,544.734
2013-05-22 03:00:00,,544.725
2013-05-22 04:00:00,,544.726
2013-05-22 05:00:00,,544.725
2013-05-22 06:00:00,,544.723
2013-05-22 07:00:00,,544.721
2013-05-22 08:00:00,,544.712
2013-05-22 09:00:00,,544.707
2013-05-22 10:00:00,,544.714
2013-05-22 11:00:00,,544.716
2013-05-22 12:00:00,,544.723
2013-05-22 13:00:00,,544.73
2013-05-22 14:00:00,,544.738
2013-05-22 15:00:00,,544.732
2013-05-22 16:00:00,,544.725
2013-05-22 17:00:00,,544.724
2013-05-22 18:00:00,,544.729
2013-05-22 19:00:00,,544.713
2013-05-22 20:00:00,,544.705
2013-05-22 21:00:00,,544.699
2013-05-22 22:00:00,,544.703
2013-05-22 23:00:00,,544.698
2013-05-23 00:00:00,,544.709
2013-05-23 01:00:00,,544.715
2013-05-23 02:00:00,,544.716
2013-05-23 03:00:00,,544.712
2013-05-23 04:00:00,,544.707
2013-05-23 05:00:00,,544.708
2013-05-23 06:00:00,,544.719
2013-05-23 07:00:00,,544.704
2013-05-23 08:00:00,,544.697
2013-05-23 09:00:00,,544.697
2013-05-23 10:00:00,,544.701
2013-05-23 11:00:00,,544.693
2013-05-23 12:00:00,,544.706
2013-05-23 13:00:00,,544.712
2013-05-23 14:00:00,,544.722
2013-05-23 15:00:00,,544.734
2013-05-23 16:00:00,,544.735
2013-05-23 17:00:00,,544.729
2013-05-23 18:00:00,,544.714
2013-05-23 19:00:00,,544.717
2013-05-23 20:00:00,,544.709
2013-05-23 21:00:00,,544.703
2013-05-23 22:00:00,,544.698
2013-05-23 23:00:00,,544.693
2013-05-24 00:00:00,,544.703
2013-05-24 01:00:00,,544.701
2013-05-24 02:00:00,,544.701
2013-05-24 03:00:00,,544.701
2013-05-24 04:00:00,,544.709
2013-05-24 05:00:00,,544.71
2013-05-24 06:00:00,,544.717
2013-05-24 07:00:00,,544.713
2013-05-24 08:00:00,,544.696
2013-05-24 09:00:00,,544.691
2013-05-24 10:00:00,,544.697
2013-05-24 11:00:00,,544.697
2013-05-24 12:00:00,,544.699
2013-05-24 13:00:00,,544.715
2013-05-24 14:00:00,,544.728
2013-05-24 15:00:00,,544.728
2013-05-24 16:00:00,,544.73
2013-05-24 17:00:00,,544.734
2013-05-24 18:00:00,,544.724
2013-05-24 19:00:00,,544.709
2013-05-24 20:00:00,,544.717
2013-05-24 21:00:00,,544.706
2013-05-24 22:00:00,,544.708
2013-05-24 23:00:00,,544.696
2013-05-25 00:00:00,,544.702
2013-05-25 01:00:00,,544.71
2013-05-25 02:00:00,,544.712
2013-05-25 03:00:00,,544.709
2013-05-25 04:00:00,,544.723
2013-05-25 05:00:00,,544.712
2013-05-25 06:00:00,,544.722
2013-05-25 07:00:00,,544.709
2013-05-25 08:00:00,,544.701
2013-05-25 09:00:00,,544.702
2013-05-25 10:00:00,,544.703
2013-05-25 11:00:00,,544.692
2013-05-25 12:00:00,,544.702
2013-05-25 13:00:00,,544.714
2013-05-25 14:00:00,,544.72
2013-05-25 15:00:00,,544.73
2013-05-25 16:00:00,,544.74
2013-05-25 17:00:00,,544.733
2013-05-25 18:00:00,,544.724
2013-05-25 19:00:00,,544.724
2013-05-25 20:00:00,,544.717
2013-05-25 21:00:00,,544.718
2013-05-25 22:00:00,,544.709
2013-05-25 23:00:00,,544.704
2013-05-26 00:00:00,,544.707
2013-05-26 01:00:00,,544.718
2013-05-26 02:00:00,,544.714
2013-05-26 03:00:00,,544.716
2013-05-26 04:00:00,,544.727
2013-05-26 05:00:00,,544.728
2013-05-26 06:00:00,,544.723
2013-05-26 07:00:00,,544.716
2013-05-26 08:00:00,,544.709
2013-05-26 09:00:00,,544.712
2013-05-26 10:00:00,,544.708
2013-05-26 11:00:00,,544.705
2013-05-26 12:00:00,,544.724
2013-05-26 13:00:00,,544.732
2013-05-26 14:00:00,,544.73
2013-05-26 15:00:00,,544.746
2013-05-26 16:00:00,,544.74
2013-05-26 17:00:00,,544.747
2013-05-26 18:00:00,,544.736
2013-05-26 19:00:00,,544.737
2013-05-26 20:00:00,,544.718
2013-05-26 21:00:00,,544.715
2013-05-26 22:00:00,,544.721
2013-05-26 23:00:00,,544.72
2013-05-27 00:00:00,,544.718
2013-05-27 01:00:00,,544.709
2013-05-27 02:00:00,,544.713
2013-05-27 03:00:00,,544.722
2013-05-27 04:00:00,,544.721
2013-05-27 05:00:00,,544.72
2013-05-27 06:00:00,,544.722
2013-05-27 07:00:00,,544.725
2013-05-27 08:00:00,,544.72
2013-05-27 09:00:00,,544.71
2013-05-27 10:00:00,,544.71
2013-05-27 11:00:00,,544.723
2013-05-27 12:00:00,,544.726
2013-05-27 13:00:00,,544.725
2013-05-27 14:00:00,,544.742
2013-05-27 15:00:00,,544.743
2013-05-27 16:00:00,,544.752
2013-05-27 17:00:00,,544.752
2013-05-27 18:00:00,,544.737
2013-05-27 19:00:00,,544.731
2013-05-27 20:00:00,,544.725
2013-05-27 21:00:00,,544.733
2013-05-27 22:00:00,,544.721
2013-05-27 23:00:00,,544.724
2013-05-28 00:00:00,,544.729
2013-05-28 01:00:00,,544.723
2013-05-28 02:00:00,,544.726
2013-05-28 03:00:00,,544.724
2013-05-28 04:00:00,,544.727
2013-05-28 05:00:00,,544.725
2013-05-28 06:00:00,,544.738
2013-05-28 07:00:00,,544.724
2013-05-28 08:00:00,,544.724
2013-05-28 09:00:00,,544.717
2013-05-28 10:00:00,,544.726
2013-05-28 11:00:00,,544.72
2013-05-28 12:00:00,,544.732
2013-05-28 13:00:00,,544.739
2013-05-28 14:00:00,,544.747
2013-05-28 15:00:00,,544.749
2013-05-28 16:00:00,,544.75
2013-05-28 17:00:00,,544.737
2013-05-28 18:00:00,,544.744
2013-05-28 19:00:00,,544.729
2013-05-28 20:00:00,,544.728
2013-05-28 21:00:00,,544.734
2013-05-28 22:00:00,,544.725
2013-05-28 23:00:00,,544.723
2013-05-29 00:00:00,,544.729
2013-05-29 01:00:00,,544.722
2013-05-29 02:00:00,,544.722
2013-05-29 03:00:00,,544.731
2013-05-29 04:00:00,,544.726
2013-05-29 05:00:00,,544.722
2013-05-29 06:00:00,,544.723
2013-05-29 07:00:00,,544.734
2013-05-29 08:00:00,,544.718
2013-05-29 09:00:00,,544.725
2013-05-29 10:00:00,,544.724
2013-05-29 11:00:00,,544.715
2013-05-29 12:00:00,,544.73
2013-05-29 13:00:00,,544.733
2013-05-29 14:00:00,,544.737
2013-05-29 15:00:00,,544.753
2013-05-29 16:00:00,,544.755
2013-05-29 17:00:00,,544.75
2013-05-29 18:00:00,,544.753
2013-05-29 19:00:00,,544.74
2013-05-29 20:00:00,,544.726
2013-05-29 21:00:00,,544.729
2013-05-29 22:00:00,,544.722
2013-05-29 23:00:00,,544.726
2013-05-30 00:00:00,,544.725
2013-05-30 01:00:00,,544.731
2013-05-30 02:00:00,,544.732
2013-05-30 03:00:00,,544.738
2013-05-30 04:00:00,,544.732
2013-05-30 05:00:00,,544.738
2013-05-30 06:00:00,,544.733
2013-05-30 07:00:00,,544.725
2013-05-30 08:00:00,,544.723
2013-05-30 09:00:00,,544.715
2013-05-30 10:00:00,,544.716
2013-05-30 11:00:00,,544.727
2013-05-30 12:00:00,,544.733
2013-05-30 13:00:00,,544.731
2013-05-30 14:00:00,,544.734
2013-05-30 15:00:00,,544.743
2013-05-30 16:00:00,,544.752
2013-05-30 17:00:00,,544.739
2013-05-30 18:00:00,,544.749
2013-05-30 19:00:00,,544.731
2013-05-30 20:00:00,,544.731
2013-05-30 21:00:00,,544.721
2013-05-30 22:00:00,,544.72
2013-05-30 23:00:00,,544.736
2013-05-31 00:00:00,,544.728
2013-05-31 01:00:00,,544.731
2013-05-31 02:00:00,,544.73
2013-05-31 03:00:00,,544.736
2013-05-31 04:00:00,,544.728
2013-05-31 05:00:00,,544.723
2013-05-31 06:00:00,,544.726
2013-05-31 07:00:00,,544.719
2013-05-31 08:00:00,,544.722
2013-05-31 09:00:00,,544.721
2013-05-31 10:00:00,,544.714
2013-05-31 11:00:00,,544.717
2013-05-31 12:00:00,,544.728
2013-05-31 13:00:00,,544.733
2013-05-31 14:00:00,,544.752
2013-05-31 15:00:00,,544.756
2013-05-31 16:00:00,,544.75
2013-05-31 17:00:00,,544.757
2013-05-31 18:00:00,,544.74
2013-05-31 19:00:00,,544.739
2013-05-31 20:00:00,,544.739
2013-05-31 21:00:00,,544.736
2013-05-31 22:00:00,,544.726
2013-05-31 23:00:00,,544.726
2013-06-01 00:00:00,,544.728
2013-06-01 01:00:00,,544.732
2013-06-01 02:00:00,,544.728
2013-06-01 03:00:00,,544.733
2013-06-01 04:00:00,,544.735
2013-06-01 05:00:00,,544.73
2013-06-01 06:00:00,,544.732
2013-06-01 07:00:00,,544.734
2013-06-01 08:00:00,,544.732
2013-06-01 09:00:00,,544.729
2013-06-01 10:00:00,,544.717
2013-06-01 11:00:00,,544.718
2013-06-01 12:00:00,,544.726
2013-06-01 13:00:00,,544.734
2013-06-01 14:00:00,,544.749
2013-06-01 15:00:00,,544.752
2013-06-01 16:00:00,,544.744
2013-06-01 17:00:00,,544.748
2013-06-01 18:00:00,,544.737
2013-06-01 19:00:00,,544.729
2013-06-01 20:00:00,,544.727
2013-06-01 21:00:00,,544.723
2013-06-01 22:00:00,,544.71
2013-06-01 23:00:00,,544.714
2013-06-02 00:00:00,,544.722
2013-06-02 01:00:00,,544.719
2013-06-02 02:00:00,,544.721
2013-06-02 03:00:00,,544.726
2013-06-02 04:00:00,,544.713
2013-06-02 05:00:00,,544.719
2013-06-02 06:00:00,,544.723
2013-06-02 07:00:00,,544.712
2013-06-02 08:00:00,,544.717
2013-06-02 09:00:00,,544.713
2013-06-02 10:00:00,,544.716
2013-06-02 11:00:00,,544.711
2013-06-02 12:00:00,,544.72
2013-06-02 13:00:00,,544.728
2013-06-02 14:00:00,,544.735
2013-06-02 15:00:00,,544.746
2013-06-02 16:00:00,,544.741
2013-06-02 17:00:00,,544.737
2013-06-02 18:00:00,,544.726
2013-06-02 19:00:00,,544.717
2013-06-02 20:00:00,,544.725
2013-06-02 21:00:00,,544.711
2013-06-02 22:00:00,,544.713
2013-06-02 23:00:00,,544.722
2013-06-03 00:00:00,,544.716
2013-06-03 01:00:00,,544.718
2013-06-03 02:00:00,,544.732
2013-06-03 03:00:00,,544.725
2013-06-03 04:00:00,,544.725
2013-06-03 05:00:00,,544.717
2013-06-03 06:00:00,,544.716
2013-06-03 07:00:00,,544.717
2013-06-03 08:00:00,,544.719
2013-06-03 09:00:00,,544.717
2013-06-03 10:00:00,,544.705
2013-06-03 11:00:00,,544.721
2013-06-03 12:00:00,,544.73
2013-06-03 13:00:00,,544.727
2013-06-03 14:00:00,,544.747
2013-06-03 15:00:00,,544.745
2013-06-03 16:00:00,,544.753
2013-06-03 17:00:00,,544.747
2013-06-03 18:00:00,,544.736
2013-06-03 19:00:00,,544.736
2013-06-03 20:00:00,,544.717
2013-06-03 21:00:00,,544.718
2013-06-03 22:00:00,,544.71
2013-06-03 23:00:00,,544.715
2013-06-04 00:00:00,,544.719
2013-06-04 01:00:00,,544.723
2013-06-04 02:00:00,,544.727
2013-06-04 03:00:00,,544.735
2013-06-04 04:00:00,,544.738
2013-06-04 05:00:00,,544.736
2013-06-04 06:00:00,,544.74
2013-06-04 07:00:00,,544.735
2013-06-04 08:00:00,,544.718
2013-06-04 09:00:00,,544.727
2013-06-04 10:00:00,,544.718
2013-06-04 11:00:00,,544.734
2013-06-04 12:00:00,,544.737
2013-06-04 13:00:00,,544.746
2013-06-04 14:00:00,,544.749
2013-06-04 15:00:00,,544.763
2013-06-04 16:00:00,,544.757
2013-06-04 17:00:00,,544.745
2013-06-04 18:00:00,,544.744
2013-06-04 19:00:00,,544.739
2013-06-04 20:00:00,,544.732
2013-06-04 21:00:00,,544.728
2013-06-04 22:00:00,,544.728
2013-06-04 23:00:00,,544.721
2013-06-05 00:00:00,,544.731
2013-06-05 01:00:00,,544.742
2013-06-05 02:00:00,,544.744
2013-06-05 03:00:00,,544.738
2013-06-05 04:00:00,,544.738
2013-06-05 05:00:00,,544.749
2013-06-05 06:00:00,,544.742
2013-06-05 07:00:00,,544.729
2013-06-05 08:00:00,,544.728
2013-06-05 09:00:00,,544.725
2013-06-05 10:00:00,,544.727
2013-06-05 11:00:00,,544.731
2013-06-05 12:00:00,,544.737
2013-06-05 13:00:00,,544.747
2013-06-05 14:00:00,,544.761
2013-06-05 15:00:00,,544.757
2013-06-05 16:00:00,,544.748
2013-06-05 17:00:00,,544.749
2013-06-05 18:00:00,,544.744
2013-06-05 19:00:00,,544.736
2013-06-05 20:00:00,,544.736
2013-06-05 21:00:00,,544.725
2013-06-05 22:00:00,,544.718
2013-06-05 23:00:00,,544.721
2013-06-06 00:00:00,,544.721
2013-06-06 01:00:00,,544.728
2013-06-06 02:00:00,,544.733
2013-06-06 03:00:00,,544.738
2013-06-06 04:00:00,,544.742
2013-06-06 05:00:00,,544.734
2013-06-06 06:00:00,,544.732
2013-06-06 07:00:00,,544.731
2013-06-06 08:00:00,,544.73
2013-06-06 09:00:00,,544.718
2013-06-06 10:00:00,,544.711
2013-06-06 11:00:00,,544.72
2013-06-06 12:00:00,,544.72
2013-06-06 13:00:00,,544.732
2013-06-06 14:00:00,,544.736
2013-06-06 15:00:00,,544.745
2013-06-06 16:00:00,,544.75
2013-06-06 17:00:00,,544.74
2013-06-06 18:00:00,,544.734
2013-06-06 19:00:00,,544.72
2013-06-06 20:00:00,,544.71
2013-06-06 21:00:00,,544.711
2013-06-06 22:00:00,,544.704
2013-06-06 23:00:00,,544.71
2013-06-07 00:00:00,,544.714
2013-06-07 01:00:00,,544.719
2013-06-07 02:00:00,,544.728
2013-06-07 03:00:00,,544.717
2013-06-07 04:00:00,,544.733
2013-06-07 05:00:00,,544.726
2013-06-07 06:00:00,,544.719
2013-06-07 07:00:00,,544.714
2013-06-07 08:00:00,,544.72
2013-06-07 09:00:00,,544.708
2013-06-07 10:00:00,,544.702
2013-06-07 11:00:00,,544.716
2013-06-07 12:00:00,,544.708
2013-06-07 13:00:00,,544.719
2013-06-07 14:00:00,,544.737
2013-06-07 15:00:00,,544.743
2013-06-07 16:00:00,,544.728
2013-06-07 17:00:00,,544.731
2013-06-07 18:00:00,,544.739
2013-06-07 19:00:00,,544.734
2013-06-07 20:00:00,,544.717
2013-06-07 21:00:00,,544.717
2013-06-07 22:00:00,,544.71
2013-06-07 23:00:00,,544.706
2013-06-08 00:00:00,,544.721
2013-06-08 01:00:00,,544.725
2013-06-08 02:00:00,,544.727
2013-06-08 03:00:00,,544.722
2013-06-08 04:00:00,,544.731
2013-06-08 05:00:00,,544.722
2013-06-08 06:00:00,,544.725
2013-06-08 07:00:00,,544.728
2013-06-08 08:00:00,,544.725
2013-06-08 09:00:00,,544.714
2013-06-08 10:00:00,,544.718
2013-06-08 11:00:00,,544.721
2013-06-08 12:00:00,,544.724
2013-06-08 13:00:00,,544.733
2013-06-08 14:00:00,,544.74
2013-06-08 15:00:00,,544.747
2013-06-08 16:00:00,,544.755
2013-06-08 17:00:00,,544.754
2013-06-08 18:00:00,,544.753
2013-06-08 19:00:00,,544.735
2013-06-08 20:00:00,,544.733
2013-06-08 21:00:00,,544.73
2013-06-08 22:00:00,,544.736
2013-06-08 23:00:00,,544.718
2013-06-09 00:00:00,,544.733
2013-06-09 01:00:00,,544.738
2013-06-09 02:00:00,,544.734
2013-06-09 03:00:00,,544.735
2013-06-09 04:00:00,,544.745
2013-06-09 05:00:00,,544.748
2013-06-09 06:00:00,,544.738
2013-06-09 07:00:00,,544.74
2013-06-09 08:00:00,,544.732
2013-06-09 09:00:00,,544.733
2013-06-09 10:00:00,,544.729
2013-06-09 11:00:00,,544.74
2013-06-09 12:00:00,,544.746
2013-06-09 13:00:00,,544.756
2013-06-09 14:00:00,,544.764
2013-06-09 15:00:00,,544.767
2013-06-09 16:00:00,,544.769
2013-06-09 17:00:00,,544.76
2013-06-09 18:00:00,,544.759
2013-06-09 19:00:00,,544.749
2013-06-09 20:00:00,,544.747
2013-06-09 21:00:00,,544.74
2013-06-09 22:00:00,,544.726
2013-06-09 23:00:00,,544.738
2013-06-10 00:00:00,,544.725
2013-06-10 01:00:00,,544.741
2013-06-10 02:00:00,,544.736
2013-06-10 03:00:00,,544.734
2013-06-10 04:00:00,,544.736
2013-06-10 05:00:00,,544.736
2013-06-10 06:00:00,,544.738
2013-06-10 07:00:00,,544.737
2013-06-10 08:00:00,,544.741
2013-06-10 09:00:00,,544.726
2013-06-10 10:00:00,,544.732
2013-06-10 11:00:00,,544.736
2013-06-10 12:00:00,,544.729
2013-06-10 13:00:00,,544.742
2013-06-10 14:00:00,,544.748
2013-06-10 15:00:00,,544.754
2013-06-10 16:00:00,,544.762
2013-06-10 17:00:00,,544.752
2013-06-10 18:00:00,,544.76
2013-06-10 19:00:00,,544.752
2013-06-10 20:00:00,,544.739
2013-06-10 21:00:00,,544.734
2013-06-10 22:00:00,,544.737
2013-06-10 23:00:00,,544.726
2013-06-11 00:00:00,,544.732
2013-06-11 01:00:00,,544.74
2013-06-11 02:00:00,,544.737
2013-06-11 03:00:00,,544.732
2013-06-11 04:00:00,,544.735
2013-06-11 05:00:00,,544.74
2013-06-11 06:00:00,,544.736
2013-06-11 07:00:00,,544.744
2013-06-11 08:00:00,,544.736
2013-06-11 09:00:00,,544.739
2013-06-11 10:00:00,,544.724
2013-06-11 11:00:00,,544.738
2013-06-11 12:00:00,,544.731
2013-06-11 13:00:00,,544.748
2013-06-11 14:00:00,,544.746
2013-06-11 15:00:00,,544.752
2013-06-11 16:00:00,,544.765
2013-06-11 17:00:00,,544.757
2013-06-11 18:00:00,,544.758
2013-06-11 19:00:00,,544.741
2013-06-11 20:00:00,,544.737
2013-06-11 21:00:00,,544.734
2013-06-11 22:00:00,,544.738
2013-06-11 23:00:00,,544.736
2013-06-12 00:00:00,,544.729
2013-06-12 01:00:00,,544.738
2013-06-12 02:00:00,,544.727
2013-06-12 03:00:00,,544.739
2013-06-12 04:00:00,,544.733
2013-06-12 05:00:00,,544.736
2013-06-12 06:00:00,,544.729
2013-06-12 07:00:00,,544.726
2013-06-12 08:00:00,,544.73
2013-06-12 09:00:00,,544.722
2013-06-12 10:00:00,,544.729
2013-06-12 11:00:00,,544.733
2013-06-12 12:00:00,,544.73
2013-06-12 13:00:00,,544.743
2013-06-12 14:00:00,,544.757
2013-06-12 15:00:00,,544.749
2013-06-12 16:00:00,,544.755
2013-06-12 17:00:00,,544.752
2013-06-12 18:00:00,,544.749
2013-06-12 19:00:00,,544.739
2013-06-12 20:00:00,,544.745
2013-06-12 21:00:00,,544.731
2013-06-12 22:00:00,,544.741
2013-06-12 23:00:00,,544.73
2013-06-13 00:00:00,,544.741
2013-06-13 01:00:00,,544.724
2013-06-13 02:00:00,,544.725
2013-06-13 03:00:00,,544.728
2013-06-13 04:00:00,,544.737
2013-06-13 05:00:00,,544.749
2013-06-13 06:00:00,,544.737
2013-06-13 07:00:00,,544.733
2013-06-13 08:00:00,,544.739
2013-06-13 09:00:00,,544.727
2013-06-13 10:00:00,,544.727
2013-06-13 11:00:00,,544.731
2013-06-13 12:00:00,,544.737
2013-06-13 13:00:00,,544.744
2013-06-13 14:00:00,,544.748
2013-06-13 15:00:00,,544.757
2013-06-13 16:00:00,,544.756
2013-06-13 17:00:00,,544.747
2013-06-13 18:00:00,,544.755
2013-06-13 19:00:00,,544.746
2013-06-13 20:00:00,,544.746
2013-06-13 21:00:00,,544.741
2013-06-13 22:00:00,,544.725
2013-06-13 23:00:00,,544.736
2013-06-14 00:00:00,,544.73
2013-06-14 01:00:00,,544.738
2013-06-14 02:00:00,,544.731
2013-06-14 03:00:00,,544.724
2013-06-14 04:00:00,,544.729
2013-06-14 05:00:00,,544.721
2013-06-14 06:00:00,,544.733
2013-06-14 07:00:00,,544.718
2013-06-14 08:00:00,,544.728
2013-06-14 09:00:00,,544.716
2013-06-14 10:00:00,,544.727
2013-06-14 11:00:00,,544.721
2013-06-14 12:00:00,,544.726
2013-06-14 13:00:00,,544.737
2013-06-14 14:00:00,,544.738
2013-06-14 15:00:00,,544.74
2013-06-14 16:00:00,,544.75
2013-06-14 17:00:00,,544.748
2013-06-14 18:00:00,,544.745
2013-06-14 19:00:00,,544.74
2013-06-14 20:00:00,,544.734
2013-06-14 21:00:00,,544.729
2013-06-14 22:00:00,,544.727
2013-06-14 23:00:00,,544.728
2013-06-15 00:00:00,,544.726
2013-06-15 01:00:00,,544.733
2013-06-15 02:00:00,,544.731
2013-06-15 03:00:00,,544.728
2013-06-15 04:00:00,,544.733
2013-06-15 05:00:00,,544.728
2013-06-15 06:00:00,,544.725
2013-06-15 07:00:00,,544.726
2013-06-15 08:00:00,,544.735
2013-06-15 09:00:00,,544.722
2013-06-15 10:00:00,,544.731
2013-06-15 11:00:00,,544.72
2013-06-15 12:00:00,,544.74
2013-06-15 13:00:00,,544.749
2013-06-15 14:00:00,,544.745
2013-06-15 15:00:00,,544.752
2013-06-15 16:00:00,,544.758
2013-06-15 17:00:00,,544.755
2013-06-15 18:00:00,,544.754
2013-06-15 19:00:00,,544.748
2013-06-15 20:00:00,,544.74
2013-06-15 21:00:00,,544.741
2013-06-15 22:00:00,,544.726
2013-06-15 23:00:00,,544.733
2013-06-16 00:00:00,,544.745
2013-06-16 01:00:00,,544.741
2013-06-16 02:00:00,,544.747
2013-06-16 03:00:00,,544.75
2013-06-16 04:00:00,,544.738
2013-06-16 05:00:00,,544.738
2013-06-16 06:00:00,,544.744
2013-06-16 07:00:00,,544.737
2013-06-16 08:00:00,,544.739
2013-06-16 09:00:00,,544.727
2013-06-16 10:00:00,,544.725
2013-06-16 11:00:00,,544.727
2013-06-16 12:00:00,,544.739
2013-06-16 13:00:00,,544.751
2013-06-16 14:00:00,,544.751
2013-06-16 15:00:00,,544.76
2013-06-16 16:00:00,,544.764
2013-06-16 17:00:00,,544.763
2013-06-16 18:00:00,,544.75
2013-06-16 19:00:00,,544.75
2013-06-16 20:00:00,,544.739
2013-06-16 21:00:00,,544.748
2013-06-16 22:00:00,,544.736
2013-06-16 23:00:00,,544.747
2013-06-17 00:00:00,,544.736
2013-06-17 01:00:00,,544.751
2013-06-17 02:00:00,,544.741
2013-06-17 03:00:00,,544.741
2013-06-17 04:00:00,,544.747
2013-06-17 05:00:00,,544.748
2013-06-17 06:00:00,,544.739
2013-06-17 07:00:00,,544.749
2013-06-17 08:00:00,,544.74
2013-06-17 09:00:00,,544.737
2013-06-17 10:00:00,,544.739
2013-06-17 11:00:00,,544.731
2013-06-17 12:00:00,,544.745
2013-06-17 13:00:00,,544.746
2013-06-17 14:00:00,,544.764
2013-06-17 15:00:00,,544.755
2013-06-17 16:00:00,,544.759
2013-06-17 17:00:00,,544.752
2013-06-17 18:00:00,,544.754
2013-06-17 19:00:00,,544.742
2013-06-17 20:00:00,,544.738
2013-06-17 21:00:00,,544.732
2013-06-17 22:00:00,,544.737
2013-06-17 23:00:00,,544.729
2013-06-18 00:00:00,,544.726
2013-06-18 01:00:00,,544.728
2013-06-18 02:00:00,,544.735
2013-06-18 03:00:00,,544.735
2013-06-18 04:00:00,,544.735
2013-06-18 05:00:00,,544.73
2013-06-18 06:00:00,,544.729
2013-06-18 07:00:00,,544.73
2013-06-18 08:00:00,,544.731
2013-06-18 09:00:00,,544.726
2013-06-18 10:00:00,,544.727
2013-06-18 11:00:00,,544.729
2013-06-18 12:00:00,,544.735
2013-06-18 13:00:00,,544.737
2013-06-18 14:00:00,,544.745
2013-06-18 15:00:00,,544.744
2013-06-18 16:00:00,,544.758
2013-06-18 17:00:00,,544.749
2013-06-18 18:00:00,,544.742
2013-06-18 19:00:00,,544.739
2013-06-18 20:00:00,,544.733
2013-06-18 21:00:00,,544.738
2013-06-18 22:00:00,,544.733
2013-06-18 23:00:00,,544.73
2013-06-19 00:00:00,,544.736
2013-06-19 01:00:00,,544.73
2013-06-19 02:00:00,,544.738
2013-06-19 03:00:00,,544.737
2013-06-19 04:00:00,,544.728
2013-06-19 05:00:00,,544.741
2013-06-19 06:00:00,,544.728
2013-06-19 07:00:00,,544.73
2013-06-19 08:00:00,,544.733
2013-06-19 09:00:00,,544.721
2013-06-19 10:00:00,,544.721
2013-06-19 11:00:00,,544.718
2013-06-19 12:00:00,,544.728
2013-06-19 13:00:00,,544.744
2013-06-19 14:00:00,,544.743
2013-06-19 15:00:00,,544.747
2013-06-19 16:00:00,,544.752
2013-06-19 17:00:00,,544.737
2013-06-19 18:00:00,,544.732
2013-06-19 19:00:00,,544.727
2013-06-19 20:00:00,,544.727
2013-06-19 21:00:00,,544.727
2013-06-19 22:00:00,,544.732
2013-06-19 23:00:00,,544.726
2013-06-20 00:00:00,,544.729
2013-06-20 01:00:00,,544.74
2013-06-20 02:00:00,,544.733
2013-06-20 03:00:00,,544.74
2013-06-20 04:00:00,,544.74
2013-06-20 05:00:00,,544.736
2013-06-20 06:00:00,,544.74
2013-06-20 07:00:00,,544.731
2013-06-20 08:00:00,,544.722
2013-06-20 09:00:00,,544.732
2013-06-20 10:00:00,,544.724
2013-06-20 11:00:00,,544.726
2013-06-20 12:00:00,,544.735
2013-06-20 13:00:00,,544.737
2013-06-20 14:00:00,,544.74
2013-06-20 15:00:00,,544.744
2013-06-20 16:00:00,,544.75
2013-06-20 17:00:00,,544.753
2013-06-20 18:00:00,,544.751
2013-06-20 19:00:00,,544.729
2013-06-20 20:00:00,,544.73
2013-06-20 21:00:00,,544.719
2013-06-20 22:00:00,,544.716
2013-06-20 23:00:00,,544.726
2013-06-21 00:00:00,,544.731
2013-06-21 01:00:00,,544.729
2013-06-21 02:00:00,,544.739
2013-06-21 03:00:00,,544.737
2013-06-21 04:00:00,,544.736
2013-06-21 05:00:00,,544.749
2013-06-21 06:00:00,,544.744
2013-06-21 07:00:00,,544.734
2013-06-21 08:00:00,,544.722
2013-06-21 09:00:00,,544.718
2013-06-21 10:00:00,,544.721
2013-06-21 11:00:00,,544.728
2013-06-21 12:00:00,,544.728
2013-06-21 13:00:00,,544.737
2013-06-21 14:00:00,,544.742
2013-06-21 15:00:00,,544.753
2013-06-21 16:00:00,,544.759
2013-06-21 17:00:00,,544.753
2013-06-21 18:00:00,,544.743
2013-06-21 19:00:00,,544.747
2013-06-21 20:00:00,,544.741
2013-06-21 21:00:00,,544.723
2013-06-21 22:00:00,,544.724
2013-06-21 23:00:00,,544.723
2013-06-22 00:00:00,,544.733
2013-06-22 01:00:00,,544.737
2013-06-22 02:00:00,,544.742
2013-06-22 03:00:00,,544.74
2013-06-22 04:00:00,,544.747
2013-06-22 05:00:00,,544.748
2013-06-22 06:00:00,,544.746
2013-06-22 07:00:00,,544.74
2013-06-22 08:00:00,,544.725
2013-06-22 09:00:00,,544.726
2013-06-22 10:00:00,,544.722
2013-06-22 11:00:00,,544.717
2013-06-22 12:00:00,,544.723
2013-06-22 13:00:00,,544.731
2013-06-22 14:00:00,,544.75
2013-06-22 15:00:00,,544.751
2013-06-22 16:00:00,,544.748
2013-06-22 17:00:00,,544.747
2013-06-22 18:00:00,,544.747
2013-06-22 19:00:00,,544.74
2013-06-22 20:00:00,,544.734
2013-06-22 21:00:00,,544.732
2013-06-22 22:00:00,,544.724
2013-06-22 23:00:00,,544.727
2013-06-23 00:00:00,,544.725
2013-06-23 01:00:00,,544.728
2013-06-23 02:00:00,,544.73
2013-06-23 03:00:00,,544.74
2013-06-23 04:00:00,,544.734
2013-06-23 05:00:00,,544.728
2013-06-23 06:00:00,,544.741
2013-06-23 07:00:00,,544.731
2013-06-23 08:00:00,,544.726
2013-06-23 09:00:00,,544.73
2013-06-23 10:00:00,,544.716
2013-06-23 11:00:00,,544.724
2013-06-23 12:00:00,,544.731
2013-06-23 13:00:00,,544.748
2013-06-23 14:00:00,,544.749
2013-06-23 15:00:00,,544.757
2013-06-23 16:00:00,,544.76
2013-06-23 17:00:00,,544.759
2013-06-23 18:00:00,,544.75
2013-06-23 19:00:00,,544.743
2013-06-23 20:00:00,,544.741
2013-06-23 21:00:00,,544.732
2013-06-23 22:00:00,,544.731
2013-06-23 23:00:00,,544.738
2013-06-24 00:00:00,,544.725
2013-06-24 01:00:00,,544.73
2013-06-24 02:00:00,,544.736
2013-06-24 03:00:00,,544.737
2013-06-24 04:00:00,,544.739
2013-06-24 05:00:00,,544.749
2013-06-24 06:00:00,,544.737
2013-06-24 07:00:00,,544.735
2013-06-24 08:00:00,,544.739
2013-06-24 09:00:00,,544.731
2013-06-24 10:00:00,,544.733
2013-06-24 11:00:00,,544.721
2013-06-24 12:00:00,,544.735
2013-06-24 13:00:00,,544.742
2013-06-24 14:00:00,,544.748
2013-06-24 15:00:00,,544.763
2013-06-24 16:00:00,,544.766
2013-06-24 17:00:00,,544.753
2013-06-24 18:00:00,,544.752
2013-06-24 19:00:00,,544.751
2013-06-24 20:00:00,,544.739
2013-06-24 21:00:00,,544.739
2013-06-24 22:00:00,,544.736
2013-06-24 23:00:00,,544.725
2013-06-25 00:00:00,,544.729
2013-06-25 01:00:00,,544.726
2013-06-25 02:00:00,,544.737
2013-06-25 03:00:00,,544.733
2013-06-25 04:00:00,,544.74
2013-06-25 05:00:00,,544.746
2013-06-25 06:00:00,,544.746
2013-06-25 07:00:00,,544.745
2013-06-25 08:00:00,,544.743
2013-06-25 09:00:00,,544.733
2013-06-25 10:00:00,,544.743
2013-06-25 11:00:00,,544.738
2013-06-25 12:00:00,,544.739
2013-06-25 13:00:00,,544.761
2013-06-25 14:00:00,,544.763
2013-06-25 15:00:00,,544.764
2013-06-25 16:00:00,,544.758
2013-06-25 17:00:00,,544.755
2013-06-25 18:00:00,,544.754
2013-06-25 19:00:00,,544.746
2013-06-25 20:00:00,,544.743
2013-06-25 21:00:00,,544.746
2013-06-25 22:00:00,,544.743
2013-06-25 23:00:00,,544.738
2013-06-26 00:00:00,,544.747
2013-06-26 01:00:00,,544.741
2013-06-26 02:00:00,,544.747
2013-06-26 03:00:00,,544.763
2013-06-26 04:00:00,,544.756
2013-06-26 05:00:00,,544.759
2013-06-26 06:00:00,,544.754
2013-06-26 07:00:00,,544.762
2013-06-26 08:00:00,,544.744
2013-06-26 09:00:00,,544.74
2013-06-26 10:00:00,,544.738
2013-06-26 11:00:00,,544.752
2013-06-26 12:00:00,,544.759
2013-06-26 13:00:00,,544.756
2013-06-26 14:00:00,,544.767
2013-06-26 15:00:00,,544.759
2013-06-26 16:00:00,,544.761
2013-06-26 17:00:00,,544.751
2013-06-26 18:00:00,,544.746
2013-06-26 19:00:00,,544.743
2013-06-26 20:00:00,,544.733
2013-06-26 21:00:00,,544.747
2013-06-26 22:00:00,,544.739
2013-06-26 23:00:00,,544.741
2013-06-27 00:00:00,,544.741
2013-06-27 01:00:00,,544.744
2013-06-27 02:00:00,,544.753
2013-06-27 03:00:00,,544.754
2013-06-27 04:00:00,,544.753
2013-06-27 05:00:00,,544.755
2013-06-27 06:00:00,,544.759
2013-06-27 07:00:00,,544.755
2013-06-27 08:00:00,,544.742
2013-06-27 09:00:00,,544.749
2013-06-27 10:00:00,,544.747
2013-06-27 11:00:00,,544.735
2013-06-27 12:00:00,,544.738
2013-06-27 13:00:00,,544.756
2013-06-27 14:00:00,,544.75
2013-06-27 15:00:00,,544.758
2013-06-27 16:00:00,,544.767
2013-06-27 17:00:00,,544.76
2013-06-27 18:00:00,,544.75
2013-06-27 19:00:00,,544.756
2013-06-27 20:00:00,,544.75
2013-06-27 21:00:00,,544.746
2013-06-27 22:00:00,,544.741
2013-06-27 23:00:00,,544.741
2013-06-28 00:00:00,,544.74
2013-06-28 01:00:00,,544.733
2013-06-28 02:00:00,,544.734
2013-06-28 03:00:00,,544.737
2013-06-28 04:00:00,,544.731
2013-06-28 05:00:00,,544.737
2013-06-28 06:00:00,,544.736
2013-06-28 07:00:00,,544.734
2013-06-28 08:00:00,,544.728
2013-06-28 09:00:00,,544.739
2013-06-28 10:00:00,,544.72
2013-06-28 11:00:00,,544.724
2013-06-28 12:00:00,,544.728
2013-06-28 13:00:00,,544.736
2013-06-28 14:00:00,,544.739
2013-06-28 15:00:00,,544.742
2013-06-28 16:00:00,,544.742
2013-06-28 17:00:00,,544.748
2013-06-28 18:00:00,,544.745
2013-06-28 19:00:00,,544.731
2013-06-28 20:00:00,,544.726
2013-06-28 21:00:00,,544.727
2013-06-28 22:00:00,,544.73
2013-06-28 23:00:00,,544.725
2013-06-29 00:00:00,,544.727
2013-06-29 01:00:00,,544.731
2013-06-29 02:00:00,,544.726
2013-06-29 03:00:00,,544.728
2013-06-29 04:00:00,,544.735
2013-06-29 05:00:00,,544.735
2013-06-29 06:00:00,,544.72
2013-06-29 07:00:00,,544.721
2013-06-29 08:00:00,,544.717
2013-06-29 09:00:00,,544.721
2013-06-29 10:00:00,,544.72
2013-06-29 11:00:00,,544.709
2013-06-29 12:00:00,,544.718
2013-06-29 13:00:00,,544.731
2013-06-29 14:00:00,,544.743
2013-06-29 15:00:00,,544.737
2013-06-29 16:00:00,,544.735
2013-06-29 17:00:00,,544.738
2013-06-29 18:00:00,,544.723
2013-06-29 19:00:00,,544.727
2013-06-29 20:00:00,,544.723
2013-06-29 21:00:00,,544.721
2013-06-29 22:00:00,,544.719
2013-06-29 23:00:00,,544.718
2013-06-30 00:00:00,,544.732
2013-06-30 01:00:00,,544.727
2013-06-30 02:00:00,,544.727
2013-06-30 03:00:00,,544.733
2013-06-30 04:00:00,,544.727
2013-06-30 05:00:00,,544.73
2013-06-30 06:00:00,,544.732
2013-06-30 07:00:00,,544.716
2013-06-30 08:00:00,,544.724
2013-06-30 09:00:00,,544.711
2013-06-30 10:00:00,,544.719
2013-06-30 11:00:00,,544.718
2013-06-30 12:00:00,,544.73
2013-06-30 13:00:00,,544.734
2013-06-30 14:00:00,,544.748
2013-06-30 15:00:00,,544.742
2013-06-30 16:00:00,,544.749
2013-06-30 17:00:00,,544.742
2013-06-30 18:00:00,,544.744
2013-06-30 19:00:00,,544.739
2013-06-30 20:00:00,,544.727
2013-06-30 21:00:00,,544.728
2013-06-30 22:00:00,,544.725
2013-06-30 23:00:00,,544.726
2013-07-01 00:00:00,,544.724
2013-07-01 01:00:00,,544.731
2013-07-01 02:00:00,,544.733
2013-07-01 03:00:00,,544.732
2013-07-01 04:00:00,,544.737
2013-07-01 05:00:00,,544.737
2013-07-01 06:00:00,,544.745
2013-07-01 07:00:00,,544.736
2013-07-01 08:00:00,,544.729
2013-07-01 09:00:00,,544.732
2013-07-01 10:00:00,,544.726
2013-07-01 11:00:00,,544.733
2013-07-01 12:00:00,,544.74
2013-07-01 13:00:00,,544.756
2013-07-01 14:00:00,,544.752
2013-07-01 15:00:00,,544.753
2013-07-01 16:00:00,,544.767
2013-07-01 17:00:00,,544.758
2013-07-01 18:00:00,,544.749
2013-07-01 19:00:00,,544.748
2013-07-01 20:00:00,,544.741
2013-07-01 21:00:00,,544.737
2013-07-01 22:00:00,,544.731
2013-07-01 23:00:00,,544.737
2013-07-02 00:00:00,,544.746
2013-07-02 01:00:00,,544.741
2013-07-02 02:00:00,,544.738
2013-07-02 03:00:00,,544.738
2013-07-02 04:00:00,,544.75
2013-07-02 05:00:00,,544.741
2013-07-02 06:00:00,,544.737
2013-07-02 07:00:00,,544.739
2013-07-02 08:00:00,,544.729
2013-07-02 09:00:00,,544.726
2013-07-02 10:00:00,,544.736
2013-07-02 11:00:00,,544.734
2013-07-02 12:00:00,,544.744
2013-07-02 13:00:00,,544.758
2013-07-02 14:00:00,,544.755
2013-07-02 15:00:00,,544.765
2013-07-02 16:00:00,,544.772
2013-07-02 17:00:00,,544.76
2013-07-02 18:00:00,,544.768
2013-07-02 19:00:00,,544.75
2013-07-02 20:00:00,,544.741
2013-07-02 21:00:00,,544.746
2013-07-02 22:00:00,,544.743
2013-07-02 23:00:00,,544.746
2013-07-03 00:00:00,,544.738
2013-07-03 01:00:00,,544.754
2013-07-03 02:00:00,,544.743
2013-07-03 03:00:00,,544.749
2013-07-03 04:00:00,,544.747
2013-07-03 05:00:00,,544.758
2013-07-03 06:00:00,,544.745
2013-07-03 07:00:00,,544.74
2013-07-03 08:00:00,,544.75
2013-07-03 09:00:00,,544.736
2013-07-03 10:00:00,,544.734
2013-07-03 11:00:00,,544.742
2013-07-03 12:00:00,,544.749
2013-07-03 13:00:00,,544.758
2013-07-03 14:00:00,,544.767
2013-07-03 15:00:00,,544.78
2013-07-03 16:00:00,,544.774
2013-07-03 17:00:00,,544.78
2013-07-03 18:00:00,,544.765
2013-07-03 19:00:00,,544.76
2013-07-03 20:00:00,,544.76
2013-07-03 21:00:00,,544.764
2013-07-03 22:00:00,,544.759
2013-07-03 23:00:00,,544.759
2013-07-04 00:00:00,,544.748
2013-07-04 01:00:00,,544.749
2013-07-04 02:00:00,,544.763
2013-07-04 03:00:00,,544.757
2013-07-04 04:00:00,,544.766
2013-07-04 05:00:00,,544.767
2013-07-04 06:00:00,,544.758
2013-07-04 07:00:00,,544.753
2013-07-04 08:00:00,,544.749
2013-07-04 09:00:00,,544.744
2013-07-04 10:00:00,,544.737
2013-07-04 11:00:00,,544.751
2013-07-04 12:00:00,,544.746
2013-07-04 13:00:00,,544.754
2013-07-04 14:00:00,,544.774
2013-07-04 15:00:00,,544.771
2013-07-04 16:00:00,,544.772
2013-07-04 17:00:00,,544.769
2013-07-04 18:00:00,,544.764
2013-07-04 19:00:00,,544.761
2013-07-04 20:00:00,,544.749
2013-07-04 21:00:00,,544.747
2013-07-04 22:00:00,,544.737
2013-07-04 23:00:00,,544.747
2013-07-05 00:00:00,,544.736
2013-07-05 01:00:00,,544.742
2013-07-05 02:00:00,,544.748
2013-07-05 03:00:00,,544.75
2013-07-05 04:00:00,,544.753
2013-07-05 05:00:00,,544.753
2013-07-05 06:00:00,,544.756
2013-07-05 07:00:00,,544.745
2013-07-05 08:00:00,,544.735
2013-07-05 09:00:00,,544.73
2013-07-05 10:00:00,,544.739
2013-07-05 11:00:00,,544.74
2013-07-05 12:00:00,,544.737
2013-07-05 13:00:00,,544.751
2013-07-05 14:00:00,,544.755
2013-07-05 15:00:00,,544.758
2013-07-05 16:00:00,,544.77
2013-07-05 17:00:00,,544.767
2013-07-05 18:00:00,,544.753
2013-07-05 19:00:00,,544.746
2013-07-05 20:00:00,,544.748
2013-07-05 21:00:00,,544.73
2013-07-05 22:00:00,,544.739
2013-07-05 23:00:00,,544.726
2013-07-06 00:00:00,,544.738
2013-07-06 01:00:00,,544.742
2013-07-06 02:00:00,,544.732
2013-07-06 03:00:00,,544.735
2013-07-06 04:00:00,,544.737
2013-07-06 05:00:00,,544.75
2013-07-06 06:00:00,,544.741
2013-07-06 07:00:00,,544.734
2013-07-06 08:00:00,,544.741
2013-07-06 09:00:00,,544.73
2013-07-06 10:00:00,,544.735
2013-07-06 11:00:00,,544.737
2013-07-06 12:00:00,,544.73
2013-07-06 13:00:00,,544.739
2013-07-06 14:00:00,,544.761
2013-07-06 15:00:00,,544.756
2013-07-06 16:00:00,,544.757
2013-07-06 17:00:00,,544.753
2013-07-06 18:00:00,,544.756
2013-07-06 19:00:00,,544.749
2013-07-06 20:00:00,,544.749
2013-07-06 21:00:00,,544.742
2013-07-06 22:00:00,,544.738
2013-07-06 23:00:00,,544.73
2013-07-07 00:00:00,,544.73
2013-07-07 01:00:00,,544.737
2013-07-07 02:00:00,,544.731
2013-07-07 03:00:00,,544.734
2013-07-07 04:00:00,,544.743
2013-07-07 05:00:00,,544.737
2013-07-07 06:00:00,,544.733
2013-07-07 07:00:00,,544.739
2013-07-07 08:00:00,,544.724
2013-07-07 09:00:00,,544.72
2013-07-07 10:00:00,,544.717
2013-07-07 11:00:00,,544.73
2013-07-07 12:00:00,,544.737
2013-07-07 13:00:00,,544.747
2013-07-07 14:00:00,,544.75
2013-07-07 15:00:00,,544.756
2013-07-07 16:00:00,,544.758
2013-07-07 17:00:00,,544.762
2013-07-07 18:00:00,,544.749
2013-07-07 19:00:00,,544.741
2013-07-07 20:00:00,,544.738
2013-07-07 21:00:00,,544.728
2013-07-07 22:00:00,,544.729
2013-07-07 23:00:00,,544.73
2013-07-08 00:00:00,,544.727
2013-07-08 01:00:00,,544.728
2013-07-08 02:00:00,,544.73
2013-07-08 03:00:00,,544.741
2013-07-08 04:00:00,,544.743
2013-07-08 05:00:00,,544.742
2013-07-08 06:00:00,,544.745
2013-07-08 07:00:00,,544.731
2013-07-08 08:00:00,,544.733
2013-07-08 09:00:00,,544.736
2013-07-08 10:00:00,,544.732
2013-07-08 11:00:00,,544.729
2013-07-08 12:00:00,,544.725
2013-07-08 13:00:00,,544.748
2013-07-08 14:00:00,,544.749
2013-07-08 15:00:00,,544.748
2013-07-08 16:00:00,,544.76
2013-07-08 17:00:00,,544.756
2013-07-08 18:00:00,,544.75
2013-07-08 19:00:00,,544.752
2013-07-08 20:00:00,,544.739
2013-07-08 21:00:00,,544.741
2013-07-08 22:00:00,,544.732
2013-07-08 23:00:00,,544.736
2013-07-09 00:00:00,,544.745
2013-07-09 01:00:00,,544.746
2013-07-09 02:00:00,,544.748
2013-07-09 03:00:00,,544.744
2013-07-09 04:00:00,,544.754
2013-07-09 05:00:00,,544.746
2013-07-09 06:00:00,,544.753
2013-07-09 07:00:00,,544.742
2013-07-09 08:00:00,,544.734
2013-07-09 09:00:00,,544.733
2013-07-09 10:00:00,,544.738
2013-07-09 11:00:00,,544.732
2013-07-09 12:00:00,,544.747
2013-07-09 13:00:00,,544.745
2013-07-09 14:00:00,,544.756
2013-07-09 15:00:00,,544.763
2013-07-09 16:00:00,,544.77
2013-07-09 17:00:00,,544.761
2013-07-09 18:00:00,,544.749
2013-07-09 19:00:00,,544.752
2013-07-09 20:00:00,,544.756
2013-07-09 21:00:00,,544.751
2013-07-09 22:00:00,,544.758
2013-07-09 23:00:00,,544.747
2013-07-10 00:00:00,,544.75
2013-07-10 01:00:00,,544.751
2013-07-10 02:00:00,,544.748
2013-07-10 03:00:00,,544.755
2013-07-10 04:00:00,,544.754
2013-07-10 05:00:00,,544.754
2013-07-10 06:00:00,,544.749
2013-07-10 07:00:00,,544.754
2013-07-10 08:00:00,,544.743
2013-07-10 09:00:00,,544.735
2013-07-10 10:00:00,,544.745
2013-07-10 11:00:00,,544.745
2013-07-10 12:00:00,,544.753
2013-07-10 13:00:00,,544.758
2013-07-10 14:00:00,,544.771
2013-07-10 15:00:00,,544.777
2013-07-10 16:00:00,,544.771
2013-07-10 17:00:00,,544.776
2013-07-10 18:00:00,,544.765
2013-07-10 19:00:00,,544.758
2013-07-10 20:00:00,,544.753
2013-07-10 21:00:00,,544.747
2013-07-10 22:00:00,,544.75
2013-07-10 23:00:00,,544.737
2013-07-11 00:00:00,,544.749
2013-07-11 01:00:00,,544.743
2013-07-11 02:00:00,,544.749
2013-07-11 03:00:00,,544.744
2013-07-11 04:00:00,,544.739
2013-07-11 05:00:00,,544.744
2013-07-11 06:00:00,,544.751
2013-07-11 07:00:00,,544.744
2013-07-11 08:00:00,,544.743
2013-07-11 09:00:00,,544.743
2013-07-11 10:00:00,,544.746
2013-07-11 11:00:00,,544.741
2013-07-11 12:00:00,,544.741
2013-07-11 13:00:00,,544.75
2013-07-11 14:00:00,,544.769
2013-07-11 15:00:00,,544.77
2013-07-11 16:00:00,,544.771
2013-07-11 17:00:00,,544.772
2013-07-11 18:00:00,,544.764
2013-07-11 19:00:00,,544.767
2013-07-11 20:00:00,,544.766
2013-07-11 21:00:00,,544.754
2013-07-11 22:00:00,,544.75
2013-07-11 23:00:00,,544.743
2013-07-12 00:00:00,,544.744
2013-07-12 01:00:00,,544.757
2013-07-12 02:00:00,,544.751
2013-07-12 03:00:00,,544.759
2013-07-12 04:00:00,,544.759
2013-07-12 05:00:00,,544.755
2013-07-12 06:00:00,,544.751
2013-07-12 07:00:00,,544.759
2013-07-12 08:00:00,,544.751
2013-07-12 09:00:00,,544.749
2013-07-12 10:00:00,,544.747
2013-07-12 11:00:00,,544.744
2013-07-12 12:00:00,,544.755
2013-07-12 13:00:00,,544.764
2013-07-12 14:00:00,,544.767
2013-07-12 15:00:00,,544.783
2013-07-12 16:00:00,,544.779
2013-07-12 17:00:00,,544.778
2013-07-12 18:00:00,,544.775
2013-07-12 19:00:00,,544.769
2013-07-12 20:00:00,,544.758
2013-07-12 21:00:00,,544.764
2013-07-12 22:00:00,,544.751
2013-07-12 23:00:00,,544.754
2013-07-13 00:00:00,,544.761
2013-07-13 01:00:00,,544.761
2013-07-13 02:00:00,,544.755
2013-07-13 03:00:00,,544.758
2013-07-13 04:00:00,,544.766
2013-07-13 05:00:00,,544.759
2013-07-13 06:00:00,,544.765
2013-07-13 07:00:00,,544.755
2013-07-13 08:00:00,,544.748
2013-07-13 09:00:00,,544.754
2013-07-13 10:00:00,,544.741
2013-07-13 11:00:00,,544.75
2013-07-13 12:00:00,,544.749
2013-07-13 13:00:00,,544.766
2013-07-13 14:00:00,,544.768
2013-07-13 15:00:00,,544.769
2013-07-13 16:00:00,,544.774
2013-07-13 17:00:00,,544.774
2013-07-13 18:00:00,,544.765
2013-07-13 19:00:00,,544.77
2013-07-13 20:00:00,,544.765
2013-07-13 21:00:00,,544.76
2013-07-13 22:00:00,,544.747
2013-07-13 23:00:00,,544.757
2013-07-14 00:00:00,,544.746
2013-07-14 01:00:00,,544.751
2013-07-14 02:00:00,,544.758
2013-07-14 03:00:00,,544.761
2013-07-14 04:00:00,,544.765
2013-07-14 05:00:00,,544.76
2013-07-14 06:00:00,,544.752
2013-07-14 07:00:00,,544.753
2013-07-14 08:00:00,,544.745
2013-07-14 09:00:00,,544.753
2013-07-14 10:00:00,,544.742
2013-07-14 11:00:00,,544.743
2013-07-14 12:00:00,,544.743
2013-07-14 13:00:00,,544.75
2013-07-14 14:00:00,,544.757
2013-07-14 15:00:00,,544.766
2013-07-14 16:00:00,,544.768
2013-07-14 17:00:00,,544.769
2013-07-14 18:00:00,,544.766
2013-07-14 19:00:00,,544.757
2013-07-14 20:00:00,,544.75
2013-07-14 21:00:00,,544.752
2013-07-14 22:00:00,,544.753
2013-07-14 23:00:00,,544.754
2013-07-15 00:00:00,,544.743
2013-07-15 01:00:00,,544.751
2013-07-15 02:00:00,,544.742
2013-07-15 03:00:00,,544.742
2013-07-15 04:00:00,,544.753
2013-07-15 05:00:00,,544.746
2013-07-15 06:00:00,,544.741
2013-07-15 07:00:00,,544.742
2013-07-15 08:00:00,,544.746
2013-07-15 09:00:00,,544.734
2013-07-15 10:00:00,,544.737
2013-07-15 11:00:00,,544.738
2013-07-15 12:00:00,,544.741
2013-07-15 13:00:00,,544.75
2013-07-15 14:00:00,,544.755
2013-07-15 15:00:00,,544.754
2013-07-15 16:00:00,,544.757
2013-07-15 17:00:00,,544.762
2013-07-15 18:00:00,,544.755
2013-07-15 19:00:00,,544.755
2013-07-15 20:00:00,,544.746
2013-07-15 21:00:00,,544.752
2013-07-15 22:00:00,,544.738
2013-07-15 23:00:00,,544.749
2013-07-16 00:00:00,,544.745
2013-07-16 01:00:00,,544.747
2013-07-16 02:00:00,,544.744
2013-07-16 03:00:00,,544.747
2013-07-16 04:00:00,,544.744
2013-07-16 05:00:00,,544.751
2013-07-16 06:00:00,,544.758
2013-07-16 07:00:00,,544.747
2013-07-16 08:00:00,,544.753
2013-07-16 09:00:00,,544.749
2013-07-16 10:00:00,,544.749
2013-07-16 11:00:00,,544.74
2013-07-16 12:00:00,,544.756
2013-07-16 13:00:00,,544.759
2013-07-16 14:00:00,,544.769
2013-07-16 15:00:00,,544.775
2013-07-16 16:00:00,,544.769
2013-07-16 17:00:00,,544.77
2013-07-16 18:00:00,,544.778
2013-07-16 19:00:00,,544.767
2013-07-16 20:00:00,,544.756
2013-07-16 21:00:00,,544.761
2013-07-16 22:00:00,,544.764
2013-07-16 23:00:00,,544.761
2013-07-17 00:00:00,,544.763
2013-07-17 01:00:00,,544.76
2013-07-17 02:00:00,,544.762
2013-07-17 03:00:00,,544.766
2013-07-17 04:00:00,,544.772
2013-07-17 05:00:00,,544.76
2013-07-17 06:00:00,,544.769
2013-07-17 07:00:00,,544.755
2013-07-17 08:00:00,,544.752
2013-07-17 09:00:00,,544.764
2013-07-17 10:00:00,,544.76
2013-07-17 11:00:00,,544.767
2013-07-17 12:00:00,,544.765
2013-07-17 13:00:00,,544.78
2013-07-17 14:00:00,,544.789
2013-07-17 15:00:00,,544.788
2013-07-17 16:00:00,,544.793
2013-07-17 17:00:00,,544.79
2013-07-17 18:00:00,,544.791
2013-07-17 19:00:00,,544.777
2013-07-17 20:00:00,,544.77
2013-07-17 21:00:00,,544.76
2013-07-17 22:00:00,,544.77
2013-07-17 23:00:00,,544.759
2013-07-18 00:00:00,,544.768
2013-07-18 01:00:00,,544.77
2013-07-18 02:00:00,,544.767
2013-07-18 03:00:00,,544.768
2013-07-18 04:00:00,,544.776
2013-07-18 05:00:00,,544.764
2013-07-18 06:00:00,,544.762
2013-07-18 07:00:00,,544.757
2013-07-18 08:00:00,,544.753
2013-07-18 09:00:00,,544.752
2013-07-18 10:00:00,,544.746
2013-07-18 11:00:00,,544.752
2013-07-18 12:00:00,,544.765
2013-07-18 13:00:00,,544.763
2013-07-18 14:00:00,,544.77
2013-07-18 15:00:00,,544.779
2013-07-18 16:00:00,,544.784
2013-07-18 17:00:00,,544.771
2013-07-18 18:00:00,,544.765
2013-07-18 19:00:00,,544.76
2013-07-18 20:00:00,,544.748
2013-07-18 21:00:00,,544.749
2013-07-18 22:00:00,,544.753
2013-07-18 23:00:00,,544.746
2013-07-19 00:00:00,,544.752
2013-07-19 01:00:00,,544.749
2013-07-19 02:00:00,,544.743
2013-07-19 03:00:00,,544.75
2013-07-19 04:00:00,,544.758
2013-07-19 05:00:00,,544.752
2013-07-19 06:00:00,,544.744
2013-07-19 07:00:00,,544.75
2013-07-19 08:00:00,,544.739
2013-07-19 09:00:00,,544.735
2013-07-19 10:00:00,,544.738
2013-07-19 11:00:00,,544.734
2013-07-19 12:00:00,,544.746
2013-07-19 13:00:00,,544.746
2013-07-19 14:00:00,,544.757
2013-07-19 15:00:00,,544.767
2013-07-19 16:00:00,,544.767
2013-07-19 17:00:00,,544.759
2013-07-19 18:00:00,,544.76
2013-07-19 19:00:00,,544.745
2013-07-19 20:00:00,,544.742
2013-07-19 21:00:00,,544.739
2013-07-19 22:00:00,,544.724
2013-07-19 23:00:00,,544.734
2013-07-20 00:00:00,,544.73
2013-07-20 01:00:00,,544.733
2013-07-20 02:00:00,,544.734
2013-07-20 03:00:00,,544.748
2013-07-20 04:00:00,,544.74
2013-07-20 05:00:00,,544.74
2013-07-20 06:00:00,,544.749
2013-07-20 07:00:00,,544.74
2013-07-20 08:00:00,,544.732
2013-07-20 09:00:00,,544.73
2013-07-20 10:00:00,,544.732
2013-07-20 11:00:00,,544.741
2013-07-20 12:00:00,,544.742
2013-07-20 13:00:00,,544.757
2013-07-20 14:00:00,,544.756
2013-07-20 15:00:00,,544.775
2013-07-20 16:00:00,,544.772
2013-07-20 17:00:00,,544.771
2013-07-20 18:00:00,,544.768
2013-07-20 19:00:00,,544.763
2013-07-20 20:00:00,,544.75
2013-07-20 21:00:00,,544.744
2013-07-20 22:00:00,,544.738
2013-07-20 23:00:00,,544.736
2013-07-21 00:00:00,,544.738
2013-07-21 01:00:00,,544.735
2013-07-21 02:00:00,,544.74
2013-07-21 03:00:00,,544.748
2013-07-21 04:00:00,,544.752
2013-07-21 05:00:00,,544.753
2013-07-21 06:00:00,,544.747
2013-07-21 07:00:00,,544.747
2013-07-21 08:00:00,,544.75
2013-07-21 09:00:00,,544.738
2013-07-21 10:00:00,,544.745
2013-07-21 11:00:00,,544.741
2013-07-21 12:00:00,,544.746
2013-07-21 13:00:00,,544.756
2013-07-21 14:00:00,,544.76
2013-07-21 15:00:00,,544.762
2013-07-21 16:00:00,,544.778
2013-07-21 17:00:00,,544.771
2013-07-21 18:00:00,,544.761
2013-07-21 19:00:00,,544.762
2013-07-21 20:00:00,,544.746
2013-07-21 21:00:00,,544.748
2013-07-21 22:00:00,,544.743
2013-07-21 23:00:00,,544.741
2013-07-22 00:00:00,,544.734
2013-07-22 01:00:00,,544.732
2013-07-22 02:00:00,,544.736
2013-07-22 03:00:00,,544.745
2013-07-22 04:00:00,,544.751
2013-07-22 05:00:00,,544.741
2013-07-22 06:00:00,,544.751
2013-07-22 07:00:00,,544.74
2013-07-22 08:00:00,,544.734
2013-07-22 09:00:00,,544.722
2013-07-22 10:00:00,,544.726
2013-07-22 11:00:00,,544.728
2013-07-22 12:00:00,,544.729
2013-07-22 13:00:00,,544.741
2013-07-22 14:00:00,,544.745
2013-07-22 15:00:00,,544.749
2013-07-22 16:00:00,,544.76
2013-07-22 17:00:00,,544.768
2013-07-22 18:00:00,,544.753
2013-07-22 19:00:00,,544.747
2013-07-22 20:00:00,,544.751
2013-07-22 21:00:00,,544.73
2013-07-22 22:00:00,,544.727
2013-07-22 23:00:00,,544.732
2013-07-23 00:00:00,,544.721
2013-07-23 01:00:00,,544.733
2013-07-23 02:00:00,,544.725
2013-07-23 03:00:00,,544.729
2013-07-23 04:00:00,,544.743
2013-07-23 05:00:00,,544.746
2013-07-23 06:00:00,,544.731
2013-07-23 07:00:00,,544.732
2013-07-23 08:00:00,,544.729
2013-07-23 09:00:00,,544.716
2013-07-23 10:00:00,,544.719
2013-07-23 11:00:00,,544.715
2013-07-23 12:00:00,,544.728
2013-07-23 13:00:00,,544.734
2013-07-23 14:00:00,,544.744
2013-07-23 15:00:00,,544.754
2013-07-23 16:00:00,,544.758
2013-07-23 17:00:00,,544.759
2013-07-23 18:00:00,,544.762
2013-07-23 19:00:00,,544.749
2013-07-23 20:00:00,,544.743
2013-07-23 21:00:00,,544.738
2013-07-23 22:00:00,,544.733
2013-07-23 23:00:00,,544.724
2013-07-24 00:00:00,,544.73
2013-07-24 01:00:00,,544.731
2013-07-24 02:00:00,,544.732
2013-07-24 03:00:00,,544.736
2013-07-24 04:00:00,,544.744
2013-07-24 05:00:00,,544.746
2013-07-24 06:00:00,,544.755
2013-07-24 07:00:00,,544.744
2013-07-24 08:00:00,,544.74
2013-07-24 09:00:00,,544.738
2013-07-24 10:00:00,,544.743
2013-07-24 11:00:00,,544.736
2013-07-24 12:00:00,,544.742
2013-07-24 13:00:00,,544.76
2013-07-24 14:00:00,,544.769
2013-07-24 15:00:00,,544.766
2013-07-24 16:00:00,,544.774
2013-07-24 17:00:00,,544.779
2013-07-24 18:00:00,,544.768
2013-07-24 19:00:00,,544.763
2013-07-24 20:00:00,,544.755
2013-07-24 21:00:00,,544.755
2013-07-24 22:00:00,,544.744
2013-07-24 23:00:00,,544.742
2013-07-25 00:00:00,,544.741
2013-07-25 01:00:00,,544.743
2013-07-25 02:00:00,,544.752
2013-07-25 03:00:00,,544.745
2013-07-25 04:00:00,,544.754
2013-07-25 05:00:00,,544.762
2013-07-25 06:00:00,,544.765
2013-07-25 07:00:00,,544.754
2013-07-25 08:00:00,,544.744
2013-07-25 09:00:00,,544.741
2013-07-25 10:00:00,,544.742
2013-07-25 11:00:00,,544.741
2013-07-25 12:00:00,,544.751
2013-07-25 13:00:00,,544.75
2013-07-25 14:00:00,,544.762
2013-07-25 15:00:00,,544.765
2013-07-25 16:00:00,,544.766
2013-07-25 17:00:00,,544.77
2013-07-25 18:00:00,,544.772
2013-07-25 19:00:00,,544.768
2013-07-25 20:00:00,,544.768
2013-07-25 21:00:00,,544.763
2013-07-25 22:00:00,,544.76
2013-07-25 23:00:00,,544.752
2013-07-26 00:00:00,,544.75
2013-07-26 01:00:00,,544.746
2013-07-26 02:00:00,,544.759
2013-07-26 03:00:00,,544.757
2013-07-26 04:00:00,,544.76
2013-07-26 05:00:00,,544.769
2013-07-26 06:00:00,,544.758
2013-07-26 07:00:00,,544.755
2013-07-26 08:00:00,,544.757
2013-07-26 09:00:00,,544.749
2013-07-26 10:00:00,,544.748
2013-07-26 11:00:00,,544.755
2013-07-26 12:00:00,,544.764
2013-07-26 13:00:00,,544.76
2013-07-26 14:00:00,,544.78
2013-07-26 15:00:00,,544.785
2013-07-26 16:00:00,,544.774
2013-07-26 17:00:00,,544.776
2013-07-26 18:00:00,,544.771
2013-07-26 19:00:00,,544.774
2013-07-26 20:00:00,,544.76
2013-07-26 21:00:00,,544.765
2013-07-26 22:00:00,,544.763
2013-07-26 23:00:00,,544.768
2013-07-27 00:00:00,,544.763
2013-07-27 01:00:00,,544.76
2013-07-27 02:00:00,,544.772
2013-07-27 03:00:00,,544.768
2013-07-27 04:00:00,,544.774
2013-07-27 05:00:00,,544.769
2013-07-27 06:00:00,,544.776
2013-07-27 07:00:00,,544.768
2013-07-27 08:00:00,,544.773
2013-07-27 09:00:00,,544.764
2013-07-27 10:00:00,,544.755
2013-07-27 11:00:00,,544.77
2013-07-27 12:00:00,,544.764
2013-07-27 13:00:00,,544.774
2013-07-27 14:00:00,,544.787
2013-07-27 15:00:00,,544.785
2013-07-27 16:00:00,,544.792
2013-07-27 17:00:00,,544.791
2013-07-27 18:00:00,,544.776
2013-07-27 19:00:00,,544.776
2013-07-27 20:00:00,,544.769
2013-07-27 21:00:00,,544.762
2013-07-27 22:00:00,,544.764
2013-07-27 23:00:00,,544.763
2013-07-28 00:00:00,,544.757
2013-07-28 01:00:00,,544.77
2013-07-28 02:00:00,,544.759
2013-07-28 03:00:00,,544.771
2013-07-28 04:00:00,,544.764
2013-07-28 05:00:00,,544.761
2013-07-28 06:00:00,,544.761
2013-07-28 07:00:00,,544.764
2013-07-28 08:00:00,,544.762
2013-07-28 09:00:00,,544.752
2013-07-28 10:00:00,,544.747
2013-07-28 11:00:00,,544.76
2013-07-28 12:00:00,,544.754
2013-07-28 13:00:00,,544.773
2013-07-28 14:00:00,,544.778
2013-07-28 15:00:00,,544.781
2013-07-28 16:00:00,,544.777
2013-07-28 17:00:00,,544.774
2013-07-28 18:00:00,,544.779
2013-07-28 19:00:00,,544.763
2013-07-28 20:00:00,,544.768
2013-07-28 21:00:00,,544.75
2013-07-28 22:00:00,,544.761
2013-07-28 23:00:00,,544.748
2013-07-29 00:00:00,,544.755
2013-07-29 01:00:00,,544.753
2013-07-29 02:00:00,,544.753
2013-07-29 03:00:00,,544.756
2013-07-29 04:00:00,,544.757
2013-07-29 05:00:00,,544.757
2013-07-29 06:00:00,,544.751
2013-07-29 07:00:00,,544.761
2013-07-29 08:00:00,,544.751
2013-07-29 09:00:00,,544.748
2013-07-29 10:00:00,,544.754
2013-07-29 11:00:00,,544.759
2013-07-29 12:00:00,,544.755
2013-07-29 13:00:00,,544.767
2013-07-29 14:00:00,,544.764
2013-07-29 15:00:00,,544.778
2013-07-29 16:00:00,,544.773
2013-07-29 17:00:00,,544.767
2013-07-29 18:00:00,,544.764
2013-07-29 19:00:00,,544.769
2013-07-29 20:00:00,,544.757
2013-07-29 21:00:00,,544.756
2013-07-29 22:00:00,,544.743
2013-07-29 23:00:00,,544.752
2013-07-30 00:00:00,,544.755
2013-07-30 01:00:00,,544.747
2013-07-30 02:00:00,,544.75
2013-07-30 03:00:00,,544.764
2013-07-30 04:00:00,,544.767
2013-07-30 05:00:00,,544.768
2013-07-30 06:00:00,,544.768
2013-07-30 07:00:00,,544.757
2013-07-30 08:00:00,,544.754
2013-07-30 09:00:00,,544.742
2013-07-30 10:00:00,,544.754
2013-07-30 11:00:00,,544.757
2013-07-30 12:00:00,,544.763
2013-07-30 13:00:00,,544.767
2013-07-30 14:00:00,,544.772
2013-07-30 15:00:00,,544.777
2013-07-30 16:00:00,,544.786
2013-07-30 17:00:00,,544.775
2013-07-30 18:00:00,,544.78
2013-07-30 19:00:00,,544.767
2013-07-30 20:00:00,,544.769
2013-07-30 21:00:00,,544.753
2013-07-30 22:00:00,,544.762
2013-07-30 23:00:00,,544.755
2013-07-31 00:00:00,,544.755
2013-07-31 01:00:00,,544.757
2013-07-31 02:00:00,,544.758
2013-07-31 03:00:00,,544.763
2013-07-31 04:00:00,,544.757
2013-07-31 05:00:00,,544.76
2013-07-31 06:00:00,,544.766
2013-07-31 07:00:00,,544.763
2013-07-31 08:00:00,,544.755
2013-07-31 09:00:00,,544.758
2013-07-31 10:00:00,,544.757
2013-07-31 11:00:00,,544.761
2013-07-31 12:00:00,,544.757
2013-07-31 13:00:00,,544.778
2013-07-31 14:00:00,,544.783
2013-07-31 15:00:00,,544.791
2013-07-31 16:00:00,,544.78
2013-07-31 17:00:00,,544.788
2013-07-31 18:00:00,,544.773
2013-07-31 19:00:00,,544.773
2013-07-31 20:00:00,,544.763
2013-07-31 21:00:00,,544.77
2013-07-31 22:00:00,,544.756
2013-07-31 23:00:00,,544.767
2013-08-01 00:00:00,,544.758
2013-08-01 01:00:00,,544.76
2013-08-01 02:00:00,,544.776
2013-08-01 03:00:00,,544.766
2013-08-01 04:00:00,,544.777
2013-08-01 05:00:00,,544.764
2013-08-01 06:00:00,,544.76
2013-08-01 07:00:00,,544.759
2013-08-01 08:00:00,,544.755
2013-08-01 09:00:00,,544.752
2013-08-01 10:00:00,,544.749
2013-08-01 11:00:00,,544.754
2013-08-01 12:00:00,,544.76
2013-08-01 13:00:00,,544.769
2013-08-01 14:00:00,,544.774
2013-08-01 15:00:00,,544.781
2013-08-01 16:00:00,,544.782
2013-08-01 17:00:00,,544.787
2013-08-01 18:00:00,,544.772
2013-08-01 19:00:00,,544.775
2013-08-01 20:00:00,,544.767
2013-08-01 21:00:00,,544.751
2013-08-01 22:00:00,,544.752
2013-08-01 23:00:00,,544.758
2013-08-02 00:00:00,,544.749
2013-08-02 01:00:00,,544.762
2013-08-02 02:00:00,,544.763
2013-08-02 03:00:00,,544.763
2013-08-02 04:00:00,,544.764
2013-08-02 05:00:00,,544.752
2013-08-02 06:00:00,,544.748
2013-08-02 07:00:00,,544.747
2013-08-02 08:00:00,,544.744
2013-08-02 09:00:00,,544.738
2013-08-02 10:00:00,,544.73
2013-08-02 11:00:00,,544.738
2013-08-02 12:00:00,,544.75
2013-08-02 13:00:00,,544.754
2013-08-02 14:00:00,,544.77
2013-08-02 15:00:00,,544.768
2013-08-02 16:00:00,,544.777
2013-08-02 17:00:00,,544.77
2013-08-02 18:00:00,,544.763
2013-08-02 19:00:00,,544.762
2013-08-02 20:00:00,,544.76
2013-08-02 21:00:00,,544.753
2013-08-02 22:00:00,,544.743
2013-08-02 23:00:00,,544.744
2013-08-03 00:00:00,,544.739
2013-08-03 01:00:00,,544.749
2013-08-03 02:00:00,,544.744
2013-08-03 03:00:00,,544.757
2013-08-03 04:00:00,,544.747
2013-08-03 05:00:00,,544.758
2013-08-03 06:00:00,,544.75
2013-08-03 07:00:00,,544.743
2013-08-03 08:00:00,,544.739
2013-08-03 09:00:00,,544.746
2013-08-03 10:00:00,,544.733
2013-08-03 11:00:00,,544.747
2013-08-03 12:00:00,,544.743
2013-08-03 13:00:00,,544.762
2013-08-03 14:00:00,,544.772
2013-08-03 15:00:00,,544.769
2013-08-03 16:00:00,,544.771
2013-08-03 17:00:00,,544.782
2013-08-03 18:00:00,,544.779
2013-08-03 19:00:00,,544.762
2013-08-03 20:00:00,,544.76
2013-08-03 21:00:00,,544.748
2013-08-03 22:00:00,,544.748
2013-08-03 23:00:00,,544.743
2013-08-04 00:00:00,,544.758
2013-08-04 01:00:00,,544.75
2013-08-04 02:00:00,,544.764
2013-08-04 03:00:00,,544.76
2013-08-04 04:00:00,,544.759
2013-08-04 05:00:00,,544.77
2013-08-04 06:00:00,,544.76
2013-08-04 07:00:00,,544.752
2013-08-04 08:00:00,,544.75
2013-08-04 09:00:00,,544.741
2013-08-04 10:00:00,,544.737
2013-08-04 11:00:00,,544.745
2013-08-04 12:00:00,,544.75
2013-08-04 13:00:00,,544.763
2013-08-04 14:00:00,,544.772
2013-08-04 15:00:00,,544.78
2013-08-04 16:00:00,,544.783
2013-08-04 17:00:00,,544.789
2013-08-04 18:00:00,,544.776
2013-08-04 19:00:00,,544.781
2013-08-04 20:00:00,,544.77
2013-08-04 21:00:00,,544.758
2013-08-04 22:00:00,,544.757
2013-08-04 23:00:00,,544.762
2013-08-05 00:00:00,,544.752
2013-08-05 01:00:00,,544.753
2013-08-05 02:00:00,,544.756
2013-08-05 03:00:00,,544.766
2013-08-05 04:00:00,,544.763
2013-08-05 05:00:00,,544.769
2013-08-05 06:00:00,,544.759
2013-08-05 07:00:00,,544.761
2013-08-05 08:00:00,,544.762
2013-08-05 09:00:00,,544.748
2013-08-05 10:00:00,,544.741
2013-08-05 11:00:00,,544.748
2013-08-05 12:00:00,,544.765
2013-08-05 13:00:00,,544.763
2013-08-05 14:00:00,,544.774
2013-08-05 15:00:00,,544.787
2013-08-05 16:00:00,,544.785
2013-08-05 17:00:00,,544.789
2013-08-05 18:00:00,,544.78
2013-08-05 19:00:00,,544.779
2013-08-05 20:00:00,,544.771
2013-08-05 21:00:00,,544.756
2013-08-05 22:00:00,,544.757
2013-08-05 23:00:00,,544.76
2013-08-06 00:00:00,,544.769
2013-08-06 01:00:00,,544.77
2013-08-06 02:00:00,,544.774
2013-08-06 03:00:00,,544.778
2013-08-06 04:00:00,,544.774
2013-08-06 05:00:00,,544.77
2013-08-06 06:00:00,,544.777
2013-08-06 07:00:00,,544.771
2013-08-06 08:00:00,,544.765
2013-08-06 09:00:00,,544.75
2013-08-06 10:00:00,,544.758
2013-08-06 11:00:00,,544.761
2013-08-06 12:00:00,,544.761
2013-08-06 13:00:00,,544.778
2013-08-06 14:00:00,,544.782
2013-08-06 15:00:00,,544.787
2013-08-06 16:00:00,,544.798
2013-08-06 17:00:00,,544.79
2013-08-06 18:00:00,,544.778
2013-08-06 19:00:00,,544.778
2013-08-06 20:00:00,,544.776
2013-08-06 21:00:00,,544.762
2013-08-06 22:00:00,,544.762
2013-08-06 23:00:00,,544.759
2013-08-07 00:00:00,,544.761
2013-08-07 01:00:00,,544.759
2013-08-07 02:00:00,,544.766
2013-08-07 03:00:00,,544.777
2013-08-07 04:00:00,,544.768
2013-08-07 05:00:00,,544.771
2013-08-07 06:00:00,,544.765
2013-08-07 07:00:00,,544.76
2013-08-07 08:00:00,,544.753
2013-08-07 09:00:00,,544.754
2013-08-07 10:00:00,,544.747
2013-08-07 11:00:00,,544.75
2013-08-07 12:00:00,,544.757
2013-08-07 13:00:00,,544.777
2013-08-07 14:00:00,,544.776
2013-08-07 15:00:00,,544.786
2013-08-07 16:00:00,,544.795
2013-08-07 17:00:00,,544.786
2013-08-07 18:00:00,,544.778
2013-08-07 19:00:00,,544.782
2013-08-07 20:00:00,,544.768
2013-08-07 21:00:00,,544.757
2013-08-07 22:00:00,,544.757
2013-08-07 23:00:00,,544.751
2013-08-08 00:00:00,,544.753
2013-08-08 01:00:00,,544.758
2013-08-08 02:00:00,,544.757
2013-08-08 03:00:00,,544.773
2013-08-08 04:00:00,,544.763
2013-08-08 05:00:00,,544.769
2013-08-08 06:00:00,,544.765
2013-08-08 07:00:00,,544.757
2013-08-08 08:00:00,,544.762
2013-08-08 09:00:00,,544.76
2013-08-08 10:00:00,,544.752
2013-08-08 11:00:00,,544.752
2013-08-08 12:00:00,,544.76
2013-08-08 13:00:00,,544.773
2013-08-08 14:00:00,,544.784
2013-08-08 15:00:00,,544.793
2013-08-08 16:00:00,,544.789
2013-08-08 17:00:00,,544.787
2013-08-08 18:00:00,,544.79
2013-08-08 19:00:00,,544.777
2013-08-08 20:00:00,,544.778
2013-08-08 21:00:00,,544.761
2013-08-08 22:00:00,,544.758
2013-08-08 23:00:00,,544.757
2013-08-09 00:00:00,,544.768
2013-08-09 01:00:00,,544.764
2013-08-09 02:00:00,,544.769
2013-08-09 03:00:00,,544.773
2013-08-09 04:00:00,,544.775
2013-08-09 05:00:00,,544.765
2013-08-09 06:00:00,,544.774
2013-08-09 07:00:00,,544.764
2013-08-09 08:00:00,,544.76
2013-08-09 09:00:00,,544.753
2013-08-09 10:00:00,,544.75
2013-08-09 11:00:00,,544.762
2013-08-09 12:00:00,,544.768
2013-08-09 13:00:00,,544.777
2013-08-09 14:00:00,,544.779
2013-08-09 15:00:00,,544.792
2013-08-09 16:00:00,,544.789
2013-08-09 17:00:00,,544.788
2013-08-09 18:00:00,,544.793
2013-08-09 19:00:00,,544.788
2013-08-09 20:00:00,,544.77
2013-08-09 21:00:00,,544.769
2013-08-09 22:00:00,,544.763
2013-08-09 23:00:00,,544.766
2013-08-10 00:00:00,,544.772
2013-08-10 01:00:00,,544.761
2013-08-10 02:00:00,,544.763
2013-08-10 03:00:00,,544.771
2013-08-10 04:00:00,,544.766
2013-08-10 05:00:00,,544.767
2013-08-10 06:00:00,,544.764
2013-08-10 07:00:00,,544.766
2013-08-10 08:00:00,,544.768
2013-08-10 09:00:00,,544.755
2013-08-10 10:00:00,,544.766
2013-08-10 11:00:00,,544.759
2013-08-10 12:00:00,,544.759
2013-08-10 13:00:00,,544.773
2013-08-10 14:00:00,,544.774
2013-08-10 15:00:00,,544.791
2013-08-10 16:00:00,,544.788
2013-08-10 17:00:00,,544.795
2013-08-10 18:00:00,,544.793
2013-08-10 19:00:00,,544.783
2013-08-10 20:00:00,,544.777
2013-08-10 21:00:00,,544.765
2013-08-10 22:00:00,,544.773
2013-08-10 23:00:00,,544.757
2013-08-11 00:00:00,,544.762
2013-08-11 01:00:00,,544.764
2013-08-11 02:00:00,,544.763
2013-08-11 03:00:00,,544.766
2013-08-11 04:00:00,,544.768
2013-08-11 05:00:00,,544.776
2013-08-11 06:00:00,,544.775
2013-08-11 07:00:00,,544.772
2013-08-11 08:00:00,,544.763
2013-08-11 09:00:00,,544.758
2013-08-11 10:00:00,,544.77
2013-08-11 11:00:00,,544.761
2013-08-11 12:00:00,,544.77
2013-08-11 13:00:00,,544.783
2013-08-11 14:00:00,,544.79
2013-08-11 15:00:00,,544.796
2013-08-11 16:00:00,,544.8
2013-08-11 17:00:00,,544.794
2013-08-11 18:00:00,,544.797
2013-08-11 19:00:00,,544.795
2013-08-11 20:00:00,,544.776
2013-08-11 21:00:00,,544.769
2013-08-11 22:00:00,,544.764
2013-08-11 23:00:00,,544.768
2013-08-12 00:00:00,,544.77
2013-08-12 01:00:00,,544.765
2013-08-12 02:00:00,,544.778
2013-08-12 03:00:00,,544.774
2013-08-12 04:00:00,,544.782
2013-08-12 05:00:00,,544.772
2013-08-12 06:00:00,,544.774
2013-08-12 07:00:00,,544.768
2013-08-12 08:00:00,,544.763
2013-08-12 09:00:00,,544.763
2013-08-12 10:00:00,,544.766
2013-08-12 11:00:00,,544.766
2013-08-12 12:00:00,,544.769
2013-08-12 13:00:00,,544.77
2013-08-12 14:00:00,,544.773
2013-08-12 15:00:00,,544.782
2013-08-12 16:00:00,,544.777
2013-08-12 17:00:00,,544.775
2013-08-12 18:00:00,,544.772
2013-08-12 19:00:00,,544.774
2013-08-12 20:00:00,,544.766
2013-08-12 21:00:00,,544.762
2013-08-12 22:00:00,,544.763
2013-08-12 23:00:00,,544.755
2013-08-13 00:00:00,,544.757
2013-08-13 01:00:00,,544.757
2013-08-13 02:00:00,,544.765
2013-08-13 03:00:00,,544.759
2013-08-13 04:00:00,,544.767
2013-08-13 05:00:00,,544.762
2013-08-13 06:00:00,,544.755
2013-08-13 07:00:00,,544.756
2013-08-13 08:00:00,,544.754
2013-08-13 09:00:00,,544.747
2013-08-13 10:00:00,,544.758
2013-08-13 11:00:00,,544.755
2013-08-13 12:00:00,,544.758
2013-08-13 13:00:00,,544.767
2013-08-13 14:00:00,,544.775
2013-08-13 15:00:00,,544.794
2013-08-13 16:00:00,,544.797
2013-08-13 17:00:00,,544.795
2013-08-13 18:00:00,,544.782
2013-08-13 19:00:00,,544.777
2013-08-13 20:00:00,,544.778
2013-08-13 21:00:00,,544.773
2013-08-13 22:00:00,,544.767
2013-08-13 23:00:00,,544.777
2013-08-14 00:00:00,,544.774
2013-08-14 01:00:00,,544.779
2013-08-14 02:00:00,,544.781
2013-08-14 03:00:00,,544.782
2013-08-14 04:00:00,,544.784
2013-08-14 05:00:00,,544.783
2013-08-14 06:00:00,,544.773
2013-08-14 07:00:00,,544.768
2013-08-14 08:00:00,,544.762
2013-08-14 09:00:00,,544.752
2013-08-14 10:00:00,,544.762
2013-08-14 11:00:00,,544.763
2013-08-14 12:00:00,,544.764
2013-08-14 13:00:00,,544.779
2013-08-14 14:00:00,,544.774
2013-08-14 15:00:00,,544.789
2013-08-14 16:00:00,,544.785
2013-08-14 17:00:00,,544.784
2013-08-14 18:00:00,,544.784
2013-08-14 19:00:00,,544.772
2013-08-14 20:00:00,,544.761
2013-08-14 21:00:00,,544.758
2013-08-14 22:00:00,,544.763
2013-08-14 23:00:00,,544.751
2013-08-15 00:00:00,,544.75
2013-08-15 01:00:00,,544.752
2013-08-15 02:00:00,,544.754
2013-08-15 03:00:00,,544.768
2013-08-15 04:00:00,,544.768
2013-08-15 05:00:00,,544.763
2013-08-15 06:00:00,,544.766
2013-08-15 07:00:00,,544.76
2013-08-15 08:00:00,,544.75
2013-08-15 09:00:00,,544.754
2013-08-15 10:00:00,,544.757
2013-08-15 11:00:00,,544.761
2013-08-15 12:00:00,,544.762
2013-08-15 13:00:00,,544.781
2013-08-15 14:00:00,,544.788
2013-08-15 15:00:00,,544.787
2013-08-15 16:00:00,,544.791
2013-08-15 17:00:00,,544.792
2013-08-15 18:00:00,,544.784
2013-08-15 19:00:00,,544.787
2013-08-15 20:00:00,,544.78
2013-08-15 21:00:00,,544.777
2013-08-15 22:00:00,,544.783
2013-08-15 23:00:00,,544.784
2013-08-16 00:00:00,,544.789
2013-08-16 01:00:00,,544.783
2013-08-16 02:00:00,,544.78
2013-08-16 03:00:00,,544.787
2013-08-16 04:00:00,,544.796
2013-08-16 05:00:00,,544.791
2013-08-16 06:00:00,,544.782
2013-08-16 07:00:00,,544.777
2013-08-16 08:00:00,,544.777
2013-08-16 09:00:00,,544.78
2013-08-16 10:00:00,,544.766
2013-08-16 11:00:00,,544.776
2013-08-16 12:00:00,,544.788
2013-08-16 13:00:00,,544.794
2013-08-16 14:00:00,,544.808
2013-08-16 15:00:00,,544.805
2013-08-16 16:00:00,,544.804
2013-08-16 17:00:00,,544.797
2013-08-16 18:00:00,,544.789
2013-08-16 19:00:00,,544.791
2013-08-16 20:00:00,,544.78
2013-08-16 21:00:00,,544.774
2013-08-16 22:00:00,,544.761
2013-08-16 23:00:00,,544.76
2013-08-17 00:00:00,,544.764
2013-08-17 01:00:00,,544.762
2013-08-17 02:00:00,,544.771
2013-08-17 03:00:00,,544.768
2013-08-17 04:00:00,,544.764
2013-08-17 05:00:00,,544.76
2013-08-17 06:00:00,,544.766
2013-08-17 07:00:00,,544.749
2013-08-17 08:00:00,,544.754
2013-08-17 09:00:00,,544.741
2013-08-17 10:00:00,,544.735
2013-08-17 11:00:00,,544.74
2013-08-17 12:00:00,,544.753
2013-08-17 13:00:00,,544.762
2013-08-17 14:00:00,,544.765
2013-08-17 15:00:00,,544.77
2013-08-17 16:00:00,,544.774
2013-08-17 17:00:00,,544.771
2013-08-17 18:00:00,,544.764
2013-08-17 19:00:00,,544.762
2013-08-17 20:00:00,,544.752
2013-08-17 21:00:00,,544.754
2013-08-17 22:00:00,,544.749
2013-08-17 23:00:00,,544.758
2013-08-18 00:00:00,,544.754
2013-08-18 01:00:00,,544.763
2013-08-18 02:00:00,,544.772
2013-08-18 03:00:00,,544.777
2013-08-18 04:00:00,,544.77
2013-08-18 05:00:00,,544.768
2013-08-18 06:00:00,,544.769
2013-08-18 07:00:00,,544.753
2013-08-18 08:00:00,,544.747
2013-08-18 09:00:00,,544.747
2013-08-18 10:00:00,,544.749
2013-08-18 11:00:00,,544.755
2013-08-18 12:00:00,,544.756
2013-08-18 13:00:00,,544.776
2013-08-18 14:00:00,,544.774
2013-08-18 15:00:00,,544.786
2013-08-18 16:00:00,,544.797
2013-08-18 17:00:00,,544.787
2013-08-18 18:00:00,,544.782
2013-08-18 19:00:00,,544.782
2013-08-18 20:00:00,,544.762
2013-08-18 21:00:00,,544.757
2013-08-18 22:00:00,,544.753
2013-08-18 23:00:00,,544.76
2013-08-19 00:00:00,,544.754
2013-08-19 01:00:00,,544.768
2013-08-19 02:00:00,,544.768
2013-08-19 03:00:00,,544.777
2013-08-19 04:00:00,,544.771
2013-08-19 05:00:00,,544.77
2013-08-19 06:00:00,,544.773
2013-08-19 07:00:00,,544.768
2013-08-19 08:00:00,,544.751
2013-08-19 09:00:00,,544.759
2013-08-19 10:00:00,,544.759
2013-08-19 11:00:00,,544.764
2013-08-19 12:00:00,,544.766
2013-08-19 13:00:00,,544.78
2013-08-19 14:00:00,,544.784
2013-08-19 15:00:00,,544.784
2013-08-19 16:00:00,,544.787
2013-08-19 17:00:00,,544.797
2013-08-19 18:00:00,,544.785
2013-08-19 19:00:00,,544.78
2013-08-19 20:00:00,,544.779
2013-08-19 21:00:00,,544.765
2013-08-19 22:00:00,,544.77
2013-08-19 23:00:00,,544.757
2013-08-20 00:00:00,,544.768
2013-08-20 01:00:00,,544.764
2013-08-20 02:00:00,,544.761
2013-08-20 03:00:00,,544.765
2013-08-20 04:00:00,,544.779
2013-08-20 05:00:00,,544.77
2013-08-20 06:00:00,,544.773
2013-08-20 07:00:00,,544.76
2013-08-20 08:00:00,,544.756
2013-08-20 09:00:00,,544.753
2013-08-20 10:00:00,,544.749
2013-08-20 11:00:00,,544.75
2013-08-20 12:00:00,,544.758
2013-08-20 13:00:00,,544.773
2013-08-20 14:00:00,,544.773
2013-08-20 15:00:00,,544.792
2013-08-20 16:00:00,,544.79
2013-08-20 17:00:00,,544.782
2013-08-20 18:00:00,,544.789
2013-08-20 19:00:00,,544.781
2013-08-20 20:00:00,,544.766
2013-08-20 21:00:00,,544.758
2013-08-20 22:00:00,,544.751
2013-08-20 23:00:00,,544.749
2013-08-21 00:00:00,,544.749
2013-08-21 01:00:00,,544.759
2013-08-21 02:00:00,,544.756
2013-08-21 03:00:00,,544.774
2013-08-21 04:00:00,,544.768
2013-08-21 05:00:00,,544.775
2013-08-21 06:00:00,,544.772
2013-08-21 07:00:00,,544.761
2013-08-21 08:00:00,,544.759
2013-08-21 09:00:00,,544.75
2013-08-21 10:00:00,,544.748
2013-08-21 11:00:00,,544.762
2013-08-21 12:00:00,,544.755
2013-08-21 13:00:00,,544.77
2013-08-21 14:00:00,,544.776
2013-08-21 15:00:00,,544.782
2013-08-21 16:00:00,,544.796
2013-08-21 17:00:00,,544.784
2013-08-21 18:00:00,,544.781
2013-08-21 19:00:00,,544.783
2013-08-21 20:00:00,,544.772
2013-08-21 21:00:00,,544.765
2013-08-21 22:00:00,,544.763
2013-08-21 23:00:00,,544.75
2013-08-22 00:00:00,,544.745
2013-08-22 01:00:00,,544.753
2013-08-22 02:00:00,,544.756
2013-08-22 03:00:00,,544.757
2013-08-22 04:00:00,,544.765
2013-08-22 05:00:00,,544.767
2013-08-22 06:00:00,,544.761
2013-08-22 07:00:00,,544.763
2013-08-22 08:00:00,,544.748
2013-08-22 09:00:00,,544.754
2013-08-22 10:00:00,,544.741
2013-08-22 11:00:00,,544.747
2013-08-22 12:00:00,,544.76
2013-08-22 13:00:00,,544.756
2013-08-22 14:00:00,,544.766
2013-08-22 15:00:00,,544.778
2013-08-22 16:00:00,,544.779
2013-08-22 17:00:00,,544.779
2013-08-22 18:00:00,,544.781
2013-08-22 19:00:00,,544.769
2013-08-22 20:00:00,,544.766
2013-08-22 21:00:00,,544.756
2013-08-22 22:00:00,,544.756
2013-08-22 23:00:00,,544.759
2013-08-23 00:00:00,,544.753
2013-08-23 01:00:00,,544.752
2013-08-23 02:00:00,,544.758
2013-08-23 03:00:00,,544.761
2013-08-23 04:00:00,,544.762
2013-08-23 05:00:00,,544.758
2013-08-23 06:00:00,,544.759
2013-08-23 07:00:00,,544.758
2013-08-23 08:00:00,,544.747
2013-08-23 09:00:00,,544.753
2013-08-23 10:00:00,,544.752
2013-08-23 11:00:00,,544.753
2013-08-23 12:00:00,,544.761
2013-08-23 13:00:00,,544.763
2013-08-23 14:00:00,,544.779
2013-08-23 15:00:00,,544.774
2013-08-23 16:00:00,,544.777
2013-08-23 17:00:00,,544.784
2013-08-23 18:00:00,,544.78
2013-08-23 19:00:00,,544.775
2013-08-23 20:00:00,,544.769
2013-08-23 21:00:00,,544.758
2013-08-23 22:00:00,,544.753
2013-08-23 23:00:00,,544.759
2013-08-24 00:00:00,,544.75
2013-08-24 01:00:00,,544.75
2013-08-24 02:00:00,,544.758
2013-08-24 03:00:00,,544.77
2013-08-24 04:00:00,,544.765
2013-08-24 05:00:00,,544.761
2013-08-24 06:00:00,,544.759
2013-08-24 07:00:00,,544.759
2013-08-24 08:00:00,,544.749
2013-08-24 09:00:00,,544.755
2013-08-24 10:00:00,,544.746
2013-08-24 11:00:00,,544.749
2013-08-24 12:00:00,,544.759
2013-08-24 13:00:00,,544.768
2013-08-24 14:00:00,,544.786
2013-08-24 15:00:00,,544.787
2013-08-24 16:00:00,,544.795
2013-08-24 17:00:00,,544.785
2013-08-24 18:00:00,,544.782
2013-08-24 19:00:00,,544.789
2013-08-24 20:00:00,,544.771
2013-08-24 21:00:00,,544.767
2013-08-24 22:00:00,,544.761
2013-08-24 23:00:00,,544.763
2013-08-25 00:00:00,,544.761
2013-08-25 01:00:00,,544.755
2013-08-25 02:00:00,,544.77
2013-08-25 03:00:00,,544.766
2013-08-25 04:00:00,,544.769
2013-08-25 05:00:00,,544.776
2013-08-25 06:00:00,,544.773
2013-08-25 07:00:00,,544.762
2013-08-25 08:00:00,,544.754
2013-08-25 09:00:00,,544.758
2013-08-25 10:00:00,,544.761
2013-08-25 11:00:00,,544.765
2013-08-25 12:00:00,,544.764
2013-08-25 13:00:00,,544.769
2013-08-25 14:00:00,,544.789
2013-08-25 15:00:00,,544.784
2013-08-25 16:00:00,,544.792
2013-08-25 17:00:00,,544.802
2013-08-25 18:00:00,,544.786
2013-08-25 19:00:00,,544.779
2013-08-25 20:00:00,,544.773
2013-08-25 21:00:00,,544.774
2013-08-25 22:00:00,,544.77
2013-08-25 23:00:00,,544.763
2013-08-26 00:00:00,,544.773
2013-08-26 01:00:00,,544.769
2013-08-26 02:00:00,,544.774
2013-08-26 03:00:00,,544.772
2013-08-26 04:00:00,,544.774
2013-08-26 05:00:00,,544.774
2013-08-26 06:00:00,,544.771
2013-08-26 07:00:00,,544.773
2013-08-26 08:00:00,,544.763
2013-08-26 09:00:00,,544.755
2013-08-26 10:00:00,,544.762
2013-08-26 11:00:00,,544.764
2013-08-26 12:00:00,,544.772
2013-08-26 13:00:00,,544.779
2013-08-26 14:00:00,,544.792
2013-08-26 15:00:00,,544.795
2013-08-26 16:00:00,,544.796
2013-08-26 17:00:00,,544.792
2013-08-26 18:00:00,,544.794
2013-08-26 19:00:00,,544.789
2013-08-26 20:00:00,,544.789
2013-08-26 21:00:00,,544.777
2013-08-26 22:00:00,,544.779
2013-08-26 23:00:00,,544.769
2013-08-27 00:00:00,,544.774
2013-08-27 01:00:00,,544.773
2013-08-27 02:00:00,,544.783
2013-08-27 03:00:00,,544.778
2013-08-27 04:00:00,,544.779
2013-08-27 05:00:00,,544.777
2013-08-27 06:00:00,,544.778
2013-08-27 07:00:00,,544.775
2013-08-27 08:00:00,,544.772
2013-08-27 09:00:00,,544.769
2013-08-27 10:00:00,,544.758
2013-08-27 11:00:00,,544.762
2013-08-27 12:00:00,,544.774
2013-08-27 13:00:00,,544.779
2013-08-27 14:00:00,,544.781
2013-08-27 15:00:00,,544.788
2013-08-27 16:00:00,,544.797
2013-08-27 17:00:00,,544.791
2013-08-27 18:00:00,,544.797
2013-08-27 19:00:00,,544.787
2013-08-27 20:00:00,,544.781
2013-08-27 21:00:00,,544.777
2013-08-27 22:00:00,,544.775
2013-08-27 23:00:00,,544.77
2013-08-28 00:00:00,,544.779
2013-08-28 01:00:00,,544.778
2013-08-28 02:00:00,,544.776
2013-08-28 03:00:00,,544.791
2013-08-28 04:00:00,,544.784
2013-08-28 05:00:00,,544.79
2013-08-28 06:00:00,,544.786
2013-08-28 07:00:00,,544.784
2013-08-28 08:00:00,,544.776
2013-08-28 09:00:00,,544.777
2013-08-28 10:00:00,,544.77
2013-08-28 11:00:00,,544.776
2013-08-28 12:00:00,,544.787
2013-08-28 13:00:00,,544.79
2013-08-28 14:00:00,,544.793
2013-08-28 15:00:00,,544.799
2013-08-28 16:00:00,,544.802
2013-08-28 17:00:00,,544.807
2013-08-28 18:00:00,,544.798
2013-08-28 19:00:00,,544.79
2013-08-28 20:00:00,,544.788
2013-08-28 21:00:00,,544.782
2013-08-28 22:00:00,,544.775
2013-08-28 23:00:00,,544.786
2013-08-29 00:00:00,,544.787
2013-08-29 01:00:00,,544.777
2013-08-29 02:00:00,,544.78
2013-08-29 03:00:00,,544.793
2013-08-29 04:00:00,,544.796
2013-08-29 05:00:00,,544.795
2013-08-29 06:00:00,,544.778
2013-08-29 07:00:00,,544.773
2013-08-29 08:00:00,,544.768
2013-08-29 09:00:00,,544.77
2013-08-29 10:00:00,,544.774
2013-08-29 11:00:00,,544.772
2013-08-29 12:00:00,,544.774
2013-08-29 13:00:00,,544.785
2013-08-29 14:00:00,,544.8
2013-08-29 15:00:00,,544.792
2013-08-29 16:00:00,,544.805
2013-08-29 17:00:00,,544.798
2013-08-29 18:00:00,,544.798
2013-08-29 19:00:00,,544.782
2013-08-29 20:00:00,,544.774
2013-08-29 21:00:00,,544.775
2013-08-29 22:00:00,,544.772
2013-08-29 23:00:00,,544.773
2013-08-30 00:00:00,,544.776
2013-08-30 01:00:00,,544.771
2013-08-30 02:00:00,,544.774
2013-08-30 03:00:00,,544.777
2013-08-30 04:00:00,,544.781
2013-08-30 05:00:00,,544.779
2013-08-30 06:00:00,,544.772
2013-08-30 07:00:00,,544.772
2013-08-30 08:00:00,,544.765
2013-08-30 09:00:00,,544.764
2013-08-30 10:00:00,,544.772
2013-08-30 11:00:00,,544.771
2013-08-30 12:00:00,,544.782
2013-08-30 13:00:00,,544.786
2013-08-30 14:00:00,,544.789
2013-08-30 15:00:00,,544.8
2013-08-30 16:00:00,,544.808
2013-08-30 17:00:00,,544.795
2013-08-30 18:00:00,,544.79
2013-08-30 19:00:00,,544.783
2013-08-30 20:00:00,,544.785
2013-08-30 21:00:00,,544.78
2013-08-30 22:00:00,,544.771
2013-08-30 23:00:00,,544.78
2013-08-31 00:00:00,,544.784
2013-08-31 01:00:00,,544.781
2013-08-31 02:00:00,,544.781
2013-08-31 03:00:00,,544.786
2013-08-31 04:00:00,,544.789
2013-08-31 05:00:00,,544.786
2013-08-31 06:00:00,,544.771
2013-08-31 07:00:00,,544.77
2013-08-31 08:00:00,,544.773
2013-08-31 09:00:00,,544.757
2013-08-31 10:00:00,,544.769
2013-08-31 11:00:00,,544.767
2013-08-31 12:00:00,,544.774
2013-08-31 13:00:00,,544.786
2013-08-31 14:00:00,,544.782
2013-08-31 15:00:00,,544.791
2013-08-31 16:00:00,,544.799
2013-08-31 17:00:00,,544.79
2013-08-31 18:00:00,,544.786
2013-08-31 19:00:00,,544.778
2013-08-31 20:00:00,,544.766
2013-08-31 21:00:00,,544.766
2013-08-31 22:00:00,,544.762
2013-08-31 23:00:00,,544.759
2013-09-01 00:00:00,,544.771
2013-09-01 01:00:00,,544.775
2013-09-01 02:00:00,,544.766
2013-09-01 03:00:00,,544.773
2013-09-01 04:00:00,,544.781
2013-09-01 05:00:00,,544.773
2013-09-01 06:00:00,,544.773
2013-09-01 07:00:00,,544.767
2013-09-01 08:00:00,,544.755
2013-09-01 09:00:00,,544.754
2013-09-01 10:00:00,,544.754
2013-09-01 11:00:00,,544.764
2013-09-01 12:00:00,,544.764
2013-09-01 13:00:00,,544.768
2013-09-01 14:00:00,,544.777
2013-09-01 15:00:00,,544.781
2013-09-01 16:00:00,,544.783
2013-09-01 17:00:00,,544.782
2013-09-01 18:00:00,,544.788
2013-09-01 19:00:00,,544.776
2013-09-01 20:00:00,,544.773
2013-09-01 21:00:00,,544.767
2013-09-01 22:00:00,,544.766
2013-09-01 23:00:00,,544.764
2013-09-02 00:00:00,,544.755
2013-09-02 01:00:00,,544.757
2013-09-02 02:00:00,,544.773
2013-09-02 03:00:00,,544.765
2013-09-02 04:00:00,,544.764
2013-09-02 05:00:00,,544.766
2013-09-02 06:00:00,,544.758
2013-09-02 07:00:00,,544.754
2013-09-02 08:00:00,,544.745
2013-09-02 09:00:00,,544.747
2013-09-02 10:00:00,,544.754
2013-09-02 11:00:00,,544.749
2013-09-02 12:00:00,,544.754
2013-09-02 13:00:00,,544.772
2013-09-02 14:00:00,,544.777
2013-09-02 15:00:00,,544.786
2013-09-02 16:00:00,,544.787
2013-09-02 17:00:00,,544.792
2013-09-02 18:00:00,,544.787
2013-09-02 19:00:00,,544.78
2013-09-02 20:00:00,,544.779
2013-09-02 21:00:00,,544.762
2013-09-02 22:00:00,,544.757
2013-09-02 23:00:00,,544.769
2013-09-03 00:00:00,,544.773
2013-09-03 01:00:00,,544.764
2013-09-03 02:00:00,,544.78
2013-09-03 03:00:00,,544.773
2013-09-03 04:00:00,,544.775
2013-09-03 05:00:00,,544.772
2013-09-03 06:00:00,,544.778
2013-09-03 07:00:00,,544.767
2013-09-03 08:00:00,,544.762
2013-09-03 09:00:00,,544.767
2013-09-03 10:00:00,,544.761
2013-09-03 11:00:00,,544.76
2013-09-03 12:00:00,,544.767
2013-09-03 13:00:00,,544.773
2013-09-03 14:00:00,,544.794
2013-09-03 15:00:00,,544.801
2013-09-03 16:00:00,,544.793
2013-09-03 17:00:00,,544.795
2013-09-03 18:00:00,,544.798
2013-09-03 19:00:00,,544.779
2013-09-03 20:00:00,,544.776
2013-09-03 21:00:00,,544.765
2013-09-03 22:00:00,,544.765
2013-09-03 23:00:00,,544.772
2013-09-04 00:00:00,,544.762
2013-09-04 01:00:00,,544.769
2013-09-04 02:00:00,,544.776
2013-09-04 03:00:00,,544.777
2013-09-04 04:00:00,,544.773
2013-09-04 05:00:00,,544.77
2013-09-04 06:00:00,,544.769
2013-09-04 07:00:00,,544.771
2013-09-04 08:00:00,,544.766
2013-09-04 09:00:00,,544.756
2013-09-04 10:00:00,,544.758
2013-09-04 11:00:00,,544.762
2013-09-04 12:00:00,,544.777
2013-09-04 13:00:00,,544.778
2013-09-04 14:00:00,,544.788
2013-09-04 15:00:00,,544.797
2013-09-04 16:00:00,,544.793
2013-09-04 17:00:00,,544.796
2013-09-04 18:00:00,,544.799
2013-09-04 19:00:00,,544.785
2013-09-04 20:00:00,,544.769
2013-09-04 21:00:00,,544.767
2013-09-04 22:00:00,,544.769
2013-09-04 23:00:00,,544.759
2013-09-05 00:00:00,,544.762
2013-09-05 01:00:00,,544.772
2013-09-05 02:00:00,,544.765
2013-09-05 03:00:00,,544.769
2013-09-05 04:00:00,,544.772
2013-09-05 05:00:00,,544.781
2013-09-05 06:00:00,,544.777
2013-09-05 07:00:00,,544.775
2013-09-05 08:00:00,,544.758
2013-09-05 09:00:00,,544.759
2013-09-05 10:00:00,,544.767
2013-09-05 11:00:00,,544.769
2013-09-05 12:00:00,,544.77
2013-09-05 13:00:00,,544.774
2013-09-05 14:00:00,,544.794
2013-09-05 15:00:00,,544.793
2013-09-05 16:00:00,,544.796
2013-09-05 17:00:00,,544.803
2013-09-05 18:00:00,,544.798
2013-09-05 19:00:00,,544.778
2013-09-05 20:00:00,,544.77
2013-09-05 21:00:00,,544.762
2013-09-05 22:00:00,,544.76
2013-09-05 23:00:00,,544.771
2013-09-06 00:00:00,,544.772
2013-09-06 01:00:00,,544.767
2013-09-06 02:00:00,,544.765
2013-09-06 03:00:00,,544.78
2013-09-06 04:00:00,,544.777
2013-09-06 05:00:00,,544.77
2013-09-06 06:00:00,,544.78
2013-09-06 07:00:00,,544.767
2013-09-06 08:00:00,,544.761
2013-09-06 09:00:00,,544.754
2013-09-06 10:00:00,,544.754
2013-09-06 11:00:00,,544.758
2013-09-06 12:00:00,,544.765
2013-09-06 13:00:00,,544.777
2013-09-06 14:00:00,,544.785
2013-09-06 15:00:00,,544.804
2013-09-06 16:00:00,,544.808
2013-09-06 17:00:00,,544.801
2013-09-06 18:00:00,,544.8
2013-09-06 19:00:00,,544.795
2013-09-06 20:00:00,,544.795
2013-09-06 21:00:00,,544.777
2013-09-06 22:00:00,,544.776
2013-09-06 23:00:00,,544.77
2013-09-07 00:00:00,,544.771
2013-09-07 01:00:00,,544.772
2013-09-07 02:00:00,,544.776
2013-09-07 03:00:00,,544.779
2013-09-07 04:00:00,,544.782
2013-09-07 05:00:00,,544.781
2013-09-07 06:00:00,,544.784
2013-09-07 07:00:00,,544.769
2013-09-07 08:00:00,,544.771
2013-09-07 09:00:00,,544.773
2013-09-07 10:00:00,,544.766
2013-09-07 11:00:00,,544.768
2013-09-07 12:00:00,,544.774
2013-09-07 13:00:00,,544.781
2013-09-07 14:00:00,,544.802
2013-09-07 15:00:00,,544.802
2013-09-07 16:00:00,,544.805
2013-09-07 17:00:00,,544.8
2013-09-07 18:00:00,,544.796
2013-09-07 19:00:00,,544.793
2013-09-07 20:00:00,,544.781
2013-09-07 21:00:00,,544.779
2013-09-07 22:00:00,,544.774
2013-09-07 23:00:00,,544.769
2013-09-08 00:00:00,,544.768
2013-09-08 01:00:00,,544.778
2013-09-08 02:00:00,,544.786
2013-09-08 03:00:00,,544.783
2013-09-08 04:00:00,,544.792
2013-09-08 05:00:00,,544.788
2013-09-08 06:00:00,,544.777
2013-09-08 07:00:00,,544.778
2013-09-08 08:00:00,,544.773
2013-09-08 09:00:00,,544.771
2013-09-08 10:00:00,,544.777
2013-09-08 11:00:00,,544.769
2013-09-08 12:00:00,,544.785
2013-09-08 13:00:00,,544.789
2013-09-08 14:00:00,,544.803
2013-09-08 15:00:00,,544.8
2013-09-08 16:00:00,,544.81
2013-09-08 17:00:00,,544.816
2013-09-08 18:00:00,,544.802
2013-09-08 19:00:00,,544.8
2013-09-08 20:00:00,,544.798
2013-09-08 21:00:00,,544.785
2013-09-08 22:00:00,,544.776
2013-09-08 23:00:00,,544.784
2013-09-09 00:00:00,,544.773
2013-09-09 01:00:00,,544.776
2013-09-09 02:00:00,,544.785
2013-09-09 03:00:00,,544.79
2013-09-09 04:00:00,,544.793
2013-09-09 05:00:00,,544.792
2013-09-09 06:00:00,,544.788
2013-09-09 07:00:00,,544.786
2013-09-09 08:00:00,,544.781
2013-09-09 09:00:00,,544.774
2013-09-09 10:00:00,,544.776
2013-09-09 11:00:00,,544.78
2013-09-09 12:00:00,,544.791
2013-09-09 13:00:00,,544.805
2013-09-09 14:00:00,,544.801
2013-09-09 15:00:00,,544.818
2013-09-09 16:00:00,,544.813
2013-09-09 17:00:00,,544.82
2013-09-09 18:00:00,,544.816
2013-09-09 19:00:00,,544.807
2013-09-09 20:00:00,,544.794
2013-09-09 21:00:00,,544.793
2013-09-09 22:00:00,,544.785
2013-09-09 23:00:00,,544.79
2013-09-10 00:00:00,,544.784
2013-09-10 01:00:00,,544.793
2013-09-10 02:00:00,,544.793
2013-09-10 03:00:00,,544.803
2013-09-10 04:00:00,,544.795
2013-09-10 05:00:00,,544.793
2013-09-10 06:00:00,,544.8
2013-09-10 07:00:00,,544.793
2013-09-10 08:00:00,,544.787
2013-09-10 09:00:00,,544.784
2013-09-10 10:00:00,,544.782
2013-09-10 11:00:00,,544.785
2013-09-10 12:00:00,,544.787
2013-09-10 13:00:00,,544.789
2013-09-10 14:00:00,,544.801
2013-09-10 15:00:00,,544.812
2013-09-10 16:00:00,,544.808
2013-09-10 17:00:00,,544.803
2013-09-10 18:00:00,,544.812
2013-09-10 19:00:00,,544.8
2013-09-10 20:00:00,,544.792
2013-09-10 21:00:00,,544.787
2013-09-10 22:00:00,,544.777
2013-09-10 23:00:00,,544.785
2013-09-11 00:00:00,,544.774
2013-09-11 01:00:00,,544.783
2013-09-11 02:00:00,,544.776
2013-09-11 03:00:00,,544.787
2013-09-11 04:00:00,,544.788
2013-09-11 05:00:00,,544.784
2013-09-11 06:00:00,,544.781
2013-09-11 07:00:00,,544.77
2013-09-11 08:00:00,,544.766
2013-09-11 09:00:00,,544.772
2013-09-11 10:00:00,,544.771
2013-09-11 11:00:00,,544.77
2013-09-11 12:00:00,,544.777
2013-09-11 13:00:00,,544.786
2013-09-11 14:00:00,,544.804
2013-09-11 15:00:00,,544.81
2013-09-11 16:00:00,,544.807
2013-09-11 17:00:00,,544.803
2013-09-11 18:00:00,,544.795
2013-09-11 19:00:00,,544.796
2013-09-11 20:00:00,,544.79
2013-09-11 21:00:00,,544.784
2013-09-11 22:00:00,,544.776
2013-09-11 23:00:00,,544.782
2013-09-12 00:00:00,,544.783
2013-09-12 01:00:00,,544.787
2013-09-12 02:00:00,,544.797
2013-09-12 03:00:00,,544.795
2013-09-12 04:00:00,,544.799
2013-09-12 05:00:00,,544.788
2013-09-12 06:00:00,,544.777
2013-09-12 07:00:00,,544.775
2013-09-12 08:00:00,,544.784
2013-09-12 09:00:00,,544.774
2013-09-12 10:00:00,,544.773
2013-09-12 11:00:00,,544.773
2013-09-12 12:00:00,,544.784
2013-09-12 13:00:00,,544.786
2013-09-12 14:00:00,,544.804
2013-09-12 15:00:00,,544.8
2013-09-12 16:00:00,,544.81
2013-09-12 17:00:00,,544.802
2013-09-12 18:00:00,,544.794
2013-09-12 19:00:00,,544.8
2013-09-12 20:00:00,,544.785
2013-09-12 21:00:00,,544.786
2013-09-12 22:00:00,,544.784
2013-09-12 23:00:00,,544.777
2013-09-13 00:00:00,,544.786
2013-09-13 01:00:00,,544.776
2013-09-13 02:00:00,,544.79
2013-09-13 03:00:00,,544.791
2013-09-13 04:00:00,,544.784
2013-09-13 05:00:00,,544.777
2013-09-13 06:00:00,,544.783
2013-09-13 07:00:00,,544.779
2013-09-13 08:00:00,,544.763
2013-09-13 09:00:00,,544.76
2013-09-13 10:00:00,,544.776
2013-09-13 11:00:00,,544.773
2013-09-13 12:00:00,,544.781
2013-09-13 13:00:00,,544.791
2013-09-13 14:00:00,,544.794
2013-09-13 15:00:00,,544.801
2013-09-13 16:00:00,,544.814
2013-09-13 17:00:00,,544.802
2013-09-13 18:00:00,,544.797
2013-09-13 19:00:00,,544.792
2013-09-13 20:00:00,,544.787
2013-09-13 21:00:00,,544.786
2013-09-13 22:00:00,,544.789
2013-09-13 23:00:00,,544.784
2013-09-14 00:00:00,,544.783
2013-09-14 01:00:00,,544.784
2013-09-14 02:00:00,,544.799
2013-09-14 03:00:00,,544.8
2013-09-14 04:00:00,,544.8
2013-09-14 05:00:00,,544.797
2013-09-14 06:00:00,,544.782
2013-09-14 07:00:00,,544.776
2013-09-14 08:00:00,,544.785
2013-09-14 09:00:00,,544.771
2013-09-14 10:00:00,,544.781
2013-09-14 11:00:00,,544.78
2013-09-14 12:00:00,,544.796
2013-09-14 13:00:00,,544.803
2013-09-14 14:00:00,,544.808
2013-09-14 15:00:00,,544.826
2013-09-14 16:00:00,,544.828
2013-09-14 17:00:00,,544.813
2013-09-14 18:00:00,,544.809
2013-09-14 19:00:00,,544.802
2013-09-14 20:00:00,,544.805
2013-09-14 21:00:00,,544.792
2013-09-14 22:00:00,,544.796
2013-09-14 23:00:00,,544.783
2013-09-15 00:00:00,,544.797
2013-09-15 01:00:00,,544.793
2013-09-15 02:00:00,,544.801
2013-09-15 03:00:00,,544.798
2013-09-15 04:00:00,,544.788
2013-09-15 05:00:00,,544.785
2013-09-15 06:00:00,,544.791
2013-09-15 07:00:00,,544.785
2013-09-15 08:00:00,,544.769
2013-09-15 09:00:00,,544.773
2013-09-15 10:00:00,,544.78
2013-09-15 11:00:00,,544.787
2013-09-15 12:00:00,,544.79
2013-09-15 13:00:00,,544.798
2013-09-15 14:00:00,,544.802
2013-09-15 15:00:00,,544.82
2013-09-15 16:00:00,,544.814
2013-09-15 17:00:00,,544.819
2013-09-15 18:00:00,,544.8
2013-09-15 19:00:00,,544.792
2013-09-15 20:00:00,,544.788
2013-09-15 21:00:00,,544.787
2013-09-15 22:00:00,,544.776
2013-09-15 23:00:00,,544.775
2013-09-16 00:00:00,,544.781
2013-09-16 01:00:00,,544.784
2013-09-16 02:00:00,,544.78
2013-09-16 03:00:00,,544.792
2013-09-16 04:00:00,,544.779
2013-09-16 05:00:00,,544.776
2013-09-16 06:00:00,,544.769
2013-09-16 07:00:00,,544.775
2013-09-16 08:00:00,,544.764
2013-09-16 09:00:00,,544.756
2013-09-16 10:00:00,,544.764
2013-09-16 11:00:00,,544.774
2013-09-16 12:00:00,,544.778
2013-09-16 13:00:00,,544.787
2013-09-16 14:00:00,,544.788
2013-09-16 15:00:00,,544.794
2013-09-16 16:00:00,,544.799
2013-09-16 17:00:00,,544.794
2013-09-16 18:00:00,,544.79
2013-09-16 19:00:00,,544.786
2013-09-16 20:00:00,,544.776
2013-09-16 21:00:00,,544.775
2013-09-16 22:00:00,,544.776
2013-09-16 23:00:00,,544.777
2013-09-17 00:00:00,,544.785
2013-09-17 01:00:00,,544.782
2013-09-17 02:00:00,,544.784
2013-09-17 03:00:00,,544.792
2013-09-17 04:00:00,,544.782
2013-09-17 05:00:00,,544.795
2013-09-17 06:00:00,,544.78
2013-09-17 07:00:00,,544.779
2013-09-17 08:00:00,,544.774
2013-09-17 09:00:00,,544.772
2013-09-17 10:00:00,,544.765
2013-09-17 11:00:00,,544.782
2013-09-17 12:00:00,,544.792
2013-09-17 13:00:00,,544.797
2013-09-17 14:00:00,,544.802
2013-09-17 15:00:00,,544.82
2013-09-17 16:00:00,,544.819
2013-09-17 17:00:00,,544.819
2013-09-17 18:00:00,,544.822
2013-09-17 19:00:00,,544.809
2013-09-17 20:00:00,,544.8
2013-09-17 21:00:00,,544.801
2013-09-17 22:00:00,,544.791
2013-09-17 23:00:00,,544.786
2013-09-18 00:00:00,,544.788
2013-09-18 01:00:00,,544.801
2013-09-18 02:00:00,,544.805
2013-09-18 03:00:00,,544.799
2013-09-18 04:00:00,,544.795
2013-09-18 05:00:00,,544.798
2013-09-18 06:00:00,,544.8
2013-09-18 07:00:00,,544.778
2013-09-18 08:00:00,,544.773
2013-09-18 09:00:00,,544.767
2013-09-18 10:00:00,,544.765
2013-09-18 11:00:00,,544.764
2013-09-18 12:00:00,,544.775
2013-09-18 13:00:00,,544.78
2013-09-18 14:00:00,,544.797
2013-09-18 15:00:00,,544.812
2013-09-18 16:00:00,,544.81
2013-09-18 17:00:00,,544.808
2013-09-18 18:00:00,,544.807
2013-09-18 19:00:00,,544.803
2013-09-18 20:00:00,,544.793
2013-09-18 21:00:00,,544.78
2013-09-18 22:00:00,,544.785
2013-09-18 23:00:00,,544.775
2013-09-19 00:00:00,,544.78
2013-09-19 01:00:00,,544.784
2013-09-19 02:00:00,,544.776
2013-09-19 03:00:00,,544.781
2013-09-19 04:00:00,,544.788
2013-09-19 05:00:00,,544.786
2013-09-19 06:00:00,,544.783
2013-09-19 07:00:00,,544.772
2013-09-19 08:00:00,,544.766
2013-09-19 09:00:00,,544.763
2013-09-19 10:00:00,,544.769
2013-09-19 11:00:00,,544.768
2013-09-19 12:00:00,,544.774
2013-09-19 13:00:00,,544.785
2013-09-19 14:00:00,,544.801
2013-09-19 15:00:00,,544.802
2013-09-19 16:00:00,,544.804
2013-09-19 17:00:00,,544.803
2013-09-19 18:00:00,,544.807
2013-09-19 19:00:00,,544.799
2013-09-19 20:00:00,,544.779
2013-09-19 21:00:00,,544.778
2013-09-19 22:00:00,,544.774
2013-09-19 23:00:00,,544.767
2013-09-20 00:00:00,,544.774
2013-09-20 01:00:00,,544.774
2013-09-20 02:00:00,,544.777
2013-09-20 03:00:00,,544.787
2013-09-20 04:00:00,,544.788
2013-09-20 05:00:00,,544.774
2013-09-20 06:00:00,,544.78
2013-09-20 07:00:00,,544.772
2013-09-20 08:00:00,,544.774
2013-09-20 09:00:00,,544.757
2013-09-20 10:00:00,,544.762
2013-09-20 11:00:00,,544.765
2013-09-20 12:00:00,,544.769
2013-09-20 13:00:00,,544.79
2013-09-20 14:00:00,,544.794
2013-09-20 15:00:00,,544.804
2013-09-20 16:00:00,,544.808
2013-09-20 17:00:00,,544.815
2013-09-20 18:00:00,,544.806
2013-09-20 19:00:00,,544.807
2013-09-20 20:00:00,,544.788
2013-09-20 21:00:00,,544.787
2013-09-20 22:00:00,,544.787
2013-09-20 23:00:00,,544.781
2013-09-21 00:00:00,,544.787
2013-09-21 01:00:00,,544.778
2013-09-21 02:00:00,,544.782
2013-09-21 03:00:00,,544.785
2013-09-21 04:00:00,,544.788
2013-09-21 05:00:00,,544.787
2013-09-21 06:00:00,,544.778
2013-09-21 07:00:00,,544.783
2013-09-21 08:00:00,,544.777
2013-09-21 09:00:00,,544.762
2013-09-21 10:00:00,,544.775
2013-09-21 11:00:00,,544.77
2013-09-21 12:00:00,,544.783
2013-09-21 13:00:00,,544.799
2013-09-21 14:00:00,,544.795
2013-09-21 15:00:00,,544.805
2013-09-21 16:00:00,,544.81
2013-09-21 17:00:00,,544.806
2013-09-21 18:00:00,,544.814
2013-09-21 19:00:00,,544.798
2013-09-21 20:00:00,,544.797
2013-09-21 21:00:00,,544.786
2013-09-21 22:00:00,,544.788
2013-09-21 23:00:00,,544.793
2013-09-22 00:00:00,,544.793
2013-09-22 01:00:00,,544.796
2013-09-22 02:00:00,,544.786
2013-09-22 03:00:00,,544.792
2013-09-22 04:00:00,,544.797
2013-09-22 05:00:00,,544.79
2013-09-22 06:00:00,,544.783
2013-09-22 07:00:00,,544.78
2013-09-22 08:00:00,,544.782
2013-09-22 09:00:00,,544.775
2013-09-22 10:00:00,,544.771
2013-09-22 11:00:00,,544.783
2013-09-22 12:00:00,,544.785
2013-09-22 13:00:00,,544.799
2013-09-22 14:00:00,,544.802
2013-09-22 15:00:00,,544.808
2013-09-22 16:00:00,,544.817
2013-09-22 17:00:00,,544.822
2013-09-22 18:00:00,,544.81
2013-09-22 19:00:00,,544.81
2013-09-22 20:00:00,,544.8
2013-09-22 21:00:00,,544.805
2013-09-22 22:00:00,,544.801
2013-09-22 23:00:00,,544.801
2013-09-23 00:00:00,,544.79
2013-09-23 01:00:00,,544.797
2013-09-23 02:00:00,,544.799
2013-09-23 03:00:00,,544.796
2013-09-23 04:00:00,,544.808
2013-09-23 05:00:00,,544.809
2013-09-23 06:00:00,,544.798
2013-09-23 07:00:00,,544.785
2013-09-23 08:00:00,,544.775
2013-09-23 09:00:00,,544.773
2013-09-23 10:00:00,,544.776
2013-09-23 11:00:00,,544.787
2013-09-23 12:00:00,,544.786
2013-09-23 13:00:00,,544.808
2013-09-23 14:00:00,,544.804
2013-09-23 15:00:00,,544.816
2013-09-23 16:00:00,,544.825
2013-09-23 17:00:00,,544.822
2013-09-23 18:00:00,,544.818
2013-09-23 19:00:00,,544.807
2013-09-23 20:00:00,,544.795
2013-09-23 21:00:00,,544.793
2013-09-23 22:00:00,,544.786
2013-09-23 23:00:00,,544.785
2013-09-24 00:00:00,,544.788
2013-09-24 01:00:00,,544.794
2013-09-24 02:00:00,,544.796
2013-09-24 03:00:00,,544.792
2013-09-24 04:00:00,,544.801
2013-09-24 05:00:00,,544.793
2013-09-24 06:00:00,,544.784
2013-09-24 07:00:00,,544.78
2013-09-24 08:00:00,,544.785
2013-09-24 09:00:00,,544.772
2013-09-24 10:00:00,,544.773
2013-09-24 11:00:00,,544.779
2013-09-24 12:00:00,,544.784
2013-09-24 13:00:00,,544.79
2013-09-24 14:00:00,,544.792
2013-09-24 15:00:00,,544.802
2013-09-24 16:00:00,,544.812
2013-09-24 17:00:00,,544.805
2013-09-24 18:00:00,,544.803
2013-09-24 19:00:00,,544.8
2013-09-24 20:00:00,,544.789
2013-09-24 21:00:00,,544.78
2013-09-24 22:00:00,,544.779
2013-09-24 23:00:00,,544.78
2013-09-25 00:00:00,,544.786
2013-09-25 01:00:00,,544.79
2013-09-25 02:00:00,,544.781
2013-09-25 03:00:00,,544.788
2013-09-25 04:00:00,,544.79
2013-09-25 05:00:00,,544.786
2013-09-25 06:00:00,,544.781
2013-09-25 07:00:00,,544.78
2013-09-25 08:00:00,,544.77
2013-09-25 09:00:00,,544.767
2013-09-25 10:00:00,,544.771
2013-09-25 11:00:00,,544.771
2013-09-25 12:00:00,,544.788
2013-09-25 13:00:00,,544.784
2013-09-25 14:00:00,,544.794
2013-09-25 15:00:00,,544.81
2013-09-25 16:00:00,,544.801
2013-09-25 17:00:00,,544.806
2013-09-25 18:00:00,,544.799
2013-09-25 19:00:00,,544.793
2013-09-25 20:00:00,,544.787
2013-09-25 21:00:00,,544.785
2013-09-25 22:00:00,,544.776
2013-09-25 23:00:00,,544.781
2013-09-26 00:00:00,,544.788
2013-09-26 01:00:00,,544.777
2013-09-26 02:00:00,,544.778
2013-09-26 03:00:00,,544.79
2013-09-26 04:00:00,,544.789
2013-09-26 05:00:00,,544.778
2013-09-26 06:00:00,,544.77
2013-09-26 07:00:00,,544.766
2013-09-26 08:00:00,,544.773
2013-09-26 09:00:00,,544.757
2013-09-26 10:00:00,,544.767
2013-09-26 11:00:00,,544.769
2013-09-26 12:00:00,,544.772
2013-09-26 13:00:00,,544.775
2013-09-26 14:00:00,,544.787
2013-09-26 15:00:00,,544.8
2013-09-26 16:00:00,,544.789
2013-09-26 17:00:00,,544.793
2013-09-26 18:00:00,,544.802
2013-09-26 19:00:00,,544.786
2013-09-26 20:00:00,,544.78
2013-09-26 21:00:00,,544.789
2013-09-26 22:00:00,,544.776
2013-09-26 23:00:00,,544.779
2013-09-27 00:00:00,,544.786
2013-09-27 01:00:00,,544.788
2013-09-27 02:00:00,,544.793
2013-09-27 03:00:00,,544.793
2013-09-27 04:00:00,,544.791
2013-09-27 05:00:00,,544.792
2013-09-27 06:00:00,,544.782
2013-09-27 07:00:00,,544.776
2013-09-27 08:00:00,,544.769
2013-09-27 09:00:00,,544.772
2013-09-27 10:00:00,,544.776
2013-09-27 11:00:00,,544.787
2013-09-27 12:00:00,,544.786
2013-09-27 13:00:00,,544.794
2013-09-27 14:00:00,,544.795
2013-09-27 15:00:00,,544.809
2013-09-27 16:00:00,,544.807
2013-09-27 17:00:00,,544.805
2013-09-27 18:00:00,,544.801
2013-09-27 19:00:00,,544.796
2013-09-27 20:00:00,,544.79
2013-09-27 21:00:00,,544.779
2013-09-27 22:00:00,,544.788
2013-09-27 23:00:00,,544.782
2013-09-28 00:00:00,,544.787
2013-09-28 01:00:00,,544.798
2013-09-28 02:00:00,,544.789
2013-09-28 03:00:00,,544.797
2013-09-28 04:00:00,,544.793
2013-09-28 05:00:00,,544.794
2013-09-28 06:00:00,,544.793
2013-09-28 07:00:00,,544.774
2013-09-28 08:00:00,,544.764
2013-09-28 09:00:00,,544.76
2013-09-28 10:00:00,,544.757
2013-09-28 11:00:00,,544.767
2013-09-28 12:00:00,,544.765
2013-09-28 13:00:00,,544.775
2013-09-28 14:00:00,,544.774
2013-09-28 15:00:00,,544.781
2013-09-28 16:00:00,,544.79
2013-09-28 17:00:00,,544.787
2013-09-28 18:00:00,,544.799
2013-09-28 19:00:00,,544.792
2013-09-28 20:00:00,,544.782
2013-09-28 21:00:00,,544.774
2013-09-28 22:00:00,,544.78
2013-09-28 23:00:00,,544.789
2013-09-29 00:00:00,,544.783
2013-09-29 01:00:00,,544.79
2013-09-29 02:00:00,,544.788
2013-09-29 03:00:00,,544.797
2013-09-29 04:00:00,,544.809
2013-09-29 05:00:00,,544.805
2013-09-29 06:00:00,,544.798
2013-09-29 07:00:00,,544.782
2013-09-29 08:00:00,,544.782
2013-09-29 09:00:00,,544.78
2013-09-29 10:00:00,,544.774
2013-09-29 11:00:00,,544.782
2013-09-29 12:00:00,,544.784
2013-09-29 13:00:00,,544.791
2013-09-29 14:00:00,,544.809
2013-09-29 15:00:00,,544.814
2013-09-29 16:00:00,,544.817
2013-09-29 17:00:00,,544.814
2013-09-29 18:00:00,,544.803
2013-09-29 19:00:00,,544.807
2013-09-29 20:00:00,,544.792
2013-09-29 21:00:00,,544.795
2013-09-29 22:00:00,,544.779
2013-09-29 23:00:00,,544.78
2013-09-30 00:00:00,,544.795
2013-09-30 01:00:00,,544.793
2013-09-30 02:00:00,,544.791
2013-09-30 03:00:00,,544.801
2013-09-30 04:00:00,,544.801
2013-09-30 05:00:00,,544.803
2013-09-30 06:00:00,,544.8
2013-09-30 07:00:00,,544.785
2013-09-30 08:00:00,,544.784
2013-09-30 09:00:00,,544.791
2013-09-30 10:00:00,,544.79
2013-09-30 11:00:00,,544.794
2013-09-30 12:00:00,,544.795
2013-09-30 13:00:00,,544.81
2013-09-30 14:00:00,,544.807
2013-09-30 15:00:00,,544.825
2013-09-30 16:00:00,,544.815
2013-09-30 17:00:00,,544.824
2013-09-30 18:00:00,,544.815
2013-09-30 19:00:00,,544.804
2013-09-30 20:00:00,,544.802
2013-09-30 21:00:00,,544.801
2013-09-30 22:00:00,,544.789
2013-09-30 23:00:00,,544.784
2013-10-01 00:00:00,,544.79
2013-10-01 01:00:00,,544.795
2013-10-01 02:00:00,,544.797
2013-10-01 03:00:00,,544.804
2013-10-01 04:00:00,,544.804
2013-10-01 05:00:00,,544.807
2013-10-01 06:00:00,,544.8
2013-10-01 07:00:00,,544.793
2013-10-01 08:00:00,,544.777
2013-10-01 09:00:00,,544.772
2013-10-01 10:00:00,,544.774
2013-10-01 11:00:00,,544.77
2013-10-01 12:00:00,,544.776
2013-10-01 13:00:00,,544.79
2013-10-01 14:00:00,,544.787
2013-10-01 15:00:00,,544.798
2013-10-01 16:00:00,,544.8
2013-10-01 17:00:00,,544.793
2013-10-01 18:00:00,,544.798
2013-10-01 19:00:00,,544.785
2013-10-01 20:00:00,,544.777
2013-10-01 21:00:00,,544.778
2013-10-01 22:00:00,,544.774
2013-10-01 23:00:00,,544.768
2013-10-02 00:00:00,,544.772
2013-10-02 01:00:00,,544.779
2013-10-02 02:00:00,,544.789
2013-10-02 03:00:00,,544.788
2013-10-02 04:00:00,,544.788
2013-10-02 05:00:00,,544.782
2013-10-02 06:00:00,,544.771
2013-10-02 07:00:00,,544.775
2013-10-02 08:00:00,,544.762
2013-10-02 09:00:00,,544.76
2013-10-02 10:00:00,,544.769
2013-10-02 11:00:00,,544.769
2013-10-02 12:00:00,,544.774
2013-10-02 13:00:00,,544.78
2013-10-02 14:00:00,,544.794
2013-10-02 15:00:00,,544.801
2013-10-02 16:00:00,,544.812
2013-10-02 17:00:00,,544.806
2013-10-02 18:00:00,,544.809
2013-10-02 19:00:00,,544.796
2013-10-02 20:00:00,,544.786
2013-10-02 21:00:00,,544.778
2013-10-02 22:00:00,,544.769
2013-10-02 23:00:00,,544.766
2013-10-03 00:00:00,,544.768
2013-10-03 01:00:00,,544.777
2013-10-03 02:00:00,,544.776
2013-10-03 03:00:00,,544.782
2013-10-03 04:00:00,,544.784
2013-10-03 05:00:00,,544.777
2013-10-03 06:00:00,,544.773
2013-10-03 07:00:00,,544.776
2013-10-03 08:00:00,,544.771
2013-10-03 09:00:00,,544.761
2013-10-03 10:00:00,,544.759
2013-10-03 11:00:00,,544.774
2013-10-03 12:00:00,,544.775
2013-10-03 13:00:00,,544.784
2013-10-03 14:00:00,,544.79
2013-10-03 15:00:00,,544.8
2013-10-03 16:00:00,,544.804
2013-10-03 17:00:00,,544.799
2013-10-03 18:00:00,,544.795
2013-10-03 19:00:00,,544.787
2013-10-03 20:00:00,,544.781
2013-10-03 21:00:00,,544.776
2013-10-03 22:00:00,,544.767
2013-10-03 23:00:00,,544.774
2013-10-04 00:00:00,,544.781
2013-10-04 01:00:00,,544.781
2013-10-04 02:00:00,,544.795
2013-10-04 03:00:00,,544.798
2013-10-04 04:00:00,,544.793
2013-10-04 05:00:00,,544.791
2013-10-04 06:00:00,,544.783
2013-10-04 07:00:00,,544.789
2013-10-04 08:00:00,,544.774
2013-10-04 09:00:00,,544.778
2013-10-04 10:00:00,,544.781
2013-10-04 11:00:00,,544.779
2013-10-04 12:00:00,,544.782
2013-10-04 13:00:00,,544.798
2013-10-04 14:00:00,,544.816
2013-10-04 15:00:00,,544.817
2013-10-04 16:00:00,,544.816
2013-10-04 17:00:00,,544.826
2013-10-04 18:00:00,,544.822
2013-10-04 19:00:00,,544.804
2013-10-04 20:00:00,,544.801
2013-10-04 21:00:00,,544.794
2013-10-04 22:00:00,,544.785
2013-10-04 23:00:00,,544.785
2013-10-05 00:00:00,,544.792
2013-10-05 01:00:00,,544.801
2013-10-05 02:00:00,,544.806
2013-10-05 03:00:00,,544.803
2013-10-05 04:00:00,,544.81
2013-10-05 05:00:00,,544.803
2013-10-05 06:00:00,,544.796
2013-10-05 07:00:00,,544.799
2013-10-05 08:00:00,,544.794
2013-10-05 09:00:00,,544.79
2013-10-05 10:00:00,,544.779
2013-10-05 11:00:00,,544.784
2013-10-05 12:00:00,,544.794
2013-10-05 13:00:00,,544.804
2013-10-05 14:00:00,,544.819
2013-10-05 15:00:00,,544.816
2013-10-05 16:00:00,,544.825
2013-10-05 17:00:00,,544.825
2013-10-05 18:00:00,,544.829
2013-10-05 19:00:00,,544.811
2013-10-05 20:00:00,,544.815
2013-10-05 21:00:00,,544.803
2013-10-05 22:00:00,,544.795
2013-10-05 23:00:00,,544.796
2013-10-06 00:00:00,,544.796
2013-10-06 01:00:00,,544.797
2013-10-06 02:00:00,,544.796
2013-10-06 03:00:00,,544.804
2013-10-06 04:00:00,,544.801
2013-10-06 05:00:00,,544.797
2013-10-06 06:00:00,,544.803
2013-10-06 07:00:00,,544.798
2013-10-06 08:00:00,,544.783
2013-10-06 09:00:00,,544.783
2013-10-06 10:00:00,,544.78
2013-10-06 11:00:00,,544.796
2013-10-06 12:00:00,,544.798
2013-10-06 13:00:00,,544.805
2013-10-06 14:00:00,,544.82
2013-10-06 15:00:00,,544.815
2013-10-06 16:00:00,,544.823
2013-10-06 17:00:00,,544.821
2013-10-06 18:00:00,,544.819
2013-10-06 19:00:00,,544.812
2013-10-06 20:00:00,,544.801
2013-10-06 21:00:00,,544.794
2013-10-06 22:00:00,,544.795
2013-10-06 23:00:00,,544.796
2013-10-07 00:00:00,,544.801
2013-10-07 01:00:00,,544.798
2013-10-07 02:00:00,,544.799
2013-10-07 03:00:00,,544.803
2013-10-07 04:00:00,,544.804
2013-10-07 05:00:00,,544.809
2013-10-07 06:00:00,,544.796
2013-10-07 07:00:00,,544.791
2013-10-07 08:00:00,,544.787
2013-10-07 09:00:00,,544.781
2013-10-07 10:00:00,,544.781
2013-10-07 11:00:00,,544.797
2013-10-07 12:00:00,,544.794
2013-10-07 13:00:00,,544.809
2013-10-07 14:00:00,,544.807
2013-10-07 15:00:00,,544.808
2013-10-07 16:00:00,,544.812
2013-10-07 17:00:00,,544.825
2013-10-07 18:00:00,,544.81
2013-10-07 19:00:00,,544.815
2013-10-07 20:00:00,,544.802
2013-10-07 21:00:00,,544.794
2013-10-07 22:00:00,,544.79
2013-10-07 23:00:00,,544.783
2013-10-08 00:00:00,,544.794
2013-10-08 01:00:00,,544.788
2013-10-08 02:00:00,,544.798
2013-10-08 03:00:00,,544.79
2013-10-08 04:00:00,,544.791
2013-10-08 05:00:00,,544.79
2013-10-08 06:00:00,,544.788
2013-10-08 07:00:00,,544.782
2013-10-08 08:00:00,,544.769
2013-10-08 09:00:00,,544.772
2013-10-08 10:00:00,,544.774
2013-10-08 11:00:00,,544.778
2013-10-08 12:00:00,,544.784
2013-10-08 13:00:00,,544.793
2013-10-08 14:00:00,,544.797
2013-10-08 15:00:00,,544.804
2013-10-08 16:00:00,,544.812
2013-10-08 17:00:00,,544.807
2013-10-08 18:00:00,,544.805
2013-10-08 19:00:00,,544.806
2013-10-08 20:00:00,,544.805
2013-10-08 21:00:00,,544.799
2013-10-08 22:00:00,,544.784
2013-10-08 23:00:00,,544.786
2013-10-09 00:00:00,,544.781
2013-10-09 01:00:00,,544.789
2013-10-09 02:00:00,,544.791
2013-10-09 03:00:00,,544.795
2013-10-09 04:00:00,,544.792
2013-10-09 05:00:00,,544.789
2013-10-09 06:00:00,,544.793
2013-10-09 07:00:00,,544.785
2013-10-09 08:00:00,,544.781
2013-10-09 09:00:00,,544.788
2013-10-09 10:00:00,,544.782
2013-10-09 11:00:00,,544.791
2013-10-09 12:00:00,,544.796
2013-10-09 13:00:00,,544.801
2013-10-09 14:00:00,,544.816
2013-10-09 15:00:00,,544.81
2013-10-09 16:00:00,,544.825
2013-10-09 17:00:00,,544.818
2013-10-09 18:00:00,,544.822
2013-10-09 19:00:00,,544.811
2013-10-09 20:00:00,,544.806
2013-10-09 21:00:00,,544.801
2013-10-09 22:00:00,,544.798
2013-10-09 23:00:00,,544.797
2013-10-10 00:00:00,,544.8
2013-10-10 01:00:00,,544.794
2013-10-10 02:00:00,,544.8
2013-10-10 03:00:00,,544.808
2013-10-10 04:00:00,,544.796
2013-10-10 05:00:00,,544.8
2013-10-10 06:00:00,,544.803
2013-10-10 07:00:00,,544.793
2013-10-10 08:00:00,,544.805
2013-10-10 09:00:00,,544.81
2013-10-10 10:00:00,,544.812
2013-10-10 11:00:00,,544.814
2013-10-10 12:00:00,,544.812
2013-10-10 13:00:00,,544.824
2013-10-10 14:00:00,,544.829
2013-10-10 15:00:00,,544.83
2013-10-10 16:00:00,,544.835
2013-10-10 17:00:00,,544.828
2013-10-10 18:00:00,,544.824
2013-10-10 19:00:00,,544.822
2013-10-10 20:00:00,,544.818
2013-10-10 21:00:00,,544.808
2013-10-10 22:00:00,,544.799
2013-10-10 23:00:00,,544.796
2013-10-11 00:00:00,,544.795
2013-10-11 01:00:00,,544.794
2013-10-11 02:00:00,,544.789
2013-10-11 03:00:00,,544.803
2013-10-11 04:00:00,,544.795
2013-10-11 05:00:00,,544.788
2013-10-11 06:00:00,,544.785
2013-10-11 07:00:00,,544.794
2013-10-11 08:00:00,,544.78
2013-10-11 09:00:00,,544.788
2013-10-11 10:00:00,,544.79
2013-10-11 11:00:00,,544.804
2013-10-11 12:00:00,,544.804
2013-10-11 13:00:00,,544.818
2013-10-11 14:00:00,,544.817
2013-10-11 15:00:00,,544.823
2013-10-11 16:00:00,,544.833
2013-10-11 17:00:00,,544.823
2013-10-11 18:00:00,,544.82
2013-10-11 19:00:00,,544.818
2013-10-11 20:00:00,,544.815
2013-10-11 21:00:00,,544.803
2013-10-11 22:00:00,,544.812
2013-10-11 23:00:00,,544.803
2013-10-12 00:00:00,,544.808
2013-10-12 01:00:00,,544.815
2013-10-12 02:00:00,,544.821
2013-10-12 03:00:00,,544.82
2013-10-12 04:00:00,,544.816
2013-10-12 05:00:00,,544.814
2013-10-12 06:00:00,,544.814
2013-10-12 07:00:00,,544.814
2013-10-12 08:00:00,,544.799
2013-10-12 09:00:00,,544.802
2013-10-12 10:00:00,,544.81
2013-10-12 11:00:00,,544.808
2013-10-12 12:00:00,,544.816
2013-10-12 13:00:00,,544.823
2013-10-12 14:00:00,,544.831
2013-10-12 15:00:00,,544.836
2013-10-12 16:00:00,,544.834
2013-10-12 17:00:00,,544.844
2013-10-12 18:00:00,,544.827
2013-10-12 19:00:00,,544.818
2013-10-12 20:00:00,,544.811
2013-10-12 21:00:00,,544.81
2013-10-12 22:00:00,,544.813
2013-10-12 23:00:00,,544.816
2013-10-13 00:00:00,,544.816
2013-10-13 01:00:00,,544.818
2013-10-13 02:00:00,,544.816
2013-10-13 03:00:00,,544.823
2013-10-13 04:00:00,,544.821
2013-10-13 05:00:00,,544.813
2013-10-13 06:00:00,,544.81
2013-10-13 07:00:00,,544.809
2013-10-13 08:00:00,,544.8
2013-10-13 09:00:00,,544.801
2013-10-13 10:00:00,,544.784
2013-10-13 11:00:00,,544.788
2013-10-13 12:00:00,,544.786
2013-10-13 13:00:00,,544.804
2013-10-13 14:00:00,,544.81
2013-10-13 15:00:00,,544.81
2013-10-13 16:00:00,,544.805
2013-10-13 17:00:00,,544.797
2013-10-13 18:00:00,,544.79
2013-10-13 19:00:00,,544.799
2013-10-13 20:00:00,,544.791
2013-10-13 21:00:00,,544.778
2013-10-13 22:00:00,,544.776
2013-10-13 23:00:00,,544.781
2013-10-14 00:00:00,,544.783
2013-10-14 01:00:00,,544.781
2013-10-14 02:00:00,,544.779
2013-10-14 03:00:00,,544.788
2013-10-14 04:00:00,,544.798
2013-10-14 05:00:00,,544.79
2013-10-14 06:00:00,,544.78
2013-10-14 07:00:00,,544.773
2013-10-14 08:00:00,,544.768
2013-10-14 09:00:00,,544.757
2013-10-14 10:00:00,,544.777
2013-10-14 11:00:00,,544.774
2013-10-14 12:00:00,,544.789
2013-10-14 13:00:00,,544.803
2013-10-14 14:00:00,,544.817
2013-10-14 15:00:00,,544.811
2013-10-14 16:00:00,,544.824
2013-10-14 17:00:00,,544.814
2013-10-14 18:00:00,,544.804
2013-10-14 19:00:00,,544.804
2013-10-14 20:00:00,,544.793
2013-10-14 21:00:00,,544.79
2013-10-14 22:00:00,,544.792
2013-10-14 23:00:00,,544.788
2013-10-15 00:00:00,,544.8
2013-10-15 01:00:00,,544.794
2013-10-15 02:00:00,,544.799
2013-10-15 03:00:00,,544.812
2013-10-15 04:00:00,,544.809
2013-10-15 05:00:00,,544.796
2013-10-15 06:00:00,,544.789
2013-10-15 07:00:00,,544.797
2013-10-15 08:00:00,,544.784
2013-10-15 09:00:00,,544.776
2013-10-15 10:00:00,,544.791
2013-10-15 11:00:00,,544.799
2013-10-15 12:00:00,,544.803
2013-10-15 13:00:00,,544.811
2013-10-15 14:00:00,,544.819
2013-10-15 15:00:00,,544.833
2013-10-15 16:00:00,,544.822
2013-10-15 17:00:00,,544.821
2013-10-15 18:00:00,,544.818
2013-10-15 19:00:00,,544.824
2013-10-15 20:00:00,,544.82
2013-10-15 21:00:00,,544.807
2013-10-15 22:00:00,,544.802
2013-10-15 23:00:00,,544.798
2013-10-16 00:00:00,,544.799
2013-10-16 01:00:00,,544.803
2013-10-16 02:00:00,,544.807
2013-10-16 03:00:00,,544.808
2013-10-16 04:00:00,,544.818
2013-10-16 05:00:00,,544.809
2013-10-16 06:00:00,,544.8
2013-10-16 07:00:00,,544.802
2013-10-16 08:00:00,,544.793
2013-10-16 09:00:00,,544.794
2013-10-16 10:00:00,,544.795
2013-10-16 11:00:00,,544.807
2013-10-16 12:00:00,,544.825
2013-10-16 13:00:00,,544.837
2013-10-16 14:00:00,,544.835
2013-10-16 15:00:00,,544.851
2013-10-16 16:00:00,,544.84
2013-10-16 17:00:00,,544.843
2013-10-16 18:00:00,,544.843
2013-10-16 19:00:00,,544.822
2013-10-16 20:00:00,,544.82
2013-10-16 21:00:00,,544.813
2013-10-16 22:00:00,,544.817
2013-10-16 23:00:00,,544.817
2013-10-17 00:00:00,,544.822
2013-10-17 01:00:00,,544.816
2013-10-17 02:00:00,,544.825
2013-10-17 03:00:00,,544.825
2013-10-17 04:00:00,,544.835
2013-10-17 05:00:00,,544.821
2013-10-17 06:00:00,,544.824
2013-10-17 07:00:00,,544.803
2013-10-17 08:00:00,,544.795
2013-10-17 09:00:00,,544.784
2013-10-17 10:00:00,,544.795
2013-10-17 11:00:00,,544.799
2013-10-17 12:00:00,,544.8
2013-10-17 13:00:00,,544.815
2013-10-17 14:00:00,,544.813
2013-10-17 15:00:00,,544.818
2013-10-17 16:00:00,,544.823
2013-10-17 17:00:00,,544.83
2013-10-17 18:00:00,,544.819
2013-10-17 19:00:00,,544.81
2013-10-17 20:00:00,,544.805
2013-10-17 21:00:00,,544.791
2013-10-17 22:00:00,,544.787
2013-10-17 23:00:00,,544.791
2013-10-18 00:00:00,,544.798
2013-10-18 01:00:00,,544.794
2013-10-18 02:00:00,,544.799
2013-10-18 03:00:00,,544.798
2013-10-18 04:00:00,,544.797
2013-10-18 05:00:00,,544.798
2013-10-18 06:00:00,,544.796
2013-10-18 07:00:00,,544.785
2013-10-18 08:00:00,,544.783
2013-10-18 09:00:00,,544.789
2013-10-18 10:00:00,,544.781
2013-10-18 11:00:00,,544.787
2013-10-18 12:00:00,,544.792
2013-10-18 13:00:00,,544.807
2013-10-18 14:00:00,,544.826
2013-10-18 15:00:00,,544.821
2013-10-18 16:00:00,,544.84
2013-10-18 17:00:00,,544.842
2013-10-18 18:00:00,,544.836
2013-10-18 19:00:00,,544.822
2013-10-18 20:00:00,,544.809
2013-10-18 21:00:00,,544.808
2013-10-18 22:00:00,,544.796
2013-10-18 23:00:00,,544.804
2013-10-19 00:00:00,,544.794
2013-10-19 01:00:00,,544.798
2013-10-19 02:00:00,,544.805
2013-10-19 03:00:00,,544.809
2013-10-19 04:00:00,,544.82
2013-10-19 05:00:00,,544.82
2013-10-19 06:00:00,,544.818
2013-10-19 07:00:00,,544.808
2013-10-19 08:00:00,,544.802
2013-10-19 09:00:00,,544.801
2013-10-19 10:00:00,,544.798
2013-10-19 11:00:00,,544.808
2013-10-19 12:00:00,,544.817
2013-10-19 13:00:00,,544.819
2013-10-19 14:00:00,,544.834
2013-10-19 15:00:00,,544.842
2013-10-19 16:00:00,,544.837
2013-10-19 17:00:00,,544.845
2013-10-19 18:00:00,,544.841
2013-10-19 19:00:00,,544.841
2013-10-19 20:00:00,,544.82
2013-10-19 21:00:00,,544.817
2013-10-19 22:00:00,,544.819
2013-10-19 23:00:00,,544.805
2013-10-20 00:00:00,,544.81
2013-10-20 01:00:00,,544.813
2013-10-20 02:00:00,,544.824
2013-10-20 03:00:00,,544.824
2013-10-20 04:00:00,,544.82
2013-10-20 05:00:00,,544.818
2013-10-20 06:00:00,,544.811
2013-10-20 07:00:00,,544.818
2013-10-20 08:00:00,,544.807
2013-10-20 09:00:00,,544.807
2013-10-20 10:00:00,,544.805
2013-10-20 11:00:00,,544.817
2013-10-20 12:00:00,,544.829
2013-10-20 13:00:00,,544.833
2013-10-20 14:00:00,,544.839
2013-10-20 15:00:00,,544.839
2013-10-20 16:00:00,,544.849
2013-10-20 17:00:00,,544.843
2013-10-20 18:00:00,,544.843
2013-10-20 19:00:00,,544.838
2013-10-20 20:00:00,,544.83
2013-10-20 21:00:00,,544.822
2013-10-20 22:00:00,,544.814
2013-10-20 23:00:00,,544.824
2013-10-21 00:00:00,,544.814
2013-10-21 01:00:00,,544.821
2013-10-21 02:00:00,,544.832
2013-10-21 03:00:00,,544.832
2013-10-21 04:00:00,,544.822
2013-10-21 05:00:00,,544.825
2013-10-21 06:00:00,,544.82
2013-10-21 07:00:00,,544.817
2013-10-21 08:00:00,,544.806
2013-10-21 09:00:00,,544.814
2013-10-21 10:00:00,,544.805
2013-10-21 11:00:00,,544.81
2013-10-21 12:00:00,,544.821
2013-10-21 13:00:00,,544.819
2013-10-21 14:00:00,,544.838
2013-10-21 15:00:00,,544.838
2013-10-21 16:00:00,,544.849
2013-10-21 17:00:00,,544.847
2013-10-21 18:00:00,,544.838
2013-10-21 19:00:00,,544.827
2013-10-21 20:00:00,,544.821
2013-10-21 21:00:00,,544.821
2013-10-21 22:00:00,,544.812
2013-10-21 23:00:00,,544.813
2013-10-22 00:00:00,,544.812
2013-10-22 01:00:00,,544.817
2013-10-22 02:00:00,,544.81
2013-10-22 03:00:00,,544.821
2013-10-22 04:00:00,,544.809
2013-10-22 05:00:00,,544.809
2013-10-22 06:00:00,,544.811
2013-10-22 07:00:00,,544.795
2013-10-22 08:00:00,,544.794
2013-10-22 09:00:00,,544.798
2013-10-22 10:00:00,,544.795
2013-10-22 11:00:00,,544.786
2013-10-22 12:00:00,,544.791
2013-10-22 13:00:00,,544.805
2013-10-22 14:00:00,,544.812
2013-10-22 15:00:00,,544.817
2013-10-22 16:00:00,,544.82
2013-10-22 17:00:00,,544.819
2013-10-22 18:00:00,,544.82
2013-10-22 19:00:00,,544.816
2013-10-22 20:00:00,,544.813
2013-10-22 21:00:00,,544.804
2013-10-22 22:00:00,,544.803
2013-10-22 23:00:00,,544.797
2013-10-23 00:00:00,,544.802
2013-10-23 01:00:00,,544.806
2013-10-23 02:00:00,,544.81
2013-10-23 03:00:00,,544.807
2013-10-23 04:00:00,,544.812
2013-10-23 05:00:00,,544.8
2013-10-23 06:00:00,,544.803
2013-10-23 07:00:00,,544.798
2013-10-23 08:00:00,,544.803
2013-10-23 09:00:00,,544.795
2013-10-23 10:00:00,,544.789
2013-10-23 11:00:00,,544.805
2013-10-23 12:00:00,,544.809
2013-10-23 13:00:00,,544.809
2013-10-23 14:00:00,,544.824
2013-10-23 15:00:00,,544.818
2013-10-23 16:00:00,,544.825
2013-10-23 17:00:00,,544.821
2013-10-23 18:00:00,,544.816
2013-10-23 19:00:00,,544.812
2013-10-23 20:00:00,,544.799
2013-10-23 21:00:00,,544.79
2013-10-23 22:00:00,,544.786
2013-10-23 23:00:00,,544.791
2013-10-24 00:00:00,,544.783
2013-10-24 01:00:00,,544.796
2013-10-24 02:00:00,,544.793
2013-10-24 03:00:00,,544.803
2013-10-24 04:00:00,,544.803
2013-10-24 05:00:00,,544.797
2013-10-24 06:00:00,,544.802
2013-10-24 07:00:00,,544.793
2013-10-24 08:00:00,,544.791
2013-10-24 09:00:00,,544.797
2013-10-24 10:00:00,,544.779
2013-10-24 11:00:00,,544.789
2013-10-24 12:00:00,,544.788
2013-10-24 13:00:00,,544.796
2013-10-24 14:00:00,,544.807
2013-10-24 15:00:00,,544.813
2013-10-24 16:00:00,,544.825
2013-10-24 17:00:00,,544.826
2013-10-24 18:00:00,,544.819
2013-10-24 19:00:00,,544.815
2013-10-24 20:00:00,,544.811
2013-10-24 21:00:00,,544.795
2013-10-24 22:00:00,,544.791
2013-10-24 23:00:00,,544.797
2013-10-25 00:00:00,,544.791
2013-10-25 01:00:00,,544.792
2013-10-25 02:00:00,,544.795
2013-10-25 03:00:00,,544.795
2013-10-25 04:00:00,,544.806
2013-10-25 05:00:00,,544.797
2013-10-25 06:00:00,,544.801
2013-10-25 07:00:00,,544.79
2013-10-25 08:00:00,,544.78
2013-10-25 09:00:00,,544.781
2013-10-25 10:00:00,,544.791
2013-10-25 11:00:00,,544.799
2013-10-25 12:00:00,,544.8
2013-10-25 13:00:00,,544.812
2013-10-25 14:00:00,,544.819
2013-10-25 15:00:00,,544.821
2013-10-25 16:00:00,,544.823
2013-10-25 17:00:00,,544.824
2013-10-25 18:00:00,,544.83
2013-10-25 19:00:00,,544.812
2013-10-25 20:00:00,,544.815
2013-10-25 21:00:00,,544.797
2013-10-25 22:00:00,,544.802
2013-10-25 23:00:00,,544.799
2013-10-26 00:00:00,,544.791
2013-10-26 01:00:00,,544.795
2013-10-26 02:00:00,,544.806
2013-10-26 03:00:00,,544.803
2013-10-26 04:00:00,,544.804
2013-10-26 05:00:00,,544.8
2013-10-26 06:00:00,,544.798
2013-10-26 07:00:00,,544.792
2013-10-26 08:00:00,,544.787
2013-10-26 09:00:00,,544.797
2013-10-26 10:00:00,,544.792
2013-10-26 11:00:00,,544.806
2013-10-26 12:00:00,,544.807
2013-10-26 13:00:00,,544.816
2013-10-26 14:00:00,,544.821
2013-10-26 15:00:00,,544.827
2013-10-26 16:00:00,,544.829
2013-10-26 17:00:00,,544.828
2013-10-26 18:00:00,,544.825
2013-10-26 19:00:00,,544.821
2013-10-26 20:00:00,,544.821
2013-10-26 21:00:00,,544.809
2013-10-26 22:00:00,,544.804
2013-10-26 23:00:00,,544.811
2013-10-27 00:00:00,,544.813
2013-10-27 01:00:00,,544.817
2013-10-27 02:00:00,,544.82
2013-10-27 03:00:00,,544.822
2013-10-27 04:00:00,,544.813
2013-10-27 05:00:00,,544.807
2013-10-27 06:00:00,,544.815
2013-10-27 07:00:00,,544.805
2013-10-27 08:00:00,,544.795
2013-10-27 09:00:00,,544.799
2013-10-27 10:00:00,,544.804
2013-10-27 11:00:00,,544.806
2013-10-27 12:00:00,,544.818
2013-10-27 13:00:00,,544.827
2013-10-27 14:00:00,,544.831
2013-10-27 15:00:00,,544.838
2013-10-27 16:00:00,,544.841
2013-10-27 17:00:00,,544.833
2013-10-27 18:00:00,,544.842
2013-10-27 19:00:00,,544.832
2013-10-27 20:00:00,,544.824
2013-10-27 21:00:00,,544.814
2013-10-27 22:00:00,,544.814
2013-10-27 23:00:00,,544.82
2013-10-28 00:00:00,,544.819
2013-10-28 01:00:00,,544.814
2013-10-28 02:00:00,,544.83
2013-10-28 03:00:00,,544.833
2013-10-28 04:00:00,,544.821
2013-10-28 05:00:00,,544.823
2013-10-28 06:00:00,,544.819
2013-10-28 07:00:00,,544.821
2013-10-28 08:00:00,,544.817
2013-10-28 09:00:00,,544.817
2013-10-28 10:00:00,,544.807
2013-10-28 11:00:00,,544.811
2013-10-28 12:00:00,,544.822
2013-10-28 13:00:00,,544.836
2013-10-28 14:00:00,,544.837
2013-10-28 15:00:00,,544.848
2013-10-28 16:00:00,,544.839
2013-10-28 17:00:00,,544.843
2013-10-28 18:00:00,,544.839
2013-10-28 19:00:00,,544.836
2013-10-28 20:00:00,,544.829
2013-10-28 21:00:00,,544.822
2013-10-28 22:00:00,,544.812
2013-10-28 23:00:00,,544.809
2013-10-29 00:00:00,,544.82
2013-10-29 01:00:00,,544.821
2013-10-29 02:00:00,,544.824
2013-10-29 03:00:00,,544.824
2013-10-29 04:00:00,,544.809
2013-10-29 05:00:00,,544.811
2013-10-29 06:00:00,,544.805
2013-10-29 07:00:00,,544.795
2013-10-29 08:00:00,,544.796
2013-10-29 09:00:00,,544.783
2013-10-29 10:00:00,,544.784
2013-10-29 11:00:00,,544.803
2013-10-29 12:00:00,,544.812
2013-10-29 13:00:00,,544.818
2013-10-29 14:00:00,,544.821
2013-10-29 15:00:00,,544.825
2013-10-29 16:00:00,,544.841
2013-10-29 17:00:00,,544.828
2013-10-29 18:00:00,,544.829
2013-10-29 19:00:00,,544.823
2013-10-29 20:00:00,,544.822
2013-10-29 21:00:00,,544.81
2013-10-29 22:00:00,,544.814
2013-10-29 23:00:00,,544.803
2013-10-30 00:00:00,,544.812
2013-10-30 01:00:00,,544.816
2013-10-30 02:00:00,,544.82
2013-10-30 03:00:00,,544.817
2013-10-30 04:00:00,,544.816
2013-10-30 05:00:00,,544.81
2013-10-30 06:00:00,,544.799
2013-10-30 07:00:00,,544.798
2013-10-30 08:00:00,,544.795
2013-10-30 09:00:00,,544.8
2013-10-30 10:00:00,,544.792
2013-10-30 11:00:00,,544.798
2013-10-30 12:00:00,,544.811
2013-10-30 13:00:00,,544.825
2013-10-30 14:00:00,,544.833
2013-10-30 15:00:00,,544.832
2013-10-30 16:00:00,,544.831
2013-10-30 17:00:00,,544.836
2013-10-30 18:00:00,,544.834
2013-10-30 19:00:00,,544.827
2013-10-30 20:00:00,,544.825
2013-10-30 21:00:00,,544.812
2013-10-30 22:00:00,,544.806
2013-10-30 23:00:00,,544.805
2013-10-31 00:00:00,,544.811
2013-10-31 01:00:00,,544.814
2013-10-31 02:00:00,,544.818
2013-10-31 03:00:00,,544.818
2013-10-31 04:00:00,,544.81
2013-10-31 05:00:00,,544.813
2013-10-31 06:00:00,,544.801
2013-10-31 07:00:00,,544.795
2013-10-31 08:00:00,,544.798
2013-10-31 09:00:00,,544.794
2013-10-31 10:00:00,,544.795
2013-10-31 11:00:00,,544.808
2013-10-31 12:00:00,,544.805
2013-10-31 13:00:00,,544.825
2013-10-31 14:00:00,,544.828
2013-10-31 15:00:00,,544.835
2013-10-31 16:00:00,,544.84
2013-10-31 17:00:00,,544.84
2013-10-31 18:00:00,,544.839
2013-10-31 19:00:00,,544.818
2013-10-31 20:00:00,,544.815
2013-10-31 21:00:00,,544.814
2013-10-31 22:00:00,,544.809
2013-10-31 23:00:00,,544.797
2013-11-01 00:00:00,,544.812
2013-11-01 01:00:00,,544.814
2013-11-01 02:00:00,,544.823
2013-11-01 03:00:00,,544.824
2013-11-01 04:00:00,,544.817
2013-11-01 05:00:00,,544.813
2013-11-01 06:00:00,,544.804
2013-11-01 07:00:00,,544.798
2013-11-01 08:00:00,,544.799
2013-11-01 09:00:00,,544.792
2013-11-01 10:00:00,,544.805
2013-11-01 11:00:00,,544.802
2013-11-01 12:00:00,,544.823
2013-11-01 13:00:00,,544.826
2013-11-01 14:00:00,,544.838
2013-11-01 15:00:00,,544.838
2013-11-01 16:00:00,,544.839
2013-11-01 17:00:00,,544.845
2013-11-01 18:00:00,,544.835
2013-11-01 19:00:00,,544.837
2013-11-01 20:00:00,,544.827
2013-11-01 21:00:00,,544.812
2013-11-01 22:00:00,,544.815
2013-11-01 23:00:00,,544.801
2013-11-02 00:00:00,,544.809
2013-11-02 01:00:00,,544.815
2013-11-02 02:00:00,,544.826
2013-11-02 03:00:00,,544.817
2013-11-02 04:00:00,,544.822
2013-11-02 05:00:00,,544.824
2013-11-02 06:00:00,,544.808
2013-11-02 07:00:00,,544.809
2013-11-02 08:00:00,,544.811
2013-11-02 09:00:00,,544.816
2013-11-02 10:00:00,,544.814
2013-11-02 11:00:00,,544.82
2013-11-02 12:00:00,,544.821
2013-11-02 13:00:00,,544.837
2013-11-02 14:00:00,,544.839
2013-11-02 15:00:00,,544.845
2013-11-02 16:00:00,,544.855
2013-11-02 17:00:00,,544.85
2013-11-02 18:00:00,,544.839
2013-11-02 19:00:00,,544.835
2013-11-02 20:00:00,,544.821
2013-11-02 21:00:00,,544.813
2013-11-02 22:00:00,,544.819
2013-11-02 23:00:00,,544.808
2013-11-03 00:00:00,,544.811
2013-11-03 01:00:00,,544.819
2013-11-03 02:00:00,,544.823
2013-11-03 03:00:00,,544.825
2013-11-03 04:00:00,,544.823
2013-11-03 05:00:00,,544.827
2013-11-03 06:00:00,,544.811
2013-11-03 07:00:00,,544.817
2013-11-03 08:00:00,,544.807
2013-11-03 09:00:00,,544.799
2013-11-03 10:00:00,,544.811
2013-11-03 11:00:00,,544.806
2013-11-03 12:00:00,,544.814
2013-11-03 13:00:00,,544.822
2013-11-03 14:00:00,,544.83
2013-11-03 15:00:00,,544.837
2013-11-03 16:00:00,,544.846
2013-11-03 17:00:00,,544.839
2013-11-03 18:00:00,,544.839
2013-11-03 19:00:00,,544.832
2013-11-03 20:00:00,,544.825
2013-11-03 21:00:00,,544.816
2013-11-03 22:00:00,,544.81
2013-11-03 23:00:00,,544.803
2013-11-04 00:00:00,,544.811
2013-11-04 01:00:00,,544.814
2013-11-04 02:00:00,,544.817
2013-11-04 03:00:00,,544.81
2013-11-04 04:00:00,,544.818
2013-11-04 05:00:00,,544.813
2013-11-04 06:00:00,,544.805
2013-11-04 07:00:00,,544.8
2013-11-04 08:00:00,,544.802
2013-11-04 09:00:00,,544.799
2013-11-04 10:00:00,,544.798
2013-11-04 11:00:00,,544.813
2013-11-04 12:00:00,,544.822
2013-11-04 13:00:00,,544.818
2013-11-04 14:00:00,,544.825
2013-11-04 15:00:00,,544.837
2013-11-04 16:00:00,,544.841
2013-11-04 17:00:00,,544.842
2013-11-04 18:00:00,,544.838
2013-11-04 19:00:00,,544.839
2013-11-04 20:00:00,,544.819
2013-11-04 21:00:00,,544.817
2013-11-04 22:00:00,,544.81
2013-11-04 23:00:00,,544.814
2013-11-05 00:00:00,,544.81
2013-11-05 01:00:00,,544.814
2013-11-05 02:00:00,,544.815
2013-11-05 03:00:00,,544.821
2013-11-05 04:00:00,,544.82
2013-11-05 05:00:00,,544.818
2013-11-05 06:00:00,,544.815
2013-11-05 07:00:00,,544.817
2013-11-05 08:00:00,,544.813
2013-11-05 09:00:00,,544.81
2013-11-05 10:00:00,,544.805
2013-11-05 11:00:00,,544.813
2013-11-05 12:00:00,,544.818
2013-11-05 13:00:00,,544.83
2013-11-05 14:00:00,,544.829
2013-11-05 15:00:00,,544.84
2013-11-05 16:00:00,,544.844
2013-11-05 17:00:00,,544.84
2013-11-05 18:00:00,,544.851
2013-11-05 19:00:00,,544.846
2013-11-05 20:00:00,,544.833
2013-11-05 21:00:00,,544.827
2013-11-05 22:00:00,,544.819
2013-11-05 23:00:00,,544.809
2013-11-06 00:00:00,,544.817
2013-11-06 01:00:00,,544.82
2013-11-06 02:00:00,,544.829
2013-11-06 03:00:00,,544.815
2013-11-06 04:00:00,,544.828
2013-11-06 05:00:00,,544.817
2013-11-06 06:00:00,,544.82
2013-11-06 07:00:00,,544.814
2013-11-06 08:00:00,,544.807
2013-11-06 09:00:00,,544.815
2013-11-06 10:00:00,,544.822
2013-11-06 11:00:00,,544.827
2013-11-06 12:00:00,,544.827
2013-11-06 13:00:00,,544.828
2013-11-06 14:00:00,,544.837
2013-11-06 15:00:00,,544.84
2013-11-06 16:00:00,,544.851
2013-11-06 17:00:00,,544.852
2013-11-06 18:00:00,,544.85
2013-11-06 19:00:00,,544.845
2013-11-06 20:00:00,,544.838
2013-11-06 21:00:00,,544.826
2013-11-06 22:00:00,,544.821
2013-11-06 23:00:00,,544.827
2013-11-07 00:00:00,,544.822
2013-11-07 01:00:00,,544.818
2013-11-07 02:00:00,,544.82
2013-11-07 03:00:00,,544.828
2013-11-07 04:00:00,,544.824
2013-11-07 05:00:00,,544.828
2013-11-07 06:00:00,,544.831
2013-11-07 07:00:00,,544.823
2013-11-07 08:00:00,,544.825
2013-11-07 09:00:00,,544.813
2013-11-07 10:00:00,,544.821
2013-11-07 11:00:00,,544.826
2013-11-07 12:00:00,,544.841
2013-11-07 13:00:00,,544.842
2013-11-07 14:00:00,,544.848
2013-11-07 15:00:00,,544.854
2013-11-07 16:00:00,,544.853
2013-11-07 17:00:00,,544.856
2013-11-07 18:00:00,,544.859
2013-11-07 19:00:00,,544.848
2013-11-07 20:00:00,,544.836
2013-11-07 21:00:00,,544.837
2013-11-07 22:00:00,,544.827
2013-11-07 23:00:00,,544.832
2013-11-08 00:00:00,,544.831
2013-11-08 01:00:00,,544.837
2013-11-08 02:00:00,,544.844
2013-11-08 03:00:00,,544.833
2013-11-08 04:00:00,,544.832
2013-11-08 05:00:00,,544.815
2013-11-08 06:00:00,,544.817
2013-11-08 07:00:00,,544.812
2013-11-08 08:00:00,,544.801
2013-11-08 09:00:00,,544.798
2013-11-08 10:00:00,,544.804
2013-11-08 11:00:00,,544.8
2013-11-08 12:00:00,,544.815
2013-11-08 13:00:00,,544.823
2013-11-08 14:00:00,,544.828
2013-11-08 15:00:00,,544.83
2013-11-08 16:00:00,,544.845
2013-11-08 17:00:00,,544.846
2013-11-08 18:00:00,,544.839
2013-11-08 19:00:00,,544.829
2013-11-08 20:00:00,,544.829
2013-11-08 21:00:00,,544.826
2013-11-08 22:00:00,,544.818
2013-11-08 23:00:00,,544.816
2013-11-09 00:00:00,,544.822
2013-11-09 01:00:00,,544.824
2013-11-09 02:00:00,,544.823
2013-11-09 03:00:00,,544.828
2013-11-09 04:00:00,,544.817
2013-11-09 05:00:00,,544.804
2013-11-09 06:00:00,,544.814
2013-11-09 07:00:00,,544.803
2013-11-09 08:00:00,,544.791
2013-11-09 09:00:00,,544.797
2013-11-09 10:00:00,,544.811
2013-11-09 11:00:00,,544.816
2013-11-09 12:00:00,,544.811
2013-11-09 13:00:00,,544.825
2013-11-09 14:00:00,,544.828
2013-11-09 15:00:00,,544.839
2013-11-09 16:00:00,,544.836
2013-11-09 17:00:00,,544.834
2013-11-09 18:00:00,,544.843
2013-11-09 19:00:00,,544.841
2013-11-09 20:00:00,,544.825
2013-11-09 21:00:00,,544.816
2013-11-09 22:00:00,,544.82
2013-11-09 23:00:00,,544.803
2013-11-10 00:00:00,,544.797
2013-11-10 01:00:00,,544.807
2013-11-10 02:00:00,,544.807
2013-11-10 03:00:00,,544.816
2013-11-10 04:00:00,,544.821
2013-11-10 05:00:00,,544.814
2013-11-10 06:00:00,,544.809
2013-11-10 07:00:00,,544.804
2013-11-10 08:00:00,,544.794
2013-11-10 09:00:00,,544.802
2013-11-10 10:00:00,,544.811
2013-11-10 11:00:00,,544.816
2013-11-10 12:00:00,,544.823
2013-11-10 13:00:00,,544.824
2013-11-10 14:00:00,,544.841
2013-11-10 15:00:00,,544.842
2013-11-10 16:00:00,,544.838
2013-11-10 17:00:00,,544.842
2013-11-10 18:00:00,,544.837
2013-11-10 19:00:00,,544.823
2013-11-10 20:00:00,,544.829
2013-11-10 21:00:00,,544.826
2013-11-10 22:00:00,,544.822
2013-11-10 23:00:00,,544.818
2013-11-11 00:00:00,,544.824
2013-11-11 01:00:00,,544.821
2013-11-11 02:00:00,,544.822
2013-11-11 03:00:00,,544.822
2013-11-11 04:00:00,,544.813
2013-11-11 05:00:00,,544.807
2013-11-11 06:00:00,,544.801
2013-11-11 07:00:00,,544.804
2013-11-11 08:00:00,,544.803
2013-11-11 09:00:00,,544.798
2013-11-11 10:00:00,,544.807
2013-11-11 11:00:00,,544.814
2013-11-11 12:00:00,,544.828
2013-11-11 13:00:00,,544.837
2013-11-11 14:00:00,,544.84
2013-11-11 15:00:00,,544.849
2013-11-11 16:00:00,,544.846
2013-11-11 17:00:00,,544.852
2013-11-11 18:00:00,,544.85
2013-11-11 19:00:00,,544.843
2013-11-11 20:00:00,,544.835
2013-11-11 21:00:00,,544.819
2013-11-11 22:00:00,,544.819
2013-11-11 23:00:00,,544.819
2013-11-12 00:00:00,,544.812
2013-11-12 01:00:00,,544.821
2013-11-12 02:00:00,,544.831
2013-11-12 03:00:00,,544.826
2013-11-12 04:00:00,,544.816
2013-11-12 05:00:00,,544.824
2013-11-12 06:00:00,,544.812
2013-11-12 07:00:00,,544.803
2013-11-12 08:00:00,,544.806
2013-11-12 09:00:00,,544.805
2013-11-12 10:00:00,,544.801
2013-11-12 11:00:00,,544.808
2013-11-12 12:00:00,,544.82
2013-11-12 13:00:00,,544.83
2013-11-12 14:00:00,,544.833
2013-11-12 15:00:00,,544.845
2013-11-12 16:00:00,,544.854
2013-11-12 17:00:00,,544.847
2013-11-12 18:00:00,,544.849
2013-11-12 19:00:00,,544.837
2013-11-12 20:00:00,,544.831
2013-11-12 21:00:00,,544.82
2013-11-12 22:00:00,,544.817
2013-11-12 23:00:00,,544.815
2013-11-13 00:00:00,,544.822
2013-11-13 01:00:00,,544.823
2013-11-13 02:00:00,,544.822
2013-11-13 03:00:00,,544.82
2013-11-13 04:00:00,,544.83
2013-11-13 05:00:00,,544.825
2013-11-13 06:00:00,,544.82
2013-11-13 07:00:00,,544.805
2013-11-13 08:00:00,,544.8
2013-11-13 09:00:00,,544.797
2013-11-13 10:00:00,,544.811
2013-11-13 11:00:00,,544.813
2013-11-13 12:00:00,,544.808
2013-11-13 13:00:00,,544.816
2013-11-13 14:00:00,,544.826
2013-11-13 15:00:00,,544.833
2013-11-13 16:00:00,,544.835
2013-11-13 17:00:00,,544.837
2013-11-13 18:00:00,,544.836
2013-11-13 19:00:00,,544.824
2013-11-13 20:00:00,,544.826
2013-11-13 21:00:00,,544.827
2013-11-13 22:00:00,,544.823
2013-11-13 23:00:00,,544.811
2013-11-14 00:00:00,,544.823
2013-11-14 01:00:00,,544.827
2013-11-14 02:00:00,,544.824
2013-11-14 03:00:00,,544.819
2013-11-14 04:00:00,,544.824
2013-11-14 05:00:00,,544.821
2013-11-14 06:00:00,,544.815
2013-11-14 07:00:00,,544.815
2013-11-14 08:00:00,,544.806
2013-11-14 09:00:00,,544.812
2013-11-14 10:00:00,,544.816
2013-11-14 11:00:00,,544.822
2013-11-14 12:00:00,,544.823
2013-11-14 13:00:00,,544.827
2013-11-14 14:00:00,,544.847
2013-11-14 15:00:00,,544.846
2013-11-14 16:00:00,,544.847
2013-11-14 17:00:00,,544.845
2013-11-14 18:00:00,,544.842
2013-11-14 19:00:00,,544.833
2013-11-14 20:00:00,,544.838
2013-11-14 21:00:00,,544.824
2013-11-14 22:00:00,,544.825
2013-11-14 23:00:00,,544.815
2013-11-15 00:00:00,,544.811
2013-11-15 01:00:00,,544.827
2013-11-15 02:00:00,,544.821
2013-11-15 03:00:00,,544.822
2013-11-15 04:00:00,,544.834
2013-11-15 05:00:00,,544.819
2013-11-15 06:00:00,,544.815
2013-11-15 07:00:00,,544.814
2013-11-15 08:00:00,,544.81
2013-11-15 09:00:00,,544.813
2013-11-15 10:00:00,,544.822
2013-11-15 11:00:00,,544.821
2013-11-15 12:00:00,,544.827
2013-11-15 13:00:00,,544.843
2013-11-15 14:00:00,,544.843
2013-11-15 15:00:00,,544.856
2013-11-15 16:00:00,,544.86
2013-11-15 17:00:00,,544.854
2013-11-15 18:00:00,,544.858
2013-11-15 19:00:00,,544.84
2013-11-15 20:00:00,,544.845
2013-11-15 21:00:00,,544.831
2013-11-15 22:00:00,,544.83
2013-11-15 23:00:00,,544.83
2013-11-16 00:00:00,,544.833
2013-11-16 01:00:00,,544.838
2013-11-16 02:00:00,,544.845
2013-11-16 03:00:00,,544.844
2013-11-16 04:00:00,,544.853
2013-11-16 05:00:00,,544.842
2013-11-16 06:00:00,,544.842
2013-11-16 07:00:00,,544.836
2013-11-16 08:00:00,,544.828
2013-11-16 09:00:00,,544.825
2013-11-16 10:00:00,,544.831
2013-11-16 11:00:00,,544.835
2013-11-16 12:00:00,,544.842
2013-11-16 13:00:00,,544.853
2013-11-16 14:00:00,,544.861
2013-11-16 15:00:00,,544.858
2013-11-16 16:00:00,,544.864
2013-11-16 17:00:00,,544.85
2013-11-16 18:00:00,,544.851
2013-11-16 19:00:00,,544.844
2013-11-16 20:00:00,,544.83
2013-11-16 21:00:00,,544.827
2013-11-16 22:00:00,,544.825
2013-11-16 23:00:00,,544.817
2013-11-17 00:00:00,,544.821
2013-11-17 01:00:00,,544.826
2013-11-17 02:00:00,,544.825
2013-11-17 03:00:00,,544.832
2013-11-17 04:00:00,,544.83
2013-11-17 05:00:00,,544.827
2013-11-17 06:00:00,,544.833
2013-11-17 07:00:00,,544.836
2013-11-17 08:00:00,,544.817
2013-11-17 09:00:00,,544.814
2013-11-17 10:00:00,,544.814
2013-11-17 11:00:00,,544.82
2013-11-17 12:00:00,,544.812
2013-11-17 13:00:00,,544.826
2013-11-17 14:00:00,,544.843
2013-11-17 15:00:00,,544.843
2013-11-17 16:00:00,,544.849
2013-11-17 17:00:00,,544.85
2013-11-17 18:00:00,,544.845
2013-11-17 19:00:00,,544.842
2013-11-17 20:00:00,,544.829
2013-11-17 21:00:00,,544.824
2013-11-17 22:00:00,,544.833
2013-11-17 23:00:00,,544.829
2013-11-18 00:00:00,,544.825
2013-11-18 01:00:00,,544.819
2013-11-18 02:00:00,,544.826
2013-11-18 03:00:00,,544.832
2013-11-18 04:00:00,,544.832
2013-11-18 05:00:00,,544.829
2013-11-18 06:00:00,,544.824
2013-11-18 07:00:00,,544.81
2013-11-18 08:00:00,,544.815
2013-11-18 09:00:00,,544.808
2013-11-18 10:00:00,,544.809
2013-11-18 11:00:00,,544.828
2013-11-18 12:00:00,,544.834
2013-11-18 13:00:00,,544.843
2013-11-18 14:00:00,,544.85
2013-11-18 15:00:00,,544.846
2013-11-18 16:00:00,,544.861
2013-11-18 17:00:00,,544.853
2013-11-18 18:00:00,,544.842
2013-11-18 19:00:00,,544.846
2013-11-18 20:00:00,,544.838
2013-11-18 21:00:00,,544.821
2013-11-18 22:00:00,,544.815
2013-11-18 23:00:00,,544.821
2013-11-19 00:00:00,,544.817
2013-11-19 01:00:00,,544.823
2013-11-19 02:00:00,,544.829
2013-11-19 03:00:00,,544.829
2013-11-19 04:00:00,,544.834
2013-11-19 05:00:00,,544.841
2013-11-19 06:00:00,,544.831
2013-11-19 07:00:00,,544.83
2013-11-19 08:00:00,,544.825
2013-11-19 09:00:00,,544.829
2013-11-19 10:00:00,,544.827
2013-11-19 11:00:00,,544.826
2013-11-19 12:00:00,,544.832
2013-11-19 13:00:00,,544.849
2013-11-19 14:00:00,,544.85
2013-11-19 15:00:00,,544.857
2013-11-19 16:00:00,,544.856
2013-11-19 17:00:00,,544.871
2013-11-19 18:00:00,,544.869
2013-11-19 19:00:00,,544.86
2013-11-19 20:00:00,,544.851
2013-11-19 21:00:00,,544.84
2013-11-19 22:00:00,,544.832
2013-11-19 23:00:00,,544.823
2013-11-20 00:00:00,,544.83
2013-11-20 01:00:00,,544.832
2013-11-20 02:00:00,,544.834
2013-11-20 03:00:00,,544.843
2013-11-20 04:00:00,,544.84
2013-11-20 05:00:00,,544.837
2013-11-20 06:00:00,,544.829
2013-11-20 07:00:00,,544.829
2013-11-20 08:00:00,,544.817
2013-11-20 09:00:00,,544.82
2013-11-20 10:00:00,,544.819
2013-11-20 11:00:00,,544.829
2013-11-20 12:00:00,,544.827
2013-11-20 13:00:00,,544.837
2013-11-20 14:00:00,,544.843
2013-11-20 15:00:00,,544.844
2013-11-20 16:00:00,,544.852
2013-11-20 17:00:00,,544.854
2013-11-20 18:00:00,,544.846
2013-11-20 19:00:00,,544.841
2013-11-20 20:00:00,,544.835
2013-11-20 21:00:00,,544.831
2013-11-20 22:00:00,,544.826
2013-11-20 23:00:00,,544.817
2013-11-21 00:00:00,,544.823
2013-11-21 01:00:00,,544.823
2013-11-21 02:00:00,,544.831
2013-11-21 03:00:00,,544.823
2013-11-21 04:00:00,,544.834
2013-11-21 05:00:00,,544.824
2013-11-21 06:00:00,,544.833
2013-11-21 07:00:00,,544.818
2013-11-21 08:00:00,,544.822
2013-11-21 09:00:00,,544.822
2013-11-21 10:00:00,,544.817
2013-11-21 11:00:00,,544.827
2013-11-21 12:00:00,,544.837
2013-11-21 13:00:00,,544.843
2013-11-21 14:00:00,,544.839
2013-11-21 15:00:00,,544.855
2013-11-21 16:00:00,,544.859
2013-11-21 17:00:00,,544.863
2013-11-21 18:00:00,,544.857
2013-11-21 19:00:00,,544.846
2013-11-21 20:00:00,,544.837
2013-11-21 21:00:00,,544.822
2013-11-21 22:00:00,,544.826
2013-11-21 23:00:00,,544.809
2013-11-22 00:00:00,,544.817
2013-11-22 01:00:00,,544.815
2013-11-22 02:00:00,,544.823
2013-11-22 03:00:00,,544.817
2013-11-22 04:00:00,,544.816
2013-11-22 05:00:00,,544.824
2013-11-22 06:00:00,,544.809
2013-11-22 07:00:00,,544.812
2013-11-22 08:00:00,,544.816
2013-11-22 09:00:00,,544.812
2013-11-22 10:00:00,,544.813
2013-11-22 11:00:00,,544.818
2013-11-22 12:00:00,,544.826
2013-11-22 13:00:00,,544.828
2013-11-22 14:00:00,,544.836
2013-11-22 15:00:00,,544.851
2013-11-22 16:00:00,,544.843
2013-11-22 17:00:00,,544.858
2013-11-22 18:00:00,,544.852
2013-11-22 19:00:00,,544.849
2013-11-22 20:00:00,,544.843
2013-11-22 21:00:00,,544.832
2013-11-22 22:00:00,,544.826
2013-11-22 23:00:00,,544.828
2013-11-23 00:00:00,,544.823
2013-11-23 01:00:00,,544.826
2013-11-23 02:00:00,,544.834
2013-11-23 03:00:00,,544.834
2013-11-23 04:00:00,,544.83
2013-11-23 05:00:00,,544.823
2013-11-23 06:00:00,,544.828
2013-11-23 07:00:00,,544.828
2013-11-23 08:00:00,,544.817
2013-11-23 09:00:00,,544.825
2013-11-23 10:00:00,,544.815
2013-11-23 11:00:00,,544.827
2013-11-23 12:00:00,,544.84
2013-11-23 13:00:00,,544.841
2013-11-23 14:00:00,,544.849
2013-11-23 15:00:00,,544.855
2013-11-23 16:00:00,,544.857
2013-11-23 17:00:00,,544.859
2013-11-23 18:00:00,,544.859
2013-11-23 19:00:00,,544.846
2013-11-23 20:00:00,,544.844
2013-11-23 21:00:00,,544.83
2013-11-23 22:00:00,,544.824
2013-11-23 23:00:00,,544.829
2013-11-24 00:00:00,,544.831
2013-11-24 01:00:00,,544.83
2013-11-24 02:00:00,,544.829
2013-11-24 03:00:00,,544.837
2013-11-24 04:00:00,,544.825
2013-11-24 05:00:00,,544.835
2013-11-24 06:00:00,,544.826
2013-11-24 07:00:00,,544.821
2013-11-24 08:00:00,,544.815
2013-11-24 09:00:00,,544.822
2013-11-24 10:00:00,,544.827
2013-11-24 11:00:00,,544.833
2013-11-24 12:00:00,,544.839
2013-11-24 13:00:00,,544.847
2013-11-24 14:00:00,,544.853
2013-11-24 15:00:00,,544.854
2013-11-24 16:00:00,,544.858
2013-11-24 17:00:00,,544.862
2013-11-24 18:00:00,,544.852
2013-11-24 19:00:00,,544.851
2013-11-24 20:00:00,,544.848
2013-11-24 21:00:00,,544.841
2013-11-24 22:00:00,,544.838
2013-11-24 23:00:00,,544.829
2013-11-25 00:00:00,,544.834
2013-11-25 01:00:00,,544.835
2013-11-25 02:00:00,,544.836
2013-11-25 03:00:00,,544.843
2013-11-25 04:00:00,,544.83
2013-11-25 05:00:00,,544.826
2013-11-25 06:00:00,,544.821
2013-11-25 07:00:00,,544.823
2013-11-25 08:00:00,,544.828
2013-11-25 09:00:00,,544.832
2013-11-25 10:00:00,,544.837
2013-11-25 11:00:00,,544.842
2013-11-25 12:00:00,,544.838
2013-11-25 13:00:00,,544.85
2013-11-25 14:00:00,,544.859
2013-11-25 15:00:00,,544.863
2013-11-25 16:00:00,,544.856
2013-11-25 17:00:00,,544.857
2013-11-25 18:00:00,,544.851
2013-11-25 19:00:00,,544.852
2013-11-25 20:00:00,,544.837
2013-11-25 21:00:00,,544.832
2013-11-25 22:00:00,,544.822
2013-11-25 23:00:00,,544.827
2013-11-26 00:00:00,,544.822
2013-11-26 01:00:00,,544.832
2013-11-26 02:00:00,,544.843
2013-11-26 03:00:00,,544.842
2013-11-26 04:00:00,,544.843
2013-11-26 05:00:00,,544.835
2013-11-26 06:00:00,,544.822
2013-11-26 07:00:00,,544.816
2013-11-26 08:00:00,,544.823
2013-11-26 09:00:00,,544.813
2013-11-26 10:00:00,,544.822
2013-11-26 11:00:00,,544.835
2013-11-26 12:00:00,,544.84
2013-11-26 13:00:00,,544.841
2013-11-26 14:00:00,,544.852
2013-11-26 15:00:00,,544.848
2013-11-26 16:00:00,,544.848
2013-11-26 17:00:00,,544.854
2013-11-26 18:00:00,,544.848
2013-11-26 19:00:00,,544.825
2013-11-26 20:00:00,,544.814
2013-11-26 21:00:00,,544.818
2013-11-26 22:00:00,,544.821
2013-11-26 23:00:00,,544.818
2013-11-27 00:00:00,,544.824
2013-11-27 01:00:00,,544.812
2013-11-27 02:00:00,,544.829
2013-11-27 03:00:00,,544.83
2013-11-27 04:00:00,,544.83
2013-11-27 05:00:00,,544.836
2013-11-27 06:00:00,,544.822
2013-11-27 07:00:00,,544.828
2013-11-27 08:00:00,,544.825
2013-11-27 09:00:00,,544.819
2013-11-27 10:00:00,,544.82
2013-11-27 11:00:00,,544.823
2013-11-27 12:00:00,,544.832
2013-11-27 13:00:00,,544.834
2013-11-27 14:00:00,,544.847
2013-11-27 15:00:00,,544.848
2013-11-27 16:00:00,,544.848
2013-11-27 17:00:00,,544.848
2013-11-27 18:00:00,,544.856
2013-11-27 19:00:00,,544.837
2013-11-27 20:00:00,,544.833
2013-11-27 21:00:00,,544.834
2013-11-27 22:00:00,,544.828
2013-11-27 23:00:00,,544.827
2013-11-28 00:00:00,,544.836
2013-11-28 01:00:00,,544.832
2013-11-28 02:00:00,,544.83
2013-11-28 03:00:00,,544.835
2013-11-28 04:00:00,,544.842
2013-11-28 05:00:00,,544.841
2013-11-28 06:00:00,,544.83
2013-11-28 07:00:00,,544.832
2013-11-28 08:00:00,,544.826
2013-11-28 09:00:00,,544.82
2013-11-28 10:00:00,,544.828
2013-11-28 11:00:00,,544.828
2013-11-28 12:00:00,,544.837
2013-11-28 13:00:00,,544.838
2013-11-28 14:00:00,,544.847
2013-11-28 15:00:00,,544.836
2013-11-28 16:00:00,,544.834
2013-11-28 17:00:00,,544.828
2013-11-28 18:00:00,,544.829
2013-11-28 19:00:00,,544.833
2013-11-28 20:00:00,,544.845
2013-11-28 21:00:00,,544.838
2013-11-28 22:00:00,,544.832
2013-11-28 23:00:00,,544.834
2013-11-29 00:00:00,,544.838
2013-11-29 01:00:00,,544.842
2013-11-29 02:00:00,,544.836
2013-11-29 03:00:00,,544.842
2013-11-29 04:00:00,,544.838
2013-11-29 05:00:00,,544.83
2013-11-29 06:00:00,,544.821
2013-11-29 07:00:00,,544.828
2013-11-29 08:00:00,,544.818
2013-11-29 09:00:00,,544.816
2013-11-29 10:00:00,,544.813
2013-11-29 11:00:00,,544.825
2013-11-29 12:00:00,,544.839
2013-11-29 13:00:00,,544.841
2013-11-29 14:00:00,,544.842
2013-11-29 15:00:00,,544.853
2013-11-29 16:00:00,,544.852
2013-11-29 17:00:00,,544.855
2013-11-29 18:00:00,,544.849
2013-11-29 19:00:00,,544.848
2013-11-29 20:00:00,,544.841
2013-11-29 21:00:00,,544.842
2013-11-29 22:00:00,,544.831
2013-11-29 23:00:00,,544.831
2013-11-30 00:00:00,,544.825
2013-11-30 01:00:00,,544.833
2013-11-30 02:00:00,,544.831
2013-11-30 03:00:00,,544.837
2013-11-30 04:00:00,,544.832
2013-11-30 05:00:00,,544.833
2013-11-30 06:00:00,,544.828
2013-11-30 07:00:00,,544.812
2013-11-30 08:00:00,,544.815
2013-11-30 09:00:00,,544.82
2013-11-30 10:00:00,,544.816
2013-11-30 11:00:00,,544.818
2013-11-30 12:00:00,,544.825
2013-11-30 13:00:00,,544.833
2013-11-30 14:00:00,,544.853
2013-11-30 15:00:00,,544.858
2013-11-30 16:00:00,,544.85
2013-11-30 17:00:00,,544.859
2013-11-30 18:00:00,,544.85
2013-11-30 19:00:00,,544.844
2013-11-30 20:00:00,,544.84
2013-11-30 21:00:00,,544.836
2013-11-30 22:00:00,,544.837
2013-11-30 23:00:00,,544.822
2013-12-01 00:00:00,,544.823
2013-12-01 01:00:00,,544.833
2013-12-01 02:00:00,,544.826
2013-12-01 03:00:00,,544.827
2013-12-01 04:00:00,,544.831
2013-12-01 05:00:00,,544.823
2013-12-01 06:00:00,,544.818
2013-12-01 07:00:00,,544.816
2013-12-01 08:00:00,,544.818
2013-12-01 09:00:00,,544.804
2013-12-01 10:00:00,,544.805
2013-12-01 11:00:00,,544.816
2013-12-01 12:00:00,,544.831
2013-12-01 13:00:00,,544.839
2013-12-01 14:00:00,,544.838
2013-12-01 15:00:00,,544.844
2013-12-01 16:00:00,,544.858
2013-12-01 17:00:00,,544.853
2013-12-01 18:00:00,,544.857
2013-12-01 19:00:00,,544.845
2013-12-01 20:00:00,,544.838
2013-12-01 21:00:00,,544.834
2013-12-01 22:00:00,,544.833
2013-12-01 23:00:00,,544.829
2013-12-02 00:00:00,,544.835
2013-12-02 01:00:00,,544.832
2013-12-02 02:00:00,,544.833
2013-12-02 03:00:00,,544.834
2013-12-02 04:00:00,,544.826
2013-12-02 05:00:00,,544.829
2013-12-02 06:00:00,,544.818
2013-12-02 07:00:00,,544.811
2013-12-02 08:00:00,,544.808
2013-12-02 09:00:00,,544.816
2013-12-02 10:00:00,,544.822
2013-12-02 11:00:00,,544.827
2013-12-02 12:00:00,,544.829
2013-12-02 13:00:00,,544.845
2013-12-02 14:00:00,,544.856
2013-12-02 15:00:00,,544.854
2013-12-02 16:00:00,,544.861
2013-12-02 17:00:00,,544.861
2013-12-02 18:00:00,,544.844
2013-12-02 19:00:00,,544.843
2013-12-02 20:00:00,,544.839
2013-12-02 21:00:00,,544.823
2013-12-02 22:00:00,,544.82
2013-12-02 23:00:00,,544.825
2013-12-03 00:00:00,,544.829
2013-12-03 01:00:00,,544.834
2013-12-03 02:00:00,,544.841
2013-12-03 03:00:00,,544.848
2013-12-03 04:00:00,,544.839
2013-12-03 05:00:00,,544.84
2013-12-03 06:00:00,,544.844
2013-12-03 07:00:00,,544.842
2013-12-03 08:00:00,,544.828
2013-12-03 09:00:00,,544.821
2013-12-03 10:00:00,,544.821
2013-12-03 11:00:00,,544.822
2013-12-03 12:00:00,,544.829
2013-12-03 13:00:00,,544.844
2013-12-03 14:00:00,,544.843
2013-12-03 15:00:00,,544.857
2013-12-03 16:00:00,,544.866
2013-12-03 17:00:00,,544.865
2013-12-03 18:00:00,,544.848
2013-12-03 19:00:00,,544.849
2013-12-03 20:00:00,,544.841
2013-12-03 21:00:00,,544.839
2013-12-03 22:00:00,,544.831
2013-12-03 23:00:00,,544.835
2013-12-04 00:00:00,,544.838
2013-12-04 01:00:00,,544.845
2013-12-04 02:00:00,,544.858
2013-12-04 03:00:00,,544.856
2013-12-04 04:00:00,,544.862
2013-12-04 05:00:00,,544.841
2013-12-04 06:00:00,,544.838
2013-12-04 07:00:00,,544.829
2013-12-04 08:00:00,,544.827
2013-12-04 09:00:00,,544.816
2013-12-04 10:00:00,,544.814
2013-12-04 11:00:00,,544.807
2013-12-04 12:00:00,,544.81
2013-12-04 13:00:00,,544.825
2013-12-04 14:00:00,,544.841
2013-12-04 15:00:00,,544.841
2013-12-04 16:00:00,,544.848
2013-12-04 17:00:00,,544.851
2013-12-04 18:00:00,,544.853
2013-12-04 19:00:00,,544.855
2013-12-04 20:00:00,,544.848
2013-12-04 21:00:00,,544.84
2013-12-04 22:00:00,,544.83
2013-12-04 23:00:00,,544.822
2013-12-05 00:00:00,,544.832
2013-12-05 01:00:00,,544.829
2013-12-05 02:00:00,,544.839
2013-12-05 03:00:00,,544.831
2013-12-05 04:00:00,,544.831
2013-12-05 05:00:00,,544.83
2013-12-05 06:00:00,,544.818
2013-12-05 07:00:00,,544.818
2013-12-05 08:00:00,,544.811
2013-12-05 09:00:00,,544.812
2013-12-05 10:00:00,,544.809
2013-12-05 11:00:00,,544.812
2013-12-05 12:00:00,,544.819
2013-12-05 13:00:00,,544.817
2013-12-05 14:00:00,,544.823
2013-12-05 15:00:00,,544.837
2013-12-05 16:00:00,,544.841
2013-12-05 17:00:00,,544.847
2013-12-05 18:00:00,,544.839
2013-12-05 19:00:00,,544.834
2013-12-05 20:00:00,,544.829
2013-12-05 21:00:00,,544.816
2013-12-05 22:00:00,,544.811
2013-12-05 23:00:00,,544.822
2013-12-06 00:00:00,,544.815
2013-12-06 01:00:00,,544.813
2013-12-06 02:00:00,,544.823
2013-12-06 03:00:00,,544.823
2013-12-06 04:00:00,,544.827
2013-12-06 05:00:00,,544.818
2013-12-06 06:00:00,,544.811
2013-12-06 07:00:00,,544.814
2013-12-06 08:00:00,,544.812
2013-12-06 09:00:00,,544.804
2013-12-06 10:00:00,,544.813
2013-12-06 11:00:00,,544.821
2013-12-06 12:00:00,,544.825
2013-12-06 13:00:00,,544.831
2013-12-06 14:00:00,,544.834
2013-12-06 15:00:00,,544.84
2013-12-06 16:00:00,,544.85
2013-12-06 17:00:00,,544.858
2013-12-06 18:00:00,,544.849
2013-12-06 19:00:00,,544.852
2013-12-06 20:00:00,,544.845
2013-12-06 21:00:00,,544.839
2013-12-06 22:00:00,,544.827
2013-12-06 23:00:00,,544.819
2013-12-07 00:00:00,,544.818
2013-12-07 01:00:00,,544.823
2013-12-07 02:00:00,,544.825
2013-12-07 03:00:00,,544.828
2013-12-07 04:00:00,,544.819
2013-12-07 05:00:00,,544.829
2013-12-07 06:00:00,,544.818
2013-12-07 07:00:00,,544.817
2013-12-07 08:00:00,,544.82
2013-12-07 09:00:00,,544.813
2013-12-07 10:00:00,,544.825
2013-12-07 11:00:00,,544.832
2013-12-07 12:00:00,,544.833
2013-12-07 13:00:00,,544.833
2013-12-07 14:00:00,,544.851
2013-12-07 15:00:00,,544.856
2013-12-07 16:00:00,,544.851
2013-12-07 17:00:00,,544.856
2013-12-07 18:00:00,,544.851
2013-12-07 19:00:00,,544.849
2013-12-07 20:00:00,,544.851
2013-12-07 21:00:00,,544.841
2013-12-07 22:00:00,,544.838
2013-12-07 23:00:00,,544.829
2013-12-08 00:00:00,,544.841
2013-12-08 01:00:00,,544.839
2013-12-08 02:00:00,,544.841
2013-12-08 03:00:00,,544.834
2013-12-08 04:00:00,,544.84
2013-12-08 05:00:00,,544.836
2013-12-08 06:00:00,,544.831
2013-12-08 07:00:00,,544.829
2013-12-08 08:00:00,,544.828
2013-12-08 09:00:00,,544.822
2013-12-08 10:00:00,,544.825
2013-12-08 11:00:00,,544.844
2013-12-08 12:00:00,,544.847
2013-12-08 13:00:00,,544.851
2013-12-08 14:00:00,,544.86
2013-12-08 15:00:00,,544.855
2013-12-08 16:00:00,,544.863
2013-12-08 17:00:00,,544.871
2013-12-08 18:00:00,,544.868
2013-12-08 19:00:00,,544.858
2013-12-08 20:00:00,,544.862
2013-12-08 21:00:00,,544.853
2013-12-08 22:00:00,,544.842
2013-12-08 23:00:00,,544.842
2013-12-09 00:00:00,,544.842
2013-12-09 01:00:00,,544.845
2013-12-09 02:00:00,,544.848
2013-12-09 03:00:00,,544.855
2013-12-09 04:00:00,,544.849
2013-12-09 05:00:00,,544.849
2013-12-09 06:00:00,,544.844
2013-12-09 07:00:00,,544.833
2013-12-09 08:00:00,,544.836
2013-12-09 09:00:00,,544.836
2013-12-09 10:00:00,,544.831
2013-12-09 11:00:00,,544.837
2013-12-09 12:00:00,,544.853
2013-12-09 13:00:00,,544.853
2013-12-09 14:00:00,,544.858
2013-12-09 15:00:00,,544.855
2013-12-09 16:00:00,,544.857
2013-12-09 17:00:00,,544.866
2013-12-09 18:00:00,,544.855
2013-12-09 19:00:00,,544.849
2013-12-09 20:00:00,,544.846
2013-12-09 21:00:00,,544.834
2013-12-09 22:00:00,,544.837
2013-12-09 23:00:00,,544.838
2013-12-10 00:00:00,,544.836
2013-12-10 01:00:00,,544.836
2013-12-10 02:00:00,,544.839
2013-12-10 03:00:00,,544.837
2013-12-10 04:00:00,,544.842
2013-12-10 05:00:00,,544.829
2013-12-10 06:00:00,,544.825
2013-12-10 07:00:00,,544.817
2013-12-10 08:00:00,,544.807
2013-12-10 09:00:00,,544.811
2013-12-10 10:00:00,,544.808
2013-12-10 11:00:00,,544.812
2013-12-10 12:00:00,,544.834
2013-12-10 13:00:00,,544.844
2013-12-10 14:00:00,,544.845
2013-12-10 15:00:00,,544.857
2013-12-10 16:00:00,,544.857
2013-12-10 17:00:00,,544.859
2013-12-10 18:00:00,,544.842
2013-12-10 19:00:00,,544.842
2013-12-10 20:00:00,,544.838
2013-12-10 21:00:00,,544.84
2013-12-10 22:00:00,,544.834
2013-12-10 23:00:00,,544.827
2013-12-11 00:00:00,,544.83
2013-12-11 01:00:00,,544.833
2013-12-11 02:00:00,,544.835
2013-12-11 03:00:00,,544.839
2013-12-11 04:00:00,,544.845
2013-12-11 05:00:00,,544.833
2013-12-11 06:00:00,,544.823
2013-12-11 07:00:00,,544.823
2013-12-11 08:00:00,,544.819
2013-12-11 09:00:00,,544.81
2013-12-11 10:00:00,,544.811
2013-12-11 11:00:00,,544.829
2013-12-11 12:00:00,,544.825
2013-12-11 13:00:00,,544.844
2013-12-11 14:00:00,,544.838
2013-12-11 15:00:00,,544.844
2013-12-11 16:00:00,,544.857
2013-12-11 17:00:00,,544.85
2013-12-11 18:00:00,,544.838
2013-12-11 19:00:00,,544.844
2013-12-11 20:00:00,,544.831
2013-12-11 21:00:00,,544.829
2013-12-11 22:00:00,,544.815
2013-12-11 23:00:00,,544.829
2013-12-12 00:00:00,,544.825
2013-12-12 01:00:00,,544.827
2013-12-12 02:00:00,,544.839
2013-12-12 03:00:00,,544.843
2013-12-12 04:00:00,,544.846
2013-12-12 05:00:00,,544.835
2013-12-12 06:00:00,,544.835
2013-12-12 07:00:00,,544.827
2013-12-12 08:00:00,,544.822
2013-12-12 09:00:00,,544.819
2013-12-12 10:00:00,,544.833
2013-12-12 11:00:00,,544.834
2013-12-12 12:00:00,,544.832
2013-12-12 13:00:00,,544.84
2013-12-12 14:00:00,,544.846
2013-12-12 15:00:00,,544.851
2013-12-12 16:00:00,,544.865
2013-12-12 17:00:00,,544.866
2013-12-12 18:00:00,,544.856
2013-12-12 19:00:00,,544.852
2013-12-12 20:00:00,,544.848
2013-12-12 21:00:00,,544.839
2013-12-12 22:00:00,,544.827
2013-12-12 23:00:00,,544.835
2013-12-13 00:00:00,,544.832
2013-12-13 01:00:00,,544.837
2013-12-13 02:00:00,,544.839
2013-12-13 03:00:00,,544.844
2013-12-13 04:00:00,,544.834
2013-12-13 05:00:00,,544.831
2013-12-13 06:00:00,,544.828
2013-12-13 07:00:00,,544.819
2013-12-13 08:00:00,,544.81
2013-12-13 09:00:00,,544.816
2013-12-13 10:00:00,,544.822
2013-12-13 11:00:00,,544.828
2013-12-13 12:00:00,,544.823
2013-12-13 13:00:00,,544.838
2013-12-13 14:00:00,,544.845
2013-12-13 15:00:00,,544.855
2013-12-13 16:00:00,,544.863
2013-12-13 17:00:00,,544.857
2013-12-13 18:00:00,,544.855
2013-12-13 19:00:00,,544.85
2013-12-13 20:00:00,,544.842
2013-12-13 21:00:00,,544.829
2013-12-13 22:00:00,,544.823
2013-12-13 23:00:00,,544.826
2013-12-14 00:00:00,,544.827
2013-12-14 01:00:00,,544.826
2013-12-14 02:00:00,,544.837
2013-12-14 03:00:00,,544.839
2013-12-14 04:00:00,,544.838
2013-12-14 05:00:00,,544.833
2013-12-14 06:00:00,,544.826
2013-12-14 07:00:00,,544.814
2013-12-14 08:00:00,,544.811
2013-12-14 09:00:00,,544.817
2013-12-14 10:00:00,,544.818
2013-12-14 11:00:00,,544.826
2013-12-14 12:00:00,,544.835
2013-12-14 13:00:00,,544.843
2013-12-14 14:00:00,,544.845
2013-12-14 15:00:00,,544.856
2013-12-14 16:00:00,,544.861
2013-12-14 17:00:00,,544.86
2013-12-14 18:00:00,,544.863
2013-12-14 19:00:00,,544.851
2013-12-14 20:00:00,,544.844
2013-12-14 21:00:00,,544.845
2013-12-14 22:00:00,,544.84
2013-12-14 23:00:00,,544.83
2013-12-15 00:00:00,,544.835
2013-12-15 01:00:00,,544.843
2013-12-15 02:00:00,,544.847
2013-12-15 03:00:00,,544.846
2013-12-15 04:00:00,,544.849
2013-12-15 05:00:00,,544.84
2013-12-15 06:00:00,,544.832
2013-12-15 07:00:00,,544.827
2013-12-15 08:00:00,,544.817
2013-12-15 09:00:00,,544.825
2013-12-15 10:00:00,,544.831
2013-12-15 11:00:00,,544.832
2013-12-15 12:00:00,,544.831
2013-12-15 13:00:00,,544.853
2013-12-15 14:00:00,,544.86
2013-12-15 15:00:00,,544.86
2013-12-15 16:00:00,,544.868
2013-12-15 17:00:00,,544.863
2013-12-15 18:00:00,,544.859
2013-12-15 19:00:00,,544.847
2013-12-15 20:00:00,,544.844
2013-12-15 21:00:00,,544.835
2013-12-15 22:00:00,,544.837
2013-12-15 23:00:00,,544.835
2013-12-16 00:00:00,,544.833
2013-12-16 01:00:00,,544.842
2013-12-16 02:00:00,,544.847
2013-12-16 03:00:00,,544.849
2013-12-16 04:00:00,,544.846
2013-12-16 05:00:00,,544.846
2013-12-16 06:00:00,,544.836
2013-12-16 07:00:00,,544.833
2013-12-16 08:00:00,,544.827
2013-12-16 09:00:00,,544.83
2013-12-16 10:00:00,,544.819
2013-12-16 11:00:00,,544.825
2013-12-16 12:00:00,,544.835
2013-12-16 13:00:00,,544.844
2013-12-16 14:00:00,,544.849
2013-12-16 15:00:00,,544.85
2013-12-16 16:00:00,,544.852
2013-12-16 17:00:00,,544.845
2013-12-16 18:00:00,,544.852
2013-12-16 19:00:00,,544.848
2013-12-16 20:00:00,,544.836
2013-12-16 21:00:00,,544.83
2013-12-16 22:00:00,,544.824
2013-12-16 23:00:00,,544.833
2013-12-17 00:00:00,,544.835
2013-12-17 01:00:00,,544.847
2013-12-17 02:00:00,,544.856
2013-12-17 03:00:00,,544.861
2013-12-17 04:00:00,,544.852
2013-12-17 05:00:00,,544.846
2013-12-17 06:00:00,,544.845
2013-12-17 07:00:00,,544.834
2013-12-17 08:00:00,,544.836
2013-12-17 09:00:00,,544.838
2013-12-17 10:00:00,,544.833
2013-12-17 11:00:00,,544.844
2013-12-17 12:00:00,,544.838
2013-12-17 13:00:00,,544.852
2013-12-17 14:00:00,,544.856
2013-12-17 15:00:00,,544.861
2013-12-17 16:00:00,,544.872
2013-12-17 17:00:00,,544.872
2013-12-17 18:00:00,,544.869
2013-12-17 19:00:00,,544.858
2013-12-17 20:00:00,,544.853
2013-12-17 21:00:00,,544.848
2013-12-17 22:00:00,,544.837
2013-12-17 23:00:00,,544.846
2013-12-18 00:00:00,,544.84
2013-12-18 01:00:00,,544.843
2013-12-18 02:00:00,,544.839
2013-12-18 03:00:00,,544.85
2013-12-18 04:00:00,,544.844
2013-12-18 05:00:00,,544.843
2013-12-18 06:00:00,,544.837
2013-12-18 07:00:00,,544.829
2013-12-18 08:00:00,,544.832
2013-12-18 09:00:00,,544.836
2013-12-18 10:00:00,,544.826
2013-12-18 11:00:00,,544.831
2013-12-18 12:00:00,,544.843
2013-12-18 13:00:00,,544.841
2013-12-18 14:00:00,,544.852
2013-12-18 15:00:00,,544.853
2013-12-18 16:00:00,,544.85
2013-12-18 17:00:00,,544.855
2013-12-18 18:00:00,,544.859
2013-12-18 19:00:00,,544.848
2013-12-18 20:00:00,,544.846
2013-12-18 21:00:00,,544.837
2013-12-18 22:00:00,,544.83
2013-12-18 23:00:00,,544.826
2013-12-19 00:00:00,,544.833
2013-12-19 01:00:00,,544.837
2013-12-19 02:00:00,,544.836
2013-12-19 03:00:00,,544.841
2013-12-19 04:00:00,,544.846
2013-12-19 05:00:00,,544.842
2013-12-19 06:00:00,,544.836
2013-12-19 07:00:00,,544.844
2013-12-19 08:00:00,,544.841
2013-12-19 09:00:00,,544.841
2013-12-19 10:00:00,,544.842
2013-12-19 11:00:00,,544.838
2013-12-19 12:00:00,,544.843
2013-12-19 13:00:00,,544.847
2013-12-19 14:00:00,,544.85
2013-12-19 15:00:00,,544.867
2013-12-19 16:00:00,,544.868
2013-12-19 17:00:00,,544.863
2013-12-19 18:00:00,,544.866
2013-12-19 19:00:00,,544.858
2013-12-19 20:00:00,,544.841
2013-12-19 21:00:00,,544.835
2013-12-19 22:00:00,,544.828
2013-12-19 23:00:00,,544.826
2013-12-20 00:00:00,,544.839
2013-12-20 01:00:00,,544.837
2013-12-20 02:00:00,,544.845
2013-12-20 03:00:00,,544.855
2013-12-20 04:00:00,,544.857
2013-12-20 05:00:00,,544.848
2013-12-20 06:00:00,,544.841
2013-12-20 07:00:00,,544.835
2013-12-20 08:00:00,,544.844
2013-12-20 09:00:00,,544.83
2013-12-20 10:00:00,,544.843
2013-12-20 11:00:00,,544.836
2013-12-20 12:00:00,,544.844
2013-12-20 13:00:00,,544.851
2013-12-20 14:00:00,,544.856
2013-12-20 15:00:00,,544.867
2013-12-20 16:00:00,,544.87
2013-12-20 17:00:00,,544.874
2013-12-20 18:00:00,,544.879
2013-12-20 19:00:00,,544.866
2013-12-20 20:00:00,,544.859
2013-12-20 21:00:00,,544.846
2013-12-20 22:00:00,,544.846
2013-12-20 23:00:00,,544.842
2013-12-21 00:00:00,,544.843
2013-12-21 01:00:00,,544.847
2013-12-21 02:00:00,,544.854
2013-12-21 03:00:00,,544.853
2013-12-21 04:00:00,,544.841
2013-12-21 05:00:00,,544.85
2013-12-21 06:00:00,,544.839
2013-12-21 07:00:00,,544.836
2013-12-21 08:00:00,,544.843
2013-12-21 09:00:00,,544.832
2013-12-21 10:00:00,,544.846
2013-12-21 11:00:00,,544.848
2013-12-21 12:00:00,,544.847
2013-12-21 13:00:00,,544.849
2013-12-21 14:00:00,,544.854
2013-12-21 15:00:00,,544.868
2013-12-21 16:00:00,,544.857
2013-12-21 17:00:00,,544.851
2013-12-21 18:00:00,,544.85
2013-12-21 19:00:00,,544.848
2013-12-21 20:00:00,,544.844
2013-12-21 21:00:00,,544.851
2013-12-21 22:00:00,,544.841
2013-12-21 23:00:00,,544.836
2013-12-22 00:00:00,,544.838
2013-12-22 01:00:00,,544.84
2013-12-22 02:00:00,,544.837
2013-12-22 03:00:00,,544.847
2013-12-22 04:00:00,,544.839
2013-12-22 05:00:00,,544.843
2013-12-22 06:00:00,,544.84
2013-12-22 07:00:00,,544.844
2013-12-22 08:00:00,,544.845
2013-12-22 09:00:00,,544.846
2013-12-22 10:00:00,,544.841
2013-12-22 11:00:00,,544.844
2013-12-22 12:00:00,,544.845
2013-12-22 13:00:00,,544.853
2013-12-22 14:00:00,,544.854
2013-12-22 15:00:00,,544.856
2013-12-22 16:00:00,,544.867
2013-12-22 17:00:00,,544.861
2013-12-22 18:00:00,,544.862
2013-12-22 19:00:00,,544.859
2013-12-22 20:00:00,,544.846
2013-12-22 21:00:00,,544.845
2013-12-22 22:00:00,,544.842
2013-12-22 23:00:00,,544.835
2013-12-23 00:00:00,,544.828
2013-12-23 01:00:00,,544.836
2013-12-23 02:00:00,,544.843
2013-12-23 03:00:00,,544.833
2013-12-23 04:00:00,,544.837
2013-12-23 05:00:00,,544.84
2013-12-23 06:00:00,,544.833
2013-12-23 07:00:00,,544.828
2013-12-23 08:00:00,,544.82
2013-12-23 09:00:00,,544.823
2013-12-23 10:00:00,,544.814
2013-12-23 11:00:00,,544.826
2013-12-23 12:00:00,,544.825
2013-12-23 13:00:00,,544.829
2013-12-23 14:00:00,,544.834
2013-12-23 15:00:00,,544.841
2013-12-23 16:00:00,,544.844
2013-12-23 17:00:00,,544.844
2013-12-23 18:00:00,,544.846
2013-12-23 19:00:00,,544.841
2013-12-23 20:00:00,,544.838
2013-12-23 21:00:00,,544.837
2013-12-23 22:00:00,,544.821
2013-12-23 23:00:00,,544.819
2013-12-24 00:00:00,,544.834
2013-12-24 01:00:00,,544.829
2013-12-24 02:00:00,,544.84
2013-12-24 03:00:00,,544.847
2013-12-24 04:00:00,,544.842
2013-12-24 05:00:00,,544.836
2013-12-24 06:00:00,,544.843
2013-12-24 07:00:00,,544.829
2013-12-24 08:00:00,,544.832
2013-12-24 09:00:00,,544.832
2013-12-24 10:00:00,,544.829
2013-12-24 11:00:00,,544.831
2013-12-24 12:00:00,,544.84
2013-12-24 13:00:00,,544.846
2013-12-24 14:00:00,,544.851
2013-12-24 15:00:00,,544.844
2013-12-24 16:00:00,,544.857
2013-12-24 17:00:00,,544.851
2013-12-24 18:00:00,,544.854
2013-12-24 19:00:00,,544.845
2013-12-24 20:00:00,,544.843
2013-12-24 21:00:00,,544.843
2013-12-24 22:00:00,,544.84
2013-12-24 23:00:00,,544.842
2013-12-25 00:00:00,,544.846
2013-12-25 01:00:00,,544.848
2013-12-25 02:00:00,,544.844
2013-12-25 03:00:00,,544.851
2013-12-25 04:00:00,,544.848
2013-12-25 05:00:00,,544.854
2013-12-25 06:00:00,,544.844
2013-12-25 07:00:00,,544.835
2013-12-25 08:00:00,,544.841
2013-12-25 09:00:00,,544.831
2013-12-25 10:00:00,,544.83
2013-12-25 11:00:00,,544.831
2013-12-25 12:00:00,,544.839
2013-12-25 13:00:00,,544.847
2013-12-25 14:00:00,,544.85
2013-12-25 15:00:00,,544.848
2013-12-25 16:00:00,,544.855
2013-12-25 17:00:00,,544.856
2013-12-25 18:00:00,,544.852
2013-12-25 19:00:00,,544.846
2013-12-25 20:00:00,,544.844
2013-12-25 21:00:00,,544.848
2013-12-25 22:00:00,,544.843
2013-12-25 23:00:00,,544.849
2013-12-26 00:00:00,,544.844
2013-12-26 01:00:00,,544.853
2013-12-26 02:00:00,,544.855
2013-12-26 03:00:00,,544.846
2013-12-26 04:00:00,,544.847
2013-12-26 05:00:00,,544.85
2013-12-26 06:00:00,,544.851
2013-12-26 07:00:00,,544.845
2013-12-26 08:00:00,,544.833
2013-12-26 09:00:00,,544.833
2013-12-26 10:00:00,,544.83
2013-12-26 11:00:00,,544.844
2013-12-26 12:00:00,,544.844
2013-12-26 13:00:00,,544.844
2013-12-26 14:00:00,,544.856
2013-12-26 15:00:00,,544.866
2013-12-26 16:00:00,,544.867
2013-12-26 17:00:00,,544.863
2013-12-26 18:00:00,,544.864
2013-12-26 19:00:00,,544.866
2013-12-26 20:00:00,,544.847
2013-12-26 21:00:00,,544.843
2013-12-26 22:00:00,,544.848
2013-12-26 23:00:00,,544.833
2013-12-27 00:00:00,,544.835
2013-12-27 01:00:00,,544.846
2013-12-27 02:00:00,,544.846
2013-12-27 03:00:00,,544.857
2013-12-27 04:00:00,,544.857
2013-12-27 05:00:00,,544.856
2013-12-27 06:00:00,,544.858
2013-12-27 07:00:00,,544.852
2013-12-27 08:00:00,,544.842
2013-12-27 09:00:00,,544.837
2013-12-27 10:00:00,,544.849
2013-12-27 11:00:00,,544.848
2013-12-27 12:00:00,,544.855
2013-12-27 13:00:00,,544.864
2013-12-27 14:00:00,,544.868
2013-12-27 15:00:00,,544.879
2013-12-27 16:00:00,,544.876
2013-12-27 17:00:00,,544.881
2013-12-27 18:00:00,,544.864
2013-12-27 19:00:00,,544.865
2013-12-27 20:00:00,,544.862
2013-12-27 21:00:00,,544.852
2013-12-27 22:00:00,,544.845
2013-12-27 23:00:00,,544.84
2013-12-28 00:00:00,,544.842
2013-12-28 01:00:00,,544.848
2013-12-28 02:00:00,,544.863
2013-12-28 03:00:00,,544.861
2013-12-28 04:00:00,,544.858
2013-12-28 05:00:00,,544.849
2013-12-28 06:00:00,,544.846
2013-12-28 07:00:00,,544.843
2013-12-28 08:00:00,,544.836
2013-12-28 09:00:00,,544.838
2013-12-28 10:00:00,,544.834
2013-12-28 11:00:00,,544.844
2013-12-28 12:00:00,,544.856
2013-12-28 13:00:00,,544.859
2013-12-28 14:00:00,,544.863
2013-12-28 15:00:00,,544.868
2013-12-28 16:00:00,,544.869
2013-12-28 17:00:00,,544.878
2013-12-28 18:00:00,,544.864
2013-12-28 19:00:00,,544.866
2013-12-28 20:00:00,,544.852
2013-12-28 21:00:00,,544.854
2013-12-28 22:00:00,,544.844
2013-12-28 23:00:00,,544.85
2013-12-29 00:00:00,,544.846
2013-12-29 01:00:00,,544.855
2013-12-29 02:00:00,,544.852
2013-12-29 03:00:00,,544.853
2013-12-29 04:00:00,,544.852
2013-12-29 05:00:00,,544.854
2013-12-29 06:00:00,,544.851
2013-12-29 07:00:00,,544.834
2013-12-29 08:00:00,,544.826
2013-12-29 09:00:00,,544.828
2013-12-29 10:00:00,,544.826
2013-12-29 11:00:00,,544.836
2013-12-29 12:00:00,,544.832
2013-12-29 13:00:00,,544.851
2013-12-29 14:00:00,,544.853
2013-12-29 15:00:00,,544.855
2013-12-29 16:00:00,,544.871
2013-12-29 17:00:00,,544.873
2013-12-29 18:00:00,,544.87
2013-12-29 19:00:00,,544.863
2013-12-29 20:00:00,,544.845
2013-12-29 21:00:00,,544.833
2013-12-29 22:00:00,,544.837
2013-12-29 23:00:00,,544.846
2013-12-30 00:00:00,,544.839
2013-12-30 01:00:00,,544.843
2013-12-30 02:00:00,,544.852
2013-12-30 03:00:00,,544.852
2013-12-30 04:00:00,,544.844
2013-12-30 05:00:00,,544.842
2013-12-30 06:00:00,,544.836
2013-12-30 07:00:00,,544.824
2013-12-30 08:00:00,,544.818
2013-12-30 09:00:00,,544.828
2013-12-30 10:00:00,,544.823
2013-12-30 11:00:00,,544.837
2013-12-30 12:00:00,,544.843
2013-12-30 13:00:00,,544.857
2013-12-30 14:00:00,,544.866
2013-12-30 15:00:00,,544.862
2013-12-30 16:00:00,,544.867
2013-12-30 17:00:00,,544.875
2013-12-30 18:00:00,,544.868
2013-12-30 19:00:00,,544.866
2013-12-30 20:00:00,,544.86
2013-12-30 21:00:00,,544.853
2013-12-30 22:00:00,,544.841
2013-12-30 23:00:00,,544.844
2013-12-31 00:00:00,,544.853
2013-12-31 01:00:00,,544.855
2013-12-31 02:00:00,,544.842
2013-12-31 03:00:00,,544.848
2013-12-31 04:00:00,,544.852
2013-12-31 05:00:00,,544.852
2013-12-31 06:00:00,,544.834
2013-12-31 07:00:00,,544.835
2013-12-31 08:00:00,,544.837
2013-12-31 09:00:00,,544.83
2013-12-31 10:00:00,,544.826
2013-12-31 11:00:00,,544.832
2013-12-31 12:00:00,,544.84
2013-12-31 13:00:00,,544.853
2013-12-31 14:00:00,,544.869
2013-12-31 15:00:00,,544.871
2013-12-31 16:00:00,,544.873
2013-12-31 17:00:00,,544.872
2013-12-31 18:00:00,,544.873
2013-12-31 19:00:00,,544.868
2013-12-31 20:00:00,,544.857
2013-12-31 21:00:00,,544.857
2013-12-31 22:00:00,,544.856
2013-12-31 23:00:00,,544.846
2014-01-01 00:00:00,,544.849
2014-01-01 01:00:00,,544.854
2014-01-01 02:00:00,,544.858
2014-01-01 03:00:00,,544.847
2014-01-01 04:00:00,,544.85
2014-01-01 05:00:00,,544.848
2014-01-01 06:00:00,,544.844
2014-01-01 07:00:00,,544.849
2014-01-01 08:00:00,,544.846
2014-01-01 09:00:00,,544.845
2014-01-01 10:00:00,,544.841
2014-01-01 11:00:00,,544.841
2014-01-01 12:00:00,,544.843
2014-01-01 13:00:00,,544.849
2014-01-01 14:00:00,,544.856
2014-01-01 15:00:00,,544.875
2014-01-01 16:00:00,,544.875
2014-01-01 17:00:00,,544.878
2014-01-01 18:00:00,,544.88
2014-01-01 19:00:00,,544.869
2014-01-01 20:00:00,,544.861
2014-01-01 21:00:00,,544.857
2014-01-01 22:00:00,,544.857
2014-01-01 23:00:00,,544.847
2014-01-02 00:00:00,,544.849
2014-01-02 01:00:00,,544.851
2014-01-02 02:00:00,,544.861
2014-01-02 03:00:00,,544.855
2014-01-02 04:00:00,,544.861
2014-01-02 05:00:00,,544.855
2014-01-02 06:00:00,,544.856
2014-01-02 07:00:00,,544.847
2014-01-02 08:00:00,,544.836
2014-01-02 09:00:00,,544.836
2014-01-02 10:00:00,,544.832
2014-01-02 11:00:00,,544.841
2014-01-02 12:00:00,,544.841
2014-01-02 13:00:00,,544.848
2014-01-02 14:00:00,,544.857
2014-01-02 15:00:00,,544.862
2014-01-02 16:00:00,,544.872
2014-01-02 17:00:00,,544.883
2014-01-02 18:00:00,,544.87
2014-01-02 19:00:00,,544.87
2014-01-02 20:00:00,,544.871
2014-01-02 21:00:00,,544.852
2014-01-02 22:00:00,,544.843
2014-01-02 23:00:00,,544.853
2014-01-03 00:00:00,,544.849
2014-01-03 01:00:00,,544.848
2014-01-03 02:00:00,,544.864
2014-01-03 03:00:00,,544.856
2014-01-03 04:00:00,,544.85
2014-01-03 05:00:00,,544.852
2014-01-03 06:00:00,,544.844
2014-01-03 07:00:00,,544.851
2014-01-03 08:00:00,,544.843
2014-01-03 09:00:00,,544.838
2014-01-03 10:00:00,,544.837
2014-01-03 11:00:00,,544.837
2014-01-03 12:00:00,,544.833
2014-01-03 13:00:00,,544.838
2014-01-03 14:00:00,,544.85
2014-01-03 15:00:00,,544.853
2014-01-03 16:00:00,,544.861
2014-01-03 17:00:00,,544.863
2014-01-03 18:00:00,,544.858
2014-01-03 19:00:00,,544.858
2014-01-03 20:00:00,,544.855
2014-01-03 21:00:00,,544.848
2014-01-03 22:00:00,,544.844
2014-01-03 23:00:00,,544.846
2014-01-04 00:00:00,,544.835
2014-01-04 01:00:00,,544.843
2014-01-04 02:00:00,,544.848
2014-01-04 03:00:00,,544.841
2014-01-04 04:00:00,,544.843
2014-01-04 05:00:00,,544.84
2014-01-04 06:00:00,,544.832
2014-01-04 07:00:00,,544.83
2014-01-04 08:00:00,,544.826
2014-01-04 09:00:00,,544.83
2014-01-04 10:00:00,,544.829
2014-01-04 11:00:00,,544.832
2014-01-04 12:00:00,,544.832
2014-01-04 13:00:00,,544.84
2014-01-04 14:00:00,,544.853
2014-01-04 15:00:00,,544.86
2014-01-04 16:00:00,,544.864
2014-01-04 17:00:00,,544.866
2014-01-04 18:00:00,,544.868
2014-01-04 19:00:00,,544.866
2014-01-04 20:00:00,,544.864
2014-01-04 21:00:00,,544.854
2014-01-04 22:00:00,,544.84
2014-01-04 23:00:00,,544.841
2014-01-05 00:00:00,,544.848
2014-01-05 01:00:00,,544.846
2014-01-05 02:00:00,,544.854
2014-01-05 03:00:00,,544.852
2014-01-05 04:00:00,,544.843
2014-01-05 05:00:00,,544.851
2014-01-05 06:00:00,,544.844
2014-01-05 07:00:00,,544.834
2014-01-05 08:00:00,,544.83
2014-01-05 09:00:00,,544.835
2014-01-05 10:00:00,,544.83
2014-01-05 11:00:00,,544.84
2014-01-05 12:00:00,,544.834
2014-01-05 13:00:00,,544.847
2014-01-05 14:00:00,,544.852
2014-01-05 15:00:00,,544.859
2014-01-05 16:00:00,,544.862
2014-01-05 17:00:00,,544.863
2014-01-05 18:00:00,,544.856
2014-01-05 19:00:00,,544.852
2014-01-05 20:00:00,,544.854
2014-01-05 21:00:00,,544.852
2014-01-05 22:00:00,,544.841
2014-01-05 23:00:00,,544.839
2014-01-06 00:00:00,,544.834
2014-01-06 01:00:00,,544.85
2014-01-06 02:00:00,,544.85
2014-01-06 03:00:00,,544.849
2014-01-06 04:00:00,,544.845
2014-01-06 05:00:00,,544.84
2014-01-06 06:00:00,,544.826
2014-01-06 07:00:00,,544.823
2014-01-06 08:00:00,,544.825
2014-01-06 09:00:00,,544.823
2014-01-06 10:00:00,,544.833
2014-01-06 11:00:00,,544.822
2014-01-06 12:00:00,,544.837
2014-01-06 13:00:00,,544.841
2014-01-06 14:00:00,,544.85
2014-01-06 15:00:00,,544.86
2014-01-06 16:00:00,,544.851
2014-01-06 17:00:00,,544.852
2014-01-06 18:00:00,,544.855
2014-01-06 19:00:00,,544.846
2014-01-06 20:00:00,,544.845
2014-01-06 21:00:00,,544.836
2014-01-06 22:00:00,,544.834
2014-01-06 23:00:00,,544.838
2014-01-07 00:00:00,,544.84
2014-01-07 01:00:00,,544.846
2014-01-07 02:00:00,,544.846
2014-01-07 03:00:00,,544.843
2014-01-07 04:00:00,,544.842
2014-01-07 05:00:00,,544.833
2014-01-07 06:00:00,,544.829
2014-01-07 07:00:00,,544.831
2014-01-07 08:00:00,,544.836
2014-01-07 09:00:00,,544.836
2014-01-07 10:00:00,,544.834
2014-01-07 11:00:00,,544.839
2014-01-07 12:00:00,,544.845
2014-01-07 13:00:00,,544.861
2014-01-07 14:00:00,,544.861
2014-01-07 15:00:00,,544.873
2014-01-07 16:00:00,,544.875
2014-01-07 17:00:00,,544.875
2014-01-07 18:00:00,,544.866
2014-01-07 19:00:00,,544.869
2014-01-07 20:00:00,,544.855
2014-01-07 21:00:00,,544.852
2014-01-07 22:00:00,,544.854
2014-01-07 23:00:00,,544.846
2014-01-08 00:00:00,,544.848
2014-01-08 01:00:00,,544.85
2014-01-08 02:00:00,,544.859
2014-01-08 03:00:00,,544.86
2014-01-08 04:00:00,,544.859
2014-01-08 05:00:00,,544.856
2014-01-08 06:00:00,,544.852
2014-01-08 07:00:00,,544.842
2014-01-08 08:00:00,,544.837
2014-01-08 09:00:00,,544.843
2014-01-08 10:00:00,,544.854
2014-01-08 11:00:00,,544.851
2014-01-08 12:00:00,,544.853
2014-01-08 13:00:00,,544.865
2014-01-08 14:00:00,,544.87
2014-01-08 15:00:00,,544.883
2014-01-08 16:00:00,,544.873
2014-01-08 17:00:00,,544.879
2014-01-08 18:00:00,,544.869
2014-01-08 19:00:00,,544.87
2014-01-08 20:00:00,,544.864
2014-01-08 21:00:00,,544.858
2014-01-08 22:00:00,,544.85
2014-01-08 23:00:00,,544.848
2014-01-09 00:00:00,,544.842
2014-01-09 01:00:00,,544.856
2014-01-09 02:00:00,,544.854
2014-01-09 03:00:00,,544.857
2014-01-09 04:00:00,,544.851
2014-01-09 05:00:00,,544.86
2014-01-09 06:00:00,,544.849
2014-01-09 07:00:00,,544.842
2014-01-09 08:00:00,,544.84
2014-01-09 09:00:00,,544.848
2014-01-09 10:00:00,,544.842
2014-01-09 11:00:00,,544.842
2014-01-09 12:00:00,,544.858
2014-01-09 13:00:00,,544.853
2014-01-09 14:00:00,,544.866
2014-01-09 15:00:00,,544.87
2014-01-09 16:00:00,,544.87
2014-01-09 17:00:00,,544.878
2014-01-09 18:00:00,,544.878
2014-01-09 19:00:00,,544.872
2014-01-09 20:00:00,,544.86
2014-01-09 21:00:00,,544.853
2014-01-09 22:00:00,,544.855
2014-01-09 23:00:00,,544.847
2014-01-10 00:00:00,,544.841
2014-01-10 01:00:00,,544.843
2014-01-10 02:00:00,,544.852
2014-01-10 03:00:00,,544.862
2014-01-10 04:00:00,,544.859
2014-01-10 05:00:00,,544.853
2014-01-10 06:00:00,,544.84
2014-01-10 07:00:00,,544.832
2014-01-10 08:00:00,,544.834
2014-01-10 09:00:00,,544.834
2014-01-10 10:00:00,,544.841
2014-01-10 11:00:00,,544.847
2014-01-10 12:00:00,,544.849
2014-01-10 13:00:00,,544.851
2014-01-10 14:00:00,,544.855
2014-01-10 15:00:00,,544.864
2014-01-10 16:00:00,,544.868
2014-01-10 17:00:00,,544.869
2014-01-10 18:00:00,,544.866
2014-01-10 19:00:00,,544.856
2014-01-10 20:00:00,,544.863
2014-01-10 21:00:00,,544.849
2014-01-10 22:00:00,,544.836
2014-01-10 23:00:00,,544.843
2014-01-11 00:00:00,,544.849
2014-01-11 01:00:00,,544.853
2014-01-11 02:00:00,,544.858
2014-01-11 03:00:00,,544.853
2014-01-11 04:00:00,,544.848
2014-01-11 05:00:00,,544.845
2014-01-11 06:00:00,,544.837
2014-01-11 07:00:00,,544.839
2014-01-11 08:00:00,,544.829
2014-01-11 09:00:00,,544.832
2014-01-11 10:00:00,,544.834
2014-01-11 11:00:00,,544.847
2014-01-11 12:00:00,,544.858
2014-01-11 13:00:00,,544.86
2014-01-11 14:00:00,,544.861
2014-01-11 15:00:00,,544.87
2014-01-11 16:00:00,,544.882
2014-01-11 17:00:00,,544.882
2014-01-11 18:00:00,,544.874
2014-01-11 19:00:00,,544.88
2014-01-11 20:00:00,,544.873
2014-01-11 21:00:00,,544.861
2014-01-11 22:00:00,,544.847
2014-01-11 23:00:00,,544.842
2014-01-12 00:00:00,,544.848
2014-01-12 01:00:00,,544.85
2014-01-12 02:00:00,,544.85
2014-01-12 03:00:00,,544.85
2014-01-12 04:00:00,,544.859
2014-01-12 05:00:00,,544.85
2014-01-12 06:00:00,,544.847
2014-01-12 07:00:00,,544.84
2014-01-12 08:00:00,,544.843
2014-01-12 09:00:00,,544.841
2014-01-12 10:00:00,,544.85
2014-01-12 11:00:00,,544.852
2014-01-12 12:00:00,,544.851
2014-01-12 13:00:00,,544.857
2014-01-12 14:00:00,,544.866
2014-01-12 15:00:00,,544.886
2014-01-12 16:00:00,,544.882
2014-01-12 17:00:00,,544.888
2014-01-12 18:00:00,,544.884
2014-01-12 19:00:00,,544.876
2014-01-12 20:00:00,,544.869
2014-01-12 21:00:00,,544.857
2014-01-12 22:00:00,,544.857
2014-01-12 23:00:00,,544.85
2014-01-13 00:00:00,,544.854
2014-01-13 01:00:00,,544.858
2014-01-13 02:00:00,,544.857
2014-01-13 03:00:00,,544.857
2014-01-13 04:00:00,,544.868
2014-01-13 05:00:00,,544.86
2014-01-13 06:00:00,,544.85
2014-01-13 07:00:00,,544.856
2014-01-13 08:00:00,,544.841
2014-01-13 09:00:00,,544.848
2014-01-13 10:00:00,,544.845
2014-01-13 11:00:00,,544.85
2014-01-13 12:00:00,,544.865
2014-01-13 13:00:00,,544.872
2014-01-13 14:00:00,,544.885
2014-01-13 15:00:00,,544.891
2014-01-13 16:00:00,,544.888
2014-01-13 17:00:00,,544.895
2014-01-13 18:00:00,,544.876
2014-01-13 19:00:00,,544.877
2014-01-13 20:00:00,,544.865
2014-01-13 21:00:00,,544.862
2014-01-13 22:00:00,,544.856
2014-01-13 23:00:00,,544.846
2014-01-14 00:00:00,,544.849
2014-01-14 01:00:00,,544.845
2014-01-14 02:00:00,,544.86
2014-01-14 03:00:00,,544.859
2014-01-14 04:00:00,,544.86
2014-01-14 05:00:00,,544.86
2014-01-14 06:00:00,,544.853
2014-01-14 07:00:00,,544.853
2014-01-14 08:00:00,,544.845
2014-01-14 09:00:00,,544.837
2014-01-14 10:00:00,,544.85
2014-01-14 11:00:00,,544.856
2014-01-14 12:00:00,,544.855
2014-01-14 13:00:00,,544.862
2014-01-14 14:00:00,,544.863
2014-01-14 15:00:00,,544.869
2014-01-14 16:00:00,,544.878
2014-01-14 17:00:00,,544.878
2014-01-14 18:00:00,,544.876
2014-01-14 19:00:00,,544.864
2014-01-14 20:00:00,,544.861
2014-01-14 21:00:00,,544.847
2014-01-14 22:00:00,,544.85
2014-01-14 23:00:00,,544.837
2014-01-15 00:00:00,,544.84
2014-01-15 01:00:00,,544.855
2014-01-15 02:00:00,,544.854
2014-01-15 03:00:00,,544.858
2014-01-15 04:00:00,,544.853
2014-01-15 05:00:00,,544.848
2014-01-15 06:00:00,,544.852
2014-01-15 07:00:00,,544.848
2014-01-15 08:00:00,,544.844
2014-01-15 09:00:00,,544.849
2014-01-15 10:00:00,,544.844
2014-01-15 11:00:00,,544.854
2014-01-15 12:00:00,,544.847
2014-01-15 13:00:00,,544.859
2014-01-15 14:00:00,,544.863
2014-01-15 15:00:00,,544.86
2014-01-15 16:00:00,,544.864
2014-01-15 17:00:00,,544.871
2014-01-15 18:00:00,,544.858
2014-01-15 19:00:00,,544.857
2014-01-15 20:00:00,,544.857
2014-01-15 21:00:00,,544.844
2014-01-15 22:00:00,,544.852
2014-01-15 23:00:00,,544.84
2014-01-16 00:00:00,,544.848
2014-01-16 01:00:00,,544.86
2014-01-16 02:00:00,,544.867
2014-01-16 03:00:00,,544.866
2014-01-16 04:00:00,,544.864
2014-01-16 05:00:00,,544.863
2014-01-16 06:00:00,,544.868
2014-01-16 07:00:00,,544.864
2014-01-16 08:00:00,,544.859
2014-01-16 09:00:00,,544.845
2014-01-16 10:00:00,,544.85
2014-01-16 11:00:00,,544.86
2014-01-16 12:00:00,,544.851
2014-01-16 13:00:00,,544.859
2014-01-16 14:00:00,,544.864
2014-01-16 15:00:00,,544.867
2014-01-16 16:00:00,,544.873
2014-01-16 17:00:00,,544.886
2014-01-16 18:00:00,,544.886
2014-01-16 19:00:00,,544.867
2014-01-16 20:00:00,,544.86
2014-01-16 21:00:00,,544.862
2014-01-16 22:00:00,,544.857
2014-01-16 23:00:00,,544.862
2014-01-17 00:00:00,,544.862
2014-01-17 01:00:00,,544.863
2014-01-17 02:00:00,,544.872
2014-01-17 03:00:00,,544.876
2014-01-17 04:00:00,,544.872
2014-01-17 05:00:00,,544.871
2014-01-17 06:00:00,,544.861
2014-01-17 07:00:00,,544.867
2014-01-17 08:00:00,,544.863
2014-01-17 09:00:00,,544.856
2014-01-17 10:00:00,,544.859
2014-01-17 11:00:00,,544.855
2014-01-17 12:00:00,,544.857
2014-01-17 13:00:00,,544.856
2014-01-17 14:00:00,,544.874
2014-01-17 15:00:00,,544.882
2014-01-17 16:00:00,,544.88
2014-01-17 17:00:00,,544.885
2014-01-17 18:00:00,,544.88
2014-01-17 19:00:00,,544.873
2014-01-17 20:00:00,,544.861
2014-01-17 21:00:00,,544.863
2014-01-17 22:00:00,,544.856
2014-01-17 23:00:00,,544.85
2014-01-18 00:00:00,,544.861
2014-01-18 01:00:00,,544.868
2014-01-18 02:00:00,,544.874
2014-01-18 03:00:00,,544.879
2014-01-18 04:00:00,,544.882
2014-01-18 05:00:00,,544.875
2014-01-18 06:00:00,,544.869
2014-01-18 07:00:00,,544.869
2014-01-18 08:00:00,,544.857
2014-01-18 09:00:00,,544.848
2014-01-18 10:00:00,,544.858
2014-01-18 11:00:00,,544.849
2014-01-18 12:00:00,,544.863
2014-01-18 13:00:00,,544.868
2014-01-18 14:00:00,,544.872
2014-01-18 15:00:00,,544.871
2014-01-18 16:00:00,,544.885
2014-01-18 17:00:00,,544.884
2014-01-18 18:00:00,,544.88
2014-01-18 19:00:00,,544.868
2014-01-18 20:00:00,,544.856
2014-01-18 21:00:00,,544.844
2014-01-18 22:00:00,,544.851
2014-01-18 23:00:00,,544.838
2014-01-19 00:00:00,,544.854
2014-01-19 01:00:00,,544.851
2014-01-19 02:00:00,,544.869
2014-01-19 03:00:00,,544.87
2014-01-19 04:00:00,,544.866
2014-01-19 05:00:00,,544.874
2014-01-19 06:00:00,,544.861
2014-01-19 07:00:00,,544.855
2014-01-19 08:00:00,,544.856
2014-01-19 09:00:00,,544.849
2014-01-19 10:00:00,,544.85
2014-01-19 11:00:00,,544.853
2014-01-19 12:00:00,,544.846
2014-01-19 13:00:00,,544.859
2014-01-19 14:00:00,,544.862
2014-01-19 15:00:00,,544.862
2014-01-19 16:00:00,,544.876
2014-01-19 17:00:00,,544.873
2014-01-19 18:00:00,,544.885
2014-01-19 19:00:00,,544.873
2014-01-19 20:00:00,,544.868
2014-01-19 21:00:00,,544.866
2014-01-19 22:00:00,,544.868
2014-01-19 23:00:00,,544.86
2014-01-20 00:00:00,,544.865
2014-01-20 01:00:00,,544.867
2014-01-20 02:00:00,,544.867
2014-01-20 03:00:00,,544.87
2014-01-20 04:00:00,,544.873
2014-01-20 05:00:00,,544.869
2014-01-20 06:00:00,,544.866
2014-01-20 07:00:00,,544.869
2014-01-20 08:00:00,,544.866
2014-01-20 09:00:00,,544.861
2014-01-20 10:00:00,,544.853
2014-01-20 11:00:00,,544.86
2014-01-20 12:00:00,,544.862
2014-01-20 13:00:00,,544.857
2014-01-20 14:00:00,,544.864
2014-01-20 15:00:00,,544.876
2014-01-20 16:00:00,,544.87
2014-01-20 17:00:00,,544.875
2014-01-20 18:00:00,,544.873
2014-01-20 19:00:00,,544.869
2014-01-20 20:00:00,,544.866
2014-01-20 21:00:00,,544.867
2014-01-20 22:00:00,,544.852
2014-01-20 23:00:00,,544.851
2014-01-21 00:00:00,,544.855
2014-01-21 01:00:00,,544.854
2014-01-21 02:00:00,,544.856
2014-01-21 03:00:00,,544.858
2014-01-21 04:00:00,,544.86
2014-01-21 05:00:00,,544.861
2014-01-21 06:00:00,,544.861
2014-01-21 07:00:00,,544.857
2014-01-21 08:00:00,,544.853
2014-01-21 09:00:00,,544.845
2014-01-21 10:00:00,,544.859
2014-01-21 11:00:00,,544.861
2014-01-21 12:00:00,,544.858
2014-01-21 13:00:00,,544.864
2014-01-21 14:00:00,,544.867
2014-01-21 15:00:00,,544.875
2014-01-21 16:00:00,,544.88
2014-01-21 17:00:00,,544.884
2014-01-21 18:00:00,,544.881
2014-01-21 19:00:00,,544.883
2014-01-21 20:00:00,,544.875
2014-01-21 21:00:00,,544.868
2014-01-21 22:00:00,,544.851
2014-01-21 23:00:00,,544.851
2014-01-22 00:00:00,,544.85
2014-01-22 01:00:00,,544.852
2014-01-22 02:00:00,,544.85
2014-01-22 03:00:00,,544.863
2014-01-22 04:00:00,,544.86
2014-01-22 05:00:00,,544.871
2014-01-22 06:00:00,,544.862
2014-01-22 07:00:00,,544.854
2014-01-22 08:00:00,,544.856
2014-01-22 09:00:00,,544.853
2014-01-22 10:00:00,,544.848
2014-01-22 11:00:00,,544.854
2014-01-22 12:00:00,,544.853
2014-01-22 13:00:00,,544.852
2014-01-22 14:00:00,,544.865
2014-01-22 15:00:00,,544.863
2014-01-22 16:00:00,,544.877
2014-01-22 17:00:00,,544.872
2014-01-22 18:00:00,,544.867
2014-01-22 19:00:00,,544.87
2014-01-22 20:00:00,,544.864
2014-01-22 21:00:00,,544.854
2014-01-22 22:00:00,,544.861
2014-01-22 23:00:00,,544.853
2014-01-23 00:00:00,,544.861
2014-01-23 01:00:00,,544.858
2014-01-23 02:00:00,,544.867
2014-01-23 03:00:00,,544.861
2014-01-23 04:00:00,,544.862
2014-01-23 05:00:00,,544.859
2014-01-23 06:00:00,,544.866
2014-01-23 07:00:00,,544.862
2014-01-23 08:00:00,,544.848
2014-01-23 09:00:00,,544.859
2014-01-23 10:00:00,,544.854
2014-01-23 11:00:00,,544.863
2014-01-23 12:00:00,,544.862
2014-01-23 13:00:00,,544.867
2014-01-23 14:00:00,,544.869
2014-01-23 15:00:00,,544.884
2014-01-23 16:00:00,,544.879
2014-01-23 17:00:00,,544.881
2014-01-23 18:00:00,,544.886
2014-01-23 19:00:00,,544.871
2014-01-23 20:00:00,,544.87
2014-01-23 21:00:00,,544.874
2014-01-23 22:00:00,,544.864
2014-01-23 23:00:00,,544.87
2014-01-24 00:00:00,,544.87
2014-01-24 01:00:00,,544.858
2014-01-24 02:00:00,,544.859
2014-01-24 03:00:00,,544.867
2014-01-24 04:00:00,,544.873
2014-01-24 05:00:00,,544.871
2014-01-24 06:00:00,,544.856
2014-01-24 07:00:00,,544.863
2014-01-24 08:00:00,,544.849
2014-01-24 09:00:00,,544.861
2014-01-24 10:00:00,,544.864
2014-01-24 11:00:00,,544.863
2014-01-24 12:00:00,,544.873
2014-01-24 13:00:00,,544.87
2014-01-24 14:00:00,,544.882
2014-01-24 15:00:00,,544.874
2014-01-24 16:00:00,,544.878
2014-01-24 17:00:00,,544.887
2014-01-24 18:00:00,,544.886
2014-01-24 19:00:00,,544.88
2014-01-24 20:00:00,,544.868
2014-01-24 21:00:00,,544.863
2014-01-24 22:00:00,,544.864
2014-01-24 23:00:00,,544.86
2014-01-25 00:00:00,,544.858
2014-01-25 01:00:00,,544.858
2014-01-25 02:00:00,,544.861
2014-01-25 03:00:00,,544.861
2014-01-25 04:00:00,,544.859
2014-01-25 05:00:00,,544.85
2014-01-25 06:00:00,,544.845
2014-01-25 07:00:00,,544.834
2014-01-25 08:00:00,,544.84
2014-01-25 09:00:00,,544.84
2014-01-25 10:00:00,,544.843
2014-01-25 11:00:00,,544.847
2014-01-25 12:00:00,,544.852
2014-01-25 13:00:00,,544.861
2014-01-25 14:00:00,,544.861
2014-01-25 15:00:00,,544.866
2014-01-25 16:00:00,,544.873
2014-01-25 17:00:00,,544.868
2014-01-25 18:00:00,,544.868
2014-01-25 19:00:00,,544.85
2014-01-25 20:00:00,,544.861
2014-01-25 21:00:00,,544.843
2014-01-25 22:00:00,,544.836
2014-01-25 23:00:00,,544.836
2014-01-26 00:00:00,,544.84
2014-01-26 01:00:00,,544.852
2014-01-26 02:00:00,,544.85
2014-01-26 03:00:00,,544.856
2014-01-26 04:00:00,,544.859
2014-01-26 05:00:00,,544.87
2014-01-26 06:00:00,,544.858
2014-01-26 07:00:00,,544.848
2014-01-26 08:00:00,,544.844
2014-01-26 09:00:00,,544.856
2014-01-26 10:00:00,,544.858
2014-01-26 11:00:00,,544.862
2014-01-26 12:00:00,,544.867
2014-01-26 13:00:00,,544.868
2014-01-26 14:00:00,,544.871
2014-01-26 15:00:00,,544.875
2014-01-26 16:00:00,,544.879
2014-01-26 17:00:00,,544.885
2014-01-26 18:00:00,,544.892
2014-01-26 19:00:00,,544.888
2014-01-26 20:00:00,,544.881
2014-01-26 21:00:00,,544.871
2014-01-26 22:00:00,,544.859
2014-01-26 23:00:00,,544.85
2014-01-27 00:00:00,,544.855
2014-01-27 01:00:00,,544.859
2014-01-27 02:00:00,,544.868
2014-01-27 03:00:00,,544.864
2014-01-27 04:00:00,,544.869
2014-01-27 05:00:00,,544.857
2014-01-27 06:00:00,,544.854
2014-01-27 07:00:00,,544.857
2014-01-27 08:00:00,,544.854
2014-01-27 09:00:00,,544.853
2014-01-27 10:00:00,,544.843
2014-01-27 11:00:00,,544.848
2014-01-27 12:00:00,,544.852
2014-01-27 13:00:00,,544.861
2014-01-27 14:00:00,,544.871
2014-01-27 15:00:00,,544.887
2014-01-27 16:00:00,,544.884
2014-01-27 17:00:00,,544.896
2014-01-27 18:00:00,,544.887
2014-01-27 19:00:00,,544.873
2014-01-27 20:00:00,,544.867
2014-01-27 21:00:00,,544.866
2014-01-27 22:00:00,,544.847
2014-01-27 23:00:00,,544.844
2014-01-28 00:00:00,,544.858
2014-01-28 01:00:00,,544.855
2014-01-28 02:00:00,,544.856
2014-01-28 03:00:00,,544.865
2014-01-28 04:00:00,,544.866
2014-01-28 05:00:00,,544.859
2014-01-28 06:00:00,,544.866
2014-01-28 07:00:00,,544.856
2014-01-28 08:00:00,,544.851
2014-01-28 09:00:00,,544.849
2014-01-28 10:00:00,,544.841
2014-01-28 11:00:00,,544.843
2014-01-28 12:00:00,,544.858
2014-01-28 13:00:00,,544.866
2014-01-28 14:00:00,,544.881
2014-01-28 15:00:00,,544.881
2014-01-28 16:00:00,,544.879
2014-01-28 17:00:00,,544.873
2014-01-28 18:00:00,,544.871
2014-01-28 19:00:00,,544.874
2014-01-28 20:00:00,,544.868
2014-01-28 21:00:00,,544.855
2014-01-28 22:00:00,,544.851
2014-01-28 23:00:00,,544.862
2014-01-29 00:00:00,,544.853
2014-01-29 01:00:00,,544.857
2014-01-29 02:00:00,,544.876
2014-01-29 03:00:00,,544.882
2014-01-29 04:00:00,,544.873
2014-01-29 05:00:00,,544.876
2014-01-29 06:00:00,,544.87
2014-01-29 07:00:00,,544.866
2014-01-29 08:00:00,,544.864
2014-01-29 09:00:00,,544.856
2014-01-29 10:00:00,,544.863
2014-01-29 11:00:00,,544.852
2014-01-29 12:00:00,,544.864
2014-01-29 13:00:00,,544.869
2014-01-29 14:00:00,,544.873
2014-01-29 15:00:00,,544.886
2014-01-29 16:00:00,,544.886
2014-01-29 17:00:00,,544.899
2014-01-29 18:00:00,,544.897
2014-01-29 19:00:00,,544.885
2014-01-29 20:00:00,,544.872
2014-01-29 21:00:00,,544.872
2014-01-29 22:00:00,,544.864
2014-01-29 23:00:00,,544.86
2014-01-30 00:00:00,,544.864
2014-01-30 01:00:00,,544.868
2014-01-30 02:00:00,,544.861
2014-01-30 03:00:00,,544.873
2014-01-30 04:00:00,,544.87
2014-01-30 05:00:00,,544.88
2014-01-30 06:00:00,,544.864
2014-01-30 07:00:00,,544.866
2014-01-30 08:00:00,,544.867
2014-01-30 09:00:00,,544.855
2014-01-30 10:00:00,,544.848
2014-01-30 11:00:00,,544.857
2014-01-30 12:00:00,,544.856
2014-01-30 13:00:00,,544.871
2014-01-30 14:00:00,,544.873
2014-01-30 15:00:00,,544.891
2014-01-30 16:00:00,,544.887
2014-01-30 17:00:00,,544.892
2014-01-30 18:00:00,,544.887
2014-01-30 19:00:00,,544.889
2014-01-30 20:00:00,,544.881
2014-01-30 21:00:00,,544.882
2014-01-30 22:00:00,,544.876
2014-01-30 23:00:00,,544.867
2014-01-31 00:00:00,,544.867
2014-01-31 01:00:00,,544.868
2014-01-31 02:00:00,,544.865
2014-01-31 03:00:00,,544.879
2014-01-31 04:00:00,,544.875
2014-01-31 05:00:00,,544.869
2014-01-31 06:00:00,,544.872
2014-01-31 07:00:00,,544.872
2014-01-31 08:00:00,,544.869
2014-01-31 09:00:00,,544.863
2014-01-31 10:00:00,,544.861
2014-01-31 11:00:00,,544.864
2014-01-31 12:00:00,,544.871
2014-01-31 13:00:00,,544.872
2014-01-31 14:00:00,,544.88
2014-01-31 15:00:00,,544.891
2014-01-31 16:00:00,,544.887
2014-01-31 17:00:00,,544.889
2014-01-31 18:00:00,,544.887
2014-01-31 19:00:00,,544.879
2014-01-31 20:00:00,,544.874
2014-01-31 21:00:00,,544.871
2014-01-31 22:00:00,,544.861
2014-01-31 23:00:00,,544.864
2014-02-01 00:00:00,,544.871
2014-02-01 01:00:00,,544.875
2014-02-01 02:00:00,,544.878
2014-02-01 03:00:00,,544.877
2014-02-01 04:00:00,,544.878
2014-02-01 05:00:00,,544.881
2014-02-01 06:00:00,,544.871
2014-02-01 07:00:00,,544.873
2014-02-01 08:00:00,,544.867
2014-02-01 09:00:00,,544.869
2014-02-01 10:00:00,,544.869
2014-02-01 11:00:00,,544.876
2014-02-01 12:00:00,,544.869
2014-02-01 13:00:00,,544.879
2014-02-01 14:00:00,,544.881
2014-02-01 15:00:00,,544.897
2014-02-01 16:00:00,,544.9
2014-02-01 17:00:00,,544.902
2014-02-01 18:00:00,,544.894
2014-02-01 19:00:00,,544.891
2014-02-01 20:00:00,,544.884
2014-02-01 21:00:00,,544.88
2014-02-01 22:00:00,,544.875
2014-02-01 23:00:00,,544.861
2014-02-02 00:00:00,,544.858
2014-02-02 01:00:00,,544.86
2014-02-02 02:00:00,,544.863
2014-02-02 03:00:00,,544.87
2014-02-02 04:00:00,,544.863
2014-02-02 05:00:00,,544.859
2014-02-02 06:00:00,,544.87
2014-02-02 07:00:00,,544.865
2014-02-02 08:00:00,,544.858
2014-02-02 09:00:00,,544.86
2014-02-02 10:00:00,,544.866
2014-02-02 11:00:00,,544.866
2014-02-02 12:00:00,,544.866
2014-02-02 13:00:00,,544.871
2014-02-02 14:00:00,,544.891
2014-02-02 15:00:00,,544.886
2014-02-02 16:00:00,,544.886
2014-02-02 17:00:00,,544.898
2014-02-02 18:00:00,,544.891
2014-02-02 19:00:00,,544.879
2014-02-02 20:00:00,,544.879
2014-02-02 21:00:00,,544.874
2014-02-02 22:00:00,,544.867
2014-02-02 23:00:00,,544.866
2014-02-03 00:00:00,,544.865
2014-02-03 01:00:00,,544.866
2014-02-03 02:00:00,,544.865
2014-02-03 03:00:00,,544.87
2014-02-03 04:00:00,,544.863
2014-02-03 05:00:00,,544.863
2014-02-03 06:00:00,,544.86
2014-02-03 07:00:00,,544.857
2014-02-03 08:00:00,,544.863
2014-02-03 09:00:00,,544.853
2014-02-03 10:00:00,,544.866
2014-02-03 11:00:00,,544.866
2014-02-03 12:00:00,,544.859
2014-02-03 13:00:00,,544.877
2014-02-03 14:00:00,,544.886
2014-02-03 15:00:00,,544.887
2014-02-03 16:00:00,,544.891
2014-02-03 17:00:00,,544.883
2014-02-03 18:00:00,,544.886
2014-02-03 19:00:00,,544.878
2014-02-03 20:00:00,,544.869
2014-02-03 21:00:00,,544.857
2014-02-03 22:00:00,,544.859
2014-02-03 23:00:00,,544.857
2014-02-04 00:00:00,,544.858
2014-02-04 01:00:00,,544.862
2014-02-04 02:00:00,,544.866
2014-02-04 03:00:00,,544.866
2014-02-04 04:00:00,,544.867
2014-02-04 05:00:00,,544.858
2014-02-04 06:00:00,,544.855
2014-02-04 07:00:00,,544.853
2014-02-04 08:00:00,,544.858
2014-02-04 09:00:00,,544.855
2014-02-04 10:00:00,,544.849
2014-02-04 11:00:00,,544.857
2014-02-04 12:00:00,,544.865
2014-02-04 13:00:00,,544.863
2014-02-04 14:00:00,,544.86
2014-02-04 15:00:00,,544.871
2014-02-04 16:00:00,,544.869
2014-02-04 17:00:00,,544.875
2014-02-04 18:00:00,,544.877
2014-02-04 19:00:00,,544.865
2014-02-04 20:00:00,,544.868
2014-02-04 21:00:00,,544.869
2014-02-04 22:00:00,,544.859
2014-02-04 23:00:00,,544.858
2014-02-05 00:00:00,,544.863
2014-02-05 01:00:00,,544.869
2014-02-05 02:00:00,,544.876
2014-02-05 03:00:00,,544.872
2014-02-05 04:00:00,,544.873
2014-02-05 05:00:00,,544.871
2014-02-05 06:00:00,,544.867
2014-02-05 07:00:00,,544.861
2014-02-05 08:00:00,,544.864
2014-02-05 09:00:00,,544.857
2014-02-05 10:00:00,,544.865
2014-02-05 11:00:00,,544.868
2014-02-05 12:00:00,,544.867
2014-02-05 13:00:00,,544.867
2014-02-05 14:00:00,,544.877
2014-02-05 15:00:00,,544.876
2014-02-05 16:00:00,,544.884
2014-02-05 17:00:00,,544.884
2014-02-05 18:00:00,,544.882
2014-02-05 19:00:00,,544.882
2014-02-05 20:00:00,,544.875
2014-02-05 21:00:00,,544.867
2014-02-05 22:00:00,,544.87
2014-02-05 23:00:00,,544.856
2014-02-06 00:00:00,,544.864
2014-02-06 01:00:00,,544.864
2014-02-06 02:00:00,,544.862
2014-02-06 03:00:00,,544.871
2014-02-06 04:00:00,,544.864
2014-02-06 05:00:00,,544.874
2014-02-06 06:00:00,,544.859
2014-02-06 07:00:00,,544.854
2014-02-06 08:00:00,,544.85
2014-02-06 09:00:00,,544.855
2014-02-06 10:00:00,,544.857
2014-02-06 11:00:00,,544.853
2014-02-06 12:00:00,,544.865
2014-02-06 13:00:00,,544.877
2014-02-06 14:00:00,,544.884
2014-02-06 15:00:00,,544.878
2014-02-06 16:00:00,,544.881
2014-02-06 17:00:00,,544.894
2014-02-06 18:00:00,,544.887
2014-02-06 19:00:00,,544.884
2014-02-06 20:00:00,,544.881
2014-02-06 21:00:00,,544.871
2014-02-06 22:00:00,,544.863
2014-02-06 23:00:00,,544.859
2014-02-07 00:00:00,,544.86
2014-02-07 01:00:00,,544.864
2014-02-07 02:00:00,,544.863
2014-02-07 03:00:00,,544.875
2014-02-07 04:00:00,,544.867
2014-02-07 05:00:00,,544.865
2014-02-07 06:00:00,,544.865
2014-02-07 07:00:00,,544.855
2014-02-07 08:00:00,,544.856
2014-02-07 09:00:00,,544.846
2014-02-07 10:00:00,,544.861
2014-02-07 11:00:00,,544.859
2014-02-07 12:00:00,,544.864
2014-02-07 13:00:00,,544.871
2014-02-07 14:00:00,,544.878
2014-02-07 15:00:00,,544.885
2014-02-07 16:00:00,,544.893
2014-02-07 17:00:00,,544.89
2014-02-07 18:00:00,,544.886
2014-02-07 19:00:00,,544.882
2014-02-07 20:00:00,,544.875
2014-02-07 21:00:00,,544.872
2014-02-07 22:00:00,,544.86
2014-02-07 23:00:00,,544.851
2014-02-08 00:00:00,,544.859
2014-02-08 01:00:00,,544.862
2014-02-08 02:00:00,,544.859
2014-02-08 03:00:00,,544.862
2014-02-08 04:00:00,,544.875
2014-02-08 05:00:00,,544.861
2014-02-08 06:00:00,,544.857
2014-02-08 07:00:00,,544.859
2014-02-08 08:00:00,,544.86
2014-02-08 09:00:00,,544.853
2014-02-08 10:00:00,,544.861
2014-02-08 11:00:00,,544.862
2014-02-08 12:00:00,,544.863
2014-02-08 13:00:00,,544.876
2014-02-08 14:00:00,,544.88
2014-02-08 15:00:00,,544.879
2014-02-08 16:00:00,,544.894
2014-02-08 17:00:00,,544.888
2014-02-08 18:00:00,,544.881
2014-02-08 19:00:00,,544.887
2014-02-08 20:00:00,,544.875
2014-02-08 21:00:00,,544.872
2014-02-08 22:00:00,,544.864
2014-02-08 23:00:00,,544.856
2014-02-09 00:00:00,,544.853
2014-02-09 01:00:00,,544.857
2014-02-09 02:00:00,,544.866
2014-02-09 03:00:00,,544.86
2014-02-09 04:00:00,,544.867
2014-02-09 05:00:00,,544.856
2014-02-09 06:00:00,,544.852
2014-02-09 07:00:00,,544.852
2014-02-09 08:00:00,,544.843
2014-02-09 09:00:00,,544.849
2014-02-09 10:00:00,,544.848
2014-02-09 11:00:00,,544.854
2014-02-09 12:00:00,,544.862
2014-02-09 13:00:00,,544.867
2014-02-09 14:00:00,,544.875
2014-02-09 15:00:00,,544.877
2014-02-09 16:00:00,,544.891
2014-02-09 17:00:00,,544.883
2014-02-09 18:00:00,,544.887
2014-02-09 19:00:00,,544.884
2014-02-09 20:00:00,,544.876
2014-02-09 21:00:00,,544.863
2014-02-09 22:00:00,,544.861
2014-02-09 23:00:00,,544.863
2014-02-10 00:00:00,,544.862
2014-02-10 01:00:00,,544.866
2014-02-10 02:00:00,,544.875
2014-02-10 03:00:00,,544.873
2014-02-10 04:00:00,,544.874
2014-02-10 05:00:00,,544.873
2014-02-10 06:00:00,,544.871
2014-02-10 07:00:00,,544.853
2014-02-10 08:00:00,,544.858
2014-02-10 09:00:00,,544.861
2014-02-10 10:00:00,,544.858
2014-02-10 11:00:00,,544.86
2014-02-10 12:00:00,,544.879
2014-02-10 13:00:00,,544.879
2014-02-10 14:00:00,,544.885
2014-02-10 15:00:00,,544.897
2014-02-10 16:00:00,,544.894
2014-02-10 17:00:00,,544.899
2014-02-10 18:00:00,,544.89
2014-02-10 19:00:00,,544.886
2014-02-10 20:00:00,,544.87
2014-02-10 21:00:00,,544.87
2014-02-10 22:00:00,,544.865
2014-02-10 23:00:00,,544.862
2014-02-11 00:00:00,,544.865
2014-02-11 01:00:00,,544.868
2014-02-11 02:00:00,,544.871
2014-02-11 03:00:00,,544.875
2014-02-11 04:00:00,,544.878
2014-02-11 05:00:00,,544.877
2014-02-11 06:00:00,,544.863
2014-02-11 07:00:00,,544.864
2014-02-11 08:00:00,,544.862
2014-02-11 09:00:00,,544.863
2014-02-11 10:00:00,,544.865
2014-02-11 11:00:00,,544.868
2014-02-11 12:00:00,,544.873
2014-02-11 13:00:00,,544.872
2014-02-11 14:00:00,,544.892
2014-02-11 15:00:00,,544.89
2014-02-11 16:00:00,,544.901
2014-02-11 17:00:00,,544.904
2014-02-11 18:00:00,,544.888
2014-02-11 19:00:00,,544.886
2014-02-11 20:00:00,,544.881
2014-02-11 21:00:00,,544.875
2014-02-11 22:00:00,,544.871
2014-02-11 23:00:00,,544.864
2014-02-12 00:00:00,,544.857
2014-02-12 01:00:00,,544.869
2014-02-12 02:00:00,,544.872
2014-02-12 03:00:00,,544.868
2014-02-12 04:00:00,,544.872
2014-02-12 05:00:00,,544.88
2014-02-12 06:00:00,,544.872
2014-02-12 07:00:00,,544.867
2014-02-12 08:00:00,,544.863
2014-02-12 09:00:00,,544.853
2014-02-12 10:00:00,,544.851
2014-02-12 11:00:00,,544.858
2014-02-12 12:00:00,,544.859
2014-02-12 13:00:00,,544.879
2014-02-12 14:00:00,,544.887
2014-02-12 15:00:00,,544.878
2014-02-12 16:00:00,,544.885
2014-02-12 17:00:00,,544.888
2014-02-12 18:00:00,,544.881
2014-02-12 19:00:00,,544.871
2014-02-12 20:00:00,,544.861
2014-02-12 21:00:00,,544.847
2014-02-12 22:00:00,,544.844
2014-02-12 23:00:00,,544.849
2014-02-13 00:00:00,,544.853
2014-02-13 01:00:00,,544.856
2014-02-13 02:00:00,,544.858
2014-02-13 03:00:00,,544.868
2014-02-13 04:00:00,,544.866
2014-02-13 05:00:00,,544.876
2014-02-13 06:00:00,,544.872
2014-02-13 07:00:00,,544.861
2014-02-13 08:00:00,,544.85
2014-02-13 09:00:00,,544.847
2014-02-13 10:00:00,,544.854
2014-02-13 11:00:00,,544.861
2014-02-13 12:00:00,,544.872
2014-02-13 13:00:00,,544.87
2014-02-13 14:00:00,,544.889
2014-02-13 15:00:00,,544.884
2014-02-13 16:00:00,,544.889
2014-02-13 17:00:00,,544.894
2014-02-13 18:00:00,,544.891
2014-02-13 19:00:00,,544.88
2014-02-13 20:00:00,,544.879
2014-02-13 21:00:00,,544.866
2014-02-13 22:00:00,,544.873
2014-02-13 23:00:00,,544.872
2014-02-14 00:00:00,,544.865
2014-02-14 01:00:00,,544.878
2014-02-14 02:00:00,,544.883
2014-02-14 03:00:00,,544.882
2014-02-14 04:00:00,,544.879
2014-02-14 05:00:00,,544.888
2014-02-14 06:00:00,,544.872
2014-02-14 07:00:00,,544.873
2014-02-14 08:00:00,,544.874
2014-02-14 09:00:00,,544.867
2014-02-14 10:00:00,,544.868
2014-02-14 11:00:00,,544.868
2014-02-14 12:00:00,,544.876
2014-02-14 13:00:00,,544.89
2014-02-14 14:00:00,,544.893
2014-02-14 15:00:00,,544.899
2014-02-14 16:00:00,,544.915
2014-02-14 17:00:00,,544.903
2014-02-14 18:00:00,,544.909
2014-02-14 19:00:00,,544.9
2014-02-14 20:00:00,,544.879
2014-02-14 21:00:00,,544.872
2014-02-14 22:00:00,,544.88
2014-02-14 23:00:00,,544.868
2014-02-15 00:00:00,,544.877
2014-02-15 01:00:00,,544.878
2014-02-15 02:00:00,,544.883
2014-02-15 03:00:00,,544.881
2014-02-15 04:00:00,,544.884
2014-02-15 05:00:00,,544.878
2014-02-15 06:00:00,,544.885
2014-02-15 07:00:00,,544.881
2014-02-15 08:00:00,,544.876
2014-02-15 09:00:00,,544.862
2014-02-15 10:00:00,,544.868
2014-02-15 11:00:00,,544.872
2014-02-15 12:00:00,,544.871
2014-02-15 13:00:00,,544.893
2014-02-15 14:00:00,,544.883
2014-02-15 15:00:00,,544.894
2014-02-15 16:00:00,,544.893
2014-02-15 17:00:00,,544.893
2014-02-15 18:00:00,,544.896
2014-02-15 19:00:00,,544.879
2014-02-15 20:00:00,,544.878
2014-02-15 21:00:00,,544.87
2014-02-15 22:00:00,,544.869
2014-02-15 23:00:00,,544.862
2014-02-16 00:00:00,,544.863
2014-02-16 01:00:00,,544.871
2014-02-16 02:00:00,,544.875
2014-02-16 03:00:00,,544.873
2014-02-16 04:00:00,,544.871
2014-02-16 05:00:00,,544.857
2014-02-16 06:00:00,,544.862
2014-02-16 07:00:00,,544.854
2014-02-16 08:00:00,,544.839
2014-02-16 09:00:00,,544.849
2014-02-16 10:00:00,,544.84
2014-02-16 11:00:00,,544.852
2014-02-16 12:00:00,,544.851
2014-02-16 13:00:00,,544.857
2014-02-16 14:00:00,,544.873
2014-02-16 15:00:00,,544.887
2014-02-16 16:00:00,,544.883
2014-02-16 17:00:00,,544.884
2014-02-16 18:00:00,,544.882
2014-02-16 19:00:00,,544.881
2014-02-16 20:00:00,,544.881
2014-02-16 21:00:00,,544.864
2014-02-16 22:00:00,,544.85
2014-02-16 23:00:00,,544.853
2014-02-17 00:00:00,,544.855
2014-02-17 01:00:00,,544.861
2014-02-17 02:00:00,,544.862
2014-02-17 03:00:00,,544.864
2014-02-17 04:00:00,,544.871
2014-02-17 05:00:00,,544.864
2014-02-17 06:00:00,,544.863
2014-02-17 07:00:00,,544.853
2014-02-17 08:00:00,,544.857
2014-02-17 09:00:00,,544.849
2014-02-17 10:00:00,,544.855
2014-02-17 11:00:00,,544.855
2014-02-17 12:00:00,,544.862
2014-02-17 13:00:00,,544.868
2014-02-17 14:00:00,,544.876
2014-02-17 15:00:00,,544.881
2014-02-17 16:00:00,,544.892
2014-02-17 17:00:00,,544.889
2014-02-17 18:00:00,,544.893
2014-02-17 19:00:00,,544.89
2014-02-17 20:00:00,,544.882
2014-02-17 21:00:00,,544.875
2014-02-17 22:00:00,,544.868
2014-02-17 23:00:00,,544.864
2014-02-18 00:00:00,,544.863
2014-02-18 01:00:00,,544.858
2014-02-18 02:00:00,,544.86
2014-02-18 03:00:00,,544.86
2014-02-18 04:00:00,,544.865
2014-02-18 05:00:00,,544.865
2014-02-18 06:00:00,,544.866
2014-02-18 07:00:00,,544.866
2014-02-18 08:00:00,,544.864
2014-02-18 09:00:00,,544.858
2014-02-18 10:00:00,,544.866
2014-02-18 11:00:00,,544.876
2014-02-18 12:00:00,,544.876
2014-02-18 13:00:00,,544.887
2014-02-18 14:00:00,,544.886
2014-02-18 15:00:00,,544.893
2014-02-18 16:00:00,,544.89
2014-02-18 17:00:00,,544.897
2014-02-18 18:00:00,,544.895
2014-02-18 19:00:00,,544.883
2014-02-18 20:00:00,,544.885
2014-02-18 21:00:00,,544.884
2014-02-18 22:00:00,,544.873
2014-02-18 23:00:00,,544.869
2014-02-19 00:00:00,,544.864
2014-02-19 01:00:00,,544.866
2014-02-19 02:00:00,,544.875
2014-02-19 03:00:00,,544.876
2014-02-19 04:00:00,,544.882
2014-02-19 05:00:00,,544.88
2014-02-19 06:00:00,,544.869
2014-02-19 07:00:00,,544.876
2014-02-19 08:00:00,,544.874
2014-02-19 09:00:00,,544.861
2014-02-19 10:00:00,,544.861
2014-02-19 11:00:00,,544.858
2014-02-19 12:00:00,,544.864
2014-02-19 13:00:00,,544.863
2014-02-19 14:00:00,,544.882
2014-02-19 15:00:00,,544.877
2014-02-19 16:00:00,,544.891
2014-02-19 17:00:00,,544.885
2014-02-19 18:00:00,,544.884
2014-02-19 19:00:00,,544.879
2014-02-19 20:00:00,,544.868
2014-02-19 21:00:00,,544.869
2014-02-19 22:00:00,,544.856
2014-02-19 23:00:00,,544.861
2014-02-20 00:00:00,,544.857
2014-02-20 01:00:00,,544.858
2014-02-20 02:00:00,,544.858
2014-02-20 03:00:00,,544.865
2014-02-20 04:00:00,,544.859
2014-02-20 05:00:00,,544.851
2014-02-20 06:00:00,,544.848
2014-02-20 07:00:00,,544.845
2014-02-20 08:00:00,,544.856
2014-02-20 09:00:00,,544.849
2014-02-20 10:00:00,,544.841
2014-02-20 11:00:00,,544.852
2014-02-20 12:00:00,,544.851
2014-02-20 13:00:00,,544.867
2014-02-20 14:00:00,,544.869
2014-02-20 15:00:00,,544.881
2014-02-20 16:00:00,,544.88
2014-02-20 17:00:00,,544.873
2014-02-20 18:00:00,,544.874
2014-02-20 19:00:00,,544.871
2014-02-20 20:00:00,,544.868
2014-02-20 21:00:00,,544.852
2014-02-20 22:00:00,,544.845
2014-02-20 23:00:00,,544.843
2014-02-21 00:00:00,,544.852
2014-02-21 01:00:00,,544.842
2014-02-21 02:00:00,,544.858
2014-02-21 03:00:00,,544.86
2014-02-21 04:00:00,,544.862
2014-02-21 05:00:00,,544.848
2014-02-21 06:00:00,,544.846
2014-02-21 07:00:00,,544.85
2014-02-21 08:00:00,,544.841
2014-02-21 09:00:00,,544.851
2014-02-21 10:00:00,,544.841
2014-02-21 11:00:00,,544.852
2014-02-21 12:00:00,,544.864
2014-02-21 13:00:00,,544.86
2014-02-21 14:00:00,,544.875
2014-02-21 15:00:00,,544.873
2014-02-21 16:00:00,,544.883
2014-02-21 17:00:00,,544.877
2014-02-21 18:00:00,,544.874
2014-02-21 19:00:00,,544.875
2014-02-21 20:00:00,,544.862
2014-02-21 21:00:00,,544.864
2014-02-21 22:00:00,,544.859
2014-02-21 23:00:00,,544.851
2014-02-22 00:00:00,,544.855
2014-02-22 01:00:00,,544.858
2014-02-22 02:00:00,,544.853
2014-02-22 03:00:00,,544.855
2014-02-22 04:00:00,,544.859
2014-02-22 05:00:00,,544.857
2014-02-22 06:00:00,,544.858
2014-02-22 07:00:00,,544.847
2014-02-22 08:00:00,,544.852
2014-02-22 09:00:00,,544.856
2014-02-22 10:00:00,,544.85
2014-02-22 11:00:00,,544.862
2014-02-22 12:00:00,,544.87
2014-02-22 13:00:00,,544.868
2014-02-22 14:00:00,,544.886
2014-02-22 15:00:00,,544.888
2014-02-22 16:00:00,,544.896
2014-02-22 17:00:00,,544.89
2014-02-22 18:00:00,,544.893
2014-02-22 19:00:00,,544.878
2014-02-22 20:00:00,,544.871
2014-02-22 21:00:00,,544.869
2014-02-22 22:00:00,,544.865
2014-02-22 23:00:00,,544.866
2014-02-23 00:00:00,,544.862
2014-02-23 01:00:00,,544.863
2014-02-23 02:00:00,,544.867
2014-02-23 03:00:00,,544.876
2014-02-23 04:00:00,,544.87
2014-02-23 05:00:00,,544.875
2014-02-23 06:00:00,,544.876
2014-02-23 07:00:00,,544.872
2014-02-23 08:00:00,,544.864
2014-02-23 09:00:00,,544.859
2014-02-23 10:00:00,,544.865
2014-02-23 11:00:00,,544.87
2014-02-23 12:00:00,,544.872
2014-02-23 13:00:00,,544.885
2014-02-23 14:00:00,,544.879
2014-02-23 15:00:00,,544.886
2014-02-23 16:00:00,,544.9
2014-02-23 17:00:00,,544.886
2014-02-23 18:00:00,,544.889
2014-02-23 19:00:00,,544.882
2014-02-23 20:00:00,,544.871
2014-02-23 21:00:00,,544.864
2014-02-23 22:00:00,,544.865
2014-02-23 23:00:00,,544.866
2014-02-24 00:00:00,,544.867
2014-02-24 01:00:00,,544.88
2014-02-24 02:00:00,,544.881
2014-02-24 03:00:00,,544.882
2014-02-24 04:00:00,,544.883
2014-02-24 05:00:00,,544.873
2014-02-24 06:00:00,,544.88
2014-02-24 07:00:00,,544.871
2014-02-24 08:00:00,,544.863
2014-02-24 09:00:00,,544.861
2014-02-24 10:00:00,,544.867
2014-02-24 11:00:00,,544.87
2014-02-24 12:00:00,,544.873
2014-02-24 13:00:00,,544.888
2014-02-24 14:00:00,,544.902
2014-02-24 15:00:00,,544.894
2014-02-24 16:00:00,,544.902
2014-02-24 17:00:00,,544.903
2014-02-24 18:00:00,,544.901
2014-02-24 19:00:00,,544.889
2014-02-24 20:00:00,,544.88
2014-02-24 21:00:00,,544.865
2014-02-24 22:00:00,,544.862
2014-02-24 23:00:00,,544.853
2014-02-25 00:00:00,,544.86
2014-02-25 01:00:00,,544.86
2014-02-25 02:00:00,,544.874
2014-02-25 03:00:00,,544.865
2014-02-25 04:00:00,,544.87
2014-02-25 05:00:00,,544.879
2014-02-25 06:00:00,,544.867
2014-02-25 07:00:00,,544.871
2014-02-25 08:00:00,,544.873
2014-02-25 09:00:00,,544.867
2014-02-25 10:00:00,,544.866
2014-02-25 11:00:00,,544.868
2014-02-25 12:00:00,,544.865
2014-02-25 13:00:00,,544.881
2014-02-25 14:00:00,,544.878
2014-02-25 15:00:00,,544.892
2014-02-25 16:00:00,,544.896
2014-02-25 17:00:00,,544.894
2014-02-25 18:00:00,,544.884
2014-02-25 19:00:00,,544.877
2014-02-25 20:00:00,,544.877
2014-02-25 21:00:00,,544.868
2014-02-25 22:00:00,,544.861
2014-02-25 23:00:00,,544.871
2014-02-26 00:00:00,,544.868
2014-02-26 01:00:00,,544.881
2014-02-26 02:00:00,,544.886
2014-02-26 03:00:00,,544.884
2014-02-26 04:00:00,,544.881
2014-02-26 05:00:00,,544.889
2014-02-26 06:00:00,,544.89
2014-02-26 07:00:00,,544.884
2014-02-26 08:00:00,,544.885
2014-02-26 09:00:00,,544.871
2014-02-26 10:00:00,,544.863
2014-02-26 11:00:00,,544.872
2014-02-26 12:00:00,,544.874
2014-02-26 13:00:00,,544.886
2014-02-26 14:00:00,,544.881
2014-02-26 15:00:00,,544.893
2014-02-26 16:00:00,,544.891
2014-02-26 17:00:00,,544.889
2014-02-26 18:00:00,,544.884
2014-02-26 19:00:00,,544.888
2014-02-26 20:00:00,,544.879
2014-02-26 21:00:00,,544.861
2014-02-26 22:00:00,,544.86
2014-02-26 23:00:00,,544.861
2014-02-27 00:00:00,,544.864
2014-02-27 01:00:00,,544.874
2014-02-27 02:00:00,,544.885
2014-02-27 03:00:00,,544.878
2014-02-27 04:00:00,,544.889
2014-02-27 05:00:00,,544.888
2014-02-27 06:00:00,,544.884
2014-02-27 07:00:00,,544.881
2014-02-27 08:00:00,,544.859
2014-02-27 09:00:00,,544.868
2014-02-27 10:00:00,,544.866
2014-02-27 11:00:00,,544.868
2014-02-27 12:00:00,,544.874
2014-02-27 13:00:00,,544.876
2014-02-27 14:00:00,,544.878
2014-02-27 15:00:00,,544.892
2014-02-27 16:00:00,,544.896
2014-02-27 17:00:00,,544.894
2014-02-27 18:00:00,,544.892
2014-02-27 19:00:00,,544.878
2014-02-27 20:00:00,,544.869
2014-02-27 21:00:00,,544.861
2014-02-27 22:00:00,,544.857
2014-02-27 23:00:00,,544.869
2014-02-28 00:00:00,,544.867
2014-02-28 01:00:00,,544.873
2014-02-28 02:00:00,,544.878
2014-02-28 03:00:00,,544.882
2014-02-28 04:00:00,,544.888
2014-02-28 05:00:00,,544.882
2014-02-28 06:00:00,,544.877
2014-02-28 07:00:00,,544.869
2014-02-28 08:00:00,,544.87
2014-02-28 09:00:00,,544.862
2014-02-28 10:00:00,,544.857
2014-02-28 11:00:00,,544.872
2014-02-28 12:00:00,,544.866
2014-02-28 13:00:00,,544.877
2014-02-28 14:00:00,,544.883
2014-02-28 15:00:00,,544.893
2014-02-28 16:00:00,,544.899
2014-02-28 17:00:00,,544.9
2014-02-28 18:00:00,,544.89
2014-02-28 19:00:00,,544.882
2014-02-28 20:00:00,,544.881
2014-02-28 21:00:00,,544.869
2014-02-28 22:00:00,,544.863
2014-02-28 23:00:00,,544.862
2014-03-01 00:00:00,,544.861
2014-03-01 01:00:00,,544.867
2014-03-01 02:00:00,,544.874
2014-03-01 03:00:00,,544.878
2014-03-01 04:00:00,,544.885
2014-03-01 05:00:00,,544.885
2014-03-01 06:00:00,,544.879
2014-03-01 07:00:00,,544.874
2014-03-01 08:00:00,,544.861
2014-03-01 09:00:00,,544.865
2014-03-01 10:00:00,,544.867
2014-03-01 11:00:00,,544.873
2014-03-01 12:00:00,,544.871
2014-03-01 13:00:00,,544.872
2014-03-01 14:00:00,,544.884
2014-03-01 15:00:00,,544.895
2014-03-01 16:00:00,,544.9
2014-03-01 17:00:00,,544.905
2014-03-01 18:00:00,,544.897
2014-03-01 19:00:00,,544.896
2014-03-01 20:00:00,,544.883
2014-03-01 21:00:00,,544.868
2014-03-01 22:00:00,,544.867
2014-03-01 23:00:00,,544.869
2014-03-02 00:00:00,,544.865
2014-03-02 01:00:00,,544.869
2014-03-02 02:00:00,,544.874
2014-03-02 03:00:00,,544.878
2014-03-02 04:00:00,,544.873
2014-03-02 05:00:00,,544.881
2014-03-02 06:00:00,,544.877
2014-03-02 07:00:00,,544.878
2014-03-02 08:00:00,,544.872
2014-03-02 09:00:00,,544.869
2014-03-02 10:00:00,,544.861
2014-03-02 11:00:00,,544.868
2014-03-02 12:00:00,,544.869
2014-03-02 13:00:00,,544.88
2014-03-02 14:00:00,,544.886
2014-03-02 15:00:00,,544.887
2014-03-02 16:00:00,,544.901
2014-03-02 17:00:00,,544.893
2014-03-02 18:00:00,,544.89
2014-03-02 19:00:00,,544.884
2014-03-02 20:00:00,,544.883
2014-03-02 21:00:00,,544.876
2014-03-02 22:00:00,,544.87
2014-03-02 23:00:00,,544.866
2014-03-03 00:00:00,,544.858
2014-03-03 01:00:00,,544.869
2014-03-03 02:00:00,,544.866
2014-03-03 03:00:00,,544.867
2014-03-03 04:00:00,,544.876
2014-03-03 05:00:00,,544.87
2014-03-03 06:00:00,,544.874
2014-03-03 07:00:00,,544.876
2014-03-03 08:00:00,,544.865
2014-03-03 09:00:00,,544.865
2014-03-03 10:00:00,,544.864
2014-03-03 11:00:00,,544.868
2014-03-03 12:00:00,,544.874
2014-03-03 13:00:00,,544.881
2014-03-03 14:00:00,,544.893
2014-03-03 15:00:00,,544.9
2014-03-03 16:00:00,,544.903
2014-03-03 17:00:00,,544.899
2014-03-03 18:00:00,,544.894
2014-03-03 19:00:00,,544.891
2014-03-03 20:00:00,,544.877
2014-03-03 21:00:00,,544.878
2014-03-03 22:00:00,,544.864
2014-03-03 23:00:00,,544.852
2014-03-04 00:00:00,,544.852
2014-03-04 01:00:00,,544.861
2014-03-04 02:00:00,,544.865
2014-03-04 03:00:00,,544.87
2014-03-04 04:00:00,,544.871
2014-03-04 05:00:00,,544.874
2014-03-04 06:00:00,,544.876
2014-03-04 07:00:00,,544.869
2014-03-04 08:00:00,,544.866
2014-03-04 09:00:00,,544.857
2014-03-04 10:00:00,,544.87
2014-03-04 11:00:00,,544.868
2014-03-04 12:00:00,,544.873
2014-03-04 13:00:00,,544.881
2014-03-04 14:00:00,,544.89
2014-03-04 15:00:00,,544.898
2014-03-04 16:00:00,,544.89
2014-03-04 17:00:00,,544.897
2014-03-04 18:00:00,,544.89
2014-03-04 19:00:00,,544.898
2014-03-04 20:00:00,,544.884
2014-03-04 21:00:00,,544.881
2014-03-04 22:00:00,,544.873
2014-03-04 23:00:00,,544.864
2014-03-05 00:00:00,,544.863
2014-03-05 01:00:00,,544.865
2014-03-05 02:00:00,,544.873
2014-03-05 03:00:00,,544.878
2014-03-05 04:00:00,,544.884
2014-03-05 05:00:00,,544.879
2014-03-05 06:00:00,,544.876
2014-03-05 07:00:00,,544.875
2014-03-05 08:00:00,,544.871
2014-03-05 09:00:00,,544.869
2014-03-05 10:00:00,,544.869
2014-03-05 11:00:00,,544.872
2014-03-05 12:00:00,,544.873
2014-03-05 13:00:00,,544.886
2014-03-05 14:00:00,,544.899
2014-03-05 15:00:00,,544.903
2014-03-05 16:00:00,,544.9
2014-03-05 17:00:00,,544.901
2014-03-05 18:00:00,,544.905
2014-03-05 19:00:00,,544.896
2014-03-05 20:00:00,,544.89
2014-03-05 21:00:00,,544.883
2014-03-05 22:00:00,,544.876
2014-03-05 23:00:00,,544.874
2014-03-06 00:00:00,,544.869
2014-03-06 01:00:00,,544.872
2014-03-06 02:00:00,,544.879
2014-03-06 03:00:00,,544.879
2014-03-06 04:00:00,,544.888
2014-03-06 05:00:00,,544.884
2014-03-06 06:00:00,,544.883
2014-03-06 07:00:00,,544.872
2014-03-06 08:00:00,,544.871
2014-03-06 09:00:00,,544.871
2014-03-06 10:00:00,,544.864
2014-03-06 11:00:00,,544.88
2014-03-06 12:00:00,,544.879
2014-03-06 13:00:00,,544.89
2014-03-06 14:00:00,,544.896
2014-03-06 15:00:00,,544.901
2014-03-06 16:00:00,,544.906
2014-03-06 17:00:00,,544.899
2014-03-06 18:00:00,,544.896
2014-03-06 19:00:00,,544.891
2014-03-06 20:00:00,,544.877
2014-03-06 21:00:00,,544.87
2014-03-06 22:00:00,,544.876
2014-03-06 23:00:00,,544.869
2014-03-07 00:00:00,,544.868
2014-03-07 01:00:00,,544.871
2014-03-07 02:00:00,,544.879
2014-03-07 03:00:00,,544.879
2014-03-07 04:00:00,,544.879
2014-03-07 05:00:00,,544.882
2014-03-07 06:00:00,,544.867
2014-03-07 07:00:00,,544.871
2014-03-07 08:00:00,,544.863
2014-03-07 09:00:00,,544.866
2014-03-07 10:00:00,,544.866
2014-03-07 11:00:00,,544.875
2014-03-07 12:00:00,,544.878
2014-03-07 13:00:00,,544.88
2014-03-07 14:00:00,,544.893
2014-03-07 15:00:00,,544.9
2014-03-07 16:00:00,,544.905
2014-03-07 17:00:00,,544.904
2014-03-07 18:00:00,,544.896
2014-03-07 19:00:00,,544.884
2014-03-07 20:00:00,,544.883
2014-03-07 21:00:00,,544.864
2014-03-07 22:00:00,,544.864
2014-03-07 23:00:00,,544.858
2014-03-08 00:00:00,,544.869
2014-03-08 01:00:00,,544.879
2014-03-08 02:00:00,,544.881
2014-03-08 03:00:00,,544.881
2014-03-08 04:00:00,,544.877
2014-03-08 05:00:00,,544.886
2014-03-08 06:00:00,,544.87
2014-03-08 07:00:00,,544.875
2014-03-08 08:00:00,,544.864
2014-03-08 09:00:00,,544.869
2014-03-08 10:00:00,,544.868
2014-03-08 11:00:00,,544.867
2014-03-08 12:00:00,,544.877
2014-03-08 13:00:00,,544.889
2014-03-08 14:00:00,,544.89
2014-03-08 15:00:00,,544.896
2014-03-08 16:00:00,,544.899
2014-03-08 17:00:00,,544.892
2014-03-08 18:00:00,,544.896
2014-03-08 19:00:00,,544.887
2014-03-08 20:00:00,,544.886
2014-03-08 21:00:00,,544.876
2014-03-08 22:00:00,,544.88
2014-03-08 23:00:00,,544.886
2014-03-09 00:00:00,,544.884
2014-03-09 01:00:00,,544.88
2014-03-09 02:00:00,,544.892
2014-03-09 03:00:00,,544.883
2014-03-09 04:00:00,,544.888
2014-03-09 05:00:00,,544.882
2014-03-09 06:00:00,,544.873
2014-03-09 07:00:00,,544.884
2014-03-09 08:00:00,,544.88
2014-03-09 09:00:00,,544.869
2014-03-09 10:00:00,,544.871
2014-03-09 11:00:00,,544.877
2014-03-09 12:00:00,,544.877
2014-03-09 13:00:00,,544.887
2014-03-09 14:00:00,,544.893
2014-03-09 15:00:00,,544.906
2014-03-09 16:00:00,,544.901
2014-03-09 17:00:00,,544.9
2014-03-09 18:00:00,,544.902
2014-03-09 19:00:00,,544.885
2014-03-09 20:00:00,,544.892
2014-03-09 21:00:00,,544.883
2014-03-09 22:00:00,,544.879
2014-03-09 23:00:00,,544.878
2014-03-10 00:00:00,,544.879
2014-03-10 01:00:00,,544.879
2014-03-10 02:00:00,,544.88
2014-03-10 03:00:00,,544.882
2014-03-10 04:00:00,,544.881
2014-03-10 05:00:00,,544.878
2014-03-10 06:00:00,,544.872
2014-03-10 07:00:00,,544.86
2014-03-10 08:00:00,,544.865
2014-03-10 09:00:00,,544.868
2014-03-10 10:00:00,,544.859
2014-03-10 11:00:00,,544.871
2014-03-10 12:00:00,,544.882
2014-03-10 13:00:00,,544.891
2014-03-10 14:00:00,,544.899
2014-03-10 15:00:00,,544.893
2014-03-10 16:00:00,,544.904
2014-03-10 17:00:00,,544.897
2014-03-10 18:00:00,,544.886
2014-03-10 19:00:00,,544.887
2014-03-10 20:00:00,,544.879
2014-03-10 21:00:00,,544.874
2014-03-10 22:00:00,,544.871
2014-03-10 23:00:00,,544.87
2014-03-11 00:00:00,,544.874
2014-03-11 01:00:00,,544.877
2014-03-11 02:00:00,,544.884
2014-03-11 03:00:00,,544.881
2014-03-11 04:00:00,,544.88
2014-03-11 05:00:00,,544.881
2014-03-11 06:00:00,,544.872
2014-03-11 07:00:00,,544.867
2014-03-11 08:00:00,,544.862
2014-03-11 09:00:00,,544.859
2014-03-11 10:00:00,,544.865
2014-03-11 11:00:00,,544.871
2014-03-11 12:00:00,,544.879
2014-03-11 13:00:00,,544.883
2014-03-11 14:00:00,,544.895
2014-03-11 15:00:00,,544.896
2014-03-11 16:00:00,,544.909
2014-03-11 17:00:00,,544.903
2014-03-11 18:00:00,,544.891
2014-03-11 19:00:00,,544.894
2014-03-11 20:00:00,,544.883
2014-03-11 21:00:00,,544.876
2014-03-11 22:00:00,,544.867
2014-03-11 23:00:00,,544.87
2014-03-12 00:00:00,,544.867
2014-03-12 01:00:00,,544.881
2014-03-12 02:00:00,,544.886
2014-03-12 03:00:00,,544.885
2014-03-12 04:00:00,,544.889
2014-03-12 05:00:00,,544.876
2014-03-12 06:00:00,,544.871
2014-03-12 07:00:00,,544.874
2014-03-12 08:00:00,,544.865
2014-03-12 09:00:00,,544.865
2014-03-12 10:00:00,,544.857
2014-03-12 11:00:00,,544.868
2014-03-12 12:00:00,,544.876
2014-03-12 13:00:00,,544.88
2014-03-12 14:00:00,,544.892
2014-03-12 15:00:00,,544.904
2014-03-12 16:00:00,,544.9
2014-03-12 17:00:00,,544.906
2014-03-12 18:00:00,,544.898
2014-03-12 19:00:00,,544.887
2014-03-12 20:00:00,,544.885
2014-03-12 21:00:00,,544.878
2014-03-12 22:00:00,,544.876
2014-03-12 23:00:00,,544.873
2014-03-13 00:00:00,,544.867
2014-03-13 01:00:00,,544.872
2014-03-13 02:00:00,,544.882
2014-03-13 03:00:00,,544.886
2014-03-13 04:00:00,,544.891
2014-03-13 05:00:00,,544.885
2014-03-13 06:00:00,,544.873
2014-03-13 07:00:00,,544.877
2014-03-13 08:00:00,,544.869
2014-03-13 09:00:00,,544.866
2014-03-13 10:00:00,,544.867
2014-03-13 11:00:00,,544.868
2014-03-13 12:00:00,,544.881
2014-03-13 13:00:00,,544.89
2014-03-13 14:00:00,,544.9
2014-03-13 15:00:00,,544.911
2014-03-13 16:00:00,,544.902
2014-03-13 17:00:00,,544.906
2014-03-13 18:00:00,,544.897
2014-03-13 19:00:00,,544.893
2014-03-13 20:00:00,,544.886
2014-03-13 21:00:00,,544.874
2014-03-13 22:00:00,,544.88
2014-03-13 23:00:00,,544.88
2014-03-14 00:00:00,,544.877
2014-03-14 01:00:00,,544.883
2014-03-14 02:00:00,,544.876
2014-03-14 03:00:00,,544.89
2014-03-14 04:00:00,,544.89
2014-03-14 05:00:00,,544.882
2014-03-14 06:00:00,,544.88
2014-03-14 07:00:00,,544.873
2014-03-14 08:00:00,,544.863
2014-03-14 09:00:00,,544.869
2014-03-14 10:00:00,,544.87
2014-03-14 11:00:00,,544.875
2014-03-14 12:00:00,,544.883
2014-03-14 13:00:00,,544.898
2014-03-14 14:00:00,,544.895
2014-03-14 15:00:00,,544.908
2014-03-14 16:00:00,,544.915
2014-03-14 17:00:00,,544.914
2014-03-14 18:00:00,,544.904
2014-03-14 19:00:00,,544.904
2014-03-14 20:00:00,,544.893
2014-03-14 21:00:00,,544.884
2014-03-14 22:00:00,,544.884
2014-03-14 23:00:00,,544.872
2014-03-15 00:00:00,,544.88
2014-03-15 01:00:00,,544.889
2014-03-15 02:00:00,,544.894
2014-03-15 03:00:00,,544.896
2014-03-15 04:00:00,,544.894
2014-03-15 05:00:00,,544.892
2014-03-15 06:00:00,,544.892
2014-03-15 07:00:00,,544.878
2014-03-15 08:00:00,,544.88
2014-03-15 09:00:00,,544.878
2014-03-15 10:00:00,,544.874
2014-03-15 11:00:00,,544.884
2014-03-15 12:00:00,,544.887
2014-03-15 13:00:00,,544.894
2014-03-15 14:00:00,,544.908
2014-03-15 15:00:00,,544.91
2014-03-15 16:00:00,,544.913
2014-03-15 17:00:00,,544.911
2014-03-15 18:00:00,,544.906
2014-03-15 19:00:00,,544.906
2014-03-15 20:00:00,,544.895
2014-03-15 21:00:00,,544.882
2014-03-15 22:00:00,,544.876
2014-03-15 23:00:00,,544.875
2014-03-16 00:00:00,,544.883
2014-03-16 01:00:00,,544.888
2014-03-16 02:00:00,,544.886
2014-03-16 03:00:00,,544.889
2014-03-16 04:00:00,,544.888
2014-03-16 05:00:00,,544.885
2014-03-16 06:00:00,,544.878
2014-03-16 07:00:00,,544.88
2014-03-16 08:00:00,,544.872
2014-03-16 09:00:00,,544.861
2014-03-16 10:00:00,,544.863
2014-03-16 11:00:00,,544.878
2014-03-16 12:00:00,,544.874
2014-03-16 13:00:00,,544.894
2014-03-16 14:00:00,,544.888
2014-03-16 15:00:00,,544.902
2014-03-16 16:00:00,,544.904
2014-03-16 17:00:00,,544.898
2014-03-16 18:00:00,,544.899
2014-03-16 19:00:00,,544.894
2014-03-16 20:00:00,,544.881
2014-03-16 21:00:00,,544.873
2014-03-16 22:00:00,,544.872
2014-03-16 23:00:00,,544.866
2014-03-17 00:00:00,,544.864
2014-03-17 01:00:00,,544.862
2014-03-17 02:00:00,,544.869
2014-03-17 03:00:00,,544.875
2014-03-17 04:00:00,,544.877
2014-03-17 05:00:00,,544.872
2014-03-17 06:00:00,,544.864
2014-03-17 07:00:00,,544.861
2014-03-17 08:00:00,,544.856
2014-03-17 09:00:00,,544.858
2014-03-17 10:00:00,,544.854
2014-03-17 11:00:00,,544.865
2014-03-17 12:00:00,,544.866
2014-03-17 13:00:00,,544.874
2014-03-17 14:00:00,,544.886
2014-03-17 15:00:00,,544.893
2014-03-17 16:00:00,,544.897
2014-03-17 17:00:00,,544.898
2014-03-17 18:00:00,,544.892
2014-03-17 19:00:00,,544.894
2014-03-17 20:00:00,,544.885
2014-03-17 21:00:00,,544.88
2014-03-17 22:00:00,,544.86
2014-03-17 23:00:00,,544.866
2014-03-18 00:00:00,,544.873
2014-03-18 01:00:00,,544.868
2014-03-18 02:00:00,,544.873
2014-03-18 03:00:00,,544.876
2014-03-18 04:00:00,,544.884
2014-03-18 05:00:00,,544.878
2014-03-18 06:00:00,,544.868
2014-03-18 07:00:00,,544.87
2014-03-18 08:00:00,,544.865
2014-03-18 09:00:00,,544.855
2014-03-18 10:00:00,,544.853
2014-03-18 11:00:00,,544.862
2014-03-18 12:00:00,,544.866
2014-03-18 13:00:00,,544.87
2014-03-18 14:00:00,,544.88
2014-03-18 15:00:00,,544.891
2014-03-18 16:00:00,,544.896
2014-03-18 17:00:00,,544.893
2014-03-18 18:00:00,,544.892
2014-03-18 19:00:00,,544.893
2014-03-18 20:00:00,,544.882
2014-03-18 21:00:00,,544.867
2014-03-18 22:00:00,,544.865
2014-03-18 23:00:00,,544.871
2014-03-19 00:00:00,,544.87
2014-03-19 01:00:00,,544.865
2014-03-19 02:00:00,,544.869
2014-03-19 03:00:00,,544.88
2014-03-19 04:00:00,,544.883
2014-03-19 05:00:00,,544.877
2014-03-19 06:00:00,,544.866
2014-03-19 07:00:00,,544.875
2014-03-19 08:00:00,,544.862
2014-03-19 09:00:00,,544.859
2014-03-19 10:00:00,,544.858
2014-03-19 11:00:00,,544.87
2014-03-19 12:00:00,,544.868
2014-03-19 13:00:00,,544.878
2014-03-19 14:00:00,,544.892
2014-03-19 15:00:00,,544.892
2014-03-19 16:00:00,,544.901
2014-03-19 17:00:00,,544.901
2014-03-19 18:00:00,,544.901
2014-03-19 19:00:00,,544.892
2014-03-19 20:00:00,,544.885
2014-03-19 21:00:00,,544.875
2014-03-19 22:00:00,,544.878
2014-03-19 23:00:00,,544.877
2014-03-20 00:00:00,,544.878
2014-03-20 01:00:00,,544.884
2014-03-20 02:00:00,,544.875
2014-03-20 03:00:00,,544.886
2014-03-20 04:00:00,,544.895
2014-03-20 05:00:00,,544.894
2014-03-20 06:00:00,,544.882
2014-03-20 07:00:00,,544.884
2014-03-20 08:00:00,,544.876
2014-03-20 09:00:00,,544.874
2014-03-20 10:00:00,,544.876
2014-03-20 11:00:00,,544.88
2014-03-20 12:00:00,,544.886
2014-03-20 13:00:00,,544.902
2014-03-20 14:00:00,,544.912
2014-03-20 15:00:00,,544.906
2014-03-20 16:00:00,,544.916
2014-03-20 17:00:00,,544.915
2014-03-20 18:00:00,,544.905
2014-03-20 19:00:00,,544.91
2014-03-20 20:00:00,,544.896
2014-03-20 21:00:00,,544.889
2014-03-20 22:00:00,,544.885
2014-03-20 23:00:00,,544.887
2014-03-21 00:00:00,,544.879
2014-03-21 01:00:00,,544.878
2014-03-21 02:00:00,,544.887
2014-03-21 03:00:00,,544.892
2014-03-21 04:00:00,,544.885
2014-03-21 05:00:00,,544.893
2014-03-21 06:00:00,,544.877
2014-03-21 07:00:00,,544.886
2014-03-21 08:00:00,,544.877
2014-03-21 09:00:00,,544.881
2014-03-21 10:00:00,,544.87
2014-03-21 11:00:00,,544.88
2014-03-21 12:00:00,,544.887
2014-03-21 13:00:00,,544.888
2014-03-21 14:00:00,,544.9
2014-03-21 15:00:00,,544.903
2014-03-21 16:00:00,,544.893
2014-03-21 17:00:00,,544.891
2014-03-21 18:00:00,,544.893
2014-03-21 19:00:00,,544.887
2014-03-21 20:00:00,,544.885
2014-03-21 21:00:00,,544.888
2014-03-21 22:00:00,,544.883
2014-03-21 23:00:00,,544.882
2014-03-22 00:00:00,,544.882
2014-03-22 01:00:00,,544.884
2014-03-22 02:00:00,,544.88
2014-03-22 03:00:00,,544.881
2014-03-22 04:00:00,,544.89
2014-03-22 05:00:00,,544.889
2014-03-22 06:00:00,,544.891
2014-03-22 07:00:00,,544.884
2014-03-22 08:00:00,,544.885
2014-03-22 09:00:00,,544.869
2014-03-22 10:00:00,,544.869
2014-03-22 11:00:00,,544.879
2014-03-22 12:00:00,,544.882
2014-03-22 13:00:00,,544.891
2014-03-22 14:00:00,,544.9
2014-03-22 15:00:00,,544.906
2014-03-22 16:00:00,,544.896
2014-03-22 17:00:00,,544.899
2014-03-22 18:00:00,,544.898
2014-03-22 19:00:00,,544.893
2014-03-22 20:00:00,,544.888
2014-03-22 21:00:00,,544.875
2014-03-22 22:00:00,,544.871
2014-03-22 23:00:00,,544.879
2014-03-23 00:00:00,,544.88
2014-03-23 01:00:00,,544.88
2014-03-23 02:00:00,,544.887
2014-03-23 03:00:00,,544.884
2014-03-23 04:00:00,,544.879
2014-03-23 05:00:00,,544.876
2014-03-23 06:00:00,,544.878
2014-03-23 07:00:00,,544.876
2014-03-23 08:00:00,,544.869
2014-03-23 09:00:00,,544.867
2014-03-23 10:00:00,,544.875
2014-03-23 11:00:00,,544.875
2014-03-23 12:00:00,,544.885
2014-03-23 13:00:00,,544.893
2014-03-23 14:00:00,,544.9
2014-03-23 15:00:00,,544.892
2014-03-23 16:00:00,,544.905
2014-03-23 17:00:00,,544.897
2014-03-23 18:00:00,,544.894
2014-03-23 19:00:00,,544.89
2014-03-23 20:00:00,,544.889
2014-03-23 21:00:00,,544.885
2014-03-23 22:00:00,,544.877
2014-03-23 23:00:00,,544.873
2014-03-24 00:00:00,,544.878
2014-03-24 01:00:00,,544.878
2014-03-24 02:00:00,,544.878
2014-03-24 03:00:00,,544.874
2014-03-24 04:00:00,,544.884
2014-03-24 05:00:00,,544.872
2014-03-24 06:00:00,,544.876
2014-03-24 07:00:00,,544.873
2014-03-24 08:00:00,,544.868
2014-03-24 09:00:00,,544.861
2014-03-24 10:00:00,,544.873
2014-03-24 11:00:00,,544.868
2014-03-24 12:00:00,,544.875
2014-03-24 13:00:00,,544.891
2014-03-24 14:00:00,,544.902
2014-03-24 15:00:00,,544.901
2014-03-24 16:00:00,,544.91
2014-03-24 17:00:00,,544.906
2014-03-24 18:00:00,,544.9
2014-03-24 19:00:00,,544.895
2014-03-24 20:00:00,,544.888
2014-03-24 21:00:00,,544.878
2014-03-24 22:00:00,,544.875
2014-03-24 23:00:00,,544.881
2014-03-25 00:00:00,,544.878
2014-03-25 01:00:00,,544.879
2014-03-25 02:00:00,,544.885
2014-03-25 03:00:00,,544.884
2014-03-25 04:00:00,,544.879
2014-03-25 05:00:00,,544.881
2014-03-25 06:00:00,,544.88
2014-03-25 07:00:00,,544.878
2014-03-25 08:00:00,,544.869
2014-03-25 09:00:00,,544.867
2014-03-25 10:00:00,,544.876
2014-03-25 11:00:00,,544.877
2014-03-25 12:00:00,,544.885
2014-03-25 13:00:00,,544.892
2014-03-25 14:00:00,,544.896
2014-03-25 15:00:00,,544.901
2014-03-25 16:00:00,,544.907
2014-03-25 17:00:00,,544.906
2014-03-25 18:00:00,,544.895
2014-03-25 19:00:00,,544.894
2014-03-25 20:00:00,,544.886
2014-03-25 21:00:00,,544.878
2014-03-25 22:00:00,,544.875
2014-03-25 23:00:00,,544.875
2014-03-26 00:00:00,,544.874
2014-03-26 01:00:00,,544.873
2014-03-26 02:00:00,,544.881
2014-03-26 03:00:00,,544.884
2014-03-26 04:00:00,,544.885
2014-03-26 05:00:00,,544.883
2014-03-26 06:00:00,,544.885
2014-03-26 07:00:00,,544.87
2014-03-26 08:00:00,,544.871
2014-03-26 09:00:00,,544.865
2014-03-26 10:00:00,,544.866
2014-03-26 11:00:00,,544.873
2014-03-26 12:00:00,,544.884
2014-03-26 13:00:00,,544.889
2014-03-26 14:00:00,,544.896
2014-03-26 15:00:00,,544.912
2014-03-26 16:00:00,,544.907
2014-03-26 17:00:00,,544.904
2014-03-26 18:00:00,,544.899
2014-03-26 19:00:00,,544.9
2014-03-26 20:00:00,,544.893
2014-03-26 21:00:00,,544.887
2014-03-26 22:00:00,,544.885
2014-03-26 23:00:00,,544.88
2014-03-27 00:00:00,,544.887
2014-03-27 01:00:00,,544.886
2014-03-27 02:00:00,,544.889
2014-03-27 03:00:00,,544.898
2014-03-27 04:00:00,,544.893
2014-03-27 05:00:00,,544.89
2014-03-27 06:00:00,,544.883
2014-03-27 07:00:00,,544.878
2014-03-27 08:00:00,,544.871
2014-03-27 09:00:00,,544.868
2014-03-27 10:00:00,,544.867
2014-03-27 11:00:00,,544.872
2014-03-27 12:00:00,,544.893
2014-03-27 13:00:00,,544.901
2014-03-27 14:00:00,,544.904
2014-03-27 15:00:00,,544.918
2014-03-27 16:00:00,,544.917
2014-03-27 17:00:00,,544.915
2014-03-27 18:00:00,,544.9
2014-03-27 19:00:00,,544.901
2014-03-27 20:00:00,,544.893
2014-03-27 21:00:00,,544.881
2014-03-27 22:00:00,,544.881
2014-03-27 23:00:00,,544.883
2014-03-28 00:00:00,,544.882
2014-03-28 01:00:00,,544.887
2014-03-28 02:00:00,,544.894
2014-03-28 03:00:00,,544.891
2014-03-28 04:00:00,,544.891
2014-03-28 05:00:00,,544.889
2014-03-28 06:00:00,,544.89
2014-03-28 07:00:00,,544.871
2014-03-28 08:00:00,,544.865
2014-03-28 09:00:00,,544.865
2014-03-28 10:00:00,,544.868
2014-03-28 11:00:00,,544.872
2014-03-28 12:00:00,,544.88
2014-03-28 13:00:00,,544.895
2014-03-28 14:00:00,,544.893
2014-03-28 15:00:00,,544.906
2014-03-28 16:00:00,,544.909
2014-03-28 17:00:00,,544.906
2014-03-28 18:00:00,,544.904
2014-03-28 19:00:00,,544.898
2014-03-28 20:00:00,,544.889
2014-03-28 21:00:00,,544.889
2014-03-28 22:00:00,,544.879
2014-03-28 23:00:00,,544.879
2014-03-29 00:00:00,,544.882
2014-03-29 01:00:00,,544.889
2014-03-29 02:00:00,,544.892
2014-03-29 03:00:00,,544.889
2014-03-29 04:00:00,,544.893
2014-03-29 05:00:00,,544.89
2014-03-29 06:00:00,,544.882
2014-03-29 07:00:00,,544.878
2014-03-29 08:00:00,,544.873
2014-03-29 09:00:00,,544.868
2014-03-29 10:00:00,,544.872
2014-03-29 11:00:00,,544.873
2014-03-29 12:00:00,,544.879
2014-03-29 13:00:00,,544.887
2014-03-29 14:00:00,,544.895
2014-03-29 15:00:00,,544.905
2014-03-29 16:00:00,,544.912
2014-03-29 17:00:00,,544.905
2014-03-29 18:00:00,,544.908
2014-03-29 19:00:00,,544.897
2014-03-29 20:00:00,,544.883
2014-03-29 21:00:00,,544.881
2014-03-29 22:00:00,,544.885
2014-03-29 23:00:00,,544.873
2014-03-30 00:00:00,,544.88
2014-03-30 01:00:00,,544.884
2014-03-30 02:00:00,,544.885
2014-03-30 03:00:00,,544.889
2014-03-30 04:00:00,,544.894
2014-03-30 05:00:00,,544.891
2014-03-30 06:00:00,,544.881
2014-03-30 07:00:00,,544.868
2014-03-30 08:00:00,,544.874
2014-03-30 09:00:00,,544.865
2014-03-30 10:00:00,,544.863
2014-03-30 11:00:00,,544.866
2014-03-30 12:00:00,,544.874
2014-03-30 13:00:00,,544.88
2014-03-30 14:00:00,,544.901
2014-03-30 15:00:00,,544.894
2014-03-30 16:00:00,,544.901
2014-03-30 17:00:00,,544.901
2014-03-30 18:00:00,,544.899
2014-03-30 19:00:00,,544.888
2014-03-30 20:00:00,,544.894
2014-03-30 21:00:00,,544.876
2014-03-30 22:00:00,,544.877
2014-03-30 23:00:00,,544.875
2014-03-31 00:00:00,,544.883
2014-03-31 01:00:00,,544.883
2014-03-31 02:00:00,,544.886
2014-03-31 03:00:00,,544.892
2014-03-31 04:00:00,,544.887
2014-03-31 05:00:00,,544.895
2014-03-31 06:00:00,,544.892
2014-03-31 07:00:00,,544.879
2014-03-31 08:00:00,,544.879
2014-03-31 09:00:00,,544.869
2014-03-31 10:00:00,,544.876
2014-03-31 11:00:00,,544.874
2014-03-31 12:00:00,,544.885
2014-03-31 13:00:00,,544.894
2014-03-31 14:00:00,,544.896
2014-03-31 15:00:00,,544.908
2014-03-31 16:00:00,,544.909
2014-03-31 17:00:00,,544.908
2014-03-31 18:00:00,,544.9
2014-03-31 19:00:00,,544.903
2014-03-31 20:00:00,,544.891
2014-03-31 21:00:00,,544.885
2014-03-31 22:00:00,,544.884
2014-03-31 23:00:00,,544.89
2014-04-01 00:00:00,,544.889
2014-04-01 01:00:00,,544.897
2014-04-01 02:00:00,,544.893
2014-04-01 03:00:00,,544.895
2014-04-01 04:00:00,,544.89
2014-04-01 05:00:00,,544.896
2014-04-01 06:00:00,,544.887
2014-04-01 07:00:00,,544.881
2014-04-01 08:00:00,,544.886
2014-04-01 09:00:00,,544.879
2014-04-01 10:00:00,,544.885
2014-04-01 11:00:00,,544.89
2014-04-01 12:00:00,,544.891
2014-04-01 13:00:00,,544.901
2014-04-01 14:00:00,,544.916
2014-04-01 15:00:00,,544.914
2014-04-01 16:00:00,,544.918
2014-04-01 17:00:00,,544.925
2014-04-01 18:00:00,,544.914
2014-04-01 19:00:00,,544.915
2014-04-01 20:00:00,,544.902
2014-04-01 21:00:00,,544.898
2014-04-01 22:00:00,,544.894
2014-04-01 23:00:00,,544.889
2014-04-02 00:00:00,,544.889
2014-04-02 01:00:00,,544.883
2014-04-02 02:00:00,,544.892
2014-04-02 03:00:00,,544.899
2014-04-02 04:00:00,,544.896
2014-04-02 05:00:00,,544.899
2014-04-02 06:00:00,,544.885
2014-04-02 07:00:00,,544.888
2014-04-02 08:00:00,,544.886
2014-04-02 09:00:00,,544.883
2014-04-02 10:00:00,,544.888
2014-04-02 11:00:00,,544.886
2014-04-02 12:00:00,,544.89
2014-04-02 13:00:00,,544.901
2014-04-02 14:00:00,,544.908
2014-04-02 15:00:00,,544.906
2014-04-02 16:00:00,,544.907
2014-04-02 17:00:00,,544.912
2014-04-02 18:00:00,,544.915
2014-04-02 19:00:00,,544.905
2014-04-02 20:00:00,,544.898
2014-04-02 21:00:00,,544.893
2014-04-02 22:00:00,,544.887
2014-04-02 23:00:00,,544.889
2014-04-03 00:00:00,,544.89
2014-04-03 01:00:00,,544.89
2014-04-03 02:00:00,,544.886
2014-04-03 03:00:00,,544.893
2014-04-03 04:00:00,,544.89
2014-04-03 05:00:00,,544.887
2014-04-03 06:00:00,,544.875
2014-04-03 07:00:00,,544.882
2014-04-03 08:00:00,,544.874
2014-04-03 09:00:00,,544.868
2014-04-03 10:00:00,,544.86
2014-04-03 11:00:00,,544.87
2014-04-03 12:00:00,,544.875
2014-04-03 13:00:00,,544.889
2014-04-03 14:00:00,,544.891
2014-04-03 15:00:00,,544.903
2014-04-03 16:00:00,,544.893
2014-04-03 17:00:00,,544.905
2014-04-03 18:00:00,,544.897
2014-04-03 19:00:00,,544.891
2014-04-03 20:00:00,,544.88
2014-04-03 21:00:00,,544.883
2014-04-03 22:00:00,,544.873
2014-04-03 23:00:00,,544.874
2014-04-04 00:00:00,,544.88
2014-04-04 01:00:00,,544.877
2014-04-04 02:00:00,,544.878
2014-04-04 03:00:00,,544.875
2014-04-04 04:00:00,,544.883
2014-04-04 05:00:00,,544.88
2014-04-04 06:00:00,,544.884
2014-04-04 07:00:00,,544.868
2014-04-04 08:00:00,,544.873
2014-04-04 09:00:00,,544.877
2014-04-04 10:00:00,,544.88
2014-04-04 11:00:00,,544.872
2014-04-04 12:00:00,,544.884
2014-04-04 13:00:00,,544.896
2014-04-04 14:00:00,,544.892
2014-04-04 15:00:00,,544.902
2014-04-04 16:00:00,,544.9
2014-04-04 17:00:00,,544.901
2014-04-04 18:00:00,,544.907
2014-04-04 19:00:00,,544.89
2014-04-04 20:00:00,,544.882
2014-04-04 21:00:00,,544.88
2014-04-04 22:00:00,,544.88
2014-04-04 23:00:00,,544.88
2014-04-05 00:00:00,,544.875
2014-04-05 01:00:00,,544.868
2014-04-05 02:00:00,,544.878
2014-04-05 03:00:00,,544.879
2014-04-05 04:00:00,,544.874
2014-04-05 05:00:00,,544.876
2014-04-05 06:00:00,,544.876
2014-04-05 07:00:00,,544.874
2014-04-05 08:00:00,,544.88
2014-04-05 09:00:00,,544.881
2014-04-05 10:00:00,,544.877
2014-04-05 11:00:00,,544.874
2014-04-05 12:00:00,,544.884
2014-04-05 13:00:00,,544.898
2014-04-05 14:00:00,,544.898
2014-04-05 15:00:00,,544.899
2014-04-05 16:00:00,,544.913
2014-04-05 17:00:00,,544.91
2014-04-05 18:00:00,,544.908
2014-04-05 19:00:00,,544.901
2014-04-05 20:00:00,,544.889
2014-04-05 21:00:00,,544.883
2014-04-05 22:00:00,,544.882
2014-04-05 23:00:00,,544.884
2014-04-06 00:00:00,,544.878
2014-04-06 01:00:00,,544.879
2014-04-06 02:00:00,,544.884
2014-04-06 03:00:00,,544.887
2014-04-06 04:00:00,,544.888
2014-04-06 05:00:00,,544.881
2014-04-06 06:00:00,,544.881
2014-04-06 07:00:00,,544.88
2014-04-06 08:00:00,,544.89
2014-04-06 09:00:00,,544.88
2014-04-06 10:00:00,,544.879
2014-04-06 11:00:00,,544.884
2014-04-06 12:00:00,,544.886
2014-04-06 13:00:00,,544.898
2014-04-06 14:00:00,,544.906
2014-04-06 15:00:00,,544.91
2014-04-06 16:00:00,,544.911
2014-04-06 17:00:00,,544.912
2014-04-06 18:00:00,,544.904
2014-04-06 19:00:00,,544.89
2014-04-06 20:00:00,,544.888
2014-04-06 21:00:00,,544.883
2014-04-06 22:00:00,,544.88
2014-04-06 23:00:00,,544.89
2014-04-07 00:00:00,,544.881
2014-04-07 01:00:00,,544.89
2014-04-07 02:00:00,,544.895
2014-04-07 03:00:00,,544.891
2014-04-07 04:00:00,,544.901
2014-04-07 05:00:00,,544.894
2014-04-07 06:00:00,,544.891
2014-04-07 07:00:00,,544.887
2014-04-07 08:00:00,,544.888
2014-04-07 09:00:00,,544.878
2014-04-07 10:00:00,,544.884
2014-04-07 11:00:00,,544.89
2014-04-07 12:00:00,,544.899
2014-04-07 13:00:00,,544.91
2014-04-07 14:00:00,,544.92
2014-04-07 15:00:00,,544.918
2014-04-07 16:00:00,,544.921
2014-04-07 17:00:00,,544.919
2014-04-07 18:00:00,,544.913
2014-04-07 19:00:00,,544.901
2014-04-07 20:00:00,,544.893
2014-04-07 21:00:00,,544.895
2014-04-07 22:00:00,,544.893
2014-04-07 23:00:00,,544.89
2014-04-08 00:00:00,,544.897
2014-04-08 01:00:00,,544.902
2014-04-08 02:00:00,,544.894
2014-04-08 03:00:00,,544.9
2014-04-08 04:00:00,,544.892
2014-04-08 05:00:00,,544.897
2014-04-08 06:00:00,,544.884
2014-04-08 07:00:00,,544.883
2014-04-08 08:00:00,,544.879
2014-04-08 09:00:00,,544.881
2014-04-08 10:00:00,,544.882
2014-04-08 11:00:00,,544.882
2014-04-08 12:00:00,,544.88
2014-04-08 13:00:00,,544.898
2014-04-08 14:00:00,,544.895
2014-04-08 15:00:00,,544.905
2014-04-08 16:00:00,,544.912
2014-04-08 17:00:00,,544.905
2014-04-08 18:00:00,,544.892
2014-04-08 19:00:00,,544.895
2014-04-08 20:00:00,,544.893
2014-04-08 21:00:00,,544.892
2014-04-08 22:00:00,,544.887
2014-04-08 23:00:00,,544.892
2014-04-09 00:00:00,,544.896
2014-04-09 01:00:00,,544.899
2014-04-09 02:00:00,,544.892
2014-04-09 03:00:00,,544.902
2014-04-09 04:00:00,,544.91
2014-04-09 05:00:00,,544.909
2014-04-09 06:00:00,,544.906
2014-04-09 07:00:00,,544.888
2014-04-09 08:00:00,,544.89
2014-04-09 09:00:00,,544.884
2014-04-09 10:00:00,,544.881
2014-04-09 11:00:00,,544.881
2014-04-09 12:00:00,,544.898
2014-04-09 13:00:00,,544.898
2014-04-09 14:00:00,,544.901
2014-04-09 15:00:00,,544.908
2014-04-09 16:00:00,,544.906
2014-04-09 17:00:00,,544.903
2014-04-09 18:00:00,,544.9
2014-04-09 19:00:00,,544.893
2014-04-09 20:00:00,,544.887
2014-04-09 21:00:00,,544.89
2014-04-09 22:00:00,,544.878
2014-04-09 23:00:00,,544.885
2014-04-10 00:00:00,,544.882
2014-04-10 01:00:00,,544.899
2014-04-10 02:00:00,,544.905
2014-04-10 03:00:00,,544.895
2014-04-10 04:00:00,,544.905
2014-04-10 05:00:00,,544.901
2014-04-10 06:00:00,,544.89
2014-04-10 07:00:00,,544.893
2014-04-10 08:00:00,,544.885
2014-04-10 09:00:00,,544.888
2014-04-10 10:00:00,,544.889
2014-04-10 11:00:00,,544.886
2014-04-10 12:00:00,,544.899
2014-04-10 13:00:00,,544.896
2014-04-10 14:00:00,,544.903
2014-04-10 15:00:00,,544.913
2014-04-10 16:00:00,,544.917
2014-04-10 17:00:00,,544.911
2014-04-10 18:00:00,,544.905
2014-04-10 19:00:00,,544.906
2014-04-10 20:00:00,,544.9
2014-04-10 21:00:00,,544.883
2014-04-10 22:00:00,,544.878
2014-04-10 23:00:00,,544.892
2014-04-11 00:00:00,,544.883
2014-04-11 01:00:00,,544.889
2014-04-11 02:00:00,,544.892
2014-04-11 03:00:00,,544.896
2014-04-11 04:00:00,,544.901
2014-04-11 05:00:00,,544.897
2014-04-11 06:00:00,,544.886
2014-04-11 07:00:00,,544.888
2014-04-11 08:00:00,,544.883
2014-04-11 09:00:00,,544.878
2014-04-11 10:00:00,,544.88
2014-04-11 11:00:00,,544.883
2014-04-11 12:00:00,,544.885
2014-04-11 13:00:00,,544.898
2014-04-11 14:00:00,,544.906
2014-04-11 15:00:00,,544.908
2014-04-11 16:00:00,,544.909
2014-04-11 17:00:00,,544.905
2014-04-11 18:00:00,,544.903
2014-04-11 19:00:00,,544.892
2014-04-11 20:00:00,,544.89
2014-04-11 21:00:00,,544.886
2014-04-11 22:00:00,,544.876
2014-04-11 23:00:00,,544.873
2014-04-12 00:00:00,,544.883
2014-04-12 01:00:00,,544.879
2014-04-12 02:00:00,,544.895
2014-04-12 03:00:00,,544.894
2014-04-12 04:00:00,,544.896
2014-04-12 05:00:00,,544.892
2014-04-12 06:00:00,,544.889
2014-04-12 07:00:00,,544.889
2014-04-12 08:00:00,,544.886
2014-04-12 09:00:00,,544.883
2014-04-12 10:00:00,,544.877
2014-04-12 11:00:00,,544.887
2014-04-12 12:00:00,,544.889
2014-04-12 13:00:00,,544.898
2014-04-12 14:00:00,,544.905
2014-04-12 15:00:00,,544.913
2014-04-12 16:00:00,,544.92
2014-04-12 17:00:00,,544.91
2014-04-12 18:00:00,,544.904
2014-04-12 19:00:00,,544.889
2014-04-12 20:00:00,,544.894
2014-04-12 21:00:00,,544.881
2014-04-12 22:00:00,,544.877
2014-04-12 23:00:00,,544.884
2014-04-13 00:00:00,,544.882
2014-04-13 01:00:00,,544.88
2014-04-13 02:00:00,,544.888
2014-04-13 03:00:00,,544.888
2014-04-13 04:00:00,,544.895
2014-04-13 05:00:00,,544.895
2014-04-13 06:00:00,,544.89
2014-04-13 07:00:00,,544.889
2014-04-13 08:00:00,,544.885
2014-04-13 09:00:00,,544.88
2014-04-13 10:00:00,,544.872
2014-04-13 11:00:00,,544.886
2014-04-13 12:00:00,,544.888
2014-04-13 13:00:00,,544.901
2014-04-13 14:00:00,,544.896
2014-04-13 15:00:00,,544.908
2014-04-13 16:00:00,,544.909
2014-04-13 17:00:00,,544.907
2014-04-13 18:00:00,,544.899
2014-04-13 19:00:00,,544.892
2014-04-13 20:00:00,,544.889
2014-04-13 21:00:00,,544.884
2014-04-13 22:00:00,,544.876
2014-04-13 23:00:00,,544.878
2014-04-14 00:00:00,,544.874
2014-04-14 01:00:00,,544.878
2014-04-14 02:00:00,,544.886
2014-04-14 03:00:00,,544.891
2014-04-14 04:00:00,,544.893
2014-04-14 05:00:00,,544.899
2014-04-14 06:00:00,,544.886
2014-04-14 07:00:00,,544.889
2014-04-14 08:00:00,,544.891
2014-04-14 09:00:00,,544.876
2014-04-14 10:00:00,,544.879
2014-04-14 11:00:00,,544.878
2014-04-14 12:00:00,,544.896
2014-04-14 13:00:00,,544.903
2014-04-14 14:00:00,,544.903
2014-04-14 15:00:00,,544.908
2014-04-14 16:00:00,,544.916
2014-04-14 17:00:00,,544.906
2014-04-14 18:00:00,,544.898
2014-04-14 19:00:00,,544.891
2014-04-14 20:00:00,,544.883
2014-04-14 21:00:00,,544.876
2014-04-14 22:00:00,,544.873
2014-04-14 23:00:00,,544.879
2014-04-15 00:00:00,,544.875
2014-04-15 01:00:00,,544.874
2014-04-15 02:00:00,,544.883
2014-04-15 03:00:00,,544.886
2014-04-15 04:00:00,,544.896
2014-04-15 05:00:00,,544.891
2014-04-15 06:00:00,,544.883
2014-04-15 07:00:00,,544.888
2014-04-15 08:00:00,,544.875
2014-04-15 09:00:00,,544.875
2014-04-15 10:00:00,,544.877
2014-04-15 11:00:00,,544.876
2014-04-15 12:00:00,,544.881
2014-04-15 13:00:00,,544.89
2014-04-15 14:00:00,,544.893
2014-04-15 15:00:00,,544.905
2014-04-15 16:00:00,,544.907
2014-04-15 17:00:00,,544.91
2014-04-15 18:00:00,,544.901
2014-04-15 19:00:00,,544.896
2014-04-15 20:00:00,,544.888
2014-04-15 21:00:00,,544.882
2014-04-15 22:00:00,,544.871
2014-04-15 23:00:00,,544.871
2014-04-16 00:00:00,,544.879
2014-04-16 01:00:00,,544.881
2014-04-16 02:00:00,,544.883
2014-04-16 03:00:00,,544.888
2014-04-16 04:00:00,,544.885
2014-04-16 05:00:00,,544.89
2014-04-16 06:00:00,,544.89
2014-04-16 07:00:00,,544.885
2014-04-16 08:00:00,,544.886
2014-04-16 09:00:00,,544.882
2014-04-16 10:00:00,,544.869
2014-04-16 11:00:00,,544.879
2014-04-16 12:00:00,,544.879
2014-04-16 13:00:00,,544.894
2014-04-16 14:00:00,,544.903
2014-04-16 15:00:00,,544.906
2014-04-16 16:00:00,,544.908
2014-04-16 17:00:00,,544.908
2014-04-16 18:00:00,,544.902
2014-04-16 19:00:00,,544.902
2014-04-16 20:00:00,,544.891
2014-04-16 21:00:00,,544.885
2014-04-16 22:00:00,,544.873
2014-04-16 23:00:00,,544.879
2014-04-17 00:00:00,,544.878
2014-04-17 01:00:00,,544.885
2014-04-17 02:00:00,,544.884
2014-04-17 03:00:00,,544.886
2014-04-17 04:00:00,,544.887
2014-04-17 05:00:00,,544.889
2014-04-17 06:00:00,,544.88
2014-04-17 07:00:00,,544.884
2014-04-17 08:00:00,,544.873
2014-04-17 09:00:00,,544.879
2014-04-17 10:00:00,,544.869
2014-04-17 11:00:00,,544.886
2014-04-17 12:00:00,,544.877
2014-04-17 13:00:00,,544.899
2014-04-17 14:00:00,,544.905
2014-04-17 15:00:00,,544.904
2014-04-17 16:00:00,,544.909
2014-04-17 17:00:00,,544.907
2014-04-17 18:00:00,,544.908
2014-04-17 19:00:00,,544.891
2014-04-17 20:00:00,,544.893
2014-04-17 21:00:00,,544.881
2014-04-17 22:00:00,,544.873
2014-04-17 23:00:00,,544.876
2014-04-18 00:00:00,,544.882
2014-04-18 01:00:00,,544.881
2014-04-18 02:00:00,,544.89
2014-04-18 03:00:00,,544.888
2014-04-18 04:00:00,,544.889
2014-04-18 05:00:00,,544.891
2014-04-18 06:00:00,,544.883
2014-04-18 07:00:00,,544.887
2014-04-18 08:00:00,,544.882
2014-04-18 09:00:00,,544.885
2014-04-18 10:00:00,,544.89
2014-04-18 11:00:00,,544.882
2014-04-18 12:00:00,,544.887
2014-04-18 13:00:00,,544.887
2014-04-18 14:00:00,,544.905
2014-04-18 15:00:00,,544.897
2014-04-18 16:00:00,,544.904
2014-04-18 17:00:00,,544.906
2014-04-18 18:00:00,,544.908
2014-04-18 19:00:00,,544.897
2014-04-18 20:00:00,,544.884
2014-04-18 21:00:00,,544.878
2014-04-18 22:00:00,,544.881
2014-04-18 23:00:00,,544.881
2014-04-19 00:00:00,,544.879
2014-04-19 01:00:00,,544.881
2014-04-19 02:00:00,,544.882
2014-04-19 03:00:00,,544.891
2014-04-19 04:00:00,,544.892
2014-04-19 05:00:00,,544.891
2014-04-19 06:00:00,,544.891
2014-04-19 07:00:00,,544.895
2014-04-19 08:00:00,,544.888
2014-04-19 09:00:00,,544.879
2014-04-19 10:00:00,,544.884
2014-04-19 11:00:00,,544.882
2014-04-19 12:00:00,,544.892
2014-04-19 13:00:00,,544.901
2014-04-19 14:00:00,,544.909
2014-04-19 15:00:00,,544.913
2014-04-19 16:00:00,,544.915
2014-04-19 17:00:00,,544.917
2014-04-19 18:00:00,,544.912
2014-04-19 19:00:00,,544.914
2014-04-19 20:00:00,,544.908
2014-04-19 21:00:00,,544.894
2014-04-19 22:00:00,,544.891
2014-04-19 23:00:00,,544.875
2014-04-20 00:00:00,,544.891
2014-04-20 01:00:00,,544.891
2014-04-20 02:00:00,,544.892
2014-04-20 03:00:00,,544.896
2014-04-20 04:00:00,,544.895
2014-04-20 05:00:00,,544.891
2014-04-20 06:00:00,,544.895
2014-04-20 07:00:00,,544.89
2014-04-20 08:00:00,,544.89
2014-04-20 09:00:00,,544.888
2014-04-20 10:00:00,,544.891
2014-04-20 11:00:00,,544.882
2014-04-20 12:00:00,,544.893
2014-04-20 13:00:00,,544.906
2014-04-20 14:00:00,,544.914
2014-04-20 15:00:00,,544.915
2014-04-20 16:00:00,,544.92
2014-04-20 17:00:00,,544.912
2014-04-20 18:00:00,,544.907
2014-04-20 19:00:00,,544.903
2014-04-20 20:00:00,,544.899
2014-04-20 21:00:00,,544.898
2014-04-20 22:00:00,,544.89
2014-04-20 23:00:00,,544.89
2014-04-21 00:00:00,,544.891
2014-04-21 01:00:00,,544.893
2014-04-21 02:00:00,,544.901
2014-04-21 03:00:00,,544.891
2014-04-21 04:00:00,,544.901
2014-04-21 05:00:00,,544.891
2014-04-21 06:00:00,,544.894
2014-04-21 07:00:00,,544.895
2014-04-21 08:00:00,,544.886
2014-04-21 09:00:00,,544.878
2014-04-21 10:00:00,,544.883
2014-04-21 11:00:00,,544.889
2014-04-21 12:00:00,,544.9
2014-04-21 13:00:00,,544.91
2014-04-21 14:00:00,,544.912
2014-04-21 15:00:00,,544.908
2014-04-21 16:00:00,,544.913
2014-04-21 17:00:00,,544.906
2014-04-21 18:00:00,,544.904
2014-04-21 19:00:00,,544.907
2014-04-21 20:00:00,,544.893
2014-04-21 21:00:00,,544.896
2014-04-21 22:00:00,,544.891
2014-04-21 23:00:00,,544.893
2014-04-22 00:00:00,,544.898
2014-04-22 01:00:00,,544.886
2014-04-22 02:00:00,,544.896
2014-04-22 03:00:00,,544.897
2014-04-22 04:00:00,,544.894
2014-04-22 05:00:00,,544.897
2014-04-22 06:00:00,,544.893
2014-04-22 07:00:00,,544.892
2014-04-22 08:00:00,,544.887
2014-04-22 09:00:00,,544.887
2014-04-22 10:00:00,,544.892
2014-04-22 11:00:00,,544.89
2014-04-22 12:00:00,,544.898
2014-04-22 13:00:00,,544.903
2014-04-22 14:00:00,,544.911
2014-04-22 15:00:00,,544.922
2014-04-22 16:00:00,,544.914
2014-04-22 17:00:00,,544.916
2014-04-22 18:00:00,,544.909
2014-04-22 19:00:00,,544.906
2014-04-22 20:00:00,,544.898
2014-04-22 21:00:00,,544.894
2014-04-22 22:00:00,,544.896
2014-04-22 23:00:00,,544.882
2014-04-23 00:00:00,,544.893
2014-04-23 01:00:00,,544.9
2014-04-23 02:00:00,,544.893
2014-04-23 03:00:00,,544.898
2014-04-23 04:00:00,,544.901
2014-04-23 05:00:00,,544.893
2014-04-23 06:00:00,,544.903
2014-04-23 07:00:00,,544.895
2014-04-23 08:00:00,,544.893
2014-04-23 09:00:00,,544.894
2014-04-23 10:00:00,,544.881
2014-04-23 11:00:00,,544.886
2014-04-23 12:00:00,,544.902
2014-04-23 13:00:00,,544.898
2014-04-23 14:00:00,,544.917
2014-04-23 15:00:00,,544.914
2014-04-23 16:00:00,,544.916
2014-04-23 17:00:00,,544.915
2014-04-23 18:00:00,,544.908
2014-04-23 19:00:00,,544.902
2014-04-23 20:00:00,,544.891
2014-04-23 21:00:00,,544.889
2014-04-23 22:00:00,,544.883
2014-04-23 23:00:00,,544.895
2014-04-24 00:00:00,,544.891
2014-04-24 01:00:00,,544.894
2014-04-24 02:00:00,,544.905
2014-04-24 03:00:00,,544.908
2014-04-24 04:00:00,,544.898
2014-04-24 05:00:00,,544.901
2014-04-24 06:00:00,,544.899
2014-04-24 07:00:00,,544.892
2014-04-24 08:00:00,,544.888
2014-04-24 09:00:00,,544.888
2014-04-24 10:00:00,,544.883
2014-04-24 11:00:00,,544.895
2014-04-24 12:00:00,,544.899
2014-04-24 13:00:00,,544.907
2014-04-24 14:00:00,,544.915
2014-04-24 15:00:00,,544.917
2014-04-24 16:00:00,,544.913
2014-04-24 17:00:00,,544.916
2014-04-24 18:00:00,,544.905
2014-04-24 19:00:00,,544.909
2014-04-24 20:00:00,,544.897
2014-04-24 21:00:00,,544.889
2014-04-24 22:00:00,,544.893
2014-04-24 23:00:00,,544.892
2014-04-25 00:00:00,,544.889
2014-04-25 01:00:00,,544.891
2014-04-25 02:00:00,,544.901
2014-04-25 03:00:00,,544.909
2014-04-25 04:00:00,,544.896
2014-04-25 05:00:00,,544.899
2014-04-25 06:00:00,,544.891
2014-04-25 07:00:00,,544.89
2014-04-25 08:00:00,,544.892
2014-04-25 09:00:00,,544.883
2014-04-25 10:00:00,,544.881
2014-04-25 11:00:00,,544.888
2014-04-25 12:00:00,,544.896
2014-04-25 13:00:00,,544.899
2014-04-25 14:00:00,,544.918
2014-04-25 15:00:00,,544.918
2014-04-25 16:00:00,,544.918
2014-04-25 17:00:00,,544.922
2014-04-25 18:00:00,,544.906
2014-04-25 19:00:00,,544.897
2014-04-25 20:00:00,,544.895
2014-04-25 21:00:00,,544.89
2014-04-25 22:00:00,,544.884
2014-04-25 23:00:00,,544.879
2014-04-26 00:00:00,,544.891
2014-04-26 01:00:00,,544.885
2014-04-26 02:00:00,,544.893
2014-04-26 03:00:00,,544.905
2014-04-26 04:00:00,,544.9
2014-04-26 05:00:00,,544.893
2014-04-26 06:00:00,,544.897
2014-04-26 07:00:00,,544.886
2014-04-26 08:00:00,,544.879
2014-04-26 09:00:00,,544.883
2014-04-26 10:00:00,,544.877
2014-04-26 11:00:00,,544.889
2014-04-26 12:00:00,,544.898
2014-04-26 13:00:00,,544.908
2014-04-26 14:00:00,,544.919
2014-04-26 15:00:00,,544.913
2014-04-26 16:00:00,,544.913
2014-04-26 17:00:00,,544.914
2014-04-26 18:00:00,,544.903
2014-04-26 19:00:00,,544.894
2014-04-26 20:00:00,,544.897
2014-04-26 21:00:00,,544.888
2014-04-26 22:00:00,,544.881
2014-04-26 23:00:00,,544.885
2014-04-27 00:00:00,,544.885
2014-04-27 01:00:00,,544.894
2014-04-27 02:00:00,,544.892
2014-04-27 03:00:00,,544.889
2014-04-27 04:00:00,,544.902
2014-04-27 05:00:00,,544.897
2014-04-27 06:00:00,,544.893
2014-04-27 07:00:00,,544.889
2014-04-27 08:00:00,,544.88
2014-04-27 09:00:00,,544.873
2014-04-27 10:00:00,,544.879
2014-04-27 11:00:00,,544.885
2014-04-27 12:00:00,,544.896
2014-04-27 13:00:00,,544.908
2014-04-27 14:00:00,,544.915
2014-04-27 15:00:00,,544.92
2014-04-27 16:00:00,,544.921
2014-04-27 17:00:00,,544.924
2014-04-27 18:00:00,,544.918
2014-04-27 19:00:00,,544.908
2014-04-27 20:00:00,,544.899
2014-04-27 21:00:00,,544.896
2014-04-27 22:00:00,,544.888
2014-04-27 23:00:00,,544.894
2014-04-28 00:00:00,,544.891
2014-04-28 01:00:00,,544.891
2014-04-28 02:00:00,,544.89
2014-04-28 03:00:00,,544.894
2014-04-28 04:00:00,,544.899
2014-04-28 05:00:00,,544.898
2014-04-28 06:00:00,,544.89
2014-04-28 07:00:00,,544.892
2014-04-28 08:00:00,,544.887
2014-04-28 09:00:00,,544.88
2014-04-28 10:00:00,,544.885
2014-04-28 11:00:00,,544.889
2014-04-28 12:00:00,,544.895
2014-04-28 13:00:00,,544.897
2014-04-28 14:00:00,,544.916
2014-04-28 15:00:00,,544.913
2014-04-28 16:00:00,,544.916
2014-04-28 17:00:00,,544.919
2014-04-28 18:00:00,,544.914
2014-04-28 19:00:00,,544.909
2014-04-28 20:00:00,,544.902
2014-04-28 21:00:00,,544.899
2014-04-28 22:00:00,,544.893
2014-04-28 23:00:00,,544.888
2014-04-29 00:00:00,,544.897
2014-04-29 01:00:00,,544.907
2014-04-29 02:00:00,,544.902
2014-04-29 03:00:00,,544.916
2014-04-29 04:00:00,,544.916
2014-04-29 05:00:00,,544.908
2014-04-29 06:00:00,,544.906
2014-04-29 07:00:00,,544.897
2014-04-29 08:00:00,,544.894
2014-04-29 09:00:00,,544.892
2014-04-29 10:00:00,,544.897
2014-04-29 11:00:00,,544.895
2014-04-29 12:00:00,,544.9
2014-04-29 13:00:00,,544.909
2014-04-29 14:00:00,,544.917
2014-04-29 15:00:00,,544.917
2014-04-29 16:00:00,,544.925
2014-04-29 17:00:00,,544.911
2014-04-29 18:00:00,,544.904
2014-04-29 19:00:00,,544.887
2014-04-29 20:00:00,,544.876
2014-04-29 21:00:00,,544.877
2014-04-29 22:00:00,,544.858
2014-04-29 23:00:00,,544.86
2014-04-30 00:00:00,,544.868
2014-04-30 01:00:00,,544.875
2014-04-30 02:00:00,,544.887
2014-04-30 03:00:00,,544.889
2014-04-30 04:00:00,,544.888
2014-04-30 05:00:00,,544.889
2014-04-30 06:00:00,,544.896
2014-04-30 07:00:00,,544.89
2014-04-30 08:00:00,,544.876
2014-04-30 09:00:00,,544.87
2014-04-30 10:00:00,,544.87
2014-04-30 11:00:00,,544.877
2014-04-30 12:00:00,,544.879
2014-04-30 13:00:00,,544.888
2014-04-30 14:00:00,,544.905
2014-04-30 15:00:00,,544.903
2014-04-30 16:00:00,,544.903
2014-04-30 17:00:00,,544.908
2014-04-30 18:00:00,,544.906
2014-04-30 19:00:00,,544.899
2014-04-30 20:00:00,,544.891
2014-04-30 21:00:00,,544.881
2014-04-30 22:00:00,,544.869
2014-04-30 23:00:00,,544.876
2014-05-01 00:00:00,,544.874
2014-05-01 01:00:00,,544.884
2014-05-01 02:00:00,,544.883
2014-05-01 03:00:00,,544.896
2014-05-01 04:00:00,,544.891
2014-05-01 05:00:00,,544.902
2014-05-01 06:00:00,,544.894
2014-05-01 07:00:00,,544.887
2014-05-01 08:00:00,,544.893
2014-05-01 09:00:00,,544.881
2014-05-01 10:00:00,,544.891
2014-05-01 11:00:00,,544.889
2014-05-01 12:00:00,,544.899
2014-05-01 13:00:00,,544.902
2014-05-01 14:00:00,,544.91
2014-05-01 15:00:00,,544.91
2014-05-01 16:00:00,,544.922
2014-05-01 17:00:00,,544.914
2014-05-01 18:00:00,,544.907
2014-05-01 19:00:00,,544.903
2014-05-01 20:00:00,,544.891
2014-05-01 21:00:00,,544.89
2014-05-01 22:00:00,,544.888
2014-05-01 23:00:00,,544.893
2014-05-02 00:00:00,,544.891
2014-05-02 01:00:00,,544.891
2014-05-02 02:00:00,,544.886
2014-05-02 03:00:00,,544.902
2014-05-02 04:00:00,,544.897
2014-05-02 05:00:00,,544.906
2014-05-02 06:00:00,,544.891
2014-05-02 07:00:00,,544.895
2014-05-02 08:00:00,,544.892
2014-05-02 09:00:00,,544.888
2014-05-02 10:00:00,,544.891
2014-05-02 11:00:00,,544.888
2014-05-02 12:00:00,,544.889
2014-05-02 13:00:00,,544.905
2014-05-02 14:00:00,,544.911
2014-05-02 15:00:00,,544.919
2014-05-02 16:00:00,,544.919
2014-05-02 17:00:00,,544.911
2014-05-02 18:00:00,,544.906
2014-05-02 19:00:00,,544.911
2014-05-02 20:00:00,,544.899
2014-05-02 21:00:00,,544.895
2014-05-02 22:00:00,,544.893
2014-05-02 23:00:00,,544.892
2014-05-03 00:00:00,,544.894
2014-05-03 01:00:00,,544.9
2014-05-03 02:00:00,,544.901
2014-05-03 03:00:00,,544.896
2014-05-03 04:00:00,,544.898
2014-05-03 05:00:00,,544.896
2014-05-03 06:00:00,,544.897
2014-05-03 07:00:00,,544.891
2014-05-03 08:00:00,,544.881
2014-05-03 09:00:00,,544.885
2014-05-03 10:00:00,,544.878
2014-05-03 11:00:00,,544.883
2014-05-03 12:00:00,,544.899
2014-05-03 13:00:00,,544.913
2014-05-03 14:00:00,,544.92
2014-05-03 15:00:00,,544.917
2014-05-03 16:00:00,,544.912
2014-05-03 17:00:00,,544.913
2014-05-03 18:00:00,,544.915
2014-05-03 19:00:00,,544.909
2014-05-03 20:00:00,,544.908
2014-05-03 21:00:00,,544.895
2014-05-03 22:00:00,,544.894
2014-05-03 23:00:00,,544.888
2014-05-04 00:00:00,,544.894
2014-05-04 01:00:00,,544.901
2014-05-04 02:00:00,,544.904
2014-05-04 03:00:00,,544.904
2014-05-04 04:00:00,,544.897
2014-05-04 05:00:00,,544.896
2014-05-04 06:00:00,,544.889
2014-05-04 07:00:00,,544.883
2014-05-04 08:00:00,,544.89
2014-05-04 09:00:00,,544.877
2014-05-04 10:00:00,,544.885
2014-05-04 11:00:00,,544.884
2014-05-04 12:00:00,,544.889
2014-05-04 13:00:00,,544.899
2014-05-04 14:00:00,,544.903
2014-05-04 15:00:00,,544.91
2014-05-04 16:00:00,,544.913
2014-05-04 17:00:00,,544.917
2014-05-04 18:00:00,,544.914
2014-05-04 19:00:00,,544.899
2014-05-04 20:00:00,,544.895
2014-05-04 21:00:00,,544.89
2014-05-04 22:00:00,,544.895
2014-05-04 23:00:00,,544.889
2014-05-05 00:00:00,,544.896
2014-05-05 01:00:00,,544.884
2014-05-05 02:00:00,,544.889
2014-05-05 03:00:00,,544.892
2014-05-05 04:00:00,,544.893
2014-05-05 05:00:00,,544.893
2014-05-05 06:00:00,,544.888
2014-05-05 07:00:00,,544.881
2014-05-05 08:00:00,,544.872
2014-05-05 09:00:00,,544.875
2014-05-05 10:00:00,,544.871
2014-05-05 11:00:00,,544.881
2014-05-05 12:00:00,,544.886
2014-05-05 13:00:00,,544.898
2014-05-05 14:00:00,,544.906
2014-05-05 15:00:00,,544.91
2014-05-05 16:00:00,,544.911
2014-05-05 17:00:00,,544.911
2014-05-05 18:00:00,,544.912
2014-05-05 19:00:00,,544.901
2014-05-05 20:00:00,,544.899
2014-05-05 21:00:00,,544.891
2014-05-05 22:00:00,,544.885
2014-05-05 23:00:00,,544.881
2014-05-06 00:00:00,,544.888
2014-05-06 01:00:00,,544.893
2014-05-06 02:00:00,,544.89
2014-05-06 03:00:00,,544.899
2014-05-06 04:00:00,,544.9
2014-05-06 05:00:00,,544.894
2014-05-06 06:00:00,,544.892
2014-05-06 07:00:00,,544.893
2014-05-06 08:00:00,,544.878
2014-05-06 09:00:00,,544.881
2014-05-06 10:00:00,,544.887
2014-05-06 11:00:00,,544.896
2014-05-06 12:00:00,,544.896
2014-05-06 13:00:00,,544.907
2014-05-06 14:00:00,,544.909
2014-05-06 15:00:00,,544.907
2014-05-06 16:00:00,,544.916
2014-05-06 17:00:00,,544.911
2014-05-06 18:00:00,,544.915
2014-05-06 19:00:00,,544.903
2014-05-06 20:00:00,,544.896
2014-05-06 21:00:00,,544.887
2014-05-06 22:00:00,,544.887
2014-05-06 23:00:00,,544.897
2014-05-07 00:00:00,,544.891
2014-05-07 01:00:00,,544.899
2014-05-07 02:00:00,,544.895
2014-05-07 03:00:00,,544.893
2014-05-07 04:00:00,,544.904
2014-05-07 05:00:00,,544.901
2014-05-07 06:00:00,,544.891
2014-05-07 07:00:00,,544.887
2014-05-07 08:00:00,,544.885
2014-05-07 09:00:00,,544.89
2014-05-07 10:00:00,,544.891
2014-05-07 11:00:00,,544.892
2014-05-07 12:00:00,,544.901
2014-05-07 13:00:00,,544.907
2014-05-07 14:00:00,,544.919
2014-05-07 15:00:00,,544.92
2014-05-07 16:00:00,,544.914
2014-05-07 17:00:00,,544.919
2014-05-07 18:00:00,,544.912
2014-05-07 19:00:00,,544.897
2014-05-07 20:00:00,,544.902
2014-05-07 21:00:00,,544.892
2014-05-07 22:00:00,,544.896
2014-05-07 23:00:00,,544.891
2014-05-08 00:00:00,,544.9
2014-05-08 01:00:00,,544.891
2014-05-08 02:00:00,,544.894
2014-05-08 03:00:00,,544.894
2014-05-08 04:00:00,,544.9
2014-05-08 05:00:00,,544.898
2014-05-08 06:00:00,,544.898
2014-05-08 07:00:00,,544.899
2014-05-08 08:00:00,,544.899
2014-05-08 09:00:00,,544.892
2014-05-08 10:00:00,,544.898
2014-05-08 11:00:00,,544.902
2014-05-08 12:00:00,,544.914
2014-05-08 13:00:00,,544.911
2014-05-08 14:00:00,,544.92
2014-05-08 15:00:00,,544.926
2014-05-08 16:00:00,,544.926
2014-05-08 17:00:00,,544.929
2014-05-08 18:00:00,,544.915
2014-05-08 19:00:00,,544.909
2014-05-08 20:00:00,,544.908
2014-05-08 21:00:00,,544.898
2014-05-08 22:00:00,,544.899
2014-05-08 23:00:00,,544.895
2014-05-09 00:00:00,,544.901
2014-05-09 01:00:00,,544.906
2014-05-09 02:00:00,,544.907
2014-05-09 03:00:00,,544.902
2014-05-09 04:00:00,,544.904
2014-05-09 05:00:00,,544.906
2014-05-09 06:00:00,,544.903
2014-05-09 07:00:00,,544.898
2014-05-09 08:00:00,,544.886
2014-05-09 09:00:00,,544.899
2014-05-09 10:00:00,,544.896
2014-05-09 11:00:00,,544.898
2014-05-09 12:00:00,,544.906
2014-05-09 13:00:00,,544.916
2014-05-09 14:00:00,,544.918
2014-05-09 15:00:00,,544.927
2014-05-09 16:00:00,,544.926
2014-05-09 17:00:00,,544.922
2014-05-09 18:00:00,,544.915
2014-05-09 19:00:00,,544.91
2014-05-09 20:00:00,,544.902
2014-05-09 21:00:00,,544.9
2014-05-09 22:00:00,,544.903
2014-05-09 23:00:00,,544.903
2014-05-10 00:00:00,,544.901
2014-05-10 01:00:00,,544.904
2014-05-10 02:00:00,,544.907
2014-05-10 03:00:00,,544.906
2014-05-10 04:00:00,,544.911
2014-05-10 05:00:00,,544.91
2014-05-10 06:00:00,,544.907
2014-05-10 07:00:00,,544.897
2014-05-10 08:00:00,,544.884
2014-05-10 09:00:00,,544.887
2014-05-10 10:00:00,,544.888
2014-05-10 11:00:00,,544.898
2014-05-10 12:00:00,,544.9
2014-05-10 13:00:00,,544.911
2014-05-10 14:00:00,,544.907
2014-05-10 15:00:00,,544.917
2014-05-10 16:00:00,,544.916
2014-05-10 17:00:00,,544.915
2014-05-10 18:00:00,,544.909
2014-05-10 19:00:00,,544.899
2014-05-10 20:00:00,,544.899
2014-05-10 21:00:00,,544.894
2014-05-10 22:00:00,,544.887
2014-05-10 23:00:00,,544.886
2014-05-11 00:00:00,,544.892
2014-05-11 01:00:00,,544.897
2014-05-11 02:00:00,,544.893
2014-05-11 03:00:00,,544.899
2014-05-11 04:00:00,,544.899
2014-05-11 05:00:00,,544.905
2014-05-11 06:00:00,,544.903
2014-05-11 07:00:00,,544.892
2014-05-11 08:00:00,,544.891
2014-05-11 09:00:00,,544.889
2014-05-11 10:00:00,,544.875
2014-05-11 11:00:00,,544.884
2014-05-11 12:00:00,,544.901
2014-05-11 13:00:00,,544.899
2014-05-11 14:00:00,,544.907
2014-05-11 15:00:00,,544.912
2014-05-11 16:00:00,,544.915
2014-05-11 17:00:00,,544.917
2014-05-11 18:00:00,,544.904
2014-05-11 19:00:00,,544.899
2014-05-11 20:00:00,,544.893
2014-05-11 21:00:00,,544.89
2014-05-11 22:00:00,,544.881
2014-05-11 23:00:00,,544.889
2014-05-12 00:00:00,,544.891
2014-05-12 01:00:00,,544.891
2014-05-12 02:00:00,,544.895
2014-05-12 03:00:00,,544.892
2014-05-12 04:00:00,,544.899
2014-05-12 05:00:00,,544.897
2014-05-12 06:00:00,,544.893
2014-05-12 07:00:00,,544.88
2014-05-12 08:00:00,,544.882
2014-05-12 09:00:00,,544.885
2014-05-12 10:00:00,,544.88
2014-05-12 11:00:00,,544.888
2014-05-12 12:00:00,,544.89
2014-05-12 13:00:00,,544.897
2014-05-12 14:00:00,,544.905
2014-05-12 15:00:00,,544.909
2014-05-12 16:00:00,,544.907
2014-05-12 17:00:00,,544.911
2014-05-12 18:00:00,,544.901
2014-05-12 19:00:00,,544.896
2014-05-12 20:00:00,,544.883
2014-05-12 21:00:00,,544.886
2014-05-12 22:00:00,,544.88
2014-05-12 23:00:00,,544.893
2014-05-13 00:00:00,,544.889
2014-05-13 01:00:00,,544.899
2014-05-13 02:00:00,,544.905
2014-05-13 03:00:00,,544.897
2014-05-13 04:00:00,,544.908
2014-05-13 05:00:00,,544.904
2014-05-13 06:00:00,,544.894
2014-05-13 07:00:00,,544.888
2014-05-13 08:00:00,,544.893
2014-05-13 09:00:00,,544.884
2014-05-13 10:00:00,,544.885
2014-05-13 11:00:00,,544.887
2014-05-13 12:00:00,,544.897
2014-05-13 13:00:00,,544.902
2014-05-13 14:00:00,,544.912
2014-05-13 15:00:00,,544.919
2014-05-13 16:00:00,,544.919
2014-05-13 17:00:00,,544.915
2014-05-13 18:00:00,,544.911
2014-05-13 19:00:00,,544.906
2014-05-13 20:00:00,,544.899
2014-05-13 21:00:00,,544.892
2014-05-13 22:00:00,,544.895
2014-05-13 23:00:00,,544.894
2014-05-14 00:00:00,,544.898
2014-05-14 01:00:00,,544.899
2014-05-14 02:00:00,,544.908
2014-05-14 03:00:00,,544.908
2014-05-14 04:00:00,,544.914
2014-05-14 05:00:00,,544.907
2014-05-14 06:00:00,,544.906
2014-05-14 07:00:00,,544.901
2014-05-14 08:00:00,,544.901
2014-05-14 09:00:00,,544.89
2014-05-14 10:00:00,,544.888
2014-05-14 11:00:00,,544.894
2014-05-14 12:00:00,,544.902
2014-05-14 13:00:00,,544.915
2014-05-14 14:00:00,,544.918
2014-05-14 15:00:00,,544.922
2014-05-14 16:00:00,,544.924
2014-05-14 17:00:00,,544.919
2014-05-14 18:00:00,,544.925
2014-05-14 19:00:00,,544.912
2014-05-14 20:00:00,,544.908
2014-05-14 21:00:00,,544.895
2014-05-14 22:00:00,,544.892
2014-05-14 23:00:00,,544.886
2014-05-15 00:00:00,,544.894
2014-05-15 01:00:00,,544.898
2014-05-15 02:00:00,,544.894
2014-05-15 03:00:00,,544.896
2014-05-15 04:00:00,,544.897
2014-05-15 05:00:00,,544.909
2014-05-15 06:00:00,,544.903
2014-05-15 07:00:00,,544.899
2014-05-15 08:00:00,,544.902
2014-05-15 09:00:00,,544.897
2014-05-15 10:00:00,,544.896
2014-05-15 11:00:00,,544.89
2014-05-15 12:00:00,,544.898
2014-05-15 13:00:00,,544.907
2014-05-15 14:00:00,,544.92
2014-05-15 15:00:00,,544.916
2014-05-15 16:00:00,,544.918
2014-05-15 17:00:00,,544.917
2014-05-15 18:00:00,,544.919
2014-05-15 19:00:00,,544.918
2014-05-15 20:00:00,,544.906
2014-05-15 21:00:00,,544.905
2014-05-15 22:00:00,,544.902
2014-05-15 23:00:00,,544.9
2014-05-16 00:00:00,,544.896
2014-05-16 01:00:00,,544.892
2014-05-16 02:00:00,,544.903
2014-05-16 03:00:00,,544.9
2014-05-16 04:00:00,,544.907
2014-05-16 05:00:00,,544.902
2014-05-16 06:00:00,,544.898
2014-05-16 07:00:00,,544.896
2014-05-16 08:00:00,,544.894
2014-05-16 09:00:00,,544.883
2014-05-16 10:00:00,,544.887
2014-05-16 11:00:00,,544.891
2014-05-16 12:00:00,,544.89
2014-05-16 13:00:00,,544.906
2014-05-16 14:00:00,,544.913
2014-05-16 15:00:00,,544.92
2014-05-16 16:00:00,,544.918
2014-05-16 17:00:00,,544.918
2014-05-16 18:00:00,,544.908
2014-05-16 19:00:00,,544.912
2014-05-16 20:00:00,,544.901
2014-05-16 21:00:00,,544.894
2014-05-16 22:00:00,,544.887
2014-05-16 23:00:00,,544.898
2014-05-17 00:00:00,,544.894
2014-05-17 01:00:00,,544.897
2014-05-17 02:00:00,,544.901
2014-05-17 03:00:00,,544.905
2014-05-17 04:00:00,,544.902
2014-05-17 05:00:00,,544.902
2014-05-17 06:00:00,,544.905
2014-05-17 07:00:00,,544.898
2014-05-17 08:00:00,,544.901
2014-05-17 09:00:00,,544.904
2014-05-17 10:00:00,,544.901
2014-05-17 11:00:00,,544.897
2014-05-17 12:00:00,,544.904
2014-05-17 13:00:00,,544.916
2014-05-17 14:00:00,,544.92
2014-05-17 15:00:00,,544.92
2014-05-17 16:00:00,,544.92
2014-05-17 17:00:00,,544.917
2014-05-17 18:00:00,,544.909
2014-05-17 19:00:00,,544.915
2014-05-17 20:00:00,,544.908
2014-05-17 21:00:00,,544.899
2014-05-17 22:00:00,,544.897
2014-05-17 23:00:00,,544.896
2014-05-18 00:00:00,,544.902
2014-05-18 01:00:00,,544.892
2014-05-18 02:00:00,,544.894
2014-05-18 03:00:00,,544.897
2014-05-18 04:00:00,,544.904
2014-05-18 05:00:00,,544.898
2014-05-18 06:00:00,,544.903
2014-05-18 07:00:00,,544.908
2014-05-18 08:00:00,,544.9
2014-05-18 09:00:00,,544.893
2014-05-18 10:00:00,,544.891
2014-05-18 11:00:00,,544.9
2014-05-18 12:00:00,,544.899
2014-05-18 13:00:00,,544.916
2014-05-18 14:00:00,,544.912
2014-05-18 15:00:00,,544.914
2014-05-18 16:00:00,,544.922
2014-05-18 17:00:00,,544.918
2014-05-18 18:00:00,,544.92
2014-05-18 19:00:00,,544.909
2014-05-18 20:00:00,,544.897
2014-05-18 21:00:00,,544.898
2014-05-18 22:00:00,,544.897
2014-05-18 23:00:00,,544.893
2014-05-19 00:00:00,,544.902
2014-05-19 01:00:00,,544.905
2014-05-19 02:00:00,,544.905
2014-05-19 03:00:00,,544.895
2014-05-19 04:00:00,,544.903
2014-05-19 05:00:00,,544.905
2014-05-19 06:00:00,,544.905
2014-05-19 07:00:00,,544.896
2014-05-19 08:00:00,,544.893
2014-05-19 09:00:00,,544.9
2014-05-19 10:00:00,,544.899
2014-05-19 11:00:00,,544.899
2014-05-19 12:00:00,,544.901
2014-05-19 13:00:00,,544.901
2014-05-19 14:00:00,,544.909
2014-05-19 15:00:00,,544.91
2014-05-19 16:00:00,,544.909
2014-05-19 17:00:00,,544.901
2014-05-19 18:00:00,,544.912
2014-05-19 19:00:00,,544.896
2014-05-19 20:00:00,,544.9
2014-05-19 21:00:00,,544.891
2014-05-19 22:00:00,,544.892
2014-05-19 23:00:00,,544.899
2014-05-20 00:00:00,,544.899
2014-05-20 01:00:00,,544.894
2014-05-20 02:00:00,,544.904
2014-05-20 03:00:00,,544.903
2014-05-20 04:00:00,,544.9
2014-05-20 05:00:00,,544.905
2014-05-20 06:00:00,,544.903
2014-05-20 07:00:00,,544.901
2014-05-20 08:00:00,,544.901
2014-05-20 09:00:00,,544.9
2014-05-20 10:00:00,,544.892
2014-05-20 11:00:00,,544.903
2014-05-20 12:00:00,,544.913
2014-05-20 13:00:00,,544.917
2014-05-20 14:00:00,,544.929
2014-05-20 15:00:00,,544.929
2014-05-20 16:00:00,,544.924
2014-05-20 17:00:00,,544.924
2014-05-20 18:00:00,,544.915
2014-05-20 19:00:00,,544.917
2014-05-20 20:00:00,,544.911
2014-05-20 21:00:00,,544.91
2014-05-20 22:00:00,,544.897
2014-05-20 23:00:00,,544.902
2014-05-21 00:00:00,,544.905
2014-05-21 01:00:00,,544.911
2014-05-21 02:00:00,,544.912
2014-05-21 03:00:00,,544.902
2014-05-21 04:00:00,,544.913
2014-05-21 05:00:00,,544.913
2014-05-21 06:00:00,,544.902
2014-05-21 07:00:00,,544.901
2014-05-21 08:00:00,,544.901
2014-05-21 09:00:00,,544.901
2014-05-21 10:00:00,,544.906
2014-05-21 11:00:00,,544.901
2014-05-21 12:00:00,,544.915
2014-05-21 13:00:00,,544.926
2014-05-21 14:00:00,,544.921
2014-05-21 15:00:00,,544.931
2014-05-21 16:00:00,,544.926
2014-05-21 17:00:00,,544.931
2014-05-21 18:00:00,,544.92
2014-05-21 19:00:00,,544.918
2014-05-21 20:00:00,,544.911
2014-05-21 21:00:00,,544.911
2014-05-21 22:00:00,,544.911
2014-05-21 23:00:00,,544.913
2014-05-22 00:00:00,,544.902
2014-05-22 01:00:00,,544.91
2014-05-22 02:00:00,,544.917
2014-05-22 03:00:00,,544.907
2014-05-22 04:00:00,,544.913
2014-05-22 05:00:00,,544.919
2014-05-22 06:00:00,,544.917
2014-05-22 07:00:00,,544.908
2014-05-22 08:00:00,,544.903
2014-05-22 09:00:00,,544.898
2014-05-22 10:00:00,,544.904
2014-05-22 11:00:00,,544.895
2014-05-22 12:00:00,,544.912
2014-05-22 13:00:00,,544.912
2014-05-22 14:00:00,,544.913
2014-05-22 15:00:00,,544.922
2014-05-22 16:00:00,,544.923
2014-05-22 17:00:00,,544.915
2014-05-22 18:00:00,,544.913
2014-05-22 19:00:00,,544.915
2014-05-22 20:00:00,,544.903
2014-05-22 21:00:00,,544.9
2014-05-22 22:00:00,,544.903
2014-05-22 23:00:00,,544.901
2014-05-23 00:00:00,,544.902
2014-05-23 01:00:00,,544.906
2014-05-23 02:00:00,,544.9
2014-05-23 03:00:00,,544.909
2014-05-23 04:00:00,,544.908
2014-05-23 05:00:00,,544.899
2014-05-23 06:00:00,,544.911
2014-05-23 07:00:00,,544.901
2014-05-23 08:00:00,,544.895
2014-05-23 09:00:00,,544.893
2014-05-23 10:00:00,,544.886
2014-05-23 11:00:00,,544.891
2014-05-23 12:00:00,,544.911
2014-05-23 13:00:00,,544.913
2014-05-23 14:00:00,,544.922
2014-05-23 15:00:00,,544.929
2014-05-23 16:00:00,,544.928
2014-05-23 17:00:00,,544.921
2014-05-23 18:00:00,,544.913
2014-05-23 19:00:00,,544.908
2014-05-23 20:00:00,,544.899
2014-05-23 21:00:00,,544.903
2014-05-23 22:00:00,,544.891
2014-05-23 23:00:00,,544.905
2014-05-24 00:00:00,,544.902
2014-05-24 01:00:00,,544.897
2014-05-24 02:00:00,,544.909
2014-05-24 03:00:00,,544.907
2014-05-24 04:00:00,,544.912
2014-05-24 05:00:00,,544.912
2014-05-24 06:00:00,,544.909
2014-05-24 07:00:00,,544.894
2014-05-24 08:00:00,,544.896
2014-05-24 09:00:00,,544.894
2014-05-24 10:00:00,,544.881
2014-05-24 11:00:00,,544.885
2014-05-24 12:00:00,,544.906
2014-05-24 13:00:00,,544.911
2014-05-24 14:00:00,,544.918
2014-05-24 15:00:00,,544.925
2014-05-24 16:00:00,,544.922
2014-05-24 17:00:00,,544.92
2014-05-24 18:00:00,,544.912
2014-05-24 19:00:00,,544.911
2014-05-24 20:00:00,,544.899
2014-05-24 21:00:00,,544.895
2014-05-24 22:00:00,,544.9
2014-05-24 23:00:00,,544.893
2014-05-25 00:00:00,,544.901
2014-05-25 01:00:00,,544.895
2014-05-25 02:00:00,,544.909
2014-05-25 03:00:00,,544.911
2014-05-25 04:00:00,,544.899
2014-05-25 05:00:00,,544.903
2014-05-25 06:00:00,,544.907
2014-05-25 07:00:00,,544.899
2014-05-25 08:00:00,,544.889
2014-05-25 09:00:00,,544.886
2014-05-25 10:00:00,,544.891
2014-05-25 11:00:00,,544.901
2014-05-25 12:00:00,,544.896
2014-05-25 13:00:00,,544.906
2014-05-25 14:00:00,,544.916
2014-05-25 15:00:00,,544.928
2014-05-25 16:00:00,,544.929
2014-05-25 17:00:00,,544.922
2014-05-25 18:00:00,,544.925
2014-05-25 19:00:00,,544.924
2014-05-25 20:00:00,,544.91
2014-05-25 21:00:00,,544.906
2014-05-25 22:00:00,,544.903
2014-05-25 23:00:00,,544.901
2014-05-26 00:00:00,,544.904
2014-05-26 01:00:00,,544.91
2014-05-26 02:00:00,,544.914
2014-05-26 03:00:00,,544.917
2014-05-26 04:00:00,,544.925
2014-05-26 05:00:00,,544.918
2014-05-26 06:00:00,,544.913
2014-05-26 07:00:00,,544.909
2014-05-26 08:00:00,,544.912
2014-05-26 09:00:00,,544.91
2014-05-26 10:00:00,,544.906
2014-05-26 11:00:00,,544.902
2014-05-26 12:00:00,,544.917
2014-05-26 13:00:00,,544.908
2014-05-26 14:00:00,,544.921
2014-05-26 15:00:00,,544.919
2014-05-26 16:00:00,,544.927
2014-05-26 17:00:00,,544.926
2014-05-26 18:00:00,,544.918
2014-05-26 19:00:00,,544.906
2014-05-26 20:00:00,,544.907
2014-05-26 21:00:00,,544.907
2014-05-26 22:00:00,,544.898
2014-05-26 23:00:00,,544.899
2014-05-27 00:00:00,,544.909
2014-05-27 01:00:00,,544.901
2014-05-27 02:00:00,,544.911
2014-05-27 03:00:00,,544.914
2014-05-27 04:00:00,,544.912
2014-05-27 05:00:00,,544.912
2014-05-27 06:00:00,,544.903
2014-05-27 07:00:00,,544.909
2014-05-27 08:00:00,,544.901
2014-05-27 09:00:00,,544.897
2014-05-27 10:00:00,,544.888
2014-05-27 11:00:00,,544.892
2014-05-27 12:00:00,,544.905
2014-05-27 13:00:00,,544.915
2014-05-27 14:00:00,,544.929
2014-05-27 15:00:00,,544.923
2014-05-27 16:00:00,,544.929
2014-05-27 17:00:00,,544.934
2014-05-27 18:00:00,,544.924
2014-05-27 19:00:00,,544.918
2014-05-27 20:00:00,,544.91
2014-05-27 21:00:00,,544.905
2014-05-27 22:00:00,,544.897
2014-05-27 23:00:00,,544.904
2014-05-28 00:00:00,,544.901
2014-05-28 01:00:00,,544.906
2014-05-28 02:00:00,,544.904
2014-05-28 03:00:00,,544.908
2014-05-28 04:00:00,,544.909
2014-05-28 05:00:00,,544.909
2014-05-28 06:00:00,,544.904
2014-05-28 07:00:00,,544.902
2014-05-28 08:00:00,,544.895
2014-05-28 09:00:00,,544.883
2014-05-28 10:00:00,,544.883
2014-05-28 11:00:00,,544.887
2014-05-28 12:00:00,,544.905
2014-05-28 13:00:00,,544.914
2014-05-28 14:00:00,,544.919
2014-05-28 15:00:00,,544.922
2014-05-28 16:00:00,,544.918
2014-05-28 17:00:00,,544.922
2014-05-28 18:00:00,,544.917
2014-05-28 19:00:00,,544.914
2014-05-28 20:00:00,,544.907
2014-05-28 21:00:00,,544.907
2014-05-28 22:00:00,,544.898
2014-05-28 23:00:00,,544.898
2014-05-29 00:00:00,,544.903
2014-05-29 01:00:00,,544.899
2014-05-29 02:00:00,,544.902
2014-05-29 03:00:00,,544.911
2014-05-29 04:00:00,,544.909
2014-05-29 05:00:00,,544.912
2014-05-29 06:00:00,,544.909
2014-05-29 07:00:00,,544.904
2014-05-29 08:00:00,,544.906
2014-05-29 09:00:00,,544.896
2014-05-29 10:00:00,,544.893
2014-05-29 11:00:00,,544.899
2014-05-29 12:00:00,,544.906
2014-05-29 13:00:00,,544.917
2014-05-29 14:00:00,,544.926
2014-05-29 15:00:00,,544.923
2014-05-29 16:00:00,,544.934
2014-05-29 17:00:00,,544.927
2014-05-29 18:00:00,,544.924
2014-05-29 19:00:00,,544.917
2014-05-29 20:00:00,,544.913
2014-05-29 21:00:00,,544.915
2014-05-29 22:00:00,,544.903
2014-05-29 23:00:00,,544.913
2014-05-30 00:00:00,,544.902
2014-05-30 01:00:00,,544.911
2014-05-30 02:00:00,,544.913
2014-05-30 03:00:00,,544.922
2014-05-30 04:00:00,,544.917
2014-05-30 05:00:00,,544.925
2014-05-30 06:00:00,,544.924
2014-05-30 07:00:00,,544.923
2014-05-30 08:00:00,,544.918
2014-05-30 09:00:00,,544.913
2014-05-30 10:00:00,,544.914
2014-05-30 11:00:00,,544.909
2014-05-30 12:00:00,,544.917
2014-05-30 13:00:00,,544.921
2014-05-30 14:00:00,,544.927
2014-05-30 15:00:00,,544.932
2014-05-30 16:00:00,,544.937
2014-05-30 17:00:00,,544.925
2014-05-30 18:00:00,,544.92
2014-05-30 19:00:00,,544.921
2014-05-30 20:00:00,,544.908
2014-05-30 21:00:00,,544.899
2014-05-30 22:00:00,,544.902
2014-05-30 23:00:00,,544.903
2014-05-31 00:00:00,,544.898
2014-05-31 01:00:00,,544.9
2014-05-31 02:00:00,,544.901
2014-05-31 03:00:00,,544.915
2014-05-31 04:00:00,,544.909
2014-05-31 05:00:00,,544.902
2014-05-31 06:00:00,,544.905
2014-05-31 07:00:00,,544.903
2014-05-31 08:00:00,,544.898
2014-05-31 09:00:00,,544.893
2014-05-31 10:00:00,,544.898
2014-05-31 11:00:00,,544.899
2014-05-31 12:00:00,,544.894
2014-05-31 13:00:00,,544.912
2014-05-31 14:00:00,,544.914
2014-05-31 15:00:00,,544.92
2014-05-31 16:00:00,,544.921
2014-05-31 17:00:00,,544.92
2014-05-31 18:00:00,,544.914
2014-05-31 19:00:00,,544.909
2014-05-31 20:00:00,,544.903
2014-05-31 21:00:00,,544.904
2014-05-31 22:00:00,,544.888
2014-05-31 23:00:00,,544.887
2014-06-01 00:00:00,,544.9
2014-06-01 01:00:00,,544.889
2014-06-01 02:00:00,,544.905
2014-06-01 03:00:00,,544.904
2014-06-01 04:00:00,,544.907
2014-06-01 05:00:00,,544.91
2014-06-01 06:00:00,,544.906
2014-06-01 07:00:00,,544.906
2014-06-01 08:00:00,,544.893
2014-06-01 09:00:00,,544.896
2014-06-01 10:00:00,,544.892
2014-06-01 11:00:00,,544.891
2014-06-01 12:00:00,,544.896
2014-06-01 13:00:00,,544.909
2014-06-01 14:00:00,,544.917
2014-06-01 15:00:00,,544.922
2014-06-01 16:00:00,,544.918
2014-06-01 17:00:00,,544.918
2014-06-01 18:00:00,,544.915
2014-06-01 19:00:00,,544.916
2014-06-01 20:00:00,,544.906
2014-06-01 21:00:00,,544.905
2014-06-01 22:00:00,,544.898
2014-06-01 23:00:00,,544.898
2014-06-02 00:00:00,,544.9
2014-06-02 01:00:00,,544.897
2014-06-02 02:00:00,,544.894
2014-06-02 03:00:00,,544.903
2014-06-02 04:00:00,,544.904
2014-06-02 05:00:00,,544.907
2014-06-02 06:00:00,,544.898
2014-06-02 07:00:00,,544.896
2014-06-02 08:00:00,,544.898
2014-06-02 09:00:00,,544.902
2014-06-02 10:00:00,,544.895
2014-06-02 11:00:00,,544.893
2014-06-02 12:00:00,,544.904
2014-06-02 13:00:00,,544.917
2014-06-02 14:00:00,,544.919
2014-06-02 15:00:00,,544.915
2014-06-02 16:00:00,,544.917
2014-06-02 17:00:00,,544.918
2014-06-02 18:00:00,,544.921
2014-06-02 19:00:00,,544.915
2014-06-02 20:00:00,,544.907
2014-06-02 21:00:00,,544.903
2014-06-02 22:00:00,,544.899
2014-06-02 23:00:00,,544.899
2014-06-03 00:00:00,,544.894
2014-06-03 01:00:00,,544.901
2014-06-03 02:00:00,,544.904
2014-06-03 03:00:00,,544.903
2014-06-03 04:00:00,,544.908
2014-06-03 05:00:00,,544.908
2014-06-03 06:00:00,,544.91
2014-06-03 07:00:00,,544.902
2014-06-03 08:00:00,,544.9
2014-06-03 09:00:00,,544.894
2014-06-03 10:00:00,,544.896
2014-06-03 11:00:00,,544.897
2014-06-03 12:00:00,,544.9
2014-06-03 13:00:00,,544.914
2014-06-03 14:00:00,,544.922
2014-06-03 15:00:00,,544.929
2014-06-03 16:00:00,,544.924
2014-06-03 17:00:00,,544.921
2014-06-03 18:00:00,,544.915
2014-06-03 19:00:00,,544.917
2014-06-03 20:00:00,,544.911
2014-06-03 21:00:00,,544.904
2014-06-03 22:00:00,,544.906
2014-06-03 23:00:00,,544.9
2014-06-04 00:00:00,,544.891
2014-06-04 01:00:00,,544.891
2014-06-04 02:00:00,,544.897
2014-06-04 03:00:00,,544.894
2014-06-04 04:00:00,,544.899
2014-06-04 05:00:00,,544.895
2014-06-04 06:00:00,,544.897
2014-06-04 07:00:00,,544.902
2014-06-04 08:00:00,,544.899
2014-06-04 09:00:00,,544.883
2014-06-04 10:00:00,,544.885
2014-06-04 11:00:00,,544.901
2014-06-04 12:00:00,,544.899
2014-06-04 13:00:00,,544.915
2014-06-04 14:00:00,,544.912
2014-06-04 15:00:00,,544.927
2014-06-04 16:00:00,,544.928
2014-06-04 17:00:00,,544.914
2014-06-04 18:00:00,,544.913
2014-06-04 19:00:00,,544.914
2014-06-04 20:00:00,,544.897
2014-06-04 21:00:00,,544.899
2014-06-04 22:00:00,,544.895
2014-06-04 23:00:00,,544.897
2014-06-05 00:00:00,,544.892
2014-06-05 01:00:00,,544.898
2014-06-05 02:00:00,,544.895
2014-06-05 03:00:00,,544.902
2014-06-05 04:00:00,,544.899
2014-06-05 05:00:00,,544.904
2014-06-05 06:00:00,,544.906
2014-06-05 07:00:00,,544.904
2014-06-05 08:00:00,,544.901
2014-06-05 09:00:00,,544.896
2014-06-05 10:00:00,,544.895
2014-06-05 11:00:00,,544.9
2014-06-05 12:00:00,,544.902
2014-06-05 13:00:00,,544.912
2014-06-05 14:00:00,,544.92
2014-06-05 15:00:00,,544.923
2014-06-05 16:00:00,,544.915
2014-06-05 17:00:00,,544.921
2014-06-05 18:00:00,,544.919
2014-06-05 19:00:00,,544.907
2014-06-05 20:00:00,,544.896
2014-06-05 21:00:00,,544.89
2014-06-05 22:00:00,,544.901
2014-06-05 23:00:00,,544.902
2014-06-06 00:00:00,,544.905
2014-06-06 01:00:00,,544.906
2014-06-06 02:00:00,,544.9
2014-06-06 03:00:00,,544.901
2014-06-06 04:00:00,,544.896
2014-06-06 05:00:00,,544.909
2014-06-06 06:00:00,,544.907
2014-06-06 07:00:00,,544.898
2014-06-06 08:00:00,,544.894
2014-06-06 09:00:00,,544.891
2014-06-06 10:00:00,,544.898
2014-06-06 11:00:00,,544.902
2014-06-06 12:00:00,,544.906
2014-06-06 13:00:00,,544.906
2014-06-06 14:00:00,,544.911
2014-06-06 15:00:00,,544.927
2014-06-06 16:00:00,,544.923
2014-06-06 17:00:00,,544.919
2014-06-06 18:00:00,,544.908
2014-06-06 19:00:00,,544.895
2014-06-06 20:00:00,,544.894
2014-06-06 21:00:00,,544.892
2014-06-06 22:00:00,,544.895
2014-06-06 23:00:00,,544.885
2014-06-07 00:00:00,,544.894
2014-06-07 01:00:00,,544.893
2014-06-07 02:00:00,,544.888
2014-06-07 03:00:00,,544.892
2014-06-07 04:00:00,,544.899
2014-06-07 05:00:00,,544.903
2014-06-07 06:00:00,,544.894
2014-06-07 07:00:00,,544.891
2014-06-07 08:00:00,,544.884
2014-06-07 09:00:00,,544.888
2014-06-07 10:00:00,,544.89
2014-06-07 11:00:00,,544.904
2014-06-07 12:00:00,,544.905
2014-06-07 13:00:00,,544.911
2014-06-07 14:00:00,,544.916
2014-06-07 15:00:00,,544.921
2014-06-07 16:00:00,,544.92
2014-06-07 17:00:00,,544.913
2014-06-07 18:00:00,,544.907
2014-06-07 19:00:00,,544.897
2014-06-07 20:00:00,,544.897
2014-06-07 21:00:00,,544.902
2014-06-07 22:00:00,,544.903
2014-06-07 23:00:00,,544.899
2014-06-08 00:00:00,,544.897
2014-06-08 01:00:00,,544.902
2014-06-08 02:00:00,,544.901
2014-06-08 03:00:00,,544.902
2014-06-08 04:00:00,,544.898
2014-06-08 05:00:00,,544.902
2014-06-08 06:00:00,,544.897
2014-06-08 07:00:00,,544.904
2014-06-08 08:00:00,,544.907
2014-06-08 09:00:00,,544.898
2014-06-08 10:00:00,,544.898
2014-06-08 11:00:00,,544.908
2014-06-08 12:00:00,,544.9
2014-06-08 13:00:00,,544.92
2014-06-08 14:00:00,,544.918
2014-06-08 15:00:00,,544.92
2014-06-08 16:00:00,,544.92
2014-06-08 17:00:00,,544.913
2014-06-08 18:00:00,,544.909
2014-06-08 19:00:00,,544.912
2014-06-08 20:00:00,,544.912
2014-06-08 21:00:00,,544.897
2014-06-08 22:00:00,,544.909
2014-06-08 23:00:00,,544.898
2014-06-09 00:00:00,,544.91
2014-06-09 01:00:00,,544.905
2014-06-09 02:00:00,,544.899
2014-06-09 03:00:00,,544.907
2014-06-09 04:00:00,,544.908
2014-06-09 05:00:00,,544.906
2014-06-09 06:00:00,,544.911
2014-06-09 07:00:00,,544.907
2014-06-09 08:00:00,,544.898
2014-06-09 09:00:00,,544.902
2014-06-09 10:00:00,,544.902
2014-06-09 11:00:00,,544.91
2014-06-09 12:00:00,,544.917
2014-06-09 13:00:00,,544.921
2014-06-09 14:00:00,,544.928
2014-06-09 15:00:00,,544.928
2014-06-09 16:00:00,,544.935
2014-06-09 17:00:00,,544.931
2014-06-09 18:00:00,,544.925
2014-06-09 19:00:00,,544.917
2014-06-09 20:00:00,,544.916
2014-06-09 21:00:00,,544.906
2014-06-09 22:00:00,,544.898
2014-06-09 23:00:00,,544.9
2014-06-10 00:00:00,,544.909
2014-06-10 01:00:00,,544.914
2014-06-10 02:00:00,,544.924
2014-06-10 03:00:00,,544.923
2014-06-10 04:00:00,,544.923
2014-06-10 05:00:00,,544.932
2014-06-10 06:00:00,,544.934
2014-06-10 07:00:00,,544.914
2014-06-10 08:00:00,,544.915
2014-06-10 09:00:00,,544.91
2014-06-10 10:00:00,,544.903
2014-06-10 11:00:00,,544.906
2014-06-10 12:00:00,,544.918
2014-06-10 13:00:00,,544.936
2014-06-10 14:00:00,,544.938
2014-06-10 15:00:00,,544.941
2014-06-10 16:00:00,,544.95
2014-06-10 17:00:00,,544.936
2014-06-10 18:00:00,,544.929
2014-06-10 19:00:00,,544.933
2014-06-10 20:00:00,,544.923
2014-06-10 21:00:00,,544.922
2014-06-10 22:00:00,,544.916
2014-06-10 23:00:00,,544.915
2014-06-11 00:00:00,,544.919
2014-06-11 01:00:00,,544.927
2014-06-11 02:00:00,,544.923
2014-06-11 03:00:00,,544.933
2014-06-11 04:00:00,,544.931
2014-06-11 05:00:00,,544.927
2014-06-11 06:00:00,,544.918
2014-06-11 07:00:00,,544.926
2014-06-11 08:00:00,,544.915
2014-06-11 09:00:00,,544.909
2014-06-11 10:00:00,,544.916
2014-06-11 11:00:00,,544.911
2014-06-11 12:00:00,,544.924
2014-06-11 13:00:00,,544.935
2014-06-11 14:00:00,,544.943
2014-06-11 15:00:00,,544.951
2014-06-11 16:00:00,,544.945
2014-06-11 17:00:00,,544.946
2014-06-11 18:00:00,,544.948
2014-06-11 19:00:00,,544.933
2014-06-11 20:00:00,,544.932
2014-06-11 21:00:00,,544.914
2014-06-11 22:00:00,,544.91
2014-06-11 23:00:00,,544.915
2014-06-12 00:00:00,,544.913
2014-06-12 01:00:00,,544.916
2014-06-12 02:00:00,,544.924
2014-06-12 03:00:00,,544.929
2014-06-12 04:00:00,,544.937
2014-06-12 05:00:00,,544.938
2014-06-12 06:00:00,,544.93
2014-06-12 07:00:00,,544.918
2014-06-12 08:00:00,,544.919
2014-06-12 09:00:00,,544.915
2014-06-12 10:00:00,,544.917
2014-06-12 11:00:00,,544.915
2014-06-12 12:00:00,,544.919
2014-06-12 13:00:00,,544.931
2014-06-12 14:00:00,,544.941
2014-06-12 15:00:00,,544.933
2014-06-12 16:00:00,,544.934
2014-06-12 17:00:00,,544.931
2014-06-12 18:00:00,,544.938
2014-06-12 19:00:00,,544.928
2014-06-12 20:00:00,,544.921
2014-06-12 21:00:00,,544.914
2014-06-12 22:00:00,,544.905
2014-06-12 23:00:00,,544.906
2014-06-13 00:00:00,,544.904
2014-06-13 01:00:00,,544.911
2014-06-13 02:00:00,,544.903
2014-06-13 03:00:00,,544.909
2014-06-13 04:00:00,,544.909
2014-06-13 05:00:00,,544.911
2014-06-13 06:00:00,,544.903
2014-06-13 07:00:00,,544.897
2014-06-13 08:00:00,,544.895
2014-06-13 09:00:00,,544.886
2014-06-13 10:00:00,,544.885
2014-06-13 11:00:00,,544.887
2014-06-13 12:00:00,,544.893
2014-06-13 13:00:00,,544.901
2014-06-13 14:00:00,,544.911
2014-06-13 15:00:00,,544.909
2014-06-13 16:00:00,,544.924
2014-06-13 17:00:00,,544.923
2014-06-13 18:00:00,,544.915
2014-06-13 19:00:00,,544.905
2014-06-13 20:00:00,,544.902
2014-06-13 21:00:00,,544.885
2014-06-13 22:00:00,,544.882
2014-06-13 23:00:00,,544.892
2014-06-14 00:00:00,,544.885
2014-06-14 01:00:00,,544.881
2014-06-14 02:00:00,,544.885
2014-06-14 03:00:00,,544.888
2014-06-14 04:00:00,,544.901
2014-06-14 05:00:00,,544.897
2014-06-14 06:00:00,,544.904
2014-06-14 07:00:00,,544.89
2014-06-14 08:00:00,,544.892
2014-06-14 09:00:00,,544.882
2014-06-14 10:00:00,,544.88
2014-06-14 11:00:00,,544.888
2014-06-14 12:00:00,,544.894
2014-06-14 13:00:00,,544.908
2014-06-14 14:00:00,,544.91
2014-06-14 15:00:00,,544.92
2014-06-14 16:00:00,,544.925
2014-06-14 17:00:00,,544.924
2014-06-14 18:00:00,,544.92
2014-06-14 19:00:00,,544.902
2014-06-14 20:00:00,,544.898
2014-06-14 21:00:00,,544.893
2014-06-14 22:00:00,,544.882
2014-06-14 23:00:00,,544.881
2014-06-15 00:00:00,,544.881
2014-06-15 01:00:00,,544.884
2014-06-15 02:00:00,,544.887
2014-06-15 03:00:00,,544.893
2014-06-15 04:00:00,,544.899
2014-06-15 05:00:00,,544.909
2014-06-15 06:00:00,,544.909
2014-06-15 07:00:00,,544.908
2014-06-15 08:00:00,,544.903
2014-06-15 09:00:00,,544.896
2014-06-15 10:00:00,,544.885
2014-06-15 11:00:00,,544.895
2014-06-15 12:00:00,,544.903
2014-06-15 13:00:00,,544.905
2014-06-15 14:00:00,,544.911
2014-06-15 15:00:00,,544.918
2014-06-15 16:00:00,,544.92
2014-06-15 17:00:00,,544.913
2014-06-15 18:00:00,,544.906
2014-06-15 19:00:00,,544.903
2014-06-15 20:00:00,,544.908
2014-06-15 21:00:00,,544.901
2014-06-15 22:00:00,,544.899
2014-06-15 23:00:00,,544.89
2014-06-16 00:00:00,,544.895
2014-06-16 01:00:00,,544.887
2014-06-16 02:00:00,,544.897
2014-06-16 03:00:00,,544.895
2014-06-16 04:00:00,,544.896
2014-06-16 05:00:00,,544.9
2014-06-16 06:00:00,,544.9
2014-06-16 07:00:00,,544.899
2014-06-16 08:00:00,,544.889
2014-06-16 09:00:00,,544.89
2014-06-16 10:00:00,,544.893
2014-06-16 11:00:00,,544.892
2014-06-16 12:00:00,,544.895
2014-06-16 13:00:00,,544.904
2014-06-16 14:00:00,,544.905
2014-06-16 15:00:00,,544.914
2014-06-16 16:00:00,,544.923
2014-06-16 17:00:00,,544.912
2014-06-16 18:00:00,,544.912
2014-06-16 19:00:00,,544.91
2014-06-16 20:00:00,,544.907
2014-06-16 21:00:00,,544.89
2014-06-16 22:00:00,,544.893
2014-06-16 23:00:00,,544.891
2014-06-17 00:00:00,,544.885
2014-06-17 01:00:00,,544.898
2014-06-17 02:00:00,,544.901
2014-06-17 03:00:00,,544.9
2014-06-17 04:00:00,,544.898
2014-06-17 05:00:00,,544.899
2014-06-17 06:00:00,,544.908
2014-06-17 07:00:00,,544.904
2014-06-17 08:00:00,,544.903
2014-06-17 09:00:00,,544.897
2014-06-17 10:00:00,,544.888
2014-06-17 11:00:00,,544.891
2014-06-17 12:00:00,,544.898
2014-06-17 13:00:00,,544.915
2014-06-17 14:00:00,,544.911
2014-06-17 15:00:00,,544.921
2014-06-17 16:00:00,,544.92
2014-06-17 17:00:00,,544.922
2014-06-17 18:00:00,,544.92
2014-06-17 19:00:00,,544.92
2014-06-17 20:00:00,,544.908
2014-06-17 21:00:00,,544.908
2014-06-17 22:00:00,,544.906
2014-06-17 23:00:00,,544.904
2014-06-18 00:00:00,,544.897
2014-06-18 01:00:00,,544.905
2014-06-18 02:00:00,,544.909
2014-06-18 03:00:00,,544.908
2014-06-18 04:00:00,,544.906
2014-06-18 05:00:00,,544.916
2014-06-18 06:00:00,,544.913
2014-06-18 07:00:00,,544.906
2014-06-18 08:00:00,,544.902
2014-06-18 09:00:00,,544.903
2014-06-18 10:00:00,,544.911
2014-06-18 11:00:00,,544.907
2014-06-18 12:00:00,,544.917
2014-06-18 13:00:00,,544.926
2014-06-18 14:00:00,,544.932
2014-06-18 15:00:00,,544.934
2014-06-18 16:00:00,,544.935
2014-06-18 17:00:00,,544.928
2014-06-18 18:00:00,,544.921
2014-06-18 19:00:00,,544.916
2014-06-18 20:00:00,,544.92
2014-06-18 21:00:00,,544.917
2014-06-18 22:00:00,,544.914
2014-06-18 23:00:00,,544.91
2014-06-19 00:00:00,,544.917
2014-06-19 01:00:00,,544.915
2014-06-19 02:00:00,,544.916
2014-06-19 03:00:00,,544.917
2014-06-19 04:00:00,,544.916
2014-06-19 05:00:00,,544.916
2014-06-19 06:00:00,,544.916
2014-06-19 07:00:00,,544.921
2014-06-19 08:00:00,,544.914
2014-06-19 09:00:00,,544.909
2014-06-19 10:00:00,,544.914
2014-06-19 11:00:00,,544.916
2014-06-19 12:00:00,,544.921
2014-06-19 13:00:00,,544.931
2014-06-19 14:00:00,,544.927
2014-06-19 15:00:00,,544.941
2014-06-19 16:00:00,,544.933
2014-06-19 17:00:00,,544.938
2014-06-19 18:00:00,,544.936
2014-06-19 19:00:00,,544.931
2014-06-19 20:00:00,,544.921
2014-06-19 21:00:00,,544.917
2014-06-19 22:00:00,,544.919
2014-06-19 23:00:00,,544.907
2014-06-20 00:00:00,,544.906
2014-06-20 01:00:00,,544.914
2014-06-20 02:00:00,,544.91
2014-06-20 03:00:00,,544.908
2014-06-20 04:00:00,,544.915
2014-06-20 05:00:00,,544.914
2014-06-20 06:00:00,,544.916
2014-06-20 07:00:00,,544.902
2014-06-20 08:00:00,,544.904
2014-06-20 09:00:00,,544.906
2014-06-20 10:00:00,,544.901
2014-06-20 11:00:00,,544.9
2014-06-20 12:00:00,,544.912
2014-06-20 13:00:00,,544.92
2014-06-20 14:00:00,,544.931
2014-06-20 15:00:00,,544.927
2014-06-20 16:00:00,,544.927
2014-06-20 17:00:00,,544.926
2014-06-20 18:00:00,,544.916
2014-06-20 19:00:00,,544.924
2014-06-20 20:00:00,,544.907
2014-06-20 21:00:00,,544.915
2014-06-20 22:00:00,,544.902
2014-06-20 23:00:00,,544.911
2014-06-21 00:00:00,,544.913
2014-06-21 01:00:00,,544.913
2014-06-21 02:00:00,,544.909
2014-06-21 03:00:00,,544.923
2014-06-21 04:00:00,,544.917
2014-06-21 05:00:00,,544.911
2014-06-21 06:00:00,,544.915
2014-06-21 07:00:00,,544.906
2014-06-21 08:00:00,,544.907
2014-06-21 09:00:00,,544.896
2014-06-21 10:00:00,,544.896
2014-06-21 11:00:00,,544.902
2014-06-21 12:00:00,,544.902
2014-06-21 13:00:00,,544.917
2014-06-21 14:00:00,,544.922
2014-06-21 15:00:00,,544.927
2014-06-21 16:00:00,,544.93
2014-06-21 17:00:00,,544.927
2014-06-21 18:00:00,,544.923
2014-06-21 19:00:00,,544.919
2014-06-21 20:00:00,,544.913
2014-06-21 21:00:00,,544.912
2014-06-21 22:00:00,,544.909
2014-06-21 23:00:00,,544.912
2014-06-22 00:00:00,,544.908
2014-06-22 01:00:00,,544.919
2014-06-22 02:00:00,,544.914
2014-06-22 03:00:00,,544.922
2014-06-22 04:00:00,,544.91
2014-06-22 05:00:00,,544.913
2014-06-22 06:00:00,,544.91
2014-06-22 07:00:00,,544.915
2014-06-22 08:00:00,,544.904
2014-06-22 09:00:00,,544.905
2014-06-22 10:00:00,,544.9
2014-06-22 11:00:00,,544.9
2014-06-22 12:00:00,,544.909
2014-06-22 13:00:00,,544.925
2014-06-22 14:00:00,,544.933
2014-06-22 15:00:00,,544.942
2014-06-22 16:00:00,,544.944
2014-06-22 17:00:00,,544.932
2014-06-22 18:00:00,,544.935
2014-06-22 19:00:00,,544.933
2014-06-22 20:00:00,,544.919
2014-06-22 21:00:00,,544.921
2014-06-22 22:00:00,,544.92
2014-06-22 23:00:00,,544.911
2014-06-23 00:00:00,,544.922
2014-06-23 01:00:00,,544.929
2014-06-23 02:00:00,,544.93
2014-06-23 03:00:00,,544.93
2014-06-23 04:00:00,,544.918
2014-06-23 05:00:00,,544.926
2014-06-23 06:00:00,,544.921
2014-06-23 07:00:00,,544.916
2014-06-23 08:00:00,,544.911
2014-06-23 09:00:00,,544.909
2014-06-23 10:00:00,,544.912
2014-06-23 11:00:00,,544.913
2014-06-23 12:00:00,,544.914
2014-06-23 13:00:00,,544.929
2014-06-23 14:00:00,,544.936
2014-06-23 15:00:00,,544.941
2014-06-23 16:00:00,,544.939
2014-06-23 17:00:00,,544.928
2014-06-23 18:00:00,,544.925
2014-06-23 19:00:00,,544.916
2014-06-23 20:00:00,,544.906
2014-06-23 21:00:00,,544.91
2014-06-23 22:00:00,,544.903
2014-06-23 23:00:00,,544.895
2014-06-24 00:00:00,,544.905
2014-06-24 01:00:00,,544.905
2014-06-24 02:00:00,,544.907
2014-06-24 03:00:00,,544.912
2014-06-24 04:00:00,,544.916
2014-06-24 05:00:00,,544.902
2014-06-24 06:00:00,,544.9
2014-06-24 07:00:00,,544.893
2014-06-24 08:00:00,,544.896
2014-06-24 09:00:00,,544.893
2014-06-24 10:00:00,,544.886
2014-06-24 11:00:00,,544.898
2014-06-24 12:00:00,,544.901
2014-06-24 13:00:00,,544.903
2014-06-24 14:00:00,,544.918
2014-06-24 15:00:00,,544.92
2014-06-24 16:00:00,,544.919
2014-06-24 17:00:00,,544.923
2014-06-24 18:00:00,,544.922
2014-06-24 19:00:00,,544.913
2014-06-24 20:00:00,,544.911
2014-06-24 21:00:00,,544.902
2014-06-24 22:00:00,,544.904
2014-06-24 23:00:00,,544.899
2014-06-25 00:00:00,,544.908
2014-06-25 01:00:00,,544.909
2014-06-25 02:00:00,,544.915
2014-06-25 03:00:00,,544.907
2014-06-25 04:00:00,,544.915
2014-06-25 05:00:00,,544.911
2014-06-25 06:00:00,,544.917
2014-06-25 07:00:00,,544.906
2014-06-25 08:00:00,,544.906
2014-06-25 09:00:00,,544.9
2014-06-25 10:00:00,,544.89
2014-06-25 11:00:00,,544.896
2014-06-25 12:00:00,,544.901
2014-06-25 13:00:00,,544.904
2014-06-25 14:00:00,,544.911
2014-06-25 15:00:00,,544.923
2014-06-25 16:00:00,,544.921
2014-06-25 17:00:00,,544.92
2014-06-25 18:00:00,,544.923
2014-06-25 19:00:00,,544.917
2014-06-25 20:00:00,,544.911
2014-06-25 21:00:00,,544.912
2014-06-25 22:00:00,,544.908
2014-06-25 23:00:00,,544.895
2014-06-26 00:00:00,,544.909
2014-06-26 01:00:00,,544.905
2014-06-26 02:00:00,,544.905
2014-06-26 03:00:00,,544.915
2014-06-26 04:00:00,,544.916
2014-06-26 05:00:00,,544.913
2014-06-26 06:00:00,,544.907
2014-06-26 07:00:00,,544.904
2014-06-26 08:00:00,,544.9
2014-06-26 09:00:00,,544.896
2014-06-26 10:00:00,,544.902
2014-06-26 11:00:00,,544.898
2014-06-26 12:00:00,,544.905
2014-06-26 13:00:00,,544.923
2014-06-26 14:00:00,,544.932
2014-06-26 15:00:00,,544.939
2014-06-26 16:00:00,,544.94
2014-06-26 17:00:00,,544.939
2014-06-26 18:00:00,,544.945
2014-06-26 19:00:00,,544.927
2014-06-26 20:00:00,,544.926
2014-06-26 21:00:00,,544.921
2014-06-26 22:00:00,,544.919
2014-06-26 23:00:00,,544.92
2014-06-27 00:00:00,,544.918
2014-06-27 01:00:00,,544.921
2014-06-27 02:00:00,,544.931
2014-06-27 03:00:00,,544.933
2014-06-27 04:00:00,,544.927
2014-06-27 05:00:00,,544.933
2014-06-27 06:00:00,,544.929
2014-06-27 07:00:00,,544.921
2014-06-27 08:00:00,,544.924
2014-06-27 09:00:00,,544.922
2014-06-27 10:00:00,,544.91
2014-06-27 11:00:00,,544.913
2014-06-27 12:00:00,,544.926
2014-06-27 13:00:00,,544.937
2014-06-27 14:00:00,,544.949
2014-06-27 15:00:00,,544.951
2014-06-27 16:00:00,,544.962
2014-06-27 17:00:00,,544.959
2014-06-27 18:00:00,,544.947
2014-06-27 19:00:00,,544.951
2014-06-27 20:00:00,,544.936
2014-06-27 21:00:00,,544.929
2014-06-27 22:00:00,,544.924
2014-06-27 23:00:00,,544.924
2014-06-28 00:00:00,,544.916
2014-06-28 01:00:00,,544.924
2014-06-28 02:00:00,,544.928
2014-06-28 03:00:00,,544.923
2014-06-28 04:00:00,,544.922
2014-06-28 05:00:00,,544.92
2014-06-28 06:00:00,,544.92
2014-06-28 07:00:00,,544.911
2014-06-28 08:00:00,,544.905
2014-06-28 09:00:00,,544.901
2014-06-28 10:00:00,,544.898
2014-06-28 11:00:00,,544.9
2014-06-28 12:00:00,,544.911
2014-06-28 13:00:00,,544.921
2014-06-28 14:00:00,,544.932
2014-06-28 15:00:00,,544.929
2014-06-28 16:00:00,,544.93
2014-06-28 17:00:00,,544.923
2014-06-28 18:00:00,,544.924
2014-06-28 19:00:00,,544.92
2014-06-28 20:00:00,,544.912
2014-06-28 21:00:00,,544.909
2014-06-28 22:00:00,,544.905
2014-06-28 23:00:00,,544.9
2014-06-29 00:00:00,,544.906
2014-06-29 01:00:00,,544.904
2014-06-29 02:00:00,,544.905
2014-06-29 03:00:00,,544.915
2014-06-29 04:00:00,,544.921
2014-06-29 05:00:00,,544.915
2014-06-29 06:00:00,,544.908
2014-06-29 07:00:00,,544.915
2014-06-29 08:00:00,,544.904
2014-06-29 09:00:00,,544.9
2014-06-29 10:00:00,,544.895
2014-06-29 11:00:00,,544.897
2014-06-29 12:00:00,,544.908
2014-06-29 13:00:00,,544.906
2014-06-29 14:00:00,,544.918
2014-06-29 15:00:00,,544.925
2014-06-29 16:00:00,,544.924
2014-06-29 17:00:00,,544.917
2014-06-29 18:00:00,,544.92
2014-06-29 19:00:00,,544.914
2014-06-29 20:00:00,,544.909
2014-06-29 21:00:00,,544.91
2014-06-29 22:00:00,,544.906
2014-06-29 23:00:00,,544.899
2014-06-30 00:00:00,,544.898
2014-06-30 01:00:00,,544.9
2014-06-30 02:00:00,,544.901
2014-06-30 03:00:00,,544.912
2014-06-30 04:00:00,,544.908
2014-06-30 05:00:00,,544.903
2014-06-30 06:00:00,,544.906
2014-06-30 07:00:00,,544.904
2014-06-30 08:00:00,,544.894
2014-06-30 09:00:00,,544.902
2014-06-30 10:00:00,,544.892
2014-06-30 11:00:00,,544.895
2014-06-30 12:00:00,,544.905
2014-06-30 13:00:00,,544.913
2014-06-30 14:00:00,,544.92
2014-06-30 15:00:00,,544.916
2014-06-30 16:00:00,,544.919
2014-06-30 17:00:00,,544.92
2014-06-30 18:00:00,,544.915
2014-06-30 19:00:00,,544.911
2014-06-30 20:00:00,,544.907
2014-06-30 21:00:00,,544.901
2014-06-30 22:00:00,,544.906
2014-06-30 23:00:00,,544.899
2014-07-01 00:00:00,,544.903
2014-07-01 01:00:00,,544.902
2014-07-01 02:00:00,,544.913
2014-07-01 03:00:00,,544.915
2014-07-01 04:00:00,,544.907
2014-07-01 05:00:00,,544.911
2014-07-01 06:00:00,,544.913
2014-07-01 07:00:00,,544.907
2014-07-01 08:00:00,,544.895
2014-07-01 09:00:00,,544.898
2014-07-01 10:00:00,,544.891
2014-07-01 11:00:00,,544.888
2014-07-01 12:00:00,,544.902
2014-07-01 13:00:00,,544.916
2014-07-01 14:00:00,,544.918
2014-07-01 15:00:00,,544.921
2014-07-01 16:00:00,,544.925
2014-07-01 17:00:00,,544.92
2014-07-01 18:00:00,,544.924
2014-07-01 19:00:00,,544.918
2014-07-01 20:00:00,,544.92
2014-07-01 21:00:00,,544.91
2014-07-01 22:00:00,,544.902
2014-07-01 23:00:00,,544.913
2014-07-02 00:00:00,,544.903
2014-07-02 01:00:00,,544.912
2014-07-02 02:00:00,,544.918
2014-07-02 03:00:00,,544.916
2014-07-02 04:00:00,,544.916
2014-07-02 05:00:00,,544.915
2014-07-02 06:00:00,,544.916
2014-07-02 07:00:00,,544.917
2014-07-02 08:00:00,,544.908
2014-07-02 09:00:00,,544.909
2014-07-02 10:00:00,,544.906
2014-07-02 11:00:00,,544.921
2014-07-02 12:00:00,,544.927
2014-07-02 13:00:00,,544.931
2014-07-02 14:00:00,,544.937
2014-07-02 15:00:00,,544.937
2014-07-02 16:00:00,,544.95
2014-07-02 17:00:00,,544.943
2014-07-02 18:00:00,,544.935
2014-07-02 19:00:00,,544.935
2014-07-02 20:00:00,,544.933
2014-07-02 21:00:00,,544.932
2014-07-02 22:00:00,,544.917
2014-07-02 23:00:00,,544.927
2014-07-03 00:00:00,,544.924
2014-07-03 01:00:00,,544.92
2014-07-03 02:00:00,,544.921
2014-07-03 03:00:00,,544.924
2014-07-03 04:00:00,,544.926
2014-07-03 05:00:00,,544.93
2014-07-03 06:00:00,,544.929
2014-07-03 07:00:00,,544.931
2014-07-03 08:00:00,,544.933
2014-07-03 09:00:00,,544.918
2014-07-03 10:00:00,,544.924
2014-07-03 11:00:00,,544.922
2014-07-03 12:00:00,,544.935
2014-07-03 13:00:00,,544.94
2014-07-03 14:00:00,,544.952
2014-07-03 15:00:00,,544.949
2014-07-03 16:00:00,,544.947
2014-07-03 17:00:00,,544.944
2014-07-03 18:00:00,,544.938
2014-07-03 19:00:00,,544.937
2014-07-03 20:00:00,,544.931
2014-07-03 21:00:00,,544.928
2014-07-03 22:00:00,,544.924
2014-07-03 23:00:00,,544.923
2014-07-04 00:00:00,,544.918
2014-07-04 01:00:00,,544.923
2014-07-04 02:00:00,,544.923
2014-07-04 03:00:00,,544.924
2014-07-04 04:00:00,,544.923
2014-07-04 05:00:00,,544.931
2014-07-04 06:00:00,,544.929
2014-07-04 07:00:00,,544.914
2014-07-04 08:00:00,,544.92
2014-07-04 09:00:00,,544.912
2014-07-04 10:00:00,,544.903
2014-07-04 11:00:00,,544.911
2014-07-04 12:00:00,,544.921
2014-07-04 13:00:00,,544.917
2014-07-04 14:00:00,,544.928
2014-07-04 15:00:00,,544.93
2014-07-04 16:00:00,,544.935
2014-07-04 17:00:00,,544.94
2014-07-04 18:00:00,,544.935
2014-07-04 19:00:00,,544.929
2014-07-04 20:00:00,,544.916
2014-07-04 21:00:00,,544.907
2014-07-04 22:00:00,,544.904
2014-07-04 23:00:00,,544.91
2014-07-05 00:00:00,,544.914
2014-07-05 01:00:00,,544.915
2014-07-05 02:00:00,,544.916
2014-07-05 03:00:00,,544.909
2014-07-05 04:00:00,,544.915
2014-07-05 05:00:00,,544.919
2014-07-05 06:00:00,,544.916
2014-07-05 07:00:00,,544.905
2014-07-05 08:00:00,,544.902
2014-07-05 09:00:00,,544.9
2014-07-05 10:00:00,,544.893
2014-07-05 11:00:00,,544.902
2014-07-05 12:00:00,,544.906
2014-07-05 13:00:00,,544.921
2014-07-05 14:00:00,,544.924
2014-07-05 15:00:00,,544.935
2014-07-05 16:00:00,,544.938
2014-07-05 17:00:00,,544.928
2014-07-05 18:00:00,,544.935
2014-07-05 19:00:00,,544.924
2014-07-05 20:00:00,,544.913
2014-07-05 21:00:00,,544.921
2014-07-05 22:00:00,,544.915
2014-07-05 23:00:00,,544.914
2014-07-06 00:00:00,,544.92
2014-07-06 01:00:00,,544.922
2014-07-06 02:00:00,,544.916
2014-07-06 03:00:00,,544.922
2014-07-06 04:00:00,,544.922
2014-07-06 05:00:00,,544.917
2014-07-06 06:00:00,,544.918
2014-07-06 07:00:00,,544.924
2014-07-06 08:00:00,,544.918
2014-07-06 09:00:00,,544.907
2014-07-06 10:00:00,,544.902
2014-07-06 11:00:00,,544.906
2014-07-06 12:00:00,,544.908
2014-07-06 13:00:00,,544.927
2014-07-06 14:00:00,,544.933
2014-07-06 15:00:00,,544.947
2014-07-06 16:00:00,,544.949
2014-07-06 17:00:00,,544.948
2014-07-06 18:00:00,,544.939
2014-07-06 19:00:00,,544.94
2014-07-06 20:00:00,,544.935
2014-07-06 21:00:00,,544.931
2014-07-06 22:00:00,,544.922
2014-07-06 23:00:00,,544.936
2014-07-07 00:00:00,,544.923
2014-07-07 01:00:00,,544.93
2014-07-07 02:00:00,,544.931
2014-07-07 03:00:00,,544.93
2014-07-07 04:00:00,,544.929
2014-07-07 05:00:00,,544.93
2014-07-07 06:00:00,,544.925
2014-07-07 07:00:00,,544.924
2014-07-07 08:00:00,,544.922
2014-07-07 09:00:00,,544.926
2014-07-07 10:00:00,,544.923
2014-07-07 11:00:00,,544.921
2014-07-07 12:00:00,,544.935
2014-07-07 13:00:00,,544.939
2014-07-07 14:00:00,,544.952
2014-07-07 15:00:00,,544.959
2014-07-07 16:00:00,,544.954
2014-07-07 17:00:00,,544.958
2014-07-07 18:00:00,,544.947
2014-07-07 19:00:00,,544.952
2014-07-07 20:00:00,,544.94
2014-07-07 21:00:00,,544.933
2014-07-07 22:00:00,,544.936
2014-07-07 23:00:00,,544.937
2014-07-08 00:00:00,,544.933
2014-07-08 01:00:00,,544.942
2014-07-08 02:00:00,,544.937
2014-07-08 03:00:00,,544.937
2014-07-08 04:00:00,,544.937
2014-07-08 05:00:00,,544.941
2014-07-08 06:00:00,,544.944
2014-07-08 07:00:00,,544.938
2014-07-08 08:00:00,,544.934
2014-07-08 09:00:00,,544.929
2014-07-08 10:00:00,,544.927
2014-07-08 11:00:00,,544.928
2014-07-08 12:00:00,,544.944
2014-07-08 13:00:00,,544.944
2014-07-08 14:00:00,,544.953
2014-07-08 15:00:00,,544.962
2014-07-08 16:00:00,,544.959
2014-07-08 17:00:00,,544.958
2014-07-08 18:00:00,,544.954
2014-07-08 19:00:00,,544.947
2014-07-08 20:00:00,,544.94
2014-07-08 21:00:00,,544.934
2014-07-08 22:00:00,,544.923
2014-07-08 23:00:00,,544.928
2014-07-09 00:00:00,,544.931
2014-07-09 01:00:00,,544.928
2014-07-09 02:00:00,,544.938
2014-07-09 03:00:00,,544.933
2014-07-09 04:00:00,,544.932
2014-07-09 05:00:00,,544.928
2014-07-09 06:00:00,,544.924
2014-07-09 07:00:00,,544.916
2014-07-09 08:00:00,,544.909
2014-07-09 09:00:00,,544.905
2014-07-09 10:00:00,,544.895
2014-07-09 11:00:00,,544.905
2014-07-09 12:00:00,,544.904
2014-07-09 13:00:00,,544.922
2014-07-09 14:00:00,,544.931
2014-07-09 15:00:00,,544.935
2014-07-09 16:00:00,,544.932
2014-07-09 17:00:00,,544.935
2014-07-09 18:00:00,,544.933
2014-07-09 19:00:00,,544.923
2014-07-09 20:00:00,,544.911
2014-07-09 21:00:00,,544.913
2014-07-09 22:00:00,,544.905
2014-07-09 23:00:00,,544.906
2014-07-10 00:00:00,,544.909
2014-07-10 01:00:00,,544.911
2014-07-10 02:00:00,,544.912
2014-07-10 03:00:00,,544.915
2014-07-10 04:00:00,,544.922
2014-07-10 05:00:00,,544.915
2014-07-10 06:00:00,,544.904
2014-07-10 07:00:00,,544.906
2014-07-10 08:00:00,,544.906
2014-07-10 09:00:00,,544.89
2014-07-10 10:00:00,,544.892
2014-07-10 11:00:00,,544.895
2014-07-10 12:00:00,,544.903
2014-07-10 13:00:00,,544.915
2014-07-10 14:00:00,,544.923
2014-07-10 15:00:00,,544.935
2014-07-10 16:00:00,,544.931
2014-07-10 17:00:00,,544.933
2014-07-10 18:00:00,,544.929
2014-07-10 19:00:00,,544.923
2014-07-10 20:00:00,,544.916
2014-07-10 21:00:00,,544.918
2014-07-10 22:00:00,,544.915
2014-07-10 23:00:00,,544.907
2014-07-11 00:00:00,,544.909
2014-07-11 01:00:00,,544.906
2014-07-11 02:00:00,,544.908
2014-07-11 03:00:00,,544.912
2014-07-11 04:00:00,,544.912
2014-07-11 05:00:00,,544.923
2014-07-11 06:00:00,,544.922
2014-07-11 07:00:00,,544.908
2014-07-11 08:00:00,,544.912
2014-07-11 09:00:00,,544.902
2014-07-11 10:00:00,,544.896
2014-07-11 11:00:00,,544.912
2014-07-11 12:00:00,,544.92
2014-07-11 13:00:00,,544.924
2014-07-11 14:00:00,,544.929
2014-07-11 15:00:00,,544.935
2014-07-11 16:00:00,,544.943
2014-07-11 17:00:00,,544.94
2014-07-11 18:00:00,,544.936
2014-07-11 19:00:00,,544.934
2014-07-11 20:00:00,,544.918
2014-07-11 21:00:00,,544.914
2014-07-11 22:00:00,,544.904
2014-07-11 23:00:00,,544.912
2014-07-12 00:00:00,,544.904
2014-07-12 01:00:00,,544.914
2014-07-12 02:00:00,,544.909
2014-07-12 03:00:00,,544.91
2014-07-12 04:00:00,,544.912
2014-07-12 05:00:00,,544.909
2014-07-12 06:00:00,,544.904
2014-07-12 07:00:00,,544.912
2014-07-12 08:00:00,,544.905
2014-07-12 09:00:00,,544.894
2014-07-12 10:00:00,,544.892
2014-07-12 11:00:00,,544.894
2014-07-12 12:00:00,,544.911
2014-07-12 13:00:00,,544.914
2014-07-12 14:00:00,,544.936
2014-07-12 15:00:00,,544.946
2014-07-12 16:00:00,,544.939
2014-07-12 17:00:00,,544.941
2014-07-12 18:00:00,,544.941
2014-07-12 19:00:00,,544.937
2014-07-12 20:00:00,,544.925
2014-07-12 21:00:00,,544.916
2014-07-12 22:00:00,,544.916
2014-07-12 23:00:00,,544.919
2014-07-13 00:00:00,,544.902
2014-07-13 01:00:00,,544.907
2014-07-13 02:00:00,,544.901
2014-07-13 03:00:00,,544.905
2014-07-13 04:00:00,,544.923
2014-07-13 05:00:00,,544.921
2014-07-13 06:00:00,,544.921
2014-07-13 07:00:00,,544.916
2014-07-13 08:00:00,,544.917
2014-07-13 09:00:00,,544.913
2014-07-13 10:00:00,,544.91
2014-07-13 11:00:00,,544.911
2014-07-13 12:00:00,,544.912
2014-07-13 13:00:00,,544.923
2014-07-13 14:00:00,,544.927
2014-07-13 15:00:00,,544.927
2014-07-13 16:00:00,,544.94
2014-07-13 17:00:00,,544.938
2014-07-13 18:00:00,,544.924
2014-07-13 19:00:00,,544.927
2014-07-13 20:00:00,,544.904
2014-07-13 21:00:00,,544.904
2014-07-13 22:00:00,,544.918
2014-07-13 23:00:00,,544.921
2014-07-14 00:00:00,,544.915
2014-07-14 01:00:00,,544.92
2014-07-14 02:00:00,,544.922
2014-07-14 03:00:00,,544.925
2014-07-14 04:00:00,,544.926
2014-07-14 05:00:00,,544.928
2014-07-14 06:00:00,,544.928
2014-07-14 07:00:00,,544.93
2014-07-14 08:00:00,,544.928
2014-07-14 09:00:00,,544.926
2014-07-14 10:00:00,,544.92
2014-07-14 11:00:00,,544.931
2014-07-14 12:00:00,,544.932
2014-07-14 13:00:00,,544.946
2014-07-14 14:00:00,,544.945
2014-07-14 15:00:00,,544.952
2014-07-14 16:00:00,,544.951
2014-07-14 17:00:00,,544.951
2014-07-14 18:00:00,,544.953
2014-07-14 19:00:00,,544.945
2014-07-14 20:00:00,,544.94
2014-07-14 21:00:00,,544.941
2014-07-14 22:00:00,,544.938
2014-07-14 23:00:00,,544.925
2014-07-15 00:00:00,,544.938
2014-07-15 01:00:00,,544.933
2014-07-15 02:00:00,,544.938
2014-07-15 03:00:00,,544.943
2014-07-15 04:00:00,,544.941
2014-07-15 05:00:00,,544.945
2014-07-15 06:00:00,,544.94
2014-07-15 07:00:00,,544.932
2014-07-15 08:00:00,,544.922
2014-07-15 09:00:00,,544.923
2014-07-15 10:00:00,,544.922
2014-07-15 11:00:00,,544.914
2014-07-15 12:00:00,,544.925
2014-07-15 13:00:00,,544.932
2014-07-15 14:00:00,,544.935
2014-07-15 15:00:00,,544.939
2014-07-15 16:00:00,,544.947
2014-07-15 17:00:00,,544.946
2014-07-15 18:00:00,,544.941
2014-07-15 19:00:00,,544.937
2014-07-15 20:00:00,,544.927
2014-07-15 21:00:00,,544.923
2014-07-15 22:00:00,,544.925
2014-07-15 23:00:00,,544.921
2014-07-16 00:00:00,,544.909
2014-07-16 01:00:00,,544.91
2014-07-16 02:00:00,,544.919
2014-07-16 03:00:00,,544.923
2014-07-16 04:00:00,,544.919
2014-07-16 05:00:00,,544.918
2014-07-16 06:00:00,,544.914
2014-07-16 07:00:00,,544.918
2014-07-16 08:00:00,,544.914
2014-07-16 09:00:00,,544.91
2014-07-16 10:00:00,,544.901
2014-07-16 11:00:00,,544.91
2014-07-16 12:00:00,,544.914
2014-07-16 13:00:00,,544.921
2014-07-16 14:00:00,,544.922
2014-07-16 15:00:00,,544.934
2014-07-16 16:00:00,,544.936
2014-07-16 17:00:00,,544.934
2014-07-16 18:00:00,,544.932
2014-07-16 19:00:00,,544.927
2014-07-16 20:00:00,,544.923
2014-07-16 21:00:00,,544.921
2014-07-16 22:00:00,,544.924
2014-07-16 23:00:00,,544.921
2014-07-17 00:00:00,,544.915
2014-07-17 01:00:00,,544.908
2014-07-17 02:00:00,,544.914
2014-07-17 03:00:00,,544.906
2014-07-17 04:00:00,,544.916
2014-07-17 05:00:00,,544.911
2014-07-17 06:00:00,,544.904
2014-07-17 07:00:00,,544.908
2014-07-17 08:00:00,,544.905
2014-07-17 09:00:00,,544.904
2014-07-17 10:00:00,,544.907
2014-07-17 11:00:00,,544.904
2014-07-17 12:00:00,,544.915
2014-07-17 13:00:00,,544.917
2014-07-17 14:00:00,,544.932
2014-07-17 15:00:00,,544.936
2014-07-17 16:00:00,,544.933
2014-07-17 17:00:00,,544.937
2014-07-17 18:00:00,,544.928
2014-07-17 19:00:00,,544.931
2014-07-17 20:00:00,,544.919
2014-07-17 21:00:00,,544.916
2014-07-17 22:00:00,,544.917
2014-07-17 23:00:00,,544.913
2014-07-18 00:00:00,,544.915
2014-07-18 01:00:00,,544.917
2014-07-18 02:00:00,,544.919
2014-07-18 03:00:00,,544.918
2014-07-18 04:00:00,,544.912
2014-07-18 05:00:00,,544.917
2014-07-18 06:00:00,,544.914
2014-07-18 07:00:00,,544.91
2014-07-18 08:00:00,,544.902
2014-07-18 09:00:00,,544.914
2014-07-18 10:00:00,,544.899
2014-07-18 11:00:00,,544.907
2014-07-18 12:00:00,,544.92
2014-07-18 13:00:00,,544.92
2014-07-18 14:00:00,,544.928
2014-07-18 15:00:00,,544.934
2014-07-18 16:00:00,,544.938
2014-07-18 17:00:00,,544.938
2014-07-18 18:00:00,,544.933
2014-07-18 19:00:00,,544.928
2014-07-18 20:00:00,,544.919
2014-07-18 21:00:00,,544.926
2014-07-18 22:00:00,,544.921
2014-07-18 23:00:00,,544.919
2014-07-19 00:00:00,,544.918
2014-07-19 01:00:00,,544.909
2014-07-19 02:00:00,,544.917
2014-07-19 03:00:00,,544.921
2014-07-19 04:00:00,,544.918
2014-07-19 05:00:00,,544.919
2014-07-19 06:00:00,,544.918
2014-07-19 07:00:00,,544.921
2014-07-19 08:00:00,,544.92
2014-07-19 09:00:00,,544.919
2014-07-19 10:00:00,,544.912
2014-07-19 11:00:00,,544.925
2014-07-19 12:00:00,,544.932
2014-07-19 13:00:00,,544.942
2014-07-19 14:00:00,,544.954
2014-07-19 15:00:00,,544.944
2014-07-19 16:00:00,,544.945
2014-07-19 17:00:00,,544.947
2014-07-19 18:00:00,,544.945
2014-07-19 19:00:00,,544.933
2014-07-19 20:00:00,,544.928
2014-07-19 21:00:00,,544.928
2014-07-19 22:00:00,,544.931
2014-07-19 23:00:00,,544.925
2014-07-20 00:00:00,,544.927
2014-07-20 01:00:00,,544.927
2014-07-20 02:00:00,,544.92
2014-07-20 03:00:00,,544.929
2014-07-20 04:00:00,,544.922
2014-07-20 05:00:00,,544.931
2014-07-20 06:00:00,,544.926
2014-07-20 07:00:00,,544.929
2014-07-20 08:00:00,,544.916
2014-07-20 09:00:00,,544.924
2014-07-20 10:00:00,,544.915
2014-07-20 11:00:00,,544.924
2014-07-20 12:00:00,,544.93
2014-07-20 13:00:00,,544.933
2014-07-20 14:00:00,,544.94
2014-07-20 15:00:00,,544.949
2014-07-20 16:00:00,,544.95
2014-07-20 17:00:00,,544.945
2014-07-20 18:00:00,,544.952
2014-07-20 19:00:00,,544.941
2014-07-20 20:00:00,,544.934
2014-07-20 21:00:00,,544.934
2014-07-20 22:00:00,,544.933
2014-07-20 23:00:00,,544.927
2014-07-21 00:00:00,,544.93
2014-07-21 01:00:00,,544.926
2014-07-21 02:00:00,,544.936
2014-07-21 03:00:00,,544.937
2014-07-21 04:00:00,,544.928
2014-07-21 05:00:00,,544.932
2014-07-21 06:00:00,,544.924
2014-07-21 07:00:00,,544.93
2014-07-21 08:00:00,,544.919
2014-07-21 09:00:00,,544.923
2014-07-21 10:00:00,,544.918
2014-07-21 11:00:00,,544.921
2014-07-21 12:00:00,,544.931
2014-07-21 13:00:00,,544.932
2014-07-21 14:00:00,,544.942
2014-07-21 15:00:00,,544.95
2014-07-21 16:00:00,,544.946
2014-07-21 17:00:00,,544.945
2014-07-21 18:00:00,,544.94
2014-07-21 19:00:00,,544.935
2014-07-21 20:00:00,,544.927
2014-07-21 21:00:00,,544.928
2014-07-21 22:00:00,,544.922
2014-07-21 23:00:00,,544.927
2014-07-22 00:00:00,,544.931
2014-07-22 01:00:00,,544.931
2014-07-22 02:00:00,,544.938
2014-07-22 03:00:00,,544.932
2014-07-22 04:00:00,,544.932
2014-07-22 05:00:00,,544.929
2014-07-22 06:00:00,,544.926
2014-07-22 07:00:00,,544.927
2014-07-22 08:00:00,,544.919
2014-07-22 09:00:00,,544.916
2014-07-22 10:00:00,,544.917
2014-07-22 11:00:00,,544.916
2014-07-22 12:00:00,,544.933
2014-07-22 13:00:00,,544.94
2014-07-22 14:00:00,,544.962
2014-07-22 15:00:00,,544.969
2014-07-22 16:00:00,,544.967
2014-07-22 17:00:00,,544.96
2014-07-22 18:00:00,,544.953
2014-07-22 19:00:00,,544.944
2014-07-22 20:00:00,,544.933
2014-07-22 21:00:00,,544.933
2014-07-22 22:00:00,,544.925
2014-07-22 23:00:00,,544.937
2014-07-23 00:00:00,,544.941
2014-07-23 01:00:00,,544.94
2014-07-23 02:00:00,,544.943
2014-07-23 03:00:00,,544.945
2014-07-23 04:00:00,,544.943
2014-07-23 05:00:00,,544.942
2014-07-23 06:00:00,,544.937
2014-07-23 07:00:00,,544.934
2014-07-23 08:00:00,,544.931
2014-07-23 09:00:00,,544.934
2014-07-23 10:00:00,,544.934
2014-07-23 11:00:00,,544.933
2014-07-23 12:00:00,,544.94
2014-07-23 13:00:00,,544.959
2014-07-23 14:00:00,,544.958
2014-07-23 15:00:00,,544.964
2014-07-23 16:00:00,,544.957
2014-07-23 17:00:00,,544.956
2014-07-23 18:00:00,,544.956
2014-07-23 19:00:00,,544.951
2014-07-23 20:00:00,,544.949
2014-07-23 21:00:00,,544.939
2014-07-23 22:00:00,,544.931
2014-07-23 23:00:00,,544.939
2014-07-24 00:00:00,,544.94
2014-07-24 01:00:00,,544.941
2014-07-24 02:00:00,,544.936
2014-07-24 03:00:00,,544.936
2014-07-24 04:00:00,,544.941
2014-07-24 05:00:00,,544.942
2014-07-24 06:00:00,,544.932
2014-07-24 07:00:00,,544.935
2014-07-24 08:00:00,,544.926
2014-07-24 09:00:00,,544.92
2014-07-24 10:00:00,,544.911
2014-07-24 11:00:00,,544.922
2014-07-24 12:00:00,,544.935
2014-07-24 13:00:00,,544.945
2014-07-24 14:00:00,,544.949
2014-07-24 15:00:00,,544.947
2014-07-24 16:00:00,,544.955
2014-07-24 17:00:00,,544.953
2014-07-24 18:00:00,,544.941
2014-07-24 19:00:00,,544.945
2014-07-24 20:00:00,,544.928
2014-07-24 21:00:00,,544.929
2014-07-24 22:00:00,,544.929
2014-07-24 23:00:00,,544.923
2014-07-25 00:00:00,,544.921
2014-07-25 01:00:00,,544.923
2014-07-25 02:00:00,,544.928
2014-07-25 03:00:00,,544.924
2014-07-25 04:00:00,,544.918
2014-07-25 05:00:00,,544.917
2014-07-25 06:00:00,,544.921
2014-07-25 07:00:00,,544.907
2014-07-25 08:00:00,,544.902
2014-07-25 09:00:00,,544.91
2014-07-25 10:00:00,,544.904
2014-07-25 11:00:00,,544.9
2014-07-25 12:00:00,,544.911
2014-07-25 13:00:00,,544.927
2014-07-25 14:00:00,,544.929
2014-07-25 15:00:00,,544.938
2014-07-25 16:00:00,,544.939
2014-07-25 17:00:00,,544.941
2014-07-25 18:00:00,,544.935
2014-07-25 19:00:00,,544.918
2014-07-25 20:00:00,,544.916
2014-07-25 21:00:00,,544.904
2014-07-25 22:00:00,,544.898
2014-07-25 23:00:00,,544.897
2014-07-26 00:00:00,,544.899
2014-07-26 01:00:00,,544.909
2014-07-26 02:00:00,,544.916
2014-07-26 03:00:00,,544.915
2014-07-26 04:00:00,,544.908
2014-07-26 05:00:00,,544.908
2014-07-26 06:00:00,,544.906
2014-07-26 07:00:00,,544.902
2014-07-26 08:00:00,,544.896
2014-07-26 09:00:00,,544.898
2014-07-26 10:00:00,,544.894
2014-07-26 11:00:00,,544.9
2014-07-26 12:00:00,,544.912
2014-07-26 13:00:00,,544.92
2014-07-26 14:00:00,,544.933
2014-07-26 15:00:00,,544.938
2014-07-26 16:00:00,,544.934
2014-07-26 17:00:00,,544.928
2014-07-26 18:00:00,,544.93
2014-07-26 19:00:00,,544.93
2014-07-26 20:00:00,,544.912
2014-07-26 21:00:00,,544.916
2014-07-26 22:00:00,,544.916
2014-07-26 23:00:00,,544.91
2014-07-27 00:00:00,,544.909
2014-07-27 01:00:00,,544.905
2014-07-27 02:00:00,,544.917
2014-07-27 03:00:00,,544.929
2014-07-27 04:00:00,,544.919
2014-07-27 05:00:00,,544.925
2014-07-27 06:00:00,,544.921
2014-07-27 07:00:00,,544.917
2014-07-27 08:00:00,,544.908
2014-07-27 09:00:00,,544.914
2014-07-27 10:00:00,,544.905
2014-07-27 11:00:00,,544.913
2014-07-27 12:00:00,,544.927
2014-07-27 13:00:00,,544.933
2014-07-27 14:00:00,,544.941
2014-07-27 15:00:00,,544.948
2014-07-27 16:00:00,,544.95
2014-07-27 17:00:00,,544.954
2014-07-27 18:00:00,,544.951
2014-07-27 19:00:00,,544.944
2014-07-27 20:00:00,,544.933
2014-07-27 21:00:00,,544.929
2014-07-27 22:00:00,,544.926
2014-07-27 23:00:00,,544.924
2014-07-28 00:00:00,,544.927
2014-07-28 01:00:00,,544.927
2014-07-28 02:00:00,,544.926
2014-07-28 03:00:00,,544.923
2014-07-28 04:00:00,,544.931
2014-07-28 05:00:00,,544.923
2014-07-28 06:00:00,,544.926
2014-07-28 07:00:00,,544.926
2014-07-28 08:00:00,,544.923
2014-07-28 09:00:00,,544.912
2014-07-28 10:00:00,,544.915
2014-07-28 11:00:00,,544.916
2014-07-28 12:00:00,,544.924
2014-07-28 13:00:00,,544.935
2014-07-28 14:00:00,,544.937
2014-07-28 15:00:00,,544.948
2014-07-28 16:00:00,,544.953
2014-07-28 17:00:00,,544.95
2014-07-28 18:00:00,,544.947
2014-07-28 19:00:00,,544.943
2014-07-28 20:00:00,,544.935
2014-07-28 21:00:00,,544.93
2014-07-28 22:00:00,,544.924
2014-07-28 23:00:00,,544.925
2014-07-29 00:00:00,,544.924
2014-07-29 01:00:00,,544.929
2014-07-29 02:00:00,,544.928
2014-07-29 03:00:00,,544.922
2014-07-29 04:00:00,,544.934
2014-07-29 05:00:00,,544.929
2014-07-29 06:00:00,,544.932
2014-07-29 07:00:00,,544.925
2014-07-29 08:00:00,,544.914
2014-07-29 09:00:00,,544.918
2014-07-29 10:00:00,,544.921
2014-07-29 11:00:00,,544.92
2014-07-29 12:00:00,,544.929
2014-07-29 13:00:00,,544.927
2014-07-29 14:00:00,,544.939
2014-07-29 15:00:00,,544.94
2014-07-29 16:00:00,,544.948
2014-07-29 17:00:00,,544.947
2014-07-29 18:00:00,,544.935
2014-07-29 19:00:00,,544.942
2014-07-29 20:00:00,,544.93
2014-07-29 21:00:00,,544.925
2014-07-29 22:00:00,,544.914
2014-07-29 23:00:00,,544.914
2014-07-30 00:00:00,,544.925
2014-07-30 01:00:00,,544.925
2014-07-30 02:00:00,,544.922
2014-07-30 03:00:00,,544.923
2014-07-30 04:00:00,,544.934
2014-07-30 05:00:00,,544.932
2014-07-30 06:00:00,,544.936
2014-07-30 07:00:00,,544.929
2014-07-30 08:00:00,,544.917
2014-07-30 09:00:00,,544.922
2014-07-30 10:00:00,,544.923
2014-07-30 11:00:00,,544.915
2014-07-30 12:00:00,,544.927
2014-07-30 13:00:00,,544.933
2014-07-30 14:00:00,,544.937
2014-07-30 15:00:00,,544.943
2014-07-30 16:00:00,,544.947
2014-07-30 17:00:00,,544.947
2014-07-30 18:00:00,,544.948
2014-07-30 19:00:00,,544.938
2014-07-30 20:00:00,,544.939
2014-07-30 21:00:00,,544.935
2014-07-30 22:00:00,,544.934
2014-07-30 23:00:00,,544.932
2014-07-31 00:00:00,,544.937
2014-07-31 01:00:00,,544.933
2014-07-31 02:00:00,,544.932
2014-07-31 03:00:00,,544.941
2014-07-31 04:00:00,,544.936
2014-07-31 05:00:00,,544.936
2014-07-31 06:00:00,,544.933
2014-07-31 07:00:00,,544.933
2014-07-31 08:00:00,,544.928
2014-07-31 09:00:00,,544.921
2014-07-31 10:00:00,,544.92
2014-07-31 11:00:00,,544.928
2014-07-31 12:00:00,,544.93
2014-07-31 13:00:00,,544.943
2014-07-31 14:00:00,,544.948
2014-07-31 15:00:00,,544.95
2014-07-31 16:00:00,,544.958
2014-07-31 17:00:00,,544.964
2014-07-31 18:00:00,,544.947
2014-07-31 19:00:00,,544.95
2014-07-31 20:00:00,,544.936
2014-07-31 21:00:00,,544.938
2014-07-31 22:00:00,,544.936
2014-07-31 23:00:00,,544.927
2014-08-01 00:00:00,,544.934
2014-08-01 01:00:00,,544.927
2014-08-01 02:00:00,,544.931
2014-08-01 03:00:00,,544.936
2014-08-01 04:00:00,,544.937
2014-08-01 05:00:00,,544.927
2014-08-01 06:00:00,,544.928
2014-08-01 07:00:00,,544.928
2014-08-01 08:00:00,,544.917
2014-08-01 09:00:00,,544.914
2014-08-01 10:00:00,,544.904
2014-08-01 11:00:00,,544.905
2014-08-01 12:00:00,,544.909
2014-08-01 13:00:00,,544.924
2014-08-01 14:00:00,,544.935
2014-08-01 15:00:00,,544.941
2014-08-01 16:00:00,,544.943
2014-08-01 17:00:00,,544.936
2014-08-01 18:00:00,,544.932
2014-08-01 19:00:00,,544.924
2014-08-01 20:00:00,,544.917
2014-08-01 21:00:00,,544.912
2014-08-01 22:00:00,,544.912
2014-08-01 23:00:00,,544.906
2014-08-02 00:00:00,,544.911
2014-08-02 01:00:00,,544.915
2014-08-02 02:00:00,,544.915
2014-08-02 03:00:00,,544.919
2014-08-02 04:00:00,,544.926
2014-08-02 05:00:00,,544.927
2014-08-02 06:00:00,,544.913
2014-08-02 07:00:00,,544.912
2014-08-02 08:00:00,,544.915
2014-08-02 09:00:00,,544.912
2014-08-02 10:00:00,,544.913
2014-08-02 11:00:00,,544.912
2014-08-02 12:00:00,,544.921
2014-08-02 13:00:00,,544.922
2014-08-02 14:00:00,,544.932
2014-08-02 15:00:00,,544.944
2014-08-02 16:00:00,,544.94
2014-08-02 17:00:00,,544.939
2014-08-02 18:00:00,,544.933
2014-08-02 19:00:00,,544.935
2014-08-02 20:00:00,,544.918
2014-08-02 21:00:00,,544.921
2014-08-02 22:00:00,,544.92
2014-08-02 23:00:00,,544.917
2014-08-03 00:00:00,,544.911
2014-08-03 01:00:00,,544.918
2014-08-03 02:00:00,,544.926
2014-08-03 03:00:00,,544.923
2014-08-03 04:00:00,,544.923
2014-08-03 05:00:00,,544.921
2014-08-03 06:00:00,,544.918
2014-08-03 07:00:00,,544.917
2014-08-03 08:00:00,,544.906
2014-08-03 09:00:00,,544.905
2014-08-03 10:00:00,,544.907
2014-08-03 11:00:00,,544.906
2014-08-03 12:00:00,,544.912
2014-08-03 13:00:00,,544.919
2014-08-03 14:00:00,,544.932
2014-08-03 15:00:00,,544.938
2014-08-03 16:00:00,,544.939
2014-08-03 17:00:00,,544.944
2014-08-03 18:00:00,,544.932
2014-08-03 19:00:00,,544.919
2014-08-03 20:00:00,,544.919
2014-08-03 21:00:00,,544.907
2014-08-03 22:00:00,,544.915
2014-08-03 23:00:00,,544.914
2014-08-04 00:00:00,,544.91
2014-08-04 01:00:00,,544.904
2014-08-04 02:00:00,,544.905
2014-08-04 03:00:00,,544.914
2014-08-04 04:00:00,,544.908
2014-08-04 05:00:00,,544.914
2014-08-04 06:00:00,,544.917
2014-08-04 07:00:00,,544.911
2014-08-04 08:00:00,,544.914
2014-08-04 09:00:00,,544.907
2014-08-04 10:00:00,,544.908
2014-08-04 11:00:00,,544.917
2014-08-04 12:00:00,,544.912
2014-08-04 13:00:00,,544.929
2014-08-04 14:00:00,,544.924
2014-08-04 15:00:00,,544.932
2014-08-04 16:00:00,,544.928
2014-08-04 17:00:00,,544.919
2014-08-04 18:00:00,,544.924
2014-08-04 19:00:00,,544.914
2014-08-04 20:00:00,,544.911
2014-08-04 21:00:00,,544.907
2014-08-04 22:00:00,,544.906
2014-08-04 23:00:00,,544.911
2014-08-05 00:00:00,,544.912
2014-08-05 01:00:00,,544.908
2014-08-05 02:00:00,,544.912
2014-08-05 03:00:00,,544.921
2014-08-05 04:00:00,,544.923
2014-08-05 05:00:00,,544.92
2014-08-05 06:00:00,,544.917
2014-08-05 07:00:00,,544.921
2014-08-05 08:00:00,,544.913
2014-08-05 09:00:00,,544.913
2014-08-05 10:00:00,,544.912
2014-08-05 11:00:00,,544.919
2014-08-05 12:00:00,,544.922
2014-08-05 13:00:00,,544.934
2014-08-05 14:00:00,,544.939
2014-08-05 15:00:00,,544.943
2014-08-05 16:00:00,,544.944
2014-08-05 17:00:00,,544.934
2014-08-05 18:00:00,,544.928
2014-08-05 19:00:00,,544.933
2014-08-05 20:00:00,,544.923
2014-08-05 21:00:00,,544.914
2014-08-05 22:00:00,,544.914
2014-08-05 23:00:00,,544.915
2014-08-06 00:00:00,,544.925
2014-08-06 01:00:00,,544.921
2014-08-06 02:00:00,,544.923
2014-08-06 03:00:00,,544.937
2014-08-06 04:00:00,,544.932
2014-08-06 05:00:00,,544.933
2014-08-06 06:00:00,,544.939
2014-08-06 07:00:00,,544.923
2014-08-06 08:00:00,,544.927
2014-08-06 09:00:00,,544.918
2014-08-06 10:00:00,,544.912
2014-08-06 11:00:00,,544.926
2014-08-06 12:00:00,,544.932
2014-08-06 13:00:00,,544.935
2014-08-06 14:00:00,,544.952
2014-08-06 15:00:00,,544.951
2014-08-06 16:00:00,,544.952
2014-08-06 17:00:00,,544.949
2014-08-06 18:00:00,,544.942
2014-08-06 19:00:00,,544.936
2014-08-06 20:00:00,,544.921
2014-08-06 21:00:00,,544.911
2014-08-06 22:00:00,,544.911
2014-08-06 23:00:00,,544.922
2014-08-07 00:00:00,,544.928
2014-08-07 01:00:00,,544.929
2014-08-07 02:00:00,,544.928
2014-08-07 03:00:00,,544.934
2014-08-07 04:00:00,,544.929
2014-08-07 05:00:00,,544.926
2014-08-07 06:00:00,,544.925
2014-08-07 07:00:00,,544.913
2014-08-07 08:00:00,,544.916
2014-08-07 09:00:00,,544.906
2014-08-07 10:00:00,,544.92
2014-08-07 11:00:00,,544.92
2014-08-07 12:00:00,,544.927
2014-08-07 13:00:00,,544.93
2014-08-07 14:00:00,,544.94
2014-08-07 15:00:00,,544.949
2014-08-07 16:00:00,,544.947
2014-08-07 17:00:00,,544.943
2014-08-07 18:00:00,,544.942
2014-08-07 19:00:00,,544.933
2014-08-07 20:00:00,,544.931
2014-08-07 21:00:00,,544.922
2014-08-07 22:00:00,,544.92
2014-08-07 23:00:00,,544.924
2014-08-08 00:00:00,,544.922
2014-08-08 01:00:00,,544.925
2014-08-08 02:00:00,,544.931
2014-08-08 03:00:00,,544.932
2014-08-08 04:00:00,,544.923
2014-08-08 05:00:00,,544.926
2014-08-08 06:00:00,,544.927
2014-08-08 07:00:00,,544.911
2014-08-08 08:00:00,,544.906
2014-08-08 09:00:00,,544.917
2014-08-08 10:00:00,,544.917
2014-08-08 11:00:00,,544.921
2014-08-08 12:00:00,,544.917
2014-08-08 13:00:00,,544.935
2014-08-08 14:00:00,,544.942
2014-08-08 15:00:00,,544.954
2014-08-08 16:00:00,,544.951
2014-08-08 17:00:00,,544.948
2014-08-08 18:00:00,,544.937
2014-08-08 19:00:00,,544.937
2014-08-08 20:00:00,,544.921
2014-08-08 21:00:00,,544.914
2014-08-08 22:00:00,,544.916
2014-08-08 23:00:00,,544.913
2014-08-09 00:00:00,,544.921
2014-08-09 01:00:00,,544.923
2014-08-09 02:00:00,,544.921
2014-08-09 03:00:00,,544.928
2014-08-09 04:00:00,,544.929
2014-08-09 05:00:00,,544.929
2014-08-09 06:00:00,,544.923
2014-08-09 07:00:00,,544.919
2014-08-09 08:00:00,,544.914
2014-08-09 09:00:00,,544.909
2014-08-09 10:00:00,,544.91
2014-08-09 11:00:00,,544.907
2014-08-09 12:00:00,,544.917
2014-08-09 13:00:00,,544.93
2014-08-09 14:00:00,,544.943
2014-08-09 15:00:00,,544.942
2014-08-09 16:00:00,,544.947
2014-08-09 17:00:00,,544.945
2014-08-09 18:00:00,,544.94
2014-08-09 19:00:00,,544.935
2014-08-09 20:00:00,,544.926
2014-08-09 21:00:00,,544.925
2014-08-09 22:00:00,,544.916
2014-08-09 23:00:00,,544.916
2014-08-10 00:00:00,,544.911
2014-08-10 01:00:00,,544.919
2014-08-10 02:00:00,,544.924
2014-08-10 03:00:00,,544.928
2014-08-10 04:00:00,,544.935
2014-08-10 05:00:00,,544.923
2014-08-10 06:00:00,,544.927
2014-08-10 07:00:00,,544.921
2014-08-10 08:00:00,,544.909
2014-08-10 09:00:00,,544.914
2014-08-10 10:00:00,,544.917
2014-08-10 11:00:00,,544.915
2014-08-10 12:00:00,,544.927
2014-08-10 13:00:00,,544.928
2014-08-10 14:00:00,,544.942
2014-08-10 15:00:00,,544.942
2014-08-10 16:00:00,,544.948
2014-08-10 17:00:00,,544.951
2014-08-10 18:00:00,,544.95
2014-08-10 19:00:00,,544.938
2014-08-10 20:00:00,,544.934
2014-08-10 21:00:00,,544.922
2014-08-10 22:00:00,,544.917
2014-08-10 23:00:00,,544.91
2014-08-11 00:00:00,,544.916
2014-08-11 01:00:00,,544.923
2014-08-11 02:00:00,,544.916
2014-08-11 03:00:00,,544.924
2014-08-11 04:00:00,,544.931
2014-08-11 05:00:00,,544.931
2014-08-11 06:00:00,,544.929
2014-08-11 07:00:00,,544.921
2014-08-11 08:00:00,,544.918
2014-08-11 09:00:00,,544.908
2014-08-11 10:00:00,,544.913
2014-08-11 11:00:00,,544.922
2014-08-11 12:00:00,,544.92
2014-08-11 13:00:00,,544.93
2014-08-11 14:00:00,,544.94
2014-08-11 15:00:00,,544.94
2014-08-11 16:00:00,,544.945
2014-08-11 17:00:00,,544.942
2014-08-11 18:00:00,,544.95
2014-08-11 19:00:00,,544.93
2014-08-11 20:00:00,,544.928
2014-08-11 21:00:00,,544.916
2014-08-11 22:00:00,,544.919
2014-08-11 23:00:00,,544.911
2014-08-12 00:00:00,,544.919
2014-08-12 01:00:00,,544.916
2014-08-12 02:00:00,,544.926
2014-08-12 03:00:00,,544.916
2014-08-12 04:00:00,,544.932
2014-08-12 05:00:00,,544.929
2014-08-12 06:00:00,,544.925
2014-08-12 07:00:00,,544.918
2014-08-12 08:00:00,,544.913
2014-08-12 09:00:00,,544.91
2014-08-12 10:00:00,,544.911
2014-08-12 11:00:00,,544.91
2014-08-12 12:00:00,,544.907
2014-08-12 13:00:00,,544.924
2014-08-12 14:00:00,,544.931
2014-08-12 15:00:00,,544.932
2014-08-12 16:00:00,,544.945
2014-08-12 17:00:00,,544.932
2014-08-12 18:00:00,,544.937
2014-08-12 19:00:00,,544.931
2014-08-12 20:00:00,,544.923
2014-08-12 21:00:00,,544.909
2014-08-12 22:00:00,,544.915
2014-08-12 23:00:00,,544.906
2014-08-13 00:00:00,,544.906
2014-08-13 01:00:00,,544.914
2014-08-13 02:00:00,,544.921
2014-08-13 03:00:00,,544.923
2014-08-13 04:00:00,,544.92
2014-08-13 05:00:00,,544.92
2014-08-13 06:00:00,,544.917
2014-08-13 07:00:00,,544.915
2014-08-13 08:00:00,,544.907
2014-08-13 09:00:00,,544.903
2014-08-13 10:00:00,,544.904
2014-08-13 11:00:00,,544.906
2014-08-13 12:00:00,,544.913
2014-08-13 13:00:00,,544.93
2014-08-13 14:00:00,,544.932
2014-08-13 15:00:00,,544.94
2014-08-13 16:00:00,,544.944
2014-08-13 17:00:00,,544.94
2014-08-13 18:00:00,,544.933
2014-08-13 19:00:00,,544.932
2014-08-13 20:00:00,,544.923
2014-08-13 21:00:00,,544.926
2014-08-13 22:00:00,,544.921
2014-08-13 23:00:00,,544.915
2014-08-14 00:00:00,,544.92
2014-08-14 01:00:00,,544.91
2014-08-14 02:00:00,,544.925
2014-08-14 03:00:00,,544.928
2014-08-14 04:00:00,,544.934
2014-08-14 05:00:00,,544.925
2014-08-14 06:00:00,,544.928
2014-08-14 07:00:00,,544.93
2014-08-14 08:00:00,,544.925
2014-08-14 09:00:00,,544.924
2014-08-14 10:00:00,,544.918
2014-08-14 11:00:00,,544.927
2014-08-14 12:00:00,,544.934
2014-08-14 13:00:00,,544.931
2014-08-14 14:00:00,,544.946
2014-08-14 15:00:00,,544.938
2014-08-14 16:00:00,,544.95
2014-08-14 17:00:00,,544.939
2014-08-14 18:00:00,,544.948
2014-08-14 19:00:00,,544.936
2014-08-14 20:00:00,,544.926
2014-08-14 21:00:00,,544.924
2014-08-14 22:00:00,,544.915
2014-08-14 23:00:00,,544.926
2014-08-15 00:00:00,,544.922
2014-08-15 01:00:00,,544.933
2014-08-15 02:00:00,,544.93
2014-08-15 03:00:00,,544.926
2014-08-15 04:00:00,,544.933
2014-08-15 05:00:00,,544.934
2014-08-15 06:00:00,,544.931
2014-08-15 07:00:00,,544.932
2014-08-15 08:00:00,,544.917
2014-08-15 09:00:00,,544.92
2014-08-15 10:00:00,,544.922
2014-08-15 11:00:00,,544.931
2014-08-15 12:00:00,,544.941
2014-08-15 13:00:00,,544.944
2014-08-15 14:00:00,,544.949
2014-08-15 15:00:00,,544.951
2014-08-15 16:00:00,,544.945
2014-08-15 17:00:00,,544.955
2014-08-15 18:00:00,,544.946
2014-08-15 19:00:00,,544.933
2014-08-15 20:00:00,,544.925
2014-08-15 21:00:00,,544.934
2014-08-15 22:00:00,,544.92
2014-08-15 23:00:00,,544.934
2014-08-16 00:00:00,,544.925
2014-08-16 01:00:00,,544.933
2014-08-16 02:00:00,,544.939
2014-08-16 03:00:00,,544.936
2014-08-16 04:00:00,,544.942
2014-08-16 05:00:00,,544.931
2014-08-16 06:00:00,,544.933
2014-08-16 07:00:00,,544.938
2014-08-16 08:00:00,,544.93
2014-08-16 09:00:00,,544.928
2014-08-16 10:00:00,,544.925
2014-08-16 11:00:00,,544.93
2014-08-16 12:00:00,,544.936
2014-08-16 13:00:00,,544.942
2014-08-16 14:00:00,,544.947
2014-08-16 15:00:00,,544.953
2014-08-16 16:00:00,,544.954
2014-08-16 17:00:00,,544.951
2014-08-16 18:00:00,,544.938
2014-08-16 19:00:00,,544.938
2014-08-16 20:00:00,,544.935
2014-08-16 21:00:00,,544.926
2014-08-16 22:00:00,,544.928
2014-08-16 23:00:00,,544.923
2014-08-17 00:00:00,,544.928
2014-08-17 01:00:00,,544.926
2014-08-17 02:00:00,,544.934
2014-08-17 03:00:00,,544.922
2014-08-17 04:00:00,,544.923
2014-08-17 05:00:00,,544.934
2014-08-17 06:00:00,,544.931
2014-08-17 07:00:00,,544.928
2014-08-17 08:00:00,,544.912
2014-08-17 09:00:00,,544.921
2014-08-17 10:00:00,,544.908
2014-08-17 11:00:00,,544.924
2014-08-17 12:00:00,,544.925
2014-08-17 13:00:00,,544.933
2014-08-17 14:00:00,,544.936
2014-08-17 15:00:00,,544.939
2014-08-17 16:00:00,,544.941
2014-08-17 17:00:00,,544.936
2014-08-17 18:00:00,,544.927
2014-08-17 19:00:00,,544.926
2014-08-17 20:00:00,,544.921
2014-08-17 21:00:00,,544.909
2014-08-17 22:00:00,,544.919
2014-08-17 23:00:00,,544.909
2014-08-18 00:00:00,,544.917
2014-08-18 01:00:00,,544.913
2014-08-18 02:00:00,,544.921
2014-08-18 03:00:00,,544.923
2014-08-18 04:00:00,,544.923
2014-08-18 05:00:00,,544.919
2014-08-18 06:00:00,,544.917
2014-08-18 07:00:00,,544.918
2014-08-18 08:00:00,,544.906
2014-08-18 09:00:00,,544.909
2014-08-18 10:00:00,,544.901
2014-08-18 11:00:00,,544.908
2014-08-18 12:00:00,,544.922
2014-08-18 13:00:00,,544.932
2014-08-18 14:00:00,,544.945
2014-08-18 15:00:00,,544.939
2014-08-18 16:00:00,,544.952
2014-08-18 17:00:00,,544.949
2014-08-18 18:00:00,,544.933
2014-08-18 19:00:00,,544.934
2014-08-18 20:00:00,,544.927
2014-08-18 21:00:00,,544.925
2014-08-18 22:00:00,,544.925
2014-08-18 23:00:00,,544.925
2014-08-19 00:00:00,,544.914
2014-08-19 01:00:00,,544.928
2014-08-19 02:00:00,,544.924
2014-08-19 03:00:00,,544.925
2014-08-19 04:00:00,,544.931
2014-08-19 05:00:00,,544.927
2014-08-19 06:00:00,,544.921
2014-08-19 07:00:00,,544.924
2014-08-19 08:00:00,,544.906
2014-08-19 09:00:00,,544.91
2014-08-19 10:00:00,,544.91
2014-08-19 11:00:00,,544.924
2014-08-19 12:00:00,,544.928
2014-08-19 13:00:00,,544.937
2014-08-19 14:00:00,,544.951
2014-08-19 15:00:00,,544.946
2014-08-19 16:00:00,,544.95
2014-08-19 17:00:00,,544.951
2014-08-19 18:00:00,,544.948
2014-08-19 19:00:00,,544.94
2014-08-19 20:00:00,,544.935
2014-08-19 21:00:00,,544.922
2014-08-19 22:00:00,,544.931
2014-08-19 23:00:00,,544.922
2014-08-20 00:00:00,,544.917
2014-08-20 01:00:00,,544.926
2014-08-20 02:00:00,,544.928
2014-08-20 03:00:00,,544.932
2014-08-20 04:00:00,,544.932
2014-08-20 05:00:00,,544.924
2014-08-20 06:00:00,,544.931
2014-08-20 07:00:00,,544.915
2014-08-20 08:00:00,,544.921
2014-08-20 09:00:00,,544.913
2014-08-20 10:00:00,,544.909
2014-08-20 11:00:00,,544.913
2014-08-20 12:00:00,,544.927
2014-08-20 13:00:00,,544.941
2014-08-20 14:00:00,,544.938
2014-08-20 15:00:00,,544.951
2014-08-20 16:00:00,,544.945
2014-08-20 17:00:00,,544.953
2014-08-20 18:00:00,,544.942
2014-08-20 19:00:00,,544.937
2014-08-20 20:00:00,,544.923
2014-08-20 21:00:00,,544.928
2014-08-20 22:00:00,,544.924
2014-08-20 23:00:00,,544.916
2014-08-21 00:00:00,,544.919
2014-08-21 01:00:00,,544.921
2014-08-21 02:00:00,,544.917
2014-08-21 03:00:00,,544.926
2014-08-21 04:00:00,,544.93
2014-08-21 05:00:00,,544.934
2014-08-21 06:00:00,,544.932
2014-08-21 07:00:00,,544.919
2014-08-21 08:00:00,,544.91
2014-08-21 09:00:00,,544.914
2014-08-21 10:00:00,,544.912
2014-08-21 11:00:00,,544.913
2014-08-21 12:00:00,,544.92
2014-08-21 13:00:00,,544.94
2014-08-21 14:00:00,,544.939
2014-08-21 15:00:00,,544.952
2014-08-21 16:00:00,,544.951
2014-08-21 17:00:00,,544.953
2014-08-21 18:00:00,,544.94
2014-08-21 19:00:00,,544.924
2014-08-21 20:00:00,,544.915
2014-08-21 21:00:00,,544.908
2014-08-21 22:00:00,,544.905
2014-08-21 23:00:00,,544.916
2014-08-22 00:00:00,,544.907
2014-08-22 01:00:00,,544.919
2014-08-22 02:00:00,,544.917
2014-08-22 03:00:00,,544.929
2014-08-22 04:00:00,,544.925
2014-08-22 05:00:00,,544.928
2014-08-22 06:00:00,,544.921
2014-08-22 07:00:00,,544.916
2014-08-22 08:00:00,,544.912
2014-08-22 09:00:00,,544.904
2014-08-22 10:00:00,,544.914
2014-08-22 11:00:00,,544.919
2014-08-22 12:00:00,,544.916
2014-08-22 13:00:00,,544.928
2014-08-22 14:00:00,,544.939
2014-08-22 15:00:00,,544.945
2014-08-22 16:00:00,,544.953
2014-08-22 17:00:00,,544.952
2014-08-22 18:00:00,,544.936
2014-08-22 19:00:00,,544.934
2014-08-22 20:00:00,,544.924
2014-08-22 21:00:00,,544.918
2014-08-22 22:00:00,,544.907
2014-08-22 23:00:00,,544.916
2014-08-23 00:00:00,,544.907
2014-08-23 01:00:00,,544.914
2014-08-23 02:00:00,,544.914
2014-08-23 03:00:00,,544.924
2014-08-23 04:00:00,,544.931
2014-08-23 05:00:00,,544.93
2014-08-23 06:00:00,,544.927
2014-08-23 07:00:00,,544.917
2014-08-23 08:00:00,,544.905
2014-08-23 09:00:00,,544.902
2014-08-23 10:00:00,,544.899
2014-08-23 11:00:00,,544.919
2014-08-23 12:00:00,,544.913
2014-08-23 13:00:00,,544.928
2014-08-23 14:00:00,,544.935
2014-08-23 15:00:00,,544.941
2014-08-23 16:00:00,,544.935
2014-08-23 17:00:00,,544.932
2014-08-23 18:00:00,,544.929
2014-08-23 19:00:00,,544.922
2014-08-23 20:00:00,,544.914
2014-08-23 21:00:00,,544.906
2014-08-23 22:00:00,,544.914
2014-08-23 23:00:00,,544.916
2014-08-24 00:00:00,,544.914
2014-08-24 01:00:00,,544.918
2014-08-24 02:00:00,,544.921
2014-08-24 03:00:00,,544.917
2014-08-24 04:00:00,,544.919
2014-08-24 05:00:00,,544.925
2014-08-24 06:00:00,,544.913
2014-08-24 07:00:00,,544.914
2014-08-24 08:00:00,,544.908
2014-08-24 09:00:00,,544.901
2014-08-24 10:00:00,,544.908
2014-08-24 11:00:00,,544.912
2014-08-24 12:00:00,,544.915
2014-08-24 13:00:00,,544.924
2014-08-24 14:00:00,,544.934
2014-08-24 15:00:00,,544.932
2014-08-24 16:00:00,,544.929
2014-08-24 17:00:00,,544.927
2014-08-24 18:00:00,,544.922
2014-08-24 19:00:00,,544.914
2014-08-24 20:00:00,,544.915
2014-08-24 21:00:00,,544.908
2014-08-24 22:00:00,,544.907
2014-08-24 23:00:00,,544.907
2014-08-25 00:00:00,,544.909
2014-08-25 01:00:00,,544.914
2014-08-25 02:00:00,,544.914
2014-08-25 03:00:00,,544.91
2014-08-25 04:00:00,,544.918
2014-08-25 05:00:00,,544.922
2014-08-25 06:00:00,,544.914
2014-08-25 07:00:00,,544.902
2014-08-25 08:00:00,,544.899
2014-08-25 09:00:00,,544.903
2014-08-25 10:00:00,,544.91
2014-08-25 11:00:00,,544.903
2014-08-25 12:00:00,,544.909
2014-08-25 13:00:00,,544.933
2014-08-25 14:00:00,,544.931
2014-08-25 15:00:00,,544.941
2014-08-25 16:00:00,,544.944
2014-08-25 17:00:00,,544.945
2014-08-25 18:00:00,,544.944
2014-08-25 19:00:00,,544.932
2014-08-25 20:00:00,,544.929
2014-08-25 21:00:00,,544.915
2014-08-25 22:00:00,,544.914
2014-08-25 23:00:00,,544.914
2014-08-26 00:00:00,,544.917
2014-08-26 01:00:00,,544.923
2014-08-26 02:00:00,,544.923
2014-08-26 03:00:00,,544.932
2014-08-26 04:00:00,,544.924
2014-08-26 05:00:00,,544.929
2014-08-26 06:00:00,,544.925
2014-08-26 07:00:00,,544.914
2014-08-26 08:00:00,,544.915
2014-08-26 09:00:00,,544.905
2014-08-26 10:00:00,,544.91
2014-08-26 11:00:00,,544.908
2014-08-26 12:00:00,,544.922
2014-08-26 13:00:00,,544.931
2014-08-26 14:00:00,,544.947
2014-08-26 15:00:00,,544.947
2014-08-26 16:00:00,,544.955
2014-08-26 17:00:00,,544.953
2014-08-26 18:00:00,,544.946
2014-08-26 19:00:00,,544.937
2014-08-26 20:00:00,,544.929
2014-08-26 21:00:00,,544.926
2014-08-26 22:00:00,,544.909
2014-08-26 23:00:00,,544.916
2014-08-27 00:00:00,,544.915
2014-08-27 01:00:00,,544.917
2014-08-27 02:00:00,,544.916
2014-08-27 03:00:00,,544.927
2014-08-27 04:00:00,,544.929
2014-08-27 05:00:00,,544.922
2014-08-27 06:00:00,,544.922
2014-08-27 07:00:00,,544.924
2014-08-27 08:00:00,,544.915
2014-08-27 09:00:00,,544.91
2014-08-27 10:00:00,,544.916
2014-08-27 11:00:00,,544.915
2014-08-27 12:00:00,,544.926
2014-08-27 13:00:00,,544.93
2014-08-27 14:00:00,,544.934
2014-08-27 15:00:00,,544.94
2014-08-27 16:00:00,,544.946
2014-08-27 17:00:00,,544.943
2014-08-27 18:00:00,,544.935
2014-08-27 19:00:00,,544.938
2014-08-27 20:00:00,,544.926
2014-08-27 21:00:00,,544.919
2014-08-27 22:00:00,,544.908
2014-08-27 23:00:00,,544.914
2014-08-28 00:00:00,,544.918
2014-08-28 01:00:00,,544.916
2014-08-28 02:00:00,,544.926
2014-08-28 03:00:00,,544.925
2014-08-28 04:00:00,,544.933
2014-08-28 05:00:00,,544.925
2014-08-28 06:00:00,,544.921
2014-08-28 07:00:00,,544.917
2014-08-28 08:00:00,,544.91
2014-08-28 09:00:00,,544.91
2014-08-28 10:00:00,,544.909
2014-08-28 11:00:00,,544.911
2014-08-28 12:00:00,,544.923
2014-08-28 13:00:00,,544.925
2014-08-28 14:00:00,,544.932
2014-08-28 15:00:00,,544.932
2014-08-28 16:00:00,,544.947
2014-08-28 17:00:00,,544.942
2014-08-28 18:00:00,,544.934
2014-08-28 19:00:00,,544.933
2014-08-28 20:00:00,,544.921
2014-08-28 21:00:00,,544.928
2014-08-28 22:00:00,,544.913
2014-08-28 23:00:00,,544.914
2014-08-29 00:00:00,,544.925
2014-08-29 01:00:00,,544.924
2014-08-29 02:00:00,,544.922
2014-08-29 03:00:00,,544.917
2014-08-29 04:00:00,,544.925
2014-08-29 05:00:00,,544.923
2014-08-29 06:00:00,,544.923
2014-08-29 07:00:00,,544.911
2014-08-29 08:00:00,,544.915
2014-08-29 09:00:00,,544.906
2014-08-29 10:00:00,,544.904
2014-08-29 11:00:00,,544.915
2014-08-29 12:00:00,,544.922
2014-08-29 13:00:00,,544.925
2014-08-29 14:00:00,,544.933
2014-08-29 15:00:00,,544.938
2014-08-29 16:00:00,,544.947
2014-08-29 17:00:00,,544.949
2014-08-29 18:00:00,,544.945
2014-08-29 19:00:00,,544.938
2014-08-29 20:00:00,,544.925
2014-08-29 21:00:00,,544.928
2014-08-29 22:00:00,,544.915
2014-08-29 23:00:00,,544.918
2014-08-30 00:00:00,,544.919
2014-08-30 01:00:00,,544.921
2014-08-30 02:00:00,,544.916
2014-08-30 03:00:00,,544.917
2014-08-30 04:00:00,,544.924
2014-08-30 05:00:00,,544.925
2014-08-30 06:00:00,,544.928
2014-08-30 07:00:00,,544.924
2014-08-30 08:00:00,,544.914
2014-08-30 09:00:00,,544.914
2014-08-30 10:00:00,,544.909
2014-08-30 11:00:00,,544.918
2014-08-30 12:00:00,,544.927
2014-08-30 13:00:00,,544.935
2014-08-30 14:00:00,,544.942
2014-08-30 15:00:00,,544.949
2014-08-30 16:00:00,,544.952
2014-08-30 17:00:00,,544.945
2014-08-30 18:00:00,,544.951
2014-08-30 19:00:00,,544.942
2014-08-30 20:00:00,,544.932
2014-08-30 21:00:00,,544.922
2014-08-30 22:00:00,,544.919
2014-08-30 23:00:00,,544.931
2014-08-31 00:00:00,,544.917
2014-08-31 01:00:00,,544.92
2014-08-31 02:00:00,,544.921
2014-08-31 03:00:00,,544.928
2014-08-31 04:00:00,,544.932
2014-08-31 05:00:00,,544.925
2014-08-31 06:00:00,,544.935
2014-08-31 07:00:00,,544.919
2014-08-31 08:00:00,,544.913
2014-08-31 09:00:00,,544.918
2014-08-31 10:00:00,,544.917
2014-08-31 11:00:00,,544.916
2014-08-31 12:00:00,,544.923
2014-08-31 13:00:00,,544.941
2014-08-31 14:00:00,,544.942
2014-08-31 15:00:00,,544.942
2014-08-31 16:00:00,,544.955
2014-08-31 17:00:00,,544.95
2014-08-31 18:00:00,,544.941
2014-08-31 19:00:00,,544.942
2014-08-31 20:00:00,,544.934
2014-08-31 21:00:00,,544.931
2014-08-31 22:00:00,,544.935
2014-08-31 23:00:00,,544.931
2014-09-01 00:00:00,,544.936
2014-09-01 01:00:00,,544.932
2014-09-01 02:00:00,,544.926
2014-09-01 03:00:00,,544.931
2014-09-01 04:00:00,,544.924
2014-09-01 05:00:00,,544.922
2014-09-01 06:00:00,,544.929
2014-09-01 07:00:00,,544.913
2014-09-01 08:00:00,,544.922
2014-09-01 09:00:00,,544.918
2014-09-01 10:00:00,,544.911
2014-09-01 11:00:00,,544.919
2014-09-01 12:00:00,,544.914
2014-09-01 13:00:00,,544.93
2014-09-01 14:00:00,,544.931
2014-09-01 15:00:00,,544.939
2014-09-01 16:00:00,,544.947
2014-09-01 17:00:00,,544.94
2014-09-01 18:00:00,,544.928
2014-09-01 19:00:00,,544.93
2014-09-01 20:00:00,,544.923
2014-09-01 21:00:00,,544.912
2014-09-01 22:00:00,,544.916
2014-09-01 23:00:00,,544.914
2014-09-02 00:00:00,,544.919
2014-09-02 01:00:00,,544.907
2014-09-02 02:00:00,,544.914
2014-09-02 03:00:00,,544.915
2014-09-02 04:00:00,,544.914
2014-09-02 05:00:00,,544.91
2014-09-02 06:00:00,,544.898
2014-09-02 07:00:00,,544.899
2014-09-02 08:00:00,,544.896
2014-09-02 09:00:00,,544.888
2014-09-02 10:00:00,,544.891
2014-09-02 11:00:00,,544.894
2014-09-02 12:00:00,,544.905
2014-09-02 13:00:00,,544.909
2014-09-02 14:00:00,,544.922
2014-09-02 15:00:00,,544.927
2014-09-02 16:00:00,,544.932
2014-09-02 17:00:00,,544.927
2014-09-02 18:00:00,,544.924
2014-09-02 19:00:00,,544.926
2014-09-02 20:00:00,,544.917
2014-09-02 21:00:00,,544.911
2014-09-02 22:00:00,,544.912
2014-09-02 23:00:00,,544.908
2014-09-03 00:00:00,,544.915
2014-09-03 01:00:00,,544.918
2014-09-03 02:00:00,,544.911
2014-09-03 03:00:00,,544.911
2014-09-03 04:00:00,,544.916
2014-09-03 05:00:00,,544.907
2014-09-03 06:00:00,,544.913
2014-09-03 07:00:00,,544.907
2014-09-03 08:00:00,,544.903
2014-09-03 09:00:00,,544.896
2014-09-03 10:00:00,,544.909
2014-09-03 11:00:00,,544.906
2014-09-03 12:00:00,,544.919
2014-09-03 13:00:00,,544.932
2014-09-03 14:00:00,,544.945
2014-09-03 15:00:00,,544.947
2014-09-03 16:00:00,,544.944
2014-09-03 17:00:00,,544.944
2014-09-03 18:00:00,,544.947
2014-09-03 19:00:00,,544.945
2014-09-03 20:00:00,,544.936
2014-09-03 21:00:00,,544.93
2014-09-03 22:00:00,,544.929
2014-09-03 23:00:00,,544.935
2014-09-04 00:00:00,,544.93
2014-09-04 01:00:00,,544.926
2014-09-04 02:00:00,,544.932
2014-09-04 03:00:00,,544.932
2014-09-04 04:00:00,,544.936
2014-09-04 05:00:00,,544.928
2014-09-04 06:00:00,,544.93
2014-09-04 07:00:00,,544.934
2014-09-04 08:00:00,,544.925
2014-09-04 09:00:00,,544.918
2014-09-04 10:00:00,,544.926
2014-09-04 11:00:00,,544.932
2014-09-04 12:00:00,,544.941
2014-09-04 13:00:00,,544.947
2014-09-04 14:00:00,,544.949
2014-09-04 15:00:00,,544.959
2014-09-04 16:00:00,,544.959
2014-09-04 17:00:00,,544.949
2014-09-04 18:00:00,,544.947
2014-09-04 19:00:00,,544.94
2014-09-04 20:00:00,,544.928
2014-09-04 21:00:00,,544.933
2014-09-04 22:00:00,,544.928
2014-09-04 23:00:00,,544.922
2014-09-05 00:00:00,,544.932
2014-09-05 01:00:00,,544.917
2014-09-05 02:00:00,,544.918
2014-09-05 03:00:00,,544.93
2014-09-05 04:00:00,,544.929
2014-09-05 05:00:00,,544.918
2014-09-05 06:00:00,,544.921
2014-09-05 07:00:00,,544.919
2014-09-05 08:00:00,,544.908
2014-09-05 09:00:00,,544.91
2014-09-05 10:00:00,,544.91
2014-09-05 11:00:00,,544.91
2014-09-05 12:00:00,,544.918
2014-09-05 13:00:00,,544.921
2014-09-05 14:00:00,,544.942
2014-09-05 15:00:00,,544.948
2014-09-05 16:00:00,,544.945
2014-09-05 17:00:00,,544.936
2014-09-05 18:00:00,,544.929
2014-09-05 19:00:00,,544.928
2014-09-05 20:00:00,,544.918
2014-09-05 21:00:00,,544.905
2014-09-05 22:00:00,,544.902
2014-09-05 23:00:00,,544.91
2014-09-06 00:00:00,,544.906
2014-09-06 01:00:00,,544.918
2014-09-06 02:00:00,,544.927
2014-09-06 03:00:00,,544.93
2014-09-06 04:00:00,,544.931
2014-09-06 05:00:00,,544.927
2014-09-06 06:00:00,,544.915
2014-09-06 07:00:00,,544.912
2014-09-06 08:00:00,,544.915
2014-09-06 09:00:00,,544.907
2014-09-06 10:00:00,,544.909
2014-09-06 11:00:00,,544.91
2014-09-06 12:00:00,,544.922
2014-09-06 13:00:00,,544.919
2014-09-06 14:00:00,,544.927
2014-09-06 15:00:00,,544.94
2014-09-06 16:00:00,,544.942
2014-09-06 17:00:00,,544.942
2014-09-06 18:00:00,,544.933
2014-09-06 19:00:00,,544.922
2014-09-06 20:00:00,,544.913
2014-09-06 21:00:00,,544.919
2014-09-06 22:00:00,,544.917
2014-09-06 23:00:00,,544.905
2014-09-07 00:00:00,,544.92
2014-09-07 01:00:00,,544.91
2014-09-07 02:00:00,,544.922
2014-09-07 03:00:00,,544.925
2014-09-07 04:00:00,,544.926
2014-09-07 05:00:00,,544.923
2014-09-07 06:00:00,,544.923
2014-09-07 07:00:00,,544.918
2014-09-07 08:00:00,,544.907
2014-09-07 09:00:00,,544.897
2014-09-07 10:00:00,,544.897
2014-09-07 11:00:00,,544.914
2014-09-07 12:00:00,,544.918
2014-09-07 13:00:00,,544.928
2014-09-07 14:00:00,,544.935
2014-09-07 15:00:00,,544.943
2014-09-07 16:00:00,,544.944
2014-09-07 17:00:00,,544.938
2014-09-07 18:00:00,,544.944
2014-09-07 19:00:00,,544.926
2014-09-07 20:00:00,,544.925
2014-09-07 21:00:00,,544.915
2014-09-07 22:00:00,,544.917
2014-09-07 23:00:00,,544.919
2014-09-08 00:00:00,,544.914
2014-09-08 01:00:00,,544.924
2014-09-08 02:00:00,,544.932
2014-09-08 03:00:00,,544.932
2014-09-08 04:00:00,,544.928
2014-09-08 05:00:00,,544.93
2014-09-08 06:00:00,,544.926
2014-09-08 07:00:00,,544.913
2014-09-08 08:00:00,,544.915
2014-09-08 09:00:00,,544.906
2014-09-08 10:00:00,,544.905
2014-09-08 11:00:00,,544.916
2014-09-08 12:00:00,,544.929
2014-09-08 13:00:00,,544.932
2014-09-08 14:00:00,,544.942
2014-09-08 15:00:00,,544.944
2014-09-08 16:00:00,,544.955
2014-09-08 17:00:00,,544.96
2014-09-08 18:00:00,,544.956
2014-09-08 19:00:00,,544.945
2014-09-08 20:00:00,,544.937
2014-09-08 21:00:00,,544.934
2014-09-08 22:00:00,,544.924
2014-09-08 23:00:00,,544.922
2014-09-09 00:00:00,,544.928
2014-09-09 01:00:00,,544.919
2014-09-09 02:00:00,,544.929
2014-09-09 03:00:00,,544.936
2014-09-09 04:00:00,,544.933
2014-09-09 05:00:00,,544.932
2014-09-09 06:00:00,,544.932
2014-09-09 07:00:00,,544.932
2014-09-09 08:00:00,,544.914
2014-09-09 09:00:00,,544.92
2014-09-09 10:00:00,,544.923
2014-09-09 11:00:00,,544.913
2014-09-09 12:00:00,,544.926
2014-09-09 13:00:00,,544.925
2014-09-09 14:00:00,,544.934
2014-09-09 15:00:00,,544.935
2014-09-09 16:00:00,,544.951
2014-09-09 17:00:00,,544.946
2014-09-09 18:00:00,,544.941
2014-09-09 19:00:00,,544.934
2014-09-09 20:00:00,,544.93
2014-09-09 21:00:00,,544.913
2014-09-09 22:00:00,,544.915
2014-09-09 23:00:00,,544.917
2014-09-10 00:00:00,,544.907
2014-09-10 01:00:00,,544.917
2014-09-10 02:00:00,,544.92
2014-09-10 03:00:00,,544.916
2014-09-10 04:00:00,,544.915
2014-09-10 05:00:00,,544.925
2014-09-10 06:00:00,,544.915
2014-09-10 07:00:00,,544.903
2014-09-10 08:00:00,,544.906
2014-09-10 09:00:00,,544.898
2014-09-10 10:00:00,,544.895
2014-09-10 11:00:00,,544.899
2014-09-10 12:00:00,,544.9
2014-09-10 13:00:00,,544.921
2014-09-10 14:00:00,,544.929
2014-09-10 15:00:00,,544.933
2014-09-10 16:00:00,,544.942
2014-09-10 17:00:00,,544.944
2014-09-10 18:00:00,,544.939
2014-09-10 19:00:00,,544.922
2014-09-10 20:00:00,,544.923
2014-09-10 21:00:00,,544.917
2014-09-10 22:00:00,,544.913
2014-09-10 23:00:00,,544.916
2014-09-11 00:00:00,,544.91
2014-09-11 01:00:00,,544.919
2014-09-11 02:00:00,,544.925
2014-09-11 03:00:00,,544.924
2014-09-11 04:00:00,,544.929
2014-09-11 05:00:00,,544.929
2014-09-11 06:00:00,,544.911
2014-09-11 07:00:00,,544.905
2014-09-11 08:00:00,,544.905
2014-09-11 09:00:00,,544.902
2014-09-11 10:00:00,,544.896
2014-09-11 11:00:00,,544.895
2014-09-11 12:00:00,,544.907
2014-09-11 13:00:00,,544.922
2014-09-11 14:20:00,,544.93
2014-09-11 14:21:00,,544.93
2014-09-11 14:21:01,,NaN
2024-08-28 16:59:59,,NaN
2024-08-28 17:00:00,,544.0100000000001
2024-08-28 18:00:00,,544.00600842815
2024-08-28 19:00:00,,543.9980168563001
2024-08-28 20:00:00,,543.9950252844501
2024-08-28 21:00:00,,543.9880337126001
2024-08-28 22:00:00,,543.9860421407502
2024-08-28 23:00:00,,543.9880505689002
2024-08-29 00:00:00,,543.9900589970503
2024-08-29 01:00:00,,543.9950674252002
2024-08-29 02:00:00,,544.0010758533502
2024-08-29 03:00:00,,544.0040842815002
2024-08-29 04:00:00,,544.0090927096503
2024-08-29 05:00:00,,544.0051011378004
2024-08-29 06:00:00,,544.0021095659504
2024-08-29 07:00:00,,543.9931179941003
2024-08-29 08:00:00,,543.9891264222504
2024-08-29 09:00:00,,543.9881348504003
2024-08-29 10:00:00,,543.9871432785504
2024-08-29 11:00:00,,543.9921517067004
2024-08-29 12:00:00,,544.0021601348504
2024-08-29 13:00:00,,544.0101685630004
2024-08-29 14:00:00,,544.0211769911505
2024-08-29 15:00:00,,544.0221854193005
2024-08-29 16:00:00,,544.0251938474505
2024-08-29 17:00:00,,544.0242022756006
2024-08-29 18:00:00,,544.0242107037506
2024-08-29 19:00:00,,544.0162191319006
2024-08-29 20:00:00,,544.0072275600506
2024-08-29 21:00:00,,544.0012359882006
2024-08-29 22:00:00,,543.9992444163506
2024-08-29 23:00:00,,544.0012528445006
2024-08-30 00:00:00,,544.0032612726507
2024-08-30 01:00:00,,544.0062697008008
2024-08-30 02:00:00,,544.0142781289508
2024-08-30 03:00:00,,544.0142865571007
2024-08-30 04:00:00,,544.0202949852508
2024-08-30 05:00:00,,544.0183034134008
2024-08-30 06:00:00,,544.0123118415509
2024-08-30 07:00:00,,544.0073202697008
2024-08-30 08:00:00,,544.0003286978508
2024-08-30 09:00:00,,543.9973371260008
2024-08-30 10:00:00,,544.0023455541509
2024-08-30 11:00:00,,544.006353982301
2024-08-30 12:00:00,,544.0163624104509
2024-08-30 13:00:00,,544.027370838601
2024-08-30 14:00:00,,544.030379266751
2024-08-30 15:00:00,,544.035387694901
2024-08-30 16:00:00,,544.034396123051
2024-08-30 17:00:00,,544.035404551201
2024-08-30 18:00:00,,544.0284129793511
2024-08-30 19:00:00,,544.0214214075011
2024-08-30 20:00:00,,544.0164298356511
2024-08-30 21:00:00,,544.0094382638011
2024-08-30 22:00:00,,544.0064466919512
2024-08-30 23:00:00,,544.0074551201012
2024-08-31 00:00:00,,544.0064635482512
2024-08-31 01:00:00,,544.0144719764012
2024-08-31 02:00:00,,544.0164804045512
2024-08-31 03:00:00,,544.0204888327013
2024-08-31 04:00:00,,544.0214972608513
2024-08-31 05:00:00,,544.0235056890014
2024-08-31 06:00:00,,544.0175141171513
2024-08-31 07:00:00,,544.0135225453014
2024-08-31 08:00:00,,544.0075309734514
2024-08-31 09:00:00,,544.0045394016014
2024-08-31 10:00:00,,544.0035478297514
2024-08-31 11:00:00,,544.0085562579014
2024-08-31 12:00:00,,544.0195646860515
2024-08-31 13:00:00,,544.0275731142015
2024-08-31 14:00:00,,544.0335815423515
2024-08-31 15:00:00,,544.0395899705015
2024-08-31 16:00:00,,544.0425983986515
2024-08-31 17:00:00,,544.0406068268015
2024-08-31 18:00:00,,544.0356152549516
2024-08-31 19:00:00,,544.0296236831016
2024-08-31 20:00:00,,544.0206321112516
2024-08-31 21:00:00,,544.0136405394016
2024-08-31 22:00:00,,544.0096489675517
2024-08-31 23:00:00,,544.0086573957017
2024-09-01 00:00:00,,544.0096658238517
2024-09-01 01:00:00,,544.0096742520018
2024-09-01 02:00:00,,544.0126826801518
2024-09-01 03:00:00,,544.0176911083017
2024-09-01 04:00:00,,544.0226995364518
2024-09-01 05:00:00,,544.0217079646018
2024-09-01 06:00:00,,544.0177163927518
2024-09-01 07:00:00,,544.0107248209018
2024-09-01 08:00:00,,544.0097332490519
2024-09-01 09:00:00,,544.006741677202
2024-09-01 10:00:00,,544.004750105352
2024-09-01 11:00:00,,544.0127585335019
2024-09-01 12:00:00,,544.017766961652
2024-09-01 13:00:00,,544.029775389802
2024-09-01 14:00:00,,544.034783817952
2024-09-01 15:00:00,,544.043792246102
2024-09-01 16:00:00,,544.047800674252
2024-09-01 17:00:00,,544.0428091024021
2024-09-01 18:00:00,,544.037817530552
2024-09-01 19:00:00,,544.0328259587021
2024-09-01 20:00:00,,544.0288343868522
2024-09-01 21:00:00,,544.0208428150022
2024-09-01 22:00:00,,544.0178512431522
2024-09-01 23:00:00,,544.0158596713022
2024-09-02 00:00:00,,544.0178680994522
2024-09-02 01:00:00,,544.0208765276022
2024-09-02 02:00:00,,544.0228849557523
2024-09-02 03:00:00,,544.0298933839023
2024-09-02 04:00:00,,544.0309018120523
2024-09-02 05:00:00,,544.0289102402023
2024-09-02 06:00:00,,544.0229186683523
2024-09-02 07:00:00,,544.0179270965024
2024-09-02 08:00:00,,544.0139355246524
2024-09-02 09:00:00,,544.0119439528024
2024-09-02 10:00:00,,544.0069523809524
2024-09-02 11:00:00,,544.0149608091025
2024-09-02 12:00:00,,544.0209692372525
2024-09-02 13:00:00,,544.0299776654025
2024-09-02 14:00:00,,544.0379860935525
2024-09-02 15:00:00,,544.0429945217026
2024-09-02 16:00:00,,544.0440029498526
2024-09-02 17:00:00,,544.0460113780026
2024-09-02 18:00:00,,544.0410198061526
2024-09-02 19:00:00,,544.0310282343027
2024-09-02 20:00:00,,544.0220366624526
2024-09-02 21:00:00,,544.0160450906027
2024-09-02 22:00:00,,544.0080535187527
2024-09-02 23:00:00,,544.0120619469027
2024-09-03 00:00:00,,544.0130703750527
2024-09-03 01:00:00,,544.0230788032028
2024-09-03 02:00:00,,544.0230872313527
2024-09-03 03:00:00,,544.0290956595028
2024-09-03 04:00:00,,544.0371040876528
2024-09-03 05:00:00,,544.0381125158028
2024-09-03 06:00:00,,544.0301209439529
2024-09-03 07:00:00,,544.0281293721029
2024-09-03 08:00:00,,544.0261378002529
2024-09-03 09:00:00,,544.024146228403
2024-09-03 10:00:00,,544.022154656553
2024-09-03 11:00:00,,544.026163084703
2024-09-03 12:00:00,,544.0391715128529
2024-09-03 13:00:00,,544.047179941003
2024-09-03 14:00:00,,544.057188369153
2024-09-03 15:00:00,,544.063196797303
2024-09-03 16:00:00,,544.0632052254531
2024-09-03 17:00:00,,544.0642136536031
2024-09-03 18:00:00,,544.0592220817531
2024-09-03 19:00:00,,544.0512305099031
2024-09-03 20:00:00,,544.0462389380532
2024-09-03 21:00:00,,544.0372473662031
2024-09-03 22:00:00,,544.0362557943532
2024-09-03 23:00:00,,544.0352642225032
2024-09-04 00:00:00,,544.0342726506533
2024-09-04 01:00:00,,544.0382810788033
2024-09-04 02:00:00,,544.0432895069533
2024-09-04 03:00:00,,544.0482979351033
2024-09-04 04:00:00,,544.0513063632533
2024-09-04 05:00:00,,544.0513147914033
2024-09-04 06:00:00,,544.0493232195533
2024-09-04 07:00:00,,544.0463316477034
2024-09-04 08:00:00,,544.0433400758534
2024-09-04 09:00:00,,544.0423485040034
2024-09-04 10:00:00,,544.0413569321535
2024-09-04 11:00:00,,544.0443653603035
2024-09-04 12:00:00,,544.0263737884535
2024-09-04 13:00:00,,544.0063822166035
2024-09-04 14:00:00,,543.9933906447535
2024-09-04 15:00:00,,543.9843990729036
2024-09-04 16:00:00,,543.9734075010535
2024-09-04 17:00:00,,543.9644159292036
2024-09-04 18:00:00,,543.9694243573537
2024-09-04 19:00:00,,543.9904327855037
2024-09-04 20:00:00,,543.9974412136537
2024-09-04 21:00:00,,544.0054496418037
2024-09-04 22:00:00,,544.0084580699537
2024-09-04 23:00:00,,544.0124664981038
2024-09-05 00:00:00,,544.0184749262537
2024-09-05 01:00:00,,544.0244833544037
2024-09-05 02:00:00,,544.0284917825538
2024-09-05 03:00:00,,544.0375002107038
2024-09-05 04:00:00,,544.0355086388538
2024-09-05 05:00:00,,544.0365170670038
2024-09-05 06:00:00,,544.0365254951539
2024-09-05 07:00:00,,544.0325339233038
2024-09-05 08:00:00,,544.025542351454
2024-09-05 09:00:00,,544.0205507796039
2024-09-05 10:00:00,,543.988559207754
2024-09-05 11:00:00,,543.966567635904
2024-09-05 12:00:00,,543.954576064054
2024-09-05 13:00:00,,543.959584492204
2024-09-05 14:00:00,,543.9605929203541
2024-09-05 15:00:00,,543.961601348504
2024-09-05 16:00:00,,543.9556097766541
2024-09-05 17:00:00,,543.9496182048041
2024-09-05 18:00:00,,543.9636266329542
2024-09-05 19:00:00,,543.9786350611041
2024-09-05 20:00:00,,543.9856434892541
2024-09-05 21:00:00,,543.9856519174042
2024-09-05 22:00:00,,543.9896603455542
2024-09-05 23:00:00,,543.9946687737042
2024-09-06 00:00:00,,544.0016772018542
2024-09-06 01:00:00,,544.0046856300042
2024-09-06 02:00:00,,544.0126940581542
2024-09-06 03:00:00,,544.0147024863043
2024-09-06 04:00:00,,544.0217109144544
2024-09-06 05:00:00,,544.0227193426043
2024-09-06 06:00:00,,544.0237277707544
2024-09-06 07:00:00,,544.0227361989043
2024-09-06 08:00:00,,544.0137446270544
2024-09-06 09:00:00,,544.0007530552044
2024-09-06 10:00:00,,543.9697614833544
2024-09-06 11:00:00,,543.9467699115045
2024-09-06 12:00:00,,543.9357783396545
2024-09-06 13:00:00,,543.9307867678045
2024-09-06 14:00:00,,543.9277951959546
2024-09-06 15:00:00,,543.9268036241045
2024-09-06 16:00:00,,543.9188120522546
2024-09-06 17:00:00,,543.9108204804046
2024-09-06 18:00:00,,543.9218289085546
2024-09-06 19:00:00,,543.9428373367047
2024-09-06 20:00:00,,543.9538457648547
2024-09-06 21:00:00,,543.9618541930047
2024-09-06 22:00:00,,543.9708626211548
2024-09-06 23:00:00,,543.9788710493048
2024-09-07 00:00:00,,543.9898794774548
2024-09-07 01:00:00,,543.9988879056048
2024-09-07 02:00:00,,544.0028963337548
2024-09-07 03:00:00,,544.0049047619049
2024-09-07 04:00:00,,544.0039131900548
2024-09-07 05:00:00,,544.0069216182048
2024-09-07 06:00:00,,544.0059300463549
2024-09-07 07:00:00,,543.9999384745049
2024-09-07 08:00:00,,543.9989469026549
2024-09-07 09:00:00,,543.9919553308049
2024-09-07 10:00:00,,543.961963758955
2024-09-07 11:00:00,,543.940972187105
2024-09-07 12:00:00,,543.927980615255
2024-09-07 13:00:00,,543.924989043405
2024-09-07 14:00:00,,543.9219974715551
2024-09-07 15:00:00,,543.921005899705
2024-09-07 16:00:00,,543.9180143278551
2024-09-07 17:00:00,,543.9250227560051
2024-09-07 18:00:00,,543.9450311841551
2024-09-07 19:00:00,,543.9590396123051
2024-09-07 20:00:00,,543.9660480404551
2024-09-07 21:00:00,,543.9720564686052
2024-09-07 22:00:00,,543.9780648967552
2024-09-07 23:00:00,,543.9850733249052
2024-09-08 00:00:00,,543.9860817530553
2024-09-08 01:00:00,,543.9900901812052
2024-09-08 02:00:00,,543.9980986093553
2024-09-08 03:00:00,,544.0001070375054
2024-09-08 04:00:00,,543.9991154656553
2024-09-08 05:00:00,,544.0021238938053
2024-09-08 06:00:00,,544.0031323219554
2024-09-08 07:00:00,,543.9961407501054
2024-09-08 08:00:00,,543.9911491782555
2024-09-08 09:00:00,,543.9941576064055
2024-09-08 10:00:00,,543.9721660345555
2024-09-08 11:00:00,,543.9511744627055
2024-09-08 12:00:00,,543.9351828908555
2024-09-08 13:00:00,,543.9271913190055
2024-09-08 14:00:00,,543.9211997471556
2024-09-08 15:00:00,,543.9162081753055
2024-09-08 16:00:00,,543.9262166034556
2024-09-08 17:00:00,,543.9412250316057
2024-09-08 18:00:00,,543.9572334597557
2024-09-08 19:00:00,,543.9622418879056
2024-09-08 20:00:00,,543.9672503160557
2024-09-08 21:00:00,,543.9732587442057
2024-09-08 22:00:00,,543.9802671723558
2024-09-08 23:00:00,,543.9842756005057
2024-09-09 00:00:00,,543.9942840286558
2024-09-09 01:00:00,,544.0002924568058
2024-09-09 02:00:00,,544.0053008849558
2024-09-09 03:00:00,,544.0073093131058
2024-09-09 04:00:00,,544.0113177412559
2024-09-09 05:00:00,,544.0063261694058
2024-09-09 06:00:00,,544.0053345975559
2024-09-09 07:00:00,,544.002343025706
2024-09-09 08:00:00,,543.9933514538559
2024-09-09 09:00:00,,543.991359882006
2024-09-09 10:00:00,,543.976368310156
2024-09-09 11:00:00,,543.954376738306
2024-09-09 12:00:00,,543.941385166456
2024-09-09 13:00:00,,543.931393594606
2024-09-09 14:00:00,,543.923402022756
2024-09-09 15:00:00,,543.916410450906
2024-09-09 16:00:00,,543.913418879056
2024-09-09 17:00:00,,543.9224273072061
2024-09-09 18:00:00,,543.9364357353561
2024-09-09 19:00:00,,543.9464441635062
2024-09-09 20:00:00,,543.9564525916562
2024-09-09 21:00:00,,543.9584610198062
2024-09-09 22:00:00,,543.9634694479562
2024-09-09 23:00:00,,543.9724778761063
2024-09-10 00:00:00,,543.9784863042563
2024-09-10 01:00:00,,543.9824947324063
2024-09-10 02:00:00,,543.9905031605563
2024-09-10 03:00:00,,543.9925115887063
2024-09-10 04:00:00,,543.9955200168564
2024-09-10 05:00:00,,543.9995284450064
2024-09-10 06:00:00,,543.9965368731564
2024-09-10 07:00:00,,543.9955453013064
2024-09-10 08:00:00,,543.9925537294564
2024-09-10 09:00:00,,543.9825621576065
2024-09-10 10:00:00,,543.9545705857565
2024-09-10 11:00:00,,543.9345790139065
2024-09-10 12:00:00,,543.9205874420566
2024-09-10 13:00:00,,543.9105958702065
2024-09-10 14:00:00,,543.9086042983565
2024-09-10 15:00:00,,543.9046127265066
2024-09-10 16:00:00,,543.9036211546565
2024-09-10 17:00:00,,543.8986295828066
2024-09-10 18:00:00,,543.9056380109566
2024-09-10 19:00:00,,543.9256464391067
2024-09-10 20:00:00,,543.9356548672567
2024-09-10 21:00:00,,543.9416632954067
2024-09-10 22:00:00,,543.9496717235568
2024-09-10 23:00:00,,543.9556801517067
2024-09-11 00:00:00,,543.9606885798568
2024-09-11 01:00:00,,543.9676970080068
2024-09-11 02:00:00,,543.9747054361568
2024-09-11 03:00:00,,543.9787138643069
2024-09-11 04:00:00,,543.9817222924569
2024-09-11 05:00:00,,543.9807307206069
2024-09-11 06:00:00,,543.9777391487569
2024-09-11 07:00:00,,543.9737475769069
2024-09-11 08:00:00,,543.9727560050569
2024-09-11 09:00:00,,543.9647644332069
2024-09-11 10:00:00,,543.932772861357
2024-09-11 11:00:00,,543.915781289507
2024-09-11 12:00:00,,543.9007897176571
2024-09-11 13:00:00,,543.8977981458071
2024-09-11 14:00:00,,543.8958065739571
2024-09-11 15:00:00,,543.8938150021071
2024-09-11 16:00:00,,543.9028234302571
2024-09-11 17:00:00,,543.9048318584071
2024-09-11 18:00:00,,543.9098402865571
2024-09-11 19:00:00,,543.9258487147072
2024-09-11 20:00:00,,543.9358571428572
2024-09-11 21:00:00,,543.9418655710073
2024-09-11 22:00:00,,543.9448739991573
2024-09-11 23:00:00,,543.9478824273073
2024-09-12 00:00:00,,543.9498908554573
2024-09-12 01:00:00,,543.9548992836073
2024-09-12 02:00:00,,543.9539077117573
2024-09-12 03:00:00,,543.9619161399073
2024-09-12 04:00:00,,543.9669245680574
2024-09-12 05:00:00,,543.9689329962074
2024-09-12 06:00:00,,543.9689414243574
2024-09-12 07:00:00,,543.9649498525074
2024-09-12 08:00:00,,543.9629582806574
2024-09-12 09:00:00,,543.9539667088075
2024-09-12 10:00:00,,543.9239751369576
2024-09-12 11:00:00,,543.9039835651075
2024-09-12 12:00:00,,543.8909919932576
2024-09-12 13:00:00,,543.8830004214076
2024-09-12 14:00:00,,543.8820088495576
2024-09-12 15:00:00,,543.8830172777076
2024-09-12 16:00:00,,543.8800257058576
2024-09-12 17:00:00,,543.8720341340077
2024-09-12 18:00:00,,543.8790425621577
2024-09-12 19:00:00,,543.9020509903077
2024-09-12 20:00:00,,543.9060594184577
2024-09-12 21:00:00,,543.9170678466078
2024-09-12 22:00:00,,543.9260762747577
2024-09-12 23:00:00,,543.9340847029077
2024-09-13 00:00:00,,543.9430931310578
2024-09-13 01:00:00,,543.9531015592078
2024-09-13 02:00:00,,543.9621099873578
2024-09-13 03:00:00,,543.9641184155079
2024-09-13 04:00:00,,543.9651268436579
2024-09-13 05:00:00,,543.9661352718078
2024-09-13 06:00:00,,543.9621436999579
2024-09-13 07:00:00,,543.961152128108
2024-09-13 08:00:00,,543.9611605562579
2024-09-13 09:00:00,,543.951168984408
2024-09-13 10:00:00,,543.923177412558
2024-09-13 11:00:00,,543.905185840708
2024-09-13 12:00:00,,543.892194268858
2024-09-13 13:00:00,,543.8922026970081
2024-09-13 14:00:00,,543.8902111251581
2024-09-13 15:00:00,,543.8862195533081
2024-09-13 16:00:00,,543.8792279814581
2024-09-13 17:00:00,,543.8742364096081
2024-09-13 18:00:00,,543.8822448377582
2024-09-13 19:00:00,,543.8992532659082
2024-09-13 20:00:00,,543.9102616940582
2024-09-13 21:00:00,,543.9172701222083
2024-09-13 22:00:00,,543.9242785503583
2024-09-13 23:00:00,,543.9332869785082
2024-09-14 00:00:00,,543.9442954066583
2024-09-14 01:00:00,,543.9493038348083
2024-09-14 02:00:00,,543.9563122629584
2024-09-14 03:00:00,,543.9633206911084
2024-09-14 04:00:00,,543.9643291192584
2024-09-14 05:00:00,,543.9643375474084
2024-09-14 06:00:00,,543.9653459755584
2024-09-14 07:00:00,,543.9653544037085
2024-09-14 08:00:00,,543.9613628318584
2024-09-14 09:00:00,,543.9523712600085
2024-09-14 10:00:00,,543.9243796881585
2024-09-14 11:00:00,,543.9013881163086
2024-09-14 12:00:00,,543.8903965444586
2024-09-14 13:00:00,,543.8844049726085
2024-09-14 14:00:00,,543.8814134007586
2024-09-14 15:00:00,,543.8784218289086
2024-09-14 16:00:00,,543.8734302570587
2024-09-14 17:00:00,,543.8694386852087
2024-09-14 18:00:00,,543.8794471133587
2024-09-14 19:00:00,,543.8964555415087
2024-09-14 20:00:00,,543.9024639696587
2024-09-14 21:00:00,,543.9094723978087
2024-09-14 22:00:00,,543.9184808259588
2024-09-14 23:00:00,,543.9274892541088
2024-09-15 00:00:00,,543.9344976822588
2024-09-15 01:00:00,,543.9435061104089
2024-09-15 02:00:00,,543.9505145385589
2024-09-15 03:00:00,,543.9535229667089
2024-09-15 04:00:00,,543.9565313948589
2024-09-15 05:00:00,,543.9565398230089
2024-09-15 06:00:00,,543.953548251159
2024-09-15 07:00:00,,543.9485566793089
2024-09-15 08:00:00,,543.948565107459
2024-09-15 09:00:00,,543.936573535609
2024-09-15 10:00:00,,543.908581963759
2024-09-15 11:00:00,,543.885590391909
2024-09-15 12:00:00,,543.8735988200591
2024-09-15 13:00:00,,543.8666072482091
2024-09-15 14:00:00,,543.862615676359
2024-09-15 15:00:00,,543.8626241045091
2024-09-15 16:00:00,,543.8586325326592
2024-09-15 17:00:00,,543.8526409608091
2024-09-15 18:00:00,,543.8656493889591
2024-09-15 19:00:00,,543.8806578171092
2024-09-15 20:00:00,,543.8926662452592
2024-09-15 21:00:00,,543.8996746734092
2024-09-15 22:00:00,,543.9036831015593
2024-09-15 23:00:00,,543.9096915297093
2024-09-16 00:00:00,,543.9186999578593
2024-09-16 01:00:00,,543.9267083860093
2024-09-16 02:00:00,,543.9327168141593
2024-09-16 03:00:00,,543.9357252423093
2024-09-16 04:00:00,,543.9417336704594
2024-09-16 05:00:00,,543.9397420986094
2024-09-16 06:00:00,,543.9387505267595
2024-09-16 07:00:00,,543.9377589549094
2024-09-16 08:00:00,,543.9337673830595
2024-09-16 09:00:00,,543.9247758112095
2024-09-16 10:00:00,,543.8927842393596
2024-09-16 11:00:00,,543.8737926675095
2024-09-16 12:00:00,,543.8558010956596
2024-09-16 13:00:00,,543.8518095238096
2024-09-16 14:00:00,,543.8488179519596
2024-09-16 15:00:00,,543.8508263801097
2024-09-16 16:00:00,,543.8518348082597
2024-09-16 17:00:00,,543.8698432364097
2024-09-16 18:00:00,,543.8828516645597
2024-09-16 19:00:00,,543.8948600927097
2024-09-16 20:00:00,,543.8998685208597
2024-09-16 21:00:00,,543.9038769490097
2024-09-16 22:00:00,,543.9068853771598
2024-09-16 23:00:00,,543.9118938053098
2024-09-17 00:00:00,,543.9179022334598
2024-09-17 01:00:00,,543.9279106616099
2024-09-17 02:00:00,,543.9399190897599
2024-09-17 03:00:00,,543.9449275179098
2024-09-17 04:00:00,,543.9469359460599
2024-09-17 05:00:00,,543.9479443742099
2024-09-17 06:00:00,,543.9449528023599
2024-09-17 07:00:00,,543.9429612305099
2024-09-17 08:00:00,,543.93696965866
2024-09-17 09:00:00,,543.93597808681
2024-09-17 10:00:00,,543.91998651496
2024-09-17 11:00:00,,543.90299494311
2024-09-17 12:00:00,,543.8820033712601
2024-09-17 13:00:00,,543.8710117994101
2024-09-17 14:00:00,,543.8690202275601
2024-09-17 15:00:00,,543.8580286557101
2024-09-17 16:00:00,,543.8610370838602
2024-09-17 17:00:00,,543.8590455120102
2024-09-17 18:00:00,,543.8770539401602
2024-09-17 19:00:00,,543.8900623683102
2024-09-17 20:00:00,,543.9000707964602
2024-09-17 21:00:00,,543.9030792246102
2024-09-17 22:00:00,,543.9090876527603
2024-09-17 23:00:00,,543.9130960809103
2024-09-18 00:00:00,,543.9211045090603
2024-09-18 01:00:00,,543.9251129372103
2024-09-18 02:00:00,,543.9331213653603
2024-09-18 03:00:00,,543.9431297935104
2024-09-18 04:00:00,,543.9511382216604
2024-09-18 05:00:00,,543.9491466498105
2024-09-18 06:00:00,,543.9431550779605
2024-09-18 07:00:00,,543.9421635061104
2024-09-18 08:00:00,,543.9411719342605
2024-09-18 09:00:00,,543.9261803624105
2024-09-18 10:00:00,,543.8951887905605
2024-09-18 11:00:00,,543.8721972187105
2024-09-18 12:00:00,,543.8632056468606
2024-09-18 13:00:00,,543.8602140750106
2024-09-18 14:00:00,,543.8572225031606
2024-09-18 15:00:00,,543.8562309313106
2024-09-18 16:00:00,,543.8542393594606
2024-09-18 17:00:00,,543.8492477876107
2024-09-18 18:00:00,,543.8642562157607
2024-09-18 19:00:00,,543.8802646439107
2024-09-18 20:00:00,,543.8902730720607
2024-09-18 21:00:00,,543.8952815002108
2024-09-18 22:00:00,,543.8972899283608
2024-09-18 23:00:00,,543.9042983565108
2024-09-19 00:00:00,,543.9103067846609
2024-09-19 01:00:00,,543.9193152128108
2024-09-19 02:00:00,,543.9263236409608
2024-09-19 03:00:00,,543.9313320691109
2024-09-19 04:00:00,,543.9393404972609
2024-09-19 05:00:00,,543.9373489254109
2024-09-19 06:00:00,,543.936357353561
2024-09-19 07:00:00,,543.933365781711
2024-09-19 08:00:00,,543.926374209861
2024-09-19 09:00:00,,543.917382638011
2024-09-19 10:00:00,,543.885391066161
2024-09-19 11:00:00,,543.8613994943111
2024-09-19 12:00:00,,543.850407922461
2024-09-19 13:00:00,,543.8474163506111
2024-09-19 14:00:00,,543.8424247787611
2024-09-19 15:00:00,,543.8414332069111
2024-09-19 16:00:00,,543.8404416350612
2024-09-19 17:00:00,,543.8404500632112
2024-09-19 18:00:00,,543.8554584913612
2024-09-19 19:00:00,,543.8724669195112
2024-09-19 20:00:00,,543.8844753476612
2024-09-19 21:00:00,,543.8884837758112
2024-09-19 22:00:00,,543.8974922039613
2024-09-19 23:00:00,,543.9035006321113
2024-09-20 00:00:00,,543.9045090602614
2024-09-20 01:00:00,,543.9135174884113
2024-09-20 02:00:00,,543.9165259165613
2024-09-20 03:00:00,,543.9255343447114
2024-09-20 04:00:00,,543.9275427728614
2024-09-20 05:00:00,,543.9295512010115
2024-09-20 06:00:00,,543.9275596291615
2024-09-20 07:00:00,,543.9235680573115
2024-09-20 08:00:00,,543.9235764854615
2024-09-20 09:00:00,,543.9105849136115
2024-09-20 10:00:00,,543.8775933417616
2024-09-20 11:00:00,,543.8576017699115
2024-09-20 12:00:00,,543.8436101980616
2024-09-20 13:00:00,,543.8386186262117
2024-09-20 14:00:00,,543.8406270543617
2024-09-20 15:00:00,,543.8426354825117
2024-09-20 16:00:00,,543.8376439106617
2024-09-20 17:00:00,,543.8396523388117
2024-09-20 18:00:00,,543.8506607669617
2024-09-20 19:00:00,,543.8676691951117
2024-09-20 20:00:00,,543.8786776232618
2024-09-20 21:00:00,,543.8846860514118
2024-09-20 22:00:00,,543.8916944795618
2024-09-20 23:00:00,,543.8967029077119
2024-09-21 00:00:00,,543.9037113358619
2024-09-21 01:00:00,,543.9077197640119
2024-09-21 02:00:00,,543.9167281921618
2024-09-21 03:00:00,,543.9227366203119
2024-09-21 04:00:00,,543.9227450484619
2024-09-21 05:00:00,,543.9207534766119
2024-09-21 06:00:00,,543.921761904762
2024-09-21 07:00:00,,543.919770332912
2024-09-21 08:00:00,,543.915778761062
2024-09-21 09:00:00,,543.906787189212
2024-09-21 10:00:00,,543.882795617362
2024-09-21 11:00:00,,543.8588040455121
2024-09-21 12:00:00,,543.8468124736621
2024-09-21 13:00:00,,543.8458209018121
2024-09-21 14:00:00,,543.8428293299621
2024-09-21 15:00:00,,543.8408377581121
2024-09-21 16:00:00,,543.8608461862622
2024-09-21 17:00:00,,543.8768546144122
2024-09-21 18:00:00,,543.8888630425622
2024-09-21 19:00:00,,543.8978714707123
2024-09-21 20:00:00,,543.8988798988622
2024-09-21 21:00:00,,543.9008883270122
2024-09-21 22:00:00,,543.9018967551623
2024-09-21 23:00:00,,543.9059051833124
2024-09-22 00:00:00,,543.9109136114623
2024-09-22 01:00:00,,543.9189220396123
2024-09-22 02:00:00,,543.9219304677624
2024-09-22 03:00:00,,543.9199388959124
2024-09-22 04:00:00,,543.9189473240624
2024-09-22 05:00:00,,543.9179557522125
2024-09-22 06:00:00,,543.9139641803624
2024-09-22 07:00:00,,543.9129726085125
2024-09-22 08:00:00,,543.9109810366625
2024-09-22 09:00:00,,543.9029894648125
2024-09-22 10:00:00,,543.8679978929625
2024-09-22 11:00:00,,543.8480063211126
2024-09-22 12:00:00,,543.8400147492625
2024-09-22 13:00:00,,543.8380231774127
2024-09-22 14:00:00,,543.8340316055626
2024-09-22 15:00:00,,543.8400400337126
2024-09-22 16:00:00,,543.8430484618626
2024-09-22 17:00:00,,543.8400568900126
2024-09-22 18:00:00,,543.8480653181628
2024-09-22 19:00:00,,543.8660737463127
2024-09-22 20:00:00,,543.8740821744627
2024-09-22 21:00:00,,543.8840906026128
2024-09-22 22:00:00,,543.8880990307628
2024-09-22 23:00:00,,543.8991074589128
2024-09-23 00:00:00,,543.9081158870629
2024-09-23 01:00:00,,543.9121243152128
2024-09-23 02:00:00,,543.9211327433629
2024-09-23 03:00:00,,543.9201411715129
2024-09-23 04:00:00,,543.920149599663
2024-09-23 05:00:00,,543.917158027813
2024-09-23 06:00:00,,543.9131664559629
2024-09-23 07:00:00,,543.910174884113
2024-09-23 08:00:00,,543.913183312263
2024-09-23 09:00:00,,543.908191740413
2024-09-23 10:00:00,,543.907200168563
2024-09-23 11:00:00,,543.9162085967131
2024-09-23 12:00:00,,543.906217024863
2024-09-23 13:00:00,,543.9082254530131
2024-09-23 14:00:00,,543.9032338811631
2024-09-23 15:00:00,,543.8932423093131
2024-09-23 16:00:00,,543.8842507374632
2024-09-23 17:00:00,,543.8932591656132
2024-09-23 18:00:00,,543.9032675937632
2024-09-23 19:00:00,,543.9012760219132
2024-09-23 20:00:00,,543.9062844500633
2024-09-23 21:00:00,,543.9152928782133
2024-09-23 22:00:00,,543.9203013063633
2024-09-23 23:00:00,,543.9243097345134
2024-09-24 00:00:00,,543.9293181626633
2024-09-24 01:00:00,,543.9353265908134
2024-09-24 02:00:00,,543.9353350189634
2024-09-24 03:00:00,,543.9453434471134
2024-09-24 04:00:00,,543.9373518752634
2024-09-24 05:00:00,,543.9333603034135
2024-09-24 06:00:00,,543.9253687315635
2024-09-24 07:00:00,,543.9163771597135
2024-09-24 08:00:00,,543.9113855878635
2024-09-24 09:00:00,,543.9233940160135
2024-09-24 10:00:00,,543.9244024441635
2024-09-24 11:00:00,,543.9174108723136
2024-09-24 12:00:00,,543.9284193004636
2024-09-24 13:00:00,,543.9354277286136
2024-09-24 14:00:00,,543.9344361567637
2024-09-24 15:00:00,,543.9164445849136
2024-09-24 16:00:00,,543.8994530130636
2024-09-24 17:00:00,,543.8944614412137
2024-09-24 18:00:00,,543.9044698693638
2024-09-24 19:00:00,,543.9134782975137
2024-09-24 20:00:00,,543.9154867256638
2024-09-24 21:00:00,,543.9204951538138
2024-09-24 22:00:00,,543.9205035819638
2024-09-24 23:00:00,,543.9245120101139
2024-09-25 00:00:00,,543.9305204382639
2024-09-25 01:00:00,,543.9395288664139
2024-09-25 02:00:00,,543.9405372945639
2024-09-25 03:00:00,,543.946545722714
2024-09-25 04:00:00,,543.944554150864
2024-09-25 05:00:00,,543.9435625790139
2024-09-25 06:00:00,,543.943571007164
2024-09-25 07:00:00,,543.938579435314
2024-09-25 08:00:00,,543.928587863464
2024-09-25 09:00:00,,543.9285962916141
2024-09-25 10:00:00,,543.9216047197641
2024-09-25 11:00:00,,543.9066131479141
2024-09-25 12:00:00,,543.8996215760641
2024-09-25 13:00:00,,543.8926300042141
2024-09-25 14:00:00,,543.8876384323642
2024-09-25 15:00:00,,543.8856468605142
2024-09-25 16:00:00,,543.8916552886642
2024-09-25 17:00:00,,543.9006637168142
2024-09-25 18:00:00,,543.9006721449642
2024-09-25 19:00:00,,543.9026805731143
2024-09-25 20:00:00,,543.9076890012643
2024-09-25 21:00:00,,543.9066974294143
2024-09-25 22:00:00,,543.9117058575644
2024-09-25 23:00:00,,543.9157142857143
2024-09-26 00:00:00,,543.9177227138644
2024-09-26 01:00:00,,543.9247311420144
2024-09-26 02:00:00,,543.9267395701644
2024-09-26 03:00:00,,543.9297479983144
2024-09-26 04:00:00,,543.9267564264644
2024-09-26 05:00:00,,543.9267648546145
2024-09-26 06:00:00,,543.9237732827645
2024-09-26 07:00:00,,543.9227817109145
2024-09-26 08:00:00,,543.9187901390645
2024-09-26 09:00:00,,543.9067985672145
2024-09-26 10:00:00,,543.8788069953646
2024-09-26 11:00:00,,543.8638154235146
2024-09-26 12:00:00,,543.8508238516646
2024-09-26 13:00:00,,543.8478322798146
2024-09-26 14:00:00,,543.8458407079646
2024-09-26 15:00:00,,543.8448491361147
2024-09-26 16:00:00,,543.8398575642647
2024-09-26 17:00:00,,543.8388659924148
2024-09-26 18:00:00,,543.8508744205648
2024-09-26 19:00:00,,543.8668828487148
2024-09-26 20:00:00,,543.8728912768648
2024-09-26 21:00:00,,543.8818997050148
2024-09-26 22:00:00,,543.8859081331648
2024-09-26 23:00:00,,543.8939165613149
2024-09-27 00:00:00,,543.9019249894649
2024-09-27 01:00:00,,543.9139334176149
2024-09-27 02:00:00,,543.9219418457649
2024-09-27 03:00:00,,543.925950273915
2024-09-27 04:00:00,,543.927958702065
2024-09-27 05:00:00,,543.926967130215
2024-09-27 06:00:00,,543.927975558365
2024-09-27 07:00:00,,543.922983986515
2024-09-27 08:00:00,,543.9169924146651
2024-09-27 09:00:00,,543.9040008428151
2024-09-27 10:00:00,,543.8780092709651
2024-09-27 11:00:00,,543.8580176991151
2024-09-27 12:00:00,,543.8500261272651
2024-09-27 13:00:00,,543.8460345554151
2024-09-27 14:00:00,,543.8430429835652
2024-09-27 15:00:00,,543.8410514117152
2024-09-27 16:00:00,,543.8390598398652
2024-09-27 17:00:00,,543.8360682680152
2024-09-27 18:00:00,,543.8460766961653
2024-09-27 19:00:00,,543.8620851243153
2024-09-27 20:00:00,,543.8700935524653
2024-09-27 21:00:00,,543.8771019806153
2024-09-27 22:00:00,,543.8861104087654
2024-09-27 23:00:00,,543.8921188369153
2024-09-28 00:00:00,,543.9001272650654
2024-09-28 01:00:00,,543.9111356932154
2024-09-28 02:00:00,,543.9191441213654
2024-09-28 03:00:00,,543.9231525495154
2024-09-28 04:00:00,,543.9261609776654
2024-09-28 05:00:00,,543.9251694058155
2024-09-28 06:00:00,,543.9211778339655
2024-09-28 07:00:00,,543.9161862621155
2024-09-28 08:00:00,,543.9131946902655
2024-09-28 09:00:00,,543.9032031184156
2024-09-28 10:00:00,,543.8772115465656
2024-09-28 11:00:00,,543.8572199747156
2024-09-28 12:00:00,,543.8492284028656
2024-09-28 13:00:00,,543.8452368310157
2024-09-28 14:00:00,,543.8442452591656
2024-09-28 15:00:00,,543.8442536873157
2024-09-28 16:00:00,,543.8392621154657
2024-09-28 17:00:00,,543.8372705436158
2024-09-28 18:00:00,,543.8562789717657
2024-09-28 19:00:00,,543.8712873999158
2024-09-28 20:00:00,,543.8772958280658
2024-09-28 21:00:00,,543.8813042562158
2024-09-28 22:00:00,,543.8833126843658
2024-09-28 23:00:00,,543.8913211125158
2024-09-29 00:00:00,,543.9003295406659
2024-09-29 01:00:00,,543.9093379688159
2024-09-29 02:00:00,,543.9163463969659
2024-09-29 03:00:00,,543.919354825116
2024-09-29 04:00:00,,543.923363253266
2024-09-29 05:00:00,,543.9223716814159
2024-09-29 06:00:00,,543.913380109566
2024-09-29 07:00:00,,543.9083885377161
2024-09-29 08:00:00,,543.904396965866
2024-09-29 09:00:00,,543.8934053940161
2024-09-29 10:00:00,,543.8674138221661
2024-09-29 11:00:00,,543.8474222503161
2024-09-29 12:00:00,,543.8374306784661
2024-09-29 13:00:00,,543.8364391066161
2024-09-29 14:00:00,,543.8334475347662
2024-09-29 15:00:00,,543.8464559629161
2024-09-29 16:00:00,,543.8414643910662
2024-09-29 17:00:00,,543.8474728192163
2024-09-29 18:00:00,,543.8624812473663
2024-09-29 19:00:00,,543.8564896755163
2024-09-29 20:00:00,,543.8694981036663
2024-09-29 21:00:00,,543.8725065318163
2024-09-29 22:00:00,,543.8805149599664
2024-09-29 23:00:00,,543.8835233881164
2024-09-30 00:00:00,,543.8935318162664
2024-09-30 01:00:00,,543.8985402444164
2024-09-30 02:00:00,,543.9075486725665
2024-09-30 03:00:00,,543.9155571007165
2024-09-30 04:00:00,,543.9175655288665
2024-09-30 05:00:00,,543.9195739570165
2024-09-30 06:00:00,,543.9145823851666
2024-09-30 07:00:00,,543.9085908133166
2024-09-30 08:00:00,,543.9035992414665
2024-09-30 09:00:00,,543.8946076696166
2024-09-30 10:00:00,,543.8606160977666
2024-09-30 11:00:00,,543.8426245259166
2024-09-30 12:00:00,,543.8356329540667
2024-09-30 13:00:00,,543.8326413822167
2024-09-30 14:00:00,,543.8286498103666
2024-09-30 15:00:00,,543.8276582385167
2024-09-30 16:00:00,,543.8286666666668
2024-09-30 17:00:00,,543.8266750948168
2024-09-30 18:00:00,,543.8376835229668
2024-09-30 19:00:00,,543.8546919511168
2024-09-30 20:00:00,,543.8647003792668
2024-09-30 21:00:00,,543.8647088074168
2024-09-30 22:00:00,,543.8697172355669
2024-09-30 23:00:00,,543.8787256637169
2024-10-01 00:00:00,,543.8917340918669
2024-10-01 01:00:00,,543.9017425200169
2024-10-01 02:00:00,,543.907750948167
2024-10-01 03:00:00,,543.9157593763169
2024-10-01 04:00:00,,543.9147678044669
2024-10-01 05:00:00,,543.915776232617
2024-10-01 06:00:00,,543.9097846607671
2024-10-01 07:00:00,,543.903793088917
2024-10-01 08:00:00,,543.8998015170671
2024-10-01 09:00:00,,543.894809945217
2024-10-01 10:00:00,,543.8708183733671
2024-10-01 11:00:00,,543.8488268015171
2024-10-01 12:00:00,,543.8368352296671
2024-10-01 13:00:00,,543.8308436578171
2024-10-01 14:00:00,,543.8318520859672
2024-10-01 15:00:00,,543.8328605141172
2024-10-01 16:00:00,,543.8308689422672
2024-10-01 17:00:00,,543.8348773704173
2024-10-01 18:00:00,,543.8648857985672
2024-10-01 19:00:00,,543.8688942267173
2024-10-01 20:00:00,,543.8739026548673
2024-10-01 21:00:00,,543.8759110830173
2024-10-01 22:00:00,,543.8799195111674
2024-10-01 23:00:00,,543.8859279393174
2024-10-02 00:00:00,,543.8909363674674
2024-10-02 01:00:00,,543.8999447956174
2024-10-02 02:00:00,,543.9059532237675
2024-10-02 03:00:00,,543.9109616519174
2024-10-02 04:00:00,,543.9139700800674
2024-10-02 05:00:00,,543.9149785082175
2024-10-02 06:00:00,,543.9119869363675
2024-10-02 07:00:00,,543.9079953645175
2024-10-02 08:00:00,,543.9060037926675
2024-10-02 09:00:00,,543.8960122208176
2024-10-02 10:00:00,,543.8640206489677
2024-10-02 11:00:00,,543.8460290771176
2024-10-02 12:00:00,,543.8360375052677
2024-10-02 13:00:00,,543.8330459334177
2024-10-02 14:00:00,,543.8320543615677
2024-10-02 15:00:00,,543.8310627897177
2024-10-02 16:00:00,,543.8280712178678
2024-10-02 17:00:00,,543.8250796460178
2024-10-02 18:00:00,,543.8370880741678
2024-10-02 19:00:00,,543.8510965023178
2024-10-02 20:00:00,,543.8631049304678
2024-10-02 21:00:00,,543.8671133586179
2024-10-02 22:00:00,,543.8721217867678
2024-10-02 23:00:00,,543.8791302149178
2024-10-03 00:00:00,,543.8881386430679
2024-10-03 01:00:00,,543.8961470712179
2024-10-03 02:00:00,,543.8991554993679
2024-10-03 03:00:00,,543.908163927518
2024-10-03 04:00:00,,543.912172355668
2024-10-03 05:00:00,,543.914180783818
2024-10-03 06:00:00,,543.912189211968
2024-10-03 07:00:00,,543.904197640118
2024-10-03 08:00:00,,543.8992060682681
2024-10-03 09:00:00,,543.8872144964181
2024-10-03 10:00:00,,543.8602229245681
2024-10-03 11:00:00,,543.8432313527181
2024-10-03 12:00:00,,543.8312397808681
2024-10-03 13:00:00,,543.8272482090182
2024-10-03 14:00:00,,543.8242566371682
2024-10-03 15:00:00,,543.8262650653182
2024-10-03 16:00:00,,543.8272734934683
2024-10-03 17:00:00,,543.8262819216183
2024-10-03 18:00:00,,543.8352903497682
2024-10-03 19:00:00,,543.8532987779183
2024-10-03 20:00:00,,543.8603072060683
2024-10-03 21:00:00,,543.8653156342183
2024-10-03 22:00:00,,543.8663240623683
2024-10-03 23:00:00,,543.8733324905184
2024-10-04 00:00:00,,543.8813409186685
2024-10-04 01:00:00,,543.8893493468184
2024-10-04 02:00:00,,543.8973577749684
2024-10-04 03:00:00,,543.9073662031185
2024-10-04 04:00:00,,543.9143746312685
2024-10-04 05:00:00,,543.9183830594185
2024-10-04 06:00:00,,543.9123914875686
2024-10-04 07:00:00,,543.9053999157186
2024-10-04 08:00:00,,543.9104083438685
2024-10-04 09:00:00,,543.8994167720186
2024-10-04 10:00:00,,543.8734252001686
2024-10-04 11:00:00,,543.8524336283186
2024-10-04 12:00:00,,543.8404420564686
2024-10-04 13:00:00,,543.8304504846187
2024-10-04 14:00:00,,543.8294589127687
2024-10-04 15:00:00,,543.8254673409187
2024-10-04 16:00:00,,543.8264757690688
2024-10-04 17:00:00,,543.8274841972187
2024-10-04 18:00:00,,543.8404926253688
2024-10-04 19:00:00,,543.8535010535188
2024-10-04 20:00:00,,543.8645094816688
2024-10-04 21:00:00,,543.8675179098188
2024-10-04 22:00:00,,543.8705263379688
2024-10-04 23:00:00,,543.8765347661189
2024-10-05 00:00:00,,543.880543194269
2024-10-05 01:00:00,,543.8845516224189
2024-10-05 02:00:00,,543.890560050569
2024-10-05 03:00:00,,543.898568478719
2024-10-05 04:00:00,,543.902576906869
2024-10-05 05:00:00,,543.904585335019
2024-10-05 06:00:00,,543.904593763169
2024-10-05 07:00:00,,543.9046021913191
2024-10-05 08:00:00,,543.8986106194691
2024-10-05 09:00:00,,543.8896190476191
2024-10-05 10:00:00,,543.8626274757692
2024-10-05 11:00:00,,543.8406359039192
2024-10-05 12:00:00,,543.8276443320692
2024-10-05 13:00:00,,543.8236527602191
2024-10-05 14:00:00,,543.8236611883692
2024-10-05 15:00:00,,543.8236696165193
2024-10-05 16:00:00,,543.8206780446692
2024-10-05 17:00:00,,543.8156864728193
2024-10-05 18:00:00,,543.8276949009693
2024-10-05 19:00:00,,543.8437033291193
2024-10-05 20:00:00,,543.8537117572694
2024-10-05 21:00:00,,543.8567201854194
2024-10-05 22:00:00,,543.8657286135693
2024-10-05 23:00:00,,543.8707370417194
2024-10-06 00:00:00,,543.8767454698694
2024-10-06 01:00:00,,543.8787538980195
2024-10-06 02:00:00,,543.8857623261695
2024-10-06 03:00:00,,543.8917707543195
2024-10-06 04:00:00,,543.8957791824695
2024-10-06 05:00:00,,543.8937876106195
2024-10-06 06:00:00,,543.8887960387696
2024-10-06 07:00:00,,543.8908044669196
2024-10-06 08:00:00,,543.8878128950696
2024-10-06 09:00:00,,543.8778213232196
2024-10-06 10:00:00,,543.8518297513697
2024-10-06 11:00:00,,543.8318381795197
2024-10-06 12:00:00,,543.8228466076697
2024-10-06 13:00:00,,543.8138550358196
2024-10-06 14:00:00,,543.8158634639697
2024-10-06 15:00:00,,543.8138718921198
2024-10-06 16:00:00,,543.8158803202698
2024-10-06 17:00:00,,543.8158887484198
2024-10-06 18:00:00,,543.8288971765699
2024-10-06 19:00:00,,543.8429056047198
2024-10-06 20:00:00,,543.8519140328698
2024-10-06 21:00:00,,543.8569224610198
2024-10-06 22:00:00,,543.8649308891698
2024-10-06 23:00:00,,543.8649393173199
2024-10-07 00:00:00,,543.86994774547
2024-10-07 01:00:00,,543.8759561736199
2024-10-07 02:00:00,,543.88496460177
2024-10-07 03:00:00,,543.8899730299199
2024-10-07 04:00:00,,543.89098145807
2024-10-07 05:00:00,,543.8939898862201
2024-10-07 06:00:00,,543.8909983143701
2024-10-07 07:00:00,,543.8900067425201
2024-10-07 08:00:00,,543.8880151706701
2024-10-07 09:00:00,,543.8770235988201
2024-10-07 10:00:00,,543.8500320269701
2024-10-07 11:00:00,,543.8340404551202
2024-10-07 12:00:00,,543.8220488832702
2024-10-07 13:00:00,,543.8160573114202
2024-10-07 14:00:00,,543.8140657395702
2024-10-07 15:00:00,,543.8140741677203
2024-10-07 16:00:00,,543.8140825958702
2024-10-07 17:00:00,,543.8240910240203
2024-10-07 18:00:00,,543.8430994521703
2024-10-07 19:00:00,,543.8491078803203
2024-10-07 20:00:00,,543.8541163084703
2024-10-07 21:00:00,,543.8631247366204
2024-10-07 22:00:00,,543.8661331647704
2024-10-07 23:00:00,,543.8731415929204
2024-10-08 00:00:00,,543.8781500210704
2024-10-08 01:00:00,,543.8891584492204
2024-10-08 02:00:00,,543.8891668773705
2024-10-08 03:00:00,,543.8951753055205
2024-10-08 04:00:00,,543.8981837336705
2024-10-08 05:00:00,,543.8931921618205
2024-10-08 06:00:00,,543.8922005899706
2024-10-08 07:00:00,,543.8872090181205
2024-10-08 08:00:00,,543.8892174462705
2024-10-08 09:00:00,,543.8762258744206
2024-10-08 10:00:00,,543.8522343025707
2024-10-08 11:00:00,,543.8322427307206
2024-10-08 12:00:00,,543.8212511588707
2024-10-08 13:00:00,,543.8182595870207
2024-10-08 14:00:00,,543.8162680151707
2024-10-08 15:00:00,,543.8232764433208
2024-10-08 16:00:00,,543.8172848714707
2024-10-08 17:00:00,,543.8242932996208
2024-10-08 18:00:00,,543.8343017277708
2024-10-08 19:00:00,,543.8463101559208
2024-10-08 20:00:00,,543.8533185840708
2024-10-08 21:00:00,,543.8603270122209
2024-10-08 22:00:00,,543.8703354403709
2024-10-08 23:00:00,,543.8723438685209
2024-10-09 00:00:00,,543.879352296671
2024-10-09 01:00:00,,543.885360724821
2024-10-09 02:00:00,,543.894369152971
2024-10-09 03:00:00,,543.895377581121
2024-10-09 04:00:00,,543.893386009271
2024-10-09 05:00:00,,543.8933944374211
2024-10-09 06:00:00,,543.8874028655711
2024-10-09 07:00:00,,543.8844112937211
2024-10-09 08:00:00,,543.8844197218712
2024-10-09 09:00:00,,543.8794281500211
2024-10-09 10:00:00,,543.8514365781712
2024-10-09 11:00:00,,543.8334450063212
2024-10-09 12:00:00,,543.8234534344712
2024-10-09 13:00:00,,543.8184618626212
2024-10-09 14:00:00,,543.8174702907712
2024-10-09 15:00:00,,543.8114787189213
2024-10-09 16:00:00,,543.8094871470713
2024-10-09 17:00:00,,543.8114955752213
2024-10-09 18:00:00,,543.8285040033713
2024-10-09 19:00:00,,543.8455124315213
2024-10-09 20:00:00,,543.8525208596714
2024-10-09 21:00:00,,543.8555292878214
2024-10-09 22:00:00,,543.8615377159714
2024-10-09 23:00:00,,543.8685461441214
2024-10-10 00:00:00,,543.8795545722714
2024-10-10 01:00:00,,543.8825630004214
2024-10-10 02:00:00,,543.8875714285715
2024-10-10 03:00:00,,543.8935798567215
2024-10-10 04:00:00,,543.8945882848715
2024-10-10 05:00:00,,543.8915967130215
2024-10-10 06:00:00,,543.8876051411715
2024-10-10 07:00:00,,543.8876135693216
2024-10-10 08:00:00,,543.8846219974716
2024-10-10 09:00:00,,543.8736304256216
2024-10-10 10:00:00,,543.8416388537717
2024-10-10 11:00:00,,543.8276472819217
2024-10-10 12:00:00,,543.8166557100717
2024-10-10 13:00:00,,543.8106641382217
2024-10-10 14:00:00,,543.8066725663717
2024-10-10 15:00:00,,543.8036809945218
2024-10-10 16:00:00,,543.8016894226718
2024-10-10 17:00:00,,543.7976978508218
2024-10-10 18:00:00,,543.8117062789718
2024-10-10 19:00:00,,543.8257147071218
2024-10-10 20:00:00,,543.8347231352718
2024-10-10 21:00:00,,543.8397315634219
2024-10-10 22:00:00,,543.8487399915718
2024-10-10 23:00:00,,543.8587484197219
2024-10-11 00:00:00,,543.868756847872
2024-10-11 01:00:00,,543.874765276022
2024-10-11 02:00:00,,543.881773704172
2024-10-11 03:00:00,,543.890782132322
2024-10-11 04:00:00,,543.8897905604721
2024-10-11 05:00:00,,543.889798988622
2024-10-11 06:00:00,,543.887807416772
2024-10-11 07:00:00,,543.8838158449221
2024-10-11 08:00:00,,543.8818242730721
2024-10-11 09:00:00,,543.8718327012222
2024-10-11 10:00:00,,543.8478411293721
2024-10-11 11:00:00,,543.8308495575221
2024-10-11 12:00:00,,543.8198579856722
2024-10-11 13:00:00,,543.8218664138222
2024-10-11 14:00:00,,543.8128748419722
2024-10-11 15:00:00,,543.8058832701223
2024-10-11 16:00:00,,543.8028916982723
2024-10-11 17:00:00,,543.7999001264224
2024-10-11 18:00:00,,543.8189085545723
2024-10-11 19:00:00,,543.8319169827223
2024-10-11 20:00:00,,543.8399254108724
2024-10-11 21:00:00,,543.8489338390224
2024-10-11 22:00:00,,543.8539422671724
2024-10-11 23:00:00,,543.8649506953225
2024-10-12 00:00:00,,543.8759591234724
2024-10-12 01:00:00,,543.8799675516225
2024-10-12 02:00:00,,543.8839759797725
2024-10-12 03:00:00,,543.8909844079225
2024-10-12 04:00:00,,543.8949928360726
2024-10-12 05:00:00,,543.8940012642225
2024-10-12 06:00:00,,543.8910096923726
2024-10-12 07:00:00,,543.8910181205226
2024-10-12 08:00:00,,543.8900265486726
2024-10-12 09:00:00,,543.8840349768226
2024-10-12 10:00:00,,543.8600434049727
2024-10-12 11:00:00,,543.8410518331227
2024-10-12 12:00:00,,543.8310602612727
2024-10-12 13:00:00,,543.8240686894227
2024-10-12 14:00:00,,543.8200771175727
2024-10-12 15:00:00,,543.8130855457227
2024-10-12 16:00:00,,543.8110939738727
2024-10-12 17:00:00,,543.8111024020228
2024-10-12 18:00:00,,543.8291108301728
2024-10-12 19:00:00,,543.8441192583228
2024-10-12 20:00:00,,543.8521276864728
2024-10-12 21:00:00,,543.8591361146229
2024-10-12 22:00:00,,543.8611445427729
2024-10-12 23:00:00,,543.8681529709229
2024-10-13 00:00:00,,543.873161399073
2024-10-13 01:00:00,,543.8821698272229
2024-10-13 02:00:00,,543.883178255373
2024-10-13 03:00:00,,543.886186683523
2024-10-13 04:00:00,,543.888195111673
2024-10-13 05:00:00,,543.885203539823
2024-10-13 06:00:00,,543.8842119679731
2024-10-13 07:00:00,,543.884220396123
2024-10-13 08:00:00,,543.8852288242731
2024-10-13 09:00:00,,543.8762372524232
2024-10-13 10:00:00,,543.8502456805732
2024-10-13 11:00:00,,543.8312541087232
2024-10-13 12:00:00,,543.8212625368732
2024-10-13 13:00:00,,543.8182709650232
2024-10-13 14:00:00,,543.8152793931732
2024-10-13 15:00:00,,543.8122878213233
2024-10-13 16:00:00,,543.8132962494733
2024-10-13 17:00:00,,543.8183046776234
2024-10-13 18:00:00,,543.8343131057734
2024-10-13 19:00:00,,543.8433215339234
2024-10-13 20:00:00,,543.8493299620734
2024-10-13 21:00:00,,543.8503383902234
2024-10-13 22:00:00,,543.8563468183734
2024-10-13 23:00:00,,543.8653552465234
2024-10-14 00:00:00,,543.8673636746735
2024-10-14 01:00:00,,543.8753721028235
2024-10-14 02:00:00,,543.8823805309735
2024-10-14 03:00:00,,543.8893889591235
2024-10-14 04:00:00,,543.8953973872735
2024-10-14 05:00:00,,543.8934058154235
2024-10-14 06:00:00,,543.8874142435736
2024-10-14 07:00:00,,543.8834226717236
2024-10-14 08:00:00,,543.8804310998736
2024-10-14 09:00:00,,543.8664395280236
2024-10-14 10:00:00,,543.8424479561737
2024-10-14 11:00:00,,543.8214563843237
2024-10-14 12:00:00,,543.8104648124737
2024-10-14 13:00:00,,543.8064732406237
2024-10-14 14:00:00,,543.8074816687738
2024-10-14 15:00:00,,543.8114900969238
2024-10-14 16:00:00,,543.8144985250738
2024-10-14 17:00:00,,543.8275069532239
2024-10-14 18:00:00,,543.8385153813739
2024-10-14 19:00:00,,543.8435238095238
2024-10-14 20:00:00,,543.8505322376739
2024-10-14 21:00:00,,543.854540665824
2024-10-14 22:00:00,,543.8535490939739
2024-10-14 23:00:00,,543.8615575221239
2024-10-15 00:00:00,,543.869565950274
2024-10-15 01:00:00,,543.880574378424
2024-10-15 02:00:00,,543.883582806574
2024-10-15 03:00:00,,543.8955912347241
2024-10-15 04:00:00,,543.899599662874
2024-10-15 05:00:00,,543.8946080910241
2024-10-15 06:00:00,,543.8926165191741
2024-10-15 07:00:00,,543.8866249473241
2024-10-15 08:00:00,,543.8826333754741
2024-10-15 09:00:00,,543.8696418036242
2024-10-15 10:00:00,,543.8416502317742
2024-10-15 11:00:00,,543.8246586599242
2024-10-15 12:00:00,,543.8126670880742
2024-10-15 13:00:00,,543.8086755162243
2024-10-15 14:00:00,,543.8076839443743
2024-10-15 15:00:00,,543.8076923725243
2024-10-15 16:00:00,,543.8197008006744
2024-10-15 17:00:00,,543.8327092288243
2024-10-15 18:00:00,,543.8417176569743
2024-10-15 19:00:00,,543.8507260851244
2024-10-15 20:00:00,,543.8517345132744
2024-10-15 21:00:00,,543.8547429414244
2024-10-15 22:00:00,,543.8587513695744
2024-10-15 23:00:00,,543.8647597977244
2024-10-16 00:00:00,,543.8697682258745
2024-10-16 01:00:00,,543.8787766540245
2024-10-16 02:00:00,,543.8917850821745
2024-10-16 03:00:00,,543.8947935103246
2024-10-16 04:00:00,,543.8928019384746
2024-10-16 05:00:00,,543.8928103666245
2024-10-16 06:00:00,,543.8928187947746
2024-10-16 07:00:00,,543.8878272229247
2024-10-16 08:00:00,,543.8808356510747
2024-10-16 09:00:00,,543.8718440792246
2024-10-16 10:00:00,,543.8468525073747
2024-10-16 11:00:00,,543.8248609355247
2024-10-16 12:00:00,,543.8148693636747
2024-10-16 13:00:00,,543.8058777918247
2024-10-16 14:00:00,,543.8168862199748
2024-10-16 15:00:00,,543.8258946481247
2024-10-16 16:00:00,,543.8449030762748
2024-10-16 17:00:00,,543.8489115044248
2024-10-16 18:00:00,,543.8579199325749
2024-10-16 19:00:00,,543.8619283607248
2024-10-16 20:00:00,,543.8639367888749
2024-10-16 21:00:00,,543.8619452170249
2024-10-16 22:00:00,,543.865953645175
2024-10-16 23:00:00,,543.8699620733249
2024-10-17 00:00:00,,543.877970501475
2024-10-17 01:00:00,,543.886978929625
2024-10-17 02:00:00,,543.894987357775
2024-10-17 03:00:00,,543.897995785925
2024-10-17 04:00:00,,543.900004214075
2024-10-17 05:00:00,,543.897012642225
2024-10-17 06:00:00,,543.8950210703752
2024-10-17 07:00:00,,543.8880294985252
2024-10-17 08:00:00,,543.8850379266752
2024-10-17 09:00:00,,543.8720463548252
2024-10-17 10:00:00,,543.8450547829752
2024-10-17 11:00:00,,543.8250632111252
2024-10-17 12:00:00,,543.8180716392752
2024-10-17 13:00:00,,543.8270800674253
2024-10-17 14:00:00,,543.8300884955753
2024-10-17 15:00:00,,543.8390969237253
2024-10-17 16:00:00,,543.8521053518754
2024-10-17 17:00:00,,543.8411137800254
2024-10-17 18:00:00,,543.8431222081754
2024-10-17 19:00:00,,543.8481306363253
2024-10-17 20:00:00,,543.8501390644753
2024-10-17 21:00:00,,543.8511474926254
2024-10-17 22:00:00,,543.8551559207755
2024-10-17 23:00:00,,543.8591643489254
2024-10-18 00:00:00,,543.8681727770755
2024-10-18 01:00:00,,543.8781812052255
2024-10-18 02:00:00,,543.8861896333756
2024-10-18 03:00:00,,543.8911980615255
2024-10-18 04:00:00,,543.8962064896756
2024-10-18 05:00:00,,543.8912149178256
2024-10-18 06:00:00,,543.8882233459756
2024-10-18 07:00:00,,543.8862317741257
2024-10-18 08:00:00,,543.8802402022757
2024-10-18 09:00:00,,543.8732486304257
2024-10-18 10:00:00,,543.8442570585757
2024-10-18 11:00:00,,543.8252654867257
2024-10-18 12:00:00,,543.8122739148757
2024-10-18 13:00:00,,543.8132823430258
2024-10-18 14:00:00,,543.8112907711758
2024-10-18 15:00:00,,543.8242991993258
2024-10-18 16:00:00,,543.8243076274758
2024-10-18 17:00:00,,543.8373160556258
2024-10-18 18:00:00,,543.8483244837759
2024-10-18 19:00:00,,543.8533329119259
2024-10-18 20:00:00,,543.8563413400759
2024-10-18 21:00:00,,543.8553497682259
2024-10-18 22:00:00,,543.855358196376
2024-10-18 23:00:00,,543.8593666245259
2024-10-19 00:00:00,,543.867375052676
2024-10-19 01:00:00,,543.873383480826
2024-10-19 02:00:00,,543.8813919089761
2024-10-19 03:00:00,,543.885400337126
2024-10-19 04:00:00,,543.8874087652761
2024-10-19 05:00:00,,543.8844171934261
2024-10-19 06:00:00,,543.8834256215761
2024-10-19 07:00:00,,543.8754340497261
2024-10-19 08:00:00,,543.8704424778762
2024-10-19 09:00:00,,543.8644509060261
2024-10-19 10:00:00,,543.8364593341762
2024-10-19 11:00:00,,543.8144677623262
2024-10-19 12:00:00,,543.8064761904762
2024-10-19 13:00:00,,543.8004846186262
2024-10-19 14:00:00,,543.7984930467762
2024-10-19 15:00:00,,543.7985014749263
2024-10-19 16:00:00,,543.7995099030763
2024-10-19 17:00:00,,543.8025183312263
2024-10-19 18:00:00,,543.8225267593764
2024-10-19 19:00:00,,543.8375351875264
2024-10-19 20:00:00,,543.8445436156765
2024-10-19 21:00:00,,543.8475520438265
2024-10-19 22:00:00,,543.8495604719765
2024-10-19 23:00:00,,543.8535689001264
2024-10-20 00:00:00,,543.8625773282765
2024-10-20 01:00:00,,543.8675857564265
2024-10-20 02:00:00,,543.8745941845765
2024-10-20 03:00:00,,543.8816026127265
2024-10-20 04:00:00,,543.8816110408766
2024-10-20 05:00:00,,543.8756194690266
2024-10-20 06:00:00,,543.8746278971767
2024-10-20 07:00:00,,543.8746363253266
2024-10-20 08:00:00,,543.8716447534766
2024-10-20 09:00:00,,543.8656531816267
2024-10-20 10:00:00,,543.8376616097767
2024-10-20 11:00:00,,543.8206700379267
2024-10-20 12:00:00,,543.8096784660768
2024-10-20 13:00:00,,543.8036868942268
2024-10-20 14:00:00,,543.8066953223768
2024-10-20 15:00:00,,543.8037037505268
2024-10-20 16:00:00,,543.8047121786768
2024-10-20 17:00:00,,543.8037206068268
2024-10-20 18:00:00,,543.8197290349768
2024-10-20 19:00:00,,543.8347374631269
2024-10-20 20:00:00,,543.838745891277
2024-10-20 21:00:00,,543.845754319427
2024-10-20 22:00:00,,543.848762747577
2024-10-20 23:00:00,,543.852771175727
2024-10-21 00:00:00,,543.862779603877
2024-10-21 01:00:00,,543.8677880320271
2024-10-21 02:00:00,,543.876796460177
2024-10-21 03:00:00,,543.8768048883271
2024-10-21 04:00:00,,543.8808133164771
2024-10-21 05:00:00,,543.8828217446271
2024-10-21 06:00:00,,543.8788301727772
2024-10-21 07:00:00,,543.8748386009272
2024-10-21 08:00:00,,543.8748470290772
2024-10-21 09:00:00,,543.8638554572271
2024-10-21 10:00:00,,543.8408638853772
2024-10-21 11:00:00,,543.8178723135272
2024-10-21 12:00:00,,543.8108807416772
2024-10-21 13:00:00,,543.8028891698273
2024-10-21 14:00:00,,543.8028975979773
2024-10-21 15:00:00,,543.8009060261273
2024-10-21 16:00:00,,543.7999144542773
2024-10-21 17:00:00,,543.8009228824274
2024-10-21 18:00:00,,543.8139313105773
2024-10-21 19:00:00,,543.8299397387274
2024-10-21 20:00:00,,543.8409481668774
2024-10-21 21:00:00,,543.8459565950275
2024-10-21 22:00:00,,543.8519650231775
2024-10-21 23:00:00,,543.8549734513275
2024-10-22 00:00:00,,543.8649818794775
2024-10-22 01:00:00,,543.8699903076275
2024-10-22 02:00:00,,543.8779987357775
2024-10-22 03:00:00,,543.8840071639275
2024-10-22 04:00:00,,543.8820155920776
2024-10-22 05:00:00,,543.8830240202276
2024-10-22 06:00:00,,543.8780324483777
2024-10-22 07:00:00,,543.8790408765277
2024-10-22 08:00:00,,543.8760493046777
2024-10-22 09:00:00,,543.8680577328277
2024-10-22 10:00:00,,543.8370661609778
2024-10-22 11:00:00,,543.8190745891277
2024-10-22 12:00:00,,543.8070830172778
2024-10-22 13:00:00,,543.8020914454278
2024-10-22 14:00:00,,543.7960998735778
2024-10-22 15:00:00,,543.7971083017278
2024-10-22 16:00:00,,543.7941167298778
2024-10-22 17:00:00,,543.7941251580279
2024-10-22 18:00:00,,543.8061335861779
2024-10-22 19:00:00,,543.821142014328
2024-10-22 20:00:00,,543.833150442478
2024-10-22 21:00:00,,543.8391588706279
2024-10-22 22:00:00,,543.844167298778
2024-10-22 23:00:00,,543.851175726928
2024-10-23 00:00:00,,543.859184155078
2024-10-23 01:00:00,,543.865192583228
2024-10-23 02:00:00,,543.8732010113781
2024-10-23 03:00:00,,543.879209439528
2024-10-23 04:00:00,,543.8792178676781
2024-10-23 05:00:00,,543.8812262958281
2024-10-23 06:00:00,,543.8732347239782
2024-10-23 07:00:00,,543.8702431521282
2024-10-23 08:00:00,,543.8652515802781
2024-10-23 09:00:00,,543.8622600084282
2024-10-23 10:00:00,,543.8292684365782
2024-10-23 11:00:00,,543.8102768647283
2024-10-23 12:00:00,,543.7952852928782
2024-10-23 13:00:00,,543.7932937210282
2024-10-23 14:00:00,,543.7903021491783
2024-10-23 15:00:00,,543.7893105773284
2024-10-23 16:00:00,,543.7893190054783
2024-10-23 17:00:00,,543.7893274336284
2024-10-23 18:00:00,,543.7993358617784
2024-10-23 19:00:00,,543.8173442899284
2024-10-23 20:00:00,,543.8253527180784
2024-10-23 21:00:00,,543.8353611462285
2024-10-23 22:00:00,,543.8383695743785
2024-10-23 23:00:00,,543.8443780025285
2024-10-24 00:00:00,,543.8563864306785
2024-10-24 01:00:00,,543.8633948588285
2024-10-24 02:00:00,,543.8694032869786
2024-10-24 03:00:00,,543.8724117151286
2024-10-24 04:00:00,,543.8734201432786
2024-10-24 05:00:00,,543.8714285714286
2024-10-24 06:00:00,,543.8684369995786
2024-10-24 07:00:00,,543.8664454277286
2024-10-24 08:00:00,,543.8624538558787
2024-10-24 09:00:00,,543.8534622840288
2024-10-24 10:00:00,,543.8274707121788
2024-10-24 11:00:00,,543.8124791403287
2024-10-24 12:00:00,,543.7984875684788
2024-10-24 13:00:00,,543.7894959966288
2024-10-24 14:00:00,,543.7905044247788
2024-10-24 15:00:00,,543.7835128529289
2024-10-24 16:00:00,,543.7915212810789
2024-10-24 17:00:00,,543.7885297092289
2024-10-24 18:00:00,,543.7975381373789
2024-10-24 19:00:00,,543.8075465655289
2024-10-24 20:00:00,,543.8205549936789
2024-10-24 21:00:00,,543.824563421829
2024-10-24 22:00:00,,543.831571849979
2024-10-24 23:00:00,,543.840580278129
2024-10-25 00:00:00,,543.8495887062791
2024-10-25 01:00:00,,543.862597134429
2024-10-25 02:00:00,,543.866605562579
2024-10-25 03:00:00,,543.8706139907291
2024-10-25 04:00:00,,543.8736224188791
2024-10-25 05:00:00,,543.8756308470291
2024-10-25 06:00:00,,543.8756392751792
2024-10-25 07:00:00,,543.8656477033292
2024-10-25 08:00:00,,543.8636561314792
2024-10-25 09:00:00,,543.8586645596292
2024-10-25 10:00:00,,543.8336729877792
2024-10-25 11:00:00,,543.8176814159292
2024-10-25 12:00:00,,543.8026898440793
2024-10-25 13:00:00,,543.7946982722293
2024-10-25 14:00:00,,543.7937067003793
2024-10-25 15:00:00,,543.7927151285294
2024-10-25 16:00:00,,543.7907235566794
2024-10-25 17:00:00,,543.7867319848294
2024-10-25 18:00:00,,543.7997404129794
2024-10-25 19:00:00,,543.8177488411294
2024-10-25 20:00:00,,543.8267572692795
2024-10-25 21:00:00,,543.8317656974294
2024-10-25 22:00:00,,543.8357741255795
2024-10-25 23:00:00,,543.8467825537296
2024-10-26 00:00:00,,543.8517909818795
2024-10-26 01:00:00,,543.8597994100296
2024-10-26 02:00:00,,543.8688078381796
2024-10-26 03:00:00,,543.8718162663296
2024-10-26 04:00:00,,543.8748246944796
2024-10-26 05:00:00,,543.8718331226296
2024-10-26 06:00:00,,543.8668415507797
2024-10-26 07:00:00,,543.8638499789297
2024-10-26 08:00:00,,543.8668584070797
2024-10-26 09:00:00,,543.8558668352297
2024-10-26 10:00:00,,543.8318752633797
2024-10-26 11:00:00,,543.8118836915297
2024-10-26 12:00:00,,543.8048921196798
2024-10-26 13:00:00,,543.8039005478298
2024-10-26 14:00:00,,543.8029089759798
2024-10-26 15:00:00,,543.8009174041299
2024-10-26 16:00:00,,543.7989258322799
2024-10-26 17:00:00,,543.7979342604299
2024-10-26 18:00:00,,543.8089426885799
2024-10-26 19:00:00,,543.82395111673
2024-10-26 20:00:00,,543.83195954488
2024-10-26 21:00:00,,543.83996797303
2024-10-26 22:00:00,,543.84497640118
2024-10-26 23:00:00,,543.84798482933
2024-10-27 00:00:00,,543.85599325748
2024-10-27 01:00:00,,543.86300168563
2024-10-27 02:00:00,,543.8690101137801
2024-10-27 03:00:00,,543.8730185419302
2024-10-27 04:00:00,,543.8720269700801
2024-10-27 05:00:00,,543.8670353982302
2024-10-27 06:00:00,,543.8620438263802
2024-10-27 07:00:00,,543.8600522545302
2024-10-27 08:00:00,,543.8520606826802
2024-10-27 09:00:00,,543.8530691108302
2024-10-27 10:00:00,,543.8310775389803
2024-10-27 11:00:00,,543.8140859671303
2024-10-27 12:00:00,,543.8020943952803
2024-10-27 13:00:00,,543.7931028234303
2024-10-27 14:00:00,,543.7891112515804
2024-10-27 15:00:00,,543.7841196797303
2024-10-27 16:00:00,,543.7891281078804
2024-10-27 17:00:00,,543.7991365360303
2024-10-27 18:00:00,,543.8111449641805
2024-10-27 19:00:00,,543.8211533923304
2024-10-27 20:00:00,,543.8221618204805
2024-10-27 21:00:00,,543.8291702486305
2024-10-27 22:00:00,,543.8331786767804
2024-10-27 23:00:00,,543.8421871049305
2024-10-28 00:00:00,,543.8471955330806
2024-10-28 01:00:00,,543.8542039612306
2024-10-28 02:00:00,,543.8642123893806
2024-10-28 03:00:00,,543.8722208175307
2024-10-28 04:00:00,,543.8682292456806
2024-10-28 05:00:00,,543.8712376738306
2024-10-28 06:00:00,,543.8622461019806
2024-10-28 07:00:00,,543.8582545301307
2024-10-28 08:00:00,,543.8542629582807
2024-10-28 09:00:00,,543.8452713864307
2024-10-28 10:00:00,,543.8172798145807
2024-10-28 11:00:00,,543.7992882427308
2024-10-28 12:00:00,,543.7862966708808
2024-10-28 13:00:00,,543.7843050990308
2024-10-28 14:00:00,,543.7823135271808
2024-10-28 15:00:00,,543.7803219553308
2024-10-28 16:00:00,,543.7773303834808
2024-10-28 17:00:00,,543.7773388116309
2024-10-28 18:00:00,,543.7883472397809
2024-10-28 19:00:00,,543.804355667931
2024-10-28 20:00:00,,543.8143640960809
2024-10-28 21:00:00,,543.818372524231
2024-10-28 22:00:00,,543.8233809523811
2024-10-28 23:00:00,,543.833389380531
2024-10-29 00:00:00,,543.841397808681
2024-10-29 01:00:00,,543.8484062368311
2024-10-29 02:00:00,,543.859414664981
2024-10-29 03:00:00,,543.8614230931311
2024-10-29 04:00:00,,543.8614315212811
2024-10-29 05:00:00,,543.8624399494312
2024-10-29 06:00:00,,543.8594483775812
2024-10-29 07:00:00,,543.8544568057312
2024-10-29 08:00:00,,543.8534652338813
2024-10-29 09:00:00,,543.8484736620312
2024-10-29 10:00:00,,543.8184820901813
2024-10-29 11:00:00,,543.8004905183312
2024-10-29 12:00:00,,543.7894989464813
2024-10-29 13:00:00,,543.7835073746313
2024-10-29 14:00:00,,543.7825158027813
2024-10-29 15:00:00,,543.7805242309314
2024-10-29 16:00:00,,543.7835326590814
2024-10-29 17:00:00,,543.7815410872314
2024-10-29 18:00:00,,543.7915495153815
2024-10-29 19:00:00,,543.8065579435314
2024-10-29 20:00:00,,543.8155663716815
2024-10-29 21:00:00,,543.8195747998315
2024-10-29 22:00:00,,543.8275832279816
2024-10-29 23:00:00,,543.8365916561315
2024-10-30 00:00:00,,543.8466000842816
2024-10-30 01:00:00,,543.8526085124315
2024-10-30 02:00:00,,543.8616169405816
2024-10-30 03:00:00,,543.8706253687316
2024-10-30 04:00:00,,543.8736337968817
2024-10-30 05:00:00,,543.8736422250316
2024-10-30 06:00:00,,543.8706506531817
2024-10-30 07:00:00,,543.8676590813317
2024-10-30 08:00:00,,543.8676675094817
2024-10-30 09:00:00,,543.8636759376318
2024-10-30 10:00:00,,543.8446843657817
2024-10-30 11:00:00,,543.8296927939318
2024-10-30 12:00:00,,543.8207012220818
2024-10-30 13:00:00,,543.8107096502318
2024-10-30 14:00:00,,543.8037180783818
2024-10-30 15:00:00,,543.7967265065319
2024-10-30 16:00:00,,543.7977349346819
2024-10-30 17:00:00,,543.8067433628319
2024-10-30 18:00:00,,543.8167517909819
2024-10-30 19:00:00,,543.8287602191319
2024-10-30 20:00:00,,543.8367686472819
2024-10-30 21:00:00,,543.840777075432
2024-10-30 22:00:00,,543.8417855035821
2024-10-30 23:00:00,,543.844793931732
2024-10-31 00:00:00,,543.853802359882
2024-10-31 01:00:00,,543.8568107880321
2024-10-31 02:00:00,,543.8628192161821
2024-10-31 03:00:00,,543.8678276443321
2024-10-31 04:00:00,,543.8698360724821
2024-10-31 05:00:00,,543.8688445006321
2024-10-31 06:00:00,,543.8678529287822
2024-10-31 07:00:00,,543.8618613569322
2024-10-31 08:00:00,,543.8618697850823
2024-10-31 09:00:00,,543.8538782132323
2024-10-31 10:00:00,,543.8278866413823
2024-10-31 11:00:00,,543.8058950695323
2024-10-31 12:00:00,,543.7969034976824
2024-10-31 13:00:00,,543.7909119258323
2024-10-31 14:00:00,,543.7929203539824
2024-10-31 15:00:00,,543.7899287821324
2024-10-31 16:00:00,,543.7939372102824
2024-10-31 17:00:00,,543.8089456384324
2024-10-31 18:00:00,,543.8239540665825
2024-10-31 19:00:00,,543.8289624947324
2024-10-31 20:00:00,,543.8359709228824
2024-10-31 21:00:00,,543.8399793510325
2024-10-31 22:00:00,,543.8389877791825
2024-10-31 23:00:00,,543.8409962073325
2024-11-01 00:00:00,,543.8440046354825
2024-11-01 01:00:00,,543.8510130636325
2024-11-01 02:00:00,,543.8610214917826
2024-11-01 03:00:00,,543.8620299199326
2024-11-01 04:00:00,,543.8630383480827
2024-11-01 05:00:00,,543.8680467762326
2024-11-01 06:00:00,,543.8610552043826
2024-11-01 07:00:00,,543.8570636325327
2024-11-01 08:00:00,,543.8520720606828
2024-11-01 09:00:00,,543.8460804888327
2024-11-01 10:00:00,,543.8190889169828
2024-11-01 11:00:00,,543.7990973451329
2024-11-01 12:00:00,,543.7901057732828
2024-11-01 13:00:00,,543.7821142014328
2024-11-01 14:00:00,,543.7861226295829
2024-11-01 15:00:00,,543.7841310577329
2024-11-01 16:00:00,,543.7921394858829
2024-11-01 17:00:00,,543.8151479140329
2024-11-01 18:00:00,,543.8301563421829
2024-11-01 19:00:00,,543.8381647703329
2024-11-01 20:00:00,,543.841173198483
2024-11-01 21:00:00,,543.840181626633
2024-11-01 22:00:00,,543.838190054783
2024-11-01 23:00:00,,543.8431984829331
2024-11-02 00:00:00,,543.8442069110831
2024-11-02 01:00:00,,543.8512153392331
2024-11-02 02:00:00,,543.8572237673831
2024-11-02 03:00:00,,543.8612321955331
2024-11-02 04:00:00,,543.8632406236832
2024-11-02 05:00:00,,543.8622490518331
2024-11-02 06:00:00,,543.8602574799831
2024-11-02 07:00:00,,543.8572659081332
2024-11-02 08:00:00,,543.8512743362833
2024-11-02 09:00:00,,543.8432827644333
2024-11-02 10:00:00,,543.8172911925833
2024-11-02 11:00:00,,543.8022996207333
2024-11-02 12:00:00,,543.7883080488833
2024-11-02 13:00:00,,543.7813164770333
2024-11-02 14:00:00,,543.7823249051834
2024-11-02 15:00:00,,543.7823333333334
2024-11-02 16:00:00,,543.7803417614834
2024-11-02 17:00:00,,543.7793501896334
2024-11-02 18:00:00,,543.7943586177835
2024-11-02 19:00:00,,543.8133670459334
2024-11-02 20:00:00,,543.8213754740835
2024-11-02 21:00:00,,543.8223839022335
2024-11-02 22:00:00,,543.8283923303835
2024-11-02 23:00:00,,543.8334007585336
2024-11-03 00:00:00,,543.8444091866836
2024-11-03 01:00:00,,543.8524176148336
2024-11-03 02:00:00,,543.8594260429836
2024-11-03 03:00:00,,543.8634344711336
2024-11-03 04:00:00,,543.8664428992837
2024-11-03 05:00:00,,543.8654513274337
2024-11-03 06:00:00,,543.8604597555837
2024-11-03 07:00:00,,543.8574681837338
2024-11-03 08:00:00,,543.8534766118837
2024-11-03 09:00:00,,543.8424850400338
2024-11-03 10:00:00,,543.8154934681838
2024-11-03 11:00:00,,543.8025018963338
2024-11-03 12:00:00,,543.7935103244838
2024-11-03 13:00:00,,543.7875187526339
2024-11-03 14:00:00,,543.7835271807838
2024-11-03 15:00:00,,543.7805356089339
2024-11-03 16:00:00,,543.7785440370839
2024-11-03 17:00:00,,543.785552465234
2024-11-03 18:00:00,,543.808560893384
2024-11-03 19:00:00,,543.819569321534
2024-11-03 20:00:00,,543.828577749684
2024-11-03 21:00:00,,543.833586177834
2024-11-03 22:00:00,,543.835594605984
2024-11-03 23:00:00,,543.8366030341341
2024-11-04 00:00:00,,543.846611462284
2024-11-04 01:00:00,,543.8506198904341
2024-11-04 02:00:00,,543.8576283185841
2024-11-04 03:00:00,,543.8516367467341
2024-11-04 04:00:00,,543.8596451748841
2024-11-04 05:00:00,,543.8596536030342
2024-11-04 06:00:00,,543.8576620311842
2024-11-04 07:00:00,,543.8526704593343
2024-11-04 08:00:00,,543.8486788874842
2024-11-04 09:00:00,,543.8406873156342
2024-11-04 10:00:00,,543.8116957437843
2024-11-04 11:00:00,,543.7947041719343
2024-11-04 12:00:00,,543.7917126000843
2024-11-04 13:00:00,,543.7897210282343
2024-11-04 14:00:00,,543.7947294563844
2024-11-04 15:00:00,,543.7967378845344
2024-11-04 16:00:00,,543.8137463126844
2024-11-04 17:00:00,,543.8357547408344
2024-11-04 18:00:00,,543.8457631689845
2024-11-04 19:00:00,,543.8507715971344
2024-11-04 20:00:00,,543.8517800252845
2024-11-04 21:00:00,,543.8527884534345
2024-11-04 22:00:00,,543.8507968815845
2024-11-04 23:00:00,,543.8558053097346
2024-11-05 00:00:00,,543.8598137378846
2024-11-05 01:00:00,,543.8658221660346
2024-11-05 02:00:00,,543.8678305941846
2024-11-05 03:00:00,,543.8728390223347
2024-11-05 04:00:00,,543.8758474504847
2024-11-05 05:00:00,,543.8718558786347
2024-11-05 06:00:00,,543.8678643067847
2024-11-05 07:00:00,,543.8618727349348
2024-11-05 08:00:00,,543.8588811630848
2024-11-05 09:00:00,,543.8568895912348
2024-11-05 10:00:00,,543.8338980193848
2024-11-05 11:00:00,,543.8119064475349
2024-11-05 12:00:00,,543.8019148756848
2024-11-05 13:00:00,,543.7949233038348
2024-11-05 14:00:00,,543.7909317319849
2024-11-05 15:00:00,,543.7889401601349
2024-11-05 16:00:00,,543.7959485882849
2024-11-05 17:00:00,,543.8109570164349
2024-11-05 18:00:00,,543.8239654445849
2024-11-05 19:00:00,,543.834973872735
2024-11-05 20:00:00,,543.840982300885
2024-11-05 21:00:00,,543.843990729035
2024-11-05 22:00:00,,543.841999157185
2024-11-05 23:00:00,,543.843007585335
2024-11-06 00:00:00,,543.8450160134851
2024-11-06 01:00:00,,543.8540244416351
2024-11-06 02:00:00,,543.8590328697851
2024-11-06 03:00:00,,543.8610412979351
2024-11-06 04:00:00,,543.8580497260851
2024-11-06 05:00:00,,543.8540581542352
2024-11-06 06:00:00,,543.8500665823852
2024-11-06 07:00:00,,543.8460750105353
2024-11-06 08:00:00,,543.8420834386852
2024-11-06 09:00:00,,543.8450918668353
2024-11-06 10:00:00,,543.8531002949853
2024-11-06 11:00:00,,543.8551087231353
2024-11-06 12:00:00,,543.8411171512854
2024-11-06 13:00:00,,543.8271255794353
2024-11-06 14:00:00,,543.8161340075853
2024-11-06 15:00:00,,543.8111424357354
2024-11-06 16:00:00,,543.8181508638854
2024-11-06 17:00:00,,543.8301592920354
2024-11-06 18:00:00,,543.8381677201854
2024-11-06 19:00:00,,543.8461761483355
2024-11-06 20:00:00,,543.8461845764855
2024-11-06 21:00:00,,543.8551930046356
2024-11-06 22:00:00,,543.8562014327856
2024-11-06 23:00:00,,543.8582098609356
2024-11-07 00:00:00,,543.8602182890857
2024-11-07 01:00:00,,543.8672267172357
2024-11-07 02:00:00,,543.8742351453857
2024-11-07 03:00:00,,543.8802435735356
2024-11-07 04:00:00,,543.8732520016857
2024-11-07 05:00:00,,543.8612604298357
2024-11-07 06:00:00,,543.8532688579858
2024-11-07 07:00:00,,543.8542772861357
2024-11-07 08:00:00,,543.8472857142858
2024-11-07 09:00:00,,543.8462941424358
2024-11-07 10:00:00,,543.8493025705858
2024-11-07 11:00:00,,543.8553109987358
2024-11-07 12:00:00,,543.8643194268858
2024-11-07 13:00:00,,543.8693278550359
2024-11-07 14:00:00,,543.8813362831859
2024-11-07 15:00:00,,543.8893447113359
2024-11-07 16:00:00,,543.8953531394859
2024-11-07 17:00:00,,543.8983615676359
2024-11-07 18:00:00,,543.896369995786
2024-11-07 19:00:00,,543.893378423936
2024-11-07 20:00:00,,543.8903868520861
2024-11-07 21:00:00,,543.886395280236
2024-11-07 22:00:00,,543.8814037083861
2024-11-07 23:00:00,,543.8784121365361
2024-11-08 00:00:00,,543.8854205646861
2024-11-08 01:00:00,,543.8864289928362
2024-11-08 02:00:00,,543.8924374209862
2024-11-08 03:00:00,,543.8934458491361
2024-11-08 04:00:00,,543.8894542772862
2024-11-08 05:00:00,,543.8894627054362
2024-11-08 06:00:00,,543.8874711335862
2024-11-08 07:00:00,,543.8804795617363
2024-11-08 08:00:00,,543.8794879898862
2024-11-08 09:00:00,,543.8754964180363
2024-11-08 10:00:00,,543.8485048461863
2024-11-08 11:00:00,,543.8315132743363
2024-11-08 12:00:00,,543.8175217024864
2024-11-08 13:00:00,,543.8145301306364
2024-11-08 14:00:00,,543.8105385587864
2024-11-08 15:00:00,,543.8125469869365
2024-11-08 16:00:00,,543.8135554150864
2024-11-08 17:00:00,,543.8175638432365
2024-11-08 18:00:00,,543.8275722713865
2024-11-08 19:00:00,,543.8395806995366
2024-11-08 20:00:00,,543.8465891276866
2024-11-08 21:00:00,,543.8475975558365
2024-11-08 22:00:00,,543.8576059839866
2024-11-08 23:00:00,,543.8566144121365
2024-11-09 00:00:00,,543.8666228402866
2024-11-09 01:00:00,,543.8706312684367
2024-11-09 02:00:00,,543.8796396965867
2024-11-09 03:00:00,,543.8826481247366
2024-11-09 04:00:00,,543.8846565528867
2024-11-09 05:00:00,,543.8786649810368
2024-11-09 06:00:00,,543.8756734091868
2024-11-09 07:00:00,,543.8696818373368
2024-11-09 08:00:00,,543.8686902654867
2024-11-09 09:00:00,,543.8656986936368
2024-11-09 10:00:00,,543.8407071217869
2024-11-09 11:00:00,,543.8197155499369
2024-11-09 12:00:00,,543.8137239780868
2024-11-09 13:00:00,,543.8047324062369
2024-11-09 14:00:00,,543.8057408343869
2024-11-09 15:00:00,,543.801749262537
2024-11-09 16:00:00,,543.813757690687
2024-11-09 17:00:00,,543.825766118837
2024-11-09 18:00:00,,543.819774546987
2024-11-09 19:00:00,,543.832782975137
2024-11-09 20:00:00,,543.833791403287
2024-11-09 21:00:00,,543.8297998314371
2024-11-09 22:00:00,,543.834808259587
2024-11-09 23:00:00,,543.8438166877371
2024-11-10 00:00:00,,543.8568251158871
2024-11-10 01:00:00,,543.8698335440372
2024-11-10 02:00:00,,543.8738419721872
2024-11-10 03:00:00,,543.8758504003372
2024-11-10 04:00:00,,543.8718588284872
2024-11-10 05:00:00,,543.8728672566372
2024-11-10 06:00:00,,543.8768756847873
2024-11-10 07:00:00,,543.8748841129373
2024-11-10 08:00:00,,543.8778925410872
2024-11-10 09:00:00,,543.8819009692373
2024-11-10 10:00:00,,543.8829093973874
2024-11-10 11:00:00,,543.8729178255373
2024-11-10 12:00:00,,543.8729262536874
2024-11-10 13:00:00,,543.8619346818374
2024-11-10 14:00:00,,543.8489431099874
2024-11-10 15:00:00,,543.8359515381375
2024-11-10 16:00:00,,543.8299599662874
2024-11-10 17:00:00,,543.8359683944375
2024-11-10 18:00:00,,543.8489768225875
2024-11-10 19:00:00,,543.8589852507375
2024-11-10 20:00:00,,543.8559936788876
2024-11-10 21:00:00,,543.8570021070376
2024-11-10 22:00:00,,543.8580105351875
2024-11-10 23:00:00,,543.8670189633376
2024-11-11 00:00:00,,543.8730273914877
2024-11-11 01:00:00,,543.8790358196377
2024-11-11 02:00:00,,543.8880442477877
2024-11-11 03:00:00,,543.8720526759377
2024-11-11 04:00:00,,543.8670611040877
2024-11-11 05:00:00,,543.8670695322377
2024-11-11 06:00:00,,543.8700779603878
2024-11-11 07:00:00,,543.8680863885378
2024-11-11 08:00:00,,543.8630948166877
2024-11-11 09:00:00,,543.8641032448378
2024-11-11 10:00:00,,543.8491116729879
2024-11-11 11:00:00,,543.8511201011379
2024-11-11 12:00:00,,543.8491285292879
2024-11-11 13:00:00,,543.8411369574379
2024-11-11 14:00:00,,543.8411453855879
2024-11-11 15:00:00,,543.8381538137379
2024-11-11 16:00:00,,543.824162241888
2024-11-11 17:00:00,,543.816170670038
2024-11-11 18:00:00,,543.825179098188
2024-11-11 19:00:00,,543.836187526338
2024-11-11 20:00:00,,543.842195954488
2024-11-11 21:00:00,,543.8522043826381
2024-11-11 22:00:00,,543.8552128107881
2024-11-11 23:00:00,,543.8622212389381
2024-11-12 00:00:00,,543.8722296670882
2024-11-12 01:00:00,,543.8792380952382
2024-11-12 02:00:00,,543.8872465233882
2024-11-12 03:00:00,,543.8862549515381
2024-11-12 04:00:00,,543.8862633796882
2024-11-12 05:00:00,,543.8772718078383
2024-11-12 06:00:00,,543.8742802359883
2024-11-12 07:00:00,,543.8672886641383
2024-11-12 08:00:00,,543.8692970922883
2024-11-12 09:00:00,,543.8673055204383
2024-11-12 10:00:00,,543.8563139485883
2024-11-12 11:00:00,,543.8513223767384
2024-11-12 12:00:00,,543.8543308048884
2024-11-12 13:00:00,,543.8453392330384
2024-11-12 14:00:00,,543.8273476611885
2024-11-12 15:00:00,,543.8203560893385
2024-11-12 16:00:00,,543.8323645174885
2024-11-12 17:00:00,,543.8453729456385
2024-11-12 18:00:00,,543.8613813737885
2024-11-12 19:00:00,,543.8693898019385
2024-11-12 20:00:00,,543.8703982300885
2024-11-12 21:00:00,,543.8714066582386
2024-11-12 22:00:00,,543.8684150863886
2024-11-12 23:00:00,,543.8744235145386
2024-11-13 00:00:00,,543.8814319426887
2024-11-13 01:00:00,,543.8884403708387
2024-11-13 02:00:00,,543.8884487989886
2024-11-13 03:00:00,,543.8924572271387
2024-11-13 04:00:00,,543.8894656552887
2024-11-13 05:00:00,,543.8914740834388
2024-11-13 06:00:00,,543.8904825115887
2024-11-13 07:00:00,,543.8874909397388
2024-11-13 08:00:00,,543.8774993678888
2024-11-13 09:00:00,,543.8705077960389
2024-11-13 10:00:00,,543.8425162241889
2024-11-13 11:00:00,,543.8225246523389
2024-11-13 12:00:00,,543.8085330804889
2024-11-13 13:00:00,,543.8025415086389
2024-11-13 14:00:00,,543.8015499367889
2024-11-13 15:00:00,,543.7975583649389
2024-11-13 16:00:00,,543.7955667930889
2024-11-13 17:00:00,,543.807575221239
2024-11-13 18:00:00,,543.809583649389
2024-11-13 19:00:00,,543.823592077539
2024-11-13 20:00:00,,543.8356005056891
2024-11-13 21:00:00,,543.8376089338391
2024-11-13 22:00:00,,543.841617361989
2024-11-13 23:00:00,,543.8496257901392
2024-11-14 00:00:00,,543.8616342182892
2024-11-14 01:00:00,,543.8656426464391
2024-11-14 02:00:00,,543.8756510745892
2024-11-14 03:00:00,,543.8796595027392
2024-11-14 04:00:00,,543.8766679308892
2024-11-14 05:00:00,,543.8756763590393
2024-11-14 06:00:00,,543.8716847871892
2024-11-14 07:00:00,,543.8726932153393
2024-11-14 08:00:00,,543.8677016434893
2024-11-14 09:00:00,,543.8647100716394
2024-11-14 10:00:00,,543.8327184997894
2024-11-14 11:00:00,,543.8197269279394
2024-11-14 12:00:00,,543.7987353560894
2024-11-14 13:00:00,,543.7957437842394
2024-11-14 14:00:00,,543.7957522123894
2024-11-14 15:00:00,,543.7947606405395
2024-11-14 16:00:00,,543.7927690686895
2024-11-14 17:00:00,,543.7897774968395
2024-11-14 18:00:00,,543.7987859249895
2024-11-14 19:00:00,,543.8127943531396
2024-11-14 20:00:00,,543.8228027812895
2024-11-14 21:00:00,,543.8248112094395
2024-11-14 22:00:00,,543.8378196375896
2024-11-14 23:00:00,,543.8378280657396
2024-11-15 00:00:00,,543.8458364938897
2024-11-15 01:00:00,,543.8568449220396
2024-11-15 02:00:00,,543.8658533501897
2024-11-15 03:00:00,,543.8718617783397
2024-11-15 04:00:00,,543.8728702064898
2024-11-15 05:00:00,,543.8758786346398
2024-11-15 06:00:00,,543.8758870627897
2024-11-15 07:00:00,,543.8688954909398
2024-11-15 08:00:00,,543.8669039190899
2024-11-15 09:00:00,,543.8579123472398
2024-11-15 10:00:00,,543.8329207753899
2024-11-15 11:00:00,,543.8119292035399
2024-11-15 12:00:00,,543.8029376316899
2024-11-15 13:00:00,,543.7969460598399
2024-11-15 14:00:00,,543.79795448799
2024-11-15 15:00:00,,543.79596291614
2024-11-15 16:00:00,,543.7949713442899
2024-11-15 17:00:00,,543.79197977244
2024-11-15 18:00:00,,543.80998820059
2024-11-15 19:00:00,,543.8209966287401
2024-11-15 20:00:00,,543.8300050568901
2024-11-15 21:00:00,,543.83801348504
2024-11-15 22:00:00,,543.8450219131901
2024-11-15 23:00:00,,543.8470303413401
2024-11-16 00:00:00,,543.8550387694902
2024-11-16 01:00:00,,543.8620471976402
2024-11-16 02:00:00,,543.8680556257902
2024-11-16 03:00:00,,543.8710640539402
2024-11-16 04:00:00,,543.8770724820903
2024-11-16 05:00:00,,543.8730809102402
2024-11-16 06:00:00,,543.8710893383902
2024-11-16 07:00:00,,543.8660977665403
2024-11-16 08:00:00,,543.8641061946903
2024-11-16 09:00:00,,543.8531146228404
2024-11-16 10:00:00,,543.8231230509904
2024-11-16 11:00:00,,543.8031314791403
2024-11-16 12:00:00,,543.7921399072904
2024-11-16 13:00:00,,543.7851483354405
2024-11-16 14:00:00,,543.7861567635905
2024-11-16 15:00:00,,543.7851651917405
2024-11-16 16:00:00,,543.7861736198905
2024-11-16 17:00:00,,543.7901820480405
2024-11-16 18:00:00,,543.8051904761905
2024-11-16 19:00:00,,543.8191989043405
2024-11-16 20:00:00,,543.8272073324906
2024-11-16 21:00:00,,543.8312157606406
2024-11-16 22:00:00,,543.8312241887907
2024-11-16 23:00:00,,543.8342326169407
2024-11-17 00:00:00,,543.8452410450907
2024-11-17 01:00:00,,543.8502494732406
2024-11-17 02:00:00,,543.8542579013907
2024-11-17 03:00:00,,543.8622663295407
2024-11-17 04:00:00,,543.8652747576907
2024-11-17 05:00:00,,543.8632831858407
2024-11-17 06:00:00,,543.8622916139908
2024-11-17 07:00:00,,543.8543000421408
2024-11-17 08:00:00,,543.8523084702908
2024-11-17 09:00:00,,543.8503168984408
2024-11-17 10:00:00,,543.8403253265909
2024-11-17 11:00:00,,543.8333337547409
2024-11-17 12:00:00,,543.815342182891
2024-11-17 13:00:00,,543.798350611041
2024-11-17 14:00:00,,543.790359039191
2024-11-17 15:00:00,,543.783367467341
2024-11-17 16:00:00,,543.809375895491
2024-11-17 17:00:00,,543.814384323641
2024-11-17 18:00:00,,543.819392751791
2024-11-17 19:00:00,,543.822401179941
2024-11-17 20:00:00,,543.8184096080911
2024-11-17 21:00:00,,543.803418036241
2024-11-17 22:00:00,,543.8084264643911
2024-11-17 23:00:00,,543.8194348925412
2024-11-18 00:00:00,,543.8344433206912
2024-11-18 01:00:00,,543.8404517488411
2024-11-18 02:00:00,,543.8504601769912
2024-11-18 03:00:00,,543.8594686051413
2024-11-18 04:00:00,,543.8624770332913
2024-11-18 05:00:00,,543.8574854614412
2024-11-18 06:00:00,,543.8514938895913
2024-11-18 07:00:00,,543.8485023177413
2024-11-18 08:00:00,,543.8505107458914
2024-11-18 09:00:00,,543.8515191740413
2024-11-18 10:00:00,,543.8445276021914
2024-11-18 11:00:00,,543.8235360303414
2024-11-18 12:00:00,,543.8035444584914
2024-11-18 13:00:00,,543.7945528866414
2024-11-18 14:00:00,,543.7875613147914
2024-11-18 15:00:00,,543.7835697429415
2024-11-18 16:00:00,,543.7845781710915
2024-11-18 17:00:00,,543.7895865992415
2024-11-18 18:00:00,,543.8045950273915
2024-11-18 19:00:00,,543.8186034555415
2024-11-18 20:00:00,,543.8276118836916
2024-11-18 21:00:00,,543.8296203118416
2024-11-18 22:00:00,,543.8326287399916
2024-11-18 23:00:00,,543.8376371681417
2024-11-19 00:00:00,,543.8416455962916
2024-11-19 01:00:00,,543.8516540244417
2024-11-19 02:00:00,,543.8586624525917
2024-11-19 03:00:00,,543.8656708807417
2024-11-19 04:00:00,,543.8676793088918
2024-11-19 05:00:00,,543.8666877370417
2024-11-19 06:00:00,,543.8626961651918
2024-11-19 07:00:00,,543.8607045933418
2024-11-19 08:00:00,,543.8537130214918
2024-11-19 09:00:00,,543.8497214496418
2024-11-19 10:00:00,,543.8237298777918
2024-11-19 11:00:00,,543.8047383059419
2024-11-19 12:00:00,,543.790746734092
2024-11-19 13:00:00,,543.7847551622419
2024-11-19 14:00:00,,543.780763590392
2024-11-19 15:00:00,,543.784772018542
2024-11-19 16:00:00,,543.789780446692
2024-11-19 17:00:00,,543.808788874842
2024-11-19 18:00:00,,543.828797302992
2024-11-19 19:00:00,,543.8348057311421
2024-11-19 20:00:00,,543.8408141592921
2024-11-19 21:00:00,,543.8428225874421
2024-11-19 22:00:00,,543.8448310155921
2024-11-19 23:00:00,,543.8438394437421
2024-11-20 00:00:00,,543.8518478718922
2024-11-20 01:00:00,,543.8568563000422
2024-11-20 02:00:00,,543.8568647281922
2024-11-20 03:00:00,,543.8648731563422
2024-11-20 04:00:00,,543.8638815844922
2024-11-20 05:00:00,,543.8608900126422
2024-11-20 06:00:00,,543.8608984407923
2024-11-20 07:00:00,,543.8559068689423
2024-11-20 08:00:00,,543.8589152970924
2024-11-20 09:00:00,,543.8479237252424
2024-11-20 10:00:00,,543.8199321533924
2024-11-20 11:00:00,,543.8019405815425
2024-11-20 12:00:00,,543.7899490096925
2024-11-20 13:00:00,,543.7829574378425
2024-11-20 14:00:00,,543.7779658659924
2024-11-20 15:00:00,,543.7799742941424
2024-11-20 16:00:00,,543.7769827222925
2024-11-20 17:00:00,,543.7769911504425
2024-11-20 18:00:00,,543.7899995785925
2024-11-20 19:00:00,,543.8090080067426
2024-11-20 20:00:00,,543.8210164348926
2024-11-20 21:00:00,,543.8270248630427
2024-11-20 22:00:00,,543.8290332911927
2024-11-20 23:00:00,,543.8330417193426
2024-11-21 00:00:00,,543.8390501474927
2024-11-21 01:00:00,,543.8480585756427
2024-11-21 02:00:00,,543.8530670037927
2024-11-21 03:00:00,,543.8610754319427
2024-11-21 04:00:00,,543.8630838600927
2024-11-21 05:00:00,,543.8610922882427
2024-11-21 06:00:00,,543.8591007163928
2024-11-21 07:00:00,,543.8561091445429
2024-11-21 08:00:00,,543.8521175726928
2024-11-21 09:00:00,,543.8451260008429
2024-11-21 10:00:00,,543.8151344289929
2024-11-21 11:00:00,,543.801142857143
2024-11-21 12:00:00,,543.790151285293
2024-11-21 13:00:00,,543.7891597134429
2024-11-21 14:00:00,,543.7821681415929
2024-11-21 15:00:00,,543.778176569743
2024-11-21 16:00:00,,543.778184997893
2024-11-21 17:00:00,,543.782193426043
2024-11-21 18:00:00,,543.7932018541931
2024-11-21 19:00:00,,543.8052102823431
2024-11-21 20:00:00,,543.818218710493
2024-11-21 21:00:00,,543.8262271386432
2024-11-21 22:00:00,,543.8332355667932
2024-11-21 23:00:00,,543.8322439949432
2024-11-22 00:00:00,,543.8382524230932
2024-11-22 01:00:00,,543.8462608512432
2024-11-22 02:00:00,,543.8512692793933
2024-11-22 03:00:00,,543.8532777075433
2024-11-22 04:00:00,,543.8542861356933
2024-11-22 05:00:00,,543.8502945638432
2024-11-22 06:00:00,,543.8473029919933
2024-11-22 07:00:00,,543.8443114201433
2024-11-22 08:00:00,,543.8463198482933
2024-11-22 09:00:00,,543.8393282764433
2024-11-22 10:00:00,,543.8143367045934
2024-11-22 11:00:00,,543.7983451327434
2024-11-22 12:00:00,,543.7883535608935
2024-11-22 13:00:00,,543.7873619890435
2024-11-22 14:00:00,,543.7883704171935
2024-11-22 15:00:00,,543.7923788453435
2024-11-22 16:00:00,,543.7823872734936
2024-11-22 17:00:00,,543.7793957016436
2024-11-22 18:00:00,,543.7914041297936
2024-11-22 19:00:00,,543.8084125579436
2024-11-22 20:00:00,,543.8184209860937
2024-11-22 21:00:00,,543.8244294142436
2024-11-22 22:00:00,,543.8294378423936
2024-11-22 23:00:00,,543.8324462705436
2024-11-23 00:00:00,,543.8364546986937
2024-11-23 01:00:00,,543.8484631268437
2024-11-23 02:00:00,,543.8524715549937
2024-11-23 03:00:00,,543.8534799831438
2024-11-23 04:00:00,,543.8594884112938
2024-11-23 05:00:00,,543.8574968394438
2024-11-23 06:00:00,,543.8545052675938
2024-11-23 07:00:00,,543.8535136957438
2024-11-23 08:00:00,,543.8515221238938
2024-11-23 09:00:00,,543.8475305520438
2024-11-23 10:00:00,,543.8225389801939
2024-11-23 11:00:00,,543.8255474083439
2024-11-23 12:00:00,,543.8395558364939
2024-11-23 13:00:00,,543.840564264644
2024-11-23 14:00:00,,543.845572692794
2024-11-23 15:00:00,,543.859581120944
2024-11-23 16:00:00,,543.860589549094
2024-11-23 17:00:00,,543.8605979772441
2024-11-23 18:00:00,,543.850606405394
2024-11-23 19:00:00,,543.8376148335441
2024-11-23 20:00:00,,543.8396232616941
2024-11-23 21:00:00,,543.8396316898442
2024-11-23 22:00:00,,543.8416401179942
2024-11-23 23:00:00,,543.8456485461442
2024-11-24 00:00:00,,543.8536569742942
2024-11-24 01:00:00,,543.8696654024442
2024-11-24 02:00:00,,543.8786738305943
2024-11-24 03:00:00,,543.8786822587442
2024-11-24 04:00:00,,543.8786906868943
2024-11-24 05:00:00,,543.8816991150443
2024-11-24 06:00:00,,543.8787075431943
2024-11-24 07:00:00,,543.8667159713443
2024-11-24 08:00:00,,543.8647243994943
2024-11-24 09:00:00,,543.8577328276444
2024-11-24 10:00:00,,543.8377412557944
2024-11-24 11:00:00,,543.8147496839445
2024-11-24 12:00:00,,543.8037581120944
2024-11-24 13:00:00,,543.7967665402444
2024-11-24 14:00:00,,543.7937749683945
2024-11-24 15:00:00,,543.7997833965445
2024-11-24 16:00:00,,543.8057918246946
2024-11-24 17:00:00,,543.8158002528446
2024-11-24 18:00:00,,543.8258086809946
2024-11-24 19:00:00,,543.8348171091446
2024-11-24 20:00:00,,543.8428255372946
2024-11-24 21:00:00,,543.8418339654446
2024-11-24 22:00:00,,543.8438423935946
2024-11-24 23:00:00,,543.8478508217447
2024-11-25 00:00:00,,543.8528592498947
2024-11-25 01:00:00,,543.8598676780447
2024-11-25 02:00:00,,543.8688761061948
2024-11-25 03:00:00,,543.8688845343447
2024-11-25 04:00:00,,543.8678929624948
2024-11-25 05:00:00,,543.8679013906448
2024-11-25 06:00:00,,543.8679098187948
2024-11-25 07:00:00,,543.8629182469449
2024-11-25 08:00:00,,543.8629266750949
2024-11-25 09:00:00,,543.8559351032449
2024-11-25 10:00:00,,543.830943531395
2024-11-25 11:00:00,,543.813951959545
2024-11-25 12:00:00,,543.805960387695
2024-11-25 13:00:00,,543.810968815845
2024-11-25 14:00:00,,543.815977243995
2024-11-25 15:00:00,,543.818985672145
2024-11-25 16:00:00,,543.836994100295
2024-11-25 17:00:00,,543.848002528445
2024-11-25 18:00:00,,543.8460109565951
2024-11-25 19:00:00,,543.8440193847451
2024-11-25 20:00:00,,543.8450278128951
2024-11-25 21:00:00,,543.8460362410451
2024-11-25 22:00:00,,543.8530446691951
2024-11-25 23:00:00,,543.8520530973452
2024-11-26 00:00:00,,543.8590615254952
2024-11-26 01:00:00,,543.8680699536452
2024-11-26 02:00:00,,543.8730783817953
2024-11-26 03:00:00,,543.8780868099452
2024-11-26 04:00:00,,543.8810952380953
2024-11-26 05:00:00,,543.8781036662454
2024-11-26 06:00:00,,543.8711120943954
2024-11-26 07:00:00,,543.8681205225454
2024-11-26 08:00:00,,543.8611289506954
2024-11-26 09:00:00,,543.8581373788454
2024-11-26 10:00:00,,543.8371458069954
2024-11-26 11:00:00,,543.8321542351455
2024-11-26 12:00:00,,543.8311626632955
2024-11-26 13:00:00,,543.8321710914455
2024-11-26 14:00:00,,543.8331795195955
2024-11-26 15:00:00,,543.8431879477455
2024-11-26 16:00:00,,543.8571963758956
2024-11-26 17:00:00,,543.8602048040456
2024-11-26 18:00:00,,543.8702132321956
2024-11-26 19:00:00,,543.8672216603456
2024-11-26 20:00:00,,543.8622300884956
2024-11-26 21:00:00,,543.8612385166457
2024-11-26 22:00:00,,543.8592469447957
2024-11-26 23:00:00,,543.8622553729457
2024-11-27 00:00:00,,543.8602638010957
2024-11-27 01:00:00,,543.8732722292457
2024-11-27 02:00:00,,543.8782806573957
2024-11-27 03:00:00,,543.8812890855457
2024-11-27 04:00:00,,543.8812975136958
2024-11-27 05:00:00,,543.8803059418458
2024-11-27 06:00:00,,543.8743143699959
2024-11-27 07:00:00,,543.8683227981459
2024-11-27 08:00:00,,543.8593312262959
2024-11-27 09:00:00,,543.8573396544459
2024-11-27 10:00:00,,543.8313480825959
2024-11-27 11:00:00,,543.807356510746
2024-11-27 12:00:00,,543.796364938896
2024-11-27 13:00:00,,543.792373367046
2024-11-27 14:00:00,,543.788381795196
2024-11-27 15:00:00,,543.788390223346
2024-11-27 16:00:00,,543.782398651496
2024-11-27 17:00:00,,543.7874070796461
2024-11-27 18:00:00,,543.8024155077961
2024-11-27 19:00:00,,543.8154239359461
2024-11-27 20:00:00,,543.8204323640962
2024-11-27 21:00:00,,543.8284407922462
2024-11-27 22:00:00,,543.8324492203961
2024-11-27 23:00:00,,543.8374576485462
2024-11-28 00:00:00,,543.8434660766962
2024-11-28 01:00:00,,543.8554745048463
2024-11-28 02:00:00,,543.8544829329962
2024-11-28 03:00:00,,543.8624913611463
2024-11-28 04:00:00,,543.8654997892963
2024-11-28 05:00:00,,543.8635082174463
2024-11-28 06:00:00,,543.8605166455964
2024-11-28 07:00:00,,543.8535250737464
2024-11-28 08:00:00,,543.8495335018964
2024-11-28 09:00:00,,543.8585419300464
2024-11-28 10:00:00,,543.8465503581964
2024-11-28 11:00:00,,543.8415587863465
2024-11-28 12:00:00,,543.8435672144965
2024-11-28 13:00:00,,543.8405756426465
2024-11-28 14:00:00,,543.8315840707966
2024-11-28 15:00:00,,543.8245924989466
2024-11-28 16:00:00,,543.8176009270966
2024-11-28 17:00:00,,543.8216093552466
2024-11-28 18:00:00,,543.8306177833966
2024-11-28 19:00:00,,543.8396262115466
2024-11-28 20:00:00,,543.8446346396967
2024-11-28 21:00:00,,543.8436430678466
2024-11-28 22:00:00,,543.8416514959966
2024-11-28 23:00:00,,543.8406599241467
2024-11-29 00:00:00,,543.8506683522967
2024-11-29 01:00:00,,543.8606767804467
2024-11-29 02:00:00,,543.8706852085968
2024-11-29 03:00:00,,543.8766936367468
2024-11-29 04:00:00,,543.8797020648968
2024-11-29 05:00:00,,543.8767104930469
2024-11-29 06:00:00,,543.8757189211968
2024-11-29 07:00:00,,543.8717273493469
2024-11-29 08:00:00,,543.8687357774969
2024-11-29 09:00:00,,543.8637442056469
2024-11-29 10:00:00,,543.838752633797
2024-11-29 11:00:00,,543.812761061947
2024-11-29 12:00:00,,543.799769490097
2024-11-29 13:00:00,,543.794777918247
2024-11-29 14:00:00,,543.789786346397
2024-11-29 15:00:00,,543.791794774547
2024-11-29 16:00:00,,543.805803202697
2024-11-29 17:00:00,,543.801811630847
2024-11-29 18:00:00,,543.8078200589971
2024-11-29 19:00:00,,543.8198284871471
2024-11-29 20:00:00,,543.8288369152972
2024-11-29 21:00:00,,543.8318453434472
2024-11-29 22:00:00,,543.8358537715972
2024-11-29 23:00:00,,543.8408621997472
2024-11-30 00:00:00,,543.8438706278972
2024-11-30 01:00:00,,543.8558790560472
2024-11-30 02:00:00,,543.8648874841973
2024-11-30 03:00:00,,543.8668959123473
2024-11-30 04:00:00,,543.8709043404973
2024-11-30 05:00:00,,543.8729127686473
2024-11-30 06:00:00,,543.8679211967974
2024-11-30 07:00:00,,543.8609296249474
2024-11-30 08:00:00,,543.8629380530974
2024-11-30 09:00:00,,543.8519464812474
2024-11-30 10:00:00,,543.8329549093975
2024-11-30 11:00:00,,543.8169633375475
2024-11-30 12:00:00,,543.8049717656975
2024-11-30 13:00:00,,543.8049801938475
2024-11-30 14:00:00,,543.8099886219975
2024-11-30 15:00:00,,543.8149970501476
2024-11-30 16:00:00,,543.8190054782975
2024-11-30 17:00:00,,543.8210139064475
2024-11-30 18:00:00,,543.8280223345976
2024-11-30 19:00:00,,543.8340307627476
2024-11-30 20:00:00,,543.8350391908976
2024-11-30 21:00:00,,543.8330476190476
2024-11-30 22:00:00,,543.8420560471977
2024-11-30 23:00:00,,543.8450644753477
2024-12-01 00:00:00,,543.8510729034978
2024-12-01 01:00:00,,543.8590813316478
2024-12-01 02:00:00,,543.8660897597978
2024-12-01 03:00:00,,543.8720981879478
2024-12-01 04:00:00,,543.8711066160978
2024-12-01 05:00:00,,543.8751150442479
2024-12-01 06:00:00,,543.8731234723979
2024-12-01 07:00:00,,543.8651319005479
2024-12-01 08:00:00,,543.8601403286979
2024-12-01 09:00:00,,543.8521487568479
2024-12-01 10:00:00,,543.828157184998
2024-12-01 11:00:00,,543.806165613148
2024-12-01 12:00:00,,543.802174041298
2024-12-01 13:00:00,,543.800182469448
2024-12-01 14:00:00,,543.807190897598
2024-12-01 15:00:00,,543.806199325748
2024-12-01 16:00:00,,543.8242077538981
2024-12-01 17:00:00,,543.8282161820481
2024-12-01 18:00:00,,543.8402246101981
2024-12-01 19:00:00,,543.8502330383482
2024-12-01 20:00:00,,543.8472414664982
2024-12-01 21:00:00,,543.8412498946482
2024-12-01 22:00:00,,543.8492583227982
2024-12-01 23:00:00,,543.8342667509482
2024-12-02 00:00:00,,543.8452751790983
2024-12-02 01:00:00,,543.8562836072483
2024-12-02 02:00:00,,543.8652920353983
2024-12-02 03:00:00,,543.8733004635483
2024-12-02 04:00:00,,543.8743088916983
2024-12-02 05:00:00,,543.8763173198483
2024-12-02 06:00:00,,543.8733257479984
2024-12-02 07:00:00,,543.8733341761484
2024-12-02 08:00:00,,543.8693426042984
2024-12-02 09:00:00,,543.8683510324485
2024-12-02 10:00:00,,543.8513594605985
2024-12-02 11:00:00,,543.8343678887485
2024-12-02 12:00:00,,543.8543763168985
2024-12-02 13:00:00,,543.8673847450485
2024-12-02 14:00:00,,543.8723931731986
2024-12-02 15:00:00,,543.8474016013486
2024-12-02 16:00:00,,543.8444100294986
2024-12-02 17:00:00,,543.8524184576486
2024-12-02 18:00:00,,543.8624268857986
2024-12-02 19:00:00,,543.8614353139486
2024-12-02 20:00:00,,543.8504437420986
2024-12-02 21:00:00,,543.8684521702487
2024-12-02 22:00:00,,543.8894605983987
2024-12-02 23:00:00,,543.8694690265487
2024-12-03 00:00:00,,543.8754774546987
2024-12-03 01:00:00,,543.8764858828488
2024-12-03 02:00:00,,543.8804943109988
2024-12-03 03:00:00,,543.8805027391488
2024-12-03 04:00:00,,543.8805111672988
2024-12-03 05:00:00,,543.8855195954488
2024-12-03 06:00:00,,543.8825280235989
2024-12-03 07:00:00,,543.8765364517488
2024-12-03 08:00:00,,543.8685448798989
2024-12-03 09:00:00,,543.861553308049
2024-12-03 10:00:00,,543.8335617361989
2024-12-03 11:00:00,,543.815570164349
2024-12-03 12:00:00,,543.800578592499
2024-12-03 13:00:00,,543.793587020649
2024-12-03 14:00:00,,543.793595448799
2024-12-03 15:00:00,,543.790603876949
2024-12-03 16:00:00,,543.7956123050991
2024-12-03 17:00:00,,543.8056207332492
2024-12-03 18:00:00,,543.8146291613991
2024-12-03 19:00:00,,543.8256375895492
2024-12-03 20:00:00,,543.8346460176991
2024-12-03 21:00:00,,543.8346544458492
2024-12-03 22:00:00,,543.8376628739992
2024-12-03 23:00:00,,543.8456713021492
2024-12-04 00:00:00,,543.8466797302992
2024-12-04 01:00:00,,543.8516881584493
2024-12-04 02:00:00,,543.8616965865994
2024-12-04 03:00:00,,543.8617050147493
2024-12-04 04:00:00,,543.8587134428993
2024-12-04 05:00:00,,543.8597218710494
2024-12-04 06:00:00,,543.8597302991993
2024-12-04 07:00:00,,543.8557387273494
2024-12-04 08:00:00,,543.8547471554995
2024-12-04 09:00:00,,543.8447555836494
2024-12-04 10:00:00,,543.8187640117994
2024-12-04 11:00:00,,543.8027724399495
2024-12-04 12:00:00,,543.7927808680995
2024-12-04 13:00:00,,543.7847892962495
2024-12-04 14:00:00,,543.7827977243995
2024-12-04 15:00:00,,543.7758061525495
2024-12-04 16:00:00,,543.7748145806996
2024-12-04 17:00:00,,543.7818230088496
2024-12-04 18:00:00,,543.7998314369996
2024-12-04 19:00:00,,543.8148398651497
2024-12-04 20:00:00,,543.8228482932997
2024-12-04 21:00:00,,543.8278567214497
2024-12-04 22:00:00,,543.8298651495998
2024-12-04 23:00:00,,543.8348735777497
2024-12-05 00:00:00,,543.8418820058997
2024-12-05 01:00:00,,543.8518904340498
2024-12-05 02:00:00,,543.8538988621998
2024-12-05 03:00:00,,543.8579072903498
2024-12-05 04:00:00,,543.8619157184999
2024-12-05 05:00:00,,543.8599241466499
2024-12-05 06:00:00,,543.8549325747999
2024-12-05 07:00:00,,543.8509410029499
2024-12-05 08:00:00,,543.8519494310999
2024-12-05 09:00:00,,543.8459578592499
2024-12-05 10:00:00,,543.8189662873999
2024-12-05 11:00:00,,543.79897471555
2024-12-05 12:00:00,,543.7909831437
2024-12-05 13:00:00,,543.78999157185
2024-12-05 14:00:00,,543.791
2024-12-05 15:10:00,,543.7900000000001
