#Data Set Export - Depth Below Ground.Publish@RN014409,,
Latest telemetry data is sourced directly from logging devices and is unverified. No guarantee is made as to the accuracy or reliability of the data until it is approved. Use with caution.,,
Timestamp (UTC+09:30),Event Timestamp (UTC+09:30),Value (m)
2011-06-01 14:26:00,,-21.27
2011-06-01 18:00:00,,-21.265
2011-06-02 00:00:00,,-21.254
2011-06-02 06:00:00,,-21.245
2011-06-02 12:00:00,,-21.283
2011-06-02 18:00:00,,-21.272
2011-06-03 00:00:00,,-21.262
2011-06-03 06:00:00,,-21.258
2011-06-03 12:00:00,,-21.298
2011-06-03 18:00:00,,-21.29
2011-06-04 00:00:00,,-21.269
2011-06-04 06:00:00,,-21.272
2011-06-04 12:00:00,,-21.308
2011-06-04 18:00:00,,-21.285
2011-06-05 00:00:00,,-21.289
2011-06-05 06:00:00,,-21.268
2011-06-05 12:00:00,,-21.311
2011-06-05 18:00:00,,-21.296
2011-06-06 00:00:00,,-21.275
2011-06-06 06:00:00,,-21.279
2011-06-06 12:00:00,,-21.304
2011-06-06 18:00:00,,-21.298
2011-06-07 00:00:00,,-21.288
2011-06-07 06:00:00,,-21.28
2011-06-07 12:00:00,,-21.289
2011-06-07 18:00:00,,-21.278
2011-06-08 00:00:00,,-21.283
2011-06-08 06:00:00,,-21.262
2011-06-08 12:00:00,,-21.262
2011-06-08 18:00:00,,-21.252
2011-06-09 00:00:00,,-21.256
2011-06-09 06:00:00,,-21.246
2011-06-09 12:00:00,,-21.253
2011-06-09 18:00:00,,-21.253
2011-06-10 00:00:00,,-21.235
2011-06-10 06:00:00,,-21.228
2011-06-10 12:00:00,,-21.242
2011-06-10 18:00:00,,-21.239
2011-06-11 00:00:00,,-21.219
2011-06-11 06:00:00,,-21.204
2011-06-11 12:00:00,,-21.23
2011-06-11 18:00:00,,-21.22
2011-06-12 00:00:00,,-21.203
2011-06-12 06:00:00,,-21.202
2011-06-12 12:00:00,,-21.228
2011-06-12 18:00:00,,-21.23
2011-06-13 00:00:00,,-21.269
2011-06-13 06:00:00,,-21.252
2011-06-13 12:00:00,,-21.271
2011-06-13 18:00:00,,-21.25
2011-06-14 00:00:00,,-21.262
2011-06-14 06:00:00,,-21.25
2011-06-14 12:00:00,,-21.282
2011-06-14 18:00:00,,-21.237
2011-06-15 00:00:00,,-21.274
2011-06-15 06:00:00,,-21.25
2011-06-15 12:00:00,,-21.276
2011-06-15 18:00:00,,-21.242
2011-06-16 00:00:00,,-21.252
2011-06-16 06:00:00,,-21.255
2011-06-16 12:00:00,,-21.274
2011-06-16 18:00:00,,-21.237
2011-06-17 00:00:00,,-21.256
2011-06-17 06:00:00,,-21.246
2011-06-17 12:00:00,,-21.269
2011-06-17 18:00:00,,-21.238
2011-06-18 00:00:00,,-21.266
2011-06-18 06:00:00,,-21.251
2011-06-18 12:00:00,,-21.27
2011-06-18 18:00:00,,-21.216
2011-06-19 00:00:00,,-21.247
2011-06-19 06:00:00,,-21.248
2011-06-19 12:00:00,,-21.261
2011-06-19 18:00:00,,-21.229
2011-06-20 00:00:00,,-21.252
2011-06-20 06:00:00,,-21.248
2011-06-20 12:00:00,,-21.265
2011-06-20 18:00:00,,-21.222
2011-06-21 00:00:00,,-21.246
2011-06-21 06:00:00,,-21.252
2011-06-21 12:00:00,,-21.26
2011-06-21 18:00:00,,-21.22
2011-06-22 00:00:00,,-21.25
2011-06-22 06:00:00,,-21.251
2011-06-22 12:00:00,,-21.26
2011-06-22 18:00:00,,-21.231
2011-06-23 00:00:00,,-21.254
2011-06-23 06:00:00,,-21.248
2011-06-23 12:00:00,,-21.251
2011-06-23 18:00:00,,-21.226
2011-06-24 00:00:00,,-21.249
2011-06-24 06:00:00,,-21.234
2011-06-24 12:00:00,,-21.26
2011-06-24 18:00:00,,-21.217
2011-06-25 00:00:00,,-21.251
2011-06-25 06:00:00,,-21.247
2011-06-25 12:00:00,,-21.254
2011-06-25 18:00:00,,-21.226
2011-06-26 00:00:00,,-21.247
2011-06-26 06:00:00,,-21.231
2011-06-26 12:00:00,,-21.248
2011-06-26 18:00:00,,-21.215
2011-06-27 00:00:00,,-21.247
2011-06-27 06:00:00,,-21.239
2011-06-27 12:00:00,,-21.254
2011-06-27 18:00:00,,-21.222
2011-06-28 00:00:00,,-21.25
2011-06-28 06:00:00,,-21.225
2011-06-28 12:00:00,,-21.252
2011-06-28 18:00:00,,-21.213
2011-06-29 00:00:00,,-21.235
2011-06-29 06:00:00,,-21.227
2011-06-29 12:00:00,,-21.255
2011-06-29 18:00:00,,-21.219
2011-06-30 00:00:00,,-21.241
2011-06-30 06:00:00,,-21.236
2011-06-30 12:00:00,,-21.255
2011-06-30 18:00:00,,-21.205
2011-07-01 00:00:00,,-21.229
2011-07-01 06:00:00,,-21.219
2011-07-01 12:00:00,,-21.248
2011-07-01 18:00:00,,-21.215
2011-07-02 00:00:00,,-21.229
2011-07-02 06:00:00,,-21.215
2011-07-02 12:00:00,,-21.234
2011-07-02 18:00:00,,-21.2
2011-07-03 00:00:00,,-21.231
2011-07-03 06:00:00,,-21.218
2011-07-03 12:00:00,,-21.247
2011-07-03 18:00:00,,-21.215
2011-07-04 00:00:00,,-21.244
2011-07-04 06:00:00,,-21.24
2011-07-04 12:00:00,,-21.251
2011-07-04 18:00:00,,-21.208
2011-07-05 00:00:00,,-21.242
2011-07-05 06:00:00,,-21.231
2011-07-05 12:00:00,,-21.25
2011-07-05 18:00:00,,-21.201
2011-07-06 00:00:00,,-21.236
2011-07-06 06:00:00,,-21.215
2011-07-06 12:00:00,,-21.238
2011-07-06 18:00:00,,-21.211
2011-07-07 00:00:00,,-21.242
2011-07-07 06:00:00,,-21.238
2011-07-07 12:00:00,,-21.241
2011-07-07 18:00:00,,-21.219
2011-07-08 00:00:00,,-21.236
2011-07-08 06:00:00,,-21.233
2011-07-08 12:00:00,,-21.249
2011-07-08 18:00:00,,-21.207
2011-07-09 00:00:00,,-21.226
2011-07-09 06:00:00,,-21.227
2011-07-09 12:00:00,,-21.239
2011-07-09 18:00:00,,-21.207
2011-07-10 00:00:00,,-21.233
2011-07-10 06:00:00,,-21.22
2011-07-10 12:00:00,,-21.236
2011-07-10 18:00:00,,-21.197
2011-07-11 00:00:00,,-21.22
2011-07-11 06:00:00,,-21.217
2011-07-11 12:00:00,,-21.228
2011-07-11 18:00:00,,-21.198
2011-07-12 00:00:00,,-21.23
2011-07-12 06:00:00,,-21.218
2011-07-12 12:00:00,,-21.22
2011-07-12 18:00:00,,-21.192
2011-07-13 00:00:00,,-21.212
2011-07-13 06:00:00,,-21.216
2011-07-13 12:00:00,,-21.225
2011-07-13 18:00:00,,-21.207
2011-07-14 00:00:00,,-21.226
2011-07-14 06:00:00,,-21.216
2011-07-14 12:00:00,,-21.237
2011-07-14 18:00:00,,-21.204
2011-07-15 00:00:00,,-21.233
2011-07-15 06:00:00,,-21.218
2011-07-15 12:00:00,,-21.234
2011-07-15 18:00:00,,-21.2
2011-07-16 00:00:00,,-21.22
2011-07-16 06:00:00,,-21.202
2011-07-16 12:00:00,,-21.219
2011-07-16 18:00:00,,-21.195
2011-07-17 00:00:00,,-21.224
2011-07-17 06:00:00,,-21.22
2011-07-17 12:00:00,,-21.231
2011-07-17 18:00:00,,-21.187
2011-07-18 00:00:00,,-21.227
2011-07-18 06:00:00,,-21.214
2011-07-18 12:00:00,,-21.233
2011-07-18 18:00:00,,-21.186
2011-07-19 00:00:00,,-21.228
2011-07-19 06:00:00,,-21.218
2011-07-19 12:00:00,,-21.228
2011-07-19 18:00:00,,-21.182
2011-07-20 00:00:00,,-21.213
2011-07-20 06:00:00,,-21.205
2011-07-20 12:00:00,,-21.218
2011-07-20 18:00:00,,-21.19
2011-07-21 00:00:00,,-21.21
2011-07-21 06:00:00,,-21.206
2011-07-21 12:00:00,,-21.217
2011-07-21 18:00:00,,-21.188
2011-07-22 00:00:00,,-21.208
2011-07-22 06:00:00,,-21.208
2011-07-22 12:00:00,,-21.222
2011-07-22 18:00:00,,-21.178
2011-07-23 00:00:00,,-21.214
2011-07-23 06:00:00,,-21.203
2011-07-23 12:00:00,,-21.227
2011-07-23 18:00:00,,-21.181
2011-07-24 00:00:00,,-21.216
2011-07-24 06:00:00,,-21.203
2011-07-24 12:00:00,,-21.224
2011-07-24 18:00:00,,-21.183
2011-07-25 00:00:00,,-21.215
2011-07-25 06:00:00,,-21.195
2011-07-25 12:00:00,,-21.223
2011-07-25 18:00:00,,-21.179
2011-07-26 00:00:00,,-21.217
2011-07-26 06:00:00,,-21.198
2011-07-26 12:00:00,,-21.228
2011-07-26 18:00:00,,-21.187
2011-07-27 00:00:00,,-21.216
2011-07-27 06:00:00,,-21.21
2011-07-27 12:00:00,,-21.228
2011-07-27 18:00:00,,-21.176
2011-07-28 00:00:00,,-21.213
2011-07-28 06:00:00,,-21.193
2011-07-28 12:00:00,,-21.208
2011-07-28 18:00:00,,-21.182
2011-07-29 00:00:00,,-21.196
2011-07-29 06:00:00,,-21.186
2011-07-29 12:00:00,,-21.219
2011-07-29 18:00:00,,-21.169
2011-07-30 00:00:00,,-21.204
2011-07-30 06:00:00,,-21.197
2011-07-30 12:00:00,,-21.221
2011-07-30 18:00:00,,-21.181
2011-07-31 00:00:00,,-21.202
2011-07-31 06:00:00,,-21.198
2011-07-31 12:00:00,,-21.216
2011-07-31 18:00:00,,-21.183
2011-08-01 00:00:00,,-21.213
2011-08-01 06:00:00,,-21.202
2011-08-01 12:00:00,,-21.214
2011-08-01 18:00:00,,-21.18
2011-08-02 00:00:00,,-21.198
2011-08-02 06:00:00,,-21.192
2011-08-02 12:00:00,,-21.222
2011-08-02 18:00:00,,-21.165
2011-08-03 00:00:00,,-21.192
2011-08-03 06:00:00,,-21.19
2011-08-03 12:00:00,,-21.203
2011-08-03 18:00:00,,-21.164
2011-08-04 00:00:00,,-21.192
2011-08-04 06:00:00,,-21.193
2011-08-04 12:00:00,,-21.207
2011-08-04 18:00:00,,-21.163
2011-08-05 00:00:00,,-21.19
2011-08-05 06:00:00,,-21.193
2011-08-05 12:00:00,,-21.203
2011-08-05 18:00:00,,-21.181
2011-08-06 00:00:00,,-21.196
2011-08-06 06:00:00,,-21.189
2011-08-06 12:00:00,,-21.213
2011-08-06 18:00:00,,-21.176
2011-08-07 00:00:00,,-21.197
2011-08-07 06:00:00,,-21.186
2011-08-07 12:00:00,,-21.214
2011-08-07 18:00:00,,-21.181
2011-08-08 00:00:00,,-21.198
2011-08-08 06:00:00,,-21.181
2011-08-08 12:00:00,,-21.195
2011-08-08 18:00:00,,-21.171
2011-08-09 00:00:00,,-21.191
2011-08-09 06:00:00,,-21.184
2011-08-09 12:00:00,,-21.188
2011-08-09 18:00:00,,-21.148
2011-08-10 00:00:00,,-21.178
2011-08-10 06:00:00,,-21.174
2011-08-10 12:00:00,,-21.204
2011-08-10 18:00:00,,-21.162
2011-08-11 00:00:00,,-21.198
2011-08-11 06:00:00,,-21.191
2011-08-11 12:00:00,,-21.205
2011-08-11 18:00:00,,-21.162
2011-08-12 00:00:00,,-21.202
2011-08-12 06:00:00,,-21.177
2011-08-12 12:00:00,,-21.199
2011-08-12 18:00:00,,-21.156
2011-08-13 00:00:00,,-21.199
2011-08-13 06:00:00,,-21.182
2011-08-13 12:00:00,,-21.208
2011-08-13 18:00:00,,-21.172
2011-08-14 00:00:00,,-21.191
2011-08-14 06:00:00,,-21.189
2011-08-14 12:00:00,,-21.204
2011-08-14 18:00:00,,-21.159
2011-08-15 00:00:00,,-21.191
2011-08-15 06:00:00,,-21.176
2011-08-15 12:00:00,,-21.19
2011-08-15 18:00:00,,-21.144
2011-08-16 00:00:00,,-21.174
2011-08-16 06:00:00,,-21.162
2011-08-16 12:00:00,,-21.177
2011-08-16 18:00:00,,-21.137
2011-08-17 00:00:00,,-21.174
2011-08-17 06:00:00,,-21.193
2011-08-17 12:00:00,,-21.211
2011-08-17 18:00:00,,-21.176
2011-08-18 00:00:00,,-21.207
2011-08-18 06:00:00,,-21.186
2011-08-18 12:00:00,,-21.217
2011-08-18 18:00:00,,-21.176
2011-08-19 00:00:00,,-21.198
2011-08-19 06:00:00,,-21.185
2011-08-19 12:00:00,,-21.194
2011-08-19 18:00:00,,-21.162
2011-08-20 00:00:00,,-21.183
2011-08-20 06:00:00,,-21.194
2011-08-20 12:00:00,,-21.196
2011-08-20 18:00:00,,-21.156
2011-08-21 00:00:00,,-21.181
2011-08-21 06:00:00,,-21.176
2011-08-21 12:00:00,,-21.198
2011-08-21 18:00:00,,-21.169
2011-08-22 00:00:00,,-21.182
2011-08-22 06:00:00,,-21.178
2011-08-22 12:00:00,,-21.195
2011-08-22 18:00:00,,-21.162
2011-08-23 00:00:00,,-21.19
2011-08-23 06:00:00,,-21.176
2011-08-23 12:00:00,,-21.182
2011-08-23 18:00:00,,-21.161
2011-08-24 00:00:00,,-21.17
2011-08-24 06:00:00,,-21.168
2011-08-24 12:00:00,,-21.191
2011-08-24 18:00:00,,-21.144
2011-08-25 00:00:00,,-21.166
2011-08-25 06:00:00,,-21.162
2011-08-25 12:00:00,,-21.188
2011-08-25 18:00:00,,-21.154
2011-08-26 00:00:00,,-21.166
2011-08-26 06:00:00,,-21.159
2011-08-26 12:00:00,,-21.187
2011-08-26 18:00:00,,-21.147
2011-08-27 00:00:00,,-21.184
2011-08-27 06:00:00,,-21.175
2011-08-27 12:00:00,,-21.194
2011-08-27 18:00:00,,-21.142
2011-08-28 00:00:00,,-21.186
2011-08-28 06:00:00,,-21.162
2011-08-28 12:00:00,,-21.193
2011-08-28 18:00:00,,-21.147
2011-08-29 00:00:00,,-21.176
2011-08-29 06:00:00,,-21.165
2011-08-29 12:00:00,,-21.194
2011-08-29 18:00:00,,-21.15
2011-08-30 00:00:00,,-21.173
2011-08-30 06:00:00,,-21.155
2011-08-30 12:00:00,,-21.195
2011-08-30 18:00:00,,-21.151
2011-08-31 00:00:00,,-21.164
2011-08-31 06:00:00,,-21.169
2011-08-31 12:00:00,,-21.176
2011-08-31 18:00:00,,-21.143
2011-09-01 00:00:00,,-21.176
2011-09-01 06:00:00,,-21.167
2011-09-01 12:00:00,,-21.181
2011-09-01 18:00:00,,-21.144
2011-09-02 00:00:00,,-21.169
2011-09-02 06:00:00,,-21.156
2011-09-02 12:00:00,,-21.182
2011-09-02 18:00:00,,-21.144
2011-09-03 00:00:00,,-21.156
2011-09-03 06:00:00,,-21.151
2011-09-03 12:00:00,,-21.178
2011-09-03 18:00:00,,-21.147
2011-09-04 00:00:00,,-21.161
2011-09-04 06:00:00,,-21.157
2011-09-04 12:00:00,,-21.185
2011-09-04 18:00:00,,-21.148
2011-09-05 00:00:00,,-21.17
2011-09-05 06:00:00,,-21.171
2011-09-05 12:00:00,,-21.177
2011-09-05 18:00:00,,-21.146
2011-09-06 00:00:00,,-21.165
2011-09-06 06:00:00,,-21.16
2011-09-06 12:00:00,,-21.172
2011-09-06 18:00:00,,-21.139
2011-09-07 00:00:00,,-21.166
2011-09-07 06:00:00,,-21.152
2011-09-07 12:00:00,,-21.158
2011-09-07 18:00:00,,-21.146
2011-09-08 00:00:00,,-21.16
2011-09-08 06:00:00,,-21.15
2011-09-08 12:00:00,,-21.178
2011-09-08 18:00:00,,-21.147
2011-09-09 00:00:00,,-21.181
2011-09-09 06:00:00,,-21.173
2011-09-09 12:00:00,,-21.189
2011-09-09 18:00:00,,-21.148
2011-09-10 00:00:00,,-21.178
2011-09-10 06:00:00,,-21.171
2011-09-10 12:00:00,,-21.185
2011-09-10 18:00:00,,-21.136
2011-09-11 00:00:00,,-21.163
2011-09-11 06:00:00,,-21.16
2011-09-11 12:00:00,,-21.174
2011-09-11 18:00:00,,-21.139
2011-09-12 00:00:00,,-21.174
2011-09-12 06:00:00,,-21.15
2011-09-12 12:00:00,,-21.176
2011-09-12 18:00:00,,-21.141
2011-09-13 00:00:00,,-21.173
2011-09-13 06:00:00,,-21.156
2011-09-13 12:00:00,,-21.176
2011-09-13 18:00:00,,-21.125
2011-09-14 00:00:00,,-21.154
2011-09-14 06:00:00,,-21.157
2011-09-14 12:00:00,,-21.167
2011-09-14 18:00:00,,-21.133
2011-09-15 00:00:00,,-21.157
2011-09-15 06:00:00,,-21.147
2011-09-15 12:00:00,,-21.159
2011-09-15 18:00:00,,-21.123
2011-09-16 00:00:00,,-21.159
2011-09-16 06:00:00,,-21.139
2011-09-16 12:00:00,,-21.154
2011-09-16 18:00:00,,-21.123
2011-09-17 00:00:00,,-21.146
2011-09-17 06:00:00,,-21.137
2011-09-17 12:00:00,,-21.147
2011-09-17 18:00:00,,-21.114
2011-09-18 00:00:00,,-21.148
2011-09-18 06:00:00,,-21.148
2011-09-18 12:00:00,,-21.157
2011-09-18 18:00:00,,-21.114
2011-09-19 00:00:00,,-21.145
2011-09-19 06:00:00,,-21.136
2011-09-19 12:00:00,,-21.158
2011-09-19 18:00:00,,-21.124
2011-09-20 00:00:00,,-21.154
2011-09-20 06:00:00,,-21.151
2011-09-20 12:00:00,,-21.166
2011-09-20 18:00:00,,-21.134
2011-09-21 00:00:00,,-21.159
2011-09-21 06:00:00,,-21.158
2011-09-21 12:00:00,,-21.165
2011-09-21 18:00:00,,-21.121
2011-09-22 00:00:00,,-21.149
2011-09-22 06:00:00,,-21.139
2011-09-22 12:00:00,,-21.154
2011-09-22 18:00:00,,-21.125
2011-09-23 00:00:00,,-21.149
2011-09-23 06:00:00,,-21.14
2011-09-23 12:00:00,,-21.156
2011-09-23 18:00:00,,-21.129
2011-09-24 00:00:00,,-21.152
2011-09-24 06:00:00,,-21.136
2011-09-24 12:00:00,,-21.159
2011-09-24 18:00:00,,-21.122
2011-09-25 00:00:00,,-21.15
2011-09-25 06:00:00,,-21.143
2011-09-25 12:00:00,,-21.15
2011-09-25 18:00:00,,-21.119
2011-09-26 00:00:00,,-21.145
2011-09-26 06:00:00,,-21.134
2011-09-26 12:00:00,,-21.145
2011-09-26 18:00:00,,-21.113
2011-09-27 00:00:00,,-21.132
2011-09-27 06:00:00,,-21.127
2011-09-27 12:00:00,,-21.145
2011-09-27 18:00:00,,-21.105
2011-09-28 00:00:00,,-21.145
2011-09-28 06:00:00,,-21.129
2011-09-28 12:00:00,,-21.141
2011-09-28 18:00:00,,-21.114
2011-09-29 00:00:00,,-21.164
2011-09-29 06:00:00,,-21.157
2011-09-29 12:00:00,,-21.164
2011-09-29 18:00:00,,-21.109
2011-09-30 00:00:00,,-21.146
2011-09-30 06:00:00,,-21.137
2011-09-30 12:00:00,,-21.148
2011-09-30 18:00:00,,-21.116
2011-10-01 00:00:00,,-21.143
2011-10-01 06:00:00,,-21.136
2011-10-01 12:00:00,,-21.148
2011-10-01 18:00:00,,-21.113
2011-10-02 00:00:00,,-21.141
2011-10-02 06:00:00,,-21.134
2011-10-02 12:00:00,,-21.162
2011-10-02 18:00:00,,-21.118
2011-10-03 00:00:00,,-21.143
2011-10-03 06:00:00,,-21.125
2011-10-03 12:00:00,,-21.144
2011-10-03 18:00:00,,-21.105
2011-10-04 00:00:00,,-21.129
2011-10-04 06:00:00,,-21.128
2011-10-04 12:00:00,,-21.138
2011-10-04 18:00:00,,-21.111
2011-10-05 00:00:00,,-21.141
2011-10-05 06:00:00,,-21.126
2011-10-05 12:00:00,,-21.138
2011-10-05 18:00:00,,-21.117
2011-10-06 00:00:00,,-21.139
2011-10-06 06:00:00,,-21.135
2011-10-06 12:00:00,,-21.138
2011-10-06 18:00:00,,-21.104
2011-10-07 00:00:00,,-21.127
2011-10-07 06:00:00,,-21.124
2011-10-07 12:00:00,,-21.147
2011-10-07 18:00:00,,-21.096
2011-10-08 00:00:00,,-21.143
2011-10-08 06:00:00,,-21.128
2011-10-08 12:00:00,,-21.151
2011-10-08 18:00:00,,-21.098
2011-10-09 00:00:00,,-21.138
2011-10-09 06:00:00,,-21.127
2011-10-09 12:00:00,,-21.128
2011-10-09 18:00:00,,-21.101
2011-10-10 00:00:00,,-21.116
2011-10-10 06:00:00,,-21.108
2011-10-10 12:00:00,,-21.129
2011-10-10 18:00:00,,-21.108
2011-10-11 00:00:00,,-21.145
2011-10-11 06:00:00,,-21.127
2011-10-11 12:00:00,,-21.141
2011-10-11 18:00:00,,-21.094
2011-10-12 00:00:00,,-21.128
2011-10-12 06:00:00,,-21.118
2011-10-12 12:00:00,,-21.139
2011-10-12 18:00:00,,-21.09
2011-10-13 00:00:00,,-21.117
2011-10-13 06:00:00,,-21.116
2011-10-13 12:00:00,,-21.126
2011-10-13 18:00:00,,-21.087
2011-10-14 00:00:00,,-21.129
2011-10-14 06:00:00,,-21.124
2011-10-14 12:00:00,,-21.131
2011-10-14 18:00:00,,-21.108
2011-10-15 00:00:00,,-21.144
2011-10-15 06:00:00,,-21.14
2011-10-15 12:00:00,,-21.154
2011-10-15 18:00:00,,-21.114
2011-10-16 00:00:00,,-21.152
2011-10-16 06:00:00,,-21.135
2011-10-16 12:00:00,,-21.134
2011-10-16 18:00:00,,-21.109
2011-10-17 00:00:00,,-21.132
2011-10-17 06:00:00,,-21.14
2011-10-17 12:00:00,,-21.139
2011-10-17 18:00:00,,-21.106
2011-10-18 00:00:00,,-21.123
2011-10-18 06:00:00,,-21.124
2011-10-18 12:00:00,,-21.136
2011-10-18 18:00:00,,-21.102
2011-10-19 00:00:00,,-21.122
2011-10-19 06:00:00,,-21.124
2011-10-19 12:00:00,,-21.117
2011-10-19 18:00:00,,-21.102
2011-10-20 00:00:00,,-21.128
2011-10-20 06:00:00,,-21.124
2011-10-20 12:00:00,,-21.122
2011-10-20 18:00:00,,-21.086
2011-10-21 00:00:00,,-21.113
2011-10-21 06:00:00,,-21.092
2011-10-21 12:00:00,,-21.111
2011-10-21 18:00:00,,-21.107
2011-10-22 00:00:00,,-21.103
2011-10-22 06:00:00,,-21.095
2011-10-22 12:00:00,,-21.121
2011-10-22 18:00:00,,-21.121
2011-10-23 00:00:00,,-21.116
2011-10-23 06:00:00,,-21.114
2011-10-23 12:00:00,,-21.139
2011-10-23 18:00:00,,-21.143
2011-10-24 00:00:00,,-21.127
2011-10-24 06:00:00,,-21.118
2011-10-24 12:00:00,,-21.134
2011-10-24 18:00:00,,-21.133
2011-10-25 00:00:00,,-21.115
2011-10-25 06:00:00,,-21.114
2011-10-25 12:00:00,,-21.131
2011-10-25 18:00:00,,-21.128
2011-10-26 00:00:00,,-21.104
2011-10-26 06:00:00,,-21.1
2011-10-26 12:00:00,,-21.13
2011-10-26 18:00:00,,-21.126
2011-10-27 00:00:00,,-21.109
2011-10-27 06:00:00,,-21.095
2011-10-27 12:00:00,,-21.122
2011-10-27 18:00:00,,-21.082
2011-10-28 00:00:00,,-21.111
2011-10-28 06:00:00,,-21.104
2011-10-28 12:00:00,,-21.13
2011-10-28 18:00:00,,-21.082
2011-10-29 00:00:00,,-21.109
2011-10-29 06:00:00,,-21.11
2011-10-29 12:00:00,,-21.119
2011-10-29 18:00:00,,-21.082
2011-10-30 00:00:00,,-21.123
2011-10-30 06:00:00,,-21.113
2011-10-30 12:00:00,,-21.111
2011-10-30 18:00:00,,-21.092
2011-10-31 00:00:00,,-21.121
2011-10-31 06:00:00,,-21.115
2011-10-31 12:00:00,,-21.117
2011-10-31 18:00:00,,-21.113
2011-11-01 00:00:00,,-21.111
2011-11-01 06:00:00,,-21.097
2011-11-01 12:00:00,,-21.114
2011-11-01 18:00:00,,-21.097
2011-11-02 00:00:00,,-21.108
2011-11-02 06:00:00,,-21.099
2011-11-02 12:00:00,,-21.113
2011-11-02 18:00:00,,-21.083
2011-11-03 00:00:00,,-21.115
2011-11-03 06:00:00,,-21.096
2011-11-03 12:00:00,,-21.106
2011-11-03 18:00:00,,-21.097
2011-11-04 00:00:00,,-21.106
2011-11-04 06:00:00,,-21.095
2011-11-04 12:00:00,,-21.101
2011-11-04 18:00:00,,-21.07
2011-11-05 00:00:00,,-21.099
2011-11-05 06:00:00,,-21.095
2011-11-05 12:00:00,,-21.116
2011-11-05 18:00:00,,-21.071
2011-11-06 00:00:00,,-21.104
2011-11-06 06:00:00,,-21.093
2011-11-06 12:00:00,,-21.111
2011-11-06 18:00:00,,-21.084
2011-11-07 00:00:00,,-21.111
2011-11-07 06:00:00,,-21.091
2011-11-07 12:00:00,,-21.119
2011-11-07 18:00:00,,-21.069
2011-11-08 00:00:00,,-21.101
2011-11-08 06:00:00,,-21.098
2011-11-08 12:00:00,,-21.112
2011-11-08 18:00:00,,-21.084
2011-11-09 00:00:00,,-21.127
2011-11-09 06:00:00,,-21.104
2011-11-09 12:00:00,,-21.11
2011-11-09 18:00:00,,-21.081
2011-11-10 00:00:00,,-21.114
2011-11-10 06:00:00,,-21.105
2011-11-10 12:00:00,,-21.122
2011-11-10 18:00:00,,-21.078
2011-11-11 00:00:00,,-21.127
2011-11-11 06:00:00,,-21.109
2011-11-11 12:00:00,,-21.132
2011-11-11 18:00:00,,-21.08
2011-11-12 00:00:00,,-21.102
2011-11-12 06:00:00,,-21.094
2011-11-12 12:00:00,,-21.11
2011-11-12 18:00:00,,-21.069
2011-11-13 00:00:00,,-21.099
2011-11-13 06:00:00,,-21.083
2011-11-13 12:00:00,,-21.118
2011-11-13 18:00:00,,-21.088
2011-11-14 00:00:00,,-21.093
2011-11-14 06:00:00,,-21.089
2011-11-14 12:00:00,,-21.11
2011-11-14 18:00:00,,-21.084
2011-11-15 00:00:00,,-21.109
2011-11-15 06:00:00,,-21.092
2011-11-15 12:00:00,,-21.105
2011-11-15 18:00:00,,-21.071
2011-11-16 00:00:00,,-21.114
2011-11-16 06:00:00,,-21.096
2011-11-16 12:00:00,,-21.11
2011-11-16 18:00:00,,-21.083
2011-11-17 00:00:00,,-21.108
2011-11-17 06:00:00,,-21.092
2011-11-17 12:00:00,,-21.114
2011-11-17 18:00:00,,-21.064
2011-11-18 00:00:00,,-21.058
2011-11-18 06:00:00,,-21.08
2011-11-18 12:00:00,,-21.114
2011-11-18 18:00:00,,-21.082
2011-11-19 00:00:00,,-21.093
2011-11-19 06:00:00,,-21.083
2011-11-19 12:00:00,,-21.072
2011-11-19 18:00:00,,-21.089
2011-11-20 00:00:00,,-21.09
2011-11-20 06:00:00,,-21.094
2011-11-20 12:00:00,,-21.086
2011-11-20 18:00:00,,-21.087
2011-11-21 00:00:00,,-21.092
2011-11-21 06:00:00,,-21.082
2011-11-21 12:00:00,,-21.105
2011-11-21 18:00:00,,-21.087
2011-11-22 00:00:00,,-21.078
2011-11-22 06:00:00,,-21.076
2011-11-22 12:00:00,,-21.104
2011-11-22 18:00:00,,-21.083
2011-11-23 00:00:00,,-21.094
2011-11-23 06:00:00,,-21.098
2011-11-23 12:00:00,,-21.111
2011-11-23 18:00:00,,-21.092
2011-11-24 00:00:00,,-21.108
2011-11-24 06:00:00,,-21.095
2011-11-24 12:00:00,,-21.121
2011-11-24 18:00:00,,-21.087
2011-11-25 00:00:00,,-21.093
2011-11-25 06:00:00,,-21.098
2011-11-25 12:00:00,,-21.123
2011-11-25 18:00:00,,-21.082
2011-11-26 00:00:00,,-21.086
2011-11-26 06:00:00,,-21.083
2011-11-26 12:00:00,,-21.111
2011-11-26 18:00:00,,-21.078
2011-11-27 00:00:00,,-21.088
2011-11-27 06:00:00,,-21.088
2011-11-27 12:00:00,,-21.112
2011-11-27 18:00:00,,-21.065
2011-11-28 00:00:00,,-21.076
2011-11-28 06:00:00,,-21.088
2011-11-28 12:00:00,,-21.104
2011-11-28 18:00:00,,-21.073
2011-11-29 00:00:00,,-21.069
2011-11-29 06:00:00,,-21.083
2011-11-29 12:00:00,,-21.096
2011-11-29 18:00:00,,-21.066
2011-11-30 00:00:00,,-21.078
2011-11-30 06:00:00,,-21.082
2011-11-30 12:00:00,,-21.103
2011-11-30 18:00:00,,-21.086
2011-12-01 00:00:00,,-21.091
2011-12-01 06:00:00,,-21.088
2011-12-01 12:00:00,,-21.106
2011-12-01 18:00:00,,-21.079
2011-12-02 00:00:00,,-21.083
2011-12-02 06:00:00,,-21.085
2011-12-02 12:00:00,,-21.096
2011-12-02 18:00:00,,-21.075
2011-12-03 00:00:00,,-21.076
2011-12-03 06:00:00,,-21.074
2011-12-03 12:00:00,,-21.093
2011-12-03 18:00:00,,-21.079
2011-12-04 00:00:00,,-21.085
2011-12-04 06:00:00,,-21.078
2011-12-04 12:00:00,,-21.1
2011-12-04 18:00:00,,-21.066
2011-12-05 00:00:00,,-21.074
2011-12-05 06:00:00,,-21.069
2011-12-05 12:00:00,,-21.086
2011-12-05 18:00:00,,-21.069
2011-12-06 00:00:00,,-21.079
2011-12-06 06:00:00,,-21.082
2011-12-06 12:00:00,,-21.098
2011-12-06 18:00:00,,-21.062
2011-12-07 00:00:00,,-21.079
2011-12-07 06:00:00,,-21.082
2011-12-07 12:00:00,,-21.097
2011-12-07 18:00:00,,-21.055
2011-12-08 00:00:00,,-21.065
2011-12-08 06:00:00,,-21.064
2011-12-08 12:00:00,,-21.085
2011-12-08 18:00:00,,-21.055
2011-12-09 00:00:00,,-21.063
2011-12-09 06:00:00,,-21.071
2011-12-09 12:00:00,,-21.095
2011-12-09 18:00:00,,-21.054
2011-12-10 00:00:00,,-21.068
2011-12-10 06:00:00,,-21.077
2011-12-10 12:00:00,,-21.102
2011-12-10 18:00:00,,-21.063
2011-12-11 00:00:00,,-21.075
2011-12-11 06:00:00,,-21.079
2011-12-11 12:00:00,,-21.092
2011-12-11 18:00:00,,-21.068
2011-12-12 00:00:00,,-21.081
2011-12-12 06:00:00,,-21.075
2011-12-12 12:00:00,,-21.104
2011-12-12 18:00:00,,-21.053
2011-12-13 00:00:00,,-21.077
2011-12-13 06:00:00,,-21.086
2011-12-13 12:00:00,,-21.094
2011-12-13 18:00:00,,-21.068
2011-12-14 00:00:00,,-21.08
2011-12-14 06:00:00,,-21.067
2011-12-14 12:00:00,,-21.088
2011-12-14 18:00:00,,-21.066
2011-12-15 00:00:00,,-21.076
2011-12-15 06:00:00,,-21.071
2011-12-15 12:00:00,,-21.079
2011-12-15 18:00:00,,-21.062
2011-12-16 00:00:00,,-21.064
2011-12-16 06:00:00,,-21.061
2011-12-16 12:00:00,,-21.067
2011-12-16 18:00:00,,-21.054
2011-12-17 00:00:00,,-21.072
2011-12-17 06:00:00,,-21.072
2011-12-17 12:00:00,,-21.081
2011-12-17 18:00:00,,-21.058
2011-12-18 00:00:00,,-21.083
2011-12-18 06:00:00,,-21.069
2011-12-18 12:00:00,,-21.084
2011-12-18 18:00:00,,-21.058
2011-12-19 00:00:00,,-21.047
2011-12-19 06:00:00,,-21.03
2011-12-19 12:00:00,,-21.069
2011-12-19 18:00:00,,-21.058
2011-12-20 00:00:00,,-21.065
2011-12-20 06:00:00,,-21.076
2011-12-20 12:00:00,,-21.089
2011-12-20 18:00:00,,-21.049
2011-12-21 00:00:00,,-21.071
2011-12-21 06:00:00,,-21.059
2011-12-21 12:00:00,,-21.083
2011-12-21 18:00:00,,-21.058
2011-12-22 00:00:00,,-21.072
2011-12-22 06:00:00,,-21.055
2011-12-22 12:00:00,,-21.089
2011-12-22 18:00:00,,-21.057
2011-12-23 00:00:00,,-21.07
2011-12-23 06:00:00,,-21.054
2011-12-23 12:00:00,,-21.089
2011-12-23 18:00:00,,-21.057
2011-12-24 00:00:00,,-21.057
2011-12-24 06:00:00,,-21.071
2011-12-24 12:00:00,,-21.084
2011-12-24 18:00:00,,-21.049
2011-12-25 00:00:00,,-21.065
2011-12-25 06:00:00,,-21.06
2011-12-25 12:00:00,,-21.074
2011-12-25 18:00:00,,-21.057
2011-12-26 00:00:00,,-21.051
2011-12-26 06:00:00,,-21.049
2011-12-26 12:00:00,,-21.091
2011-12-26 18:00:00,,-21.053
2011-12-27 00:00:00,,-21.075
2011-12-27 06:00:00,,-21.07
2011-12-27 12:00:00,,-21.081
2011-12-27 18:00:00,,-21.038
2011-12-28 00:00:00,,-21.058
2011-12-28 06:00:00,,-21.059
2011-12-28 12:00:00,,-21.08
2011-12-28 18:00:00,,-21.058
2011-12-29 00:00:00,,-21.059
2011-12-29 06:00:00,,-21.065
2011-12-29 12:00:00,,-21.083
2011-12-29 18:00:00,,-21.051
2011-12-30 00:00:00,,-21.054
2011-12-30 06:00:00,,-21.063
2011-12-30 12:00:00,,-21.081
2011-12-30 18:00:00,,-21.046
2011-12-31 00:00:00,,-21.056
2011-12-31 06:00:00,,-21.052
2011-12-31 12:00:00,,-21.081
2011-12-31 18:00:00,,-21.05
2012-01-01 00:00:00,,-21.059
2012-01-01 06:00:00,,-21.054
2012-01-01 12:00:00,,-21.084
2012-01-01 18:00:00,,-21.052
2012-01-02 00:00:00,,-21.049
2012-01-02 06:00:00,,-21.05
2012-01-02 12:00:00,,-21.076
2012-01-02 18:00:00,,-21.053
2012-01-03 00:00:00,,-21.051
2012-01-03 06:00:00,,-21.06
2012-01-03 12:00:00,,-21.078
2012-01-03 18:00:00,,-21.037
2012-01-04 00:00:00,,-21.068
2012-01-04 06:00:00,,-21.058
2012-01-04 12:00:00,,-21.076
2012-01-04 18:00:00,,-21.038
2012-01-05 00:00:00,,-21.052
2012-01-05 06:00:00,,-21.054
2012-01-05 12:00:00,,-21.085
2012-01-05 18:00:00,,-21.037
2012-01-06 00:00:00,,-21.064
2012-01-06 06:00:00,,-21.053
2012-01-06 12:00:00,,-21.08
2012-01-06 18:00:00,,-21.038
2012-01-07 00:00:00,,-21.047
2012-01-07 06:00:00,,-21.056
2012-01-07 12:00:00,,-21.083
2012-01-07 18:00:00,,-21.042
2012-01-08 00:00:00,,-21.051
2012-01-08 06:00:00,,-21.056
2012-01-08 12:00:00,,-21.087
2012-01-08 18:00:00,,-21.059
2012-01-09 00:00:00,,-21.054
2012-01-09 06:00:00,,-21.053
2012-01-09 12:00:00,,-21.073
2012-01-09 18:00:00,,-21.049
2012-01-10 00:00:00,,-21.062
2012-01-10 06:00:00,,-21.053
2012-01-10 12:00:00,,-21.085
2012-01-10 18:00:00,,-21.052
2012-01-11 00:00:00,,-21.057
2012-01-11 06:00:00,,-21.048
2012-01-11 12:00:00,,-21.087
2012-01-11 18:00:00,,-21.043
2012-01-12 00:00:00,,-21.051
2012-01-12 06:00:00,,-21.059
2012-01-12 12:00:00,,-21.068
2012-01-12 18:00:00,,-21.038
2012-01-13 00:00:00,,-21.043
2012-01-13 06:00:00,,-21.046
2012-01-13 12:00:00,,-21.066
2012-01-13 18:00:00,,-21.037
2012-01-14 00:00:00,,-21.041
2012-01-14 06:00:00,,-21.057
2012-01-14 12:00:00,,-21.072
2012-01-14 18:00:00,,-21.033
2012-01-15 00:00:00,,-21.041
2012-01-15 06:00:00,,-21.043
2012-01-15 12:00:00,,-21.068
2012-01-15 18:00:00,,-21.046
2012-01-16 00:00:00,,-21.056
2012-01-16 06:00:00,,-21.046
2012-01-16 12:00:00,,-21.064
2012-01-16 18:00:00,,-21.043
2012-01-17 00:00:00,,-21.037
2012-01-17 06:00:00,,-21.058
2012-01-17 12:00:00,,-21.076
2012-01-17 18:00:00,,-21.049
2012-01-18 00:00:00,,-21.057
2012-01-18 06:00:00,,-21.043
2012-01-18 12:00:00,,-21.067
2012-01-18 18:00:00,,-21.045
2012-01-19 00:00:00,,-21.043
2012-01-19 06:00:00,,-21.05
2012-01-19 12:00:00,,-21.069
2012-01-19 18:00:00,,-21.031
2012-01-20 00:00:00,,-21.039
2012-01-20 06:00:00,,-21.043
2012-01-20 12:00:00,,-21.071
2012-01-20 18:00:00,,-21.029
2012-01-21 00:00:00,,-21.037
2012-01-21 06:00:00,,-21.047
2012-01-21 12:00:00,,-21.069
2012-01-21 18:00:00,,-21.03
2012-01-22 00:00:00,,-21.052
2012-01-22 06:00:00,,-21.042
2012-01-22 12:00:00,,-21.078
2012-01-22 18:00:00,,-21.029
2012-01-23 00:00:00,,-21.039
2012-01-23 06:00:00,,-21.036
2012-01-23 12:00:00,,-21.06
2012-01-23 18:00:00,,-21.035
2012-01-24 00:00:00,,-21.046
2012-01-24 06:00:00,,-21.033
2012-01-24 12:00:00,,-21.065
2012-01-24 18:00:00,,-21.038
2012-01-25 00:00:00,,-21.053
2012-01-25 06:00:00,,-21.037
2012-01-25 12:00:00,,-21.055
2012-01-25 18:00:00,,-21.024
2012-01-26 00:00:00,,-21.039
2012-01-26 06:00:00,,-21.037
2012-01-26 12:00:00,,-21.057
2012-01-26 18:00:00,,-21.034
2012-01-27 00:00:00,,-21.036
2012-01-27 06:00:00,,-21.045
2012-01-27 12:00:00,,-21.056
2012-01-27 18:00:00,,-21.031
2012-01-28 00:00:00,,-21.045
2012-01-28 06:00:00,,-21.031
2012-01-28 12:00:00,,-21.053
2012-01-28 18:00:00,,-21.021
2012-01-29 00:00:00,,-21.043
2012-01-29 06:00:00,,-21.04
2012-01-29 12:00:00,,-21.056
2012-01-29 18:00:00,,-21.034
2012-01-30 00:00:00,,-21.029
2012-01-30 06:00:00,,-21.037
2012-01-30 12:00:00,,-21.071
2012-01-30 18:00:00,,-21.032
2012-01-31 00:00:00,,-21.04
2012-01-31 06:00:00,,-21.057
2012-01-31 12:00:00,,-21.084
2012-01-31 18:00:00,,-21.037
2012-02-01 00:00:00,,-21.051
2012-02-01 06:00:00,,-21.05
2012-02-01 12:00:00,,-21.077
2012-02-01 18:00:00,,-21.043
2012-02-02 00:00:00,,-21.036
2012-02-02 06:00:00,,-21.05
2012-02-02 12:00:00,,-21.064
2012-02-02 18:00:00,,-21.026
2012-02-03 00:00:00,,-21.033
2012-02-03 06:00:00,,-21.033
2012-02-03 12:00:00,,-21.062
2012-02-03 18:00:00,,-21.037
2012-02-04 00:00:00,,-21.042
2012-02-04 06:00:00,,-21.034
2012-02-04 12:00:00,,-21.07
2012-02-04 18:00:00,,-21.031
2012-02-05 00:00:00,,-21.038
2012-02-05 06:00:00,,-21.029
2012-02-05 12:00:00,,-21.058
2012-02-05 18:00:00,,-21.046
2012-02-06 00:00:00,,-21.059
2012-02-06 06:00:00,,-21.049
2012-02-06 12:00:00,,-21.072
2012-02-06 18:00:00,,-21.036
2012-02-07 00:00:00,,-21.049
2012-02-07 06:00:00,,-21.058
2012-02-07 12:00:00,,-21.085
2012-02-07 18:00:00,,-21.04
2012-02-08 00:00:00,,-21.05
2012-02-08 06:00:00,,-21.05
2012-02-08 12:00:00,,-21.088
2012-02-08 18:00:00,,-21.036
2012-02-09 00:00:00,,-21.043
2012-02-09 06:00:00,,-21.054
2012-02-09 12:00:00,,-21.071
2012-02-09 18:00:00,,-21.031
2012-02-10 00:00:00,,-21.05
2012-02-10 06:00:00,,-21.046
2012-02-10 12:00:00,,-21.08
2012-02-10 18:00:00,,-21.047
2012-02-11 00:00:00,,-21.044
2012-02-11 06:00:00,,-21.046
2012-02-11 12:00:00,,-21.069
2012-02-11 18:00:00,,-21.035
2012-02-12 00:00:00,,-21.052
2012-02-12 06:00:00,,-21.047
2012-02-12 12:00:00,,-21.072
2012-02-12 18:00:00,,-21.04
2012-02-13 00:00:00,,-21.054
2012-02-13 06:00:00,,-21.05
2012-02-13 12:00:00,,-21.069
2012-02-13 18:00:00,,-21.035
2012-02-14 00:00:00,,-21.046
2012-02-14 06:00:00,,-21.046
2012-02-14 12:00:00,,-21.063
2012-02-14 18:00:00,,-21.026
2012-02-15 00:00:00,,-21.034
2012-02-15 06:00:00,,-21.037
2012-02-15 12:00:00,,-21.069
2012-02-15 18:00:00,,-21.027
2012-02-16 00:00:00,,-21.036
2012-02-16 06:00:00,,-21.04
2012-02-16 12:00:00,,-21.069
2012-02-16 18:00:00,,-21.028
2012-02-17 00:00:00,,-21.048
2012-02-17 06:00:00,,-21.038
2012-02-17 12:00:00,,-21.066
2012-02-17 18:00:00,,-21.027
2012-02-18 00:00:00,,-21.043
2012-02-18 06:00:00,,-21.045
2012-02-18 12:00:00,,-21.076
2012-02-18 18:00:00,,-21.04
2012-02-19 00:00:00,,-21.051
2012-02-19 06:00:00,,-21.042
2012-02-19 12:00:00,,-21.07
2012-02-19 18:00:00,,-21.039
2012-02-20 00:00:00,,-21.045
2012-02-20 06:00:00,,-21.036
2012-02-20 12:00:00,,-21.065
2012-02-20 18:00:00,,-21.029
2012-02-21 00:00:00,,-21.025
2012-02-21 06:00:00,,-21.047
2012-02-21 12:00:00,,-21.068
2012-02-21 18:00:00,,-21.022
2012-02-22 00:00:00,,-21.03
2012-02-22 06:00:00,,-21.009
2012-02-22 12:00:00,,-21.043
2012-02-22 18:00:00,,-21.032
2012-02-23 00:00:00,,-21.048
2012-02-23 06:00:00,,-21.052
2012-02-23 12:00:00,,-21.067
2012-02-23 18:00:00,,-21.043
2012-02-24 00:00:00,,-21.052
2012-02-24 06:00:00,,-21.049
2012-02-24 12:00:00,,-21.061
2012-02-24 18:00:00,,-21.025
2012-02-25 00:00:00,,-21.037
2012-02-25 06:00:00,,-21.048
2012-02-25 12:00:00,,-21.055
2012-02-25 18:00:00,,-21.024
2012-02-26 00:00:00,,-21.039
2012-02-26 06:00:00,,-21.039
2012-02-26 12:00:00,,-21.054
2012-02-26 18:00:00,,-21.034
2012-02-27 00:00:00,,-21.033
2012-02-27 06:00:00,,-21.032
2012-02-27 12:00:00,,-21.022
2012-02-27 18:00:00,,-21.04
2012-02-28 00:00:00,,-21.035
2012-02-28 06:00:00,,-21.039
2012-02-28 12:00:00,,-21.047
2012-02-28 18:00:00,,-21.029
2012-02-29 00:00:00,,-21.019
2012-02-29 06:00:00,,-20.998
2012-02-29 12:00:00,,-21.015
2012-02-29 18:00:00,,-21.014
2012-03-01 00:00:00,,-21.04
2012-03-01 06:00:00,,-21.034
2012-03-01 12:00:00,,-21.049
2012-03-01 18:00:00,,-21.027
2012-03-02 00:00:00,,-21.034
2012-03-02 06:00:00,,-21.019
2012-03-02 12:00:00,,-21.025
2012-03-02 18:00:00,,-21.033
2012-03-03 00:00:00,,-21.038
2012-03-03 06:00:00,,-21.047
2012-03-03 12:00:00,,-21.05
2012-03-03 18:00:00,,-21.031
2012-03-04 00:00:00,,-21.061
2012-03-04 06:00:00,,-21.042
2012-03-04 12:00:00,,-21.056
2012-03-04 18:00:00,,-21.035
2012-03-05 00:00:00,,-21.053
2012-03-05 06:00:00,,-21.042
2012-03-05 12:00:00,,-21.075
2012-03-05 18:00:00,,-21.033
2012-03-06 00:00:00,,-21.044
2012-03-06 06:00:00,,-21.038
2012-03-06 12:00:00,,-21.066
2012-03-06 18:00:00,,-21.031
2012-03-07 00:00:00,,-21.045
2012-03-07 06:00:00,,-21.047
2012-03-07 12:00:00,,-21.066
2012-03-07 18:00:00,,-21.019
2012-03-08 00:00:00,,-21.034
2012-03-08 06:00:00,,-21.032
2012-03-08 12:00:00,,-21.057
2012-03-08 18:00:00,,-21.019
2012-03-09 00:00:00,,-21.037
2012-03-09 06:00:00,,-21.035
2012-03-09 12:00:00,,-21.059
2012-03-09 18:00:00,,-21.036
2012-03-10 00:00:00,,-21.045
2012-03-10 06:00:00,,-21.036
2012-03-10 12:00:00,,-21.06
2012-03-10 18:00:00,,-21.025
2012-03-11 00:00:00,,-21.036
2012-03-11 06:00:00,,-21.034
2012-03-11 12:00:00,,-21.055
2012-03-11 18:00:00,,-21.033
2012-03-12 00:00:00,,-21.05
2012-03-12 06:00:00,,-21.038
2012-03-12 12:00:00,,-21.064
2012-03-12 18:00:00,,-21.025
2012-03-13 00:00:00,,-21.038
2012-03-13 06:00:00,,-21.032
2012-03-13 12:00:00,,-21.048
2012-03-13 18:00:00,,-21.016
2012-03-14 00:00:00,,-21.04
2012-03-14 06:00:00,,-21.038
2012-03-14 12:00:00,,-21.044
2012-03-14 18:00:00,,-21.014
2012-03-15 00:00:00,,-21.021
2012-03-15 06:00:00,,-21.035
2012-03-15 12:00:00,,-21.039
2012-03-15 18:00:00,,-21.023
2012-03-16 00:00:00,,-21.023
2012-03-16 06:00:00,,-21.034
2012-03-16 12:00:00,,-21.039
2012-03-16 18:00:00,,-21.019
2012-03-17 00:00:00,,-21.042
2012-03-17 06:00:00,,-21.032
2012-03-17 12:00:00,,-21.054
2012-03-17 18:00:00,,-21.03
2012-03-18 00:00:00,,-21.044
2012-03-18 06:00:00,,-21.033
2012-03-18 12:00:00,,-21.045
2012-03-18 18:00:00,,-21.033
2012-03-19 00:00:00,,-21.042
2012-03-19 06:00:00,,-21.035
2012-03-19 12:00:00,,-21.055
2012-03-19 18:00:00,,-21.023
2012-03-20 00:00:00,,-21.04
2012-03-20 06:00:00,,-21.021
2012-03-20 12:00:00,,-21.053
2012-03-20 18:00:00,,-21.011
2012-03-21 00:00:00,,-21.029
2012-03-21 06:00:00,,-21.04
2012-03-21 12:00:00,,-21.057
2012-03-21 18:00:00,,-21.032
2012-03-22 00:00:00,,-21.05
2012-03-22 06:00:00,,-21.037
2012-03-22 12:00:00,,-21.062
2012-03-22 18:00:00,,-21.026
2012-03-23 00:00:00,,-21.048
2012-03-23 06:00:00,,-21.044
2012-03-23 12:00:00,,-21.071
2012-03-23 18:00:00,,-21.033
2012-03-24 00:00:00,,-21.058
2012-03-24 06:00:00,,-21.043
2012-03-24 12:00:00,,-21.061
2012-03-24 18:00:00,,-21.026
2012-03-25 00:00:00,,-21.049
2012-03-25 06:00:00,,-21.052
2012-03-25 12:00:00,,-21.062
2012-03-25 18:00:00,,-21.038
2012-03-26 00:00:00,,-21.052
2012-03-26 06:00:00,,-21.038
2012-03-26 12:00:00,,-21.072
2012-03-26 18:00:00,,-21.027
2012-03-27 00:00:00,,-21.052
2012-03-27 06:00:00,,-21.049
2012-03-27 12:00:00,,-21.063
2012-03-27 18:00:00,,-21.027
2012-03-28 00:00:00,,-21.048
2012-03-28 06:00:00,,-21.05
2012-03-28 12:00:00,,-21.061
2012-03-28 18:00:00,,-21.034
2012-03-29 00:00:00,,-21.044
2012-03-29 06:00:00,,-21.038
2012-03-29 12:00:00,,-21.061
2012-03-29 18:00:00,,-21.038
2012-03-30 00:00:00,,-21.041
2012-03-30 06:00:00,,-21.038
2012-03-30 12:00:00,,-21.075
2012-03-30 18:00:00,,-21.027
2012-03-31 00:00:00,,-21.051
2012-03-31 06:00:00,,-21.039
2012-03-31 12:00:00,,-21.073
2012-03-31 18:00:00,,-21.029
2012-04-01 00:00:00,,-21.052
2012-04-01 06:00:00,,-21.049
2012-04-01 12:00:00,,-21.066
2012-04-01 18:00:00,,-21.025
2012-04-02 00:00:00,,-21.04
2012-04-02 06:00:00,,-21.052
2012-04-02 12:00:00,,-21.077
2012-04-02 18:00:00,,-21.042
2012-04-03 00:00:00,,-21.053
2012-04-03 06:00:00,,-21.049
2012-04-03 12:00:00,,-21.08
2012-04-03 18:00:00,,-21.041
2012-04-04 00:00:00,,-21.052
2012-04-04 06:00:00,,-21.042
2012-04-04 12:00:00,,-21.076
2012-04-04 18:00:00,,-21.03
2012-04-05 00:00:00,,-21.043
2012-04-05 06:00:00,,-21.044
2012-04-05 12:00:00,,-21.074
2012-04-05 18:00:00,,-21.023
2012-04-06 00:00:00,,-21.052
2012-04-06 06:00:00,,-21.044
2012-04-06 12:00:00,,-21.074
2012-04-06 18:00:00,,-21.03
2012-04-07 00:00:00,,-21.059
2012-04-07 06:00:00,,-21.049
2012-04-07 12:00:00,,-21.064
2012-04-07 18:00:00,,-21.038
2012-04-08 00:00:00,,-21.041
2012-04-08 06:00:00,,-21.035
2012-04-08 12:00:00,,-21.067
2012-04-08 18:00:00,,-21.036
2012-04-09 00:00:00,,-21.049
2012-04-09 06:00:00,,-21.044
2012-04-09 12:00:00,,-21.065
2012-04-09 18:00:00,,-21.038
2012-04-10 00:00:00,,-21.065
2012-04-10 06:00:00,,-21.062
2012-04-10 12:00:00,,-21.078
2012-04-10 18:00:00,,-21.041
2012-04-11 00:00:00,,-21.049
2012-04-11 06:00:00,,-21.053
2012-04-11 12:00:00,,-21.062
2012-04-11 18:00:00,,-21.027
2012-04-12 00:00:00,,-21.046
2012-04-12 06:00:00,,-21.055
2012-04-12 12:00:00,,-21.061
2012-04-12 18:00:00,,-21.057
2012-04-13 00:00:00,,-21.053
2012-04-13 06:00:00,,-21.056
2012-04-13 12:00:00,,-21.056
2012-04-13 18:00:00,,-21.033
2012-04-14 00:00:00,,-21.04
2012-04-14 06:00:00,,-21.036
2012-04-14 12:00:00,,-21.06
2012-04-14 18:00:00,,-21.035
2012-04-15 00:00:00,,-21.044
2012-04-15 06:00:00,,-21.045
2012-04-15 12:00:00,,-21.067
2012-04-15 18:00:00,,-21.035
2012-04-16 00:00:00,,-21.042
2012-04-16 06:00:00,,-21.037
2012-04-16 12:00:00,,-21.064
2012-04-16 18:00:00,,-21.032
2012-04-17 00:00:00,,-21.035
2012-04-17 06:00:00,,-21.03
2012-04-17 12:00:00,,-21.06
2012-04-17 18:00:00,,-21.023
2012-04-18 00:00:00,,-21.044
2012-04-18 06:00:00,,-21.031
2012-04-18 12:00:00,,-21.047
2012-04-18 18:00:00,,-21.014
2012-04-19 00:00:00,,-21.04
2012-04-19 06:00:00,,-21.026
2012-04-19 12:00:00,,-21.064
2012-04-19 18:00:00,,-21.021
2012-04-20 00:00:00,,-21.039
2012-04-20 06:00:00,,-21.026
2012-04-20 12:00:00,,-21.062
2012-04-20 18:00:00,,-21.014
2012-04-21 00:00:00,,-21.036
2012-04-21 06:00:00,,-21.032
2012-04-21 12:00:00,,-21.053
2012-04-21 18:00:00,,-21.023
2012-04-22 00:00:00,,-21.043
2012-04-22 06:00:00,,-21.034
2012-04-22 12:00:00,,-21.045
2012-04-22 18:00:00,,-21.033
2012-04-23 00:00:00,,-21.052
2012-04-23 06:00:00,,-21.042
2012-04-23 12:00:00,,-21.041
2012-04-23 18:00:00,,-21.027
2012-04-24 00:00:00,,-21.054
2012-04-24 06:00:00,,-21.033
2012-04-24 12:00:00,,-21.064
2012-04-24 18:00:00,,-21.048
2012-04-25 00:00:00,,-21.05
2012-04-25 06:00:00,,-21.043
2012-04-25 12:00:00,,-21.072
2012-04-25 18:00:00,,-21.04
2012-04-26 00:00:00,,-21.056
2012-04-26 06:00:00,,-21.043
2012-04-26 12:00:00,,-21.056
2012-04-26 18:00:00,,-21.037
2012-04-27 00:00:00,,-21.044
2012-04-27 06:00:00,,-21.033
2012-04-27 12:00:00,,-21.062
2012-04-27 18:00:00,,-21.025
2012-04-28 00:00:00,,-21.036
2012-04-28 06:00:00,,-21.045
2012-04-28 12:00:00,,-21.064
2012-04-28 18:00:00,,-21.022
2012-04-29 00:00:00,,-21.038
2012-04-29 06:00:00,,-21.04
2012-04-29 12:00:00,,-21.06
2012-04-29 18:00:00,,-21.028
2012-04-30 00:00:00,,-21.036
2012-04-30 06:00:00,,-21.027
2012-04-30 12:00:00,,-21.047
2012-04-30 18:00:00,,-21.014
2012-05-01 00:00:00,,-21.042
2012-05-01 06:00:00,,-21.034
2012-05-01 12:00:00,,-21.054
2012-05-01 18:00:00,,-21.022
2012-05-02 00:00:00,,-21.05
2012-05-02 06:00:00,,-21.045
2012-05-02 12:00:00,,-21.069
2012-05-02 18:00:00,,-21.036
2012-05-03 00:00:00,,-21.049
2012-05-03 06:00:00,,-21.031
2012-05-03 12:00:00,,-21.063
2012-05-03 18:00:00,,-21.021
2012-05-04 00:00:00,,-21.031
2012-05-04 06:00:00,,-21.043
2012-05-04 12:00:00,,-21.059
2012-05-04 18:00:00,,-21.026
2012-05-05 00:00:00,,-21.038
2012-05-05 06:00:00,,-21.033
2012-05-05 12:00:00,,-21.059
2012-05-05 18:00:00,,-21.021
2012-05-06 00:00:00,,-21.031
2012-05-06 06:00:00,,-21.026
2012-05-06 12:00:00,,-21.051
2012-05-06 18:00:00,,-21.02
2012-05-07 00:00:00,,-21.045
2012-05-07 06:00:00,,-21.026
2012-05-07 12:00:00,,-21.049
2012-05-07 18:00:00,,-21.007
2012-05-08 00:00:00,,-21.04
2012-05-08 06:00:00,,-21.023
2012-05-08 12:00:00,,-21.054
2012-05-08 18:00:00,,-21.023
2012-05-09 00:00:00,,-21.039
2012-05-09 06:00:00,,-21.042
2012-05-09 12:00:00,,-21.059
2012-05-09 18:00:00,,-21.017
2012-05-10 00:00:00,,-21.035
2012-05-10 06:00:00,,-21.031
2012-05-10 12:00:00,,-21.064
2012-05-10 18:00:00,,-21.015
2012-05-11 00:00:00,,-21.045
2012-05-11 06:00:00,,-21.036
2012-05-11 12:00:00,,-21.05
2012-05-11 18:00:00,,-21.016
2012-05-12 00:00:00,,-21.037
2012-05-12 06:00:00,,-21.042
2012-05-12 12:00:00,,-21.052
2012-05-12 18:00:00,,-21.029
2012-05-13 00:00:00,,-21.041
2012-05-13 06:00:00,,-21.035
2012-05-13 12:00:00,,-21.068
2012-05-13 18:00:00,,-21.022
2012-05-14 00:00:00,,-21.05
2012-05-14 06:00:00,,-21.037
2012-05-14 12:00:00,,-21.061
2012-05-14 18:00:00,,-21.035
2012-05-15 00:00:00,,-21.036
2012-05-15 06:00:00,,-21.034
2012-05-15 12:00:00,,-21.064
2012-05-15 18:00:00,,-21.029
2012-05-16 00:00:00,,-21.038
2012-05-16 06:00:00,,-21.038
2012-05-16 12:00:00,,-21.045
2012-05-16 18:00:00,,-21.01
2012-05-17 00:00:00,,-21.028
2012-05-17 06:00:00,,-21.038
2012-05-17 12:00:00,,-21.055
2012-05-17 18:00:00,,-21.014
2012-05-18 00:00:00,,-21.041
2012-05-18 06:00:00,,-21.026
2012-05-18 12:00:00,,-21.053
2012-05-18 18:00:00,,-21.017
2012-05-19 00:00:00,,-21.042
2012-05-19 06:00:00,,-21.042
2012-05-19 12:00:00,,-21.065
2012-05-19 18:00:00,,-21.022
2012-05-20 00:00:00,,-21.041
2012-05-20 06:00:00,,-21.028
2012-05-20 12:00:00,,-21.055
2012-05-20 18:00:00,,-21.013
2012-05-21 00:00:00,,-21.034
2012-05-21 06:00:00,,-21.027
2012-05-21 12:00:00,,-21.052
2012-05-21 18:00:00,,-21.028
2012-05-22 00:00:00,,-21.05
2012-05-22 06:00:00,,-21.03
2012-05-22 12:00:00,,-21.054
2012-05-22 18:00:00,,-21.015
2012-05-23 00:00:00,,-21.036
2012-05-23 06:00:00,,-21.036
2012-05-23 12:00:00,,-21.045
2012-05-23 18:00:00,,-21.024
2012-05-24 00:00:00,,-21.03
2012-05-24 06:00:00,,-21.045
2012-05-24 12:00:00,,-21.066
2012-05-24 18:00:00,,-21.027
2012-05-25 00:00:00,,-21.044
2012-05-25 06:00:00,,-21.037
2012-05-25 12:00:00,,-21.061
2012-05-25 18:00:00,,-21.033
2012-05-26 00:00:00,,-21.037
2012-05-26 06:00:00,,-21.034
2012-05-26 12:00:00,,-21.061
2012-05-26 18:00:00,,-21.015
2012-05-27 00:00:00,,-21.049
2012-05-27 06:00:00,,-21.032
2012-05-27 12:00:00,,-21.053
2012-05-27 18:00:00,,-21.017
2012-05-28 00:00:00,,-21.037
2012-05-28 06:00:00,,-21.042
2012-05-28 12:00:00,,-21.057
2012-05-28 18:00:00,,-21.03
2012-05-29 00:00:00,,-21.036
2012-05-29 06:00:00,,-21.032
2012-05-29 12:00:00,,-21.059
2012-05-29 18:00:00,,-21.02
2012-05-30 00:00:00,,-21.044
2012-05-30 06:00:00,,-21.032
2012-05-30 12:00:00,,-21.052
2012-05-30 18:00:00,,-21.013
2012-05-31 00:00:00,,-21.037
2012-05-31 06:00:00,,-21.028
2012-05-31 12:00:00,,-21.036
2012-05-31 18:00:00,,-21.008
2012-06-01 00:00:00,,-21.029
2012-06-01 06:00:00,,-21.031
2012-06-01 12:00:00,,-21.043
2012-06-01 18:00:00,,-21.01
2012-06-02 00:00:00,,-21.027
2012-06-02 06:00:00,,-21.016
2012-06-02 12:00:00,,-21.046
2012-06-02 18:00:00,,-21.023
2012-06-03 00:00:00,,-21.04
2012-06-03 06:00:00,,-21.019
2012-06-03 12:00:00,,-21.053
2012-06-03 18:00:00,,-21.021
2012-06-04 00:00:00,,-21.037
2012-06-04 06:00:00,,-21.023
2012-06-04 12:00:00,,-21.05
2012-06-04 18:00:00,,-21.022
2012-06-05 00:00:00,,-21.044
2012-06-05 06:00:00,,-21.036
2012-06-05 12:00:00,,-21.051
2012-06-05 18:00:00,,-21.022
2012-06-06 00:00:00,,-21.029
2012-06-06 06:00:00,,-21.023
2012-06-06 12:00:00,,-21.048
2012-06-06 18:00:00,,-21.011
2012-06-07 00:00:00,,-21.026
2012-06-07 06:00:00,,-21.037
2012-06-07 12:00:00,,-21.06
2012-06-07 18:00:00,,-21.02
2012-06-08 00:00:00,,-21.034
2012-06-08 06:00:00,,-21.027
2012-06-08 12:00:00,,-21.046
2012-06-08 18:00:00,,-21.025
2012-06-09 00:00:00,,-21.041
2012-06-09 06:00:00,,-21.04
2012-06-09 12:00:00,,-21.05
2012-06-09 18:00:00,,-21.013
2012-06-10 00:00:00,,-21.038
2012-06-10 06:00:00,,-21.036
2012-06-10 12:00:00,,-21.052
2012-06-10 18:00:00,,-21.029
2012-06-11 00:00:00,,-21.024
2012-06-11 06:00:00,,-21.019
2012-06-11 12:00:00,,-21.049
2012-06-11 18:00:00,,-21.018
2012-06-12 00:00:00,,-21.028
2012-06-12 06:00:00,,-21.021
2012-06-12 12:00:00,,-21.046
2012-06-12 18:00:00,,-21.011
2012-06-13 00:00:00,,-21.021
2012-06-13 06:00:00,,-21.02
2012-06-13 12:00:00,,-21.053
2012-06-13 18:00:00,,-21.018
2012-06-14 00:00:00,,-21.026
2012-06-14 06:00:00,,-21.027
2012-06-14 12:00:00,,-21.052
2012-06-14 18:00:00,,-21.016
2012-06-15 00:00:00,,-21.023
2012-06-15 06:00:00,,-21.025
2012-06-15 12:00:00,,-21.049
2012-06-15 18:00:00,,-21.02
2012-06-16 00:00:00,,-21.028
2012-06-16 06:00:00,,-21.027
2012-06-16 12:00:00,,-21.058
2012-06-16 18:00:00,,-21.036
2012-06-17 00:00:00,,-21.053
2012-06-17 06:00:00,,-21.051
2012-06-17 12:00:00,,-21.079
2012-06-17 18:00:00,,-21.039
2012-06-18 00:00:00,,-21.045
2012-06-18 06:00:00,,-21.038
2012-06-18 12:00:00,,-21.067
2012-06-18 18:00:00,,-21.03
2012-06-19 00:00:00,,-21.046
2012-06-19 06:00:00,,-21.038
2012-06-19 12:00:00,,-21.061
2012-06-19 18:00:00,,-21.018
2012-06-20 00:00:00,,-21.036
2012-06-20 06:00:00,,-21.016
2012-06-20 12:00:00,,-21.047
2012-06-20 18:00:00,,-21.014
2012-06-21 00:00:00,,-21.029
2012-06-21 06:00:00,,-21.02
2012-06-21 12:00:00,,-21.042
2012-06-21 12:18:00,,-21.06
2012-06-21 13:00:00,,-21.06
2012-06-21 14:00:00,,-21.051
2012-06-21 15:00:00,,-21.042
2012-06-21 16:00:00,,-21.033
2012-06-21 17:00:00,,-21.046
2012-06-21 18:00:00,,-21.05
2012-06-21 19:00:00,,-21.048
2012-06-21 20:00:00,,-21.056
2012-06-21 21:00:00,,-21.061
2012-06-21 22:00:00,,-21.069
2012-06-21 23:00:00,,-21.076
2012-06-22 00:00:00,,-21.088
2012-06-22 01:00:00,,-21.08
2012-06-22 02:00:00,,-21.094
2012-06-22 03:00:00,,-21.093
2012-06-22 04:00:00,,-21.08
2012-06-22 05:00:00,,-21.079
2012-06-22 06:00:00,,-21.091
2012-06-22 07:00:00,,-21.081
2012-06-22 08:00:00,,-21.083
2012-06-22 09:00:00,,-21.102
2012-06-22 10:00:00,,-21.091
2012-06-22 11:00:00,,-21.097
2012-06-22 12:00:00,,-21.099
2012-06-22 13:00:00,,-21.08
2012-06-22 14:00:00,,-21.078
2012-06-22 15:00:00,,-21.07
2012-06-22 16:00:00,,-21.08
2012-06-22 17:00:00,,-21.08
2012-06-22 18:00:00,,-21.077
2012-06-22 19:00:00,,-21.09
2012-06-22 20:00:00,,-21.091
2012-06-22 21:00:00,,-21.095
2012-06-22 22:00:00,,-21.095
2012-06-22 23:00:00,,-21.107
2012-06-23 00:00:00,,-21.107
2012-06-23 01:00:00,,-21.106
2012-06-23 02:00:00,,-21.097
2012-06-23 03:00:00,,-21.099
2012-06-23 04:00:00,,-21.084
2012-06-23 05:00:00,,-21.095
2012-06-23 06:00:00,,-21.091
2012-06-23 07:00:00,,-21.082
2012-06-23 08:00:00,,-21.085
2012-06-23 09:00:00,,-21.096
2012-06-23 10:00:00,,-21.09
2012-06-23 11:00:00,,-21.101
2012-06-23 12:00:00,,-21.092
2012-06-23 13:00:00,,-21.086
2012-06-23 14:00:00,,-21.067
2012-06-23 15:00:00,,-21.074
2012-06-23 16:00:00,,-21.079
2012-06-23 17:00:00,,-21.078
2012-06-23 18:00:00,,-21.08
2012-06-23 19:00:00,,-21.09
2012-06-23 20:00:00,,-21.095
2012-06-23 21:00:00,,-21.089
2012-06-23 22:00:00,,-21.089
2012-06-23 23:00:00,,-21.102
2012-06-24 00:00:00,,-21.09
2012-06-24 01:00:00,,-21.089
2012-06-24 02:00:00,,-21.099
2012-06-24 03:00:00,,-21.094
2012-06-24 04:00:00,,-21.08
2012-06-24 05:00:00,,-21.078
2012-06-24 06:00:00,,-21.078
2012-06-24 07:00:00,,-21.078
2012-06-24 08:00:00,,-21.081
2012-06-24 09:00:00,,-21.087
2012-06-24 10:00:00,,-21.101
2012-06-24 11:00:00,,-21.089
2012-06-24 12:00:00,,-21.086
2012-06-24 13:00:00,,-21.086
2012-06-24 14:00:00,,-21.076
2012-06-24 15:00:00,,-21.069
2012-06-24 16:00:00,,-21.076
2012-06-24 17:00:00,,-21.067
2012-06-24 18:00:00,,-21.07
2012-06-24 19:00:00,,-21.083
2012-06-24 20:00:00,,-21.077
2012-06-24 21:00:00,,-21.079
2012-06-24 22:00:00,,-21.08
2012-06-24 23:00:00,,-21.082
2012-06-25 00:00:00,,-21.077
2012-06-25 01:00:00,,-21.079
2012-06-25 02:00:00,,-21.085
2012-06-25 03:00:00,,-21.071
2012-06-25 04:00:00,,-21.073
2012-06-25 05:00:00,,-21.074
2012-06-25 06:00:00,,-21.084
2012-06-25 07:00:00,,-21.087
2012-06-25 08:00:00,,-21.089
2012-06-25 09:00:00,,-21.087
2012-06-25 10:00:00,,-21.082
2012-06-25 11:00:00,,-21.079
2012-06-25 12:00:00,,-21.087
2012-06-25 13:00:00,,-21.067
2012-06-25 14:00:00,,-21.059
2012-06-25 15:00:00,,-21.058
2012-06-25 16:00:00,,-21.057
2012-06-25 17:00:00,,-21.063
2012-06-25 18:00:00,,-21.073
2012-06-25 19:00:00,,-21.077
2012-06-25 20:00:00,,-21.083
2012-06-25 21:00:00,,-21.085
2012-06-25 22:00:00,,-21.086
2012-06-25 23:00:00,,-21.087
2012-06-26 00:00:00,,-21.072
2012-06-26 01:00:00,,-21.079
2012-06-26 02:00:00,,-21.067
2012-06-26 03:00:00,,-21.065
2012-06-26 04:00:00,,-21.063
2012-06-26 05:00:00,,-21.076
2012-06-26 06:00:00,,-21.067
2012-06-26 07:00:00,,-21.065
2012-06-26 08:00:00,,-21.08
2012-06-26 09:00:00,,-21.071
2012-06-26 10:00:00,,-21.086
2012-06-26 11:00:00,,-21.071
2012-06-26 12:00:00,,-21.076
2012-06-26 13:00:00,,-21.068
2012-06-26 14:00:00,,-21.06
2012-06-26 15:00:00,,-21.058
2012-06-26 16:00:00,,-21.048
2012-06-26 17:00:00,,-21.051
2012-06-26 18:00:00,,-21.065
2012-06-26 19:00:00,,-21.069
2012-06-26 20:00:00,,-21.069
2012-06-26 21:00:00,,-21.067
2012-06-26 22:00:00,,-21.07
2012-06-26 23:00:00,,-21.072
2012-06-27 00:00:00,,-21.081
2012-06-27 01:00:00,,-21.077
2012-06-27 02:00:00,,-21.065
2012-06-27 03:00:00,,-21.073
2012-06-27 04:00:00,,-21.063
2012-06-27 05:00:00,,-21.058
2012-06-27 06:00:00,,-21.067
2012-06-27 07:00:00,,-21.069
2012-06-27 08:00:00,,-21.067
2012-06-27 09:00:00,,-21.07
2012-06-27 10:00:00,,-21.082
2012-06-27 11:00:00,,-21.073
2012-06-27 12:00:00,,-21.075
2012-06-27 13:00:00,,-21.067
2012-06-27 14:00:00,,-21.058
2012-06-27 15:00:00,,-21.055
2012-06-27 16:00:00,,-21.051
2012-06-27 17:00:00,,-21.046
2012-06-27 18:00:00,,-21.044
2012-06-27 19:00:00,,-21.054
2012-06-27 20:00:00,,-21.069
2012-06-27 21:00:00,,-21.073
2012-06-27 22:00:00,,-21.061
2012-06-27 23:00:00,,-21.072
2012-06-28 00:00:00,,-21.066
2012-06-28 01:00:00,,-21.071
2012-06-28 02:00:00,,-21.067
2012-06-28 03:00:00,,-21.067
2012-06-28 04:00:00,,-21.061
2012-06-28 05:00:00,,-21.056
2012-06-28 06:00:00,,-21.058
2012-06-28 07:00:00,,-21.056
2012-06-28 08:00:00,,-21.057
2012-06-28 09:00:00,,-21.064
2012-06-28 10:00:00,,-21.063
2012-06-28 11:00:00,,-21.071
2012-06-28 12:00:00,,-21.064
2012-06-28 13:00:00,,-21.045
2012-06-28 14:00:00,,-21.045
2012-06-28 15:00:00,,-21.035
2012-06-28 16:00:00,,-21.048
2012-06-28 17:00:00,,-21.04
2012-06-28 18:00:00,,-21.054
2012-06-28 19:00:00,,-21.06
2012-06-28 20:00:00,,-21.065
2012-06-28 21:00:00,,-21.067
2012-06-28 22:00:00,,-21.068
2012-06-28 23:00:00,,-21.056
2012-06-29 00:00:00,,-21.066
2012-06-29 01:00:00,,-21.053
2012-06-29 02:00:00,,-21.065
2012-06-29 03:00:00,,-21.052
2012-06-29 04:00:00,,-21.052
2012-06-29 05:00:00,,-21.063
2012-06-29 06:00:00,,-21.055
2012-06-29 07:00:00,,-21.059
2012-06-29 08:00:00,,-21.074
2012-06-29 09:00:00,,-21.066
2012-06-29 10:00:00,,-21.079
2012-06-29 11:00:00,,-21.076
2012-06-29 12:00:00,,-21.063
2012-06-29 13:00:00,,-21.062
2012-06-29 14:00:00,,-21.05
2012-06-29 15:00:00,,-21.04
2012-06-29 16:00:00,,-21.046
2012-06-29 17:00:00,,-21.057
2012-06-29 18:00:00,,-21.05
2012-06-29 19:00:00,,-21.064
2012-06-29 20:00:00,,-21.069
2012-06-29 21:00:00,,-21.076
2012-06-29 22:00:00,,-21.067
2012-06-29 23:00:00,,-21.08
2012-06-30 00:00:00,,-21.08
2012-06-30 01:00:00,,-21.076
2012-06-30 02:00:00,,-21.065
2012-06-30 03:00:00,,-21.075
2012-06-30 04:00:00,,-21.074
2012-06-30 05:00:00,,-21.064
2012-06-30 06:00:00,,-21.079
2012-06-30 07:00:00,,-21.075
2012-06-30 08:00:00,,-21.091
2012-06-30 09:00:00,,-21.095
2012-06-30 10:00:00,,-21.098
2012-06-30 11:00:00,,-21.092
2012-06-30 12:00:00,,-21.09
2012-06-30 13:00:00,,-21.068
2012-06-30 14:00:00,,-21.055
2012-06-30 15:00:00,,-21.064
2012-06-30 16:00:00,,-21.052
2012-06-30 17:00:00,,-21.064
2012-06-30 18:00:00,,-21.069
2012-06-30 19:00:00,,-21.07
2012-06-30 20:00:00,,-21.085
2012-06-30 21:00:00,,-21.08
2012-06-30 22:00:00,,-21.083
2012-06-30 23:00:00,,-21.093
2012-07-01 00:00:00,,-21.092
2012-07-01 01:00:00,,-21.08
2012-07-01 02:00:00,,-21.077
2012-07-01 03:00:00,,-21.073
2012-07-01 04:00:00,,-21.086
2012-07-01 05:00:00,,-21.074
2012-07-01 06:00:00,,-21.091
2012-07-01 07:00:00,,-21.08
2012-07-01 08:00:00,,-21.099
2012-07-01 09:00:00,,-21.104
2012-07-01 10:00:00,,-21.097
2012-07-01 11:00:00,,-21.105
2012-07-01 12:00:00,,-21.099
2012-07-01 13:00:00,,-21.078
2012-07-01 14:00:00,,-21.081
2012-07-01 15:00:00,,-21.064
2012-07-01 16:00:00,,-21.07
2012-07-01 17:00:00,,-21.071
2012-07-01 18:00:00,,-21.062
2012-07-01 19:00:00,,-21.072
2012-07-01 20:00:00,,-21.074
2012-07-01 21:00:00,,-21.09
2012-07-01 22:00:00,,-21.092
2012-07-01 23:00:00,,-21.093
2012-07-02 00:00:00,,-21.092
2012-07-02 01:00:00,,-21.09
2012-07-02 02:00:00,,-21.077
2012-07-02 03:00:00,,-21.084
2012-07-02 04:00:00,,-21.083
2012-07-02 05:00:00,,-21.07
2012-07-02 06:00:00,,-21.071
2012-07-02 07:00:00,,-21.079
2012-07-02 08:00:00,,-21.088
2012-07-02 09:00:00,,-21.08
2012-07-02 10:00:00,,-21.09
2012-07-02 11:00:00,,-21.077
2012-07-02 12:00:00,,-21.084
2012-07-02 13:00:00,,-21.075
2012-07-02 14:00:00,,-21.064
2012-07-02 15:00:00,,-21.048
2012-07-02 16:00:00,,-21.057
2012-07-02 17:00:00,,-21.047
2012-07-02 18:00:00,,-21.063
2012-07-02 19:00:00,,-21.07
2012-07-02 20:00:00,,-21.079
2012-07-02 21:00:00,,-21.084
2012-07-02 22:00:00,,-21.089
2012-07-02 23:00:00,,-21.086
2012-07-03 00:00:00,,-21.09
2012-07-03 01:00:00,,-21.077
2012-07-03 02:00:00,,-21.084
2012-07-03 03:00:00,,-21.074
2012-07-03 04:00:00,,-21.063
2012-07-03 05:00:00,,-21.064
2012-07-03 06:00:00,,-21.061
2012-07-03 07:00:00,,-21.066
2012-07-03 08:00:00,,-21.081
2012-07-03 09:00:00,,-21.074
2012-07-03 10:00:00,,-21.082
2012-07-03 11:00:00,,-21.074
2012-07-03 12:00:00,,-21.082
2012-07-03 13:00:00,,-21.074
2012-07-03 14:00:00,,-21.053
2012-07-03 15:00:00,,-21.05
2012-07-03 16:00:00,,-21.059
2012-07-03 17:00:00,,-21.06
2012-07-03 18:00:00,,-21.06
2012-07-03 19:00:00,,-21.075
2012-07-03 20:00:00,,-21.07
2012-07-03 21:00:00,,-21.074
2012-07-03 22:00:00,,-21.077
2012-07-03 23:00:00,,-21.089
2012-07-04 00:00:00,,-21.082
2012-07-04 01:00:00,,-21.077
2012-07-04 02:00:00,,-21.074
2012-07-04 03:00:00,,-21.08
2012-07-04 04:00:00,,-21.068
2012-07-04 05:00:00,,-21.062
2012-07-04 06:00:00,,-21.065
2012-07-04 07:00:00,,-21.079
2012-07-04 08:00:00,,-21.079
2012-07-04 09:00:00,,-21.079
2012-07-04 10:00:00,,-21.094
2012-07-04 11:00:00,,-21.093
2012-07-04 12:00:00,,-21.076
2012-07-04 13:00:00,,-21.071
2012-07-04 14:00:00,,-21.073
2012-07-04 15:00:00,,-21.057
2012-07-04 16:00:00,,-21.053
2012-07-04 17:00:00,,-21.069
2012-07-04 18:00:00,,-21.07
2012-07-04 19:00:00,,-21.071
2012-07-04 20:00:00,,-21.073
2012-07-04 21:00:00,,-21.079
2012-07-04 22:00:00,,-21.093
2012-07-04 23:00:00,,-21.093
2012-07-05 00:00:00,,-21.091
2012-07-05 01:00:00,,-21.088
2012-07-05 02:00:00,,-21.085
2012-07-05 03:00:00,,-21.083
2012-07-05 04:00:00,,-21.066
2012-07-05 05:00:00,,-21.074
2012-07-05 06:00:00,,-21.066
2012-07-05 07:00:00,,-21.08
2012-07-05 08:00:00,,-21.084
2012-07-05 09:00:00,,-21.077
2012-07-05 10:00:00,,-21.09
2012-07-05 11:00:00,,-21.078
2012-07-05 12:00:00,,-21.083
2012-07-05 13:00:00,,-21.073
2012-07-05 14:00:00,,-21.057
2012-07-05 15:00:00,,-21.062
2012-07-05 16:00:00,,-21.058
2012-07-05 17:00:00,,-21.051
2012-07-05 18:00:00,,-21.066
2012-07-05 19:00:00,,-21.062
2012-07-05 20:00:00,,-21.079
2012-07-05 21:00:00,,-21.074
2012-07-05 22:00:00,,-21.086
2012-07-05 23:00:00,,-21.08
2012-07-06 00:00:00,,-21.079
2012-07-06 01:00:00,,-21.072
2012-07-06 02:00:00,,-21.068
2012-07-06 03:00:00,,-21.075
2012-07-06 04:00:00,,-21.06
2012-07-06 05:00:00,,-21.055
2012-07-06 06:00:00,,-21.068
2012-07-06 07:00:00,,-21.072
2012-07-06 08:00:00,,-21.064
2012-07-06 09:00:00,,-21.067
2012-07-06 10:00:00,,-21.077
2012-07-06 11:00:00,,-21.076
2012-07-06 12:00:00,,-21.068
2012-07-06 13:00:00,,-21.061
2012-07-06 14:00:00,,-21.055
2012-07-06 15:00:00,,-21.049
2012-07-06 16:00:00,,-21.046
2012-07-06 17:00:00,,-21.042
2012-07-06 18:00:00,,-21.04
2012-07-06 19:00:00,,-21.057
2012-07-06 20:00:00,,-21.053
2012-07-06 21:00:00,,-21.069
2012-07-06 22:00:00,,-21.065
2012-07-06 23:00:00,,-21.062
2012-07-07 00:00:00,,-21.074
2012-07-07 01:00:00,,-21.072
2012-07-07 02:00:00,,-21.07
2012-07-07 03:00:00,,-21.065
2012-07-07 04:00:00,,-21.057
2012-07-07 05:00:00,,-21.051
2012-07-07 06:00:00,,-21.05
2012-07-07 07:00:00,,-21.052
2012-07-07 08:00:00,,-21.054
2012-07-07 09:00:00,,-21.069
2012-07-07 10:00:00,,-21.07
2012-07-07 11:00:00,,-21.07
2012-07-07 12:00:00,,-21.056
2012-07-07 13:00:00,,-21.059
2012-07-07 14:00:00,,-21.038
2012-07-07 15:00:00,,-21.038
2012-07-07 16:00:00,,-21.035
2012-07-07 17:00:00,,-21.043
2012-07-07 18:00:00,,-21.047
2012-07-07 19:00:00,,-21.053
2012-07-07 20:00:00,,-21.047
2012-07-07 21:00:00,,-21.063
2012-07-07 22:00:00,,-21.068
2012-07-07 23:00:00,,-21.068
2012-07-08 00:00:00,,-21.063
2012-07-08 01:00:00,,-21.066
2012-07-08 02:00:00,,-21.052
2012-07-08 03:00:00,,-21.061
2012-07-08 04:00:00,,-21.058
2012-07-08 05:00:00,,-21.046
2012-07-08 06:00:00,,-21.059
2012-07-08 07:00:00,,-21.062
2012-07-08 08:00:00,,-21.063
2012-07-08 09:00:00,,-21.053
2012-07-08 10:00:00,,-21.054
2012-07-08 11:00:00,,-21.052
2012-07-08 12:00:00,,-21.052
2012-07-08 13:00:00,,-21.042
2012-07-08 14:00:00,,-21.047
2012-07-08 15:00:00,,-21.039
2012-07-08 16:00:00,,-21.046
2012-07-08 17:00:00,,-21.039
2012-07-08 18:00:00,,-21.041
2012-07-08 19:00:00,,-21.059
2012-07-08 20:00:00,,-21.064
2012-07-08 21:00:00,,-21.066
2012-07-08 22:00:00,,-21.055
2012-07-08 23:00:00,,-21.067
2012-07-09 00:00:00,,-21.058
2012-07-09 01:00:00,,-21.056
2012-07-09 02:00:00,,-21.063
2012-07-09 03:00:00,,-21.047
2012-07-09 04:00:00,,-21.06
2012-07-09 05:00:00,,-21.047
2012-07-09 06:00:00,,-21.047
2012-07-09 07:00:00,,-21.058
2012-07-09 08:00:00,,-21.062
2012-07-09 09:00:00,,-21.061
2012-07-09 10:00:00,,-21.061
2012-07-09 11:00:00,,-21.061
2012-07-09 12:00:00,,-21.068
2012-07-09 13:00:00,,-21.062
2012-07-09 14:00:00,,-21.048
2012-07-09 15:00:00,,-21.052
2012-07-09 16:00:00,,-21.049
2012-07-09 17:00:00,,-21.039
2012-07-09 18:00:00,,-21.042
2012-07-09 19:00:00,,-21.049
2012-07-09 20:00:00,,-21.056
2012-07-09 21:00:00,,-21.07
2012-07-09 22:00:00,,-21.075
2012-07-09 23:00:00,,-21.063
2012-07-10 00:00:00,,-21.075
2012-07-10 01:00:00,,-21.062
2012-07-10 02:00:00,,-21.07
2012-07-10 03:00:00,,-21.069
2012-07-10 04:00:00,,-21.056
2012-07-10 05:00:00,,-21.058
2012-07-10 06:00:00,,-21.07
2012-07-10 07:00:00,,-21.061
2012-07-10 08:00:00,,-21.075
2012-07-10 09:00:00,,-21.077
2012-07-10 10:00:00,,-21.067
2012-07-10 11:00:00,,-21.068
2012-07-10 12:00:00,,-21.058
2012-07-10 13:00:00,,-21.051
2012-07-10 14:00:00,,-21.045
2012-07-10 15:00:00,,-21.042
2012-07-10 16:00:00,,-21.043
2012-07-10 17:00:00,,-21.04
2012-07-10 18:00:00,,-21.053
2012-07-10 19:00:00,,-21.06
2012-07-10 20:00:00,,-21.057
2012-07-10 21:00:00,,-21.067
2012-07-10 22:00:00,,-21.069
2012-07-10 23:00:00,,-21.056
2012-07-11 00:00:00,,-21.067
2012-07-11 01:00:00,,-21.052
2012-07-11 02:00:00,,-21.056
2012-07-11 03:00:00,,-21.05
2012-07-11 04:00:00,,-21.06
2012-07-11 05:00:00,,-21.048
2012-07-11 06:00:00,,-21.048
2012-07-11 07:00:00,,-21.063
2012-07-11 08:00:00,,-21.066
2012-07-11 09:00:00,,-21.062
2012-07-11 10:00:00,,-21.057
2012-07-11 11:00:00,,-21.065
2012-07-11 12:00:00,,-21.047
2012-07-11 13:00:00,,-21.044
2012-07-11 14:00:00,,-21.037
2012-07-11 15:00:00,,-21.041
2012-07-11 16:00:00,,-21.04
2012-07-11 17:00:00,,-21.043
2012-07-11 18:00:00,,-21.051
2012-07-11 19:00:00,,-21.045
2012-07-11 20:00:00,,-21.062
2012-07-11 21:00:00,,-21.055
2012-07-11 22:00:00,,-21.069
2012-07-11 23:00:00,,-21.068
2012-07-12 00:00:00,,-21.057
2012-07-12 01:00:00,,-21.055
2012-07-12 02:00:00,,-21.057
2012-07-12 03:00:00,,-21.058
2012-07-12 04:00:00,,-21.052
2012-07-12 05:00:00,,-21.054
2012-07-12 06:00:00,,-21.068
2012-07-12 07:00:00,,-21.061
2012-07-12 08:00:00,,-21.067
2012-07-12 09:00:00,,-21.066
2012-07-12 10:00:00,,-21.063
2012-07-12 11:00:00,,-21.067
2012-07-12 12:00:00,,-21.069
2012-07-12 13:00:00,,-21.049
2012-07-12 14:00:00,,-21.048
2012-07-12 15:00:00,,-21.055
2012-07-12 16:00:00,,-21.054
2012-07-12 17:00:00,,-21.046
2012-07-12 18:00:00,,-21.061
2012-07-12 19:00:00,,-21.065
2012-07-12 20:00:00,,-21.066
2012-07-12 21:00:00,,-21.064
2012-07-12 22:00:00,,-21.07
2012-07-12 23:00:00,,-21.069
2012-07-13 00:00:00,,-21.066
2012-07-13 01:00:00,,-21.06
2012-07-13 02:00:00,,-21.058
2012-07-13 03:00:00,,-21.069
2012-07-13 04:00:00,,-21.07
2012-07-13 05:00:00,,-21.073
2012-07-13 06:00:00,,-21.076
2012-07-13 07:00:00,,-21.079
2012-07-13 08:00:00,,-21.082
2012-07-13 09:00:00,,-21.086
2012-07-13 10:00:00,,-21.088
2012-07-13 11:00:00,,-21.071
2012-07-13 12:00:00,,-21.08
2012-07-13 13:00:00,,-21.06
2012-07-13 14:00:00,,-21.064
2012-07-13 15:00:00,,-21.047
2012-07-13 16:00:00,,-21.051
2012-07-13 17:00:00,,-21.059
2012-07-13 18:00:00,,-21.066
2012-07-13 19:00:00,,-21.066
2012-07-13 20:00:00,,-21.063
2012-07-13 21:00:00,,-21.069
2012-07-13 22:00:00,,-21.075
2012-07-13 23:00:00,,-21.071
2012-07-14 00:00:00,,-21.08
2012-07-14 01:00:00,,-21.074
2012-07-14 02:00:00,,-21.075
2012-07-14 03:00:00,,-21.072
2012-07-14 04:00:00,,-21.073
2012-07-14 05:00:00,,-21.072
2012-07-14 06:00:00,,-21.07
2012-07-14 07:00:00,,-21.071
2012-07-14 08:00:00,,-21.088
2012-07-14 09:00:00,,-21.092
2012-07-14 10:00:00,,-21.091
2012-07-14 11:00:00,,-21.089
2012-07-14 12:00:00,,-21.087
2012-07-14 13:00:00,,-21.065
2012-07-14 14:00:00,,-21.071
2012-07-14 15:00:00,,-21.056
2012-07-14 16:00:00,,-21.055
2012-07-14 17:00:00,,-21.069
2012-07-14 18:00:00,,-21.062
2012-07-14 19:00:00,,-21.082
2012-07-14 20:00:00,,-21.09
2012-07-14 21:00:00,,-21.097
2012-07-14 22:00:00,,-21.101
2012-07-14 23:00:00,,-21.088
2012-07-15 00:00:00,,-21.1
2012-07-15 01:00:00,,-21.094
2012-07-15 02:00:00,,-21.092
2012-07-15 03:00:00,,-21.076
2012-07-15 04:00:00,,-21.087
2012-07-15 05:00:00,,-21.081
2012-07-15 06:00:00,,-21.082
2012-07-15 07:00:00,,-21.092
2012-07-15 08:00:00,,-21.096
2012-07-15 09:00:00,,-21.09
2012-07-15 10:00:00,,-21.096
2012-07-15 11:00:00,,-21.091
2012-07-15 12:00:00,,-21.095
2012-07-15 13:00:00,,-21.073
2012-07-15 14:00:00,,-21.064
2012-07-15 15:00:00,,-21.062
2012-07-15 16:00:00,,-21.063
2012-07-15 17:00:00,,-21.068
2012-07-15 18:00:00,,-21.059
2012-07-15 19:00:00,,-21.071
2012-07-15 20:00:00,,-21.078
2012-07-15 21:00:00,,-21.092
2012-07-15 22:00:00,,-21.084
2012-07-15 23:00:00,,-21.096
2012-07-16 00:00:00,,-21.08
2012-07-16 01:00:00,,-21.074
2012-07-16 02:00:00,,-21.082
2012-07-16 03:00:00,,-21.069
2012-07-16 04:00:00,,-21.076
2012-07-16 05:00:00,,-21.064
2012-07-16 06:00:00,,-21.067
2012-07-16 07:00:00,,-21.069
2012-07-16 08:00:00,,-21.073
2012-07-16 09:00:00,,-21.075
2012-07-16 10:00:00,,-21.084
2012-07-16 11:00:00,,-21.082
2012-07-16 12:00:00,,-21.063
2012-07-16 13:00:00,,-21.054
2012-07-16 14:00:00,,-21.057
2012-07-16 15:00:00,,-21.05
2012-07-16 16:00:00,,-21.037
2012-07-16 17:00:00,,-21.038
2012-07-16 18:00:00,,-21.055
2012-07-16 19:00:00,,-21.051
2012-07-16 20:00:00,,-21.062
2012-07-16 21:00:00,,-21.064
2012-07-16 22:00:00,,-21.079
2012-07-16 23:00:00,,-21.07
2012-07-17 00:00:00,,-21.067
2012-07-17 01:00:00,,-21.065
2012-07-17 02:00:00,,-21.061
2012-07-17 03:00:00,,-21.07
2012-07-17 04:00:00,,-21.055
2012-07-17 05:00:00,,-21.057
2012-07-17 06:00:00,,-21.07
2012-07-17 07:00:00,,-21.061
2012-07-17 08:00:00,,-21.076
2012-07-17 09:00:00,,-21.065
2012-07-17 10:00:00,,-21.067
2012-07-17 11:00:00,,-21.079
2012-07-17 12:00:00,,-21.067
2012-07-17 13:00:00,,-21.066
2012-07-17 14:00:00,,-21.057
2012-07-17 15:00:00,,-21.044
2012-07-17 16:00:00,,-21.05
2012-07-17 17:00:00,,-21.052
2012-07-17 18:00:00,,-21.045
2012-07-17 19:00:00,,-21.063
2012-07-17 20:00:00,,-21.067
2012-07-17 21:00:00,,-21.078
2012-07-17 22:00:00,,-21.07
2012-07-17 23:00:00,,-21.074
2012-07-18 00:00:00,,-21.085
2012-07-18 01:00:00,,-21.072
2012-07-18 02:00:00,,-21.079
2012-07-18 03:00:00,,-21.062
2012-07-18 04:00:00,,-21.064
2012-07-18 05:00:00,,-21.067
2012-07-18 06:00:00,,-21.065
2012-07-18 07:00:00,,-21.074
2012-07-18 08:00:00,,-21.074
2012-07-18 09:00:00,,-21.078
2012-07-18 10:00:00,,-21.088
2012-07-18 11:00:00,,-21.088
2012-07-18 12:00:00,,-21.075
2012-07-18 13:00:00,,-21.072
2012-07-18 14:00:00,,-21.049
2012-07-18 15:00:00,,-21.045
2012-07-18 16:00:00,,-21.05
2012-07-18 17:00:00,,-21.046
2012-07-18 18:00:00,,-21.061
2012-07-18 19:00:00,,-21.059
2012-07-18 20:00:00,,-21.075
2012-07-18 21:00:00,,-21.083
2012-07-18 22:00:00,,-21.076
2012-07-18 23:00:00,,-21.08
2012-07-19 00:00:00,,-21.086
2012-07-19 01:00:00,,-21.084
2012-07-19 02:00:00,,-21.075
2012-07-19 03:00:00,,-21.069
2012-07-19 04:00:00,,-21.077
2012-07-19 05:00:00,,-21.076
2012-07-19 06:00:00,,-21.078
2012-07-19 07:00:00,,-21.07
2012-07-19 08:00:00,,-21.087
2012-07-19 09:00:00,,-21.084
2012-07-19 10:00:00,,-21.081
2012-07-19 11:00:00,,-21.093
2012-07-19 12:00:00,,-21.089
2012-07-19 13:00:00,,-21.068
2012-07-19 14:00:00,,-21.065
2012-07-19 15:00:00,,-21.05
2012-07-19 16:00:00,,-21.046
2012-07-19 17:00:00,,-21.05
2012-07-19 18:00:00,,-21.054
2012-07-19 19:00:00,,-21.061
2012-07-19 20:00:00,,-21.072
2012-07-19 21:00:00,,-21.082
2012-07-19 22:00:00,,-21.081
2012-07-19 23:00:00,,-21.083
2012-07-20 00:00:00,,-21.09
2012-07-20 01:00:00,,-21.089
2012-07-20 02:00:00,,-21.079
2012-07-20 03:00:00,,-21.077
2012-07-20 04:00:00,,-21.074
2012-07-20 05:00:00,,-21.08
2012-07-20 06:00:00,,-21.081
2012-07-20 07:00:00,,-21.087
2012-07-20 08:00:00,,-21.076
2012-07-20 09:00:00,,-21.092
2012-07-20 10:00:00,,-21.093
2012-07-20 11:00:00,,-21.093
2012-07-20 12:00:00,,-21.083
2012-07-20 13:00:00,,-21.079
2012-07-20 14:00:00,,-21.059
2012-07-20 15:00:00,,-21.059
2012-07-20 16:00:00,,-21.062
2012-07-20 17:00:00,,-21.061
2012-07-20 18:00:00,,-21.054
2012-07-20 19:00:00,,-21.061
2012-07-20 20:00:00,,-21.08
2012-07-20 21:00:00,,-21.089
2012-07-20 22:00:00,,-21.091
2012-07-20 23:00:00,,-21.086
2012-07-21 00:00:00,,-21.091
2012-07-21 01:00:00,,-21.086
2012-07-21 02:00:00,,-21.087
2012-07-21 03:00:00,,-21.079
2012-07-21 04:00:00,,-21.069
2012-07-21 05:00:00,,-21.068
2012-07-21 06:00:00,,-21.067
2012-07-21 07:00:00,,-21.081
2012-07-21 08:00:00,,-21.083
2012-07-21 09:00:00,,-21.074
2012-07-21 10:00:00,,-21.082
2012-07-21 11:00:00,,-21.075
2012-07-21 12:00:00,,-21.08
2012-07-21 13:00:00,,-21.072
2012-07-21 14:00:00,,-21.052
2012-07-21 15:00:00,,-21.057
2012-07-21 16:00:00,,-21.048
2012-07-21 17:00:00,,-21.054
2012-07-21 18:00:00,,-21.059
2012-07-21 19:00:00,,-21.06
2012-07-21 20:00:00,,-21.074
2012-07-21 21:00:00,,-21.068
2012-07-21 22:00:00,,-21.068
2012-07-21 23:00:00,,-21.07
2012-07-22 00:00:00,,-21.07
2012-07-22 01:00:00,,-21.068
2012-07-22 02:00:00,,-21.073
2012-07-22 03:00:00,,-21.065
2012-07-22 04:00:00,,-21.069
2012-07-22 05:00:00,,-21.068
2012-07-22 06:00:00,,-21.058
2012-07-22 07:00:00,,-21.071
2012-07-22 08:00:00,,-21.061
2012-07-22 09:00:00,,-21.064
2012-07-22 10:00:00,,-21.068
2012-07-22 11:00:00,,-21.071
2012-07-22 12:00:00,,-21.071
2012-07-22 13:00:00,,-21.061
2012-07-22 14:00:00,,-21.04
2012-07-22 15:00:00,,-21.038
2012-07-22 16:00:00,,-21.042
2012-07-22 17:00:00,,-21.032
2012-07-22 18:00:00,,-21.049
2012-07-22 19:00:00,,-21.057
2012-07-22 20:00:00,,-21.064
2012-07-22 21:00:00,,-21.057
2012-07-22 22:00:00,,-21.066
2012-07-22 23:00:00,,-21.064
2012-07-23 00:00:00,,-21.061
2012-07-23 01:00:00,,-21.074
2012-07-23 02:00:00,,-21.065
2012-07-23 03:00:00,,-21.066
2012-07-23 04:00:00,,-21.057
2012-07-23 05:00:00,,-21.067
2012-07-23 06:00:00,,-21.056
2012-07-23 07:00:00,,-21.061
2012-07-23 08:00:00,,-21.062
2012-07-23 09:00:00,,-21.067
2012-07-23 10:00:00,,-21.075
2012-07-23 11:00:00,,-21.063
2012-07-23 12:00:00,,-21.053
2012-07-23 13:00:00,,-21.044
2012-07-23 14:00:00,,-21.045
2012-07-23 15:00:00,,-21.029
2012-07-23 16:00:00,,-21.029
2012-07-23 17:00:00,,-21.042
2012-07-23 18:00:00,,-21.039
2012-07-23 19:00:00,,-21.047
2012-07-23 20:00:00,,-21.048
2012-07-23 21:00:00,,-21.066
2012-07-23 22:00:00,,-21.062
2012-07-23 23:00:00,,-21.071
2012-07-24 00:00:00,,-21.07
2012-07-24 01:00:00,,-21.069
2012-07-24 02:00:00,,-21.067
2012-07-24 03:00:00,,-21.066
2012-07-24 04:00:00,,-21.059
2012-07-24 05:00:00,,-21.053
2012-07-24 06:00:00,,-21.059
2012-07-24 07:00:00,,-21.067
2012-07-24 08:00:00,,-21.059
2012-07-24 09:00:00,,-21.073
2012-07-24 10:00:00,,-21.064
2012-07-24 11:00:00,,-21.058
2012-07-24 12:00:00,,-21.066
2012-07-24 13:00:00,,-21.048
2012-07-24 14:00:00,,-21.051
2012-07-24 15:00:00,,-21.045
2012-07-24 16:00:00,,-21.037
2012-07-24 17:00:00,,-21.033
2012-07-24 18:00:00,,-21.046
2012-07-24 19:00:00,,-21.038
2012-07-24 20:00:00,,-21.055
2012-07-24 21:00:00,,-21.062
2012-07-24 22:00:00,,-21.066
2012-07-24 23:00:00,,-21.066
2012-07-25 00:00:00,,-21.054
2012-07-25 01:00:00,,-21.054
2012-07-25 02:00:00,,-21.051
2012-07-25 03:00:00,,-21.05
2012-07-25 04:00:00,,-21.065
2012-07-25 05:00:00,,-21.051
2012-07-25 06:00:00,,-21.06
2012-07-25 07:00:00,,-21.063
2012-07-25 08:00:00,,-21.074
2012-07-25 09:00:00,,-21.076
2012-07-25 10:00:00,,-21.066
2012-07-25 11:00:00,,-21.076
2012-07-25 12:00:00,,-21.064
2012-07-25 13:00:00,,-21.054
2012-07-25 14:00:00,,-21.051
2012-07-25 15:00:00,,-21.041
2012-07-25 16:00:00,,-21.052
2012-07-25 17:00:00,,-21.043
2012-07-25 18:00:00,,-21.051
2012-07-25 19:00:00,,-21.054
2012-07-25 20:00:00,,-21.066
2012-07-25 21:00:00,,-21.065
2012-07-25 22:00:00,,-21.062
2012-07-25 23:00:00,,-21.061
2012-07-26 00:00:00,,-21.064
2012-07-26 01:00:00,,-21.063
2012-07-26 02:00:00,,-21.062
2012-07-26 03:00:00,,-21.071
2012-07-26 04:00:00,,-21.066
2012-07-26 05:00:00,,-21.072
2012-07-26 06:00:00,,-21.075
2012-07-26 07:00:00,,-21.072
2012-07-26 08:00:00,,-21.068
2012-07-26 09:00:00,,-21.083
2012-07-26 10:00:00,,-21.086
2012-07-26 11:00:00,,-21.068
2012-07-26 12:00:00,,-21.063
2012-07-26 13:00:00,,-21.057
2012-07-26 14:00:00,,-21.056
2012-07-26 15:00:00,,-21.059
2012-07-26 16:00:00,,-21.044
2012-07-26 17:00:00,,-21.058
2012-07-26 18:00:00,,-21.055
2012-07-26 19:00:00,,-21.061
2012-07-26 20:00:00,,-21.064
2012-07-26 21:00:00,,-21.066
2012-07-26 22:00:00,,-21.083
2012-07-26 23:00:00,,-21.085
2012-07-27 00:00:00,,-21.071
2012-07-27 01:00:00,,-21.073
2012-07-27 02:00:00,,-21.067
2012-07-27 03:00:00,,-21.07
2012-07-27 04:00:00,,-21.068
2012-07-27 05:00:00,,-21.066
2012-07-27 06:00:00,,-21.076
2012-07-27 07:00:00,,-21.081
2012-07-27 08:00:00,,-21.077
2012-07-27 09:00:00,,-21.078
2012-07-27 10:00:00,,-21.08
2012-07-27 11:00:00,,-21.079
2012-07-27 12:00:00,,-21.084
2012-07-27 13:00:00,,-21.078
2012-07-27 14:00:00,,-21.069
2012-07-27 15:00:00,,-21.064
2012-07-27 16:00:00,,-21.061
2012-07-27 17:00:00,,-21.064
2012-07-27 18:00:00,,-21.059
2012-07-27 19:00:00,,-21.059
2012-07-27 20:00:00,,-21.076
2012-07-27 21:00:00,,-21.08
2012-07-27 22:00:00,,-21.082
2012-07-27 23:00:00,,-21.071
2012-07-28 00:00:00,,-21.069
2012-07-28 01:00:00,,-21.067
2012-07-28 02:00:00,,-21.072
2012-07-28 03:00:00,,-21.068
2012-07-28 04:00:00,,-21.068
2012-07-28 05:00:00,,-21.076
2012-07-28 06:00:00,,-21.078
2012-07-28 07:00:00,,-21.088
2012-07-28 08:00:00,,-21.076
2012-07-28 09:00:00,,-21.08
2012-07-28 10:00:00,,-21.077
2012-07-28 11:00:00,,-21.079
2012-07-28 12:00:00,,-21.066
2012-07-28 13:00:00,,-21.06
2012-07-28 14:00:00,,-21.053
2012-07-28 15:00:00,,-21.039
2012-07-28 16:00:00,,-21.045
2012-07-28 17:00:00,,-21.051
2012-07-28 18:00:00,,-21.048
2012-07-28 19:00:00,,-21.055
2012-07-28 20:00:00,,-21.063
2012-07-28 21:00:00,,-21.065
2012-07-28 22:00:00,,-21.067
2012-07-28 23:00:00,,-21.067
2012-07-29 00:00:00,,-21.067
2012-07-29 01:00:00,,-21.065
2012-07-29 02:00:00,,-21.07
2012-07-29 03:00:00,,-21.072
2012-07-29 04:00:00,,-21.065
2012-07-29 05:00:00,,-21.066
2012-07-29 06:00:00,,-21.062
2012-07-29 07:00:00,,-21.079
2012-07-29 08:00:00,,-21.072
2012-07-29 09:00:00,,-21.075
2012-07-29 10:00:00,,-21.076
2012-07-29 11:00:00,,-21.084
2012-07-29 12:00:00,,-21.066
2012-07-29 13:00:00,,-21.055
2012-07-29 14:00:00,,-21.058
2012-07-29 15:00:00,,-21.051
2012-07-29 16:00:00,,-21.039
2012-07-29 17:00:00,,-21.038
2012-07-29 18:00:00,,-21.056
2012-07-29 19:00:00,,-21.057
2012-07-29 20:00:00,,-21.06
2012-07-29 21:00:00,,-21.065
2012-07-29 22:00:00,,-21.084
2012-07-29 23:00:00,,-21.086
2012-07-30 00:00:00,,-21.083
2012-07-30 01:00:00,,-21.081
2012-07-30 02:00:00,,-21.067
2012-07-30 03:00:00,,-21.073
2012-07-30 04:00:00,,-21.063
2012-07-30 05:00:00,,-21.071
2012-07-30 06:00:00,,-21.06
2012-07-30 07:00:00,,-21.07
2012-07-30 08:00:00,,-21.08
2012-07-30 09:00:00,,-21.08
2012-07-30 10:00:00,,-21.082
2012-07-30 11:00:00,,-21.065
2012-07-30 12:00:00,,-21.065
2012-07-30 13:00:00,,-21.066
2012-07-30 14:00:00,,-21.045
2012-07-30 15:00:00,,-21.04
2012-07-30 16:00:00,,-21.039
2012-07-30 17:00:00,,-21.055
2012-07-30 18:00:00,,-21.052
2012-07-30 19:00:00,,-21.054
2012-07-30 20:00:00,,-21.065
2012-07-30 21:00:00,,-21.065
2012-07-30 22:00:00,,-21.07
2012-07-30 23:00:00,,-21.076
2012-07-31 00:00:00,,-21.068
2012-07-31 01:00:00,,-21.075
2012-07-31 02:00:00,,-21.073
2012-07-31 03:00:00,,-21.069
2012-07-31 04:00:00,,-21.067
2012-07-31 05:00:00,,-21.057
2012-07-31 06:00:00,,-21.057
2012-07-31 07:00:00,,-21.066
2012-07-31 08:00:00,,-21.066
2012-07-31 09:00:00,,-21.081
2012-07-31 10:00:00,,-21.073
2012-07-31 11:00:00,,-21.08
2012-07-31 12:00:00,,-21.072
2012-07-31 13:00:00,,-21.051
2012-07-31 14:00:00,,-21.041
2012-07-31 15:00:00,,-21.039
2012-07-31 16:00:00,,-21.033
2012-07-31 17:00:00,,-21.045
2012-07-31 18:00:00,,-21.049
2012-07-31 19:00:00,,-21.056
2012-07-31 20:00:00,,-21.052
2012-07-31 21:00:00,,-21.069
2012-07-31 22:00:00,,-21.061
2012-07-31 23:00:00,,-21.073
2012-08-01 00:00:00,,-21.061
2012-08-01 01:00:00,,-21.06
2012-08-01 02:00:00,,-21.069
2012-08-01 03:00:00,,-21.059
2012-08-01 04:00:00,,-21.062
2012-08-01 05:00:00,,-21.051
2012-08-01 06:00:00,,-21.065
2012-08-01 07:00:00,,-21.061
2012-08-01 08:00:00,,-21.068
2012-08-01 09:00:00,,-21.071
2012-08-01 10:00:00,,-21.059
2012-08-01 11:00:00,,-21.06
2012-08-01 12:00:00,,-21.062
2012-08-01 13:00:00,,-21.052
2012-08-01 14:00:00,,-21.048
2012-08-01 15:00:00,,-21.044
2012-08-01 16:00:00,,-21.043
2012-08-01 17:00:00,,-21.043
2012-08-01 18:00:00,,-21.046
2012-08-01 19:00:00,,-21.052
2012-08-01 20:00:00,,-21.048
2012-08-01 21:00:00,,-21.055
2012-08-01 22:00:00,,-21.069
2012-08-01 23:00:00,,-21.06
2012-08-02 00:00:00,,-21.057
2012-08-02 01:00:00,,-21.063
2012-08-02 02:00:00,,-21.05
2012-08-02 03:00:00,,-21.061
2012-08-02 04:00:00,,-21.045
2012-08-02 05:00:00,,-21.048
2012-08-02 06:00:00,,-21.064
2012-08-02 07:00:00,,-21.069
2012-08-02 08:00:00,,-21.074
2012-08-02 09:00:00,,-21.067
2012-08-02 10:00:00,,-21.078
2012-08-02 11:00:00,,-21.073
2012-08-02 12:00:00,,-21.055
2012-08-02 13:00:00,,-21.054
2012-08-02 14:00:00,,-21.044
2012-08-02 15:00:00,,-21.027
2012-08-02 16:00:00,,-21.037
2012-08-02 17:00:00,,-21.036
2012-08-02 18:00:00,,-21.042
2012-08-02 19:00:00,,-21.046
2012-08-02 20:00:00,,-21.055
2012-08-02 21:00:00,,-21.049
2012-08-02 22:00:00,,-21.052
2012-08-02 23:00:00,,-21.066
2012-08-03 00:00:00,,-21.059
2012-08-03 01:00:00,,-21.058
2012-08-03 02:00:00,,-21.056
2012-08-03 03:00:00,,-21.058
2012-08-03 04:00:00,,-21.044
2012-08-03 05:00:00,,-21.045
2012-08-03 06:00:00,,-21.054
2012-08-03 07:00:00,,-21.066
2012-08-03 08:00:00,,-21.06
2012-08-03 09:00:00,,-21.074
2012-08-03 10:00:00,,-21.071
2012-08-03 11:00:00,,-21.068
2012-08-03 12:00:00,,-21.068
2012-08-03 13:00:00,,-21.054
2012-08-03 14:00:00,,-21.044
2012-08-03 15:00:00,,-21.032
2012-08-03 16:00:00,,-21.033
2012-08-03 17:00:00,,-21.039
2012-08-03 18:00:00,,-21.037
2012-08-03 19:00:00,,-21.054
2012-08-03 20:00:00,,-21.052
2012-08-03 21:00:00,,-21.061
2012-08-03 22:00:00,,-21.055
2012-08-03 23:00:00,,-21.062
2012-08-04 00:00:00,,-21.055
2012-08-04 01:00:00,,-21.057
2012-08-04 02:00:00,,-21.055
2012-08-04 03:00:00,,-21.052
2012-08-04 04:00:00,,-21.051
2012-08-04 05:00:00,,-21.052
2012-08-04 06:00:00,,-21.054
2012-08-04 07:00:00,,-21.067
2012-08-04 08:00:00,,-21.069
2012-08-04 09:00:00,,-21.061
2012-08-04 10:00:00,,-21.076
2012-08-04 11:00:00,,-21.061
2012-08-04 12:00:00,,-21.07
2012-08-04 13:00:00,,-21.051
2012-08-04 14:00:00,,-21.044
2012-08-04 15:00:00,,-21.042
2012-08-04 16:00:00,,-21.034
2012-08-04 17:00:00,,-21.045
2012-08-04 18:00:00,,-21.049
2012-08-04 19:00:00,,-21.052
2012-08-04 20:00:00,,-21.044
2012-08-04 21:00:00,,-21.064
2012-08-04 22:00:00,,-21.068
2012-08-04 23:00:00,,-21.062
2012-08-05 00:00:00,,-21.055
2012-08-05 01:00:00,,-21.068
2012-08-05 02:00:00,,-21.054
2012-08-05 03:00:00,,-21.055
2012-08-05 04:00:00,,-21.055
2012-08-05 05:00:00,,-21.054
2012-08-05 06:00:00,,-21.052
2012-08-05 07:00:00,,-21.058
2012-08-05 08:00:00,,-21.075
2012-08-05 09:00:00,,-21.071
2012-08-05 10:00:00,,-21.074
2012-08-05 11:00:00,,-21.071
2012-08-05 12:00:00,,-21.059
2012-08-05 13:00:00,,-21.065
2012-08-05 14:00:00,,-21.057
2012-08-05 15:00:00,,-21.039
2012-08-05 16:00:00,,-21.048
2012-08-05 17:00:00,,-21.037
2012-08-05 18:00:00,,-21.051
2012-08-05 19:00:00,,-21.044
2012-08-05 20:00:00,,-21.06
2012-08-05 21:00:00,,-21.067
2012-08-05 22:00:00,,-21.073
2012-08-05 23:00:00,,-21.074
2012-08-06 00:00:00,,-21.061
2012-08-06 01:00:00,,-21.064
2012-08-06 02:00:00,,-21.074
2012-08-06 03:00:00,,-21.065
2012-08-06 04:00:00,,-21.07
2012-08-06 05:00:00,,-21.07
2012-08-06 06:00:00,,-21.072
2012-08-06 07:00:00,,-21.078
2012-08-06 08:00:00,,-21.074
2012-08-06 09:00:00,,-21.086
2012-08-06 10:00:00,,-21.088
2012-08-06 11:00:00,,-21.075
2012-08-06 12:00:00,,-21.074
2012-08-06 13:00:00,,-21.071
2012-08-06 14:00:00,,-21.053
2012-08-06 15:00:00,,-21.057
2012-08-06 16:00:00,,-21.052
2012-08-06 17:00:00,,-21.05
2012-08-06 18:00:00,,-21.041
2012-08-06 19:00:00,,-21.046
2012-08-06 20:00:00,,-21.051
2012-08-06 21:00:00,,-21.07
2012-08-06 22:00:00,,-21.067
2012-08-06 23:00:00,,-21.063
2012-08-07 00:00:00,,-21.063
2012-08-07 01:00:00,,-21.063
2012-08-07 02:00:00,,-21.072
2012-08-07 03:00:00,,-21.068
2012-08-07 04:00:00,,-21.066
2012-08-07 05:00:00,,-21.065
2012-08-07 06:00:00,,-21.062
2012-08-07 07:00:00,,-21.058
2012-08-07 08:00:00,,-21.074
2012-08-07 09:00:00,,-21.066
2012-08-07 10:00:00,,-21.079
2012-08-07 11:00:00,,-21.076
2012-08-07 12:00:00,,-21.07
2012-08-07 13:00:00,,-21.051
2012-08-07 14:00:00,,-21.043
2012-08-07 15:00:00,,-21.049
2012-08-07 16:00:00,,-21.034
2012-08-07 17:00:00,,-21.045
2012-08-07 18:00:00,,-21.037
2012-08-07 19:00:00,,-21.039
2012-08-07 20:00:00,,-21.047
2012-08-07 21:00:00,,-21.063
2012-08-07 22:00:00,,-21.054
2012-08-07 23:00:00,,-21.066
2012-08-08 00:00:00,,-21.066
2012-08-08 01:00:00,,-21.066
2012-08-08 02:00:00,,-21.058
2012-08-08 03:00:00,,-21.062
2012-08-08 04:00:00,,-21.055
2012-08-08 05:00:00,,-21.063
2012-08-08 06:00:00,,-21.058
2012-08-08 07:00:00,,-21.056
2012-08-08 08:00:00,,-21.071
2012-08-08 09:00:00,,-21.06
2012-08-08 10:00:00,,-21.068
2012-08-08 11:00:00,,-21.061
2012-08-08 12:00:00,,-21.059
2012-08-08 13:00:00,,-21.06
2012-08-08 14:00:00,,-21.044
2012-08-08 15:00:00,,-21.038
2012-08-08 16:00:00,,-21.038
2012-08-08 17:00:00,,-21.043
2012-08-08 18:00:00,,-21.043
2012-08-08 19:00:00,,-21.04
2012-08-08 20:00:00,,-21.057
2012-08-08 21:00:00,,-21.052
2012-08-08 22:00:00,,-21.065
2012-08-08 23:00:00,,-21.051
2012-08-09 00:00:00,,-21.065
2012-08-09 01:00:00,,-21.051
2012-08-09 02:00:00,,-21.051
2012-08-09 03:00:00,,-21.063
2012-08-09 04:00:00,,-21.048
2012-08-09 05:00:00,,-21.06
2012-08-09 06:00:00,,-21.053
2012-08-09 07:00:00,,-21.064
2012-08-09 08:00:00,,-21.077
2012-08-09 09:00:00,,-21.074
2012-08-09 10:00:00,,-21.069
2012-08-09 11:00:00,,-21.067
2012-08-09 12:00:00,,-21.064
2012-08-09 13:00:00,,-21.069
2012-08-09 14:00:00,,-21.061
2012-08-09 15:00:00,,-21.049
2012-08-09 16:00:00,,-21.042
2012-08-09 17:00:00,,-21.056
2012-08-09 18:00:00,,-21.059
2012-08-09 19:00:00,,-21.065
2012-08-09 20:00:00,,-21.075
2012-08-09 21:00:00,,-21.069
2012-08-09 22:00:00,,-21.077
2012-08-09 23:00:00,,-21.074
2012-08-10 00:00:00,,-21.068
2012-08-10 01:00:00,,-21.07
2012-08-10 02:00:00,,-21.077
2012-08-10 03:00:00,,-21.074
2012-08-10 04:00:00,,-21.067
2012-08-10 05:00:00,,-21.066
2012-08-10 06:00:00,,-21.075
2012-08-10 07:00:00,,-21.073
2012-08-10 08:00:00,,-21.09
2012-08-10 09:00:00,,-21.08
2012-08-10 10:00:00,,-21.081
2012-08-10 11:00:00,,-21.084
2012-08-10 12:00:00,,-21.071
2012-08-10 13:00:00,,-21.073
2012-08-10 14:00:00,,-21.055
2012-08-10 15:00:00,,-21.06
2012-08-10 16:00:00,,-21.057
2012-08-10 17:00:00,,-21.047
2012-08-10 18:00:00,,-21.055
2012-08-10 19:00:00,,-21.068
2012-08-10 20:00:00,,-21.064
2012-08-10 21:00:00,,-21.064
2012-08-10 22:00:00,,-21.08
2012-08-10 23:00:00,,-21.081
2012-08-11 00:00:00,,-21.067
2012-08-11 01:00:00,,-21.076
2012-08-11 02:00:00,,-21.075
2012-08-11 03:00:00,,-21.072
2012-08-11 04:00:00,,-21.069
2012-08-11 05:00:00,,-21.072
2012-08-11 06:00:00,,-21.06
2012-08-11 07:00:00,,-21.066
2012-08-11 08:00:00,,-21.071
2012-08-11 09:00:00,,-21.074
2012-08-11 10:00:00,,-21.085
2012-08-11 11:00:00,,-21.077
2012-08-11 12:00:00,,-21.074
2012-08-11 13:00:00,,-21.051
2012-08-11 14:00:00,,-21.042
2012-08-11 15:00:00,,-21.042
2012-08-11 16:00:00,,-21.037
2012-08-11 17:00:00,,-21.04
2012-08-11 18:00:00,,-21.047
2012-08-11 19:00:00,,-21.049
2012-08-11 20:00:00,,-21.056
2012-08-11 21:00:00,,-21.061
2012-08-11 22:00:00,,-21.058
2012-08-11 23:00:00,,-21.073
2012-08-12 00:00:00,,-21.057
2012-08-12 01:00:00,,-21.058
2012-08-12 02:00:00,,-21.065
2012-08-12 03:00:00,,-21.051
2012-08-12 04:00:00,,-21.051
2012-08-12 05:00:00,,-21.052
2012-08-12 06:00:00,,-21.066
2012-08-12 07:00:00,,-21.072
2012-08-12 08:00:00,,-21.077
2012-08-12 09:00:00,,-21.068
2012-08-12 10:00:00,,-21.065
2012-08-12 11:00:00,,-21.063
2012-08-12 12:00:00,,-21.052
2012-08-12 13:00:00,,-21.053
2012-08-12 14:00:00,,-21.035
2012-08-12 15:00:00,,-21.028
2012-08-12 16:00:00,,-21.039
2012-08-12 17:00:00,,-21.028
2012-08-12 18:00:00,,-21.032
2012-08-12 19:00:00,,-21.048
2012-08-12 20:00:00,,-21.054
2012-08-12 21:00:00,,-21.049
2012-08-12 22:00:00,,-21.053
2012-08-12 23:00:00,,-21.066
2012-08-13 00:00:00,,-21.055
2012-08-13 01:00:00,,-21.053
2012-08-13 02:00:00,,-21.048
2012-08-13 03:00:00,,-21.05
2012-08-13 04:00:00,,-21.05
2012-08-13 05:00:00,,-21.048
2012-08-13 06:00:00,,-21.065
2012-08-13 07:00:00,,-21.069
2012-08-13 08:00:00,,-21.074
2012-08-13 09:00:00,,-21.075
2012-08-13 10:00:00,,-21.06
2012-08-13 11:00:00,,-21.069
2012-08-13 12:00:00,,-21.056
2012-08-13 13:00:00,,-21.04
2012-08-13 14:00:00,,-21.039
2012-08-13 15:00:00,,-21.039
2012-08-13 16:00:00,,-21.031
2012-08-13 17:00:00,,-21.027
2012-08-13 18:00:00,,-21.029
2012-08-13 19:00:00,,-21.034
2012-08-13 20:00:00,,-21.055
2012-08-13 21:00:00,,-21.06
2012-08-13 22:00:00,,-21.062
2012-08-13 23:00:00,,-21.054
2012-08-14 00:00:00,,-21.062
2012-08-14 01:00:00,,-21.047
2012-08-14 02:00:00,,-21.044
2012-08-14 03:00:00,,-21.043
2012-08-14 04:00:00,,-21.054
2012-08-14 05:00:00,,-21.055
2012-08-14 06:00:00,,-21.058
2012-08-14 07:00:00,,-21.064
2012-08-14 08:00:00,,-21.056
2012-08-14 09:00:00,,-21.072
2012-08-14 10:00:00,,-21.065
2012-08-14 11:00:00,,-21.07
2012-08-14 12:00:00,,-21.065
2012-08-14 13:00:00,,-21.045
2012-08-14 14:00:00,,-21.035
2012-08-14 15:00:00,,-21.028
2012-08-14 16:00:00,,-21.03
2012-08-14 17:00:00,,-21.031
2012-08-14 18:00:00,,-21.033
2012-08-14 19:00:00,,-21.042
2012-08-14 20:00:00,,-21.059
2012-08-14 21:00:00,,-21.063
2012-08-14 22:00:00,,-21.067
2012-08-14 23:00:00,,-21.067
2012-08-15 00:00:00,,-21.061
2012-08-15 01:00:00,,-21.05
2012-08-15 02:00:00,,-21.043
2012-08-15 03:00:00,,-21.05
2012-08-15 04:00:00,,-21.053
2012-08-15 05:00:00,,-21.052
2012-08-15 06:00:00,,-21.055
2012-08-15 07:00:00,,-21.048
2012-08-15 08:00:00,,-21.055
2012-08-15 09:00:00,,-21.067
2012-08-15 10:00:00,,-21.07
2012-08-15 11:00:00,,-21.069
2012-08-15 12:00:00,,-21.051
2012-08-15 13:00:00,,-21.044
2012-08-15 14:00:00,,-21.031
2012-08-15 15:00:00,,-21.038
2012-08-15 16:00:00,,-21.023
2012-08-15 17:00:00,,-21.025
2012-08-15 18:00:00,,-21.04
2012-08-15 19:00:00,,-21.041
2012-08-15 20:00:00,,-21.052
2012-08-15 21:00:00,,-21.058
2012-08-15 22:00:00,,-21.048
2012-08-15 23:00:00,,-21.055
2012-08-16 00:00:00,,-21.059
2012-08-16 01:00:00,,-21.044
2012-08-16 02:00:00,,-21.044
2012-08-16 03:00:00,,-21.051
2012-08-16 04:00:00,,-21.035
2012-08-16 05:00:00,,-21.038
2012-08-16 06:00:00,,-21.051
2012-08-16 07:00:00,,-21.056
2012-08-16 08:00:00,,-21.059
2012-08-16 09:00:00,,-21.053
2012-08-16 10:00:00,,-21.059
2012-08-16 11:00:00,,-21.063
2012-08-16 12:00:00,,-21.046
2012-08-16 13:00:00,,-21.038
2012-08-16 14:00:00,,-21.026
2012-08-16 15:00:00,,-21.032
2012-08-16 16:00:00,,-21.019
2012-08-16 17:00:00,,-21.031
2012-08-16 18:00:00,,-21.021
2012-08-16 19:00:00,,-21.043
2012-08-16 20:00:00,,-21.037
2012-08-16 21:00:00,,-21.058
2012-08-16 22:00:00,,-21.05
2012-08-16 23:00:00,,-21.052
2012-08-17 00:00:00,,-21.065
2012-08-17 01:00:00,,-21.065
2012-08-17 02:00:00,,-21.051
2012-08-17 03:00:00,,-21.046
2012-08-17 04:00:00,,-21.049
2012-08-17 05:00:00,,-21.042
2012-08-17 06:00:00,,-21.047
2012-08-17 07:00:00,,-21.064
2012-08-17 08:00:00,,-21.071
2012-08-17 09:00:00,,-21.075
2012-08-17 10:00:00,,-21.068
2012-08-17 11:00:00,,-21.078
2012-08-17 12:00:00,,-21.065
2012-08-17 13:00:00,,-21.05
2012-08-17 14:00:00,,-21.041
2012-08-17 15:00:00,,-21.032
2012-08-17 16:00:00,,-21.04
2012-08-17 17:00:00,,-21.028
2012-08-17 18:00:00,,-21.037
2012-08-17 19:00:00,,-21.051
2012-08-17 20:00:00,,-21.047
2012-08-17 21:00:00,,-21.065
2012-08-17 22:00:00,,-21.073
2012-08-17 23:00:00,,-21.064
2012-08-18 00:00:00,,-21.061
2012-08-18 01:00:00,,-21.056
2012-08-18 02:00:00,,-21.052
2012-08-18 03:00:00,,-21.047
2012-08-18 04:00:00,,-21.046
2012-08-18 05:00:00,,-21.051
2012-08-18 06:00:00,,-21.063
2012-08-18 07:00:00,,-21.058
2012-08-18 08:00:00,,-21.073
2012-08-18 09:00:00,,-21.075
2012-08-18 10:00:00,,-21.07
2012-08-18 11:00:00,,-21.08
2012-08-18 12:00:00,,-21.066
2012-08-18 13:00:00,,-21.064
2012-08-18 14:00:00,,-21.042
2012-08-18 15:00:00,,-21.035
2012-08-18 16:00:00,,-21.039
2012-08-18 17:00:00,,-21.035
2012-08-18 18:00:00,,-21.049
2012-08-18 19:00:00,,-21.046
2012-08-18 20:00:00,,-21.067
2012-08-18 21:00:00,,-21.074
2012-08-18 22:00:00,,-21.066
2012-08-18 23:00:00,,-21.068
2012-08-19 00:00:00,,-21.08
2012-08-19 01:00:00,,-21.078
2012-08-19 02:00:00,,-21.075
2012-08-19 03:00:00,,-21.071
2012-08-19 04:00:00,,-21.067
2012-08-19 05:00:00,,-21.064
2012-08-19 06:00:00,,-21.067
2012-08-19 07:00:00,,-21.057
2012-08-19 08:00:00,,-21.055
2012-08-19 09:00:00,,-21.061
2012-08-19 10:00:00,,-21.077
2012-08-19 11:00:00,,-21.064
2012-08-19 12:00:00,,-21.056
2012-08-19 13:00:00,,-21.058
2012-08-19 14:00:00,,-21.042
2012-08-19 15:00:00,,-21.039
2012-08-19 16:00:00,,-21.024
2012-08-19 17:00:00,,-21.026
2012-08-19 18:00:00,,-21.031
2012-08-19 19:00:00,,-21.045
2012-08-19 20:00:00,,-21.054
2012-08-19 21:00:00,,-21.045
2012-08-19 22:00:00,,-21.06
2012-08-19 23:00:00,,-21.049
2012-08-20 00:00:00,,-21.063
2012-08-20 01:00:00,,-21.051
2012-08-20 02:00:00,,-21.061
2012-08-20 03:00:00,,-21.057
2012-08-20 04:00:00,,-21.04
2012-08-20 05:00:00,,-21.051
2012-08-20 06:00:00,,-21.051
2012-08-20 07:00:00,,-21.048
2012-08-20 08:00:00,,-21.048
2012-08-20 09:00:00,,-21.062
2012-08-20 10:00:00,,-21.05
2012-08-20 11:00:00,,-21.049
2012-08-20 12:00:00,,-21.047
2012-08-20 13:00:00,,-21.034
2012-08-20 14:00:00,,-21.037
2012-08-20 15:00:00,,-21.031
2012-08-20 16:00:00,,-21.014
2012-08-20 17:00:00,,-21.015
2012-08-20 18:00:00,,-21.017
2012-08-20 19:00:00,,-21.021
2012-08-20 20:00:00,,-21.041
2012-08-20 21:00:00,,-21.045
2012-08-20 22:00:00,,-21.044
2012-08-20 23:00:00,,-21.039
2012-08-21 00:00:00,,-21.053
2012-08-21 01:00:00,,-21.041
2012-08-21 02:00:00,,-21.038
2012-08-21 03:00:00,,-21.041
2012-08-21 04:00:00,,-21.038
2012-08-21 05:00:00,,-21.035
2012-08-21 06:00:00,,-21.04
2012-08-21 07:00:00,,-21.05
2012-08-21 08:00:00,,-21.044
2012-08-21 09:00:00,,-21.059
2012-08-21 10:00:00,,-21.06
2012-08-21 11:00:00,,-21.056
2012-08-21 12:00:00,,-21.038
2012-08-21 13:00:00,,-21.036
2012-08-21 14:00:00,,-21.035
2012-08-21 15:00:00,,-21.017
2012-08-21 16:00:00,,-21.027
2012-08-21 17:00:00,,-21.014
2012-08-21 18:00:00,,-21.029
2012-08-21 19:00:00,,-21.029
2012-08-21 20:00:00,,-21.028
2012-08-21 21:00:00,,-21.035
2012-08-21 22:00:00,,-21.038
2012-08-21 23:00:00,,-21.039
2012-08-22 00:00:00,,-21.053
2012-08-22 01:00:00,,-21.04
2012-08-22 02:00:00,,-21.04
2012-08-22 03:00:00,,-21.049
2012-08-22 04:00:00,,-21.039
2012-08-22 05:00:00,,-21.037
2012-08-22 06:00:00,,-21.036
2012-08-22 07:00:00,,-21.05
2012-08-22 08:00:00,,-21.053
2012-08-22 09:00:00,,-21.046
2012-08-22 10:00:00,,-21.057
2012-08-22 11:00:00,,-21.055
2012-08-22 12:00:00,,-21.049
2012-08-22 13:00:00,,-21.04
2012-08-22 14:00:00,,-21.035
2012-08-22 15:00:00,,-21.021
2012-08-22 16:00:00,,-21.016
2012-08-22 17:00:00,,-21.022
2012-08-22 18:00:00,,-21.028
2012-08-22 19:00:00,,-21.032
2012-08-22 20:00:00,,-21.041
2012-08-22 21:00:00,,-21.047
2012-08-22 22:00:00,,-21.052
2012-08-22 23:00:00,,-21.041
2012-08-23 00:00:00,,-21.054
2012-08-23 01:00:00,,-21.055
2012-08-23 02:00:00,,-21.044
2012-08-23 03:00:00,,-21.044
2012-08-23 04:00:00,,-21.057
2012-08-23 05:00:00,,-21.057
2012-08-23 06:00:00,,-21.065
2012-08-23 07:00:00,,-21.06
2012-08-23 08:00:00,,-21.075
2012-08-23 09:00:00,,-21.065
2012-08-23 10:00:00,,-21.074
2012-08-23 11:00:00,,-21.072
2012-08-23 12:00:00,,-21.061
2012-08-23 13:00:00,,-21.057
2012-08-23 14:00:00,,-21.061
2012-08-23 15:00:00,,-21.046
2012-08-23 16:00:00,,-21.044
2012-08-23 17:00:00,,-21.046
2012-08-23 18:00:00,,-21.047
2012-08-23 19:00:00,,-21.049
2012-08-23 20:00:00,,-21.056
2012-08-23 21:00:00,,-21.068
2012-08-23 22:00:00,,-21.061
2012-08-23 23:00:00,,-21.072
2012-08-24 00:00:00,,-21.062
2012-08-24 01:00:00,,-21.073
2012-08-24 02:00:00,,-21.066
2012-08-24 03:00:00,,-21.058
2012-08-24 04:00:00,,-21.065
2012-08-24 05:00:00,,-21.062
2012-08-24 06:00:00,,-21.064
2012-08-24 07:00:00,,-21.07
2012-08-24 08:00:00,,-21.076
2012-08-24 09:00:00,,-21.077
2012-08-24 10:00:00,,-21.075
2012-08-24 11:00:00,,-21.087
2012-08-24 12:00:00,,-21.071
2012-08-24 13:00:00,,-21.068
2012-08-24 14:00:00,,-21.06
2012-08-24 15:00:00,,-21.054
2012-08-24 16:00:00,,-21.05
2012-08-24 17:00:00,,-21.052
2012-08-24 18:00:00,,-21.055
2012-08-24 19:00:00,,-21.059
2012-08-24 20:00:00,,-21.052
2012-08-24 21:00:00,,-21.071
2012-08-24 22:00:00,,-21.069
2012-08-24 23:00:00,,-21.072
2012-08-25 00:00:00,,-21.07
2012-08-25 01:00:00,,-21.068
2012-08-25 02:00:00,,-21.049
2012-08-25 03:00:00,,-21.046
2012-08-25 04:00:00,,-21.053
2012-08-25 05:00:00,,-21.049
2012-08-25 06:00:00,,-21.051
2012-08-25 07:00:00,,-21.059
2012-08-25 08:00:00,,-21.062
2012-08-25 09:00:00,,-21.075
2012-08-25 10:00:00,,-21.074
2012-08-25 11:00:00,,-21.058
2012-08-25 12:00:00,,-21.062
2012-08-25 13:00:00,,-21.053
2012-08-25 14:00:00,,-21.035
2012-08-25 15:00:00,,-21.034
2012-08-25 16:00:00,,-21.038
2012-08-25 17:00:00,,-21.028
2012-08-25 18:00:00,,-21.043
2012-08-25 19:00:00,,-21.037
2012-08-25 20:00:00,,-21.053
2012-08-25 21:00:00,,-21.045
2012-08-25 22:00:00,,-21.048
2012-08-25 23:00:00,,-21.064
2012-08-26 00:00:00,,-21.064
2012-08-26 01:00:00,,-21.063
2012-08-26 02:00:00,,-21.051
2012-08-26 03:00:00,,-21.055
2012-08-26 04:00:00,,-21.057
2012-08-26 05:00:00,,-21.062
2012-08-26 06:00:00,,-21.054
2012-08-26 07:00:00,,-21.07
2012-08-26 08:00:00,,-21.075
2012-08-26 09:00:00,,-21.068
2012-08-26 10:00:00,,-21.078
2012-08-26 11:00:00,,-21.066
2012-08-26 12:00:00,,-21.056
2012-08-26 13:00:00,,-21.057
2012-08-26 14:00:00,,-21.039
2012-08-26 15:00:00,,-21.034
2012-08-26 16:00:00,,-21.03
2012-08-26 17:00:00,,-21.033
2012-08-26 18:00:00,,-21.035
2012-08-26 19:00:00,,-21.052
2012-08-26 20:00:00,,-21.059
2012-08-26 21:00:00,,-21.059
2012-08-26 22:00:00,,-21.056
2012-08-26 23:00:00,,-21.055
2012-08-27 00:00:00,,-21.067
2012-08-27 01:00:00,,-21.057
2012-08-27 02:00:00,,-21.061
2012-08-27 03:00:00,,-21.057
2012-08-27 04:00:00,,-21.056
2012-08-27 05:00:00,,-21.047
2012-08-27 06:00:00,,-21.052
2012-08-27 07:00:00,,-21.068
2012-08-27 08:00:00,,-21.071
2012-08-27 09:00:00,,-21.072
2012-08-27 10:00:00,,-21.064
2012-08-27 11:00:00,,-21.058
2012-08-27 12:00:00,,-21.061
2012-08-27 13:00:00,,-21.04
2012-08-27 14:00:00,,-21.042
2012-08-27 15:00:00,,-21.036
2012-08-27 16:00:00,,-21.035
2012-08-27 17:00:00,,-21.033
2012-08-27 18:00:00,,-21.039
2012-08-27 19:00:00,,-21.032
2012-08-27 20:00:00,,-21.05
2012-08-27 21:00:00,,-21.056
2012-08-27 22:00:00,,-21.06
2012-08-27 23:00:00,,-21.045
2012-08-28 00:00:00,,-21.047
2012-08-28 01:00:00,,-21.045
2012-08-28 02:00:00,,-21.055
2012-08-28 03:00:00,,-21.042
2012-08-28 04:00:00,,-21.039
2012-08-28 05:00:00,,-21.052
2012-08-28 06:00:00,,-21.045
2012-08-28 07:00:00,,-21.049
2012-08-28 08:00:00,,-21.056
2012-08-28 09:00:00,,-21.061
2012-08-28 10:00:00,,-21.067
2012-08-28 11:00:00,,-21.068
2012-08-28 12:00:00,,-21.062
2012-08-28 13:00:00,,-21.038
2012-08-28 14:00:00,,-21.027
2012-08-28 15:00:00,,-21.034
2012-08-28 16:00:00,,-21.024
2012-08-28 17:00:00,,-21.032
2012-08-28 18:00:00,,-21.031
2012-08-28 19:00:00,,-21.043
2012-08-28 20:00:00,,-21.049
2012-08-28 21:00:00,,-21.042
2012-08-28 22:00:00,,-21.053
2012-08-28 23:00:00,,-21.062
2012-08-29 00:00:00,,-21.06
2012-08-29 01:00:00,,-21.046
2012-08-29 02:00:00,,-21.04
2012-08-29 03:00:00,,-21.038
2012-08-29 04:00:00,,-21.035
2012-08-29 05:00:00,,-21.035
2012-08-29 06:00:00,,-21.046
2012-08-29 07:00:00,,-21.039
2012-08-29 08:00:00,,-21.057
2012-08-29 09:00:00,,-21.062
2012-08-29 10:00:00,,-21.05
2012-08-29 11:00:00,,-21.046
2012-08-29 12:00:00,,-21.039
2012-08-29 13:00:00,,-21.033
2012-08-29 14:00:00,,-21.035
2012-08-29 15:00:00,,-21.017
2012-08-29 16:00:00,,-21.026
2012-08-29 17:00:00,,-21.024
2012-08-29 18:00:00,,-21.032
2012-08-29 19:00:00,,-21.027
2012-08-29 20:00:00,,-21.049
2012-08-29 21:00:00,,-21.055
2012-08-29 22:00:00,,-21.06
2012-08-29 23:00:00,,-21.059
2012-08-30 00:00:00,,-21.046
2012-08-30 01:00:00,,-21.042
2012-08-30 02:00:00,,-21.052
2012-08-30 03:00:00,,-21.049
2012-08-30 04:00:00,,-21.047
2012-08-30 05:00:00,,-21.049
2012-08-30 06:00:00,,-21.045
2012-08-30 07:00:00,,-21.059
2012-08-30 08:00:00,,-21.069
2012-08-30 09:00:00,,-21.065
2012-08-30 10:00:00,,-21.065
2012-08-30 11:00:00,,-21.076
2012-08-30 12:00:00,,-21.067
2012-08-30 13:00:00,,-21.056
2012-08-30 14:00:00,,-21.046
2012-08-30 15:00:00,,-21.04
2012-08-30 16:00:00,,-21.035
2012-08-30 17:00:00,,-21.024
2012-08-30 18:00:00,,-21.024
2012-08-30 19:00:00,,-21.038
2012-08-30 20:00:00,,-21.04
2012-08-30 21:00:00,,-21.059
2012-08-30 22:00:00,,-21.068
2012-08-30 23:00:00,,-21.072
2012-08-31 00:00:00,,-21.058
2012-08-31 01:00:00,,-21.072
2012-08-31 02:00:00,,-21.055
2012-08-31 03:00:00,,-21.049
2012-08-31 04:00:00,,-21.063
2012-08-31 05:00:00,,-21.049
2012-08-31 06:00:00,,-21.052
2012-08-31 07:00:00,,-21.071
2012-08-31 08:00:00,,-21.062
2012-08-31 09:00:00,,-21.077
2012-08-31 10:00:00,,-21.08
2012-08-31 11:00:00,,-21.08
2012-08-31 12:00:00,,-21.077
2012-08-31 13:00:00,,-21.065
2012-08-31 14:00:00,,-21.042
2012-08-31 15:00:00,,-21.047
2012-08-31 16:00:00,,-21.043
2012-08-31 17:00:00,,-21.043
2012-08-31 18:00:00,,-21.039
2012-08-31 19:00:00,,-21.051
2012-08-31 20:00:00,,-21.06
2012-08-31 21:00:00,,-21.065
2012-08-31 22:00:00,,-21.071
2012-08-31 23:00:00,,-21.059
2012-09-01 00:00:00,,-21.073
2012-09-01 01:00:00,,-21.058
2012-09-01 02:00:00,,-21.054
2012-09-01 03:00:00,,-21.062
2012-09-01 04:00:00,,-21.058
2012-09-01 05:00:00,,-21.046
2012-09-01 06:00:00,,-21.045
2012-09-01 07:00:00,,-21.049
2012-09-01 08:00:00,,-21.054
2012-09-01 09:00:00,,-21.056
2012-09-01 10:00:00,,-21.069
2012-09-01 11:00:00,,-21.052
2012-09-01 12:00:00,,-21.045
2012-09-01 13:00:00,,-21.046
2012-09-01 14:00:00,,-21.024
2012-09-01 15:00:00,,-21.021
2012-09-01 16:00:00,,-21.029
2012-09-01 17:00:00,,-21.032
2012-09-01 18:00:00,,-21.037
2012-09-01 19:00:00,,-21.03
2012-09-01 20:00:00,,-21.037
2012-09-01 21:00:00,,-21.054
2012-09-01 22:00:00,,-21.062
2012-09-01 23:00:00,,-21.049
2012-09-02 00:00:00,,-21.051
2012-09-02 01:00:00,,-21.05
2012-09-02 02:00:00,,-21.057
2012-09-02 03:00:00,,-21.046
2012-09-02 04:00:00,,-21.047
2012-09-02 05:00:00,,-21.042
2012-09-02 06:00:00,,-21.045
2012-09-02 07:00:00,,-21.048
2012-09-02 08:00:00,,-21.053
2012-09-02 09:00:00,,-21.067
2012-09-02 10:00:00,,-21.061
2012-09-02 11:00:00,,-21.053
2012-09-02 12:00:00,,-21.055
2012-09-02 13:00:00,,-21.036
2012-09-02 14:00:00,,-21.038
2012-09-02 15:00:00,,-21.021
2012-09-02 16:00:00,,-21.026
2012-09-02 17:00:00,,-21.016
2012-09-02 18:00:00,,-21.017
2012-09-02 19:00:00,,-21.038
2012-09-02 20:00:00,,-21.035
2012-09-02 21:00:00,,-21.052
2012-09-02 22:00:00,,-21.059
2012-09-02 23:00:00,,-21.055
2012-09-03 00:00:00,,-21.048
2012-09-03 01:00:00,,-21.059
2012-09-03 02:00:00,,-21.055
2012-09-03 03:00:00,,-21.042
2012-09-03 04:00:00,,-21.039
2012-09-03 05:00:00,,-21.038
2012-09-03 06:00:00,,-21.053
2012-09-03 07:00:00,,-21.054
2012-09-03 08:00:00,,-21.044
2012-09-03 09:00:00,,-21.046
2012-09-03 10:00:00,,-21.048
2012-09-03 11:00:00,,-21.057
2012-09-03 12:00:00,,-21.049
2012-09-03 13:00:00,,-21.042
2012-09-03 14:00:00,,-21.021
2012-09-03 15:00:00,,-21.017
2012-09-03 16:00:00,,-21.026
2012-09-03 17:00:00,,-21.026
2012-09-03 18:00:00,,-21.024
2012-09-03 19:00:00,,-21.035
2012-09-03 20:00:00,,-21.03
2012-09-03 21:00:00,,-21.038
2012-09-03 22:00:00,,-21.044
2012-09-03 23:00:00,,-21.044
2012-09-04 00:00:00,,-21.044
2012-09-04 01:00:00,,-21.052
2012-09-04 02:00:00,,-21.052
2012-09-04 03:00:00,,-21.041
2012-09-04 04:00:00,,-21.053
2012-09-04 05:00:00,,-21.042
2012-09-04 06:00:00,,-21.055
2012-09-04 07:00:00,,-21.044
2012-09-04 08:00:00,,-21.06
2012-09-04 09:00:00,,-21.056
2012-09-04 10:00:00,,-21.058
2012-09-04 11:00:00,,-21.044
2012-09-04 12:00:00,,-21.035
2012-09-04 13:00:00,,-21.039
2012-09-04 14:00:00,,-21.018
2012-09-04 15:00:00,,-21.01
2012-09-04 16:00:00,,-21.01
2012-09-04 17:00:00,,-21.01
2012-09-04 18:00:00,,-21.012
2012-09-04 19:00:00,,-21.028
2012-09-04 20:00:00,,-21.037
2012-09-04 21:00:00,,-21.029
2012-09-04 22:00:00,,-21.033
2012-09-04 23:00:00,,-21.034
2012-09-05 00:00:00,,-21.049
2012-09-05 01:00:00,,-21.047
2012-09-05 02:00:00,,-21.031
2012-09-05 03:00:00,,-21.039
2012-09-05 04:00:00,,-21.036
2012-09-05 05:00:00,,-21.036
2012-09-05 06:00:00,,-21.035
2012-09-05 07:00:00,,-21.031
2012-09-05 08:00:00,,-21.05
2012-09-05 09:00:00,,-21.053
2012-09-05 10:00:00,,-21.044
2012-09-05 11:00:00,,-21.049
2012-09-05 12:00:00,,-21.05
2012-09-05 13:00:00,,-21.036
2012-09-05 14:00:00,,-21.036
2012-09-05 15:00:00,,-21.019
2012-09-05 16:00:00,,-21.02
2012-09-05 17:00:00,,-21.021
2012-09-05 18:00:00,,-21.036
2012-09-05 19:00:00,,-21.035
2012-09-05 20:00:00,,-21.046
2012-09-05 21:00:00,,-21.045
2012-09-05 22:00:00,,-21.053
2012-09-05 23:00:00,,-21.053
2012-09-06 00:00:00,,-21.043
2012-09-06 01:00:00,,-21.053
2012-09-06 02:00:00,,-21.049
2012-09-06 03:00:00,,-21.05
2012-09-06 04:00:00,,-21.048
2012-09-06 05:00:00,,-21.05
2012-09-06 06:00:00,,-21.055
2012-09-06 07:00:00,,-21.044
2012-09-06 08:00:00,,-21.049
2012-09-06 09:00:00,,-21.051
2012-09-06 10:00:00,,-21.063
2012-09-06 11:00:00,,-21.058
2012-09-06 12:00:00,,-21.052
2012-09-06 13:00:00,,-21.045
2012-09-06 14:00:00,,-21.024
2012-09-06 15:00:00,,-21.03
2012-09-06 16:00:00,,-21.015
2012-09-06 17:00:00,,-21.016
2012-09-06 18:00:00,,-21.019
2012-09-06 19:00:00,,-21.025
2012-09-06 20:00:00,,-21.032
2012-09-06 21:00:00,,-21.052
2012-09-06 22:00:00,,-21.044
2012-09-06 23:00:00,,-21.059
2012-09-07 00:00:00,,-21.061
2012-09-07 01:00:00,,-21.049
2012-09-07 02:00:00,,-21.06
2012-09-07 03:00:00,,-21.06
2012-09-07 04:00:00,,-21.057
2012-09-07 05:00:00,,-21.054
2012-09-07 06:00:00,,-21.07
2012-09-07 07:00:00,,-21.075
2012-09-07 08:00:00,,-21.065
2012-09-07 09:00:00,,-21.073
2012-09-07 10:00:00,,-21.078
2012-09-07 11:00:00,,-21.08
2012-09-07 12:00:00,,-21.074
2012-09-07 13:00:00,,-21.066
2012-09-07 14:00:00,,-21.058
2012-09-07 15:00:00,,-21.043
2012-09-07 16:00:00,,-21.05
2012-09-07 17:00:00,,-21.051
2012-09-07 18:00:00,,-21.056
2012-09-07 19:00:00,,-21.056
2012-09-07 20:00:00,,-21.056
2012-09-07 21:00:00,,-21.066
2012-09-07 22:00:00,,-21.067
2012-09-07 23:00:00,,-21.07
2012-09-08 00:00:00,,-21.067
2012-09-08 01:00:00,,-21.064
2012-09-08 02:00:00,,-21.075
2012-09-08 03:00:00,,-21.061
2012-09-08 04:00:00,,-21.069
2012-09-08 05:00:00,,-21.057
2012-09-08 06:00:00,,-21.065
2012-09-08 07:00:00,,-21.068
2012-09-08 08:00:00,,-21.064
2012-09-08 09:00:00,,-21.075
2012-09-08 10:00:00,,-21.069
2012-09-08 11:00:00,,-21.061
2012-09-08 12:00:00,,-21.066
2012-09-08 13:00:00,,-21.055
2012-09-08 14:00:00,,-21.049
2012-09-08 15:00:00,,-21.03
2012-09-08 16:00:00,,-21.039
2012-09-08 17:00:00,,-21.028
2012-09-08 18:00:00,,-21.043
2012-09-08 19:00:00,,-21.037
2012-09-08 20:00:00,,-21.057
2012-09-08 21:00:00,,-21.063
2012-09-08 22:00:00,,-21.059
2012-09-08 23:00:00,,-21.062
2012-09-09 00:00:00,,-21.072
2012-09-09 01:00:00,,-21.052
2012-09-09 02:00:00,,-21.046
2012-09-09 03:00:00,,-21.053
2012-09-09 04:00:00,,-21.052
2012-09-09 05:00:00,,-21.043
2012-09-09 06:00:00,,-21.059
2012-09-09 07:00:00,,-21.064
2012-09-09 08:00:00,,-21.071
2012-09-09 09:00:00,,-21.068
2012-09-09 10:00:00,,-21.059
2012-09-09 11:00:00,,-21.058
2012-09-09 12:00:00,,-21.054
2012-09-09 13:00:00,,-21.042
2012-09-09 14:00:00,,-21.034
2012-09-09 15:00:00,,-21.018
2012-09-09 16:00:00,,-21.027
2012-09-09 17:00:00,,-21.033
2012-09-09 18:00:00,,-21.024
2012-09-09 19:00:00,,-21.031
2012-09-09 20:00:00,,-21.048
2012-09-09 21:00:00,,-21.054
2012-09-09 22:00:00,,-21.044
2012-09-09 23:00:00,,-21.059
2012-09-10 00:00:00,,-21.047
2012-09-10 01:00:00,,-21.043
2012-09-10 02:00:00,,-21.039
2012-09-10 03:00:00,,-21.049
2012-09-10 04:00:00,,-21.048
2012-09-10 05:00:00,,-21.04
2012-09-10 06:00:00,,-21.052
2012-09-10 07:00:00,,-21.046
2012-09-10 08:00:00,,-21.051
2012-09-10 09:00:00,,-21.065
2012-09-10 10:00:00,,-21.063
2012-09-10 11:00:00,,-21.057
2012-09-10 12:00:00,,-21.051
2012-09-10 13:00:00,,-21.031
2012-09-10 14:00:00,,-21.021
2012-09-10 15:00:00,,-21.019
2012-09-10 16:00:00,,-21.027
2012-09-10 17:00:00,,-21.032
2012-09-10 18:00:00,,-21.036
2012-09-10 19:00:00,,-21.043
2012-09-10 20:00:00,,-21.049
2012-09-10 21:00:00,,-21.058
2012-09-10 22:00:00,,-21.059
2012-09-10 23:00:00,,-21.061
2012-09-11 00:00:00,,-21.044
2012-09-11 01:00:00,,-21.044
2012-09-11 02:00:00,,-21.039
2012-09-11 03:00:00,,-21.035
2012-09-11 04:00:00,,-21.047
2012-09-11 05:00:00,,-21.045
2012-09-11 06:00:00,,-21.042
2012-09-11 07:00:00,,-21.047
2012-09-11 08:00:00,,-21.063
2012-09-11 09:00:00,,-21.065
2012-09-11 10:00:00,,-21.066
2012-09-11 11:00:00,,-21.063
2012-09-11 12:00:00,,-21.042
2012-09-11 13:00:00,,-21.033
2012-09-11 14:00:00,,-21.022
2012-09-11 15:00:00,,-21.029
2012-09-11 16:00:00,,-21.016
2012-09-11 17:00:00,,-21.029
2012-09-11 18:00:00,,-21.032
2012-09-11 19:00:00,,-21.025
2012-09-11 20:00:00,,-21.032
2012-09-11 21:00:00,,-21.049
2012-09-11 22:00:00,,-21.055
2012-09-11 23:00:00,,-21.055
2012-09-12 00:00:00,,-21.054
2012-09-12 01:00:00,,-21.046
2012-09-12 02:00:00,,-21.038
2012-09-12 03:00:00,,-21.036
2012-09-12 04:00:00,,-21.036
2012-09-12 05:00:00,,-21.042
2012-09-12 06:00:00,,-21.043
2012-09-12 07:00:00,,-21.043
2012-09-12 08:00:00,,-21.059
2012-09-12 09:00:00,,-21.05
2012-09-12 10:00:00,,-21.061
2012-09-12 11:00:00,,-21.056
2012-09-12 12:00:00,,-21.047
2012-09-12 13:00:00,,-21.036
2012-09-12 14:00:00,,-21.029
2012-09-12 15:00:00,,-21.01
2012-09-12 16:00:00,,-21.01
2012-09-12 17:00:00,,-21.021
2012-09-12 18:00:00,,-21.014
2012-09-12 19:00:00,,-21.019
2012-09-12 20:00:00,,-21.039
2012-09-12 21:00:00,,-21.043
2012-09-12 22:00:00,,-21.046
2012-09-12 23:00:00,,-21.036
2012-09-13 00:00:00,,-21.036
2012-09-13 01:00:00,,-21.045
2012-09-13 02:00:00,,-21.037
2012-09-13 03:00:00,,-21.039
2012-09-13 04:00:00,,-21.024
2012-09-13 05:00:00,,-21.034
2012-09-13 06:00:00,,-21.035
2012-09-13 07:00:00,,-21.057
2012-09-13 08:00:00,,-21.053
2012-09-13 09:00:00,,-21.069
2012-09-13 10:00:00,,-21.073
2012-09-13 11:00:00,,-21.059
2012-09-13 12:00:00,,-21.061
2012-09-13 13:00:00,,-21.039
2012-09-13 14:00:00,,-21.033
2012-09-13 15:00:00,,-21.033
2012-09-13 16:00:00,,-21.018
2012-09-13 17:00:00,,-21.023
2012-09-13 18:00:00,,-21.031
2012-09-13 19:00:00,,-21.035
2012-09-13 20:00:00,,-21.051
2012-09-13 21:00:00,,-21.05
2012-09-13 22:00:00,,-21.066
2012-09-13 23:00:00,,-21.053
2012-09-14 00:00:00,,-21.051
2012-09-14 01:00:00,,-21.058
2012-09-14 02:00:00,,-21.056
2012-09-14 03:00:00,,-21.051
2012-09-14 04:00:00,,-21.037
2012-09-14 05:00:00,,-21.04
2012-09-14 06:00:00,,-21.044
2012-09-14 07:00:00,,-21.06
2012-09-14 08:00:00,,-21.065
2012-09-14 09:00:00,,-21.066
2012-09-14 10:00:00,,-21.053
2012-09-14 11:00:00,,-21.061
2012-09-14 12:00:00,,-21.052
2012-09-14 13:00:00,,-21.03
2012-09-14 14:00:00,,-21.028
2012-09-14 15:00:00,,-21.02
2012-09-14 16:00:00,,-21.014
2012-09-14 17:00:00,,-21.015
2012-09-14 18:00:00,,-21.017
2012-09-14 19:00:00,,-21.039
2012-09-14 20:00:00,,-21.049
2012-09-14 21:00:00,,-21.057
2012-09-14 22:00:00,,-21.051
2012-09-14 23:00:00,,-21.048
2012-09-15 00:00:00,,-21.06
2012-09-15 01:00:00,,-21.044
2012-09-15 02:00:00,,-21.041
2012-09-15 03:00:00,,-21.037
2012-09-15 04:00:00,,-21.041
2012-09-15 05:00:00,,-21.043
2012-09-15 06:00:00,,-21.04
2012-09-15 07:00:00,,-21.059
2012-09-15 08:00:00,,-21.064
2012-09-15 09:00:00,,-21.056
2012-09-15 10:00:00,,-21.056
2012-09-15 11:00:00,,-21.05
2012-09-15 12:00:00,,-21.039
2012-09-15 13:00:00,,-21.03
2012-09-15 14:00:00,,-21.034
2012-09-15 15:00:00,,-21.024
2012-09-15 16:00:00,,-21.011
2012-09-15 17:00:00,,-21.015
2012-09-15 18:00:00,,-21.031
2012-09-15 19:00:00,,-21.037
2012-09-15 20:00:00,,-21.045
2012-09-15 21:00:00,,-21.053
2012-09-15 22:00:00,,-21.049
2012-09-15 23:00:00,,-21.061
2012-09-16 00:00:00,,-21.048
2012-09-16 01:00:00,,-21.045
2012-09-16 02:00:00,,-21.038
2012-09-16 03:00:00,,-21.04
2012-09-16 04:00:00,,-21.03
2012-09-16 05:00:00,,-21.044
2012-09-16 06:00:00,,-21.046
2012-09-16 07:00:00,,-21.051
2012-09-16 08:00:00,,-21.06
2012-09-16 09:00:00,,-21.05
2012-09-16 10:00:00,,-21.059
2012-09-16 11:00:00,,-21.05
2012-09-16 12:00:00,,-21.035
2012-09-16 13:00:00,,-21.029
2012-09-16 14:00:00,,-21.03
2012-09-16 15:00:00,,-21.011
2012-09-16 16:00:00,,-21.007
2012-09-16 17:00:00,,-21.006
2012-09-16 18:00:00,,-21.01
2012-09-16 19:00:00,,-21.019
2012-09-16 20:00:00,,-21.026
2012-09-16 21:00:00,,-21.036
2012-09-16 22:00:00,,-21.052
2012-09-16 23:00:00,,-21.043
2012-09-17 00:00:00,,-21.043
2012-09-17 01:00:00,,-21.052
2012-09-17 02:00:00,,-21.036
2012-09-17 03:00:00,,-21.027
2012-09-17 04:00:00,,-21.036
2012-09-17 05:00:00,,-21.026
2012-09-17 06:00:00,,-21.029
2012-09-17 07:00:00,,-21.032
2012-09-17 08:00:00,,-21.05
2012-09-17 09:00:00,,-21.053
2012-09-17 10:00:00,,-21.045
2012-09-17 11:00:00,,-21.054
2012-09-17 12:00:00,,-21.045
2012-09-17 13:00:00,,-21.038
2012-09-17 14:00:00,,-21.028
2012-09-17 15:00:00,,-21.006
2012-09-17 16:00:00,,-21.001
2012-09-17 17:00:00,,-21.009
2012-09-17 18:00:00,,-20.998
2012-09-17 19:00:00,,-21.017
2012-09-17 20:00:00,,-21.026
2012-09-17 21:00:00,,-21.031
2012-09-17 22:00:00,,-21.027
2012-09-17 23:00:00,,-21.026
2012-09-18 00:00:00,,-21.039
2012-09-18 01:00:00,,-21.036
2012-09-18 02:00:00,,-21.037
2012-09-18 03:00:00,,-21.032
2012-09-18 04:00:00,,-21.021
2012-09-18 05:00:00,,-21.033
2012-09-18 06:00:00,,-21.038
2012-09-18 07:00:00,,-21.043
2012-09-18 08:00:00,,-21.049
2012-09-18 09:00:00,,-21.049
2012-09-18 10:00:00,,-21.051
2012-09-18 11:00:00,,-21.039
2012-09-18 12:00:00,,-21.038
2012-09-18 13:00:00,,-21.023
2012-09-18 14:00:00,,-21.022
2012-09-18 15:00:00,,-21.017
2012-09-18 16:00:00,,-21
2012-09-18 17:00:00,,-21.014
2012-09-18 18:00:00,,-21.013
2012-09-18 19:00:00,,-21.018
2012-09-18 20:00:00,,-21.018
2012-09-18 21:00:00,,-21.036
2012-09-18 22:00:00,,-21.03
2012-09-18 23:00:00,,-21.03
2012-09-19 00:00:00,,-21.041
2012-09-19 01:00:00,,-21.027
2012-09-19 02:00:00,,-21.037
2012-09-19 03:00:00,,-21.021
2012-09-19 04:00:00,,-21.033
2012-09-19 05:00:00,,-21.031
2012-09-19 06:00:00,,-21.025
2012-09-19 07:00:00,,-21.026
2012-09-19 08:00:00,,-21.037
2012-09-19 09:00:00,,-21.048
2012-09-19 10:00:00,,-21.05
2012-09-19 11:00:00,,-21.045
2012-09-19 12:00:00,,-21.03
2012-09-19 13:00:00,,-21.034
2012-09-19 14:00:00,,-21.016
2012-09-19 15:00:00,,-21.013
2012-09-19 16:00:00,,-21.009
2012-09-19 17:00:00,,-21.011
2012-09-19 18:00:00,,-21.013
2012-09-19 19:00:00,,-21.03
2012-09-19 20:00:00,,-21.036
2012-09-19 21:00:00,,-21.031
2012-09-19 22:00:00,,-21.045
2012-09-19 23:00:00,,-21.049
2012-09-20 00:00:00,,-21.038
2012-09-20 01:00:00,,-21.034
2012-09-20 02:00:00,,-21.043
2012-09-20 03:00:00,,-21.038
2012-09-20 04:00:00,,-21.038
2012-09-20 05:00:00,,-21.037
2012-09-20 06:00:00,,-21.027
2012-09-20 07:00:00,,-21.032
2012-09-20 08:00:00,,-21.04
2012-09-20 09:00:00,,-21.042
2012-09-20 10:00:00,,-21.041
2012-09-20 11:00:00,,-21.053
2012-09-20 12:00:00,,-21.032
2012-09-20 13:00:00,,-21.037
2012-09-20 14:00:00,,-21.018
2012-09-20 15:00:00,,-21.026
2012-09-20 16:00:00,,-21.024
2012-09-20 17:00:00,,-21.012
2012-09-20 18:00:00,,-21.031
2012-09-20 19:00:00,,-21.036
2012-09-20 20:00:00,,-21.031
2012-09-20 21:00:00,,-21.047
2012-09-20 22:00:00,,-21.046
2012-09-20 23:00:00,,-21.051
2012-09-21 00:00:00,,-21.038
2012-09-21 01:00:00,,-21.036
2012-09-21 02:00:00,,-21.033
2012-09-21 03:00:00,,-21.031
2012-09-21 04:00:00,,-21.041
2012-09-21 05:00:00,,-21.042
2012-09-21 06:00:00,,-21.048
2012-09-21 07:00:00,,-21.038
2012-09-21 08:00:00,,-21.055
2012-09-21 09:00:00,,-21.06
2012-09-21 10:00:00,,-21.061
2012-09-21 11:00:00,,-21.056
2012-09-21 12:00:00,,-21.04
2012-09-21 13:00:00,,-21.031
2012-09-21 14:00:00,,-21.021
2012-09-21 15:00:00,,-21.014
2012-09-21 16:00:00,,-21.014
2012-09-21 17:00:00,,-21.025
2012-09-21 18:00:00,,-21.021
2012-09-21 19:00:00,,-21.021
2012-09-21 20:00:00,,-21.025
2012-09-21 21:00:00,,-21.03
2012-09-21 22:00:00,,-21.034
2012-09-21 23:00:00,,-21.047
2012-09-22 00:00:00,,-21.033
2012-09-22 01:00:00,,-21.042
2012-09-22 02:00:00,,-21.027
2012-09-22 03:00:00,,-21.028
2012-09-22 04:00:00,,-21.041
2012-09-22 05:00:00,,-21.031
2012-09-22 06:00:00,,-21.047
2012-09-22 07:00:00,,-21.047
2012-09-22 08:00:00,,-21.038
2012-09-22 09:00:00,,-21.04
2012-09-22 10:00:00,,-21.04
2012-09-22 11:00:00,,-21.044
2012-09-22 12:00:00,,-21.038
2012-09-22 13:00:00,,-21.016
2012-09-22 14:00:00,,-21.011
2012-09-22 15:00:00,,-21.012
2012-09-22 16:00:00,,-21.016
2012-09-22 17:00:00,,-21.019
2012-09-22 18:00:00,,-21.01
2012-09-22 19:00:00,,-21.029
2012-09-22 20:00:00,,-21.035
2012-09-22 21:00:00,,-21.035
2012-09-22 22:00:00,,-21.029
2012-09-22 23:00:00,,-21.042
2012-09-23 00:00:00,,-21.042
2012-09-23 01:00:00,,-21.037
2012-09-23 02:00:00,,-21.022
2012-09-23 03:00:00,,-21.019
2012-09-23 04:00:00,,-21.019
2012-09-23 05:00:00,,-21.026
2012-09-23 06:00:00,,-21.043
2012-09-23 07:00:00,,-21.044
2012-09-23 08:00:00,,-21.049
2012-09-23 09:00:00,,-21.043
2012-09-23 10:00:00,,-21.056
2012-09-23 11:00:00,,-21.047
2012-09-23 12:00:00,,-21.034
2012-09-23 13:00:00,,-21.039
2012-09-23 14:00:00,,-21.022
2012-09-23 15:00:00,,-21.02
2012-09-23 16:00:00,,-21.023
2012-09-23 17:00:00,,-21.02
2012-09-23 18:00:00,,-21.037
2012-09-23 19:00:00,,-21.027
2012-09-23 20:00:00,,-21.042
2012-09-23 21:00:00,,-21.049
2012-09-23 22:00:00,,-21.057
2012-09-23 23:00:00,,-21.046
2012-09-24 00:00:00,,-21.041
2012-09-24 01:00:00,,-21.05
2012-09-24 02:00:00,,-21.046
2012-09-24 03:00:00,,-21.045
2012-09-24 04:00:00,,-21.045
2012-09-24 05:00:00,,-21.037
2012-09-24 06:00:00,,-21.043
2012-09-24 07:00:00,,-21.058
2012-09-24 08:00:00,,-21.062
2012-09-24 09:00:00,,-21.063
2012-09-24 10:00:00,,-21.061
2012-09-24 11:00:00,,-21.048
2012-09-24 12:00:00,,-21.035
2012-09-24 13:00:00,,-21.035
2012-09-24 14:00:00,,-21.028
2012-09-24 15:00:00,,-21.022
2012-09-24 16:00:00,,-21.019
2012-09-24 17:00:00,,-21.014
2012-09-24 18:00:00,,-21.014
2012-09-24 19:00:00,,-21.028
2012-09-24 20:00:00,,-21.045
2012-09-24 21:00:00,,-21.039
2012-09-24 22:00:00,,-21.055
2012-09-24 23:00:00,,-21.055
2012-09-25 00:00:00,,-21.039
2012-09-25 01:00:00,,-21.034
2012-09-25 02:00:00,,-21.035
2012-09-25 03:00:00,,-21.032
2012-09-25 04:00:00,,-21.025
2012-09-25 05:00:00,,-21.027
2012-09-25 06:00:00,,-21.036
2012-09-25 07:00:00,,-21.036
2012-09-25 08:00:00,,-21.042
2012-09-25 09:00:00,,-21.05
2012-09-25 10:00:00,,-21.039
2012-09-25 11:00:00,,-21.045
2012-09-25 12:00:00,,-21.026
2012-09-25 13:00:00,,-21.031
2012-09-25 14:00:00,,-21.023
2012-09-25 15:00:00,,-21.01
2012-09-25 16:00:00,,-21.019
2012-09-25 17:00:00,,-21.009
2012-09-25 18:00:00,,-21.024
2012-09-25 19:00:00,,-21.033
2012-09-25 20:00:00,,-21.042
2012-09-25 21:00:00,,-21.048
2012-09-25 22:00:00,,-21.053
2012-09-25 23:00:00,,-21.053
2012-09-26 00:00:00,,-21.04
2012-09-26 01:00:00,,-21.036
2012-09-26 02:00:00,,-21.036
2012-09-26 03:00:00,,-21.038
2012-09-26 04:00:00,,-21.034
2012-09-26 05:00:00,,-21.034
2012-09-26 06:00:00,,-21.042
2012-09-26 07:00:00,,-21.03
2012-09-26 08:00:00,,-21.051
2012-09-26 09:00:00,,-21.05
2012-09-26 10:00:00,,-21.052
2012-09-26 11:00:00,,-21.036
2012-09-26 12:00:00,,-21.039
2012-09-26 13:00:00,,-21.031
2012-09-26 14:00:00,,-21.025
2012-09-26 15:00:00,,-21.007
2012-09-26 16:00:00,,-21.021
2012-09-26 17:00:00,,-21.025
2012-09-26 18:00:00,,-21.021
2012-09-26 19:00:00,,-21.041
2012-09-26 20:00:00,,-21.035
2012-09-26 21:00:00,,-21.045
2012-09-26 22:00:00,,-21.037
2012-09-26 23:00:00,,-21.044
2012-09-27 00:00:00,,-21.042
2012-09-27 01:00:00,,-21.026
2012-09-27 02:00:00,,-21.016
2012-09-27 03:00:00,,-21.024
2012-09-27 04:00:00,,-21.022
2012-09-27 05:00:00,,-21.026
2012-09-27 06:00:00,,-21.024
2012-09-27 07:00:00,,-21.031
2012-09-27 08:00:00,,-21.037
2012-09-27 09:00:00,,-21.045
2012-09-27 10:00:00,,-21.045
2012-09-27 11:00:00,,-21.028
2012-09-27 12:00:00,,-21.033
2012-09-27 13:00:00,,-21.02
2012-09-27 14:00:00,,-21.013
2012-09-27 15:00:00,,-20.994
2012-09-27 16:00:00,,-21.002
2012-09-27 17:00:00,,-21.003
2012-09-27 18:00:00,,-21.004
2012-09-27 19:00:00,,-21.009
2012-09-27 20:00:00,,-21.027
2012-09-27 21:00:00,,-21.038
2012-09-27 22:00:00,,-21.05
2012-09-27 23:00:00,,-21.033
2012-09-28 00:00:00,,-21.042
2012-09-28 01:00:00,,-21.038
2012-09-28 02:00:00,,-21.015
2012-09-28 03:00:00,,-21.028
2012-09-28 04:00:00,,-21.028
2012-09-28 05:00:00,,-21.029
2012-09-28 06:00:00,,-21.019
2012-09-28 07:00:00,,-21.031
2012-09-28 08:00:00,,-21.032
2012-09-28 09:00:00,,-21.035
2012-09-28 10:00:00,,-21.047
2012-09-28 11:00:00,,-21.042
2012-09-28 12:00:00,,-21.029
2012-09-28 13:00:00,,-21.012
2012-09-28 14:00:00,,-21.005
2012-09-28 15:00:00,,-20.998
2012-09-28 16:00:00,,-21.008
2012-09-28 17:00:00,,-20.999
2012-09-28 18:00:00,,-21.004
2012-09-28 19:00:00,,-21.024
2012-09-28 20:00:00,,-21.045
2012-09-28 21:00:00,,-21.074
2012-09-28 22:00:00,,-21.064
2012-09-28 23:00:00,,-21.075
2012-09-29 00:00:00,,-21.061
2012-09-29 01:00:00,,-21.054
2012-09-29 02:00:00,,-21.047
2012-09-29 03:00:00,,-21.046
2012-09-29 04:00:00,,-21.054
2012-09-29 05:00:00,,-21.038
2012-09-29 06:00:00,,-21.053
2012-09-29 07:00:00,,-21.053
2012-09-29 08:00:00,,-21.054
2012-09-29 09:00:00,,-21.06
2012-09-29 10:00:00,,-21.085
2012-09-29 11:00:00,,-21.069
2012-09-29 12:00:00,,-21.074
2012-09-29 13:00:00,,-21.066
2012-09-29 14:00:00,,-21.058
2012-09-29 15:00:00,,-21.041
2012-09-29 16:00:00,,-21.037
2012-09-29 17:00:00,,-21.044
2012-09-29 18:00:00,,-21.04
2012-09-29 19:00:00,,-21.051
2012-09-29 20:00:00,,-21.054
2012-09-29 21:00:00,,-21.054
2012-09-29 22:00:00,,-21.073
2012-09-29 23:00:00,,-21.074
2012-09-30 00:00:00,,-21.06
2012-09-30 01:00:00,,-21.066
2012-09-30 02:00:00,,-21.049
2012-09-30 03:00:00,,-21.058
2012-09-30 04:00:00,,-21.057
2012-09-30 05:00:00,,-21.056
2012-09-30 06:00:00,,-21.048
2012-09-30 07:00:00,,-21.052
2012-09-30 08:00:00,,-21.07
2012-09-30 09:00:00,,-21.064
2012-09-30 10:00:00,,-21.076
2012-09-30 11:00:00,,-21.068
2012-09-30 12:00:00,,-21.061
2012-09-30 13:00:00,,-21.05
2012-09-30 14:00:00,,-21.043
2012-09-30 15:00:00,,-21.035
2012-09-30 16:00:00,,-21.031
2012-09-30 17:00:00,,-21.03
2012-09-30 18:00:00,,-21.035
2012-09-30 19:00:00,,-21.041
2012-09-30 20:00:00,,-21.035
2012-09-30 21:00:00,,-21.044
2012-09-30 22:00:00,,-21.056
2012-09-30 23:00:00,,-21.061
2012-10-01 00:00:00,,-21.056
2012-10-01 01:00:00,,-21.064
2012-10-01 02:00:00,,-21.06
2012-10-01 03:00:00,,-21.058
2012-10-01 04:00:00,,-21.045
2012-10-01 05:00:00,,-21.049
2012-10-01 06:00:00,,-21.048
2012-10-01 07:00:00,,-21.064
2012-10-01 08:00:00,,-21.069
2012-10-01 09:00:00,,-21.067
2012-10-01 10:00:00,,-21.07
2012-10-01 11:00:00,,-21.056
2012-10-01 12:00:00,,-21.061
2012-10-01 13:00:00,,-21.042
2012-10-01 14:00:00,,-21.033
2012-10-01 15:00:00,,-21.037
2012-10-01 16:00:00,,-21.033
2012-10-01 17:00:00,,-21.031
2012-10-01 18:00:00,,-21.04
2012-10-01 19:00:00,,-21.034
2012-10-01 20:00:00,,-21.041
2012-10-01 21:00:00,,-21.052
2012-10-01 22:00:00,,-21.051
2012-10-01 23:00:00,,-21.063
2012-10-02 00:00:00,,-21.05
2012-10-02 01:00:00,,-21.047
2012-10-02 02:00:00,,-21.039
2012-10-02 03:00:00,,-21.051
2012-10-02 04:00:00,,-21.043
2012-10-02 05:00:00,,-21.052
2012-10-02 06:00:00,,-21.051
2012-10-02 07:00:00,,-21.049
2012-10-02 08:00:00,,-21.069
2012-10-02 09:00:00,,-21.066
2012-10-02 10:00:00,,-21.051
2012-10-02 11:00:00,,-21.048
2012-10-02 12:00:00,,-21.037
2012-10-02 13:00:00,,-21.041
2012-10-02 14:00:00,,-21.031
2012-10-02 15:00:00,,-21.022
2012-10-02 16:00:00,,-21.019
2012-10-02 17:00:00,,-21.009
2012-10-02 18:00:00,,-21.025
2012-10-02 19:00:00,,-21.019
2012-10-02 20:00:00,,-21.038
2012-10-02 21:00:00,,-21.031
2012-10-02 22:00:00,,-21.036
2012-10-02 23:00:00,,-21.048
2012-10-03 00:00:00,,-21.048
2012-10-03 01:00:00,,-21.035
2012-10-03 02:00:00,,-21.04
2012-10-03 03:00:00,,-21.037
2012-10-03 04:00:00,,-21.036
2012-10-03 05:00:00,,-21.027
2012-10-03 06:00:00,,-21.04
2012-10-03 07:00:00,,-21.045
2012-10-03 08:00:00,,-21.034
2012-10-03 09:00:00,,-21.047
2012-10-03 10:00:00,,-21.047
2012-10-03 11:00:00,,-21.043
2012-10-03 12:00:00,,-21.036
2012-10-03 13:00:00,,-21.013
2012-10-03 14:00:00,,-21.005
2012-10-03 15:00:00,,-21.012
2012-10-03 16:00:00,,-21
2012-10-03 17:00:00,,-20.995
2012-10-03 18:00:00,,-21.003
2012-10-03 19:00:00,,-21.018
2012-10-03 20:00:00,,-21.026
2012-10-03 21:00:00,,-21.02
2012-10-03 22:00:00,,-21.034
2012-10-03 23:00:00,,-21.036
2012-10-04 00:00:00,,-21.032
2012-10-04 01:00:00,,-21.035
2012-10-04 02:00:00,,-21.02
2012-10-04 03:00:00,,-21.019
2012-10-04 04:00:00,,-21.015
2012-10-04 05:00:00,,-21.028
2012-10-04 06:00:00,,-21.02
2012-10-04 07:00:00,,-21.025
2012-10-04 08:00:00,,-21.032
2012-10-04 09:00:00,,-21.044
2012-10-04 10:00:00,,-21.038
2012-10-04 11:00:00,,-21.026
2012-10-04 12:00:00,,-21.033
2012-10-04 13:00:00,,-21.025
2012-10-04 14:00:00,,-21.02
2012-10-04 15:00:00,,-21.014
2012-10-04 16:00:00,,-21.013
2012-10-04 17:00:00,,-21.01
2012-10-04 18:00:00,,-21.011
2012-10-04 19:00:00,,-21.016
2012-10-04 20:00:00,,-21.015
2012-10-04 21:00:00,,-21.032
2012-10-04 22:00:00,,-21.026
2012-10-04 23:00:00,,-21.026
2012-10-05 00:00:00,,-21.025
2012-10-05 01:00:00,,-21.035
2012-10-05 02:00:00,,-21.035
2012-10-05 03:00:00,,-21.026
2012-10-05 04:00:00,,-21.026
2012-10-05 05:00:00,,-21.023
2012-10-05 06:00:00,,-21.027
2012-10-05 07:00:00,,-21.029
2012-10-05 08:00:00,,-21.041
2012-10-05 09:00:00,,-21.041
2012-10-05 10:00:00,,-21.04
2012-10-05 11:00:00,,-21.046
2012-10-05 12:00:00,,-21.028
2012-10-05 13:00:00,,-21.019
2012-10-05 14:00:00,,-21.01
2012-10-05 15:00:00,,-21.019
2012-10-05 16:00:00,,-21.004
2012-10-05 17:00:00,,-21.005
2012-10-05 18:00:00,,-21.007
2012-10-05 19:00:00,,-21.015
2012-10-05 20:00:00,,-21.021
2012-10-05 21:00:00,,-21.025
2012-10-05 22:00:00,,-21.029
2012-10-05 23:00:00,,-21.035
2012-10-06 00:00:00,,-21.024
2012-10-06 01:00:00,,-21.034
2012-10-06 02:00:00,,-21.026
2012-10-06 03:00:00,,-21.017
2012-10-06 04:00:00,,-21.016
2012-10-06 05:00:00,,-21.031
2012-10-06 06:00:00,,-21.025
2012-10-06 07:00:00,,-21.029
2012-10-06 08:00:00,,-21.04
2012-10-06 09:00:00,,-21.045
2012-10-06 10:00:00,,-21.036
2012-10-06 11:00:00,,-21.044
2012-10-06 12:00:00,,-21.038
2012-10-06 13:00:00,,-21.018
2012-10-06 14:00:00,,-21.021
2012-10-06 15:00:00,,-21.005
2012-10-06 16:00:00,,-21.015
2012-10-06 17:00:00,,-21.014
2012-10-06 18:00:00,,-21.014
2012-10-06 19:00:00,,-21.013
2012-10-06 20:00:00,,-21.031
2012-10-06 21:00:00,,-21.035
2012-10-06 22:00:00,,-21.033
2012-10-06 23:00:00,,-21.037
2012-10-07 00:00:00,,-21.043
2012-10-07 01:00:00,,-21.031
2012-10-07 02:00:00,,-21.03
2012-10-07 03:00:00,,-21.034
2012-10-07 04:00:00,,-21.042
2012-10-07 05:00:00,,-21.044
2012-10-07 06:00:00,,-21.046
2012-10-07 07:00:00,,-21.047
2012-10-07 08:00:00,,-21.038
2012-10-07 09:00:00,,-21.053
2012-10-07 10:00:00,,-21.039
2012-10-07 11:00:00,,-21.048
2012-10-07 12:00:00,,-21.04
2012-10-07 13:00:00,,-21.02
2012-10-07 14:00:00,,-21.012
2012-10-07 15:00:00,,-21.003
2012-10-07 16:00:00,,-21.002
2012-10-07 17:00:00,,-21.003
2012-10-07 18:00:00,,-21.003
2012-10-07 19:00:00,,-21.009
2012-10-07 20:00:00,,-21.017
2012-10-07 21:00:00,,-21.021
2012-10-07 22:00:00,,-21.036
2012-10-07 23:00:00,,-21.039
2012-10-08 00:00:00,,-21.025
2012-10-08 01:00:00,,-21.018
2012-10-08 02:00:00,,-21.027
2012-10-08 03:00:00,,-21.02
2012-10-08 04:00:00,,-21.025
2012-10-08 05:00:00,,-21.026
2012-10-08 06:00:00,,-21.024
2012-10-08 07:00:00,,-21.033
2012-10-08 08:00:00,,-21.033
2012-10-08 09:00:00,,-21.039
2012-10-08 10:00:00,,-21.028
2012-10-08 11:00:00,,-21.024
2012-10-08 12:00:00,,-21.029
2012-10-08 13:00:00,,-21.019
2012-10-08 14:00:00,,-21.013
2012-10-08 15:00:00,,-21.008
2012-10-08 16:00:00,,-21.004
2012-10-08 17:00:00,,-21.006
2012-10-08 18:00:00,,-21.012
2012-10-08 19:00:00,,-21.018
2012-10-08 20:00:00,,-21.014
2012-10-08 21:00:00,,-21.027
2012-10-08 22:00:00,,-21.032
2012-10-08 23:00:00,,-21.018
2012-10-09 00:00:00,,-21.032
2012-10-09 01:00:00,,-21.016
2012-10-09 02:00:00,,-21.027
2012-10-09 03:00:00,,-21.022
2012-10-09 04:00:00,,-21.021
2012-10-09 05:00:00,,-21.013
2012-10-09 06:00:00,,-21.029
2012-10-09 07:00:00,,-21.037
2012-10-09 08:00:00,,-21.031
2012-10-09 09:00:00,,-21.047
2012-10-09 10:00:00,,-21.041
2012-10-09 11:00:00,,-21.024
2012-10-09 12:00:00,,-21.027
2012-10-09 13:00:00,,-21.019
2012-10-09 14:00:00,,-21.012
2012-10-09 15:00:00,,-21.007
2012-10-09 16:00:00,,-20.999
2012-10-09 17:00:00,,-21.005
2012-10-09 18:00:00,,-21.01
2012-10-09 19:00:00,,-21.003
2012-10-09 20:00:00,,-21.021
2012-10-09 21:00:00,,-21.016
2012-10-09 22:00:00,,-21.033
2012-10-09 23:00:00,,-21.022
2012-10-10 00:00:00,,-21.037
2012-10-10 01:00:00,,-21.034
2012-10-10 02:00:00,,-21.021
2012-10-10 03:00:00,,-21.029
2012-10-10 04:00:00,,-21.03
2012-10-10 05:00:00,,-21.026
2012-10-10 06:00:00,,-21.025
2012-10-10 07:00:00,,-21.044
2012-10-10 08:00:00,,-21.053
2012-10-10 09:00:00,,-21.044
2012-10-10 10:00:00,,-21.048
2012-10-10 11:00:00,,-21.047
2012-10-10 12:00:00,,-21.043
2012-10-10 13:00:00,,-21.036
2012-10-10 14:00:00,,-21.034
2012-10-10 15:00:00,,-21.029
2012-10-10 16:00:00,,-21.034
2012-10-10 17:00:00,,-21.029
2012-10-10 18:00:00,,-21.039
2012-10-10 19:00:00,,-21.056
2012-10-10 20:00:00,,-21.051
2012-10-10 21:00:00,,-21.053
2012-10-10 22:00:00,,-21.068
2012-10-10 23:00:00,,-21.061
2012-10-11 00:00:00,,-21.068
2012-10-11 01:00:00,,-21.064
2012-10-11 02:00:00,,-21.063
2012-10-11 03:00:00,,-21.066
2012-10-11 04:00:00,,-21.056
2012-10-11 05:00:00,,-21.054
2012-10-11 06:00:00,,-21.061
2012-10-11 07:00:00,,-21.069
2012-10-11 08:00:00,,-21.077
2012-10-11 09:00:00,,-21.079
2012-10-11 10:00:00,,-21.078
2012-10-11 11:00:00,,-21.07
2012-10-11 12:00:00,,-21.054
2012-10-11 13:00:00,,-21.041
2012-10-11 14:00:00,,-21.044
2012-10-11 15:00:00,,-21.023
2012-10-11 16:00:00,,-21.018
2012-10-11 17:00:00,,-21.019
2012-10-11 18:00:00,,-21.036
2012-10-11 19:00:00,,-21.033
2012-10-11 20:00:00,,-21.043
2012-10-11 21:00:00,,-21.056
2012-10-11 22:00:00,,-21.047
2012-10-11 23:00:00,,-21.059
2012-10-12 00:00:00,,-21.054
2012-10-12 01:00:00,,-21.041
2012-10-12 02:00:00,,-21.035
2012-10-12 03:00:00,,-21.043
2012-10-12 04:00:00,,-21.045
2012-10-12 05:00:00,,-21.045
2012-10-12 06:00:00,,-21.037
2012-10-12 07:00:00,,-21.05
2012-10-12 08:00:00,,-21.053
2012-10-12 09:00:00,,-21.053
2012-10-12 10:00:00,,-21.051
2012-10-12 11:00:00,,-21.06
2012-10-12 12:00:00,,-21.053
2012-10-12 13:00:00,,-21.032
2012-10-12 14:00:00,,-21.035
2012-10-12 15:00:00,,-21.022
2012-10-12 16:00:00,,-21.027
2012-10-12 17:00:00,,-21.016
2012-10-12 18:00:00,,-21.021
2012-10-12 19:00:00,,-21.041
2012-10-12 20:00:00,,-21.049
2012-10-12 21:00:00,,-21.051
2012-10-12 22:00:00,,-21.057
2012-10-12 23:00:00,,-21.044
2012-10-13 00:00:00,,-21.043
2012-10-13 01:00:00,,-21.036
2012-10-13 02:00:00,,-21.032
2012-10-13 03:00:00,,-21.031
2012-10-13 04:00:00,,-21.028
2012-10-13 05:00:00,,-21.043
2012-10-13 06:00:00,,-21.038
2012-10-13 07:00:00,,-21.044
2012-10-13 08:00:00,,-21.059
2012-10-13 09:00:00,,-21.058
2012-10-13 10:00:00,,-21.056
2012-10-13 11:00:00,,-21.038
2012-10-13 12:00:00,,-21.043
2012-10-13 13:00:00,,-21.021
2012-10-13 14:00:00,,-21.02
2012-10-13 15:00:00,,-21.018
2012-10-13 16:00:00,,-21.016
2012-10-13 17:00:00,,-21.004
2012-10-13 18:00:00,,-21.007
2012-10-13 19:00:00,,-21.028
2012-10-13 20:00:00,,-21.023
2012-10-13 21:00:00,,-21.033
2012-10-13 22:00:00,,-21.049
2012-10-13 23:00:00,,-21.04
2012-10-14 00:00:00,,-21.045
2012-10-14 01:00:00,,-21.033
2012-10-14 02:00:00,,-21.029
2012-10-14 03:00:00,,-21.028
2012-10-14 04:00:00,,-21.033
2012-10-14 05:00:00,,-21.024
2012-10-14 06:00:00,,-21.036
2012-10-14 07:00:00,,-21.035
2012-10-14 08:00:00,,-21.046
2012-10-14 09:00:00,,-21.054
2012-10-14 10:00:00,,-21.056
2012-10-14 11:00:00,,-21.039
2012-10-14 12:00:00,,-21.044
2012-10-14 13:00:00,,-21.035
2012-10-14 14:00:00,,-21.02
2012-10-14 15:00:00,,-21.005
2012-10-14 16:00:00,,-20.999
2012-10-14 17:00:00,,-21.002
2012-10-14 18:00:00,,-21.02
2012-10-14 19:00:00,,-21.021
2012-10-14 20:00:00,,-21.022
2012-10-14 21:00:00,,-21.03
2012-10-14 22:00:00,,-21.033
2012-10-14 23:00:00,,-21.037
2012-10-15 00:00:00,,-21.049
2012-10-15 01:00:00,,-21.031
2012-10-15 02:00:00,,-21.026
2012-10-15 03:00:00,,-21.036
2012-10-15 04:00:00,,-21.033
2012-10-15 05:00:00,,-21.034
2012-10-15 06:00:00,,-21.038
2012-10-15 07:00:00,,-21.037
2012-10-15 08:00:00,,-21.048
2012-10-15 09:00:00,,-21.038
2012-10-15 10:00:00,,-21.037
2012-10-15 11:00:00,,-21.046
2012-10-15 12:00:00,,-21.028
2012-10-15 13:00:00,,-21.019
2012-10-15 14:00:00,,-21.023
2012-10-15 15:00:00,,-21.008
2012-10-15 16:00:00,,-21.012
2012-10-15 17:00:00,,-21.011
2012-10-15 18:00:00,,-21.014
2012-10-15 19:00:00,,-21.013
2012-10-15 20:00:00,,-21.024
2012-10-15 21:00:00,,-21.022
2012-10-15 22:00:00,,-21.031
2012-10-15 23:00:00,,-21.032
2012-10-16 00:00:00,,-21.025
2012-10-16 01:00:00,,-21.024
2012-10-16 02:00:00,,-21.02
2012-10-16 03:00:00,,-21.029
2012-10-16 04:00:00,,-21.02
2012-10-16 05:00:00,,-21.02
2012-10-16 06:00:00,,-21.031
2012-10-16 07:00:00,,-21.033
2012-10-16 08:00:00,,-21.033
2012-10-16 09:00:00,,-21.03
2012-10-16 10:00:00,,-21.029
2012-10-16 11:00:00,,-21.038
2012-10-16 12:00:00,,-21.018
2012-10-16 13:00:00,,-21.021
2012-10-16 14:00:00,,-21.013
2012-10-16 15:00:00,,-21.005
2012-10-16 16:00:00,,-21.005
2012-10-16 17:00:00,,-20.994
2012-10-16 18:00:00,,-21.009
2012-10-16 19:00:00,,-21.012
2012-10-16 20:00:00,,-21.02
2012-10-16 21:00:00,,-21.025
2012-10-16 22:00:00,,-21.019
2012-10-16 23:00:00,,-21.023
2012-10-17 00:00:00,,-21.019
2012-10-17 01:00:00,,-21.017
2012-10-17 02:00:00,,-21.027
2012-10-17 03:00:00,,-21.015
2012-10-17 04:00:00,,-21.016
2012-10-17 05:00:00,,-21.029
2012-10-17 06:00:00,,-21.029
2012-10-17 07:00:00,,-21.028
2012-10-17 08:00:00,,-21.038
2012-10-17 09:00:00,,-21.045
2012-10-17 10:00:00,,-21.033
2012-10-17 11:00:00,,-21.041
2012-10-17 12:00:00,,-21.035
2012-10-17 13:00:00,,-21.027
2012-10-17 14:00:00,,-21.019
2012-10-17 15:00:00,,-20.996
2012-10-17 16:00:00,,-21.006
2012-10-17 17:00:00,,-20.994
2012-10-17 18:00:00,,-21.001
2012-10-17 19:00:00,,-21
2012-10-17 20:00:00,,-21.009
2012-10-17 21:00:00,,-21.016
2012-10-17 22:00:00,,-21.021
2012-10-17 23:00:00,,-21.034
2012-10-18 00:00:00,,-21.023
2012-10-18 01:00:00,,-21.035
2012-10-18 02:00:00,,-21.021
2012-10-18 03:00:00,,-21.023
2012-10-18 04:00:00,,-21.022
2012-10-18 05:00:00,,-21.02
2012-10-18 06:00:00,,-21.03
2012-10-18 07:00:00,,-21.029
2012-10-18 08:00:00,,-21.044
2012-10-18 09:00:00,,-21.035
2012-10-18 10:00:00,,-21.041
2012-10-18 11:00:00,,-21.041
2012-10-18 12:00:00,,-21.023
2012-10-18 13:00:00,,-21.026
2012-10-18 14:00:00,,-21.006
2012-10-18 15:00:00,,-21.003
2012-10-18 16:00:00,,-21.01
2012-10-18 17:00:00,,-21.01
2012-10-18 18:00:00,,-21.012
2012-10-18 19:00:00,,-21.012
2012-10-18 20:00:00,,-21.011
2012-10-18 21:00:00,,-21.017
2012-10-18 22:00:00,,-21.021
2012-10-18 23:00:00,,-21.029
2012-10-19 00:00:00,,-21.034
2012-10-19 01:00:00,,-21.018
2012-10-19 02:00:00,,-21.029
2012-10-19 03:00:00,,-21.027
2012-10-19 04:00:00,,-21.025
2012-10-19 05:00:00,,-21.027
2012-10-19 06:00:00,,-21.027
2012-10-19 07:00:00,,-21.039
2012-10-19 08:00:00,,-21.043
2012-10-19 09:00:00,,-21.045
2012-10-19 10:00:00,,-21.046
2012-10-19 11:00:00,,-21.029
2012-10-19 12:00:00,,-21.019
2012-10-19 13:00:00,,-21.011
2012-10-19 14:00:00,,-21.006
2012-10-19 15:00:00,,-21
2012-10-19 16:00:00,,-20.994
2012-10-19 17:00:00,,-21.007
2012-10-19 18:00:00,,-20.998
2012-10-19 19:00:00,,-21.016
2012-10-19 20:00:00,,-21.024
2012-10-19 21:00:00,,-21.016
2012-10-19 22:00:00,,-21.022
2012-10-19 23:00:00,,-21.02
2012-10-20 00:00:00,,-21.018
2012-10-20 01:00:00,,-21.017
2012-10-20 02:00:00,,-21.013
2012-10-20 03:00:00,,-21.024
2012-10-20 04:00:00,,-21.025
2012-10-20 05:00:00,,-21.017
2012-10-20 06:00:00,,-21.033
2012-10-20 07:00:00,,-21.039
2012-10-20 08:00:00,,-21.032
2012-10-20 09:00:00,,-21.043
2012-10-20 10:00:00,,-21.044
2012-10-20 11:00:00,,-21.04
2012-10-20 12:00:00,,-21.02
2012-10-20 13:00:00,,-21.012
2012-10-20 14:00:00,,-21.018
2012-10-20 15:00:00,,-21.001
2012-10-20 16:00:00,,-20.998
2012-10-20 17:00:00,,-21.012
2012-10-20 18:00:00,,-21.003
2012-10-20 19:00:00,,-21.015
2012-10-20 20:00:00,,-21.026
2012-10-20 21:00:00,,-21.029
2012-10-20 22:00:00,,-21.026
2012-10-20 23:00:00,,-21.033
2012-10-21 00:00:00,,-21.021
2012-10-21 01:00:00,,-21.016
2012-10-21 02:00:00,,-21.013
2012-10-21 03:00:00,,-21.012
2012-10-21 04:00:00,,-21.012
2012-10-21 05:00:00,,-21.019
2012-10-21 06:00:00,,-21.025
2012-10-21 07:00:00,,-21.028
2012-10-21 08:00:00,,-21.037
2012-10-21 09:00:00,,-21.042
2012-10-21 10:00:00,,-21.032
2012-10-21 11:00:00,,-21.034
2012-10-21 12:00:00,,-21.018
2012-10-21 13:00:00,,-21.014
2012-10-21 14:00:00,,-21.016
2012-10-21 15:00:00,,-21.005
2012-10-21 16:00:00,,-21.009
2012-10-21 17:00:00,,-21.007
2012-10-21 18:00:00,,-21.012
2012-10-21 19:00:00,,-21.019
2012-10-21 20:00:00,,-21.018
2012-10-21 21:00:00,,-21.029
2012-10-21 22:00:00,,-21.026
2012-10-21 23:00:00,,-21.028
2012-10-22 00:00:00,,-21.018
2012-10-22 01:00:00,,-21.028
2012-10-22 02:00:00,,-21.013
2012-10-22 03:00:00,,-21.011
2012-10-22 04:00:00,,-21.028
2012-10-22 05:00:00,,-21.019
2012-10-22 06:00:00,,-21.031
2012-10-22 07:00:00,,-21.029
2012-10-22 08:00:00,,-21.031
2012-10-22 09:00:00,,-21.044
2012-10-22 10:00:00,,-21.029
2012-10-22 11:00:00,,-21.035
2012-10-22 12:00:00,,-21.028
2012-10-22 13:00:00,,-21.016
2012-10-22 14:00:00,,-20.999
2012-10-22 15:00:00,,-20.994
2012-10-22 16:00:00,,-21.005
2012-10-22 17:00:00,,-21.006
2012-10-22 18:00:00,,-21.009
2012-10-22 19:00:00,,-21.011
2012-10-22 20:00:00,,-21.011
2012-10-22 21:00:00,,-21.014
2012-10-22 22:00:00,,-21.017
2012-10-22 23:00:00,,-21.033
2012-10-23 00:00:00,,-21.018
2012-10-23 01:00:00,,-21.017
2012-10-23 02:00:00,,-21.012
2012-10-23 03:00:00,,-21.024
2012-10-23 04:00:00,,-21.024
2012-10-23 05:00:00,,-21.024
2012-10-23 06:00:00,,-21.025
2012-10-23 07:00:00,,-21.036
2012-10-23 08:00:00,,-21.026
2012-10-23 09:00:00,,-21.04
2012-10-23 10:00:00,,-21.033
2012-10-23 11:00:00,,-21.019
2012-10-23 12:00:00,,-21.015
2012-10-23 13:00:00,,-21.012
2012-10-23 14:00:00,,-20.996
2012-10-23 15:00:00,,-21.001
2012-10-23 16:00:00,,-20.987
2012-10-23 17:00:00,,-21.003
2012-10-23 18:00:00,,-21.009
2012-10-23 19:00:00,,-21.004
2012-10-23 20:00:00,,-21.024
2012-10-23 21:00:00,,-21.018
2012-10-23 22:00:00,,-21.019
2012-10-23 23:00:00,,-21.03
2012-10-24 00:00:00,,-21.022
2012-10-24 01:00:00,,-21.014
2012-10-24 02:00:00,,-21.015
2012-10-24 03:00:00,,-21.014
2012-10-24 04:00:00,,-21.014
2012-10-24 05:00:00,,-21.024
2012-10-24 06:00:00,,-21.024
2012-10-24 07:00:00,,-21.028
2012-10-24 08:00:00,,-21.043
2012-10-24 09:00:00,,-21.037
2012-10-24 10:00:00,,-21.041
2012-10-24 11:00:00,,-21.021
2012-10-24 12:00:00,,-21.025
2012-10-24 13:00:00,,-21.009
2012-10-24 14:00:00,,-20.997
2012-10-24 15:00:00,,-21.001
2012-10-24 16:00:00,,-20.998
2012-10-24 17:00:00,,-20.988
2012-10-24 18:00:00,,-20.998
2012-10-24 19:00:00,,-20.999
2012-10-24 20:00:00,,-21.008
2012-10-24 21:00:00,,-21.018
2012-10-24 22:00:00,,-21.033
2012-10-24 23:00:00,,-21.024
2012-10-25 00:00:00,,-21.019
2012-10-25 01:00:00,,-21.031
2012-10-25 02:00:00,,-21.018
2012-10-25 03:00:00,,-21.029
2012-10-25 04:00:00,,-21.017
2012-10-25 05:00:00,,-21.033
2012-10-25 06:00:00,,-21.036
2012-10-25 07:00:00,,-21.044
2012-10-25 08:00:00,,-21.048
2012-10-25 09:00:00,,-21.054
2012-10-25 10:00:00,,-21.054
2012-10-25 11:00:00,,-21.045
2012-10-25 12:00:00,,-21.023
2012-10-25 13:00:00,,-21.014
2012-10-25 14:00:00,,-21.005
2012-10-25 15:00:00,,-21.001
2012-10-25 16:00:00,,-21.009
2012-10-25 17:00:00,,-21.003
2012-10-25 18:00:00,,-21.015
2012-10-25 19:00:00,,-21.012
2012-10-25 20:00:00,,-21.022
2012-10-25 21:00:00,,-21.027
2012-10-25 22:00:00,,-21.034
2012-10-25 23:00:00,,-21.053
2012-10-26 00:00:00,,-21.042
2012-10-26 01:00:00,,-21.026
2012-10-26 02:00:00,,-21.021
2012-10-26 03:00:00,,-21.014
2012-10-26 04:00:00,,-21.01
2012-10-26 05:00:00,,-21.031
2012-10-26 06:00:00,,-21.025
2012-10-26 07:00:00,,-21.045
2012-10-26 08:00:00,,-21.048
2012-10-26 09:00:00,,-21.048
2012-10-26 10:00:00,,-21.04
2012-10-26 11:00:00,,-21.039
2012-10-26 12:00:00,,-21.033
2012-10-26 13:00:00,,-21.026
2012-10-26 14:00:00,,-21.027
2012-10-26 15:00:00,,-21.006
2012-10-26 16:00:00,,-21.017
2012-10-26 17:00:00,,-21.015
2012-10-26 18:00:00,,-21.011
2012-10-26 19:00:00,,-21.03
2012-10-26 20:00:00,,-21.023
2012-10-26 21:00:00,,-21.03
2012-10-26 22:00:00,,-21.034
2012-10-26 23:00:00,,-21.034
2012-10-27 00:00:00,,-21.03
2012-10-27 01:00:00,,-21.026
2012-10-27 02:00:00,,-21.02
2012-10-27 03:00:00,,-21.016
2012-10-27 04:00:00,,-21.027
2012-10-27 05:00:00,,-21.027
2012-10-27 06:00:00,,-21.032
2012-10-27 07:00:00,,-21.034
2012-10-27 08:00:00,,-21.036
2012-10-27 09:00:00,,-21.05
2012-10-27 10:00:00,,-21.033
2012-10-27 11:00:00,,-21.03
2012-10-27 12:00:00,,-21.024
2012-10-27 13:00:00,,-21.012
2012-10-27 14:00:00,,-21.005
2012-10-27 15:00:00,,-21.011
2012-10-27 16:00:00,,-20.996
2012-10-27 17:00:00,,-20.997
2012-10-27 18:00:00,,-21.001
2012-10-27 19:00:00,,-21.014
2012-10-27 20:00:00,,-21.015
2012-10-27 21:00:00,,-21.026
2012-10-27 22:00:00,,-21.043
2012-10-27 23:00:00,,-21.033
2012-10-28 00:00:00,,-21.038
2012-10-28 01:00:00,,-21.027
2012-10-28 02:00:00,,-21.035
2012-10-28 03:00:00,,-21.027
2012-10-28 04:00:00,,-21.022
2012-10-28 05:00:00,,-21.025
2012-10-28 06:00:00,,-21.039
2012-10-28 07:00:00,,-21.046
2012-10-28 08:00:00,,-21.049
2012-10-28 09:00:00,,-21.038
2012-10-28 10:00:00,,-21.035
2012-10-28 11:00:00,,-21.04
2012-10-28 12:00:00,,-21.019
2012-10-28 13:00:00,,-21.011
2012-10-28 14:00:00,,-21.001
2012-10-28 15:00:00,,-20.993
2012-10-28 16:00:00,,-20.997
2012-10-28 17:00:00,,-20.997
2012-10-28 18:00:00,,-20.994
2012-10-28 19:00:00,,-21.001
2012-10-28 20:00:00,,-21.023
2012-10-28 21:00:00,,-21.016
2012-10-28 22:00:00,,-21.029
2012-10-28 23:00:00,,-21.026
2012-10-29 00:00:00,,-21.023
2012-10-29 01:00:00,,-21.027
2012-10-29 02:00:00,,-21.022
2012-10-29 03:00:00,,-21.012
2012-10-29 04:00:00,,-21.012
2012-10-29 05:00:00,,-21.016
2012-10-29 06:00:00,,-21.029
2012-10-29 07:00:00,,-21.024
2012-10-29 08:00:00,,-21.041
2012-10-29 09:00:00,,-21.033
2012-10-29 10:00:00,,-21.028
2012-10-29 11:00:00,,-21.029
2012-10-29 12:00:00,,-21.015
2012-10-29 13:00:00,,-21.018
2012-10-29 14:00:00,,-21.003
2012-10-29 15:00:00,,-20.995
2012-10-29 16:00:00,,-20.992
2012-10-29 17:00:00,,-20.987
2012-10-29 18:00:00,,-21.003
2012-10-29 19:00:00,,-20.998
2012-10-29 20:00:00,,-21.017
2012-10-29 21:00:00,,-21.023
2012-10-29 22:00:00,,-21.016
2012-10-29 23:00:00,,-21.026
2012-10-30 00:00:00,,-21.019
2012-10-30 01:00:00,,-21.024
2012-10-30 02:00:00,,-21.021
2012-10-30 03:00:00,,-21.022
2012-10-30 04:00:00,,-21.022
2012-10-30 05:00:00,,-21.011
2012-10-30 06:00:00,,-21.029
2012-10-30 07:00:00,,-21.024
2012-10-30 08:00:00,,-21.037
2012-10-30 09:00:00,,-21.028
2012-10-30 10:00:00,,-21.032
2012-10-30 11:00:00,,-21.036
2012-10-30 12:00:00,,-21.016
2012-10-30 13:00:00,,-21.008
2012-10-30 14:00:00,,-21.015
2012-10-30 15:00:00,,-20.998
2012-10-30 16:00:00,,-20.992
2012-10-30 17:00:00,,-20.992
2012-10-30 18:00:00,,-21.007
2012-10-30 19:00:00,,-20.999
2012-10-30 20:00:00,,-21.015
2012-10-30 21:00:00,,-21.017
2012-10-30 22:00:00,,-21.022
2012-10-30 23:00:00,,-21.026
2012-10-31 00:00:00,,-21.02
2012-10-31 01:00:00,,-21.029
2012-10-31 02:00:00,,-21.015
2012-10-31 03:00:00,,-21.012
2012-10-31 04:00:00,,-21.024
2012-10-31 05:00:00,,-21.025
2012-10-31 06:00:00,,-21.022
2012-10-31 07:00:00,,-21.024
2012-10-31 08:00:00,,-21.038
2012-10-31 09:00:00,,-21.039
2012-10-31 10:00:00,,-21.039
2012-10-31 11:00:00,,-21.034
2012-10-31 12:00:00,,-21.025
2012-10-31 13:00:00,,-21.006
2012-10-31 14:00:00,,-21.011
2012-10-31 15:00:00,,-20.999
2012-10-31 16:00:00,,-21.001
2012-10-31 17:00:00,,-20.989
2012-10-31 18:00:00,,-21.004
2012-10-31 19:00:00,,-21.003
2012-10-31 20:00:00,,-21.017
2012-10-31 21:00:00,,-21.011
2012-10-31 22:00:00,,-21.025
2012-10-31 23:00:00,,-21.027
2012-11-01 00:00:00,,-21.02
2012-11-01 01:00:00,,-21.02
2012-11-01 02:00:00,,-21.016
2012-11-01 03:00:00,,-21.019
2012-11-01 04:00:00,,-21.006
2012-11-01 05:00:00,,-21.02
2012-11-01 06:00:00,,-21.021
2012-11-01 07:00:00,,-21.037
2012-11-01 08:00:00,,-21.028
2012-11-01 09:00:00,,-21.029
2012-11-01 10:00:00,,-21.031
2012-11-01 11:00:00,,-21.034
2012-11-01 12:00:00,,-21.027
2012-11-01 13:00:00,,-21.019
2012-11-01 14:00:00,,-21.011
2012-11-01 15:00:00,,-20.998
2012-11-01 16:00:00,,-20.994
2012-11-01 17:00:00,,-20.988
2012-11-01 18:00:00,,-20.996
2012-11-01 19:00:00,,-21.009
2012-11-01 20:00:00,,-21.015
2012-11-01 21:00:00,,-21.012
2012-11-01 22:00:00,,-21.018
2012-11-01 23:00:00,,-21.036
2012-11-02 00:00:00,,-21.021
2012-11-02 01:00:00,,-21.032
2012-11-02 02:00:00,,-21.023
2012-11-02 03:00:00,,-21.013
2012-11-02 04:00:00,,-21.025
2012-11-02 05:00:00,,-21.022
2012-11-02 06:00:00,,-21.023
2012-11-02 07:00:00,,-21.039
2012-11-02 08:00:00,,-21.039
2012-11-02 09:00:00,,-21.038
2012-11-02 10:00:00,,-21.025
2012-11-02 11:00:00,,-21.021
2012-11-02 12:00:00,,-21.011
2012-11-02 13:00:00,,-21.015
2012-11-02 14:00:00,,-21.01
2012-11-02 15:00:00,,-21.002
2012-11-02 16:00:00,,-20.998
2012-11-02 17:00:00,,-20.985
2012-11-02 18:00:00,,-20.985
2012-11-02 19:00:00,,-21.004
2012-11-02 20:00:00,,-21.009
2012-11-02 21:00:00,,-21.007
2012-11-02 22:00:00,,-21.026
2012-11-02 23:00:00,,-21.017
2012-11-03 00:00:00,,-21.027
2012-11-03 01:00:00,,-21.026
2012-11-03 02:00:00,,-21.011
2012-11-03 03:00:00,,-21.031
2012-11-03 04:00:00,,-21.018
2012-11-03 05:00:00,,-21.03
2012-11-03 06:00:00,,-21.022
2012-11-03 07:00:00,,-21.031
2012-11-03 08:00:00,,-21.044
2012-11-03 09:00:00,,-21.033
2012-11-03 10:00:00,,-21.028
2012-11-03 11:00:00,,-21.035
2012-11-03 12:00:00,,-21.022
2012-11-03 13:00:00,,-21.009
2012-11-03 14:00:00,,-21.004
2012-11-03 15:00:00,,-20.994
2012-11-03 16:00:00,,-20.993
2012-11-03 17:00:00,,-20.987
2012-11-03 18:00:00,,-20.994
2012-11-03 19:00:00,,-20.997
2012-11-03 20:00:00,,-21.016
2012-11-03 21:00:00,,-21.011
2012-11-03 22:00:00,,-21.021
2012-11-03 23:00:00,,-21.034
2012-11-04 00:00:00,,-21.02
2012-11-04 01:00:00,,-21.016
2012-11-04 02:00:00,,-21.012
2012-11-04 03:00:00,,-21.008
2012-11-04 04:00:00,,-21.013
2012-11-04 05:00:00,,-21.019
2012-11-04 06:00:00,,-21.025
2012-11-04 07:00:00,,-21.017
2012-11-04 08:00:00,,-21.02
2012-11-04 09:00:00,,-21.035
2012-11-04 10:00:00,,-21.02
2012-11-04 11:00:00,,-21.016
2012-11-04 12:00:00,,-21.019
2012-11-04 13:00:00,,-21.009
2012-11-04 14:00:00,,-20.99
2012-11-04 15:00:00,,-20.997
2012-11-04 16:00:00,,-20.983
2012-11-04 17:00:00,,-20.992
2012-11-04 18:00:00,,-21.002
2012-11-04 19:00:00,,-21
2012-11-04 20:00:00,,-21.007
2012-11-04 21:00:00,,-21.017
2012-11-04 22:00:00,,-21.018
2012-11-04 23:00:00,,-21.015
2012-11-05 00:00:00,,-21.012
2012-11-05 01:00:00,,-21.02
2012-11-05 02:00:00,,-21.001
2012-11-05 03:00:00,,-21.006
2012-11-05 04:00:00,,-21.009
2012-11-05 05:00:00,,-21.011
2012-11-05 06:00:00,,-21.023
2012-11-05 07:00:00,,-21.042
2012-11-05 08:00:00,,-21.035
2012-11-05 09:00:00,,-21.042
2012-11-05 10:00:00,,-21.038
2012-11-05 11:00:00,,-21.026
2012-11-05 12:00:00,,-21.031
2012-11-05 13:00:00,,-21.012
2012-11-05 14:00:00,,-21.01
2012-11-05 15:00:00,,-20.998
2012-11-05 16:00:00,,-21.004
2012-11-05 17:00:00,,-20.99
2012-11-05 18:00:00,,-20.988
2012-11-05 19:00:00,,-21.008
2012-11-05 20:00:00,,-21.004
2012-11-05 21:00:00,,-21.022
2012-11-05 22:00:00,,-21.025
2012-11-05 23:00:00,,-21.027
2012-11-06 00:00:00,,-21.044
2012-11-06 01:00:00,,-21.047
2012-11-06 02:00:00,,-21.037
2012-11-06 03:00:00,,-21.024
2012-11-06 04:00:00,,-21.032
2012-11-06 05:00:00,,-21.024
2012-11-06 06:00:00,,-21.021
2012-11-06 07:00:00,,-21.022
2012-11-06 08:00:00,,-21.026
2012-11-06 09:00:00,,-21.019
2012-11-06 10:00:00,,-21.028
2012-11-06 11:00:00,,-21.03
2012-11-06 12:00:00,,-21.027
2012-11-06 13:00:00,,-21.024
2012-11-06 14:00:00,,-21.011
2012-11-06 15:00:00,,-21.011
2012-11-06 16:00:00,,-21.016
2012-11-06 17:00:00,,-20.997
2012-11-06 18:00:00,,-21.006
2012-11-06 19:00:00,,-20.998
2012-11-06 20:00:00,,-21.018
2012-11-06 21:00:00,,-21.026
2012-11-06 22:00:00,,-21.02
2012-11-06 23:00:00,,-21.041
2012-11-07 00:00:00,,-21.037
2012-11-07 01:00:00,,-21.026
2012-11-07 02:00:00,,-21.009
2012-11-07 03:00:00,,-20.999
2012-11-07 04:00:00,,-21
2012-11-07 05:00:00,,-21.015
2012-11-07 06:00:00,,-21.011
2012-11-07 07:00:00,,-21.017
2012-11-07 08:00:00,,-21.016
2012-11-07 09:00:00,,-21.028
2012-11-07 10:00:00,,-21.015
2012-11-07 11:00:00,,-21.023
2012-11-07 12:00:00,,-21.017
2012-11-07 13:00:00,,-21.008
2012-11-07 14:00:00,,-21.003
2012-11-07 15:00:00,,-20.996
2012-11-07 16:00:00,,-20.98
2012-11-07 17:00:00,,-20.977
2012-11-07 18:00:00,,-20.99
2012-11-07 19:00:00,,-20.997
2012-11-07 20:00:00,,-21.006
2012-11-07 21:00:00,,-20.998
2012-11-07 22:00:00,,-21.019
2012-11-07 23:00:00,,-21.018
2012-11-08 00:00:00,,-21.007
2012-11-08 01:00:00,,-21.001
2012-11-08 02:00:00,,-20.997
2012-11-08 03:00:00,,-21.002
2012-11-08 04:00:00,,-20.996
2012-11-08 05:00:00,,-21.002
2012-11-08 06:00:00,,-21.01
2012-11-08 07:00:00,,-21.024
2012-11-08 08:00:00,,-21.028
2012-11-08 09:00:00,,-21.03
2012-11-08 10:00:00,,-21.023
2012-11-08 11:00:00,,-21.03
2012-11-08 12:00:00,,-21.028
2012-11-08 13:00:00,,-21.013
2012-11-08 14:00:00,,-21.006
2012-11-08 15:00:00,,-20.99
2012-11-08 16:00:00,,-20.991
2012-11-08 17:00:00,,-21.014
2012-11-08 18:00:00,,-21.009
2012-11-08 19:00:00,,-21.024
2012-11-08 20:00:00,,-21.035
2012-11-08 21:00:00,,-21.041
2012-11-08 22:00:00,,-21.045
2012-11-08 23:00:00,,-21.031
2012-11-09 00:00:00,,-21.041
2012-11-09 01:00:00,,-21.029
2012-11-09 02:00:00,,-21.024
2012-11-09 03:00:00,,-21.025
2012-11-09 04:00:00,,-21.038
2012-11-09 05:00:00,,-21.038
2012-11-09 06:00:00,,-21.032
2012-11-09 07:00:00,,-21.037
2012-11-09 08:00:00,,-21.045
2012-11-09 09:00:00,,-21.054
2012-11-09 10:00:00,,-21.039
2012-11-09 11:00:00,,-21.036
2012-11-09 12:00:00,,-21.039
2012-11-09 13:00:00,,-21.036
2012-11-09 14:00:00,,-21.026
2012-11-09 15:00:00,,-21.009
2012-11-09 16:00:00,,-21.004
2012-11-09 17:00:00,,-21.018
2012-11-09 18:00:00,,-21.011
2012-11-09 19:00:00,,-21.032
2012-11-09 20:00:00,,-21.034
2012-11-09 21:00:00,,-21.044
2012-11-09 22:00:00,,-21.033
2012-11-09 23:00:00,,-21.041
2012-11-10 00:00:00,,-21.043
2012-11-10 01:00:00,,-21.034
2012-11-10 02:00:00,,-21.022
2012-11-10 03:00:00,,-21.031
2012-11-10 04:00:00,,-21.027
2012-11-10 05:00:00,,-21.03
2012-11-10 06:00:00,,-21.04
2012-11-10 07:00:00,,-21.032
2012-11-10 08:00:00,,-21.036
2012-11-10 09:00:00,,-21.048
2012-11-10 10:00:00,,-21.041
2012-11-10 11:00:00,,-21.042
2012-11-10 12:00:00,,-21.023
2012-11-10 13:00:00,,-21.014
2012-11-10 14:00:00,,-21.009
2012-11-10 15:00:00,,-21.011
2012-11-10 16:00:00,,-21.006
2012-11-10 17:00:00,,-20.996
2012-11-10 18:00:00,,-21.011
2012-11-10 19:00:00,,-21.017
2012-11-10 20:00:00,,-21.012
2012-11-10 21:00:00,,-21.029
2012-11-10 22:00:00,,-21.029
2012-11-10 23:00:00,,-21.025
2012-11-11 00:00:00,,-21.02
2012-11-11 01:00:00,,-21.019
2012-11-11 02:00:00,,-21.012
2012-11-11 03:00:00,,-21.018
2012-11-11 04:00:00,,-21.017
2012-11-11 05:00:00,,-21.025
2012-11-11 06:00:00,,-21.032
2012-11-11 07:00:00,,-21.031
2012-11-11 08:00:00,,-21.037
2012-11-11 09:00:00,,-21.036
2012-11-11 10:00:00,,-21.039
2012-11-11 11:00:00,,-21.023
2012-11-11 12:00:00,,-21.02
2012-11-11 13:00:00,,-21.007
2012-11-11 14:00:00,,-21.01
2012-11-11 15:00:00,,-20.994
2012-11-11 16:00:00,,-20.987
2012-11-11 17:00:00,,-20.995
2012-11-11 18:00:00,,-20.997
2012-11-11 19:00:00,,-21.002
2012-11-11 20:00:00,,-21.016
2012-11-11 21:00:00,,-21.023
2012-11-11 22:00:00,,-21.03
2012-11-11 23:00:00,,-21.033
2012-11-12 00:00:00,,-21.026
2012-11-12 01:00:00,,-21.027
2012-11-12 02:00:00,,-21.027
2012-11-12 03:00:00,,-21.014
2012-11-12 04:00:00,,-21.018
2012-11-12 05:00:00,,-21.015
2012-11-12 06:00:00,,-21.023
2012-11-12 07:00:00,,-21.028
2012-11-12 08:00:00,,-21.025
2012-11-12 09:00:00,,-21.035
2012-11-12 10:00:00,,-21.03
2012-11-12 11:00:00,,-21.023
2012-11-12 12:00:00,,-21.027
2012-11-12 13:00:00,,-21.018
2012-11-12 14:00:00,,-21.012
2012-11-12 15:00:00,,-21.005
2012-11-12 16:00:00,,-20.993
2012-11-12 17:00:00,,-21.003
2012-11-12 18:00:00,,-21.002
2012-11-12 19:00:00,,-21.015
2012-11-12 20:00:00,,-21.016
2012-11-12 21:00:00,,-21.016
2012-11-12 22:00:00,,-21.026
2012-11-12 23:00:00,,-21.035
2012-11-13 00:00:00,,-21.027
2012-11-13 01:00:00,,-21.014
2012-11-13 02:00:00,,-21.025
2012-11-13 03:00:00,,-21.014
2012-11-13 04:00:00,,-21.018
2012-11-13 05:00:00,,-21.009
2012-11-13 06:00:00,,-21.017
2012-11-13 07:00:00,,-21.033
2012-11-13 08:00:00,,-21.023
2012-11-13 09:00:00,,-21.038
2012-11-13 10:00:00,,-21.037
2012-11-13 11:00:00,,-21.028
2012-11-13 12:00:00,,-21.022
2012-11-13 13:00:00,,-21.012
2012-11-13 14:00:00,,-20.997
2012-11-13 15:00:00,,-21.003
2012-11-13 16:00:00,,-21
2012-11-13 17:00:00,,-20.999
2012-11-13 18:00:00,,-20.99
2012-11-13 19:00:00,,-21.007
2012-11-13 20:00:00,,-21.004
2012-11-13 21:00:00,,-21.022
2012-11-13 22:00:00,,-21.016
2012-11-13 23:00:00,,-21.03
2012-11-14 00:00:00,,-21.015
2012-11-14 01:00:00,,-21.026
2012-11-14 02:00:00,,-21.008
2012-11-14 03:00:00,,-21.005
2012-11-14 04:00:00,,-21.013
2012-11-14 05:00:00,,-21.02
2012-11-14 06:00:00,,-21.023
2012-11-14 07:00:00,,-21.016
2012-11-14 08:00:00,,-21.02
2012-11-14 09:00:00,,-21.036
2012-11-14 10:00:00,,-21.029
2012-11-14 11:00:00,,-21.022
2012-11-14 12:00:00,,-21.013
2012-11-14 13:00:00,,-21.019
2012-11-14 14:00:00,,-21.005
2012-11-14 15:00:00,,-20.995
2012-11-14 16:00:00,,-20.993
2012-11-14 17:00:00,,-20.996
2012-11-14 18:00:00,,-20.999
2012-11-14 19:00:00,,-20.999
2012-11-14 20:00:00,,-20.999
2012-11-14 21:00:00,,-21.016
2012-11-14 22:00:00,,-21.017
2012-11-14 23:00:00,,-21.016
2012-11-15 00:00:00,,-21.026
2012-11-15 01:00:00,,-21.012
2012-11-15 02:00:00,,-21.02
2012-11-15 03:00:00,,-21.01
2012-11-15 04:00:00,,-21.013
2012-11-15 05:00:00,,-21.013
2012-11-15 06:00:00,,-21.016
2012-11-15 07:00:00,,-21.013
2012-11-15 08:00:00,,-21.025
2012-11-15 09:00:00,,-21.027
2012-11-15 10:00:00,,-21.015
2012-11-15 11:00:00,,-21.017
2012-11-15 12:00:00,,-21.004
2012-11-15 13:00:00,,-20.999
2012-11-15 14:00:00,,-20.997
2012-11-15 15:00:00,,-20.987
2012-11-15 16:00:00,,-20.994
2012-11-15 17:00:00,,-20.981
2012-11-15 18:00:00,,-20.986
2012-11-15 19:00:00,,-20.992
2012-11-15 20:00:00,,-21.004
2012-11-15 21:00:00,,-21.003
2012-11-15 22:00:00,,-21.002
2012-11-15 23:00:00,,-21.02
2012-11-16 00:00:00,,-21.01
2012-11-16 01:00:00,,-21.012
2012-11-16 02:00:00,,-20.999
2012-11-16 03:00:00,,-20.997
2012-11-16 04:00:00,,-21.003
2012-11-16 05:00:00,,-21.001
2012-11-16 06:00:00,,-21.016
2012-11-16 07:00:00,,-21.006
2012-11-16 08:00:00,,-21.022
2012-11-16 09:00:00,,-21.023
2012-11-16 10:00:00,,-21.016
2012-11-16 11:00:00,,-21.009
2012-11-16 12:00:00,,-21.015
2012-11-16 13:00:00,,-20.996
2012-11-16 14:00:00,,-21.006
2012-11-16 15:00:00,,-21
2012-11-16 16:00:00,,-20.985
2012-11-16 17:00:00,,-20.984
2012-11-16 18:00:00,,-21.005
2012-11-16 19:00:00,,-21
2012-11-16 20:00:00,,-21.021
2012-11-16 21:00:00,,-21.025
2012-11-16 22:00:00,,-21.028
2012-11-16 23:00:00,,-21.015
2012-11-17 00:00:00,,-21.026
2012-11-17 01:00:00,,-21.011
2012-11-17 02:00:00,,-21.018
2012-11-17 03:00:00,,-21.005
2012-11-17 04:00:00,,-21.019
2012-11-17 05:00:00,,-21.012
2012-11-17 06:00:00,,-21.012
2012-11-17 07:00:00,,-21.015
2012-11-17 08:00:00,,-21.023
2012-11-17 09:00:00,,-21.02
2012-11-17 10:00:00,,-21.023
2012-11-17 11:00:00,,-21.026
2012-11-17 12:00:00,,-21.018
2012-11-17 13:00:00,,-21.016
2012-11-17 14:00:00,,-21.002
2012-11-17 15:00:00,,-20.989
2012-11-17 16:00:00,,-20.993
2012-11-17 17:00:00,,-20.984
2012-11-17 18:00:00,,-20.988
2012-11-17 19:00:00,,-20.986
2012-11-17 20:00:00,,-21.006
2012-11-17 21:00:00,,-21.006
2012-11-17 22:00:00,,-21.02
2012-11-17 23:00:00,,-21.026
2012-11-18 00:00:00,,-21.025
2012-11-18 01:00:00,,-21.019
2012-11-18 02:00:00,,-21.016
2012-11-18 03:00:00,,-21.029
2012-11-18 04:00:00,,-21.035
2012-11-18 05:00:00,,-21.037
2012-11-18 06:00:00,,-21.031
2012-11-18 07:00:00,,-21.044
2012-11-18 08:00:00,,-21.042
2012-11-18 09:00:00,,-21.038
2012-11-18 10:00:00,,-21.023
2012-11-18 11:00:00,,-21.033
2012-11-18 12:00:00,,-21.014
2012-11-18 13:00:00,,-21.008
2012-11-18 14:00:00,,-21.015
2012-11-18 15:00:00,,-21.003
2012-11-18 16:00:00,,-21.004
2012-11-18 17:00:00,,-20.987
2012-11-18 18:00:00,,-20.998
2012-11-18 19:00:00,,-20.993
2012-11-18 20:00:00,,-21.009
2012-11-18 21:00:00,,-21.005
2012-11-18 22:00:00,,-21.013
2012-11-18 23:00:00,,-21.02
2012-11-19 00:00:00,,-21.017
2012-11-19 01:00:00,,-21.028
2012-11-19 02:00:00,,-21.021
2012-11-19 03:00:00,,-21.015
2012-11-19 04:00:00,,-21.029
2012-11-19 05:00:00,,-21.027
2012-11-19 06:00:00,,-21.02
2012-11-19 07:00:00,,-21.037
2012-11-19 08:00:00,,-21.039
2012-11-19 09:00:00,,-21.026
2012-11-19 10:00:00,,-21.037
2012-11-19 11:00:00,,-21.031
2012-11-19 12:00:00,,-21.013
2012-11-19 13:00:00,,-21.004
2012-11-19 14:00:00,,-21.008
2012-11-19 15:00:00,,-20.992
2012-11-19 16:00:00,,-21.003
2012-11-19 17:00:00,,-20.99
2012-11-19 18:00:00,,-20.994
2012-11-19 19:00:00,,-20.998
2012-11-19 20:00:00,,-20.998
2012-11-19 21:00:00,,-21.017
2012-11-19 22:00:00,,-21.008
2012-11-19 23:00:00,,-21.012
2012-11-20 00:00:00,,-21.01
2012-11-20 01:00:00,,-21.007
2012-11-20 02:00:00,,-21.02
2012-11-20 03:00:00,,-21.013
2012-11-20 04:00:00,,-21.028
2012-11-20 05:00:00,,-21.03
2012-11-20 06:00:00,,-21.022
2012-11-20 07:00:00,,-21.034
2012-11-20 08:00:00,,-21.034
2012-11-20 09:00:00,,-21.036
2012-11-20 10:00:00,,-21.027
2012-11-20 11:00:00,,-21.035
2012-11-20 12:00:00,,-21.025
2012-11-20 13:00:00,,-21.005
2012-11-20 14:00:00,,-20.998
2012-11-20 15:00:00,,-20.995
2012-11-20 16:00:00,,-21
2012-11-20 17:00:00,,-21.005
2012-11-20 18:00:00,,-20.991
2012-11-20 19:00:00,,-21
2012-11-20 20:00:00,,-20.998
2012-11-20 21:00:00,,-21.014
2012-11-20 22:00:00,,-21.005
2012-11-20 23:00:00,,-21.01
2012-11-21 00:00:00,,-21.018
2012-11-21 01:00:00,,-21.008
2012-11-21 02:00:00,,-21.008
2012-11-21 03:00:00,,-21.009
2012-11-21 04:00:00,,-21.018
2012-11-21 05:00:00,,-21.026
2012-11-21 06:00:00,,-21.024
2012-11-21 07:00:00,,-21.024
2012-11-21 08:00:00,,-21.027
2012-11-21 09:00:00,,-21.035
2012-11-21 10:00:00,,-21.034
2012-11-21 11:00:00,,-21.023
2012-11-21 12:00:00,,-21.023
2012-11-21 13:00:00,,-21.016
2012-11-21 14:00:00,,-21.01
2012-11-21 15:00:00,,-20.998
2012-11-21 16:00:00,,-21.002
2012-11-21 17:00:00,,-20.991
2012-11-21 18:00:00,,-20.999
2012-11-21 19:00:00,,-21.014
2012-11-21 20:00:00,,-21.007
2012-11-21 21:00:00,,-21.025
2012-11-21 22:00:00,,-21.028
2012-11-21 23:00:00,,-21.031
2012-11-22 00:00:00,,-21.018
2012-11-22 01:00:00,,-21.013
2012-11-22 02:00:00,,-21.007
2012-11-22 03:00:00,,-21.007
2012-11-22 04:00:00,,-21.015
2012-11-22 05:00:00,,-21.019
2012-11-22 06:00:00,,-21.017
2012-11-22 07:00:00,,-21.036
2012-11-22 08:00:00,,-21.039
2012-11-22 09:00:00,,-21.041
2012-11-22 10:00:00,,-21.036
2012-11-22 11:00:00,,-21.029
2012-11-22 12:00:00,,-21.02
2012-11-22 13:00:00,,-21.001
2012-11-22 14:00:00,,-21.007
2012-11-22 15:00:00,,-21.001
2012-11-22 16:00:00,,-20.993
2012-11-22 17:00:00,,-20.988
2012-11-22 18:00:00,,-20.994
2012-11-22 19:00:00,,-21.013
2012-11-22 20:00:00,,-21.02
2012-11-22 21:00:00,,-21.023
2012-11-22 22:00:00,,-21.013
2012-11-22 23:00:00,,-21.026
2012-11-23 00:00:00,,-21.025
2012-11-23 01:00:00,,-21.009
2012-11-23 02:00:00,,-21.016
2012-11-23 03:00:00,,-20.999
2012-11-23 04:00:00,,-21.014
2012-11-23 05:00:00,,-21.005
2012-11-23 06:00:00,,-21.014
2012-11-23 07:00:00,,-21.019
2012-11-23 08:00:00,,-21.023
2012-11-23 09:00:00,,-21.033
2012-11-23 10:00:00,,-21.021
2012-11-23 11:00:00,,-21.019
2012-11-23 12:00:00,,-21.009
2012-11-23 13:00:00,,-21
2012-11-23 14:00:00,,-21.007
2012-11-23 15:00:00,,-20.991
2012-11-23 16:00:00,,-21.001
2012-11-23 17:00:00,,-20.99
2012-11-23 18:00:00,,-21.003
2012-11-23 19:00:00,,-21.008
2012-11-23 20:00:00,,-21.001
2012-11-23 21:00:00,,-21.015
2012-11-23 22:00:00,,-21.017
2012-11-23 23:00:00,,-21.026
2012-11-24 00:00:00,,-21.009
2012-11-24 01:00:00,,-21.002
2012-11-24 02:00:00,,-21.004
2012-11-24 03:00:00,,-21.019
2012-11-24 04:00:00,,-21.024
2012-11-24 05:00:00,,-21.033
2012-11-24 06:00:00,,-21.039
2012-11-24 07:00:00,,-21.043
2012-11-24 08:00:00,,-21.032
2012-11-24 09:00:00,,-21.043
2012-11-24 10:00:00,,-21.027
2012-11-24 11:00:00,,-21.022
2012-11-24 12:00:00,,-21.017
2012-11-24 13:00:00,,-21.005
2012-11-24 14:00:00,,-21.006
2012-11-24 15:00:00,,-20.988
2012-11-24 16:00:00,,-20.985
2012-11-24 17:00:00,,-21
2012-11-24 18:00:00,,-21.004
2012-11-24 19:00:00,,-21.009
2012-11-24 20:00:00,,-21.014
2012-11-24 21:00:00,,-21.017
2012-11-24 22:00:00,,-21.022
2012-11-24 23:00:00,,-21.012
2012-11-25 00:00:00,,-21.01
2012-11-25 01:00:00,,-21.017
2012-11-25 02:00:00,,-21.014
2012-11-25 03:00:00,,-21.004
2012-11-25 04:00:00,,-21.005
2012-11-25 05:00:00,,-21.019
2012-11-25 06:00:00,,-21.025
2012-11-25 07:00:00,,-21.028
2012-11-25 08:00:00,,-21.034
2012-11-25 09:00:00,,-21.041
2012-11-25 10:00:00,,-21.028
2012-11-25 11:00:00,,-21.024
2012-11-25 12:00:00,,-21.029
2012-11-25 13:00:00,,-21.006
2012-11-25 14:00:00,,-20.998
2012-11-25 15:00:00,,-21.002
2012-11-25 16:00:00,,-20.984
2012-11-25 17:00:00,,-20.985
2012-11-25 18:00:00,,-21.003
2012-11-25 19:00:00,,-20.999
2012-11-25 20:00:00,,-21.011
2012-11-25 21:00:00,,-21.039
2012-11-25 22:00:00,,-21.035
2012-11-25 23:00:00,,-21.041
2012-11-26 00:00:00,,-21.039
2012-11-26 01:00:00,,-21.023
2012-11-26 02:00:00,,-21.01
2012-11-26 03:00:00,,-21.014
2012-11-26 04:00:00,,-21
2012-11-26 05:00:00,,-21.007
2012-11-26 06:00:00,,-21.025
2012-11-26 07:00:00,,-21.017
2012-11-26 08:00:00,,-21.019
2012-11-26 09:00:00,,-21.033
2012-11-26 10:00:00,,-21.024
2012-11-26 11:00:00,,-21.015
2012-11-26 12:00:00,,-21.019
2012-11-26 13:00:00,,-20.995
2012-11-26 14:00:00,,-20.999
2012-11-26 15:00:00,,-20.994
2012-11-26 16:00:00,,-20.99
2012-11-26 17:00:00,,-20.978
2012-11-26 18:00:00,,-20.986
2012-11-26 19:00:00,,-20.989
2012-11-26 20:00:00,,-20.996
2012-11-26 21:00:00,,-21.014
2012-11-26 22:00:00,,-21.008
2012-11-26 23:00:00,,-21.024
2012-11-27 00:00:00,,-21.02
2012-11-27 01:00:00,,-21.015
2012-11-27 02:00:00,,-21.014
2012-11-27 03:00:00,,-21.003
2012-11-27 04:00:00,,-21.012
2012-11-27 05:00:00,,-20.998
2012-11-27 06:00:00,,-21.004
2012-11-27 07:00:00,,-21.013
2012-11-27 08:00:00,,-21.025
2012-11-27 09:00:00,,-21.019
2012-11-27 10:00:00,,-21.025
2012-11-27 11:00:00,,-21.024
2012-11-27 12:00:00,,-21.027
2012-11-27 13:00:00,,-21.019
2012-11-27 14:00:00,,-21.013
2012-11-27 15:00:00,,-21.004
2012-11-27 16:00:00,,-20.989
2012-11-27 17:00:00,,-20.985
2012-11-27 18:00:00,,-20.986
2012-11-27 19:00:00,,-20.992
2012-11-27 20:00:00,,-21.009
2012-11-27 21:00:00,,-21.004
2012-11-27 22:00:00,,-21.022
2012-11-27 23:00:00,,-21.012
2012-11-28 00:00:00,,-21.014
2012-11-28 01:00:00,,-21.007
2012-11-28 02:00:00,,-21.008
2012-11-28 03:00:00,,-21.01
2012-11-28 04:00:00,,-21.01
2012-11-28 05:00:00,,-21.011
2012-11-28 06:00:00,,-21.012
2012-11-28 07:00:00,,-21.019
2012-11-28 08:00:00,,-21.02
2012-11-28 09:00:00,,-21.021
2012-11-28 10:00:00,,-21.03
2012-11-28 11:00:00,,-21.014
2012-11-28 12:00:00,,-21.006
2012-11-28 13:00:00,,-21.002
2012-11-28 14:00:00,,-21.004
2012-11-28 15:00:00,,-20.995
2012-11-28 16:00:00,,-20.991
2012-11-28 17:00:00,,-20.971
2012-11-28 18:00:00,,-20.987
2012-11-28 19:00:00,,-20.981
2012-11-28 20:00:00,,-20.987
2012-11-28 21:00:00,,-21.007
2012-11-28 22:00:00,,-21.015
2012-11-28 23:00:00,,-21.017
2012-11-29 00:00:00,,-21.007
2012-11-29 01:00:00,,-21.004
2012-11-29 02:00:00,,-21.014
2012-11-29 03:00:00,,-20.998
2012-11-29 04:00:00,,-20.998
2012-11-29 05:00:00,,-21.011
2012-11-29 06:00:00,,-21.019
2012-11-29 07:00:00,,-21.023
2012-11-29 08:00:00,,-21.032
2012-11-29 09:00:00,,-21.032
2012-11-29 10:00:00,,-21.024
2012-11-29 11:00:00,,-21.015
2012-11-29 12:00:00,,-21.022
2012-11-29 13:00:00,,-21.003
2012-11-29 14:00:00,,-20.998
2012-11-29 15:00:00,,-20.986
2012-11-29 16:00:00,,-20.981
2012-11-29 17:00:00,,-20.988
2012-11-29 18:00:00,,-20.989
2012-11-29 19:00:00,,-20.994
2012-11-29 20:00:00,,-21.008
2012-11-29 21:00:00,,-21.02
2012-11-29 22:00:00,,-21.039
2012-11-29 23:00:00,,-21.029
2012-11-30 00:00:00,,-21.039
2012-11-30 01:00:00,,-21.022
2012-11-30 02:00:00,,-21.012
2012-11-30 03:00:00,,-21.012
2012-11-30 04:00:00,,-21.02
2012-11-30 05:00:00,,-21.008
2012-11-30 06:00:00,,-21.019
2012-11-30 07:00:00,,-21.012
2012-11-30 08:00:00,,-21.026
2012-11-30 09:00:00,,-21.03
2012-11-30 10:00:00,,-21.031
2012-11-30 11:00:00,,-21.03
2012-11-30 12:00:00,,-21.024
2012-11-30 13:00:00,,-21.015
2012-11-30 14:00:00,,-20.996
2012-11-30 15:00:00,,-21.005
2012-11-30 16:00:00,,-20.989
2012-11-30 17:00:00,,-21.002
2012-11-30 18:00:00,,-21.003
2012-11-30 19:00:00,,-21.01
2012-11-30 20:00:00,,-21.016
2012-11-30 21:00:00,,-21.023
2012-11-30 22:00:00,,-21.021
2012-11-30 23:00:00,,-21.02
2012-12-01 00:00:00,,-21.023
2012-12-01 01:00:00,,-21.024
2012-12-01 02:00:00,,-21.023
2012-12-01 03:00:00,,-21.007
2012-12-01 04:00:00,,-21.022
2012-12-01 05:00:00,,-21.016
2012-12-01 06:00:00,,-21.032
2012-12-01 07:00:00,,-21.033
2012-12-01 08:00:00,,-21.042
2012-12-01 09:00:00,,-21.045
2012-12-01 10:00:00,,-21.036
2012-12-01 11:00:00,,-21.026
2012-12-01 12:00:00,,-21.02
2012-12-01 13:00:00,,-21.014
2012-12-01 14:00:00,,-21.016
2012-12-01 15:00:00,,-21.012
2012-12-01 16:00:00,,-21.009
2012-12-01 17:00:00,,-21.008
2012-12-01 18:00:00,,-21.01
2012-12-01 19:00:00,,-21.015
2012-12-01 20:00:00,,-21.016
2012-12-01 21:00:00,,-21.019
2012-12-01 22:00:00,,-21.019
2012-12-01 23:00:00,,-21.033
2012-12-02 00:00:00,,-21.031
2012-12-02 01:00:00,,-21.024
2012-12-02 02:00:00,,-21.034
2012-12-02 03:00:00,,-21.017
2012-12-02 04:00:00,,-21.032
2012-12-02 05:00:00,,-21.031
2012-12-02 06:00:00,,-21.032
2012-12-02 07:00:00,,-21.024
2012-12-02 08:00:00,,-21.038
2012-12-02 09:00:00,,-21.041
2012-12-02 10:00:00,,-21.044
2012-12-02 11:00:00,,-21.041
2012-12-02 12:00:00,,-21.022
2012-12-02 13:00:00,,-21.014
2012-12-02 14:00:00,,-21.02
2012-12-02 15:00:00,,-21.013
2012-12-02 16:00:00,,-21
2012-12-02 17:00:00,,-21.011
2012-12-02 18:00:00,,-21.012
2012-12-02 19:00:00,,-21
2012-12-02 20:00:00,,-21.016
2012-12-02 21:00:00,,-21.021
2012-12-02 22:00:00,,-21.015
2012-12-02 23:00:00,,-21.029
2012-12-03 00:00:00,,-21.027
2012-12-03 01:00:00,,-21.017
2012-12-03 02:00:00,,-21.012
2012-12-03 03:00:00,,-21.012
2012-12-03 04:00:00,,-21.01
2012-12-03 05:00:00,,-21.011
2012-12-03 06:00:00,,-21.019
2012-12-03 07:00:00,,-21.022
2012-12-03 08:00:00,,-21.038
2012-12-03 09:00:00,,-21.029
2012-12-03 10:00:00,,-21.04
2012-12-03 11:00:00,,-21.022
2012-12-03 12:00:00,,-21.029
2012-12-03 13:00:00,,-21.008
2012-12-03 14:00:00,,-21
2012-12-03 15:00:00,,-21.002
2012-12-03 16:00:00,,-20.994
2012-12-03 17:00:00,,-20.997
2012-12-03 18:00:00,,-21.004
2012-12-03 19:00:00,,-21.007
2012-12-03 20:00:00,,-21.005
2012-12-03 21:00:00,,-21.023
2012-12-03 22:00:00,,-21.025
2012-12-03 23:00:00,,-21.029
2012-12-04 00:00:00,,-21.012
2012-12-04 01:00:00,,-21.011
2012-12-04 02:00:00,,-21.004
2012-12-04 03:00:00,,-21.013
2012-12-04 04:00:00,,-21.016
2012-12-04 05:00:00,,-21.006
2012-12-04 06:00:00,,-21.017
2012-12-04 07:00:00,,-21.022
2012-12-04 08:00:00,,-21.032
2012-12-04 09:00:00,,-21.037
2012-12-04 10:00:00,,-21.032
2012-12-04 11:00:00,,-21.026
2012-12-04 12:00:00,,-21.024
2012-12-04 13:00:00,,-21.03
2012-12-04 14:00:00,,-21.015
2012-12-04 15:00:00,,-21.011
2012-12-04 16:00:00,,-21.01
2012-12-04 17:00:00,,-21.02
2012-12-04 18:00:00,,-21.01
2012-12-04 19:00:00,,-21.025
2012-12-04 20:00:00,,-21.018
2012-12-04 21:00:00,,-21.02
2012-12-04 22:00:00,,-21.019
2012-12-04 23:00:00,,-21.028
2012-12-05 00:00:00,,-21.015
2012-12-05 01:00:00,,-21.019
2012-12-05 02:00:00,,-21.007
2012-12-05 03:00:00,,-21.015
2012-12-05 04:00:00,,-21.005
2012-12-05 05:00:00,,-21.022
2012-12-05 06:00:00,,-21.019
2012-12-05 07:00:00,,-21.017
2012-12-05 08:00:00,,-21.029
2012-12-05 09:00:00,,-21.033
2012-12-05 10:00:00,,-21.034
2012-12-05 11:00:00,,-21.024
2012-12-05 12:00:00,,-21.02
2012-12-05 13:00:00,,-21.008
2012-12-05 14:00:00,,-21.014
2012-12-05 15:00:00,,-21.01
2012-12-05 16:00:00,,-21.005
2012-12-05 17:00:00,,-20.994
2012-12-05 18:00:00,,-21.01
2012-12-05 19:00:00,,-21.014
2012-12-05 20:00:00,,-21.013
2012-12-05 21:00:00,,-21.025
2012-12-05 22:00:00,,-21.026
2012-12-05 23:00:00,,-21.026
2012-12-06 00:00:00,,-21.028
2012-12-06 01:00:00,,-21.027
2012-12-06 02:00:00,,-21.013
2012-12-06 03:00:00,,-21.021
2012-12-06 04:00:00,,-21.008
2012-12-06 05:00:00,,-21.011
2012-12-06 06:00:00,,-21.023
2012-12-06 07:00:00,,-21.021
2012-12-06 08:00:00,,-21.022
2012-12-06 09:00:00,,-21.035
2012-12-06 10:00:00,,-21.024
2012-12-06 11:00:00,,-21.028
2012-12-06 12:00:00,,-21.023
2012-12-06 13:00:00,,-21.006
2012-12-06 14:00:00,,-21.01
2012-12-06 15:00:00,,-21.004
2012-12-06 16:00:00,,-21.004
2012-12-06 17:00:00,,-21.002
2012-12-06 18:00:00,,-21.005
2012-12-06 19:00:00,,-21.004
2012-12-06 20:00:00,,-21.015
2012-12-06 21:00:00,,-21.008
2012-12-06 22:00:00,,-21.016
2012-12-06 23:00:00,,-21.023
2012-12-07 00:00:00,,-21.007
2012-12-07 01:00:00,,-21.017
2012-12-07 02:00:00,,-21.018
2012-12-07 03:00:00,,-21.018
2012-12-07 04:00:00,,-21.014
2012-12-07 05:00:00,,-21.013
2012-12-07 06:00:00,,-21.029
2012-12-07 07:00:00,,-21.024
2012-12-07 08:00:00,,-21.027
2012-12-07 09:00:00,,-21.023
2012-12-07 10:00:00,,-21.023
2012-12-07 11:00:00,,-21.03
2012-12-07 12:00:00,,-21.023
2012-12-07 13:00:00,,-21.004
2012-12-07 14:00:00,,-21.005
2012-12-07 15:00:00,,-21.001
2012-12-07 16:00:00,,-20.998
2012-12-07 17:00:00,,-20.986
2012-12-07 18:00:00,,-20.999
2012-12-07 19:00:00,,-20.992
2012-12-07 20:00:00,,-21.009
2012-12-07 21:00:00,,-21.001
2012-12-07 22:00:00,,-21.017
2012-12-07 23:00:00,,-21.009
2012-12-08 00:00:00,,-21.019
2012-12-08 01:00:00,,-21.005
2012-12-08 02:00:00,,-21.016
2012-12-08 03:00:00,,-21.014
2012-12-08 04:00:00,,-21.013
2012-12-08 05:00:00,,-21.011
2012-12-08 06:00:00,,-21.009
2012-12-08 07:00:00,,-21.027
2012-12-08 08:00:00,,-21.031
2012-12-08 09:00:00,,-21.033
2012-12-08 10:00:00,,-21.019
2012-12-08 11:00:00,,-21.025
2012-12-08 12:00:00,,-21.009
2012-12-08 13:00:00,,-21.007
2012-12-08 14:00:00,,-20.99
2012-12-08 15:00:00,,-20.997
2012-12-08 16:00:00,,-20.994
2012-12-08 17:00:00,,-20.993
2012-12-08 18:00:00,,-20.983
2012-12-08 19:00:00,,-20.991
2012-12-08 20:00:00,,-21.008
2012-12-08 21:00:00,,-21.013
2012-12-08 22:00:00,,-21.012
2012-12-08 23:00:00,,-21.01
2012-12-09 00:00:00,,-21.007
2012-12-09 01:00:00,,-21.01
2012-12-09 02:00:00,,-21.009
2012-12-09 03:00:00,,-21.014
2012-12-09 04:00:00,,-21.01
2012-12-09 05:00:00,,-21.022
2012-12-09 06:00:00,,-21.027
2012-12-09 07:00:00,,-21.033
2012-12-09 08:00:00,,-21.025
2012-12-09 09:00:00,,-21.036
2012-12-09 10:00:00,,-21.031
2012-12-09 11:00:00,,-21.025
2012-12-09 12:00:00,,-21.022
2012-12-09 13:00:00,,-21.005
2012-12-09 14:00:00,,-20.992
2012-12-09 15:00:00,,-21.002
2012-12-09 16:00:00,,-20.997
2012-12-09 17:00:00,,-20.989
2012-12-09 18:00:00,,-21.003
2012-12-09 19:00:00,,-21.012
2012-12-09 20:00:00,,-21.022
2012-12-09 21:00:00,,-21.03
2012-12-09 22:00:00,,-21.034
2012-12-09 23:00:00,,-21.022
2012-12-10 00:00:00,,-21.034
2012-12-10 01:00:00,,-21.013
2012-12-10 02:00:00,,-21.022
2012-12-10 03:00:00,,-21.02
2012-12-10 04:00:00,,-21.019
2012-12-10 05:00:00,,-21.013
2012-12-10 06:00:00,,-21.024
2012-12-10 07:00:00,,-21.039
2012-12-10 08:00:00,,-21.029
2012-12-10 09:00:00,,-21.029
2012-12-10 10:00:00,,-21.037
2012-12-10 11:00:00,,-21.017
2012-12-10 12:00:00,,-21.007
2012-12-10 13:00:00,,-21.006
2012-12-10 14:00:00,,-20.993
2012-12-10 15:00:00,,-21.001
2012-12-10 16:00:00,,-20.995
2012-12-10 17:00:00,,-20.999
2012-12-10 18:00:00,,-21.003
2012-12-10 19:00:00,,-20.999
2012-12-10 20:00:00,,-21.006
2012-12-10 21:00:00,,-21.018
2012-12-10 22:00:00,,-21.022
2012-12-10 23:00:00,,-21.028
2012-12-11 00:00:00,,-21.017
2012-12-11 01:00:00,,-21.01
2012-12-11 02:00:00,,-21.017
2012-12-11 03:00:00,,-21.016
2012-12-11 04:00:00,,-21.01
2012-12-11 05:00:00,,-21.021
2012-12-11 06:00:00,,-21.032
2012-12-11 07:00:00,,-21.034
2012-12-11 08:00:00,,-21.037
2012-12-11 09:00:00,,-21.026
2012-12-11 10:00:00,,-21.028
2012-12-11 11:00:00,,-21.029
2012-12-11 12:00:00,,-21.022
2012-12-11 13:00:00,,-21.012
2012-12-11 14:00:00,,-20.996
2012-12-11 15:00:00,,-20.996
2012-12-11 16:00:00,,-20.992
2012-12-11 17:00:00,,-20.992
2012-12-11 18:00:00,,-20.982
2012-12-11 19:00:00,,-20.999
2012-12-11 20:00:00,,-20.994
2012-12-11 21:00:00,,-21.005
2012-12-11 22:00:00,,-21.023
2012-12-11 23:00:00,,-21.021
2012-12-12 00:00:00,,-21.024
2012-12-12 01:00:00,,-21.009
2012-12-12 02:00:00,,-21.002
2012-12-12 03:00:00,,-21.008
2012-12-12 04:00:00,,-21.004
2012-12-12 05:00:00,,-21.019
2012-12-12 06:00:00,,-21.013
2012-12-12 07:00:00,,-21.03
2012-12-12 08:00:00,,-21.024
2012-12-12 09:00:00,,-21.028
2012-12-12 10:00:00,,-21.038
2012-12-12 11:00:00,,-21.031
2012-12-12 12:00:00,,-21.023
2012-12-12 13:00:00,,-21.014
2012-12-12 14:00:00,,-21.005
2012-12-12 15:00:00,,-20.986
2012-12-12 16:00:00,,-20.99
2012-12-12 17:00:00,,-20.978
2012-12-12 18:00:00,,-20.991
2012-12-12 19:00:00,,-20.986
2012-12-12 20:00:00,,-21.006
2012-12-12 21:00:00,,-21.001
2012-12-12 22:00:00,,-21.017
2012-12-12 23:00:00,,-21.017
2012-12-13 00:00:00,,-21.014
2012-12-13 01:00:00,,-21.013
2012-12-13 02:00:00,,-21.012
2012-12-13 03:00:00,,-21.013
2012-12-13 04:00:00,,-20.998
2012-12-13 05:00:00,,-21.013
2012-12-13 06:00:00,,-21.011
2012-12-13 07:00:00,,-21.019
2012-12-13 08:00:00,,-21.016
2012-12-13 09:00:00,,-21.021
2012-12-13 10:00:00,,-21.018
2012-12-13 11:00:00,,-21.029
2012-12-13 12:00:00,,-21.023
2012-12-13 13:00:00,,-21.005
2012-12-13 14:00:00,,-20.997
2012-12-13 15:00:00,,-20.99
2012-12-13 16:00:00,,-20.996
2012-12-13 17:00:00,,-20.982
2012-12-13 18:00:00,,-20.984
2012-12-13 19:00:00,,-20.99
2012-12-13 20:00:00,,-21.01
2012-12-13 21:00:00,,-21.007
2012-12-13 22:00:00,,-21.023
2012-12-13 23:00:00,,-21.027
2012-12-14 00:00:00,,-21.031
2012-12-14 01:00:00,,-21.029
2012-12-14 02:00:00,,-21.014
2012-12-14 03:00:00,,-21.021
2012-12-14 04:00:00,,-21.011
2012-12-14 05:00:00,,-21.009
2012-12-14 06:00:00,,-21.005
2012-12-14 07:00:00,,-21.018
2012-12-14 08:00:00,,-21.03
2012-12-14 09:00:00,,-21.018
2012-12-14 10:00:00,,-21.017
2012-12-14 11:00:00,,-21.028
2012-12-14 12:00:00,,-21.007
2012-12-14 13:00:00,,-21.001
2012-12-14 14:00:00,,-20.997
2012-12-14 15:00:00,,-21
2012-12-14 16:00:00,,-20.988
2012-12-14 17:00:00,,-20.991
2012-12-14 18:00:00,,-20.993
2012-12-14 19:00:00,,-20.998
2012-12-14 20:00:00,,-20.998
2012-12-14 21:00:00,,-21.014
2012-12-14 22:00:00,,-21.012
2012-12-14 23:00:00,,-21.029
2012-12-15 00:00:00,,-21.015
2012-12-15 01:00:00,,-21.028
2012-12-15 02:00:00,,-21.028
2012-12-15 03:00:00,,-21.013
2012-12-15 04:00:00,,-21.02
2012-12-15 05:00:00,,-21.01
2012-12-15 06:00:00,,-21.011
2012-12-15 07:00:00,,-21.008
2012-12-15 08:00:00,,-21.017
2012-12-15 09:00:00,,-21.011
2012-12-15 10:00:00,,-21.009
2012-12-15 11:00:00,,-21.019
2012-12-15 12:00:00,,-21.003
2012-12-15 13:00:00,,-21.007
2012-12-15 14:00:00,,-20.987
2012-12-15 15:00:00,,-20.977
2012-12-15 16:00:00,,-20.985
2012-12-15 17:00:00,,-20.974
2012-12-15 18:00:00,,-20.999
2012-12-15 19:00:00,,-21.015
2012-12-15 20:00:00,,-21.02
2012-12-15 21:00:00,,-21.008
2012-12-15 22:00:00,,-21.008
2012-12-15 23:00:00,,-21.006
2012-12-16 00:00:00,,-21.001
2012-12-16 01:00:00,,-21.013
2012-12-16 02:00:00,,-21.004
2012-12-16 03:00:00,,-21.003
2012-12-16 04:00:00,,-21.009
2012-12-16 05:00:00,,-21.014
2012-12-16 06:00:00,,-21.024
2012-12-16 07:00:00,,-21.022
2012-12-16 08:00:00,,-21.03
2012-12-16 09:00:00,,-21.017
2012-12-16 10:00:00,,-21.029
2012-12-16 11:00:00,,-21.026
2012-12-16 12:00:00,,-21.023
2012-12-16 13:00:00,,-21.007
2012-12-16 14:00:00,,-21
2012-12-16 15:00:00,,-20.99
2012-12-16 16:00:00,,-20.985
2012-12-16 17:00:00,,-20.994
2012-12-16 18:00:00,,-20.986
2012-12-16 19:00:00,,-20.998
2012-12-16 20:00:00,,-21.006
2012-12-16 21:00:00,,-21.017
2012-12-16 22:00:00,,-21.036
2012-12-16 23:00:00,,-21.029
2012-12-17 00:00:00,,-21.031
2012-12-17 01:00:00,,-21.022
2012-12-17 02:00:00,,-21.019
2012-12-17 03:00:00,,-21.011
2012-12-17 04:00:00,,-21.007
2012-12-17 05:00:00,,-21.01
2012-12-17 06:00:00,,-21.024
2012-12-17 07:00:00,,-21.015
2012-12-17 08:00:00,,-21.022
2012-12-17 09:00:00,,-21.017
2012-12-17 10:00:00,,-21.019
2012-12-17 11:00:00,,-21.022
2012-12-17 12:00:00,,-21.018
2012-12-17 13:00:00,,-21
2012-12-17 14:00:00,,-21.007
2012-12-17 15:00:00,,-21
2012-12-17 16:00:00,,-20.985
2012-12-17 17:00:00,,-20.991
2012-12-17 18:00:00,,-20.987
2012-12-17 19:00:00,,-20.99
2012-12-17 20:00:00,,-21.01
2012-12-17 21:00:00,,-21.012
2012-12-17 22:00:00,,-21.016
2012-12-17 23:00:00,,-21.029
2012-12-18 00:00:00,,-21.028
2012-12-18 01:00:00,,-21.025
2012-12-18 02:00:00,,-21.024
2012-12-18 03:00:00,,-21.027
2012-12-18 04:00:00,,-21.025
2012-12-18 05:00:00,,-21.024
2012-12-18 06:00:00,,-21.025
2012-12-18 07:00:00,,-21.028
2012-12-18 08:00:00,,-21.031
2012-12-18 09:00:00,,-21.018
2012-12-18 10:00:00,,-21.025
2012-12-18 11:00:00,,-21.023
2012-12-18 12:00:00,,-21.016
2012-12-18 13:00:00,,-21.004
2012-12-18 14:00:00,,-21
2012-12-18 15:00:00,,-21
2012-12-18 16:00:00,,-21.008
2012-12-18 17:00:00,,-21.003
2012-12-18 18:00:00,,-20.994
2012-12-18 19:00:00,,-21.005
2012-12-18 20:00:00,,-20.997
2012-12-18 21:00:00,,-21.016
2012-12-18 22:00:00,,-21.009
2012-12-18 23:00:00,,-21.01
2012-12-19 00:00:00,,-21.02
2012-12-19 01:00:00,,-21.016
2012-12-19 02:00:00,,-21.013
2012-12-19 03:00:00,,-20.996
2012-12-19 04:00:00,,-21.009
2012-12-19 05:00:00,,-21.011
2012-12-19 06:00:00,,-21.016
2012-12-19 07:00:00,,-21.02
2012-12-19 08:00:00,,-21.009
2012-12-19 09:00:00,,-21.012
2012-12-19 10:00:00,,-21.01
2012-12-19 11:00:00,,-21.023
2012-12-19 12:00:00,,-21.011
2012-12-19 13:00:00,,-21.013
2012-12-19 14:00:00,,-21.008
2012-12-19 15:00:00,,-20.992
2012-12-19 16:00:00,,-20.99
2012-12-19 17:00:00,,-20.986
2012-12-19 18:00:00,,-20.993
2012-12-19 19:00:00,,-21.009
2012-12-19 20:00:00,,-21.015
2012-12-19 21:00:00,,-21.006
2012-12-19 22:00:00,,-21.007
2012-12-19 23:00:00,,-21.022
2012-12-20 00:00:00,,-21.021
2012-12-20 01:00:00,,-21.007
2012-12-20 02:00:00,,-21.017
2012-12-20 03:00:00,,-21.015
2012-12-20 04:00:00,,-21.004
2012-12-20 05:00:00,,-21.008
2012-12-20 06:00:00,,-21.025
2012-12-20 07:00:00,,-21.017
2012-12-20 08:00:00,,-21.031
2012-12-20 09:00:00,,-21.02
2012-12-20 10:00:00,,-21.018
2012-12-20 11:00:00,,-21.027
2012-12-20 12:00:00,,-21.023
2012-12-20 13:00:00,,-21.015
2012-12-20 14:00:00,,-21.002
2012-12-20 15:00:00,,-21
2012-12-20 16:00:00,,-21.012
2012-12-20 17:00:00,,-21
2012-12-20 18:00:00,,-21.006
2012-12-20 19:00:00,,-21.019
2012-12-20 20:00:00,,-21.012
2012-12-20 21:00:00,,-21.018
2012-12-20 22:00:00,,-21.034
2012-12-20 23:00:00,,-21.023
2012-12-21 00:00:00,,-21.03
2012-12-21 01:00:00,,-21.026
2012-12-21 02:00:00,,-21.016
2012-12-21 03:00:00,,-21.009
2012-12-21 04:00:00,,-21.021
2012-12-21 05:00:00,,-21.012
2012-12-21 06:00:00,,-21.012
2012-12-21 07:00:00,,-21.028
2012-12-21 08:00:00,,-21.02
2012-12-21 09:00:00,,-21.022
2012-12-21 10:00:00,,-21.031
2012-12-21 11:00:00,,-21.016
2012-12-21 12:00:00,,-21.021
2012-12-21 13:00:00,,-21.004
2012-12-21 14:00:00,,-21.008
2012-12-21 15:00:00,,-21.003
2012-12-21 16:00:00,,-20.997
2012-12-21 17:00:00,,-20.995
2012-12-21 18:00:00,,-20.996
2012-12-21 19:00:00,,-20.991
2012-12-21 20:00:00,,-21.007
2012-12-21 21:00:00,,-21.002
2012-12-21 22:00:00,,-21.004
2012-12-21 23:00:00,,-21.018
2012-12-22 00:00:00,,-21.019
2012-12-22 01:00:00,,-21.017
2012-12-22 02:00:00,,-21.001
2012-12-22 03:00:00,,-21.012
2012-12-22 04:00:00,,-21.009
2012-12-22 05:00:00,,-21.007
2012-12-22 06:00:00,,-21.014
2012-12-22 07:00:00,,-21.021
2012-12-22 08:00:00,,-21.025
2012-12-22 09:00:00,,-21.024
2012-12-22 10:00:00,,-21.01
2012-12-22 11:00:00,,-21.022
2012-12-22 12:00:00,,-21.014
2012-12-22 13:00:00,,-20.997
2012-12-22 14:00:00,,-20.996
2012-12-22 15:00:00,,-20.985
2012-12-22 16:00:00,,-20.978
2012-12-22 17:00:00,,-20.988
2012-12-22 18:00:00,,-20.982
2012-12-22 19:00:00,,-20.989
2012-12-22 20:00:00,,-21.006
2012-12-22 21:00:00,,-20.999
2012-12-22 22:00:00,,-21.007
2012-12-22 23:00:00,,-21.023
2012-12-23 00:00:00,,-21.011
2012-12-23 01:00:00,,-21.01
2012-12-23 02:00:00,,-21.006
2012-12-23 03:00:00,,-21.007
2012-12-23 04:00:00,,-21.006
2012-12-23 05:00:00,,-21.014
2012-12-23 06:00:00,,-21.013
2012-12-23 07:00:00,,-21.031
2012-12-23 08:00:00,,-21.023
2012-12-23 09:00:00,,-21.021
2012-12-23 10:00:00,,-21.033
2012-12-23 11:00:00,,-21.019
2012-12-23 12:00:00,,-21.013
2012-12-23 13:00:00,,-21
2012-12-23 14:00:00,,-20.997
2012-12-23 15:00:00,,-20.999
2012-12-23 16:00:00,,-20.985
2012-12-23 17:00:00,,-20.995
2012-12-23 18:00:00,,-20.984
2012-12-23 19:00:00,,-20.99
2012-12-23 20:00:00,,-21.009
2012-12-23 21:00:00,,-21.012
2012-12-23 22:00:00,,-21.022
2012-12-23 23:00:00,,-21.026
2012-12-24 00:00:00,,-21.026
2012-12-24 01:00:00,,-21.021
2012-12-24 02:00:00,,-21.013
2012-12-24 03:00:00,,-21.004
2012-12-24 04:00:00,,-21.003
2012-12-24 05:00:00,,-21.02
2012-12-24 06:00:00,,-21.024
2012-12-24 07:00:00,,-21.024
2012-12-24 08:00:00,,-21.042
2012-12-24 09:00:00,,-21.042
2012-12-24 10:00:00,,-21.038
2012-12-24 11:00:00,,-21.024
2012-12-24 12:00:00,,-21.021
2012-12-24 13:00:00,,-21.007
2012-12-24 14:00:00,,-21.013
2012-12-24 15:00:00,,-21.001
2012-12-24 16:00:00,,-20.991
2012-12-24 17:00:00,,-20.991
2012-12-24 18:00:00,,-20.991
2012-12-24 19:00:00,,-20.998
2012-12-24 20:00:00,,-21.005
2012-12-24 21:00:00,,-21.011
2012-12-24 22:00:00,,-21.027
2012-12-24 23:00:00,,-21.034
2012-12-25 00:00:00,,-21.021
2012-12-25 01:00:00,,-21.025
2012-12-25 02:00:00,,-21.027
2012-12-25 03:00:00,,-21.016
2012-12-25 04:00:00,,-21.014
2012-12-25 05:00:00,,-21.026
2012-12-25 06:00:00,,-21.029
2012-12-25 07:00:00,,-21.023
2012-12-25 08:00:00,,-21.025
2012-12-25 09:00:00,,-21.036
2012-12-25 10:00:00,,-21.035
2012-12-25 11:00:00,,-21.034
2012-12-25 12:00:00,,-21.03
2012-12-25 13:00:00,,-21.011
2012-12-25 14:00:00,,-21.008
2012-12-25 15:00:00,,-21.009
2012-12-25 16:00:00,,-21.005
2012-12-25 17:00:00,,-20.989
2012-12-25 18:00:00,,-20.988
2012-12-25 19:00:00,,-20.993
2012-12-25 20:00:00,,-21.011
2012-12-25 21:00:00,,-21.009
2012-12-25 22:00:00,,-21.016
2012-12-25 23:00:00,,-21.021
2012-12-26 00:00:00,,-21.018
2012-12-26 01:00:00,,-21.024
2012-12-26 02:00:00,,-21.01
2012-12-26 03:00:00,,-21.021
2012-12-26 04:00:00,,-21.01
2012-12-26 05:00:00,,-21.01
2012-12-26 06:00:00,,-21.016
2012-12-26 07:00:00,,-21.023
2012-12-26 08:00:00,,-21.038
2012-12-26 09:00:00,,-21.027
2012-12-26 10:00:00,,-21.036
2012-12-26 11:00:00,,-21.018
2012-12-26 12:00:00,,-21.024
2012-12-26 13:00:00,,-21.014
2012-12-26 14:00:00,,-20.997
2012-12-26 15:00:00,,-20.989
2012-12-26 16:00:00,,-20.986
2012-12-26 17:00:00,,-20.977
2012-12-26 18:00:00,,-20.986
2012-12-26 19:00:00,,-20.985
2012-12-26 20:00:00,,-21.003
2012-12-26 21:00:00,,-21.009
2012-12-26 22:00:00,,-21.006
2012-12-26 23:00:00,,-21.012
2012-12-27 00:00:00,,-21.016
2012-12-27 01:00:00,,-21.012
2012-12-27 02:00:00,,-21.004
2012-12-27 03:00:00,,-21.012
2012-12-27 04:00:00,,-21.011
2012-12-27 05:00:00,,-21.021
2012-12-27 06:00:00,,-21.028
2012-12-27 07:00:00,,-21.023
2012-12-27 08:00:00,,-21.041
2012-12-27 09:00:00,,-21.027
2012-12-27 10:00:00,,-21.033
2012-12-27 11:00:00,,-21.033
2012-12-27 12:00:00,,-21.027
2012-12-27 13:00:00,,-21.019
2012-12-27 14:00:00,,-21.001
2012-12-27 15:00:00,,-20.994
2012-12-27 16:00:00,,-21.004
2012-12-27 17:00:00,,-21
2012-12-27 18:00:00,,-20.996
2012-12-27 19:00:00,,-21.009
2012-12-27 20:00:00,,-21.003
2012-12-27 21:00:00,,-21.018
2012-12-27 22:00:00,,-21.03
2012-12-27 23:00:00,,-21.02
2012-12-28 00:00:00,,-21.019
2012-12-28 01:00:00,,-21.017
2012-12-28 02:00:00,,-21.026
2012-12-28 03:00:00,,-21.024
2012-12-28 04:00:00,,-21.017
2012-12-28 05:00:00,,-21.014
2012-12-28 06:00:00,,-21.03
2012-12-28 07:00:00,,-21.033
2012-12-28 08:00:00,,-21.025
2012-12-28 09:00:00,,-21.03
2012-12-28 10:00:00,,-21.026
2012-12-28 11:00:00,,-21.035
2012-12-28 12:00:00,,-21.016
2012-12-28 13:00:00,,-21.017
2012-12-28 14:00:00,,-21.018
2012-12-28 15:00:00,,-21.011
2012-12-28 16:00:00,,-21.007
2012-12-28 17:00:00,,-20.992
2012-12-28 18:00:00,,-20.993
2012-12-28 19:00:00,,-21.01
2012-12-28 20:00:00,,-21.008
2012-12-28 21:00:00,,-21.02
2012-12-28 22:00:00,,-21.02
2012-12-28 23:00:00,,-21.023
2012-12-29 00:00:00,,-21.034
2012-12-29 01:00:00,,-21.021
2012-12-29 02:00:00,,-21.023
2012-12-29 03:00:00,,-21.016
2012-12-29 04:00:00,,-21.03
2012-12-29 05:00:00,,-21.019
2012-12-29 06:00:00,,-21.036
2012-12-29 07:00:00,,-21.034
2012-12-29 08:00:00,,-21.041
2012-12-29 09:00:00,,-21.041
2012-12-29 10:00:00,,-21.034
2012-12-29 11:00:00,,-21.031
2012-12-29 12:00:00,,-21.027
2012-12-29 13:00:00,,-21.015
2012-12-29 14:00:00,,-21.016
2012-12-29 15:00:00,,-20.999
2012-12-29 16:00:00,,-20.993
2012-12-29 17:00:00,,-20.992
2012-12-29 18:00:00,,-20.991
2012-12-29 19:00:00,,-21
2012-12-29 20:00:00,,-21.003
2012-12-29 21:00:00,,-21.012
2012-12-29 22:00:00,,-21.024
2012-12-29 23:00:00,,-21.022
2012-12-30 00:00:00,,-21.031
2012-12-30 01:00:00,,-21.029
2012-12-30 02:00:00,,-21.027
2012-12-30 03:00:00,,-21.016
2012-12-30 04:00:00,,-21.012
2012-12-30 05:00:00,,-21.026
2012-12-30 06:00:00,,-21.029
2012-12-30 07:00:00,,-21.032
2012-12-30 08:00:00,,-21.036
2012-12-30 09:00:00,,-21.026
2012-12-30 10:00:00,,-21.021
2012-12-30 11:00:00,,-21.031
2012-12-30 12:00:00,,-21.012
2012-12-30 13:00:00,,-21.015
2012-12-30 14:00:00,,-21.009
2012-12-30 15:00:00,,-21.002
2012-12-30 16:00:00,,-20.998
2012-12-30 17:00:00,,-20.985
2012-12-30 18:00:00,,-20.987
2012-12-30 19:00:00,,-21.005
2012-12-30 20:00:00,,-21.005
2012-12-30 21:00:00,,-21.015
2012-12-30 22:00:00,,-21.009
2012-12-30 23:00:00,,-21.027
2012-12-31 00:00:00,,-21.015
2012-12-31 01:00:00,,-21.012
2012-12-31 02:00:00,,-21.021
2012-12-31 03:00:00,,-21.011
2012-12-31 04:00:00,,-21.006
2012-12-31 05:00:00,,-21.018
2012-12-31 06:00:00,,-21.012
2012-12-31 07:00:00,,-21.022
2012-12-31 08:00:00,,-21.022
2012-12-31 09:00:00,,-21.025
2012-12-31 10:00:00,,-21.026
2012-12-31 11:00:00,,-21.012
2012-12-31 12:00:00,,-21.012
2012-12-31 13:00:00,,-21.015
2012-12-31 14:00:00,,-21
2012-12-31 15:00:00,,-21.007
2012-12-31 16:00:00,,-20.993
2012-12-31 17:00:00,,-21.003
2012-12-31 18:00:00,,-21.005
2012-12-31 19:00:00,,-21.003
2012-12-31 20:00:00,,-21.007
2012-12-31 21:00:00,,-21.007
2012-12-31 22:00:00,,-21.008
2012-12-31 23:00:00,,-21.025
2013-01-01 00:00:00,,-21.014
2013-01-01 01:00:00,,-21.016
2013-01-01 02:00:00,,-21.019
2013-01-01 03:00:00,,-21.005
2013-01-01 04:00:00,,-21.02
2013-01-01 05:00:00,,-21.013
2013-01-01 06:00:00,,-21.03
2013-01-01 07:00:00,,-21.024
2013-01-01 08:00:00,,-21.035
2013-01-01 09:00:00,,-21.037
2013-01-01 10:00:00,,-21.035
2013-01-01 11:00:00,,-21.03
2013-01-01 12:00:00,,-21.021
2013-01-01 13:00:00,,-21.018
2013-01-01 14:00:00,,-21.004
2013-01-01 15:00:00,,-21.004
2013-01-01 16:00:00,,-20.998
2013-01-01 17:00:00,,-21
2013-01-01 18:00:00,,-20.99
2013-01-01 19:00:00,,-20.999
2013-01-01 20:00:00,,-21.007
2013-01-01 21:00:00,,-21.013
2013-01-01 22:00:00,,-21.014
2013-01-01 23:00:00,,-21.03
2013-01-02 00:00:00,,-21.024
2013-01-02 01:00:00,,-21.016
2013-01-02 02:00:00,,-21.011
2013-01-02 03:00:00,,-21.007
2013-01-02 04:00:00,,-21.015
2013-01-02 05:00:00,,-21.013
2013-01-02 06:00:00,,-21.015
2013-01-02 07:00:00,,-21.024
2013-01-02 08:00:00,,-21.018
2013-01-02 09:00:00,,-21.017
2013-01-02 10:00:00,,-21.022
2013-01-02 11:00:00,,-21.026
2013-01-02 12:00:00,,-21.021
2013-01-02 13:00:00,,-21.009
2013-01-02 14:00:00,,-20.998
2013-01-02 15:00:00,,-20.994
2013-01-02 16:00:00,,-21.002
2013-01-02 17:00:00,,-20.99
2013-01-02 18:00:00,,-20.997
2013-01-02 19:00:00,,-21.001
2013-01-02 20:00:00,,-21.006
2013-01-02 21:00:00,,-21.017
2013-01-02 22:00:00,,-21.023
2013-01-02 23:00:00,,-21.027
2013-01-03 00:00:00,,-21.026
2013-01-03 01:00:00,,-21.01
2013-01-03 02:00:00,,-21.008
2013-01-03 03:00:00,,-21.007
2013-01-03 04:00:00,,-21.018
2013-01-03 05:00:00,,-21.014
2013-01-03 06:00:00,,-21.024
2013-01-03 07:00:00,,-21.021
2013-01-03 08:00:00,,-21.03
2013-01-03 09:00:00,,-21.015
2013-01-03 10:00:00,,-21.024
2013-01-03 11:00:00,,-21.014
2013-01-03 12:00:00,,-21.013
2013-01-03 13:00:00,,-20.994
2013-01-03 14:00:00,,-21.001
2013-01-03 15:00:00,,-20.983
2013-01-03 16:00:00,,-20.992
2013-01-03 17:00:00,,-20.99
2013-01-03 18:00:00,,-20.993
2013-01-03 19:00:00,,-20.987
2013-01-03 20:00:00,,-20.991
2013-01-03 21:00:00,,-21
2013-01-03 22:00:00,,-21.009
2013-01-03 23:00:00,,-21.005
2013-01-04 00:00:00,,-21.012
2013-01-04 01:00:00,,-21.008
2013-01-04 02:00:00,,-21.008
2013-01-04 03:00:00,,-21.005
2013-01-04 04:00:00,,-21.012
2013-01-04 05:00:00,,-21.002
2013-01-04 06:00:00,,-21.009
2013-01-04 07:00:00,,-21.012
2013-01-04 08:00:00,,-21.011
2013-01-04 09:00:00,,-21.016
2013-01-04 10:00:00,,-21.02
2013-01-04 11:00:00,,-21.017
2013-01-04 12:00:00,,-21.002
2013-01-04 13:00:00,,-20.99
2013-01-04 14:00:00,,-20.996
2013-01-04 15:00:00,,-20.983
2013-01-04 16:00:00,,-20.989
2013-01-04 17:00:00,,-20.984
2013-01-04 18:00:00,,-20.985
2013-01-04 19:00:00,,-20.994
2013-01-04 20:00:00,,-21.006
2013-01-04 21:00:00,,-21.008
2013-01-04 22:00:00,,-21.005
2013-01-04 23:00:00,,-21.013
2013-01-05 00:00:00,,-21.013
2013-01-05 01:00:00,,-21.009
2013-01-05 02:00:00,,-21.009
2013-01-05 03:00:00,,-21.007
2013-01-05 04:00:00,,-21.014
2013-01-05 05:00:00,,-21.02
2013-01-05 06:00:00,,-21.02
2013-01-05 07:00:00,,-21.035
2013-01-05 08:00:00,,-21.028
2013-01-05 09:00:00,,-21.028
2013-01-05 10:00:00,,-21.036
2013-01-05 11:00:00,,-21.021
2013-01-05 12:00:00,,-21.022
2013-01-05 13:00:00,,-21.02
2013-01-05 14:00:00,,-21.005
2013-01-05 15:00:00,,-21.012
2013-01-05 16:00:00,,-20.993
2013-01-05 17:00:00,,-21.031
2013-01-05 18:00:00,,-21.044
2013-01-05 19:00:00,,-21.026
2013-01-05 20:00:00,,-21.025
2013-01-05 21:00:00,,-21.019
2013-01-05 22:00:00,,-21.022
2013-01-05 23:00:00,,-21.024
2013-01-06 00:00:00,,-21.03
2013-01-06 01:00:00,,-21.024
2013-01-06 02:00:00,,-21.011
2013-01-06 03:00:00,,-21.015
2013-01-06 04:00:00,,-21.012
2013-01-06 05:00:00,,-21.024
2013-01-06 06:00:00,,-21.024
2013-01-06 07:00:00,,-21.023
2013-01-06 08:00:00,,-21.031
2013-01-06 09:00:00,,-21.029
2013-01-06 10:00:00,,-21.032
2013-01-06 11:00:00,,-21.022
2013-01-06 12:00:00,,-21.024
2013-01-06 13:00:00,,-21.005
2013-01-06 14:00:00,,-21.011
2013-01-06 15:00:00,,-21.006
2013-01-06 16:00:00,,-21.003
2013-01-06 17:00:00,,-20.991
2013-01-06 18:00:00,,-21.004
2013-01-06 19:00:00,,-20.997
2013-01-06 20:00:00,,-21.007
2013-01-06 21:00:00,,-21.027
2013-01-06 22:00:00,,-21.029
2013-01-06 23:00:00,,-21.023
2013-01-07 00:00:00,,-21.011
2013-01-07 01:00:00,,-21.008
2013-01-07 02:00:00,,-21.007
2013-01-07 03:00:00,,-21.004
2013-01-07 04:00:00,,-21.012
2013-01-07 05:00:00,,-21.012
2013-01-07 06:00:00,,-21.029
2013-01-07 07:00:00,,-21.029
2013-01-07 08:00:00,,-21.024
2013-01-07 09:00:00,,-21.023
2013-01-07 10:00:00,,-21.026
2013-01-07 11:00:00,,-21.028
2013-01-07 12:00:00,,-21.022
2013-01-07 13:00:00,,-21.011
2013-01-07 14:00:00,,-21.004
2013-01-07 15:00:00,,-20.998
2013-01-07 16:00:00,,-20.981
2013-01-07 17:00:00,,-20.991
2013-01-07 18:00:00,,-20.991
2013-01-07 19:00:00,,-21.003
2013-01-07 20:00:00,,-21.004
2013-01-07 21:00:00,,-21.014
2013-01-07 22:00:00,,-21.018
2013-01-07 23:00:00,,-21.006
2013-01-08 00:00:00,,-21.012
2013-01-08 01:00:00,,-21.003
2013-01-08 02:00:00,,-21.011
2013-01-08 03:00:00,,-21.003
2013-01-08 04:00:00,,-20.999
2013-01-08 05:00:00,,-21.01
2013-01-08 06:00:00,,-21.01
2013-01-08 07:00:00,,-21.012
2013-01-08 08:00:00,,-21.026
2013-01-08 09:00:00,,-21.016
2013-01-08 10:00:00,,-21.017
2013-01-08 11:00:00,,-21.006
2013-01-08 12:00:00,,-21.002
2013-01-08 13:00:00,,-20.989
2013-01-08 14:00:00,,-20.992
2013-01-08 15:00:00,,-20.977
2013-01-08 16:00:00,,-20.984
2013-01-08 17:00:00,,-20.969
2013-01-08 18:00:00,,-20.986
2013-01-08 19:00:00,,-20.995
2013-01-08 20:00:00,,-21.003
2013-01-08 21:00:00,,-21.01
2013-01-08 22:00:00,,-21.003
2013-01-08 23:00:00,,-21.015
2013-01-09 00:00:00,,-21.021
2013-01-09 01:00:00,,-21.014
2013-01-09 02:00:00,,-21.003
2013-01-09 03:00:00,,-20.994
2013-01-09 04:00:00,,-20.993
2013-01-09 05:00:00,,-20.994
2013-01-09 06:00:00,,-21.012
2013-01-09 07:00:00,,-21.012
2013-01-09 08:00:00,,-21.021
2013-01-09 09:00:00,,-21.009
2013-01-09 10:00:00,,-21.02
2013-01-09 11:00:00,,-21.014
2013-01-09 12:00:00,,-20.995
2013-01-09 13:00:00,,-21
2013-01-09 14:00:00,,-20.983
2013-01-09 15:00:00,,-20.987
2013-01-09 16:00:00,,-20.983
2013-01-09 17:00:00,,-20.98
2013-01-09 18:00:00,,-20.985
2013-01-09 19:00:00,,-20.991
2013-01-09 20:00:00,,-20.998
2013-01-09 21:00:00,,-21.002
2013-01-09 22:00:00,,-21.001
2013-01-09 23:00:00,,-21.013
2013-01-10 00:00:00,,-21.016
2013-01-10 01:00:00,,-21.005
2013-01-10 02:00:00,,-21.003
2013-01-10 03:00:00,,-20.997
2013-01-10 04:00:00,,-21.001
2013-01-10 05:00:00,,-21.018
2013-01-10 06:00:00,,-21.024
2013-01-10 07:00:00,,-21.016
2013-01-10 08:00:00,,-21.019
2013-01-10 09:00:00,,-21.035
2013-01-10 10:00:00,,-21.024
2013-01-10 11:00:00,,-21.021
2013-01-10 12:00:00,,-21.021
2013-01-10 13:00:00,,-21.01
2013-01-10 14:00:00,,-21.005
2013-01-10 15:00:00,,-20.991
2013-01-10 16:00:00,,-20.991
2013-01-10 17:00:00,,-20.986
2013-01-10 18:00:00,,-20.989
2013-01-10 19:00:00,,-20.984
2013-01-10 20:00:00,,-20.986
2013-01-10 21:00:00,,-21
2013-01-10 22:00:00,,-21.01
2013-01-10 23:00:00,,-21.002
2013-01-11 00:00:00,,-21.003
2013-01-11 01:00:00,,-21.004
2013-01-11 02:00:00,,-21.011
2013-01-11 03:00:00,,-21.002
2013-01-11 04:00:00,,-21.012
2013-01-11 05:00:00,,-21.021
2013-01-11 06:00:00,,-21.018
2013-01-11 07:00:00,,-21.013
2013-01-11 08:00:00,,-21.024
2013-01-11 09:00:00,,-21.028
2013-01-11 10:00:00,,-21.031
2013-01-11 11:00:00,,-21.014
2013-01-11 12:00:00,,-21.021
2013-01-11 13:00:00,,-21.003
2013-01-11 14:00:00,,-20.999
2013-01-11 15:00:00,,-20.994
2013-01-11 16:00:00,,-20.995
2013-01-11 17:00:00,,-20.981
2013-01-11 18:00:00,,-20.993
2013-01-11 19:00:00,,-20.999
2013-01-11 20:00:00,,-21.001
2013-01-11 21:00:00,,-21.006
2013-01-11 22:00:00,,-21.012
2013-01-11 23:00:00,,-21.027
2013-01-12 00:00:00,,-21.025
2013-01-12 01:00:00,,-21.029
2013-01-12 02:00:00,,-21.029
2013-01-12 03:00:00,,-21.018
2013-01-12 04:00:00,,-21.02
2013-01-12 05:00:00,,-21.033
2013-01-12 06:00:00,,-21.036
2013-01-12 07:00:00,,-21.029
2013-01-12 08:00:00,,-21.037
2013-01-12 09:00:00,,-21.036
2013-01-12 10:00:00,,-21.031
2013-01-12 11:00:00,,-21.022
2013-01-12 12:00:00,,-21.03
2013-01-12 13:00:00,,-21.017
2013-01-12 14:00:00,,-21.004
2013-01-12 15:00:00,,-20.998
2013-01-12 16:00:00,,-20.995
2013-01-12 17:00:00,,-21
2013-01-12 18:00:00,,-20.995
2013-01-12 19:00:00,,-21.003
2013-01-12 20:00:00,,-21.016
2013-01-12 21:00:00,,-21.01
2013-01-12 22:00:00,,-21.018
2013-01-12 23:00:00,,-21.027
2013-01-13 00:00:00,,-21.016
2013-01-13 01:00:00,,-21.008
2013-01-13 02:00:00,,-21.007
2013-01-13 03:00:00,,-21.01
2013-01-13 04:00:00,,-21.006
2013-01-13 05:00:00,,-21.009
2013-01-13 06:00:00,,-21.011
2013-01-13 07:00:00,,-21.025
2013-01-13 08:00:00,,-21.035
2013-01-13 09:00:00,,-21.028
2013-01-13 10:00:00,,-21.034
2013-01-13 11:00:00,,-21.018
2013-01-13 12:00:00,,-21.026
2013-01-13 13:00:00,,-21.015
2013-01-13 14:00:00,,-21.021
2013-01-13 15:00:00,,-21.027
2013-01-13 16:00:00,,-21.016
2013-01-13 17:00:00,,-21.003
2013-01-13 18:00:00,,-20.998
2013-01-13 19:00:00,,-21.012
2013-01-13 20:00:00,,-21.011
2013-01-13 21:00:00,,-21.012
2013-01-13 22:00:00,,-21.016
2013-01-13 23:00:00,,-21.021
2013-01-14 00:00:00,,-21.028
2013-01-14 01:00:00,,-21.027
2013-01-14 02:00:00,,-21.021
2013-01-14 03:00:00,,-21.015
2013-01-14 04:00:00,,-21.02
2013-01-14 05:00:00,,-21.011
2013-01-14 06:00:00,,-21.026
2013-01-14 07:00:00,,-21.025
2013-01-14 08:00:00,,-21.035
2013-01-14 09:00:00,,-21.023
2013-01-14 10:00:00,,-21.029
2013-01-14 11:00:00,,-21.013
2013-01-14 12:00:00,,-21.014
2013-01-14 13:00:00,,-21.003
2013-01-14 14:00:00,,-21.001
2013-01-14 15:00:00,,-21.005
2013-01-14 16:00:00,,-20.988
2013-01-14 17:00:00,,-20.989
2013-01-14 18:00:00,,-20.998
2013-01-14 19:00:00,,-21.003
2013-01-14 20:00:00,,-21.01
2013-01-14 21:00:00,,-21.015
2013-01-14 22:00:00,,-21.022
2013-01-14 23:00:00,,-21.024
2013-01-15 00:00:00,,-21.011
2013-01-15 01:00:00,,-21.01
2013-01-15 02:00:00,,-21.009
2013-01-15 03:00:00,,-21.011
2013-01-15 04:00:00,,-21.013
2013-01-15 05:00:00,,-21.017
2013-01-15 06:00:00,,-21.035
2013-01-15 07:00:00,,-21.032
2013-01-15 08:00:00,,-21.039
2013-01-15 09:00:00,,-21.042
2013-01-15 10:00:00,,-21.032
2013-01-15 11:00:00,,-21.028
2013-01-15 12:00:00,,-21.018
2013-01-15 13:00:00,,-21.003
2013-01-15 14:00:00,,-21.011
2013-01-15 15:00:00,,-21.002
2013-01-15 16:00:00,,-20.99
2013-01-15 17:00:00,,-20.989
2013-01-15 18:00:00,,-20.985
2013-01-15 19:00:00,,-21
2013-01-15 20:00:00,,-21.006
2013-01-15 21:00:00,,-20.997
2013-01-15 22:00:00,,-21.009
2013-01-15 23:00:00,,-21.011
2013-01-16 00:00:00,,-21.01
2013-01-16 01:00:00,,-21.003
2013-01-16 02:00:00,,-20.997
2013-01-16 03:00:00,,-21.009
2013-01-16 04:00:00,,-21.001
2013-01-16 05:00:00,,-21.018
2013-01-16 06:00:00,,-21.017
2013-01-16 07:00:00,,-21.012
2013-01-16 08:00:00,,-21.015
2013-01-16 09:00:00,,-21.014
2013-01-16 10:00:00,,-21.02
2013-01-16 11:00:00,,-21.01
2013-01-16 12:00:00,,-21.003
2013-01-16 13:00:00,,-20.992
2013-01-16 14:00:00,,-20.983
2013-01-16 15:00:00,,-20.99
2013-01-16 16:00:00,,-20.975
2013-01-16 17:00:00,,-20.986
2013-01-16 18:00:00,,-20.981
2013-01-16 19:00:00,,-20.981
2013-01-16 20:00:00,,-20.984
2013-01-16 21:00:00,,-21
2013-01-16 22:00:00,,-21.008
2013-01-16 23:00:00,,-21.009
2013-01-17 00:00:00,,-21.007
2013-01-17 01:00:00,,-20.991
2013-01-17 02:00:00,,-20.995
2013-01-17 03:00:00,,-20.994
2013-01-17 04:00:00,,-21.001
2013-01-17 05:00:00,,-20.99
2013-01-17 06:00:00,,-21
2013-01-17 07:00:00,,-21
2013-01-17 08:00:00,,-21.009
2013-01-17 09:00:00,,-21.003
2013-01-17 10:00:00,,-21.002
2013-01-17 11:00:00,,-21.012
2013-01-17 12:00:00,,-20.997
2013-01-17 13:00:00,,-20.991
2013-01-17 14:00:00,,-20.994
2013-01-17 15:00:00,,-20.984
2013-01-17 16:00:00,,-20.985
2013-01-17 17:00:00,,-20.992
2013-01-17 18:00:00,,-20.984
2013-01-17 19:00:00,,-21.005
2013-01-17 20:00:00,,-21.013
2013-01-17 21:00:00,,-21.005
2013-01-17 22:00:00,,-21.016
2013-01-17 23:00:00,,-21.005
2013-01-18 00:00:00,,-21.012
2013-01-18 01:00:00,,-21.017
2013-01-18 02:00:00,,-21.003
2013-01-18 03:00:00,,-21.001
2013-01-18 04:00:00,,-21.014
2013-01-18 05:00:00,,-21.014
2013-01-18 06:00:00,,-21.023
2013-01-18 07:00:00,,-21.027
2013-01-18 08:00:00,,-21.028
2013-01-18 09:00:00,,-21.017
2013-01-18 10:00:00,,-21.027
2013-01-18 11:00:00,,-21.017
2013-01-18 12:00:00,,-21.013
2013-01-18 13:00:00,,-21.014
2013-01-18 14:00:00,,-20.995
2013-01-18 15:00:00,,-20.996
2013-01-18 16:00:00,,-21
2013-01-18 17:00:00,,-20.986
2013-01-18 18:00:00,,-20.993
2013-01-18 19:00:00,,-21
2013-01-18 20:00:00,,-21.015
2013-01-18 21:00:00,,-21.013
2013-01-18 22:00:00,,-21.016
2013-01-18 23:00:00,,-21.018
2013-01-19 00:00:00,,-21.013
2013-01-19 01:00:00,,-21.009
2013-01-19 02:00:00,,-21.014
2013-01-19 03:00:00,,-21.014
2013-01-19 04:00:00,,-21.001
2013-01-19 05:00:00,,-21.011
2013-01-19 06:00:00,,-21.008
2013-01-19 07:00:00,,-21.017
2013-01-19 08:00:00,,-21.014
2013-01-19 09:00:00,,-21.011
2013-01-19 10:00:00,,-21.026
2013-01-19 11:00:00,,-21.007
2013-01-19 12:00:00,,-21.012
2013-01-19 13:00:00,,-21.002
2013-01-19 14:00:00,,-20.992
2013-01-19 15:00:00,,-20.996
2013-01-19 16:00:00,,-20.986
2013-01-19 17:00:00,,-20.994
2013-01-19 18:00:00,,-20.994
2013-01-19 19:00:00,,-20.996
2013-01-19 20:00:00,,-20.995
2013-01-19 21:00:00,,-21
2013-01-19 22:00:00,,-21.011
2013-01-19 23:00:00,,-21.02
2013-01-20 00:00:00,,-21.016
2013-01-20 01:00:00,,-21.014
2013-01-20 02:00:00,,-21
2013-01-20 03:00:00,,-21.01
2013-01-20 04:00:00,,-20.997
2013-01-20 05:00:00,,-21.01
2013-01-20 06:00:00,,-21.002
2013-01-20 07:00:00,,-21.013
2013-01-20 08:00:00,,-21.022
2013-01-20 09:00:00,,-21.015
2013-01-20 10:00:00,,-21.012
2013-01-20 11:00:00,,-21.008
2013-01-20 12:00:00,,-20.998
2013-01-20 13:00:00,,-21.004
2013-01-20 14:00:00,,-20.993
2013-01-20 15:00:00,,-20.994
2013-01-20 16:00:00,,-20.993
2013-01-20 17:00:00,,-20.993
2013-01-20 18:00:00,,-20.99
2013-01-20 19:00:00,,-20.997
2013-01-20 20:00:00,,-20.993
2013-01-20 21:00:00,,-20.998
2013-01-20 22:00:00,,-21.016
2013-01-20 23:00:00,,-21.023
2013-01-21 00:00:00,,-21.01
2013-01-21 01:00:00,,-21.008
2013-01-21 02:00:00,,-21.009
2013-01-21 03:00:00,,-21.014
2013-01-21 04:00:00,,-21.012
2013-01-21 05:00:00,,-21.009
2013-01-21 06:00:00,,-21.02
2013-01-21 07:00:00,,-21.013
2013-01-21 08:00:00,,-21.019
2013-01-21 09:00:00,,-21.019
2013-01-21 10:00:00,,-21.016
2013-01-21 11:00:00,,-21.025
2013-01-21 12:00:00,,-21.004
2013-01-21 13:00:00,,-20.997
2013-01-21 14:00:00,,-20.991
2013-01-21 15:00:00,,-20.985
2013-01-21 16:00:00,,-20.978
2013-01-21 17:00:00,,-20.992
2013-01-21 18:00:00,,-20.994
2013-01-21 19:00:00,,-20.988
2013-01-21 20:00:00,,-21.008
2013-01-21 21:00:00,,-21.01
2013-01-21 22:00:00,,-21.005
2013-01-21 23:00:00,,-21.009
2013-01-22 00:00:00,,-21.018
2013-01-22 01:00:00,,-21.006
2013-01-22 02:00:00,,-20.999
2013-01-22 03:00:00,,-21.011
2013-01-22 04:00:00,,-21.008
2013-01-22 05:00:00,,-21.003
2013-01-22 06:00:00,,-21.014
2013-01-22 07:00:00,,-21.01
2013-01-22 08:00:00,,-21.015
2013-01-22 09:00:00,,-21.015
2013-01-22 10:00:00,,-21.021
2013-01-22 11:00:00,,-21.024
2013-01-22 12:00:00,,-21.018
2013-01-22 13:00:00,,-21.008
2013-01-22 14:00:00,,-21.005
2013-01-22 15:00:00,,-20.99
2013-01-22 16:00:00,,-20.997
2013-01-22 17:00:00,,-20.984
2013-01-22 18:00:00,,-20.991
2013-01-22 19:00:00,,-20.996
2013-01-22 20:00:00,,-21.004
2013-01-22 21:00:00,,-21.011
2013-01-22 22:00:00,,-21.022
2013-01-22 23:00:00,,-21.026
2013-01-23 00:00:00,,-21.027
2013-01-23 01:00:00,,-21.021
2013-01-23 02:00:00,,-21.015
2013-01-23 03:00:00,,-21.017
2013-01-23 04:00:00,,-21.004
2013-01-23 05:00:00,,-21.008
2013-01-23 06:00:00,,-21.013
2013-01-23 07:00:00,,-21.018
2013-01-23 08:00:00,,-21.028
2013-01-23 09:00:00,,-21.027
2013-01-23 10:00:00,,-21.022
2013-01-23 11:00:00,,-21.012
2013-01-23 12:00:00,,-21.009
2013-01-23 13:00:00,,-20.999
2013-01-23 14:00:00,,-20.99
2013-01-23 15:00:00,,-20.991
2013-01-23 16:00:00,,-20.991
2013-01-23 17:00:00,,-20.99
2013-01-23 18:00:00,,-20.996
2013-01-23 19:00:00,,-20.988
2013-01-23 20:00:00,,-21.007
2013-01-23 21:00:00,,-21.004
2013-01-23 22:00:00,,-21.012
2013-01-23 23:00:00,,-21.019
2013-01-24 00:00:00,,-21.013
2013-01-24 01:00:00,,-21.005
2013-01-24 02:00:00,,-21.008
2013-01-24 03:00:00,,-21.013
2013-01-24 04:00:00,,-21.002
2013-01-24 05:00:00,,-21.005
2013-01-24 06:00:00,,-21.021
2013-01-24 07:00:00,,-21.02
2013-01-24 08:00:00,,-21.022
2013-01-24 09:00:00,,-21.026
2013-01-24 10:00:00,,-21.019
2013-01-24 11:00:00,,-21.007
2013-01-24 12:00:00,,-20.997
2013-01-24 13:00:00,,-21.002
2013-01-24 14:00:00,,-20.991
2013-01-24 15:00:00,,-20.979
2013-01-24 16:00:00,,-20.977
2013-01-24 17:00:00,,-20.976
2013-01-24 18:00:00,,-20.989
2013-01-24 19:00:00,,-20.988
2013-01-24 20:00:00,,-20.99
2013-01-24 21:00:00,,-21.007
2013-01-24 22:00:00,,-21.014
2013-01-24 23:00:00,,-21.003
2013-01-25 00:00:00,,-21.009
2013-01-25 01:00:00,,-21.011
2013-01-25 02:00:00,,-20.996
2013-01-25 03:00:00,,-21.009
2013-01-25 04:00:00,,-20.992
2013-01-25 05:00:00,,-20.996
2013-01-25 06:00:00,,-21.01
2013-01-25 07:00:00,,-21.011
2013-01-25 08:00:00,,-21.027
2013-01-25 09:00:00,,-21.02
2013-01-25 10:00:00,,-21.03
2013-01-25 11:00:00,,-21.022
2013-01-25 12:00:00,,-21.012
2013-01-25 13:00:00,,-21.013
2013-01-25 14:00:00,,-20.996
2013-01-25 15:00:00,,-20.993
2013-01-25 16:00:00,,-20.99
2013-01-25 17:00:00,,-21.001
2013-01-25 18:00:00,,-21.004
2013-01-25 19:00:00,,-21.003
2013-01-25 20:00:00,,-21.014
2013-01-25 21:00:00,,-21.013
2013-01-25 22:00:00,,-21.03
2013-01-25 23:00:00,,-21.019
2013-01-26 00:00:00,,-21.023
2013-01-26 01:00:00,,-21.015
2013-01-26 02:00:00,,-21.022
2013-01-26 03:00:00,,-21.017
2013-01-26 04:00:00,,-21.011
2013-01-26 05:00:00,,-21.008
2013-01-26 06:00:00,,-21.009
2013-01-26 07:00:00,,-21.016
2013-01-26 08:00:00,,-21.033
2013-01-26 09:00:00,,-21.034
2013-01-26 10:00:00,,-21.024
2013-01-26 11:00:00,,-21.013
2013-01-26 12:00:00,,-21.013
2013-01-26 13:00:00,,-21.001
2013-01-26 14:00:00,,-20.996
2013-01-26 15:00:00,,-20.991
2013-01-26 16:00:00,,-20.988
2013-01-26 17:00:00,,-20.996
2013-01-26 18:00:00,,-20.99
2013-01-26 19:00:00,,-20.998
2013-01-26 20:00:00,,-21.004
2013-01-26 21:00:00,,-21.026
2013-01-26 22:00:00,,-21.03
2013-01-26 23:00:00,,-21.02
2013-01-27 00:00:00,,-21.018
2013-01-27 01:00:00,,-21.024
2013-01-27 02:00:00,,-21.014
2013-01-27 03:00:00,,-21.003
2013-01-27 04:00:00,,-21.001
2013-01-27 05:00:00,,-21.006
2013-01-27 06:00:00,,-21.007
2013-01-27 07:00:00,,-21.013
2013-01-27 08:00:00,,-21.018
2013-01-27 09:00:00,,-21.019
2013-01-27 10:00:00,,-21.027
2013-01-27 11:00:00,,-21.031
2013-01-27 12:00:00,,-21.021
2013-01-27 13:00:00,,-21.011
2013-01-27 14:00:00,,-20.992
2013-01-27 15:00:00,,-20.99
2013-01-27 16:00:00,,-20.981
2013-01-27 17:00:00,,-20.983
2013-01-27 18:00:00,,-20.978
2013-01-27 19:00:00,,-20.996
2013-01-27 20:00:00,,-20.991
2013-01-27 21:00:00,,-21.006
2013-01-27 22:00:00,,-21.021
2013-01-27 23:00:00,,-21.02
2013-01-28 00:00:00,,-21.014
2013-01-28 01:00:00,,-21.025
2013-01-28 02:00:00,,-21.018
2013-01-28 03:00:00,,-21.011
2013-01-28 04:00:00,,-21.021
2013-01-28 05:00:00,,-21.011
2013-01-28 06:00:00,,-21.024
2013-01-28 07:00:00,,-21.016
2013-01-28 08:00:00,,-21.031
2013-01-28 09:00:00,,-21.019
2013-01-28 10:00:00,,-21.019
2013-01-28 11:00:00,,-21.021
2013-01-28 12:00:00,,-21.021
2013-01-28 13:00:00,,-21.013
2013-01-28 14:00:00,,-21.007
2013-01-28 15:00:00,,-20.991
2013-01-28 16:00:00,,-20.99
2013-01-28 17:00:00,,-20.982
2013-01-28 18:00:00,,-20.99
2013-01-28 19:00:00,,-21.004
2013-01-28 20:00:00,,-21.011
2013-01-28 21:00:00,,-21.008
2013-01-28 22:00:00,,-21.02
2013-01-28 23:00:00,,-21.019
2013-01-29 00:00:00,,-21.017
2013-01-29 01:00:00,,-21.029
2013-01-29 02:00:00,,-21.018
2013-01-29 03:00:00,,-21.02
2013-01-29 04:00:00,,-21.027
2013-01-29 05:00:00,,-21.013
2013-01-29 06:00:00,,-21.029
2013-01-29 07:00:00,,-21.032
2013-01-29 08:00:00,,-21.029
2013-01-29 09:00:00,,-21.03
2013-01-29 10:00:00,,-21.025
2013-01-29 11:00:00,,-21.035
2013-01-29 12:00:00,,-21.03
2013-01-29 13:00:00,,-21.01
2013-01-29 14:00:00,,-21.014
2013-01-29 15:00:00,,-21
2013-01-29 16:00:00,,-20.991
2013-01-29 17:00:00,,-20.997
2013-01-29 18:00:00,,-21
2013-01-29 19:00:00,,-21.006
2013-01-29 20:00:00,,-21.002
2013-01-29 21:00:00,,-21.019
2013-01-29 22:00:00,,-21.025
2013-01-29 23:00:00,,-21.033
2013-01-30 00:00:00,,-21.032
2013-01-30 01:00:00,,-21.03
2013-01-30 02:00:00,,-21.014
2013-01-30 03:00:00,,-21.028
2013-01-30 04:00:00,,-21.019
2013-01-30 05:00:00,,-21.015
2013-01-30 06:00:00,,-21.015
2013-01-30 07:00:00,,-21.023
2013-01-30 08:00:00,,-21.021
2013-01-30 09:00:00,,-21.037
2013-01-30 10:00:00,,-21.023
2013-01-30 11:00:00,,-21.021
2013-01-30 12:00:00,,-21.017
2013-01-30 13:00:00,,-21.015
2013-01-30 14:00:00,,-20.996
2013-01-30 15:00:00,,-21.002
2013-01-30 16:00:00,,-21
2013-01-30 17:00:00,,-20.987
2013-01-30 18:00:00,,-20.999
2013-01-30 19:00:00,,-20.99
2013-01-30 20:00:00,,-21.007
2013-01-30 21:00:00,,-21.013
2013-01-30 22:00:00,,-21.01
2013-01-30 23:00:00,,-21.023
2013-01-31 00:00:00,,-21.021
2013-01-31 01:00:00,,-21.016
2013-01-31 02:00:00,,-21.016
2013-01-31 03:00:00,,-21.02
2013-01-31 04:00:00,,-21.013
2013-01-31 05:00:00,,-21.013
2013-01-31 06:00:00,,-21.026
2013-01-31 07:00:00,,-21.015
2013-01-31 08:00:00,,-21.025
2013-01-31 09:00:00,,-21.03
2013-01-31 10:00:00,,-21.025
2013-01-31 11:00:00,,-21.014
2013-01-31 12:00:00,,-21.008
2013-01-31 13:00:00,,-21.007
2013-01-31 14:00:00,,-20.992
2013-01-31 15:00:00,,-20.995
2013-01-31 16:00:00,,-21
2013-01-31 17:00:00,,-20.997
2013-01-31 18:00:00,,-21.001
2013-01-31 19:00:00,,-21.005
2013-01-31 20:00:00,,-21.007
2013-01-31 21:00:00,,-21.014
2013-01-31 22:00:00,,-21.014
2013-01-31 23:00:00,,-21.024
2013-02-01 00:00:00,,-21.023
2013-02-01 01:00:00,,-21.012
2013-02-01 02:00:00,,-21.01
2013-02-01 03:00:00,,-21.009
2013-02-01 04:00:00,,-21.021
2013-02-01 05:00:00,,-21.011
2013-02-01 06:00:00,,-21.022
2013-02-01 07:00:00,,-21.02
2013-02-01 08:00:00,,-21.021
2013-02-01 09:00:00,,-21.035
2013-02-01 10:00:00,,-21.029
2013-02-01 11:00:00,,-21.018
2013-02-01 12:00:00,,-21.02
2013-02-01 13:00:00,,-21.011
2013-02-01 14:00:00,,-21.001
2013-02-01 15:00:00,,-21.003
2013-02-01 16:00:00,,-21.001
2013-02-01 17:00:00,,-20.988
2013-02-01 18:00:00,,-21.005
2013-02-01 19:00:00,,-20.997
2013-02-01 20:00:00,,-21.003
2013-02-01 21:00:00,,-21.018
2013-02-01 22:00:00,,-21.024
2013-02-01 23:00:00,,-21.014
2013-02-02 00:00:00,,-21.018
2013-02-02 01:00:00,,-21.018
2013-02-02 02:00:00,,-21.025
2013-02-02 03:00:00,,-21.015
2013-02-02 04:00:00,,-21.017
2013-02-02 05:00:00,,-21.028
2013-02-02 06:00:00,,-21.029
2013-02-02 07:00:00,,-21.034
2013-02-02 08:00:00,,-21.023
2013-02-02 09:00:00,,-21.021
2013-02-02 10:00:00,,-21.024
2013-02-02 11:00:00,,-21.012
2013-02-02 12:00:00,,-21.016
2013-02-02 13:00:00,,-21.01
2013-02-02 14:00:00,,-21
2013-02-02 15:00:00,,-21
2013-02-02 16:00:00,,-20.985
2013-02-02 17:00:00,,-20.995
2013-02-02 18:00:00,,-20.996
2013-02-02 19:00:00,,-20.999
2013-02-02 20:00:00,,-21.006
2013-02-02 21:00:00,,-21.011
2013-02-02 22:00:00,,-21.021
2013-02-02 23:00:00,,-21.012
2013-02-03 00:00:00,,-21.025
2013-02-03 01:00:00,,-21.024
2013-02-03 02:00:00,,-21.009
2013-02-03 03:00:00,,-21.021
2013-02-03 04:00:00,,-21.009
2013-02-03 05:00:00,,-21.022
2013-02-03 06:00:00,,-21.026
2013-02-03 07:00:00,,-21.023
2013-02-03 08:00:00,,-21.032
2013-02-03 09:00:00,,-21.032
2013-02-03 10:00:00,,-21.031
2013-02-03 11:00:00,,-21.025
2013-02-03 12:00:00,,-21.017
2013-02-03 13:00:00,,-21
2013-02-03 14:00:00,,-20.997
2013-02-03 15:00:00,,-20.993
2013-02-03 16:00:00,,-20.995
2013-02-03 17:00:00,,-20.982
2013-02-03 18:00:00,,-20.999
2013-02-03 19:00:00,,-21.006
2013-02-03 20:00:00,,-21.012
2013-02-03 21:00:00,,-21.004
2013-02-03 22:00:00,,-21.017
2013-02-03 23:00:00,,-21.027
2013-02-04 00:00:00,,-21.014
2013-02-04 01:00:00,,-21.026
2013-02-04 02:00:00,,-21.011
2013-02-04 03:00:00,,-21.01
2013-02-04 04:00:00,,-21.022
2013-02-04 05:00:00,,-21.025
2013-02-04 06:00:00,,-21.022
2013-02-04 07:00:00,,-21.027
2013-02-04 08:00:00,,-21.025
2013-02-04 09:00:00,,-21.032
2013-02-04 10:00:00,,-21.023
2013-02-04 11:00:00,,-21.026
2013-02-04 12:00:00,,-21.009
2013-02-04 13:00:00,,-21.002
2013-02-04 14:00:00,,-21.001
2013-02-04 15:00:00,,-21.001
2013-02-04 16:00:00,,-20.99
2013-02-04 17:00:00,,-20.997
2013-02-04 18:00:00,,-20.996
2013-02-04 19:00:00,,-21.002
2013-02-04 20:00:00,,-21.01
2013-02-04 21:00:00,,-21.015
2013-02-04 22:00:00,,-21.016
2013-02-04 23:00:00,,-21.024
2013-02-05 00:00:00,,-21.014
2013-02-05 01:00:00,,-21.022
2013-02-05 02:00:00,,-21.014
2013-02-05 03:00:00,,-21.018
2013-02-05 04:00:00,,-21.017
2013-02-05 05:00:00,,-21.007
2013-02-05 06:00:00,,-21.009
2013-02-05 07:00:00,,-21.027
2013-02-05 08:00:00,,-21.026
2013-02-05 09:00:00,,-21.019
2013-02-05 10:00:00,,-21.029
2013-02-05 11:00:00,,-21.01
2013-02-05 12:00:00,,-21.005
2013-02-05 13:00:00,,-21.005
2013-02-05 14:00:00,,-21.001
2013-02-05 15:00:00,,-20.987
2013-02-05 16:00:00,,-20.984
2013-02-05 17:00:00,,-20.989
2013-02-05 18:00:00,,-20.994
2013-02-05 19:00:00,,-20.992
2013-02-05 20:00:00,,-21.003
2013-02-05 21:00:00,,-20.997
2013-02-05 22:00:00,,-21.014
2013-02-05 23:00:00,,-21.01
2013-02-06 00:00:00,,-21.012
2013-02-06 01:00:00,,-20.998
2013-02-06 02:00:00,,-20.993
2013-02-06 03:00:00,,-21.002
2013-02-06 04:00:00,,-20.997
2013-02-06 05:00:00,,-21.005
2013-02-06 06:00:00,,-21.012
2013-02-06 07:00:00,,-21.004
2013-02-06 08:00:00,,-21.015
2013-02-06 09:00:00,,-21.009
2013-02-06 10:00:00,,-21.022
2013-02-06 11:00:00,,-21.005
2013-02-06 12:00:00,,-21.009
2013-02-06 13:00:00,,-20.987
2013-02-06 14:00:00,,-20.977
2013-02-06 15:00:00,,-20.978
2013-02-06 16:00:00,,-20.981
2013-02-06 17:00:00,,-20.975
2013-02-06 18:00:00,,-20.971
2013-02-06 19:00:00,,-20.988
2013-02-06 20:00:00,,-20.989
2013-02-06 21:00:00,,-21
2013-02-06 22:00:00,,-20.992
2013-02-06 23:00:00,,-20.994
2013-02-07 00:00:00,,-20.993
2013-02-07 01:00:00,,-20.993
2013-02-07 02:00:00,,-20.989
2013-02-07 03:00:00,,-21
2013-02-07 04:00:00,,-20.986
2013-02-07 05:00:00,,-20.989
2013-02-07 06:00:00,,-21.001
2013-02-07 07:00:00,,-21.008
2013-02-07 08:00:00,,-21.006
2013-02-07 09:00:00,,-21.01
2013-02-07 10:00:00,,-21.019
2013-02-07 11:00:00,,-21.014
2013-02-07 12:00:00,,-20.995
2013-02-07 13:00:00,,-20.997
2013-02-07 14:00:00,,-20.993
2013-02-07 15:00:00,,-20.98
2013-02-07 16:00:00,,-20.974
2013-02-07 17:00:00,,-20.981
2013-02-07 18:00:00,,-20.974
2013-02-07 19:00:00,,-20.993
2013-02-07 20:00:00,,-20.995
2013-02-07 21:00:00,,-21.006
2013-02-07 22:00:00,,-21.013
2013-02-07 23:00:00,,-21.014
2013-02-08 00:00:00,,-21.009
2013-02-08 01:00:00,,-21.002
2013-02-08 02:00:00,,-21.011
2013-02-08 03:00:00,,-21.002
2013-02-08 04:00:00,,-21.008
2013-02-08 05:00:00,,-21.004
2013-02-08 06:00:00,,-21.023
2013-02-08 07:00:00,,-21.016
2013-02-08 08:00:00,,-21.034
2013-02-08 09:00:00,,-21.035
2013-02-08 10:00:00,,-21.034
2013-02-08 11:00:00,,-21.022
2013-02-08 12:00:00,,-21.015
2013-02-08 13:00:00,,-21.012
2013-02-08 14:00:00,,-21.004
2013-02-08 15:00:00,,-20.992
2013-02-08 16:00:00,,-20.979
2013-02-08 17:00:00,,-20.972
2013-02-08 18:00:00,,-20.996
2013-02-08 19:00:00,,-21.002
2013-02-08 20:00:00,,-21.005
2013-02-08 21:00:00,,-21.021
2013-02-08 22:00:00,,-21.028
2013-02-08 23:00:00,,-21.034
2013-02-09 00:00:00,,-21.015
2013-02-09 01:00:00,,-21.018
2013-02-09 02:00:00,,-21.011
2013-02-09 03:00:00,,-21.008
2013-02-09 04:00:00,,-21.005
2013-02-09 05:00:00,,-21.018
2013-02-09 06:00:00,,-21.015
2013-02-09 07:00:00,,-21.022
2013-02-09 08:00:00,,-21.012
2013-02-09 09:00:00,,-21.019
2013-02-09 10:00:00,,-21.022
2013-02-09 11:00:00,,-21.014
2013-02-09 12:00:00,,-21.006
2013-02-09 13:00:00,,-21.013
2013-02-09 14:00:00,,-21
2013-02-09 15:00:00,,-20.986
2013-02-09 16:00:00,,-20.995
2013-02-09 17:00:00,,-20.992
2013-02-09 18:00:00,,-20.998
2013-02-09 19:00:00,,-21.002
2013-02-09 20:00:00,,-21.011
2013-02-09 21:00:00,,-21.012
2013-02-09 22:00:00,,-21.015
2013-02-09 23:00:00,,-21.027
2013-02-10 00:00:00,,-21.019
2013-02-10 01:00:00,,-20.999
2013-02-10 02:00:00,,-20.996
2013-02-10 03:00:00,,-20.988
2013-02-10 04:00:00,,-20.983
2013-02-10 05:00:00,,-20.984
2013-02-10 06:00:00,,-20.987
2013-02-10 07:00:00,,-21.005
2013-02-10 08:00:00,,-21.007
2013-02-10 09:00:00,,-21.012
2013-02-10 10:00:00,,-21.011
2013-02-10 11:00:00,,-21.009
2013-02-10 12:00:00,,-21.013
2013-02-10 13:00:00,,-21.012
2013-02-10 14:00:00,,-21
2013-02-10 15:00:00,,-20.996
2013-02-10 16:00:00,,-21.008
2013-02-10 17:00:00,,-20.993
2013-02-10 18:00:00,,-21.004
2013-02-10 19:00:00,,-21.01
2013-02-10 20:00:00,,-21.011
2013-02-10 21:00:00,,-21.015
2013-02-10 22:00:00,,-21.025
2013-02-10 23:00:00,,-21.027
2013-02-11 00:00:00,,-21.021
2013-02-11 01:00:00,,-21.008
2013-02-11 02:00:00,,-21.01
2013-02-11 03:00:00,,-21.007
2013-02-11 04:00:00,,-21.009
2013-02-11 05:00:00,,-21.004
2013-02-11 06:00:00,,-20.992
2013-02-11 07:00:00,,-21.01
2013-02-11 08:00:00,,-20.998
2013-02-11 09:00:00,,-21.003
2013-02-11 10:00:00,,-21.015
2013-02-11 11:00:00,,-21.019
2013-02-11 12:00:00,,-21.016
2013-02-11 13:00:00,,-20.997
2013-02-11 14:00:00,,-21
2013-02-11 15:00:00,,-20.989
2013-02-11 16:00:00,,-20.985
2013-02-11 17:00:00,,-20.98
2013-02-11 18:00:00,,-20.995
2013-02-11 19:00:00,,-20.992
2013-02-11 20:00:00,,-21.006
2013-02-11 21:00:00,,-21.005
2013-02-11 22:00:00,,-21.017
2013-02-11 23:00:00,,-21.019
2013-02-12 00:00:00,,-21.027
2013-02-12 01:00:00,,-21.024
2013-02-12 02:00:00,,-21.015
2013-02-12 03:00:00,,-21.009
2013-02-12 04:00:00,,-20.998
2013-02-12 05:00:00,,-21.008
2013-02-12 06:00:00,,-21.011
2013-02-12 07:00:00,,-20.999
2013-02-12 08:00:00,,-21.004
2013-02-12 09:00:00,,-21.007
2013-02-12 10:00:00,,-21.014
2013-02-12 11:00:00,,-21.011
2013-02-12 12:00:00,,-21.001
2013-02-12 13:00:00,,-21.005
2013-02-12 14:00:00,,-20.986
2013-02-12 15:00:00,,-20.984
2013-02-12 16:00:00,,-20.986
2013-02-12 17:00:00,,-20.983
2013-02-12 18:00:00,,-20.981
2013-02-12 19:00:00,,-20.981
2013-02-12 20:00:00,,-20.999
2013-02-12 21:00:00,,-21
2013-02-12 22:00:00,,-21.007
2013-02-12 23:00:00,,-21.002
2013-02-13 00:00:00,,-21.016
2013-02-13 01:00:00,,-21.01
2013-02-13 02:00:00,,-20.994
2013-02-13 03:00:00,,-21.003
2013-02-13 04:00:00,,-20.989
2013-02-13 05:00:00,,-20.991
2013-02-13 06:00:00,,-21.007
2013-02-13 07:00:00,,-21.01
2013-02-13 08:00:00,,-21.001
2013-02-13 09:00:00,,-21.015
2013-02-13 10:00:00,,-21.016
2013-02-13 11:00:00,,-21.003
2013-02-13 12:00:00,,-20.997
2013-02-13 13:00:00,,-20.992
2013-02-13 14:00:00,,-20.983
2013-02-13 15:00:00,,-20.978
2013-02-13 16:00:00,,-20.976
2013-02-13 17:00:00,,-20.981
2013-02-13 18:00:00,,-20.983
2013-02-13 19:00:00,,-20.974
2013-02-13 20:00:00,,-20.988
2013-02-13 21:00:00,,-20.988
2013-02-13 22:00:00,,-21.01
2013-02-13 23:00:00,,-21.003
2013-02-14 00:00:00,,-21.009
2013-02-14 01:00:00,,-21.009
2013-02-14 02:00:00,,-21.015
2013-02-14 03:00:00,,-21.001
2013-02-14 04:00:00,,-20.997
2013-02-14 05:00:00,,-20.998
2013-02-14 06:00:00,,-21.013
2013-02-14 07:00:00,,-21.009
2013-02-14 08:00:00,,-21.005
2013-02-14 09:00:00,,-21.019
2013-02-14 10:00:00,,-21.017
2013-02-14 11:00:00,,-21.003
2013-02-14 12:00:00,,-21.002
2013-02-14 13:00:00,,-20.999
2013-02-14 14:00:00,,-20.994
2013-02-14 15:00:00,,-20.983
2013-02-14 16:00:00,,-20.972
2013-02-14 17:00:00,,-20.973
2013-02-14 18:00:00,,-20.969
2013-02-14 19:00:00,,-20.99
2013-02-14 20:00:00,,-20.991
2013-02-14 21:00:00,,-20.991
2013-02-14 22:00:00,,-20.996
2013-02-14 23:00:00,,-21
2013-02-15 00:00:00,,-21.013
2013-02-15 01:00:00,,-21.009
2013-02-15 02:00:00,,-21.001
2013-02-15 03:00:00,,-21.006
2013-02-15 04:00:00,,-21.002
2013-02-15 05:00:00,,-21.001
2013-02-15 06:00:00,,-21.006
2013-02-15 07:00:00,,-21.007
2013-02-15 08:00:00,,-21.013
2013-02-15 09:00:00,,-21.003
2013-02-15 10:00:00,,-21.003
2013-02-15 11:00:00,,-21.014
2013-02-15 12:00:00,,-21.008
2013-02-15 13:00:00,,-20.998
2013-02-15 14:00:00,,-20.985
2013-02-15 15:00:00,,-20.975
2013-02-15 16:00:00,,-20.98
2013-02-15 17:00:00,,-20.964
2013-02-15 18:00:00,,-20.965
2013-02-15 19:00:00,,-20.979
2013-02-15 20:00:00,,-20.996
2013-02-15 21:00:00,,-21.001
2013-02-15 22:00:00,,-20.997
2013-02-15 23:00:00,,-21.007
2013-02-16 00:00:00,,-21.001
2013-02-16 01:00:00,,-21.01
2013-02-16 02:00:00,,-21.011
2013-02-16 03:00:00,,-21.006
2013-02-16 04:00:00,,-20.999
2013-02-16 05:00:00,,-21.01
2013-02-16 06:00:00,,-21.012
2013-02-16 07:00:00,,-21.013
2013-02-16 08:00:00,,-21.004
2013-02-16 09:00:00,,-21.012
2013-02-16 10:00:00,,-21.005
2013-02-16 11:00:00,,-21.008
2013-02-16 12:00:00,,-20.994
2013-02-16 13:00:00,,-20.987
2013-02-16 14:00:00,,-20.98
2013-02-16 15:00:00,,-20.991
2013-02-16 16:00:00,,-20.984
2013-02-16 17:00:00,,-20.984
2013-02-16 18:00:00,,-20.986
2013-02-16 19:00:00,,-20.977
2013-02-16 20:00:00,,-20.992
2013-02-16 21:00:00,,-21.002
2013-02-16 22:00:00,,-20.996
2013-02-16 23:00:00,,-21.009
2013-02-17 00:00:00,,-21.01
2013-02-17 01:00:00,,-20.998
2013-02-17 02:00:00,,-21.001
2013-02-17 03:00:00,,-20.993
2013-02-17 04:00:00,,-21.001
2013-02-17 05:00:00,,-20.994
2013-02-17 06:00:00,,-20.998
2013-02-17 07:00:00,,-21.011
2013-02-17 08:00:00,,-21.003
2013-02-17 09:00:00,,-21.014
2013-02-17 10:00:00,,-21.014
2013-02-17 11:00:00,,-21.006
2013-02-17 12:00:00,,-21.003
2013-02-17 13:00:00,,-20.989
2013-02-17 14:00:00,,-20.977
2013-02-17 15:00:00,,-20.973
2013-02-17 16:00:00,,-20.964
2013-02-17 17:00:00,,-20.971
2013-02-17 18:00:00,,-20.961
2013-02-17 19:00:00,,-20.98
2013-02-17 20:00:00,,-20.988
2013-02-17 21:00:00,,-20.987
2013-02-17 22:00:00,,-20.998
2013-02-17 23:00:00,,-20.995
2013-02-18 00:00:00,,-20.995
2013-02-18 01:00:00,,-20.997
2013-02-18 02:00:00,,-20.999
2013-02-18 03:00:00,,-20.999
2013-02-18 04:00:00,,-20.991
2013-02-18 05:00:00,,-20.994
2013-02-18 06:00:00,,-20.996
2013-02-18 07:00:00,,-21.001
2013-02-18 08:00:00,,-21.004
2013-02-18 09:00:00,,-21.008
2013-02-18 10:00:00,,-20.997
2013-02-18 11:00:00,,-20.991
2013-02-18 12:00:00,,-20.998
2013-02-18 13:00:00,,-20.988
2013-02-18 14:00:00,,-20.986
2013-02-18 15:00:00,,-20.975
2013-02-18 16:00:00,,-20.972
2013-02-18 17:00:00,,-20.965
2013-02-18 18:00:00,,-20.969
2013-02-18 19:00:00,,-20.973
2013-02-18 20:00:00,,-20.991
2013-02-18 21:00:00,,-21.004
2013-02-18 22:00:00,,-21.006
2013-02-18 23:00:00,,-21.005
2013-02-19 00:00:00,,-21.015
2013-02-19 01:00:00,,-21.015
2013-02-19 02:00:00,,-21.008
2013-02-19 03:00:00,,-21.017
2013-02-19 04:00:00,,-21.019
2013-02-19 05:00:00,,-21.01
2013-02-19 06:00:00,,-21.014
2013-02-19 07:00:00,,-21.025
2013-02-19 08:00:00,,-21.026
2013-02-19 09:00:00,,-21.018
2013-02-19 10:00:00,,-21.023
2013-02-19 11:00:00,,-21.022
2013-02-19 12:00:00,,-21.016
2013-02-19 13:00:00,,-21.007
2013-02-19 14:00:00,,-20.998
2013-02-19 15:00:00,,-20.986
2013-02-19 16:00:00,,-20.979
2013-02-19 17:00:00,,-20.989
2013-02-19 18:00:00,,-20.988
2013-02-19 19:00:00,,-21.003
2013-02-19 20:00:00,,-21.009
2013-02-19 21:00:00,,-21.011
2013-02-19 22:00:00,,-21.018
2013-02-19 23:00:00,,-21.015
2013-02-20 00:00:00,,-21.013
2013-02-20 01:00:00,,-21.012
2013-02-20 02:00:00,,-21.008
2013-02-20 03:00:00,,-21.012
2013-02-20 04:00:00,,-21.016
2013-02-20 05:00:00,,-21.013
2013-02-20 06:00:00,,-21.014
2013-02-20 07:00:00,,-21.013
2013-02-20 08:00:00,,-21.022
2013-02-20 09:00:00,,-21.01
2013-02-20 10:00:00,,-21.012
2013-02-20 11:00:00,,-21.013
2013-02-20 12:00:00,,-20.996
2013-02-20 13:00:00,,-21.003
2013-02-20 14:00:00,,-20.988
2013-02-20 15:00:00,,-20.978
2013-02-20 16:00:00,,-20.988
2013-02-20 17:00:00,,-20.977
2013-02-20 18:00:00,,-20.988
2013-02-20 19:00:00,,-20.999
2013-02-20 20:00:00,,-20.993
2013-02-20 21:00:00,,-21
2013-02-20 22:00:00,,-21.007
2013-02-20 23:00:00,,-21.018
2013-02-21 00:00:00,,-21.011
2013-02-21 01:00:00,,-21.009
2013-02-21 02:00:00,,-21.003
2013-02-21 03:00:00,,-21
2013-02-21 04:00:00,,-21.01
2013-02-21 05:00:00,,-21.008
2013-02-21 06:00:00,,-20.999
2013-02-21 07:00:00,,-21.003
2013-02-21 08:00:00,,-21.013
2013-02-21 09:00:00,,-21.017
2013-02-21 10:00:00,,-21.017
2013-02-21 11:00:00,,-21.01
2013-02-21 12:00:00,,-20.992
2013-02-21 13:00:00,,-20.985
2013-02-21 14:00:00,,-20.983
2013-02-21 15:00:00,,-20.977
2013-02-21 16:00:00,,-20.969
2013-02-21 17:00:00,,-20.974
2013-02-21 18:00:00,,-20.984
2013-02-21 19:00:00,,-20.979
2013-02-21 20:00:00,,-20.993
2013-02-21 21:00:00,,-21.001
2013-02-21 22:00:00,,-21.006
2013-02-21 23:00:00,,-21
2013-02-22 00:00:00,,-20.999
2013-02-22 01:00:00,,-21.006
2013-02-22 02:00:00,,-20.999
2013-02-22 03:00:00,,-20.99
2013-02-22 04:00:00,,-20.991
2013-02-22 05:00:00,,-21.005
2013-02-22 06:00:00,,-21.004
2013-02-22 07:00:00,,-21.003
2013-02-22 08:00:00,,-21.013
2013-02-22 09:00:00,,-21.021
2013-02-22 10:00:00,,-21.01
2013-02-22 11:00:00,,-21.013
2013-02-22 12:00:00,,-20.998
2013-02-22 13:00:00,,-20.99
2013-02-22 14:00:00,,-20.98
2013-02-22 15:00:00,,-20.986
2013-02-22 16:00:00,,-20.982
2013-02-22 17:00:00,,-20.966
2013-02-22 18:00:00,,-20.98
2013-02-22 19:00:00,,-20.985
2013-02-22 20:00:00,,-20.986
2013-02-22 21:00:00,,-20.996
2013-02-22 22:00:00,,-21.003
2013-02-22 23:00:00,,-21.006
2013-02-23 00:00:00,,-21.007
2013-02-23 01:00:00,,-21.001
2013-02-23 02:00:00,,-20.998
2013-02-23 03:00:00,,-20.995
2013-02-23 04:00:00,,-20.98
2013-02-23 05:00:00,,-20.987
2013-02-23 06:00:00,,-20.986
2013-02-23 07:00:00,,-21.007
2013-02-23 08:00:00,,-21.001
2013-02-23 09:00:00,,-21.003
2013-02-23 10:00:00,,-21.012
2013-02-23 11:00:00,,-21.008
2013-02-23 12:00:00,,-21
2013-02-23 13:00:00,,-20.981
2013-02-23 14:00:00,,-20.971
2013-02-23 15:00:00,,-20.977
2013-02-23 16:00:00,,-20.973
2013-02-23 17:00:00,,-20.962
2013-02-23 18:00:00,,-20.962
2013-02-23 19:00:00,,-20.973
2013-02-23 20:00:00,,-20.973
2013-02-23 21:00:00,,-20.987
2013-02-23 22:00:00,,-20.985
2013-02-23 23:00:00,,-20.995
2013-02-24 00:00:00,,-20.988
2013-02-24 01:00:00,,-20.994
2013-02-24 02:00:00,,-20.99
2013-02-24 03:00:00,,-20.993
2013-02-24 04:00:00,,-20.986
2013-02-24 05:00:00,,-20.988
2013-02-24 06:00:00,,-20.99
2013-02-24 07:00:00,,-21.009
2013-02-24 08:00:00,,-21.015
2013-02-24 09:00:00,,-21.014
2013-02-24 10:00:00,,-21.002
2013-02-24 11:00:00,,-21.006
2013-02-24 12:00:00,,-20.992
2013-02-24 13:00:00,,-20.991
2013-02-24 14:00:00,,-20.972
2013-02-24 15:00:00,,-20.979
2013-02-24 16:00:00,,-20.963
2013-02-24 17:00:00,,-20.962
2013-02-24 18:00:00,,-20.977
2013-02-24 19:00:00,,-20.974
2013-02-24 20:00:00,,-20.989
2013-02-24 21:00:00,,-21.002
2013-02-24 22:00:00,,-21.012
2013-02-24 23:00:00,,-21.018
2013-02-25 00:00:00,,-21.019
2013-02-25 01:00:00,,-21.005
2013-02-25 02:00:00,,-21.005
2013-02-25 03:00:00,,-20.995
2013-02-25 04:00:00,,-20.991
2013-02-25 05:00:00,,-20.994
2013-02-25 06:00:00,,-20.996
2013-02-25 07:00:00,,-21.001
2013-02-25 08:00:00,,-21.015
2013-02-25 09:00:00,,-21.019
2013-02-25 10:00:00,,-21.017
2013-02-25 11:00:00,,-21.005
2013-02-25 12:00:00,,-20.995
2013-02-25 13:00:00,,-20.99
2013-02-25 14:00:00,,-20.995
2013-02-25 15:00:00,,-20.987
2013-02-25 16:00:00,,-20.972
2013-02-25 17:00:00,,-20.977
2013-02-25 18:00:00,,-20.981
2013-02-25 19:00:00,,-20.975
2013-02-25 20:00:00,,-20.998
2013-02-25 21:00:00,,-20.994
2013-02-25 22:00:00,,-21.013
2013-02-25 23:00:00,,-21.013
2013-02-26 00:00:00,,-20.998
2013-02-26 01:00:00,,-21.007
2013-02-26 02:00:00,,-20.997
2013-02-26 03:00:00,,-20.988
2013-02-26 04:00:00,,-21.001
2013-02-26 05:00:00,,-20.986
2013-02-26 06:00:00,,-20.989
2013-02-26 07:00:00,,-21.004
2013-02-26 08:00:00,,-21.004
2013-02-26 09:00:00,,-20.998
2013-02-26 10:00:00,,-20.997
2013-02-26 11:00:00,,-21.007
2013-02-26 12:00:00,,-21.006
2013-02-26 13:00:00,,-20.997
2013-02-26 14:00:00,,-20.991
2013-02-26 15:00:00,,-20.971
2013-02-26 16:00:00,,-20.979
2013-02-26 17:00:00,,-20.976
2013-02-26 18:00:00,,-20.964
2013-02-26 19:00:00,,-20.972
2013-02-26 20:00:00,,-20.979
2013-02-26 21:00:00,,-21.001
2013-02-26 22:00:00,,-21.007
2013-02-26 23:00:00,,-21.011
2013-02-27 00:00:00,,-21.018
2013-02-27 01:00:00,,-21.008
2013-02-27 02:00:00,,-20.993
2013-02-27 03:00:00,,-20.987
2013-02-27 04:00:00,,-20.99
2013-02-27 05:00:00,,-20.981
2013-02-27 06:00:00,,-20.983
2013-02-27 07:00:00,,-20.992
2013-02-27 08:00:00,,-21.005
2013-02-27 09:00:00,,-21.014
2013-02-27 10:00:00,,-21.015
2013-02-27 11:00:00,,-21.012
2013-02-27 12:00:00,,-21.009
2013-02-27 13:00:00,,-20.988
2013-02-27 14:00:00,,-20.987
2013-02-27 15:00:00,,-20.974
2013-02-27 16:00:00,,-20.969
2013-02-27 17:00:00,,-20.97
2013-02-27 18:00:00,,-20.979
2013-02-27 19:00:00,,-20.983
2013-02-27 20:00:00,,-20.991
2013-02-27 21:00:00,,-21
2013-02-27 22:00:00,,-21.01
2013-02-27 23:00:00,,-21.02
2013-02-28 00:00:00,,-21.022
2013-02-28 01:00:00,,-21.002
2013-02-28 02:00:00,,-20.996
2013-02-28 03:00:00,,-20.991
2013-02-28 04:00:00,,-21.002
2013-02-28 05:00:00,,-20.989
2013-02-28 06:00:00,,-21.009
2013-02-28 07:00:00,,-21.003
2013-02-28 08:00:00,,-21.009
2013-02-28 09:00:00,,-21.017
2013-02-28 10:00:00,,-21.015
2013-02-28 11:00:00,,-21.019
2013-02-28 12:00:00,,-21
2013-02-28 13:00:00,,-21.002
2013-02-28 14:00:00,,-20.986
2013-02-28 15:00:00,,-20.987
2013-02-28 16:00:00,,-20.986
2013-02-28 17:00:00,,-20.976
2013-02-28 18:00:00,,-20.975
2013-02-28 19:00:00,,-20.981
2013-02-28 20:00:00,,-21.002
2013-02-28 21:00:00,,-21.006
2013-02-28 22:00:00,,-21.008
2013-02-28 23:00:00,,-21.012
2013-03-01 00:00:00,,-21.013
2013-03-01 01:00:00,,-21.007
2013-03-01 02:00:00,,-21.007
2013-03-01 03:00:00,,-20.996
2013-03-01 04:00:00,,-20.992
2013-03-01 05:00:00,,-20.993
2013-03-01 06:00:00,,-20.994
2013-03-01 07:00:00,,-21.011
2013-03-01 08:00:00,,-21.004
2013-03-01 09:00:00,,-21.017
2013-03-01 10:00:00,,-21.017
2013-03-01 11:00:00,,-21.01
2013-03-01 12:00:00,,-21.013
2013-03-01 13:00:00,,-21.004
2013-03-01 14:00:00,,-20.987
2013-03-01 15:00:00,,-20.985
2013-03-01 16:00:00,,-20.988
2013-03-01 17:00:00,,-20.981
2013-03-01 18:00:00,,-20.985
2013-03-01 19:00:00,,-20.988
2013-03-01 20:00:00,,-20.994
2013-03-01 21:00:00,,-21.001
2013-03-01 22:00:00,,-21.011
2013-03-01 23:00:00,,-21.003
2013-03-02 00:00:00,,-21.001
2013-03-02 01:00:00,,-20.997
2013-03-02 02:00:00,,-20.996
2013-03-02 03:00:00,,-21.006
2013-03-02 04:00:00,,-20.999
2013-03-02 05:00:00,,-21.001
2013-03-02 06:00:00,,-21.005
2013-03-02 07:00:00,,-21.01
2013-03-02 08:00:00,,-20.999
2013-03-02 09:00:00,,-21.015
2013-03-02 10:00:00,,-21.004
2013-03-02 11:00:00,,-21.01
2013-03-02 12:00:00,,-21.006
2013-03-02 13:00:00,,-20.988
2013-03-02 14:00:00,,-20.988
2013-03-02 15:00:00,,-20.978
2013-03-02 16:00:00,,-20.966
2013-03-02 17:00:00,,-20.97
2013-03-02 18:00:00,,-20.963
2013-03-02 19:00:00,,-20.976
2013-03-02 20:00:00,,-20.987
2013-03-02 21:00:00,,-20.99
2013-03-02 22:00:00,,-20.995
2013-03-02 23:00:00,,-20.995
2013-03-03 00:00:00,,-21.001
2013-03-03 01:00:00,,-20.991
2013-03-03 02:00:00,,-21.003
2013-03-03 03:00:00,,-20.986
2013-03-03 04:00:00,,-20.983
2013-03-03 05:00:00,,-20.996
2013-03-03 06:00:00,,-20.997
2013-03-03 07:00:00,,-20.988
2013-03-03 08:00:00,,-20.989
2013-03-03 09:00:00,,-21
2013-03-03 10:00:00,,-20.989
2013-03-03 11:00:00,,-21.001
2013-03-03 12:00:00,,-20.996
2013-03-03 13:00:00,,-20.976
2013-03-03 14:00:00,,-20.967
2013-03-03 15:00:00,,-20.972
2013-03-03 16:00:00,,-20.972
2013-03-03 17:00:00,,-20.967
2013-03-03 18:00:00,,-20.972
2013-03-03 19:00:00,,-20.978
2013-03-03 20:00:00,,-20.972
2013-03-03 21:00:00,,-20.992
2013-03-03 22:00:00,,-20.988
2013-03-03 23:00:00,,-20.993
2013-03-04 00:00:00,,-21.006
2013-03-04 01:00:00,,-21.005
2013-03-04 02:00:00,,-21.003
2013-03-04 03:00:00,,-21.003
2013-03-04 04:00:00,,-20.988
2013-03-04 05:00:00,,-20.992
2013-03-04 06:00:00,,-20.99
2013-03-04 07:00:00,,-21.007
2013-03-04 08:00:00,,-21.01
2013-03-04 09:00:00,,-21.009
2013-03-04 10:00:00,,-20.998
2013-03-04 11:00:00,,-20.993
2013-03-04 12:00:00,,-20.993
2013-03-04 13:00:00,,-20.98
2013-03-04 14:00:00,,-20.972
2013-03-04 15:00:00,,-20.98
2013-03-04 16:00:00,,-20.974
2013-03-04 17:00:00,,-20.967
2013-03-04 18:00:00,,-20.972
2013-03-04 19:00:00,,-20.975
2013-03-04 20:00:00,,-20.981
2013-03-04 21:00:00,,-20.991
2013-03-04 22:00:00,,-21.006
2013-03-04 23:00:00,,-21.006
2013-03-05 00:00:00,,-21.006
2013-03-05 01:00:00,,-21.008
2013-03-05 02:00:00,,-21
2013-03-05 03:00:00,,-20.989
2013-03-05 04:00:00,,-20.995
2013-03-05 05:00:00,,-20.99
2013-03-05 06:00:00,,-21
2013-03-05 07:00:00,,-21.012
2013-03-05 08:00:00,,-21.014
2013-03-05 09:00:00,,-21.003
2013-03-05 10:00:00,,-21.013
2013-03-05 11:00:00,,-20.997
2013-03-05 12:00:00,,-21.001
2013-03-05 13:00:00,,-20.984
2013-03-05 14:00:00,,-20.984
2013-03-05 15:00:00,,-20.972
2013-03-05 16:00:00,,-20.981
2013-03-05 17:00:00,,-20.983
2013-03-05 18:00:00,,-20.984
2013-03-05 19:00:00,,-20.994
2013-03-05 20:00:00,,-20.988
2013-03-05 21:00:00,,-20.994
2013-03-05 22:00:00,,-20.998
2013-03-05 23:00:00,,-21.013
2013-03-06 00:00:00,,-21.01
2013-03-06 01:00:00,,-21.006
2013-03-06 02:00:00,,-20.993
2013-03-06 03:00:00,,-21.005
2013-03-06 04:00:00,,-21.003
2013-03-06 05:00:00,,-21.007
2013-03-06 06:00:00,,-21.007
2013-03-06 07:00:00,,-20.998
2013-03-06 08:00:00,,-21.001
2013-03-06 09:00:00,,-21.003
2013-03-06 10:00:00,,-21.001
2013-03-06 11:00:00,,-21.007
2013-03-06 12:00:00,,-21
2013-03-06 13:00:00,,-20.98
2013-03-06 14:00:00,,-20.971
2013-03-06 15:00:00,,-20.98
2013-03-06 16:00:00,,-20.966
2013-03-06 17:00:00,,-20.964
2013-03-06 18:00:00,,-20.968
2013-03-06 19:00:00,,-20.98
2013-03-06 20:00:00,,-20.982
2013-03-06 21:00:00,,-21
2013-03-06 22:00:00,,-21.004
2013-03-06 23:00:00,,-21.012
2013-03-07 00:00:00,,-21.011
2013-03-07 01:00:00,,-21.01
2013-03-07 02:00:00,,-20.996
2013-03-07 03:00:00,,-21.004
2013-03-07 04:00:00,,-21.004
2013-03-07 05:00:00,,-21.002
2013-03-07 06:00:00,,-21.006
2013-03-07 07:00:00,,-21.01
2013-03-07 08:00:00,,-21.008
2013-03-07 09:00:00,,-21.011
2013-03-07 10:00:00,,-21.01
2013-03-07 11:00:00,,-21
2013-03-07 12:00:00,,-20.985
2013-03-07 13:00:00,,-20.989
2013-03-07 14:00:00,,-20.981
2013-03-07 15:00:00,,-20.979
2013-03-07 16:00:00,,-20.965
2013-03-07 17:00:00,,-20.974
2013-03-07 18:00:00,,-20.981
2013-03-07 19:00:00,,-20.988
2013-03-07 20:00:00,,-20.997
2013-03-07 21:00:00,,-20.993
2013-03-07 22:00:00,,-20.999
2013-03-07 23:00:00,,-21.012
2013-03-08 00:00:00,,-21.01
2013-03-08 01:00:00,,-21.008
2013-03-08 02:00:00,,-21.007
2013-03-08 03:00:00,,-20.99
2013-03-08 04:00:00,,-20.99
2013-03-08 05:00:00,,-20.993
2013-03-08 06:00:00,,-21.006
2013-03-08 07:00:00,,-21
2013-03-08 08:00:00,,-21.003
2013-03-08 09:00:00,,-21.005
2013-03-08 10:00:00,,-21.01
2013-03-08 11:00:00,,-21.013
2013-03-08 12:00:00,,-20.991
2013-03-08 13:00:00,,-20.985
2013-03-08 14:00:00,,-20.981
2013-03-08 15:00:00,,-20.981
2013-03-08 16:00:00,,-20.964
2013-03-08 17:00:00,,-20.976
2013-03-08 18:00:00,,-20.975
2013-03-08 19:00:00,,-20.984
2013-03-08 20:00:00,,-20.991
2013-03-08 21:00:00,,-20.996
2013-03-08 22:00:00,,-20.993
2013-03-08 23:00:00,,-21.01
2013-03-09 00:00:00,,-21.007
2013-03-09 01:00:00,,-20.993
2013-03-09 02:00:00,,-20.997
2013-03-09 03:00:00,,-20.987
2013-03-09 04:00:00,,-20.993
2013-03-09 05:00:00,,-21
2013-03-09 06:00:00,,-21
2013-03-09 07:00:00,,-21.007
2013-03-09 08:00:00,,-21.018
2013-03-09 09:00:00,,-21.011
2013-03-09 10:00:00,,-21.022
2013-03-09 11:00:00,,-21.019
2013-03-09 12:00:00,,-21.011
2013-03-09 13:00:00,,-20.987
2013-03-09 14:00:00,,-20.988
2013-03-09 15:00:00,,-20.971
2013-03-09 16:00:00,,-20.968
2013-03-09 17:00:00,,-20.972
2013-03-09 18:00:00,,-20.983
2013-03-09 19:00:00,,-20.994
2013-03-09 20:00:00,,-21.006
2013-03-09 21:00:00,,-21.012
2013-03-09 22:00:00,,-21.008
2013-03-09 23:00:00,,-21.014
2013-03-10 00:00:00,,-21.003
2013-03-10 01:00:00,,-21.005
2013-03-10 02:00:00,,-21.004
2013-03-10 03:00:00,,-20.988
2013-03-10 04:00:00,,-20.994
2013-03-10 05:00:00,,-20.989
2013-03-10 06:00:00,,-20.992
2013-03-10 07:00:00,,-20.998
2013-03-10 08:00:00,,-21.004
2013-03-10 09:00:00,,-21.021
2013-03-10 10:00:00,,-21.017
2013-03-10 11:00:00,,-21.013
2013-03-10 12:00:00,,-21.012
2013-03-10 13:00:00,,-20.989
2013-03-10 14:00:00,,-20.977
2013-03-10 15:00:00,,-20.973
2013-03-10 16:00:00,,-20.978
2013-03-10 17:00:00,,-20.965
2013-03-10 18:00:00,,-20.978
2013-03-10 19:00:00,,-20.978
2013-03-10 20:00:00,,-20.987
2013-03-10 21:00:00,,-21.001
2013-03-10 22:00:00,,-21.011
2013-03-10 23:00:00,,-21.001
2013-03-11 00:00:00,,-21.007
2013-03-11 01:00:00,,-21.009
2013-03-11 02:00:00,,-21.007
2013-03-11 03:00:00,,-21.002
2013-03-11 04:00:00,,-21
2013-03-11 05:00:00,,-20.99
2013-03-11 06:00:00,,-20.997
2013-03-11 07:00:00,,-21.004
2013-03-11 08:00:00,,-21.01
2013-03-11 09:00:00,,-21.007
2013-03-11 10:00:00,,-21.009
2013-03-11 11:00:00,,-21.005
2013-03-11 12:00:00,,-20.991
2013-03-11 13:00:00,,-20.993
2013-03-11 14:00:00,,-20.979
2013-03-11 15:00:00,,-20.979
2013-03-11 16:00:00,,-20.969
2013-03-11 17:00:00,,-20.962
2013-03-11 18:00:00,,-20.963
2013-03-11 19:00:00,,-20.98
2013-03-11 20:00:00,,-20.99
2013-03-11 21:00:00,,-20.997
2013-03-11 22:00:00,,-21.003
2013-03-11 23:00:00,,-21.004
2013-03-12 00:00:00,,-20.998
2013-03-12 01:00:00,,-21.005
2013-03-12 02:00:00,,-20.989
2013-03-12 03:00:00,,-20.987
2013-03-12 04:00:00,,-20.992
2013-03-12 05:00:00,,-20.997
2013-03-12 06:00:00,,-20.999
2013-03-12 07:00:00,,-20.999
2013-03-12 08:00:00,,-21.003
2013-03-12 09:00:00,,-21
2013-03-12 10:00:00,,-21.014
2013-03-12 11:00:00,,-21.006
2013-03-12 12:00:00,,-20.999
2013-03-12 13:00:00,,-20.991
2013-03-12 14:00:00,,-20.975
2013-03-12 15:00:00,,-20.979
2013-03-12 16:00:00,,-20.975
2013-03-12 17:00:00,,-20.963
2013-03-12 18:00:00,,-20.963
2013-03-12 19:00:00,,-20.98
2013-03-12 20:00:00,,-20.989
2013-03-12 21:00:00,,-20.995
2013-03-12 22:00:00,,-20.998
2013-03-12 23:00:00,,-21.007
2013-03-13 00:00:00,,-20.997
2013-03-13 01:00:00,,-20.995
2013-03-13 02:00:00,,-21.005
2013-03-13 03:00:00,,-21.004
2013-03-13 04:00:00,,-20.999
2013-03-13 05:00:00,,-20.985
2013-03-13 06:00:00,,-21
2013-03-13 07:00:00,,-20.987
2013-03-13 08:00:00,,-21.009
2013-03-13 09:00:00,,-21.001
2013-03-13 10:00:00,,-21
2013-03-13 11:00:00,,-21.005
2013-03-13 12:00:00,,-21.001
2013-03-13 13:00:00,,-20.987
2013-03-13 14:00:00,,-20.976
2013-03-13 15:00:00,,-20.978
2013-03-13 16:00:00,,-20.976
2013-03-13 17:00:00,,-20.977
2013-03-13 18:00:00,,-20.981
2013-03-13 19:00:00,,-20.984
2013-03-13 20:00:00,,-20.995
2013-03-13 21:00:00,,-21.008
2013-03-13 22:00:00,,-21.002
2013-03-13 23:00:00,,-21.018
2013-03-14 00:00:00,,-21.015
2013-03-14 01:00:00,,-21.013
2013-03-14 02:00:00,,-21.002
2013-03-14 03:00:00,,-21.005
2013-03-14 04:00:00,,-20.998
2013-03-14 05:00:00,,-20.993
2013-03-14 06:00:00,,-21.006
2013-03-14 07:00:00,,-20.996
2013-03-14 08:00:00,,-21
2013-03-14 09:00:00,,-21.014
2013-03-14 10:00:00,,-21.009
2013-03-14 11:00:00,,-21.007
2013-03-14 12:00:00,,-21.001
2013-03-14 13:00:00,,-20.999
2013-03-14 14:00:00,,-20.984
2013-03-14 14:24:00,,-20.98
2013-03-14 15:00:00,,-20.98
2013-03-14 16:00:00,,-20.969
2013-03-14 17:00:00,,-20.98
2013-03-14 18:00:00,,-20.969
2013-03-14 19:00:00,,-20.985
2013-03-14 20:00:00,,-20.991
2013-03-14 21:00:00,,-20.993
2013-03-14 22:00:00,,-21.002
2013-03-14 23:00:00,,-21.008
2013-03-15 00:00:00,,-21.015
2013-03-15 01:00:00,,-21.02
2013-03-15 02:00:00,,-21.003
2013-03-15 03:00:00,,-21
2013-03-15 04:00:00,,-21.007
2013-03-15 05:00:00,,-20.997
2013-03-15 06:00:00,,-21.009
2013-03-15 07:00:00,,-21
2013-03-15 08:00:00,,-21.003
2013-03-15 09:00:00,,-21.015
2013-03-15 10:00:00,,-21.016
2013-03-15 11:00:00,,-21.001
2013-03-15 12:00:00,,-21.002
2013-03-15 13:00:00,,-20.988
2013-03-15 14:00:00,,-20.98
2013-03-15 15:00:00,,-20.973
2013-03-15 16:00:00,,-20.974
2013-03-15 17:00:00,,-20.967
2013-03-15 18:00:00,,-20.978
2013-03-15 19:00:00,,-20.975
2013-03-15 20:00:00,,-20.983
2013-03-15 21:00:00,,-20.997
2013-03-15 22:00:00,,-21.007
2013-03-15 23:00:00,,-21.012
2013-03-16 00:00:00,,-20.999
2013-03-16 01:00:00,,-21.01
2013-03-16 02:00:00,,-21.003
2013-03-16 03:00:00,,-21.002
2013-03-16 04:00:00,,-21.004
2013-03-16 05:00:00,,-20.999
2013-03-16 06:00:00,,-20.995
2013-03-16 07:00:00,,-20.999
2013-03-16 08:00:00,,-21.01
2013-03-16 09:00:00,,-21.012
2013-03-16 10:00:00,,-21.006
2013-03-16 11:00:00,,-21.008
2013-03-16 12:00:00,,-21.001
2013-03-16 13:00:00,,-20.994
2013-03-16 14:00:00,,-20.989
2013-03-16 15:00:00,,-20.971
2013-03-16 16:00:00,,-20.976
2013-03-16 17:00:00,,-20.981
2013-03-16 18:00:00,,-20.972
2013-03-16 19:00:00,,-20.975
2013-03-16 20:00:00,,-20.985
2013-03-16 21:00:00,,-20.998
2013-03-16 22:00:00,,-21.006
2013-03-16 23:00:00,,-21.011
2013-03-17 00:00:00,,-20.999
2013-03-17 01:00:00,,-20.997
2013-03-17 02:00:00,,-21.002
2013-03-17 03:00:00,,-20.997
2013-03-17 04:00:00,,-20.999
2013-03-17 05:00:00,,-21.005
2013-03-17 06:00:00,,-21.007
2013-03-17 07:00:00,,-21.001
2013-03-17 08:00:00,,-21.012
2013-03-17 09:00:00,,-21.008
2013-03-17 10:00:00,,-21.017
2013-03-17 11:00:00,,-21.002
2013-03-17 12:00:00,,-20.997
2013-03-17 13:00:00,,-20.996
2013-03-17 14:00:00,,-20.991
2013-03-17 15:00:00,,-20.984
2013-03-17 16:00:00,,-20.978
2013-03-17 17:00:00,,-20.971
2013-03-17 18:00:00,,-20.982
2013-03-17 19:00:00,,-20.988
2013-03-17 20:00:00,,-20.996
2013-03-17 21:00:00,,-20.999
2013-03-17 22:00:00,,-21.008
2013-03-17 23:00:00,,-21.005
2013-03-18 00:00:00,,-20.998
2013-03-18 01:00:00,,-21
2013-03-18 02:00:00,,-20.99
2013-03-18 03:00:00,,-20.999
2013-03-18 04:00:00,,-20.995
2013-03-18 05:00:00,,-21.004
2013-03-18 06:00:00,,-20.996
2013-03-18 07:00:00,,-21.005
2013-03-18 08:00:00,,-21.011
2013-03-18 09:00:00,,-21.01
2013-03-18 10:00:00,,-21
2013-03-18 11:00:00,,-21.005
2013-03-18 12:00:00,,-21.001
2013-03-18 13:00:00,,-20.981
2013-03-18 14:00:00,,-20.98
2013-03-18 15:00:00,,-20.968
2013-03-18 16:00:00,,-20.975
2013-03-18 17:00:00,,-20.979
2013-03-18 18:00:00,,-20.98
2013-03-18 19:00:00,,-20.985
2013-03-18 20:00:00,,-20.984
2013-03-18 21:00:00,,-20.997
2013-03-18 22:00:00,,-21.006
2013-03-18 23:00:00,,-21.004
2013-03-19 00:00:00,,-21.004
2013-03-19 01:00:00,,-21.006
2013-03-19 02:00:00,,-21.003
2013-03-19 03:00:00,,-20.99
2013-03-19 04:00:00,,-21.001
2013-03-19 05:00:00,,-21.001
2013-03-19 06:00:00,,-21.005
2013-03-19 07:00:00,,-21.002
2013-03-19 08:00:00,,-20.997
2013-03-19 09:00:00,,-21.012
2013-03-19 10:00:00,,-21.006
2013-03-19 11:00:00,,-21.009
2013-03-19 12:00:00,,-20.99
2013-03-19 13:00:00,,-20.991
2013-03-19 14:00:00,,-20.973
2013-03-19 15:00:00,,-20.972
2013-03-19 16:00:00,,-20.968
2013-03-19 17:00:00,,-20.969
2013-03-19 18:00:00,,-20.985
2013-03-19 19:00:00,,-20.985
2013-03-19 20:00:00,,-20.992
2013-03-19 21:00:00,,-20.992
2013-03-19 22:00:00,,-21.009
2013-03-19 23:00:00,,-20.996
2013-03-20 00:00:00,,-21.008
2013-03-20 01:00:00,,-20.994
2013-03-20 02:00:00,,-20.992
2013-03-20 03:00:00,,-21
2013-03-20 04:00:00,,-21
2013-03-20 05:00:00,,-20.998
2013-03-20 06:00:00,,-20.988
2013-03-20 07:00:00,,-21.001
2013-03-20 08:00:00,,-20.993
2013-03-20 09:00:00,,-20.997
2013-03-20 10:00:00,,-20.994
2013-03-20 11:00:00,,-20.992
2013-03-20 12:00:00,,-20.997
2013-03-20 13:00:00,,-20.973
2013-03-20 14:00:00,,-20.968
2013-03-20 15:00:00,,-20.959
2013-03-20 16:00:00,,-20.962
2013-03-20 17:00:00,,-20.96
2013-03-20 18:00:00,,-20.969
2013-03-20 19:00:00,,-20.965
2013-03-20 20:00:00,,-20.983
2013-03-20 21:00:00,,-20.987
2013-03-20 22:00:00,,-20.997
2013-03-20 23:00:00,,-20.986
2013-03-21 00:00:00,,-20.984
2013-03-21 01:00:00,,-20.992
2013-03-21 02:00:00,,-20.977
2013-03-21 03:00:00,,-20.985
2013-03-21 04:00:00,,-20.984
2013-03-21 05:00:00,,-20.986
2013-03-21 06:00:00,,-20.979
2013-03-21 07:00:00,,-20.981
2013-03-21 08:00:00,,-20.996
2013-03-21 09:00:00,,-20.996
2013-03-21 10:00:00,,-21
2013-03-21 11:00:00,,-20.991
2013-03-21 12:00:00,,-20.991
2013-03-21 13:00:00,,-20.983
2013-03-21 14:00:00,,-20.973
2013-03-21 15:00:00,,-20.964
2013-03-21 16:00:00,,-20.967
2013-03-21 17:00:00,,-20.963
2013-03-21 18:00:00,,-20.958
2013-03-21 19:00:00,,-20.964
2013-03-21 20:00:00,,-20.971
2013-03-21 21:00:00,,-20.989
2013-03-21 22:00:00,,-20.992
2013-03-21 23:00:00,,-20.995
2013-03-22 00:00:00,,-20.983
2013-03-22 01:00:00,,-20.986
2013-03-22 02:00:00,,-20.991
2013-03-22 03:00:00,,-20.991
2013-03-22 04:00:00,,-20.98
2013-03-22 05:00:00,,-20.985
2013-03-22 06:00:00,,-20.989
2013-03-22 07:00:00,,-20.993
2013-03-22 08:00:00,,-20.997
2013-03-22 09:00:00,,-21.011
2013-03-22 10:00:00,,-21.01
2013-03-22 11:00:00,,-20.996
2013-03-22 12:00:00,,-20.99
2013-03-22 13:00:00,,-20.981
2013-03-22 14:00:00,,-20.983
2013-03-22 15:00:00,,-20.974
2013-03-22 16:00:00,,-20.975
2013-03-22 17:00:00,,-20.979
2013-03-22 18:00:00,,-20.973
2013-03-22 19:00:00,,-20.988
2013-03-22 20:00:00,,-20.984
2013-03-22 21:00:00,,-21.001
2013-03-22 22:00:00,,-20.996
2013-03-22 23:00:00,,-21.003
2013-03-23 00:00:00,,-21.006
2013-03-23 01:00:00,,-21.001
2013-03-23 02:00:00,,-21
2013-03-23 03:00:00,,-20.988
2013-03-23 04:00:00,,-20.989
2013-03-23 05:00:00,,-21.003
2013-03-23 06:00:00,,-20.997
2013-03-23 07:00:00,,-21.013
2013-03-23 08:00:00,,-21.005
2013-03-23 09:00:00,,-21.019
2013-03-23 10:00:00,,-21.007
2013-03-23 11:00:00,,-21.007
2013-03-23 12:00:00,,-21.005
2013-03-23 13:00:00,,-20.988
2013-03-23 14:00:00,,-20.984
2013-03-23 15:00:00,,-20.977
2013-03-23 16:00:00,,-20.96
2013-03-23 17:00:00,,-20.96
2013-03-23 18:00:00,,-20.965
2013-03-23 19:00:00,,-20.98
2013-03-23 20:00:00,,-20.981
2013-03-23 21:00:00,,-21
2013-03-23 22:00:00,,-21.005
2013-03-23 23:00:00,,-21.008
2013-03-24 00:00:00,,-20.997
2013-03-24 01:00:00,,-21.009
2013-03-24 02:00:00,,-21.006
2013-03-24 03:00:00,,-20.991
2013-03-24 04:00:00,,-21
2013-03-24 05:00:00,,-21.001
2013-03-24 06:00:00,,-21.002
2013-03-24 07:00:00,,-20.995
2013-03-24 08:00:00,,-21.001
2013-03-24 09:00:00,,-21.006
2013-03-24 10:00:00,,-21.018
2013-03-24 11:00:00,,-21.015
2013-03-24 12:00:00,,-20.994
2013-03-24 13:00:00,,-20.993
2013-03-24 14:00:00,,-20.97
2013-03-24 15:00:00,,-20.972
2013-03-24 16:00:00,,-20.957
2013-03-24 17:00:00,,-20.967
2013-03-24 18:00:00,,-20.958
2013-03-24 19:00:00,,-20.968
2013-03-24 20:00:00,,-20.987
2013-03-24 21:00:00,,-20.995
2013-03-24 22:00:00,,-20.993
2013-03-24 23:00:00,,-21
2013-03-25 00:00:00,,-20.996
2013-03-25 01:00:00,,-20.989
2013-03-25 02:00:00,,-20.985
2013-03-25 03:00:00,,-20.974
2013-03-25 04:00:00,,-20.986
2013-03-25 05:00:00,,-20.99
2013-03-25 06:00:00,,-20.991
2013-03-25 07:00:00,,-20.985
2013-03-25 08:00:00,,-21
2013-03-25 09:00:00,,-21.004
2013-03-25 10:00:00,,-20.994
2013-03-25 11:00:00,,-21
2013-03-25 12:00:00,,-20.988
2013-03-25 13:00:00,,-20.972
2013-03-25 14:00:00,,-20.975
2013-03-25 15:00:00,,-20.966
2013-03-25 16:00:00,,-20.959
2013-03-25 17:00:00,,-20.951
2013-03-25 18:00:00,,-20.967
2013-03-25 19:00:00,,-20.976
2013-03-25 20:00:00,,-20.982
2013-03-25 21:00:00,,-20.997
2013-03-25 22:00:00,,-20.993
2013-03-25 23:00:00,,-21.002
2013-03-26 00:00:00,,-20.999
2013-03-26 01:00:00,,-20.983
2013-03-26 02:00:00,,-20.988
2013-03-26 03:00:00,,-20.985
2013-03-26 04:00:00,,-20.978
2013-03-26 05:00:00,,-20.971
2013-03-26 06:00:00,,-20.986
2013-03-26 07:00:00,,-20.985
2013-03-26 08:00:00,,-20.983
2013-03-26 09:00:00,,-20.996
2013-03-26 10:00:00,,-20.997
2013-03-26 11:00:00,,-20.994
2013-03-26 12:00:00,,-20.982
2013-03-26 13:00:00,,-20.966
2013-03-26 14:00:00,,-20.967
2013-03-26 15:00:00,,-20.964
2013-03-26 16:00:00,,-20.948
2013-03-26 17:00:00,,-20.96
2013-03-26 18:00:00,,-20.953
2013-03-26 19:00:00,,-20.966
2013-03-26 20:00:00,,-20.97
2013-03-26 21:00:00,,-20.985
2013-03-26 22:00:00,,-20.991
2013-03-26 23:00:00,,-20.986
2013-03-27 00:00:00,,-20.987
2013-03-27 01:00:00,,-20.991
2013-03-27 02:00:00,,-20.988
2013-03-27 03:00:00,,-20.988
2013-03-27 04:00:00,,-20.974
2013-03-27 05:00:00,,-20.979
2013-03-27 06:00:00,,-20.982
2013-03-27 07:00:00,,-20.993
2013-03-27 08:00:00,,-20.999
2013-03-27 09:00:00,,-21.008
2013-03-27 10:00:00,,-21.01
2013-03-27 11:00:00,,-20.994
2013-03-27 12:00:00,,-20.988
2013-03-27 13:00:00,,-20.975
2013-03-27 14:00:00,,-20.976
2013-03-27 15:00:00,,-20.959
2013-03-27 16:00:00,,-20.967
2013-03-27 17:00:00,,-20.969
2013-03-27 18:00:00,,-20.97
2013-03-27 19:00:00,,-20.971
2013-03-27 20:00:00,,-20.985
2013-03-27 21:00:00,,-20.989
2013-03-27 22:00:00,,-20.996
2013-03-27 23:00:00,,-21.003
2013-03-28 00:00:00,,-20.997
2013-03-28 01:00:00,,-20.993
2013-03-28 02:00:00,,-21.007
2013-03-28 03:00:00,,-21.001
2013-03-28 04:00:00,,-21.002
2013-03-28 05:00:00,,-20.995
2013-03-28 06:00:00,,-20.999
2013-03-28 07:00:00,,-21.009
2013-03-28 08:00:00,,-21.017
2013-03-28 09:00:00,,-21.018
2013-03-28 10:00:00,,-21.011
2013-03-28 11:00:00,,-21.022
2013-03-28 12:00:00,,-21.016
2013-03-28 13:00:00,,-21.005
2013-03-28 14:00:00,,-20.99
2013-03-28 15:00:00,,-20.991
2013-03-28 16:00:00,,-20.979
2013-03-28 17:00:00,,-20.982
2013-03-28 18:00:00,,-20.981
2013-03-28 19:00:00,,-20.986
2013-03-28 20:00:00,,-21.004
2013-03-28 21:00:00,,-20.998
2013-03-28 22:00:00,,-21.002
2013-03-28 23:00:00,,-21.008
2013-03-29 00:00:00,,-21.006
2013-03-29 01:00:00,,-20.996
2013-03-29 02:00:00,,-21.002
2013-03-29 03:00:00,,-20.992
2013-03-29 04:00:00,,-20.993
2013-03-29 05:00:00,,-20.984
2013-03-29 06:00:00,,-20.988
2013-03-29 07:00:00,,-20.981
2013-03-29 08:00:00,,-20.983
2013-03-29 09:00:00,,-20.989
2013-03-29 10:00:00,,-20.994
2013-03-29 11:00:00,,-20.99
2013-03-29 12:00:00,,-20.996
2013-03-29 13:00:00,,-20.989
2013-03-29 14:00:00,,-20.97
2013-03-29 15:00:00,,-20.97
2013-03-29 16:00:00,,-20.96
2013-03-29 17:00:00,,-20.965
2013-03-29 18:00:00,,-20.974
2013-03-29 19:00:00,,-20.981
2013-03-29 20:00:00,,-20.989
2013-03-29 21:00:00,,-20.995
2013-03-29 22:00:00,,-20.994
2013-03-29 23:00:00,,-21
2013-03-30 00:00:00,,-20.993
2013-03-30 01:00:00,,-20.982
2013-03-30 02:00:00,,-20.986
2013-03-30 03:00:00,,-20.969
2013-03-30 04:00:00,,-20.966
2013-03-30 05:00:00,,-20.972
2013-03-30 06:00:00,,-20.979
2013-03-30 07:00:00,,-20.975
2013-03-30 08:00:00,,-20.987
2013-03-30 09:00:00,,-20.996
2013-03-30 10:00:00,,-20.986
2013-03-30 11:00:00,,-20.99
2013-03-30 12:00:00,,-20.985
2013-03-30 13:00:00,,-20.971
2013-03-30 14:00:00,,-20.963
2013-03-30 15:00:00,,-20.965
2013-03-30 16:00:00,,-20.957
2013-03-30 17:00:00,,-20.966
2013-03-30 18:00:00,,-20.976
2013-03-30 19:00:00,,-20.978
2013-03-30 20:00:00,,-20.979
2013-03-30 21:00:00,,-20.995
2013-03-30 22:00:00,,-21.002
2013-03-30 23:00:00,,-20.993
2013-03-31 00:00:00,,-21.006
2013-03-31 01:00:00,,-21.005
2013-03-31 02:00:00,,-20.998
2013-03-31 03:00:00,,-21.007
2013-03-31 04:00:00,,-20.999
2013-03-31 05:00:00,,-20.995
2013-03-31 06:00:00,,-20.999
2013-03-31 07:00:00,,-20.994
2013-03-31 08:00:00,,-21
2013-03-31 09:00:00,,-21.018
2013-03-31 10:00:00,,-21.012
2013-03-31 11:00:00,,-21.002
2013-03-31 12:00:00,,-21.008
2013-03-31 13:00:00,,-21
2013-03-31 14:00:00,,-20.99
2013-03-31 15:00:00,,-20.981
2013-03-31 16:00:00,,-20.973
2013-03-31 17:00:00,,-20.983
2013-03-31 18:00:00,,-20.986
2013-03-31 19:00:00,,-20.992
2013-03-31 20:00:00,,-20.995
2013-03-31 21:00:00,,-20.996
2013-03-31 22:00:00,,-21.011
2013-03-31 23:00:00,,-21.011
2013-04-01 00:00:00,,-21.011
2013-04-01 01:00:00,,-20.996
2013-04-01 02:00:00,,-20.994
2013-04-01 03:00:00,,-21
2013-04-01 04:00:00,,-20.996
2013-04-01 05:00:00,,-20.988
2013-04-01 06:00:00,,-20.99
2013-04-01 07:00:00,,-21.005
2013-04-01 08:00:00,,-21
2013-04-01 09:00:00,,-21.006
2013-04-01 10:00:00,,-21.01
2013-04-01 11:00:00,,-21.006
2013-04-01 12:00:00,,-20.996
2013-04-01 13:00:00,,-20.989
2013-04-01 14:00:00,,-20.974
2013-04-01 15:00:00,,-20.97
2013-04-01 16:00:00,,-20.968
2013-04-01 17:00:00,,-20.973
2013-04-01 18:00:00,,-20.971
2013-04-01 19:00:00,,-20.983
2013-04-01 20:00:00,,-20.982
2013-04-01 21:00:00,,-20.997
2013-04-01 22:00:00,,-21
2013-04-01 23:00:00,,-21.01
2013-04-02 00:00:00,,-21.005
2013-04-02 01:00:00,,-21.003
2013-04-02 02:00:00,,-21
2013-04-02 03:00:00,,-20.996
2013-04-02 04:00:00,,-20.996
2013-04-02 05:00:00,,-20.989
2013-04-02 06:00:00,,-21
2013-04-02 07:00:00,,-20.991
2013-04-02 08:00:00,,-20.995
2013-04-02 09:00:00,,-21.006
2013-04-02 10:00:00,,-21.008
2013-04-02 11:00:00,,-20.997
2013-04-02 12:00:00,,-20.994
2013-04-02 13:00:00,,-20.985
2013-04-02 14:00:00,,-20.969
2013-04-02 15:00:00,,-20.975
2013-04-02 16:00:00,,-20.969
2013-04-02 17:00:00,,-20.978
2013-04-02 18:00:00,,-20.981
2013-04-02 19:00:00,,-20.975
2013-04-02 20:00:00,,-20.994
2013-04-02 21:00:00,,-20.995
2013-04-02 22:00:00,,-21
2013-04-02 23:00:00,,-21.004
2013-04-03 00:00:00,,-20.998
2013-04-03 01:00:00,,-20.996
2013-04-03 02:00:00,,-20.998
2013-04-03 03:00:00,,-20.992
2013-04-03 04:00:00,,-20.984
2013-04-03 05:00:00,,-20.993
2013-04-03 06:00:00,,-20.998
2013-04-03 07:00:00,,-20.989
2013-04-03 08:00:00,,-20.994
2013-04-03 09:00:00,,-21
2013-04-03 10:00:00,,-21.002
2013-04-03 11:00:00,,-20.991
2013-04-03 12:00:00,,-20.992
2013-04-03 13:00:00,,-20.969
2013-04-03 14:00:00,,-20.972
2013-04-03 15:00:00,,-20.965
2013-04-03 16:00:00,,-20.96
2013-04-03 17:00:00,,-20.973
2013-04-03 18:00:00,,-20.974
2013-04-03 19:00:00,,-20.984
2013-04-03 20:00:00,,-20.99
2013-04-03 21:00:00,,-20.992
2013-04-03 22:00:00,,-20.994
2013-04-03 23:00:00,,-20.993
2013-04-04 00:00:00,,-20.995
2013-04-04 01:00:00,,-20.986
2013-04-04 02:00:00,,-20.997
2013-04-04 03:00:00,,-20.985
2013-04-04 04:00:00,,-20.997
2013-04-04 05:00:00,,-20.984
2013-04-04 06:00:00,,-20.992
2013-04-04 07:00:00,,-20.988
2013-04-04 08:00:00,,-21.004
2013-04-04 09:00:00,,-21.011
2013-04-04 10:00:00,,-21.003
2013-04-04 11:00:00,,-21.004
2013-04-04 12:00:00,,-20.983
2013-04-04 13:00:00,,-20.981
2013-04-04 14:00:00,,-20.968
2013-04-04 15:00:00,,-20.964
2013-04-04 16:00:00,,-20.969
2013-04-04 17:00:00,,-20.972
2013-04-04 18:00:00,,-20.981
2013-04-04 19:00:00,,-20.989
2013-04-04 20:00:00,,-20.99
2013-04-04 21:00:00,,-20.987
2013-04-04 22:00:00,,-20.989
2013-04-04 23:00:00,,-20.997
2013-04-05 00:00:00,,-20.991
2013-04-05 01:00:00,,-20.992
2013-04-05 02:00:00,,-20.986
2013-04-05 03:00:00,,-20.984
2013-04-05 04:00:00,,-20.979
2013-04-05 05:00:00,,-20.982
2013-04-05 06:00:00,,-20.999
2013-04-05 07:00:00,,-21
2013-04-05 08:00:00,,-20.997
2013-04-05 09:00:00,,-21.003
2013-04-05 10:00:00,,-21.002
2013-04-05 11:00:00,,-21.005
2013-04-05 12:00:00,,-21
2013-04-05 13:00:00,,-20.985
2013-04-05 14:00:00,,-20.979
2013-04-05 15:00:00,,-20.987
2013-04-05 16:00:00,,-20.995
2013-04-05 17:00:00,,-20.993
2013-04-05 18:00:00,,-20.997
2013-04-05 19:00:00,,-20.989
2013-04-05 20:00:00,,-20.991
2013-04-05 21:00:00,,-20.991
2013-04-05 22:00:00,,-21
2013-04-05 23:00:00,,-21.007
2013-04-06 00:00:00,,-20.992
2013-04-06 01:00:00,,-20.993
2013-04-06 02:00:00,,-20.988
2013-04-06 03:00:00,,-20.985
2013-04-06 04:00:00,,-20.973
2013-04-06 05:00:00,,-20.988
2013-04-06 06:00:00,,-20.983
2013-04-06 07:00:00,,-20.993
2013-04-06 08:00:00,,-20.991
2013-04-06 09:00:00,,-21
2013-04-06 10:00:00,,-20.995
2013-04-06 11:00:00,,-20.991
2013-04-06 12:00:00,,-20.973
2013-04-06 13:00:00,,-20.978
2013-04-06 14:00:00,,-20.97
2013-04-06 15:00:00,,-20.953
2013-04-06 16:00:00,,-20.964
2013-04-06 17:00:00,,-20.969
2013-04-06 18:00:00,,-20.971
2013-04-06 19:00:00,,-20.981
2013-04-06 20:00:00,,-20.974
2013-04-06 21:00:00,,-20.979
2013-04-06 22:00:00,,-20.984
2013-04-06 23:00:00,,-20.991
2013-04-07 00:00:00,,-20.983
2013-04-07 01:00:00,,-20.985
2013-04-07 02:00:00,,-20.979
2013-04-07 03:00:00,,-20.968
2013-04-07 04:00:00,,-20.975
2013-04-07 05:00:00,,-20.976
2013-04-07 06:00:00,,-20.984
2013-04-07 07:00:00,,-20.991
2013-04-07 08:00:00,,-20.992
2013-04-07 09:00:00,,-20.987
2013-04-07 10:00:00,,-20.988
2013-04-07 11:00:00,,-20.993
2013-04-07 12:00:00,,-20.979
2013-04-07 13:00:00,,-20.975
2013-04-07 14:00:00,,-20.971
2013-04-07 15:00:00,,-20.97
2013-04-07 16:00:00,,-20.967
2013-04-07 17:00:00,,-20.968
2013-04-07 18:00:00,,-20.973
2013-04-07 19:00:00,,-20.983
2013-04-07 20:00:00,,-20.992
2013-04-07 21:00:00,,-20.985
2013-04-07 22:00:00,,-21.002
2013-04-07 23:00:00,,-20.999
2013-04-08 00:00:00,,-20.992
2013-04-08 01:00:00,,-20.987
2013-04-08 02:00:00,,-20.994
2013-04-08 03:00:00,,-20.985
2013-04-08 04:00:00,,-20.977
2013-04-08 05:00:00,,-20.989
2013-04-08 06:00:00,,-20.994
2013-04-08 07:00:00,,-20.986
2013-04-08 08:00:00,,-21.003
2013-04-08 09:00:00,,-20.995
2013-04-08 10:00:00,,-21.008
2013-04-08 11:00:00,,-21
2013-04-08 12:00:00,,-20.984
2013-04-08 13:00:00,,-20.989
2013-04-08 14:00:00,,-20.979
2013-04-08 15:00:00,,-20.969
2013-04-08 16:00:00,,-20.96
2013-04-08 17:00:00,,-20.975
2013-04-08 18:00:00,,-20.978
2013-04-08 19:00:00,,-20.988
2013-04-08 20:00:00,,-20.993
2013-04-08 21:00:00,,-20.996
2013-04-08 22:00:00,,-20.994
2013-04-08 23:00:00,,-21.007
2013-04-09 00:00:00,,-20.993
2013-04-09 01:00:00,,-21
2013-04-09 02:00:00,,-20.994
2013-04-09 03:00:00,,-20.98
2013-04-09 04:00:00,,-20.989
2013-04-09 05:00:00,,-20.976
2013-04-09 06:00:00,,-20.99
2013-04-09 07:00:00,,-20.988
2013-04-09 08:00:00,,-21.002
2013-04-09 09:00:00,,-21.002
2013-04-09 10:00:00,,-21
2013-04-09 11:00:00,,-20.991
2013-04-09 12:00:00,,-20.991
2013-04-09 13:00:00,,-20.984
2013-04-09 14:00:00,,-20.963
2013-04-09 15:00:00,,-20.959
2013-04-09 16:00:00,,-20.958
2013-04-09 17:00:00,,-20.972
2013-04-09 18:00:00,,-20.972
2013-04-09 19:00:00,,-20.981
2013-04-09 20:00:00,,-20.978
2013-04-09 21:00:00,,-20.985
2013-04-09 22:00:00,,-20.99
2013-04-09 23:00:00,,-20.997
2013-04-10 00:00:00,,-21
2013-04-10 01:00:00,,-20.99
2013-04-10 02:00:00,,-20.991
2013-04-10 03:00:00,,-20.975
2013-04-10 04:00:00,,-20.975
2013-04-10 05:00:00,,-20.988
2013-04-10 06:00:00,,-20.982
2013-04-10 07:00:00,,-20.987
2013-04-10 08:00:00,,-20.994
2013-04-10 09:00:00,,-20.986
2013-04-10 10:00:00,,-20.997
2013-04-10 11:00:00,,-20.985
2013-04-10 12:00:00,,-20.982
2013-04-10 13:00:00,,-20.967
2013-04-10 14:00:00,,-20.961
2013-04-10 15:00:00,,-20.966
2013-04-10 16:00:00,,-20.949
2013-04-10 17:00:00,,-20.954
2013-04-10 18:00:00,,-20.967
2013-04-10 19:00:00,,-20.965
2013-04-10 20:00:00,,-20.983
2013-04-10 21:00:00,,-20.994
2013-04-10 22:00:00,,-20.986
2013-04-10 23:00:00,,-21
2013-04-11 00:00:00,,-20.988
2013-04-11 01:00:00,,-20.983
2013-04-11 02:00:00,,-20.979
2013-04-11 03:00:00,,-20.981
2013-04-11 04:00:00,,-20.973
2013-04-11 05:00:00,,-20.982
2013-04-11 06:00:00,,-20.988
2013-04-11 07:00:00,,-20.992
2013-04-11 08:00:00,,-20.983
2013-04-11 09:00:00,,-20.986
2013-04-11 10:00:00,,-20.984
2013-04-11 11:00:00,,-20.989
2013-04-11 12:00:00,,-20.984
2013-04-11 13:00:00,,-20.985
2013-04-11 14:00:00,,-20.971
2013-04-11 15:00:00,,-20.955
2013-04-11 16:00:00,,-20.955
2013-04-11 17:00:00,,-20.968
2013-04-11 18:00:00,,-20.972
2013-04-11 19:00:00,,-20.968
2013-04-11 20:00:00,,-20.983
2013-04-11 21:00:00,,-20.992
2013-04-11 22:00:00,,-20.984
2013-04-11 23:00:00,,-20.997
2013-04-12 00:00:00,,-20.997
2013-04-12 01:00:00,,-20.985
2013-04-12 02:00:00,,-20.988
2013-04-12 03:00:00,,-20.986
2013-04-12 04:00:00,,-20.985
2013-04-12 05:00:00,,-20.98
2013-04-12 06:00:00,,-20.982
2013-04-12 07:00:00,,-20.982
2013-04-12 08:00:00,,-20.995
2013-04-12 09:00:00,,-20.99
2013-04-12 10:00:00,,-20.999
2013-04-12 11:00:00,,-20.994
2013-04-12 12:00:00,,-20.988
2013-04-12 13:00:00,,-20.985
2013-04-12 14:00:00,,-20.972
2013-04-12 15:00:00,,-20.958
2013-04-12 16:00:00,,-20.96
2013-04-12 17:00:00,,-20.959
2013-04-12 18:00:00,,-20.968
2013-04-12 19:00:00,,-20.972
2013-04-12 20:00:00,,-20.985
2013-04-12 21:00:00,,-20.979
2013-04-12 22:00:00,,-20.994
2013-04-12 23:00:00,,-20.993
2013-04-13 00:00:00,,-20.992
2013-04-13 01:00:00,,-20.989
2013-04-13 02:00:00,,-20.992
2013-04-13 03:00:00,,-20.989
2013-04-13 04:00:00,,-20.982
2013-04-13 05:00:00,,-20.983
2013-04-13 06:00:00,,-20.979
2013-04-13 07:00:00,,-20.988
2013-04-13 08:00:00,,-20.99
2013-04-13 09:00:00,,-20.988
2013-04-13 10:00:00,,-20.998
2013-04-13 11:00:00,,-20.996
2013-04-13 12:00:00,,-20.977
2013-04-13 13:00:00,,-20.968
2013-04-13 14:00:00,,-20.963
2013-04-13 15:00:00,,-20.962
2013-04-13 16:00:00,,-20.964
2013-04-13 17:00:00,,-20.953
2013-04-13 18:00:00,,-20.963
2013-04-13 19:00:00,,-20.968
2013-04-13 20:00:00,,-20.976
2013-04-13 21:00:00,,-20.983
2013-04-13 22:00:00,,-20.994
2013-04-13 23:00:00,,-20.988
2013-04-14 00:00:00,,-20.99
2013-04-14 01:00:00,,-20.99
2013-04-14 02:00:00,,-20.973
2013-04-14 03:00:00,,-20.977
2013-04-14 04:00:00,,-20.98
2013-04-14 05:00:00,,-20.968
2013-04-14 06:00:00,,-20.972
2013-04-14 07:00:00,,-20.983
2013-04-14 08:00:00,,-20.981
2013-04-14 09:00:00,,-20.984
2013-04-14 10:00:00,,-20.984
2013-04-14 11:00:00,,-20.993
2013-04-14 12:00:00,,-20.981
2013-04-14 13:00:00,,-20.976
2013-04-14 14:00:00,,-20.968
2013-04-14 15:00:00,,-20.957
2013-04-14 16:00:00,,-20.954
2013-04-14 17:00:00,,-20.949
2013-04-14 18:00:00,,-20.95
2013-04-14 19:00:00,,-20.968
2013-04-14 20:00:00,,-20.971
2013-04-14 21:00:00,,-20.971
2013-04-14 22:00:00,,-20.976
2013-04-14 23:00:00,,-20.977
2013-04-15 00:00:00,,-20.981
2013-04-15 01:00:00,,-20.973
2013-04-15 02:00:00,,-20.971
2013-04-15 03:00:00,,-20.98
2013-04-15 04:00:00,,-20.964
2013-04-15 05:00:00,,-20.978
2013-04-15 06:00:00,,-20.974
2013-04-15 07:00:00,,-20.97
2013-04-15 08:00:00,,-20.986
2013-04-15 09:00:00,,-20.981
2013-04-15 10:00:00,,-20.976
2013-04-15 11:00:00,,-20.98
2013-04-15 12:00:00,,-20.98
2013-04-15 13:00:00,,-20.969
2013-04-15 14:00:00,,-20.965
2013-04-15 15:00:00,,-20.949
2013-04-15 16:00:00,,-20.959
2013-04-15 17:00:00,,-20.954
2013-04-15 18:00:00,,-20.964
2013-04-15 19:00:00,,-20.959
2013-04-15 20:00:00,,-20.966
2013-04-15 21:00:00,,-20.974
2013-04-15 22:00:00,,-20.981
2013-04-15 23:00:00,,-20.995
2013-04-16 00:00:00,,-20.983
2013-04-16 01:00:00,,-20.981
2013-04-16 02:00:00,,-20.991
2013-04-16 03:00:00,,-20.989
2013-04-16 04:00:00,,-20.987
2013-04-16 05:00:00,,-20.99
2013-04-16 06:00:00,,-20.998
2013-04-16 07:00:00,,-20.998
2013-04-16 08:00:00,,-21.005
2013-04-16 09:00:00,,-20.994
2013-04-16 10:00:00,,-20.994
2013-04-16 11:00:00,,-20.997
2013-04-16 12:00:00,,-20.989
2013-04-16 13:00:00,,-20.971
2013-04-16 14:00:00,,-20.975
2013-04-16 15:00:00,,-20.966
2013-04-16 16:00:00,,-20.963
2013-04-16 17:00:00,,-20.963
2013-04-16 18:00:00,,-20.968
2013-04-16 19:00:00,,-20.971
2013-04-16 20:00:00,,-20.981
2013-04-16 21:00:00,,-20.988
2013-04-16 22:00:00,,-20.988
2013-04-16 23:00:00,,-20.992
2013-04-17 00:00:00,,-20.981
2013-04-17 01:00:00,,-20.983
2013-04-17 02:00:00,,-20.994
2013-04-17 03:00:00,,-20.984
2013-04-17 04:00:00,,-20.986
2013-04-17 05:00:00,,-20.995
2013-04-17 06:00:00,,-20.995
2013-04-17 07:00:00,,-20.986
2013-04-17 08:00:00,,-20.993
2013-04-17 09:00:00,,-20.995
2013-04-17 10:00:00,,-21
2013-04-17 11:00:00,,-20.983
2013-04-17 12:00:00,,-20.977
2013-04-17 13:00:00,,-20.977
2013-04-17 14:00:00,,-20.97
2013-04-17 15:00:00,,-20.962
2013-04-17 16:00:00,,-20.953
2013-04-17 17:00:00,,-20.96
2013-04-17 18:00:00,,-20.959
2013-04-17 19:00:00,,-20.965
2013-04-17 20:00:00,,-20.986
2013-04-17 21:00:00,,-20.989
2013-04-17 22:00:00,,-20.977
2013-04-17 23:00:00,,-20.987
2013-04-18 00:00:00,,-20.977
2013-04-18 01:00:00,,-20.989
2013-04-18 02:00:00,,-20.989
2013-04-18 03:00:00,,-20.988
2013-04-18 04:00:00,,-20.976
2013-04-18 05:00:00,,-20.977
2013-04-18 06:00:00,,-20.981
2013-04-18 07:00:00,,-20.996
2013-04-18 08:00:00,,-21.003
2013-04-18 09:00:00,,-20.998
2013-04-18 10:00:00,,-20.99
2013-04-18 11:00:00,,-20.986
2013-04-18 12:00:00,,-20.985
2013-04-18 13:00:00,,-20.975
2013-04-18 14:00:00,,-20.975
2013-04-18 15:00:00,,-20.964
2013-04-18 16:00:00,,-20.956
2013-04-18 17:00:00,,-20.967
2013-04-18 18:00:00,,-20.964
2013-04-18 19:00:00,,-20.98
2013-04-18 20:00:00,,-20.986
2013-04-18 21:00:00,,-20.99
2013-04-18 22:00:00,,-20.982
2013-04-18 23:00:00,,-20.983
2013-04-19 00:00:00,,-20.982
2013-04-19 01:00:00,,-20.989
2013-04-19 02:00:00,,-20.991
2013-04-19 03:00:00,,-20.979
2013-04-19 04:00:00,,-20.989
2013-04-19 05:00:00,,-20.978
2013-04-19 06:00:00,,-20.983
2013-04-19 07:00:00,,-20.992
2013-04-19 08:00:00,,-21.002
2013-04-19 09:00:00,,-20.997
2013-04-19 10:00:00,,-21.002
2013-04-19 11:00:00,,-20.996
2013-04-19 12:00:00,,-20.989
2013-04-19 13:00:00,,-20.972
2013-04-19 14:00:00,,-20.966
2013-04-19 15:00:00,,-20.959
2013-04-19 16:00:00,,-20.965
2013-04-19 17:00:00,,-20.967
2013-04-19 18:00:00,,-20.976
2013-04-19 19:00:00,,-20.978
2013-04-19 20:00:00,,-20.99
2013-04-19 21:00:00,,-20.984
2013-04-19 22:00:00,,-20.996
2013-04-19 23:00:00,,-20.995
2013-04-20 00:00:00,,-20.987
2013-04-20 01:00:00,,-20.983
2013-04-20 02:00:00,,-20.98
2013-04-20 03:00:00,,-20.97
2013-04-20 04:00:00,,-20.984
2013-04-20 05:00:00,,-20.972
2013-04-20 06:00:00,,-20.979
2013-04-20 07:00:00,,-20.983
2013-04-20 08:00:00,,-20.994
2013-04-20 09:00:00,,-20.989
2013-04-20 10:00:00,,-20.988
2013-04-20 11:00:00,,-20.997
2013-04-20 12:00:00,,-20.975
2013-04-20 13:00:00,,-20.978
2013-04-20 14:00:00,,-20.967
2013-04-20 15:00:00,,-20.963
2013-04-20 16:00:00,,-20.95
2013-04-20 17:00:00,,-20.956
2013-04-20 18:00:00,,-20.96
2013-04-20 19:00:00,,-20.965
2013-04-20 20:00:00,,-20.973
2013-04-20 21:00:00,,-20.982
2013-04-20 22:00:00,,-20.974
2013-04-20 23:00:00,,-20.986
2013-04-21 00:00:00,,-20.974
2013-04-21 01:00:00,,-20.98
2013-04-21 02:00:00,,-20.966
2013-04-21 03:00:00,,-20.974
2013-04-21 04:00:00,,-20.966
2013-04-21 05:00:00,,-20.963
2013-04-21 06:00:00,,-20.975
2013-04-21 07:00:00,,-20.968
2013-04-21 08:00:00,,-20.981
2013-04-21 09:00:00,,-20.977
2013-04-21 10:00:00,,-20.983
2013-04-21 11:00:00,,-20.981
2013-04-21 12:00:00,,-20.976
2013-04-21 13:00:00,,-20.965
2013-04-21 14:00:00,,-20.947
2013-04-21 15:00:00,,-20.955
2013-04-21 16:00:00,,-20.948
2013-04-21 17:00:00,,-20.944
2013-04-21 18:00:00,,-20.949
2013-04-21 19:00:00,,-20.956
2013-04-21 20:00:00,,-20.975
2013-04-21 21:00:00,,-20.98
2013-04-21 22:00:00,,-20.979
2013-04-21 23:00:00,,-20.966
2013-04-22 00:00:00,,-20.975
2013-04-22 01:00:00,,-20.966
2013-04-22 02:00:00,,-20.958
2013-04-22 03:00:00,,-20.958
2013-04-22 04:00:00,,-20.969
2013-04-22 05:00:00,,-20.97
2013-04-22 06:00:00,,-20.977
2013-04-22 07:00:00,,-20.98
2013-04-22 08:00:00,,-20.992
2013-04-22 09:00:00,,-20.993
2013-04-22 10:00:00,,-20.995
2013-04-22 11:00:00,,-20.992
2013-04-22 12:00:00,,-20.989
2013-04-22 13:00:00,,-20.968
2013-04-22 14:00:00,,-20.959
2013-04-22 15:00:00,,-20.959
2013-04-22 16:00:00,,-20.958
2013-04-22 17:00:00,,-20.961
2013-04-22 18:00:00,,-20.976
2013-04-22 19:00:00,,-20.981
2013-04-22 20:00:00,,-20.984
2013-04-22 21:00:00,,-20.996
2013-04-22 22:00:00,,-21.009
2013-04-22 23:00:00,,-21.003
2013-04-23 00:00:00,,-20.999
2013-04-23 01:00:00,,-20.996
2013-04-23 02:00:00,,-20.992
2013-04-23 03:00:00,,-20.98
2013-04-23 04:00:00,,-20.983
2013-04-23 05:00:00,,-20.986
2013-04-23 06:00:00,,-20.987
2013-04-23 07:00:00,,-21.005
2013-04-23 08:00:00,,-21.008
2013-04-23 09:00:00,,-20.999
2013-04-23 10:00:00,,-21.005
2013-04-23 11:00:00,,-21.004
2013-04-23 12:00:00,,-20.988
2013-04-23 13:00:00,,-20.991
2013-04-23 14:00:00,,-20.972
2013-04-23 15:00:00,,-20.964
2013-04-23 16:00:00,,-20.969
2013-04-23 17:00:00,,-20.963
2013-04-23 18:00:00,,-20.972
2013-04-23 19:00:00,,-20.977
2013-04-23 20:00:00,,-20.996
2013-04-23 21:00:00,,-20.998
2013-04-23 22:00:00,,-20.997
2013-04-23 23:00:00,,-20.994
2013-04-24 00:00:00,,-21.001
2013-04-24 01:00:00,,-20.986
2013-04-24 02:00:00,,-20.995
2013-04-24 03:00:00,,-20.99
2013-04-24 04:00:00,,-20.994
2013-04-24 05:00:00,,-20.995
2013-04-24 06:00:00,,-20.987
2013-04-24 07:00:00,,-21.001
2013-04-24 08:00:00,,-21.002
2013-04-24 09:00:00,,-21.004
2013-04-24 10:00:00,,-21.004
2013-04-24 11:00:00,,-21
2013-04-24 12:00:00,,-21
2013-04-24 13:00:00,,-20.98
2013-04-24 14:00:00,,-20.968
2013-04-24 15:00:00,,-20.964
2013-04-24 16:00:00,,-20.971
2013-04-24 17:00:00,,-20.971
2013-04-24 18:00:00,,-20.978
2013-04-24 19:00:00,,-20.973
2013-04-24 20:00:00,,-20.984
2013-04-24 21:00:00,,-20.992
2013-04-24 22:00:00,,-20.994
2013-04-24 23:00:00,,-21.006
2013-04-25 00:00:00,,-21.005
2013-04-25 01:00:00,,-21.003
2013-04-25 02:00:00,,-20.987
2013-04-25 03:00:00,,-20.997
2013-04-25 04:00:00,,-20.996
2013-04-25 05:00:00,,-20.997
2013-04-25 06:00:00,,-20.995
2013-04-25 07:00:00,,-20.992
2013-04-25 08:00:00,,-21.005
2013-04-25 09:00:00,,-21.011
2013-04-25 10:00:00,,-21.008
2013-04-25 11:00:00,,-21.004
2013-04-25 12:00:00,,-21.001
2013-04-25 13:00:00,,-20.988
2013-04-25 14:00:00,,-20.974
2013-04-25 15:00:00,,-20.974
2013-04-25 16:00:00,,-20.971
2013-04-25 17:00:00,,-20.98
2013-04-25 18:00:00,,-20.971
2013-04-25 19:00:00,,-20.992
2013-04-25 20:00:00,,-20.998
2013-04-25 21:00:00,,-21.004
2013-04-25 22:00:00,,-21.009
2013-04-25 23:00:00,,-21.006
2013-04-26 00:00:00,,-21.009
2013-04-26 01:00:00,,-21.002
2013-04-26 02:00:00,,-21.002
2013-04-26 03:00:00,,-20.988
2013-04-26 04:00:00,,-20.985
2013-04-26 05:00:00,,-20.982
2013-04-26 06:00:00,,-20.993
2013-04-26 07:00:00,,-20.985
2013-04-26 08:00:00,,-20.995
2013-04-26 09:00:00,,-21.003
2013-04-26 10:00:00,,-21.007
2013-04-26 11:00:00,,-20.996
2013-04-26 12:00:00,,-20.983
2013-04-26 13:00:00,,-20.975
2013-04-26 14:00:00,,-20.965
2013-04-26 15:00:00,,-20.965
2013-04-26 16:00:00,,-20.956
2013-04-26 17:00:00,,-20.956
2013-04-26 18:00:00,,-20.97
2013-04-26 19:00:00,,-20.968
2013-04-26 20:00:00,,-20.981
2013-04-26 21:00:00,,-20.983
2013-04-26 22:00:00,,-20.984
2013-04-26 23:00:00,,-20.986
2013-04-27 00:00:00,,-20.987
2013-04-27 01:00:00,,-20.996
2013-04-27 02:00:00,,-20.984
2013-04-27 03:00:00,,-20.988
2013-04-27 04:00:00,,-20.984
2013-04-27 05:00:00,,-20.975
2013-04-27 06:00:00,,-20.966
2013-04-27 07:00:00,,-20.977
2013-04-27 08:00:00,,-20.975
2013-04-27 09:00:00,,-20.98
2013-04-27 10:00:00,,-20.981
2013-04-27 11:00:00,,-20.98
2013-04-27 12:00:00,,-20.987
2013-04-27 13:00:00,,-20.967
2013-04-27 14:00:00,,-20.97
2013-04-27 15:00:00,,-20.953
2013-04-27 16:00:00,,-20.962
2013-04-27 17:00:00,,-20.963
2013-04-27 18:00:00,,-20.967
2013-04-27 19:00:00,,-20.97
2013-04-27 20:00:00,,-20.977
2013-04-27 21:00:00,,-20.986
2013-04-27 22:00:00,,-20.984
2013-04-27 23:00:00,,-20.979
2013-04-28 00:00:00,,-20.985
2013-04-28 01:00:00,,-20.977
2013-04-28 02:00:00,,-20.977
2013-04-28 03:00:00,,-20.986
2013-04-28 04:00:00,,-20.982
2013-04-28 05:00:00,,-20.977
2013-04-28 06:00:00,,-20.982
2013-04-28 07:00:00,,-20.974
2013-04-28 08:00:00,,-20.979
2013-04-28 09:00:00,,-20.981
2013-04-28 10:00:00,,-20.983
2013-04-28 11:00:00,,-20.988
2013-04-28 12:00:00,,-20.981
2013-04-28 13:00:00,,-20.972
2013-04-28 14:00:00,,-20.969
2013-04-28 15:00:00,,-20.964
2013-04-28 16:00:00,,-20.963
2013-04-28 17:00:00,,-20.952
2013-04-28 18:00:00,,-20.967
2013-04-28 19:00:00,,-20.974
2013-04-28 20:00:00,,-20.982
2013-04-28 21:00:00,,-20.975
2013-04-28 22:00:00,,-20.99
2013-04-28 23:00:00,,-20.99
2013-04-29 00:00:00,,-20.986
2013-04-29 01:00:00,,-20.978
2013-04-29 02:00:00,,-20.976
2013-04-29 03:00:00,,-20.987
2013-04-29 04:00:00,,-20.972
2013-04-29 05:00:00,,-20.972
2013-04-29 06:00:00,,-20.982
2013-04-29 07:00:00,,-20.977
2013-04-29 08:00:00,,-20.993
2013-04-29 09:00:00,,-20.986
2013-04-29 10:00:00,,-20.985
2013-04-29 11:00:00,,-20.982
2013-04-29 12:00:00,,-20.988
2013-04-29 13:00:00,,-20.977
2013-04-29 14:00:00,,-20.974
2013-04-29 15:00:00,,-20.965
2013-04-29 16:00:00,,-20.958
2013-04-29 17:00:00,,-20.965
2013-04-29 18:00:00,,-20.973
2013-04-29 19:00:00,,-20.966
2013-04-29 20:00:00,,-20.971
2013-04-29 21:00:00,,-20.988
2013-04-29 22:00:00,,-20.986
2013-04-29 23:00:00,,-20.991
2013-04-30 00:00:00,,-20.986
2013-04-30 01:00:00,,-20.989
2013-04-30 02:00:00,,-20.986
2013-04-30 03:00:00,,-20.98
2013-04-30 04:00:00,,-20.974
2013-04-30 05:00:00,,-20.975
2013-04-30 06:00:00,,-20.989
2013-04-30 07:00:00,,-20.99
2013-04-30 08:00:00,,-20.993
2013-04-30 09:00:00,,-20.997
2013-04-30 10:00:00,,-20.985
2013-04-30 11:00:00,,-20.981
2013-04-30 12:00:00,,-20.981
2013-04-30 13:00:00,,-20.974
2013-04-30 14:00:00,,-20.959
2013-04-30 15:00:00,,-20.964
2013-04-30 16:00:00,,-20.951
2013-04-30 17:00:00,,-20.952
2013-04-30 18:00:00,,-20.962
2013-04-30 19:00:00,,-20.973
2013-04-30 20:00:00,,-20.974
2013-04-30 21:00:00,,-20.981
2013-04-30 22:00:00,,-20.989
2013-04-30 23:00:00,,-20.985
2013-05-01 00:00:00,,-20.989
2013-05-01 01:00:00,,-20.988
2013-05-01 02:00:00,,-20.985
2013-05-01 03:00:00,,-20.981
2013-05-01 04:00:00,,-20.968
2013-05-01 05:00:00,,-20.974
2013-05-01 06:00:00,,-20.982
2013-05-01 07:00:00,,-20.986
2013-05-01 08:00:00,,-20.988
2013-05-01 09:00:00,,-20.992
2013-05-01 10:00:00,,-20.99
2013-05-01 11:00:00,,-20.981
2013-05-01 12:00:00,,-20.969
2013-05-01 13:00:00,,-20.96
2013-05-01 14:00:00,,-20.954
2013-05-01 15:00:00,,-20.957
2013-05-01 16:00:00,,-20.961
2013-05-01 17:00:00,,-20.956
2013-05-01 18:00:00,,-20.969
2013-05-01 19:00:00,,-20.972
2013-05-01 20:00:00,,-20.976
2013-05-01 21:00:00,,-20.974
2013-05-01 22:00:00,,-20.99
2013-05-01 23:00:00,,-20.978
2013-05-02 00:00:00,,-20.991
2013-05-02 01:00:00,,-20.975
2013-05-02 02:00:00,,-20.983
2013-05-02 03:00:00,,-20.972
2013-05-02 04:00:00,,-20.981
2013-05-02 05:00:00,,-20.98
2013-05-02 06:00:00,,-20.982
2013-05-02 07:00:00,,-20.987
2013-05-02 08:00:00,,-20.984
2013-05-02 09:00:00,,-20.991
2013-05-02 10:00:00,,-20.977
2013-05-02 11:00:00,,-20.979
2013-05-02 12:00:00,,-20.974
2013-05-02 13:00:00,,-20.968
2013-05-02 14:00:00,,-20.95
2013-05-02 15:00:00,,-20.96
2013-05-02 16:00:00,,-20.951
2013-05-02 17:00:00,,-20.965
2013-05-02 18:00:00,,-20.964
2013-05-02 19:00:00,,-20.971
2013-05-02 20:00:00,,-20.972
2013-05-02 21:00:00,,-20.976
2013-05-02 22:00:00,,-20.977
2013-05-02 23:00:00,,-20.978
2013-05-03 00:00:00,,-20.983
2013-05-03 01:00:00,,-20.985
2013-05-03 02:00:00,,-20.983
2013-05-03 03:00:00,,-20.975
2013-05-03 04:00:00,,-20.974
2013-05-03 05:00:00,,-20.97
2013-05-03 06:00:00,,-20.973
2013-05-03 07:00:00,,-20.984
2013-05-03 08:00:00,,-20.993
2013-05-03 09:00:00,,-20.983
2013-05-03 10:00:00,,-20.984
2013-05-03 11:00:00,,-20.988
2013-05-03 12:00:00,,-20.981
2013-05-03 13:00:00,,-20.976
2013-05-03 14:00:00,,-20.956
2013-05-03 15:00:00,,-20.959
2013-05-03 16:00:00,,-20.949
2013-05-03 17:00:00,,-20.96
2013-05-03 18:00:00,,-20.958
2013-05-03 19:00:00,,-20.972
2013-05-03 20:00:00,,-20.984
2013-05-03 21:00:00,,-20.978
2013-05-03 22:00:00,,-20.991
2013-05-03 23:00:00,,-20.993
2013-05-04 00:00:00,,-20.993
2013-05-04 01:00:00,,-20.985
2013-05-04 02:00:00,,-20.974
2013-05-04 03:00:00,,-20.981
2013-05-04 04:00:00,,-20.969
2013-05-04 05:00:00,,-20.97
2013-05-04 06:00:00,,-20.983
2013-05-04 07:00:00,,-20.984
2013-05-04 08:00:00,,-20.988
2013-05-04 09:00:00,,-20.996
2013-05-04 10:00:00,,-20.99
2013-05-04 11:00:00,,-20.99
2013-05-04 12:00:00,,-20.968
2013-05-04 13:00:00,,-20.972
2013-05-04 14:00:00,,-20.963
2013-05-04 15:00:00,,-20.954
2013-05-04 16:00:00,,-20.957
2013-05-04 17:00:00,,-20.963
2013-05-04 18:00:00,,-20.955
2013-05-04 19:00:00,,-20.969
2013-05-04 20:00:00,,-20.981
2013-05-04 21:00:00,,-20.984
2013-05-04 22:00:00,,-20.985
2013-05-04 23:00:00,,-20.98
2013-05-05 00:00:00,,-20.97
2013-05-05 01:00:00,,-20.965
2013-05-05 02:00:00,,-20.963
2013-05-05 03:00:00,,-20.96
2013-05-05 04:00:00,,-20.97
2013-05-05 05:00:00,,-20.97
2013-05-05 06:00:00,,-20.964
2013-05-05 07:00:00,,-20.97
2013-05-05 08:00:00,,-20.977
2013-05-05 09:00:00,,-20.988
2013-05-05 10:00:00,,-20.986
2013-05-05 11:00:00,,-20.979
2013-05-05 12:00:00,,-20.973
2013-05-05 13:00:00,,-20.958
2013-05-05 14:00:00,,-20.955
2013-05-05 15:00:00,,-20.941
2013-05-05 16:00:00,,-20.94
2013-05-05 17:00:00,,-20.954
2013-05-05 18:00:00,,-20.956
2013-05-05 19:00:00,,-20.956
2013-05-05 20:00:00,,-20.974
2013-05-05 21:00:00,,-20.982
2013-05-05 22:00:00,,-20.972
2013-05-05 23:00:00,,-20.983
2013-05-06 00:00:00,,-20.98
2013-05-06 01:00:00,,-20.966
2013-05-06 02:00:00,,-20.964
2013-05-06 03:00:00,,-20.961
2013-05-06 04:00:00,,-20.969
2013-05-06 05:00:00,,-20.974
2013-05-06 06:00:00,,-20.976
2013-05-06 07:00:00,,-20.969
2013-05-06 08:00:00,,-20.981
2013-05-06 09:00:00,,-20.988
2013-05-06 10:00:00,,-20.977
2013-05-06 11:00:00,,-20.982
2013-05-06 12:00:00,,-20.965
2013-05-06 13:00:00,,-20.961
2013-05-06 14:00:00,,-20.945
2013-05-06 15:00:00,,-20.948
2013-05-06 16:00:00,,-20.94
2013-05-06 17:00:00,,-20.956
2013-05-06 18:00:00,,-20.96
2013-05-06 19:00:00,,-20.956
2013-05-06 20:00:00,,-20.974
2013-05-06 21:00:00,,-20.981
2013-05-06 22:00:00,,-20.984
2013-05-06 23:00:00,,-20.979
2013-05-07 00:00:00,,-20.975
2013-05-07 01:00:00,,-20.965
2013-05-07 02:00:00,,-20.97
2013-05-07 03:00:00,,-20.958
2013-05-07 04:00:00,,-20.958
2013-05-07 05:00:00,,-20.961
2013-05-07 06:00:00,,-20.973
2013-05-07 07:00:00,,-20.987
2013-05-07 08:00:00,,-20.979
2013-05-07 09:00:00,,-20.989
2013-05-07 10:00:00,,-20.983
2013-05-07 11:00:00,,-20.981
2013-05-07 12:00:00,,-20.987
2013-05-07 13:00:00,,-20.977
2013-05-07 14:00:00,,-20.964
2013-05-07 15:00:00,,-20.951
2013-05-07 16:00:00,,-20.96
2013-05-07 17:00:00,,-20.952
2013-05-07 18:00:00,,-20.956
2013-05-07 19:00:00,,-20.973
2013-05-07 20:00:00,,-20.98
2013-05-07 21:00:00,,-20.977
2013-05-07 22:00:00,,-20.986
2013-05-07 23:00:00,,-20.989
2013-05-08 00:00:00,,-20.985
2013-05-08 01:00:00,,-20.982
2013-05-08 02:00:00,,-20.98
2013-05-08 03:00:00,,-20.975
2013-05-08 04:00:00,,-20.973
2013-05-08 05:00:00,,-20.978
2013-05-08 06:00:00,,-20.972
2013-05-08 07:00:00,,-20.978
2013-05-08 08:00:00,,-20.996
2013-05-08 09:00:00,,-20.987
2013-05-08 10:00:00,,-20.998
2013-05-08 11:00:00,,-20.992
2013-05-08 12:00:00,,-20.983
2013-05-08 13:00:00,,-20.977
2013-05-08 14:00:00,,-20.962
2013-05-08 15:00:00,,-20.949
2013-05-08 16:00:00,,-20.946
2013-05-08 17:00:00,,-20.954
2013-05-08 18:00:00,,-20.958
2013-05-08 19:00:00,,-20.964
2013-05-08 20:00:00,,-20.98
2013-05-08 21:00:00,,-20.983
2013-05-08 22:00:00,,-20.991
2013-05-08 23:00:00,,-20.992
2013-05-09 00:00:00,,-20.991
2013-05-09 01:00:00,,-20.975
2013-05-09 02:00:00,,-20.986
2013-05-09 03:00:00,,-20.982
2013-05-09 04:00:00,,-20.967
2013-05-09 05:00:00,,-20.966
2013-05-09 06:00:00,,-20.967
2013-05-09 07:00:00,,-20.982
2013-05-09 08:00:00,,-20.989
2013-05-09 09:00:00,,-20.985
2013-05-09 10:00:00,,-20.978
2013-05-09 11:00:00,,-20.99
2013-05-09 12:00:00,,-20.977
2013-05-09 13:00:00,,-20.97
2013-05-09 14:00:00,,-20.967
2013-05-09 15:00:00,,-20.952
2013-05-09 16:00:00,,-20.958
2013-05-09 17:00:00,,-20.966
2013-05-09 18:00:00,,-20.958
2013-05-09 19:00:00,,-20.962
2013-05-09 20:00:00,,-20.974
2013-05-09 21:00:00,,-20.973
2013-05-09 22:00:00,,-20.985
2013-05-09 23:00:00,,-20.981
2013-05-10 00:00:00,,-20.975
2013-05-10 01:00:00,,-20.984
2013-05-10 02:00:00,,-20.98
2013-05-10 03:00:00,,-20.979
2013-05-10 04:00:00,,-20.963
2013-05-10 05:00:00,,-20.969
2013-05-10 06:00:00,,-20.974
2013-05-10 07:00:00,,-20.983
2013-05-10 08:00:00,,-20.981
2013-05-10 09:00:00,,-20.985
2013-05-10 10:00:00,,-20.98
2013-05-10 11:00:00,,-20.991
2013-05-10 12:00:00,,-20.983
2013-05-10 13:00:00,,-20.973
2013-05-10 14:00:00,,-20.962
2013-05-10 15:00:00,,-20.945
2013-05-10 16:00:00,,-20.951
2013-05-10 17:00:00,,-20.951
2013-05-10 18:00:00,,-20.948
2013-05-10 19:00:00,,-20.953
2013-05-10 20:00:00,,-20.969
2013-05-10 21:00:00,,-20.964
2013-05-10 22:00:00,,-20.977
2013-05-10 23:00:00,,-20.98
2013-05-11 00:00:00,,-20.977
2013-05-11 01:00:00,,-20.973
2013-05-11 02:00:00,,-20.968
2013-05-11 03:00:00,,-20.975
2013-05-11 04:00:00,,-20.961
2013-05-11 05:00:00,,-20.96
2013-05-11 06:00:00,,-20.972
2013-05-11 07:00:00,,-20.966
2013-05-11 08:00:00,,-20.976
2013-05-11 09:00:00,,-20.98
2013-05-11 10:00:00,,-20.987
2013-05-11 11:00:00,,-20.984
2013-05-11 12:00:00,,-20.978
2013-05-11 13:00:00,,-20.971
2013-05-11 14:00:00,,-20.957
2013-05-11 15:00:00,,-20.94
2013-05-11 16:00:00,,-20.946
2013-05-11 17:00:00,,-20.94
2013-05-11 18:00:00,,-20.945
2013-05-11 19:00:00,,-20.95
2013-05-11 20:00:00,,-20.956
2013-05-11 21:00:00,,-20.969
2013-05-11 22:00:00,,-20.978
2013-05-11 23:00:00,,-20.976
2013-05-12 00:00:00,,-20.97
2013-05-12 01:00:00,,-20.972
2013-05-12 02:00:00,,-20.976
2013-05-12 03:00:00,,-20.982
2013-05-12 04:00:00,,-20.967
2013-05-12 05:00:00,,-20.966
2013-05-12 06:00:00,,-20.977
2013-05-12 07:00:00,,-20.987
2013-05-12 08:00:00,,-20.982
2013-05-12 09:00:00,,-20.99
2013-05-12 10:00:00,,-21.005
2013-05-12 11:00:00,,-21.005
2013-05-12 12:00:00,,-20.989
2013-05-12 13:00:00,,-20.996
2013-05-12 14:00:00,,-20.977
2013-05-12 15:00:00,,-20.97
2013-05-12 16:00:00,,-20.976
2013-05-12 17:00:00,,-20.966
2013-05-12 18:00:00,,-20.982
2013-05-12 19:00:00,,-20.972
2013-05-12 20:00:00,,-20.976
2013-05-12 21:00:00,,-20.981
2013-05-12 22:00:00,,-20.987
2013-05-12 23:00:00,,-20.988
2013-05-13 00:00:00,,-20.979
2013-05-13 01:00:00,,-20.981
2013-05-13 02:00:00,,-20.977
2013-05-13 03:00:00,,-20.971
2013-05-13 04:00:00,,-20.96
2013-05-13 05:00:00,,-20.962
2013-05-13 06:00:00,,-20.962
2013-05-13 07:00:00,,-20.978
2013-05-13 08:00:00,,-20.98
2013-05-13 09:00:00,,-20.983
2013-05-13 10:00:00,,-20.983
2013-05-13 11:00:00,,-20.98
2013-05-13 12:00:00,,-20.984
2013-05-13 13:00:00,,-20.975
2013-05-13 14:00:00,,-20.97
2013-05-13 15:00:00,,-20.968
2013-05-13 16:00:00,,-20.965
2013-05-13 17:00:00,,-20.975
2013-05-13 18:00:00,,-20.963
2013-05-13 19:00:00,,-20.966
2013-05-13 20:00:00,,-20.98
2013-05-13 21:00:00,,-20.98
2013-05-13 22:00:00,,-20.988
2013-05-13 23:00:00,,-20.982
2013-05-14 00:00:00,,-20.97
2013-05-14 01:00:00,,-20.967
2013-05-14 02:00:00,,-20.965
2013-05-14 03:00:00,,-20.965
2013-05-14 04:00:00,,-20.956
2013-05-14 05:00:00,,-20.969
2013-05-14 06:00:00,,-20.957
2013-05-14 07:00:00,,-20.96
2013-05-14 08:00:00,,-20.964
2013-05-14 09:00:00,,-20.971
2013-05-14 10:00:00,,-20.978
2013-05-14 11:00:00,,-20.981
2013-05-14 12:00:00,,-20.964
2013-05-14 13:00:00,,-20.963
2013-05-14 14:00:00,,-20.95
2013-05-14 15:00:00,,-20.945
2013-05-14 16:00:00,,-20.953
2013-05-14 17:00:00,,-20.944
2013-05-14 18:00:00,,-20.95
2013-05-14 19:00:00,,-20.962
2013-05-14 20:00:00,,-20.959
2013-05-14 21:00:00,,-20.972
2013-05-14 22:00:00,,-20.97
2013-05-14 23:00:00,,-20.972
2013-05-15 00:00:00,,-20.97
2013-05-15 01:00:00,,-20.966
2013-05-15 02:00:00,,-20.967
2013-05-15 03:00:00,,-20.966
2013-05-15 04:00:00,,-20.962
2013-05-15 05:00:00,,-20.966
2013-05-15 06:00:00,,-20.953
2013-05-15 07:00:00,,-20.957
2013-05-15 08:00:00,,-20.956
2013-05-15 09:00:00,,-20.97
2013-05-15 10:00:00,,-20.979
2013-05-15 11:00:00,,-20.978
2013-05-15 12:00:00,,-20.957
2013-05-15 13:00:00,,-20.953
2013-05-15 14:00:00,,-20.95
2013-05-15 15:00:00,,-20.95
2013-05-15 16:00:00,,-20.958
2013-05-15 17:00:00,,-20.96
2013-05-15 18:00:00,,-20.965
2013-05-15 19:00:00,,-20.96
2013-05-15 20:00:00,,-20.969
2013-05-15 21:00:00,,-20.968
2013-05-15 22:00:00,,-20.966
2013-05-15 23:00:00,,-20.973
2013-05-16 00:00:00,,-20.967
2013-05-16 01:00:00,,-20.97
2013-05-16 02:00:00,,-20.976
2013-05-16 03:00:00,,-20.963
2013-05-16 04:00:00,,-20.961
2013-05-16 05:00:00,,-20.959
2013-05-16 06:00:00,,-20.968
2013-05-16 07:00:00,,-20.975
2013-05-16 08:00:00,,-20.971
2013-05-16 09:00:00,,-20.974
2013-05-16 10:00:00,,-20.979
2013-05-16 11:00:00,,-20.979
2013-05-16 12:00:00,,-20.975
2013-05-16 13:00:00,,-20.967
2013-05-16 14:00:00,,-20.96
2013-05-16 15:00:00,,-20.957
2013-05-16 16:00:00,,-20.96
2013-05-16 17:00:00,,-20.951
2013-05-16 18:00:00,,-20.967
2013-05-16 19:00:00,,-20.965
2013-05-16 20:00:00,,-20.974
2013-05-16 21:00:00,,-20.978
2013-05-16 22:00:00,,-20.981
2013-05-16 23:00:00,,-20.972
2013-05-17 00:00:00,,-20.971
2013-05-17 01:00:00,,-20.97
2013-05-17 02:00:00,,-20.973
2013-05-17 03:00:00,,-20.966
2013-05-17 04:00:00,,-20.959
2013-05-17 05:00:00,,-20.974
2013-05-17 06:00:00,,-20.959
2013-05-17 07:00:00,,-20.963
2013-05-17 08:00:00,,-20.98
2013-05-17 09:00:00,,-20.986
2013-05-17 10:00:00,,-20.983
2013-05-17 11:00:00,,-20.967
2013-05-17 12:00:00,,-20.972
2013-05-17 13:00:00,,-20.963
2013-05-17 14:00:00,,-20.963
2013-05-17 15:00:00,,-20.958
2013-05-17 16:00:00,,-20.957
2013-05-17 17:00:00,,-20.957
2013-05-17 18:00:00,,-20.977
2013-05-17 19:00:00,,-20.975
2013-05-17 20:00:00,,-20.971
2013-05-17 21:00:00,,-20.974
2013-05-17 22:00:00,,-20.979
2013-05-17 23:00:00,,-20.984
2013-05-18 00:00:00,,-20.98
2013-05-18 01:00:00,,-20.973
2013-05-18 02:00:00,,-20.972
2013-05-18 03:00:00,,-20.96
2013-05-18 04:00:00,,-20.962
2013-05-18 05:00:00,,-20.958
2013-05-18 06:00:00,,-20.961
2013-05-18 07:00:00,,-20.972
2013-05-18 08:00:00,,-20.977
2013-05-18 09:00:00,,-20.978
2013-05-18 10:00:00,,-20.987
2013-05-18 11:00:00,,-20.973
2013-05-18 12:00:00,,-20.97
2013-05-18 13:00:00,,-20.956
2013-05-18 14:00:00,,-20.957
2013-05-18 15:00:00,,-20.941
2013-05-18 16:00:00,,-20.939
2013-05-18 17:00:00,,-20.957
2013-05-18 18:00:00,,-20.96
2013-05-18 19:00:00,,-20.969
2013-05-18 20:00:00,,-20.967
2013-05-18 21:00:00,,-20.973
2013-05-18 22:00:00,,-20.969
2013-05-18 23:00:00,,-20.971
2013-05-19 00:00:00,,-20.967
2013-05-19 01:00:00,,-20.965
2013-05-19 02:00:00,,-20.975
2013-05-19 03:00:00,,-20.973
2013-05-19 04:00:00,,-20.967
2013-05-19 05:00:00,,-20.97
2013-05-19 06:00:00,,-20.974
2013-05-19 07:00:00,,-20.979
2013-05-19 08:00:00,,-20.982
2013-05-19 09:00:00,,-20.983
2013-05-19 10:00:00,,-20.971
2013-05-19 11:00:00,,-20.978
2013-05-19 12:00:00,,-20.966
2013-05-19 13:00:00,,-20.95
2013-05-19 14:00:00,,-20.941
2013-05-19 15:00:00,,-20.948
2013-05-19 16:00:00,,-20.935
2013-05-19 17:00:00,,-20.953
2013-05-19 18:00:00,,-20.946
2013-05-19 19:00:00,,-20.951
2013-05-19 20:00:00,,-20.969
2013-05-19 21:00:00,,-20.96
2013-05-19 22:00:00,,-20.969
2013-05-19 23:00:00,,-20.976
2013-05-20 00:00:00,,-20.968
2013-05-20 01:00:00,,-20.96
2013-05-20 02:00:00,,-20.967
2013-05-20 03:00:00,,-20.965
2013-05-20 04:00:00,,-20.952
2013-05-20 05:00:00,,-20.962
2013-05-20 06:00:00,,-20.96
2013-05-20 07:00:00,,-20.961
2013-05-20 08:00:00,,-20.966
2013-05-20 09:00:00,,-20.963
2013-05-20 10:00:00,,-20.966
2013-05-20 11:00:00,,-20.966
2013-05-20 12:00:00,,-20.961
2013-05-20 13:00:00,,-20.945
2013-05-20 14:00:00,,-20.936
2013-05-20 15:00:00,,-20.94
2013-05-20 16:00:00,,-20.933
2013-05-20 17:00:00,,-20.936
2013-05-20 18:00:00,,-20.952
2013-05-20 19:00:00,,-20.961
2013-05-20 20:00:00,,-20.967
2013-05-20 21:00:00,,-20.968
2013-05-20 22:00:00,,-20.967
2013-05-20 23:00:00,,-20.966
2013-05-21 00:00:00,,-20.964
2013-05-21 01:00:00,,-20.954
2013-05-21 02:00:00,,-20.955
2013-05-21 03:00:00,,-20.957
2013-05-21 04:00:00,,-20.957
2013-05-21 05:00:00,,-20.955
2013-05-21 06:00:00,,-20.964
2013-05-21 07:00:00,,-20.961
2013-05-21 08:00:00,,-20.963
2013-05-21 09:00:00,,-20.968
2013-05-21 10:00:00,,-20.965
2013-05-21 11:00:00,,-20.945
2013-05-21 12:00:00,,-20.948
2013-05-21 13:00:00,,-20.936
2013-05-21 14:00:00,,-20.924
2013-05-21 15:00:00,,-20.931
2013-05-21 16:00:00,,-20.936
2013-05-21 17:00:00,,-20.934
2013-05-21 18:00:00,,-20.946
2013-05-21 19:00:00,,-20.954
2013-05-21 20:00:00,,-20.968
2013-05-21 21:00:00,,-20.978
2013-05-21 22:00:00,,-20.972
2013-05-21 23:00:00,,-20.974
2013-05-22 00:00:00,,-20.972
2013-05-22 01:00:00,,-20.968
2013-05-22 02:00:00,,-20.956
2013-05-22 03:00:00,,-20.965
2013-05-22 04:00:00,,-20.964
2013-05-22 05:00:00,,-20.965
2013-05-22 06:00:00,,-20.967
2013-05-22 07:00:00,,-20.969
2013-05-22 08:00:00,,-20.978
2013-05-22 09:00:00,,-20.983
2013-05-22 10:00:00,,-20.976
2013-05-22 11:00:00,,-20.974
2013-05-22 12:00:00,,-20.967
2013-05-22 13:00:00,,-20.96
2013-05-22 14:00:00,,-20.952
2013-05-22 15:00:00,,-20.958
2013-05-22 16:00:00,,-20.965
2013-05-22 17:00:00,,-20.966
2013-05-22 18:00:00,,-20.961
2013-05-22 19:00:00,,-20.977
2013-05-22 20:00:00,,-20.985
2013-05-22 21:00:00,,-20.991
2013-05-22 22:00:00,,-20.987
2013-05-22 23:00:00,,-20.992
2013-05-23 00:00:00,,-20.981
2013-05-23 01:00:00,,-20.975
2013-05-23 02:00:00,,-20.974
2013-05-23 03:00:00,,-20.978
2013-05-23 04:00:00,,-20.983
2013-05-23 05:00:00,,-20.982
2013-05-23 06:00:00,,-20.971
2013-05-23 07:00:00,,-20.986
2013-05-23 08:00:00,,-20.993
2013-05-23 09:00:00,,-20.993
2013-05-23 10:00:00,,-20.989
2013-05-23 11:00:00,,-20.997
2013-05-23 12:00:00,,-20.984
2013-05-23 13:00:00,,-20.978
2013-05-23 14:00:00,,-20.968
2013-05-23 15:00:00,,-20.956
2013-05-23 16:00:00,,-20.955
2013-05-23 17:00:00,,-20.961
2013-05-23 18:00:00,,-20.976
2013-05-23 19:00:00,,-20.973
2013-05-23 20:00:00,,-20.981
2013-05-23 21:00:00,,-20.987
2013-05-23 22:00:00,,-20.992
2013-05-23 23:00:00,,-20.997
2013-05-24 00:00:00,,-20.987
2013-05-24 01:00:00,,-20.989
2013-05-24 02:00:00,,-20.989
2013-05-24 03:00:00,,-20.989
2013-05-24 04:00:00,,-20.981
2013-05-24 05:00:00,,-20.98
2013-05-24 06:00:00,,-20.973
2013-05-24 07:00:00,,-20.977
2013-05-24 08:00:00,,-20.994
2013-05-24 09:00:00,,-20.999
2013-05-24 10:00:00,,-20.993
2013-05-24 11:00:00,,-20.993
2013-05-24 12:00:00,,-20.991
2013-05-24 13:00:00,,-20.975
2013-05-24 14:00:00,,-20.962
2013-05-24 15:00:00,,-20.962
2013-05-24 16:00:00,,-20.96
2013-05-24 17:00:00,,-20.956
2013-05-24 18:00:00,,-20.966
2013-05-24 19:00:00,,-20.981
2013-05-24 20:00:00,,-20.973
2013-05-24 21:00:00,,-20.984
2013-05-24 22:00:00,,-20.982
2013-05-24 23:00:00,,-20.994
2013-05-25 00:00:00,,-20.988
2013-05-25 01:00:00,,-20.98
2013-05-25 02:00:00,,-20.978
2013-05-25 03:00:00,,-20.981
2013-05-25 04:00:00,,-20.967
2013-05-25 05:00:00,,-20.978
2013-05-25 06:00:00,,-20.968
2013-05-25 07:00:00,,-20.981
2013-05-25 08:00:00,,-20.989
2013-05-25 09:00:00,,-20.988
2013-05-25 10:00:00,,-20.987
2013-05-25 11:00:00,,-20.998
2013-05-25 12:00:00,,-20.988
2013-05-25 13:00:00,,-20.976
2013-05-25 14:00:00,,-20.97
2013-05-25 15:00:00,,-20.96
2013-05-25 16:00:00,,-20.95
2013-05-25 17:00:00,,-20.957
2013-05-25 18:00:00,,-20.966
2013-05-25 19:00:00,,-20.966
2013-05-25 20:00:00,,-20.973
2013-05-25 21:00:00,,-20.972
2013-05-25 22:00:00,,-20.981
2013-05-25 23:00:00,,-20.986
2013-05-26 00:00:00,,-20.983
2013-05-26 01:00:00,,-20.972
2013-05-26 02:00:00,,-20.976
2013-05-26 03:00:00,,-20.974
2013-05-26 04:00:00,,-20.963
2013-05-26 05:00:00,,-20.962
2013-05-26 06:00:00,,-20.967
2013-05-26 07:00:00,,-20.974
2013-05-26 08:00:00,,-20.981
2013-05-26 09:00:00,,-20.978
2013-05-26 10:00:00,,-20.982
2013-05-26 11:00:00,,-20.985
2013-05-26 12:00:00,,-20.966
2013-05-26 13:00:00,,-20.958
2013-05-26 14:00:00,,-20.96
2013-05-26 15:00:00,,-20.944
2013-05-26 16:00:00,,-20.95
2013-05-26 17:00:00,,-20.943
2013-05-26 18:00:00,,-20.954
2013-05-26 19:00:00,,-20.953
2013-05-26 20:00:00,,-20.972
2013-05-26 21:00:00,,-20.975
2013-05-26 22:00:00,,-20.969
2013-05-26 23:00:00,,-20.97
2013-05-27 00:00:00,,-20.972
2013-05-27 01:00:00,,-20.981
2013-05-27 02:00:00,,-20.977
2013-05-27 03:00:00,,-20.968
2013-05-27 04:00:00,,-20.969
2013-05-27 05:00:00,,-20.97
2013-05-27 06:00:00,,-20.968
2013-05-27 07:00:00,,-20.965
2013-05-27 08:00:00,,-20.97
2013-05-27 09:00:00,,-20.98
2013-05-27 10:00:00,,-20.98
2013-05-27 11:00:00,,-20.967
2013-05-27 12:00:00,,-20.964
2013-05-27 13:00:00,,-20.965
2013-05-27 14:00:00,,-20.948
2013-05-27 15:00:00,,-20.947
2013-05-27 16:00:00,,-20.938
2013-05-27 17:00:00,,-20.938
2013-05-27 18:00:00,,-20.953
2013-05-27 19:00:00,,-20.959
2013-05-27 20:00:00,,-20.965
2013-05-27 21:00:00,,-20.957
2013-05-27 22:00:00,,-20.969
2013-05-27 23:00:00,,-20.966
2013-05-28 00:00:00,,-20.961
2013-05-28 01:00:00,,-20.967
2013-05-28 02:00:00,,-20.964
2013-05-28 03:00:00,,-20.966
2013-05-28 04:00:00,,-20.963
2013-05-28 05:00:00,,-20.965
2013-05-28 06:00:00,,-20.952
2013-05-28 07:00:00,,-20.966
2013-05-28 08:00:00,,-20.966
2013-05-28 09:00:00,,-20.973
2013-05-28 10:00:00,,-20.964
2013-05-28 11:00:00,,-20.97
2013-05-28 12:00:00,,-20.958
2013-05-28 13:00:00,,-20.951
2013-05-28 14:00:00,,-20.943
2013-05-28 15:00:00,,-20.941
2013-05-28 16:00:00,,-20.94
2013-05-28 17:00:00,,-20.953
2013-05-28 18:00:00,,-20.946
2013-05-28 19:00:00,,-20.961
2013-05-28 20:00:00,,-20.962
2013-05-28 21:00:00,,-20.956
2013-05-28 22:00:00,,-20.965
2013-05-28 23:00:00,,-20.967
2013-05-29 00:00:00,,-20.961
2013-05-29 01:00:00,,-20.968
2013-05-29 02:00:00,,-20.968
2013-05-29 03:00:00,,-20.959
2013-05-29 04:00:00,,-20.964
2013-05-29 05:00:00,,-20.968
2013-05-29 06:00:00,,-20.967
2013-05-29 07:00:00,,-20.956
2013-05-29 08:00:00,,-20.972
2013-05-29 09:00:00,,-20.965
2013-05-29 10:00:00,,-20.966
2013-05-29 11:00:00,,-20.975
2013-05-29 12:00:00,,-20.96
2013-05-29 13:00:00,,-20.957
2013-05-29 14:00:00,,-20.953
2013-05-29 15:00:00,,-20.937
2013-05-29 16:00:00,,-20.935
2013-05-29 17:00:00,,-20.94
2013-05-29 18:00:00,,-20.937
2013-05-29 19:00:00,,-20.95
2013-05-29 20:00:00,,-20.964
2013-05-29 21:00:00,,-20.961
2013-05-29 22:00:00,,-20.968
2013-05-29 23:00:00,,-20.964
2013-05-30 00:00:00,,-20.965
2013-05-30 01:00:00,,-20.959
2013-05-30 02:00:00,,-20.958
2013-05-30 03:00:00,,-20.952
2013-05-30 04:00:00,,-20.958
2013-05-30 05:00:00,,-20.952
2013-05-30 06:00:00,,-20.957
2013-05-30 07:00:00,,-20.965
2013-05-30 08:00:00,,-20.967
2013-05-30 09:00:00,,-20.975
2013-05-30 10:00:00,,-20.974
2013-05-30 11:00:00,,-20.963
2013-05-30 12:00:00,,-20.957
2013-05-30 13:00:00,,-20.959
2013-05-30 14:00:00,,-20.956
2013-05-30 15:00:00,,-20.947
2013-05-30 16:00:00,,-20.938
2013-05-30 17:00:00,,-20.951
2013-05-30 18:00:00,,-20.941
2013-05-30 19:00:00,,-20.959
2013-05-30 20:00:00,,-20.959
2013-05-30 21:00:00,,-20.969
2013-05-30 22:00:00,,-20.97
2013-05-30 23:00:00,,-20.954
2013-05-31 00:00:00,,-20.962
2013-05-31 01:00:00,,-20.959
2013-05-31 02:00:00,,-20.96
2013-05-31 03:00:00,,-20.954
2013-05-31 04:00:00,,-20.962
2013-05-31 05:00:00,,-20.967
2013-05-31 06:00:00,,-20.964
2013-05-31 07:00:00,,-20.971
2013-05-31 08:00:00,,-20.968
2013-05-31 09:00:00,,-20.969
2013-05-31 10:00:00,,-20.976
2013-05-31 11:00:00,,-20.973
2013-05-31 12:00:00,,-20.962
2013-05-31 13:00:00,,-20.957
2013-05-31 14:00:00,,-20.938
2013-05-31 15:00:00,,-20.934
2013-05-31 16:00:00,,-20.94
2013-05-31 17:00:00,,-20.933
2013-05-31 18:00:00,,-20.95
2013-05-31 19:00:00,,-20.951
2013-05-31 20:00:00,,-20.951
2013-05-31 21:00:00,,-20.954
2013-05-31 22:00:00,,-20.964
2013-05-31 23:00:00,,-20.964
2013-06-01 00:00:00,,-20.962
2013-06-01 01:00:00,,-20.958
2013-06-01 02:00:00,,-20.962
2013-06-01 03:00:00,,-20.957
2013-06-01 04:00:00,,-20.955
2013-06-01 05:00:00,,-20.96
2013-06-01 06:00:00,,-20.958
2013-06-01 07:00:00,,-20.956
2013-06-01 08:00:00,,-20.958
2013-06-01 09:00:00,,-20.961
2013-06-01 10:00:00,,-20.973
2013-06-01 11:00:00,,-20.972
2013-06-01 12:00:00,,-20.964
2013-06-01 13:00:00,,-20.956
2013-06-01 14:00:00,,-20.941
2013-06-01 15:00:00,,-20.938
2013-06-01 16:00:00,,-20.946
2013-06-01 17:00:00,,-20.942
2013-06-01 18:00:00,,-20.953
2013-06-01 19:00:00,,-20.961
2013-06-01 20:00:00,,-20.963
2013-06-01 21:00:00,,-20.967
2013-06-01 22:00:00,,-20.98
2013-06-01 23:00:00,,-20.976
2013-06-02 00:00:00,,-20.968
2013-06-02 01:00:00,,-20.971
2013-06-02 02:00:00,,-20.969
2013-06-02 03:00:00,,-20.964
2013-06-02 04:00:00,,-20.977
2013-06-02 05:00:00,,-20.971
2013-06-02 06:00:00,,-20.967
2013-06-02 07:00:00,,-20.978
2013-06-02 08:00:00,,-20.973
2013-06-02 09:00:00,,-20.977
2013-06-02 10:00:00,,-20.974
2013-06-02 11:00:00,,-20.979
2013-06-02 12:00:00,,-20.97
2013-06-02 13:00:00,,-20.962
2013-06-02 14:00:00,,-20.955
2013-06-02 15:00:00,,-20.944
2013-06-02 16:00:00,,-20.949
2013-06-02 17:00:00,,-20.953
2013-06-02 18:00:00,,-20.964
2013-06-02 19:00:00,,-20.973
2013-06-02 20:00:00,,-20.965
2013-06-02 21:00:00,,-20.979
2013-06-02 22:00:00,,-20.977
2013-06-02 23:00:00,,-20.968
2013-06-03 00:00:00,,-20.974
2013-06-03 01:00:00,,-20.972
2013-06-03 02:00:00,,-20.958
2013-06-03 03:00:00,,-20.965
2013-06-03 04:00:00,,-20.965
2013-06-03 05:00:00,,-20.973
2013-06-03 06:00:00,,-20.974
2013-06-03 07:00:00,,-20.973
2013-06-03 08:00:00,,-20.971
2013-06-03 09:00:00,,-20.973
2013-06-03 10:00:00,,-20.985
2013-06-03 11:00:00,,-20.969
2013-06-03 12:00:00,,-20.96
2013-06-03 13:00:00,,-20.963
2013-06-03 14:00:00,,-20.943
2013-06-03 15:00:00,,-20.945
2013-06-03 16:00:00,,-20.937
2013-06-03 17:00:00,,-20.943
2013-06-03 18:00:00,,-20.954
2013-06-03 19:00:00,,-20.954
2013-06-03 20:00:00,,-20.973
2013-06-03 21:00:00,,-20.972
2013-06-03 22:00:00,,-20.98
2013-06-03 23:00:00,,-20.975
2013-06-04 00:00:00,,-20.971
2013-06-04 01:00:00,,-20.967
2013-06-04 02:00:00,,-20.963
2013-06-04 03:00:00,,-20.955
2013-06-04 04:00:00,,-20.952
2013-06-04 05:00:00,,-20.954
2013-06-04 06:00:00,,-20.95
2013-06-04 07:00:00,,-20.955
2013-06-04 08:00:00,,-20.972
2013-06-04 09:00:00,,-20.963
2013-06-04 10:00:00,,-20.972
2013-06-04 11:00:00,,-20.956
2013-06-04 12:00:00,,-20.953
2013-06-04 13:00:00,,-20.944
2013-06-04 14:00:00,,-20.941
2013-06-04 15:00:00,,-20.927
2013-06-04 16:00:00,,-20.933
2013-06-04 17:00:00,,-20.945
2013-06-04 18:00:00,,-20.946
2013-06-04 19:00:00,,-20.951
2013-06-04 20:00:00,,-20.958
2013-06-04 21:00:00,,-20.962
2013-06-04 22:00:00,,-20.962
2013-06-04 23:00:00,,-20.969
2013-06-05 00:00:00,,-20.959
2013-06-05 01:00:00,,-20.948
2013-06-05 02:00:00,,-20.946
2013-06-05 03:00:00,,-20.952
2013-06-05 04:00:00,,-20.952
2013-06-05 05:00:00,,-20.941
2013-06-05 06:00:00,,-20.948
2013-06-05 07:00:00,,-20.961
2013-06-05 08:00:00,,-20.962
2013-06-05 09:00:00,,-20.965
2013-06-05 10:00:00,,-20.963
2013-06-05 11:00:00,,-20.959
2013-06-05 12:00:00,,-20.953
2013-06-05 13:00:00,,-20.943
2013-06-05 14:00:00,,-20.929
2013-06-05 15:00:00,,-20.933
2013-06-05 16:00:00,,-20.942
2013-06-05 17:00:00,,-20.941
2013-06-05 18:00:00,,-20.946
2013-06-05 19:00:00,,-20.954
2013-06-05 20:00:00,,-20.954
2013-06-05 21:00:00,,-20.965
2013-06-05 22:00:00,,-20.972
2013-06-05 23:00:00,,-20.969
2013-06-06 00:00:00,,-20.969
2013-06-06 01:00:00,,-20.962
2013-06-06 02:00:00,,-20.957
2013-06-06 03:00:00,,-20.952
2013-06-06 04:00:00,,-20.948
2013-06-06 05:00:00,,-20.956
2013-06-06 06:00:00,,-20.958
2013-06-06 07:00:00,,-20.959
2013-06-06 08:00:00,,-20.96
2013-06-06 09:00:00,,-20.972
2013-06-06 10:00:00,,-20.979
2013-06-06 11:00:00,,-20.97
2013-06-06 12:00:00,,-20.97
2013-06-06 13:00:00,,-20.958
2013-06-06 14:00:00,,-20.954
2013-06-06 15:00:00,,-20.945
2013-06-06 16:00:00,,-20.94
2013-06-06 17:00:00,,-20.95
2013-06-06 18:00:00,,-20.956
2013-06-06 19:00:00,,-20.97
2013-06-06 20:00:00,,-20.98
2013-06-06 21:00:00,,-20.979
2013-06-06 22:00:00,,-20.986
2013-06-06 23:00:00,,-20.98
2013-06-07 00:00:00,,-20.976
2013-06-07 01:00:00,,-20.971
2013-06-07 02:00:00,,-20.962
2013-06-07 03:00:00,,-20.973
2013-06-07 04:00:00,,-20.957
2013-06-07 05:00:00,,-20.964
2013-06-07 06:00:00,,-20.971
2013-06-07 07:00:00,,-20.976
2013-06-07 08:00:00,,-20.97
2013-06-07 09:00:00,,-20.982
2013-06-07 10:00:00,,-20.988
2013-06-07 11:00:00,,-20.974
2013-06-07 12:00:00,,-20.982
2013-06-07 13:00:00,,-20.971
2013-06-07 14:00:00,,-20.953
2013-06-07 15:00:00,,-20.947
2013-06-07 16:00:00,,-20.962
2013-06-07 17:00:00,,-20.959
2013-06-07 18:00:00,,-20.951
2013-06-07 19:00:00,,-20.956
2013-06-07 20:00:00,,-20.973
2013-06-07 21:00:00,,-20.973
2013-06-07 22:00:00,,-20.98
2013-06-07 23:00:00,,-20.984
2013-06-08 00:00:00,,-20.969
2013-06-08 01:00:00,,-20.965
2013-06-08 02:00:00,,-20.963
2013-06-08 03:00:00,,-20.968
2013-06-08 04:00:00,,-20.959
2013-06-08 05:00:00,,-20.968
2013-06-08 06:00:00,,-20.965
2013-06-08 07:00:00,,-20.962
2013-06-08 08:00:00,,-20.965
2013-06-08 09:00:00,,-20.976
2013-06-08 10:00:00,,-20.972
2013-06-08 11:00:00,,-20.969
2013-06-08 12:00:00,,-20.966
2013-06-08 13:00:00,,-20.957
2013-06-08 14:00:00,,-20.95
2013-06-08 15:00:00,,-20.943
2013-06-08 16:00:00,,-20.935
2013-06-08 17:00:00,,-20.936
2013-06-08 18:00:00,,-20.937
2013-06-08 19:00:00,,-20.955
2013-06-08 20:00:00,,-20.957
2013-06-08 21:00:00,,-20.96
2013-06-08 22:00:00,,-20.954
2013-06-08 23:00:00,,-20.972
2013-06-09 00:00:00,,-20.957
2013-06-09 01:00:00,,-20.952
2013-06-09 02:00:00,,-20.956
2013-06-09 03:00:00,,-20.955
2013-06-09 04:00:00,,-20.945
2013-06-09 05:00:00,,-20.942
2013-06-09 06:00:00,,-20.952
2013-06-09 07:00:00,,-20.95
2013-06-09 08:00:00,,-20.958
2013-06-09 09:00:00,,-20.957
2013-06-09 10:00:00,,-20.961
2013-06-09 11:00:00,,-20.95
2013-06-09 12:00:00,,-20.944
2013-06-09 13:00:00,,-20.934
2013-06-09 14:00:00,,-20.926
2013-06-09 15:00:00,,-20.923
2013-06-09 16:00:00,,-20.921
2013-06-09 17:00:00,,-20.93
2013-06-09 18:00:00,,-20.931
2013-06-09 19:00:00,,-20.941
2013-06-09 20:00:00,,-20.943
2013-06-09 21:00:00,,-20.95
2013-06-09 22:00:00,,-20.964
2013-06-09 23:00:00,,-20.952
2013-06-10 00:00:00,,-20.965
2013-06-10 01:00:00,,-20.949
2013-06-10 02:00:00,,-20.954
2013-06-10 03:00:00,,-20.956
2013-06-10 04:00:00,,-20.954
2013-06-10 05:00:00,,-20.954
2013-06-10 06:00:00,,-20.952
2013-06-10 07:00:00,,-20.953
2013-06-10 08:00:00,,-20.949
2013-06-10 09:00:00,,-20.964
2013-06-10 10:00:00,,-20.958
2013-06-10 11:00:00,,-20.954
2013-06-10 12:00:00,,-20.961
2013-06-10 13:00:00,,-20.948
2013-06-10 14:00:00,,-20.942
2013-06-10 15:00:00,,-20.936
2013-06-10 16:00:00,,-20.928
2013-06-10 17:00:00,,-20.938
2013-06-10 18:00:00,,-20.93
2013-06-10 19:00:00,,-20.938
2013-06-10 20:00:00,,-20.951
2013-06-10 21:00:00,,-20.956
2013-06-10 22:00:00,,-20.953
2013-06-10 23:00:00,,-20.964
2013-06-11 00:00:00,,-20.958
2013-06-11 01:00:00,,-20.95
2013-06-11 02:00:00,,-20.953
2013-06-11 03:00:00,,-20.958
2013-06-11 04:00:00,,-20.955
2013-06-11 05:00:00,,-20.95
2013-06-11 06:00:00,,-20.954
2013-06-11 07:00:00,,-20.946
2013-06-11 08:00:00,,-20.954
2013-06-11 09:00:00,,-20.951
2013-06-11 10:00:00,,-20.966
2013-06-11 11:00:00,,-20.952
2013-06-11 12:00:00,,-20.959
2013-06-11 13:00:00,,-20.942
2013-06-11 14:00:00,,-20.944
2013-06-11 15:00:00,,-20.938
2013-06-11 16:00:00,,-20.925
2013-06-11 17:00:00,,-20.933
2013-06-11 18:00:00,,-20.932
2013-06-11 19:00:00,,-20.949
2013-06-11 20:00:00,,-20.953
2013-06-11 21:00:00,,-20.956
2013-06-11 22:00:00,,-20.952
2013-06-11 23:00:00,,-20.954
2013-06-12 00:00:00,,-20.961
2013-06-12 01:00:00,,-20.952
2013-06-12 02:00:00,,-20.963
2013-06-12 03:00:00,,-20.951
2013-06-12 04:00:00,,-20.957
2013-06-12 05:00:00,,-20.954
2013-06-12 06:00:00,,-20.961
2013-06-12 07:00:00,,-20.964
2013-06-12 08:00:00,,-20.96
2013-06-12 09:00:00,,-20.968
2013-06-12 10:00:00,,-20.961
2013-06-12 11:00:00,,-20.957
2013-06-12 12:00:00,,-20.96
2013-06-12 13:00:00,,-20.947
2013-06-12 14:00:00,,-20.933
2013-06-12 15:00:00,,-20.941
2013-06-12 16:00:00,,-20.935
2013-06-12 17:00:00,,-20.938
2013-06-12 18:00:00,,-20.941
2013-06-12 19:00:00,,-20.951
2013-06-12 20:00:00,,-20.945
2013-06-12 21:00:00,,-20.959
2013-06-12 22:00:00,,-20.949
2013-06-12 23:00:00,,-20.96
2013-06-13 00:00:00,,-20.949
2013-06-13 01:00:00,,-20.966
2013-06-13 02:00:00,,-20.965
2013-06-13 03:00:00,,-20.962
2013-06-13 04:00:00,,-20.953
2013-06-13 05:00:00,,-20.941
2013-06-13 06:00:00,,-20.953
2013-06-13 07:00:00,,-20.957
2013-06-13 08:00:00,,-20.951
2013-06-13 09:00:00,,-20.963
2013-06-13 10:00:00,,-20.963
2013-06-13 11:00:00,,-20.959
2013-06-13 12:00:00,,-20.953
2013-06-13 13:00:00,,-20.946
2013-06-13 14:00:00,,-20.942
2013-06-13 15:00:00,,-20.933
2013-06-13 16:00:00,,-20.934
2013-06-13 17:00:00,,-20.943
2013-06-13 18:00:00,,-20.935
2013-06-13 19:00:00,,-20.944
2013-06-13 20:00:00,,-20.944
2013-06-13 21:00:00,,-20.949
2013-06-13 22:00:00,,-20.965
2013-06-13 23:00:00,,-20.954
2013-06-14 00:00:00,,-20.96
2013-06-14 01:00:00,,-20.952
2013-06-14 02:00:00,,-20.959
2013-06-14 03:00:00,,-20.966
2013-06-14 04:00:00,,-20.961
2013-06-14 05:00:00,,-20.969
2013-06-14 06:00:00,,-20.957
2013-06-14 07:00:00,,-20.972
2013-06-14 08:00:00,,-20.962
2013-06-14 09:00:00,,-20.974
2013-06-14 10:00:00,,-20.963
2013-06-14 11:00:00,,-20.969
2013-06-14 12:00:00,,-20.964
2013-06-14 13:00:00,,-20.953
2013-06-14 14:00:00,,-20.952
2013-06-14 15:00:00,,-20.95
2013-06-14 16:00:00,,-20.94
2013-06-14 17:00:00,,-20.942
2013-06-14 18:00:00,,-20.945
2013-06-14 19:00:00,,-20.95
2013-06-14 20:00:00,,-20.956
2013-06-14 21:00:00,,-20.961
2013-06-14 22:00:00,,-20.963
2013-06-14 23:00:00,,-20.962
2013-06-15 00:00:00,,-20.964
2013-06-15 01:00:00,,-20.957
2013-06-15 02:00:00,,-20.959
2013-06-15 03:00:00,,-20.962
2013-06-15 04:00:00,,-20.957
2013-06-15 05:00:00,,-20.962
2013-06-15 06:00:00,,-20.965
2013-06-15 07:00:00,,-20.964
2013-06-15 08:00:00,,-20.955
2013-06-15 09:00:00,,-20.968
2013-06-15 10:00:00,,-20.959
2013-06-15 11:00:00,,-20.97
2013-06-15 12:00:00,,-20.95
2013-06-15 13:00:00,,-20.941
2013-06-15 14:00:00,,-20.945
2013-06-15 15:00:00,,-20.938
2013-06-15 16:00:00,,-20.932
2013-06-15 17:00:00,,-20.935
2013-06-15 18:00:00,,-20.936
2013-06-15 19:00:00,,-20.942
2013-06-15 20:00:00,,-20.95
2013-06-15 21:00:00,,-20.949
2013-06-15 22:00:00,,-20.964
2013-06-15 23:00:00,,-20.957
2013-06-16 00:00:00,,-20.945
2013-06-16 01:00:00,,-20.949
2013-06-16 02:00:00,,-20.943
2013-06-16 03:00:00,,-20.94
2013-06-16 04:00:00,,-20.952
2013-06-16 05:00:00,,-20.952
2013-06-16 06:00:00,,-20.946
2013-06-16 07:00:00,,-20.953
2013-06-16 08:00:00,,-20.951
2013-06-16 09:00:00,,-20.963
2013-06-16 10:00:00,,-20.965
2013-06-16 11:00:00,,-20.963
2013-06-16 12:00:00,,-20.951
2013-06-16 13:00:00,,-20.939
2013-06-16 14:00:00,,-20.939
2013-06-16 15:00:00,,-20.93
2013-06-16 16:00:00,,-20.926
2013-06-16 17:00:00,,-20.927
2013-06-16 18:00:00,,-20.94
2013-06-16 19:00:00,,-20.94
2013-06-16 20:00:00,,-20.951
2013-06-16 21:00:00,,-20.942
2013-06-16 22:00:00,,-20.954
2013-06-16 23:00:00,,-20.943
2013-06-17 00:00:00,,-20.954
2013-06-17 01:00:00,,-20.939
2013-06-17 02:00:00,,-20.949
2013-06-17 03:00:00,,-20.949
2013-06-17 04:00:00,,-20.943
2013-06-17 05:00:00,,-20.942
2013-06-17 06:00:00,,-20.951
2013-06-17 07:00:00,,-20.941
2013-06-17 08:00:00,,-20.95
2013-06-17 09:00:00,,-20.953
2013-06-17 10:00:00,,-20.951
2013-06-17 11:00:00,,-20.959
2013-06-17 12:00:00,,-20.945
2013-06-17 13:00:00,,-20.944
2013-06-17 14:00:00,,-20.926
2013-06-17 15:00:00,,-20.935
2013-06-17 16:00:00,,-20.931
2013-06-17 17:00:00,,-20.938
2013-06-17 18:00:00,,-20.936
2013-06-17 19:00:00,,-20.948
2013-06-17 20:00:00,,-20.952
2013-06-17 21:00:00,,-20.958
2013-06-17 22:00:00,,-20.953
2013-06-17 23:00:00,,-20.961
2013-06-18 00:00:00,,-20.964
2013-06-18 01:00:00,,-20.962
2013-06-18 02:00:00,,-20.955
2013-06-18 03:00:00,,-20.955
2013-06-18 04:00:00,,-20.955
2013-06-18 05:00:00,,-20.96
2013-06-18 06:00:00,,-20.961
2013-06-18 07:00:00,,-20.96
2013-06-18 08:00:00,,-20.959
2013-06-18 09:00:00,,-20.964
2013-06-18 10:00:00,,-20.963
2013-06-18 11:00:00,,-20.961
2013-06-18 12:00:00,,-20.955
2013-06-18 13:00:00,,-20.953
2013-06-18 14:00:00,,-20.945
2013-06-18 15:00:00,,-20.946
2013-06-18 16:00:00,,-20.932
2013-06-18 17:00:00,,-20.941
2013-06-18 18:00:00,,-20.948
2013-06-18 19:00:00,,-20.951
2013-06-18 20:00:00,,-20.957
2013-06-18 21:00:00,,-20.952
2013-06-18 22:00:00,,-20.957
2013-06-18 23:00:00,,-20.96
2013-06-19 00:00:00,,-20.954
2013-06-19 01:00:00,,-20.96
2013-06-19 02:00:00,,-20.952
2013-06-19 03:00:00,,-20.953
2013-06-19 04:00:00,,-20.962
2013-06-19 05:00:00,,-20.949
2013-06-19 06:00:00,,-20.962
2013-06-19 07:00:00,,-20.96
2013-06-19 08:00:00,,-20.957
2013-06-19 09:00:00,,-20.969
2013-06-19 10:00:00,,-20.969
2013-06-19 11:00:00,,-20.972
2013-06-19 12:00:00,,-20.962
2013-06-19 13:00:00,,-20.946
2013-06-19 14:00:00,,-20.947
2013-06-19 15:00:00,,-20.943
2013-06-19 16:00:00,,-20.938
2013-06-19 17:00:00,,-20.953
2013-06-19 18:00:00,,-20.958
2013-06-19 19:00:00,,-20.963
2013-06-19 20:00:00,,-20.963
2013-06-19 21:00:00,,-20.963
2013-06-19 22:00:00,,-20.958
2013-06-19 23:00:00,,-20.964
2013-06-20 00:00:00,,-20.961
2013-06-20 01:00:00,,-20.95
2013-06-20 02:00:00,,-20.957
2013-06-20 03:00:00,,-20.95
2013-06-20 04:00:00,,-20.95
2013-06-20 05:00:00,,-20.954
2013-06-20 06:00:00,,-20.95
2013-06-20 07:00:00,,-20.959
2013-06-20 08:00:00,,-20.968
2013-06-20 09:00:00,,-20.958
2013-06-20 10:00:00,,-20.966
2013-06-20 11:00:00,,-20.964
2013-06-20 12:00:00,,-20.955
2013-06-20 13:00:00,,-20.953
2013-06-20 14:00:00,,-20.95
2013-06-20 15:00:00,,-20.946
2013-06-20 16:00:00,,-20.94
2013-06-20 17:00:00,,-20.937
2013-06-20 18:00:00,,-20.939
2013-06-20 19:00:00,,-20.961
2013-06-20 20:00:00,,-20.96
2013-06-20 21:00:00,,-20.971
2013-06-20 22:00:00,,-20.974
2013-06-20 23:00:00,,-20.964
2013-06-21 00:00:00,,-20.959
2013-06-21 01:00:00,,-20.961
2013-06-21 02:00:00,,-20.951
2013-06-21 03:00:00,,-20.953
2013-06-21 04:00:00,,-20.954
2013-06-21 05:00:00,,-20.941
2013-06-21 06:00:00,,-20.946
2013-06-21 07:00:00,,-20.956
2013-06-21 08:00:00,,-20.968
2013-06-21 09:00:00,,-20.972
2013-06-21 10:00:00,,-20.969
2013-06-21 11:00:00,,-20.962
2013-06-21 12:00:00,,-20.962
2013-06-21 13:00:00,,-20.953
2013-06-21 14:00:00,,-20.948
2013-06-21 15:00:00,,-20.937
2013-06-21 16:00:00,,-20.931
2013-06-21 17:00:00,,-20.937
2013-06-21 18:00:00,,-20.947
2013-06-21 19:00:00,,-20.943
2013-06-21 20:00:00,,-20.949
2013-06-21 21:00:00,,-20.967
2013-06-21 22:00:00,,-20.966
2013-06-21 23:00:00,,-20.967
2013-06-22 00:00:00,,-20.957
2013-06-22 01:00:00,,-20.953
2013-06-22 02:00:00,,-20.948
2013-06-22 03:00:00,,-20.95
2013-06-22 04:00:00,,-20.943
2013-06-22 05:00:00,,-20.942
2013-06-22 06:00:00,,-20.944
2013-06-22 07:00:00,,-20.95
2013-06-22 08:00:00,,-20.965
2013-06-22 09:00:00,,-20.964
2013-06-22 10:00:00,,-20.968
2013-06-22 11:00:00,,-20.973
2013-06-22 12:00:00,,-20.967
2013-06-22 13:00:00,,-20.959
2013-06-22 14:00:00,,-20.94
2013-06-22 15:00:00,,-20.939
2013-06-22 16:00:00,,-20.942
2013-06-22 17:00:00,,-20.943
2013-06-22 18:00:00,,-20.943
2013-06-22 19:00:00,,-20.95
2013-06-22 20:00:00,,-20.956
2013-06-22 21:00:00,,-20.958
2013-06-22 22:00:00,,-20.966
2013-06-22 23:00:00,,-20.963
2013-06-23 00:00:00,,-20.965
2013-06-23 01:00:00,,-20.962
2013-06-23 02:00:00,,-20.96
2013-06-23 03:00:00,,-20.95
2013-06-23 04:00:00,,-20.956
2013-06-23 05:00:00,,-20.962
2013-06-23 06:00:00,,-20.949
2013-06-23 07:00:00,,-20.959
2013-06-23 08:00:00,,-20.964
2013-06-23 09:00:00,,-20.96
2013-06-23 10:00:00,,-20.974
2013-06-23 11:00:00,,-20.966
2013-06-23 12:00:00,,-20.959
2013-06-23 13:00:00,,-20.942
2013-06-23 14:00:00,,-20.941
2013-06-23 15:00:00,,-20.933
2013-06-23 16:00:00,,-20.93
2013-06-23 17:00:00,,-20.931
2013-06-23 18:00:00,,-20.94
2013-06-23 19:00:00,,-20.947
2013-06-23 20:00:00,,-20.949
2013-06-23 21:00:00,,-20.958
2013-06-23 22:00:00,,-20.959
2013-06-23 23:00:00,,-20.952
2013-06-24 00:00:00,,-20.965
2013-06-24 01:00:00,,-20.96
2013-06-24 02:00:00,,-20.954
2013-06-24 03:00:00,,-20.953
2013-06-24 04:00:00,,-20.951
2013-06-24 05:00:00,,-20.941
2013-06-24 06:00:00,,-20.953
2013-06-24 07:00:00,,-20.955
2013-06-24 08:00:00,,-20.951
2013-06-24 09:00:00,,-20.959
2013-06-24 10:00:00,,-20.957
2013-06-24 11:00:00,,-20.969
2013-06-24 12:00:00,,-20.955
2013-06-24 13:00:00,,-20.948
2013-06-24 14:00:00,,-20.942
2013-06-24 15:00:00,,-20.927
2013-06-24 16:00:00,,-20.924
2013-06-24 17:00:00,,-20.937
2013-06-24 18:00:00,,-20.938
2013-06-24 19:00:00,,-20.939
2013-06-24 20:00:00,,-20.951
2013-06-24 21:00:00,,-20.951
2013-06-24 22:00:00,,-20.954
2013-06-24 23:00:00,,-20.965
2013-06-25 00:00:00,,-20.961
2013-06-25 01:00:00,,-20.964
2013-06-25 02:00:00,,-20.953
2013-06-25 03:00:00,,-20.957
2013-06-25 04:00:00,,-20.95
2013-06-25 05:00:00,,-20.944
2013-06-25 06:00:00,,-20.944
2013-06-25 07:00:00,,-20.945
2013-06-25 08:00:00,,-20.947
2013-06-25 09:00:00,,-20.957
2013-06-25 10:00:00,,-20.947
2013-06-25 11:00:00,,-20.952
2013-06-25 12:00:00,,-20.951
2013-06-25 13:00:00,,-20.929
2013-06-25 14:00:00,,-20.927
2013-06-25 15:00:00,,-20.926
2013-06-25 16:00:00,,-20.932
2013-06-25 17:00:00,,-20.935
2013-06-25 18:00:00,,-20.936
2013-06-25 19:00:00,,-20.944
2013-06-25 20:00:00,,-20.947
2013-06-25 21:00:00,,-20.944
2013-06-25 22:00:00,,-20.947
2013-06-25 23:00:00,,-20.952
2013-06-26 00:00:00,,-20.943
2013-06-26 01:00:00,,-20.949
2013-06-26 02:00:00,,-20.943
2013-06-26 03:00:00,,-20.927
2013-06-26 04:00:00,,-20.934
2013-06-26 05:00:00,,-20.931
2013-06-26 06:00:00,,-20.936
2013-06-26 07:00:00,,-20.928
2013-06-26 08:00:00,,-20.946
2013-06-26 09:00:00,,-20.95
2013-06-26 10:00:00,,-20.952
2013-06-26 11:00:00,,-20.938
2013-06-26 12:00:00,,-20.931
2013-06-26 13:00:00,,-20.934
2013-06-26 14:00:00,,-20.923
2013-06-26 15:00:00,,-20.931
2013-06-26 16:00:00,,-20.929
2013-06-26 17:00:00,,-20.939
2013-06-26 18:00:00,,-20.944
2013-06-26 19:00:00,,-20.947
2013-06-26 20:00:00,,-20.957
2013-06-26 21:00:00,,-20.943
2013-06-26 22:00:00,,-20.951
2013-06-26 23:00:00,,-20.949
2013-06-27 00:00:00,,-20.949
2013-06-27 01:00:00,,-20.946
2013-06-27 02:00:00,,-20.937
2013-06-27 03:00:00,,-20.936
2013-06-27 04:00:00,,-20.937
2013-06-27 05:00:00,,-20.935
2013-06-27 06:00:00,,-20.931
2013-06-27 07:00:00,,-20.935
2013-06-27 08:00:00,,-20.948
2013-06-27 09:00:00,,-20.941
2013-06-27 10:00:00,,-20.943
2013-06-27 11:00:00,,-20.955
2013-06-27 12:00:00,,-20.952
2013-06-27 13:00:00,,-20.934
2013-06-27 14:00:00,,-20.94
2013-06-27 15:00:00,,-20.932
2013-06-27 16:00:00,,-20.923
2013-06-27 17:00:00,,-20.93
2013-06-27 18:00:00,,-20.94
2013-06-27 19:00:00,,-20.934
2013-06-27 20:00:00,,-20.94
2013-06-27 21:00:00,,-20.944
2013-06-27 22:00:00,,-20.949
2013-06-27 23:00:00,,-20.949
2013-06-28 00:00:00,,-20.95
2013-06-28 01:00:00,,-20.957
2013-06-28 02:00:00,,-20.956
2013-06-28 03:00:00,,-20.953
2013-06-28 04:00:00,,-20.959
2013-06-28 05:00:00,,-20.953
2013-06-28 06:00:00,,-20.954
2013-06-28 07:00:00,,-20.956
2013-06-28 08:00:00,,-20.962
2013-06-28 09:00:00,,-20.951
2013-06-28 10:00:00,,-20.97
2013-06-28 11:00:00,,-20.966
2013-06-28 12:00:00,,-20.962
2013-06-28 13:00:00,,-20.954
2013-06-28 14:00:00,,-20.951
2013-06-28 15:00:00,,-20.948
2013-06-28 16:00:00,,-20.948
2013-06-28 17:00:00,,-20.942
2013-06-28 18:00:00,,-20.945
2013-06-28 19:00:00,,-20.959
2013-06-28 20:00:00,,-20.964
2013-06-28 21:00:00,,-20.963
2013-06-28 22:00:00,,-20.96
2013-06-28 23:00:00,,-20.965
2013-06-29 00:00:00,,-20.963
2013-06-29 01:00:00,,-20.959
2013-06-29 02:00:00,,-20.964
2013-06-29 03:00:00,,-20.962
2013-06-29 04:00:00,,-20.955
2013-06-29 05:00:00,,-20.955
2013-06-29 06:00:00,,-20.97
2013-06-29 07:00:00,,-20.969
2013-06-29 08:00:00,,-20.973
2013-06-29 09:00:00,,-20.969
2013-06-29 10:00:00,,-20.97
2013-06-29 11:00:00,,-20.981
2013-06-29 12:00:00,,-20.972
2013-06-29 13:00:00,,-20.959
2013-06-29 14:00:00,,-20.947
2013-06-29 15:00:00,,-20.953
2013-06-29 16:00:00,,-20.955
2013-06-29 17:00:00,,-20.952
2013-06-29 18:00:00,,-20.967
2013-06-29 19:00:00,,-20.963
2013-06-29 20:00:00,,-20.967
2013-06-29 21:00:00,,-20.969
2013-06-29 22:00:00,,-20.971
2013-06-29 23:00:00,,-20.972
2013-06-30 00:00:00,,-20.958
2013-06-30 01:00:00,,-20.963
2013-06-30 02:00:00,,-20.963
2013-06-30 03:00:00,,-20.957
2013-06-30 04:00:00,,-20.963
2013-06-30 05:00:00,,-20.96
2013-06-30 06:00:00,,-20.958
2013-06-30 07:00:00,,-20.974
2013-06-30 08:00:00,,-20.966
2013-06-30 09:00:00,,-20.979
2013-06-30 10:00:00,,-20.971
2013-06-30 11:00:00,,-20.972
2013-06-30 12:00:00,,-20.96
2013-06-30 13:00:00,,-20.956
2013-06-30 14:00:00,,-20.942
2013-06-30 15:00:00,,-20.948
2013-06-30 16:00:00,,-20.941
2013-06-30 17:00:00,,-20.948
2013-06-30 18:00:00,,-20.946
2013-06-30 19:00:00,,-20.951
2013-06-30 20:00:00,,-20.963
2013-06-30 21:00:00,,-20.962
2013-06-30 22:00:00,,-20.965
2013-06-30 23:00:00,,-20.964
2013-07-01 00:00:00,,-20.966
2013-07-01 01:00:00,,-20.959
2013-07-01 02:00:00,,-20.957
2013-07-01 03:00:00,,-20.958
2013-07-01 04:00:00,,-20.953
2013-07-01 05:00:00,,-20.953
2013-07-01 06:00:00,,-20.945
2013-07-01 07:00:00,,-20.954
2013-07-01 08:00:00,,-20.961
2013-07-01 09:00:00,,-20.958
2013-07-01 10:00:00,,-20.964
2013-07-01 11:00:00,,-20.957
2013-07-01 12:00:00,,-20.95
2013-07-01 13:00:00,,-20.934
2013-07-01 14:00:00,,-20.938
2013-07-01 15:00:00,,-20.937
2013-07-01 16:00:00,,-20.923
2013-07-01 17:00:00,,-20.932
2013-07-01 18:00:00,,-20.941
2013-07-01 19:00:00,,-20.942
2013-07-01 20:00:00,,-20.949
2013-07-01 21:00:00,,-20.953
2013-07-01 22:00:00,,-20.959
2013-07-01 23:00:00,,-20.953
2013-07-02 00:00:00,,-20.944
2013-07-02 01:00:00,,-20.949
2013-07-02 02:00:00,,-20.952
2013-07-02 03:00:00,,-20.952
2013-07-02 04:00:00,,-20.94
2013-07-02 05:00:00,,-20.949
2013-07-02 06:00:00,,-20.953
2013-07-02 07:00:00,,-20.951
2013-07-02 08:00:00,,-20.961
2013-07-02 09:00:00,,-20.964
2013-07-02 10:00:00,,-20.954
2013-07-02 11:00:00,,-20.956
2013-07-02 12:00:00,,-20.946
2013-07-02 13:00:00,,-20.932
2013-07-02 14:00:00,,-20.935
2013-07-02 15:00:00,,-20.925
2013-07-02 16:00:00,,-20.918
2013-07-02 17:00:00,,-20.93
2013-07-02 18:00:00,,-20.922
2013-07-02 19:00:00,,-20.94
2013-07-02 20:00:00,,-20.949
2013-07-02 21:00:00,,-20.944
2013-07-02 22:00:00,,-20.947
2013-07-02 23:00:00,,-20.944
2013-07-03 00:00:00,,-20.952
2013-07-03 01:00:00,,-20.936
2013-07-03 02:00:00,,-20.947
2013-07-03 03:00:00,,-20.941
2013-07-03 04:00:00,,-20.943
2013-07-03 05:00:00,,-20.932
2013-07-03 06:00:00,,-20.945
2013-07-03 07:00:00,,-20.95
2013-07-03 08:00:00,,-20.94
2013-07-03 09:00:00,,-20.954
2013-07-03 10:00:00,,-20.956
2013-07-03 11:00:00,,-20.948
2013-07-03 12:00:00,,-20.941
2013-07-03 13:00:00,,-20.932
2013-07-03 14:00:00,,-20.923
2013-07-03 15:00:00,,-20.91
2013-07-03 16:00:00,,-20.916
2013-07-03 17:00:00,,-20.91
2013-07-03 18:00:00,,-20.925
2013-07-03 19:00:00,,-20.93
2013-07-03 20:00:00,,-20.93
2013-07-03 21:00:00,,-20.926
2013-07-03 22:00:00,,-20.931
2013-07-03 23:00:00,,-20.931
2013-07-04 00:00:00,,-20.942
2013-07-04 01:00:00,,-20.941
2013-07-04 02:00:00,,-20.927
2013-07-04 03:00:00,,-20.933
2013-07-04 04:00:00,,-20.924
2013-07-04 05:00:00,,-20.923
2013-07-04 06:00:00,,-20.932
2013-07-04 07:00:00,,-20.937
2013-07-04 08:00:00,,-20.941
2013-07-04 09:00:00,,-20.946
2013-07-04 10:00:00,,-20.953
2013-07-04 11:00:00,,-20.939
2013-07-04 12:00:00,,-20.944
2013-07-04 13:00:00,,-20.936
2013-07-04 14:00:00,,-20.916
2013-07-04 15:00:00,,-20.919
2013-07-04 16:00:00,,-20.918
2013-07-04 17:00:00,,-20.921
2013-07-04 18:00:00,,-20.926
2013-07-04 19:00:00,,-20.929
2013-07-04 20:00:00,,-20.941
2013-07-04 21:00:00,,-20.943
2013-07-04 22:00:00,,-20.953
2013-07-04 23:00:00,,-20.943
2013-07-05 00:00:00,,-20.954
2013-07-05 01:00:00,,-20.948
2013-07-05 02:00:00,,-20.942
2013-07-05 03:00:00,,-20.94
2013-07-05 04:00:00,,-20.937
2013-07-05 05:00:00,,-20.937
2013-07-05 06:00:00,,-20.934
2013-07-05 07:00:00,,-20.945
2013-07-05 08:00:00,,-20.955
2013-07-05 09:00:00,,-20.96
2013-07-05 10:00:00,,-20.951
2013-07-05 11:00:00,,-20.95
2013-07-05 12:00:00,,-20.953
2013-07-05 13:00:00,,-20.939
2013-07-05 14:00:00,,-20.935
2013-07-05 15:00:00,,-20.932
2013-07-05 16:00:00,,-20.92
2013-07-05 17:00:00,,-20.923
2013-07-05 18:00:00,,-20.937
2013-07-05 19:00:00,,-20.944
2013-07-05 20:00:00,,-20.942
2013-07-05 21:00:00,,-20.96
2013-07-05 22:00:00,,-20.951
2013-07-05 23:00:00,,-20.964
2013-07-06 00:00:00,,-20.952
2013-07-06 01:00:00,,-20.948
2013-07-06 02:00:00,,-20.958
2013-07-06 03:00:00,,-20.955
2013-07-06 04:00:00,,-20.953
2013-07-06 05:00:00,,-20.94
2013-07-06 06:00:00,,-20.949
2013-07-06 07:00:00,,-20.956
2013-07-06 08:00:00,,-20.949
2013-07-06 09:00:00,,-20.96
2013-07-06 10:00:00,,-20.955
2013-07-06 11:00:00,,-20.953
2013-07-06 12:00:00,,-20.96
2013-07-06 13:00:00,,-20.951
2013-07-06 14:00:00,,-20.929
2013-07-06 15:00:00,,-20.934
2013-07-06 16:00:00,,-20.933
2013-07-06 17:00:00,,-20.937
2013-07-06 18:00:00,,-20.934
2013-07-06 19:00:00,,-20.941
2013-07-06 20:00:00,,-20.941
2013-07-06 21:00:00,,-20.948
2013-07-06 22:00:00,,-20.952
2013-07-06 23:00:00,,-20.96
2013-07-07 00:00:00,,-20.96
2013-07-07 01:00:00,,-20.953
2013-07-07 02:00:00,,-20.959
2013-07-07 03:00:00,,-20.956
2013-07-07 04:00:00,,-20.947
2013-07-07 05:00:00,,-20.953
2013-07-07 06:00:00,,-20.957
2013-07-07 07:00:00,,-20.951
2013-07-07 08:00:00,,-20.966
2013-07-07 09:00:00,,-20.97
2013-07-07 10:00:00,,-20.973
2013-07-07 11:00:00,,-20.96
2013-07-07 12:00:00,,-20.953
2013-07-07 13:00:00,,-20.943
2013-07-07 14:00:00,,-20.94
2013-07-07 15:00:00,,-20.934
2013-07-07 16:00:00,,-20.932
2013-07-07 17:00:00,,-20.928
2013-07-07 18:00:00,,-20.941
2013-07-07 19:00:00,,-20.949
2013-07-07 20:00:00,,-20.952
2013-07-07 21:00:00,,-20.962
2013-07-07 22:00:00,,-20.961
2013-07-07 23:00:00,,-20.96
2013-07-08 00:00:00,,-20.963
2013-07-08 01:00:00,,-20.962
2013-07-08 02:00:00,,-20.96
2013-07-08 03:00:00,,-20.949
2013-07-08 04:00:00,,-20.947
2013-07-08 05:00:00,,-20.948
2013-07-08 06:00:00,,-20.945
2013-07-08 07:00:00,,-20.959
2013-07-08 08:00:00,,-20.957
2013-07-08 09:00:00,,-20.954
2013-07-08 10:00:00,,-20.958
2013-07-08 11:00:00,,-20.961
2013-07-08 12:00:00,,-20.965
2013-07-08 13:00:00,,-20.942
2013-07-08 14:00:00,,-20.941
2013-07-08 15:00:00,,-20.942
2013-07-08 16:00:00,,-20.93
2013-07-08 17:00:00,,-20.934
2013-07-08 18:00:00,,-20.94
2013-07-08 19:00:00,,-20.938
2013-07-08 20:00:00,,-20.951
2013-07-08 21:00:00,,-20.949
2013-07-08 22:00:00,,-20.958
2013-07-08 23:00:00,,-20.954
2013-07-09 00:00:00,,-20.945
2013-07-09 01:00:00,,-20.944
2013-07-09 02:00:00,,-20.942
2013-07-09 03:00:00,,-20.946
2013-07-09 04:00:00,,-20.936
2013-07-09 05:00:00,,-20.944
2013-07-09 06:00:00,,-20.937
2013-07-09 07:00:00,,-20.948
2013-07-09 08:00:00,,-20.956
2013-07-09 09:00:00,,-20.957
2013-07-09 10:00:00,,-20.952
2013-07-09 11:00:00,,-20.958
2013-07-09 12:00:00,,-20.943
2013-07-09 13:00:00,,-20.945
2013-07-09 14:00:00,,-20.934
2013-07-09 15:00:00,,-20.927
2013-07-09 16:00:00,,-20.92
2013-07-09 17:00:00,,-20.929
2013-07-09 18:00:00,,-20.941
2013-07-09 19:00:00,,-20.938
2013-07-09 20:00:00,,-20.934
2013-07-09 21:00:00,,-20.939
2013-07-09 22:00:00,,-20.932
2013-07-09 23:00:00,,-20.943
2013-07-10 00:00:00,,-20.94
2013-07-10 01:00:00,,-20.939
2013-07-10 02:00:00,,-20.942
2013-07-10 03:00:00,,-20.935
2013-07-10 04:00:00,,-20.936
2013-07-10 05:00:00,,-20.936
2013-07-10 06:00:00,,-20.941
2013-07-10 07:00:00,,-20.936
2013-07-10 08:00:00,,-20.947
2013-07-10 09:00:00,,-20.955
2013-07-10 10:00:00,,-20.945
2013-07-10 11:00:00,,-20.945
2013-07-10 12:00:00,,-20.937
2013-07-10 13:00:00,,-20.932
2013-07-10 14:00:00,,-20.919
2013-07-10 15:00:00,,-20.913
2013-07-10 16:00:00,,-20.919
2013-07-10 17:00:00,,-20.914
2013-07-10 18:00:00,,-20.925
2013-07-10 19:00:00,,-20.932
2013-07-10 20:00:00,,-20.937
2013-07-10 21:00:00,,-20.943
2013-07-10 22:00:00,,-20.94
2013-07-10 23:00:00,,-20.953
2013-07-11 00:00:00,,-20.941
2013-07-11 01:00:00,,-20.947
2013-07-11 02:00:00,,-20.941
2013-07-11 03:00:00,,-20.946
2013-07-11 04:00:00,,-20.951
2013-07-11 05:00:00,,-20.946
2013-07-11 06:00:00,,-20.939
2013-07-11 07:00:00,,-20.946
2013-07-11 08:00:00,,-20.947
2013-07-11 09:00:00,,-20.947
2013-07-11 10:00:00,,-20.944
2013-07-11 11:00:00,,-20.949
2013-07-11 12:00:00,,-20.949
2013-07-11 13:00:00,,-20.94
2013-07-11 14:00:00,,-20.921
2013-07-11 15:00:00,,-20.92
2013-07-11 16:00:00,,-20.919
2013-07-11 17:00:00,,-20.918
2013-07-11 18:00:00,,-20.926
2013-07-11 19:00:00,,-20.923
2013-07-11 20:00:00,,-20.924
2013-07-11 21:00:00,,-20.936
2013-07-11 22:00:00,,-20.94
2013-07-11 23:00:00,,-20.947
2013-07-12 00:00:00,,-20.946
2013-07-12 01:00:00,,-20.933
2013-07-12 02:00:00,,-20.939
2013-07-12 03:00:00,,-20.931
2013-07-12 04:00:00,,-20.931
2013-07-12 05:00:00,,-20.935
2013-07-12 06:00:00,,-20.939
2013-07-12 07:00:00,,-20.931
2013-07-12 08:00:00,,-20.939
2013-07-12 09:00:00,,-20.941
2013-07-12 10:00:00,,-20.943
2013-07-12 11:00:00,,-20.946
2013-07-12 12:00:00,,-20.935
2013-07-12 13:00:00,,-20.926
2013-07-12 14:00:00,,-20.923
2013-07-12 15:00:00,,-20.907
2013-07-12 16:00:00,,-20.911
2013-07-12 17:00:00,,-20.912
2013-07-12 18:00:00,,-20.915
2013-07-12 19:00:00,,-20.921
2013-07-12 20:00:00,,-20.932
2013-07-12 21:00:00,,-20.926
2013-07-12 22:00:00,,-20.939
2013-07-12 23:00:00,,-20.936
2013-07-13 00:00:00,,-20.929
2013-07-13 01:00:00,,-20.929
2013-07-13 02:00:00,,-20.935
2013-07-13 03:00:00,,-20.932
2013-07-13 04:00:00,,-20.924
2013-07-13 05:00:00,,-20.931
2013-07-13 06:00:00,,-20.925
2013-07-13 07:00:00,,-20.935
2013-07-13 08:00:00,,-20.942
2013-07-13 09:00:00,,-20.936
2013-07-13 10:00:00,,-20.949
2013-07-13 11:00:00,,-20.94
2013-07-13 12:00:00,,-20.941
2013-07-13 13:00:00,,-20.924
2013-07-13 14:00:00,,-20.922
2013-07-13 15:00:00,,-20.921
2013-07-13 16:00:00,,-20.916
2013-07-13 17:00:00,,-20.916
2013-07-13 18:00:00,,-20.925
2013-07-13 19:00:00,,-20.92
2013-07-13 20:00:00,,-20.925
2013-07-13 21:00:00,,-20.93
2013-07-13 22:00:00,,-20.943
2013-07-13 23:00:00,,-20.933
2013-07-14 00:00:00,,-20.944
2013-07-14 01:00:00,,-20.939
2013-07-14 02:00:00,,-20.932
2013-07-14 03:00:00,,-20.929
2013-07-14 04:00:00,,-20.925
2013-07-14 05:00:00,,-20.93
2013-07-14 06:00:00,,-20.938
2013-07-14 07:00:00,,-20.937
2013-07-14 08:00:00,,-20.945
2013-07-14 09:00:00,,-20.937
2013-07-14 10:00:00,,-20.948
2013-07-14 11:00:00,,-20.947
2013-07-14 12:00:00,,-20.947
2013-07-14 13:00:00,,-20.94
2013-07-14 14:00:00,,-20.933
2013-07-14 15:00:00,,-20.924
2013-07-14 16:00:00,,-20.922
2013-07-14 17:00:00,,-20.921
2013-07-14 18:00:00,,-20.924
2013-07-14 19:00:00,,-20.933
2013-07-14 20:00:00,,-20.94
2013-07-14 21:00:00,,-20.938
2013-07-14 22:00:00,,-20.937
2013-07-14 23:00:00,,-20.936
2013-07-15 00:00:00,,-20.947
2013-07-15 01:00:00,,-20.939
2013-07-15 02:00:00,,-20.948
2013-07-15 03:00:00,,-20.948
2013-07-15 04:00:00,,-20.937
2013-07-15 05:00:00,,-20.944
2013-07-15 06:00:00,,-20.949
2013-07-15 07:00:00,,-20.948
2013-07-15 08:00:00,,-20.944
2013-07-15 09:00:00,,-20.956
2013-07-15 10:00:00,,-20.953
2013-07-15 11:00:00,,-20.952
2013-07-15 12:00:00,,-20.949
2013-07-15 13:00:00,,-20.94
2013-07-15 14:00:00,,-20.935
2013-07-15 15:00:00,,-20.936
2013-07-15 16:00:00,,-20.933
2013-07-15 17:00:00,,-20.928
2013-07-15 18:00:00,,-20.935
2013-07-15 19:00:00,,-20.935
2013-07-15 20:00:00,,-20.944
2013-07-15 21:00:00,,-20.938
2013-07-15 22:00:00,,-20.952
2013-07-15 23:00:00,,-20.941
2013-07-16 00:00:00,,-20.945
2013-07-16 01:00:00,,-20.943
2013-07-16 02:00:00,,-20.946
2013-07-16 03:00:00,,-20.943
2013-07-16 04:00:00,,-20.946
2013-07-16 05:00:00,,-20.939
2013-07-16 06:00:00,,-20.932
2013-07-16 07:00:00,,-20.943
2013-07-16 08:00:00,,-20.937
2013-07-16 09:00:00,,-20.941
2013-07-16 10:00:00,,-20.941
2013-07-16 11:00:00,,-20.95
2013-07-16 12:00:00,,-20.934
2013-07-16 13:00:00,,-20.931
2013-07-16 14:00:00,,-20.921
2013-07-16 15:00:00,,-20.915
2013-07-16 16:00:00,,-20.921
2013-07-16 17:00:00,,-20.92
2013-07-16 18:00:00,,-20.912
2013-07-16 19:00:00,,-20.923
2013-07-16 20:00:00,,-20.934
2013-07-16 21:00:00,,-20.929
2013-07-16 22:00:00,,-20.926
2013-07-16 23:00:00,,-20.929
2013-07-17 00:00:00,,-20.927
2013-07-17 01:00:00,,-20.93
2013-07-17 02:00:00,,-20.928
2013-07-17 03:00:00,,-20.924
2013-07-17 04:00:00,,-20.918
2013-07-17 05:00:00,,-20.93
2013-07-17 06:00:00,,-20.921
2013-07-17 07:00:00,,-20.935
2013-07-17 08:00:00,,-20.938
2013-07-17 09:00:00,,-20.926
2013-07-17 10:00:00,,-20.93
2013-07-17 11:00:00,,-20.923
2013-07-17 12:00:00,,-20.925
2013-07-17 13:00:00,,-20.91
2013-07-17 14:00:00,,-20.901
2013-07-17 15:00:00,,-20.902
2013-07-17 16:00:00,,-20.897
2013-07-17 17:00:00,,-20.9
2013-07-17 18:00:00,,-20.899
2013-07-17 19:00:00,,-20.913
2013-07-17 20:00:00,,-20.92
2013-07-17 21:00:00,,-20.93
2013-07-17 22:00:00,,-20.92
2013-07-17 23:00:00,,-20.931
2013-07-18 00:00:00,,-20.922
2013-07-18 01:00:00,,-20.92
2013-07-18 02:00:00,,-20.923
2013-07-18 03:00:00,,-20.922
2013-07-18 04:00:00,,-20.914
2013-07-18 05:00:00,,-20.926
2013-07-18 06:00:00,,-20.928
2013-07-18 07:00:00,,-20.933
2013-07-18 08:00:00,,-20.937
2013-07-18 09:00:00,,-20.938
2013-07-18 10:00:00,,-20.944
2013-07-18 11:00:00,,-20.938
2013-07-18 12:00:00,,-20.925
2013-07-18 13:00:00,,-20.927
2013-07-18 14:00:00,,-20.92
2013-07-18 15:00:00,,-20.911
2013-07-18 16:00:00,,-20.906
2013-07-18 17:00:00,,-20.919
2013-07-18 18:00:00,,-20.925
2013-07-18 19:00:00,,-20.93
2013-07-18 20:00:00,,-20.942
2013-07-18 21:00:00,,-20.941
2013-07-18 22:00:00,,-20.937
2013-07-18 23:00:00,,-20.944
2013-07-19 00:00:00,,-20.938
2013-07-19 01:00:00,,-20.941
2013-07-19 02:00:00,,-20.947
2013-07-19 03:00:00,,-20.94
2013-07-19 04:00:00,,-20.932
2013-07-19 05:00:00,,-20.938
2013-07-19 06:00:00,,-20.946
2013-07-19 07:00:00,,-20.94
2013-07-19 08:00:00,,-20.951
2013-07-19 09:00:00,,-20.955
2013-07-19 10:00:00,,-20.952
2013-07-19 11:00:00,,-20.956
2013-07-19 12:00:00,,-20.944
2013-07-19 13:00:00,,-20.944
2013-07-19 14:00:00,,-20.933
2013-07-19 15:00:00,,-20.923
2013-07-19 16:00:00,,-20.923
2013-07-19 17:00:00,,-20.931
2013-07-19 18:00:00,,-20.93
2013-07-19 19:00:00,,-20.945
2013-07-19 20:00:00,,-20.948
2013-07-19 21:00:00,,-20.951
2013-07-19 22:00:00,,-20.966
2013-07-19 23:00:00,,-20.956
2013-07-20 00:00:00,,-20.96
2013-07-20 01:00:00,,-20.957
2013-07-20 02:00:00,,-20.956
2013-07-20 03:00:00,,-20.942
2013-07-20 04:00:00,,-20.95
2013-07-20 05:00:00,,-20.95
2013-07-20 06:00:00,,-20.941
2013-07-20 07:00:00,,-20.95
2013-07-20 08:00:00,,-20.958
2013-07-20 09:00:00,,-20.96
2013-07-20 10:00:00,,-20.958
2013-07-20 11:00:00,,-20.949
2013-07-20 12:00:00,,-20.948
2013-07-20 13:00:00,,-20.933
2013-07-20 14:00:00,,-20.934
2013-07-20 15:00:00,,-20.915
2013-07-20 16:00:00,,-20.918
2013-07-20 17:00:00,,-20.919
2013-07-20 18:00:00,,-20.922
2013-07-20 19:00:00,,-20.927
2013-07-20 20:00:00,,-20.94
2013-07-20 21:00:00,,-20.946
2013-07-20 22:00:00,,-20.952
2013-07-20 23:00:00,,-20.954
2013-07-21 00:00:00,,-20.952
2013-07-21 01:00:00,,-20.955
2013-07-21 02:00:00,,-20.95
2013-07-21 03:00:00,,-20.942
2013-07-21 04:00:00,,-20.938
2013-07-21 05:00:00,,-20.937
2013-07-21 06:00:00,,-20.943
2013-07-21 07:00:00,,-20.943
2013-07-21 08:00:00,,-20.94
2013-07-21 09:00:00,,-20.952
2013-07-21 10:00:00,,-20.945
2013-07-21 11:00:00,,-20.949
2013-07-21 12:00:00,,-20.944
2013-07-21 13:00:00,,-20.934
2013-07-21 14:00:00,,-20.93
2013-07-21 15:00:00,,-20.928
2013-07-21 16:00:00,,-20.912
2013-07-21 17:00:00,,-20.919
2013-07-21 18:00:00,,-20.929
2013-07-21 19:00:00,,-20.928
2013-07-21 20:00:00,,-20.944
2013-07-21 21:00:00,,-20.942
2013-07-21 22:00:00,,-20.947
2013-07-21 23:00:00,,-20.949
2013-07-22 00:00:00,,-20.956
2013-07-22 01:00:00,,-20.958
2013-07-22 02:00:00,,-20.954
2013-07-22 03:00:00,,-20.945
2013-07-22 04:00:00,,-20.939
2013-07-22 05:00:00,,-20.949
2013-07-22 06:00:00,,-20.939
2013-07-22 07:00:00,,-20.95
2013-07-22 08:00:00,,-20.956
2013-07-22 09:00:00,,-20.968
2013-07-22 10:00:00,,-20.964
2013-07-22 11:00:00,,-20.962
2013-07-22 12:00:00,,-20.961
2013-07-22 13:00:00,,-20.949
2013-07-22 14:00:00,,-20.945
2013-07-22 15:00:00,,-20.941
2013-07-22 16:00:00,,-20.93
2013-07-22 17:00:00,,-20.922
2013-07-22 18:00:00,,-20.937
2013-07-22 19:00:00,,-20.943
2013-07-22 20:00:00,,-20.939
2013-07-22 21:00:00,,-20.96
2013-07-22 22:00:00,,-20.963
2013-07-22 23:00:00,,-20.958
2013-07-23 00:00:00,,-20.969
2013-07-23 01:00:00,,-20.957
2013-07-23 02:00:00,,-20.965
2013-07-23 03:00:00,,-20.961
2013-07-23 04:00:00,,-20.947
2013-07-23 05:00:00,,-20.944
2013-07-23 06:00:00,,-20.959
2013-07-23 07:00:00,,-20.958
2013-07-23 08:00:00,,-20.961
2013-07-23 09:00:00,,-20.974
2013-07-23 10:00:00,,-20.971
2013-07-23 11:00:00,,-20.975
2013-07-23 12:00:00,,-20.962
2013-07-23 13:00:00,,-20.956
2013-07-23 14:00:00,,-20.946
2013-07-23 15:00:00,,-20.936
2013-07-23 16:00:00,,-20.932
2013-07-23 17:00:00,,-20.931
2013-07-23 18:00:00,,-20.928
2013-07-23 19:00:00,,-20.941
2013-07-23 20:00:00,,-20.947
2013-07-23 21:00:00,,-20.952
2013-07-23 22:00:00,,-20.957
2013-07-23 23:00:00,,-20.966
2013-07-24 00:00:00,,-20.96
2013-07-24 01:00:00,,-20.959
2013-07-24 02:00:00,,-20.958
2013-07-24 03:00:00,,-20.954
2013-07-24 04:00:00,,-20.946
2013-07-24 05:00:00,,-20.944
2013-07-24 06:00:00,,-20.935
2013-07-24 07:00:00,,-20.946
2013-07-24 08:00:00,,-20.95
2013-07-24 09:00:00,,-20.952
2013-07-24 10:00:00,,-20.947
2013-07-24 11:00:00,,-20.954
2013-07-24 12:00:00,,-20.948
2013-07-24 13:00:00,,-20.93
2013-07-24 14:00:00,,-20.921
2013-07-24 15:00:00,,-20.924
2013-07-24 16:00:00,,-20.916
2013-07-24 17:00:00,,-20.911
2013-07-24 18:00:00,,-20.922
2013-07-24 19:00:00,,-20.927
2013-07-24 20:00:00,,-20.935
2013-07-24 21:00:00,,-20.935
2013-07-24 22:00:00,,-20.946
2013-07-24 23:00:00,,-20.948
2013-07-25 00:00:00,,-20.949
2013-07-25 01:00:00,,-20.947
2013-07-25 02:00:00,,-20.938
2013-07-25 03:00:00,,-20.945
2013-07-25 04:00:00,,-20.936
2013-07-25 05:00:00,,-20.928
2013-07-25 06:00:00,,-20.925
2013-07-25 07:00:00,,-20.936
2013-07-25 08:00:00,,-20.946
2013-07-25 09:00:00,,-20.949
2013-07-25 10:00:00,,-20.948
2013-07-25 11:00:00,,-20.949
2013-07-25 12:00:00,,-20.939
2013-07-25 13:00:00,,-20.94
2013-07-25 14:00:00,,-20.928
2013-07-25 15:00:00,,-20.925
2013-07-25 16:00:00,,-20.924
2013-07-25 17:00:00,,-20.92
2013-07-25 18:00:00,,-20.918
2013-07-25 19:00:00,,-20.922
2013-07-25 20:00:00,,-20.922
2013-07-25 21:00:00,,-20.927
2013-07-25 22:00:00,,-20.93
2013-07-25 23:00:00,,-20.938
2013-07-26 00:00:00,,-20.94
2013-07-26 01:00:00,,-20.944
2013-07-26 02:00:00,,-20.931
2013-07-26 03:00:00,,-20.933
2013-07-26 04:00:00,,-20.93
2013-07-26 05:00:00,,-20.921
2013-07-26 06:00:00,,-20.932
2013-07-26 07:00:00,,-20.935
2013-07-26 08:00:00,,-20.933
2013-07-26 09:00:00,,-20.941
2013-07-26 10:00:00,,-20.942
2013-07-26 11:00:00,,-20.935
2013-07-26 12:00:00,,-20.926
2013-07-26 13:00:00,,-20.93
2013-07-26 14:00:00,,-20.91
2013-07-26 15:00:00,,-20.905
2013-07-26 16:00:00,,-20.916
2013-07-26 17:00:00,,-20.914
2013-07-26 18:00:00,,-20.919
2013-07-26 19:00:00,,-20.916
2013-07-26 20:00:00,,-20.93
2013-07-26 21:00:00,,-20.925
2013-07-26 22:00:00,,-20.927
2013-07-26 23:00:00,,-20.922
2013-07-27 00:00:00,,-20.927
2013-07-27 01:00:00,,-20.93
2013-07-27 02:00:00,,-20.918
2013-07-27 03:00:00,,-20.922
2013-07-27 04:00:00,,-20.916
2013-07-27 05:00:00,,-20.921
2013-07-27 06:00:00,,-20.914
2013-07-27 07:00:00,,-20.922
2013-07-27 08:00:00,,-20.917
2013-07-27 09:00:00,,-20.926
2013-07-27 10:00:00,,-20.935
2013-07-27 11:00:00,,-20.92
2013-07-27 12:00:00,,-20.926
2013-07-27 13:00:00,,-20.916
2013-07-27 14:00:00,,-20.903
2013-07-27 15:00:00,,-20.905
2013-07-27 16:00:00,,-20.898
2013-07-27 17:00:00,,-20.899
2013-07-27 18:00:00,,-20.914
2013-07-27 19:00:00,,-20.914
2013-07-27 20:00:00,,-20.921
2013-07-27 21:00:00,,-20.928
2013-07-27 22:00:00,,-20.926
2013-07-27 23:00:00,,-20.927
2013-07-28 00:00:00,,-20.933
2013-07-28 01:00:00,,-20.92
2013-07-28 02:00:00,,-20.931
2013-07-28 03:00:00,,-20.919
2013-07-28 04:00:00,,-20.926
2013-07-28 05:00:00,,-20.929
2013-07-28 06:00:00,,-20.929
2013-07-28 07:00:00,,-20.926
2013-07-28 08:00:00,,-20.928
2013-07-28 09:00:00,,-20.938
2013-07-28 10:00:00,,-20.943
2013-07-28 11:00:00,,-20.93
2013-07-28 12:00:00,,-20.936
2013-07-28 13:00:00,,-20.917
2013-07-28 14:00:00,,-20.912
2013-07-28 15:00:00,,-20.909
2013-07-28 16:00:00,,-20.913
2013-07-28 17:00:00,,-20.916
2013-07-28 18:00:00,,-20.911
2013-07-28 19:00:00,,-20.927
2013-07-28 20:00:00,,-20.922
2013-07-28 21:00:00,,-20.94
2013-07-28 22:00:00,,-20.929
2013-07-28 23:00:00,,-20.942
2013-07-29 00:00:00,,-20.935
2013-07-29 01:00:00,,-20.937
2013-07-29 02:00:00,,-20.937
2013-07-29 03:00:00,,-20.934
2013-07-29 04:00:00,,-20.933
2013-07-29 05:00:00,,-20.933
2013-07-29 06:00:00,,-20.939
2013-07-29 07:00:00,,-20.929
2013-07-29 08:00:00,,-20.939
2013-07-29 09:00:00,,-20.942
2013-07-29 10:00:00,,-20.936
2013-07-29 11:00:00,,-20.931
2013-07-29 12:00:00,,-20.935
2013-07-29 13:00:00,,-20.923
2013-07-29 14:00:00,,-20.926
2013-07-29 15:00:00,,-20.912
2013-07-29 16:00:00,,-20.917
2013-07-29 17:00:00,,-20.923
2013-07-29 18:00:00,,-20.926
2013-07-29 19:00:00,,-20.921
2013-07-29 20:00:00,,-20.933
2013-07-29 21:00:00,,-20.934
2013-07-29 22:00:00,,-20.947
2013-07-29 23:00:00,,-20.938
2013-07-30 00:00:00,,-20.935
2013-07-30 01:00:00,,-20.943
2013-07-30 02:00:00,,-20.94
2013-07-30 03:00:00,,-20.926
2013-07-30 04:00:00,,-20.923
2013-07-30 05:00:00,,-20.922
2013-07-30 06:00:00,,-20.922
2013-07-30 07:00:00,,-20.933
2013-07-30 08:00:00,,-20.936
2013-07-30 09:00:00,,-20.948
2013-07-30 10:00:00,,-20.936
2013-07-30 11:00:00,,-20.933
2013-07-30 12:00:00,,-20.927
2013-07-30 13:00:00,,-20.923
2013-07-30 14:00:00,,-20.918
2013-07-30 15:00:00,,-20.913
2013-07-30 16:00:00,,-20.904
2013-07-30 17:00:00,,-20.915
2013-07-30 18:00:00,,-20.91
2013-07-30 19:00:00,,-20.923
2013-07-30 20:00:00,,-20.921
2013-07-30 21:00:00,,-20.937
2013-07-30 22:00:00,,-20.928
2013-07-30 23:00:00,,-20.935
2013-07-31 00:00:00,,-20.935
2013-07-31 01:00:00,,-20.933
2013-07-31 02:00:00,,-20.932
2013-07-31 03:00:00,,-20.927
2013-07-31 04:00:00,,-20.933
2013-07-31 05:00:00,,-20.93
2013-07-31 06:00:00,,-20.924
2013-07-31 07:00:00,,-20.927
2013-07-31 08:00:00,,-20.935
2013-07-31 09:00:00,,-20.932
2013-07-31 10:00:00,,-20.933
2013-07-31 11:00:00,,-20.929
2013-07-31 12:00:00,,-20.933
2013-07-31 13:00:00,,-20.912
2013-07-31 14:00:00,,-20.907
2013-07-31 15:00:00,,-20.899
2013-07-31 16:00:00,,-20.91
2013-07-31 17:00:00,,-20.902
2013-07-31 18:00:00,,-20.917
2013-07-31 19:00:00,,-20.917
2013-07-31 20:00:00,,-20.927
2013-07-31 21:00:00,,-20.92
2013-07-31 22:00:00,,-20.934
2013-07-31 23:00:00,,-20.923
2013-08-01 00:00:00,,-20.932
2013-08-01 01:00:00,,-20.93
2013-08-01 02:00:00,,-20.914
2013-08-01 03:00:00,,-20.924
2013-08-01 04:00:00,,-20.913
2013-08-01 05:00:00,,-20.926
2013-08-01 06:00:00,,-20.93
2013-08-01 07:00:00,,-20.931
2013-08-01 08:00:00,,-20.935
2013-08-01 09:00:00,,-20.938
2013-08-01 10:00:00,,-20.941
2013-08-01 11:00:00,,-20.936
2013-08-01 12:00:00,,-20.93
2013-08-01 13:00:00,,-20.921
2013-08-01 14:00:00,,-20.916
2013-08-01 15:00:00,,-20.909
2013-08-01 16:00:00,,-20.908
2013-08-01 17:00:00,,-20.903
2013-08-01 18:00:00,,-20.918
2013-08-01 19:00:00,,-20.915
2013-08-01 20:00:00,,-20.923
2013-08-01 21:00:00,,-20.939
2013-08-01 22:00:00,,-20.938
2013-08-01 23:00:00,,-20.932
2013-08-02 00:00:00,,-20.941
2013-08-02 01:00:00,,-20.928
2013-08-02 02:00:00,,-20.927
2013-08-02 03:00:00,,-20.927
2013-08-02 04:00:00,,-20.926
2013-08-02 05:00:00,,-20.938
2013-08-02 06:00:00,,-20.942
2013-08-02 07:00:00,,-20.943
2013-08-02 08:00:00,,-20.946
2013-08-02 09:00:00,,-20.952
2013-08-02 10:00:00,,-20.96
2013-08-02 11:00:00,,-20.952
2013-08-02 12:00:00,,-20.94
2013-08-02 13:00:00,,-20.936
2013-08-02 14:00:00,,-20.92
2013-08-02 15:00:00,,-20.922
2013-08-02 16:00:00,,-20.913
2013-08-02 17:00:00,,-20.92
2013-08-02 18:00:00,,-20.927
2013-08-02 19:00:00,,-20.928
2013-08-02 20:00:00,,-20.93
2013-08-02 21:00:00,,-20.937
2013-08-02 22:00:00,,-20.947
2013-08-02 23:00:00,,-20.946
2013-08-03 00:00:00,,-20.951
2013-08-03 01:00:00,,-20.941
2013-08-03 02:00:00,,-20.946
2013-08-03 03:00:00,,-20.933
2013-08-03 04:00:00,,-20.943
2013-08-03 05:00:00,,-20.932
2013-08-03 06:00:00,,-20.94
2013-08-03 07:00:00,,-20.947
2013-08-03 08:00:00,,-20.951
2013-08-03 09:00:00,,-20.944
2013-08-03 10:00:00,,-20.957
2013-08-03 11:00:00,,-20.943
2013-08-03 12:00:00,,-20.947
2013-08-03 13:00:00,,-20.928
2013-08-03 14:00:00,,-20.918
2013-08-03 15:00:00,,-20.921
2013-08-03 16:00:00,,-20.919
2013-08-03 17:00:00,,-20.908
2013-08-03 18:00:00,,-20.911
2013-08-03 19:00:00,,-20.928
2013-08-03 20:00:00,,-20.93
2013-08-03 21:00:00,,-20.942
2013-08-03 22:00:00,,-20.942
2013-08-03 23:00:00,,-20.947
2013-08-04 00:00:00,,-20.932
2013-08-04 01:00:00,,-20.94
2013-08-04 02:00:00,,-20.926
2013-08-04 03:00:00,,-20.93
2013-08-04 04:00:00,,-20.931
2013-08-04 05:00:00,,-20.92
2013-08-04 06:00:00,,-20.93
2013-08-04 07:00:00,,-20.938
2013-08-04 08:00:00,,-20.94
2013-08-04 09:00:00,,-20.949
2013-08-04 10:00:00,,-20.953
2013-08-04 11:00:00,,-20.945
2013-08-04 12:00:00,,-20.94
2013-08-04 13:00:00,,-20.927
2013-08-04 14:00:00,,-20.918
2013-08-04 15:00:00,,-20.91
2013-08-04 16:00:00,,-20.907
2013-08-04 17:00:00,,-20.901
2013-08-04 18:00:00,,-20.914
2013-08-04 19:00:00,,-20.909
2013-08-04 20:00:00,,-20.92
2013-08-04 21:00:00,,-20.932
2013-08-04 22:00:00,,-20.933
2013-08-04 23:00:00,,-20.928
2013-08-05 00:00:00,,-20.938
2013-08-05 01:00:00,,-20.937
2013-08-05 02:00:00,,-20.934
2013-08-05 03:00:00,,-20.924
2013-08-05 04:00:00,,-20.927
2013-08-05 05:00:00,,-20.921
2013-08-05 06:00:00,,-20.931
2013-08-05 07:00:00,,-20.929
2013-08-05 08:00:00,,-20.928
2013-08-05 09:00:00,,-20.942
2013-08-05 10:00:00,,-20.949
2013-08-05 11:00:00,,-20.942
2013-08-05 12:00:00,,-20.925
2013-08-05 13:00:00,,-20.927
2013-08-05 14:00:00,,-20.916
2013-08-05 15:00:00,,-20.903
2013-08-05 16:00:00,,-20.905
2013-08-05 17:00:00,,-20.901
2013-08-05 18:00:00,,-20.91
2013-08-05 19:00:00,,-20.911
2013-08-05 20:00:00,,-20.919
2013-08-05 21:00:00,,-20.934
2013-08-05 22:00:00,,-20.933
2013-08-05 23:00:00,,-20.93
2013-08-06 00:00:00,,-20.921
2013-08-06 01:00:00,,-20.92
2013-08-06 02:00:00,,-20.916
2013-08-06 03:00:00,,-20.912
2013-08-06 04:00:00,,-20.916
2013-08-06 05:00:00,,-20.92
2013-08-06 06:00:00,,-20.913
2013-08-06 07:00:00,,-20.919
2013-08-06 08:00:00,,-20.925
2013-08-06 09:00:00,,-20.94
2013-08-06 10:00:00,,-20.932
2013-08-06 11:00:00,,-20.929
2013-08-06 12:00:00,,-20.929
2013-08-06 13:00:00,,-20.912
2013-08-06 14:00:00,,-20.908
2013-08-06 15:00:00,,-20.903
2013-08-06 16:00:00,,-20.892
2013-08-06 17:00:00,,-20.9
2013-08-06 18:00:00,,-20.912
2013-08-06 19:00:00,,-20.912
2013-08-06 20:00:00,,-20.914
2013-08-06 21:00:00,,-20.928
2013-08-06 22:00:00,,-20.928
2013-08-06 23:00:00,,-20.931
2013-08-07 00:00:00,,-20.929
2013-08-07 01:00:00,,-20.931
2013-08-07 02:00:00,,-20.924
2013-08-07 03:00:00,,-20.913
2013-08-07 04:00:00,,-20.922
2013-08-07 05:00:00,,-20.919
2013-08-07 06:00:00,,-20.925
2013-08-07 07:00:00,,-20.93
2013-08-07 08:00:00,,-20.937
2013-08-07 09:00:00,,-20.936
2013-08-07 10:00:00,,-20.943
2013-08-07 11:00:00,,-20.94
2013-08-07 12:00:00,,-20.933
2013-08-07 13:00:00,,-20.913
2013-08-07 14:00:00,,-20.914
2013-08-07 15:00:00,,-20.904
2013-08-07 16:00:00,,-20.895
2013-08-07 17:00:00,,-20.904
2013-08-07 18:00:00,,-20.912
2013-08-07 19:00:00,,-20.908
2013-08-07 20:00:00,,-20.922
2013-08-07 21:00:00,,-20.933
2013-08-07 22:00:00,,-20.933
2013-08-07 23:00:00,,-20.939
2013-08-08 00:00:00,,-20.937
2013-08-08 01:00:00,,-20.932
2013-08-08 02:00:00,,-20.933
2013-08-08 03:00:00,,-20.917
2013-08-08 04:00:00,,-20.927
2013-08-08 05:00:00,,-20.921
2013-08-08 06:00:00,,-20.925
2013-08-08 07:00:00,,-20.933
2013-08-08 08:00:00,,-20.928
2013-08-08 09:00:00,,-20.93
2013-08-08 10:00:00,,-20.938
2013-08-08 11:00:00,,-20.938
2013-08-08 12:00:00,,-20.93
2013-08-08 13:00:00,,-20.917
2013-08-08 14:00:00,,-20.906
2013-08-08 15:00:00,,-20.897
2013-08-08 16:00:00,,-20.901
2013-08-08 17:00:00,,-20.903
2013-08-08 18:00:00,,-20.9
2013-08-08 19:00:00,,-20.913
2013-08-08 20:00:00,,-20.912
2013-08-08 21:00:00,,-20.929
2013-08-08 22:00:00,,-20.932
2013-08-08 23:00:00,,-20.933
2013-08-09 00:00:00,,-20.922
2013-08-09 01:00:00,,-20.926
2013-08-09 02:00:00,,-20.921
2013-08-09 03:00:00,,-20.917
2013-08-09 04:00:00,,-20.915
2013-08-09 05:00:00,,-20.925
2013-08-09 06:00:00,,-20.916
2013-08-09 07:00:00,,-20.926
2013-08-09 08:00:00,,-20.93
2013-08-09 09:00:00,,-20.937
2013-08-09 10:00:00,,-20.94
2013-08-09 11:00:00,,-20.928
2013-08-09 12:00:00,,-20.922
2013-08-09 13:00:00,,-20.913
2013-08-09 14:00:00,,-20.911
2013-08-09 15:00:00,,-20.898
2013-08-09 16:00:00,,-20.901
2013-08-09 17:00:00,,-20.902
2013-08-09 18:00:00,,-20.897
2013-08-09 19:00:00,,-20.902
2013-08-09 20:00:00,,-20.92
2013-08-09 21:00:00,,-20.921
2013-08-09 22:00:00,,-20.927
2013-08-09 23:00:00,,-20.924
2013-08-10 00:00:00,,-20.918
2013-08-10 01:00:00,,-20.929
2013-08-10 02:00:00,,-20.927
2013-08-10 03:00:00,,-20.919
2013-08-10 04:00:00,,-20.924
2013-08-10 05:00:00,,-20.923
2013-08-10 06:00:00,,-20.926
2013-08-10 07:00:00,,-20.924
2013-08-10 08:00:00,,-20.922
2013-08-10 09:00:00,,-20.935
2013-08-10 10:00:00,,-20.924
2013-08-10 11:00:00,,-20.931
2013-08-10 12:00:00,,-20.931
2013-08-10 13:00:00,,-20.917
2013-08-10 14:00:00,,-20.916
2013-08-10 15:00:00,,-20.899
2013-08-10 16:00:00,,-20.902
2013-08-10 17:00:00,,-20.895
2013-08-10 18:00:00,,-20.897
2013-08-10 19:00:00,,-20.907
2013-08-10 20:00:00,,-20.913
2013-08-10 21:00:00,,-20.925
2013-08-10 22:00:00,,-20.917
2013-08-10 23:00:00,,-20.933
2013-08-11 00:00:00,,-20.928
2013-08-11 01:00:00,,-20.926
2013-08-11 02:00:00,,-20.927
2013-08-11 03:00:00,,-20.924
2013-08-11 04:00:00,,-20.922
2013-08-11 05:00:00,,-20.914
2013-08-11 06:00:00,,-20.915
2013-08-11 07:00:00,,-20.918
2013-08-11 08:00:00,,-20.927
2013-08-11 09:00:00,,-20.932
2013-08-11 10:00:00,,-20.92
2013-08-11 11:00:00,,-20.929
2013-08-11 12:00:00,,-20.92
2013-08-11 13:00:00,,-20.907
2013-08-11 14:00:00,,-20.9
2013-08-11 15:00:00,,-20.894
2013-08-11 16:00:00,,-20.89
2013-08-11 17:00:00,,-20.896
2013-08-11 18:00:00,,-20.893
2013-08-11 19:00:00,,-20.895
2013-08-11 20:00:00,,-20.914
2013-08-11 21:00:00,,-20.921
2013-08-11 22:00:00,,-20.926
2013-08-11 23:00:00,,-20.922
2013-08-12 00:00:00,,-20.92
2013-08-12 01:00:00,,-20.925
2013-08-12 02:00:00,,-20.912
2013-08-12 03:00:00,,-20.916
2013-08-12 04:00:00,,-20.908
2013-08-12 05:00:00,,-20.918
2013-08-12 06:00:00,,-20.916
2013-08-12 07:00:00,,-20.922
2013-08-12 08:00:00,,-20.927
2013-08-12 09:00:00,,-20.927
2013-08-12 10:00:00,,-20.924
2013-08-12 11:00:00,,-20.924
2013-08-12 12:00:00,,-20.921
2013-08-12 13:00:00,,-20.92
2013-08-12 14:00:00,,-20.917
2013-08-12 15:00:00,,-20.908
2013-08-12 16:00:00,,-20.913
2013-08-12 17:00:00,,-20.915
2013-08-12 18:00:00,,-20.918
2013-08-12 19:00:00,,-20.916
2013-08-12 20:00:00,,-20.924
2013-08-12 21:00:00,,-20.928
2013-08-12 22:00:00,,-20.927
2013-08-12 23:00:00,,-20.935
2013-08-13 00:00:00,,-20.933
2013-08-13 01:00:00,,-20.933
2013-08-13 02:00:00,,-20.925
2013-08-13 03:00:00,,-20.931
2013-08-13 04:00:00,,-20.923
2013-08-13 05:00:00,,-20.928
2013-08-13 06:00:00,,-20.935
2013-08-13 07:00:00,,-20.934
2013-08-13 08:00:00,,-20.936
2013-08-13 09:00:00,,-20.943
2013-08-13 10:00:00,,-20.932
2013-08-13 11:00:00,,-20.935
2013-08-13 12:00:00,,-20.932
2013-08-13 13:00:00,,-20.923
2013-08-13 14:00:00,,-20.915
2013-08-13 15:00:00,,-20.896
2013-08-13 16:00:00,,-20.893
2013-08-13 17:00:00,,-20.895
2013-08-13 18:00:00,,-20.908
2013-08-13 19:00:00,,-20.913
2013-08-13 20:00:00,,-20.912
2013-08-13 21:00:00,,-20.917
2013-08-13 22:00:00,,-20.923
2013-08-13 23:00:00,,-20.913
2013-08-14 00:00:00,,-20.916
2013-08-14 01:00:00,,-20.911
2013-08-14 02:00:00,,-20.909
2013-08-14 03:00:00,,-20.908
2013-08-14 04:00:00,,-20.906
2013-08-14 05:00:00,,-20.907
2013-08-14 06:00:00,,-20.917
2013-08-14 07:00:00,,-20.922
2013-08-14 08:00:00,,-20.928
2013-08-14 09:00:00,,-20.938
2013-08-14 10:00:00,,-20.928
2013-08-14 11:00:00,,-20.927
2013-08-14 12:00:00,,-20.926
2013-08-14 13:00:00,,-20.911
2013-08-14 14:00:00,,-20.916
2013-08-14 15:00:00,,-20.901
2013-08-14 16:00:00,,-20.905
2013-08-14 17:00:00,,-20.906
2013-08-14 18:00:00,,-20.906
2013-08-14 19:00:00,,-20.918
2013-08-14 20:00:00,,-20.929
2013-08-14 21:00:00,,-20.932
2013-08-14 22:00:00,,-20.927
2013-08-14 23:00:00,,-20.939
2013-08-15 00:00:00,,-20.94
2013-08-15 01:00:00,,-20.938
2013-08-15 02:00:00,,-20.936
2013-08-15 03:00:00,,-20.922
2013-08-15 04:00:00,,-20.922
2013-08-15 05:00:00,,-20.927
2013-08-15 06:00:00,,-20.924
2013-08-15 07:00:00,,-20.93
2013-08-15 08:00:00,,-20.94
2013-08-15 09:00:00,,-20.936
2013-08-15 10:00:00,,-20.933
2013-08-15 11:00:00,,-20.929
2013-08-15 12:00:00,,-20.928
2013-08-15 13:00:00,,-20.909
2013-08-15 14:00:00,,-20.902
2013-08-15 15:00:00,,-20.903
2013-08-15 16:00:00,,-20.899
2013-08-15 17:00:00,,-20.898
2013-08-15 18:00:00,,-20.906
2013-08-15 19:00:00,,-20.903
2013-08-15 20:00:00,,-20.91
2013-08-15 21:00:00,,-20.913
2013-08-15 22:00:00,,-20.907
2013-08-15 23:00:00,,-20.906
2013-08-16 00:00:00,,-20.901
2013-08-16 01:00:00,,-20.907
2013-08-16 02:00:00,,-20.91
2013-08-16 03:00:00,,-20.903
2013-08-16 04:00:00,,-20.894
2013-08-16 05:00:00,,-20.899
2013-08-16 06:00:00,,-20.908
2013-08-16 07:00:00,,-20.913
2013-08-16 08:00:00,,-20.913
2013-08-16 09:00:00,,-20.91
2013-08-16 10:00:00,,-20.924
2013-08-16 11:00:00,,-20.914
2013-08-16 12:00:00,,-20.902
2013-08-16 13:00:00,,-20.896
2013-08-16 14:00:00,,-20.882
2013-08-16 15:00:00,,-20.885
2013-08-16 16:00:00,,-20.886
2013-08-16 17:00:00,,-20.893
2013-08-16 18:00:00,,-20.901
2013-08-16 19:00:00,,-20.899
2013-08-16 20:00:00,,-20.91
2013-08-16 21:00:00,,-20.916
2013-08-16 22:00:00,,-20.929
2013-08-16 23:00:00,,-20.93
2013-08-17 00:00:00,,-20.926
2013-08-17 01:00:00,,-20.928
2013-08-17 02:00:00,,-20.919
2013-08-17 03:00:00,,-20.922
2013-08-17 04:00:00,,-20.926
2013-08-17 05:00:00,,-20.93
2013-08-17 06:00:00,,-20.924
2013-08-17 07:00:00,,-20.941
2013-08-17 08:00:00,,-20.936
2013-08-17 09:00:00,,-20.949
2013-08-17 10:00:00,,-20.955
2013-08-17 11:00:00,,-20.95
2013-08-17 12:00:00,,-20.937
2013-08-17 13:00:00,,-20.928
2013-08-17 14:00:00,,-20.925
2013-08-17 15:00:00,,-20.92
2013-08-17 16:00:00,,-20.916
2013-08-17 17:00:00,,-20.919
2013-08-17 18:00:00,,-20.926
2013-08-17 19:00:00,,-20.928
2013-08-17 20:00:00,,-20.938
2013-08-17 21:00:00,,-20.936
2013-08-17 22:00:00,,-20.941
2013-08-17 23:00:00,,-20.932
2013-08-18 00:00:00,,-20.936
2013-08-18 01:00:00,,-20.927
2013-08-18 02:00:00,,-20.918
2013-08-18 03:00:00,,-20.913
2013-08-18 04:00:00,,-20.92
2013-08-18 05:00:00,,-20.922
2013-08-18 06:00:00,,-20.921
2013-08-18 07:00:00,,-20.937
2013-08-18 08:00:00,,-20.943
2013-08-18 09:00:00,,-20.943
2013-08-18 10:00:00,,-20.941
2013-08-18 11:00:00,,-20.935
2013-08-18 12:00:00,,-20.934
2013-08-18 13:00:00,,-20.914
2013-08-18 14:00:00,,-20.916
2013-08-18 15:00:00,,-20.904
2013-08-18 16:00:00,,-20.893
2013-08-18 17:00:00,,-20.903
2013-08-18 18:00:00,,-20.908
2013-08-18 19:00:00,,-20.908
2013-08-18 20:00:00,,-20.928
2013-08-18 21:00:00,,-20.933
2013-08-18 22:00:00,,-20.937
2013-08-18 23:00:00,,-20.93
2013-08-19 00:00:00,,-20.936
2013-08-19 01:00:00,,-20.922
2013-08-19 02:00:00,,-20.922
2013-08-19 03:00:00,,-20.913
2013-08-19 04:00:00,,-20.919
2013-08-19 05:00:00,,-20.92
2013-08-19 06:00:00,,-20.917
2013-08-19 07:00:00,,-20.922
2013-08-19 08:00:00,,-20.939
2013-08-19 09:00:00,,-20.931
2013-08-19 10:00:00,,-20.931
2013-08-19 11:00:00,,-20.926
2013-08-19 12:00:00,,-20.924
2013-08-19 13:00:00,,-20.91
2013-08-19 14:00:00,,-20.906
2013-08-19 15:00:00,,-20.906
2013-08-19 16:00:00,,-20.903
2013-08-19 17:00:00,,-20.893
2013-08-19 18:00:00,,-20.905
2013-08-19 19:00:00,,-20.91
2013-08-19 20:00:00,,-20.911
2013-08-19 21:00:00,,-20.925
2013-08-19 22:00:00,,-20.92
2013-08-19 23:00:00,,-20.933
2013-08-20 00:00:00,,-20.922
2013-08-20 01:00:00,,-20.926
2013-08-20 02:00:00,,-20.929
2013-08-20 03:00:00,,-20.925
2013-08-20 04:00:00,,-20.911
2013-08-20 05:00:00,,-20.92
2013-08-20 06:00:00,,-20.917
2013-08-20 07:00:00,,-20.93
2013-08-20 08:00:00,,-20.934
2013-08-20 09:00:00,,-20.937
2013-08-20 10:00:00,,-20.941
2013-08-20 11:00:00,,-20.94
2013-08-20 12:00:00,,-20.932
2013-08-20 13:00:00,,-20.917
2013-08-20 14:00:00,,-20.917
2013-08-20 15:00:00,,-20.898
2013-08-20 16:00:00,,-20.9
2013-08-20 17:00:00,,-20.908
2013-08-20 18:00:00,,-20.901
2013-08-20 19:00:00,,-20.909
2013-08-20 20:00:00,,-20.924
2013-08-20 21:00:00,,-20.932
2013-08-20 22:00:00,,-20.939
2013-08-20 23:00:00,,-20.941
2013-08-21 00:00:00,,-20.941
2013-08-21 01:00:00,,-20.931
2013-08-21 02:00:00,,-20.934
2013-08-21 03:00:00,,-20.916
2013-08-21 04:00:00,,-20.922
2013-08-21 05:00:00,,-20.915
2013-08-21 06:00:00,,-20.918
2013-08-21 07:00:00,,-20.929
2013-08-21 08:00:00,,-20.931
2013-08-21 09:00:00,,-20.94
2013-08-21 10:00:00,,-20.942
2013-08-21 11:00:00,,-20.928
2013-08-21 12:00:00,,-20.935
2013-08-21 13:00:00,,-20.92
2013-08-21 14:00:00,,-20.914
2013-08-21 15:00:00,,-20.908
2013-08-21 16:00:00,,-20.894
2013-08-21 17:00:00,,-20.906
2013-08-21 18:00:00,,-20.909
2013-08-21 19:00:00,,-20.907
2013-08-21 20:00:00,,-20.918
2013-08-21 21:00:00,,-20.925
2013-08-21 22:00:00,,-20.927
2013-08-21 23:00:00,,-20.94
2013-08-22 00:00:00,,-20.945
2013-08-22 01:00:00,,-20.937
2013-08-22 02:00:00,,-20.934
2013-08-22 03:00:00,,-20.933
2013-08-22 04:00:00,,-20.925
2013-08-22 05:00:00,,-20.923
2013-08-22 06:00:00,,-20.929
2013-08-22 07:00:00,,-20.927
2013-08-22 08:00:00,,-20.942
2013-08-22 09:00:00,,-20.936
2013-08-22 10:00:00,,-20.949
2013-08-22 11:00:00,,-20.943
2013-08-22 12:00:00,,-20.93
2013-08-22 13:00:00,,-20.934
2013-08-22 14:00:00,,-20.924
2013-08-22 15:00:00,,-20.912
2013-08-22 16:00:00,,-20.911
2013-08-22 17:00:00,,-20.911
2013-08-22 18:00:00,,-20.909
2013-08-22 19:00:00,,-20.921
2013-08-22 20:00:00,,-20.924
2013-08-22 21:00:00,,-20.934
2013-08-22 22:00:00,,-20.934
2013-08-22 23:00:00,,-20.931
2013-08-23 00:00:00,,-20.937
2013-08-23 01:00:00,,-20.938
2013-08-23 02:00:00,,-20.932
2013-08-23 03:00:00,,-20.929
2013-08-23 04:00:00,,-20.928
2013-08-23 05:00:00,,-20.932
2013-08-23 06:00:00,,-20.931
2013-08-23 07:00:00,,-20.932
2013-08-23 08:00:00,,-20.943
2013-08-23 09:00:00,,-20.937
2013-08-23 10:00:00,,-20.938
2013-08-23 11:00:00,,-20.937
2013-08-23 12:00:00,,-20.929
2013-08-23 13:00:00,,-20.927
2013-08-23 14:00:00,,-20.911
2013-08-23 15:00:00,,-20.916
2013-08-23 16:00:00,,-20.913
2013-08-23 17:00:00,,-20.906
2013-08-23 18:00:00,,-20.91
2013-08-23 19:00:00,,-20.915
2013-08-23 20:00:00,,-20.921
2013-08-23 21:00:00,,-20.932
2013-08-23 22:00:00,,-20.937
2013-08-23 23:00:00,,-20.931
2013-08-24 00:00:00,,-20.94
2013-08-24 01:00:00,,-20.94
2013-08-24 02:00:00,,-20.932
2013-08-24 03:00:00,,-20.92
2013-08-24 04:00:00,,-20.925
2013-08-24 05:00:00,,-20.929
2013-08-24 06:00:00,,-20.931
2013-08-24 07:00:00,,-20.931
2013-08-24 08:00:00,,-20.941
2013-08-24 09:00:00,,-20.935
2013-08-24 10:00:00,,-20.944
2013-08-24 11:00:00,,-20.941
2013-08-24 12:00:00,,-20.931
2013-08-24 13:00:00,,-20.922
2013-08-24 14:00:00,,-20.904
2013-08-24 15:00:00,,-20.903
2013-08-24 16:00:00,,-20.895
2013-08-24 17:00:00,,-20.905
2013-08-24 18:00:00,,-20.908
2013-08-24 19:00:00,,-20.901
2013-08-24 20:00:00,,-20.919
2013-08-24 21:00:00,,-20.923
2013-08-24 22:00:00,,-20.929
2013-08-24 23:00:00,,-20.927
2013-08-25 00:00:00,,-20.929
2013-08-25 01:00:00,,-20.935
2013-08-25 02:00:00,,-20.92
2013-08-25 03:00:00,,-20.924
2013-08-25 04:00:00,,-20.921
2013-08-25 05:00:00,,-20.914
2013-08-25 06:00:00,,-20.917
2013-08-25 07:00:00,,-20.928
2013-08-25 08:00:00,,-20.936
2013-08-25 09:00:00,,-20.932
2013-08-25 10:00:00,,-20.929
2013-08-25 11:00:00,,-20.925
2013-08-25 12:00:00,,-20.926
2013-08-25 13:00:00,,-20.921
2013-08-25 14:00:00,,-20.901
2013-08-25 15:00:00,,-20.906
2013-08-25 16:00:00,,-20.898
2013-08-25 17:00:00,,-20.888
2013-08-25 18:00:00,,-20.904
2013-08-25 19:00:00,,-20.911
2013-08-25 20:00:00,,-20.917
2013-08-25 21:00:00,,-20.916
2013-08-25 22:00:00,,-20.92
2013-08-25 23:00:00,,-20.927
2013-08-26 00:00:00,,-20.917
2013-08-26 01:00:00,,-20.921
2013-08-26 02:00:00,,-20.916
2013-08-26 03:00:00,,-20.918
2013-08-26 04:00:00,,-20.916
2013-08-26 05:00:00,,-20.916
2013-08-26 06:00:00,,-20.919
2013-08-26 07:00:00,,-20.917
2013-08-26 08:00:00,,-20.927
2013-08-26 09:00:00,,-20.935
2013-08-26 10:00:00,,-20.928
2013-08-26 11:00:00,,-20.926
2013-08-26 12:00:00,,-20.918
2013-08-26 13:00:00,,-20.911
2013-08-26 14:00:00,,-20.898
2013-08-26 15:00:00,,-20.895
2013-08-26 16:00:00,,-20.894
2013-08-26 17:00:00,,-20.898
2013-08-26 18:00:00,,-20.896
2013-08-26 19:00:00,,-20.901
2013-08-26 20:00:00,,-20.901
2013-08-26 21:00:00,,-20.913
2013-08-26 22:00:00,,-20.911
2013-08-26 23:00:00,,-20.921
2013-08-27 00:00:00,,-20.916
2013-08-27 01:00:00,,-20.917
2013-08-27 02:00:00,,-20.907
2013-08-27 03:00:00,,-20.912
2013-08-27 04:00:00,,-20.911
2013-08-27 05:00:00,,-20.913
2013-08-27 06:00:00,,-20.912
2013-08-27 07:00:00,,-20.915
2013-08-27 08:00:00,,-20.918
2013-08-27 09:00:00,,-20.921
2013-08-27 10:00:00,,-20.932
2013-08-27 11:00:00,,-20.928
2013-08-27 12:00:00,,-20.916
2013-08-27 13:00:00,,-20.911
2013-08-27 14:00:00,,-20.909
2013-08-27 15:00:00,,-20.902
2013-08-27 16:00:00,,-20.893
2013-08-27 17:00:00,,-20.899
2013-08-27 18:00:00,,-20.893
2013-08-27 19:00:00,,-20.903
2013-08-27 20:00:00,,-20.909
2013-08-27 21:00:00,,-20.913
2013-08-27 22:00:00,,-20.915
2013-08-27 23:00:00,,-20.92
2013-08-28 00:00:00,,-20.911
2013-08-28 01:00:00,,-20.912
2013-08-28 02:00:00,,-20.914
2013-08-28 03:00:00,,-20.899
2013-08-28 04:00:00,,-20.906
2013-08-28 05:00:00,,-20.9
2013-08-28 06:00:00,,-20.904
2013-08-28 07:00:00,,-20.906
2013-08-28 08:00:00,,-20.914
2013-08-28 09:00:00,,-20.913
2013-08-28 10:00:00,,-20.92
2013-08-28 11:00:00,,-20.914
2013-08-28 12:00:00,,-20.903
2013-08-28 13:00:00,,-20.9
2013-08-28 14:00:00,,-20.897
2013-08-28 15:00:00,,-20.891
2013-08-28 16:00:00,,-20.888
2013-08-28 17:00:00,,-20.883
2013-08-28 18:00:00,,-20.892
2013-08-28 19:00:00,,-20.9
2013-08-28 20:00:00,,-20.902
2013-08-28 21:00:00,,-20.908
2013-08-28 22:00:00,,-20.915
2013-08-28 23:00:00,,-20.904
2013-08-29 00:00:00,,-20.903
2013-08-29 01:00:00,,-20.913
2013-08-29 02:00:00,,-20.91
2013-08-29 03:00:00,,-20.897
2013-08-29 04:00:00,,-20.894
2013-08-29 05:00:00,,-20.895
2013-08-29 06:00:00,,-20.912
2013-08-29 07:00:00,,-20.917
2013-08-29 08:00:00,,-20.922
2013-08-29 09:00:00,,-20.92
2013-08-29 10:00:00,,-20.916
2013-08-29 11:00:00,,-20.918
2013-08-29 12:00:00,,-20.916
2013-08-29 13:00:00,,-20.905
2013-08-29 14:00:00,,-20.89
2013-08-29 15:00:00,,-20.898
2013-08-29 16:00:00,,-20.885
2013-08-29 17:00:00,,-20.892
2013-08-29 18:00:00,,-20.892
2013-08-29 19:00:00,,-20.908
2013-08-29 20:00:00,,-20.916
2013-08-29 21:00:00,,-20.915
2013-08-29 22:00:00,,-20.918
2013-08-29 23:00:00,,-20.917
2013-08-30 00:00:00,,-20.914
2013-08-30 01:00:00,,-20.919
2013-08-30 02:00:00,,-20.916
2013-08-30 03:00:00,,-20.913
2013-08-30 04:00:00,,-20.909
2013-08-30 05:00:00,,-20.911
2013-08-30 06:00:00,,-20.918
2013-08-30 07:00:00,,-20.918
2013-08-30 08:00:00,,-20.925
2013-08-30 09:00:00,,-20.926
2013-08-30 10:00:00,,-20.918
2013-08-30 11:00:00,,-20.919
2013-08-30 12:00:00,,-20.908
2013-08-30 13:00:00,,-20.904
2013-08-30 14:00:00,,-20.901
2013-08-30 15:00:00,,-20.89
2013-08-30 16:00:00,,-20.882
2013-08-30 17:00:00,,-20.895
2013-08-30 18:00:00,,-20.9
2013-08-30 19:00:00,,-20.907
2013-08-30 20:00:00,,-20.905
2013-08-30 21:00:00,,-20.91
2013-08-30 22:00:00,,-20.919
2013-08-30 23:00:00,,-20.91
2013-08-31 00:00:00,,-20.906
2013-08-31 01:00:00,,-20.909
2013-08-31 02:00:00,,-20.909
2013-08-31 03:00:00,,-20.904
2013-08-31 04:00:00,,-20.901
2013-08-31 05:00:00,,-20.904
2013-08-31 06:00:00,,-20.919
2013-08-31 07:00:00,,-20.92
2013-08-31 08:00:00,,-20.917
2013-08-31 09:00:00,,-20.933
2013-08-31 10:00:00,,-20.921
2013-08-31 11:00:00,,-20.923
2013-08-31 12:00:00,,-20.916
2013-08-31 13:00:00,,-20.904
2013-08-31 14:00:00,,-20.908
2013-08-31 15:00:00,,-20.899
2013-08-31 16:00:00,,-20.891
2013-08-31 17:00:00,,-20.9
2013-08-31 18:00:00,,-20.904
2013-08-31 19:00:00,,-20.912
2013-08-31 20:00:00,,-20.924
2013-08-31 21:00:00,,-20.924
2013-08-31 22:00:00,,-20.928
2013-08-31 23:00:00,,-20.931
2013-09-01 00:00:00,,-20.919
2013-09-01 01:00:00,,-20.915
2013-09-01 02:00:00,,-20.924
2013-09-01 03:00:00,,-20.917
2013-09-01 04:00:00,,-20.909
2013-09-01 05:00:00,,-20.917
2013-09-01 06:00:00,,-20.917
2013-09-01 07:00:00,,-20.923
2013-09-01 08:00:00,,-20.935
2013-09-01 09:00:00,,-20.936
2013-09-01 10:00:00,,-20.936
2013-09-01 11:00:00,,-20.926
2013-09-01 12:00:00,,-20.926
2013-09-01 13:00:00,,-20.922
2013-09-01 14:00:00,,-20.913
2013-09-01 15:00:00,,-20.909
2013-09-01 16:00:00,,-20.907
2013-09-01 17:00:00,,-20.908
2013-09-01 18:00:00,,-20.902
2013-09-01 19:00:00,,-20.914
2013-09-01 20:00:00,,-20.917
2013-09-01 21:00:00,,-20.923
2013-09-01 22:00:00,,-20.924
2013-09-01 23:00:00,,-20.926
2013-09-02 00:00:00,,-20.935
2013-09-02 01:00:00,,-20.933
2013-09-02 02:00:00,,-20.917
2013-09-02 03:00:00,,-20.925
2013-09-02 04:00:00,,-20.926
2013-09-02 05:00:00,,-20.924
2013-09-02 06:00:00,,-20.932
2013-09-02 07:00:00,,-20.936
2013-09-02 08:00:00,,-20.945
2013-09-02 09:00:00,,-20.943
2013-09-02 10:00:00,,-20.936
2013-09-02 11:00:00,,-20.941
2013-09-02 12:00:00,,-20.936
2013-09-02 13:00:00,,-20.918
2013-09-02 14:00:00,,-20.913
2013-09-02 15:00:00,,-20.904
2013-09-02 16:00:00,,-20.903
2013-09-02 17:00:00,,-20.898
2013-09-02 18:00:00,,-20.903
2013-09-02 19:00:00,,-20.91
2013-09-02 20:00:00,,-20.911
2013-09-02 21:00:00,,-20.928
2013-09-02 22:00:00,,-20.933
2013-09-02 23:00:00,,-20.921
2013-09-03 00:00:00,,-20.917
2013-09-03 01:00:00,,-20.926
2013-09-03 02:00:00,,-20.91
2013-09-03 03:00:00,,-20.917
2013-09-03 04:00:00,,-20.915
2013-09-03 05:00:00,,-20.918
2013-09-03 06:00:00,,-20.912
2013-09-03 07:00:00,,-20.923
2013-09-03 08:00:00,,-20.928
2013-09-03 09:00:00,,-20.923
2013-09-03 10:00:00,,-20.929
2013-09-03 11:00:00,,-20.93
2013-09-03 12:00:00,,-20.923
2013-09-03 13:00:00,,-20.917
2013-09-03 14:00:00,,-20.896
2013-09-03 15:00:00,,-20.889
2013-09-03 16:00:00,,-20.897
2013-09-03 17:00:00,,-20.895
2013-09-03 18:00:00,,-20.892
2013-09-03 19:00:00,,-20.911
2013-09-03 20:00:00,,-20.914
2013-09-03 21:00:00,,-20.925
2013-09-03 22:00:00,,-20.925
2013-09-03 23:00:00,,-20.918
2013-09-04 00:00:00,,-20.928
2013-09-04 01:00:00,,-20.921
2013-09-04 02:00:00,,-20.914
2013-09-04 03:00:00,,-20.913
2013-09-04 04:00:00,,-20.917
2013-09-04 05:00:00,,-20.92
2013-09-04 06:00:00,,-20.921
2013-09-04 07:00:00,,-20.919
2013-09-04 08:00:00,,-20.924
2013-09-04 09:00:00,,-20.934
2013-09-04 10:00:00,,-20.932
2013-09-04 11:00:00,,-20.928
2013-09-04 12:00:00,,-20.913
2013-09-04 13:00:00,,-20.912
2013-09-04 14:00:00,,-20.902
2013-09-04 15:00:00,,-20.893
2013-09-04 16:00:00,,-20.897
2013-09-04 17:00:00,,-20.894
2013-09-04 18:00:00,,-20.891
2013-09-04 19:00:00,,-20.905
2013-09-04 20:00:00,,-20.921
2013-09-04 21:00:00,,-20.923
2013-09-04 22:00:00,,-20.921
2013-09-04 23:00:00,,-20.931
2013-09-05 00:00:00,,-20.928
2013-09-05 01:00:00,,-20.918
2013-09-05 02:00:00,,-20.925
2013-09-05 03:00:00,,-20.921
2013-09-05 04:00:00,,-20.918
2013-09-05 05:00:00,,-20.909
2013-09-05 06:00:00,,-20.913
2013-09-05 07:00:00,,-20.915
2013-09-05 08:00:00,,-20.932
2013-09-05 09:00:00,,-20.931
2013-09-05 10:00:00,,-20.923
2013-09-05 11:00:00,,-20.921
2013-09-05 12:00:00,,-20.92
2013-09-05 13:00:00,,-20.916
2013-09-05 14:00:00,,-20.896
2013-09-05 15:00:00,,-20.897
2013-09-05 16:00:00,,-20.894
2013-09-05 17:00:00,,-20.887
2013-09-05 18:00:00,,-20.892
2013-09-05 19:00:00,,-20.912
2013-09-05 20:00:00,,-20.92
2013-09-05 21:00:00,,-20.928
2013-09-05 22:00:00,,-20.93
2013-09-05 23:00:00,,-20.919
2013-09-06 00:00:00,,-20.918
2013-09-06 01:00:00,,-20.923
2013-09-06 02:00:00,,-20.925
2013-09-06 03:00:00,,-20.91
2013-09-06 04:00:00,,-20.913
2013-09-06 05:00:00,,-20.92
2013-09-06 06:00:00,,-20.91
2013-09-06 07:00:00,,-20.923
2013-09-06 08:00:00,,-20.929
2013-09-06 09:00:00,,-20.936
2013-09-06 10:00:00,,-20.936
2013-09-06 11:00:00,,-20.932
2013-09-06 12:00:00,,-20.925
2013-09-06 13:00:00,,-20.913
2013-09-06 14:00:00,,-20.905
2013-09-06 15:00:00,,-20.886
2013-09-06 16:00:00,,-20.882
2013-09-06 17:00:00,,-20.889
2013-09-06 18:00:00,,-20.89
2013-09-06 19:00:00,,-20.895
2013-09-06 20:00:00,,-20.895
2013-09-06 21:00:00,,-20.913
2013-09-06 22:00:00,,-20.914
2013-09-06 23:00:00,,-20.92
2013-09-07 00:00:00,,-20.919
2013-09-07 01:00:00,,-20.918
2013-09-07 02:00:00,,-20.914
2013-09-07 03:00:00,,-20.911
2013-09-07 04:00:00,,-20.908
2013-09-07 05:00:00,,-20.909
2013-09-07 06:00:00,,-20.906
2013-09-07 07:00:00,,-20.921
2013-09-07 08:00:00,,-20.919
2013-09-07 09:00:00,,-20.917
2013-09-07 10:00:00,,-20.924
2013-09-07 11:00:00,,-20.922
2013-09-07 12:00:00,,-20.916
2013-09-07 13:00:00,,-20.909
2013-09-07 14:00:00,,-20.888
2013-09-07 15:00:00,,-20.888
2013-09-07 16:00:00,,-20.885
2013-09-07 17:00:00,,-20.89
2013-09-07 18:00:00,,-20.894
2013-09-07 19:00:00,,-20.897
2013-09-07 20:00:00,,-20.909
2013-09-07 21:00:00,,-20.911
2013-09-07 22:00:00,,-20.916
2013-09-07 23:00:00,,-20.921
2013-09-08 00:00:00,,-20.922
2013-09-08 01:00:00,,-20.912
2013-09-08 02:00:00,,-20.904
2013-09-08 03:00:00,,-20.907
2013-09-08 04:00:00,,-20.898
2013-09-08 05:00:00,,-20.902
2013-09-08 06:00:00,,-20.913
2013-09-08 07:00:00,,-20.912
2013-09-08 08:00:00,,-20.917
2013-09-08 09:00:00,,-20.919
2013-09-08 10:00:00,,-20.913
2013-09-08 11:00:00,,-20.921
2013-09-08 12:00:00,,-20.905
2013-09-08 13:00:00,,-20.901
2013-09-08 14:00:00,,-20.887
2013-09-08 15:00:00,,-20.89
2013-09-08 16:00:00,,-20.88
2013-09-08 17:00:00,,-20.874
2013-09-08 18:00:00,,-20.888
2013-09-08 19:00:00,,-20.89
2013-09-08 20:00:00,,-20.892
2013-09-08 21:00:00,,-20.905
2013-09-08 22:00:00,,-20.914
2013-09-08 23:00:00,,-20.906
2013-09-09 00:00:00,,-20.917
2013-09-09 01:00:00,,-20.914
2013-09-09 02:00:00,,-20.905
2013-09-09 03:00:00,,-20.9
2013-09-09 04:00:00,,-20.897
2013-09-09 05:00:00,,-20.898
2013-09-09 06:00:00,,-20.902
2013-09-09 07:00:00,,-20.904
2013-09-09 08:00:00,,-20.909
2013-09-09 09:00:00,,-20.916
2013-09-09 10:00:00,,-20.914
2013-09-09 11:00:00,,-20.91
2013-09-09 12:00:00,,-20.899
2013-09-09 13:00:00,,-20.885
2013-09-09 14:00:00,,-20.889
2013-09-09 15:00:00,,-20.872
2013-09-09 16:00:00,,-20.877
2013-09-09 17:00:00,,-20.87
2013-09-09 18:00:00,,-20.874
2013-09-09 19:00:00,,-20.883
2013-09-09 20:00:00,,-20.896
2013-09-09 21:00:00,,-20.897
2013-09-09 22:00:00,,-20.905
2013-09-09 23:00:00,,-20.9
2013-09-10 00:00:00,,-20.906
2013-09-10 01:00:00,,-20.897
2013-09-10 02:00:00,,-20.897
2013-09-10 03:00:00,,-20.887
2013-09-10 04:00:00,,-20.895
2013-09-10 05:00:00,,-20.897
2013-09-10 06:00:00,,-20.89
2013-09-10 07:00:00,,-20.897
2013-09-10 08:00:00,,-20.903
2013-09-10 09:00:00,,-20.906
2013-09-10 10:00:00,,-20.908
2013-09-10 11:00:00,,-20.905
2013-09-10 12:00:00,,-20.903
2013-09-10 13:00:00,,-20.901
2013-09-10 14:00:00,,-20.889
2013-09-10 15:00:00,,-20.878
2013-09-10 16:00:00,,-20.882
2013-09-10 17:00:00,,-20.887
2013-09-10 18:00:00,,-20.878
2013-09-10 19:00:00,,-20.89
2013-09-10 20:00:00,,-20.898
2013-09-10 21:00:00,,-20.903
2013-09-10 22:00:00,,-20.913
2013-09-10 23:00:00,,-20.905
2013-09-11 00:00:00,,-20.916
2013-09-11 01:00:00,,-20.907
2013-09-11 02:00:00,,-20.914
2013-09-11 03:00:00,,-20.903
2013-09-11 04:00:00,,-20.902
2013-09-11 05:00:00,,-20.906
2013-09-11 06:00:00,,-20.909
2013-09-11 07:00:00,,-20.92
2013-09-11 08:00:00,,-20.924
2013-09-11 09:00:00,,-20.918
2013-09-11 10:00:00,,-20.919
2013-09-11 11:00:00,,-20.92
2013-09-11 12:00:00,,-20.913
2013-09-11 13:00:00,,-20.904
2013-09-11 14:00:00,,-20.886
2013-09-11 15:00:00,,-20.88
2013-09-11 16:00:00,,-20.883
2013-09-11 17:00:00,,-20.887
2013-09-11 18:00:00,,-20.895
2013-09-11 19:00:00,,-20.894
2013-09-11 20:00:00,,-20.9
2013-09-11 21:00:00,,-20.906
2013-09-11 22:00:00,,-20.914
2013-09-11 23:00:00,,-20.908
2013-09-12 00:00:00,,-20.907
2013-09-12 01:00:00,,-20.903
2013-09-12 02:00:00,,-20.893
2013-09-12 03:00:00,,-20.895
2013-09-12 04:00:00,,-20.891
2013-09-12 05:00:00,,-20.902
2013-09-12 06:00:00,,-20.913
2013-09-12 07:00:00,,-20.915
2013-09-12 08:00:00,,-20.906
2013-09-12 09:00:00,,-20.916
2013-09-12 10:00:00,,-20.917
2013-09-12 11:00:00,,-20.917
2013-09-12 12:00:00,,-20.906
2013-09-12 13:00:00,,-20.904
2013-09-12 14:00:00,,-20.886
2013-09-12 15:00:00,,-20.89
2013-09-12 16:00:00,,-20.88
2013-09-12 17:00:00,,-20.888
2013-09-12 18:00:00,,-20.896
2013-09-12 19:00:00,,-20.89
2013-09-12 20:00:00,,-20.905
2013-09-12 21:00:00,,-20.904
2013-09-12 22:00:00,,-20.906
2013-09-12 23:00:00,,-20.913
2013-09-13 00:00:00,,-20.904
2013-09-13 01:00:00,,-20.914
2013-09-13 02:00:00,,-20.9
2013-09-13 03:00:00,,-20.899
2013-09-13 04:00:00,,-20.906
2013-09-13 05:00:00,,-20.913
2013-09-13 06:00:00,,-20.907
2013-09-13 07:00:00,,-20.911
2013-09-13 08:00:00,,-20.927
2013-09-13 09:00:00,,-20.93
2013-09-13 10:00:00,,-20.914
2013-09-13 11:00:00,,-20.917
2013-09-13 12:00:00,,-20.909
2013-09-13 13:00:00,,-20.899
2013-09-13 14:00:00,,-20.896
2013-09-13 15:00:00,,-20.889
2013-09-13 16:00:00,,-20.876
2013-09-13 17:00:00,,-20.888
2013-09-13 18:00:00,,-20.893
2013-09-13 19:00:00,,-20.898
2013-09-13 20:00:00,,-20.903
2013-09-13 21:00:00,,-20.904
2013-09-13 22:00:00,,-20.901
2013-09-13 23:00:00,,-20.906
2013-09-14 00:00:00,,-20.907
2013-09-14 01:00:00,,-20.906
2013-09-14 02:00:00,,-20.891
2013-09-14 03:00:00,,-20.89
2013-09-14 04:00:00,,-20.89
2013-09-14 05:00:00,,-20.893
2013-09-14 06:00:00,,-20.908
2013-09-14 07:00:00,,-20.914
2013-09-14 08:00:00,,-20.905
2013-09-14 09:00:00,,-20.919
2013-09-14 10:00:00,,-20.909
2013-09-14 11:00:00,,-20.91
2013-09-14 12:00:00,,-20.894
2013-09-14 13:00:00,,-20.887
2013-09-14 14:00:00,,-20.882
2013-09-14 15:00:00,,-20.864
2013-09-14 16:00:00,,-20.862
2013-09-14 17:00:00,,-20.877
2013-09-14 18:00:00,,-20.881
2013-09-14 19:00:00,,-20.888
2013-09-14 20:00:00,,-20.885
2013-09-14 21:00:00,,-20.898
2013-09-14 22:00:00,,-20.894
2013-09-14 23:00:00,,-20.907
2013-09-15 00:00:00,,-20.893
2013-09-15 01:00:00,,-20.897
2013-09-15 02:00:00,,-20.889
2013-09-15 03:00:00,,-20.892
2013-09-15 04:00:00,,-20.902
2013-09-15 05:00:00,,-20.905
2013-09-15 06:00:00,,-20.899
2013-09-15 07:00:00,,-20.905
2013-09-15 08:00:00,,-20.921
2013-09-15 09:00:00,,-20.917
2013-09-15 10:00:00,,-20.91
2013-09-15 11:00:00,,-20.903
2013-09-15 12:00:00,,-20.9
2013-09-15 13:00:00,,-20.892
2013-09-15 14:00:00,,-20.888
2013-09-15 15:00:00,,-20.87
2013-09-15 16:00:00,,-20.876
2013-09-15 17:00:00,,-20.871
2013-09-15 18:00:00,,-20.89
2013-09-15 19:00:00,,-20.898
2013-09-15 20:00:00,,-20.902
2013-09-15 21:00:00,,-20.903
2013-09-15 22:00:00,,-20.914
2013-09-15 23:00:00,,-20.915
2013-09-16 00:00:00,,-20.909
2013-09-16 01:00:00,,-20.906
2013-09-16 02:00:00,,-20.91
2013-09-16 03:00:00,,-20.898
2013-09-16 04:00:00,,-20.911
2013-09-16 05:00:00,,-20.914
2013-09-16 06:00:00,,-20.921
2013-09-16 07:00:00,,-20.915
2013-09-16 08:00:00,,-20.926
2013-09-16 09:00:00,,-20.934
2013-09-16 10:00:00,,-20.926
2013-09-16 11:00:00,,-20.916
2013-09-16 12:00:00,,-20.912
2013-09-16 13:00:00,,-20.903
2013-09-16 14:00:00,,-20.902
2013-09-16 15:00:00,,-20.896
2013-09-16 16:00:00,,-20.891
2013-09-16 17:00:00,,-20.896
2013-09-16 18:00:00,,-20.9
2013-09-16 19:00:00,,-20.904
2013-09-16 20:00:00,,-20.914
2013-09-16 21:00:00,,-20.915
2013-09-16 22:00:00,,-20.914
2013-09-16 23:00:00,,-20.913
2013-09-17 00:00:00,,-20.905
2013-09-17 01:00:00,,-20.908
2013-09-17 02:00:00,,-20.906
2013-09-17 03:00:00,,-20.898
2013-09-17 04:00:00,,-20.908
2013-09-17 05:00:00,,-20.895
2013-09-17 06:00:00,,-20.91
2013-09-17 07:00:00,,-20.911
2013-09-17 08:00:00,,-20.916
2013-09-17 09:00:00,,-20.918
2013-09-17 10:00:00,,-20.925
2013-09-17 11:00:00,,-20.908
2013-09-17 12:00:00,,-20.898
2013-09-17 13:00:00,,-20.893
2013-09-17 14:00:00,,-20.888
2013-09-17 15:00:00,,-20.87
2013-09-17 16:00:00,,-20.871
2013-09-17 17:00:00,,-20.871
2013-09-17 18:00:00,,-20.868
2013-09-17 19:00:00,,-20.881
2013-09-17 20:00:00,,-20.89
2013-09-17 21:00:00,,-20.889
2013-09-17 22:00:00,,-20.899
2013-09-17 23:00:00,,-20.904
2013-09-18 00:00:00,,-20.902
2013-09-18 01:00:00,,-20.889
2013-09-18 02:00:00,,-20.885
2013-09-18 03:00:00,,-20.891
2013-09-18 04:00:00,,-20.895
2013-09-18 05:00:00,,-20.892
2013-09-18 06:00:00,,-20.89
2013-09-18 07:00:00,,-20.912
2013-09-18 08:00:00,,-20.917
2013-09-18 09:00:00,,-20.923
2013-09-18 10:00:00,,-20.925
2013-09-18 11:00:00,,-20.926
2013-09-18 12:00:00,,-20.915
2013-09-18 13:00:00,,-20.91
2013-09-18 14:00:00,,-20.893
2013-09-18 15:00:00,,-20.878
2013-09-18 16:00:00,,-20.88
2013-09-18 17:00:00,,-20.882
2013-09-18 18:00:00,,-20.883
2013-09-18 19:00:00,,-20.887
2013-09-18 20:00:00,,-20.897
2013-09-18 21:00:00,,-20.91
2013-09-18 22:00:00,,-20.905
2013-09-18 23:00:00,,-20.915
2013-09-19 00:00:00,,-20.91
2013-09-19 01:00:00,,-20.906
2013-09-19 02:00:00,,-20.914
2013-09-19 03:00:00,,-20.909
2013-09-19 04:00:00,,-20.902
2013-09-19 05:00:00,,-20.904
2013-09-19 06:00:00,,-20.907
2013-09-19 07:00:00,,-20.918
2013-09-19 08:00:00,,-20.924
2013-09-19 09:00:00,,-20.927
2013-09-19 10:00:00,,-20.921
2013-09-19 11:00:00,,-20.922
2013-09-19 12:00:00,,-20.916
2013-09-19 13:00:00,,-20.905
2013-09-19 14:00:00,,-20.889
2013-09-19 15:00:00,,-20.888
2013-09-19 16:00:00,,-20.886
2013-09-19 17:00:00,,-20.887
2013-09-19 18:00:00,,-20.883
2013-09-19 19:00:00,,-20.891
2013-09-19 20:00:00,,-20.911
2013-09-19 21:00:00,,-20.912
2013-09-19 22:00:00,,-20.916
2013-09-19 23:00:00,,-20.923
2013-09-20 00:00:00,,-20.916
2013-09-20 01:00:00,,-20.916
2013-09-20 02:00:00,,-20.913
2013-09-20 03:00:00,,-20.903
2013-09-20 04:00:00,,-20.902
2013-09-20 05:00:00,,-20.916
2013-09-20 06:00:00,,-20.91
2013-09-20 07:00:00,,-20.918
2013-09-20 08:00:00,,-20.916
2013-09-20 09:00:00,,-20.933
2013-09-20 10:00:00,,-20.928
2013-09-20 11:00:00,,-20.925
2013-09-20 12:00:00,,-20.921
2013-09-20 13:00:00,,-20.9
2013-09-20 14:00:00,,-20.896
2013-09-20 15:00:00,,-20.886
2013-09-20 16:00:00,,-20.882
2013-09-20 17:00:00,,-20.875
2013-09-20 18:00:00,,-20.884
2013-09-20 19:00:00,,-20.883
2013-09-20 20:00:00,,-20.902
2013-09-20 21:00:00,,-20.903
2013-09-20 22:00:00,,-20.903
2013-09-20 23:00:00,,-20.909
2013-09-21 00:00:00,,-20.903
2013-09-21 01:00:00,,-20.912
2013-09-21 02:00:00,,-20.908
2013-09-21 03:00:00,,-20.905
2013-09-21 04:00:00,,-20.902
2013-09-21 05:00:00,,-20.903
2013-09-21 06:00:00,,-20.912
2013-09-21 07:00:00,,-20.907
2013-09-21 08:00:00,,-20.913
2013-09-21 09:00:00,,-20.928
2013-09-21 10:00:00,,-20.915
2013-09-21 11:00:00,,-20.92
2013-09-21 12:00:00,,-20.907
2013-09-21 13:00:00,,-20.891
2013-09-21 14:00:00,,-20.895
2013-09-21 15:00:00,,-20.885
2013-09-21 16:00:00,,-20.88
2013-09-21 17:00:00,,-20.884
2013-09-21 18:00:00,,-20.876
2013-09-21 19:00:00,,-20.892
2013-09-21 20:00:00,,-20.893
2013-09-21 21:00:00,,-20.904
2013-09-21 22:00:00,,-20.902
2013-09-21 23:00:00,,-20.897
2013-09-22 00:00:00,,-20.897
2013-09-22 01:00:00,,-20.894
2013-09-22 02:00:00,,-20.904
2013-09-22 03:00:00,,-20.898
2013-09-22 04:00:00,,-20.893
2013-09-22 05:00:00,,-20.9
2013-09-22 06:00:00,,-20.907
2013-09-22 07:00:00,,-20.91
2013-09-22 08:00:00,,-20.908
2013-09-22 09:00:00,,-20.915
2013-09-22 10:00:00,,-20.919
2013-09-22 11:00:00,,-20.907
2013-09-22 12:00:00,,-20.905
2013-09-22 13:00:00,,-20.891
2013-09-22 14:00:00,,-20.888
2013-09-22 15:00:00,,-20.882
2013-09-22 16:00:00,,-20.873
2013-09-22 17:00:00,,-20.868
2013-09-22 18:00:00,,-20.88
2013-09-22 19:00:00,,-20.88
2013-09-22 20:00:00,,-20.89
2013-09-22 21:00:00,,-20.885
2013-09-22 22:00:00,,-20.889
2013-09-22 23:00:00,,-20.889
2013-09-23 00:00:00,,-20.9
2013-09-23 01:00:00,,-20.893
2013-09-23 02:00:00,,-20.891
2013-09-23 03:00:00,,-20.894
2013-09-23 04:00:00,,-20.882
2013-09-23 05:00:00,,-20.881
2013-09-23 06:00:00,,-20.892
2013-09-23 07:00:00,,-20.905
2013-09-23 08:00:00,,-20.915
2013-09-23 09:00:00,,-20.917
2013-09-23 10:00:00,,-20.914
2013-09-23 11:00:00,,-20.903
2013-09-23 12:00:00,,-20.904
2013-09-23 13:00:00,,-20.882
2013-09-23 14:00:00,,-20.886
2013-09-23 15:00:00,,-20.874
2013-09-23 16:00:00,,-20.865
2013-09-23 17:00:00,,-20.868
2013-09-23 18:00:00,,-20.872
2013-09-23 19:00:00,,-20.883
2013-09-23 20:00:00,,-20.895
2013-09-23 21:00:00,,-20.897
2013-09-23 22:00:00,,-20.904
2013-09-23 23:00:00,,-20.905
2013-09-24 00:00:00,,-20.902
2013-09-24 01:00:00,,-20.896
2013-09-24 02:00:00,,-20.894
2013-09-24 03:00:00,,-20.898
2013-09-24 04:00:00,,-20.889
2013-09-24 05:00:00,,-20.897
2013-09-24 06:00:00,,-20.906
2013-09-24 07:00:00,,-20.91
2013-09-24 08:00:00,,-20.905
2013-09-24 09:00:00,,-20.918
2013-09-24 10:00:00,,-20.917
2013-09-24 11:00:00,,-20.911
2013-09-24 12:00:00,,-20.906
2013-09-24 13:00:00,,-20.9
2013-09-24 14:00:00,,-20.898
2013-09-24 15:00:00,,-20.888
2013-09-24 16:00:00,,-20.878
2013-09-24 17:00:00,,-20.885
2013-09-24 18:00:00,,-20.887
2013-09-24 19:00:00,,-20.89
2013-09-24 20:00:00,,-20.901
2013-09-24 21:00:00,,-20.91
2013-09-24 22:00:00,,-20.911
2013-09-24 23:00:00,,-20.91
2013-09-25 00:00:00,,-20.904
2013-09-25 01:00:00,,-20.9
2013-09-25 02:00:00,,-20.909
2013-09-25 03:00:00,,-20.902
2013-09-25 04:00:00,,-20.9
2013-09-25 05:00:00,,-20.904
2013-09-25 06:00:00,,-20.909
2013-09-25 07:00:00,,-20.91
2013-09-25 08:00:00,,-20.92
2013-09-25 09:00:00,,-20.923
2013-09-25 10:00:00,,-20.919
2013-09-25 11:00:00,,-20.919
2013-09-25 12:00:00,,-20.902
2013-09-25 13:00:00,,-20.906
2013-09-25 14:00:00,,-20.896
2013-09-25 15:00:00,,-20.88
2013-09-25 16:00:00,,-20.889
2013-09-25 17:00:00,,-20.884
2013-09-25 18:00:00,,-20.891
2013-09-25 19:00:00,,-20.897
2013-09-25 20:00:00,,-20.903
2013-09-25 21:00:00,,-20.905
2013-09-25 22:00:00,,-20.914
2013-09-25 23:00:00,,-20.909
2013-09-26 00:00:00,,-20.902
2013-09-26 01:00:00,,-20.913
2013-09-26 02:00:00,,-20.912
2013-09-26 03:00:00,,-20.9
2013-09-26 04:00:00,,-20.901
2013-09-26 05:00:00,,-20.912
2013-09-26 06:00:00,,-20.92
2013-09-26 07:00:00,,-20.924
2013-09-26 08:00:00,,-20.917
2013-09-26 09:00:00,,-20.933
2013-09-26 10:00:00,,-20.923
2013-09-26 11:00:00,,-20.921
2013-09-26 12:00:00,,-20.918
2013-09-26 13:00:00,,-20.915
2013-09-26 14:00:00,,-20.903
2013-09-26 15:00:00,,-20.89
2013-09-26 16:00:00,,-20.901
2013-09-26 17:00:00,,-20.897
2013-09-26 18:00:00,,-20.888
2013-09-26 19:00:00,,-20.904
2013-09-26 20:00:00,,-20.91
2013-09-26 21:00:00,,-20.901
2013-09-26 22:00:00,,-20.914
2013-09-26 23:00:00,,-20.911
2013-09-27 00:00:00,,-20.904
2013-09-27 01:00:00,,-20.902
2013-09-27 02:00:00,,-20.897
2013-09-27 03:00:00,,-20.897
2013-09-27 04:00:00,,-20.899
2013-09-27 05:00:00,,-20.898
2013-09-27 06:00:00,,-20.908
2013-09-27 07:00:00,,-20.914
2013-09-27 08:00:00,,-20.921
2013-09-27 09:00:00,,-20.918
2013-09-27 10:00:00,,-20.914
2013-09-27 11:00:00,,-20.903
2013-09-27 12:00:00,,-20.904
2013-09-27 13:00:00,,-20.896
2013-09-27 14:00:00,,-20.895
2013-09-27 15:00:00,,-20.881
2013-09-27 16:00:00,,-20.883
2013-09-27 17:00:00,,-20.885
2013-09-27 18:00:00,,-20.889
2013-09-27 19:00:00,,-20.894
2013-09-27 20:00:00,,-20.9
2013-09-27 21:00:00,,-20.911
2013-09-27 22:00:00,,-20.902
2013-09-27 23:00:00,,-20.908
2013-09-28 00:00:00,,-20.903
2013-09-28 01:00:00,,-20.892
2013-09-28 02:00:00,,-20.901
2013-09-28 03:00:00,,-20.893
2013-09-28 04:00:00,,-20.897
2013-09-28 05:00:00,,-20.896
2013-09-28 06:00:00,,-20.897
2013-09-28 07:00:00,,-20.916
2013-09-28 08:00:00,,-20.926
2013-09-28 09:00:00,,-20.93
2013-09-28 10:00:00,,-20.933
2013-09-28 11:00:00,,-20.923
2013-09-28 12:00:00,,-20.925
2013-09-28 13:00:00,,-20.915
2013-09-28 14:00:00,,-20.916
2013-09-28 15:00:00,,-20.909
2013-09-28 16:00:00,,-20.9
2013-09-28 17:00:00,,-20.903
2013-09-28 18:00:00,,-20.891
2013-09-28 19:00:00,,-20.898
2013-09-28 20:00:00,,-20.908
2013-09-28 21:00:00,,-20.916
2013-09-28 22:00:00,,-20.91
2013-09-28 23:00:00,,-20.901
2013-09-29 00:00:00,,-20.907
2013-09-29 01:00:00,,-20.9
2013-09-29 02:00:00,,-20.902
2013-09-29 03:00:00,,-20.893
2013-09-29 04:00:00,,-20.881
2013-09-29 05:00:00,,-20.885
2013-09-29 06:00:00,,-20.892
2013-09-29 07:00:00,,-20.908
2013-09-29 08:00:00,,-20.908
2013-09-29 09:00:00,,-20.91
2013-09-29 10:00:00,,-20.916
2013-09-29 11:00:00,,-20.908
2013-09-29 12:00:00,,-20.906
2013-09-29 13:00:00,,-20.899
2013-09-29 14:00:00,,-20.881
2013-09-29 15:00:00,,-20.876
2013-09-29 16:00:00,,-20.873
2013-09-29 17:00:00,,-20.876
2013-09-29 18:00:00,,-20.887
2013-09-29 19:00:00,,-20.883
2013-09-29 20:00:00,,-20.898
2013-09-29 21:00:00,,-20.895
2013-09-29 22:00:00,,-20.911
2013-09-29 23:00:00,,-20.91
2013-09-30 00:00:00,,-20.895
2013-09-30 01:00:00,,-20.897
2013-09-30 02:00:00,,-20.899
2013-09-30 03:00:00,,-20.889
2013-09-30 04:00:00,,-20.889
2013-09-30 05:00:00,,-20.887
2013-09-30 06:00:00,,-20.89
2013-09-30 07:00:00,,-20.905
2013-09-30 08:00:00,,-20.906
2013-09-30 09:00:00,,-20.899
2013-09-30 10:00:00,,-20.9
2013-09-30 11:00:00,,-20.896
2013-09-30 12:00:00,,-20.895
2013-09-30 13:00:00,,-20.88
2013-09-30 14:00:00,,-20.883
2013-09-30 15:00:00,,-20.865
2013-09-30 16:00:00,,-20.875
2013-09-30 17:00:00,,-20.866
2013-09-30 18:00:00,,-20.875
2013-09-30 19:00:00,,-20.886
2013-09-30 20:00:00,,-20.888
2013-09-30 21:00:00,,-20.889
2013-09-30 22:00:00,,-20.901
2013-09-30 23:00:00,,-20.906
2013-10-01 00:00:00,,-20.9
2013-10-01 01:00:00,,-20.895
2013-10-01 02:00:00,,-20.893
2013-10-01 03:00:00,,-20.886
2013-10-01 04:00:00,,-20.886
2013-10-01 05:00:00,,-20.883
2013-10-01 06:00:00,,-20.89
2013-10-01 07:00:00,,-20.897
2013-10-01 08:00:00,,-20.913
2013-10-01 09:00:00,,-20.918
2013-10-01 10:00:00,,-20.916
2013-10-01 11:00:00,,-20.92
2013-10-01 12:00:00,,-20.914
2013-10-01 13:00:00,,-20.9
2013-10-01 14:00:00,,-20.903
2013-10-01 15:00:00,,-20.892
2013-10-01 16:00:00,,-20.89
2013-10-01 17:00:00,,-20.897
2013-10-01 18:00:00,,-20.892
2013-10-01 19:00:00,,-20.905
2013-10-01 20:00:00,,-20.913
2013-10-01 21:00:00,,-20.912
2013-10-01 22:00:00,,-20.916
2013-10-01 23:00:00,,-20.922
2013-10-02 00:00:00,,-20.918
2013-10-02 01:00:00,,-20.911
2013-10-02 02:00:00,,-20.901
2013-10-02 03:00:00,,-20.902
2013-10-02 04:00:00,,-20.902
2013-10-02 05:00:00,,-20.908
2013-10-02 06:00:00,,-20.919
2013-10-02 07:00:00,,-20.915
2013-10-02 08:00:00,,-20.928
2013-10-02 09:00:00,,-20.93
2013-10-02 10:00:00,,-20.921
2013-10-02 11:00:00,,-20.921
2013-10-02 12:00:00,,-20.916
2013-10-02 13:00:00,,-20.91
2013-10-02 14:00:00,,-20.896
2013-10-02 15:00:00,,-20.889
2013-10-02 16:00:00,,-20.878
2013-10-02 17:00:00,,-20.884
2013-10-02 18:00:00,,-20.881
2013-10-02 19:00:00,,-20.894
2013-10-02 20:00:00,,-20.904
2013-10-02 21:00:00,,-20.912
2013-10-02 22:00:00,,-20.921
2013-10-02 23:00:00,,-20.924
2013-10-03 00:00:00,,-20.922
2013-10-03 01:00:00,,-20.913
2013-10-03 02:00:00,,-20.914
2013-10-03 03:00:00,,-20.908
2013-10-03 04:00:00,,-20.906
2013-10-03 05:00:00,,-20.913
2013-10-03 06:00:00,,-20.917
2013-10-03 07:00:00,,-20.914
2013-10-03 08:00:00,,-20.919
2013-10-03 09:00:00,,-20.929
2013-10-03 10:00:00,,-20.931
2013-10-03 11:00:00,,-20.916
2013-10-03 12:00:00,,-20.915
2013-10-03 13:00:00,,-20.906
2013-10-03 14:00:00,,-20.9
2013-10-03 15:00:00,,-20.89
2013-10-03 16:00:00,,-20.886
2013-10-03 17:00:00,,-20.891
2013-10-03 18:00:00,,-20.895
2013-10-03 19:00:00,,-20.903
2013-10-03 20:00:00,,-20.909
2013-10-03 21:00:00,,-20.914
2013-10-03 22:00:00,,-20.923
2013-10-03 23:00:00,,-20.916
2013-10-04 00:00:00,,-20.909
2013-10-04 01:00:00,,-20.909
2013-10-04 02:00:00,,-20.895
2013-10-04 03:00:00,,-20.892
2013-10-04 04:00:00,,-20.897
2013-10-04 05:00:00,,-20.899
2013-10-04 06:00:00,,-20.907
2013-10-04 07:00:00,,-20.901
2013-10-04 08:00:00,,-20.916
2013-10-04 09:00:00,,-20.912
2013-10-04 10:00:00,,-20.909
2013-10-04 11:00:00,,-20.911
2013-10-04 12:00:00,,-20.908
2013-10-04 13:00:00,,-20.892
2013-10-04 14:00:00,,-20.874
2013-10-04 15:00:00,,-20.873
2013-10-04 16:00:00,,-20.874
2013-10-04 17:00:00,,-20.864
2013-10-04 18:00:00,,-20.868
2013-10-04 19:00:00,,-20.886
2013-10-04 20:00:00,,-20.889
2013-10-04 21:00:00,,-20.896
2013-10-04 22:00:00,,-20.905
2013-10-04 23:00:00,,-20.905
2013-10-05 00:00:00,,-20.898
2013-10-05 01:00:00,,-20.889
2013-10-05 02:00:00,,-20.884
2013-10-05 03:00:00,,-20.887
2013-10-05 04:00:00,,-20.88
2013-10-05 05:00:00,,-20.887
2013-10-05 06:00:00,,-20.894
2013-10-05 07:00:00,,-20.891
2013-10-05 08:00:00,,-20.896
2013-10-05 09:00:00,,-20.9
2013-10-05 10:00:00,,-20.911
2013-10-05 11:00:00,,-20.906
2013-10-05 12:00:00,,-20.896
2013-10-05 13:00:00,,-20.886
2013-10-05 14:00:00,,-20.871
2013-10-05 15:00:00,,-20.874
2013-10-05 16:00:00,,-20.865
2013-10-05 17:00:00,,-20.865
2013-10-05 18:00:00,,-20.861
2013-10-05 19:00:00,,-20.879
2013-10-05 20:00:00,,-20.875
2013-10-05 21:00:00,,-20.887
2013-10-05 22:00:00,,-20.895
2013-10-05 23:00:00,,-20.894
2013-10-06 00:00:00,,-20.894
2013-10-06 01:00:00,,-20.893
2013-10-06 02:00:00,,-20.894
2013-10-06 03:00:00,,-20.886
2013-10-06 04:00:00,,-20.889
2013-10-06 05:00:00,,-20.893
2013-10-06 06:00:00,,-20.887
2013-10-06 07:00:00,,-20.892
2013-10-06 08:00:00,,-20.907
2013-10-06 09:00:00,,-20.907
2013-10-06 10:00:00,,-20.91
2013-10-06 11:00:00,,-20.894
2013-10-06 12:00:00,,-20.892
2013-10-06 13:00:00,,-20.885
2013-10-06 14:00:00,,-20.87
2013-10-06 15:00:00,,-20.875
2013-10-06 16:00:00,,-20.867
2013-10-06 17:00:00,,-20.869
2013-10-06 18:00:00,,-20.871
2013-10-06 19:00:00,,-20.878
2013-10-06 20:00:00,,-20.889
2013-10-06 21:00:00,,-20.896
2013-10-06 22:00:00,,-20.895
2013-10-06 23:00:00,,-20.894
2013-10-07 00:00:00,,-20.889
2013-10-07 01:00:00,,-20.892
2013-10-07 02:00:00,,-20.891
2013-10-07 03:00:00,,-20.887
2013-10-07 04:00:00,,-20.886
2013-10-07 05:00:00,,-20.881
2013-10-07 06:00:00,,-20.894
2013-10-07 07:00:00,,-20.899
2013-10-07 08:00:00,,-20.903
2013-10-07 09:00:00,,-20.909
2013-10-07 10:00:00,,-20.909
2013-10-07 11:00:00,,-20.893
2013-10-07 12:00:00,,-20.896
2013-10-07 13:00:00,,-20.881
2013-10-07 14:00:00,,-20.883
2013-10-07 15:00:00,,-20.882
2013-10-07 16:00:00,,-20.878
2013-10-07 17:00:00,,-20.865
2013-10-07 18:00:00,,-20.88
2013-10-07 19:00:00,,-20.875
2013-10-07 20:00:00,,-20.888
2013-10-07 21:00:00,,-20.896
2013-10-07 22:00:00,,-20.9
2013-10-07 23:00:00,,-20.907
2013-10-08 00:00:00,,-20.896
2013-10-08 01:00:00,,-20.902
2013-10-08 02:00:00,,-20.892
2013-10-08 03:00:00,,-20.9
2013-10-08 04:00:00,,-20.899
2013-10-08 05:00:00,,-20.9
2013-10-08 06:00:00,,-20.902
2013-10-08 07:00:00,,-20.908
2013-10-08 08:00:00,,-20.921
2013-10-08 09:00:00,,-20.918
2013-10-08 10:00:00,,-20.916
2013-10-08 11:00:00,,-20.912
2013-10-08 12:00:00,,-20.906
2013-10-08 13:00:00,,-20.897
2013-10-08 14:00:00,,-20.893
2013-10-08 15:00:00,,-20.886
2013-10-08 16:00:00,,-20.878
2013-10-08 17:00:00,,-20.883
2013-10-08 18:00:00,,-20.885
2013-10-08 19:00:00,,-20.884
2013-10-08 20:00:00,,-20.885
2013-10-08 21:00:00,,-20.891
2013-10-08 22:00:00,,-20.906
2013-10-08 23:00:00,,-20.904
2013-10-09 00:00:00,,-20.909
2013-10-09 01:00:00,,-20.901
2013-10-09 02:00:00,,-20.899
2013-10-09 03:00:00,,-20.895
2013-10-09 04:00:00,,-20.898
2013-10-09 05:00:00,,-20.901
2013-10-09 06:00:00,,-20.897
2013-10-09 07:00:00,,-20.905
2013-10-09 08:00:00,,-20.909
2013-10-09 09:00:00,,-20.902
2013-10-09 10:00:00,,-20.908
2013-10-09 11:00:00,,-20.899
2013-10-09 12:00:00,,-20.894
2013-10-09 13:00:00,,-20.889
2013-10-09 14:00:00,,-20.874
2013-10-09 15:00:00,,-20.88
2013-10-09 16:00:00,,-20.865
2013-10-09 17:00:00,,-20.872
2013-10-09 18:00:00,,-20.868
2013-10-09 19:00:00,,-20.879
2013-10-09 20:00:00,,-20.884
2013-10-09 21:00:00,,-20.889
2013-10-09 22:00:00,,-20.892
2013-10-09 23:00:00,,-20.893
2013-10-10 00:00:00,,-20.89
2013-10-10 01:00:00,,-20.896
2013-10-10 02:00:00,,-20.89
2013-10-10 03:00:00,,-20.882
2013-10-10 04:00:00,,-20.894
2013-10-10 05:00:00,,-20.89
2013-10-10 06:00:00,,-20.887
2013-10-10 07:00:00,,-20.897
2013-10-10 08:00:00,,-20.885
2013-10-10 09:00:00,,-20.88
2013-10-10 10:00:00,,-20.878
2013-10-10 11:00:00,,-20.876
2013-10-10 12:00:00,,-20.878
2013-10-10 13:00:00,,-20.866
2013-10-10 14:00:00,,-20.861
2013-10-10 15:00:00,,-20.86
2013-10-10 16:00:00,,-20.855
2013-10-10 17:00:00,,-20.862
2013-10-10 18:00:00,,-20.866
2013-10-10 19:00:00,,-20.868
2013-10-10 20:00:00,,-20.872
2013-10-10 21:00:00,,-20.882
2013-10-10 22:00:00,,-20.891
2013-10-10 23:00:00,,-20.894
2013-10-11 00:00:00,,-20.895
2013-10-11 01:00:00,,-20.896
2013-10-11 02:00:00,,-20.901
2013-10-11 03:00:00,,-20.887
2013-10-11 04:00:00,,-20.895
2013-10-11 05:00:00,,-20.902
2013-10-11 06:00:00,,-20.905
2013-10-11 07:00:00,,-20.896
2013-10-11 08:00:00,,-20.91
2013-10-11 09:00:00,,-20.902
2013-10-11 10:00:00,,-20.9
2013-10-11 11:00:00,,-20.886
2013-10-11 12:00:00,,-20.886
2013-10-11 13:00:00,,-20.872
2013-10-11 14:00:00,,-20.873
2013-10-11 15:00:00,,-20.867
2013-10-11 16:00:00,,-20.857
2013-10-11 17:00:00,,-20.867
2013-10-11 18:00:00,,-20.87
2013-10-11 19:00:00,,-20.872
2013-10-11 20:00:00,,-20.875
2013-10-11 21:00:00,,-20.887
2013-10-11 22:00:00,,-20.878
2013-10-11 23:00:00,,-20.887
2013-10-12 00:00:00,,-20.882
2013-10-12 01:00:00,,-20.875
2013-10-12 02:00:00,,-20.869
2013-10-12 03:00:00,,-20.87
2013-10-12 04:00:00,,-20.874
2013-10-12 05:00:00,,-20.876
2013-10-12 06:00:00,,-20.876
2013-10-12 07:00:00,,-20.876
2013-10-12 08:00:00,,-20.891
2013-10-12 09:00:00,,-20.888
2013-10-12 10:00:00,,-20.88
2013-10-12 11:00:00,,-20.882
2013-10-12 12:00:00,,-20.874
2013-10-12 13:00:00,,-20.867
2013-10-12 14:00:00,,-20.859
2013-10-12 15:00:00,,-20.854
2013-10-12 16:00:00,,-20.856
2013-10-12 17:00:00,,-20.846
2013-10-12 18:00:00,,-20.863
2013-10-12 19:00:00,,-20.872
2013-10-12 20:00:00,,-20.879
2013-10-12 21:00:00,,-20.88
2013-10-12 22:00:00,,-20.877
2013-10-12 23:00:00,,-20.874
2013-10-13 00:00:00,,-20.874
2013-10-13 01:00:00,,-20.872
2013-10-13 02:00:00,,-20.874
2013-10-13 03:00:00,,-20.867
2013-10-13 04:00:00,,-20.869
2013-10-13 05:00:00,,-20.877
2013-10-13 06:00:00,,-20.88
2013-10-13 07:00:00,,-20.881
2013-10-13 08:00:00,,-20.89
2013-10-13 09:00:00,,-20.889
2013-10-13 10:00:00,,-20.906
2013-10-13 11:00:00,,-20.902
2013-10-13 12:00:00,,-20.904
2013-10-13 13:00:00,,-20.886
2013-10-13 14:00:00,,-20.88
2013-10-13 15:00:00,,-20.88
2013-10-13 16:00:00,,-20.885
2013-10-13 17:00:00,,-20.893
2013-10-13 18:00:00,,-20.9
2013-10-13 19:00:00,,-20.891
2013-10-13 20:00:00,,-20.899
2013-10-13 21:00:00,,-20.912
2013-10-13 22:00:00,,-20.914
2013-10-13 23:00:00,,-20.909
2013-10-14 00:00:00,,-20.907
2013-10-14 01:00:00,,-20.909
2013-10-14 02:00:00,,-20.911
2013-10-14 03:00:00,,-20.902
2013-10-14 04:00:00,,-20.892
2013-10-14 05:00:00,,-20.9
2013-10-14 06:00:00,,-20.91
2013-10-14 07:00:00,,-20.917
2013-10-14 08:00:00,,-20.922
2013-10-14 09:00:00,,-20.933
2013-10-14 10:00:00,,-20.913
2013-10-14 11:00:00,,-20.916
2013-10-14 12:00:00,,-20.901
2013-10-14 13:00:00,,-20.887
2013-10-14 14:00:00,,-20.873
2013-10-14 15:00:00,,-20.879
2013-10-14 16:00:00,,-20.866
2013-10-14 17:00:00,,-20.876
2013-10-14 18:00:00,,-20.886
2013-10-14 19:00:00,,-20.886
2013-10-14 20:00:00,,-20.897
2013-10-14 21:00:00,,-20.9
2013-10-14 22:00:00,,-20.898
2013-10-14 23:00:00,,-20.902
2013-10-15 00:00:00,,-20.89
2013-10-15 01:00:00,,-20.896
2013-10-15 02:00:00,,-20.891
2013-10-15 03:00:00,,-20.878
2013-10-15 04:00:00,,-20.881
2013-10-15 05:00:00,,-20.894
2013-10-15 06:00:00,,-20.901
2013-10-15 07:00:00,,-20.893
2013-10-15 08:00:00,,-20.906
2013-10-15 09:00:00,,-20.914
2013-10-15 10:00:00,,-20.899
2013-10-15 11:00:00,,-20.891
2013-10-15 12:00:00,,-20.887
2013-10-15 13:00:00,,-20.879
2013-10-15 14:00:00,,-20.871
2013-10-15 15:00:00,,-20.857
2013-10-15 16:00:00,,-20.868
2013-10-15 17:00:00,,-20.869
2013-10-15 18:00:00,,-20.872
2013-10-15 19:00:00,,-20.866
2013-10-15 20:00:00,,-20.87
2013-10-15 21:00:00,,-20.883
2013-10-15 22:00:00,,-20.888
2013-10-15 23:00:00,,-20.892
2013-10-16 00:00:00,,-20.891
2013-10-16 01:00:00,,-20.887
2013-10-16 02:00:00,,-20.883
2013-10-16 03:00:00,,-20.882
2013-10-16 04:00:00,,-20.872
2013-10-16 05:00:00,,-20.881
2013-10-16 06:00:00,,-20.89
2013-10-16 07:00:00,,-20.888
2013-10-16 08:00:00,,-20.897
2013-10-16 09:00:00,,-20.896
2013-10-16 10:00:00,,-20.895
2013-10-16 11:00:00,,-20.883
2013-10-16 12:00:00,,-20.865
2013-10-16 13:00:00,,-20.853
2013-10-16 14:00:00,,-20.855
2013-10-16 15:00:00,,-20.839
2013-10-16 16:00:00,,-20.85
2013-10-16 17:00:00,,-20.847
2013-10-16 18:00:00,,-20.847
2013-10-16 19:00:00,,-20.868
2013-10-16 20:00:00,,-20.87
2013-10-16 21:00:00,,-20.877
2013-10-16 22:00:00,,-20.873
2013-10-16 23:00:00,,-20.873
2013-10-17 00:00:00,,-20.868
2013-10-17 01:00:00,,-20.874
2013-10-17 02:00:00,,-20.865
2013-10-17 03:00:00,,-20.865
2013-10-17 04:00:00,,-20.855
2013-10-17 05:00:00,,-20.869
2013-10-17 06:00:00,,-20.866
2013-10-17 07:00:00,,-20.887
2013-10-17 08:00:00,,-20.895
2013-10-17 09:00:00,,-20.906
2013-10-17 10:00:00,,-20.895
2013-10-17 11:00:00,,-20.891
2013-10-17 12:00:00,,-20.89
2013-10-17 13:00:00,,-20.875
2013-10-17 14:00:00,,-20.877
2013-10-17 15:00:00,,-20.872
2013-10-17 16:00:00,,-20.867
2013-10-17 17:00:00,,-20.86
2013-10-17 18:00:00,,-20.871
2013-10-17 19:00:00,,-20.88
2013-10-17 20:00:00,,-20.885
2013-10-17 21:00:00,,-20.899
2013-10-17 22:00:00,,-20.903
2013-10-17 23:00:00,,-20.899
2013-10-18 00:00:00,,-20.892
2013-10-18 01:00:00,,-20.896
2013-10-18 02:00:00,,-20.891
2013-10-18 03:00:00,,-20.892
2013-10-18 04:00:00,,-20.893
2013-10-18 05:00:00,,-20.892
2013-10-18 06:00:00,,-20.894
2013-10-18 07:00:00,,-20.905
2013-10-18 08:00:00,,-20.907
2013-10-18 09:00:00,,-20.901
2013-10-18 10:00:00,,-20.909
2013-10-18 11:00:00,,-20.903
2013-10-18 12:00:00,,-20.898
2013-10-18 13:00:00,,-20.883
2013-10-18 14:00:00,,-20.864
2013-10-18 15:00:00,,-20.869
2013-10-18 16:00:00,,-20.85
2013-10-18 17:00:00,,-20.848
2013-10-18 18:00:00,,-20.854
2013-10-18 19:00:00,,-20.868
2013-10-18 20:00:00,,-20.881
2013-10-18 21:00:00,,-20.882
2013-10-18 22:00:00,,-20.894
2013-10-18 23:00:00,,-20.886
2013-10-19 00:00:00,,-20.896
2013-10-19 01:00:00,,-20.892
2013-10-19 02:00:00,,-20.885
2013-10-19 03:00:00,,-20.881
2013-10-19 04:00:00,,-20.87
2013-10-19 05:00:00,,-20.87
2013-10-19 06:00:00,,-20.872
2013-10-19 07:00:00,,-20.882
2013-10-19 08:00:00,,-20.888
2013-10-19 09:00:00,,-20.889
2013-10-19 10:00:00,,-20.892
2013-10-19 11:00:00,,-20.882
2013-10-19 12:00:00,,-20.873
2013-10-19 13:00:00,,-20.871
2013-10-19 14:00:00,,-20.856
2013-10-19 15:00:00,,-20.848
2013-10-19 16:00:00,,-20.853
2013-10-19 17:00:00,,-20.845
2013-10-19 18:00:00,,-20.849
2013-10-19 19:00:00,,-20.849
2013-10-19 20:00:00,,-20.87
2013-10-19 21:00:00,,-20.873
2013-10-19 22:00:00,,-20.871
2013-10-19 23:00:00,,-20.885
2013-10-20 00:00:00,,-20.88
2013-10-20 01:00:00,,-20.877
2013-10-20 02:00:00,,-20.866
2013-10-20 03:00:00,,-20.866
2013-10-20 04:00:00,,-20.87
2013-10-20 05:00:00,,-20.872
2013-10-20 06:00:00,,-20.879
2013-10-20 07:00:00,,-20.872
2013-10-20 08:00:00,,-20.883
2013-10-20 09:00:00,,-20.883
2013-10-20 10:00:00,,-20.885
2013-10-20 11:00:00,,-20.873
2013-10-20 12:00:00,,-20.861
2013-10-20 13:00:00,,-20.857
2013-10-20 14:00:00,,-20.851
2013-10-20 15:00:00,,-20.851
2013-10-20 16:00:00,,-20.841
2013-10-20 17:00:00,,-20.847
2013-10-20 18:00:00,,-20.847
2013-10-20 19:00:00,,-20.852
2013-10-20 20:00:00,,-20.86
2013-10-20 21:00:00,,-20.868
2013-10-20 22:00:00,,-20.876
2013-10-20 23:00:00,,-20.866
2013-10-21 00:00:00,,-20.876
2013-10-21 01:00:00,,-20.869
2013-10-21 02:00:00,,-20.858
2013-10-21 03:00:00,,-20.858
2013-10-21 04:00:00,,-20.868
2013-10-21 05:00:00,,-20.865
2013-10-21 06:00:00,,-20.87
2013-10-21 07:00:00,,-20.873
2013-10-21 08:00:00,,-20.884
2013-10-21 09:00:00,,-20.876
2013-10-21 10:00:00,,-20.885
2013-10-21 11:00:00,,-20.88
2013-10-21 12:00:00,,-20.869
2013-10-21 13:00:00,,-20.871
2013-10-21 14:00:00,,-20.852
2013-10-21 15:00:00,,-20.852
2013-10-21 16:00:00,,-20.841
2013-10-21 17:00:00,,-20.843
2013-10-21 18:00:00,,-20.852
2013-10-21 19:00:00,,-20.863
2013-10-21 20:00:00,,-20.869
2013-10-21 21:00:00,,-20.869
2013-10-21 22:00:00,,-20.878
2013-10-21 23:00:00,,-20.877
2013-10-22 00:00:00,,-20.878
2013-10-22 01:00:00,,-20.873
2013-10-22 02:00:00,,-20.88
2013-10-22 03:00:00,,-20.869
2013-10-22 04:00:00,,-20.881
2013-10-22 05:00:00,,-20.881
2013-10-22 06:00:00,,-20.879
2013-10-22 07:00:00,,-20.895
2013-10-22 08:00:00,,-20.896
2013-10-22 09:00:00,,-20.892
2013-10-22 10:00:00,,-20.895
2013-10-22 11:00:00,,-20.904
2013-10-22 12:00:00,,-20.899
2013-10-22 13:00:00,,-20.885
2013-10-22 14:00:00,,-20.878
2013-10-22 15:00:00,,-20.873
2013-10-22 16:00:00,,-20.87
2013-10-22 17:00:00,,-20.871
2013-10-22 18:00:00,,-20.87
2013-10-22 19:00:00,,-20.874
2013-10-22 20:00:00,,-20.877
2013-10-22 21:00:00,,-20.886
2013-10-22 22:00:00,,-20.887
2013-10-22 23:00:00,,-20.893
2013-10-23 00:00:00,,-20.888
2013-10-23 01:00:00,,-20.884
2013-10-23 02:00:00,,-20.88
2013-10-23 03:00:00,,-20.883
2013-10-23 04:00:00,,-20.878
2013-10-23 05:00:00,,-20.89
2013-10-23 06:00:00,,-20.887
2013-10-23 07:00:00,,-20.892
2013-10-23 08:00:00,,-20.887
2013-10-23 09:00:00,,-20.895
2013-10-23 10:00:00,,-20.901
2013-10-23 11:00:00,,-20.885
2013-10-23 12:00:00,,-20.881
2013-10-23 13:00:00,,-20.881
2013-10-23 14:00:00,,-20.866
2013-10-23 15:00:00,,-20.872
2013-10-23 16:00:00,,-20.865
2013-10-23 17:00:00,,-20.869
2013-10-23 18:00:00,,-20.874
2013-10-23 19:00:00,,-20.878
2013-10-23 20:00:00,,-20.891
2013-10-23 21:00:00,,-20.9
2013-10-23 22:00:00,,-20.904
2013-10-23 23:00:00,,-20.899
2013-10-24 00:00:00,,-20.907
2013-10-24 01:00:00,,-20.894
2013-10-24 02:00:00,,-20.897
2013-10-24 03:00:00,,-20.887
2013-10-24 04:00:00,,-20.887
2013-10-24 05:00:00,,-20.893
2013-10-24 06:00:00,,-20.888
2013-10-24 07:00:00,,-20.897
2013-10-24 08:00:00,,-20.899
2013-10-24 09:00:00,,-20.893
2013-10-24 10:00:00,,-20.911
2013-10-24 11:00:00,,-20.901
2013-10-24 12:00:00,,-20.902
2013-10-24 13:00:00,,-20.894
2013-10-24 14:00:00,,-20.883
2013-10-24 15:00:00,,-20.877
2013-10-24 16:00:00,,-20.865
2013-10-24 17:00:00,,-20.864
2013-10-24 18:00:00,,-20.871
2013-10-24 19:00:00,,-20.875
2013-10-24 20:00:00,,-20.879
2013-10-24 21:00:00,,-20.895
2013-10-24 22:00:00,,-20.899
2013-10-24 23:00:00,,-20.893
2013-10-25 00:00:00,,-20.899
2013-10-25 01:00:00,,-20.898
2013-10-25 02:00:00,,-20.895
2013-10-25 03:00:00,,-20.895
2013-10-25 04:00:00,,-20.884
2013-10-25 05:00:00,,-20.893
2013-10-25 06:00:00,,-20.889
2013-10-25 07:00:00,,-20.9
2013-10-25 08:00:00,,-20.91
2013-10-25 09:00:00,,-20.909
2013-10-25 10:00:00,,-20.899
2013-10-25 11:00:00,,-20.891
2013-10-25 12:00:00,,-20.89
2013-10-25 13:00:00,,-20.878
2013-10-25 14:00:00,,-20.871
2013-10-25 15:00:00,,-20.869
2013-10-25 16:00:00,,-20.867
2013-10-25 17:00:00,,-20.866
2013-10-25 18:00:00,,-20.86
2013-10-25 19:00:00,,-20.878
2013-10-25 20:00:00,,-20.875
2013-10-25 21:00:00,,-20.893
2013-10-25 22:00:00,,-20.888
2013-10-25 23:00:00,,-20.891
2013-10-26 00:00:00,,-20.899
2013-10-26 01:00:00,,-20.895
2013-10-26 02:00:00,,-20.884
2013-10-26 03:00:00,,-20.887
2013-10-26 04:00:00,,-20.886
2013-10-26 05:00:00,,-20.89
2013-10-26 06:00:00,,-20.892
2013-10-26 07:00:00,,-20.898
2013-10-26 08:00:00,,-20.903
2013-10-26 09:00:00,,-20.893
2013-10-26 10:00:00,,-20.898
2013-10-26 11:00:00,,-20.884
2013-10-26 12:00:00,,-20.883
2013-10-26 13:00:00,,-20.874
2013-10-26 14:00:00,,-20.869
2013-10-26 15:00:00,,-20.863
2013-10-26 16:00:00,,-20.861
2013-10-26 17:00:00,,-20.862
2013-10-26 18:00:00,,-20.865
2013-10-26 19:00:00,,-20.869
2013-10-26 20:00:00,,-20.869
2013-10-26 21:00:00,,-20.881
2013-10-26 22:00:00,,-20.886
2013-10-26 23:00:00,,-20.879
2013-10-27 00:00:00,,-20.877
2013-10-27 01:00:00,,-20.873
2013-10-27 02:00:00,,-20.87
2013-10-27 03:00:00,,-20.868
2013-10-27 04:00:00,,-20.877
2013-10-27 05:00:00,,-20.883
2013-10-27 06:00:00,,-20.875
2013-10-27 07:00:00,,-20.885
2013-10-27 08:00:00,,-20.895
2013-10-27 09:00:00,,-20.891
2013-10-27 10:00:00,,-20.886
2013-10-27 11:00:00,,-20.884
2013-10-27 12:00:00,,-20.872
2013-10-27 13:00:00,,-20.863
2013-10-27 14:00:00,,-20.859
2013-10-27 15:00:00,,-20.852
2013-10-27 16:00:00,,-20.849
2013-10-27 17:00:00,,-20.857
2013-10-27 18:00:00,,-20.848
2013-10-27 19:00:00,,-20.858
2013-10-27 20:00:00,,-20.866
2013-10-27 21:00:00,,-20.876
2013-10-27 22:00:00,,-20.876
2013-10-27 23:00:00,,-20.87
2013-10-28 00:00:00,,-20.871
2013-10-28 01:00:00,,-20.876
2013-10-28 02:00:00,,-20.86
2013-10-28 03:00:00,,-20.857
2013-10-28 04:00:00,,-20.869
2013-10-28 05:00:00,,-20.867
2013-10-28 06:00:00,,-20.871
2013-10-28 07:00:00,,-20.869
2013-10-28 08:00:00,,-20.873
2013-10-28 09:00:00,,-20.873
2013-10-28 10:00:00,,-20.883
2013-10-28 11:00:00,,-20.879
2013-10-28 12:00:00,,-20.868
2013-10-28 13:00:00,,-20.854
2013-10-28 14:00:00,,-20.853
2013-10-28 15:00:00,,-20.842
2013-10-28 16:00:00,,-20.851
2013-10-28 17:00:00,,-20.847
2013-10-28 18:00:00,,-20.851
2013-10-28 19:00:00,,-20.854
2013-10-28 20:00:00,,-20.861
2013-10-28 21:00:00,,-20.868
2013-10-28 22:00:00,,-20.878
2013-10-28 23:00:00,,-20.881
2013-10-29 00:00:00,,-20.87
2013-10-29 01:00:00,,-20.869
2013-10-29 02:00:00,,-20.866
2013-10-29 03:00:00,,-20.866
2013-10-29 04:00:00,,-20.881
2013-10-29 05:00:00,,-20.879
2013-10-29 06:00:00,,-20.885
2013-10-29 07:00:00,,-20.895
2013-10-29 08:00:00,,-20.894
2013-10-29 09:00:00,,-20.907
2013-10-29 10:00:00,,-20.906
2013-10-29 11:00:00,,-20.887
2013-10-29 12:00:00,,-20.878
2013-10-29 13:00:00,,-20.872
2013-10-29 14:00:00,,-20.869
2013-10-29 15:00:00,,-20.865
2013-10-29 16:00:00,,-20.849
2013-10-29 17:00:00,,-20.862
2013-10-29 18:00:00,,-20.861
2013-10-29 19:00:00,,-20.867
2013-10-29 20:00:00,,-20.868
2013-10-29 21:00:00,,-20.88
2013-10-29 22:00:00,,-20.876
2013-10-29 23:00:00,,-20.887
2013-10-30 00:00:00,,-20.878
2013-10-30 01:00:00,,-20.874
2013-10-30 02:00:00,,-20.87
2013-10-30 03:00:00,,-20.873
2013-10-30 04:00:00,,-20.874
2013-10-30 05:00:00,,-20.88
2013-10-30 06:00:00,,-20.891
2013-10-30 07:00:00,,-20.892
2013-10-30 08:00:00,,-20.895
2013-10-30 09:00:00,,-20.89
2013-10-30 10:00:00,,-20.898
2013-10-30 11:00:00,,-20.892
2013-10-30 12:00:00,,-20.879
2013-10-30 13:00:00,,-20.865
2013-10-30 14:00:00,,-20.857
2013-10-30 15:00:00,,-20.858
2013-10-30 16:00:00,,-20.859
2013-10-30 17:00:00,,-20.854
2013-10-30 18:00:00,,-20.856
2013-10-30 19:00:00,,-20.863
2013-10-30 20:00:00,,-20.865
2013-10-30 21:00:00,,-20.878
2013-10-30 22:00:00,,-20.884
2013-10-30 23:00:00,,-20.885
2013-10-31 00:00:00,,-20.879
2013-10-31 01:00:00,,-20.876
2013-10-31 02:00:00,,-20.872
2013-10-31 03:00:00,,-20.872
2013-10-31 04:00:00,,-20.88
2013-10-31 05:00:00,,-20.877
2013-10-31 06:00:00,,-20.889
2013-10-31 07:00:00,,-20.895
2013-10-31 08:00:00,,-20.892
2013-10-31 09:00:00,,-20.896
2013-10-31 10:00:00,,-20.895
2013-10-31 11:00:00,,-20.882
2013-10-31 12:00:00,,-20.885
2013-10-31 13:00:00,,-20.865
2013-10-31 14:00:00,,-20.862
2013-10-31 15:00:00,,-20.855
2013-10-31 16:00:00,,-20.85
2013-10-31 17:00:00,,-20.85
2013-10-31 18:00:00,,-20.851
2013-10-31 19:00:00,,-20.872
2013-10-31 20:00:00,,-20.875
2013-10-31 21:00:00,,-20.876
2013-10-31 22:00:00,,-20.881
2013-10-31 23:00:00,,-20.893
2013-11-01 00:00:00,,-20.878
2013-11-01 01:00:00,,-20.876
2013-11-01 02:00:00,,-20.867
2013-11-01 03:00:00,,-20.866
2013-11-01 04:00:00,,-20.873
2013-11-01 05:00:00,,-20.877
2013-11-01 06:00:00,,-20.886
2013-11-01 07:00:00,,-20.892
2013-11-01 08:00:00,,-20.891
2013-11-01 09:00:00,,-20.898
2013-11-01 10:00:00,,-20.885
2013-11-01 11:00:00,,-20.888
2013-11-01 12:00:00,,-20.867
2013-11-01 13:00:00,,-20.864
2013-11-01 14:00:00,,-20.852
2013-11-01 15:00:00,,-20.852
2013-11-01 16:00:00,,-20.851
2013-11-01 17:00:00,,-20.845
2013-11-01 18:00:00,,-20.855
2013-11-01 19:00:00,,-20.853
2013-11-01 20:00:00,,-20.863
2013-11-01 21:00:00,,-20.878
2013-11-01 22:00:00,,-20.875
2013-11-01 23:00:00,,-20.889
2013-11-02 00:00:00,,-20.881
2013-11-02 01:00:00,,-20.875
2013-11-02 02:00:00,,-20.864
2013-11-02 03:00:00,,-20.873
2013-11-02 04:00:00,,-20.868
2013-11-02 05:00:00,,-20.866
2013-11-02 06:00:00,,-20.882
2013-11-02 07:00:00,,-20.881
2013-11-02 08:00:00,,-20.879
2013-11-02 09:00:00,,-20.874
2013-11-02 10:00:00,,-20.876
2013-11-02 11:00:00,,-20.87
2013-11-02 12:00:00,,-20.869
2013-11-02 13:00:00,,-20.853
2013-11-02 14:00:00,,-20.851
2013-11-02 15:00:00,,-20.845
2013-11-02 16:00:00,,-20.835
2013-11-02 17:00:00,,-20.84
2013-11-02 18:00:00,,-20.851
2013-11-02 19:00:00,,-20.855
2013-11-02 20:00:00,,-20.869
2013-11-02 21:00:00,,-20.877
2013-11-02 22:00:00,,-20.871
2013-11-02 23:00:00,,-20.882
2013-11-03 00:00:00,,-20.879
2013-11-03 01:00:00,,-20.871
2013-11-03 02:00:00,,-20.867
2013-11-03 03:00:00,,-20.865
2013-11-03 04:00:00,,-20.867
2013-11-03 05:00:00,,-20.863
2013-11-03 06:00:00,,-20.879
2013-11-03 07:00:00,,-20.873
2013-11-03 08:00:00,,-20.883
2013-11-03 09:00:00,,-20.891
2013-11-03 10:00:00,,-20.879
2013-11-03 11:00:00,,-20.884
2013-11-03 12:00:00,,-20.876
2013-11-03 13:00:00,,-20.868
2013-11-03 14:00:00,,-20.86
2013-11-03 15:00:00,,-20.853
2013-11-03 16:00:00,,-20.844
2013-11-03 17:00:00,,-20.851
2013-11-03 18:00:00,,-20.851
2013-11-03 19:00:00,,-20.858
2013-11-03 20:00:00,,-20.865
2013-11-03 21:00:00,,-20.874
2013-11-03 22:00:00,,-20.88
2013-11-03 23:00:00,,-20.887
2013-11-04 00:00:00,,-20.879
2013-11-04 01:00:00,,-20.876
2013-11-04 02:00:00,,-20.873
2013-11-04 03:00:00,,-20.88
2013-11-04 04:00:00,,-20.872
2013-11-04 05:00:00,,-20.877
2013-11-04 06:00:00,,-20.885
2013-11-04 07:00:00,,-20.89
2013-11-04 08:00:00,,-20.888
2013-11-04 09:00:00,,-20.891
2013-11-04 10:00:00,,-20.892
2013-11-04 11:00:00,,-20.877
2013-11-04 12:00:00,,-20.868
2013-11-04 13:00:00,,-20.872
2013-11-04 14:00:00,,-20.865
2013-11-04 15:00:00,,-20.853
2013-11-04 16:00:00,,-20.849
2013-11-04 17:00:00,,-20.848
2013-11-04 18:00:00,,-20.852
2013-11-04 19:00:00,,-20.851
2013-11-04 20:00:00,,-20.871
2013-11-04 21:00:00,,-20.873
2013-11-04 22:00:00,,-20.88
2013-11-04 23:00:00,,-20.876
2013-11-05 00:00:00,,-20.88
2013-11-05 01:00:00,,-20.876
2013-11-05 02:00:00,,-20.875
2013-11-05 03:00:00,,-20.869
2013-11-05 04:00:00,,-20.87
2013-11-05 05:00:00,,-20.872
2013-11-05 06:00:00,,-20.875
2013-11-05 07:00:00,,-20.873
2013-11-05 08:00:00,,-20.877
2013-11-05 09:00:00,,-20.88
2013-11-05 10:00:00,,-20.885
2013-11-05 11:00:00,,-20.877
2013-11-05 12:00:00,,-20.872
2013-11-05 13:00:00,,-20.86
2013-11-05 14:00:00,,-20.861
2013-11-05 15:00:00,,-20.85
2013-11-05 16:00:00,,-20.846
2013-11-05 17:00:00,,-20.85
2013-11-05 18:00:00,,-20.839
2013-11-05 19:00:00,,-20.844
2013-11-05 20:00:00,,-20.857
2013-11-05 21:00:00,,-20.863
2013-11-05 22:00:00,,-20.871
2013-11-05 23:00:00,,-20.881
2013-11-06 00:00:00,,-20.873
2013-11-06 01:00:00,,-20.87
2013-11-06 02:00:00,,-20.861
2013-11-06 03:00:00,,-20.875
2013-11-06 04:00:00,,-20.862
2013-11-06 05:00:00,,-20.873
2013-11-06 06:00:00,,-20.87
2013-11-06 07:00:00,,-20.876
2013-11-06 08:00:00,,-20.883
2013-11-06 09:00:00,,-20.875
2013-11-06 10:00:00,,-20.868
2013-11-06 11:00:00,,-20.863
2013-11-06 12:00:00,,-20.863
2013-11-06 13:00:00,,-20.862
2013-11-06 14:00:00,,-20.853
2013-11-06 15:00:00,,-20.85
2013-11-06 16:00:00,,-20.839
2013-11-06 17:00:00,,-20.838
2013-11-06 18:00:00,,-20.84
2013-11-06 19:00:00,,-20.845
2013-11-06 20:00:00,,-20.852
2013-11-06 21:00:00,,-20.864
2013-11-06 22:00:00,,-20.869
2013-11-06 23:00:00,,-20.863
2013-11-07 00:00:00,,-20.868
2013-11-07 01:00:00,,-20.872
2013-11-07 02:00:00,,-20.87
2013-11-07 03:00:00,,-20.862
2013-11-07 04:00:00,,-20.866
2013-11-07 05:00:00,,-20.862
2013-11-07 06:00:00,,-20.859
2013-11-07 07:00:00,,-20.867
2013-11-07 08:00:00,,-20.865
2013-11-07 09:00:00,,-20.877
2013-11-07 10:00:00,,-20.869
2013-11-07 11:00:00,,-20.864
2013-11-07 12:00:00,,-20.849
2013-11-07 13:00:00,,-20.848
2013-11-07 14:00:00,,-20.842
2013-11-07 15:00:00,,-20.836
2013-11-07 16:00:00,,-20.837
2013-11-07 17:00:00,,-20.834
2013-11-07 18:00:00,,-20.831
2013-11-07 19:00:00,,-20.842
2013-11-07 20:00:00,,-20.854
2013-11-07 21:00:00,,-20.853
2013-11-07 22:00:00,,-20.863
2013-11-07 23:00:00,,-20.858
2013-11-08 00:00:00,,-20.859
2013-11-08 01:00:00,,-20.853
2013-11-08 02:00:00,,-20.846
2013-11-08 03:00:00,,-20.857
2013-11-08 04:00:00,,-20.858
2013-11-08 05:00:00,,-20.875
2013-11-08 06:00:00,,-20.873
2013-11-08 07:00:00,,-20.878
2013-11-08 08:00:00,,-20.889
2013-11-08 09:00:00,,-20.892
2013-11-08 10:00:00,,-20.886
2013-11-08 11:00:00,,-20.89
2013-11-08 12:00:00,,-20.875
2013-11-08 13:00:00,,-20.867
2013-11-08 14:00:00,,-20.862
2013-11-08 15:00:00,,-20.86
2013-11-08 16:00:00,,-20.845
2013-11-08 17:00:00,,-20.844
2013-11-08 18:00:00,,-20.851
2013-11-08 19:00:00,,-20.861
2013-11-08 20:00:00,,-20.861
2013-11-08 21:00:00,,-20.864
2013-11-08 22:00:00,,-20.872
2013-11-08 23:00:00,,-20.874
2013-11-09 00:00:00,,-20.868
2013-11-09 01:00:00,,-20.866
2013-11-09 02:00:00,,-20.867
2013-11-09 03:00:00,,-20.862
2013-11-09 04:00:00,,-20.873
2013-11-09 05:00:00,,-20.886
2013-11-09 06:00:00,,-20.876
2013-11-09 07:00:00,,-20.887
2013-11-09 08:00:00,,-20.899
2013-11-09 09:00:00,,-20.893
2013-11-09 10:00:00,,-20.879
2013-11-09 11:00:00,,-20.874
2013-11-09 12:00:00,,-20.879
2013-11-09 13:00:00,,-20.865
2013-11-09 14:00:00,,-20.862
2013-11-09 15:00:00,,-20.851
2013-11-09 16:00:00,,-20.854
2013-11-09 17:00:00,,-20.856
2013-11-09 18:00:00,,-20.847
2013-11-09 19:00:00,,-20.849
2013-11-09 20:00:00,,-20.865
2013-11-09 21:00:00,,-20.874
2013-11-09 22:00:00,,-20.87
2013-11-09 23:00:00,,-20.887
2013-11-10 00:00:00,,-20.893
2013-11-10 01:00:00,,-20.883
2013-11-10 02:00:00,,-20.883
2013-11-10 03:00:00,,-20.874
2013-11-10 04:00:00,,-20.869
2013-11-10 05:00:00,,-20.876
2013-11-10 06:00:00,,-20.881
2013-11-10 07:00:00,,-20.886
2013-11-10 08:00:00,,-20.896
2013-11-10 09:00:00,,-20.888
2013-11-10 10:00:00,,-20.879
2013-11-10 11:00:00,,-20.874
2013-11-10 12:00:00,,-20.867
2013-11-10 13:00:00,,-20.866
2013-11-10 14:00:00,,-20.849
2013-11-10 15:00:00,,-20.848
2013-11-10 16:00:00,,-20.852
2013-11-10 17:00:00,,-20.848
2013-11-10 18:00:00,,-20.853
2013-11-10 19:00:00,,-20.867
2013-11-10 20:00:00,,-20.861
2013-11-10 21:00:00,,-20.864
2013-11-10 22:00:00,,-20.868
2013-11-10 23:00:00,,-20.872
2013-11-11 00:00:00,,-20.866
2013-11-11 01:00:00,,-20.869
2013-11-11 02:00:00,,-20.868
2013-11-11 03:00:00,,-20.868
2013-11-11 04:00:00,,-20.877
2013-11-11 05:00:00,,-20.883
2013-11-11 06:00:00,,-20.889
2013-11-11 07:00:00,,-20.886
2013-11-11 08:00:00,,-20.887
2013-11-11 09:00:00,,-20.892
2013-11-11 10:00:00,,-20.883
2013-11-11 11:00:00,,-20.876
2013-11-11 12:00:00,,-20.862
2013-11-11 13:00:00,,-20.853
2013-11-11 14:00:00,,-20.85
2013-11-11 15:00:00,,-20.841
2013-11-11 16:00:00,,-20.844
2013-11-11 17:00:00,,-20.838
2013-11-11 18:00:00,,-20.84
2013-11-11 19:00:00,,-20.847
2013-11-11 20:00:00,,-20.855
2013-11-11 21:00:00,,-20.871
2013-11-11 22:00:00,,-20.871
2013-11-11 23:00:00,,-20.871
2013-11-12 00:00:00,,-20.878
2013-11-12 01:00:00,,-20.869
2013-11-12 02:00:00,,-20.859
2013-11-12 03:00:00,,-20.864
2013-11-12 04:00:00,,-20.874
2013-11-12 05:00:00,,-20.866
2013-11-12 06:00:00,,-20.878
2013-11-12 07:00:00,,-20.887
2013-11-12 08:00:00,,-20.884
2013-11-12 09:00:00,,-20.885
2013-11-12 10:00:00,,-20.889
2013-11-12 11:00:00,,-20.882
2013-11-12 12:00:00,,-20.87
2013-11-12 13:00:00,,-20.86
2013-11-12 14:00:00,,-20.857
2013-11-12 15:00:00,,-20.845
2013-11-12 16:00:00,,-20.836
2013-11-12 17:00:00,,-20.843
2013-11-12 18:00:00,,-20.841
2013-11-12 19:00:00,,-20.853
2013-11-12 20:00:00,,-20.859
2013-11-12 21:00:00,,-20.87
2013-11-12 22:00:00,,-20.873
2013-11-12 23:00:00,,-20.875
2013-11-13 00:00:00,,-20.868
2013-11-13 01:00:00,,-20.867
2013-11-13 02:00:00,,-20.868
2013-11-13 03:00:00,,-20.87
2013-11-13 04:00:00,,-20.86
2013-11-13 05:00:00,,-20.865
2013-11-13 06:00:00,,-20.87
2013-11-13 07:00:00,,-20.885
2013-11-13 08:00:00,,-20.89
2013-11-13 09:00:00,,-20.893
2013-11-13 10:00:00,,-20.879
2013-11-13 11:00:00,,-20.877
2013-11-13 12:00:00,,-20.882
2013-11-13 13:00:00,,-20.874
2013-11-13 14:00:00,,-20.864
2013-11-13 15:00:00,,-20.857
2013-11-13 16:00:00,,-20.855
2013-11-13 17:00:00,,-20.853
2013-11-13 18:00:00,,-20.854
2013-11-13 19:00:00,,-20.866
2013-11-13 20:00:00,,-20.864
2013-11-13 21:00:00,,-20.863
2013-11-13 22:00:00,,-20.867
2013-11-13 23:00:00,,-20.879
2013-11-14 00:00:00,,-20.867
2013-11-14 01:00:00,,-20.863
2013-11-14 02:00:00,,-20.866
2013-11-14 03:00:00,,-20.871
2013-11-14 04:00:00,,-20.866
2013-11-14 05:00:00,,-20.869
2013-11-14 06:00:00,,-20.875
2013-11-14 07:00:00,,-20.875
2013-11-14 08:00:00,,-20.884
2013-11-14 09:00:00,,-20.878
2013-11-14 10:00:00,,-20.874
2013-11-14 11:00:00,,-20.868
2013-11-14 12:00:00,,-20.867
2013-11-14 13:00:00,,-20.863
2013-11-14 14:00:00,,-20.843
2013-11-14 15:00:00,,-20.844
2013-11-14 16:00:00,,-20.843
2013-11-14 17:00:00,,-20.845
2013-11-14 18:00:00,,-20.848
2013-11-14 19:00:00,,-20.857
2013-11-14 20:00:00,,-20.852
2013-11-14 21:00:00,,-20.866
2013-11-14 22:00:00,,-20.865
2013-11-14 23:00:00,,-20.875
2013-11-15 00:00:00,,-20.879
2013-11-15 01:00:00,,-20.863
2013-11-15 02:00:00,,-20.869
2013-11-15 03:00:00,,-20.868
2013-11-15 04:00:00,,-20.856
2013-11-15 05:00:00,,-20.871
2013-11-15 06:00:00,,-20.875
2013-11-15 07:00:00,,-20.876
2013-11-15 08:00:00,,-20.88
2013-11-15 09:00:00,,-20.877
2013-11-15 10:00:00,,-20.868
2013-11-15 11:00:00,,-20.869
2013-11-15 12:00:00,,-20.863
2013-11-15 13:00:00,,-20.847
2013-11-15 14:00:00,,-20.847
2013-11-15 15:00:00,,-20.834
2013-11-15 16:00:00,,-20.83
2013-11-15 17:00:00,,-20.836
2013-11-15 18:00:00,,-20.832
2013-11-15 19:00:00,,-20.85
2013-11-15 20:00:00,,-20.845
2013-11-15 21:00:00,,-20.859
2013-11-15 22:00:00,,-20.86
2013-11-15 23:00:00,,-20.86
2013-11-16 00:00:00,,-20.857
2013-11-16 01:00:00,,-20.852
2013-11-16 02:00:00,,-20.845
2013-11-16 03:00:00,,-20.846
2013-11-16 04:00:00,,-20.837
2013-11-16 05:00:00,,-20.848
2013-11-16 06:00:00,,-20.848
2013-11-16 07:00:00,,-20.854
2013-11-16 08:00:00,,-20.862
2013-11-16 09:00:00,,-20.865
2013-11-16 10:00:00,,-20.859
2013-11-16 11:00:00,,-20.855
2013-11-16 12:00:00,,-20.848
2013-11-16 13:00:00,,-20.837
2013-11-16 14:00:00,,-20.829
2013-11-16 15:00:00,,-20.832
2013-11-16 16:00:00,,-20.826
2013-11-16 17:00:00,,-20.84
2013-11-16 18:00:00,,-20.839
2013-11-16 19:00:00,,-20.846
2013-11-16 20:00:00,,-20.86
2013-11-16 21:00:00,,-20.863
2013-11-16 22:00:00,,-20.865
2013-11-16 23:00:00,,-20.873
2013-11-17 00:00:00,,-20.869
2013-11-17 01:00:00,,-20.864
2013-11-17 02:00:00,,-20.865
2013-11-17 03:00:00,,-20.858
2013-11-17 04:00:00,,-20.86
2013-11-17 05:00:00,,-20.863
2013-11-17 06:00:00,,-20.857
2013-11-17 07:00:00,,-20.854
2013-11-17 08:00:00,,-20.873
2013-11-17 09:00:00,,-20.876
2013-11-17 10:00:00,,-20.876
2013-11-17 11:00:00,,-20.87
2013-11-17 12:00:00,,-20.878
2013-11-17 13:00:00,,-20.864
2013-11-17 14:00:00,,-20.847
2013-11-17 15:00:00,,-20.847
2013-11-17 16:00:00,,-20.841
2013-11-17 17:00:00,,-20.84
2013-11-17 18:00:00,,-20.845
2013-11-17 19:00:00,,-20.848
2013-11-17 20:00:00,,-20.861
2013-11-17 21:00:00,,-20.866
2013-11-17 22:00:00,,-20.857
2013-11-17 23:00:00,,-20.861
2013-11-18 00:00:00,,-20.865
2013-11-18 01:00:00,,-20.871
2013-11-18 02:00:00,,-20.864
2013-11-18 03:00:00,,-20.858
2013-11-18 04:00:00,,-20.858
2013-11-18 05:00:00,,-20.861
2013-11-18 06:00:00,,-20.866
2013-11-18 07:00:00,,-20.88
2013-11-18 08:00:00,,-20.875
2013-11-18 09:00:00,,-20.882
2013-11-18 10:00:00,,-20.881
2013-11-18 11:00:00,,-20.862
2013-11-18 12:00:00,,-20.856
2013-11-18 13:00:00,,-20.847
2013-11-18 14:00:00,,-20.84
2013-11-18 15:00:00,,-20.844
2013-11-18 16:00:00,,-20.829
2013-11-18 17:00:00,,-20.837
2013-11-18 18:00:00,,-20.848
2013-11-18 19:00:00,,-20.844
2013-11-18 20:00:00,,-20.852
2013-11-18 21:00:00,,-20.869
2013-11-18 22:00:00,,-20.875
2013-11-18 23:00:00,,-20.869
2013-11-19 00:00:00,,-20.873
2013-11-19 01:00:00,,-20.867
2013-11-19 02:00:00,,-20.861
2013-11-19 03:00:00,,-20.861
2013-11-19 04:00:00,,-20.856
2013-11-19 05:00:00,,-20.849
2013-11-19 06:00:00,,-20.859
2013-11-19 07:00:00,,-20.86
2013-11-19 08:00:00,,-20.865
2013-11-19 09:00:00,,-20.861
2013-11-19 10:00:00,,-20.863
2013-11-19 11:00:00,,-20.864
2013-11-19 12:00:00,,-20.858
2013-11-19 13:00:00,,-20.841
2013-11-19 14:00:00,,-20.84
2013-11-19 15:00:00,,-20.833
2013-11-19 16:00:00,,-20.834
2013-11-19 17:00:00,,-20.819
2013-11-19 18:00:00,,-20.821
2013-11-19 19:00:00,,-20.83
2013-11-19 20:00:00,,-20.839
2013-11-19 21:00:00,,-20.85
2013-11-19 22:00:00,,-20.858
2013-11-19 23:00:00,,-20.867
2013-11-20 00:00:00,,-20.86
2013-11-20 01:00:00,,-20.858
2013-11-20 02:00:00,,-20.856
2013-11-20 03:00:00,,-20.847
2013-11-20 04:00:00,,-20.85
2013-11-20 05:00:00,,-20.853
2013-11-20 06:00:00,,-20.861
2013-11-20 07:00:00,,-20.861
2013-11-20 08:00:00,,-20.873
2013-11-20 09:00:00,,-20.87
2013-11-20 10:00:00,,-20.871
2013-11-20 11:00:00,,-20.861
2013-11-20 12:00:00,,-20.863
2013-11-20 13:00:00,,-20.853
2013-11-20 14:00:00,,-20.847
2013-11-20 15:00:00,,-20.846
2013-11-20 16:00:00,,-20.838
2013-11-20 17:00:00,,-20.836
2013-11-20 18:00:00,,-20.844
2013-11-20 19:00:00,,-20.849
2013-11-20 20:00:00,,-20.855
2013-11-20 21:00:00,,-20.859
2013-11-20 22:00:00,,-20.864
2013-11-20 23:00:00,,-20.873
2013-11-21 00:00:00,,-20.867
2013-11-21 01:00:00,,-20.867
2013-11-21 02:00:00,,-20.859
2013-11-21 03:00:00,,-20.867
2013-11-21 04:00:00,,-20.856
2013-11-21 05:00:00,,-20.866
2013-11-21 06:00:00,,-20.857
2013-11-21 07:00:00,,-20.872
2013-11-21 08:00:00,,-20.868
2013-11-21 09:00:00,,-20.868
2013-11-21 10:00:00,,-20.873
2013-11-21 11:00:00,,-20.863
2013-11-21 12:00:00,,-20.853
2013-11-21 13:00:00,,-20.847
2013-11-21 14:00:00,,-20.851
2013-11-21 15:00:00,,-20.835
2013-11-21 16:00:00,,-20.831
2013-11-21 17:00:00,,-20.827
2013-11-21 18:00:00,,-20.833
2013-11-21 19:00:00,,-20.844
2013-11-21 20:00:00,,-20.853
2013-11-21 21:00:00,,-20.868
2013-11-21 22:00:00,,-20.864
2013-11-21 23:00:00,,-20.881
2013-11-22 00:00:00,,-20.873
2013-11-22 01:00:00,,-20.875
2013-11-22 02:00:00,,-20.867
2013-11-22 03:00:00,,-20.873
2013-11-22 04:00:00,,-20.874
2013-11-22 05:00:00,,-20.866
2013-11-22 06:00:00,,-20.881
2013-11-22 07:00:00,,-20.878
2013-11-22 08:00:00,,-20.874
2013-11-22 09:00:00,,-20.878
2013-11-22 10:00:00,,-20.877
2013-11-22 11:00:00,,-20.872
2013-11-22 12:00:00,,-20.864
2013-11-22 13:00:00,,-20.862
2013-11-22 14:00:00,,-20.854
2013-11-22 15:00:00,,-20.839
2013-11-22 16:00:00,,-20.847
2013-11-22 17:00:00,,-20.832
2013-11-22 18:00:00,,-20.838
2013-11-22 19:00:00,,-20.841
2013-11-22 20:00:00,,-20.847
2013-11-22 21:00:00,,-20.858
2013-11-22 22:00:00,,-20.864
2013-11-22 23:00:00,,-20.862
2013-11-23 00:00:00,,-20.867
2013-11-23 01:00:00,,-20.864
2013-11-23 02:00:00,,-20.856
2013-11-23 03:00:00,,-20.856
2013-11-23 04:00:00,,-20.86
2013-11-23 05:00:00,,-20.867
2013-11-23 06:00:00,,-20.862
2013-11-23 07:00:00,,-20.862
2013-11-23 08:00:00,,-20.873
2013-11-23 09:00:00,,-20.865
2013-11-23 10:00:00,,-20.875
2013-11-23 11:00:00,,-20.863
2013-11-23 12:00:00,,-20.85
2013-11-23 13:00:00,,-20.849
2013-11-23 14:00:00,,-20.841
2013-11-23 15:00:00,,-20.835
2013-11-23 16:00:00,,-20.833
2013-11-23 17:00:00,,-20.831
2013-11-23 18:00:00,,-20.831
2013-11-23 19:00:00,,-20.844
2013-11-23 20:00:00,,-20.846
2013-11-23 21:00:00,,-20.86
2013-11-23 22:00:00,,-20.866
2013-11-23 23:00:00,,-20.861
2013-11-24 00:00:00,,-20.859
2013-11-24 01:00:00,,-20.86
2013-11-24 02:00:00,,-20.861
2013-11-24 03:00:00,,-20.853
2013-11-24 04:00:00,,-20.865
2013-11-24 05:00:00,,-20.855
2013-11-24 06:00:00,,-20.864
2013-11-24 07:00:00,,-20.869
2013-11-24 08:00:00,,-20.875
2013-11-24 09:00:00,,-20.868
2013-11-24 10:00:00,,-20.863
2013-11-24 11:00:00,,-20.857
2013-11-24 12:00:00,,-20.851
2013-11-24 13:00:00,,-20.843
2013-11-24 14:00:00,,-20.837
2013-11-24 15:00:00,,-20.836
2013-11-24 16:00:00,,-20.832
2013-11-24 17:00:00,,-20.828
2013-11-24 18:00:00,,-20.838
2013-11-24 19:00:00,,-20.839
2013-11-24 20:00:00,,-20.842
2013-11-24 21:00:00,,-20.849
2013-11-24 22:00:00,,-20.852
2013-11-24 23:00:00,,-20.861
2013-11-25 00:00:00,,-20.856
2013-11-25 01:00:00,,-20.855
2013-11-25 02:00:00,,-20.854
2013-11-25 03:00:00,,-20.847
2013-11-25 04:00:00,,-20.86
2013-11-25 05:00:00,,-20.864
2013-11-25 06:00:00,,-20.869
2013-11-25 07:00:00,,-20.867
2013-11-25 08:00:00,,-20.862
2013-11-25 09:00:00,,-20.858
2013-11-25 10:00:00,,-20.853
2013-11-25 11:00:00,,-20.848
2013-11-25 12:00:00,,-20.852
2013-11-25 13:00:00,,-20.84
2013-11-25 14:00:00,,-20.831
2013-11-25 15:00:00,,-20.827
2013-11-25 16:00:00,,-20.834
2013-11-25 17:00:00,,-20.833
2013-11-25 18:00:00,,-20.839
2013-11-25 19:00:00,,-20.838
2013-11-25 20:00:00,,-20.853
2013-11-25 21:00:00,,-20.858
2013-11-25 22:00:00,,-20.868
2013-11-25 23:00:00,,-20.863
2013-11-26 00:00:00,,-20.868
2013-11-26 01:00:00,,-20.858
2013-11-26 02:00:00,,-20.847
2013-11-26 03:00:00,,-20.848
2013-11-26 04:00:00,,-20.847
2013-11-26 05:00:00,,-20.855
2013-11-26 06:00:00,,-20.868
2013-11-26 07:00:00,,-20.874
2013-11-26 08:00:00,,-20.867
2013-11-26 09:00:00,,-20.877
2013-11-26 10:00:00,,-20.868
2013-11-26 11:00:00,,-20.855
2013-11-26 12:00:00,,-20.85
2013-11-26 13:00:00,,-20.849
2013-11-26 14:00:00,,-20.838
2013-11-26 15:00:00,,-20.842
2013-11-26 16:00:00,,-20.842
2013-11-26 17:00:00,,-20.836
2013-11-26 18:00:00,,-20.842
2013-11-26 19:00:00,,-20.865
2013-11-26 20:00:00,,-20.876
2013-11-26 21:00:00,,-20.872
2013-11-26 22:00:00,,-20.869
2013-11-26 23:00:00,,-20.872
2013-11-27 00:00:00,,-20.866
2013-11-27 01:00:00,,-20.878
2013-11-27 02:00:00,,-20.861
2013-11-27 03:00:00,,-20.86
2013-11-27 04:00:00,,-20.86
2013-11-27 05:00:00,,-20.854
2013-11-27 06:00:00,,-20.868
2013-11-27 07:00:00,,-20.862
2013-11-27 08:00:00,,-20.865
2013-11-27 09:00:00,,-20.871
2013-11-27 10:00:00,,-20.87
2013-11-27 11:00:00,,-20.867
2013-11-27 12:00:00,,-20.858
2013-11-27 13:00:00,,-20.856
2013-11-27 14:00:00,,-20.843
2013-11-27 15:00:00,,-20.842
2013-11-27 16:00:00,,-20.842
2013-11-27 17:00:00,,-20.842
2013-11-27 18:00:00,,-20.834
2013-11-27 19:00:00,,-20.853
2013-11-27 20:00:00,,-20.857
2013-11-27 21:00:00,,-20.856
2013-11-27 22:00:00,,-20.862
2013-11-27 23:00:00,,-20.863
2013-11-28 00:00:00,,-20.854
2013-11-28 01:00:00,,-20.858
2013-11-28 02:00:00,,-20.86
2013-11-28 03:00:00,,-20.855
2013-11-28 04:00:00,,-20.848
2013-11-28 05:00:00,,-20.849
2013-11-28 06:00:00,,-20.86
2013-11-28 07:00:00,,-20.858
2013-11-28 08:00:00,,-20.864
2013-11-28 09:00:00,,-20.87
2013-11-28 10:00:00,,-20.862
2013-11-28 11:00:00,,-20.862
2013-11-28 12:00:00,,-20.853
2013-11-28 13:00:00,,-20.852
2013-11-28 14:00:00,,-20.843
2013-11-28 15:00:00,,-20.854
2013-11-28 16:00:00,,-20.856
2013-11-28 17:00:00,,-20.862
2013-11-28 18:00:00,,-20.861
2013-11-28 19:00:00,,-20.857
2013-11-28 20:00:00,,-20.845
2013-11-28 21:00:00,,-20.852
2013-11-28 22:00:00,,-20.858
2013-11-28 23:00:00,,-20.856
2013-11-29 00:00:00,,-20.852
2013-11-29 01:00:00,,-20.848
2013-11-29 02:00:00,,-20.854
2013-11-29 03:00:00,,-20.848
2013-11-29 04:00:00,,-20.852
2013-11-29 05:00:00,,-20.86
2013-11-29 06:00:00,,-20.869
2013-11-29 07:00:00,,-20.862
2013-11-29 08:00:00,,-20.872
2013-11-29 09:00:00,,-20.874
2013-11-29 10:00:00,,-20.877
2013-11-29 11:00:00,,-20.865
2013-11-29 12:00:00,,-20.851
2013-11-29 13:00:00,,-20.849
2013-11-29 14:00:00,,-20.848
2013-11-29 15:00:00,,-20.837
2013-11-29 16:00:00,,-20.838
2013-11-29 17:00:00,,-20.835
2013-11-29 18:00:00,,-20.841
2013-11-29 19:00:00,,-20.842
2013-11-29 20:00:00,,-20.849
2013-11-29 21:00:00,,-20.848
2013-11-29 22:00:00,,-20.859
2013-11-29 23:00:00,,-20.859
2013-11-30 00:00:00,,-20.865
2013-11-30 01:00:00,,-20.857
2013-11-30 02:00:00,,-20.859
2013-11-30 03:00:00,,-20.853
2013-11-30 04:00:00,,-20.858
2013-11-30 05:00:00,,-20.857
2013-11-30 06:00:00,,-20.862
2013-11-30 07:00:00,,-20.878
2013-11-30 08:00:00,,-20.875
2013-11-30 09:00:00,,-20.87
2013-11-30 10:00:00,,-20.874
2013-11-30 11:00:00,,-20.872
2013-11-30 12:00:00,,-20.865
2013-11-30 13:00:00,,-20.857
2013-11-30 14:00:00,,-20.837
2013-11-30 15:00:00,,-20.832
2013-11-30 16:00:00,,-20.84
2013-11-30 17:00:00,,-20.831
2013-11-30 18:00:00,,-20.84
2013-11-30 19:00:00,,-20.846
2013-11-30 20:00:00,,-20.85
2013-11-30 21:00:00,,-20.854
2013-11-30 22:00:00,,-20.853
2013-11-30 23:00:00,,-20.868
2013-12-01 00:00:00,,-20.867
2013-12-01 01:00:00,,-20.857
2013-12-01 02:00:00,,-20.864
2013-12-01 03:00:00,,-20.863
2013-12-01 04:00:00,,-20.859
2013-12-01 05:00:00,,-20.867
2013-12-01 06:00:00,,-20.872
2013-12-01 07:00:00,,-20.874
2013-12-01 08:00:00,,-20.872
2013-12-01 09:00:00,,-20.886
2013-12-01 10:00:00,,-20.885
2013-12-01 11:00:00,,-20.874
2013-12-01 12:00:00,,-20.859
2013-12-01 13:00:00,,-20.851
2013-12-01 14:00:00,,-20.852
2013-12-01 15:00:00,,-20.846
2013-12-01 16:00:00,,-20.832
2013-12-01 17:00:00,,-20.837
2013-12-01 18:00:00,,-20.833
2013-12-01 19:00:00,,-20.845
2013-12-01 20:00:00,,-20.852
2013-12-01 21:00:00,,-20.856
2013-12-01 22:00:00,,-20.857
2013-12-01 23:00:00,,-20.861
2013-12-02 00:00:00,,-20.855
2013-12-02 01:00:00,,-20.858
2013-12-02 02:00:00,,-20.857
2013-12-02 03:00:00,,-20.856
2013-12-02 04:00:00,,-20.864
2013-12-02 05:00:00,,-20.861
2013-12-02 06:00:00,,-20.872
2013-12-02 07:00:00,,-20.879
2013-12-02 08:00:00,,-20.882
2013-12-02 09:00:00,,-20.874
2013-12-02 10:00:00,,-20.868
2013-12-02 11:00:00,,-20.863
2013-12-02 12:00:00,,-20.861
2013-12-02 13:00:00,,-20.845
2013-12-02 14:00:00,,-20.834
2013-12-02 15:00:00,,-20.836
2013-12-02 16:00:00,,-20.829
2013-12-02 17:00:00,,-20.829
2013-12-02 18:00:00,,-20.846
2013-12-02 19:00:00,,-20.847
2013-12-02 20:00:00,,-20.851
2013-12-02 21:00:00,,-20.867
2013-12-02 22:00:00,,-20.87
2013-12-02 23:00:00,,-20.865
2013-12-03 00:00:00,,-20.861
2013-12-03 01:00:00,,-20.856
2013-12-03 02:00:00,,-20.849
2013-12-03 03:00:00,,-20.842
2013-12-03 04:00:00,,-20.851
2013-12-03 05:00:00,,-20.85
2013-12-03 06:00:00,,-20.846
2013-12-03 07:00:00,,-20.848
2013-12-03 08:00:00,,-20.862
2013-12-03 09:00:00,,-20.869
2013-12-03 10:00:00,,-20.869
2013-12-03 11:00:00,,-20.868
2013-12-03 12:00:00,,-20.861
2013-12-03 13:00:00,,-20.846
2013-12-03 14:00:00,,-20.847
2013-12-03 15:00:00,,-20.833
2013-12-03 16:00:00,,-20.824
2013-12-03 17:00:00,,-20.825
2013-12-03 18:00:00,,-20.842
2013-12-03 19:00:00,,-20.841
2013-12-03 20:00:00,,-20.849
2013-12-03 21:00:00,,-20.851
2013-12-03 22:00:00,,-20.859
2013-12-03 23:00:00,,-20.855
2013-12-04 00:00:00,,-20.852
2013-12-04 01:00:00,,-20.845
2013-12-04 02:00:00,,-20.832
2013-12-04 03:00:00,,-20.834
2013-12-04 04:00:00,,-20.828
2013-12-04 05:00:00,,-20.849
2013-12-04 06:00:00,,-20.852
2013-12-04 07:00:00,,-20.861
2013-12-04 08:00:00,,-20.863
2013-12-04 09:00:00,,-20.874
2013-12-04 10:00:00,,-20.876
2013-12-04 11:00:00,,-20.883
2013-12-04 12:00:00,,-20.88
2013-12-04 13:00:00,,-20.865
2013-12-04 14:00:00,,-20.849
2013-12-04 15:00:00,,-20.849
2013-12-04 16:00:00,,-20.842
2013-12-04 17:00:00,,-20.839
2013-12-04 18:00:00,,-20.837
2013-12-04 19:00:00,,-20.835
2013-12-04 20:00:00,,-20.842
2013-12-04 21:00:00,,-20.85
2013-12-04 22:00:00,,-20.86
2013-12-04 23:00:00,,-20.868
2013-12-05 00:00:00,,-20.858
2013-12-05 01:00:00,,-20.861
2013-12-05 02:00:00,,-20.851
2013-12-05 03:00:00,,-20.859
2013-12-05 04:00:00,,-20.859
2013-12-05 05:00:00,,-20.86
2013-12-05 06:00:00,,-20.872
2013-12-05 07:00:00,,-20.872
2013-12-05 08:00:00,,-20.879
2013-12-05 09:00:00,,-20.878
2013-12-05 10:00:00,,-20.881
2013-12-05 11:00:00,,-20.878
2013-12-05 12:00:00,,-20.871
2013-12-05 13:00:00,,-20.873
2013-12-05 14:00:00,,-20.867
2013-12-05 15:00:00,,-20.853
2013-12-05 16:00:00,,-20.849
2013-12-05 17:00:00,,-20.843
2013-12-05 18:00:00,,-20.851
2013-12-05 19:00:00,,-20.856
2013-12-05 20:00:00,,-20.861
2013-12-05 21:00:00,,-20.874
2013-12-05 22:00:00,,-20.879
2013-12-05 23:00:00,,-20.868
2013-12-06 00:00:00,,-20.875
2013-12-06 01:00:00,,-20.877
2013-12-06 02:00:00,,-20.867
2013-12-06 03:00:00,,-20.867
2013-12-06 04:00:00,,-20.863
2013-12-06 05:00:00,,-20.872
2013-12-06 06:00:00,,-20.879
2013-12-06 07:00:00,,-20.876
2013-12-06 08:00:00,,-20.878
2013-12-06 09:00:00,,-20.886
2013-12-06 10:00:00,,-20.877
2013-12-06 11:00:00,,-20.869
2013-12-06 12:00:00,,-20.865
2013-12-06 13:00:00,,-20.859
2013-12-06 14:00:00,,-20.856
2013-12-06 15:00:00,,-20.85
2013-12-06 16:00:00,,-20.84
2013-12-06 17:00:00,,-20.832
2013-12-06 18:00:00,,-20.841
2013-12-06 19:00:00,,-20.838
2013-12-06 20:00:00,,-20.845
2013-12-06 21:00:00,,-20.851
2013-12-06 22:00:00,,-20.863
2013-12-06 23:00:00,,-20.871
2013-12-07 00:00:00,,-20.872
2013-12-07 01:00:00,,-20.867
2013-12-07 02:00:00,,-20.865
2013-12-07 03:00:00,,-20.862
2013-12-07 04:00:00,,-20.871
2013-12-07 05:00:00,,-20.861
2013-12-07 06:00:00,,-20.872
2013-12-07 07:00:00,,-20.873
2013-12-07 08:00:00,,-20.87
2013-12-07 09:00:00,,-20.877
2013-12-07 10:00:00,,-20.865
2013-12-07 11:00:00,,-20.858
2013-12-07 12:00:00,,-20.857
2013-12-07 13:00:00,,-20.857
2013-12-07 14:00:00,,-20.839
2013-12-07 15:00:00,,-20.834
2013-12-07 16:00:00,,-20.839
2013-12-07 17:00:00,,-20.834
2013-12-07 18:00:00,,-20.839
2013-12-07 19:00:00,,-20.841
2013-12-07 20:00:00,,-20.839
2013-12-07 21:00:00,,-20.849
2013-12-07 22:00:00,,-20.852
2013-12-07 23:00:00,,-20.861
2013-12-08 00:00:00,,-20.849
2013-12-08 01:00:00,,-20.851
2013-12-08 02:00:00,,-20.849
2013-12-08 03:00:00,,-20.856
2013-12-08 04:00:00,,-20.85
2013-12-08 05:00:00,,-20.854
2013-12-08 06:00:00,,-20.859
2013-12-08 07:00:00,,-20.861
2013-12-08 08:00:00,,-20.862
2013-12-08 09:00:00,,-20.868
2013-12-08 10:00:00,,-20.865
2013-12-08 11:00:00,,-20.846
2013-12-08 12:00:00,,-20.843
2013-12-08 13:00:00,,-20.839
2013-12-08 14:00:00,,-20.83
2013-12-08 15:00:00,,-20.835
2013-12-08 16:00:00,,-20.827
2013-12-08 17:00:00,,-20.819
2013-12-08 18:00:00,,-20.822
2013-12-08 19:00:00,,-20.832
2013-12-08 20:00:00,,-20.828
2013-12-08 21:00:00,,-20.837
2013-12-08 22:00:00,,-20.848
2013-12-08 23:00:00,,-20.848
2013-12-09 00:00:00,,-20.848
2013-12-09 01:00:00,,-20.845
2013-12-09 02:00:00,,-20.842
2013-12-09 03:00:00,,-20.835
2013-12-09 04:00:00,,-20.841
2013-12-09 05:00:00,,-20.841
2013-12-09 06:00:00,,-20.846
2013-12-09 07:00:00,,-20.857
2013-12-09 08:00:00,,-20.854
2013-12-09 09:00:00,,-20.854
2013-12-09 10:00:00,,-20.859
2013-12-09 11:00:00,,-20.853
2013-12-09 12:00:00,,-20.837
2013-12-09 13:00:00,,-20.837
2013-12-09 14:00:00,,-20.832
2013-12-09 15:00:00,,-20.835
2013-12-09 16:00:00,,-20.833
2013-12-09 17:00:00,,-20.824
2013-12-09 18:00:00,,-20.835
2013-12-09 19:00:00,,-20.841
2013-12-09 20:00:00,,-20.844
2013-12-09 21:00:00,,-20.856
2013-12-09 22:00:00,,-20.853
2013-12-09 23:00:00,,-20.852
2013-12-10 00:00:00,,-20.854
2013-12-10 01:00:00,,-20.854
2013-12-10 02:00:00,,-20.851
2013-12-10 03:00:00,,-20.853
2013-12-10 04:00:00,,-20.848
2013-12-10 05:00:00,,-20.861
2013-12-10 06:00:00,,-20.865
2013-12-10 07:00:00,,-20.873
2013-12-10 08:00:00,,-20.883
2013-12-10 09:00:00,,-20.879
2013-12-10 10:00:00,,-20.882
2013-12-10 11:00:00,,-20.878
2013-12-10 12:00:00,,-20.856
2013-12-10 13:00:00,,-20.846
2013-12-10 14:00:00,,-20.845
2013-12-10 15:00:00,,-20.833
2013-12-10 16:00:00,,-20.833
2013-12-10 17:00:00,,-20.831
2013-12-10 18:00:00,,-20.848
2013-12-10 19:00:00,,-20.848
2013-12-10 20:00:00,,-20.852
2013-12-10 21:00:00,,-20.85
2013-12-10 22:00:00,,-20.856
2013-12-10 23:00:00,,-20.863
2013-12-11 00:00:00,,-20.86
2013-12-11 01:00:00,,-20.857
2013-12-11 02:00:00,,-20.855
2013-12-11 03:00:00,,-20.851
2013-12-11 04:00:00,,-20.845
2013-12-11 05:00:00,,-20.857
2013-12-11 06:00:00,,-20.867
2013-12-11 07:00:00,,-20.867
2013-12-11 08:00:00,,-20.871
2013-12-11 09:00:00,,-20.88
2013-12-11 10:00:00,,-20.879
2013-12-11 11:00:00,,-20.861
2013-12-11 12:00:00,,-20.865
2013-12-11 13:00:00,,-20.846
2013-12-11 14:00:00,,-20.852
2013-12-11 15:00:00,,-20.846
2013-12-11 16:00:00,,-20.833
2013-12-11 17:00:00,,-20.84
2013-12-11 18:00:00,,-20.852
2013-12-11 19:00:00,,-20.846
2013-12-11 20:00:00,,-20.859
2013-12-11 21:00:00,,-20.861
2013-12-11 22:00:00,,-20.875
2013-12-11 23:00:00,,-20.861
2013-12-12 00:00:00,,-20.865
2013-12-12 01:00:00,,-20.863
2013-12-12 02:00:00,,-20.851
2013-12-12 03:00:00,,-20.847
2013-12-12 04:00:00,,-20.844
2013-12-12 05:00:00,,-20.855
2013-12-12 06:00:00,,-20.855
2013-12-12 07:00:00,,-20.863
2013-12-12 08:00:00,,-20.868
2013-12-12 09:00:00,,-20.871
2013-12-12 10:00:00,,-20.857
2013-12-12 11:00:00,,-20.856
2013-12-12 12:00:00,,-20.858
2013-12-12 13:00:00,,-20.85
2013-12-12 14:00:00,,-20.844
2013-12-12 15:00:00,,-20.839
2013-12-12 16:00:00,,-20.825
2013-12-12 17:00:00,,-20.824
2013-12-12 18:00:00,,-20.834
2013-12-12 19:00:00,,-20.838
2013-12-12 20:00:00,,-20.842
2013-12-12 21:00:00,,-20.851
2013-12-12 22:00:00,,-20.863
2013-12-12 23:00:00,,-20.855
2013-12-13 00:00:00,,-20.858
2013-12-13 01:00:00,,-20.853
2013-12-13 02:00:00,,-20.851
2013-12-13 03:00:00,,-20.846
2013-12-13 04:00:00,,-20.856
2013-12-13 05:00:00,,-20.859
2013-12-13 06:00:00,,-20.862
2013-12-13 07:00:00,,-20.871
2013-12-13 08:00:00,,-20.88
2013-12-13 09:00:00,,-20.874
2013-12-13 10:00:00,,-20.868
2013-12-13 11:00:00,,-20.862
2013-12-13 12:00:00,,-20.867
2013-12-13 13:00:00,,-20.852
2013-12-13 14:00:00,,-20.845
2013-12-13 15:00:00,,-20.835
2013-12-13 16:00:00,,-20.827
2013-12-13 17:00:00,,-20.833
2013-12-13 18:00:00,,-20.835
2013-12-13 19:00:00,,-20.84
2013-12-13 20:00:00,,-20.848
2013-12-13 21:00:00,,-20.861
2013-12-13 22:00:00,,-20.867
2013-12-13 23:00:00,,-20.864
2013-12-14 00:00:00,,-20.863
2013-12-14 01:00:00,,-20.864
2013-12-14 02:00:00,,-20.853
2013-12-14 03:00:00,,-20.851
2013-12-14 04:00:00,,-20.852
2013-12-14 05:00:00,,-20.857
2013-12-14 06:00:00,,-20.864
2013-12-14 07:00:00,,-20.876
2013-12-14 08:00:00,,-20.879
2013-12-14 09:00:00,,-20.873
2013-12-14 10:00:00,,-20.872
2013-12-14 11:00:00,,-20.864
2013-12-14 12:00:00,,-20.855
2013-12-14 13:00:00,,-20.847
2013-12-14 14:00:00,,-20.845
2013-12-14 15:00:00,,-20.834
2013-12-14 16:00:00,,-20.829
2013-12-14 17:00:00,,-20.83
2013-12-14 18:00:00,,-20.827
2013-12-14 19:00:00,,-20.839
2013-12-14 20:00:00,,-20.846
2013-12-14 21:00:00,,-20.845
2013-12-14 22:00:00,,-20.85
2013-12-14 23:00:00,,-20.86
2013-12-15 00:00:00,,-20.855
2013-12-15 01:00:00,,-20.847
2013-12-15 02:00:00,,-20.843
2013-12-15 03:00:00,,-20.844
2013-12-15 04:00:00,,-20.841
2013-12-15 05:00:00,,-20.85
2013-12-15 06:00:00,,-20.858
2013-12-15 07:00:00,,-20.863
2013-12-15 08:00:00,,-20.873
2013-12-15 09:00:00,,-20.865
2013-12-15 10:00:00,,-20.859
2013-12-15 11:00:00,,-20.858
2013-12-15 12:00:00,,-20.859
2013-12-15 13:00:00,,-20.837
2013-12-15 14:00:00,,-20.83
2013-12-15 15:00:00,,-20.83
2013-12-15 16:00:00,,-20.822
2013-12-15 17:00:00,,-20.827
2013-12-15 18:00:00,,-20.831
2013-12-15 19:00:00,,-20.843
2013-12-15 20:00:00,,-20.846
2013-12-15 21:00:00,,-20.855
2013-12-15 22:00:00,,-20.853
2013-12-15 23:00:00,,-20.855
2013-12-16 00:00:00,,-20.857
2013-12-16 01:00:00,,-20.848
2013-12-16 02:00:00,,-20.843
2013-12-16 03:00:00,,-20.841
2013-12-16 04:00:00,,-20.844
2013-12-16 05:00:00,,-20.844
2013-12-16 06:00:00,,-20.854
2013-12-16 07:00:00,,-20.857
2013-12-16 08:00:00,,-20.863
2013-12-16 09:00:00,,-20.86
2013-12-16 10:00:00,,-20.871
2013-12-16 11:00:00,,-20.865
2013-12-16 12:00:00,,-20.855
2013-12-16 13:00:00,,-20.846
2013-12-16 14:00:00,,-20.841
2013-12-16 15:00:00,,-20.84
2013-12-16 16:00:00,,-20.838
2013-12-16 17:00:00,,-20.845
2013-12-16 18:00:00,,-20.838
2013-12-16 19:00:00,,-20.842
2013-12-16 20:00:00,,-20.854
2013-12-16 21:00:00,,-20.86
2013-12-16 22:00:00,,-20.866
2013-12-16 23:00:00,,-20.857
2013-12-17 00:00:00,,-20.855
2013-12-17 01:00:00,,-20.843
2013-12-17 02:00:00,,-20.834
2013-12-17 03:00:00,,-20.829
2013-12-17 04:00:00,,-20.838
2013-12-17 05:00:00,,-20.844
2013-12-17 06:00:00,,-20.845
2013-12-17 07:00:00,,-20.856
2013-12-17 08:00:00,,-20.854
2013-12-17 09:00:00,,-20.852
2013-12-17 10:00:00,,-20.857
2013-12-17 11:00:00,,-20.846
2013-12-17 12:00:00,,-20.852
2013-12-17 13:00:00,,-20.838
2013-12-17 14:00:00,,-20.834
2013-12-17 15:00:00,,-20.829
2013-12-17 16:00:00,,-20.818
2013-12-17 17:00:00,,-20.818
2013-12-17 18:00:00,,-20.821
2013-12-17 19:00:00,,-20.832
2013-12-17 20:00:00,,-20.837
2013-12-17 21:00:00,,-20.842
2013-12-17 22:00:00,,-20.853
2013-12-17 23:00:00,,-20.844
2013-12-18 00:00:00,,-20.85
2013-12-18 01:00:00,,-20.847
2013-12-18 02:00:00,,-20.851
2013-12-18 03:00:00,,-20.84
2013-12-18 04:00:00,,-20.846
2013-12-18 05:00:00,,-20.847
2013-12-18 06:00:00,,-20.853
2013-12-18 07:00:00,,-20.861
2013-12-18 08:00:00,,-20.858
2013-12-18 09:00:00,,-20.854
2013-12-18 10:00:00,,-20.864
2013-12-18 11:00:00,,-20.859
2013-12-18 12:00:00,,-20.847
2013-12-18 13:00:00,,-20.849
2013-12-18 14:00:00,,-20.838
2013-12-18 15:00:00,,-20.837
2013-12-18 16:00:00,,-20.84
2013-12-18 17:00:00,,-20.835
2013-12-18 18:00:00,,-20.831
2013-12-18 19:00:00,,-20.842
2013-12-18 20:00:00,,-20.844
2013-12-18 21:00:00,,-20.853
2013-12-18 22:00:00,,-20.86
2013-12-18 23:00:00,,-20.864
2013-12-19 00:00:00,,-20.857
2013-12-19 01:00:00,,-20.853
2013-12-19 02:00:00,,-20.854
2013-12-19 03:00:00,,-20.849
2013-12-19 04:00:00,,-20.844
2013-12-19 05:00:00,,-20.848
2013-12-19 06:00:00,,-20.854
2013-12-19 07:00:00,,-20.846
2013-12-19 08:00:00,,-20.849
2013-12-19 09:00:00,,-20.849
2013-12-19 10:00:00,,-20.848
2013-12-19 11:00:00,,-20.852
2013-12-19 12:00:00,,-20.847
2013-12-19 13:00:00,,-20.843
2013-12-19 14:00:00,,-20.84
2013-12-19 15:00:00,,-20.823
2013-12-19 16:00:00,,-20.822
2013-12-19 17:00:00,,-20.827
2013-12-19 18:00:00,,-20.824
2013-12-19 19:00:00,,-20.832
2013-12-19 20:00:00,,-20.849
2013-12-19 21:00:00,,-20.855
2013-12-19 22:00:00,,-20.862
2013-12-19 23:00:00,,-20.864
2013-12-20 00:00:00,,-20.851
2013-12-20 01:00:00,,-20.853
2013-12-20 02:00:00,,-20.845
2013-12-20 03:00:00,,-20.835
2013-12-20 04:00:00,,-20.833
2013-12-20 05:00:00,,-20.842
2013-12-20 06:00:00,,-20.849
2013-12-20 07:00:00,,-20.855
2013-12-20 08:00:00,,-20.846
2013-12-20 09:00:00,,-20.86
2013-12-20 10:00:00,,-20.847
2013-12-20 11:00:00,,-20.854
2013-12-20 12:00:00,,-20.846
2013-12-20 13:00:00,,-20.839
2013-12-20 14:00:00,,-20.834
2013-12-20 15:00:00,,-20.823
2013-12-20 16:00:00,,-20.82
2013-12-20 17:00:00,,-20.816
2013-12-20 18:00:00,,-20.811
2013-12-20 19:00:00,,-20.824
2013-12-20 20:00:00,,-20.831
2013-12-20 21:00:00,,-20.844
2013-12-20 22:00:00,,-20.844
2013-12-20 23:00:00,,-20.848
2013-12-21 00:00:00,,-20.847
2013-12-21 01:00:00,,-20.843
2013-12-21 02:00:00,,-20.836
2013-12-21 03:00:00,,-20.837
2013-12-21 04:00:00,,-20.849
2013-12-21 05:00:00,,-20.84
2013-12-21 06:00:00,,-20.851
2013-12-21 07:00:00,,-20.854
2013-12-21 08:00:00,,-20.847
2013-12-21 09:00:00,,-20.858
2013-12-21 10:00:00,,-20.844
2013-12-21 11:00:00,,-20.842
2013-12-21 12:00:00,,-20.843
2013-12-21 13:00:00,,-20.841
2013-12-21 14:00:00,,-20.836
2013-12-21 15:00:00,,-20.822
2013-12-21 16:00:00,,-20.833
2013-12-21 17:00:00,,-20.839
2013-12-21 18:00:00,,-20.84
2013-12-21 19:00:00,,-20.842
2013-12-21 20:00:00,,-20.846
2013-12-21 21:00:00,,-20.839
2013-12-21 22:00:00,,-20.849
2013-12-21 23:00:00,,-20.854
2013-12-22 00:00:00,,-20.852
2013-12-22 01:00:00,,-20.85
2013-12-22 02:00:00,,-20.853
2013-12-22 03:00:00,,-20.843
2013-12-22 04:00:00,,-20.851
2013-12-22 05:00:00,,-20.847
2013-12-22 06:00:00,,-20.85
2013-12-22 07:00:00,,-20.846
2013-12-22 08:00:00,,-20.845
2013-12-22 09:00:00,,-20.844
2013-12-22 10:00:00,,-20.849
2013-12-22 11:00:00,,-20.846
2013-12-22 12:00:00,,-20.845
2013-12-22 13:00:00,,-20.837
2013-12-22 14:00:00,,-20.836
2013-12-22 15:00:00,,-20.834
2013-12-22 16:00:00,,-20.823
2013-12-22 17:00:00,,-20.829
2013-12-22 18:00:00,,-20.828
2013-12-22 19:00:00,,-20.831
2013-12-22 20:00:00,,-20.844
2013-12-22 21:00:00,,-20.845
2013-12-22 22:00:00,,-20.848
2013-12-22 23:00:00,,-20.855
2013-12-23 00:00:00,,-20.862
2013-12-23 01:00:00,,-20.854
2013-12-23 02:00:00,,-20.847
2013-12-23 03:00:00,,-20.857
2013-12-23 04:00:00,,-20.853
2013-12-23 05:00:00,,-20.85
2013-12-23 06:00:00,,-20.857
2013-12-23 07:00:00,,-20.862
2013-12-23 08:00:00,,-20.87
2013-12-23 09:00:00,,-20.867
2013-12-23 10:00:00,,-20.876
2013-12-23 11:00:00,,-20.864
2013-12-23 12:00:00,,-20.865
2013-12-23 13:00:00,,-20.861
2013-12-23 14:00:00,,-20.856
2013-12-23 15:00:00,,-20.849
2013-12-23 16:00:00,,-20.846
2013-12-23 17:00:00,,-20.846
2013-12-23 18:00:00,,-20.844
2013-12-23 19:00:00,,-20.849
2013-12-23 20:00:00,,-20.852
2013-12-23 21:00:00,,-20.853
2013-12-23 22:00:00,,-20.869
2013-12-23 23:00:00,,-20.871
2013-12-24 00:00:00,,-20.856
2013-12-24 01:00:00,,-20.861
2013-12-24 02:00:00,,-20.85
2013-12-24 03:00:00,,-20.843
2013-12-24 04:00:00,,-20.848
2013-12-24 05:00:00,,-20.854
2013-12-24 06:00:00,,-20.847
2013-12-24 07:00:00,,-20.861
2013-12-24 08:00:00,,-20.858
2013-12-24 09:00:00,,-20.858
2013-12-24 10:00:00,,-20.861
2013-12-24 11:00:00,,-20.859
2013-12-24 12:00:00,,-20.85
2013-12-24 13:00:00,,-20.844
2013-12-24 14:00:00,,-20.839
2013-12-24 15:00:00,,-20.846
2013-12-24 16:00:00,,-20.833
2013-12-24 17:00:00,,-20.839
2013-12-24 18:00:00,,-20.836
2013-12-24 19:00:00,,-20.845
2013-12-24 20:00:00,,-20.847
2013-12-24 21:00:00,,-20.847
2013-12-24 22:00:00,,-20.85
2013-12-24 23:00:00,,-20.848
2013-12-25 00:00:00,,-20.844
2013-12-25 01:00:00,,-20.842
2013-12-25 02:00:00,,-20.846
2013-12-25 03:00:00,,-20.839
2013-12-25 04:00:00,,-20.842
2013-12-25 05:00:00,,-20.836
2013-12-25 06:00:00,,-20.846
2013-12-25 07:00:00,,-20.855
2013-12-25 08:00:00,,-20.849
2013-12-25 09:00:00,,-20.859
2013-12-25 10:00:00,,-20.86
2013-12-25 11:00:00,,-20.859
2013-12-25 12:00:00,,-20.851
2013-12-25 13:00:00,,-20.843
2013-12-25 14:00:00,,-20.84
2013-12-25 15:00:00,,-20.842
2013-12-25 16:00:00,,-20.835
2013-12-25 17:00:00,,-20.834
2013-12-25 18:00:00,,-20.838
2013-12-25 19:00:00,,-20.844
2013-12-25 20:00:00,,-20.846
2013-12-25 21:00:00,,-20.842
2013-12-25 22:00:00,,-20.847
2013-12-25 23:00:00,,-20.841
2013-12-26 00:00:00,,-20.846
2013-12-26 01:00:00,,-20.837
2013-12-26 02:00:00,,-20.835
2013-12-26 03:00:00,,-20.844
2013-12-26 04:00:00,,-20.843
2013-12-26 05:00:00,,-20.84
2013-12-26 06:00:00,,-20.839
2013-12-26 07:00:00,,-20.845
2013-12-26 08:00:00,,-20.857
2013-12-26 09:00:00,,-20.857
2013-12-26 10:00:00,,-20.86
2013-12-26 11:00:00,,-20.846
2013-12-26 12:00:00,,-20.846
2013-12-26 13:00:00,,-20.846
2013-12-26 14:00:00,,-20.834
2013-12-26 15:00:00,,-20.824
2013-12-26 16:00:00,,-20.823
2013-12-26 17:00:00,,-20.827
2013-12-26 18:00:00,,-20.826
2013-12-26 19:00:00,,-20.824
2013-12-26 20:00:00,,-20.843
2013-12-26 21:00:00,,-20.847
2013-12-26 22:00:00,,-20.842
2013-12-26 23:00:00,,-20.857
2013-12-27 00:00:00,,-20.855
2013-12-27 01:00:00,,-20.844
2013-12-27 02:00:00,,-20.844
2013-12-27 03:00:00,,-20.833
2013-12-27 04:00:00,,-20.833
2013-12-27 05:00:00,,-20.834
2013-12-27 06:00:00,,-20.832
2013-12-27 07:00:00,,-20.838
2013-12-27 08:00:00,,-20.848
2013-12-27 09:00:00,,-20.853
2013-12-27 10:00:00,,-20.841
2013-12-27 11:00:00,,-20.842
2013-12-27 12:00:00,,-20.835
2013-12-27 13:00:00,,-20.826
2013-12-27 14:00:00,,-20.822
2013-12-27 15:00:00,,-20.811
2013-12-27 16:00:00,,-20.814
2013-12-27 17:00:00,,-20.809
2013-12-27 18:00:00,,-20.826
2013-12-27 19:00:00,,-20.825
2013-12-27 20:00:00,,-20.828
2013-12-27 21:00:00,,-20.838
2013-12-27 22:00:00,,-20.845
2013-12-27 23:00:00,,-20.85
2013-12-28 00:00:00,,-20.848
2013-12-28 01:00:00,,-20.842
2013-12-28 02:00:00,,-20.827
2013-12-28 03:00:00,,-20.829
2013-12-28 04:00:00,,-20.832
2013-12-28 05:00:00,,-20.841
2013-12-28 06:00:00,,-20.844
2013-12-28 07:00:00,,-20.847
2013-12-28 08:00:00,,-20.854
2013-12-28 09:00:00,,-20.852
2013-12-28 10:00:00,,-20.856
2013-12-28 11:00:00,,-20.846
2013-12-28 12:00:00,,-20.834
2013-12-28 13:00:00,,-20.831
2013-12-28 14:00:00,,-20.827
2013-12-28 15:00:00,,-20.822
2013-12-28 16:00:00,,-20.821
2013-12-28 17:00:00,,-20.812
2013-12-28 18:00:00,,-20.826
2013-12-28 19:00:00,,-20.824
2013-12-28 20:00:00,,-20.838
2013-12-28 21:00:00,,-20.836
2013-12-28 22:00:00,,-20.846
2013-12-28 23:00:00,,-20.84
2013-12-29 00:00:00,,-20.844
2013-12-29 01:00:00,,-20.835
2013-12-29 02:00:00,,-20.838
2013-12-29 03:00:00,,-20.837
2013-12-29 04:00:00,,-20.838
2013-12-29 05:00:00,,-20.836
2013-12-29 06:00:00,,-20.839
2013-12-29 07:00:00,,-20.856
2013-12-29 08:00:00,,-20.864
2013-12-29 09:00:00,,-20.862
2013-12-29 10:00:00,,-20.864
2013-12-29 11:00:00,,-20.854
2013-12-29 12:00:00,,-20.858
2013-12-29 13:00:00,,-20.839
2013-12-29 14:00:00,,-20.837
2013-12-29 15:00:00,,-20.835
2013-12-29 16:00:00,,-20.819
2013-12-29 17:00:00,,-20.817
2013-12-29 18:00:00,,-20.82
2013-12-29 19:00:00,,-20.827
2013-12-29 20:00:00,,-20.845
2013-12-29 21:00:00,,-20.857
2013-12-29 22:00:00,,-20.853
2013-12-29 23:00:00,,-20.844
2013-12-30 00:00:00,,-20.851
2013-12-30 01:00:00,,-20.847
2013-12-30 02:00:00,,-20.838
2013-12-30 03:00:00,,-20.838
2013-12-30 04:00:00,,-20.846
2013-12-30 05:00:00,,-20.848
2013-12-30 06:00:00,,-20.854
2013-12-30 07:00:00,,-20.866
2013-12-30 08:00:00,,-20.872
2013-12-30 09:00:00,,-20.862
2013-12-30 10:00:00,,-20.867
2013-12-30 11:00:00,,-20.853
2013-12-30 12:00:00,,-20.847
2013-12-30 13:00:00,,-20.833
2013-12-30 14:00:00,,-20.824
2013-12-30 15:00:00,,-20.828
2013-12-30 16:00:00,,-20.823
2013-12-30 17:00:00,,-20.815
2013-12-30 18:00:00,,-20.822
2013-12-30 19:00:00,,-20.824
2013-12-30 20:00:00,,-20.83
2013-12-30 21:00:00,,-20.837
2013-12-30 22:00:00,,-20.849
2013-12-30 23:00:00,,-20.846
2013-12-31 00:00:00,,-20.837
2013-12-31 01:00:00,,-20.835
2013-12-31 02:00:00,,-20.848
2013-12-31 03:00:00,,-20.842
2013-12-31 04:00:00,,-20.838
2013-12-31 05:00:00,,-20.838
2013-12-31 06:00:00,,-20.856
2013-12-31 07:00:00,,-20.855
2013-12-31 08:00:00,,-20.853
2013-12-31 09:00:00,,-20.86
2013-12-31 10:00:00,,-20.864
2013-12-31 11:00:00,,-20.858
2013-12-31 12:00:00,,-20.85
2013-12-31 13:00:00,,-20.837
2013-12-31 14:00:00,,-20.821
2013-12-31 15:00:00,,-20.819
2013-12-31 16:00:00,,-20.817
2013-12-31 17:00:00,,-20.818
2013-12-31 18:00:00,,-20.817
2013-12-31 19:00:00,,-20.822
2013-12-31 20:00:00,,-20.833
2013-12-31 21:00:00,,-20.833
2013-12-31 22:00:00,,-20.834
2013-12-31 23:00:00,,-20.844
2014-01-01 00:00:00,,-20.841
2014-01-01 01:00:00,,-20.836
2014-01-01 02:00:00,,-20.832
2014-01-01 03:00:00,,-20.843
2014-01-01 04:00:00,,-20.84
2014-01-01 05:00:00,,-20.842
2014-01-01 06:00:00,,-20.846
2014-01-01 07:00:00,,-20.841
2014-01-01 08:00:00,,-20.844
2014-01-01 09:00:00,,-20.845
2014-01-01 10:00:00,,-20.849
2014-01-01 11:00:00,,-20.849
2014-01-01 12:00:00,,-20.847
2014-01-01 13:00:00,,-20.841
2014-01-01 14:00:00,,-20.834
2014-01-01 15:00:00,,-20.815
2014-01-01 16:00:00,,-20.815
2014-01-01 17:00:00,,-20.812
2014-01-01 18:00:00,,-20.81
2014-01-01 19:00:00,,-20.821
2014-01-01 20:00:00,,-20.829
2014-01-01 21:00:00,,-20.833
2014-01-01 22:00:00,,-20.833
2014-01-01 23:00:00,,-20.843
2014-01-02 00:00:00,,-20.841
2014-01-02 01:00:00,,-20.839
2014-01-02 02:00:00,,-20.829
2014-01-02 03:00:00,,-20.835
2014-01-02 04:00:00,,-20.829
2014-01-02 05:00:00,,-20.835
2014-01-02 06:00:00,,-20.834
2014-01-02 07:00:00,,-20.843
2014-01-02 08:00:00,,-20.854
2014-01-02 09:00:00,,-20.854
2014-01-02 10:00:00,,-20.858
2014-01-02 11:00:00,,-20.849
2014-01-02 12:00:00,,-20.849
2014-01-02 13:00:00,,-20.842
2014-01-02 14:00:00,,-20.833
2014-01-02 15:00:00,,-20.828
2014-01-02 16:00:00,,-20.818
2014-01-02 17:00:00,,-20.807
2014-01-02 18:00:00,,-20.82
2014-01-02 19:00:00,,-20.82
2014-01-02 20:00:00,,-20.819
2014-01-02 21:00:00,,-20.838
2014-01-02 22:00:00,,-20.847
2014-01-02 23:00:00,,-20.837
2014-01-03 00:00:00,,-20.841
2014-01-03 01:00:00,,-20.842
2014-01-03 02:00:00,,-20.826
2014-01-03 03:00:00,,-20.834
2014-01-03 04:00:00,,-20.84
2014-01-03 05:00:00,,-20.838
2014-01-03 06:00:00,,-20.846
2014-01-03 07:00:00,,-20.839
2014-01-03 08:00:00,,-20.847
2014-01-03 09:00:00,,-20.852
2014-01-03 10:00:00,,-20.853
2014-01-03 11:00:00,,-20.853
2014-01-03 12:00:00,,-20.857
2014-01-03 13:00:00,,-20.852
2014-01-03 14:00:00,,-20.84
2014-01-03 15:00:00,,-20.837
2014-01-03 16:00:00,,-20.829
2014-01-03 17:00:00,,-20.827
2014-01-03 18:00:00,,-20.832
2014-01-03 19:00:00,,-20.832
2014-01-03 20:00:00,,-20.835
2014-01-03 21:00:00,,-20.842
2014-01-03 22:00:00,,-20.846
2014-01-03 23:00:00,,-20.844
2014-01-04 00:00:00,,-20.855
2014-01-04 01:00:00,,-20.847
2014-01-04 02:00:00,,-20.842
2014-01-04 03:00:00,,-20.849
2014-01-04 04:00:00,,-20.847
2014-01-04 05:00:00,,-20.85
2014-01-04 06:00:00,,-20.858
2014-01-04 07:00:00,,-20.86
2014-01-04 08:00:00,,-20.864
2014-01-04 09:00:00,,-20.86
2014-01-04 10:00:00,,-20.861
2014-01-04 11:00:00,,-20.858
2014-01-04 12:00:00,,-20.858
2014-01-04 13:00:00,,-20.85
2014-01-04 14:00:00,,-20.837
2014-01-04 15:00:00,,-20.83
2014-01-04 16:00:00,,-20.826
2014-01-04 17:00:00,,-20.824
2014-01-04 18:00:00,,-20.822
2014-01-04 19:00:00,,-20.824
2014-01-04 20:00:00,,-20.826
2014-01-04 21:00:00,,-20.836
2014-01-04 22:00:00,,-20.85
2014-01-04 23:00:00,,-20.849
2014-01-05 00:00:00,,-20.842
2014-01-05 01:00:00,,-20.844
2014-01-05 02:00:00,,-20.836
2014-01-05 03:00:00,,-20.838
2014-01-05 04:00:00,,-20.847
2014-01-05 05:00:00,,-20.839
2014-01-05 06:00:00,,-20.846
2014-01-05 07:00:00,,-20.856
2014-01-05 08:00:00,,-20.86
2014-01-05 09:00:00,,-20.855
2014-01-05 10:00:00,,-20.86
2014-01-05 11:00:00,,-20.85
2014-01-05 12:00:00,,-20.856
2014-01-05 13:00:00,,-20.843
2014-01-05 14:00:00,,-20.838
2014-01-05 15:00:00,,-20.831
2014-01-05 16:00:00,,-20.828
2014-01-05 17:00:00,,-20.827
2014-01-05 18:00:00,,-20.834
2014-01-05 19:00:00,,-20.838
2014-01-05 20:00:00,,-20.836
2014-01-05 21:00:00,,-20.838
2014-01-05 22:00:00,,-20.849
2014-01-05 23:00:00,,-20.851
2014-01-06 00:00:00,,-20.856
2014-01-06 01:00:00,,-20.84
2014-01-06 02:00:00,,-20.84
2014-01-06 03:00:00,,-20.841
2014-01-06 04:00:00,,-20.845
2014-01-06 05:00:00,,-20.85
2014-01-06 06:00:00,,-20.864
2014-01-06 07:00:00,,-20.867
2014-01-06 08:00:00,,-20.865
2014-01-06 09:00:00,,-20.867
2014-01-06 10:00:00,,-20.857
2014-01-06 11:00:00,,-20.868
2014-01-06 12:00:00,,-20.853
2014-01-06 13:00:00,,-20.849
2014-01-06 14:00:00,,-20.84
2014-01-06 15:00:00,,-20.83
2014-01-06 16:00:00,,-20.839
2014-01-06 17:00:00,,-20.838
2014-01-06 18:00:00,,-20.835
2014-01-06 19:00:00,,-20.844
2014-01-06 20:00:00,,-20.845
2014-01-06 21:00:00,,-20.854
2014-01-06 22:00:00,,-20.856
2014-01-06 23:00:00,,-20.852
2014-01-07 00:00:00,,-20.85
2014-01-07 01:00:00,,-20.844
2014-01-07 02:00:00,,-20.844
2014-01-07 03:00:00,,-20.847
2014-01-07 04:00:00,,-20.848
2014-01-07 05:00:00,,-20.857
2014-01-07 06:00:00,,-20.861
2014-01-07 07:00:00,,-20.859
2014-01-07 08:00:00,,-20.854
2014-01-07 09:00:00,,-20.854
2014-01-07 10:00:00,,-20.856
2014-01-07 11:00:00,,-20.851
2014-01-07 12:00:00,,-20.845
2014-01-07 13:00:00,,-20.829
2014-01-07 14:00:00,,-20.829
2014-01-07 15:00:00,,-20.817
2014-01-07 16:00:00,,-20.815
2014-01-07 17:00:00,,-20.815
2014-01-07 18:00:00,,-20.824
2014-01-07 19:00:00,,-20.821
2014-01-07 20:00:00,,-20.835
2014-01-07 21:00:00,,-20.838
2014-01-07 22:00:00,,-20.836
2014-01-07 23:00:00,,-20.844
2014-01-08 00:00:00,,-20.842
2014-01-08 01:00:00,,-20.84
2014-01-08 02:00:00,,-20.831
2014-01-08 03:00:00,,-20.83
2014-01-08 04:00:00,,-20.831
2014-01-08 05:00:00,,-20.834
2014-01-08 06:00:00,,-20.838
2014-01-08 07:00:00,,-20.848
2014-01-08 08:00:00,,-20.853
2014-01-08 09:00:00,,-20.847
2014-01-08 10:00:00,,-20.836
2014-01-08 11:00:00,,-20.839
2014-01-08 12:00:00,,-20.837
2014-01-08 13:00:00,,-20.825
2014-01-08 14:00:00,,-20.82
2014-01-08 15:00:00,,-20.807
2014-01-08 16:00:00,,-20.817
2014-01-08 17:00:00,,-20.811
2014-01-08 18:00:00,,-20.821
2014-01-08 19:00:00,,-20.82
2014-01-08 20:00:00,,-20.826
2014-01-08 21:00:00,,-20.832
2014-01-08 22:00:00,,-20.84
2014-01-08 23:00:00,,-20.842
2014-01-09 00:00:00,,-20.848
2014-01-09 01:00:00,,-20.834
2014-01-09 02:00:00,,-20.836
2014-01-09 03:00:00,,-20.833
2014-01-09 04:00:00,,-20.839
2014-01-09 05:00:00,,-20.83
2014-01-09 06:00:00,,-20.841
2014-01-09 07:00:00,,-20.848
2014-01-09 08:00:00,,-20.85
2014-01-09 09:00:00,,-20.842
2014-01-09 10:00:00,,-20.848
2014-01-09 11:00:00,,-20.848
2014-01-09 12:00:00,,-20.832
2014-01-09 13:00:00,,-20.837
2014-01-09 14:00:00,,-20.824
2014-01-09 15:00:00,,-20.82
2014-01-09 16:00:00,,-20.82
2014-01-09 17:00:00,,-20.812
2014-01-09 18:00:00,,-20.812
2014-01-09 19:00:00,,-20.818
2014-01-09 20:00:00,,-20.83
2014-01-09 21:00:00,,-20.837
2014-01-09 22:00:00,,-20.835
2014-01-09 23:00:00,,-20.843
2014-01-10 00:00:00,,-20.849
2014-01-10 01:00:00,,-20.847
2014-01-10 02:00:00,,-20.838
2014-01-10 03:00:00,,-20.828
2014-01-10 04:00:00,,-20.831
2014-01-10 05:00:00,,-20.837
2014-01-10 06:00:00,,-20.85
2014-01-10 07:00:00,,-20.858
2014-01-10 08:00:00,,-20.856
2014-01-10 09:00:00,,-20.856
2014-01-10 10:00:00,,-20.849
2014-01-10 11:00:00,,-20.843
2014-01-10 12:00:00,,-20.841
2014-01-10 13:00:00,,-20.839
2014-01-10 14:00:00,,-20.835
2014-01-10 15:00:00,,-20.826
2014-01-10 16:00:00,,-20.822
2014-01-10 17:00:00,,-20.821
2014-01-10 18:00:00,,-20.824
2014-01-10 19:00:00,,-20.834
2014-01-10 20:00:00,,-20.827
2014-01-10 21:00:00,,-20.841
2014-01-10 22:00:00,,-20.854
2014-01-10 23:00:00,,-20.847
2014-01-11 00:00:00,,-20.841
2014-01-11 01:00:00,,-20.837
2014-01-11 02:00:00,,-20.832
2014-01-11 03:00:00,,-20.837
2014-01-11 04:00:00,,-20.842
2014-01-11 05:00:00,,-20.845
2014-01-11 06:00:00,,-20.853
2014-01-11 07:00:00,,-20.851
2014-01-11 08:00:00,,-20.861
2014-01-11 09:00:00,,-20.858
2014-01-11 10:00:00,,-20.856
2014-01-11 11:00:00,,-20.843
2014-01-11 12:00:00,,-20.832
2014-01-11 13:00:00,,-20.83
2014-01-11 14:00:00,,-20.829
2014-01-11 15:00:00,,-20.82
2014-01-11 16:00:00,,-20.808
2014-01-11 17:00:00,,-20.808
2014-01-11 18:00:00,,-20.816
2014-01-11 19:00:00,,-20.81
2014-01-11 20:00:00,,-20.817
2014-01-11 21:00:00,,-20.829
2014-01-11 22:00:00,,-20.843
2014-01-11 23:00:00,,-20.848
2014-01-12 00:00:00,,-20.842
2014-01-12 01:00:00,,-20.84
2014-01-12 02:00:00,,-20.84
2014-01-12 03:00:00,,-20.84
2014-01-12 04:00:00,,-20.831
2014-01-12 05:00:00,,-20.84
2014-01-12 06:00:00,,-20.843
2014-01-12 07:00:00,,-20.85
2014-01-12 08:00:00,,-20.847
2014-01-12 09:00:00,,-20.849
2014-01-12 10:00:00,,-20.84
2014-01-12 11:00:00,,-20.838
2014-01-12 12:00:00,,-20.839
2014-01-12 13:00:00,,-20.833
2014-01-12 14:00:00,,-20.824
2014-01-12 15:00:00,,-20.804
2014-01-12 16:00:00,,-20.808
2014-01-12 17:00:00,,-20.802
2014-01-12 18:00:00,,-20.806
2014-01-12 19:00:00,,-20.814
2014-01-12 20:00:00,,-20.821
2014-01-12 21:00:00,,-20.833
2014-01-12 22:00:00,,-20.833
2014-01-12 23:00:00,,-20.84
2014-01-13 00:00:00,,-20.836
2014-01-13 01:00:00,,-20.832
2014-01-13 02:00:00,,-20.833
2014-01-13 03:00:00,,-20.833
2014-01-13 04:00:00,,-20.822
2014-01-13 05:00:00,,-20.83
2014-01-13 06:00:00,,-20.84
2014-01-13 07:00:00,,-20.834
2014-01-13 08:00:00,,-20.849
2014-01-13 09:00:00,,-20.842
2014-01-13 10:00:00,,-20.845
2014-01-13 11:00:00,,-20.84
2014-01-13 12:00:00,,-20.825
2014-01-13 13:00:00,,-20.818
2014-01-13 14:00:00,,-20.805
2014-01-13 15:00:00,,-20.799
2014-01-13 16:00:00,,-20.802
2014-01-13 17:00:00,,-20.795
2014-01-13 18:00:00,,-20.814
2014-01-13 19:00:00,,-20.813
2014-01-13 20:00:00,,-20.825
2014-01-13 21:00:00,,-20.828
2014-01-13 22:00:00,,-20.834
2014-01-13 23:00:00,,-20.844
2014-01-14 00:00:00,,-20.841
2014-01-14 01:00:00,,-20.845
2014-01-14 02:00:00,,-20.83
2014-01-14 03:00:00,,-20.831
2014-01-14 04:00:00,,-20.83
2014-01-14 05:00:00,,-20.83
2014-01-14 06:00:00,,-20.837
2014-01-14 07:00:00,,-20.837
2014-01-14 08:00:00,,-20.845
2014-01-14 09:00:00,,-20.853
2014-01-14 10:00:00,,-20.84
2014-01-14 11:00:00,,-20.834
2014-01-14 12:00:00,,-20.835
2014-01-14 13:00:00,,-20.828
2014-01-14 14:00:00,,-20.827
2014-01-14 15:00:00,,-20.821
2014-01-14 16:00:00,,-20.812
2014-01-14 17:00:00,,-20.812
2014-01-14 18:00:00,,-20.814
2014-01-14 19:00:00,,-20.826
2014-01-14 20:00:00,,-20.829
2014-01-14 21:00:00,,-20.843
2014-01-14 22:00:00,,-20.84
2014-01-14 23:00:00,,-20.853
2014-01-15 00:00:00,,-20.85
2014-01-15 01:00:00,,-20.835
2014-01-15 02:00:00,,-20.836
2014-01-15 03:00:00,,-20.832
2014-01-15 04:00:00,,-20.837
2014-01-15 05:00:00,,-20.842
2014-01-15 06:00:00,,-20.838
2014-01-15 07:00:00,,-20.842
2014-01-15 08:00:00,,-20.846
2014-01-15 09:00:00,,-20.841
2014-01-15 10:00:00,,-20.846
2014-01-15 11:00:00,,-20.836
2014-01-15 12:00:00,,-20.843
2014-01-15 13:00:00,,-20.831
2014-01-15 14:00:00,,-20.827
2014-01-15 15:00:00,,-20.83
2014-01-15 16:00:00,,-20.826
2014-01-15 17:00:00,,-20.819
2014-01-15 18:00:00,,-20.832
2014-01-15 19:00:00,,-20.833
2014-01-15 20:00:00,,-20.833
2014-01-15 21:00:00,,-20.846
2014-01-15 22:00:00,,-20.838
2014-01-15 23:00:00,,-20.85
2014-01-16 00:00:00,,-20.842
2014-01-16 01:00:00,,-20.83
2014-01-16 02:00:00,,-20.823
2014-01-16 03:00:00,,-20.824
2014-01-16 04:00:00,,-20.826
2014-01-16 05:00:00,,-20.827
2014-01-16 06:00:00,,-20.822
2014-01-16 07:00:00,,-20.826
2014-01-16 08:00:00,,-20.831
2014-01-16 09:00:00,,-20.845
2014-01-16 10:00:00,,-20.84
2014-01-16 11:00:00,,-20.83
2014-01-16 12:00:00,,-20.839
2014-01-16 13:00:00,,-20.831
2014-01-16 14:00:00,,-20.826
2014-01-16 15:00:00,,-20.823
2014-01-16 16:00:00,,-20.817
2014-01-16 17:00:00,,-20.804
2014-01-16 18:00:00,,-20.804
2014-01-16 19:00:00,,-20.823
2014-01-16 20:00:00,,-20.83
2014-01-16 21:00:00,,-20.828
2014-01-16 22:00:00,,-20.833
2014-01-16 23:00:00,,-20.828
2014-01-17 00:00:00,,-20.828
2014-01-17 01:00:00,,-20.827
2014-01-17 02:00:00,,-20.818
2014-01-17 03:00:00,,-20.814
2014-01-17 04:00:00,,-20.818
2014-01-17 05:00:00,,-20.819
2014-01-17 06:00:00,,-20.829
2014-01-17 07:00:00,,-20.823
2014-01-17 08:00:00,,-20.827
2014-01-17 09:00:00,,-20.834
2014-01-17 10:00:00,,-20.831
2014-01-17 11:00:00,,-20.835
2014-01-17 12:00:00,,-20.833
2014-01-17 13:00:00,,-20.834
2014-01-17 14:00:00,,-20.816
2014-01-17 15:00:00,,-20.808
2014-01-17 16:00:00,,-20.81
2014-01-17 17:00:00,,-20.805
2014-01-17 18:00:00,,-20.81
2014-01-17 19:00:00,,-20.817
2014-01-17 20:00:00,,-20.829
2014-01-17 21:00:00,,-20.827
2014-01-17 22:00:00,,-20.834
2014-01-17 23:00:00,,-20.84
2014-01-18 00:00:00,,-20.829
2014-01-18 01:00:00,,-20.822
2014-01-18 02:00:00,,-20.816
2014-01-18 03:00:00,,-20.811
2014-01-18 04:00:00,,-20.808
2014-01-18 05:00:00,,-20.815
2014-01-18 06:00:00,,-20.821
2014-01-18 07:00:00,,-20.821
2014-01-18 08:00:00,,-20.833
2014-01-18 09:00:00,,-20.842
2014-01-18 10:00:00,,-20.832
2014-01-18 11:00:00,,-20.841
2014-01-18 12:00:00,,-20.827
2014-01-18 13:00:00,,-20.822
2014-01-18 14:00:00,,-20.818
2014-01-18 15:00:00,,-20.819
2014-01-18 16:00:00,,-20.805
2014-01-18 17:00:00,,-20.806
2014-01-18 18:00:00,,-20.81
2014-01-18 19:00:00,,-20.822
2014-01-18 20:00:00,,-20.834
2014-01-18 21:00:00,,-20.846
2014-01-18 22:00:00,,-20.839
2014-01-18 23:00:00,,-20.852
2014-01-19 00:00:00,,-20.836
2014-01-19 01:00:00,,-20.839
2014-01-19 02:00:00,,-20.821
2014-01-19 03:00:00,,-20.82
2014-01-19 04:00:00,,-20.824
2014-01-19 05:00:00,,-20.816
2014-01-19 06:00:00,,-20.829
2014-01-19 07:00:00,,-20.835
2014-01-19 08:00:00,,-20.834
2014-01-19 09:00:00,,-20.841
2014-01-19 10:00:00,,-20.84
2014-01-19 11:00:00,,-20.837
2014-01-19 12:00:00,,-20.844
2014-01-19 13:00:00,,-20.831
2014-01-19 14:00:00,,-20.828
2014-01-19 15:00:00,,-20.828
2014-01-19 16:00:00,,-20.814
2014-01-19 17:00:00,,-20.817
2014-01-19 18:00:00,,-20.805
2014-01-19 19:00:00,,-20.817
2014-01-19 20:00:00,,-20.822
2014-01-19 21:00:00,,-20.824
2014-01-19 22:00:00,,-20.822
2014-01-19 23:00:00,,-20.83
2014-01-20 00:00:00,,-20.825
2014-01-20 01:00:00,,-20.823
2014-01-20 02:00:00,,-20.823
2014-01-20 03:00:00,,-20.82
2014-01-20 04:00:00,,-20.817
2014-01-20 05:00:00,,-20.821
2014-01-20 06:00:00,,-20.824
2014-01-20 07:00:00,,-20.821
2014-01-20 08:00:00,,-20.824
2014-01-20 09:00:00,,-20.829
2014-01-20 10:00:00,,-20.837
2014-01-20 11:00:00,,-20.83
2014-01-20 12:00:00,,-20.828
2014-01-20 13:00:00,,-20.833
2014-01-20 14:00:00,,-20.826
2014-01-20 15:00:00,,-20.814
2014-01-20 16:00:00,,-20.82
2014-01-20 17:00:00,,-20.815
2014-01-20 18:00:00,,-20.817
2014-01-20 19:00:00,,-20.821
2014-01-20 20:00:00,,-20.824
2014-01-20 21:00:00,,-20.823
2014-01-20 22:00:00,,-20.838
2014-01-20 23:00:00,,-20.839
2014-01-21 00:00:00,,-20.835
2014-01-21 01:00:00,,-20.836
2014-01-21 02:00:00,,-20.834
2014-01-21 03:00:00,,-20.832
2014-01-21 04:00:00,,-20.83
2014-01-21 05:00:00,,-20.829
2014-01-21 06:00:00,,-20.829
2014-01-21 07:00:00,,-20.833
2014-01-21 08:00:00,,-20.837
2014-01-21 09:00:00,,-20.845
2014-01-21 10:00:00,,-20.831
2014-01-21 11:00:00,,-20.829
2014-01-21 12:00:00,,-20.832
2014-01-21 13:00:00,,-20.826
2014-01-21 14:00:00,,-20.823
2014-01-21 15:00:00,,-20.815
2014-01-21 16:00:00,,-20.81
2014-01-21 17:00:00,,-20.806
2014-01-21 18:00:00,,-20.809
2014-01-21 19:00:00,,-20.807
2014-01-21 20:00:00,,-20.815
2014-01-21 21:00:00,,-20.822
2014-01-21 22:00:00,,-20.839
2014-01-21 23:00:00,,-20.839
2014-01-22 00:00:00,,-20.84
2014-01-22 01:00:00,,-20.838
2014-01-22 02:00:00,,-20.84
2014-01-22 03:00:00,,-20.827
2014-01-22 04:00:00,,-20.83
2014-01-22 05:00:00,,-20.819
2014-01-22 06:00:00,,-20.828
2014-01-22 07:00:00,,-20.836
2014-01-22 08:00:00,,-20.834
2014-01-22 09:00:00,,-20.837
2014-01-22 10:00:00,,-20.842
2014-01-22 11:00:00,,-20.836
2014-01-22 12:00:00,,-20.837
2014-01-22 13:00:00,,-20.838
2014-01-22 14:00:00,,-20.825
2014-01-22 15:00:00,,-20.827
2014-01-22 16:00:00,,-20.813
2014-01-22 17:00:00,,-20.818
2014-01-22 18:00:00,,-20.823
2014-01-22 19:00:00,,-20.82
2014-01-22 20:00:00,,-20.826
2014-01-22 21:00:00,,-20.836
2014-01-22 22:00:00,,-20.829
2014-01-22 23:00:00,,-20.837
2014-01-23 00:00:00,,-20.829
2014-01-23 01:00:00,,-20.832
2014-01-23 02:00:00,,-20.823
2014-01-23 03:00:00,,-20.829
2014-01-23 04:00:00,,-20.828
2014-01-23 05:00:00,,-20.831
2014-01-23 06:00:00,,-20.824
2014-01-23 07:00:00,,-20.828
2014-01-23 08:00:00,,-20.842
2014-01-23 09:00:00,,-20.831
2014-01-23 10:00:00,,-20.836
2014-01-23 11:00:00,,-20.827
2014-01-23 12:00:00,,-20.828
2014-01-23 13:00:00,,-20.823
2014-01-23 14:00:00,,-20.821
2014-01-23 15:00:00,,-20.806
2014-01-23 16:00:00,,-20.811
2014-01-23 17:00:00,,-20.809
2014-01-23 18:00:00,,-20.804
2014-01-23 19:00:00,,-20.819
2014-01-23 20:00:00,,-20.82
2014-01-23 21:00:00,,-20.816
2014-01-23 22:00:00,,-20.826
2014-01-23 23:00:00,,-20.82
2014-01-24 00:00:00,,-20.82
2014-01-24 01:00:00,,-20.832
2014-01-24 02:00:00,,-20.831
2014-01-24 03:00:00,,-20.823
2014-01-24 04:00:00,,-20.817
2014-01-24 05:00:00,,-20.819
2014-01-24 06:00:00,,-20.834
2014-01-24 07:00:00,,-20.827
2014-01-24 08:00:00,,-20.841
2014-01-24 09:00:00,,-20.829
2014-01-24 10:00:00,,-20.826
2014-01-24 11:00:00,,-20.827
2014-01-24 12:00:00,,-20.817
2014-01-24 13:00:00,,-20.82
2014-01-24 14:00:00,,-20.808
2014-01-24 15:00:00,,-20.816
2014-01-24 16:00:00,,-20.812
2014-01-24 17:00:00,,-20.803
2014-01-24 18:00:00,,-20.804
2014-01-24 19:00:00,,-20.81
2014-01-24 20:00:00,,-20.822
2014-01-24 21:00:00,,-20.827
2014-01-24 22:00:00,,-20.826
2014-01-24 23:00:00,,-20.83
2014-01-25 00:00:00,,-20.832
2014-01-25 01:00:00,,-20.832
2014-01-25 02:00:00,,-20.829
2014-01-25 03:00:00,,-20.829
2014-01-25 04:00:00,,-20.831
2014-01-25 05:00:00,,-20.84
2014-01-25 06:00:00,,-20.845
2014-01-25 07:00:00,,-20.856
2014-01-25 08:00:00,,-20.85
2014-01-25 09:00:00,,-20.85
2014-01-25 10:00:00,,-20.847
2014-01-25 11:00:00,,-20.843
2014-01-25 12:00:00,,-20.838
2014-01-25 13:00:00,,-20.829
2014-01-25 14:00:00,,-20.829
2014-01-25 15:00:00,,-20.824
2014-01-25 16:00:00,,-20.817
2014-01-25 17:00:00,,-20.822
2014-01-25 18:00:00,,-20.822
2014-01-25 19:00:00,,-20.84
2014-01-25 20:00:00,,-20.829
2014-01-25 21:00:00,,-20.847
2014-01-25 22:00:00,,-20.854
2014-01-25 23:00:00,,-20.854
2014-01-26 00:00:00,,-20.85
2014-01-26 01:00:00,,-20.838
2014-01-26 02:00:00,,-20.84
2014-01-26 03:00:00,,-20.834
2014-01-26 04:00:00,,-20.831
2014-01-26 05:00:00,,-20.82
2014-01-26 06:00:00,,-20.832
2014-01-26 07:00:00,,-20.842
2014-01-26 08:00:00,,-20.846
2014-01-26 09:00:00,,-20.834
2014-01-26 10:00:00,,-20.832
2014-01-26 11:00:00,,-20.828
2014-01-26 12:00:00,,-20.823
2014-01-26 13:00:00,,-20.822
2014-01-26 14:00:00,,-20.819
2014-01-26 15:00:00,,-20.815
2014-01-26 16:00:00,,-20.811
2014-01-26 17:00:00,,-20.805
2014-01-26 18:00:00,,-20.798
2014-01-26 19:00:00,,-20.802
2014-01-26 20:00:00,,-20.809
2014-01-26 21:00:00,,-20.819
2014-01-26 22:00:00,,-20.831
2014-01-26 23:00:00,,-20.84
2014-01-27 00:00:00,,-20.835
2014-01-27 01:00:00,,-20.831
2014-01-27 02:00:00,,-20.822
2014-01-27 03:00:00,,-20.826
2014-01-27 04:00:00,,-20.821
2014-01-27 05:00:00,,-20.833
2014-01-27 06:00:00,,-20.836
2014-01-27 07:00:00,,-20.833
2014-01-27 08:00:00,,-20.836
2014-01-27 09:00:00,,-20.837
2014-01-27 10:00:00,,-20.847
2014-01-27 11:00:00,,-20.842
2014-01-27 12:00:00,,-20.838
2014-01-27 13:00:00,,-20.829
2014-01-27 14:00:00,,-20.819
2014-01-27 15:00:00,,-20.803
2014-01-27 16:00:00,,-20.806
2014-01-27 17:00:00,,-20.794
2014-01-27 18:00:00,,-20.803
2014-01-27 19:00:00,,-20.817
2014-01-27 20:00:00,,-20.823
2014-01-27 21:00:00,,-20.824
2014-01-27 22:00:00,,-20.843
2014-01-27 23:00:00,,-20.846
2014-01-28 00:00:00,,-20.832
2014-01-28 01:00:00,,-20.835
2014-01-28 02:00:00,,-20.834
2014-01-28 03:00:00,,-20.825
2014-01-28 04:00:00,,-20.824
2014-01-28 05:00:00,,-20.831
2014-01-28 06:00:00,,-20.824
2014-01-28 07:00:00,,-20.834
2014-01-28 08:00:00,,-20.839
2014-01-28 09:00:00,,-20.841
2014-01-28 10:00:00,,-20.849
2014-01-28 11:00:00,,-20.847
2014-01-28 12:00:00,,-20.832
2014-01-28 13:00:00,,-20.824
2014-01-28 14:00:00,,-20.809
2014-01-28 15:00:00,,-20.809
2014-01-28 16:00:00,,-20.811
2014-01-28 17:00:00,,-20.817
2014-01-28 18:00:00,,-20.819
2014-01-28 19:00:00,,-20.816
2014-01-28 20:00:00,,-20.822
2014-01-28 21:00:00,,-20.835
2014-01-28 22:00:00,,-20.839
2014-01-28 23:00:00,,-20.828
2014-01-29 00:00:00,,-20.837
2014-01-29 01:00:00,,-20.833
2014-01-29 02:00:00,,-20.814
2014-01-29 03:00:00,,-20.808
2014-01-29 04:00:00,,-20.817
2014-01-29 05:00:00,,-20.814
2014-01-29 06:00:00,,-20.82
2014-01-29 07:00:00,,-20.824
2014-01-29 08:00:00,,-20.826
2014-01-29 09:00:00,,-20.834
2014-01-29 10:00:00,,-20.827
2014-01-29 11:00:00,,-20.838
2014-01-29 12:00:00,,-20.826
2014-01-29 13:00:00,,-20.821
2014-01-29 14:00:00,,-20.817
2014-01-29 15:00:00,,-20.804
2014-01-29 16:00:00,,-20.804
2014-01-29 17:00:00,,-20.791
2014-01-29 18:00:00,,-20.793
2014-01-29 19:00:00,,-20.805
2014-01-29 20:00:00,,-20.818
2014-01-29 21:00:00,,-20.818
2014-01-29 22:00:00,,-20.826
2014-01-29 23:00:00,,-20.83
2014-01-30 00:00:00,,-20.826
2014-01-30 01:00:00,,-20.822
2014-01-30 02:00:00,,-20.829
2014-01-30 03:00:00,,-20.817
2014-01-30 04:00:00,,-20.82
2014-01-30 05:00:00,,-20.81
2014-01-30 06:00:00,,-20.826
2014-01-30 07:00:00,,-20.824
2014-01-30 08:00:00,,-20.823
2014-01-30 09:00:00,,-20.835
2014-01-30 10:00:00,,-20.842
2014-01-30 11:00:00,,-20.833
2014-01-30 12:00:00,,-20.834
2014-01-30 13:00:00,,-20.819
2014-01-30 14:00:00,,-20.817
2014-01-30 15:00:00,,-20.799
2014-01-30 16:00:00,,-20.803
2014-01-30 17:00:00,,-20.798
2014-01-30 18:00:00,,-20.803
2014-01-30 19:00:00,,-20.801
2014-01-30 20:00:00,,-20.809
2014-01-30 21:00:00,,-20.808
2014-01-30 22:00:00,,-20.814
2014-01-30 23:00:00,,-20.823
2014-01-31 00:00:00,,-20.823
2014-01-31 01:00:00,,-20.822
2014-01-31 02:00:00,,-20.825
2014-01-31 03:00:00,,-20.811
2014-01-31 04:00:00,,-20.815
2014-01-31 05:00:00,,-20.821
2014-01-31 06:00:00,,-20.818
2014-01-31 07:00:00,,-20.818
2014-01-31 08:00:00,,-20.821
2014-01-31 09:00:00,,-20.827
2014-01-31 10:00:00,,-20.829
2014-01-31 11:00:00,,-20.826
2014-01-31 12:00:00,,-20.819
2014-01-31 13:00:00,,-20.818
2014-01-31 14:00:00,,-20.81
2014-01-31 15:00:00,,-20.799
2014-01-31 16:00:00,,-20.803
2014-01-31 17:00:00,,-20.801
2014-01-31 18:00:00,,-20.803
2014-01-31 19:00:00,,-20.811
2014-01-31 20:00:00,,-20.816
2014-01-31 21:00:00,,-20.819
2014-01-31 22:00:00,,-20.829
2014-01-31 23:00:00,,-20.826
2014-02-01 00:00:00,,-20.819
2014-02-01 01:00:00,,-20.815
2014-02-01 02:00:00,,-20.812
2014-02-01 03:00:00,,-20.813
2014-02-01 04:00:00,,-20.812
2014-02-01 05:00:00,,-20.809
2014-02-01 06:00:00,,-20.819
2014-02-01 07:00:00,,-20.817
2014-02-01 08:00:00,,-20.823
2014-02-01 09:00:00,,-20.821
2014-02-01 10:00:00,,-20.821
2014-02-01 11:00:00,,-20.814
2014-02-01 12:00:00,,-20.821
2014-02-01 13:00:00,,-20.811
2014-02-01 14:00:00,,-20.809
2014-02-01 15:00:00,,-20.793
2014-02-01 16:00:00,,-20.79
2014-02-01 17:00:00,,-20.788
2014-02-01 18:00:00,,-20.796
2014-02-01 19:00:00,,-20.799
2014-02-01 20:00:00,,-20.806
2014-02-01 21:00:00,,-20.81
2014-02-01 22:00:00,,-20.815
2014-02-01 23:00:00,,-20.829
2014-02-02 00:00:00,,-20.832
2014-02-02 01:00:00,,-20.83
2014-02-02 02:00:00,,-20.827
2014-02-02 03:00:00,,-20.82
2014-02-02 04:00:00,,-20.827
2014-02-02 05:00:00,,-20.831
2014-02-02 06:00:00,,-20.82
2014-02-02 07:00:00,,-20.825
2014-02-02 08:00:00,,-20.832
2014-02-02 09:00:00,,-20.83
2014-02-02 10:00:00,,-20.824
2014-02-02 11:00:00,,-20.824
2014-02-02 12:00:00,,-20.824
2014-02-02 13:00:00,,-20.819
2014-02-02 14:00:00,,-20.799
2014-02-02 15:00:00,,-20.804
2014-02-02 16:00:00,,-20.804
2014-02-02 17:00:00,,-20.792
2014-02-02 18:00:00,,-20.799
2014-02-02 19:00:00,,-20.811
2014-02-02 20:00:00,,-20.811
2014-02-02 21:00:00,,-20.816
2014-02-02 22:00:00,,-20.823
2014-02-02 23:00:00,,-20.824
2014-02-03 00:00:00,,-20.825
2014-02-03 01:00:00,,-20.824
2014-02-03 02:00:00,,-20.825
2014-02-03 03:00:00,,-20.82
2014-02-03 04:00:00,,-20.827
2014-02-03 05:00:00,,-20.827
2014-02-03 06:00:00,,-20.83
2014-02-03 07:00:00,,-20.833
2014-02-03 08:00:00,,-20.827
2014-02-03 09:00:00,,-20.837
2014-02-03 10:00:00,,-20.824
2014-02-03 11:00:00,,-20.824
2014-02-03 12:00:00,,-20.831
2014-02-03 13:00:00,,-20.813
2014-02-03 14:00:00,,-20.804
2014-02-03 15:00:00,,-20.803
2014-02-03 16:00:00,,-20.799
2014-02-03 17:00:00,,-20.807
2014-02-03 18:00:00,,-20.804
2014-02-03 19:00:00,,-20.812
2014-02-03 20:00:00,,-20.821
2014-02-03 21:00:00,,-20.833
2014-02-03 22:00:00,,-20.831
2014-02-03 23:00:00,,-20.833
2014-02-04 00:00:00,,-20.832
2014-02-04 01:00:00,,-20.828
2014-02-04 02:00:00,,-20.824
2014-02-04 03:00:00,,-20.824
2014-02-04 04:00:00,,-20.823
2014-02-04 05:00:00,,-20.832
2014-02-04 06:00:00,,-20.835
2014-02-04 07:00:00,,-20.837
2014-02-04 08:00:00,,-20.832
2014-02-04 09:00:00,,-20.835
2014-02-04 10:00:00,,-20.841
2014-02-04 11:00:00,,-20.833
2014-02-04 12:00:00,,-20.825
2014-02-04 13:00:00,,-20.827
2014-02-04 14:00:00,,-20.83
2014-02-04 15:00:00,,-20.819
2014-02-04 16:00:00,,-20.821
2014-02-04 17:00:00,,-20.815
2014-02-04 18:00:00,,-20.813
2014-02-04 19:00:00,,-20.825
2014-02-04 20:00:00,,-20.822
2014-02-04 21:00:00,,-20.821
2014-02-04 22:00:00,,-20.831
2014-02-04 23:00:00,,-20.832
2014-02-05 00:00:00,,-20.827
2014-02-05 01:00:00,,-20.821
2014-02-05 02:00:00,,-20.814
2014-02-05 03:00:00,,-20.818
2014-02-05 04:00:00,,-20.817
2014-02-05 05:00:00,,-20.819
2014-02-05 06:00:00,,-20.823
2014-02-05 07:00:00,,-20.829
2014-02-05 08:00:00,,-20.826
2014-02-05 09:00:00,,-20.833
2014-02-05 10:00:00,,-20.825
2014-02-05 11:00:00,,-20.822
2014-02-05 12:00:00,,-20.823
2014-02-05 13:00:00,,-20.823
2014-02-05 14:00:00,,-20.813
2014-02-05 15:00:00,,-20.814
2014-02-05 16:00:00,,-20.806
2014-02-05 17:00:00,,-20.806
2014-02-05 18:00:00,,-20.808
2014-02-05 19:00:00,,-20.808
2014-02-05 20:00:00,,-20.815
2014-02-05 21:00:00,,-20.823
2014-02-05 22:00:00,,-20.82
2014-02-05 23:00:00,,-20.834
2014-02-06 00:00:00,,-20.826
2014-02-06 01:00:00,,-20.826
2014-02-06 02:00:00,,-20.828
2014-02-06 03:00:00,,-20.819
2014-02-06 04:00:00,,-20.826
2014-02-06 05:00:00,,-20.816
2014-02-06 06:00:00,,-20.831
2014-02-06 07:00:00,,-20.836
2014-02-06 08:00:00,,-20.84
2014-02-06 09:00:00,,-20.835
2014-02-06 10:00:00,,-20.833
2014-02-06 11:00:00,,-20.837
2014-02-06 12:00:00,,-20.825
2014-02-06 13:00:00,,-20.813
2014-02-06 14:00:00,,-20.806
2014-02-06 15:00:00,,-20.812
2014-02-06 16:00:00,,-20.809
2014-02-06 17:00:00,,-20.796
2014-02-06 18:00:00,,-20.803
2014-02-06 19:00:00,,-20.806
2014-02-06 20:00:00,,-20.809
2014-02-06 21:00:00,,-20.819
2014-02-06 22:00:00,,-20.827
2014-02-06 23:00:00,,-20.831
2014-02-07 00:00:00,,-20.83
2014-02-07 01:00:00,,-20.826
2014-02-07 02:00:00,,-20.827
2014-02-07 03:00:00,,-20.815
2014-02-07 04:00:00,,-20.823
2014-02-07 05:00:00,,-20.825
2014-02-07 06:00:00,,-20.825
2014-02-07 07:00:00,,-20.835
2014-02-07 08:00:00,,-20.834
2014-02-07 09:00:00,,-20.844
2014-02-07 10:00:00,,-20.829
2014-02-07 11:00:00,,-20.831
2014-02-07 12:00:00,,-20.826
2014-02-07 13:00:00,,-20.819
2014-02-07 14:00:00,,-20.812
2014-02-07 15:00:00,,-20.805
2014-02-07 16:00:00,,-20.797
2014-02-07 17:00:00,,-20.8
2014-02-07 18:00:00,,-20.804
2014-02-07 19:00:00,,-20.808
2014-02-07 20:00:00,,-20.815
2014-02-07 21:00:00,,-20.818
2014-02-07 22:00:00,,-20.83
2014-02-07 23:00:00,,-20.839
2014-02-08 00:00:00,,-20.831
2014-02-08 01:00:00,,-20.828
2014-02-08 02:00:00,,-20.831
2014-02-08 03:00:00,,-20.828
2014-02-08 04:00:00,,-20.815
2014-02-08 05:00:00,,-20.829
2014-02-08 06:00:00,,-20.833
2014-02-08 07:00:00,,-20.831
2014-02-08 08:00:00,,-20.83
2014-02-08 09:00:00,,-20.837
2014-02-08 10:00:00,,-20.829
2014-02-08 11:00:00,,-20.828
2014-02-08 12:00:00,,-20.827
2014-02-08 13:00:00,,-20.814
2014-02-08 14:00:00,,-20.81
2014-02-08 15:00:00,,-20.811
2014-02-08 16:00:00,,-20.796
2014-02-08 17:00:00,,-20.802
2014-02-08 18:00:00,,-20.809
2014-02-08 19:00:00,,-20.803
2014-02-08 20:00:00,,-20.815
2014-02-08 21:00:00,,-20.818
2014-02-08 22:00:00,,-20.826
2014-02-08 23:00:00,,-20.834
2014-02-09 00:00:00,,-20.837
2014-02-09 01:00:00,,-20.833
2014-02-09 02:00:00,,-20.824
2014-02-09 03:00:00,,-20.83
2014-02-09 04:00:00,,-20.823
2014-02-09 05:00:00,,-20.834
2014-02-09 06:00:00,,-20.838
2014-02-09 07:00:00,,-20.838
2014-02-09 08:00:00,,-20.847
2014-02-09 09:00:00,,-20.841
2014-02-09 10:00:00,,-20.842
2014-02-09 11:00:00,,-20.836
2014-02-09 12:00:00,,-20.828
2014-02-09 13:00:00,,-20.823
2014-02-09 14:00:00,,-20.815
2014-02-09 15:00:00,,-20.813
2014-02-09 16:00:00,,-20.799
2014-02-09 17:00:00,,-20.807
2014-02-09 18:00:00,,-20.803
2014-02-09 19:00:00,,-20.806
2014-02-09 20:00:00,,-20.814
2014-02-09 21:00:00,,-20.827
2014-02-09 22:00:00,,-20.829
2014-02-09 23:00:00,,-20.827
2014-02-10 00:00:00,,-20.828
2014-02-10 01:00:00,,-20.824
2014-02-10 02:00:00,,-20.815
2014-02-10 03:00:00,,-20.817
2014-02-10 04:00:00,,-20.816
2014-02-10 05:00:00,,-20.817
2014-02-10 06:00:00,,-20.819
2014-02-10 07:00:00,,-20.837
2014-02-10 08:00:00,,-20.832
2014-02-10 09:00:00,,-20.829
2014-02-10 10:00:00,,-20.832
2014-02-10 11:00:00,,-20.83
2014-02-10 12:00:00,,-20.811
2014-02-10 13:00:00,,-20.811
2014-02-10 14:00:00,,-20.805
2014-02-10 15:00:00,,-20.793
2014-02-10 16:00:00,,-20.796
2014-02-10 17:00:00,,-20.791
2014-02-10 18:00:00,,-20.8
2014-02-10 19:00:00,,-20.804
2014-02-10 20:00:00,,-20.82
2014-02-10 21:00:00,,-20.82
2014-02-10 22:00:00,,-20.825
2014-02-10 23:00:00,,-20.828
2014-02-11 00:00:00,,-20.825
2014-02-11 01:00:00,,-20.822
2014-02-11 02:00:00,,-20.819
2014-02-11 03:00:00,,-20.815
2014-02-11 04:00:00,,-20.812
2014-02-11 05:00:00,,-20.813
2014-02-11 06:00:00,,-20.827
2014-02-11 07:00:00,,-20.826
2014-02-11 08:00:00,,-20.828
2014-02-11 09:00:00,,-20.827
2014-02-11 10:00:00,,-20.825
2014-02-11 11:00:00,,-20.822
2014-02-11 12:00:00,,-20.817
2014-02-11 13:00:00,,-20.818
2014-02-11 14:00:00,,-20.798
2014-02-11 15:00:00,,-20.8
2014-02-11 16:00:00,,-20.789
2014-02-11 17:00:00,,-20.786
2014-02-11 18:00:00,,-20.802
2014-02-11 19:00:00,,-20.804
2014-02-11 20:00:00,,-20.809
2014-02-11 21:00:00,,-20.815
2014-02-11 22:00:00,,-20.819
2014-02-11 23:00:00,,-20.826
2014-02-12 00:00:00,,-20.833
2014-02-12 01:00:00,,-20.821
2014-02-12 02:00:00,,-20.818
2014-02-12 03:00:00,,-20.822
2014-02-12 04:00:00,,-20.818
2014-02-12 05:00:00,,-20.81
2014-02-12 06:00:00,,-20.818
2014-02-12 07:00:00,,-20.823
2014-02-12 08:00:00,,-20.827
2014-02-12 09:00:00,,-20.837
2014-02-12 10:00:00,,-20.839
2014-02-12 11:00:00,,-20.832
2014-02-12 12:00:00,,-20.831
2014-02-12 13:00:00,,-20.811
2014-02-12 14:00:00,,-20.803
2014-02-12 15:00:00,,-20.812
2014-02-12 16:00:00,,-20.805
2014-02-12 17:00:00,,-20.802
2014-02-12 18:00:00,,-20.809
2014-02-12 19:00:00,,-20.819
2014-02-12 20:00:00,,-20.829
2014-02-12 21:00:00,,-20.843
2014-02-12 22:00:00,,-20.846
2014-02-12 23:00:00,,-20.841
2014-02-13 00:00:00,,-20.837
2014-02-13 01:00:00,,-20.834
2014-02-13 02:00:00,,-20.832
2014-02-13 03:00:00,,-20.822
2014-02-13 04:00:00,,-20.824
2014-02-13 05:00:00,,-20.814
2014-02-13 06:00:00,,-20.818
2014-02-13 07:00:00,,-20.829
2014-02-13 08:00:00,,-20.84
2014-02-13 09:00:00,,-20.843
2014-02-13 10:00:00,,-20.836
2014-02-13 11:00:00,,-20.829
2014-02-13 12:00:00,,-20.818
2014-02-13 13:00:00,,-20.82
2014-02-13 14:00:00,,-20.801
2014-02-13 15:00:00,,-20.806
2014-02-13 16:00:00,,-20.801
2014-02-13 17:00:00,,-20.796
2014-02-13 18:00:00,,-20.799
2014-02-13 19:00:00,,-20.81
2014-02-13 20:00:00,,-20.811
2014-02-13 21:00:00,,-20.824
2014-02-13 22:00:00,,-20.817
2014-02-13 23:00:00,,-20.818
2014-02-14 00:00:00,,-20.825
2014-02-14 01:00:00,,-20.812
2014-02-14 02:00:00,,-20.807
2014-02-14 03:00:00,,-20.808
2014-02-14 04:00:00,,-20.811
2014-02-14 05:00:00,,-20.802
2014-02-14 06:00:00,,-20.818
2014-02-14 07:00:00,,-20.817
2014-02-14 08:00:00,,-20.816
2014-02-14 09:00:00,,-20.823
2014-02-14 10:00:00,,-20.822
2014-02-14 11:00:00,,-20.822
2014-02-14 12:00:00,,-20.814
2014-02-14 13:00:00,,-20.8
2014-02-14 14:00:00,,-20.797
2014-02-14 15:00:00,,-20.791
2014-02-14 16:00:00,,-20.775
2014-02-14 17:00:00,,-20.787
2014-02-14 18:00:00,,-20.781
2014-02-14 19:00:00,,-20.79
2014-02-14 20:00:00,,-20.811
2014-02-14 21:00:00,,-20.818
2014-02-14 22:00:00,,-20.81
2014-02-14 23:00:00,,-20.822
2014-02-15 00:00:00,,-20.813
2014-02-15 01:00:00,,-20.812
2014-02-15 02:00:00,,-20.807
2014-02-15 03:00:00,,-20.809
2014-02-15 04:00:00,,-20.806
2014-02-15 05:00:00,,-20.812
2014-02-15 06:00:00,,-20.805
2014-02-15 07:00:00,,-20.809
2014-02-15 08:00:00,,-20.814
2014-02-15 09:00:00,,-20.828
2014-02-15 10:00:00,,-20.822
2014-02-15 11:00:00,,-20.818
2014-02-15 12:00:00,,-20.819
2014-02-15 13:00:00,,-20.797
2014-02-15 14:00:00,,-20.807
2014-02-15 15:00:00,,-20.796
2014-02-15 16:00:00,,-20.797
2014-02-15 17:00:00,,-20.797
2014-02-15 18:00:00,,-20.794
2014-02-15 19:00:00,,-20.811
2014-02-15 20:00:00,,-20.812
2014-02-15 21:00:00,,-20.82
2014-02-15 22:00:00,,-20.821
2014-02-15 23:00:00,,-20.828
2014-02-16 00:00:00,,-20.827
2014-02-16 01:00:00,,-20.819
2014-02-16 02:00:00,,-20.815
2014-02-16 03:00:00,,-20.817
2014-02-16 04:00:00,,-20.819
2014-02-16 05:00:00,,-20.833
2014-02-16 06:00:00,,-20.828
2014-02-16 07:00:00,,-20.836
2014-02-16 08:00:00,,-20.851
2014-02-16 09:00:00,,-20.841
2014-02-16 10:00:00,,-20.85
2014-02-16 11:00:00,,-20.838
2014-02-16 12:00:00,,-20.839
2014-02-16 13:00:00,,-20.833
2014-02-16 14:00:00,,-20.817
2014-02-16 15:00:00,,-20.803
2014-02-16 16:00:00,,-20.807
2014-02-16 17:00:00,,-20.806
2014-02-16 18:00:00,,-20.808
2014-02-16 19:00:00,,-20.809
2014-02-16 20:00:00,,-20.809
2014-02-16 21:00:00,,-20.826
2014-02-16 22:00:00,,-20.84
2014-02-16 23:00:00,,-20.837
2014-02-17 00:00:00,,-20.835
2014-02-17 01:00:00,,-20.829
2014-02-17 02:00:00,,-20.828
2014-02-17 03:00:00,,-20.826
2014-02-17 04:00:00,,-20.819
2014-02-17 05:00:00,,-20.826
2014-02-17 06:00:00,,-20.827
2014-02-17 07:00:00,,-20.837
2014-02-17 08:00:00,,-20.833
2014-02-17 09:00:00,,-20.841
2014-02-17 10:00:00,,-20.835
2014-02-17 11:00:00,,-20.835
2014-02-17 12:00:00,,-20.828
2014-02-17 13:00:00,,-20.822
2014-02-17 14:00:00,,-20.814
2014-02-17 15:00:00,,-20.809
2014-02-17 16:00:00,,-20.798
2014-02-17 17:00:00,,-20.801
2014-02-17 18:00:00,,-20.797
2014-02-17 19:00:00,,-20.8
2014-02-17 20:00:00,,-20.808
2014-02-17 21:00:00,,-20.815
2014-02-17 22:00:00,,-20.822
2014-02-17 23:00:00,,-20.826
2014-02-18 00:00:00,,-20.827
2014-02-18 01:00:00,,-20.832
2014-02-18 02:00:00,,-20.83
2014-02-18 03:00:00,,-20.83
2014-02-18 04:00:00,,-20.825
2014-02-18 05:00:00,,-20.825
2014-02-18 06:00:00,,-20.824
2014-02-18 07:00:00,,-20.824
2014-02-18 08:00:00,,-20.826
2014-02-18 09:00:00,,-20.832
2014-02-18 10:00:00,,-20.824
2014-02-18 11:00:00,,-20.814
2014-02-18 12:00:00,,-20.814
2014-02-18 13:00:00,,-20.803
2014-02-18 14:00:00,,-20.804
2014-02-18 15:00:00,,-20.797
2014-02-18 16:00:00,,-20.8
2014-02-18 17:00:00,,-20.793
2014-02-18 18:00:00,,-20.795
2014-02-18 19:00:00,,-20.807
2014-02-18 20:00:00,,-20.805
2014-02-18 21:00:00,,-20.806
2014-02-18 22:00:00,,-20.817
2014-02-18 23:00:00,,-20.821
2014-02-19 00:00:00,,-20.826
2014-02-19 01:00:00,,-20.824
2014-02-19 02:00:00,,-20.815
2014-02-19 03:00:00,,-20.814
2014-02-19 04:00:00,,-20.808
2014-02-19 05:00:00,,-20.81
2014-02-19 06:00:00,,-20.821
2014-02-19 07:00:00,,-20.814
2014-02-19 08:00:00,,-20.816
2014-02-19 09:00:00,,-20.829
2014-02-19 10:00:00,,-20.829
2014-02-19 11:00:00,,-20.832
2014-02-19 12:00:00,,-20.826
2014-02-19 13:00:00,,-20.827
2014-02-19 14:00:00,,-20.808
2014-02-19 15:00:00,,-20.813
2014-02-19 16:00:00,,-20.799
2014-02-19 17:00:00,,-20.805
2014-02-19 18:00:00,,-20.806
2014-02-19 19:00:00,,-20.811
2014-02-19 20:00:00,,-20.822
2014-02-19 21:00:00,,-20.821
2014-02-19 22:00:00,,-20.834
2014-02-19 23:00:00,,-20.829
2014-02-20 00:00:00,,-20.833
2014-02-20 01:00:00,,-20.832
2014-02-20 02:00:00,,-20.832
2014-02-20 03:00:00,,-20.825
2014-02-20 04:00:00,,-20.831
2014-02-20 05:00:00,,-20.839
2014-02-20 06:00:00,,-20.842
2014-02-20 07:00:00,,-20.845
2014-02-20 08:00:00,,-20.834
2014-02-20 09:00:00,,-20.841
2014-02-20 10:00:00,,-20.849
2014-02-20 11:00:00,,-20.838
2014-02-20 12:00:00,,-20.839
2014-02-20 13:00:00,,-20.823
2014-02-20 14:00:00,,-20.821
2014-02-20 15:00:00,,-20.809
2014-02-20 16:00:00,,-20.81
2014-02-20 17:00:00,,-20.817
2014-02-20 18:00:00,,-20.816
2014-02-20 19:00:00,,-20.819
2014-02-20 20:00:00,,-20.822
2014-02-20 21:00:00,,-20.838
2014-02-20 22:00:00,,-20.845
2014-02-20 23:00:00,,-20.847
2014-02-21 00:00:00,,-20.838
2014-02-21 01:00:00,,-20.848
2014-02-21 02:00:00,,-20.832
2014-02-21 03:00:00,,-20.83
2014-02-21 04:00:00,,-20.828
2014-02-21 05:00:00,,-20.842
2014-02-21 06:00:00,,-20.844
2014-02-21 07:00:00,,-20.84
2014-02-21 08:00:00,,-20.849
2014-02-21 09:00:00,,-20.839
2014-02-21 10:00:00,,-20.849
2014-02-21 11:00:00,,-20.838
2014-02-21 12:00:00,,-20.826
2014-02-21 13:00:00,,-20.83
2014-02-21 14:00:00,,-20.815
2014-02-21 15:00:00,,-20.817
2014-02-21 16:00:00,,-20.807
2014-02-21 17:00:00,,-20.813
2014-02-21 18:00:00,,-20.816
2014-02-21 19:00:00,,-20.815
2014-02-21 20:00:00,,-20.828
2014-02-21 21:00:00,,-20.826
2014-02-21 22:00:00,,-20.831
2014-02-21 23:00:00,,-20.839
2014-02-22 00:00:00,,-20.835
2014-02-22 01:00:00,,-20.832
2014-02-22 02:00:00,,-20.837
2014-02-22 03:00:00,,-20.835
2014-02-22 04:00:00,,-20.831
2014-02-22 05:00:00,,-20.833
2014-02-22 06:00:00,,-20.832
2014-02-22 07:00:00,,-20.843
2014-02-22 08:00:00,,-20.838
2014-02-22 09:00:00,,-20.834
2014-02-22 10:00:00,,-20.84
2014-02-22 11:00:00,,-20.828
2014-02-22 12:00:00,,-20.82
2014-02-22 13:00:00,,-20.822
2014-02-22 14:00:00,,-20.804
2014-02-22 15:00:00,,-20.802
2014-02-22 16:00:00,,-20.794
2014-02-22 17:00:00,,-20.8
2014-02-22 18:00:00,,-20.797
2014-02-22 19:00:00,,-20.812
2014-02-22 20:00:00,,-20.819
2014-02-22 21:00:00,,-20.821
2014-02-22 22:00:00,,-20.825
2014-02-22 23:00:00,,-20.824
2014-02-23 00:00:00,,-20.828
2014-02-23 01:00:00,,-20.827
2014-02-23 02:00:00,,-20.823
2014-02-23 03:00:00,,-20.814
2014-02-23 04:00:00,,-20.82
2014-02-23 05:00:00,,-20.815
2014-02-23 06:00:00,,-20.814
2014-02-23 07:00:00,,-20.818
2014-02-23 08:00:00,,-20.826
2014-02-23 09:00:00,,-20.831
2014-02-23 10:00:00,,-20.825
2014-02-23 11:00:00,,-20.82
2014-02-23 12:00:00,,-20.818
2014-02-23 13:00:00,,-20.805
2014-02-23 14:00:00,,-20.811
2014-02-23 15:00:00,,-20.804
2014-02-23 16:00:00,,-20.79
2014-02-23 17:00:00,,-20.804
2014-02-23 18:00:00,,-20.801
2014-02-23 19:00:00,,-20.808
2014-02-23 20:00:00,,-20.819
2014-02-23 21:00:00,,-20.826
2014-02-23 22:00:00,,-20.825
2014-02-23 23:00:00,,-20.824
2014-02-24 00:00:00,,-20.823
2014-02-24 01:00:00,,-20.81
2014-02-24 02:00:00,,-20.809
2014-02-24 03:00:00,,-20.808
2014-02-24 04:00:00,,-20.807
2014-02-24 05:00:00,,-20.817
2014-02-24 06:00:00,,-20.81
2014-02-24 07:00:00,,-20.819
2014-02-24 08:00:00,,-20.827
2014-02-24 09:00:00,,-20.829
2014-02-24 10:00:00,,-20.823
2014-02-24 11:00:00,,-20.82
2014-02-24 12:00:00,,-20.817
2014-02-24 13:00:00,,-20.802
2014-02-24 14:00:00,,-20.788
2014-02-24 15:00:00,,-20.796
2014-02-24 16:00:00,,-20.788
2014-02-24 17:00:00,,-20.787
2014-02-24 18:00:00,,-20.789
2014-02-24 19:00:00,,-20.801
2014-02-24 20:00:00,,-20.81
2014-02-24 21:00:00,,-20.825
2014-02-24 22:00:00,,-20.828
2014-02-24 23:00:00,,-20.837
2014-02-25 00:00:00,,-20.83
2014-02-25 01:00:00,,-20.83
2014-02-25 02:00:00,,-20.816
2014-02-25 03:00:00,,-20.825
2014-02-25 04:00:00,,-20.82
2014-02-25 05:00:00,,-20.811
2014-02-25 06:00:00,,-20.823
2014-02-25 07:00:00,,-20.819
2014-02-25 08:00:00,,-20.817
2014-02-25 09:00:00,,-20.823
2014-02-25 10:00:00,,-20.824
2014-02-25 11:00:00,,-20.822
2014-02-25 12:00:00,,-20.825
2014-02-25 13:00:00,,-20.809
2014-02-25 14:00:00,,-20.812
2014-02-25 15:00:00,,-20.798
2014-02-25 16:00:00,,-20.794
2014-02-25 17:00:00,,-20.796
2014-02-25 18:00:00,,-20.806
2014-02-25 19:00:00,,-20.813
2014-02-25 20:00:00,,-20.813
2014-02-25 21:00:00,,-20.822
2014-02-25 22:00:00,,-20.829
2014-02-25 23:00:00,,-20.819
2014-02-26 00:00:00,,-20.822
2014-02-26 01:00:00,,-20.809
2014-02-26 02:00:00,,-20.804
2014-02-26 03:00:00,,-20.806
2014-02-26 04:00:00,,-20.809
2014-02-26 05:00:00,,-20.801
2014-02-26 06:00:00,,-20.8
2014-02-26 07:00:00,,-20.806
2014-02-26 08:00:00,,-20.805
2014-02-26 09:00:00,,-20.819
2014-02-26 10:00:00,,-20.827
2014-02-26 11:00:00,,-20.818
2014-02-26 12:00:00,,-20.816
2014-02-26 13:00:00,,-20.804
2014-02-26 14:00:00,,-20.809
2014-02-26 15:00:00,,-20.797
2014-02-26 16:00:00,,-20.799
2014-02-26 17:00:00,,-20.801
2014-02-26 18:00:00,,-20.806
2014-02-26 19:00:00,,-20.802
2014-02-26 20:00:00,,-20.811
2014-02-26 21:00:00,,-20.829
2014-02-26 22:00:00,,-20.83
2014-02-26 23:00:00,,-20.829
2014-02-27 00:00:00,,-20.826
2014-02-27 01:00:00,,-20.816
2014-02-27 02:00:00,,-20.805
2014-02-27 03:00:00,,-20.812
2014-02-27 04:00:00,,-20.801
2014-02-27 05:00:00,,-20.802
2014-02-27 06:00:00,,-20.806
2014-02-27 07:00:00,,-20.809
2014-02-27 08:00:00,,-20.831
2014-02-27 09:00:00,,-20.822
2014-02-27 10:00:00,,-20.824
2014-02-27 11:00:00,,-20.822
2014-02-27 12:00:00,,-20.816
2014-02-27 13:00:00,,-20.814
2014-02-27 14:00:00,,-20.812
2014-02-27 15:00:00,,-20.798
2014-02-27 16:00:00,,-20.794
2014-02-27 17:00:00,,-20.796
2014-02-27 18:00:00,,-20.798
2014-02-27 19:00:00,,-20.812
2014-02-27 20:00:00,,-20.821
2014-02-27 21:00:00,,-20.829
2014-02-27 22:00:00,,-20.833
2014-02-27 23:00:00,,-20.821
2014-02-28 00:00:00,,-20.823
2014-02-28 01:00:00,,-20.817
2014-02-28 02:00:00,,-20.812
2014-02-28 03:00:00,,-20.808
2014-02-28 04:00:00,,-20.802
2014-02-28 05:00:00,,-20.808
2014-02-28 06:00:00,,-20.813
2014-02-28 07:00:00,,-20.821
2014-02-28 08:00:00,,-20.82
2014-02-28 09:00:00,,-20.828
2014-02-28 10:00:00,,-20.833
2014-02-28 11:00:00,,-20.818
2014-02-28 12:00:00,,-20.824
2014-02-28 13:00:00,,-20.813
2014-02-28 14:00:00,,-20.807
2014-02-28 15:00:00,,-20.797
2014-02-28 16:00:00,,-20.791
2014-02-28 17:00:00,,-20.79
2014-02-28 18:00:00,,-20.8
2014-02-28 19:00:00,,-20.808
2014-02-28 20:00:00,,-20.809
2014-02-28 21:00:00,,-20.821
2014-02-28 22:00:00,,-20.827
2014-02-28 23:00:00,,-20.828
2014-03-01 00:00:00,,-20.829
2014-03-01 01:00:00,,-20.823
2014-03-01 02:00:00,,-20.816
2014-03-01 03:00:00,,-20.812
2014-03-01 04:00:00,,-20.805
2014-03-01 05:00:00,,-20.805
2014-03-01 06:00:00,,-20.811
2014-03-01 07:00:00,,-20.816
2014-03-01 08:00:00,,-20.829
2014-03-01 09:00:00,,-20.825
2014-03-01 10:00:00,,-20.823
2014-03-01 11:00:00,,-20.817
2014-03-01 12:00:00,,-20.819
2014-03-01 13:00:00,,-20.818
2014-03-01 14:00:00,,-20.806
2014-03-01 15:00:00,,-20.795
2014-03-01 16:00:00,,-20.79
2014-03-01 17:00:00,,-20.785
2014-03-01 18:00:00,,-20.793
2014-03-01 19:00:00,,-20.794
2014-03-01 20:00:00,,-20.807
2014-03-01 21:00:00,,-20.822
2014-03-01 22:00:00,,-20.823
2014-03-01 23:00:00,,-20.821
2014-03-02 00:00:00,,-20.825
2014-03-02 01:00:00,,-20.821
2014-03-02 02:00:00,,-20.816
2014-03-02 03:00:00,,-20.812
2014-03-02 04:00:00,,-20.817
2014-03-02 05:00:00,,-20.809
2014-03-02 06:00:00,,-20.813
2014-03-02 07:00:00,,-20.812
2014-03-02 08:00:00,,-20.818
2014-03-02 09:00:00,,-20.821
2014-03-02 10:00:00,,-20.829
2014-03-02 11:00:00,,-20.822
2014-03-02 12:00:00,,-20.821
2014-03-02 13:00:00,,-20.81
2014-03-02 14:00:00,,-20.804
2014-03-02 15:00:00,,-20.803
2014-03-02 16:00:00,,-20.789
2014-03-02 17:00:00,,-20.797
2014-03-02 18:00:00,,-20.8
2014-03-02 19:00:00,,-20.806
2014-03-02 20:00:00,,-20.807
2014-03-02 21:00:00,,-20.814
2014-03-02 22:00:00,,-20.82
2014-03-02 23:00:00,,-20.824
2014-03-03 00:00:00,,-20.832
2014-03-03 01:00:00,,-20.821
2014-03-03 02:00:00,,-20.824
2014-03-03 03:00:00,,-20.823
2014-03-03 04:00:00,,-20.814
2014-03-03 05:00:00,,-20.82
2014-03-03 06:00:00,,-20.816
2014-03-03 07:00:00,,-20.814
2014-03-03 08:00:00,,-20.825
2014-03-03 09:00:00,,-20.825
2014-03-03 10:00:00,,-20.826
2014-03-03 11:00:00,,-20.822
2014-03-03 12:00:00,,-20.816
2014-03-03 13:00:00,,-20.809
2014-03-03 14:00:00,,-20.797
2014-03-03 15:00:00,,-20.79
2014-03-03 16:00:00,,-20.787
2014-03-03 17:00:00,,-20.791
2014-03-03 18:00:00,,-20.796
2014-03-03 19:00:00,,-20.799
2014-03-03 20:00:00,,-20.813
2014-03-03 21:00:00,,-20.812
2014-03-03 22:00:00,,-20.826
2014-03-03 23:00:00,,-20.838
2014-03-04 00:00:00,,-20.838
2014-03-04 01:00:00,,-20.829
2014-03-04 02:00:00,,-20.825
2014-03-04 03:00:00,,-20.82
2014-03-04 04:00:00,,-20.819
2014-03-04 05:00:00,,-20.816
2014-03-04 06:00:00,,-20.814
2014-03-04 07:00:00,,-20.821
2014-03-04 08:00:00,,-20.824
2014-03-04 09:00:00,,-20.833
2014-03-04 10:00:00,,-20.82
2014-03-04 11:00:00,,-20.822
2014-03-04 12:00:00,,-20.817
2014-03-04 13:00:00,,-20.809
2014-03-04 14:00:00,,-20.8
2014-03-04 15:00:00,,-20.792
2014-03-04 16:00:00,,-20.8
2014-03-04 17:00:00,,-20.793
2014-03-04 18:00:00,,-20.8
2014-03-04 19:00:00,,-20.792
2014-03-04 20:00:00,,-20.806
2014-03-04 21:00:00,,-20.809
2014-03-04 22:00:00,,-20.817
2014-03-04 23:00:00,,-20.826
2014-03-05 00:00:00,,-20.827
2014-03-05 01:00:00,,-20.825
2014-03-05 02:00:00,,-20.817
2014-03-05 03:00:00,,-20.812
2014-03-05 04:00:00,,-20.806
2014-03-05 05:00:00,,-20.811
2014-03-05 06:00:00,,-20.814
2014-03-05 07:00:00,,-20.815
2014-03-05 08:00:00,,-20.819
2014-03-05 09:00:00,,-20.821
2014-03-05 10:00:00,,-20.821
2014-03-05 11:00:00,,-20.818
2014-03-05 12:00:00,,-20.817
2014-03-05 13:00:00,,-20.804
2014-03-05 14:00:00,,-20.791
2014-03-05 15:00:00,,-20.787
2014-03-05 16:00:00,,-20.79
2014-03-05 17:00:00,,-20.789
2014-03-05 18:00:00,,-20.785
2014-03-05 19:00:00,,-20.794
2014-03-05 20:00:00,,-20.8
2014-03-05 21:00:00,,-20.807
2014-03-05 22:00:00,,-20.814
2014-03-05 23:00:00,,-20.816
2014-03-06 00:00:00,,-20.821
2014-03-06 01:00:00,,-20.818
2014-03-06 02:00:00,,-20.811
2014-03-06 03:00:00,,-20.811
2014-03-06 04:00:00,,-20.802
2014-03-06 05:00:00,,-20.806
2014-03-06 06:00:00,,-20.807
2014-03-06 07:00:00,,-20.818
2014-03-06 08:00:00,,-20.819
2014-03-06 09:00:00,,-20.819
2014-03-06 10:00:00,,-20.826
2014-03-06 11:00:00,,-20.81
2014-03-06 12:00:00,,-20.811
2014-03-06 13:00:00,,-20.8
2014-03-06 14:00:00,,-20.794
2014-03-06 15:00:00,,-20.789
2014-03-06 16:00:00,,-20.784
2014-03-06 17:00:00,,-20.791
2014-03-06 18:00:00,,-20.794
2014-03-06 19:00:00,,-20.799
2014-03-06 20:00:00,,-20.813
2014-03-06 21:00:00,,-20.82
2014-03-06 22:00:00,,-20.814
2014-03-06 23:00:00,,-20.821
2014-03-07 00:00:00,,-20.822
2014-03-07 01:00:00,,-20.819
2014-03-07 02:00:00,,-20.811
2014-03-07 03:00:00,,-20.811
2014-03-07 04:00:00,,-20.811
2014-03-07 05:00:00,,-20.808
2014-03-07 06:00:00,,-20.823
2014-03-07 07:00:00,,-20.819
2014-03-07 08:00:00,,-20.827
2014-03-07 09:00:00,,-20.824
2014-03-07 10:00:00,,-20.824
2014-03-07 11:00:00,,-20.815
2014-03-07 12:00:00,,-20.812
2014-03-07 13:00:00,,-20.81
2014-03-07 14:00:00,,-20.797
2014-03-07 15:00:00,,-20.79
2014-03-07 16:00:00,,-20.785
2014-03-07 17:00:00,,-20.786
2014-03-07 18:00:00,,-20.794
2014-03-07 19:00:00,,-20.806
2014-03-07 20:00:00,,-20.807
2014-03-07 21:00:00,,-20.826
2014-03-07 22:00:00,,-20.826
2014-03-07 23:00:00,,-20.832
2014-03-08 00:00:00,,-20.821
2014-03-08 01:00:00,,-20.811
2014-03-08 02:00:00,,-20.809
2014-03-08 03:00:00,,-20.809
2014-03-08 04:00:00,,-20.813
2014-03-08 05:00:00,,-20.804
2014-03-08 06:00:00,,-20.82
2014-03-08 07:00:00,,-20.815
2014-03-08 08:00:00,,-20.826
2014-03-08 09:00:00,,-20.821
2014-03-08 10:00:00,,-20.822
2014-03-08 11:00:00,,-20.823
2014-03-08 12:00:00,,-20.813
2014-03-08 13:00:00,,-20.801
2014-03-08 14:00:00,,-20.8
2014-03-08 15:00:00,,-20.794
2014-03-08 16:00:00,,-20.791
2014-03-08 17:00:00,,-20.798
2014-03-08 18:00:00,,-20.794
2014-03-08 19:00:00,,-20.803
2014-03-08 20:00:00,,-20.804
2014-03-08 21:00:00,,-20.814
2014-03-08 22:00:00,,-20.81
2014-03-08 23:00:00,,-20.804
2014-03-09 00:00:00,,-20.806
2014-03-09 01:00:00,,-20.81
2014-03-09 02:00:00,,-20.798
2014-03-09 03:00:00,,-20.807
2014-03-09 04:00:00,,-20.802
2014-03-09 05:00:00,,-20.808
2014-03-09 06:00:00,,-20.817
2014-03-09 07:00:00,,-20.806
2014-03-09 08:00:00,,-20.81
2014-03-09 09:00:00,,-20.821
2014-03-09 10:00:00,,-20.819
2014-03-09 11:00:00,,-20.813
2014-03-09 12:00:00,,-20.813
2014-03-09 13:00:00,,-20.803
2014-03-09 14:00:00,,-20.797
2014-03-09 15:00:00,,-20.784
2014-03-09 16:00:00,,-20.789
2014-03-09 17:00:00,,-20.79
2014-03-09 18:00:00,,-20.788
2014-03-09 19:00:00,,-20.805
2014-03-09 20:00:00,,-20.798
2014-03-09 21:00:00,,-20.807
2014-03-09 22:00:00,,-20.811
2014-03-09 23:00:00,,-20.812
2014-03-10 00:00:00,,-20.811
2014-03-10 01:00:00,,-20.811
2014-03-10 02:00:00,,-20.81
2014-03-10 03:00:00,,-20.808
2014-03-10 04:00:00,,-20.809
2014-03-10 05:00:00,,-20.812
2014-03-10 06:00:00,,-20.818
2014-03-10 07:00:00,,-20.83
2014-03-10 08:00:00,,-20.825
2014-03-10 09:00:00,,-20.822
2014-03-10 10:00:00,,-20.831
2014-03-10 11:00:00,,-20.819
2014-03-10 12:00:00,,-20.808
2014-03-10 13:00:00,,-20.799
2014-03-10 14:00:00,,-20.791
2014-03-10 15:00:00,,-20.797
2014-03-10 16:00:00,,-20.786
2014-03-10 17:00:00,,-20.793
2014-03-10 18:00:00,,-20.804
2014-03-10 19:00:00,,-20.803
2014-03-10 20:00:00,,-20.811
2014-03-10 21:00:00,,-20.816
2014-03-10 22:00:00,,-20.819
2014-03-10 23:00:00,,-20.82
2014-03-11 00:00:00,,-20.816
2014-03-11 01:00:00,,-20.813
2014-03-11 02:00:00,,-20.806
2014-03-11 03:00:00,,-20.809
2014-03-11 04:00:00,,-20.81
2014-03-11 05:00:00,,-20.809
2014-03-11 06:00:00,,-20.818
2014-03-11 07:00:00,,-20.823
2014-03-11 08:00:00,,-20.828
2014-03-11 09:00:00,,-20.831
2014-03-11 10:00:00,,-20.825
2014-03-11 11:00:00,,-20.819
2014-03-11 12:00:00,,-20.811
2014-03-11 13:00:00,,-20.807
2014-03-11 14:00:00,,-20.795
2014-03-11 15:00:00,,-20.794
2014-03-11 16:00:00,,-20.781
2014-03-11 17:00:00,,-20.787
2014-03-11 18:00:00,,-20.799
2014-03-11 19:00:00,,-20.796
2014-03-11 20:00:00,,-20.807
2014-03-11 21:00:00,,-20.814
2014-03-11 22:00:00,,-20.823
2014-03-11 23:00:00,,-20.82
2014-03-12 00:00:00,,-20.823
2014-03-12 01:00:00,,-20.809
2014-03-12 02:00:00,,-20.804
2014-03-12 03:00:00,,-20.805
2014-03-12 04:00:00,,-20.801
2014-03-12 05:00:00,,-20.814
2014-03-12 06:00:00,,-20.819
2014-03-12 07:00:00,,-20.816
2014-03-12 08:00:00,,-20.825
2014-03-12 09:00:00,,-20.825
2014-03-12 10:00:00,,-20.833
2014-03-12 11:00:00,,-20.822
2014-03-12 12:00:00,,-20.814
2014-03-12 13:00:00,,-20.81
2014-03-12 14:00:00,,-20.798
2014-03-12 15:00:00,,-20.786
2014-03-12 16:00:00,,-20.79
2014-03-12 17:00:00,,-20.784
2014-03-12 18:00:00,,-20.792
2014-03-12 19:00:00,,-20.803
2014-03-12 20:00:00,,-20.805
2014-03-12 21:00:00,,-20.812
2014-03-12 22:00:00,,-20.814
2014-03-12 23:00:00,,-20.817
2014-03-13 00:00:00,,-20.823
2014-03-13 01:00:00,,-20.818
2014-03-13 02:00:00,,-20.808
2014-03-13 03:00:00,,-20.804
2014-03-13 04:00:00,,-20.799
2014-03-13 05:00:00,,-20.805
2014-03-13 06:00:00,,-20.817
2014-03-13 07:00:00,,-20.813
2014-03-13 08:00:00,,-20.821
2014-03-13 09:00:00,,-20.824
2014-03-13 10:00:00,,-20.823
2014-03-13 11:00:00,,-20.822
2014-03-13 12:00:00,,-20.809
2014-03-13 13:00:00,,-20.8
2014-03-13 14:00:00,,-20.79
2014-03-13 15:00:00,,-20.779
2014-03-13 16:00:00,,-20.788
2014-03-13 17:00:00,,-20.784
2014-03-13 18:00:00,,-20.793
2014-03-13 19:00:00,,-20.797
2014-03-13 20:00:00,,-20.804
2014-03-13 21:00:00,,-20.816
2014-03-13 22:00:00,,-20.81
2014-03-13 23:00:00,,-20.81
2014-03-14 00:00:00,,-20.813
2014-03-14 01:00:00,,-20.807
2014-03-14 02:00:00,,-20.814
2014-03-14 03:00:00,,-20.8
2014-03-14 04:00:00,,-20.8
2014-03-14 05:00:00,,-20.808
2014-03-14 06:00:00,,-20.81
2014-03-14 07:00:00,,-20.817
2014-03-14 08:00:00,,-20.827
2014-03-14 09:00:00,,-20.821
2014-03-14 10:00:00,,-20.82
2014-03-14 11:00:00,,-20.815
2014-03-14 12:00:00,,-20.807
2014-03-14 13:00:00,,-20.792
2014-03-14 14:00:00,,-20.795
2014-03-14 15:00:00,,-20.782
2014-03-14 16:00:00,,-20.775
2014-03-14 17:00:00,,-20.776
2014-03-14 18:00:00,,-20.786
2014-03-14 19:00:00,,-20.786
2014-03-14 20:00:00,,-20.797
2014-03-14 21:00:00,,-20.806
2014-03-14 22:00:00,,-20.806
2014-03-14 23:00:00,,-20.818
2014-03-15 00:00:00,,-20.81
2014-03-15 01:00:00,,-20.801
2014-03-15 02:00:00,,-20.796
2014-03-15 03:00:00,,-20.794
2014-03-15 04:00:00,,-20.796
2014-03-15 05:00:00,,-20.798
2014-03-15 06:00:00,,-20.798
2014-03-15 07:00:00,,-20.812
2014-03-15 08:00:00,,-20.81
2014-03-15 09:00:00,,-20.812
2014-03-15 10:00:00,,-20.816
2014-03-15 11:00:00,,-20.806
2014-03-15 12:00:00,,-20.803
2014-03-15 13:00:00,,-20.796
2014-03-15 14:00:00,,-20.782
2014-03-15 15:00:00,,-20.78
2014-03-15 16:00:00,,-20.777
2014-03-15 17:00:00,,-20.779
2014-03-15 18:00:00,,-20.784
2014-03-15 19:00:00,,-20.784
2014-03-15 20:00:00,,-20.795
2014-03-15 21:00:00,,-20.808
2014-03-15 22:00:00,,-20.814
2014-03-15 23:00:00,,-20.815
2014-03-16 00:00:00,,-20.807
2014-03-16 01:00:00,,-20.802
2014-03-16 02:00:00,,-20.804
2014-03-16 03:00:00,,-20.801
2014-03-16 04:00:00,,-20.802
2014-03-16 05:00:00,,-20.805
2014-03-16 06:00:00,,-20.812
2014-03-16 07:00:00,,-20.81
2014-03-16 08:00:00,,-20.818
2014-03-16 09:00:00,,-20.829
2014-03-16 10:00:00,,-20.827
2014-03-16 11:00:00,,-20.812
2014-03-16 12:00:00,,-20.816
2014-03-16 13:00:00,,-20.796
2014-03-16 14:00:00,,-20.802
2014-03-16 15:00:00,,-20.788
2014-03-16 16:00:00,,-20.786
2014-03-16 17:00:00,,-20.792
2014-03-16 18:00:00,,-20.791
2014-03-16 19:00:00,,-20.796
2014-03-16 20:00:00,,-20.809
2014-03-16 21:00:00,,-20.817
2014-03-16 22:00:00,,-20.818
2014-03-16 23:00:00,,-20.824
2014-03-17 00:00:00,,-20.826
2014-03-17 01:00:00,,-20.828
2014-03-17 02:00:00,,-20.821
2014-03-17 03:00:00,,-20.815
2014-03-17 04:00:00,,-20.813
2014-03-17 05:00:00,,-20.818
2014-03-17 06:00:00,,-20.826
2014-03-17 07:00:00,,-20.829
2014-03-17 08:00:00,,-20.834
2014-03-17 09:00:00,,-20.832
2014-03-17 10:00:00,,-20.836
2014-03-17 11:00:00,,-20.825
2014-03-17 12:00:00,,-20.824
2014-03-17 13:00:00,,-20.816
2014-03-17 14:00:00,,-20.804
2014-03-17 15:00:00,,-20.797
2014-03-17 16:00:00,,-20.793
2014-03-17 17:00:00,,-20.792
2014-03-17 18:00:00,,-20.798
2014-03-17 19:00:00,,-20.796
2014-03-17 20:00:00,,-20.805
2014-03-17 21:00:00,,-20.81
2014-03-17 22:00:00,,-20.83
2014-03-17 23:00:00,,-20.824
2014-03-18 00:00:00,,-20.817
2014-03-18 01:00:00,,-20.822
2014-03-18 02:00:00,,-20.817
2014-03-18 03:00:00,,-20.814
2014-03-18 04:00:00,,-20.806
2014-03-18 05:00:00,,-20.812
2014-03-18 06:00:00,,-20.822
2014-03-18 07:00:00,,-20.82
2014-03-18 08:00:00,,-20.825
2014-03-18 09:00:00,,-20.835
2014-03-18 10:00:00,,-20.837
2014-03-18 11:00:00,,-20.828
2014-03-18 12:00:00,,-20.824
2014-03-18 13:00:00,,-20.82
2014-03-18 14:00:00,,-20.81
2014-03-18 15:00:00,,-20.799
2014-03-18 16:00:00,,-20.794
2014-03-18 17:00:00,,-20.797
2014-03-18 18:00:00,,-20.798
2014-03-18 19:00:00,,-20.797
2014-03-18 20:00:00,,-20.808
2014-03-18 21:00:00,,-20.823
2014-03-18 22:00:00,,-20.825
2014-03-18 23:00:00,,-20.819
2014-03-19 00:00:00,,-20.82
2014-03-19 01:00:00,,-20.825
2014-03-19 02:00:00,,-20.821
2014-03-19 03:00:00,,-20.81
2014-03-19 04:00:00,,-20.807
2014-03-19 05:00:00,,-20.813
2014-03-19 06:00:00,,-20.824
2014-03-19 07:00:00,,-20.815
2014-03-19 08:00:00,,-20.828
2014-03-19 09:00:00,,-20.831
2014-03-19 10:00:00,,-20.832
2014-03-19 11:00:00,,-20.82
2014-03-19 12:00:00,,-20.822
2014-03-19 13:00:00,,-20.812
2014-03-19 14:00:00,,-20.798
2014-03-19 15:00:00,,-20.798
2014-03-19 16:00:00,,-20.789
2014-03-19 17:00:00,,-20.789
2014-03-19 18:00:00,,-20.789
2014-03-19 19:00:00,,-20.798
2014-03-19 20:00:00,,-20.805
2014-03-19 21:00:00,,-20.815
2014-03-19 22:00:00,,-20.812
2014-03-19 23:00:00,,-20.813
2014-03-20 00:00:00,,-20.812
2014-03-20 01:00:00,,-20.806
2014-03-20 02:00:00,,-20.815
2014-03-20 03:00:00,,-20.804
2014-03-20 04:00:00,,-20.795
2014-03-20 05:00:00,,-20.796
2014-03-20 06:00:00,,-20.808
2014-03-20 07:00:00,,-20.806
2014-03-20 08:00:00,,-20.814
2014-03-20 09:00:00,,-20.816
2014-03-20 10:00:00,,-20.814
2014-03-20 11:00:00,,-20.81
2014-03-20 12:00:00,,-20.804
2014-03-20 13:00:00,,-20.788
2014-03-20 14:00:00,,-20.778
2014-03-20 15:00:00,,-20.784
2014-03-20 16:00:00,,-20.774
2014-03-20 17:00:00,,-20.775
2014-03-20 18:00:00,,-20.785
2014-03-20 19:00:00,,-20.78
2014-03-20 20:00:00,,-20.794
2014-03-20 21:00:00,,-20.801
2014-03-20 22:00:00,,-20.805
2014-03-20 23:00:00,,-20.803
2014-03-21 00:00:00,,-20.811
2014-03-21 01:00:00,,-20.812
2014-03-21 02:00:00,,-20.803
2014-03-21 03:00:00,,-20.798
2014-03-21 04:00:00,,-20.805
2014-03-21 05:00:00,,-20.797
2014-03-21 06:00:00,,-20.813
2014-03-21 07:00:00,,-20.804
2014-03-21 08:00:00,,-20.813
2014-03-21 09:00:00,,-20.809
2014-03-21 10:00:00,,-20.82
2014-03-21 11:00:00,,-20.81
2014-03-21 12:00:00,,-20.803
2014-03-21 13:00:00,,-20.802
2014-03-21 14:00:00,,-20.79
2014-03-21 15:00:00,,-20.787
2014-03-21 16:00:00,,-20.797
2014-03-21 17:00:00,,-20.799
2014-03-21 18:00:00,,-20.797
2014-03-21 19:00:00,,-20.803
2014-03-21 20:00:00,,-20.805
2014-03-21 21:00:00,,-20.802
2014-03-21 22:00:00,,-20.807
2014-03-21 23:00:00,,-20.808
2014-03-22 00:00:00,,-20.808
2014-03-22 01:00:00,,-20.806
2014-03-22 02:00:00,,-20.81
2014-03-22 03:00:00,,-20.809
2014-03-22 04:00:00,,-20.8
2014-03-22 05:00:00,,-20.801
2014-03-22 06:00:00,,-20.799
2014-03-22 07:00:00,,-20.806
2014-03-22 08:00:00,,-20.805
2014-03-22 09:00:00,,-20.821
2014-03-22 10:00:00,,-20.821
2014-03-22 11:00:00,,-20.811
2014-03-22 12:00:00,,-20.808
2014-03-22 13:00:00,,-20.799
2014-03-22 14:00:00,,-20.79
2014-03-22 15:00:00,,-20.784
2014-03-22 16:00:00,,-20.794
2014-03-22 17:00:00,,-20.791
2014-03-22 18:00:00,,-20.792
2014-03-22 19:00:00,,-20.797
2014-03-22 20:00:00,,-20.802
2014-03-22 21:00:00,,-20.815
2014-03-22 22:00:00,,-20.819
2014-03-22 23:00:00,,-20.811
2014-03-23 00:00:00,,-20.81
2014-03-23 01:00:00,,-20.81
2014-03-23 02:00:00,,-20.803
2014-03-23 03:00:00,,-20.806
2014-03-23 04:00:00,,-20.811
2014-03-23 05:00:00,,-20.814
2014-03-23 06:00:00,,-20.812
2014-03-23 07:00:00,,-20.814
2014-03-23 08:00:00,,-20.821
2014-03-23 09:00:00,,-20.823
2014-03-23 10:00:00,,-20.815
2014-03-23 11:00:00,,-20.815
2014-03-23 12:00:00,,-20.805
2014-03-23 13:00:00,,-20.797
2014-03-23 14:00:00,,-20.79
2014-03-23 15:00:00,,-20.798
2014-03-23 16:00:00,,-20.785
2014-03-23 17:00:00,,-20.793
2014-03-23 18:00:00,,-20.796
2014-03-23 19:00:00,,-20.8
2014-03-23 20:00:00,,-20.801
2014-03-23 21:00:00,,-20.805
2014-03-23 22:00:00,,-20.813
2014-03-23 23:00:00,,-20.817
2014-03-24 00:00:00,,-20.812
2014-03-24 01:00:00,,-20.812
2014-03-24 02:00:00,,-20.812
2014-03-24 03:00:00,,-20.816
2014-03-24 04:00:00,,-20.806
2014-03-24 05:00:00,,-20.818
2014-03-24 06:00:00,,-20.814
2014-03-24 07:00:00,,-20.817
2014-03-24 08:00:00,,-20.822
2014-03-24 09:00:00,,-20.829
2014-03-24 10:00:00,,-20.817
2014-03-24 11:00:00,,-20.822
2014-03-24 12:00:00,,-20.815
2014-03-24 13:00:00,,-20.799
2014-03-24 14:00:00,,-20.788
2014-03-24 15:00:00,,-20.789
2014-03-24 16:00:00,,-20.78
2014-03-24 17:00:00,,-20.784
2014-03-24 18:00:00,,-20.79
2014-03-24 19:00:00,,-20.795
2014-03-24 20:00:00,,-20.802
2014-03-24 21:00:00,,-20.812
2014-03-24 22:00:00,,-20.815
2014-03-24 23:00:00,,-20.809
2014-03-25 00:00:00,,-20.812
2014-03-25 01:00:00,,-20.811
2014-03-25 02:00:00,,-20.805
2014-03-25 03:00:00,,-20.806
2014-03-25 04:00:00,,-20.811
2014-03-25 05:00:00,,-20.809
2014-03-25 06:00:00,,-20.81
2014-03-25 07:00:00,,-20.812
2014-03-25 08:00:00,,-20.821
2014-03-25 09:00:00,,-20.823
2014-03-25 10:00:00,,-20.814
2014-03-25 11:00:00,,-20.813
2014-03-25 12:00:00,,-20.805
2014-03-25 13:00:00,,-20.798
2014-03-25 14:00:00,,-20.794
2014-03-25 15:00:00,,-20.789
2014-03-25 16:00:00,,-20.783
2014-03-25 17:00:00,,-20.784
2014-03-25 18:00:00,,-20.795
2014-03-25 19:00:00,,-20.796
2014-03-25 20:00:00,,-20.804
2014-03-25 21:00:00,,-20.812
2014-03-25 22:00:00,,-20.815
2014-03-25 23:00:00,,-20.815
2014-03-26 00:00:00,,-20.816
2014-03-26 01:00:00,,-20.817
2014-03-26 02:00:00,,-20.809
2014-03-26 03:00:00,,-20.806
2014-03-26 04:00:00,,-20.805
2014-03-26 05:00:00,,-20.807
2014-03-26 06:00:00,,-20.805
2014-03-26 07:00:00,,-20.82
2014-03-26 08:00:00,,-20.819
2014-03-26 09:00:00,,-20.825
2014-03-26 10:00:00,,-20.824
2014-03-26 11:00:00,,-20.817
2014-03-26 12:00:00,,-20.806
2014-03-26 13:00:00,,-20.801
2014-03-26 14:00:00,,-20.794
2014-03-26 15:00:00,,-20.778
2014-03-26 16:00:00,,-20.783
2014-03-26 17:00:00,,-20.786
2014-03-26 18:00:00,,-20.791
2014-03-26 19:00:00,,-20.79
2014-03-26 20:00:00,,-20.797
2014-03-26 21:00:00,,-20.803
2014-03-26 22:00:00,,-20.805
2014-03-26 23:00:00,,-20.81
2014-03-27 00:00:00,,-20.803
2014-03-27 01:00:00,,-20.804
2014-03-27 02:00:00,,-20.801
2014-03-27 03:00:00,,-20.792
2014-03-27 04:00:00,,-20.797
2014-03-27 05:00:00,,-20.8
2014-03-27 06:00:00,,-20.807
2014-03-27 07:00:00,,-20.812
2014-03-27 08:00:00,,-20.819
2014-03-27 09:00:00,,-20.822
2014-03-27 10:00:00,,-20.823
2014-03-27 11:00:00,,-20.818
2014-03-27 12:00:00,,-20.797
2014-03-27 13:00:00,,-20.789
2014-03-27 14:00:00,,-20.786
2014-03-27 15:00:00,,-20.772
2014-03-27 16:00:00,,-20.773
2014-03-27 17:00:00,,-20.775
2014-03-27 18:00:00,,-20.79
2014-03-27 19:00:00,,-20.789
2014-03-27 20:00:00,,-20.797
2014-03-27 21:00:00,,-20.809
2014-03-27 22:00:00,,-20.809
2014-03-27 23:00:00,,-20.807
2014-03-28 00:00:00,,-20.808
2014-03-28 01:00:00,,-20.803
2014-03-28 02:00:00,,-20.796
2014-03-28 03:00:00,,-20.799
2014-03-28 04:00:00,,-20.799
2014-03-28 05:00:00,,-20.801
2014-03-28 06:00:00,,-20.8
2014-03-28 07:00:00,,-20.819
2014-03-28 08:00:00,,-20.825
2014-03-28 09:00:00,,-20.825
2014-03-28 10:00:00,,-20.822
2014-03-28 11:00:00,,-20.818
2014-03-28 12:00:00,,-20.81
2014-03-28 13:00:00,,-20.795
2014-03-28 14:00:00,,-20.797
2014-03-28 15:00:00,,-20.784
2014-03-28 16:00:00,,-20.781
2014-03-28 17:00:00,,-20.784
2014-03-28 18:00:00,,-20.786
2014-03-28 19:00:00,,-20.792
2014-03-28 20:00:00,,-20.801
2014-03-28 21:00:00,,-20.801
2014-03-28 22:00:00,,-20.811
2014-03-28 23:00:00,,-20.811
2014-03-29 00:00:00,,-20.808
2014-03-29 01:00:00,,-20.801
2014-03-29 02:00:00,,-20.798
2014-03-29 03:00:00,,-20.801
2014-03-29 04:00:00,,-20.797
2014-03-29 05:00:00,,-20.8
2014-03-29 06:00:00,,-20.808
2014-03-29 07:00:00,,-20.812
2014-03-29 08:00:00,,-20.817
2014-03-29 09:00:00,,-20.822
2014-03-29 10:00:00,,-20.818
2014-03-29 11:00:00,,-20.817
2014-03-29 12:00:00,,-20.811
2014-03-29 13:00:00,,-20.803
2014-03-29 14:00:00,,-20.795
2014-03-29 15:00:00,,-20.785
2014-03-29 16:00:00,,-20.778
2014-03-29 17:00:00,,-20.785
2014-03-29 18:00:00,,-20.782
2014-03-29 19:00:00,,-20.793
2014-03-29 20:00:00,,-20.807
2014-03-29 21:00:00,,-20.809
2014-03-29 22:00:00,,-20.805
2014-03-29 23:00:00,,-20.817
2014-03-30 00:00:00,,-20.81
2014-03-30 01:00:00,,-20.806
2014-03-30 02:00:00,,-20.805
2014-03-30 03:00:00,,-20.801
2014-03-30 04:00:00,,-20.796
2014-03-30 05:00:00,,-20.799
2014-03-30 06:00:00,,-20.809
2014-03-30 07:00:00,,-20.822
2014-03-30 08:00:00,,-20.816
2014-03-30 09:00:00,,-20.825
2014-03-30 10:00:00,,-20.827
2014-03-30 11:00:00,,-20.824
2014-03-30 12:00:00,,-20.816
2014-03-30 13:00:00,,-20.81
2014-03-30 14:00:00,,-20.789
2014-03-30 15:00:00,,-20.796
2014-03-30 16:00:00,,-20.789
2014-03-30 17:00:00,,-20.789
2014-03-30 18:00:00,,-20.791
2014-03-30 19:00:00,,-20.802
2014-03-30 20:00:00,,-20.796
2014-03-30 21:00:00,,-20.814
2014-03-30 22:00:00,,-20.813
2014-03-30 23:00:00,,-20.815
2014-03-31 00:00:00,,-20.807
2014-03-31 01:00:00,,-20.807
2014-03-31 02:00:00,,-20.804
2014-03-31 03:00:00,,-20.798
2014-03-31 04:00:00,,-20.803
2014-03-31 05:00:00,,-20.795
2014-03-31 06:00:00,,-20.798
2014-03-31 07:00:00,,-20.811
2014-03-31 08:00:00,,-20.811
2014-03-31 09:00:00,,-20.821
2014-03-31 10:00:00,,-20.814
2014-03-31 11:00:00,,-20.816
2014-03-31 12:00:00,,-20.805
2014-03-31 13:00:00,,-20.796
2014-03-31 14:00:00,,-20.794
2014-03-31 15:00:00,,-20.782
2014-03-31 16:00:00,,-20.781
2014-03-31 17:00:00,,-20.782
2014-03-31 18:00:00,,-20.79
2014-03-31 19:00:00,,-20.787
2014-03-31 20:00:00,,-20.799
2014-03-31 21:00:00,,-20.805
2014-03-31 22:00:00,,-20.806
2014-03-31 23:00:00,,-20.8
2014-04-01 00:00:00,,-20.801
2014-04-01 01:00:00,,-20.793
2014-04-01 02:00:00,,-20.797
2014-04-01 03:00:00,,-20.795
2014-04-01 04:00:00,,-20.8
2014-04-01 05:00:00,,-20.794
2014-04-01 06:00:00,,-20.803
2014-04-01 07:00:00,,-20.809
2014-04-01 08:00:00,,-20.804
2014-04-01 09:00:00,,-20.811
2014-04-01 10:00:00,,-20.805
2014-04-01 11:00:00,,-20.8
2014-04-01 12:00:00,,-20.799
2014-04-01 13:00:00,,-20.789
2014-04-01 14:00:00,,-20.774
2014-04-01 15:00:00,,-20.776
2014-04-01 16:00:00,,-20.772
2014-04-01 17:00:00,,-20.765
2014-04-01 18:00:00,,-20.776
2014-04-01 19:00:00,,-20.775
2014-04-01 20:00:00,,-20.788
2014-04-01 21:00:00,,-20.792
2014-04-01 22:00:00,,-20.796
2014-04-01 23:00:00,,-20.801
2014-04-02 00:00:00,,-20.801
2014-04-02 01:00:00,,-20.807
2014-04-02 02:00:00,,-20.798
2014-04-02 03:00:00,,-20.791
2014-04-02 04:00:00,,-20.794
2014-04-02 05:00:00,,-20.791
2014-04-02 06:00:00,,-20.805
2014-04-02 07:00:00,,-20.802
2014-04-02 08:00:00,,-20.804
2014-04-02 09:00:00,,-20.807
2014-04-02 10:00:00,,-20.802
2014-04-02 11:00:00,,-20.804
2014-04-02 12:00:00,,-20.8
2014-04-02 13:00:00,,-20.789
2014-04-02 14:00:00,,-20.782
2014-04-02 15:00:00,,-20.784
2014-04-02 16:00:00,,-20.783
2014-04-02 17:00:00,,-20.778
2014-04-02 18:00:00,,-20.775
2014-04-02 19:00:00,,-20.785
2014-04-02 20:00:00,,-20.792
2014-04-02 21:00:00,,-20.797
2014-04-02 22:00:00,,-20.803
2014-04-02 23:00:00,,-20.801
2014-04-03 00:00:00,,-20.8
2014-04-03 01:00:00,,-20.8
2014-04-03 02:00:00,,-20.804
2014-04-03 03:00:00,,-20.797
2014-04-03 04:00:00,,-20.8
2014-04-03 05:00:00,,-20.803
2014-04-03 06:00:00,,-20.815
2014-04-03 07:00:00,,-20.808
2014-04-03 08:00:00,,-20.816
2014-04-03 09:00:00,,-20.822
2014-04-03 10:00:00,,-20.83
2014-04-03 11:00:00,,-20.82
2014-04-03 12:00:00,,-20.815
2014-04-03 13:00:00,,-20.801
2014-04-03 14:00:00,,-20.799
2014-04-03 15:00:00,,-20.787
2014-04-03 16:00:00,,-20.797
2014-04-03 17:00:00,,-20.785
2014-04-03 18:00:00,,-20.793
2014-04-03 19:00:00,,-20.799
2014-04-03 20:00:00,,-20.81
2014-04-03 21:00:00,,-20.807
2014-04-03 22:00:00,,-20.817
2014-04-03 23:00:00,,-20.816
2014-04-04 00:00:00,,-20.81
2014-04-04 01:00:00,,-20.813
2014-04-04 02:00:00,,-20.812
2014-04-04 03:00:00,,-20.815
2014-04-04 04:00:00,,-20.807
2014-04-04 05:00:00,,-20.81
2014-04-04 06:00:00,,-20.806
2014-04-04 07:00:00,,-20.822
2014-04-04 08:00:00,,-20.817
2014-04-04 09:00:00,,-20.813
2014-04-04 10:00:00,,-20.81
2014-04-04 11:00:00,,-20.818
2014-04-04 12:00:00,,-20.806
2014-04-04 13:00:00,,-20.794
2014-04-04 14:00:00,,-20.798
2014-04-04 15:00:00,,-20.788
2014-04-04 16:00:00,,-20.79
2014-04-04 17:00:00,,-20.789
2014-04-04 18:00:00,,-20.783
2014-04-04 19:00:00,,-20.8
2014-04-04 20:00:00,,-20.808
2014-04-04 21:00:00,,-20.81
2014-04-04 22:00:00,,-20.81
2014-04-04 23:00:00,,-20.81
2014-04-05 00:00:00,,-20.815
2014-04-05 01:00:00,,-20.822
2014-04-05 02:00:00,,-20.812
2014-04-05 03:00:00,,-20.811
2014-04-05 04:00:00,,-20.816
2014-04-05 05:00:00,,-20.814
2014-04-05 06:00:00,,-20.814
2014-04-05 07:00:00,,-20.816
2014-04-05 08:00:00,,-20.81
2014-04-05 09:00:00,,-20.809
2014-04-05 10:00:00,,-20.813
2014-04-05 11:00:00,,-20.816
2014-04-05 12:00:00,,-20.806
2014-04-05 13:00:00,,-20.792
2014-04-05 14:00:00,,-20.792
2014-04-05 15:00:00,,-20.791
2014-04-05 16:00:00,,-20.777
2014-04-05 17:00:00,,-20.78
2014-04-05 18:00:00,,-20.782
2014-04-05 19:00:00,,-20.789
2014-04-05 20:00:00,,-20.801
2014-04-05 21:00:00,,-20.807
2014-04-05 22:00:00,,-20.808
2014-04-05 23:00:00,,-20.806
2014-04-06 00:00:00,,-20.812
2014-04-06 01:00:00,,-20.811
2014-04-06 02:00:00,,-20.806
2014-04-06 03:00:00,,-20.803
2014-04-06 04:00:00,,-20.802
2014-04-06 05:00:00,,-20.809
2014-04-06 06:00:00,,-20.809
2014-04-06 07:00:00,,-20.81
2014-04-06 08:00:00,,-20.8
2014-04-06 09:00:00,,-20.81
2014-04-06 10:00:00,,-20.811
2014-04-06 11:00:00,,-20.806
2014-04-06 12:00:00,,-20.804
2014-04-06 13:00:00,,-20.792
2014-04-06 14:00:00,,-20.784
2014-04-06 15:00:00,,-20.78
2014-04-06 16:00:00,,-20.779
2014-04-06 17:00:00,,-20.778
2014-04-06 18:00:00,,-20.786
2014-04-06 19:00:00,,-20.8
2014-04-06 20:00:00,,-20.802
2014-04-06 21:00:00,,-20.807
2014-04-06 22:00:00,,-20.81
2014-04-06 23:00:00,,-20.8
2014-04-07 00:00:00,,-20.809
2014-04-07 01:00:00,,-20.8
2014-04-07 02:00:00,,-20.795
2014-04-07 03:00:00,,-20.799
2014-04-07 04:00:00,,-20.789
2014-04-07 05:00:00,,-20.796
2014-04-07 06:00:00,,-20.799
2014-04-07 07:00:00,,-20.803
2014-04-07 08:00:00,,-20.802
2014-04-07 09:00:00,,-20.812
2014-04-07 10:00:00,,-20.806
2014-04-07 11:00:00,,-20.8
2014-04-07 12:00:00,,-20.791
2014-04-07 13:00:00,,-20.78
2014-04-07 14:00:00,,-20.77
2014-04-07 15:00:00,,-20.772
2014-04-07 16:00:00,,-20.769
2014-04-07 17:00:00,,-20.771
2014-04-07 18:00:00,,-20.777
2014-04-07 19:00:00,,-20.789
2014-04-07 20:00:00,,-20.797
2014-04-07 21:00:00,,-20.795
2014-04-07 22:00:00,,-20.797
2014-04-07 23:00:00,,-20.8
2014-04-08 00:00:00,,-20.793
2014-04-08 01:00:00,,-20.788
2014-04-08 02:00:00,,-20.796
2014-04-08 03:00:00,,-20.79
2014-04-08 04:00:00,,-20.798
2014-04-08 05:00:00,,-20.793
2014-04-08 06:00:00,,-20.806
2014-04-08 07:00:00,,-20.807
2014-04-08 08:00:00,,-20.811
2014-04-08 09:00:00,,-20.809
2014-04-08 10:00:00,,-20.808
2014-04-08 11:00:00,,-20.808
2014-04-08 12:00:00,,-20.81
2014-04-08 13:00:00,,-20.792
2014-04-08 14:00:00,,-20.795
2014-04-08 15:00:00,,-20.785
2014-04-08 16:00:00,,-20.778
2014-04-08 17:00:00,,-20.785
2014-04-08 18:00:00,,-20.798
2014-04-08 19:00:00,,-20.795
2014-04-08 20:00:00,,-20.797
2014-04-08 21:00:00,,-20.798
2014-04-08 22:00:00,,-20.803
2014-04-08 23:00:00,,-20.798
2014-04-09 00:00:00,,-20.794
2014-04-09 01:00:00,,-20.791
2014-04-09 02:00:00,,-20.798
2014-04-09 03:00:00,,-20.788
2014-04-09 04:00:00,,-20.78
2014-04-09 05:00:00,,-20.781
2014-04-09 06:00:00,,-20.784
2014-04-09 07:00:00,,-20.802
2014-04-09 08:00:00,,-20.8
2014-04-09 09:00:00,,-20.806
2014-04-09 10:00:00,,-20.809
2014-04-09 11:00:00,,-20.809
2014-04-09 12:00:00,,-20.792
2014-04-09 13:00:00,,-20.792
2014-04-09 14:00:00,,-20.789
2014-04-09 15:00:00,,-20.782
2014-04-09 16:00:00,,-20.784
2014-04-09 17:00:00,,-20.787
2014-04-09 18:00:00,,-20.79
2014-04-09 19:00:00,,-20.797
2014-04-09 20:00:00,,-20.803
2014-04-09 21:00:00,,-20.8
2014-04-09 22:00:00,,-20.812
2014-04-09 23:00:00,,-20.805
2014-04-10 00:00:00,,-20.808
2014-04-10 01:00:00,,-20.791
2014-04-10 02:00:00,,-20.785
2014-04-10 03:00:00,,-20.795
2014-04-10 04:00:00,,-20.785
2014-04-10 05:00:00,,-20.789
2014-04-10 06:00:00,,-20.8
2014-04-10 07:00:00,,-20.797
2014-04-10 08:00:00,,-20.805
2014-04-10 09:00:00,,-20.802
2014-04-10 10:00:00,,-20.801
2014-04-10 11:00:00,,-20.804
2014-04-10 12:00:00,,-20.791
2014-04-10 13:00:00,,-20.794
2014-04-10 14:00:00,,-20.787
2014-04-10 15:00:00,,-20.777
2014-04-10 16:00:00,,-20.773
2014-04-10 17:00:00,,-20.779
2014-04-10 18:00:00,,-20.785
2014-04-10 19:00:00,,-20.784
2014-04-10 20:00:00,,-20.79
2014-04-10 21:00:00,,-20.807
2014-04-10 22:00:00,,-20.812
2014-04-10 23:00:00,,-20.798
2014-04-11 00:00:00,,-20.807
2014-04-11 01:00:00,,-20.801
2014-04-11 02:00:00,,-20.798
2014-04-11 03:00:00,,-20.794
2014-04-11 04:00:00,,-20.789
2014-04-11 05:00:00,,-20.793
2014-04-11 06:00:00,,-20.804
2014-04-11 07:00:00,,-20.802
2014-04-11 08:00:00,,-20.807
2014-04-11 09:00:00,,-20.812
2014-04-11 10:00:00,,-20.81
2014-04-11 11:00:00,,-20.807
2014-04-11 12:00:00,,-20.805
2014-04-11 13:00:00,,-20.792
2014-04-11 14:00:00,,-20.784
2014-04-11 15:00:00,,-20.782
2014-04-11 16:00:00,,-20.781
2014-04-11 17:00:00,,-20.785
2014-04-11 18:00:00,,-20.787
2014-04-11 19:00:00,,-20.798
2014-04-11 20:00:00,,-20.8
2014-04-11 21:00:00,,-20.804
2014-04-11 22:00:00,,-20.814
2014-04-11 23:00:00,,-20.817
2014-04-12 00:00:00,,-20.807
2014-04-12 01:00:00,,-20.811
2014-04-12 02:00:00,,-20.795
2014-04-12 03:00:00,,-20.796
2014-04-12 04:00:00,,-20.794
2014-04-12 05:00:00,,-20.798
2014-04-12 06:00:00,,-20.801
2014-04-12 07:00:00,,-20.801
2014-04-12 08:00:00,,-20.804
2014-04-12 09:00:00,,-20.807
2014-04-12 10:00:00,,-20.813
2014-04-12 11:00:00,,-20.803
2014-04-12 12:00:00,,-20.801
2014-04-12 13:00:00,,-20.792
2014-04-12 14:00:00,,-20.785
2014-04-12 15:00:00,,-20.777
2014-04-12 16:00:00,,-20.77
2014-04-12 17:00:00,,-20.78
2014-04-12 18:00:00,,-20.786
2014-04-12 19:00:00,,-20.801
2014-04-12 20:00:00,,-20.796
2014-04-12 21:00:00,,-20.809
2014-04-12 22:00:00,,-20.813
2014-04-12 23:00:00,,-20.806
2014-04-13 00:00:00,,-20.808
2014-04-13 01:00:00,,-20.81
2014-04-13 02:00:00,,-20.802
2014-04-13 03:00:00,,-20.802
2014-04-13 04:00:00,,-20.795
2014-04-13 05:00:00,,-20.795
2014-04-13 06:00:00,,-20.8
2014-04-13 07:00:00,,-20.801
2014-04-13 08:00:00,,-20.805
2014-04-13 09:00:00,,-20.81
2014-04-13 10:00:00,,-20.818
2014-04-13 11:00:00,,-20.804
2014-04-13 12:00:00,,-20.802
2014-04-13 13:00:00,,-20.789
2014-04-13 14:00:00,,-20.794
2014-04-13 15:00:00,,-20.782
2014-04-13 16:00:00,,-20.781
2014-04-13 17:00:00,,-20.783
2014-04-13 18:00:00,,-20.791
2014-04-13 19:00:00,,-20.798
2014-04-13 20:00:00,,-20.801
2014-04-13 21:00:00,,-20.806
2014-04-13 22:00:00,,-20.814
2014-04-13 23:00:00,,-20.812
2014-04-14 00:00:00,,-20.816
2014-04-14 01:00:00,,-20.812
2014-04-14 02:00:00,,-20.804
2014-04-14 03:00:00,,-20.799
2014-04-14 04:00:00,,-20.797
2014-04-14 05:00:00,,-20.791
2014-04-14 06:00:00,,-20.804
2014-04-14 07:00:00,,-20.801
2014-04-14 08:00:00,,-20.799
2014-04-14 09:00:00,,-20.814
2014-04-14 10:00:00,,-20.811
2014-04-14 11:00:00,,-20.812
2014-04-14 12:00:00,,-20.794
2014-04-14 13:00:00,,-20.787
2014-04-14 14:00:00,,-20.787
2014-04-14 15:00:00,,-20.782
2014-04-14 16:00:00,,-20.774
2014-04-14 17:00:00,,-20.784
2014-04-14 18:00:00,,-20.792
2014-04-14 19:00:00,,-20.799
2014-04-14 20:00:00,,-20.807
2014-04-14 21:00:00,,-20.814
2014-04-14 22:00:00,,-20.817
2014-04-14 23:00:00,,-20.811
2014-04-15 00:00:00,,-20.815
2014-04-15 01:00:00,,-20.816
2014-04-15 02:00:00,,-20.807
2014-04-15 03:00:00,,-20.804
2014-04-15 04:00:00,,-20.794
2014-04-15 05:00:00,,-20.799
2014-04-15 06:00:00,,-20.807
2014-04-15 07:00:00,,-20.802
2014-04-15 08:00:00,,-20.815
2014-04-15 09:00:00,,-20.815
2014-04-15 10:00:00,,-20.813
2014-04-15 11:00:00,,-20.814
2014-04-15 12:00:00,,-20.809
2014-04-15 13:00:00,,-20.8
2014-04-15 14:00:00,,-20.797
2014-04-15 15:00:00,,-20.785
2014-04-15 16:00:00,,-20.783
2014-04-15 17:00:00,,-20.78
2014-04-15 18:00:00,,-20.789
2014-04-15 19:00:00,,-20.794
2014-04-15 20:00:00,,-20.802
2014-04-15 21:00:00,,-20.808
2014-04-15 22:00:00,,-20.819
2014-04-15 23:00:00,,-20.819
2014-04-16 00:00:00,,-20.811
2014-04-16 01:00:00,,-20.809
2014-04-16 02:00:00,,-20.807
2014-04-16 03:00:00,,-20.802
2014-04-16 04:00:00,,-20.805
2014-04-16 05:00:00,,-20.8
2014-04-16 06:00:00,,-20.8
2014-04-16 07:00:00,,-20.805
2014-04-16 08:00:00,,-20.804
2014-04-16 09:00:00,,-20.808
2014-04-16 10:00:00,,-20.821
2014-04-16 11:00:00,,-20.811
2014-04-16 12:00:00,,-20.811
2014-04-16 13:00:00,,-20.796
2014-04-16 14:00:00,,-20.787
2014-04-16 15:00:00,,-20.784
2014-04-16 16:00:00,,-20.782
2014-04-16 17:00:00,,-20.782
2014-04-16 18:00:00,,-20.788
2014-04-16 19:00:00,,-20.788
2014-04-16 20:00:00,,-20.799
2014-04-16 21:00:00,,-20.805
2014-04-16 22:00:00,,-20.817
2014-04-16 23:00:00,,-20.811
2014-04-17 00:00:00,,-20.812
2014-04-17 01:00:00,,-20.805
2014-04-17 02:00:00,,-20.806
2014-04-17 03:00:00,,-20.804
2014-04-17 04:00:00,,-20.803
2014-04-17 05:00:00,,-20.801
2014-04-17 06:00:00,,-20.81
2014-04-17 07:00:00,,-20.806
2014-04-17 08:00:00,,-20.817
2014-04-17 09:00:00,,-20.811
2014-04-17 10:00:00,,-20.821
2014-04-17 11:00:00,,-20.804
2014-04-17 12:00:00,,-20.813
2014-04-17 13:00:00,,-20.791
2014-04-17 14:00:00,,-20.785
2014-04-17 15:00:00,,-20.786
2014-04-17 16:00:00,,-20.781
2014-04-17 17:00:00,,-20.783
2014-04-17 18:00:00,,-20.782
2014-04-17 19:00:00,,-20.799
2014-04-17 20:00:00,,-20.797
2014-04-17 21:00:00,,-20.809
2014-04-17 22:00:00,,-20.817
2014-04-17 23:00:00,,-20.814
2014-04-18 00:00:00,,-20.808
2014-04-18 01:00:00,,-20.809
2014-04-18 02:00:00,,-20.8
2014-04-18 03:00:00,,-20.802
2014-04-18 04:00:00,,-20.801
2014-04-18 05:00:00,,-20.799
2014-04-18 06:00:00,,-20.807
2014-04-18 07:00:00,,-20.803
2014-04-18 08:00:00,,-20.808
2014-04-18 09:00:00,,-20.805
2014-04-18 10:00:00,,-20.8
2014-04-18 11:00:00,,-20.808
2014-04-18 12:00:00,,-20.803
2014-04-18 13:00:00,,-20.803
2014-04-18 14:00:00,,-20.785
2014-04-18 15:00:00,,-20.793
2014-04-18 16:00:00,,-20.786
2014-04-18 17:00:00,,-20.784
2014-04-18 18:00:00,,-20.782
2014-04-18 19:00:00,,-20.793
2014-04-18 20:00:00,,-20.806
2014-04-18 21:00:00,,-20.812
2014-04-18 22:00:00,,-20.809
2014-04-18 23:00:00,,-20.809
2014-04-19 00:00:00,,-20.811
2014-04-19 01:00:00,,-20.809
2014-04-19 02:00:00,,-20.808
2014-04-19 03:00:00,,-20.799
2014-04-19 04:00:00,,-20.798
2014-04-19 05:00:00,,-20.799
2014-04-19 06:00:00,,-20.799
2014-04-19 07:00:00,,-20.795
2014-04-19 08:00:00,,-20.802
2014-04-19 09:00:00,,-20.811
2014-04-19 10:00:00,,-20.806
2014-04-19 11:00:00,,-20.808
2014-04-19 12:00:00,,-20.798
2014-04-19 13:00:00,,-20.789
2014-04-19 14:00:00,,-20.781
2014-04-19 15:00:00,,-20.777
2014-04-19 16:00:00,,-20.775
2014-04-19 17:00:00,,-20.773
2014-04-19 18:00:00,,-20.778
2014-04-19 19:00:00,,-20.776
2014-04-19 20:00:00,,-20.782
2014-04-19 21:00:00,,-20.796
2014-04-19 22:00:00,,-20.799
2014-04-19 23:00:00,,-20.815
2014-04-20 00:00:00,,-20.799
2014-04-20 01:00:00,,-20.799
2014-04-20 02:00:00,,-20.798
2014-04-20 03:00:00,,-20.794
2014-04-20 04:00:00,,-20.795
2014-04-20 05:00:00,,-20.799
2014-04-20 06:00:00,,-20.795
2014-04-20 07:00:00,,-20.8
2014-04-20 08:00:00,,-20.8
2014-04-20 09:00:00,,-20.802
2014-04-20 10:00:00,,-20.799
2014-04-20 11:00:00,,-20.808
2014-04-20 12:00:00,,-20.797
2014-04-20 13:00:00,,-20.784
2014-04-20 14:00:00,,-20.776
2014-04-20 15:00:00,,-20.775
2014-04-20 16:00:00,,-20.77
2014-04-20 17:00:00,,-20.778
2014-04-20 18:00:00,,-20.783
2014-04-20 19:00:00,,-20.787
2014-04-20 20:00:00,,-20.791
2014-04-20 21:00:00,,-20.792
2014-04-20 22:00:00,,-20.8
2014-04-20 23:00:00,,-20.8
2014-04-21 00:00:00,,-20.799
2014-04-21 01:00:00,,-20.797
2014-04-21 02:00:00,,-20.789
2014-04-21 03:00:00,,-20.799
2014-04-21 04:00:00,,-20.789
2014-04-21 05:00:00,,-20.799
2014-04-21 06:00:00,,-20.796
2014-04-21 07:00:00,,-20.795
2014-04-21 08:00:00,,-20.804
2014-04-21 09:00:00,,-20.812
2014-04-21 10:00:00,,-20.807
2014-04-21 11:00:00,,-20.801
2014-04-21 12:00:00,,-20.79
2014-04-21 13:00:00,,-20.78
2014-04-21 14:00:00,,-20.778
2014-04-21 15:00:00,,-20.782
2014-04-21 16:00:00,,-20.777
2014-04-21 17:00:00,,-20.784
2014-04-21 18:00:00,,-20.786
2014-04-21 19:00:00,,-20.783
2014-04-21 20:00:00,,-20.797
2014-04-21 21:00:00,,-20.794
2014-04-21 22:00:00,,-20.799
2014-04-21 23:00:00,,-20.797
2014-04-22 00:00:00,,-20.792
2014-04-22 01:00:00,,-20.804
2014-04-22 02:00:00,,-20.794
2014-04-22 03:00:00,,-20.793
2014-04-22 04:00:00,,-20.796
2014-04-22 05:00:00,,-20.793
2014-04-22 06:00:00,,-20.797
2014-04-22 07:00:00,,-20.798
2014-04-22 08:00:00,,-20.803
2014-04-22 09:00:00,,-20.803
2014-04-22 10:00:00,,-20.798
2014-04-22 11:00:00,,-20.8
2014-04-22 12:00:00,,-20.792
2014-04-22 13:00:00,,-20.787
2014-04-22 14:00:00,,-20.779
2014-04-22 15:00:00,,-20.768
2014-04-22 16:00:00,,-20.776
2014-04-22 17:00:00,,-20.774
2014-04-22 18:00:00,,-20.781
2014-04-22 19:00:00,,-20.784
2014-04-22 20:00:00,,-20.792
2014-04-22 21:00:00,,-20.796
2014-04-22 22:00:00,,-20.794
2014-04-22 23:00:00,,-20.808
2014-04-23 00:00:00,,-20.797
2014-04-23 01:00:00,,-20.79
2014-04-23 02:00:00,,-20.797
2014-04-23 03:00:00,,-20.792
2014-04-23 04:00:00,,-20.789
2014-04-23 05:00:00,,-20.797
2014-04-23 06:00:00,,-20.787
2014-04-23 07:00:00,,-20.795
2014-04-23 08:00:00,,-20.797
2014-04-23 09:00:00,,-20.796
2014-04-23 10:00:00,,-20.809
2014-04-23 11:00:00,,-20.804
2014-04-23 12:00:00,,-20.788
2014-04-23 13:00:00,,-20.792
2014-04-23 14:00:00,,-20.773
2014-04-23 15:00:00,,-20.776
2014-04-23 16:00:00,,-20.774
2014-04-23 17:00:00,,-20.775
2014-04-23 18:00:00,,-20.782
2014-04-23 19:00:00,,-20.788
2014-04-23 20:00:00,,-20.799
2014-04-23 21:00:00,,-20.801
2014-04-23 22:00:00,,-20.807
2014-04-23 23:00:00,,-20.795
2014-04-24 00:00:00,,-20.799
2014-04-24 01:00:00,,-20.796
2014-04-24 02:00:00,,-20.785
2014-04-24 03:00:00,,-20.782
2014-04-24 04:00:00,,-20.792
2014-04-24 05:00:00,,-20.789
2014-04-24 06:00:00,,-20.791
2014-04-24 07:00:00,,-20.798
2014-04-24 08:00:00,,-20.802
2014-04-24 09:00:00,,-20.802
2014-04-24 10:00:00,,-20.807
2014-04-24 11:00:00,,-20.795
2014-04-24 12:00:00,,-20.791
2014-04-24 13:00:00,,-20.783
2014-04-24 14:00:00,,-20.775
2014-04-24 15:00:00,,-20.773
2014-04-24 16:00:00,,-20.777
2014-04-24 17:00:00,,-20.774
2014-04-24 18:00:00,,-20.785
2014-04-24 19:00:00,,-20.781
2014-04-24 20:00:00,,-20.793
2014-04-24 21:00:00,,-20.801
2014-04-24 22:00:00,,-20.797
2014-04-24 23:00:00,,-20.798
2014-04-25 00:00:00,,-20.801
2014-04-25 01:00:00,,-20.799
2014-04-25 02:00:00,,-20.789
2014-04-25 03:00:00,,-20.781
2014-04-25 04:00:00,,-20.794
2014-04-25 05:00:00,,-20.791
2014-04-25 06:00:00,,-20.799
2014-04-25 07:00:00,,-20.8
2014-04-25 08:00:00,,-20.798
2014-04-25 09:00:00,,-20.807
2014-04-25 10:00:00,,-20.809
2014-04-25 11:00:00,,-20.802
2014-04-25 12:00:00,,-20.794
2014-04-25 13:00:00,,-20.791
2014-04-25 14:00:00,,-20.772
2014-04-25 15:00:00,,-20.772
2014-04-25 16:00:00,,-20.772
2014-04-25 17:00:00,,-20.768
2014-04-25 18:00:00,,-20.784
2014-04-25 19:00:00,,-20.793
2014-04-25 20:00:00,,-20.795
2014-04-25 21:00:00,,-20.8
2014-04-25 22:00:00,,-20.806
2014-04-25 23:00:00,,-20.811
2014-04-26 00:00:00,,-20.799
2014-04-26 01:00:00,,-20.805
2014-04-26 02:00:00,,-20.797
2014-04-26 03:00:00,,-20.785
2014-04-26 04:00:00,,-20.79
2014-04-26 05:00:00,,-20.797
2014-04-26 06:00:00,,-20.793
2014-04-26 07:00:00,,-20.804
2014-04-26 08:00:00,,-20.811
2014-04-26 09:00:00,,-20.807
2014-04-26 10:00:00,,-20.813
2014-04-26 11:00:00,,-20.801
2014-04-26 12:00:00,,-20.792
2014-04-26 13:00:00,,-20.782
2014-04-26 14:00:00,,-20.771
2014-04-26 15:00:00,,-20.777
2014-04-26 16:00:00,,-20.777
2014-04-26 17:00:00,,-20.776
2014-04-26 18:00:00,,-20.787
2014-04-26 19:00:00,,-20.796
2014-04-26 20:00:00,,-20.793
2014-04-26 21:00:00,,-20.802
2014-04-26 22:00:00,,-20.809
2014-04-26 23:00:00,,-20.805
2014-04-27 00:00:00,,-20.805
2014-04-27 01:00:00,,-20.796
2014-04-27 02:00:00,,-20.798
2014-04-27 03:00:00,,-20.801
2014-04-27 04:00:00,,-20.788
2014-04-27 05:00:00,,-20.793
2014-04-27 06:00:00,,-20.797
2014-04-27 07:00:00,,-20.801
2014-04-27 08:00:00,,-20.81
2014-04-27 09:00:00,,-20.817
2014-04-27 10:00:00,,-20.811
2014-04-27 11:00:00,,-20.805
2014-04-27 12:00:00,,-20.794
2014-04-27 13:00:00,,-20.782
2014-04-27 14:00:00,,-20.775
2014-04-27 15:00:00,,-20.77
2014-04-27 16:00:00,,-20.769
2014-04-27 17:00:00,,-20.766
2014-04-27 18:00:00,,-20.772
2014-04-27 19:00:00,,-20.782
2014-04-27 20:00:00,,-20.791
2014-04-27 21:00:00,,-20.794
2014-04-27 22:00:00,,-20.802
2014-04-27 23:00:00,,-20.796
2014-04-28 00:00:00,,-20.799
2014-04-28 01:00:00,,-20.799
2014-04-28 02:00:00,,-20.8
2014-04-28 03:00:00,,-20.796
2014-04-28 04:00:00,,-20.791
2014-04-28 05:00:00,,-20.792
2014-04-28 06:00:00,,-20.8
2014-04-28 07:00:00,,-20.798
2014-04-28 08:00:00,,-20.803
2014-04-28 09:00:00,,-20.81
2014-04-28 10:00:00,,-20.805
2014-04-28 11:00:00,,-20.801
2014-04-28 12:00:00,,-20.795
2014-04-28 13:00:00,,-20.793
2014-04-28 14:00:00,,-20.774
2014-04-28 15:00:00,,-20.777
2014-04-28 16:00:00,,-20.774
2014-04-28 17:00:00,,-20.771
2014-04-28 18:00:00,,-20.776
2014-04-28 19:00:00,,-20.781
2014-04-28 20:00:00,,-20.788
2014-04-28 21:00:00,,-20.791
2014-04-28 22:00:00,,-20.797
2014-04-28 23:00:00,,-20.802
2014-04-29 00:00:00,,-20.793
2014-04-29 01:00:00,,-20.783
2014-04-29 02:00:00,,-20.788
2014-04-29 03:00:00,,-20.774
2014-04-29 04:00:00,,-20.774
2014-04-29 05:00:00,,-20.782
2014-04-29 06:00:00,,-20.784
2014-04-29 07:00:00,,-20.793
2014-04-29 08:00:00,,-20.796
2014-04-29 09:00:00,,-20.798
2014-04-29 10:00:00,,-20.793
2014-04-29 11:00:00,,-20.795
2014-04-29 12:00:00,,-20.79
2014-04-29 13:00:00,,-20.781
2014-04-29 14:00:00,,-20.773
2014-04-29 15:00:00,,-20.773
2014-04-29 16:00:00,,-20.765
2014-04-29 17:00:00,,-20.779
2014-04-29 18:00:00,,-20.786
2014-04-29 19:00:00,,-20.803
2014-04-29 20:00:00,,-20.814
2014-04-29 21:00:00,,-20.813
2014-04-29 22:00:00,,-20.832
2014-04-29 23:00:00,,-20.83
2014-04-30 00:00:00,,-20.822
2014-04-30 01:00:00,,-20.815
2014-04-30 02:00:00,,-20.803
2014-04-30 03:00:00,,-20.801
2014-04-30 04:00:00,,-20.802
2014-04-30 05:00:00,,-20.801
2014-04-30 06:00:00,,-20.794
2014-04-30 07:00:00,,-20.8
2014-04-30 08:00:00,,-20.814
2014-04-30 09:00:00,,-20.82
2014-04-30 10:00:00,,-20.82
2014-04-30 11:00:00,,-20.813
2014-04-30 12:00:00,,-20.811
2014-04-30 13:00:00,,-20.802
2014-04-30 14:00:00,,-20.785
2014-04-30 15:00:00,,-20.787
2014-04-30 16:00:00,,-20.787
2014-04-30 17:00:00,,-20.782
2014-04-30 18:00:00,,-20.784
2014-04-30 19:00:00,,-20.791
2014-04-30 20:00:00,,-20.799
2014-04-30 21:00:00,,-20.809
2014-04-30 22:00:00,,-20.821
2014-04-30 23:00:00,,-20.814
2014-05-01 00:00:00,,-20.816
2014-05-01 01:00:00,,-20.806
2014-05-01 02:00:00,,-20.807
2014-05-01 03:00:00,,-20.794
2014-05-01 04:00:00,,-20.799
2014-05-01 05:00:00,,-20.788
2014-05-01 06:00:00,,-20.796
2014-05-01 07:00:00,,-20.803
2014-05-01 08:00:00,,-20.797
2014-05-01 09:00:00,,-20.809
2014-05-01 10:00:00,,-20.799
2014-05-01 11:00:00,,-20.801
2014-05-01 12:00:00,,-20.791
2014-05-01 13:00:00,,-20.788
2014-05-01 14:00:00,,-20.78
2014-05-01 15:00:00,,-20.78
2014-05-01 16:00:00,,-20.768
2014-05-01 17:00:00,,-20.776
2014-05-01 18:00:00,,-20.783
2014-05-01 19:00:00,,-20.787
2014-05-01 20:00:00,,-20.799
2014-05-01 21:00:00,,-20.8
2014-05-01 22:00:00,,-20.802
2014-05-01 23:00:00,,-20.797
2014-05-02 00:00:00,,-20.799
2014-05-02 01:00:00,,-20.799
2014-05-02 02:00:00,,-20.804
2014-05-02 03:00:00,,-20.788
2014-05-02 04:00:00,,-20.793
2014-05-02 05:00:00,,-20.784
2014-05-02 06:00:00,,-20.799
2014-05-02 07:00:00,,-20.795
2014-05-02 08:00:00,,-20.798
2014-05-02 09:00:00,,-20.802
2014-05-02 10:00:00,,-20.799
2014-05-02 11:00:00,,-20.802
2014-05-02 12:00:00,,-20.801
2014-05-02 13:00:00,,-20.785
2014-05-02 14:00:00,,-20.779
2014-05-02 15:00:00,,-20.771
2014-05-02 16:00:00,,-20.771
2014-05-02 17:00:00,,-20.779
2014-05-02 18:00:00,,-20.784
2014-05-02 19:00:00,,-20.779
2014-05-02 20:00:00,,-20.791
2014-05-02 21:00:00,,-20.795
2014-05-02 22:00:00,,-20.797
2014-05-02 23:00:00,,-20.798
2014-05-03 00:00:00,,-20.796
2014-05-03 01:00:00,,-20.79
2014-05-03 02:00:00,,-20.789
2014-05-03 03:00:00,,-20.794
2014-05-03 04:00:00,,-20.792
2014-05-03 05:00:00,,-20.794
2014-05-03 06:00:00,,-20.793
2014-05-03 07:00:00,,-20.799
2014-05-03 08:00:00,,-20.809
2014-05-03 09:00:00,,-20.805
2014-05-03 10:00:00,,-20.812
2014-05-03 11:00:00,,-20.807
2014-05-03 12:00:00,,-20.791
2014-05-03 13:00:00,,-20.777
2014-05-03 14:00:00,,-20.77
2014-05-03 15:00:00,,-20.773
2014-05-03 16:00:00,,-20.778
2014-05-03 17:00:00,,-20.777
2014-05-03 18:00:00,,-20.775
2014-05-03 19:00:00,,-20.781
2014-05-03 20:00:00,,-20.782
2014-05-03 21:00:00,,-20.795
2014-05-03 22:00:00,,-20.796
2014-05-03 23:00:00,,-20.802
2014-05-04 00:00:00,,-20.796
2014-05-04 01:00:00,,-20.789
2014-05-04 02:00:00,,-20.786
2014-05-04 03:00:00,,-20.786
2014-05-04 04:00:00,,-20.793
2014-05-04 05:00:00,,-20.794
2014-05-04 06:00:00,,-20.801
2014-05-04 07:00:00,,-20.807
2014-05-04 08:00:00,,-20.8
2014-05-04 09:00:00,,-20.813
2014-05-04 10:00:00,,-20.805
2014-05-04 11:00:00,,-20.806
2014-05-04 12:00:00,,-20.801
2014-05-04 13:00:00,,-20.791
2014-05-04 14:00:00,,-20.787
2014-05-04 15:00:00,,-20.78
2014-05-04 16:00:00,,-20.777
2014-05-04 17:00:00,,-20.773
2014-05-04 18:00:00,,-20.776
2014-05-04 19:00:00,,-20.791
2014-05-04 20:00:00,,-20.795
2014-05-04 21:00:00,,-20.8
2014-05-04 22:00:00,,-20.795
2014-05-04 23:00:00,,-20.801
2014-05-05 00:00:00,,-20.794
2014-05-05 01:00:00,,-20.806
2014-05-05 02:00:00,,-20.801
2014-05-05 03:00:00,,-20.798
2014-05-05 04:00:00,,-20.797
2014-05-05 05:00:00,,-20.797
2014-05-05 06:00:00,,-20.802
2014-05-05 07:00:00,,-20.809
2014-05-05 08:00:00,,-20.818
2014-05-05 09:00:00,,-20.815
2014-05-05 10:00:00,,-20.819
2014-05-05 11:00:00,,-20.809
2014-05-05 12:00:00,,-20.804
2014-05-05 13:00:00,,-20.792
2014-05-05 14:00:00,,-20.784
2014-05-05 15:00:00,,-20.78
2014-05-05 16:00:00,,-20.779
2014-05-05 17:00:00,,-20.779
2014-05-05 18:00:00,,-20.778
2014-05-05 19:00:00,,-20.789
2014-05-05 20:00:00,,-20.791
2014-05-05 21:00:00,,-20.799
2014-05-05 22:00:00,,-20.805
2014-05-05 23:00:00,,-20.809
2014-05-06 00:00:00,,-20.802
2014-05-06 01:00:00,,-20.797
2014-05-06 02:00:00,,-20.8
2014-05-06 03:00:00,,-20.791
2014-05-06 04:00:00,,-20.79
2014-05-06 05:00:00,,-20.796
2014-05-06 06:00:00,,-20.798
2014-05-06 07:00:00,,-20.797
2014-05-06 08:00:00,,-20.812
2014-05-06 09:00:00,,-20.809
2014-05-06 10:00:00,,-20.803
2014-05-06 11:00:00,,-20.794
2014-05-06 12:00:00,,-20.794
2014-05-06 13:00:00,,-20.783
2014-05-06 14:00:00,,-20.781
2014-05-06 15:00:00,,-20.783
2014-05-06 16:00:00,,-20.774
2014-05-06 17:00:00,,-20.779
2014-05-06 18:00:00,,-20.775
2014-05-06 19:00:00,,-20.787
2014-05-06 20:00:00,,-20.794
2014-05-06 21:00:00,,-20.803
2014-05-06 22:00:00,,-20.803
2014-05-06 23:00:00,,-20.793
2014-05-07 00:00:00,,-20.799
2014-05-07 01:00:00,,-20.791
2014-05-07 02:00:00,,-20.795
2014-05-07 03:00:00,,-20.797
2014-05-07 04:00:00,,-20.786
2014-05-07 05:00:00,,-20.789
2014-05-07 06:00:00,,-20.799
2014-05-07 07:00:00,,-20.803
2014-05-07 08:00:00,,-20.805
2014-05-07 09:00:00,,-20.8
2014-05-07 10:00:00,,-20.799
2014-05-07 11:00:00,,-20.798
2014-05-07 12:00:00,,-20.789
2014-05-07 13:00:00,,-20.783
2014-05-07 14:00:00,,-20.771
2014-05-07 15:00:00,,-20.77
2014-05-07 16:00:00,,-20.776
2014-05-07 17:00:00,,-20.771
2014-05-07 18:00:00,,-20.778
2014-05-07 19:00:00,,-20.793
2014-05-07 20:00:00,,-20.788
2014-05-07 21:00:00,,-20.798
2014-05-07 22:00:00,,-20.794
2014-05-07 23:00:00,,-20.799
2014-05-08 00:00:00,,-20.79
2014-05-08 01:00:00,,-20.799
2014-05-08 02:00:00,,-20.796
2014-05-08 03:00:00,,-20.796
2014-05-08 04:00:00,,-20.79
2014-05-08 05:00:00,,-20.792
2014-05-08 06:00:00,,-20.792
2014-05-08 07:00:00,,-20.791
2014-05-08 08:00:00,,-20.791
2014-05-08 09:00:00,,-20.798
2014-05-08 10:00:00,,-20.792
2014-05-08 11:00:00,,-20.788
2014-05-08 12:00:00,,-20.776
2014-05-08 13:00:00,,-20.779
2014-05-08 14:00:00,,-20.77
2014-05-08 15:00:00,,-20.764
2014-05-08 16:00:00,,-20.764
2014-05-08 17:00:00,,-20.761
2014-05-08 18:00:00,,-20.775
2014-05-08 19:00:00,,-20.781
2014-05-08 20:00:00,,-20.782
2014-05-08 21:00:00,,-20.792
2014-05-08 22:00:00,,-20.791
2014-05-08 23:00:00,,-20.795
2014-05-09 00:00:00,,-20.789
2014-05-09 01:00:00,,-20.784
2014-05-09 02:00:00,,-20.783
2014-05-09 03:00:00,,-20.788
2014-05-09 04:00:00,,-20.786
2014-05-09 05:00:00,,-20.784
2014-05-09 06:00:00,,-20.787
2014-05-09 07:00:00,,-20.792
2014-05-09 08:00:00,,-20.804
2014-05-09 09:00:00,,-20.791
2014-05-09 10:00:00,,-20.794
2014-05-09 11:00:00,,-20.792
2014-05-09 12:00:00,,-20.784
2014-05-09 13:00:00,,-20.774
2014-05-09 14:00:00,,-20.772
2014-05-09 15:00:00,,-20.763
2014-05-09 16:00:00,,-20.764
2014-05-09 17:00:00,,-20.768
2014-05-09 18:00:00,,-20.775
2014-05-09 19:00:00,,-20.78
2014-05-09 20:00:00,,-20.788
2014-05-09 21:00:00,,-20.79
2014-05-09 22:00:00,,-20.787
2014-05-09 23:00:00,,-20.787
2014-05-10 00:00:00,,-20.789
2014-05-10 01:00:00,,-20.786
2014-05-10 02:00:00,,-20.783
2014-05-10 03:00:00,,-20.784
2014-05-10 04:00:00,,-20.779
2014-05-10 05:00:00,,-20.78
2014-05-10 06:00:00,,-20.783
2014-05-10 07:00:00,,-20.793
2014-05-10 08:00:00,,-20.806
2014-05-10 09:00:00,,-20.803
2014-05-10 10:00:00,,-20.802
2014-05-10 11:00:00,,-20.792
2014-05-10 12:00:00,,-20.79
2014-05-10 13:00:00,,-20.779
2014-05-10 14:00:00,,-20.783
2014-05-10 15:00:00,,-20.773
2014-05-10 16:00:00,,-20.774
2014-05-10 17:00:00,,-20.775
2014-05-10 18:00:00,,-20.781
2014-05-10 19:00:00,,-20.791
2014-05-10 20:00:00,,-20.791
2014-05-10 21:00:00,,-20.796
2014-05-10 22:00:00,,-20.803
2014-05-10 23:00:00,,-20.804
2014-05-11 00:00:00,,-20.798
2014-05-11 01:00:00,,-20.793
2014-05-11 02:00:00,,-20.797
2014-05-11 03:00:00,,-20.791
2014-05-11 04:00:00,,-20.791
2014-05-11 05:00:00,,-20.785
2014-05-11 06:00:00,,-20.787
2014-05-11 07:00:00,,-20.798
2014-05-11 08:00:00,,-20.799
2014-05-11 09:00:00,,-20.801
2014-05-11 10:00:00,,-20.815
2014-05-11 11:00:00,,-20.806
2014-05-11 12:00:00,,-20.789
2014-05-11 13:00:00,,-20.791
2014-05-11 14:00:00,,-20.783
2014-05-11 15:00:00,,-20.778
2014-05-11 16:00:00,,-20.775
2014-05-11 17:00:00,,-20.773
2014-05-11 18:00:00,,-20.786
2014-05-11 19:00:00,,-20.791
2014-05-11 20:00:00,,-20.797
2014-05-11 21:00:00,,-20.8
2014-05-11 22:00:00,,-20.809
2014-05-11 23:00:00,,-20.801
2014-05-12 00:00:00,,-20.799
2014-05-12 01:00:00,,-20.799
2014-05-12 02:00:00,,-20.795
2014-05-12 03:00:00,,-20.798
2014-05-12 04:00:00,,-20.791
2014-05-12 05:00:00,,-20.793
2014-05-12 06:00:00,,-20.797
2014-05-12 07:00:00,,-20.81
2014-05-12 08:00:00,,-20.808
2014-05-12 09:00:00,,-20.805
2014-05-12 10:00:00,,-20.81
2014-05-12 11:00:00,,-20.802
2014-05-12 12:00:00,,-20.8
2014-05-12 13:00:00,,-20.793
2014-05-12 14:00:00,,-20.785
2014-05-12 15:00:00,,-20.781
2014-05-12 16:00:00,,-20.783
2014-05-12 17:00:00,,-20.779
2014-05-12 18:00:00,,-20.789
2014-05-12 19:00:00,,-20.794
2014-05-12 20:00:00,,-20.807
2014-05-12 21:00:00,,-20.804
2014-05-12 22:00:00,,-20.81
2014-05-12 23:00:00,,-20.797
2014-05-13 00:00:00,,-20.801
2014-05-13 01:00:00,,-20.791
2014-05-13 02:00:00,,-20.785
2014-05-13 03:00:00,,-20.793
2014-05-13 04:00:00,,-20.782
2014-05-13 05:00:00,,-20.786
2014-05-13 06:00:00,,-20.796
2014-05-13 07:00:00,,-20.802
2014-05-13 08:00:00,,-20.797
2014-05-13 09:00:00,,-20.806
2014-05-13 10:00:00,,-20.805
2014-05-13 11:00:00,,-20.803
2014-05-13 12:00:00,,-20.793
2014-05-13 13:00:00,,-20.788
2014-05-13 14:00:00,,-20.778
2014-05-13 15:00:00,,-20.771
2014-05-13 16:00:00,,-20.771
2014-05-13 17:00:00,,-20.775
2014-05-13 18:00:00,,-20.779
2014-05-13 19:00:00,,-20.784
2014-05-13 20:00:00,,-20.791
2014-05-13 21:00:00,,-20.798
2014-05-13 22:00:00,,-20.795
2014-05-13 23:00:00,,-20.796
2014-05-14 00:00:00,,-20.792
2014-05-14 01:00:00,,-20.791
2014-05-14 02:00:00,,-20.782
2014-05-14 03:00:00,,-20.782
2014-05-14 04:00:00,,-20.776
2014-05-14 05:00:00,,-20.783
2014-05-14 06:00:00,,-20.784
2014-05-14 07:00:00,,-20.789
2014-05-14 08:00:00,,-20.789
2014-05-14 09:00:00,,-20.8
2014-05-14 10:00:00,,-20.802
2014-05-14 11:00:00,,-20.796
2014-05-14 12:00:00,,-20.788
2014-05-14 13:00:00,,-20.775
2014-05-14 14:00:00,,-20.772
2014-05-14 15:00:00,,-20.768
2014-05-14 16:00:00,,-20.766
2014-05-14 17:00:00,,-20.771
2014-05-14 18:00:00,,-20.765
2014-05-14 19:00:00,,-20.778
2014-05-14 20:00:00,,-20.782
2014-05-14 21:00:00,,-20.795
2014-05-14 22:00:00,,-20.798
2014-05-14 23:00:00,,-20.804
2014-05-15 00:00:00,,-20.796
2014-05-15 01:00:00,,-20.792
2014-05-15 02:00:00,,-20.796
2014-05-15 03:00:00,,-20.794
2014-05-15 04:00:00,,-20.793
2014-05-15 05:00:00,,-20.781
2014-05-15 06:00:00,,-20.787
2014-05-15 07:00:00,,-20.791
2014-05-15 08:00:00,,-20.788
2014-05-15 09:00:00,,-20.793
2014-05-15 10:00:00,,-20.794
2014-05-15 11:00:00,,-20.8
2014-05-15 12:00:00,,-20.792
2014-05-15 13:00:00,,-20.783
2014-05-15 14:00:00,,-20.77
2014-05-15 15:00:00,,-20.774
2014-05-15 16:00:00,,-20.772
2014-05-15 17:00:00,,-20.773
2014-05-15 18:00:00,,-20.771
2014-05-15 19:00:00,,-20.772
2014-05-15 20:00:00,,-20.784
2014-05-15 21:00:00,,-20.785
2014-05-15 22:00:00,,-20.788
2014-05-15 23:00:00,,-20.79
2014-05-16 00:00:00,,-20.794
2014-05-16 01:00:00,,-20.798
2014-05-16 02:00:00,,-20.787
2014-05-16 03:00:00,,-20.79
2014-05-16 04:00:00,,-20.783
2014-05-16 05:00:00,,-20.788
2014-05-16 06:00:00,,-20.792
2014-05-16 07:00:00,,-20.794
2014-05-16 08:00:00,,-20.796
2014-05-16 09:00:00,,-20.807
2014-05-16 10:00:00,,-20.803
2014-05-16 11:00:00,,-20.799
2014-05-16 12:00:00,,-20.8
2014-05-16 13:00:00,,-20.784
2014-05-16 14:00:00,,-20.777
2014-05-16 15:00:00,,-20.77
2014-05-16 16:00:00,,-20.772
2014-05-16 17:00:00,,-20.772
2014-05-16 18:00:00,,-20.782
2014-05-16 19:00:00,,-20.778
2014-05-16 20:00:00,,-20.789
2014-05-16 21:00:00,,-20.796
2014-05-16 22:00:00,,-20.803
2014-05-16 23:00:00,,-20.792
2014-05-17 00:00:00,,-20.796
2014-05-17 01:00:00,,-20.793
2014-05-17 02:00:00,,-20.789
2014-05-17 03:00:00,,-20.785
2014-05-17 04:00:00,,-20.788
2014-05-17 05:00:00,,-20.788
2014-05-17 06:00:00,,-20.785
2014-05-17 07:00:00,,-20.792
2014-05-17 08:00:00,,-20.789
2014-05-17 09:00:00,,-20.786
2014-05-17 10:00:00,,-20.789
2014-05-17 11:00:00,,-20.793
2014-05-17 12:00:00,,-20.786
2014-05-17 13:00:00,,-20.774
2014-05-17 14:00:00,,-20.77
2014-05-17 15:00:00,,-20.77
2014-05-17 16:00:00,,-20.77
2014-05-17 17:00:00,,-20.773
2014-05-17 18:00:00,,-20.781
2014-05-17 19:00:00,,-20.775
2014-05-17 20:00:00,,-20.782
2014-05-17 21:00:00,,-20.791
2014-05-17 22:00:00,,-20.793
2014-05-17 23:00:00,,-20.794
2014-05-18 00:00:00,,-20.788
2014-05-18 01:00:00,,-20.798
2014-05-18 02:00:00,,-20.796
2014-05-18 03:00:00,,-20.793
2014-05-18 04:00:00,,-20.786
2014-05-18 05:00:00,,-20.792
2014-05-18 06:00:00,,-20.787
2014-05-18 07:00:00,,-20.782
2014-05-18 08:00:00,,-20.79
2014-05-18 09:00:00,,-20.797
2014-05-18 10:00:00,,-20.799
2014-05-18 11:00:00,,-20.79
2014-05-18 12:00:00,,-20.791
2014-05-18 13:00:00,,-20.774
2014-05-18 14:00:00,,-20.778
2014-05-18 15:00:00,,-20.776
2014-05-18 16:00:00,,-20.768
2014-05-18 17:00:00,,-20.772
2014-05-18 18:00:00,,-20.77
2014-05-18 19:00:00,,-20.781
2014-05-18 20:00:00,,-20.793
2014-05-18 21:00:00,,-20.792
2014-05-18 22:00:00,,-20.793
2014-05-18 23:00:00,,-20.797
2014-05-19 00:00:00,,-20.788
2014-05-19 01:00:00,,-20.785
2014-05-19 02:00:00,,-20.785
2014-05-19 03:00:00,,-20.795
2014-05-19 04:00:00,,-20.787
2014-05-19 05:00:00,,-20.785
2014-05-19 06:00:00,,-20.785
2014-05-19 07:00:00,,-20.794
2014-05-19 08:00:00,,-20.797
2014-05-19 09:00:00,,-20.79
2014-05-19 10:00:00,,-20.791
2014-05-19 11:00:00,,-20.791
2014-05-19 12:00:00,,-20.789
2014-05-19 13:00:00,,-20.789
2014-05-19 14:00:00,,-20.781
2014-05-19 15:00:00,,-20.78
2014-05-19 16:00:00,,-20.781
2014-05-19 17:00:00,,-20.789
2014-05-19 18:00:00,,-20.778
2014-05-19 19:00:00,,-20.794
2014-05-19 20:00:00,,-20.79
2014-05-19 21:00:00,,-20.799
2014-05-19 22:00:00,,-20.798
2014-05-19 23:00:00,,-20.791
2014-05-20 00:00:00,,-20.791
2014-05-20 01:00:00,,-20.796
2014-05-20 02:00:00,,-20.786
2014-05-20 03:00:00,,-20.787
2014-05-20 04:00:00,,-20.79
2014-05-20 05:00:00,,-20.785
2014-05-20 06:00:00,,-20.787
2014-05-20 07:00:00,,-20.789
2014-05-20 08:00:00,,-20.789
2014-05-20 09:00:00,,-20.79
2014-05-20 10:00:00,,-20.798
2014-05-20 11:00:00,,-20.787
2014-05-20 12:00:00,,-20.777
2014-05-20 13:00:00,,-20.773
2014-05-20 14:00:00,,-20.761
2014-05-20 15:00:00,,-20.761
2014-05-20 16:00:00,,-20.766
2014-05-20 17:00:00,,-20.766
2014-05-20 18:00:00,,-20.775
2014-05-20 19:00:00,,-20.773
2014-05-20 20:00:00,,-20.779
2014-05-20 21:00:00,,-20.78
2014-05-20 22:00:00,,-20.793
2014-05-20 23:00:00,,-20.788
2014-05-21 00:00:00,,-20.785
2014-05-21 01:00:00,,-20.779
2014-05-21 02:00:00,,-20.778
2014-05-21 03:00:00,,-20.788
2014-05-21 04:00:00,,-20.777
2014-05-21 05:00:00,,-20.777
2014-05-21 06:00:00,,-20.788
2014-05-21 07:00:00,,-20.789
2014-05-21 08:00:00,,-20.789
2014-05-21 09:00:00,,-20.789
2014-05-21 10:00:00,,-20.784
2014-05-21 11:00:00,,-20.789
2014-05-21 12:00:00,,-20.775
2014-05-21 13:00:00,,-20.764
2014-05-21 14:00:00,,-20.769
2014-05-21 15:00:00,,-20.759
2014-05-21 16:00:00,,-20.764
2014-05-21 17:00:00,,-20.759
2014-05-21 18:00:00,,-20.77
2014-05-21 19:00:00,,-20.772
2014-05-21 20:00:00,,-20.779
2014-05-21 21:00:00,,-20.779
2014-05-21 22:00:00,,-20.779
2014-05-21 23:00:00,,-20.777
2014-05-22 00:00:00,,-20.788
2014-05-22 01:00:00,,-20.78
2014-05-22 02:00:00,,-20.773
2014-05-22 03:00:00,,-20.783
2014-05-22 04:00:00,,-20.777
2014-05-22 05:00:00,,-20.771
2014-05-22 06:00:00,,-20.773
2014-05-22 07:00:00,,-20.782
2014-05-22 08:00:00,,-20.787
2014-05-22 09:00:00,,-20.792
2014-05-22 10:00:00,,-20.786
2014-05-22 11:00:00,,-20.795
2014-05-22 12:00:00,,-20.778
2014-05-22 13:00:00,,-20.778
2014-05-22 14:00:00,,-20.777
2014-05-22 15:00:00,,-20.768
2014-05-22 16:00:00,,-20.767
2014-05-22 17:00:00,,-20.775
2014-05-22 18:00:00,,-20.777
2014-05-22 19:00:00,,-20.775
2014-05-22 20:00:00,,-20.787
2014-05-22 21:00:00,,-20.79
2014-05-22 22:00:00,,-20.787
2014-05-22 23:00:00,,-20.789
2014-05-23 00:00:00,,-20.788
2014-05-23 01:00:00,,-20.784
2014-05-23 02:00:00,,-20.79
2014-05-23 03:00:00,,-20.781
2014-05-23 04:00:00,,-20.782
2014-05-23 05:00:00,,-20.791
2014-05-23 06:00:00,,-20.779
2014-05-23 07:00:00,,-20.789
2014-05-23 08:00:00,,-20.795
2014-05-23 09:00:00,,-20.797
2014-05-23 10:00:00,,-20.804
2014-05-23 11:00:00,,-20.799
2014-05-23 12:00:00,,-20.779
2014-05-23 13:00:00,,-20.777
2014-05-23 14:00:00,,-20.768
2014-05-23 15:00:00,,-20.761
2014-05-23 16:00:00,,-20.762
2014-05-23 17:00:00,,-20.769
2014-05-23 18:00:00,,-20.777
2014-05-23 19:00:00,,-20.782
2014-05-23 20:00:00,,-20.791
2014-05-23 21:00:00,,-20.787
2014-05-23 22:00:00,,-20.799
2014-05-23 23:00:00,,-20.785
2014-05-24 00:00:00,,-20.788
2014-05-24 01:00:00,,-20.793
2014-05-24 02:00:00,,-20.781
2014-05-24 03:00:00,,-20.783
2014-05-24 04:00:00,,-20.778
2014-05-24 05:00:00,,-20.778
2014-05-24 06:00:00,,-20.781
2014-05-24 07:00:00,,-20.796
2014-05-24 08:00:00,,-20.794
2014-05-24 09:00:00,,-20.796
2014-05-24 10:00:00,,-20.809
2014-05-24 11:00:00,,-20.805
2014-05-24 12:00:00,,-20.784
2014-05-24 13:00:00,,-20.779
2014-05-24 14:00:00,,-20.772
2014-05-24 15:00:00,,-20.765
2014-05-24 16:00:00,,-20.768
2014-05-24 17:00:00,,-20.77
2014-05-24 18:00:00,,-20.778
2014-05-24 19:00:00,,-20.779
2014-05-24 20:00:00,,-20.791
2014-05-24 21:00:00,,-20.795
2014-05-24 22:00:00,,-20.79
2014-05-24 23:00:00,,-20.797
2014-05-25 00:00:00,,-20.789
2014-05-25 01:00:00,,-20.795
2014-05-25 02:00:00,,-20.781
2014-05-25 03:00:00,,-20.779
2014-05-25 04:00:00,,-20.791
2014-05-25 05:00:00,,-20.787
2014-05-25 06:00:00,,-20.783
2014-05-25 07:00:00,,-20.791
2014-05-25 08:00:00,,-20.801
2014-05-25 09:00:00,,-20.804
2014-05-25 10:00:00,,-20.799
2014-05-25 11:00:00,,-20.789
2014-05-25 12:00:00,,-20.794
2014-05-25 13:00:00,,-20.784
2014-05-25 14:00:00,,-20.774
2014-05-25 15:00:00,,-20.762
2014-05-25 16:00:00,,-20.761
2014-05-25 17:00:00,,-20.768
2014-05-25 18:00:00,,-20.765
2014-05-25 19:00:00,,-20.766
2014-05-25 20:00:00,,-20.78
2014-05-25 21:00:00,,-20.784
2014-05-25 22:00:00,,-20.787
2014-05-25 23:00:00,,-20.789
2014-05-26 00:00:00,,-20.786
2014-05-26 01:00:00,,-20.78
2014-05-26 02:00:00,,-20.776
2014-05-26 03:00:00,,-20.773
2014-05-26 04:00:00,,-20.765
2014-05-26 05:00:00,,-20.772
2014-05-26 06:00:00,,-20.777
2014-05-26 07:00:00,,-20.781
2014-05-26 08:00:00,,-20.778
2014-05-26 09:00:00,,-20.78
2014-05-26 10:00:00,,-20.784
2014-05-26 11:00:00,,-20.788
2014-05-26 12:00:00,,-20.773
2014-05-26 13:00:00,,-20.782
2014-05-26 14:00:00,,-20.769
2014-05-26 15:00:00,,-20.771
2014-05-26 16:00:00,,-20.763
2014-05-26 17:00:00,,-20.764
2014-05-26 18:00:00,,-20.772
2014-05-26 19:00:00,,-20.784
2014-05-26 20:00:00,,-20.783
2014-05-26 21:00:00,,-20.783
2014-05-26 22:00:00,,-20.792
2014-05-26 23:00:00,,-20.791
2014-05-27 00:00:00,,-20.781
2014-05-27 01:00:00,,-20.789
2014-05-27 02:00:00,,-20.779
2014-05-27 03:00:00,,-20.776
2014-05-27 04:00:00,,-20.778
2014-05-27 05:00:00,,-20.778
2014-05-27 06:00:00,,-20.787
2014-05-27 07:00:00,,-20.781
2014-05-27 08:00:00,,-20.789
2014-05-27 09:00:00,,-20.793
2014-05-27 10:00:00,,-20.802
2014-05-27 11:00:00,,-20.798
2014-05-27 12:00:00,,-20.785
2014-05-27 13:00:00,,-20.775
2014-05-27 14:00:00,,-20.761
2014-05-27 15:00:00,,-20.767
2014-05-27 16:00:00,,-20.761
2014-05-27 17:00:00,,-20.756
2014-05-27 18:00:00,,-20.766
2014-05-27 19:00:00,,-20.772
2014-05-27 20:00:00,,-20.78
2014-05-27 21:00:00,,-20.785
2014-05-27 22:00:00,,-20.793
2014-05-27 23:00:00,,-20.786
2014-05-28 00:00:00,,-20.789
2014-05-28 01:00:00,,-20.784
2014-05-28 02:00:00,,-20.786
2014-05-28 03:00:00,,-20.782
2014-05-28 04:00:00,,-20.781
2014-05-28 05:00:00,,-20.781
2014-05-28 06:00:00,,-20.786
2014-05-28 07:00:00,,-20.788
2014-05-28 08:00:00,,-20.795
2014-05-28 09:00:00,,-20.807
2014-05-28 10:00:00,,-20.807
2014-05-28 11:00:00,,-20.803
2014-05-28 12:00:00,,-20.785
2014-05-28 13:00:00,,-20.776
2014-05-28 14:00:00,,-20.771
2014-05-28 15:00:00,,-20.768
2014-05-28 16:00:00,,-20.772
2014-05-28 17:00:00,,-20.768
2014-05-28 18:00:00,,-20.773
2014-05-28 19:00:00,,-20.776
2014-05-28 20:00:00,,-20.783
2014-05-28 21:00:00,,-20.783
2014-05-28 22:00:00,,-20.792
2014-05-28 23:00:00,,-20.792
2014-05-29 00:00:00,,-20.787
2014-05-29 01:00:00,,-20.791
2014-05-29 02:00:00,,-20.788
2014-05-29 03:00:00,,-20.779
2014-05-29 04:00:00,,-20.781
2014-05-29 05:00:00,,-20.778
2014-05-29 06:00:00,,-20.781
2014-05-29 07:00:00,,-20.786
2014-05-29 08:00:00,,-20.784
2014-05-29 09:00:00,,-20.794
2014-05-29 10:00:00,,-20.797
2014-05-29 11:00:00,,-20.791
2014-05-29 12:00:00,,-20.784
2014-05-29 13:00:00,,-20.773
2014-05-29 14:00:00,,-20.764
2014-05-29 15:00:00,,-20.767
2014-05-29 16:00:00,,-20.756
2014-05-29 17:00:00,,-20.763
2014-05-29 18:00:00,,-20.766
2014-05-29 19:00:00,,-20.773
2014-05-29 20:00:00,,-20.777
2014-05-29 21:00:00,,-20.775
2014-05-29 22:00:00,,-20.787
2014-05-29 23:00:00,,-20.777
2014-05-30 00:00:00,,-20.788
2014-05-30 01:00:00,,-20.779
2014-05-30 02:00:00,,-20.777
2014-05-30 03:00:00,,-20.768
2014-05-30 04:00:00,,-20.773
2014-05-30 05:00:00,,-20.765
2014-05-30 06:00:00,,-20.766
2014-05-30 07:00:00,,-20.767
2014-05-30 08:00:00,,-20.772
2014-05-30 09:00:00,,-20.777
2014-05-30 10:00:00,,-20.776
2014-05-30 11:00:00,,-20.781
2014-05-30 12:00:00,,-20.773
2014-05-30 13:00:00,,-20.769
2014-05-30 14:00:00,,-20.763
2014-05-30 15:00:00,,-20.758
2014-05-30 16:00:00,,-20.753
2014-05-30 17:00:00,,-20.765
2014-05-30 18:00:00,,-20.77
2014-05-30 19:00:00,,-20.769
2014-05-30 20:00:00,,-20.782
2014-05-30 21:00:00,,-20.791
2014-05-30 22:00:00,,-20.788
2014-05-30 23:00:00,,-20.787
2014-05-31 00:00:00,,-20.792
2014-05-31 01:00:00,,-20.79
2014-05-31 02:00:00,,-20.789
2014-05-31 03:00:00,,-20.775
2014-05-31 04:00:00,,-20.781
2014-05-31 05:00:00,,-20.788
2014-05-31 06:00:00,,-20.785
2014-05-31 07:00:00,,-20.787
2014-05-31 08:00:00,,-20.792
2014-05-31 09:00:00,,-20.797
2014-05-31 10:00:00,,-20.792
2014-05-31 11:00:00,,-20.791
2014-05-31 12:00:00,,-20.796
2014-05-31 13:00:00,,-20.778
2014-05-31 14:00:00,,-20.776
2014-05-31 15:00:00,,-20.77
2014-05-31 16:00:00,,-20.769
2014-05-31 17:00:00,,-20.77
2014-05-31 18:00:00,,-20.776
2014-05-31 19:00:00,,-20.781
2014-05-31 20:00:00,,-20.787
2014-05-31 21:00:00,,-20.786
2014-05-31 22:00:00,,-20.802
2014-05-31 23:00:00,,-20.803
2014-06-01 00:00:00,,-20.79
2014-06-01 01:00:00,,-20.801
2014-06-01 02:00:00,,-20.785
2014-06-01 03:00:00,,-20.786
2014-06-01 04:00:00,,-20.783
2014-06-01 05:00:00,,-20.78
2014-06-01 06:00:00,,-20.784
2014-06-01 07:00:00,,-20.784
2014-06-01 08:00:00,,-20.797
2014-06-01 09:00:00,,-20.794
2014-06-01 10:00:00,,-20.798
2014-06-01 11:00:00,,-20.799
2014-06-01 12:00:00,,-20.794
2014-06-01 13:00:00,,-20.781
2014-06-01 14:00:00,,-20.773
2014-06-01 15:00:00,,-20.768
2014-06-01 16:00:00,,-20.772
2014-06-01 17:00:00,,-20.772
2014-06-01 18:00:00,,-20.775
2014-06-01 19:00:00,,-20.774
2014-06-01 20:00:00,,-20.784
2014-06-01 21:00:00,,-20.785
2014-06-01 22:00:00,,-20.792
2014-06-01 23:00:00,,-20.792
2014-06-02 00:00:00,,-20.79
2014-06-02 01:00:00,,-20.793
2014-06-02 02:00:00,,-20.796
2014-06-02 03:00:00,,-20.787
2014-06-02 04:00:00,,-20.786
2014-06-02 05:00:00,,-20.783
2014-06-02 06:00:00,,-20.792
2014-06-02 07:00:00,,-20.794
2014-06-02 08:00:00,,-20.792
2014-06-02 09:00:00,,-20.788
2014-06-02 10:00:00,,-20.795
2014-06-02 11:00:00,,-20.797
2014-06-02 12:00:00,,-20.786
2014-06-02 13:00:00,,-20.773
2014-06-02 14:00:00,,-20.771
2014-06-02 15:00:00,,-20.775
2014-06-02 16:00:00,,-20.773
2014-06-02 17:00:00,,-20.772
2014-06-02 18:00:00,,-20.769
2014-06-02 19:00:00,,-20.775
2014-06-02 20:00:00,,-20.783
2014-06-02 21:00:00,,-20.787
2014-06-02 22:00:00,,-20.791
2014-06-02 23:00:00,,-20.791
2014-06-03 00:00:00,,-20.796
2014-06-03 01:00:00,,-20.789
2014-06-03 02:00:00,,-20.786
2014-06-03 03:00:00,,-20.787
2014-06-03 04:00:00,,-20.782
2014-06-03 05:00:00,,-20.782
2014-06-03 06:00:00,,-20.78
2014-06-03 07:00:00,,-20.788
2014-06-03 08:00:00,,-20.79
2014-06-03 09:00:00,,-20.796
2014-06-03 10:00:00,,-20.794
2014-06-03 11:00:00,,-20.793
2014-06-03 12:00:00,,-20.79
2014-06-03 13:00:00,,-20.776
2014-06-03 14:00:00,,-20.768
2014-06-03 15:00:00,,-20.761
2014-06-03 16:00:00,,-20.766
2014-06-03 17:00:00,,-20.769
2014-06-03 18:00:00,,-20.775
2014-06-03 19:00:00,,-20.773
2014-06-03 20:00:00,,-20.779
2014-06-03 21:00:00,,-20.786
2014-06-03 22:00:00,,-20.784
2014-06-03 23:00:00,,-20.79
2014-06-04 00:00:00,,-20.799
2014-06-04 01:00:00,,-20.799
2014-06-04 02:00:00,,-20.793
2014-06-04 03:00:00,,-20.796
2014-06-04 04:00:00,,-20.791
2014-06-04 05:00:00,,-20.795
2014-06-04 06:00:00,,-20.793
2014-06-04 07:00:00,,-20.788
2014-06-04 08:00:00,,-20.791
2014-06-04 09:00:00,,-20.807
2014-06-04 10:00:00,,-20.805
2014-06-04 11:00:00,,-20.789
2014-06-04 12:00:00,,-20.791
2014-06-04 13:00:00,,-20.775
2014-06-04 14:00:00,,-20.778
2014-06-04 15:00:00,,-20.763
2014-06-04 16:00:00,,-20.762
2014-06-04 17:00:00,,-20.776
2014-06-04 18:00:00,,-20.777
2014-06-04 19:00:00,,-20.776
2014-06-04 20:00:00,,-20.793
2014-06-04 21:00:00,,-20.791
2014-06-04 22:00:00,,-20.795
2014-06-04 23:00:00,,-20.793
2014-06-05 00:00:00,,-20.798
2014-06-05 01:00:00,,-20.792
2014-06-05 02:00:00,,-20.795
2014-06-05 03:00:00,,-20.788
2014-06-05 04:00:00,,-20.791
2014-06-05 05:00:00,,-20.786
2014-06-05 06:00:00,,-20.784
2014-06-05 07:00:00,,-20.786
2014-06-05 08:00:00,,-20.789
2014-06-05 09:00:00,,-20.794
2014-06-05 10:00:00,,-20.795
2014-06-05 11:00:00,,-20.79
2014-06-05 12:00:00,,-20.788
2014-06-05 13:00:00,,-20.778
2014-06-05 14:00:00,,-20.77
2014-06-05 15:00:00,,-20.767
2014-06-05 16:00:00,,-20.775
2014-06-05 17:00:00,,-20.769
2014-06-05 18:00:00,,-20.771
2014-06-05 19:00:00,,-20.783
2014-06-05 20:00:00,,-20.794
2014-06-05 21:00:00,,-20.8
2014-06-05 22:00:00,,-20.789
2014-06-05 23:00:00,,-20.788
2014-06-06 00:00:00,,-20.785
2014-06-06 01:00:00,,-20.784
2014-06-06 02:00:00,,-20.79
2014-06-06 03:00:00,,-20.789
2014-06-06 04:00:00,,-20.794
2014-06-06 05:00:00,,-20.781
2014-06-06 06:00:00,,-20.783
2014-06-06 07:00:00,,-20.792
2014-06-06 08:00:00,,-20.796
2014-06-06 09:00:00,,-20.799
2014-06-06 10:00:00,,-20.792
2014-06-06 11:00:00,,-20.788
2014-06-06 12:00:00,,-20.784
2014-06-06 13:00:00,,-20.784
2014-06-06 14:00:00,,-20.779
2014-06-06 15:00:00,,-20.763
2014-06-06 16:00:00,,-20.767
2014-06-06 17:00:00,,-20.771
2014-06-06 18:00:00,,-20.782
2014-06-06 19:00:00,,-20.795
2014-06-06 20:00:00,,-20.796
2014-06-06 21:00:00,,-20.798
2014-06-06 22:00:00,,-20.795
2014-06-06 23:00:00,,-20.805
2014-06-07 00:00:00,,-20.796
2014-06-07 01:00:00,,-20.797
2014-06-07 02:00:00,,-20.802
2014-06-07 03:00:00,,-20.798
2014-06-07 04:00:00,,-20.791
2014-06-07 05:00:00,,-20.787
2014-06-07 06:00:00,,-20.796
2014-06-07 07:00:00,,-20.799
2014-06-07 08:00:00,,-20.806
2014-06-07 09:00:00,,-20.802
2014-06-07 10:00:00,,-20.8
2014-06-07 11:00:00,,-20.786
2014-06-07 12:00:00,,-20.785
2014-06-07 13:00:00,,-20.779
2014-06-07 14:00:00,,-20.774
2014-06-07 15:00:00,,-20.769
2014-06-07 16:00:00,,-20.77
2014-06-07 17:00:00,,-20.777
2014-06-07 18:00:00,,-20.783
2014-06-07 19:00:00,,-20.793
2014-06-07 20:00:00,,-20.793
2014-06-07 21:00:00,,-20.788
2014-06-07 22:00:00,,-20.787
2014-06-07 23:00:00,,-20.791
2014-06-08 00:00:00,,-20.793
2014-06-08 01:00:00,,-20.788
2014-06-08 02:00:00,,-20.789
2014-06-08 03:00:00,,-20.788
2014-06-08 04:00:00,,-20.792
2014-06-08 05:00:00,,-20.788
2014-06-08 06:00:00,,-20.793
2014-06-08 07:00:00,,-20.786
2014-06-08 08:00:00,,-20.783
2014-06-08 09:00:00,,-20.792
2014-06-08 10:00:00,,-20.792
2014-06-08 11:00:00,,-20.782
2014-06-08 12:00:00,,-20.79
2014-06-08 13:00:00,,-20.77
2014-06-08 14:00:00,,-20.772
2014-06-08 15:00:00,,-20.77
2014-06-08 16:00:00,,-20.77
2014-06-08 17:00:00,,-20.777
2014-06-08 18:00:00,,-20.781
2014-06-08 19:00:00,,-20.778
2014-06-08 20:00:00,,-20.778
2014-06-08 21:00:00,,-20.793
2014-06-08 22:00:00,,-20.781
2014-06-08 23:00:00,,-20.792
2014-06-09 00:00:00,,-20.78
2014-06-09 01:00:00,,-20.785
2014-06-09 02:00:00,,-20.791
2014-06-09 03:00:00,,-20.783
2014-06-09 04:00:00,,-20.782
2014-06-09 05:00:00,,-20.784
2014-06-09 06:00:00,,-20.779
2014-06-09 07:00:00,,-20.783
2014-06-09 08:00:00,,-20.792
2014-06-09 09:00:00,,-20.788
2014-06-09 10:00:00,,-20.788
2014-06-09 11:00:00,,-20.78
2014-06-09 12:00:00,,-20.773
2014-06-09 13:00:00,,-20.769
2014-06-09 14:00:00,,-20.762
2014-06-09 15:00:00,,-20.762
2014-06-09 16:00:00,,-20.755
2014-06-09 17:00:00,,-20.759
2014-06-09 18:00:00,,-20.765
2014-06-09 19:00:00,,-20.773
2014-06-09 20:00:00,,-20.774
2014-06-09 21:00:00,,-20.784
2014-06-09 22:00:00,,-20.792
2014-06-09 23:00:00,,-20.79
2014-06-10 00:00:00,,-20.781
2014-06-10 01:00:00,,-20.776
2014-06-10 02:00:00,,-20.766
2014-06-10 03:00:00,,-20.767
2014-06-10 04:00:00,,-20.767
2014-06-10 05:00:00,,-20.758
2014-06-10 06:00:00,,-20.756
2014-06-10 07:00:00,,-20.776
2014-06-10 08:00:00,,-20.775
2014-06-10 09:00:00,,-20.78
2014-06-10 10:00:00,,-20.787
2014-06-10 11:00:00,,-20.784
2014-06-10 12:00:00,,-20.772
2014-06-10 13:00:00,,-20.754
2014-06-10 14:00:00,,-20.752
2014-06-10 15:00:00,,-20.749
2014-06-10 16:00:00,,-20.74
2014-06-10 17:00:00,,-20.754
2014-06-10 18:00:00,,-20.761
2014-06-10 19:00:00,,-20.757
2014-06-10 20:00:00,,-20.767
2014-06-10 21:00:00,,-20.768
2014-06-10 22:00:00,,-20.774
2014-06-10 23:00:00,,-20.775
2014-06-11 00:00:00,,-20.771
2014-06-11 01:00:00,,-20.763
2014-06-11 02:00:00,,-20.767
2014-06-11 03:00:00,,-20.757
2014-06-11 04:00:00,,-20.759
2014-06-11 05:00:00,,-20.763
2014-06-11 06:00:00,,-20.772
2014-06-11 07:00:00,,-20.764
2014-06-11 08:00:00,,-20.775
2014-06-11 09:00:00,,-20.781
2014-06-11 10:00:00,,-20.774
2014-06-11 11:00:00,,-20.779
2014-06-11 12:00:00,,-20.766
2014-06-11 13:00:00,,-20.755
2014-06-11 14:00:00,,-20.747
2014-06-11 15:00:00,,-20.739
2014-06-11 16:00:00,,-20.745
2014-06-11 17:00:00,,-20.744
2014-06-11 18:00:00,,-20.742
2014-06-11 19:00:00,,-20.757
2014-06-11 20:00:00,,-20.758
2014-06-11 21:00:00,,-20.776
2014-06-11 22:00:00,,-20.78
2014-06-11 23:00:00,,-20.775
2014-06-12 00:00:00,,-20.777
2014-06-12 01:00:00,,-20.774
2014-06-12 02:00:00,,-20.766
2014-06-12 03:00:00,,-20.761
2014-06-12 04:00:00,,-20.753
2014-06-12 05:00:00,,-20.752
2014-06-12 06:00:00,,-20.76
2014-06-12 07:00:00,,-20.772
2014-06-12 08:00:00,,-20.771
2014-06-12 09:00:00,,-20.775
2014-06-12 10:00:00,,-20.773
2014-06-12 11:00:00,,-20.775
2014-06-12 12:00:00,,-20.771
2014-06-12 13:00:00,,-20.759
2014-06-12 14:00:00,,-20.749
2014-06-12 15:00:00,,-20.757
2014-06-12 16:00:00,,-20.756
2014-06-12 17:00:00,,-20.759
2014-06-12 18:00:00,,-20.752
2014-06-12 19:00:00,,-20.762
2014-06-12 20:00:00,,-20.769
2014-06-12 21:00:00,,-20.776
2014-06-12 22:00:00,,-20.785
2014-06-12 23:00:00,,-20.784
2014-06-13 00:00:00,,-20.786
2014-06-13 01:00:00,,-20.779
2014-06-13 02:00:00,,-20.787
2014-06-13 03:00:00,,-20.781
2014-06-13 04:00:00,,-20.781
2014-06-13 05:00:00,,-20.779
2014-06-13 06:00:00,,-20.787
2014-06-13 07:00:00,,-20.793
2014-06-13 08:00:00,,-20.795
2014-06-13 09:00:00,,-20.804
2014-06-13 10:00:00,,-20.805
2014-06-13 11:00:00,,-20.803
2014-06-13 12:00:00,,-20.797
2014-06-13 13:00:00,,-20.789
2014-06-13 14:00:00,,-20.779
2014-06-13 15:00:00,,-20.781
2014-06-13 16:00:00,,-20.766
2014-06-13 17:00:00,,-20.767
2014-06-13 18:00:00,,-20.775
2014-06-13 19:00:00,,-20.785
2014-06-13 20:00:00,,-20.788
2014-06-13 21:00:00,,-20.805
2014-06-13 22:00:00,,-20.808
2014-06-13 23:00:00,,-20.798
2014-06-14 00:00:00,,-20.805
2014-06-14 01:00:00,,-20.809
2014-06-14 02:00:00,,-20.805
2014-06-14 03:00:00,,-20.802
2014-06-14 04:00:00,,-20.789
2014-06-14 05:00:00,,-20.793
2014-06-14 06:00:00,,-20.786
2014-06-14 07:00:00,,-20.8
2014-06-14 08:00:00,,-20.798
2014-06-14 09:00:00,,-20.808
2014-06-14 10:00:00,,-20.81
2014-06-14 11:00:00,,-20.802
2014-06-14 12:00:00,,-20.796
2014-06-14 13:00:00,,-20.782
2014-06-14 14:00:00,,-20.78
2014-06-14 15:00:00,,-20.77
2014-06-14 16:00:00,,-20.765
2014-06-14 17:00:00,,-20.766
2014-06-14 18:00:00,,-20.77
2014-06-14 19:00:00,,-20.788
2014-06-14 20:00:00,,-20.792
2014-06-14 21:00:00,,-20.797
2014-06-14 22:00:00,,-20.808
2014-06-14 23:00:00,,-20.809
2014-06-15 00:00:00,,-20.809
2014-06-15 01:00:00,,-20.806
2014-06-15 02:00:00,,-20.803
2014-06-15 03:00:00,,-20.797
2014-06-15 04:00:00,,-20.791
2014-06-15 05:00:00,,-20.781
2014-06-15 06:00:00,,-20.781
2014-06-15 07:00:00,,-20.782
2014-06-15 08:00:00,,-20.787
2014-06-15 09:00:00,,-20.794
2014-06-15 10:00:00,,-20.805
2014-06-15 11:00:00,,-20.795
2014-06-15 12:00:00,,-20.787
2014-06-15 13:00:00,,-20.785
2014-06-15 14:00:00,,-20.779
2014-06-15 15:00:00,,-20.772
2014-06-15 16:00:00,,-20.77
2014-06-15 17:00:00,,-20.777
2014-06-15 18:00:00,,-20.784
2014-06-15 19:00:00,,-20.787
2014-06-15 20:00:00,,-20.782
2014-06-15 21:00:00,,-20.789
2014-06-15 22:00:00,,-20.791
2014-06-15 23:00:00,,-20.8
2014-06-16 00:00:00,,-20.795
2014-06-16 01:00:00,,-20.803
2014-06-16 02:00:00,,-20.793
2014-06-16 03:00:00,,-20.795
2014-06-16 04:00:00,,-20.794
2014-06-16 05:00:00,,-20.79
2014-06-16 06:00:00,,-20.79
2014-06-16 07:00:00,,-20.791
2014-06-16 08:00:00,,-20.801
2014-06-16 09:00:00,,-20.8
2014-06-16 10:00:00,,-20.797
2014-06-16 11:00:00,,-20.798
2014-06-16 12:00:00,,-20.795
2014-06-16 13:00:00,,-20.786
2014-06-16 14:00:00,,-20.785
2014-06-16 15:00:00,,-20.776
2014-06-16 16:00:00,,-20.767
2014-06-16 17:00:00,,-20.778
2014-06-16 18:00:00,,-20.778
2014-06-16 19:00:00,,-20.78
2014-06-16 20:00:00,,-20.783
2014-06-16 21:00:00,,-20.8
2014-06-16 22:00:00,,-20.797
2014-06-16 23:00:00,,-20.799
2014-06-17 00:00:00,,-20.805
2014-06-17 01:00:00,,-20.792
2014-06-17 02:00:00,,-20.789
2014-06-17 03:00:00,,-20.79
2014-06-17 04:00:00,,-20.792
2014-06-17 05:00:00,,-20.791
2014-06-17 06:00:00,,-20.782
2014-06-17 07:00:00,,-20.786
2014-06-17 08:00:00,,-20.787
2014-06-17 09:00:00,,-20.793
2014-06-17 10:00:00,,-20.802
2014-06-17 11:00:00,,-20.799
2014-06-17 12:00:00,,-20.792
2014-06-17 13:00:00,,-20.775
2014-06-17 14:00:00,,-20.779
2014-06-17 15:00:00,,-20.769
2014-06-17 16:00:00,,-20.77
2014-06-17 17:00:00,,-20.768
2014-06-17 18:00:00,,-20.77
2014-06-17 19:00:00,,-20.77
2014-06-17 20:00:00,,-20.782
2014-06-17 21:00:00,,-20.782
2014-06-17 22:00:00,,-20.784
2014-06-17 23:00:00,,-20.786
2014-06-18 00:00:00,,-20.793
2014-06-18 01:00:00,,-20.785
2014-06-18 02:00:00,,-20.781
2014-06-18 03:00:00,,-20.782
2014-06-18 04:00:00,,-20.784
2014-06-18 05:00:00,,-20.774
2014-06-18 06:00:00,,-20.777
2014-06-18 07:00:00,,-20.784
2014-06-18 08:00:00,,-20.788
2014-06-18 09:00:00,,-20.787
2014-06-18 10:00:00,,-20.779
2014-06-18 11:00:00,,-20.783
2014-06-18 12:00:00,,-20.773
2014-06-18 13:00:00,,-20.764
2014-06-18 14:00:00,,-20.758
2014-06-18 15:00:00,,-20.756
2014-06-18 16:00:00,,-20.755
2014-06-18 17:00:00,,-20.762
2014-06-18 18:00:00,,-20.769
2014-06-18 19:00:00,,-20.774
2014-06-18 20:00:00,,-20.77
2014-06-18 21:00:00,,-20.773
2014-06-18 22:00:00,,-20.776
2014-06-18 23:00:00,,-20.78
2014-06-19 00:00:00,,-20.773
2014-06-19 01:00:00,,-20.775
2014-06-19 02:00:00,,-20.774
2014-06-19 03:00:00,,-20.773
2014-06-19 04:00:00,,-20.774
2014-06-19 05:00:00,,-20.774
2014-06-19 06:00:00,,-20.774
2014-06-19 07:00:00,,-20.769
2014-06-19 08:00:00,,-20.776
2014-06-19 09:00:00,,-20.781
2014-06-19 10:00:00,,-20.776
2014-06-19 11:00:00,,-20.774
2014-06-19 12:00:00,,-20.769
2014-06-19 13:00:00,,-20.759
2014-06-19 14:00:00,,-20.763
2014-06-19 15:00:00,,-20.749
2014-06-19 16:00:00,,-20.757
2014-06-19 17:00:00,,-20.752
2014-06-19 18:00:00,,-20.754
2014-06-19 19:00:00,,-20.759
2014-06-19 20:00:00,,-20.769
2014-06-19 21:00:00,,-20.773
2014-06-19 22:00:00,,-20.771
2014-06-19 23:00:00,,-20.783
2014-06-20 00:00:00,,-20.784
2014-06-20 01:00:00,,-20.776
2014-06-20 02:00:00,,-20.78
2014-06-20 03:00:00,,-20.782
2014-06-20 04:00:00,,-20.775
2014-06-20 05:00:00,,-20.776
2014-06-20 06:00:00,,-20.774
2014-06-20 07:00:00,,-20.788
2014-06-20 08:00:00,,-20.786
2014-06-20 09:00:00,,-20.784
2014-06-20 10:00:00,,-20.789
2014-06-20 11:00:00,,-20.79
2014-06-20 12:00:00,,-20.778
2014-06-20 13:00:00,,-20.77
2014-06-20 14:00:00,,-20.759
2014-06-20 15:00:00,,-20.763
2014-06-20 16:00:00,,-20.763
2014-06-20 17:00:00,,-20.764
2014-06-20 18:00:00,,-20.774
2014-06-20 19:00:00,,-20.766
2014-06-20 20:00:00,,-20.783
2014-06-20 21:00:00,,-20.775
2014-06-20 22:00:00,,-20.788
2014-06-20 23:00:00,,-20.779
2014-06-21 00:00:00,,-20.777
2014-06-21 01:00:00,,-20.777
2014-06-21 02:00:00,,-20.781
2014-06-21 03:00:00,,-20.767
2014-06-21 04:00:00,,-20.773
2014-06-21 05:00:00,,-20.779
2014-06-21 06:00:00,,-20.775
2014-06-21 07:00:00,,-20.784
2014-06-21 08:00:00,,-20.783
2014-06-21 09:00:00,,-20.794
2014-06-21 10:00:00,,-20.794
2014-06-21 11:00:00,,-20.788
2014-06-21 12:00:00,,-20.788
2014-06-21 13:00:00,,-20.773
2014-06-21 14:00:00,,-20.768
2014-06-21 15:00:00,,-20.763
2014-06-21 16:00:00,,-20.76
2014-06-21 17:00:00,,-20.763
2014-06-21 18:00:00,,-20.767
2014-06-21 19:00:00,,-20.771
2014-06-21 20:00:00,,-20.777
2014-06-21 21:00:00,,-20.778
2014-06-21 22:00:00,,-20.781
2014-06-21 23:00:00,,-20.778
2014-06-22 00:00:00,,-20.782
2014-06-22 01:00:00,,-20.771
2014-06-22 02:00:00,,-20.776
2014-06-22 03:00:00,,-20.768
2014-06-22 04:00:00,,-20.78
2014-06-22 05:00:00,,-20.777
2014-06-22 06:00:00,,-20.78
2014-06-22 07:00:00,,-20.775
2014-06-22 08:00:00,,-20.786
2014-06-22 09:00:00,,-20.785
2014-06-22 10:00:00,,-20.79
2014-06-22 11:00:00,,-20.79
2014-06-22 12:00:00,,-20.781
2014-06-22 13:00:00,,-20.765
2014-06-22 14:00:00,,-20.757
2014-06-22 15:00:00,,-20.748
2014-06-22 16:00:00,,-20.746
2014-06-22 17:00:00,,-20.758
2014-06-22 18:00:00,,-20.755
2014-06-22 19:00:00,,-20.757
2014-06-22 20:00:00,,-20.771
2014-06-22 21:00:00,,-20.769
2014-06-22 22:00:00,,-20.77
2014-06-22 23:00:00,,-20.779
2014-06-23 00:00:00,,-20.768
2014-06-23 01:00:00,,-20.761
2014-06-23 02:00:00,,-20.76
2014-06-23 03:00:00,,-20.76
2014-06-23 04:00:00,,-20.772
2014-06-23 05:00:00,,-20.764
2014-06-23 06:00:00,,-20.769
2014-06-23 07:00:00,,-20.774
2014-06-23 08:00:00,,-20.779
2014-06-23 09:00:00,,-20.781
2014-06-23 10:00:00,,-20.778
2014-06-23 11:00:00,,-20.777
2014-06-23 12:00:00,,-20.776
2014-06-23 13:00:00,,-20.761
2014-06-23 14:00:00,,-20.754
2014-06-23 15:00:00,,-20.749
2014-06-23 16:00:00,,-20.751
2014-06-23 17:00:00,,-20.762
2014-06-23 18:00:00,,-20.765
2014-06-23 19:00:00,,-20.774
2014-06-23 20:00:00,,-20.784
2014-06-23 21:00:00,,-20.78
2014-06-23 22:00:00,,-20.787
2014-06-23 23:00:00,,-20.795
2014-06-24 00:00:00,,-20.785
2014-06-24 01:00:00,,-20.785
2014-06-24 02:00:00,,-20.783
2014-06-24 03:00:00,,-20.778
2014-06-24 04:00:00,,-20.774
2014-06-24 05:00:00,,-20.788
2014-06-24 06:00:00,,-20.79
2014-06-24 07:00:00,,-20.797
2014-06-24 08:00:00,,-20.794
2014-06-24 09:00:00,,-20.797
2014-06-24 10:00:00,,-20.804
2014-06-24 11:00:00,,-20.792
2014-06-24 12:00:00,,-20.789
2014-06-24 13:00:00,,-20.787
2014-06-24 14:00:00,,-20.772
2014-06-24 15:00:00,,-20.77
2014-06-24 16:00:00,,-20.771
2014-06-24 17:00:00,,-20.767
2014-06-24 18:00:00,,-20.768
2014-06-24 19:00:00,,-20.777
2014-06-24 20:00:00,,-20.779
2014-06-24 21:00:00,,-20.788
2014-06-24 22:00:00,,-20.786
2014-06-24 23:00:00,,-20.791
2014-06-25 00:00:00,,-20.782
2014-06-25 01:00:00,,-20.781
2014-06-25 02:00:00,,-20.775
2014-06-25 03:00:00,,-20.783
2014-06-25 04:00:00,,-20.775
2014-06-25 05:00:00,,-20.779
2014-06-25 06:00:00,,-20.773
2014-06-25 07:00:00,,-20.784
2014-06-25 08:00:00,,-20.784
2014-06-25 09:00:00,,-20.79
2014-06-25 10:00:00,,-20.8
2014-06-25 11:00:00,,-20.794
2014-06-25 12:00:00,,-20.789
2014-06-25 13:00:00,,-20.786
2014-06-25 14:00:00,,-20.779
2014-06-25 15:00:00,,-20.767
2014-06-25 16:00:00,,-20.769
2014-06-25 17:00:00,,-20.77
2014-06-25 18:00:00,,-20.767
2014-06-25 19:00:00,,-20.773
2014-06-25 20:00:00,,-20.779
2014-06-25 21:00:00,,-20.778
2014-06-25 22:00:00,,-20.782
2014-06-25 23:00:00,,-20.795
2014-06-26 00:00:00,,-20.781
2014-06-26 01:00:00,,-20.785
2014-06-26 02:00:00,,-20.785
2014-06-26 03:00:00,,-20.775
2014-06-26 04:00:00,,-20.774
2014-06-26 05:00:00,,-20.777
2014-06-26 06:00:00,,-20.783
2014-06-26 07:00:00,,-20.786
2014-06-26 08:00:00,,-20.79
2014-06-26 09:00:00,,-20.794
2014-06-26 10:00:00,,-20.788
2014-06-26 11:00:00,,-20.792
2014-06-26 12:00:00,,-20.785
2014-06-26 13:00:00,,-20.767
2014-06-26 14:00:00,,-20.758
2014-06-26 15:00:00,,-20.751
2014-06-26 16:00:00,,-20.75
2014-06-26 17:00:00,,-20.751
2014-06-26 18:00:00,,-20.745
2014-06-26 19:00:00,,-20.763
2014-06-26 20:00:00,,-20.764
2014-06-26 21:00:00,,-20.769
2014-06-26 22:00:00,,-20.771
2014-06-26 23:00:00,,-20.77
2014-06-27 00:00:00,,-20.772
2014-06-27 01:00:00,,-20.769
2014-06-27 02:00:00,,-20.759
2014-06-27 03:00:00,,-20.757
2014-06-27 04:00:00,,-20.763
2014-06-27 05:00:00,,-20.757
2014-06-27 06:00:00,,-20.761
2014-06-27 07:00:00,,-20.769
2014-06-27 08:00:00,,-20.766
2014-06-27 09:00:00,,-20.768
2014-06-27 10:00:00,,-20.78
2014-06-27 11:00:00,,-20.777
2014-06-27 12:00:00,,-20.764
2014-06-27 13:00:00,,-20.753
2014-06-27 14:00:00,,-20.741
2014-06-27 15:00:00,,-20.739
2014-06-27 16:00:00,,-20.728
2014-06-27 17:00:00,,-20.731
2014-06-27 18:00:00,,-20.743
2014-06-27 19:00:00,,-20.739
2014-06-27 20:00:00,,-20.754
2014-06-27 21:00:00,,-20.761
2014-06-27 22:00:00,,-20.766
2014-06-27 23:00:00,,-20.766
2014-06-28 00:00:00,,-20.774
2014-06-28 01:00:00,,-20.766
2014-06-28 02:00:00,,-20.762
2014-06-28 03:00:00,,-20.767
2014-06-28 04:00:00,,-20.768
2014-06-28 05:00:00,,-20.77
2014-06-28 06:00:00,,-20.77
2014-06-28 07:00:00,,-20.779
2014-06-28 08:00:00,,-20.785
2014-06-28 09:00:00,,-20.789
2014-06-28 10:00:00,,-20.792
2014-06-28 11:00:00,,-20.79
2014-06-28 12:00:00,,-20.779
2014-06-28 13:00:00,,-20.769
2014-06-28 14:00:00,,-20.758
2014-06-28 15:00:00,,-20.761
2014-06-28 16:00:00,,-20.76
2014-06-28 17:00:00,,-20.767
2014-06-28 18:00:00,,-20.766
2014-06-28 19:00:00,,-20.77
2014-06-28 20:00:00,,-20.778
2014-06-28 21:00:00,,-20.781
2014-06-28 22:00:00,,-20.785
2014-06-28 23:00:00,,-20.79
2014-06-29 00:00:00,,-20.784
2014-06-29 01:00:00,,-20.786
2014-06-29 02:00:00,,-20.785
2014-06-29 03:00:00,,-20.775
2014-06-29 04:00:00,,-20.769
2014-06-29 05:00:00,,-20.775
2014-06-29 06:00:00,,-20.782
2014-06-29 07:00:00,,-20.775
2014-06-29 08:00:00,,-20.786
2014-06-29 09:00:00,,-20.79
2014-06-29 10:00:00,,-20.795
2014-06-29 11:00:00,,-20.793
2014-06-29 12:00:00,,-20.782
2014-06-29 13:00:00,,-20.784
2014-06-29 14:00:00,,-20.772
2014-06-29 15:00:00,,-20.765
2014-06-29 16:00:00,,-20.766
2014-06-29 17:00:00,,-20.773
2014-06-29 18:00:00,,-20.77
2014-06-29 19:00:00,,-20.776
2014-06-29 20:00:00,,-20.781
2014-06-29 21:00:00,,-20.78
2014-06-29 22:00:00,,-20.784
2014-06-29 23:00:00,,-20.791
2014-06-30 00:00:00,,-20.792
2014-06-30 01:00:00,,-20.79
2014-06-30 02:00:00,,-20.789
2014-06-30 03:00:00,,-20.778
2014-06-30 04:00:00,,-20.782
2014-06-30 05:00:00,,-20.787
2014-06-30 06:00:00,,-20.784
2014-06-30 07:00:00,,-20.786
2014-06-30 08:00:00,,-20.796
2014-06-30 09:00:00,,-20.788
2014-06-30 10:00:00,,-20.798
2014-06-30 11:00:00,,-20.795
2014-06-30 12:00:00,,-20.785
2014-06-30 13:00:00,,-20.777
2014-06-30 14:00:00,,-20.77
2014-06-30 15:00:00,,-20.774
2014-06-30 16:00:00,,-20.771
2014-06-30 17:00:00,,-20.77
2014-06-30 18:00:00,,-20.775
2014-06-30 19:00:00,,-20.779
2014-06-30 20:00:00,,-20.783
2014-06-30 21:00:00,,-20.789
2014-06-30 22:00:00,,-20.784
2014-06-30 23:00:00,,-20.791
2014-07-01 00:00:00,,-20.787
2014-07-01 01:00:00,,-20.788
2014-07-01 02:00:00,,-20.777
2014-07-01 03:00:00,,-20.775
2014-07-01 04:00:00,,-20.783
2014-07-01 05:00:00,,-20.779
2014-07-01 06:00:00,,-20.777
2014-07-01 07:00:00,,-20.783
2014-07-01 08:00:00,,-20.795
2014-07-01 09:00:00,,-20.792
2014-07-01 10:00:00,,-20.799
2014-07-01 11:00:00,,-20.802
2014-07-01 12:00:00,,-20.788
2014-07-01 13:00:00,,-20.774
2014-07-01 14:00:00,,-20.772
2014-07-01 15:00:00,,-20.769
2014-07-01 16:00:00,,-20.765
2014-07-01 17:00:00,,-20.77
2014-07-01 18:00:00,,-20.766
2014-07-01 19:00:00,,-20.772
2014-07-01 20:00:00,,-20.77
2014-07-01 21:00:00,,-20.78
2014-07-01 22:00:00,,-20.788
2014-07-01 23:00:00,,-20.777
2014-07-02 00:00:00,,-20.787
2014-07-02 01:00:00,,-20.778
2014-07-02 02:00:00,,-20.772
2014-07-02 03:00:00,,-20.774
2014-07-02 04:00:00,,-20.774
2014-07-02 05:00:00,,-20.775
2014-07-02 06:00:00,,-20.774
2014-07-02 07:00:00,,-20.773
2014-07-02 08:00:00,,-20.782
2014-07-02 09:00:00,,-20.781
2014-07-02 10:00:00,,-20.784
2014-07-02 11:00:00,,-20.769
2014-07-02 12:00:00,,-20.763
2014-07-02 13:00:00,,-20.759
2014-07-02 14:00:00,,-20.753
2014-07-02 15:00:00,,-20.753
2014-07-02 16:00:00,,-20.74
2014-07-02 17:00:00,,-20.747
2014-07-02 18:00:00,,-20.755
2014-07-02 19:00:00,,-20.755
2014-07-02 20:00:00,,-20.757
2014-07-02 21:00:00,,-20.758
2014-07-02 22:00:00,,-20.773
2014-07-02 23:00:00,,-20.763
2014-07-03 00:00:00,,-20.766
2014-07-03 01:00:00,,-20.77
2014-07-03 02:00:00,,-20.769
2014-07-03 03:00:00,,-20.766
2014-07-03 04:00:00,,-20.764
2014-07-03 05:00:00,,-20.76
2014-07-03 06:00:00,,-20.761
2014-07-03 07:00:00,,-20.759
2014-07-03 08:00:00,,-20.757
2014-07-03 09:00:00,,-20.772
2014-07-03 10:00:00,,-20.766
2014-07-03 11:00:00,,-20.768
2014-07-03 12:00:00,,-20.755
2014-07-03 13:00:00,,-20.75
2014-07-03 14:00:00,,-20.738
2014-07-03 15:00:00,,-20.741
2014-07-03 16:00:00,,-20.743
2014-07-03 17:00:00,,-20.746
2014-07-03 18:00:00,,-20.752
2014-07-03 19:00:00,,-20.753
2014-07-03 20:00:00,,-20.759
2014-07-03 21:00:00,,-20.762
2014-07-03 22:00:00,,-20.766
2014-07-03 23:00:00,,-20.767
2014-07-04 00:00:00,,-20.772
2014-07-04 01:00:00,,-20.767
2014-07-04 02:00:00,,-20.767
2014-07-04 03:00:00,,-20.766
2014-07-04 04:00:00,,-20.767
2014-07-04 05:00:00,,-20.759
2014-07-04 06:00:00,,-20.761
2014-07-04 07:00:00,,-20.776
2014-07-04 08:00:00,,-20.77
2014-07-04 09:00:00,,-20.778
2014-07-04 10:00:00,,-20.787
2014-07-04 11:00:00,,-20.779
2014-07-04 12:00:00,,-20.769
2014-07-04 13:00:00,,-20.773
2014-07-04 14:00:00,,-20.762
2014-07-04 15:00:00,,-20.76
2014-07-04 16:00:00,,-20.755
2014-07-04 17:00:00,,-20.75
2014-07-04 18:00:00,,-20.755
2014-07-04 19:00:00,,-20.761
2014-07-04 20:00:00,,-20.774
2014-07-04 21:00:00,,-20.783
2014-07-04 22:00:00,,-20.786
2014-07-04 23:00:00,,-20.78
2014-07-05 00:00:00,,-20.776
2014-07-05 01:00:00,,-20.775
2014-07-05 02:00:00,,-20.774
2014-07-05 03:00:00,,-20.781
2014-07-05 04:00:00,,-20.775
2014-07-05 05:00:00,,-20.771
2014-07-05 06:00:00,,-20.774
2014-07-05 07:00:00,,-20.785
2014-07-05 08:00:00,,-20.788
2014-07-05 09:00:00,,-20.79
2014-07-05 10:00:00,,-20.797
2014-07-05 11:00:00,,-20.788
2014-07-05 12:00:00,,-20.784
2014-07-05 13:00:00,,-20.769
2014-07-05 14:00:00,,-20.766
2014-07-05 15:00:00,,-20.755
2014-07-05 16:00:00,,-20.752
2014-07-05 17:00:00,,-20.762
2014-07-05 18:00:00,,-20.755
2014-07-05 19:00:00,,-20.766
2014-07-05 20:00:00,,-20.777
2014-07-05 21:00:00,,-20.769
2014-07-05 22:00:00,,-20.775
2014-07-05 23:00:00,,-20.776
2014-07-06 00:00:00,,-20.77
2014-07-06 01:00:00,,-20.768
2014-07-06 02:00:00,,-20.774
2014-07-06 03:00:00,,-20.768
2014-07-06 04:00:00,,-20.768
2014-07-06 05:00:00,,-20.773
2014-07-06 06:00:00,,-20.772
2014-07-06 07:00:00,,-20.766
2014-07-06 08:00:00,,-20.772
2014-07-06 09:00:00,,-20.783
2014-07-06 10:00:00,,-20.788
2014-07-06 11:00:00,,-20.784
2014-07-06 12:00:00,,-20.782
2014-07-06 13:00:00,,-20.763
2014-07-06 14:00:00,,-20.757
2014-07-06 15:00:00,,-20.743
2014-07-06 16:00:00,,-20.741
2014-07-06 17:00:00,,-20.742
2014-07-06 18:00:00,,-20.751
2014-07-06 19:00:00,,-20.75
2014-07-06 20:00:00,,-20.755
2014-07-06 21:00:00,,-20.759
2014-07-06 22:00:00,,-20.768
2014-07-06 23:00:00,,-20.754
2014-07-07 00:00:00,,-20.767
2014-07-07 01:00:00,,-20.76
2014-07-07 02:00:00,,-20.759
2014-07-07 03:00:00,,-20.76
2014-07-07 04:00:00,,-20.761
2014-07-07 05:00:00,,-20.76
2014-07-07 06:00:00,,-20.765
2014-07-07 07:00:00,,-20.766
2014-07-07 08:00:00,,-20.768
2014-07-07 09:00:00,,-20.764
2014-07-07 10:00:00,,-20.767
2014-07-07 11:00:00,,-20.769
2014-07-07 12:00:00,,-20.755
2014-07-07 13:00:00,,-20.751
2014-07-07 14:00:00,,-20.738
2014-07-07 15:00:00,,-20.731
2014-07-07 16:00:00,,-20.736
2014-07-07 17:00:00,,-20.732
2014-07-07 18:00:00,,-20.743
2014-07-07 19:00:00,,-20.738
2014-07-07 20:00:00,,-20.75
2014-07-07 21:00:00,,-20.757
2014-07-07 22:00:00,,-20.754
2014-07-07 23:00:00,,-20.753
2014-07-08 00:00:00,,-20.757
2014-07-08 01:00:00,,-20.748
2014-07-08 02:00:00,,-20.753
2014-07-08 03:00:00,,-20.753
2014-07-08 04:00:00,,-20.753
2014-07-08 05:00:00,,-20.749
2014-07-08 06:00:00,,-20.746
2014-07-08 07:00:00,,-20.752
2014-07-08 08:00:00,,-20.756
2014-07-08 09:00:00,,-20.761
2014-07-08 10:00:00,,-20.763
2014-07-08 11:00:00,,-20.762
2014-07-08 12:00:00,,-20.746
2014-07-08 13:00:00,,-20.746
2014-07-08 14:00:00,,-20.737
2014-07-08 15:00:00,,-20.728
2014-07-08 16:00:00,,-20.731
2014-07-08 17:00:00,,-20.732
2014-07-08 18:00:00,,-20.736
2014-07-08 19:00:00,,-20.743
2014-07-08 20:00:00,,-20.75
2014-07-08 21:00:00,,-20.756
2014-07-08 22:00:00,,-20.767
2014-07-08 23:00:00,,-20.762
2014-07-09 00:00:00,,-20.759
2014-07-09 01:00:00,,-20.762
2014-07-09 02:00:00,,-20.752
2014-07-09 03:00:00,,-20.757
2014-07-09 04:00:00,,-20.758
2014-07-09 05:00:00,,-20.762
2014-07-09 06:00:00,,-20.766
2014-07-09 07:00:00,,-20.774
2014-07-09 08:00:00,,-20.781
2014-07-09 09:00:00,,-20.785
2014-07-09 10:00:00,,-20.795
2014-07-09 11:00:00,,-20.785
2014-07-09 12:00:00,,-20.786
2014-07-09 13:00:00,,-20.768
2014-07-09 14:00:00,,-20.759
2014-07-09 15:00:00,,-20.755
2014-07-09 16:00:00,,-20.758
2014-07-09 17:00:00,,-20.755
2014-07-09 18:00:00,,-20.757
2014-07-09 19:00:00,,-20.767
2014-07-09 20:00:00,,-20.779
2014-07-09 21:00:00,,-20.777
2014-07-09 22:00:00,,-20.785
2014-07-09 23:00:00,,-20.784
2014-07-10 00:00:00,,-20.781
2014-07-10 01:00:00,,-20.779
2014-07-10 02:00:00,,-20.778
2014-07-10 03:00:00,,-20.775
2014-07-10 04:00:00,,-20.768
2014-07-10 05:00:00,,-20.775
2014-07-10 06:00:00,,-20.786
2014-07-10 07:00:00,,-20.784
2014-07-10 08:00:00,,-20.784
2014-07-10 09:00:00,,-20.8
2014-07-10 10:00:00,,-20.798
2014-07-10 11:00:00,,-20.795
2014-07-10 12:00:00,,-20.787
2014-07-10 13:00:00,,-20.775
2014-07-10 14:00:00,,-20.767
2014-07-10 15:00:00,,-20.755
2014-07-10 16:00:00,,-20.759
2014-07-10 17:00:00,,-20.757
2014-07-10 18:00:00,,-20.761
2014-07-10 19:00:00,,-20.767
2014-07-10 20:00:00,,-20.774
2014-07-10 21:00:00,,-20.772
2014-07-10 22:00:00,,-20.775
2014-07-10 23:00:00,,-20.783
2014-07-11 00:00:00,,-20.781
2014-07-11 01:00:00,,-20.784
2014-07-11 02:00:00,,-20.782
2014-07-11 03:00:00,,-20.778
2014-07-11 04:00:00,,-20.778
2014-07-11 05:00:00,,-20.767
2014-07-11 06:00:00,,-20.768
2014-07-11 07:00:00,,-20.782
2014-07-11 08:00:00,,-20.778
2014-07-11 09:00:00,,-20.788
2014-07-11 10:00:00,,-20.794
2014-07-11 11:00:00,,-20.778
2014-07-11 12:00:00,,-20.77
2014-07-11 13:00:00,,-20.766
2014-07-11 14:00:00,,-20.761
2014-07-11 15:00:00,,-20.755
2014-07-11 16:00:00,,-20.747
2014-07-11 17:00:00,,-20.75
2014-07-11 18:00:00,,-20.754
2014-07-11 19:00:00,,-20.756
2014-07-11 20:00:00,,-20.772
2014-07-11 21:00:00,,-20.776
2014-07-11 22:00:00,,-20.786
2014-07-11 23:00:00,,-20.778
2014-07-12 00:00:00,,-20.786
2014-07-12 01:00:00,,-20.776
2014-07-12 02:00:00,,-20.781
2014-07-12 03:00:00,,-20.78
2014-07-12 04:00:00,,-20.778
2014-07-12 05:00:00,,-20.781
2014-07-12 06:00:00,,-20.786
2014-07-12 07:00:00,,-20.778
2014-07-12 08:00:00,,-20.785
2014-07-12 09:00:00,,-20.796
2014-07-12 10:00:00,,-20.798
2014-07-12 11:00:00,,-20.796
2014-07-12 12:00:00,,-20.779
2014-07-12 13:00:00,,-20.776
2014-07-12 14:00:00,,-20.754
2014-07-12 15:00:00,,-20.744
2014-07-12 16:00:00,,-20.751
2014-07-12 17:00:00,,-20.749
2014-07-12 18:00:00,,-20.749
2014-07-12 19:00:00,,-20.753
2014-07-12 20:00:00,,-20.765
2014-07-12 21:00:00,,-20.774
2014-07-12 22:00:00,,-20.774
2014-07-12 23:00:00,,-20.771
2014-07-13 00:00:00,,-20.788
2014-07-13 01:00:00,,-20.783
2014-07-13 02:00:00,,-20.789
2014-07-13 03:00:00,,-20.785
2014-07-13 04:00:00,,-20.767
2014-07-13 05:00:00,,-20.769
2014-07-13 06:00:00,,-20.769
2014-07-13 07:00:00,,-20.774
2014-07-13 08:00:00,,-20.773
2014-07-13 09:00:00,,-20.777
2014-07-13 10:00:00,,-20.78
2014-07-13 11:00:00,,-20.779
2014-07-13 12:00:00,,-20.778
2014-07-13 13:00:00,,-20.767
2014-07-13 14:00:00,,-20.763
2014-07-13 15:00:00,,-20.763
2014-07-13 16:00:00,,-20.75
2014-07-13 17:00:00,,-20.752
2014-07-13 18:00:00,,-20.766
2014-07-13 19:00:00,,-20.763
2014-07-13 20:00:00,,-20.786
2014-07-13 21:00:00,,-20.786
2014-07-13 22:00:00,,-20.772
2014-07-13 23:00:00,,-20.769
2014-07-14 00:00:00,,-20.775
2014-07-14 01:00:00,,-20.77
2014-07-14 02:00:00,,-20.768
2014-07-14 03:00:00,,-20.765
2014-07-14 04:00:00,,-20.764
2014-07-14 05:00:00,,-20.762
2014-07-14 06:00:00,,-20.762
2014-07-14 07:00:00,,-20.76
2014-07-14 08:00:00,,-20.762
2014-07-14 09:00:00,,-20.764
2014-07-14 10:00:00,,-20.77
2014-07-14 11:00:00,,-20.759
2014-07-14 12:00:00,,-20.758
2014-07-14 13:00:00,,-20.744
2014-07-14 14:00:00,,-20.745
2014-07-14 15:00:00,,-20.738
2014-07-14 16:00:00,,-20.739
2014-07-14 17:00:00,,-20.739
2014-07-14 18:00:00,,-20.737
2014-07-14 19:00:00,,-20.745
2014-07-14 20:00:00,,-20.75
2014-07-14 21:00:00,,-20.749
2014-07-14 22:00:00,,-20.752
2014-07-14 23:00:00,,-20.765
2014-07-15 00:00:00,,-20.752
2014-07-15 01:00:00,,-20.757
2014-07-15 02:00:00,,-20.752
2014-07-15 03:00:00,,-20.747
2014-07-15 04:00:00,,-20.749
2014-07-15 05:00:00,,-20.745
2014-07-15 06:00:00,,-20.75
2014-07-15 07:00:00,,-20.758
2014-07-15 08:00:00,,-20.768
2014-07-15 09:00:00,,-20.767
2014-07-15 10:00:00,,-20.768
2014-07-15 11:00:00,,-20.776
2014-07-15 12:00:00,,-20.765
2014-07-15 13:00:00,,-20.758
2014-07-15 14:00:00,,-20.755
2014-07-15 15:00:00,,-20.751
2014-07-15 16:00:00,,-20.743
2014-07-15 17:00:00,,-20.744
2014-07-15 18:00:00,,-20.749
2014-07-15 19:00:00,,-20.753
2014-07-15 20:00:00,,-20.763
2014-07-15 21:00:00,,-20.767
2014-07-15 22:00:00,,-20.765
2014-07-15 23:00:00,,-20.769
2014-07-16 00:00:00,,-20.781
2014-07-16 01:00:00,,-20.78
2014-07-16 02:00:00,,-20.771
2014-07-16 03:00:00,,-20.767
2014-07-16 04:00:00,,-20.771
2014-07-16 05:00:00,,-20.772
2014-07-16 06:00:00,,-20.776
2014-07-16 07:00:00,,-20.772
2014-07-16 08:00:00,,-20.776
2014-07-16 09:00:00,,-20.78
2014-07-16 10:00:00,,-20.789
2014-07-16 11:00:00,,-20.78
2014-07-16 12:00:00,,-20.776
2014-07-16 13:00:00,,-20.769
2014-07-16 14:00:00,,-20.768
2014-07-16 15:00:00,,-20.756
2014-07-16 16:00:00,,-20.754
2014-07-16 17:00:00,,-20.756
2014-07-16 18:00:00,,-20.758
2014-07-16 19:00:00,,-20.763
2014-07-16 20:00:00,,-20.767
2014-07-16 21:00:00,,-20.769
2014-07-16 22:00:00,,-20.766
2014-07-16 23:00:00,,-20.769
2014-07-17 00:00:00,,-20.775
2014-07-17 01:00:00,,-20.782
2014-07-17 02:00:00,,-20.776
2014-07-17 03:00:00,,-20.784
2014-07-17 04:00:00,,-20.774
2014-07-17 05:00:00,,-20.779
2014-07-17 06:00:00,,-20.786
2014-07-17 07:00:00,,-20.782
2014-07-17 08:00:00,,-20.785
2014-07-17 09:00:00,,-20.786
2014-07-17 10:00:00,,-20.783
2014-07-17 11:00:00,,-20.786
2014-07-17 12:00:00,,-20.775
2014-07-17 13:00:00,,-20.773
2014-07-17 14:00:00,,-20.758
2014-07-17 15:00:00,,-20.754
2014-07-17 16:00:00,,-20.757
2014-07-17 17:00:00,,-20.753
2014-07-17 18:00:00,,-20.762
2014-07-17 19:00:00,,-20.759
2014-07-17 20:00:00,,-20.771
2014-07-17 21:00:00,,-20.774
2014-07-17 22:00:00,,-20.773
2014-07-17 23:00:00,,-20.777
2014-07-18 00:00:00,,-20.775
2014-07-18 01:00:00,,-20.773
2014-07-18 02:00:00,,-20.771
2014-07-18 03:00:00,,-20.772
2014-07-18 04:00:00,,-20.778
2014-07-18 05:00:00,,-20.773
2014-07-18 06:00:00,,-20.776
2014-07-18 07:00:00,,-20.78
2014-07-18 08:00:00,,-20.788
2014-07-18 09:00:00,,-20.776
2014-07-18 10:00:00,,-20.791
2014-07-18 11:00:00,,-20.783
2014-07-18 12:00:00,,-20.77
2014-07-18 13:00:00,,-20.77
2014-07-18 14:00:00,,-20.762
2014-07-18 15:00:00,,-20.756
2014-07-18 16:00:00,,-20.752
2014-07-18 17:00:00,,-20.752
2014-07-18 18:00:00,,-20.757
2014-07-18 19:00:00,,-20.762
2014-07-18 20:00:00,,-20.771
2014-07-18 21:00:00,,-20.764
2014-07-18 22:00:00,,-20.769
2014-07-18 23:00:00,,-20.771
2014-07-19 00:00:00,,-20.772
2014-07-19 01:00:00,,-20.781
2014-07-19 02:00:00,,-20.773
2014-07-19 03:00:00,,-20.769
2014-07-19 04:00:00,,-20.772
2014-07-19 05:00:00,,-20.771
2014-07-19 06:00:00,,-20.772
2014-07-19 07:00:00,,-20.769
2014-07-19 08:00:00,,-20.77
2014-07-19 09:00:00,,-20.771
2014-07-19 10:00:00,,-20.778
2014-07-19 11:00:00,,-20.765
2014-07-19 12:00:00,,-20.758
2014-07-19 13:00:00,,-20.748
2014-07-19 14:00:00,,-20.736
2014-07-19 15:00:00,,-20.746
2014-07-19 16:00:00,,-20.745
2014-07-19 17:00:00,,-20.743
2014-07-19 18:00:00,,-20.745
2014-07-19 19:00:00,,-20.757
2014-07-19 20:00:00,,-20.762
2014-07-19 21:00:00,,-20.762
2014-07-19 22:00:00,,-20.759
2014-07-19 23:00:00,,-20.765
2014-07-20 00:00:00,,-20.763
2014-07-20 01:00:00,,-20.763
2014-07-20 02:00:00,,-20.77
2014-07-20 03:00:00,,-20.761
2014-07-20 04:00:00,,-20.768
2014-07-20 05:00:00,,-20.759
2014-07-20 06:00:00,,-20.764
2014-07-20 07:00:00,,-20.761
2014-07-20 08:00:00,,-20.774
2014-07-20 09:00:00,,-20.766
2014-07-20 10:00:00,,-20.775
2014-07-20 11:00:00,,-20.766
2014-07-20 12:00:00,,-20.76
2014-07-20 13:00:00,,-20.757
2014-07-20 14:00:00,,-20.75
2014-07-20 15:00:00,,-20.741
2014-07-20 16:00:00,,-20.74
2014-07-20 17:00:00,,-20.745
2014-07-20 18:00:00,,-20.738
2014-07-20 19:00:00,,-20.749
2014-07-20 20:00:00,,-20.756
2014-07-20 21:00:00,,-20.756
2014-07-20 22:00:00,,-20.757
2014-07-20 23:00:00,,-20.763
2014-07-21 00:00:00,,-20.76
2014-07-21 01:00:00,,-20.764
2014-07-21 02:00:00,,-20.754
2014-07-21 03:00:00,,-20.753
2014-07-21 04:00:00,,-20.762
2014-07-21 05:00:00,,-20.758
2014-07-21 06:00:00,,-20.766
2014-07-21 07:00:00,,-20.76
2014-07-21 08:00:00,,-20.771
2014-07-21 09:00:00,,-20.767
2014-07-21 10:00:00,,-20.772
2014-07-21 11:00:00,,-20.769
2014-07-21 12:00:00,,-20.759
2014-07-21 13:00:00,,-20.758
2014-07-21 14:00:00,,-20.748
2014-07-21 15:00:00,,-20.74
2014-07-21 16:00:00,,-20.744
2014-07-21 17:00:00,,-20.745
2014-07-21 18:00:00,,-20.75
2014-07-21 19:00:00,,-20.755
2014-07-21 20:00:00,,-20.763
2014-07-21 21:00:00,,-20.762
2014-07-21 22:00:00,,-20.768
2014-07-21 23:00:00,,-20.763
2014-07-22 00:00:00,,-20.759
2014-07-22 01:00:00,,-20.759
2014-07-22 02:00:00,,-20.752
2014-07-22 03:00:00,,-20.758
2014-07-22 04:00:00,,-20.758
2014-07-22 05:00:00,,-20.761
2014-07-22 06:00:00,,-20.764
2014-07-22 07:00:00,,-20.763
2014-07-22 08:00:00,,-20.771
2014-07-22 09:00:00,,-20.774
2014-07-22 10:00:00,,-20.773
2014-07-22 11:00:00,,-20.774
2014-07-22 12:00:00,,-20.757
2014-07-22 13:00:00,,-20.75
2014-07-22 14:00:00,,-20.728
2014-07-22 15:00:00,,-20.721
2014-07-22 16:00:00,,-20.723
2014-07-22 17:00:00,,-20.73
2014-07-22 18:00:00,,-20.737
2014-07-22 19:00:00,,-20.746
2014-07-22 20:00:00,,-20.757
2014-07-22 21:00:00,,-20.757
2014-07-22 22:00:00,,-20.765
2014-07-22 23:00:00,,-20.753
2014-07-23 00:00:00,,-20.749
2014-07-23 01:00:00,,-20.75
2014-07-23 02:00:00,,-20.747
2014-07-23 03:00:00,,-20.745
2014-07-23 04:00:00,,-20.747
2014-07-23 05:00:00,,-20.748
2014-07-23 06:00:00,,-20.753
2014-07-23 07:00:00,,-20.756
2014-07-23 08:00:00,,-20.759
2014-07-23 09:00:00,,-20.756
2014-07-23 10:00:00,,-20.756
2014-07-23 11:00:00,,-20.757
2014-07-23 12:00:00,,-20.75
2014-07-23 13:00:00,,-20.731
2014-07-23 14:00:00,,-20.732
2014-07-23 15:00:00,,-20.726
2014-07-23 16:00:00,,-20.733
2014-07-23 17:00:00,,-20.734
2014-07-23 18:00:00,,-20.734
2014-07-23 19:00:00,,-20.739
2014-07-23 20:00:00,,-20.741
2014-07-23 21:00:00,,-20.751
2014-07-23 22:00:00,,-20.759
2014-07-23 23:00:00,,-20.751
2014-07-24 00:00:00,,-20.75
2014-07-24 01:00:00,,-20.749
2014-07-24 02:00:00,,-20.754
2014-07-24 03:00:00,,-20.754
2014-07-24 04:00:00,,-20.749
2014-07-24 05:00:00,,-20.748
2014-07-24 06:00:00,,-20.758
2014-07-24 07:00:00,,-20.755
2014-07-24 08:00:00,,-20.764
2014-07-24 09:00:00,,-20.77
2014-07-24 10:00:00,,-20.779
2014-07-24 11:00:00,,-20.768
2014-07-24 12:00:00,,-20.755
2014-07-24 13:00:00,,-20.745
2014-07-24 14:00:00,,-20.741
2014-07-24 15:00:00,,-20.743
2014-07-24 16:00:00,,-20.735
2014-07-24 17:00:00,,-20.737
2014-07-24 18:00:00,,-20.749
2014-07-24 19:00:00,,-20.745
2014-07-24 20:00:00,,-20.762
2014-07-24 21:00:00,,-20.761
2014-07-24 22:00:00,,-20.761
2014-07-24 23:00:00,,-20.767
2014-07-25 00:00:00,,-20.769
2014-07-25 01:00:00,,-20.767
2014-07-25 02:00:00,,-20.762
2014-07-25 03:00:00,,-20.766
2014-07-25 04:00:00,,-20.772
2014-07-25 05:00:00,,-20.773
2014-07-25 06:00:00,,-20.769
2014-07-25 07:00:00,,-20.783
2014-07-25 08:00:00,,-20.788
2014-07-25 09:00:00,,-20.78
2014-07-25 10:00:00,,-20.786
2014-07-25 11:00:00,,-20.79
2014-07-25 12:00:00,,-20.779
2014-07-25 13:00:00,,-20.763
2014-07-25 14:00:00,,-20.761
2014-07-25 15:00:00,,-20.752
2014-07-25 16:00:00,,-20.751
2014-07-25 17:00:00,,-20.749
2014-07-25 18:00:00,,-20.755
2014-07-25 19:00:00,,-20.772
2014-07-25 20:00:00,,-20.774
2014-07-25 21:00:00,,-20.786
2014-07-25 22:00:00,,-20.792
2014-07-25 23:00:00,,-20.793
2014-07-26 00:00:00,,-20.791
2014-07-26 01:00:00,,-20.781
2014-07-26 02:00:00,,-20.774
2014-07-26 03:00:00,,-20.775
2014-07-26 04:00:00,,-20.782
2014-07-26 05:00:00,,-20.782
2014-07-26 06:00:00,,-20.784
2014-07-26 07:00:00,,-20.788
2014-07-26 08:00:00,,-20.794
2014-07-26 09:00:00,,-20.792
2014-07-26 10:00:00,,-20.796
2014-07-26 11:00:00,,-20.79
2014-07-26 12:00:00,,-20.778
2014-07-26 13:00:00,,-20.77
2014-07-26 14:00:00,,-20.757
2014-07-26 15:00:00,,-20.752
2014-07-26 16:00:00,,-20.756
2014-07-26 17:00:00,,-20.762
2014-07-26 18:00:00,,-20.76
2014-07-26 19:00:00,,-20.76
2014-07-26 20:00:00,,-20.778
2014-07-26 21:00:00,,-20.774
2014-07-26 22:00:00,,-20.774
2014-07-26 23:00:00,,-20.78
2014-07-27 00:00:00,,-20.781
2014-07-27 01:00:00,,-20.785
2014-07-27 02:00:00,,-20.773
2014-07-27 03:00:00,,-20.761
2014-07-27 04:00:00,,-20.771
2014-07-27 05:00:00,,-20.765
2014-07-27 06:00:00,,-20.769
2014-07-27 07:00:00,,-20.773
2014-07-27 08:00:00,,-20.782
2014-07-27 09:00:00,,-20.776
2014-07-27 10:00:00,,-20.785
2014-07-27 11:00:00,,-20.777
2014-07-27 12:00:00,,-20.763
2014-07-27 13:00:00,,-20.757
2014-07-27 14:00:00,,-20.749
2014-07-27 15:00:00,,-20.742
2014-07-27 16:00:00,,-20.74
2014-07-27 17:00:00,,-20.736
2014-07-27 18:00:00,,-20.739
2014-07-27 19:00:00,,-20.746
2014-07-27 20:00:00,,-20.757
2014-07-27 21:00:00,,-20.761
2014-07-27 22:00:00,,-20.764
2014-07-27 23:00:00,,-20.766
2014-07-28 00:00:00,,-20.763
2014-07-28 01:00:00,,-20.763
2014-07-28 02:00:00,,-20.764
2014-07-28 03:00:00,,-20.767
2014-07-28 04:00:00,,-20.759
2014-07-28 05:00:00,,-20.767
2014-07-28 06:00:00,,-20.764
2014-07-28 07:00:00,,-20.764
2014-07-28 08:00:00,,-20.767
2014-07-28 09:00:00,,-20.778
2014-07-28 10:00:00,,-20.775
2014-07-28 11:00:00,,-20.774
2014-07-28 12:00:00,,-20.766
2014-07-28 13:00:00,,-20.755
2014-07-28 14:00:00,,-20.753
2014-07-28 15:00:00,,-20.742
2014-07-28 16:00:00,,-20.737
2014-07-28 17:00:00,,-20.74
2014-07-28 18:00:00,,-20.743
2014-07-28 19:00:00,,-20.747
2014-07-28 20:00:00,,-20.755
2014-07-28 21:00:00,,-20.76
2014-07-28 22:00:00,,-20.766
2014-07-28 23:00:00,,-20.765
2014-07-29 00:00:00,,-20.766
2014-07-29 01:00:00,,-20.761
2014-07-29 02:00:00,,-20.762
2014-07-29 03:00:00,,-20.768
2014-07-29 04:00:00,,-20.756
2014-07-29 05:00:00,,-20.761
2014-07-29 06:00:00,,-20.758
2014-07-29 07:00:00,,-20.765
2014-07-29 08:00:00,,-20.776
2014-07-29 09:00:00,,-20.772
2014-07-29 10:00:00,,-20.769
2014-07-29 11:00:00,,-20.77
2014-07-29 12:00:00,,-20.761
2014-07-29 13:00:00,,-20.763
2014-07-29 14:00:00,,-20.751
2014-07-29 15:00:00,,-20.75
2014-07-29 16:00:00,,-20.742
2014-07-29 17:00:00,,-20.743
2014-07-29 18:00:00,,-20.755
2014-07-29 19:00:00,,-20.748
2014-07-29 20:00:00,,-20.76
2014-07-29 21:00:00,,-20.765
2014-07-29 22:00:00,,-20.776
2014-07-29 23:00:00,,-20.776
2014-07-30 00:00:00,,-20.765
2014-07-30 01:00:00,,-20.765
2014-07-30 02:00:00,,-20.768
2014-07-30 03:00:00,,-20.767
2014-07-30 04:00:00,,-20.756
2014-07-30 05:00:00,,-20.758
2014-07-30 06:00:00,,-20.754
2014-07-30 07:00:00,,-20.761
2014-07-30 08:00:00,,-20.773
2014-07-30 09:00:00,,-20.768
2014-07-30 10:00:00,,-20.767
2014-07-30 11:00:00,,-20.775
2014-07-30 12:00:00,,-20.763
2014-07-30 13:00:00,,-20.757
2014-07-30 14:00:00,,-20.753
2014-07-30 15:00:00,,-20.747
2014-07-30 16:00:00,,-20.743
2014-07-30 17:00:00,,-20.743
2014-07-30 18:00:00,,-20.742
2014-07-30 19:00:00,,-20.752
2014-07-30 20:00:00,,-20.751
2014-07-30 21:00:00,,-20.755
2014-07-30 22:00:00,,-20.756
2014-07-30 23:00:00,,-20.758
2014-07-31 00:00:00,,-20.753
2014-07-31 01:00:00,,-20.757
2014-07-31 02:00:00,,-20.758
2014-07-31 03:00:00,,-20.749
2014-07-31 04:00:00,,-20.754
2014-07-31 05:00:00,,-20.754
2014-07-31 06:00:00,,-20.757
2014-07-31 07:00:00,,-20.757
2014-07-31 08:00:00,,-20.762
2014-07-31 09:00:00,,-20.769
2014-07-31 10:00:00,,-20.77
2014-07-31 11:00:00,,-20.762
2014-07-31 12:00:00,,-20.76
2014-07-31 13:00:00,,-20.747
2014-07-31 14:00:00,,-20.742
2014-07-31 15:00:00,,-20.74
2014-07-31 16:00:00,,-20.732
2014-07-31 17:00:00,,-20.726
2014-07-31 18:00:00,,-20.743
2014-07-31 19:00:00,,-20.74
2014-07-31 20:00:00,,-20.754
2014-07-31 21:00:00,,-20.752
2014-07-31 22:00:00,,-20.754
2014-07-31 23:00:00,,-20.763
2014-08-01 00:00:00,,-20.756
2014-08-01 01:00:00,,-20.763
2014-08-01 02:00:00,,-20.759
2014-08-01 03:00:00,,-20.754
2014-08-01 04:00:00,,-20.753
2014-08-01 05:00:00,,-20.763
2014-08-01 06:00:00,,-20.762
2014-08-01 07:00:00,,-20.762
2014-08-01 08:00:00,,-20.773
2014-08-01 09:00:00,,-20.776
2014-08-01 10:00:00,,-20.786
2014-08-01 11:00:00,,-20.785
2014-08-01 12:00:00,,-20.781
2014-08-01 13:00:00,,-20.766
2014-08-01 14:00:00,,-20.755
2014-08-01 15:00:00,,-20.749
2014-08-01 16:00:00,,-20.747
2014-08-01 17:00:00,,-20.754
2014-08-01 18:00:00,,-20.758
2014-08-01 19:00:00,,-20.766
2014-08-01 20:00:00,,-20.773
2014-08-01 21:00:00,,-20.778
2014-08-01 22:00:00,,-20.778
2014-08-01 23:00:00,,-20.784
2014-08-02 00:00:00,,-20.779
2014-08-02 01:00:00,,-20.775
2014-08-02 02:00:00,,-20.775
2014-08-02 03:00:00,,-20.771
2014-08-02 04:00:00,,-20.764
2014-08-02 05:00:00,,-20.763
2014-08-02 06:00:00,,-20.777
2014-08-02 07:00:00,,-20.778
2014-08-02 08:00:00,,-20.775
2014-08-02 09:00:00,,-20.778
2014-08-02 10:00:00,,-20.777
2014-08-02 11:00:00,,-20.778
2014-08-02 12:00:00,,-20.769
2014-08-02 13:00:00,,-20.768
2014-08-02 14:00:00,,-20.758
2014-08-02 15:00:00,,-20.746
2014-08-02 16:00:00,,-20.75
2014-08-02 17:00:00,,-20.751
2014-08-02 18:00:00,,-20.757
2014-08-02 19:00:00,,-20.755
2014-08-02 20:00:00,,-20.772
2014-08-02 21:00:00,,-20.769
2014-08-02 22:00:00,,-20.77
2014-08-02 23:00:00,,-20.773
2014-08-03 00:00:00,,-20.779
2014-08-03 01:00:00,,-20.772
2014-08-03 02:00:00,,-20.764
2014-08-03 03:00:00,,-20.767
2014-08-03 04:00:00,,-20.767
2014-08-03 05:00:00,,-20.769
2014-08-03 06:00:00,,-20.772
2014-08-03 07:00:00,,-20.773
2014-08-03 08:00:00,,-20.784
2014-08-03 09:00:00,,-20.785
2014-08-03 10:00:00,,-20.783
2014-08-03 11:00:00,,-20.784
2014-08-03 12:00:00,,-20.778
2014-08-03 13:00:00,,-20.771
2014-08-03 14:00:00,,-20.758
2014-08-03 15:00:00,,-20.752
2014-08-03 16:00:00,,-20.751
2014-08-03 17:00:00,,-20.746
2014-08-03 18:00:00,,-20.758
2014-08-03 19:00:00,,-20.771
2014-08-03 20:00:00,,-20.771
2014-08-03 21:00:00,,-20.783
2014-08-03 22:00:00,,-20.775
2014-08-03 23:00:00,,-20.776
2014-08-04 00:00:00,,-20.78
2014-08-04 01:00:00,,-20.786
2014-08-04 02:00:00,,-20.785
2014-08-04 03:00:00,,-20.776
2014-08-04 04:00:00,,-20.782
2014-08-04 05:00:00,,-20.776
2014-08-04 06:00:00,,-20.773
2014-08-04 07:00:00,,-20.779
2014-08-04 08:00:00,,-20.776
2014-08-04 09:00:00,,-20.783
2014-08-04 10:00:00,,-20.782
2014-08-04 11:00:00,,-20.773
2014-08-04 12:00:00,,-20.778
2014-08-04 13:00:00,,-20.761
2014-08-04 14:00:00,,-20.766
2014-08-04 15:00:00,,-20.758
2014-08-04 16:00:00,,-20.762
2014-08-04 17:00:00,,-20.771
2014-08-04 18:00:00,,-20.766
2014-08-04 19:00:00,,-20.776
2014-08-04 20:00:00,,-20.779
2014-08-04 21:00:00,,-20.783
2014-08-04 22:00:00,,-20.784
2014-08-04 23:00:00,,-20.779
2014-08-05 00:00:00,,-20.778
2014-08-05 01:00:00,,-20.782
2014-08-05 02:00:00,,-20.778
2014-08-05 03:00:00,,-20.769
2014-08-05 04:00:00,,-20.767
2014-08-05 05:00:00,,-20.77
2014-08-05 06:00:00,,-20.773
2014-08-05 07:00:00,,-20.769
2014-08-05 08:00:00,,-20.777
2014-08-05 09:00:00,,-20.777
2014-08-05 10:00:00,,-20.778
2014-08-05 11:00:00,,-20.771
2014-08-05 12:00:00,,-20.768
2014-08-05 13:00:00,,-20.756
2014-08-05 14:00:00,,-20.751
2014-08-05 15:00:00,,-20.747
2014-08-05 16:00:00,,-20.746
2014-08-05 17:00:00,,-20.756
2014-08-05 18:00:00,,-20.762
2014-08-05 19:00:00,,-20.757
2014-08-05 20:00:00,,-20.767
2014-08-05 21:00:00,,-20.776
2014-08-05 22:00:00,,-20.776
2014-08-05 23:00:00,,-20.775
2014-08-06 00:00:00,,-20.765
2014-08-06 01:00:00,,-20.769
2014-08-06 02:00:00,,-20.767
2014-08-06 03:00:00,,-20.753
2014-08-06 04:00:00,,-20.758
2014-08-06 05:00:00,,-20.757
2014-08-06 06:00:00,,-20.751
2014-08-06 07:00:00,,-20.767
2014-08-06 08:00:00,,-20.763
2014-08-06 09:00:00,,-20.772
2014-08-06 10:00:00,,-20.778
2014-08-06 11:00:00,,-20.764
2014-08-06 12:00:00,,-20.758
2014-08-06 13:00:00,,-20.755
2014-08-06 14:00:00,,-20.738
2014-08-06 15:00:00,,-20.739
2014-08-06 16:00:00,,-20.738
2014-08-06 17:00:00,,-20.741
2014-08-06 18:00:00,,-20.748
2014-08-06 19:00:00,,-20.754
2014-08-06 20:00:00,,-20.769
2014-08-06 21:00:00,,-20.779
2014-08-06 22:00:00,,-20.779
2014-08-06 23:00:00,,-20.768
2014-08-07 00:00:00,,-20.762
2014-08-07 01:00:00,,-20.761
2014-08-07 02:00:00,,-20.762
2014-08-07 03:00:00,,-20.756
2014-08-07 04:00:00,,-20.761
2014-08-07 05:00:00,,-20.764
2014-08-07 06:00:00,,-20.765
2014-08-07 07:00:00,,-20.777
2014-08-07 08:00:00,,-20.774
2014-08-07 09:00:00,,-20.784
2014-08-07 10:00:00,,-20.77
2014-08-07 11:00:00,,-20.77
2014-08-07 12:00:00,,-20.763
2014-08-07 13:00:00,,-20.76
2014-08-07 14:00:00,,-20.75
2014-08-07 15:00:00,,-20.741
2014-08-07 16:00:00,,-20.743
2014-08-07 17:00:00,,-20.747
2014-08-07 18:00:00,,-20.748
2014-08-07 19:00:00,,-20.757
2014-08-07 20:00:00,,-20.759
2014-08-07 21:00:00,,-20.768
2014-08-07 22:00:00,,-20.77
2014-08-07 23:00:00,,-20.766
2014-08-08 00:00:00,,-20.768
2014-08-08 01:00:00,,-20.765
2014-08-08 02:00:00,,-20.759
2014-08-08 03:00:00,,-20.758
2014-08-08 04:00:00,,-20.767
2014-08-08 05:00:00,,-20.764
2014-08-08 06:00:00,,-20.763
2014-08-08 07:00:00,,-20.779
2014-08-08 08:00:00,,-20.784
2014-08-08 09:00:00,,-20.773
2014-08-08 10:00:00,,-20.773
2014-08-08 11:00:00,,-20.769
2014-08-08 12:00:00,,-20.773
2014-08-08 13:00:00,,-20.755
2014-08-08 14:00:00,,-20.748
2014-08-08 15:00:00,,-20.736
2014-08-08 16:00:00,,-20.739
2014-08-08 17:00:00,,-20.742
2014-08-08 18:00:00,,-20.753
2014-08-08 19:00:00,,-20.753
2014-08-08 20:00:00,,-20.769
2014-08-08 21:00:00,,-20.776
2014-08-08 22:00:00,,-20.774
2014-08-08 23:00:00,,-20.777
2014-08-09 00:00:00,,-20.769
2014-08-09 01:00:00,,-20.767
2014-08-09 02:00:00,,-20.769
2014-08-09 03:00:00,,-20.762
2014-08-09 04:00:00,,-20.761
2014-08-09 05:00:00,,-20.761
2014-08-09 06:00:00,,-20.767
2014-08-09 07:00:00,,-20.771
2014-08-09 08:00:00,,-20.776
2014-08-09 09:00:00,,-20.781
2014-08-09 10:00:00,,-20.78
2014-08-09 11:00:00,,-20.783
2014-08-09 12:00:00,,-20.773
2014-08-09 13:00:00,,-20.76
2014-08-09 14:00:00,,-20.747
2014-08-09 15:00:00,,-20.748
2014-08-09 16:00:00,,-20.743
2014-08-09 17:00:00,,-20.745
2014-08-09 18:00:00,,-20.75
2014-08-09 19:00:00,,-20.755
2014-08-09 20:00:00,,-20.764
2014-08-09 21:00:00,,-20.765
2014-08-09 22:00:00,,-20.774
2014-08-09 23:00:00,,-20.774
2014-08-10 00:00:00,,-20.779
2014-08-10 01:00:00,,-20.771
2014-08-10 02:00:00,,-20.766
2014-08-10 03:00:00,,-20.762
2014-08-10 04:00:00,,-20.755
2014-08-10 05:00:00,,-20.767
2014-08-10 06:00:00,,-20.763
2014-08-10 07:00:00,,-20.769
2014-08-10 08:00:00,,-20.781
2014-08-10 09:00:00,,-20.776
2014-08-10 10:00:00,,-20.773
2014-08-10 11:00:00,,-20.775
2014-08-10 12:00:00,,-20.763
2014-08-10 13:00:00,,-20.762
2014-08-10 14:00:00,,-20.748
2014-08-10 15:00:00,,-20.748
2014-08-10 16:00:00,,-20.742
2014-08-10 17:00:00,,-20.739
2014-08-10 18:00:00,,-20.74
2014-08-10 19:00:00,,-20.752
2014-08-10 20:00:00,,-20.756
2014-08-10 21:00:00,,-20.768
2014-08-10 22:00:00,,-20.773
2014-08-10 23:00:00,,-20.78
2014-08-11 00:00:00,,-20.774
2014-08-11 01:00:00,,-20.767
2014-08-11 02:00:00,,-20.774
2014-08-11 03:00:00,,-20.766
2014-08-11 04:00:00,,-20.759
2014-08-11 05:00:00,,-20.759
2014-08-11 06:00:00,,-20.761
2014-08-11 07:00:00,,-20.769
2014-08-11 08:00:00,,-20.772
2014-08-11 09:00:00,,-20.782
2014-08-11 10:00:00,,-20.777
2014-08-11 11:00:00,,-20.768
2014-08-11 12:00:00,,-20.77
2014-08-11 13:00:00,,-20.76
2014-08-11 14:00:00,,-20.75
2014-08-11 15:00:00,,-20.75
2014-08-11 16:00:00,,-20.745
2014-08-11 17:00:00,,-20.748
2014-08-11 18:00:00,,-20.74
2014-08-11 19:00:00,,-20.76
2014-08-11 20:00:00,,-20.762
2014-08-11 21:00:00,,-20.774
2014-08-11 22:00:00,,-20.771
2014-08-11 23:00:00,,-20.779
2014-08-12 00:00:00,,-20.771
2014-08-12 01:00:00,,-20.774
2014-08-12 02:00:00,,-20.764
2014-08-12 03:00:00,,-20.774
2014-08-12 04:00:00,,-20.758
2014-08-12 05:00:00,,-20.761
2014-08-12 06:00:00,,-20.765
2014-08-12 07:00:00,,-20.772
2014-08-12 08:00:00,,-20.777
2014-08-12 09:00:00,,-20.78
2014-08-12 10:00:00,,-20.779
2014-08-12 11:00:00,,-20.78
2014-08-12 12:00:00,,-20.783
2014-08-12 13:00:00,,-20.766
2014-08-12 14:00:00,,-20.759
2014-08-12 15:00:00,,-20.758
2014-08-12 16:00:00,,-20.745
2014-08-12 17:00:00,,-20.758
2014-08-12 18:00:00,,-20.753
2014-08-12 19:00:00,,-20.759
2014-08-12 20:00:00,,-20.767
2014-08-12 21:00:00,,-20.781
2014-08-12 22:00:00,,-20.775
2014-08-12 23:00:00,,-20.784
2014-08-13 00:00:00,,-20.784
2014-08-13 01:00:00,,-20.776
2014-08-13 02:00:00,,-20.769
2014-08-13 03:00:00,,-20.767
2014-08-13 04:00:00,,-20.77
2014-08-13 05:00:00,,-20.77
2014-08-13 06:00:00,,-20.773
2014-08-13 07:00:00,,-20.775
2014-08-13 08:00:00,,-20.783
2014-08-13 09:00:00,,-20.787
2014-08-13 10:00:00,,-20.786
2014-08-13 11:00:00,,-20.784
2014-08-13 12:00:00,,-20.777
2014-08-13 13:00:00,,-20.76
2014-08-13 14:00:00,,-20.758
2014-08-13 15:00:00,,-20.75
2014-08-13 16:00:00,,-20.746
2014-08-13 17:00:00,,-20.75
2014-08-13 18:00:00,,-20.757
2014-08-13 19:00:00,,-20.758
2014-08-13 20:00:00,,-20.767
2014-08-13 21:00:00,,-20.764
2014-08-13 22:00:00,,-20.769
2014-08-13 23:00:00,,-20.775
2014-08-14 00:00:00,,-20.77
2014-08-14 01:00:00,,-20.78
2014-08-14 02:00:00,,-20.765
2014-08-14 03:00:00,,-20.762
2014-08-14 04:00:00,,-20.756
2014-08-14 05:00:00,,-20.765
2014-08-14 06:00:00,,-20.762
2014-08-14 07:00:00,,-20.76
2014-08-14 08:00:00,,-20.765
2014-08-14 09:00:00,,-20.766
2014-08-14 10:00:00,,-20.772
2014-08-14 11:00:00,,-20.763
2014-08-14 12:00:00,,-20.756
2014-08-14 13:00:00,,-20.759
2014-08-14 14:00:00,,-20.744
2014-08-14 15:00:00,,-20.752
2014-08-14 16:00:00,,-20.74
2014-08-14 17:00:00,,-20.751
2014-08-14 18:00:00,,-20.742
2014-08-14 19:00:00,,-20.754
2014-08-14 20:00:00,,-20.764
2014-08-14 21:00:00,,-20.766
2014-08-14 22:00:00,,-20.775
2014-08-14 23:00:00,,-20.764
2014-08-15 00:00:00,,-20.768
2014-08-15 01:00:00,,-20.757
2014-08-15 02:00:00,,-20.76
2014-08-15 03:00:00,,-20.764
2014-08-15 04:00:00,,-20.757
2014-08-15 05:00:00,,-20.756
2014-08-15 06:00:00,,-20.759
2014-08-15 07:00:00,,-20.758
2014-08-15 08:00:00,,-20.773
2014-08-15 09:00:00,,-20.77
2014-08-15 10:00:00,,-20.768
2014-08-15 11:00:00,,-20.759
2014-08-15 12:00:00,,-20.749
2014-08-15 13:00:00,,-20.746
2014-08-15 14:00:00,,-20.741
2014-08-15 15:00:00,,-20.739
2014-08-15 16:00:00,,-20.745
2014-08-15 17:00:00,,-20.735
2014-08-15 18:00:00,,-20.744
2014-08-15 19:00:00,,-20.757
2014-08-15 20:00:00,,-20.765
2014-08-15 21:00:00,,-20.756
2014-08-15 22:00:00,,-20.77
2014-08-15 23:00:00,,-20.756
2014-08-16 00:00:00,,-20.765
2014-08-16 01:00:00,,-20.757
2014-08-16 02:00:00,,-20.751
2014-08-16 03:00:00,,-20.754
2014-08-16 04:00:00,,-20.748
2014-08-16 05:00:00,,-20.759
2014-08-16 06:00:00,,-20.757
2014-08-16 07:00:00,,-20.752
2014-08-16 08:00:00,,-20.76
2014-08-16 09:00:00,,-20.762
2014-08-16 10:00:00,,-20.765
2014-08-16 11:00:00,,-20.76
2014-08-16 12:00:00,,-20.754
2014-08-16 13:00:00,,-20.748
2014-08-16 14:00:00,,-20.743
2014-08-16 15:00:00,,-20.737
2014-08-16 16:00:00,,-20.736
2014-08-16 17:00:00,,-20.739
2014-08-16 18:00:00,,-20.752
2014-08-16 19:00:00,,-20.752
2014-08-16 20:00:00,,-20.755
2014-08-16 21:00:00,,-20.764
2014-08-16 22:00:00,,-20.762
2014-08-16 23:00:00,,-20.767
2014-08-17 00:00:00,,-20.762
2014-08-17 01:00:00,,-20.764
2014-08-17 02:00:00,,-20.756
2014-08-17 03:00:00,,-20.768
2014-08-17 04:00:00,,-20.767
2014-08-17 05:00:00,,-20.756
2014-08-17 06:00:00,,-20.759
2014-08-17 07:00:00,,-20.762
2014-08-17 08:00:00,,-20.778
2014-08-17 09:00:00,,-20.769
2014-08-17 10:00:00,,-20.782
2014-08-17 11:00:00,,-20.766
2014-08-17 12:00:00,,-20.765
2014-08-17 13:00:00,,-20.757
2014-08-17 14:00:00,,-20.754
2014-08-17 15:00:00,,-20.751
2014-08-17 16:00:00,,-20.749
2014-08-17 17:00:00,,-20.754
2014-08-17 18:00:00,,-20.763
2014-08-17 19:00:00,,-20.764
2014-08-17 20:00:00,,-20.769
2014-08-17 21:00:00,,-20.781
2014-08-17 22:00:00,,-20.771
2014-08-17 23:00:00,,-20.781
2014-08-18 00:00:00,,-20.773
2014-08-18 01:00:00,,-20.777
2014-08-18 02:00:00,,-20.769
2014-08-18 03:00:00,,-20.767
2014-08-18 04:00:00,,-20.767
2014-08-18 05:00:00,,-20.771
2014-08-18 06:00:00,,-20.773
2014-08-18 07:00:00,,-20.772
2014-08-18 08:00:00,,-20.784
2014-08-18 09:00:00,,-20.781
2014-08-18 10:00:00,,-20.789
2014-08-18 11:00:00,,-20.782
2014-08-18 12:00:00,,-20.768
2014-08-18 13:00:00,,-20.758
2014-08-18 14:00:00,,-20.745
2014-08-18 15:00:00,,-20.751
2014-08-18 16:00:00,,-20.738
2014-08-18 17:00:00,,-20.741
2014-08-18 18:00:00,,-20.757
2014-08-18 19:00:00,,-20.756
2014-08-18 20:00:00,,-20.763
2014-08-18 21:00:00,,-20.765
2014-08-18 22:00:00,,-20.765
2014-08-18 23:00:00,,-20.765
2014-08-19 00:00:00,,-20.776
2014-08-19 01:00:00,,-20.762
2014-08-19 02:00:00,,-20.766
2014-08-19 03:00:00,,-20.765
2014-08-19 04:00:00,,-20.759
2014-08-19 05:00:00,,-20.763
2014-08-19 06:00:00,,-20.769
2014-08-19 07:00:00,,-20.766
2014-08-19 08:00:00,,-20.784
2014-08-19 09:00:00,,-20.78
2014-08-19 10:00:00,,-20.78
2014-08-19 11:00:00,,-20.766
2014-08-19 12:00:00,,-20.762
2014-08-19 13:00:00,,-20.753
2014-08-19 14:00:00,,-20.739
2014-08-19 15:00:00,,-20.744
2014-08-19 16:00:00,,-20.74
2014-08-19 17:00:00,,-20.739
2014-08-19 18:00:00,,-20.742
2014-08-19 19:00:00,,-20.75
2014-08-19 20:00:00,,-20.755
2014-08-19 21:00:00,,-20.768
2014-08-19 22:00:00,,-20.759
2014-08-19 23:00:00,,-20.768
2014-08-20 00:00:00,,-20.773
2014-08-20 01:00:00,,-20.764
2014-08-20 02:00:00,,-20.762
2014-08-20 03:00:00,,-20.758
2014-08-20 04:00:00,,-20.758
2014-08-20 05:00:00,,-20.766
2014-08-20 06:00:00,,-20.759
2014-08-20 07:00:00,,-20.775
2014-08-20 08:00:00,,-20.769
2014-08-20 09:00:00,,-20.777
2014-08-20 10:00:00,,-20.781
2014-08-20 11:00:00,,-20.777
2014-08-20 12:00:00,,-20.763
2014-08-20 13:00:00,,-20.749
2014-08-20 14:00:00,,-20.752
2014-08-20 15:00:00,,-20.739
2014-08-20 16:00:00,,-20.745
2014-08-20 17:00:00,,-20.737
2014-08-20 18:00:00,,-20.748
2014-08-20 19:00:00,,-20.753
2014-08-20 20:00:00,,-20.767
2014-08-20 21:00:00,,-20.762
2014-08-20 22:00:00,,-20.766
2014-08-20 23:00:00,,-20.774
2014-08-21 00:00:00,,-20.771
2014-08-21 01:00:00,,-20.769
2014-08-21 02:00:00,,-20.773
2014-08-21 03:00:00,,-20.764
2014-08-21 04:00:00,,-20.76
2014-08-21 05:00:00,,-20.756
2014-08-21 06:00:00,,-20.758
2014-08-21 07:00:00,,-20.771
2014-08-21 08:00:00,,-20.78
2014-08-21 09:00:00,,-20.776
2014-08-21 10:00:00,,-20.778
2014-08-21 11:00:00,,-20.777
2014-08-21 12:00:00,,-20.77
2014-08-21 13:00:00,,-20.75
2014-08-21 14:00:00,,-20.751
2014-08-21 15:00:00,,-20.738
2014-08-21 16:00:00,,-20.739
2014-08-21 17:00:00,,-20.737
2014-08-21 18:00:00,,-20.75
2014-08-21 19:00:00,,-20.766
2014-08-21 20:00:00,,-20.775
2014-08-21 21:00:00,,-20.782
2014-08-21 22:00:00,,-20.785
2014-08-21 23:00:00,,-20.774
2014-08-22 00:00:00,,-20.783
2014-08-22 01:00:00,,-20.771
2014-08-22 02:00:00,,-20.773
2014-08-22 03:00:00,,-20.761
2014-08-22 04:00:00,,-20.765
2014-08-22 05:00:00,,-20.762
2014-08-22 06:00:00,,-20.769
2014-08-22 07:00:00,,-20.774
2014-08-22 08:00:00,,-20.778
2014-08-22 09:00:00,,-20.786
2014-08-22 10:00:00,,-20.776
2014-08-22 11:00:00,,-20.771
2014-08-22 12:00:00,,-20.774
2014-08-22 13:00:00,,-20.762
2014-08-22 14:00:00,,-20.751
2014-08-22 15:00:00,,-20.745
2014-08-22 16:00:00,,-20.737
2014-08-22 17:00:00,,-20.738
2014-08-22 18:00:00,,-20.754
2014-08-22 19:00:00,,-20.756
2014-08-22 20:00:00,,-20.766
2014-08-22 21:00:00,,-20.772
2014-08-22 22:00:00,,-20.783
2014-08-22 23:00:00,,-20.774
2014-08-23 00:00:00,,-20.783
2014-08-23 01:00:00,,-20.776
2014-08-23 02:00:00,,-20.776
2014-08-23 03:00:00,,-20.766
2014-08-23 04:00:00,,-20.759
2014-08-23 05:00:00,,-20.76
2014-08-23 06:00:00,,-20.763
2014-08-23 07:00:00,,-20.773
2014-08-23 08:00:00,,-20.785
2014-08-23 09:00:00,,-20.788
2014-08-23 10:00:00,,-20.791
2014-08-23 11:00:00,,-20.771
2014-08-23 12:00:00,,-20.777
2014-08-23 13:00:00,,-20.762
2014-08-23 14:00:00,,-20.755
2014-08-23 15:00:00,,-20.749
2014-08-23 16:00:00,,-20.755
2014-08-23 17:00:00,,-20.758
2014-08-23 18:00:00,,-20.761
2014-08-23 19:00:00,,-20.768
2014-08-23 20:00:00,,-20.776
2014-08-23 21:00:00,,-20.784
2014-08-23 22:00:00,,-20.776
2014-08-23 23:00:00,,-20.774
2014-08-24 00:00:00,,-20.776
2014-08-24 01:00:00,,-20.772
2014-08-24 02:00:00,,-20.769
2014-08-24 03:00:00,,-20.773
2014-08-24 04:00:00,,-20.771
2014-08-24 05:00:00,,-20.765
2014-08-24 06:00:00,,-20.777
2014-08-24 07:00:00,,-20.776
2014-08-24 08:00:00,,-20.782
2014-08-24 09:00:00,,-20.789
2014-08-24 10:00:00,,-20.782
2014-08-24 11:00:00,,-20.778
2014-08-24 12:00:00,,-20.775
2014-08-24 13:00:00,,-20.766
2014-08-24 14:00:00,,-20.756
2014-08-24 15:00:00,,-20.758
2014-08-24 16:00:00,,-20.761
2014-08-24 17:00:00,,-20.763
2014-08-24 18:00:00,,-20.768
2014-08-24 19:00:00,,-20.776
2014-08-24 20:00:00,,-20.775
2014-08-24 21:00:00,,-20.782
2014-08-24 22:00:00,,-20.783
2014-08-24 23:00:00,,-20.783
2014-08-25 00:00:00,,-20.781
2014-08-25 01:00:00,,-20.776
2014-08-25 02:00:00,,-20.776
2014-08-25 03:00:00,,-20.78
2014-08-25 04:00:00,,-20.772
2014-08-25 05:00:00,,-20.768
2014-08-25 06:00:00,,-20.776
2014-08-25 07:00:00,,-20.788
2014-08-25 08:00:00,,-20.791
2014-08-25 09:00:00,,-20.787
2014-08-25 10:00:00,,-20.78
2014-08-25 11:00:00,,-20.787
2014-08-25 12:00:00,,-20.781
2014-08-25 13:00:00,,-20.757
2014-08-25 14:00:00,,-20.759
2014-08-25 15:00:00,,-20.749
2014-08-25 16:00:00,,-20.746
2014-08-25 17:00:00,,-20.745
2014-08-25 18:00:00,,-20.746
2014-08-25 19:00:00,,-20.758
2014-08-25 20:00:00,,-20.761
2014-08-25 21:00:00,,-20.775
2014-08-25 22:00:00,,-20.776
2014-08-25 23:00:00,,-20.776
2014-08-26 00:00:00,,-20.773
2014-08-26 01:00:00,,-20.767
2014-08-26 02:00:00,,-20.767
2014-08-26 03:00:00,,-20.758
2014-08-26 04:00:00,,-20.766
2014-08-26 05:00:00,,-20.761
2014-08-26 06:00:00,,-20.765
2014-08-26 07:00:00,,-20.776
2014-08-26 08:00:00,,-20.775
2014-08-26 09:00:00,,-20.785
2014-08-26 10:00:00,,-20.78
2014-08-26 11:00:00,,-20.782
2014-08-26 12:00:00,,-20.768
2014-08-26 13:00:00,,-20.759
2014-08-26 14:00:00,,-20.743
2014-08-26 15:00:00,,-20.743
2014-08-26 16:00:00,,-20.735
2014-08-26 17:00:00,,-20.737
2014-08-26 18:00:00,,-20.744
2014-08-26 19:00:00,,-20.753
2014-08-26 20:00:00,,-20.761
2014-08-26 21:00:00,,-20.764
2014-08-26 22:00:00,,-20.781
2014-08-26 23:00:00,,-20.774
2014-08-27 00:00:00,,-20.775
2014-08-27 01:00:00,,-20.773
2014-08-27 02:00:00,,-20.774
2014-08-27 03:00:00,,-20.763
2014-08-27 04:00:00,,-20.761
2014-08-27 05:00:00,,-20.768
2014-08-27 06:00:00,,-20.768
2014-08-27 07:00:00,,-20.766
2014-08-27 08:00:00,,-20.775
2014-08-27 09:00:00,,-20.78
2014-08-27 10:00:00,,-20.774
2014-08-27 11:00:00,,-20.775
2014-08-27 12:00:00,,-20.764
2014-08-27 13:00:00,,-20.76
2014-08-27 14:00:00,,-20.756
2014-08-27 15:00:00,,-20.75
2014-08-27 16:00:00,,-20.744
2014-08-27 17:00:00,,-20.747
2014-08-27 18:00:00,,-20.755
2014-08-27 19:00:00,,-20.752
2014-08-27 20:00:00,,-20.764
2014-08-27 21:00:00,,-20.771
2014-08-27 22:00:00,,-20.782
2014-08-27 23:00:00,,-20.776
2014-08-28 00:00:00,,-20.772
2014-08-28 01:00:00,,-20.774
2014-08-28 02:00:00,,-20.764
2014-08-28 03:00:00,,-20.765
2014-08-28 04:00:00,,-20.757
2014-08-28 05:00:00,,-20.765
2014-08-28 06:00:00,,-20.769
2014-08-28 07:00:00,,-20.773
2014-08-28 08:00:00,,-20.78
2014-08-28 09:00:00,,-20.78
2014-08-28 10:00:00,,-20.781
2014-08-28 11:00:00,,-20.779
2014-08-28 12:00:00,,-20.767
2014-08-28 13:00:00,,-20.765
2014-08-28 14:00:00,,-20.758
2014-08-28 15:00:00,,-20.758
2014-08-28 16:00:00,,-20.743
2014-08-28 17:00:00,,-20.748
2014-08-28 18:00:00,,-20.756
2014-08-28 19:00:00,,-20.757
2014-08-28 20:00:00,,-20.769
2014-08-28 21:00:00,,-20.762
2014-08-28 22:00:00,,-20.777
2014-08-28 23:00:00,,-20.776
2014-08-29 00:00:00,,-20.765
2014-08-29 01:00:00,,-20.766
2014-08-29 02:00:00,,-20.768
2014-08-29 03:00:00,,-20.773
2014-08-29 04:00:00,,-20.765
2014-08-29 05:00:00,,-20.767
2014-08-29 06:00:00,,-20.767
2014-08-29 07:00:00,,-20.779
2014-08-29 08:00:00,,-20.775
2014-08-29 09:00:00,,-20.784
2014-08-29 10:00:00,,-20.786
2014-08-29 11:00:00,,-20.775
2014-08-29 12:00:00,,-20.768
2014-08-29 13:00:00,,-20.765
2014-08-29 14:00:00,,-20.757
2014-08-29 15:00:00,,-20.752
2014-08-29 16:00:00,,-20.743
2014-08-29 17:00:00,,-20.741
2014-08-29 18:00:00,,-20.745
2014-08-29 19:00:00,,-20.752
2014-08-29 20:00:00,,-20.765
2014-08-29 21:00:00,,-20.762
2014-08-29 22:00:00,,-20.775
2014-08-29 23:00:00,,-20.772
2014-08-30 00:00:00,,-20.771
2014-08-30 01:00:00,,-20.769
2014-08-30 02:00:00,,-20.774
2014-08-30 03:00:00,,-20.773
2014-08-30 04:00:00,,-20.766
2014-08-30 05:00:00,,-20.765
2014-08-30 06:00:00,,-20.762
2014-08-30 07:00:00,,-20.766
2014-08-30 08:00:00,,-20.776
2014-08-30 09:00:00,,-20.776
2014-08-30 10:00:00,,-20.781
2014-08-30 11:00:00,,-20.772
2014-08-30 12:00:00,,-20.763
2014-08-30 13:00:00,,-20.755
2014-08-30 14:00:00,,-20.748
2014-08-30 15:00:00,,-20.741
2014-08-30 16:00:00,,-20.738
2014-08-30 17:00:00,,-20.745
2014-08-30 18:00:00,,-20.739
2014-08-30 19:00:00,,-20.748
2014-08-30 20:00:00,,-20.758
2014-08-30 21:00:00,,-20.768
2014-08-30 22:00:00,,-20.771
2014-08-30 23:00:00,,-20.759
2014-08-31 00:00:00,,-20.773
2014-08-31 01:00:00,,-20.77
2014-08-31 02:00:00,,-20.769
2014-08-31 03:00:00,,-20.762
2014-08-31 04:00:00,,-20.758
2014-08-31 05:00:00,,-20.765
2014-08-31 06:00:00,,-20.755
2014-08-31 07:00:00,,-20.771
2014-08-31 08:00:00,,-20.777
2014-08-31 09:00:00,,-20.772
2014-08-31 10:00:00,,-20.773
2014-08-31 11:00:00,,-20.774
2014-08-31 12:00:00,,-20.767
2014-08-31 13:00:00,,-20.749
2014-08-31 14:00:00,,-20.748
2014-08-31 15:00:00,,-20.748
2014-08-31 16:00:00,,-20.735
2014-08-31 17:00:00,,-20.74
2014-08-31 18:00:00,,-20.749
2014-08-31 19:00:00,,-20.748
2014-08-31 20:00:00,,-20.756
2014-08-31 21:00:00,,-20.759
2014-08-31 22:00:00,,-20.755
2014-08-31 23:00:00,,-20.759
2014-09-01 00:00:00,,-20.754
2014-09-01 01:00:00,,-20.758
2014-09-01 02:00:00,,-20.764
2014-09-01 03:00:00,,-20.759
2014-09-01 04:00:00,,-20.766
2014-09-01 05:00:00,,-20.768
2014-09-01 06:00:00,,-20.761
2014-09-01 07:00:00,,-20.777
2014-09-01 08:00:00,,-20.768
2014-09-01 09:00:00,,-20.772
2014-09-01 10:00:00,,-20.779
2014-09-01 11:00:00,,-20.771
2014-09-01 12:00:00,,-20.776
2014-09-01 13:00:00,,-20.76
2014-09-01 14:00:00,,-20.759
2014-09-01 15:00:00,,-20.751
2014-09-01 16:00:00,,-20.743
2014-09-01 17:00:00,,-20.75
2014-09-01 18:00:00,,-20.762
2014-09-01 19:00:00,,-20.76
2014-09-01 20:00:00,,-20.767
2014-09-01 21:00:00,,-20.778
2014-09-01 22:00:00,,-20.774
2014-09-01 23:00:00,,-20.776
2014-09-02 00:00:00,,-20.771
2014-09-02 01:00:00,,-20.783
2014-09-02 02:00:00,,-20.776
2014-09-02 03:00:00,,-20.775
2014-09-02 04:00:00,,-20.776
2014-09-02 05:00:00,,-20.78
2014-09-02 06:00:00,,-20.792
2014-09-02 07:00:00,,-20.791
2014-09-02 08:00:00,,-20.794
2014-09-02 09:00:00,,-20.802
2014-09-02 10:00:00,,-20.799
2014-09-02 11:00:00,,-20.796
2014-09-02 12:00:00,,-20.785
2014-09-02 13:00:00,,-20.781
2014-09-02 14:00:00,,-20.768
2014-09-02 15:00:00,,-20.763
2014-09-02 16:00:00,,-20.758
2014-09-02 17:00:00,,-20.763
2014-09-02 18:00:00,,-20.766
2014-09-02 19:00:00,,-20.764
2014-09-02 20:00:00,,-20.773
2014-09-02 21:00:00,,-20.779
2014-09-02 22:00:00,,-20.778
2014-09-02 23:00:00,,-20.782
2014-09-03 00:00:00,,-20.775
2014-09-03 01:00:00,,-20.772
2014-09-03 02:00:00,,-20.779
2014-09-03 03:00:00,,-20.779
2014-09-03 04:00:00,,-20.774
2014-09-03 05:00:00,,-20.783
2014-09-03 06:00:00,,-20.777
2014-09-03 07:00:00,,-20.783
2014-09-03 08:00:00,,-20.787
2014-09-03 09:00:00,,-20.794
2014-09-03 10:00:00,,-20.781
2014-09-03 11:00:00,,-20.784
2014-09-03 12:00:00,,-20.771
2014-09-03 13:00:00,,-20.758
2014-09-03 14:00:00,,-20.745
2014-09-03 15:00:00,,-20.743
2014-09-03 16:00:00,,-20.746
2014-09-03 17:00:00,,-20.746
2014-09-03 18:00:00,,-20.743
2014-09-03 19:00:00,,-20.745
2014-09-03 20:00:00,,-20.754
2014-09-03 21:00:00,,-20.76
2014-09-03 22:00:00,,-20.761
2014-09-03 23:00:00,,-20.755
2014-09-04 00:00:00,,-20.76
2014-09-04 01:00:00,,-20.764
2014-09-04 02:00:00,,-20.758
2014-09-04 03:00:00,,-20.758
2014-09-04 04:00:00,,-20.754
2014-09-04 05:00:00,,-20.762
2014-09-04 06:00:00,,-20.76
2014-09-04 07:00:00,,-20.756
2014-09-04 08:00:00,,-20.765
2014-09-04 09:00:00,,-20.772
2014-09-04 10:00:00,,-20.764
2014-09-04 11:00:00,,-20.758
2014-09-04 12:00:00,,-20.749
2014-09-04 13:00:00,,-20.743
2014-09-04 14:00:00,,-20.741
2014-09-04 15:00:00,,-20.731
2014-09-04 16:00:00,,-20.731
2014-09-04 17:00:00,,-20.741
2014-09-04 18:00:00,,-20.743
2014-09-04 19:00:00,,-20.75
2014-09-04 20:00:00,,-20.762
2014-09-04 21:00:00,,-20.757
2014-09-04 22:00:00,,-20.762
2014-09-04 23:00:00,,-20.768
2014-09-05 00:00:00,,-20.758
2014-09-05 01:00:00,,-20.773
2014-09-05 02:00:00,,-20.772
2014-09-05 03:00:00,,-20.76
2014-09-05 04:00:00,,-20.761
2014-09-05 05:00:00,,-20.772
2014-09-05 06:00:00,,-20.769
2014-09-05 07:00:00,,-20.771
2014-09-05 08:00:00,,-20.782
2014-09-05 09:00:00,,-20.78
2014-09-05 10:00:00,,-20.78
2014-09-05 11:00:00,,-20.78
2014-09-05 12:00:00,,-20.772
2014-09-05 13:00:00,,-20.769
2014-09-05 14:00:00,,-20.748
2014-09-05 15:00:00,,-20.742
2014-09-05 16:00:00,,-20.745
2014-09-05 17:00:00,,-20.754
2014-09-05 18:00:00,,-20.761
2014-09-05 19:00:00,,-20.762
2014-09-05 20:00:00,,-20.772
2014-09-05 21:00:00,,-20.785
2014-09-05 22:00:00,,-20.788
2014-09-05 23:00:00,,-20.78
2014-09-06 00:00:00,,-20.784
2014-09-06 01:00:00,,-20.772
2014-09-06 02:00:00,,-20.763
2014-09-06 03:00:00,,-20.76
2014-09-06 04:00:00,,-20.759
2014-09-06 05:00:00,,-20.763
2014-09-06 06:00:00,,-20.775
2014-09-06 07:00:00,,-20.778
2014-09-06 08:00:00,,-20.775
2014-09-06 09:00:00,,-20.783
2014-09-06 10:00:00,,-20.781
2014-09-06 11:00:00,,-20.78
2014-09-06 12:00:00,,-20.768
2014-09-06 13:00:00,,-20.771
2014-09-06 14:00:00,,-20.763
2014-09-06 15:00:00,,-20.75
2014-09-06 16:00:00,,-20.748
2014-09-06 17:00:00,,-20.748
2014-09-06 18:00:00,,-20.757
2014-09-06 19:00:00,,-20.768
2014-09-06 20:00:00,,-20.777
2014-09-06 21:00:00,,-20.771
2014-09-06 22:00:00,,-20.773
2014-09-06 23:00:00,,-20.785
2014-09-07 00:00:00,,-20.77
2014-09-07 01:00:00,,-20.78
2014-09-07 02:00:00,,-20.768
2014-09-07 03:00:00,,-20.765
2014-09-07 04:00:00,,-20.764
2014-09-07 05:00:00,,-20.767
2014-09-07 06:00:00,,-20.767
2014-09-07 07:00:00,,-20.772
2014-09-07 08:00:00,,-20.783
2014-09-07 09:00:00,,-20.793
2014-09-07 10:00:00,,-20.793
2014-09-07 11:00:00,,-20.776
2014-09-07 12:00:00,,-20.772
2014-09-07 13:00:00,,-20.762
2014-09-07 14:00:00,,-20.755
2014-09-07 15:00:00,,-20.747
2014-09-07 16:00:00,,-20.746
2014-09-07 17:00:00,,-20.752
2014-09-07 18:00:00,,-20.746
2014-09-07 19:00:00,,-20.764
2014-09-07 20:00:00,,-20.765
2014-09-07 21:00:00,,-20.775
2014-09-07 22:00:00,,-20.773
2014-09-07 23:00:00,,-20.771
2014-09-08 00:00:00,,-20.776
2014-09-08 01:00:00,,-20.766
2014-09-08 02:00:00,,-20.758
2014-09-08 03:00:00,,-20.758
2014-09-08 04:00:00,,-20.762
2014-09-08 05:00:00,,-20.76
2014-09-08 06:00:00,,-20.764
2014-09-08 07:00:00,,-20.777
2014-09-08 08:00:00,,-20.775
2014-09-08 09:00:00,,-20.784
2014-09-08 10:00:00,,-20.785
2014-09-08 11:00:00,,-20.774
2014-09-08 12:00:00,,-20.761
2014-09-08 13:00:00,,-20.758
2014-09-08 14:00:00,,-20.748
2014-09-08 15:00:00,,-20.746
2014-09-08 16:00:00,,-20.735
2014-09-08 17:00:00,,-20.73
2014-09-08 18:00:00,,-20.734
2014-09-08 19:00:00,,-20.745
2014-09-08 20:00:00,,-20.753
2014-09-08 21:00:00,,-20.756
2014-09-08 22:00:00,,-20.766
2014-09-08 23:00:00,,-20.768
2014-09-09 00:00:00,,-20.762
2014-09-09 01:00:00,,-20.771
2014-09-09 02:00:00,,-20.761
2014-09-09 03:00:00,,-20.754
2014-09-09 04:00:00,,-20.757
2014-09-09 05:00:00,,-20.758
2014-09-09 06:00:00,,-20.758
2014-09-09 07:00:00,,-20.758
2014-09-09 08:00:00,,-20.776
2014-09-09 09:00:00,,-20.77
2014-09-09 10:00:00,,-20.767
2014-09-09 11:00:00,,-20.777
2014-09-09 12:00:00,,-20.764
2014-09-09 13:00:00,,-20.765
2014-09-09 14:00:00,,-20.756
2014-09-09 15:00:00,,-20.755
2014-09-09 16:00:00,,-20.739
2014-09-09 17:00:00,,-20.744
2014-09-09 18:00:00,,-20.749
2014-09-09 19:00:00,,-20.756
2014-09-09 20:00:00,,-20.76
2014-09-09 21:00:00,,-20.777
2014-09-09 22:00:00,,-20.775
2014-09-09 23:00:00,,-20.773
2014-09-10 00:00:00,,-20.783
2014-09-10 01:00:00,,-20.773
2014-09-10 02:00:00,,-20.77
2014-09-10 03:00:00,,-20.774
2014-09-10 04:00:00,,-20.775
2014-09-10 05:00:00,,-20.765
2014-09-10 06:00:00,,-20.775
2014-09-10 07:00:00,,-20.787
2014-09-10 08:00:00,,-20.784
2014-09-10 09:00:00,,-20.792
2014-09-10 10:00:00,,-20.795
2014-09-10 11:00:00,,-20.791
2014-09-10 12:00:00,,-20.79
2014-09-10 13:00:00,,-20.769
2014-09-10 14:00:00,,-20.761
2014-09-10 15:00:00,,-20.757
2014-09-10 16:00:00,,-20.748
2014-09-10 17:00:00,,-20.746
2014-09-10 18:00:00,,-20.751
2014-09-10 19:00:00,,-20.768
2014-09-10 20:00:00,,-20.767
2014-09-10 21:00:00,,-20.773
2014-09-10 22:00:00,,-20.777
2014-09-10 23:00:00,,-20.774
2014-09-11 00:00:00,,-20.78
2014-09-11 01:00:00,,-20.771
2014-09-11 02:00:00,,-20.765
2014-09-11 03:00:00,,-20.766
2014-09-11 04:00:00,,-20.761
2014-09-11 05:00:00,,-20.761
2014-09-11 06:00:00,,-20.779
2014-09-11 07:00:00,,-20.785
2014-09-11 08:00:00,,-20.785
2014-09-11 09:00:00,,-20.788
2014-09-11 10:00:00,,-20.794
2014-09-11 11:00:00,,-20.795
2014-09-11 12:00:00,,-20.783
2014-09-11 13:00:00,,-20.768
2014-09-11 14:20:00,,-20.76
2014-09-11 14:21:00,,-20.76
2014-09-11 14:21:01,,NaN
2024-08-28 16:59:59,,NaN
2024-08-28 17:00:00,,-21.68
2024-08-28 18:00:00,,-21.68399157184998
2024-08-28 19:00:00,,-21.691983143699957
2024-08-28 20:00:00,,-21.694974715549936
2024-08-28 21:00:00,,-21.701966287399916
2024-08-28 22:00:00,,-21.703957859249897
2024-08-28 23:00:00,,-21.701949431099877
2024-08-29 00:00:00,,-21.699941002949853
2024-08-29 01:00:00,,-21.694932574799832
2024-08-29 02:00:00,,-21.68892414664981
2024-08-29 03:00:00,,-21.68591571849979
2024-08-29 04:00:00,,-21.68090729034977
2024-08-29 05:00:00,,-21.684898862199745
2024-08-29 06:00:00,,-21.687890434049724
2024-08-29 07:00:00,,-21.696882005899703
2024-08-29 08:00:00,,-21.700873577749686
2024-08-29 09:00:00,,-21.701865149599666
2024-08-29 10:00:00,,-21.702856721449642
2024-08-29 11:00:00,,-21.69784829329962
2024-08-29 12:00:00,,-21.6878398651496
2024-08-29 13:00:00,,-21.679831436999578
2024-08-29 14:00:00,,-21.668823008849557
2024-08-29 15:00:00,,-21.667814580699535
2024-08-29 16:00:00,,-21.664806152549513
2024-08-29 17:00:00,,-21.665797724399496
2024-08-29 18:00:00,,-21.665789296249475
2024-08-29 19:00:00,,-21.673780868099453
2024-08-29 20:00:00,,-21.68277243994943
2024-08-29 21:00:00,,-21.68876401179941
2024-08-29 22:00:00,,-21.690755583649388
2024-08-29 23:00:00,,-21.688747155499367
2024-08-30 00:00:00,,-21.686738727349347
2024-08-30 01:00:00,,-21.683730299199325
2024-08-30 02:00:00,,-21.6757218710493
2024-08-30 03:00:00,,-21.675713442899283
2024-08-30 04:00:00,,-21.669705014749265
2024-08-30 05:00:00,,-21.671696586599243
2024-08-30 06:00:00,,-21.67768815844922
2024-08-30 07:00:00,,-21.6826797302992
2024-08-30 08:00:00,,-21.68967130214918
2024-08-30 09:00:00,,-21.692662873999158
2024-08-30 10:00:00,,-21.687654445849134
2024-08-30 11:00:00,,-21.683646017699115
2024-08-30 12:00:00,,-21.673637589549095
2024-08-30 13:00:00,,-21.662629161399074
2024-08-30 14:00:00,,-21.659620733249053
2024-08-30 15:00:00,,-21.654612305099032
2024-08-30 16:00:00,,-21.65560387694901
2024-08-30 17:00:00,,-21.65459544879899
2024-08-30 18:00:00,,-21.661587020648966
2024-08-30 19:00:00,,-21.668578592498946
2024-08-30 20:00:00,,-21.673570164348924
2024-08-30 21:00:00,,-21.680561736198904
2024-08-30 22:00:00,,-21.683553308048886
2024-08-30 23:00:00,,-21.682544879898863
2024-08-31 00:00:00,,-21.683536451748843
2024-08-31 01:00:00,,-21.67552802359882
2024-08-31 02:00:00,,-21.6735195954488
2024-08-31 03:00:00,,-21.66951116729878
2024-08-31 04:00:00,,-21.668502739148757
2024-08-31 05:00:00,,-21.666494310998736
2024-08-31 06:00:00,,-21.67248588284871
2024-08-31 07:00:00,,-21.676477454698695
2024-08-31 08:00:00,,-21.682469026548674
2024-08-31 09:00:00,,-21.685460598398652
2024-08-31 10:00:00,,-21.686452170248632
2024-08-31 11:00:00,,-21.681443742098608
2024-08-31 12:00:00,,-21.670435313948587
2024-08-31 13:00:00,,-21.662426885798567
2024-08-31 14:00:00,,-21.656418457648545
2024-08-31 15:00:00,,-21.650410029498524
2024-08-31 16:00:00,,-21.647401601348502
2024-08-31 17:00:00,,-21.649393173198483
2024-08-31 18:00:00,,-21.654384745048464
2024-08-31 19:00:00,,-21.660376316898443
2024-08-31 20:00:00,,-21.669367888748422
2024-08-31 21:00:00,,-21.6763594605984
2024-08-31 22:00:00,,-21.680351032448378
2024-08-31 23:00:00,,-21.681342604298354
2024-09-01 00:00:00,,-21.680334176148335
2024-09-01 01:00:00,,-21.680325747998314
2024-09-01 02:00:00,,-21.677317319848296
2024-09-01 03:00:00,,-21.672308891698272
2024-09-01 04:00:00,,-21.66730046354825
2024-09-01 05:00:00,,-21.66829203539823
2024-09-01 06:00:00,,-21.672283607248207
2024-09-01 07:00:00,,-21.679275179098187
2024-09-01 08:00:00,,-21.680266750948167
2024-09-01 09:00:00,,-21.683258322798146
2024-09-01 10:00:00,,-21.685249894648123
2024-09-01 11:00:00,,-21.677241466498103
2024-09-01 12:00:00,,-21.672233038348082
2024-09-01 13:00:00,,-21.660224610198064
2024-09-01 14:00:00,,-21.65521618204804
2024-09-01 15:00:00,,-21.646207753898018
2024-09-01 16:00:00,,-21.642199325748
2024-09-01 17:00:00,,-21.647190897597977
2024-09-01 18:00:00,,-21.652182469447954
2024-09-01 19:00:00,,-21.657174041297935
2024-09-01 20:00:00,,-21.66116561314791
2024-09-01 21:00:00,,-21.669157184997896
2024-09-01 22:00:00,,-21.67214875684787
2024-09-01 23:00:00,,-21.674140328697852
2024-09-02 00:00:00,,-21.67213190054783
2024-09-02 01:00:00,,-21.66912347239781
2024-09-02 02:00:00,,-21.667115044247787
2024-09-02 03:00:00,,-21.660106616097767
2024-09-02 04:00:00,,-21.659098187947745
2024-09-02 05:00:00,,-21.661089759797722
2024-09-02 06:00:00,,-21.6670813316477
2024-09-02 07:00:00,,-21.672072903497682
2024-09-02 08:00:00,,-21.676064475347662
2024-09-02 09:00:00,,-21.67805604719764
2024-09-02 10:00:00,,-21.68304761904762
2024-09-02 11:00:00,,-21.675039190897596
2024-09-02 12:00:00,,-21.669030762747578
2024-09-02 13:00:00,,-21.660022334597556
2024-09-02 14:00:00,,-21.652013906447532
2024-09-02 15:00:00,,-21.647005478297512
2024-09-02 16:00:00,,-21.645997050147493
2024-09-02 17:00:00,,-21.643988621997472
2024-09-02 18:00:00,,-21.64898019384745
2024-09-02 19:00:00,,-21.65897176569743
2024-09-02 20:00:00,,-21.66796333754741
2024-09-02 21:00:00,,-21.673954909397388
2024-09-02 22:00:00,,-21.681946481247365
2024-09-02 23:00:00,,-21.677938053097343
2024-09-03 00:00:00,,-21.676929624947324
2024-09-03 01:00:00,,-21.6669211967973
2024-09-03 02:00:00,,-21.666912768647283
2024-09-03 03:00:00,,-21.66090434049726
2024-09-03 04:00:00,,-21.65289591234724
2024-09-03 05:00:00,,-21.651887484197218
2024-09-03 06:00:00,,-21.6598790560472
2024-09-03 07:00:00,,-21.661870627897176
2024-09-03 08:00:00,,-21.663862199747154
2024-09-03 09:00:00,,-21.665853771597135
2024-09-03 10:00:00,,-21.667845343447112
2024-09-03 11:00:00,,-21.663836915297093
2024-09-03 12:00:00,,-21.650828487147074
2024-09-03 13:00:00,,-21.64282005899705
2024-09-03 14:00:00,,-21.63281163084703
2024-09-03 15:00:00,,-21.62680320269701
2024-09-03 16:00:00,,-21.626794774546987
2024-09-03 17:00:00,,-21.625786346396964
2024-09-03 18:00:00,,-21.630777918246945
2024-09-03 19:00:00,,-21.638769490096923
2024-09-03 20:00:00,,-21.6437610619469
2024-09-03 21:00:00,,-21.652752633796883
2024-09-03 22:00:00,,-21.653744205646863
2024-09-03 23:00:00,,-21.65473577749684
2024-09-04 00:00:00,,-21.65572734934682
2024-09-04 01:00:00,,-21.651718921196796
2024-09-04 02:00:00,,-21.646710493046776
2024-09-04 03:00:00,,-21.641702064896755
2024-09-04 04:00:00,,-21.638693636746734
2024-09-04 05:00:00,,-21.638685208596712
2024-09-04 06:00:00,,-21.640676780446693
2024-09-04 07:00:00,,-21.64366835229667
2024-09-04 08:00:00,,-21.64665992414665
2024-09-04 09:00:00,,-21.64765149599663
2024-09-04 10:00:00,,-21.648643067846606
2024-09-04 11:00:00,,-21.645634639696585
2024-09-04 12:00:00,,-21.663626211546564
2024-09-04 13:00:00,,-21.683617783396542
2024-09-04 14:00:00,,-21.696609355246522
2024-09-04 15:00:00,,-21.7056009270965
2024-09-04 16:00:00,,-21.716592498946483
2024-09-04 17:00:00,,-21.72558407079646
2024-09-04 18:00:00,,-21.72057564264644
2024-09-04 19:00:00,,-21.69956721449642
2024-09-04 20:00:00,,-21.692558786346396
2024-09-04 21:00:00,,-21.684550358196375
2024-09-04 22:00:00,,-21.681541930046354
2024-09-04 23:00:00,,-21.67753350189633
2024-09-05 00:00:00,,-21.67152507374631
2024-09-05 01:00:00,,-21.665516645596295
2024-09-05 02:00:00,,-21.661508217446272
2024-09-05 03:00:00,,-21.65249978929625
2024-09-05 04:00:00,,-21.654491361146228
2024-09-05 05:00:00,,-21.65348293299621
2024-09-05 06:00:00,,-21.653474504846187
2024-09-05 07:00:00,,-21.657466076696164
2024-09-05 08:00:00,,-21.664457648546144
2024-09-05 09:00:00,,-21.66944922039612
2024-09-05 10:00:00,,-21.7014407922461
2024-09-05 11:00:00,,-21.723432364096084
2024-09-05 12:00:00,,-21.73542393594606
2024-09-05 13:00:00,,-21.73041550779604
2024-09-05 14:00:00,,-21.72940707964602
2024-09-05 15:00:00,,-21.728398651495997
2024-09-05 16:00:00,,-21.734390223345976
2024-09-05 17:00:00,,-21.740381795195955
2024-09-05 18:00:00,,-21.726373367045934
2024-09-05 19:00:00,,-21.711364938895912
2024-09-05 20:00:00,,-21.704356510745892
2024-09-05 21:00:00,,-21.70434808259587
2024-09-05 22:00:00,,-21.700339654445852
2024-09-05 23:00:00,,-21.695331226295828
2024-09-06 00:00:00,,-21.68832279814581
2024-09-06 01:00:00,,-21.685314369995787
2024-09-06 02:00:00,,-21.677305941845763
2024-09-06 03:00:00,,-21.675297513695742
2024-09-06 04:00:00,,-21.668289085545723
2024-09-06 05:00:00,,-21.6672806573957
2024-09-06 06:00:00,,-21.66627222924568
2024-09-06 07:00:00,,-21.66726380109566
2024-09-06 08:00:00,,-21.67625537294564
2024-09-06 09:00:00,,-21.689246944795617
2024-09-06 10:00:00,,-21.720238516645598
2024-09-06 11:00:00,,-21.743230088495576
2024-09-06 12:00:00,,-21.754221660345554
2024-09-06 13:00:00,,-21.75921323219553
2024-09-06 14:00:00,,-21.76220480404551
2024-09-06 15:00:00,,-21.763196375895493
2024-09-06 16:00:00,,-21.77118794774547
2024-09-06 17:00:00,,-21.77917951959545
2024-09-06 18:00:00,,-21.768171091445428
2024-09-06 19:00:00,,-21.747162663295406
2024-09-06 20:00:00,,-21.736154235145385
2024-09-06 21:00:00,,-21.728145806995364
2024-09-06 22:00:00,,-21.719137378845343
2024-09-06 23:00:00,,-21.711128950695322
2024-09-07 00:00:00,,-21.7001205225453
2024-09-07 01:00:00,,-21.691112094395283
2024-09-07 02:00:00,,-21.68710366624526
2024-09-07 03:00:00,,-21.68509523809524
2024-09-07 04:00:00,,-21.686086809945216
2024-09-07 05:00:00,,-21.683078381795195
2024-09-07 06:00:00,,-21.684069953645174
2024-09-07 07:00:00,,-21.690061525495153
2024-09-07 08:00:00,,-21.691053097345133
2024-09-07 09:00:00,,-21.69804466919511
2024-09-07 10:00:00,,-21.728036241045093
2024-09-07 11:00:00,,-21.749027812895072
2024-09-07 12:00:00,,-21.76201938474505
2024-09-07 13:00:00,,-21.765010956595027
2024-09-07 14:00:00,,-21.768002528445006
2024-09-07 15:00:00,,-21.768994100294986
2024-09-07 16:00:00,,-21.771985672144964
2024-09-07 17:00:00,,-21.76497724399494
2024-09-07 18:00:00,,-21.74496881584492
2024-09-07 19:00:00,,-21.7309603876949
2024-09-07 20:00:00,,-21.72395195954488
2024-09-07 21:00:00,,-21.71794353139486
2024-09-07 22:00:00,,-21.711935103244837
2024-09-07 23:00:00,,-21.704926675094818
2024-09-08 00:00:00,,-21.703918246944795
2024-09-08 01:00:00,,-21.699909818794776
2024-09-08 02:00:00,,-21.69190139064475
2024-09-08 03:00:00,,-21.68989296249473
2024-09-08 04:00:00,,-21.69088453434471
2024-09-08 05:00:00,,-21.687876106194693
2024-09-08 06:00:00,,-21.68686767804467
2024-09-08 07:00:00,,-21.69385924989465
2024-09-08 08:00:00,,-21.698850821744628
2024-09-08 09:00:00,,-21.695842393594607
2024-09-08 10:00:00,,-21.717833965444584
2024-09-08 11:00:00,,-21.738825537294563
2024-09-08 12:00:00,,-21.754817109144543
2024-09-08 13:00:00,,-21.76280868099452
2024-09-08 14:00:00,,-21.7688002528445
2024-09-08 15:00:00,,-21.77379182469448
2024-09-08 16:00:00,,-21.763783396544458
2024-09-08 17:00:00,,-21.74877496839444
2024-09-08 18:00:00,,-21.732766540244416
2024-09-08 19:00:00,,-21.727758112094396
2024-09-08 20:00:00,,-21.722749683944375
2024-09-08 21:00:00,,-21.716741255794354
2024-09-08 22:00:00,,-21.70973282764433
2024-09-08 23:00:00,,-21.705724399494308
2024-09-09 00:00:00,,-21.695715971344292
2024-09-09 01:00:00,,-21.68970754319427
2024-09-09 02:00:00,,-21.68469911504425
2024-09-09 03:00:00,,-21.682690686894226
2024-09-09 04:00:00,,-21.678682258744207
2024-09-09 05:00:00,,-21.683673830594184
2024-09-09 06:00:00,,-21.684665402444164
2024-09-09 07:00:00,,-21.687656974294143
2024-09-09 08:00:00,,-21.69664854614412
2024-09-09 09:00:00,,-21.6986401179941
2024-09-09 10:00:00,,-21.71363168984408
2024-09-09 11:00:00,,-21.73562326169406
2024-09-09 12:00:00,,-21.74861483354404
2024-09-09 13:00:00,,-21.758606405394016
2024-09-09 14:00:00,,-21.766597977243993
2024-09-09 15:00:00,,-21.773589549093973
2024-09-09 16:00:00,,-21.776581120943952
2024-09-09 17:00:00,,-21.76757269279393
2024-09-09 18:00:00,,-21.75356426464391
2024-09-09 19:00:00,,-21.74355583649389
2024-09-09 20:00:00,,-21.73354740834387
2024-09-09 21:00:00,,-21.73153898019385
2024-09-09 22:00:00,,-21.726530552043826
2024-09-09 23:00:00,,-21.717522123893804
2024-09-10 00:00:00,,-21.711513695743783
2024-09-10 01:00:00,,-21.707505267593763
2024-09-10 02:00:00,,-21.699496839443743
2024-09-10 03:00:00,,-21.69748841129372
2024-09-10 04:00:00,,-21.694479983143697
2024-09-10 05:00:00,,-21.69047155499368
2024-09-10 06:00:00,,-21.69346312684366
2024-09-10 07:00:00,,-21.694454698693637
2024-09-10 08:00:00,,-21.697446270543615
2024-09-10 09:00:00,,-21.707437842393595
2024-09-10 10:00:00,,-21.735429414243573
2024-09-10 11:00:00,,-21.75542098609355
2024-09-10 12:00:00,,-21.76941255794353
2024-09-10 13:00:00,,-21.77940412979351
2024-09-10 14:00:00,,-21.78139570164349
2024-09-10 15:00:00,,-21.78538727349347
2024-09-10 16:00:00,,-21.78637884534345
2024-09-10 17:00:00,,-21.791370417193427
2024-09-10 18:00:00,,-21.784361989043404
2024-09-10 19:00:00,,-21.764353560893383
2024-09-10 20:00:00,,-21.754345132743364
2024-09-10 21:00:00,,-21.748336704593342
2024-09-10 22:00:00,,-21.740328276443318
2024-09-10 23:00:00,,-21.734319848293296
2024-09-11 00:00:00,,-21.72931142014328
2024-09-11 01:00:00,,-21.72230299199326
2024-09-11 02:00:00,,-21.715294563843237
2024-09-11 03:00:00,,-21.711286135693214
2024-09-11 04:00:00,,-21.708277707543193
2024-09-11 05:00:00,,-21.709269279393173
2024-09-11 06:00:00,,-21.71226085124315
2024-09-11 07:00:00,,-21.71625242309313
2024-09-11 08:00:00,,-21.717243994943107
2024-09-11 09:00:00,,-21.725235566793092
2024-09-11 10:00:00,,-21.75722713864307
2024-09-11 11:00:00,,-21.77421871049305
2024-09-11 12:00:00,,-21.789210282343028
2024-09-11 13:00:00,,-21.792201854193006
2024-09-11 14:00:00,,-21.794193426042984
2024-09-11 15:00:00,,-21.79618499789296
2024-09-11 16:00:00,,-21.78717656974294
2024-09-11 17:00:00,,-21.78516814159292
2024-09-11 18:00:00,,-21.7801597134429
2024-09-11 19:00:00,,-21.76415128529288
2024-09-11 20:00:00,,-21.75414285714286
2024-09-11 21:00:00,,-21.748134428992838
2024-09-11 22:00:00,,-21.745126000842816
2024-09-11 23:00:00,,-21.742117572692795
2024-09-12 00:00:00,,-21.74010914454277
2024-09-12 01:00:00,,-21.73510071639275
2024-09-12 02:00:00,,-21.73609228824273
2024-09-12 03:00:00,,-21.72808386009271
2024-09-12 04:00:00,,-21.72307543194269
2024-09-12 05:00:00,,-21.72106700379267
2024-09-12 06:00:00,,-21.721058575642648
2024-09-12 07:00:00,,-21.725050147492627
2024-09-12 08:00:00,,-21.727041719342605
2024-09-12 09:00:00,,-21.736033291192584
2024-09-12 10:00:00,,-21.76602486304256
2024-09-12 11:00:00,,-21.78601643489254
2024-09-12 12:00:00,,-21.79900800674252
2024-09-12 13:00:00,,-21.806999578592496
2024-09-12 14:00:00,,-21.80799115044248
2024-09-12 15:00:00,,-21.806982722292457
2024-09-12 16:00:00,,-21.809974294142435
2024-09-12 17:00:00,,-21.817965865992416
2024-09-12 18:00:00,,-21.810957437842394
2024-09-12 19:00:00,,-21.787949009692372
2024-09-12 20:00:00,,-21.78394058154235
2024-09-12 21:00:00,,-21.77293215339233
2024-09-12 22:00:00,,-21.763923725242307
2024-09-12 23:00:00,,-21.75591529709229
2024-09-13 00:00:00,,-21.74690686894227
2024-09-13 01:00:00,,-21.736898440792245
2024-09-13 02:00:00,,-21.727890012642227
2024-09-13 03:00:00,,-21.725881584492203
2024-09-13 04:00:00,,-21.724873156342184
2024-09-13 05:00:00,,-21.72386472819216
2024-09-13 06:00:00,,-21.72785630004214
2024-09-13 07:00:00,,-21.728847871892118
2024-09-13 08:00:00,,-21.728839443742096
2024-09-13 09:00:00,,-21.73883101559208
2024-09-13 10:00:00,,-21.766822587442057
2024-09-13 11:00:00,,-21.784814159292036
2024-09-13 12:00:00,,-21.797805731142013
2024-09-13 13:00:00,,-21.79779730299199
2024-09-13 14:00:00,,-21.799788874841973
2024-09-13 15:00:00,,-21.80378044669195
2024-09-13 16:00:00,,-21.81077201854193
2024-09-13 17:00:00,,-21.815763590391906
2024-09-13 18:00:00,,-21.80775516224189
2024-09-13 19:00:00,,-21.79074673409187
2024-09-13 20:00:00,,-21.779738305941848
2024-09-13 21:00:00,,-21.772729877791825
2024-09-13 22:00:00,,-21.765721449641802
2024-09-13 23:00:00,,-21.756713021491784
2024-09-14 00:00:00,,-21.74570459334176
2024-09-14 01:00:00,,-21.74069616519174
2024-09-14 02:00:00,,-21.733687737041716
2024-09-14 03:00:00,,-21.726679308891697
2024-09-14 04:00:00,,-21.725670880741678
2024-09-14 05:00:00,,-21.725662452591656
2024-09-14 06:00:00,,-21.724654024441637
2024-09-14 07:00:00,,-21.724645596291616
2024-09-14 08:00:00,,-21.728637168141592
2024-09-14 09:00:00,,-21.73762873999157
2024-09-14 10:00:00,,-21.76562031184155
2024-09-14 11:00:00,,-21.78861188369153
2024-09-14 12:00:00,,-21.799603455541508
2024-09-14 13:00:00,,-21.80559502739149
2024-09-14 14:00:00,,-21.80858659924147
2024-09-14 15:00:00,,-21.811578171091448
2024-09-14 16:00:00,,-21.816569742941425
2024-09-14 17:00:00,,-21.820561314791405
2024-09-14 18:00:00,,-21.810552886641382
2024-09-14 19:00:00,,-21.79354445849136
2024-09-14 20:00:00,,-21.78753603034134
2024-09-14 21:00:00,,-21.780527602191317
2024-09-14 22:00:00,,-21.771519174041295
2024-09-14 23:00:00,,-21.762510745891277
2024-09-15 00:00:00,,-21.755502317741257
2024-09-15 01:00:00,,-21.746493889591235
2024-09-15 02:00:00,,-21.739485461441213
2024-09-15 03:00:00,,-21.73647703329119
2024-09-15 04:00:00,,-21.73346860514117
2024-09-15 05:00:00,,-21.733460176991148
2024-09-15 06:00:00,,-21.736451748841127
2024-09-15 07:00:00,,-21.741443320691108
2024-09-15 08:00:00,,-21.74143489254109
2024-09-15 09:00:00,,-21.75342646439107
2024-09-15 10:00:00,,-21.781418036241046
2024-09-15 11:00:00,,-21.804409608091024
2024-09-15 12:00:00,,-21.816401179941003
2024-09-15 13:00:00,,-21.823392751790983
2024-09-15 14:00:00,,-21.82738432364096
2024-09-15 15:00:00,,-21.82737589549094
2024-09-15 16:00:00,,-21.831367467340918
2024-09-15 17:00:00,,-21.837359039190897
2024-09-15 18:00:00,,-21.824350611040877
2024-09-15 19:00:00,,-21.809342182890855
2024-09-15 20:00:00,,-21.797333754740833
2024-09-15 21:00:00,,-21.790325326590814
2024-09-15 22:00:00,,-21.78631689844079
2024-09-15 23:00:00,,-21.78030847029077
2024-09-16 00:00:00,,-21.771300042140748
2024-09-16 01:00:00,,-21.763291613990727
2024-09-16 02:00:00,,-21.757283185840706
2024-09-16 03:00:00,,-21.754274757690688
2024-09-16 04:00:00,,-21.748266329540666
2024-09-16 05:00:00,,-21.750257901390647
2024-09-16 06:00:00,,-21.751249473240623
2024-09-16 07:00:00,,-21.752241045090603
2024-09-16 08:00:00,,-21.756232616940583
2024-09-16 09:00:00,,-21.765224188790558
2024-09-16 10:00:00,,-21.797215760640537
2024-09-16 11:00:00,,-21.816207332490517
2024-09-16 12:00:00,,-21.834198904340496
2024-09-16 13:00:00,,-21.838190476190476
2024-09-16 14:00:00,,-21.841182048040455
2024-09-16 15:00:00,,-21.839173619890435
2024-09-16 16:00:00,,-21.838165191740412
2024-09-16 17:00:00,,-21.820156763590393
2024-09-16 18:00:00,,-21.80714833544037
2024-09-16 19:00:00,,-21.79513990729035
2024-09-16 20:00:00,,-21.790131479140328
2024-09-16 21:00:00,,-21.786123050990305
2024-09-16 22:00:00,,-21.783114622840287
2024-09-16 23:00:00,,-21.778106194690267
2024-09-17 00:00:00,,-21.772097766540245
2024-09-17 01:00:00,,-21.762089338390222
2024-09-17 02:00:00,,-21.750080910240204
2024-09-17 03:00:00,,-21.74507248209018
2024-09-17 04:00:00,,-21.74306405394016
2024-09-17 05:00:00,,-21.742055625790137
2024-09-17 06:00:00,,-21.745047197640115
2024-09-17 07:00:00,,-21.747038769490096
2024-09-17 08:00:00,,-21.75303034134008
2024-09-17 09:00:00,,-21.754021913190055
2024-09-17 10:00:00,,-21.770013485040035
2024-09-17 11:00:00,,-21.787005056890013
2024-09-17 12:00:00,,-21.807996628739993
2024-09-17 13:00:00,,-21.81898820058997
2024-09-17 14:00:00,,-21.820979772439948
2024-09-17 15:00:00,,-21.831971344289926
2024-09-17 16:00:00,,-21.828962916139904
2024-09-17 17:00:00,,-21.83095448798989
2024-09-17 18:00:00,,-21.812946059839867
2024-09-17 19:00:00,,-21.799937631689843
2024-09-17 20:00:00,,-21.789929203539824
2024-09-17 21:00:00,,-21.786920775389802
2024-09-17 22:00:00,,-21.78091234723978
2024-09-17 23:00:00,,-21.776903919089758
2024-09-18 00:00:00,,-21.768895490939737
2024-09-18 01:00:00,,-21.764887062789715
2024-09-18 02:00:00,,-21.756878634639694
2024-09-18 03:00:00,,-21.746870206489678
2024-09-18 04:00:00,,-21.738861778339654
2024-09-18 05:00:00,,-21.740853350189635
2024-09-18 06:00:00,,-21.746844922039614
2024-09-18 07:00:00,,-21.74783649388959
2024-09-18 08:00:00,,-21.74882806573957
2024-09-18 09:00:00,,-21.76381963758955
2024-09-18 10:00:00,,-21.794811209439526
2024-09-18 11:00:00,,-21.817802781289505
2024-09-18 12:00:00,,-21.826794353139487
2024-09-18 13:00:00,,-21.829785924989466
2024-09-18 14:00:00,,-21.832777496839444
2024-09-18 15:00:00,,-21.833769068689424
2024-09-18 16:00:00,,-21.8357606405394
2024-09-18 17:00:00,,-21.84075221238938
2024-09-18 18:00:00,,-21.825743784239357
2024-09-18 19:00:00,,-21.809735356089337
2024-09-18 20:00:00,,-21.799726927939314
2024-09-18 21:00:00,,-21.794718499789294
2024-09-18 22:00:00,,-21.792710071639277
2024-09-18 23:00:00,,-21.785701643489254
2024-09-19 00:00:00,,-21.779693215339233
2024-09-19 01:00:00,,-21.77068478718921
2024-09-19 02:00:00,,-21.76367635903919
2024-09-19 03:00:00,,-21.75866793088917
2024-09-19 04:00:00,,-21.750659502739147
2024-09-19 05:00:00,,-21.752651074589128
2024-09-19 06:00:00,,-21.753642646439104
2024-09-19 07:00:00,,-21.756634218289086
2024-09-19 08:00:00,,-21.763625790139066
2024-09-19 09:00:00,,-21.772617361989045
2024-09-19 10:00:00,,-21.804608933839024
2024-09-19 11:00:00,,-21.828600505689
2024-09-19 12:00:00,,-21.83959207753898
2024-09-19 13:00:00,,-21.84258364938896
2024-09-19 14:00:00,,-21.847575221238937
2024-09-19 15:00:00,,-21.848566793088917
2024-09-19 16:00:00,,-21.849558364938893
2024-09-19 17:00:00,,-21.849549936788875
2024-09-19 18:00:00,,-21.834541508638853
2024-09-19 19:00:00,,-21.817533080488833
2024-09-19 20:00:00,,-21.80552465233881
2024-09-19 21:00:00,,-21.80151622418879
2024-09-19 22:00:00,,-21.79250779603877
2024-09-19 23:00:00,,-21.786499367888748
2024-09-20 00:00:00,,-21.785490939738725
2024-09-20 01:00:00,,-21.776482511588704
2024-09-20 02:00:00,,-21.773474083438686
2024-09-20 03:00:00,,-21.764465655288664
2024-09-20 04:00:00,,-21.762457227138643
2024-09-20 05:00:00,,-21.760448798988623
2024-09-20 06:00:00,,-21.7624403708386
2024-09-20 07:00:00,,-21.76643194268858
2024-09-20 08:00:00,,-21.76642351453856
2024-09-20 09:00:00,,-21.779415086388536
2024-09-20 10:00:00,,-21.812406658238515
2024-09-20 11:00:00,,-21.832398230088494
2024-09-20 12:00:00,,-21.846389801938475
2024-09-20 13:00:00,,-21.851381373788456
2024-09-20 14:00:00,,-21.849372945638432
2024-09-20 15:00:00,,-21.847364517488412
2024-09-20 16:00:00,,-21.85235608933839
2024-09-20 17:00:00,,-21.85034766118837
2024-09-20 18:00:00,,-21.83933923303835
2024-09-20 19:00:00,,-21.822330804888328
2024-09-20 20:00:00,,-21.811322376738303
2024-09-20 21:00:00,,-21.805313948588285
2024-09-20 22:00:00,,-21.798305520438266
2024-09-20 23:00:00,,-21.793297092288242
2024-09-21 00:00:00,,-21.786288664138223
2024-09-21 01:00:00,,-21.7822802359882
2024-09-21 02:00:00,,-21.773271807838178
2024-09-21 03:00:00,,-21.767263379688156
2024-09-21 04:00:00,,-21.767254951538135
2024-09-21 05:00:00,,-21.769246523388116
2024-09-21 06:00:00,,-21.768238095238093
2024-09-21 07:00:00,,-21.770229667088074
2024-09-21 08:00:00,,-21.774221238938054
2024-09-21 09:00:00,,-21.783212810788033
2024-09-21 10:00:00,,-21.807204382638012
2024-09-21 11:00:00,,-21.83119595448799
2024-09-21 12:00:00,,-21.843187526337967
2024-09-21 13:00:00,,-21.844179098187947
2024-09-21 14:00:00,,-21.847170670037926
2024-09-21 15:00:00,,-21.849162241887903
2024-09-21 16:00:00,,-21.829153813737886
2024-09-21 17:00:00,,-21.813145385587866
2024-09-21 18:00:00,,-21.801136957437844
2024-09-21 19:00:00,,-21.792128529287822
2024-09-21 20:00:00,,-21.7911201011378
2024-09-21 21:00:00,,-21.78911167298778
2024-09-21 22:00:00,,-21.788103244837757
2024-09-21 23:00:00,,-21.784094816687738
2024-09-22 00:00:00,,-21.779086388537714
2024-09-22 01:00:00,,-21.771077960387693
2024-09-22 02:00:00,,-21.768069532237675
2024-09-22 03:00:00,,-21.770061104087652
2024-09-22 04:00:00,,-21.771052675937632
2024-09-22 05:00:00,,-21.772044247787612
2024-09-22 06:00:00,,-21.77603581963759
2024-09-22 07:00:00,,-21.777027391487568
2024-09-22 08:00:00,,-21.779018963337546
2024-09-22 09:00:00,,-21.787010535187527
2024-09-22 10:00:00,,-21.822002107037505
2024-09-22 11:00:00,,-21.841993678887487
2024-09-22 12:00:00,,-21.849985250737465
2024-09-22 13:00:00,,-21.851976822587442
2024-09-22 14:00:00,,-21.855968394437422
2024-09-22 15:00:00,,-21.8499599662874
2024-09-22 16:00:00,,-21.84695153813738
2024-09-22 17:00:00,,-21.849943109987358
2024-09-22 18:00:00,,-21.841934681837337
2024-09-22 19:00:00,,-21.823926253687315
2024-09-22 20:00:00,,-21.815917825537294
2024-09-22 21:00:00,,-21.805909397387275
2024-09-22 22:00:00,,-21.801900969237252
2024-09-22 23:00:00,,-21.79089254108723
2024-09-23 00:00:00,,-21.78188411293721
2024-09-23 01:00:00,,-21.77787568478719
2024-09-23 02:00:00,,-21.76886725663717
2024-09-23 03:00:00,,-21.769858828487145
2024-09-23 04:00:00,,-21.769850400337123
2024-09-23 05:00:00,,-21.772841972187102
2024-09-23 06:00:00,,-21.776833544037085
2024-09-23 07:00:00,,-21.779825115887064
2024-09-23 08:00:00,,-21.776816687737043
2024-09-23 09:00:00,,-21.78180825958702
2024-09-23 10:00:00,,-21.782799831437
2024-09-23 11:00:00,,-21.773791403286978
2024-09-23 12:00:00,,-21.78378297513696
2024-09-23 13:00:00,,-21.781774546986934
2024-09-23 14:00:00,,-21.786766118836915
2024-09-23 15:00:00,,-21.796757690686892
2024-09-23 16:00:00,,-21.805749262536875
2024-09-23 17:00:00,,-21.796740834386853
2024-09-23 18:00:00,,-21.786732406236833
2024-09-23 19:00:00,,-21.78872397808681
2024-09-23 20:00:00,,-21.78371554993679
2024-09-23 21:00:00,,-21.77470712178677
2024-09-23 22:00:00,,-21.769698693636744
2024-09-23 23:00:00,,-21.765690265486725
2024-09-24 00:00:00,,-21.7606818373367
2024-09-24 01:00:00,,-21.754673409186687
2024-09-24 02:00:00,,-21.754664981036665
2024-09-24 03:00:00,,-21.744656552886642
2024-09-24 04:00:00,,-21.75264812473662
2024-09-24 05:00:00,,-21.7566396965866
2024-09-24 06:00:00,,-21.764631268436577
2024-09-24 07:00:00,,-21.773622840286556
2024-09-24 08:00:00,,-21.778614412136534
2024-09-24 09:00:00,,-21.766605983986512
2024-09-24 10:00:00,,-21.765597555836493
2024-09-24 11:00:00,,-21.772589127686473
2024-09-24 12:00:00,,-21.761580699536452
2024-09-24 13:00:00,,-21.754572271386433
2024-09-24 14:00:00,,-21.75556384323641
2024-09-24 15:00:00,,-21.77355541508639
2024-09-24 16:00:00,,-21.790546986936366
2024-09-24 17:00:00,,-21.795538558786344
2024-09-24 18:00:00,,-21.785530130636324
2024-09-24 19:00:00,,-21.776521702486303
2024-09-24 20:00:00,,-21.774513274336286
2024-09-24 21:00:00,,-21.769504846186262
2024-09-24 22:00:00,,-21.76949641803624
2024-09-24 23:00:00,,-21.76548798988622
2024-09-25 00:00:00,,-21.7594795617362
2024-09-25 01:00:00,,-21.750471133586178
2024-09-25 02:00:00,,-21.749462705436155
2024-09-25 03:00:00,,-21.743454277286133
2024-09-25 04:00:00,,-21.745445849136114
2024-09-25 05:00:00,,-21.74643742098609
2024-09-25 06:00:00,,-21.746428992836073
2024-09-25 07:00:00,,-21.751420564686054
2024-09-25 08:00:00,,-21.76141213653603
2024-09-25 09:00:00,,-21.76140370838601
2024-09-25 10:00:00,,-21.76839528023599
2024-09-25 11:00:00,,-21.783386852085968
2024-09-25 12:00:00,,-21.790378423935945
2024-09-25 13:00:00,,-21.797369995785925
2024-09-25 14:00:00,,-21.802361567635902
2024-09-25 15:00:00,,-21.804353139485883
2024-09-25 16:00:00,,-21.79834471133586
2024-09-25 17:00:00,,-21.789336283185843
2024-09-25 18:00:00,,-21.789327855035822
2024-09-25 19:00:00,,-21.787319426885798
2024-09-25 20:00:00,,-21.782310998735777
2024-09-25 21:00:00,,-21.783302570585757
2024-09-25 22:00:00,,-21.778294142435733
2024-09-25 23:00:00,,-21.774285714285714
2024-09-26 00:00:00,,-21.77227728613569
2024-09-26 01:00:00,,-21.765268857985674
2024-09-26 02:00:00,,-21.76326042983565
2024-09-26 03:00:00,,-21.76025200168563
2024-09-26 04:00:00,,-21.763243573535608
2024-09-26 05:00:00,,-21.763235145385586
2024-09-26 06:00:00,,-21.766226717235565
2024-09-26 07:00:00,,-21.767218289085545
2024-09-26 08:00:00,,-21.771209860935524
2024-09-26 09:00:00,,-21.783201432785503
2024-09-26 10:00:00,,-21.811193004635484
2024-09-26 11:00:00,,-21.826184576485463
2024-09-26 12:00:00,,-21.83917614833544
2024-09-26 13:00:00,,-21.84216772018542
2024-09-26 14:00:00,,-21.8441592920354
2024-09-26 15:00:00,,-21.845150863885376
2024-09-26 16:00:00,,-21.850142435735357
2024-09-26 17:00:00,,-21.851134007585333
2024-09-26 18:00:00,,-21.83912557943531
2024-09-26 19:00:00,,-21.823117151285295
2024-09-26 20:00:00,,-21.817108723135274
2024-09-26 21:00:00,,-21.808100294985252
2024-09-26 22:00:00,,-21.80409186683523
2024-09-26 23:00:00,,-21.79608343868521
2024-09-27 00:00:00,,-21.788075010535188
2024-09-27 01:00:00,,-21.776066582385166
2024-09-27 02:00:00,,-21.768058154235145
2024-09-27 03:00:00,,-21.764049726085123
2024-09-27 04:00:00,,-21.762041297935102
2024-09-27 05:00:00,,-21.763032869785082
2024-09-27 06:00:00,,-21.762024441635063
2024-09-27 07:00:00,,-21.76701601348504
2024-09-27 08:00:00,,-21.77300758533502
2024-09-27 09:00:00,,-21.785999157185
2024-09-27 10:00:00,,-21.811990729034978
2024-09-27 11:00:00,,-21.831982300884956
2024-09-27 12:00:00,,-21.839973872734934
2024-09-27 13:00:00,,-21.843965444584914
2024-09-27 14:00:00,,-21.846957016434896
2024-09-27 15:00:00,,-21.848948588284873
2024-09-27 16:00:00,,-21.85094016013485
2024-09-27 17:00:00,,-21.85393173198483
2024-09-27 18:00:00,,-21.84392330383481
2024-09-27 19:00:00,,-21.827914875684787
2024-09-27 20:00:00,,-21.819906447534766
2024-09-27 21:00:00,,-21.812898019384743
2024-09-27 22:00:00,,-21.80388959123472
2024-09-27 23:00:00,,-21.7978811630847
2024-09-28 00:00:00,,-21.789872734934683
2024-09-28 01:00:00,,-21.778864306784662
2024-09-28 02:00:00,,-21.77085587863464
2024-09-28 03:00:00,,-21.76684745048462
2024-09-28 04:00:00,,-21.763839022334597
2024-09-28 05:00:00,,-21.764830594184577
2024-09-28 06:00:00,,-21.768822166034553
2024-09-28 07:00:00,,-21.773813737884534
2024-09-28 08:00:00,,-21.776805309734513
2024-09-28 09:00:00,,-21.786796881584493
2024-09-28 10:00:00,,-21.81278845343447
2024-09-28 11:00:00,,-21.83278002528445
2024-09-28 12:00:00,,-21.84077159713443
2024-09-28 13:00:00,,-21.844763168984407
2024-09-28 14:00:00,,-21.845754740834387
2024-09-28 15:00:00,,-21.845746312684366
2024-09-28 16:00:00,,-21.850737884534343
2024-09-28 17:00:00,,-21.852729456384324
2024-09-28 18:00:00,,-21.8337210282343
2024-09-28 19:00:00,,-21.818712600084282
2024-09-28 20:00:00,,-21.81270417193426
2024-09-28 21:00:00,,-21.80869574378424
2024-09-28 22:00:00,,-21.806687315634218
2024-09-28 23:00:00,,-21.798678887484197
2024-09-29 00:00:00,,-21.789670459334175
2024-09-29 01:00:00,,-21.780662031184153
2024-09-29 02:00:00,,-21.773653603034134
2024-09-29 03:00:00,,-21.770645174884113
2024-09-29 04:00:00,,-21.766636746734093
2024-09-29 05:00:00,,-21.767628318584073
2024-09-29 06:00:00,,-21.776619890434052
2024-09-29 07:00:00,,-21.78161146228403
2024-09-29 08:00:00,,-21.78560303413401
2024-09-29 09:00:00,,-21.796594605983987
2024-09-29 10:00:00,,-21.822586177833966
2024-09-29 11:00:00,,-21.842577749683944
2024-09-29 12:00:00,,-21.852569321533924
2024-09-29 13:00:00,,-21.8535608933839
2024-09-29 14:00:00,,-21.856552465233882
2024-09-29 15:00:00,,-21.843544037083863
2024-09-29 16:00:00,,-21.84853560893384
2024-09-29 17:00:00,,-21.84252718078382
2024-09-29 18:00:00,,-21.827518752633797
2024-09-29 19:00:00,,-21.833510324483775
2024-09-29 20:00:00,,-21.820501896333756
2024-09-29 21:00:00,,-21.817493468183734
2024-09-29 22:00:00,,-21.80948504003371
2024-09-29 23:00:00,,-21.806476611883692
2024-09-30 00:00:00,,-21.796468183733673
2024-09-30 01:00:00,,-21.79145975558365
2024-09-30 02:00:00,,-21.78245132743363
2024-09-30 03:00:00,,-21.774442899283606
2024-09-30 04:00:00,,-21.772434471133586
2024-09-30 05:00:00,,-21.770426042983566
2024-09-30 06:00:00,,-21.775417614833543
2024-09-30 07:00:00,,-21.781409186683522
2024-09-30 08:00:00,,-21.7864007585335
2024-09-30 09:00:00,,-21.795392330383482
2024-09-30 10:00:00,,-21.82938390223346
2024-09-30 11:00:00,,-21.84737547408344
2024-09-30 12:00:00,,-21.85436704593342
2024-09-30 13:00:00,,-21.857358617783397
2024-09-30 14:00:00,,-21.861350189633374
2024-09-30 15:00:00,,-21.862341761483354
2024-09-30 16:00:00,,-21.86133333333333
2024-09-30 17:00:00,,-21.863324905183312
2024-09-30 18:00:00,,-21.852316477033295
2024-09-30 19:00:00,,-21.83530804888327
2024-09-30 20:00:00,,-21.82529962073325
2024-09-30 21:00:00,,-21.82529119258323
2024-09-30 22:00:00,,-21.82028276443321
2024-09-30 23:00:00,,-21.811274336283187
2024-10-01 00:00:00,,-21.798265908133164
2024-10-01 01:00:00,,-21.788257479983145
2024-10-01 02:00:00,,-21.782249051833123
2024-10-01 03:00:00,,-21.7742406236831
2024-10-01 04:00:00,,-21.775232195533082
2024-10-01 05:00:00,,-21.77422376738306
2024-10-01 06:00:00,,-21.780215339233038
2024-10-01 07:00:00,,-21.786206911083017
2024-10-01 08:00:00,,-21.790198482932997
2024-10-01 09:00:00,,-21.795190054782974
2024-10-01 10:00:00,,-21.819181626632954
2024-10-01 11:00:00,,-21.84117319848293
2024-10-01 12:00:00,,-21.85316477033291
2024-10-01 13:00:00,,-21.859156342182892
2024-10-01 14:00:00,,-21.85814791403287
2024-10-01 15:00:00,,-21.85713948588285
2024-10-01 16:00:00,,-21.859131057732828
2024-10-01 17:00:00,,-21.855122629582805
2024-10-01 18:00:00,,-21.825114201432786
2024-10-01 19:00:00,,-21.821105773282763
2024-10-01 20:00:00,,-21.816097345132743
2024-10-01 21:00:00,,-21.814088916982723
2024-10-01 22:00:00,,-21.8100804888327
2024-10-01 23:00:00,,-21.80407206068268
2024-10-02 00:00:00,,-21.79906363253266
2024-10-02 01:00:00,,-21.79005520438264
2024-10-02 02:00:00,,-21.784046776232618
2024-10-02 03:00:00,,-21.779038348082597
2024-10-02 04:00:00,,-21.776029919932576
2024-10-02 05:00:00,,-21.775021491782553
2024-10-02 06:00:00,,-21.77801306363253
2024-10-02 07:00:00,,-21.78200463548251
2024-10-02 08:00:00,,-21.783996207332493
2024-10-02 09:00:00,,-21.79398777918247
2024-10-02 10:00:00,,-21.825979351032448
2024-10-02 11:00:00,,-21.843970922882427
2024-10-02 12:00:00,,-21.853962494732407
2024-10-02 13:00:00,,-21.856954066582386
2024-10-02 14:00:00,,-21.857945638432362
2024-10-02 15:00:00,,-21.858937210282342
2024-10-02 16:00:00,,-21.86192878213232
2024-10-02 17:00:00,,-21.8649203539823
2024-10-02 18:00:00,,-21.85291192583228
2024-10-02 19:00:00,,-21.83890349768226
2024-10-02 20:00:00,,-21.826895069532238
2024-10-02 21:00:00,,-21.822886641382215
2024-10-02 22:00:00,,-21.817878213232195
2024-10-02 23:00:00,,-21.810869785082176
2024-10-03 00:00:00,,-21.801861356932154
2024-10-03 01:00:00,,-21.79385292878213
2024-10-03 02:00:00,,-21.790844500632108
2024-10-03 03:00:00,,-21.781836072482093
2024-10-03 04:00:00,,-21.77782764433207
2024-10-03 05:00:00,,-21.77581921618205
2024-10-03 06:00:00,,-21.777810788032028
2024-10-03 07:00:00,,-21.785802359882005
2024-10-03 08:00:00,,-21.790793931731983
2024-10-03 09:00:00,,-21.802785503581962
2024-10-03 10:00:00,,-21.82977707543194
2024-10-03 11:00:00,,-21.84676864728192
2024-10-03 12:00:00,,-21.8587602191319
2024-10-03 13:00:00,,-21.862751790981882
2024-10-03 14:00:00,,-21.86574336283186
2024-10-03 15:00:00,,-21.863734934681837
2024-10-03 16:00:00,,-21.862726506531818
2024-10-03 17:00:00,,-21.863718078381794
2024-10-03 18:00:00,,-21.854709650231772
2024-10-03 19:00:00,,-21.836701222081754
2024-10-03 20:00:00,,-21.82969279393173
2024-10-03 21:00:00,,-21.82468436578171
2024-10-03 22:00:00,,-21.82367593763169
2024-10-03 23:00:00,,-21.81666750948167
2024-10-04 00:00:00,,-21.808659081331648
2024-10-04 01:00:00,,-21.800650653181627
2024-10-04 02:00:00,,-21.792642225031607
2024-10-04 03:00:00,,-21.782633796881584
2024-10-04 04:00:00,,-21.775625368731564
2024-10-04 05:00:00,,-21.77161694058154
2024-10-04 06:00:00,,-21.77760851243152
2024-10-04 07:00:00,,-21.7846000842815
2024-10-04 08:00:00,,-21.77959165613148
2024-10-04 09:00:00,,-21.790583227981458
2024-10-04 10:00:00,,-21.81657479983144
2024-10-04 11:00:00,,-21.837566371681415
2024-10-04 12:00:00,,-21.849557943531394
2024-10-04 13:00:00,,-21.859549515381374
2024-10-04 14:00:00,,-21.86054108723135
2024-10-04 15:00:00,,-21.86453265908133
2024-10-04 16:00:00,,-21.863524230931308
2024-10-04 17:00:00,,-21.862515802781292
2024-10-04 18:00:00,,-21.84950737463127
2024-10-04 19:00:00,,-21.83649894648125
2024-10-04 20:00:00,,-21.825490518331225
2024-10-04 21:00:00,,-21.822482090181204
2024-10-04 22:00:00,,-21.819473662031186
2024-10-04 23:00:00,,-21.813465233881164
2024-10-05 00:00:00,,-21.80945680573114
2024-10-05 01:00:00,,-21.80544837758112
2024-10-05 02:00:00,,-21.799439949431097
2024-10-05 03:00:00,,-21.79143152128108
2024-10-05 04:00:00,,-21.78742309313106
2024-10-05 05:00:00,,-21.785414664981037
2024-10-05 06:00:00,,-21.785406236831015
2024-10-05 07:00:00,,-21.785397808680994
2024-10-05 08:00:00,,-21.791389380530973
2024-10-05 09:00:00,,-21.80038095238095
2024-10-05 10:00:00,,-21.82737252423093
2024-10-05 11:00:00,,-21.849364096080908
2024-10-05 12:00:00,,-21.862355667930892
2024-10-05 13:00:00,,-21.86634723978087
2024-10-05 14:00:00,,-21.866338811630847
2024-10-05 15:00:00,,-21.866330383480825
2024-10-05 16:00:00,,-21.869321955330804
2024-10-05 17:00:00,,-21.874313527180785
2024-10-05 18:00:00,,-21.862305099030763
2024-10-05 19:00:00,,-21.84629667088074
2024-10-05 20:00:00,,-21.83628824273072
2024-10-05 21:00:00,,-21.8332798145807
2024-10-05 22:00:00,,-21.82427138643068
2024-10-05 23:00:00,,-21.81926295828066
2024-10-06 00:00:00,,-21.81325453013064
2024-10-06 01:00:00,,-21.811246101980615
2024-10-06 02:00:00,,-21.804237673830595
2024-10-06 03:00:00,,-21.798229245680574
2024-10-06 04:00:00,,-21.79422081753055
2024-10-06 05:00:00,,-21.79621238938053
2024-10-06 06:00:00,,-21.80120396123051
2024-10-06 07:00:00,,-21.79919553308049
2024-10-06 08:00:00,,-21.802187104930468
2024-10-06 09:00:00,,-21.812178676780448
2024-10-06 10:00:00,,-21.838170248630426
2024-10-06 11:00:00,,-21.858161820480404
2024-10-06 12:00:00,,-21.867153392330383
2024-10-06 13:00:00,,-21.876144964180362
2024-10-06 14:00:00,,-21.874136536030342
2024-10-06 15:00:00,,-21.87612810788032
2024-10-06 16:00:00,,-21.8741196797303
2024-10-06 17:00:00,,-21.87411125158028
2024-10-06 18:00:00,,-21.861102823430258
2024-10-06 19:00:00,,-21.847094395280237
2024-10-06 20:00:00,,-21.838085967130215
2024-10-06 21:00:00,,-21.833077538980195
2024-10-06 22:00:00,,-21.82506911083017
2024-10-06 23:00:00,,-21.82506068268015
2024-10-07 00:00:00,,-21.82005225453013
2024-10-07 01:00:00,,-21.814043826380107
2024-10-07 02:00:00,,-21.80503539823009
2024-10-07 03:00:00,,-21.80002697008007
2024-10-07 04:00:00,,-21.799018541930046
2024-10-07 05:00:00,,-21.796010113780024
2024-10-07 06:00:00,,-21.799001685630003
2024-10-07 07:00:00,,-21.799993257479983
2024-10-07 08:00:00,,-21.80198482932996
2024-10-07 09:00:00,,-21.81297640117994
2024-10-07 10:00:00,,-21.839967973029918
2024-10-07 11:00:00,,-21.855959544879898
2024-10-07 12:00:00,,-21.86795111672988
2024-10-07 13:00:00,,-21.87394268857986
2024-10-07 14:00:00,,-21.875934260429837
2024-10-07 15:00:00,,-21.875925832279815
2024-10-07 16:00:00,,-21.875917404129794
2024-10-07 17:00:00,,-21.86590897597977
2024-10-07 18:00:00,,-21.84690054782975
2024-10-07 19:00:00,,-21.84089211967973
2024-10-07 20:00:00,,-21.83588369152971
2024-10-07 21:00:00,,-21.82687526337969
2024-10-07 22:00:00,,-21.82386683522967
2024-10-07 23:00:00,,-21.816858407079646
2024-10-08 00:00:00,,-21.811849978929626
2024-10-08 01:00:00,,-21.800841550779605
2024-10-08 02:00:00,,-21.800833122629584
2024-10-08 03:00:00,,-21.794824694479562
2024-10-08 04:00:00,,-21.79181626632954
2024-10-08 05:00:00,,-21.796807838179518
2024-10-08 06:00:00,,-21.797799410029498
2024-10-08 07:00:00,,-21.80279098187948
2024-10-08 08:00:00,,-21.80078255372946
2024-10-08 09:00:00,,-21.813774125579435
2024-10-08 10:00:00,,-21.837765697429415
2024-10-08 11:00:00,,-21.857757269279393
2024-10-08 12:00:00,,-21.86874884112937
2024-10-08 13:00:00,,-21.87174041297935
2024-10-08 14:00:00,,-21.87373198482933
2024-10-08 15:00:00,,-21.866723556679307
2024-10-08 16:00:00,,-21.87271512852929
2024-10-08 17:00:00,,-21.865706700379267
2024-10-08 18:00:00,,-21.855698272229247
2024-10-08 19:00:00,,-21.843689844079226
2024-10-08 20:00:00,,-21.836681415929203
2024-10-08 21:00:00,,-21.829672987779183
2024-10-08 22:00:00,,-21.81966455962916
2024-10-08 23:00:00,,-21.81765613147914
2024-10-09 00:00:00,,-21.810647703329117
2024-10-09 01:00:00,,-21.804639275179095
2024-10-09 02:00:00,,-21.795630847029077
2024-10-09 03:00:00,,-21.794622418879058
2024-10-09 04:00:00,,-21.796613990729035
2024-10-09 05:00:00,,-21.796605562579014
2024-10-09 06:00:00,,-21.802597134428993
2024-10-09 07:00:00,,-21.80558870627897
2024-10-09 08:00:00,,-21.80558027812895
2024-10-09 09:00:00,,-21.810571849978928
2024-10-09 10:00:00,,-21.83856342182891
2024-10-09 11:00:00,,-21.856554993678888
2024-10-09 12:00:00,,-21.866546565528868
2024-10-09 13:00:00,,-21.871538137378845
2024-10-09 14:00:00,,-21.872529709228825
2024-10-09 15:00:00,,-21.878521281078804
2024-10-09 16:00:00,,-21.88051285292878
2024-10-09 17:00:00,,-21.87850442477876
2024-10-09 18:00:00,,-21.86149599662874
2024-10-09 19:00:00,,-21.84448756847872
2024-10-09 20:00:00,,-21.837479140328696
2024-10-09 21:00:00,,-21.83447071217868
2024-10-09 22:00:00,,-21.828462284028657
2024-10-09 23:00:00,,-21.821453855878634
2024-10-10 00:00:00,,-21.810445427728613
2024-10-10 01:00:00,,-21.80743699957859
2024-10-10 02:00:00,,-21.80242857142857
2024-10-10 03:00:00,,-21.79642014327855
2024-10-10 04:00:00,,-21.795411715128527
2024-10-10 05:00:00,,-21.798403286978505
2024-10-10 06:00:00,,-21.80239485882849
2024-10-10 07:00:00,,-21.802386430678467
2024-10-10 08:00:00,,-21.805378002528446
2024-10-10 09:00:00,,-21.816369574378424
2024-10-10 10:00:00,,-21.848361146228402
2024-10-10 11:00:00,,-21.86235271807838
2024-10-10 12:00:00,,-21.87334428992836
2024-10-10 13:00:00,,-21.87933586177834
2024-10-10 14:00:00,,-21.883327433628317
2024-10-10 15:00:00,,-21.886319005478295
2024-10-10 16:00:00,,-21.888310577328276
2024-10-10 17:00:00,,-21.892302149178256
2024-10-10 18:00:00,,-21.878293721028236
2024-10-10 19:00:00,,-21.864285292878215
2024-10-10 20:00:00,,-21.855276864728193
2024-10-10 21:00:00,,-21.850268436578173
2024-10-10 22:00:00,,-21.84126000842815
2024-10-10 23:00:00,,-21.831251580278128
2024-10-11 00:00:00,,-21.821243152128105
2024-10-11 01:00:00,,-21.81523472397809
2024-10-11 02:00:00,,-21.808226295828067
2024-10-11 03:00:00,,-21.799217867678045
2024-10-11 04:00:00,,-21.800209439528025
2024-10-11 05:00:00,,-21.800201011378004
2024-10-11 06:00:00,,-21.80219258322798
2024-10-11 07:00:00,,-21.80618415507796
2024-10-11 08:00:00,,-21.80817572692794
2024-10-11 09:00:00,,-21.81816729877792
2024-10-11 10:00:00,,-21.842158870627895
2024-10-11 11:00:00,,-21.859150442477876
2024-10-11 12:00:00,,-21.870142014327858
2024-10-11 13:00:00,,-21.868133586177834
2024-10-11 14:00:00,,-21.877125158027813
2024-10-11 15:00:00,,-21.884116729877793
2024-10-11 16:00:00,,-21.88710830172777
2024-10-11 17:00:00,,-21.89009987357775
2024-10-11 18:00:00,,-21.871091445427727
2024-10-11 19:00:00,,-21.858083017277707
2024-10-11 20:00:00,,-21.85007458912769
2024-10-11 21:00:00,,-21.841066160977668
2024-10-11 22:00:00,,-21.836057732827644
2024-10-11 23:00:00,,-21.825049304677623
2024-10-12 00:00:00,,-21.814040876527603
2024-10-12 01:00:00,,-21.81003244837758
2024-10-12 02:00:00,,-21.80602402022756
2024-10-12 03:00:00,,-21.799015592077538
2024-10-12 04:00:00,,-21.795007163927515
2024-10-12 05:00:00,,-21.795998735777495
2024-10-12 06:00:00,,-21.798990307627477
2024-10-12 07:00:00,,-21.798981879477456
2024-10-12 08:00:00,,-21.799973451327435
2024-10-12 09:00:00,,-21.805965023177414
2024-10-12 10:00:00,,-21.82995659502739
2024-10-12 11:00:00,,-21.84894816687737
2024-10-12 12:00:00,,-21.858939738727347
2024-10-12 13:00:00,,-21.865931310577327
2024-10-12 14:00:00,,-21.869922882427307
2024-10-12 15:00:00,,-21.876914454277287
2024-10-12 16:00:00,,-21.878906026127268
2024-10-12 17:00:00,,-21.878897597977247
2024-10-12 18:00:00,,-21.860889169827225
2024-10-12 19:00:00,,-21.845880741677203
2024-10-12 20:00:00,,-21.837872313527182
2024-10-12 21:00:00,,-21.83086388537716
2024-10-12 22:00:00,,-21.82885545722714
2024-10-12 23:00:00,,-21.821847029077116
2024-10-13 00:00:00,,-21.816838600927095
2024-10-13 01:00:00,,-21.807830172777077
2024-10-13 02:00:00,,-21.806821744627054
2024-10-13 03:00:00,,-21.803813316477033
2024-10-13 04:00:00,,-21.801804888327013
2024-10-13 05:00:00,,-21.80479646017699
2024-10-13 06:00:00,,-21.80578803202697
2024-10-13 07:00:00,,-21.80577960387695
2024-10-13 08:00:00,,-21.804771175726927
2024-10-13 09:00:00,,-21.813762747576906
2024-10-13 10:00:00,,-21.839754319426888
2024-10-13 11:00:00,,-21.858745891276865
2024-10-13 12:00:00,,-21.868737463126845
2024-10-13 13:00:00,,-21.871729034976823
2024-10-13 14:00:00,,-21.874720606826802
2024-10-13 15:00:00,,-21.87771217867678
2024-10-13 16:00:00,,-21.876703750526758
2024-10-13 17:00:00,,-21.871695322376738
2024-10-13 18:00:00,,-21.855686894226714
2024-10-13 19:00:00,,-21.846678466076696
2024-10-13 20:00:00,,-21.840670037926678
2024-10-13 21:00:00,,-21.839661609776655
2024-10-13 22:00:00,,-21.833653181626634
2024-10-13 23:00:00,,-21.824644753476612
2024-10-14 00:00:00,,-21.82263632532659
2024-10-14 01:00:00,,-21.81462789717657
2024-10-14 02:00:00,,-21.807619469026548
2024-10-14 03:00:00,,-21.800611040876525
2024-10-14 04:00:00,,-21.794602612726504
2024-10-14 05:00:00,,-21.796594184576488
2024-10-14 06:00:00,,-21.802585756426467
2024-10-14 07:00:00,,-21.806577328276443
2024-10-14 08:00:00,,-21.809568900126422
2024-10-14 09:00:00,,-21.8235604719764
2024-10-14 10:00:00,,-21.84755204382638
2024-10-14 11:00:00,,-21.86854361567636
2024-10-14 12:00:00,,-21.879535187526336
2024-10-14 13:00:00,,-21.883526759376316
2024-10-14 14:00:00,,-21.882518331226294
2024-10-14 15:00:00,,-21.878509903076278
2024-10-14 16:00:00,,-21.875501474926256
2024-10-14 17:00:00,,-21.862493046776233
2024-10-14 18:00:00,,-21.851484618626213
2024-10-14 19:00:00,,-21.846476190476192
2024-10-14 20:00:00,,-21.83946776232617
2024-10-14 21:00:00,,-21.835459334176146
2024-10-14 22:00:00,,-21.836450906026126
2024-10-14 23:00:00,,-21.828442477876106
2024-10-15 00:00:00,,-21.820434049726085
2024-10-15 01:00:00,,-21.809425621576064
2024-10-15 02:00:00,,-21.806417193426043
2024-10-15 03:00:00,,-21.79440876527602
2024-10-15 04:00:00,,-21.790400337126
2024-10-15 05:00:00,,-21.79539190897598
2024-10-15 06:00:00,,-21.797383480825957
2024-10-15 07:00:00,,-21.803375052675936
2024-10-15 08:00:00,,-21.807366624525915
2024-10-15 09:00:00,,-21.820358196375892
2024-10-15 10:00:00,,-21.848349768225876
2024-10-15 11:00:00,,-21.865341340075855
2024-10-15 12:00:00,,-21.877332911925834
2024-10-15 13:00:00,,-21.88132448377581
2024-10-15 14:00:00,,-21.88231605562579
2024-10-15 15:00:00,,-21.882307627475768
2024-10-15 16:00:00,,-21.870299199325746
2024-10-15 17:00:00,,-21.857290771175727
2024-10-15 18:00:00,,-21.848282343025705
2024-10-15 19:00:00,,-21.839273914875687
2024-10-15 20:00:00,,-21.838265486725664
2024-10-15 21:00:00,,-21.835257058575642
2024-10-15 22:00:00,,-21.831248630425623
2024-10-15 23:00:00,,-21.8252402022756
2024-10-16 00:00:00,,-21.820231774125578
2024-10-16 01:00:00,,-21.81122334597556
2024-10-16 02:00:00,,-21.798214917825536
2024-10-16 03:00:00,,-21.795206489675515
2024-10-16 04:00:00,,-21.797198061525492
2024-10-16 05:00:00,,-21.797189633375474
2024-10-16 06:00:00,,-21.797181205225453
2024-10-16 07:00:00,,-21.802172777075434
2024-10-16 08:00:00,,-21.80916434892541
2024-10-16 09:00:00,,-21.81815592077539
2024-10-16 10:00:00,,-21.84314749262537
2024-10-16 11:00:00,,-21.865139064475347
2024-10-16 12:00:00,,-21.875130636325327
2024-10-16 13:00:00,,-21.884122208175302
2024-10-16 14:00:00,,-21.873113780025285
2024-10-16 15:00:00,,-21.864105351875263
2024-10-16 16:00:00,,-21.845096923725244
2024-10-16 17:00:00,,-21.84108849557522
2024-10-16 18:00:00,,-21.8320800674252
2024-10-16 19:00:00,,-21.82807163927518
2024-10-16 20:00:00,,-21.826063211125156
2024-10-16 21:00:00,,-21.828054782975137
2024-10-16 22:00:00,,-21.824046354825114
2024-10-16 23:00:00,,-21.82003792667509
2024-10-17 00:00:00,,-21.812029498525074
2024-10-17 01:00:00,,-21.803021070375053
2024-10-17 02:00:00,,-21.795012642225032
2024-10-17 03:00:00,,-21.79200421407501
2024-10-17 04:00:00,,-21.78999578592499
2024-10-17 05:00:00,,-21.79298735777497
2024-10-17 06:00:00,,-21.794978929624946
2024-10-17 07:00:00,,-21.801970501474926
2024-10-17 08:00:00,,-21.804962073324905
2024-10-17 09:00:00,,-21.817953645174885
2024-10-17 10:00:00,,-21.844945217024865
2024-10-17 11:00:00,,-21.864936788874843
2024-10-17 12:00:00,,-21.871928360724823
2024-10-17 13:00:00,,-21.8629199325748
2024-10-17 14:00:00,,-21.85991150442478
2024-10-17 15:00:00,,-21.850903076274758
2024-10-17 16:00:00,,-21.837894648124735
2024-10-17 17:00:00,,-21.848886219974716
2024-10-17 18:00:00,,-21.846877791824692
2024-10-17 19:00:00,,-21.841869363674675
2024-10-17 20:00:00,,-21.839860935524655
2024-10-17 21:00:00,,-21.838852507374632
2024-10-17 22:00:00,,-21.83484407922461
2024-10-17 23:00:00,,-21.83083565107459
2024-10-18 00:00:00,,-21.82182722292457
2024-10-18 01:00:00,,-21.811818794774545
2024-10-18 02:00:00,,-21.803810366624525
2024-10-18 03:00:00,,-21.798801938474504
2024-10-18 04:00:00,,-21.793793510324484
2024-10-18 05:00:00,,-21.798785082174465
2024-10-18 06:00:00,,-21.801776654024444
2024-10-18 07:00:00,,-21.80376822587442
2024-10-18 08:00:00,,-21.8097597977244
2024-10-18 09:00:00,,-21.81675136957438
2024-10-18 10:00:00,,-21.84574294142436
2024-10-18 11:00:00,,-21.864734513274335
2024-10-18 12:00:00,,-21.877726085124316
2024-10-18 13:00:00,,-21.876717656974293
2024-10-18 14:00:00,,-21.878709228824274
2024-10-18 15:00:00,,-21.865700800674254
2024-10-18 16:00:00,,-21.865692372524233
2024-10-18 17:00:00,,-21.85268394437421
2024-10-18 18:00:00,,-21.84167551622419
2024-10-18 19:00:00,,-21.83666708807417
2024-10-18 20:00:00,,-21.833658659924147
2024-10-18 21:00:00,,-21.834650231774123
2024-10-18 22:00:00,,-21.834641803624102
2024-10-18 23:00:00,,-21.830633375474086
2024-10-19 00:00:00,,-21.822624947324062
2024-10-19 01:00:00,,-21.816616519174044
2024-10-19 02:00:00,,-21.80860809102402
2024-10-19 03:00:00,,-21.804599662874
2024-10-19 04:00:00,,-21.802591234723977
2024-10-19 05:00:00,,-21.805582806573955
2024-10-19 06:00:00,,-21.806574378423935
2024-10-19 07:00:00,,-21.814565950273913
2024-10-19 08:00:00,,-21.81955752212389
2024-10-19 09:00:00,,-21.825549093973873
2024-10-19 10:00:00,,-21.853540665823854
2024-10-19 11:00:00,,-21.87553223767383
2024-10-19 12:00:00,,-21.88352380952381
2024-10-19 13:00:00,,-21.889515381373787
2024-10-19 14:00:00,,-21.891506953223768
2024-10-19 15:00:00,,-21.891498525073747
2024-10-19 16:00:00,,-21.890490096923724
2024-10-19 17:00:00,,-21.887481668773702
2024-10-19 18:00:00,,-21.867473240623685
2024-10-19 19:00:00,,-21.852464812473663
2024-10-19 20:00:00,,-21.845456384323644
2024-10-19 21:00:00,,-21.842447956173622
2024-10-19 22:00:00,,-21.840439528023598
2024-10-19 23:00:00,,-21.83643109987358
2024-10-20 00:00:00,,-21.827422671723557
2024-10-20 01:00:00,,-21.822414243573533
2024-10-20 02:00:00,,-21.815405815423514
2024-10-20 03:00:00,,-21.80839738727349
2024-10-20 04:00:00,,-21.808388959123473
2024-10-20 05:00:00,,-21.81438053097345
2024-10-20 06:00:00,,-21.81537210282343
2024-10-20 07:00:00,,-21.81536367467341
2024-10-20 08:00:00,,-21.81835524652339
2024-10-20 09:00:00,,-21.824346818373368
2024-10-20 10:00:00,,-21.852338390223345
2024-10-20 11:00:00,,-21.869329962073323
2024-10-20 12:00:00,,-21.8803215339233
2024-10-20 13:00:00,,-21.886313105773283
2024-10-20 14:00:00,,-21.88330467762326
2024-10-20 15:00:00,,-21.88629624947324
2024-10-20 16:00:00,,-21.88528782132322
2024-10-20 17:00:00,,-21.886279393173197
2024-10-20 18:00:00,,-21.870270965023177
2024-10-20 19:00:00,,-21.855262536873155
2024-10-20 20:00:00,,-21.851254108723133
2024-10-20 21:00:00,,-21.844245680573113
2024-10-20 22:00:00,,-21.84123725242309
2024-10-20 23:00:00,,-21.837228824273073
2024-10-21 00:00:00,,-21.827220396123053
2024-10-21 01:00:00,,-21.82221196797303
2024-10-21 02:00:00,,-21.81320353982301
2024-10-21 03:00:00,,-21.81319511167299
2024-10-21 04:00:00,,-21.809186683522967
2024-10-21 05:00:00,,-21.807178255372946
2024-10-21 06:00:00,,-21.811169827222923
2024-10-21 07:00:00,,-21.815161399072903
2024-10-21 08:00:00,,-21.815152970922885
2024-10-21 09:00:00,,-21.826144542772862
2024-10-21 10:00:00,,-21.84913611462284
2024-10-21 11:00:00,,-21.87212768647282
2024-10-21 12:00:00,,-21.8791192583228
2024-10-21 13:00:00,,-21.887110830172777
2024-10-21 14:00:00,,-21.887102402022755
2024-10-21 15:00:00,,-21.889093973872733
2024-10-21 16:00:00,,-21.890085545722712
2024-10-21 17:00:00,,-21.88907711757269
2024-10-21 18:00:00,,-21.876068689422674
2024-10-21 19:00:00,,-21.86006026127265
2024-10-21 20:00:00,,-21.84905183312263
2024-10-21 21:00:00,,-21.84404340497261
2024-10-21 22:00:00,,-21.838034976822588
2024-10-21 23:00:00,,-21.835026548672566
2024-10-22 00:00:00,,-21.825018120522543
2024-10-22 01:00:00,,-21.820009692372523
2024-10-22 02:00:00,,-21.812001264222502
2024-10-22 03:00:00,,-21.805992836072484
2024-10-22 04:00:00,,-21.80798440792246
2024-10-22 05:00:00,,-21.806975979772442
2024-10-22 06:00:00,,-21.81196755162242
2024-10-22 07:00:00,,-21.810959123472397
2024-10-22 08:00:00,,-21.813950695322376
2024-10-22 09:00:00,,-21.821942267172354
2024-10-22 10:00:00,,-21.852933839022334
2024-10-22 11:00:00,,-21.870925410872314
2024-10-22 12:00:00,,-21.88291698272229
2024-10-22 13:00:00,,-21.887908554572274
2024-10-22 14:00:00,,-21.893900126422253
2024-10-22 15:00:00,,-21.89289169827223
2024-10-22 16:00:00,,-21.89588327012221
2024-10-22 17:00:00,,-21.895874841972187
2024-10-22 18:00:00,,-21.883866413822165
2024-10-22 19:00:00,,-21.868857985672143
2024-10-22 20:00:00,,-21.85684955752212
2024-10-22 21:00:00,,-21.8508411293721
2024-10-22 22:00:00,,-21.845832701222083
2024-10-22 23:00:00,,-21.838824273072063
2024-10-23 00:00:00,,-21.83081584492204
2024-10-23 01:00:00,,-21.824807416772018
2024-10-23 02:00:00,,-21.816798988621997
2024-10-23 03:00:00,,-21.810790560471975
2024-10-23 04:00:00,,-21.810782132321954
2024-10-23 05:00:00,,-21.808773704171934
2024-10-23 06:00:00,,-21.81676527602191
2024-10-23 07:00:00,,-21.81975684787189
2024-10-23 08:00:00,,-21.82474841972187
2024-10-23 09:00:00,,-21.82773999157185
2024-10-23 10:00:00,,-21.86073156342183
2024-10-23 11:00:00,,-21.879723135271806
2024-10-23 12:00:00,,-21.894714707121786
2024-10-23 13:00:00,,-21.896706278971767
2024-10-23 14:00:00,,-21.899697850821745
2024-10-23 15:00:00,,-21.90068942267172
2024-10-23 16:00:00,,-21.9006809945217
2024-10-23 17:00:00,,-21.900672566371682
2024-10-23 18:00:00,,-21.890664138221663
2024-10-23 19:00:00,,-21.87265571007164
2024-10-23 20:00:00,,-21.86464728192162
2024-10-23 21:00:00,,-21.854638853771597
2024-10-23 22:00:00,,-21.851630425621575
2024-10-23 23:00:00,,-21.845621997471554
2024-10-24 00:00:00,,-21.833613569321532
2024-10-24 01:00:00,,-21.826605141171513
2024-10-24 02:00:00,,-21.82059671302149
2024-10-24 03:00:00,,-21.817588284871473
2024-10-24 04:00:00,,-21.81657985672145
2024-10-24 05:00:00,,-21.818571428571428
2024-10-24 06:00:00,,-21.821563000421406
2024-10-24 07:00:00,,-21.823554572271387
2024-10-24 08:00:00,,-21.827546144121364
2024-10-24 09:00:00,,-21.836537715971343
2024-10-24 10:00:00,,-21.86252928782132
2024-10-24 11:00:00,,-21.8775208596713
2024-10-24 12:00:00,,-21.89151243152128
2024-10-24 13:00:00,,-21.90050400337126
2024-10-24 14:00:00,,-21.89949557522124
2024-10-24 15:00:00,,-21.906487147071218
2024-10-24 16:00:00,,-21.898478718921197
2024-10-24 17:00:00,,-21.901470290771176
2024-10-24 18:00:00,,-21.892461862621154
2024-10-24 19:00:00,,-21.88245343447113
2024-10-24 20:00:00,,-21.86944500632111
2024-10-24 21:00:00,,-21.86543657817109
2024-10-24 22:00:00,,-21.858428150021073
2024-10-24 23:00:00,,-21.84941972187105
2024-10-25 00:00:00,,-21.84041129372103
2024-10-25 01:00:00,,-21.827402865571006
2024-10-25 02:00:00,,-21.823394437420987
2024-10-25 03:00:00,,-21.819386009270964
2024-10-25 04:00:00,,-21.816377581120943
2024-10-25 05:00:00,,-21.814369152970922
2024-10-25 06:00:00,,-21.8143607248209
2024-10-25 07:00:00,,-21.82435229667088
2024-10-25 08:00:00,,-21.826343868520862
2024-10-25 09:00:00,,-21.83133544037084
2024-10-25 10:00:00,,-21.856327012220817
2024-10-25 11:00:00,,-21.872318584070797
2024-10-25 12:00:00,,-21.887310155920776
2024-10-25 13:00:00,,-21.895301727770754
2024-10-25 14:00:00,,-21.896293299620734
2024-10-25 15:00:00,,-21.89728487147071
2024-10-25 16:00:00,,-21.89927644332069
2024-10-25 17:00:00,,-21.90326801517067
2024-10-25 18:00:00,,-21.89025958702065
2024-10-25 19:00:00,,-21.87225115887063
2024-10-25 20:00:00,,-21.863242730720607
2024-10-25 21:00:00,,-21.858234302570587
2024-10-25 22:00:00,,-21.854225874420564
2024-10-25 23:00:00,,-21.843217446270543
2024-10-26 00:00:00,,-21.838209018120523
2024-10-26 01:00:00,,-21.8302005899705
2024-10-26 02:00:00,,-21.82119216182048
2024-10-26 03:00:00,,-21.81818373367046
2024-10-26 04:00:00,,-21.81517530552044
2024-10-26 05:00:00,,-21.818166877370416
2024-10-26 06:00:00,,-21.823158449220397
2024-10-26 07:00:00,,-21.826150021070376
2024-10-26 08:00:00,,-21.823141592920354
2024-10-26 09:00:00,,-21.834133164770332
2024-10-26 10:00:00,,-21.85812473662031
2024-10-26 11:00:00,,-21.87811630847029
2024-10-26 12:00:00,,-21.88510788032027
2024-10-26 13:00:00,,-21.88609945217025
2024-10-26 14:00:00,,-21.88709102402023
2024-10-26 15:00:00,,-21.889082595870207
2024-10-26 16:00:00,,-21.891074167720184
2024-10-26 17:00:00,,-21.892065739570164
2024-10-26 18:00:00,,-21.881057311420143
2024-10-26 19:00:00,,-21.86604888327012
2024-10-26 20:00:00,,-21.8580404551201
2024-10-26 21:00:00,,-21.85003202697008
2024-10-26 22:00:00,,-21.84502359882006
2024-10-26 23:00:00,,-21.842015170670038
2024-10-27 00:00:00,,-21.834006742520017
2024-10-27 01:00:00,,-21.826998314369995
2024-10-27 02:00:00,,-21.820989886219973
2024-10-27 03:00:00,,-21.816981458069954
2024-10-27 04:00:00,,-21.81797302991993
2024-10-27 05:00:00,,-21.82296460176991
2024-10-27 06:00:00,,-21.82795617361989
2024-10-27 07:00:00,,-21.82994774546987
2024-10-27 08:00:00,,-21.83793931731985
2024-10-27 09:00:00,,-21.836930889169828
2024-10-27 10:00:00,,-21.858922461019805
2024-10-27 11:00:00,,-21.875914032869787
2024-10-27 12:00:00,,-21.887905604719762
2024-10-27 13:00:00,,-21.89689717656974
2024-10-27 14:00:00,,-21.90088874841972
2024-10-27 15:00:00,,-21.9058803202697
2024-10-27 16:00:00,,-21.90087189211968
2024-10-27 17:00:00,,-21.89086346396966
2024-10-27 18:00:00,,-21.878855035819637
2024-10-27 19:00:00,,-21.868846607669617
2024-10-27 20:00:00,,-21.867838179519595
2024-10-27 21:00:00,,-21.860829751369575
2024-10-27 22:00:00,,-21.856821323219553
2024-10-27 23:00:00,,-21.84781289506953
2024-10-28 00:00:00,,-21.84280446691951
2024-10-28 01:00:00,,-21.835796038769487
2024-10-28 02:00:00,,-21.82578761061947
2024-10-28 03:00:00,,-21.817779182469447
2024-10-28 04:00:00,,-21.821770754319427
2024-10-28 05:00:00,,-21.818762326169406
2024-10-28 06:00:00,,-21.827753898019385
2024-10-28 07:00:00,,-21.831745469869364
2024-10-28 08:00:00,,-21.83573704171934
2024-10-28 09:00:00,,-21.84472861356932
2024-10-28 10:00:00,,-21.8727201854193
2024-10-28 11:00:00,,-21.89071175726928
2024-10-28 12:00:00,,-21.90370332911926
2024-10-28 13:00:00,,-21.905694900969237
2024-10-28 14:00:00,,-21.90768647281922
2024-10-28 15:00:00,,-21.909678044669196
2024-10-28 16:00:00,,-21.912669616519175
2024-10-28 17:00:00,,-21.912661188369153
2024-10-28 18:00:00,,-21.901652760219132
2024-10-28 19:00:00,,-21.88564433206911
2024-10-28 20:00:00,,-21.87563590391909
2024-10-28 21:00:00,,-21.87162747576907
2024-10-28 22:00:00,,-21.86661904761905
2024-10-28 23:00:00,,-21.856610619469027
2024-10-29 00:00:00,,-21.848602191319006
2024-10-29 01:00:00,,-21.841593763168984
2024-10-29 02:00:00,,-21.830585335018963
2024-10-29 03:00:00,,-21.828576906868943
2024-10-29 04:00:00,,-21.82856847871892
2024-10-29 05:00:00,,-21.8275600505689
2024-10-29 06:00:00,,-21.83055162241888
2024-10-29 07:00:00,,-21.83554319426886
2024-10-29 08:00:00,,-21.836534766118838
2024-10-29 09:00:00,,-21.841526337968816
2024-10-29 10:00:00,,-21.871517909818795
2024-10-29 11:00:00,,-21.889509481668775
2024-10-29 12:00:00,,-21.900501053518752
2024-10-29 13:00:00,,-21.90649262536873
2024-10-29 14:00:00,,-21.90748419721871
2024-10-29 15:00:00,,-21.90947576906869
2024-10-29 16:00:00,,-21.90646734091867
2024-10-29 17:00:00,,-21.908458912768648
2024-10-29 18:00:00,,-21.89845048461863
2024-10-29 19:00:00,,-21.883442056468606
2024-10-29 20:00:00,,-21.874433628318585
2024-10-29 21:00:00,,-21.87042520016856
2024-10-29 22:00:00,,-21.86241677201854
2024-10-29 23:00:00,,-21.85340834386852
2024-10-30 00:00:00,,-21.8433999157185
2024-10-30 01:00:00,,-21.837391487568482
2024-10-30 02:00:00,,-21.82838305941846
2024-10-30 03:00:00,,-21.81937463126844
2024-10-30 04:00:00,,-21.816366203118417
2024-10-30 05:00:00,,-21.816357774968395
2024-10-30 06:00:00,,-21.819349346818374
2024-10-30 07:00:00,,-21.822340918668353
2024-10-30 08:00:00,,-21.82233249051833
2024-10-30 09:00:00,,-21.826324062368307
2024-10-30 10:00:00,,-21.845315634218288
2024-10-30 11:00:00,,-21.86030720606827
2024-10-30 12:00:00,,-21.86929877791825
2024-10-30 13:00:00,,-21.879290349768226
2024-10-30 14:00:00,,-21.886281921618206
2024-10-30 15:00:00,,-21.893273493468183
2024-10-30 16:00:00,,-21.892265065318163
2024-10-30 17:00:00,,-21.88325663716814
2024-10-30 18:00:00,,-21.87324820901812
2024-10-30 19:00:00,,-21.861239780868097
2024-10-30 20:00:00,,-21.85323135271808
2024-10-30 21:00:00,,-21.849222924568057
2024-10-30 22:00:00,,-21.848214496418038
2024-10-30 23:00:00,,-21.845206068268016
2024-10-31 00:00:00,,-21.836197640117994
2024-10-31 01:00:00,,-21.833189211967973
2024-10-31 02:00:00,,-21.82718078381795
2024-10-31 03:00:00,,-21.82217235566793
2024-10-31 04:00:00,,-21.820163927517907
2024-10-31 05:00:00,,-21.821155499367887
2024-10-31 06:00:00,,-21.82214707121787
2024-10-31 07:00:00,,-21.82813864306785
2024-10-31 08:00:00,,-21.828130214917827
2024-10-31 09:00:00,,-21.836121786767805
2024-10-31 10:00:00,,-21.862113358617783
2024-10-31 11:00:00,,-21.88410493046776
2024-10-31 12:00:00,,-21.89309650231774
2024-10-31 13:00:00,,-21.899088074167718
2024-10-31 14:00:00,,-21.897079646017698
2024-10-31 15:00:00,,-21.90007121786768
2024-10-31 16:00:00,,-21.896062789717657
2024-10-31 17:00:00,,-21.881054361567635
2024-10-31 18:00:00,,-21.866045933417617
2024-10-31 19:00:00,,-21.861037505267593
2024-10-31 20:00:00,,-21.854029077117573
2024-10-31 21:00:00,,-21.85002064896755
2024-10-31 22:00:00,,-21.85101222081753
2024-10-31 23:00:00,,-21.849003792667506
2024-11-01 00:00:00,,-21.84599536451749
2024-11-01 01:00:00,,-21.83898693636747
2024-11-01 02:00:00,,-21.828978508217446
2024-11-01 03:00:00,,-21.827970080067427
2024-11-01 04:00:00,,-21.826961651917404
2024-11-01 05:00:00,,-21.821953223767384
2024-11-01 06:00:00,,-21.82894479561736
2024-11-01 07:00:00,,-21.83293636746734
2024-11-01 08:00:00,,-21.837927939317318
2024-11-01 09:00:00,,-21.843919511167297
2024-11-01 10:00:00,,-21.87091108301728
2024-11-01 11:00:00,,-21.890902654867258
2024-11-01 12:00:00,,-21.899894226717237
2024-11-01 13:00:00,,-21.907885798567214
2024-11-01 14:00:00,,-21.903877370417195
2024-11-01 15:00:00,,-21.905868942267173
2024-11-01 16:00:00,,-21.897860514117152
2024-11-01 17:00:00,,-21.87485208596713
2024-11-01 18:00:00,,-21.85984365781711
2024-11-01 19:00:00,,-21.851835229667085
2024-11-01 20:00:00,,-21.848826801517067
2024-11-01 21:00:00,,-21.849818373367047
2024-11-01 22:00:00,,-21.851809945217024
2024-11-01 23:00:00,,-21.846801517067004
2024-11-02 00:00:00,,-21.845793088916984
2024-11-02 01:00:00,,-21.83878466076696
2024-11-02 02:00:00,,-21.83277623261694
2024-11-02 03:00:00,,-21.828767804466917
2024-11-02 04:00:00,,-21.826759376316897
2024-11-02 05:00:00,,-21.82775094816688
2024-11-02 06:00:00,,-21.829742520016858
2024-11-02 07:00:00,,-21.832734091866836
2024-11-02 08:00:00,,-21.838725663716815
2024-11-02 09:00:00,,-21.846717235566793
2024-11-02 10:00:00,,-21.87270880741677
2024-11-02 11:00:00,,-21.88770037926675
2024-11-02 12:00:00,,-21.901691951116728
2024-11-02 13:00:00,,-21.908683522966708
2024-11-02 14:00:00,,-21.907675094816685
2024-11-02 15:00:00,,-21.907666666666668
2024-11-02 16:00:00,,-21.909658238516645
2024-11-02 17:00:00,,-21.910649810366625
2024-11-02 18:00:00,,-21.895641382216603
2024-11-02 19:00:00,,-21.876632954066583
2024-11-02 20:00:00,,-21.868624525916562
2024-11-02 21:00:00,,-21.86761609776654
2024-11-02 22:00:00,,-21.861607669616518
2024-11-02 23:00:00,,-21.856599241466498
2024-11-03 00:00:00,,-21.84559081331648
2024-11-03 01:00:00,,-21.837582385166456
2024-11-03 02:00:00,,-21.830573957016437
2024-11-03 03:00:00,,-21.826565528866414
2024-11-03 04:00:00,,-21.823557100716393
2024-11-03 05:00:00,,-21.824548672566372
2024-11-03 06:00:00,,-21.82954024441635
2024-11-03 07:00:00,,-21.83253181626633
2024-11-03 08:00:00,,-21.83652338811631
2024-11-03 09:00:00,,-21.847514959966286
2024-11-03 10:00:00,,-21.87450653181627
2024-11-03 11:00:00,,-21.887498103666246
2024-11-03 12:00:00,,-21.896489675516225
2024-11-03 13:00:00,,-21.902481247366204
2024-11-03 14:00:00,,-21.906472819216184
2024-11-03 15:00:00,,-21.90946439106616
2024-11-03 16:00:00,,-21.91145596291614
2024-11-03 17:00:00,,-21.904447534766117
2024-11-03 18:00:00,,-21.881439106616096
2024-11-03 19:00:00,,-21.87043067846608
2024-11-03 20:00:00,,-21.861422250316057
2024-11-03 21:00:00,,-21.856413822166036
2024-11-03 22:00:00,,-21.854405394016013
2024-11-03 23:00:00,,-21.853396965865993
2024-11-04 00:00:00,,-21.84338853771597
2024-11-04 01:00:00,,-21.83938010956595
2024-11-04 02:00:00,,-21.83237168141593
2024-11-04 03:00:00,,-21.838363253265907
2024-11-04 04:00:00,,-21.830354825115887
2024-11-04 05:00:00,,-21.83034639696587
2024-11-04 06:00:00,,-21.832337968815846
2024-11-04 07:00:00,,-21.837329540665824
2024-11-04 08:00:00,,-21.841321112515804
2024-11-04 09:00:00,,-21.84931268436578
2024-11-04 10:00:00,,-21.87830425621576
2024-11-04 11:00:00,,-21.895295828065738
2024-11-04 12:00:00,,-21.898287399915716
2024-11-04 13:00:00,,-21.900278971765697
2024-11-04 14:00:00,,-21.895270543615677
2024-11-04 15:00:00,,-21.893262115465657
2024-11-04 16:00:00,,-21.876253687315636
2024-11-04 17:00:00,,-21.854245259165612
2024-11-04 18:00:00,,-21.844236831015593
2024-11-04 19:00:00,,-21.839228402865572
2024-11-04 20:00:00,,-21.83821997471555
2024-11-04 21:00:00,,-21.837211546565527
2024-11-04 22:00:00,,-21.839203118415508
2024-11-04 23:00:00,,-21.834194690265484
2024-11-05 00:00:00,,-21.83018626211547
2024-11-05 01:00:00,,-21.824177833965447
2024-11-05 02:00:00,,-21.822169405815423
2024-11-05 03:00:00,,-21.817160977665402
2024-11-05 04:00:00,,-21.81415254951538
2024-11-05 05:00:00,,-21.81814412136536
2024-11-05 06:00:00,,-21.822135693215337
2024-11-05 07:00:00,,-21.828127265065316
2024-11-05 08:00:00,,-21.831118836915294
2024-11-05 09:00:00,,-21.83311040876528
2024-11-05 10:00:00,,-21.856101980615257
2024-11-05 11:00:00,,-21.878093552465234
2024-11-05 12:00:00,,-21.888085124315214
2024-11-05 13:00:00,,-21.89507669616519
2024-11-05 14:00:00,,-21.89906826801517
2024-11-05 15:00:00,,-21.901059839865148
2024-11-05 16:00:00,,-21.89405141171513
2024-11-05 17:00:00,,-21.879042983565107
2024-11-05 18:00:00,,-21.866034555415084
2024-11-05 19:00:00,,-21.855026127265067
2024-11-05 20:00:00,,-21.849017699115045
2024-11-05 21:00:00,,-21.846009270965023
2024-11-05 22:00:00,,-21.848000842815
2024-11-05 23:00:00,,-21.84699241466498
2024-11-06 00:00:00,,-21.84498398651496
2024-11-06 01:00:00,,-21.83597555836494
2024-11-06 02:00:00,,-21.830967130214916
2024-11-06 03:00:00,,-21.828958702064895
2024-11-06 04:00:00,,-21.831950273914877
2024-11-06 05:00:00,,-21.835941845764857
2024-11-06 06:00:00,,-21.839933417614834
2024-11-06 07:00:00,,-21.843924989464814
2024-11-06 08:00:00,,-21.84791656131479
2024-11-06 09:00:00,,-21.844908133164772
2024-11-06 10:00:00,,-21.836899705014748
2024-11-06 11:00:00,,-21.834891276864727
2024-11-06 12:00:00,,-21.848882848714705
2024-11-06 13:00:00,,-21.862874420564683
2024-11-06 14:00:00,,-21.873865992414668
2024-11-06 15:00:00,,-21.878857564264646
2024-11-06 16:00:00,,-21.871849136114623
2024-11-06 17:00:00,,-21.8598407079646
2024-11-06 18:00:00,,-21.85183227981458
2024-11-06 19:00:00,,-21.84382385166456
2024-11-06 20:00:00,,-21.84381542351454
2024-11-06 21:00:00,,-21.834806995364517
2024-11-06 22:00:00,,-21.833798567214494
2024-11-06 23:00:00,,-21.831790139064477
2024-11-07 00:00:00,,-21.829781710914457
2024-11-07 01:00:00,,-21.822773282764434
2024-11-07 02:00:00,,-21.81576485461441
2024-11-07 03:00:00,,-21.809756426464393
2024-11-07 04:00:00,,-21.81674799831437
2024-11-07 05:00:00,,-21.82873957016435
2024-11-07 06:00:00,,-21.836731142014326
2024-11-07 07:00:00,,-21.835722713864307
2024-11-07 08:00:00,,-21.842714285714283
2024-11-07 09:00:00,,-21.843705857564267
2024-11-07 10:00:00,,-21.840697429414245
2024-11-07 11:00:00,,-21.834689001264223
2024-11-07 12:00:00,,-21.8256805731142
2024-11-07 13:00:00,,-21.82067214496418
2024-11-07 14:00:00,,-21.80866371681416
2024-11-07 15:00:00,,-21.80065528866414
2024-11-07 16:00:00,,-21.794646860514117
2024-11-07 17:00:00,,-21.791638432364095
2024-11-07 18:00:00,,-21.793630004214076
2024-11-07 19:00:00,,-21.796621576064055
2024-11-07 20:00:00,,-21.799613147914034
2024-11-07 21:00:00,,-21.803604719764014
2024-11-07 22:00:00,,-21.80859629161399
2024-11-07 23:00:00,,-21.81158786346397
2024-11-08 00:00:00,,-21.804579435313947
2024-11-08 01:00:00,,-21.803571007163928
2024-11-08 02:00:00,,-21.797562579013906
2024-11-08 03:00:00,,-21.796554150863884
2024-11-08 04:00:00,,-21.800545722713867
2024-11-08 05:00:00,,-21.800537294563846
2024-11-08 06:00:00,,-21.802528866413823
2024-11-08 07:00:00,,-21.809520438263803
2024-11-08 08:00:00,,-21.81051201011378
2024-11-08 09:00:00,,-21.81450358196376
2024-11-08 10:00:00,,-21.84149515381374
2024-11-08 11:00:00,,-21.858486725663717
2024-11-08 12:00:00,,-21.872478297513695
2024-11-08 13:00:00,,-21.875469869363677
2024-11-08 14:00:00,,-21.879461441213653
2024-11-08 15:00:00,,-21.877453013063633
2024-11-08 16:00:00,,-21.87644458491361
2024-11-08 17:00:00,,-21.87243615676359
2024-11-08 18:00:00,,-21.862427728613568
2024-11-08 19:00:00,,-21.850419300463546
2024-11-08 20:00:00,,-21.843410872313527
2024-11-08 21:00:00,,-21.842402444163504
2024-11-08 22:00:00,,-21.832394016013485
2024-11-08 23:00:00,,-21.833385587863464
2024-11-09 00:00:00,,-21.823377159713445
2024-11-09 01:00:00,,-21.819368731563422
2024-11-09 02:00:00,,-21.8103603034134
2024-11-09 03:00:00,,-21.80735187526338
2024-11-09 04:00:00,,-21.80534344711336
2024-11-09 05:00:00,,-21.811335018963337
2024-11-09 06:00:00,,-21.814326590813316
2024-11-09 07:00:00,,-21.820318162663295
2024-11-09 08:00:00,,-21.821309734513274
2024-11-09 09:00:00,,-21.824301306363253
2024-11-09 10:00:00,,-21.849292878213234
2024-11-09 11:00:00,,-21.870284450063213
2024-11-09 12:00:00,,-21.87627602191319
2024-11-09 13:00:00,,-21.885267593763167
2024-11-09 14:00:00,,-21.884259165613148
2024-11-09 15:00:00,,-21.888250737463125
2024-11-09 16:00:00,,-21.876242309313103
2024-11-09 17:00:00,,-21.864233881163084
2024-11-09 18:00:00,,-21.870225453013067
2024-11-09 19:00:00,,-21.857217024863044
2024-11-09 20:00:00,,-21.85620859671302
2024-11-09 21:00:00,,-21.860200168563
2024-11-09 22:00:00,,-21.85519174041298
2024-11-09 23:00:00,,-21.84618331226296
2024-11-10 00:00:00,,-21.833174884112935
2024-11-10 01:00:00,,-21.820166455962916
2024-11-10 02:00:00,,-21.816158027812893
2024-11-10 03:00:00,,-21.814149599662876
2024-11-10 04:00:00,,-21.818141171512853
2024-11-10 05:00:00,,-21.817132743362833
2024-11-10 06:00:00,,-21.81312431521281
2024-11-10 07:00:00,,-21.815115887062788
2024-11-10 08:00:00,,-21.81210745891277
2024-11-10 09:00:00,,-21.808099030762747
2024-11-10 10:00:00,,-21.807090602612725
2024-11-10 11:00:00,,-21.817082174462705
2024-11-10 12:00:00,,-21.817073746312683
2024-11-10 13:00:00,,-21.828065318162665
2024-11-10 14:00:00,,-21.841056890012645
2024-11-10 15:00:00,,-21.85404846186262
2024-11-10 16:00:00,,-21.8600400337126
2024-11-10 17:00:00,,-21.85403160556258
2024-11-10 18:00:00,,-21.84102317741256
2024-11-10 19:00:00,,-21.831014749262536
2024-11-10 20:00:00,,-21.834006321112515
2024-11-10 21:00:00,,-21.832997892962492
2024-11-10 22:00:00,,-21.831989464812477
2024-11-10 23:00:00,,-21.822981036662455
2024-11-11 00:00:00,,-21.816972608512433
2024-11-11 01:00:00,,-21.81096418036241
2024-11-11 02:00:00,,-21.80195575221239
2024-11-11 03:00:00,,-21.817947324062366
2024-11-11 04:00:00,,-21.822938895912348
2024-11-11 05:00:00,,-21.822930467762326
2024-11-11 06:00:00,,-21.819922039612305
2024-11-11 07:00:00,,-21.821913611462282
2024-11-11 08:00:00,,-21.826905183312263
2024-11-11 09:00:00,,-21.825896755162244
2024-11-11 10:00:00,,-21.840888327012223
2024-11-11 11:00:00,,-21.8388798988622
2024-11-11 12:00:00,,-21.84087147071218
2024-11-11 13:00:00,,-21.848863042562158
2024-11-11 14:00:00,,-21.848854614412136
2024-11-11 15:00:00,,-21.851846186262115
2024-11-11 16:00:00,,-21.865837758112093
2024-11-11 17:00:00,,-21.873829329962074
2024-11-11 18:00:00,,-21.864820901812053
2024-11-11 19:00:00,,-21.853812473662032
2024-11-11 20:00:00,,-21.84780404551201
2024-11-11 21:00:00,,-21.83779561736199
2024-11-11 22:00:00,,-21.83478718921197
2024-11-11 23:00:00,,-21.827778761061946
2024-11-12 00:00:00,,-21.817770332911923
2024-11-12 01:00:00,,-21.810761904761904
2024-11-12 02:00:00,,-21.802753476611883
2024-11-12 03:00:00,,-21.803745048461863
2024-11-12 04:00:00,,-21.80373662031184
2024-11-12 05:00:00,,-21.81272819216182
2024-11-12 06:00:00,,-21.8157197640118
2024-11-12 07:00:00,,-21.82271133586178
2024-11-12 08:00:00,,-21.820702907711755
2024-11-12 09:00:00,,-21.822694479561736
2024-11-12 10:00:00,,-21.833686051411714
2024-11-12 11:00:00,,-21.83867762326169
2024-11-12 12:00:00,,-21.835669195111674
2024-11-12 13:00:00,,-21.844660766961653
2024-11-12 14:00:00,,-21.862652338811632
2024-11-12 15:00:00,,-21.869643910661612
2024-11-12 16:00:00,,-21.85763548251159
2024-11-12 17:00:00,,-21.844627054361567
2024-11-12 18:00:00,,-21.828618626211547
2024-11-12 19:00:00,,-21.820610198061523
2024-11-12 20:00:00,,-21.819601769911504
2024-11-12 21:00:00,,-21.81859334176148
2024-11-12 22:00:00,,-21.821584913611463
2024-11-12 23:00:00,,-21.815576485461442
2024-11-13 00:00:00,,-21.808568057311422
2024-11-13 01:00:00,,-21.8015596291614
2024-11-13 02:00:00,,-21.801551201011378
2024-11-13 03:00:00,,-21.797542772861355
2024-11-13 04:00:00,,-21.800534344711334
2024-11-13 05:00:00,,-21.798525916561314
2024-11-13 06:00:00,,-21.799517488411293
2024-11-13 07:00:00,,-21.802509060261276
2024-11-13 08:00:00,,-21.812500632111252
2024-11-13 09:00:00,,-21.819492203961232
2024-11-13 10:00:00,,-21.84748377581121
2024-11-13 11:00:00,,-21.867475347661188
2024-11-13 12:00:00,,-21.881466919511166
2024-11-13 13:00:00,,-21.887458491361144
2024-11-13 14:00:00,,-21.888450063211124
2024-11-13 15:00:00,,-21.892441635061104
2024-11-13 16:00:00,,-21.89443320691108
2024-11-13 17:00:00,,-21.882424778761063
2024-11-13 18:00:00,,-21.880416350611043
2024-11-13 19:00:00,,-21.866407922461022
2024-11-13 20:00:00,,-21.854399494311
2024-11-13 21:00:00,,-21.852391066160976
2024-11-13 22:00:00,,-21.848382638010957
2024-11-13 23:00:00,,-21.840374209860936
2024-11-14 00:00:00,,-21.828365781710914
2024-11-14 01:00:00,,-21.82435735356089
2024-11-14 02:00:00,,-21.814348925410872
2024-11-14 03:00:00,,-21.810340497260853
2024-11-14 04:00:00,,-21.81333206911083
2024-11-14 05:00:00,,-21.814323640960808
2024-11-14 06:00:00,,-21.818315212810788
2024-11-14 07:00:00,,-21.817306784660765
2024-11-14 08:00:00,,-21.822298356510746
2024-11-14 09:00:00,,-21.825289928360725
2024-11-14 10:00:00,,-21.857281500210703
2024-11-14 11:00:00,,-21.87027307206068
2024-11-14 12:00:00,,-21.891264643910663
2024-11-14 13:00:00,,-21.89425621576064
2024-11-14 14:00:00,,-21.89424778761062
2024-11-14 15:00:00,,-21.8952393594606
2024-11-14 16:00:00,,-21.897230931310578
2024-11-14 17:00:00,,-21.900222503160556
2024-11-14 18:00:00,,-21.891214075010534
2024-11-14 19:00:00,,-21.877205646860514
2024-11-14 20:00:00,,-21.86719721871049
2024-11-14 21:00:00,,-21.865188790560474
2024-11-14 22:00:00,,-21.85218036241045
2024-11-14 23:00:00,,-21.85217193426043
2024-11-15 00:00:00,,-21.84416350611041
2024-11-15 01:00:00,,-21.833155077960388
2024-11-15 02:00:00,,-21.824146649810366
2024-11-15 03:00:00,,-21.818138221660345
2024-11-15 04:00:00,,-21.817129793510322
2024-11-15 05:00:00,,-21.8141213653603
2024-11-15 06:00:00,,-21.81411293721028
2024-11-15 07:00:00,,-21.821104509060262
2024-11-15 08:00:00,,-21.82309608091024
2024-11-15 09:00:00,,-21.83208765276022
2024-11-15 10:00:00,,-21.8570792246102
2024-11-15 11:00:00,,-21.878070796460175
2024-11-15 12:00:00,,-21.887062368310154
2024-11-15 13:00:00,,-21.893053940160133
2024-11-15 14:00:00,,-21.892045512010114
2024-11-15 15:00:00,,-21.89403708386009
2024-11-15 16:00:00,,-21.895028655710075
2024-11-15 17:00:00,,-21.898020227560053
2024-11-15 18:00:00,,-21.88001179941003
2024-11-15 19:00:00,,-21.86900337126001
2024-11-15 20:00:00,,-21.85999494310999
2024-11-15 21:00:00,,-21.851986514959965
2024-11-15 22:00:00,,-21.844978086809945
2024-11-15 23:00:00,,-21.842969658659925
2024-11-16 00:00:00,,-21.8349612305099
2024-11-16 01:00:00,,-21.82795280235988
2024-11-16 02:00:00,,-21.821944374209863
2024-11-16 03:00:00,,-21.81893594605984
2024-11-16 04:00:00,,-21.81292751790982
2024-11-16 05:00:00,,-21.816919089759796
2024-11-16 06:00:00,,-21.818910661609777
2024-11-16 07:00:00,,-21.823902233459755
2024-11-16 08:00:00,,-21.825893805309732
2024-11-16 09:00:00,,-21.836885377159714
2024-11-16 10:00:00,,-21.86687694900969
2024-11-16 11:00:00,,-21.88686852085967
2024-11-16 12:00:00,,-21.897860092709653
2024-11-16 13:00:00,,-21.90485166455963
2024-11-16 14:00:00,,-21.90384323640961
2024-11-16 15:00:00,,-21.904834808259587
2024-11-16 16:00:00,,-21.903826380109567
2024-11-16 17:00:00,,-21.899817951959545
2024-11-16 18:00:00,,-21.884809523809523
2024-11-16 19:00:00,,-21.870801095659502
2024-11-16 20:00:00,,-21.86279266750948
2024-11-16 21:00:00,,-21.858784239359462
2024-11-16 22:00:00,,-21.85877581120944
2024-11-16 23:00:00,,-21.85576738305942
2024-11-17 00:00:00,,-21.8447589549094
2024-11-17 01:00:00,,-21.839750526759378
2024-11-17 02:00:00,,-21.835742098609355
2024-11-17 03:00:00,,-21.827733670459335
2024-11-17 04:00:00,,-21.824725242309313
2024-11-17 05:00:00,,-21.82671681415929
2024-11-17 06:00:00,,-21.827708386009274
2024-11-17 07:00:00,,-21.83569995785925
2024-11-17 08:00:00,,-21.83769152970923
2024-11-17 09:00:00,,-21.83968310155921
2024-11-17 10:00:00,,-21.849674673409186
2024-11-17 11:00:00,,-21.856666245259166
2024-11-17 12:00:00,,-21.874657817109142
2024-11-17 13:00:00,,-21.891649388959124
2024-11-17 14:00:00,,-21.8996409608091
2024-11-17 15:00:00,,-21.906632532659078
2024-11-17 16:00:00,,-21.88062410450906
2024-11-17 17:00:00,,-21.87561567635904
2024-11-17 18:00:00,,-21.87060724820902
2024-11-17 19:00:00,,-21.867598820058998
2024-11-17 20:00:00,,-21.871590391908978
2024-11-17 21:00:00,,-21.886581963758953
2024-11-17 22:00:00,,-21.881573535608933
2024-11-17 23:00:00,,-21.870565107458912
2024-11-18 00:00:00,,-21.85555667930889
2024-11-18 01:00:00,,-21.849548251158872
2024-11-18 02:00:00,,-21.839539823008852
2024-11-18 03:00:00,,-21.83053139485883
2024-11-18 04:00:00,,-21.82752296670881
2024-11-18 05:00:00,,-21.832514538558787
2024-11-18 06:00:00,,-21.838506110408765
2024-11-18 07:00:00,,-21.841497682258744
2024-11-18 08:00:00,,-21.839489254108724
2024-11-18 09:00:00,,-21.8384808259587
2024-11-18 10:00:00,,-21.845472397808678
2024-11-18 11:00:00,,-21.86646396965866
2024-11-18 12:00:00,,-21.88645554150864
2024-11-18 13:00:00,,-21.895447113358617
2024-11-18 14:00:00,,-21.902438685208597
2024-11-18 15:00:00,,-21.906430257058574
2024-11-18 16:00:00,,-21.905421828908555
2024-11-18 17:00:00,,-21.900413400758534
2024-11-18 18:00:00,,-21.885404972608512
2024-11-18 19:00:00,,-21.87139654445849
2024-11-18 20:00:00,,-21.862388116308473
2024-11-18 21:00:00,,-21.86037968815845
2024-11-18 22:00:00,,-21.857371260008428
2024-11-18 23:00:00,,-21.852362831858407
2024-11-19 00:00:00,,-21.848354403708385
2024-11-19 01:00:00,,-21.838345975558365
2024-11-19 02:00:00,,-21.831337547408342
2024-11-19 03:00:00,,-21.824329119258323
2024-11-19 04:00:00,,-21.8223206911083
2024-11-19 05:00:00,,-21.82331226295828
2024-11-19 06:00:00,,-21.827303834808262
2024-11-19 07:00:00,,-21.82929540665824
2024-11-19 08:00:00,,-21.83628697850822
2024-11-19 09:00:00,,-21.840278550358196
2024-11-19 10:00:00,,-21.866270122208174
2024-11-19 11:00:00,,-21.885261694058155
2024-11-19 12:00:00,,-21.899253265908133
2024-11-19 13:00:00,,-21.90524483775811
2024-11-19 14:00:00,,-21.909236409608088
2024-11-19 15:00:00,,-21.905227981458072
2024-11-19 16:00:00,,-21.90021955330805
2024-11-19 17:00:00,,-21.88121112515803
2024-11-19 18:00:00,,-21.861202697008007
2024-11-19 19:00:00,,-21.855194268857986
2024-11-19 20:00:00,,-21.849185840707964
2024-11-19 21:00:00,,-21.847177412557944
2024-11-19 22:00:00,,-21.84516898440792
2024-11-19 23:00:00,,-21.8461605562579
2024-11-20 00:00:00,,-21.83815212810788
2024-11-20 01:00:00,,-21.833143699957862
2024-11-20 02:00:00,,-21.83313527180784
2024-11-20 03:00:00,,-21.825126843657817
2024-11-20 04:00:00,,-21.826118415507796
2024-11-20 05:00:00,,-21.829109987357775
2024-11-20 06:00:00,,-21.829101559207754
2024-11-20 07:00:00,,-21.83409313105773
2024-11-20 08:00:00,,-21.83108470290771
2024-11-20 09:00:00,,-21.84207627475769
2024-11-20 10:00:00,,-21.87006784660767
2024-11-20 11:00:00,,-21.88805941845765
2024-11-20 12:00:00,,-21.90005099030763
2024-11-20 13:00:00,,-21.907042562157606
2024-11-20 14:00:00,,-21.912034134007584
2024-11-20 15:00:00,,-21.910025705857564
2024-11-20 16:00:00,,-21.913017277707542
2024-11-20 17:00:00,,-21.91300884955752
2024-11-20 18:00:00,,-21.9000004214075
2024-11-20 19:00:00,,-21.880991993257478
2024-11-20 20:00:00,,-21.86898356510746
2024-11-20 21:00:00,,-21.862975136957438
2024-11-20 22:00:00,,-21.860966708807418
2024-11-20 23:00:00,,-21.856958280657395
2024-11-21 00:00:00,,-21.850949852507373
2024-11-21 01:00:00,,-21.841941424357355
2024-11-21 02:00:00,,-21.83693299620733
2024-11-21 03:00:00,,-21.82892456805731
2024-11-21 04:00:00,,-21.82691613990729
2024-11-21 05:00:00,,-21.82890771175727
2024-11-21 06:00:00,,-21.83089928360725
2024-11-21 07:00:00,,-21.833890855457227
2024-11-21 08:00:00,,-21.837882427307207
2024-11-21 09:00:00,,-21.844873999157183
2024-11-21 10:00:00,,-21.874865571007163
2024-11-21 11:00:00,,-21.88885714285714
2024-11-21 12:00:00,,-21.899848714707122
2024-11-21 13:00:00,,-21.9008402865571
2024-11-21 14:00:00,,-21.90783185840708
2024-11-21 15:00:00,,-21.91182343025706
2024-11-21 16:00:00,,-21.911815002107037
2024-11-21 17:00:00,,-21.907806573957018
2024-11-21 18:00:00,,-21.896798145806997
2024-11-21 19:00:00,,-21.884789717656975
2024-11-21 20:00:00,,-21.871781289506952
2024-11-21 21:00:00,,-21.86377286135693
2024-11-21 22:00:00,,-21.85676443320691
2024-11-21 23:00:00,,-21.85775600505689
2024-11-22 00:00:00,,-21.85174757690687
2024-11-22 01:00:00,,-21.84373914875685
2024-11-22 02:00:00,,-21.83873072060683
2024-11-22 03:00:00,,-21.836722292456805
2024-11-22 04:00:00,,-21.835713864306786
2024-11-22 05:00:00,,-21.839705436156763
2024-11-22 06:00:00,,-21.84269700800674
2024-11-22 07:00:00,,-21.84568857985672
2024-11-22 08:00:00,,-21.8436801517067
2024-11-22 09:00:00,,-21.85067172355668
2024-11-22 10:00:00,,-21.87566329540666
2024-11-22 11:00:00,,-21.891654867256637
2024-11-22 12:00:00,,-21.901646439106617
2024-11-22 13:00:00,,-21.902638010956597
2024-11-22 14:00:00,,-21.901629582806574
2024-11-22 15:00:00,,-21.89762115465655
2024-11-22 16:00:00,,-21.90761272650653
2024-11-22 17:00:00,,-21.91060429835651
2024-11-22 18:00:00,,-21.89859587020649
2024-11-22 19:00:00,,-21.88158744205647
2024-11-22 20:00:00,,-21.871579013906448
2024-11-22 21:00:00,,-21.865570585756426
2024-11-22 22:00:00,,-21.860562157606406
2024-11-22 23:00:00,,-21.857553729456384
2024-11-23 00:00:00,,-21.85354530130636
2024-11-23 01:00:00,,-21.841536873156343
2024-11-23 02:00:00,,-21.83752844500632
2024-11-23 03:00:00,,-21.836520016856298
2024-11-23 04:00:00,,-21.83051158870628
2024-11-23 05:00:00,,-21.83250316055626
2024-11-23 06:00:00,,-21.83549473240624
2024-11-23 07:00:00,,-21.836486304256216
2024-11-23 08:00:00,,-21.838477876106197
2024-11-23 09:00:00,,-21.842469447956173
2024-11-23 10:00:00,,-21.867461019806154
2024-11-23 11:00:00,,-21.864452591656132
2024-11-23 12:00:00,,-21.850444163506108
2024-11-23 13:00:00,,-21.84943573535609
2024-11-23 14:00:00,,-21.844427307206068
2024-11-23 15:00:00,,-21.830418879056047
2024-11-23 16:00:00,,-21.82941045090603
2024-11-23 17:00:00,,-21.829402022756007
2024-11-23 18:00:00,,-21.839393594605983
2024-11-23 19:00:00,,-21.852385166455964
2024-11-23 20:00:00,,-21.85037673830594
2024-11-23 21:00:00,,-21.85036831015592
2024-11-23 22:00:00,,-21.848359882005898
2024-11-23 23:00:00,,-21.84435145385588
2024-11-24 00:00:00,,-21.836343025705858
2024-11-24 01:00:00,,-21.82033459755584
2024-11-24 02:00:00,,-21.811326169405817
2024-11-24 03:00:00,,-21.811317741255795
2024-11-24 04:00:00,,-21.811309313105774
2024-11-24 05:00:00,,-21.808300884955752
2024-11-24 06:00:00,,-21.81129245680573
2024-11-24 07:00:00,,-21.82328402865571
2024-11-24 08:00:00,,-21.825275600505687
2024-11-24 09:00:00,,-21.83226717235567
2024-11-24 10:00:00,,-21.85225874420565
2024-11-24 11:00:00,,-21.875250316055627
2024-11-24 12:00:00,,-21.886241887905605
2024-11-24 13:00:00,,-21.893233459755585
2024-11-24 14:00:00,,-21.896225031605564
2024-11-24 15:00:00,,-21.890216603455542
2024-11-24 16:00:00,,-21.88420817530552
2024-11-24 17:00:00,,-21.874199747155497
2024-11-24 18:00:00,,-21.86419131900548
2024-11-24 19:00:00,,-21.85518289085546
2024-11-24 20:00:00,,-21.847174462705436
2024-11-24 21:00:00,,-21.848166034555415
2024-11-24 22:00:00,,-21.846157606405395
2024-11-24 23:00:00,,-21.842149178255372
2024-11-25 00:00:00,,-21.837140750105352
2024-11-25 01:00:00,,-21.83013232195533
2024-11-25 02:00:00,,-21.821123893805307
2024-11-25 03:00:00,,-21.821115465655286
2024-11-25 04:00:00,,-21.82210703750527
2024-11-25 05:00:00,,-21.822098609355248
2024-11-25 06:00:00,,-21.822090181205226
2024-11-25 07:00:00,,-21.827081753055204
2024-11-25 08:00:00,,-21.827073324905182
2024-11-25 09:00:00,,-21.834064896755162
2024-11-25 10:00:00,,-21.85905646860514
2024-11-25 11:00:00,,-21.876048040455117
2024-11-25 12:00:00,,-21.8840396123051
2024-11-25 13:00:00,,-21.879031184155078
2024-11-25 14:00:00,,-21.874022756005058
2024-11-25 15:00:00,,-21.871014327855036
2024-11-25 16:00:00,,-21.853005899705014
2024-11-25 17:00:00,,-21.841997471554993
2024-11-25 18:00:00,,-21.84398904340497
2024-11-25 19:00:00,,-21.845980615254952
2024-11-25 20:00:00,,-21.84497218710493
2024-11-25 21:00:00,,-21.843963758954906
2024-11-25 22:00:00,,-21.836955330804887
2024-11-25 23:00:00,,-21.83794690265487
2024-11-26 00:00:00,,-21.830938474504848
2024-11-26 01:00:00,,-21.821930046354826
2024-11-26 02:00:00,,-21.816921618204805
2024-11-26 03:00:00,,-21.81191319005478
2024-11-26 04:00:00,,-21.808904761904763
2024-11-26 05:00:00,,-21.81189633375474
2024-11-26 06:00:00,,-21.81888790560472
2024-11-26 07:00:00,,-21.821879477454697
2024-11-26 08:00:00,,-21.82887104930468
2024-11-26 09:00:00,,-21.83186262115466
2024-11-26 10:00:00,,-21.852854193004635
2024-11-26 11:00:00,,-21.857845764854616
2024-11-26 12:00:00,,-21.858837336704593
2024-11-26 13:00:00,,-21.857828908554573
2024-11-26 14:00:00,,-21.85682048040455
2024-11-26 15:00:00,,-21.846812052254528
2024-11-26 16:00:00,,-21.832803624104507
2024-11-26 17:00:00,,-21.829795195954485
2024-11-26 18:00:00,,-21.81978676780447
2024-11-26 19:00:00,,-21.822778339654448
2024-11-26 20:00:00,,-21.827769911504426
2024-11-26 21:00:00,,-21.828761483354405
2024-11-26 22:00:00,,-21.830753055204383
2024-11-26 23:00:00,,-21.82774462705436
2024-11-27 00:00:00,,-21.82973619890434
2024-11-27 01:00:00,,-21.81672777075432
2024-11-27 02:00:00,,-21.811719342604295
2024-11-27 03:00:00,,-21.80871091445428
2024-11-27 04:00:00,,-21.80870248630426
2024-11-27 05:00:00,,-21.809694058154236
2024-11-27 06:00:00,,-21.815685630004214
2024-11-27 07:00:00,,-21.821677201854193
2024-11-27 08:00:00,,-21.830668773704172
2024-11-27 09:00:00,,-21.83266034555415
2024-11-27 10:00:00,,-21.858651917404128
2024-11-27 11:00:00,,-21.882643489254107
2024-11-27 12:00:00,,-21.893635061104085
2024-11-27 13:00:00,,-21.89762663295407
2024-11-27 14:00:00,,-21.90161820480405
2024-11-27 15:00:00,,-21.901609776654027
2024-11-27 16:00:00,,-21.907601348504002
2024-11-27 17:00:00,,-21.90259292035398
2024-11-27 18:00:00,,-21.88758449220396
2024-11-27 19:00:00,,-21.87457606405394
2024-11-27 20:00:00,,-21.86956763590392
2024-11-27 21:00:00,,-21.861559207753896
2024-11-27 22:00:00,,-21.85755077960388
2024-11-27 23:00:00,,-21.852542351453856
2024-11-28 00:00:00,,-21.846533923303834
2024-11-28 01:00:00,,-21.834525495153816
2024-11-28 02:00:00,,-21.835517067003792
2024-11-28 03:00:00,,-21.82750863885377
2024-11-28 04:00:00,,-21.82450021070375
2024-11-28 05:00:00,,-21.826491782553727
2024-11-28 06:00:00,,-21.829483354403706
2024-11-28 07:00:00,,-21.836474926253686
2024-11-28 08:00:00,,-21.84046649810367
2024-11-28 09:00:00,,-21.831458069953648
2024-11-28 10:00:00,,-21.843449641803623
2024-11-28 11:00:00,,-21.848441213653604
2024-11-28 12:00:00,,-21.84643278550358
2024-11-28 13:00:00,,-21.84942435735356
2024-11-28 14:00:00,,-21.858415929203538
2024-11-28 15:00:00,,-21.865407501053518
2024-11-28 16:00:00,,-21.872399072903494
2024-11-28 17:00:00,,-21.86839064475348
2024-11-28 18:00:00,,-21.859382216603457
2024-11-28 19:00:00,,-21.850373788453435
2024-11-28 20:00:00,,-21.845365360303415
2024-11-28 21:00:00,,-21.84635693215339
2024-11-28 22:00:00,,-21.848348504003372
2024-11-28 23:00:00,,-21.84934007585335
2024-11-29 00:00:00,,-21.83933164770333
2024-11-29 01:00:00,,-21.829323219553306
2024-11-29 02:00:00,,-21.819314791403286
2024-11-29 03:00:00,,-21.813306363253268
2024-11-29 04:00:00,,-21.810297935103247
2024-11-29 05:00:00,,-21.813289506953225
2024-11-29 06:00:00,,-21.8142810788032
2024-11-29 07:00:00,,-21.81827265065318
2024-11-29 08:00:00,,-21.82126422250316
2024-11-29 09:00:00,,-21.826255794353138
2024-11-29 10:00:00,,-21.85124736620312
2024-11-29 11:00:00,,-21.877238938053097
2024-11-29 12:00:00,,-21.890230509903077
2024-11-29 13:00:00,,-21.895222081753058
2024-11-29 14:00:00,,-21.900213653603036
2024-11-29 15:00:00,,-21.898205225453015
2024-11-29 16:00:00,,-21.88419679730299
2024-11-29 17:00:00,,-21.88818836915297
2024-11-29 18:00:00,,-21.88217994100295
2024-11-29 19:00:00,,-21.870171512852927
2024-11-29 20:00:00,,-21.861163084702905
2024-11-29 21:00:00,,-21.858154656552884
2024-11-29 22:00:00,,-21.85414622840287
2024-11-29 23:00:00,,-21.849137800252844
2024-11-30 00:00:00,,-21.846129372102823
2024-11-30 01:00:00,,-21.834120943952804
2024-11-30 02:00:00,,-21.825112515802783
2024-11-30 03:00:00,,-21.82310408765276
2024-11-30 04:00:00,,-21.81909565950274
2024-11-30 05:00:00,,-21.817087231352716
2024-11-30 06:00:00,,-21.822078803202697
2024-11-30 07:00:00,,-21.829070375052677
2024-11-30 08:00:00,,-21.827061946902656
2024-11-30 09:00:00,,-21.838053518752634
2024-11-30 10:00:00,,-21.857045090602615
2024-11-30 11:00:00,,-21.87303666245259
2024-11-30 12:00:00,,-21.88502823430257
2024-11-30 13:00:00,,-21.88501980615255
2024-11-30 14:00:00,,-21.88001137800253
2024-11-30 15:00:00,,-21.875002949852504
2024-11-30 16:00:00,,-21.870994521702485
2024-11-30 17:00:00,,-21.86898609355247
2024-11-30 18:00:00,,-21.861977665402446
2024-11-30 19:00:00,,-21.855969237252424
2024-11-30 20:00:00,,-21.8549608091024
2024-11-30 21:00:00,,-21.856952380952382
2024-11-30 22:00:00,,-21.84794395280236
2024-11-30 23:00:00,,-21.84493552465234
2024-12-01 00:00:00,,-21.838927096502317
2024-12-01 01:00:00,,-21.830918668352297
2024-12-01 02:00:00,,-21.823910240202277
2024-12-01 03:00:00,,-21.817901812052256
2024-12-01 04:00:00,,-21.818893383902235
2024-12-01 05:00:00,,-21.814884955752213
2024-12-01 06:00:00,,-21.81687652760219
2024-12-01 07:00:00,,-21.82486809945217
2024-12-01 08:00:00,,-21.82985967130215
2024-12-01 09:00:00,,-21.837851243152127
2024-12-01 10:00:00,,-21.861842815002106
2024-12-01 11:00:00,,-21.883834386852083
2024-12-01 12:00:00,,-21.887825958702066
2024-12-01 13:00:00,,-21.889817530552044
2024-12-01 14:00:00,,-21.882809102402025
2024-12-01 15:00:00,,-21.883800674252
2024-12-01 16:00:00,,-21.865792246101982
2024-12-01 17:00:00,,-21.86178381795196
2024-12-01 18:00:00,,-21.849775389801938
2024-12-01 19:00:00,,-21.839766961651918
2024-12-01 20:00:00,,-21.842758533501893
2024-12-01 21:00:00,,-21.848750105351876
2024-12-01 22:00:00,,-21.840741677201855
2024-12-01 23:00:00,,-21.855733249051834
2024-12-02 00:00:00,,-21.844724820901813
2024-12-02 01:00:00,,-21.833716392751793
2024-12-02 02:00:00,,-21.82470796460177
2024-12-02 03:00:00,,-21.816699536451747
2024-12-02 04:00:00,,-21.815691108301728
2024-12-02 05:00:00,,-21.813682680151704
2024-12-02 06:00:00,,-21.816674252001683
2024-12-02 07:00:00,,-21.816665823851665
2024-12-02 08:00:00,,-21.820657395701645
2024-12-02 09:00:00,,-21.821648967551624
2024-12-02 10:00:00,,-21.838640539401602
2024-12-02 11:00:00,,-21.85563211125158
2024-12-02 12:00:00,,-21.83562368310156
2024-12-02 13:00:00,,-21.822615254951536
2024-12-02 14:00:00,,-21.817606826801516
2024-12-02 15:00:00,,-21.842598398651493
2024-12-02 16:00:00,,-21.845589970501475
2024-12-02 17:00:00,,-21.837581542351455
2024-12-02 18:00:00,,-21.827573114201435
2024-12-02 19:00:00,,-21.82856468605141
2024-12-02 20:00:00,,-21.839556257901393
2024-12-02 21:00:00,,-21.82154782975137
2024-12-02 22:00:00,,-21.80053940160135
2024-12-02 23:00:00,,-21.820530973451326
2024-12-03 00:00:00,,-21.814522545301305
2024-12-03 01:00:00,,-21.813514117151282
2024-12-03 02:00:00,,-21.809505689001266
2024-12-03 03:00:00,,-21.809497260851245
2024-12-03 04:00:00,,-21.809488832701224
2024-12-03 05:00:00,,-21.804480404551203
2024-12-03 06:00:00,,-21.80747197640118
2024-12-03 07:00:00,,-21.813463548251157
2024-12-03 08:00:00,,-21.821455120101138
2024-12-03 09:00:00,,-21.828446691951115
2024-12-03 10:00:00,,-21.856438263801095
2024-12-03 11:00:00,,-21.874429835651075
2024-12-03 12:00:00,,-21.889421407501054
2024-12-03 13:00:00,,-21.896412979351034
2024-12-03 14:00:00,,-21.896404551201012
2024-12-03 15:00:00,,-21.89939612305099
2024-12-03 16:00:00,,-21.89438769490097
2024-12-03 17:00:00,,-21.884379266750948
2024-12-03 18:00:00,,-21.875370838600926
2024-12-03 19:00:00,,-21.864362410450905
2024-12-03 20:00:00,,-21.855353982300883
2024-12-03 21:00:00,,-21.855345554150865
2024-12-03 22:00:00,,-21.852337126000844
2024-12-03 23:00:00,,-21.844328697850823
2024-12-04 00:00:00,,-21.8433202697008
2024-12-04 01:00:00,,-21.83831184155078
2024-12-04 02:00:00,,-21.828303413400757
2024-12-04 03:00:00,,-21.828294985250736
2024-12-04 04:00:00,,-21.831286557100714
2024-12-04 05:00:00,,-21.830278128950695
2024-12-04 06:00:00,,-21.830269700800677
2024-12-04 07:00:00,,-21.834261272650654
2024-12-04 08:00:00,,-21.835252844500634
2024-12-04 09:00:00,,-21.84524441635061
2024-12-04 10:00:00,,-21.87123598820059
2024-12-04 11:00:00,,-21.88722756005057
2024-12-04 12:00:00,,-21.89721913190055
2024-12-04 13:00:00,,-21.905210703750527
2024-12-04 14:00:00,,-21.907202275600504
2024-12-04 15:00:00,,-21.914193847450484
2024-12-04 16:00:00,,-21.915185419300464
2024-12-04 17:00:00,,-21.908176991150444
2024-12-04 18:00:00,,-21.890168563000422
2024-12-04 19:00:00,,-21.8751601348504
2024-12-04 20:00:00,,-21.86715170670038
2024-12-04 21:00:00,,-21.86214327855036
2024-12-04 22:00:00,,-21.860134850400335
2024-12-04 23:00:00,,-21.855126422250315
2024-12-05 00:00:00,,-21.848117994100292
2024-12-05 01:00:00,,-21.838109565950276
2024-12-05 02:00:00,,-21.836101137800256
2024-12-05 03:00:00,,-21.832092709650233
2024-12-05 04:00:00,,-21.82808428150021
2024-12-05 05:00:00,,-21.83007585335019
2024-12-05 06:00:00,,-21.83506742520017
2024-12-05 07:00:00,,-21.83905899705015
2024-12-05 08:00:00,,-21.838050568900126
2024-12-05 09:00:00,,-21.844042140750105
2024-12-05 10:00:00,,-21.87103371260008
2024-12-05 11:00:00,,-21.891025284450066
2024-12-05 12:00:00,,-21.899016856300044
2024-12-05 13:00:00,,-21.900008428150024
2024-12-05 14:00:00,,-21.899
2024-12-05 15:10:00,,-21.9
